date,temp_max_c,temp_mean_c,humidity_mean_pct,wind_mean_ms,wind_max_ms,precip_sum_mm,sunshine_sum_h,global_radiation_sum_j_cm2,O3_max,O3_mean,O3_score,NO2_max,NO2_mean,NO2_score,PM10_max,PM10_mean,PM10_score,PM2.5_max,PM2.5_mean,PM2.5_score,SO2_max,SO2_mean,SO2_score,dominant_pollutant,dominant_score,month,year,hot_day
2016-01-01,6.7,5.440909090909091,91.63636363636364,1.9727272727272727,2.8,0.0,0.0,0.0,28.1,15.086363636363636,1.0854166666666667,48.6,35.46363636363637,2.62,214.7,54.41818181818182,5.0,0.0,0.0,0.0,4.9,1.4136363636363638,0.49000000000000005,PM10,5.0,1,2016,False
2016-01-02,4.5,2.891666666666667,88.08333333333333,2.6958333333333333,3.7,7.6,0.0,0.0,32.5,15.950000000000001,1.1770833333333333,50.0,32.300000000000004,2.6666666666666665,25.1,18.516666666666666,1.8944444444444444,,,,2.1,1.0583333333333333,0.21000000000000002,NO2,2.6666666666666665,1,2016,False
2016-01-03,5.5,3.5124999999999997,92.70833333333333,2.225,3.9,1.9000000000000001,0.0,0.0,4.5,2.2375,0.1875,39.8,33.9125,2.3266666666666667,19.2,14.691666666666668,1.5666666666666664,,,,1.4,0.8458333333333333,0.13999999999999999,NO2,2.3266666666666667,1,2016,False
2016-01-04,5.9,3.529166666666667,94.70833333333333,2.2125,4.1,9.1,0.0,0.0,12.8,4.604166666666667,0.5333333333333333,76.1,47.68333333333334,3.4025,29.2,18.391666666666666,2.0814814814814815,,,,1.6,0.8958333333333334,0.16000000000000003,NO2,3.4025,1,2016,False
2016-01-05,6.4,5.3500000000000005,92.08333333333333,2.9875000000000003,4.0,1.7,0.0,0.0,30.9,15.108333333333334,1.14375,70.9,46.00416666666666,3.2725,15.7,12.279166666666667,1.3722222222222222,,,,6.0,2.7416666666666667,0.6000000000000001,NO2,3.2725,1,2016,False
2016-01-06,6.3,5.233333333333333,92.95833333333333,1.8833333333333335,3.4,2.0,1.0,0.0,35.4,16.720833333333335,1.2375,59.6,41.99583333333333,2.986666666666667,19.4,11.0875,1.5777777777777775,,,,4.7,1.6333333333333335,0.47000000000000003,NO2,2.986666666666667,1,2016,False
2016-01-07,7.3,5.2875000000000005,89.41666666666667,3.1,7.8,5.5,38.0,0.0,25.3,10.234782608695653,1.0270833333333333,62.2,42.77916666666667,3.055,23.7,13.416666666666666,1.8166666666666664,,,,3.2,1.8958333333333333,0.32000000000000006,NO2,3.055,1,2016,False
2016-01-08,7.1,3.7541666666666664,83.41666666666667,3.8791666666666664,6.9,0.1,344.0,0.0,62.9,28.275000000000002,1.8104166666666666,77.7,43.020833333333336,3.4425,25.9,12.9,1.9388888888888887,,,,3.0,1.4166666666666667,0.30000000000000004,NO2,3.4425,1,2016,False
2016-01-09,4.1,1.0416666666666667,93.41666666666667,1.3583333333333334,2.6,0.0,0.0,0.0,2.8,1.5208333333333333,0.11666666666666665,83.2,59.737500000000004,3.58,39.9,25.8125,2.477777777777778,,,,7.1,2.158333333333333,0.71,NO2,3.58,1,2016,False
2016-01-10,7.9,5.825,89.91666666666667,3.7708333333333335,7.4,7.3,90.0,0.0,53.0,20.604166666666668,1.6041666666666665,62.8,40.541666666666664,3.07,30.8,17.595833333333335,2.140740740740741,,,,9.2,2.5124999999999997,0.9199999999999999,NO2,3.07,1,2016,False
2016-01-11,6.3,5.095833333333333,92.20833333333333,3.970833333333333,6.2,5.4,0.0,0.0,56.9,28.59583333333333,1.6854166666666666,83.5,47.60833333333333,3.5875,8.9,6.5249999999999995,0.9888888888888889,,,,3.3,1.0291666666666666,0.33,NO2,3.5875,1,2016,False
2016-01-12,7.3,5.470833333333334,85.29166666666667,5.508333333333333,8.1,5.1,1.0,0.0,61.5,31.5625,1.78125,62.1,38.7125,3.0525,7.6,6.029166666666666,0.8444444444444443,,,,2.5,0.9416666666666668,0.25,NO2,3.0525,1,2016,False
2016-01-13,6.3,5.041666666666667,80.70833333333333,6.645833333333333,9.8,4.0,2.0,0.0,53.6,37.449999999999996,1.6166666666666667,60.9,30.133333333333336,3.0225,7.9,5.925,0.8777777777777778,,,,0.8,0.8000000000000002,0.08000000000000002,NO2,3.0225,1,2016,False
2016-01-14,5.6,2.5208333333333335,84.5,4.170833333333333,7.9,1.0,33.0,0.0,31.2,18.954166666666666,1.15,64.0,45.729166666666664,3.1,16.3,12.291666666666666,1.4055555555555554,,,,8.1,2.4375,0.81,NO2,3.1,1,2016,False
2016-01-15,3.2,2.504166666666667,84.20833333333333,5.929166666666667,8.4,2.6,0.0,0.0,49.9,29.491666666666664,1.5395833333333333,50.5,36.775,2.6833333333333336,14.0,9.004166666666666,1.2777777777777777,,,,1.9,0.9125000000000001,0.19,NO2,2.6833333333333336,1,2016,False
2016-01-16,4.2,2.220833333333333,76.625,4.4125000000000005,7.6,0.2,12.0,0.0,57.4,32.862500000000004,1.6958333333333333,53.1,29.708333333333332,2.77,22.3,12.1625,1.738888888888889,,,,3.0,0.9083333333333333,0.30000000000000004,NO2,2.77,1,2016,False
2016-01-17,1.3,-0.07083333333333332,74.875,3.6374999999999997,5.3,1.3,88.0,0.0,60.2,47.17083333333333,1.7541666666666667,44.3,22.7,2.4766666666666666,13.6,8.333333333333334,1.2555555555555555,,,,2.4,0.9416666666666668,0.24,NO2,2.4766666666666666,1,2016,False
2016-01-18,-1.0,-4.6875,83.04166666666667,2.154166666666667,3.5,0.0,391.0,0.0,21.3,7.241666666666667,0.8875,66.4,55.12916666666666,3.16,24.5,17.95,1.8611111111111112,,,,2.4,1.2458333333333333,0.24,NO2,3.16,1,2016,False
2016-01-19,-5.1,-5.683333333333334,81.95833333333333,1.8125,2.6,0.0,0.0,0.0,15.2,6.454166666666667,0.6333333333333333,66.3,50.395833333333336,3.1574999999999998,34.3,25.266666666666666,2.27037037037037,,,,4.4,2.0083333333333333,0.44000000000000006,NO2,3.1574999999999998,1,2016,False
2016-01-20,-1.0,-3.0583333333333336,81.08333333333333,3.283333333333333,5.4,0.0,64.0,0.0,9.7,3.7583333333333333,0.4041666666666666,61.2,50.725,3.0300000000000002,43.9,32.77916666666667,2.6259259259259258,,,,3.5,1.6500000000000001,0.35000000000000003,NO2,3.0300000000000002,1,2016,False
2016-01-21,2.1,-0.8125,83.75,1.7583333333333335,2.5,0.0,60.0,0.0,2.5,1.3041666666666667,0.10416666666666666,95.1,67.49166666666666,3.8775,47.5,44.074999999999996,2.759259259259259,,,,4.1,2.2875,0.41,NO2,3.8775,1,2016,False
2016-01-22,0.1,-3.670833333333333,82.70833333333333,2.158333333333333,3.2,0.0,399.0,0.0,14.1,3.2916666666666665,0.5874999999999999,70.0,58.89166666666667,3.25,43.7,38.71666666666667,2.6185185185185187,,,,4.0,1.4625000000000001,0.4,NO2,3.25,1,2016,False
2016-01-23,5.9,2.3874999999999997,93.70833333333333,2.9416666666666664,5.0,3.8000000000000003,0.0,0.0,22.4,4.541666666666667,0.9333333333333332,67.6,56.958333333333336,3.19,45.6,31.05,2.688888888888889,,,,3.2,2.0,0.32000000000000006,NO2,3.19,1,2016,False
2016-01-24,4.9,3.3708333333333336,96.83333333333333,2.5833333333333335,4.1,1.0,0.0,0.0,2.6,2.125,0.10833333333333334,52.5,48.825,2.75,26.8,23.575,1.988888888888889,,,,1.2,0.9,0.12,NO2,2.75,1,2016,False
2016-01-25,11.7,5.783333333333334,90.16666666666667,2.0124999999999997,3.2,0.1,226.0,0.0,6.6,3.141666666666666,0.27499999999999997,96.6,69.17692307692307,3.915,44.5,44.5,2.648148148148148,,,,6.0,2.3076923076923075,0.6000000000000001,NO2,3.915,1,2016,False
2016-01-26,11.5,6.925,83.45833333333333,3.966666666666667,8.3,0.0,182.0,0.0,36.8,8.120833333333334,1.2666666666666666,76.8,56.404347826086955,3.42,42.8,29.258333333333336,2.585185185185185,,,,7.9,1.4272727272727275,0.79,NO2,3.42,1,2016,False
2016-01-27,12.6,10.791666666666666,67.75,6.445833333333333,8.8,0.0,20.0,0.0,45.2,34.025,1.4416666666666667,51.0,36.15833333333334,2.7,19.1,13.0625,1.5611111111111111,,,,12.6,2.668421052631579,1.13,NO2,2.7,1,2016,False
2016-01-28,12.2,8.549999999999999,71.20833333333333,4.670833333333333,8.8,1.3,123.0,0.0,54.3,36.300000000000004,1.6312499999999999,98.6,39.170833333333334,3.965,22.5,12.529166666666667,1.75,,,,0.8,0.8,0.08000000000000002,NO2,3.965,1,2016,False
2016-01-29,9.8,4.7875000000000005,77.33333333333333,5.4125000000000005,9.4,0.0,457.0,0.0,59.9,23.566666666666666,1.7479166666666666,69.8,44.050000000000004,3.245,28.0,17.841666666666665,2.037037037037037,,,,1.4,0.8285714285714286,0.13999999999999999,NO2,3.245,1,2016,False
2016-01-30,9.0,7.3625,77.54166666666667,8.387500000000001,10.5,4.0,0.0,0.0,59.9,50.96666666666667,1.7479166666666666,36.5,26.304166666666664,2.216666666666667,10.6,7.7250000000000005,1.0888888888888888,,,,9.2,1.5208333333333333,0.9199999999999999,NO2,2.216666666666667,1,2016,False
2016-01-31,9.4,5.658333333333334,83.125,4.8374999999999995,7.3,1.5,0.0,0.0,63.9,45.333333333333336,1.8312499999999998,49.0,31.175,2.6333333333333333,11.5,8.6875,1.1388888888888888,,,,13.3,2.9916666666666667,1.165,NO2,2.6333333333333333,1,2016,False
2016-02-01,13.7,12.48695652173913,71.6086956521739,8.126086956521739,11.5,0.30000000000000004,0.0,0.0,59.8,46.77391304347826,1.7458333333333331,38.3,25.830434782608698,2.2766666666666664,12.2,6.834782608695652,1.1777777777777778,,,,1.5,0.8782608695652173,0.15000000000000002,NO2,2.2766666666666664,2,2016,False
2016-02-02,11.7,10.470833333333333,79.0,8.775,11.0,4.8,0.0,0.0,71.0,52.12083333333334,1.9791666666666665,35.0,23.3125,2.1666666666666665,8.9,5.816666666666666,0.9888888888888889,,,,1.2,0.8166666666666668,0.12,NO2,2.1666666666666665,2,2016,False
2016-02-03,6.8,5.175,75.25,5.070833333333334,6.3,0.5,80.0,0.0,70.9,48.262499999999996,1.9770833333333333,56.8,32.625,2.893333333333333,11.9,9.083333333333334,1.1611111111111112,,,,2.4,0.9916666666666667,0.24,NO2,2.893333333333333,2,2016,False
2016-02-04,6.1,4.1875,82.75,5.220833333333333,8.7,6.2,0.0,0.0,44.8,29.537499999999998,1.4333333333333331,66.0,38.06666666666667,3.15,15.2,11.520833333333334,1.3444444444444443,,,,1.8,0.8583333333333334,0.18000000000000002,NO2,3.15,2,2016,False
2016-02-05,9.7,6.408333333333334,86.95833333333333,3.1875,5.4,0.1,0.0,0.0,33.5,15.895833333333334,1.1979166666666667,61.0,46.57916666666667,3.025,19.5,13.754166666666668,1.5833333333333333,,,,10.1,2.5458333333333334,1.005,NO2,3.025,2,2016,False
2016-02-06,13.0,7.508333333333333,78.83333333333333,3.033333333333333,6.1,0.0,344.0,0.0,33.6,13.241666666666667,1.2,88.5,51.791666666666664,3.7125,22.9,13.933333333333332,1.7722222222222221,,,,15.2,6.1875,1.26,NO2,3.7125,2,2016,False
2016-02-07,10.4,5.9750000000000005,82.875,4.108333333333333,9.7,1.1,0.0,0.0,59.5,25.108333333333334,1.7395833333333333,81.2,43.82083333333333,3.5300000000000002,26.5,15.120833333333332,1.9722222222222223,,,,9.8,2.0333333333333337,0.9800000000000001,NO2,3.5300000000000002,2,2016,False
2016-02-08,10.2,7.483333333333333,73.83333333333333,8.829166666666667,11.8,9.7,3.0,0.0,71.7,54.24166666666667,1.99375,34.2,24.458333333333332,2.14,10.0,7.433333333333334,1.0555555555555556,,,,21.6,4.841666666666667,1.58,NO2,2.14,2,2016,False
2016-02-09,9.3,7.379166666666666,79.125,7.5375000000000005,12.4,13.1,0.0,0.0,72.6,50.89166666666667,2.0083333333333333,58.6,32.645833333333336,2.953333333333333,14.4,8.487499999999999,1.3,,,,4.9,1.425,0.49000000000000005,NO2,2.953333333333333,2,2016,False
2016-02-10,5.4,4.295833333333333,79.625,6.7250000000000005,9.0,2.1,1.0,0.0,68.6,47.97083333333333,1.9291666666666665,49.3,29.929166666666664,2.643333333333333,7.4,5.625,0.8222222222222222,,,,5.2,1.8791666666666667,0.52,NO2,2.643333333333333,2,2016,False
2016-02-11,7.1,4.4624999999999995,81.75,4.4750000000000005,6.5,0.5,102.0,0.0,45.7,28.820833333333336,1.4520833333333334,68.2,37.46666666666667,3.205,16.6,9.525,1.4222222222222223,,,,3.6,2.0749999999999997,0.36000000000000004,NO2,3.205,2,2016,False
2016-02-12,6.3,2.783333333333333,80.95833333333333,1.9000000000000001,3.2,0.0,80.0,0.0,44.2,15.154166666666667,1.4208333333333334,80.9,55.78333333333333,3.5225,20.3,14.762500000000001,1.6277777777777778,,,,8.0,1.9041666666666668,0.8,NO2,3.5225,2,2016,False
2016-02-13,4.5,2.1041666666666665,87.04166666666667,2.0500000000000003,3.0,5.0,0.0,0.0,25.8,7.05,1.0375,64.7,54.51666666666667,3.1175,29.4,20.541666666666668,2.088888888888889,,,,4.2,1.3833333333333335,0.42000000000000004,NO2,3.1175,2,2016,False
2016-02-14,8.7,6.541666666666667,82.95833333333333,4.745833333333334,6.5,4.1000000000000005,80.0,0.0,58.4,33.52916666666666,1.7166666666666666,63.5,32.891666666666666,3.0875,20.4,8.891666666666667,1.6333333333333333,,,,6.6,1.7208333333333332,0.66,NO2,3.0875,2,2016,False
2016-02-15,4.5,3.5375,81.125,2.875,5.3,0.30000000000000004,0.0,0.0,36.3,12.520833333333334,1.2562499999999999,56.3,34.09166666666667,2.8766666666666665,25.1,14.583333333333334,1.8944444444444444,,,,0.8,0.8000000000000002,0.08000000000000002,NO2,2.8766666666666665,2,2016,False
2016-02-16,2.3,0.8416666666666667,67.83333333333333,4.1375,5.9,0.0,75.0,0.0,51.4,35.12916666666667,1.5708333333333333,66.4,31.65833333333333,3.16,16.1,14.058333333333332,1.3944444444444444,,,,0.8,0.8000000000000002,0.08000000000000002,NO2,3.16,2,2016,False
2016-02-17,4.4,1.9000000000000001,71.79166666666667,3.0708333333333333,4.5,0.0,224.0,0.0,37.1,23.837500000000002,1.2729166666666667,64.3,37.53333333333333,3.1075,26.2,15.579166666666666,1.9555555555555555,,,,4.5,1.0125,0.45,NO2,3.1075,2,2016,False
2016-02-18,6.0,2.4375,72.70833333333333,2.591666666666667,4.9,0.0,179.0,0.0,41.8,9.941666666666666,1.3708333333333331,89.8,49.25217391304348,3.745,34.0,25.0125,2.259259259259259,,,,7.7,3.545833333333333,0.77,NO2,3.745,2,2016,False
2016-02-19,4.1,0.4958333333333333,87.04166666666667,2.1625,4.6,0.30000000000000004,0.0,0.0,10.1,3.1875,0.4208333333333333,74.6,57.84583333333333,3.3649999999999998,42.2,28.0,2.562962962962963,,,,2.7,1.2,0.27,NO2,3.3649999999999998,2,2016,False
2016-02-20,9.8,3.625,92.41666666666667,6.3,8.8,17.8,0.0,0.0,44.3,26.65833333333333,1.4229166666666666,62.3,38.28333333333333,3.0575,27.0,14.604166666666666,2.0,,,,13.2,4.545833333333333,1.16,NO2,3.0575,2,2016,False
2016-02-21,13.2,11.8375,81.75,9.495833333333334,12.8,1.8,0.0,0.0,57.0,48.94166666666666,1.6875,25.8,14.270833333333334,1.79,5.1,3.625,0.5666666666666665,,,,2.9,1.8875,0.29,NO2,1.79,2,2016,False
2016-02-22,12.5,10.987499999999999,67.41666666666667,10.125,13.8,0.3,10.0,0.0,67.1,57.44583333333333,1.8979166666666665,33.7,18.345833333333335,2.1233333333333335,7.3,5.195833333333334,0.811111111111111,,,,7.9,3.2083333333333335,0.79,NO2,2.1233333333333335,2,2016,False
2016-02-23,5.6,2.8625000000000003,90.25,2.7583333333333333,4.7,14.2,26.0,0.0,68.8,39.35,1.9333333333333331,77.7,38.666666666666664,3.4425,9.5,7.020833333333333,1.0277777777777777,,,,1.8,0.8416666666666668,0.18000000000000002,NO2,3.4425,2,2016,False
2016-02-24,6.3,2.5166666666666666,78.875,2.341666666666667,3.6,0.0,255.0,0.0,49.8,25.15833333333333,1.5374999999999999,87.9,47.64166666666667,3.6975000000000002,18.2,12.845833333333333,1.511111111111111,,,,2.3,1.1624999999999999,0.22999999999999998,NO2,3.6975000000000002,2,2016,False
2016-02-25,5.2,1.5208333333333333,73.75,2.379166666666667,6.2,0.0,419.0,0.0,65.0,19.26666666666667,1.8541666666666665,95.6,54.675000000000004,3.8899999999999997,20.8,14.920833333333334,1.6555555555555554,,,,6.5,1.8499999999999999,0.65,NO2,3.8899999999999997,2,2016,False
2016-02-26,5.3,1.5125000000000002,69.79166666666667,1.7708333333333333,3.5,0.0,298.0,0.0,40.7,14.799999999999999,1.3479166666666667,84.0,62.87083333333334,3.6,27.3,20.920833333333334,2.011111111111111,,,,8.2,2.058333333333333,0.82,NO2,3.6,2,2016,False
2016-02-27,7.7,2.9,61.583333333333336,4.008333333333334,5.3,0.0,582.0,0.0,50.7,31.866666666666664,1.55625,56.0,37.208333333333336,2.8666666666666667,31.3,22.066666666666666,2.1592592592592594,,,,1.2,0.8166666666666668,0.12,NO2,2.8666666666666667,2,2016,False
2016-02-28,5.6,2.8791666666666664,62.75,5.720833333333334,8.7,0.0,4.0,0.0,66.8,48.35833333333333,1.8916666666666666,44.8,25.15416666666667,2.493333333333333,39.8,30.820833333333336,2.474074074074074,,,,2.5,1.675,0.25,NO2,2.493333333333333,2,2016,False
2016-02-29,5.6,3.8208333333333333,57.208333333333336,7.929166666666667,10.5,0.0,22.0,0.0,66.2,57.87083333333334,1.8791666666666667,43.1,22.995833333333334,2.4366666666666665,40.8,30.3,2.511111111111111,,,,3.5,1.8083333333333333,0.35000000000000003,PM10,2.511111111111111,2,2016,False
2016-03-01,7.5,2.8260869565217392,62.65217391304348,4.6,9.3,2.2,410.0,0.0,67.4,47.35217391304347,1.9041666666666668,77.7,30.869565217391305,3.4425,44.3,24.747826086956525,2.640740740740741,,,,6.5,1.7782608695652173,0.65,NO2,3.4425,3,2016,False
2016-03-02,7.3,4.883333333333334,87.91666666666667,5.2875000000000005,6.8,4.6000000000000005,15.0,0.0,53.2,35.112500000000004,1.6083333333333334,67.8,39.733333333333334,3.195,44.0,16.8625,2.6296296296296298,,,,12.2,4.3374999999999995,1.1099999999999999,NO2,3.195,3,2016,False
2016-03-03,4.5,3.0583333333333336,84.5,3.779166666666667,6.8,0.1,48.0,0.0,58.5,30.433333333333334,1.71875,78.1,47.69583333333333,3.4524999999999997,19.8,11.370833333333332,1.6,,,,3.0,1.6458333333333333,0.30000000000000004,NO2,3.4524999999999997,3,2016,False
2016-03-04,6.8,1.883333333333333,88.41666666666667,2.1791666666666667,5.3,5.1,41.0,0.0,44.5,13.308333333333335,1.4270833333333333,81.2,51.637499999999996,3.5300000000000002,30.4,19.295833333333334,2.1259259259259258,,,,6.4,1.4875,0.6400000000000001,NO2,3.5300000000000002,3,2016,False
2016-03-05,7.7,4.979166666666667,87.45833333333333,2.4458333333333333,5.2,4.0,5.0,0.0,58.4,20.179166666666667,1.7166666666666666,80.3,52.68333333333334,3.5075,28.6,14.095833333333333,2.0592592592592593,,,,4.9,1.9000000000000001,0.49000000000000005,NO2,3.5075,3,2016,False
2016-03-06,5.6,2.716666666666667,89.58333333333333,3.858333333333333,6.7,1.9,17.0,0.0,42.1,27.433333333333334,1.3770833333333332,73.7,34.3875,3.3425000000000002,21.4,12.845833333333333,1.6888888888888887,,,,6.3,2.6875,0.63,NO2,3.3425000000000002,3,2016,False
2016-03-07,5.3,2.8708333333333336,85.83333333333333,2.5541666666666667,4.2,1.8,30.0,0.0,52.5,31.40833333333333,1.59375,75.4,43.5625,3.3850000000000002,16.4,10.783333333333333,1.411111111111111,,,,5.9,1.7208333333333334,0.5900000000000001,NO2,3.3850000000000002,3,2016,False
2016-03-08,6.2,0.6583333333333333,87.75,1.3875,2.8,0.0,139.0,0.0,36.8,9.975,1.2666666666666666,85.5,59.65833333333333,3.6375,31.6,20.241666666666667,2.1703703703703705,,,,11.0,2.245833333333333,1.05,NO2,3.6375,3,2016,False
2016-03-09,7.3,2.4916666666666667,75.79166666666667,2.625,5.4,0.0,484.0,0.0,70.3,21.962500000000002,1.9645833333333331,93.0,52.44166666666666,3.825,43.3,28.53333333333333,2.6037037037037036,,,,5.8,2.120833333333333,0.58,NO2,3.825,3,2016,False
2016-03-10,9.2,4.241666666666666,70.33333333333333,2.4583333333333335,4.5,0.0,402.0,0.0,48.4,20.349999999999998,1.5083333333333333,84.1,56.487500000000004,3.6025,39.5,33.19583333333333,2.462962962962963,,,,2.5,1.0708333333333333,0.25,NO2,3.6025,3,2016,False
2016-03-11,9.7,5.654166666666666,67.91666666666667,3.35,5.4,0.0,142.0,0.0,68.0,28.304166666666664,1.9166666666666665,66.5,44.64166666666667,3.1625,57.6,39.49166666666667,3.1,,,,0.8,0.8000000000000002,0.08000000000000002,NO2,3.1625,3,2016,False
2016-03-12,6.9,4.966666666666667,63.458333333333336,4.1499999999999995,6.0,0.0,312.0,0.0,55.8,44.55833333333334,1.6624999999999999,53.6,29.183333333333334,2.7866666666666666,38.9,23.15416666666667,2.4407407407407407,,,,0.8,0.8000000000000002,0.08000000000000002,NO2,2.7866666666666666,3,2016,False
2016-03-13,8.9,4.991666666666666,67.79166666666667,5.591666666666666,7.5,0.0,314.0,0.0,64.1,52.84166666666667,1.8354166666666665,27.9,18.837500000000002,1.895,25.8,17.195833333333333,1.9333333333333333,,,,0.8,0.8000000000000002,0.08000000000000002,PM10,1.9333333333333333,3,2016,False
2016-03-14,10.1,4.7124999999999995,57.916666666666664,4.425,6.2,0.0,643.0,0.0,61.0,46.2875,1.7708333333333333,68.5,34.604166666666664,3.2125,24.3,18.9875,1.85,,,,0.8,0.8000000000000002,0.08000000000000002,NO2,3.2125,3,2016,False
2016-03-15,8.2,4.25,66.75,3.1374999999999997,5.9,0.2,40.0,0.0,50.2,21.349999999999998,1.5458333333333334,77.0,51.32916666666667,3.425,36.5,23.141666666666666,2.351851851851852,,,,1.2,0.8166666666666668,0.12,NO2,3.425,3,2016,False
2016-03-16,9.0,5.916666666666667,56.458333333333336,4.895833333333333,7.0,0.0,191.0,0.0,66.4,48.333333333333336,1.8833333333333333,44.1,27.662499999999998,2.47,25.0,17.883333333333333,1.8888888888888888,,,,1.9,0.9083333333333333,0.19,NO2,2.47,3,2016,False
2016-03-17,12.5,6.270833333333333,57.208333333333336,2.8958333333333335,4.3,0.0,665.0,0.0,66.0,31.066666666666666,1.875,104.1,52.74166666666667,4.082,38.9,22.28333333333333,2.4407407407407407,,,,1.3,0.8416666666666668,0.13,NO2,4.082,3,2016,False
2016-03-18,15.1,5.958333333333333,64.20833333333333,2.1166666666666667,5.5,0.0,657.0,0.0,67.2,20.704166666666666,1.9,87.2,58.21666666666667,3.68,57.7,41.170833333333334,3.102777777777778,,,,8.1,2.2833333333333337,0.81,NO2,3.68,3,2016,False
2016-03-19,7.6,5.354166666666667,72.33333333333333,1.8083333333333333,3.1,0.0,0.0,0.0,52.4,25.833333333333332,1.5916666666666666,56.0,37.891666666666666,2.8666666666666667,62.1,29.09583333333333,3.225,,,,2.3,0.8624999999999999,0.22999999999999998,PM10,3.225,3,2016,False
2016-03-20,7.5,5.8999999999999995,67.29166666666667,2.2708333333333335,3.5,0.0,0.0,0.0,59.5,47.574999999999996,1.7395833333333333,51.1,23.7,2.703333333333333,24.9,15.979166666666666,1.8833333333333333,,,,0.8,0.8000000000000002,0.08000000000000002,NO2,2.703333333333333,3,2016,False
2016-03-21,10.2,7.416666666666667,68.625,3.4958333333333336,5.8,0.0,48.0,0.0,68.6,44.15833333333333,1.9291666666666665,58.3,30.754166666666666,2.9433333333333334,30.1,17.3875,2.1148148148148147,,,,0.8,0.8000000000000002,0.08000000000000002,NO2,2.9433333333333334,3,2016,False
2016-03-22,10.3,8.170833333333333,63.666666666666664,3.1,5.5,0.0,180.0,0.0,67.6,47.625,1.9083333333333332,80.4,33.00416666666667,3.5100000000000002,39.8,24.09166666666667,2.474074074074074,,,,1.8,0.9375,0.18000000000000002,NO2,3.5100000000000002,3,2016,False
2016-03-23,10.6,8.170833333333333,69.33333333333333,2.6416666666666666,4.9,0.0,16.0,0.0,70.1,35.05833333333333,1.9604166666666665,71.5,42.583333333333336,3.2875,34.7,15.054166666666667,2.285185185185185,,,,0.8,0.8000000000000002,0.08000000000000002,NO2,3.2875,3,2016,False
2016-03-24,10.3,8.254166666666666,62.625,3.0749999999999997,5.0,0.0,236.0,0.0,77.0,47.175000000000004,2.0694444444444446,48.0,30.400000000000002,2.6,28.4,18.1125,2.051851851851852,,,,1.2,0.8166666666666668,0.12,NO2,2.6,3,2016,False
2016-03-25,7.4,6.504166666666666,88.45833333333333,3.704166666666667,6.1,6.8,0.0,0.0,52.0,34.275,1.5833333333333333,59.6,33.0625,2.986666666666667,48.4,26.412499999999998,2.7925925925925927,,,,6.4,2.125,0.6400000000000001,NO2,2.986666666666667,3,2016,False
2016-03-26,13.9,8.666666666666666,76.54166666666667,3.016666666666667,5.6,0.0,507.0,0.0,70.9,35.4,1.9770833333333333,79.7,41.05416666666667,3.4925,28.8,18.770833333333332,2.066666666666667,,,,3.1,1.3416666666666668,0.31000000000000005,NO2,3.4925,3,2016,False
2016-03-27,12.7,8.060869565217391,74.26086956521739,4.139130434782609,8.7,0.4,105.0,0.0,81.5,38.43043478260869,2.1319444444444446,77.5,38.07826086956521,3.4375,26.2,14.860869565217392,1.9555555555555555,,,,2.5,1.173913043478261,0.25,NO2,3.4375,3,2016,False
2016-03-28,13.2,7.179166666666667,77.66666666666667,4.05,9.3,2.4000000000000004,35.0,0.0,59.0,31.2375,1.7291666666666665,58.7,42.9125,2.956666666666667,11.7,7.541666666666667,1.15,,,,5.2,2.0833333333333335,0.52,NO2,2.956666666666667,3,2016,False
2016-03-29,13.0,9.020833333333334,68.75,7.05,12.5,6.800000000000001,430.0,0.0,72.5,57.63333333333333,2.0069444444444446,50.2,25.40416666666667,2.6733333333333333,10.9,7.683333333333334,1.1055555555555556,,,,3.0,1.0208333333333333,0.30000000000000004,NO2,2.6733333333333333,3,2016,False
2016-03-30,12.0,9.358333333333333,82.0,3.9375,6.6,1.0,0.0,0.0,54.6,32.041666666666664,1.6375,72.5,41.46666666666667,3.3125,19.0,10.716666666666667,1.5555555555555556,,,,3.6,1.4749999999999999,0.36000000000000004,NO2,3.3125,3,2016,False
2016-03-31,9.7,8.270833333333334,85.95833333333333,4.904166666666667,8.3,3.6,0.0,0.0,49.5,27.974999999999998,1.53125,71.1,40.725,3.2775,17.0,12.866666666666667,1.4444444444444444,,,,1.5,0.8666666666666667,0.15000000000000002,NO2,3.2775,3,2016,False
2016-04-01,12.2,7.321739130434783,71.91304347826087,4.734782608695652,9.2,13.2,200.0,0.0,71.1,56.369565217391305,1.9812499999999997,74.7,29.130434782608695,3.3675,8.8,4.6173913043478265,0.9777777777777779,,,,0.8,0.8,0.08000000000000002,NO2,3.3675,4,2016,False
2016-04-02,15.7,9.083333333333334,72.95833333333333,2.2291666666666665,3.2,0.0,236.0,0.0,41.2,19.64166666666667,1.3583333333333334,87.1,49.916666666666664,3.6774999999999998,26.5,17.179166666666667,1.9722222222222223,,,,3.2,1.5374999999999999,0.32000000000000006,NO2,3.6774999999999998,4,2016,False
2016-04-03,18.5,14.120833333333332,68.0,2.004166666666667,3.7,0.0,89.0,0.0,57.6,19.779166666666665,1.7,77.5,49.737500000000004,3.4375,25.2,18.495833333333334,1.9,,,,10.5,1.7041666666666666,1.025,NO2,3.4375,4,2016,False
2016-04-04,17.9,14.129166666666668,79.125,3.3041666666666667,7.1,2.5,143.0,0.0,73.0,31.420833333333334,2.013888888888889,86.0,45.94166666666666,3.65,27.9,20.804166666666667,2.033333333333333,,,,3.2,0.9625,0.32000000000000006,NO2,3.65,4,2016,False
2016-04-05,14.2,11.870833333333332,91.91666666666667,2.8708333333333336,7.0,7.2,0.0,0.0,60.4,26.270833333333332,1.7583333333333333,81.9,54.04583333333333,3.5475000000000003,29.4,17.7,2.088888888888889,,,,4.5,1.2875,0.45,NO2,3.5475000000000003,4,2016,False
2016-04-06,15.4,11.570833333333333,71.125,5.245833333333334,8.9,0.0,398.0,0.0,79.3,41.0875,2.1013888888888888,67.1,37.75416666666667,3.1774999999999998,20.5,12.554166666666667,1.6388888888888888,,,,1.8,0.8875000000000001,0.18000000000000002,NO2,3.1774999999999998,4,2016,False
2016-04-07,12.8,10.325000000000001,57.583333333333336,5.825,8.0,0.4,453.0,0.0,77.8,65.35416666666667,2.0805555555555557,51.4,24.55,2.7133333333333334,10.8,8.450000000000001,1.1,,,,0.8,0.8000000000000002,0.08000000000000002,NO2,2.7133333333333334,4,2016,False
2016-04-08,13.4,7.270833333333333,64.125,2.0083333333333333,3.1,0.0,525.0,0.0,72.3,37.77916666666667,2.0041666666666664,66.7,39.56666666666667,3.1675,19.4,11.491666666666667,1.5777777777777775,,,,10.8,1.7083333333333333,1.04,NO2,3.1675,4,2016,False
2016-04-09,14.6,8.441666666666666,64.79166666666667,2.279166666666667,3.9,0.0,421.0,0.0,78.5,33.21666666666667,2.0902777777777777,66.7,41.0,3.1675,23.4,14.770833333333334,1.7999999999999998,,,,2.2,1.0791666666666668,0.22000000000000003,NO2,3.1675,4,2016,False
2016-04-10,16.6,12.049999999999999,60.666666666666664,1.8083333333333333,3.7,0.0,381.0,0.0,81.6,44.574999999999996,2.1333333333333333,59.3,35.079166666666666,2.9766666666666666,31.1,21.458333333333332,2.151851851851852,,,,2.1,1.0125,0.21000000000000002,NO2,2.9766666666666666,4,2016,False
2016-04-11,18.0,12.133333333333333,56.5,3.0541666666666667,4.4,0.0,746.0,0.0,82.1,49.57083333333333,2.1402777777777775,73.4,38.95,3.335,36.3,16.383333333333333,2.344444444444444,,,,1.7,0.9333333333333335,0.17,NO2,3.335,4,2016,False
2016-04-12,17.3,11.5625,72.20833333333333,2.0375,4.0,0.30000000000000004,212.0,0.0,76.6,31.09166666666667,2.0638888888888887,76.3,48.324999999999996,3.4074999999999998,34.1,19.404166666666665,2.262962962962963,,,,5.9,1.5999999999999999,0.5900000000000001,NO2,3.4074999999999998,4,2016,False
2016-04-13,12.0,9.470833333333333,89.41666666666667,1.5875000000000001,2.9,4.0,11.0,0.0,52.8,21.925,1.5999999999999999,78.9,51.54583333333333,3.4725,51.0,24.650000000000002,2.888888888888889,,,,3.3,1.4041666666666668,0.33,NO2,3.4725,4,2016,False
2016-04-14,17.0,11.295833333333334,67.04166666666667,2.5,4.0,0.0,690.0,0.0,84.1,46.31739130434782,2.1680555555555556,88.7,36.34090909090909,3.7175000000000002,40.3,16.650000000000002,2.4925925925925925,,,,10.1,3.4166666666666665,1.005,NO2,3.7175000000000002,4,2016,False
2016-04-15,17.5,12.5375,69.25,5.2875000000000005,10.4,0.6000000000000001,311.0,0.0,83.1,36.12916666666667,2.154166666666667,94.3,46.525,3.8575,20.1,11.395833333333334,1.6166666666666667,,,,6.5,2.016666666666667,0.65,NO2,3.8575,4,2016,False
2016-04-16,14.4,12.095833333333333,77.54166666666667,5.4125000000000005,6.8,7.6,95.0,0.0,81.2,58.98333333333333,2.1277777777777778,41.4,28.474999999999998,2.38,13.3,8.270833333333334,1.238888888888889,,,,7.0,2.7916666666666665,0.7000000000000001,NO2,2.38,4,2016,False
2016-04-17,11.9,9.054166666666667,69.20833333333333,2.9958333333333336,4.2,6.0,159.0,0.0,79.7,61.770833333333336,2.1069444444444443,40.0,19.849999999999998,2.3333333333333335,23.3,9.674999999999999,1.7944444444444443,,,,1.3,0.8416666666666668,0.13,NO2,2.3333333333333335,4,2016,False
2016-04-18,14.1,8.704166666666667,57.583333333333336,2.558333333333333,4.7,0.0,484.0,0.0,82.6,46.3375,2.147222222222222,67.7,35.145833333333336,3.1925,14.9,9.816666666666666,1.3277777777777777,,,,0.8,0.8000000000000002,0.08000000000000002,NO2,3.1925,4,2016,False
2016-04-19,13.6,7.7,65.83333333333333,2.5875,4.8,0.0,192.0,0.0,69.1,32.52916666666667,1.9395833333333332,69.6,43.3125,3.2399999999999998,27.7,17.929166666666667,2.0259259259259257,,,,4.8,1.5583333333333333,0.48,NO2,3.2399999999999998,4,2016,False
2016-04-20,15.7,9.595833333333333,53.791666666666664,2.795833333333333,4.7,0.0,784.0,0.0,79.7,47.15416666666667,2.1069444444444443,68.0,38.13333333333333,3.2,25.4,15.833333333333334,1.911111111111111,,,,2.3,0.9625,0.22999999999999998,NO2,3.2,4,2016,False
2016-04-21,20.4,12.779166666666667,45.958333333333336,2.404166666666667,3.5,0.0,778.0,0.0,71.4,33.59166666666667,1.9875,81.1,54.40833333333333,3.5275,23.5,16.083333333333332,1.8055555555555554,,,,1.8,0.9666666666666667,0.18000000000000002,NO2,3.5275,4,2016,False
2016-04-22,16.9,12.975,50.916666666666664,3.5875,6.6,0.0,159.0,0.0,68.2,47.12916666666666,1.9208333333333334,78.5,41.09166666666667,3.4625,34.7,21.9375,2.285185185185185,,,,0.8,0.8000000000000002,0.08000000000000002,NO2,3.4625,4,2016,False
2016-04-23,13.1,8.0875,67.79166666666667,4.0625,5.7,5.4,55.0,0.0,69.0,53.9125,1.9375,35.0,25.337500000000002,2.1666666666666665,20.9,13.0,1.661111111111111,,,,0.8,0.8000000000000002,0.08000000000000002,NO2,2.1666666666666665,4,2016,False
2016-04-24,9.7,3.775,74.0,4.066666666666666,6.7,0.5,323.0,0.0,83.2,56.26666666666667,2.1555555555555554,33.6,20.791666666666668,2.12,15.2,8.987499999999999,1.3444444444444443,,,,2.9,1.0,0.29,O3,2.1555555555555554,4,2016,False
2016-04-25,8.1,4.5375000000000005,77.125,5.5874999999999995,9.5,3.4,117.0,0.0,68.7,49.67916666666667,1.93125,48.9,27.05,2.63,13.3,9.6,1.238888888888889,,,,4.4,1.7666666666666666,0.44000000000000006,NO2,2.63,4,2016,False
2016-04-26,9.2,5.508333333333333,69.95833333333333,6.304166666666667,10.1,7.2,345.0,0.0,73.7,60.800000000000004,2.0236111111111112,48.5,23.666666666666668,2.6166666666666667,9.2,6.183333333333334,1.011111111111111,,,,7.0,1.1958333333333335,0.7000000000000001,NO2,2.6166666666666667,4,2016,False
2016-04-27,8.1,4.858333333333333,71.25,7.55,11.3,0.30000000000000004,51.0,0.0,62.2,50.69166666666666,1.7958333333333334,50.7,29.3125,2.69,11.4,8.733333333333333,1.1333333333333333,,,,7.1,3.5625,0.71,NO2,2.69,4,2016,False
2016-04-28,11.5,5.2625,69.79166666666667,3.545833333333333,6.5,0.5,517.0,0.0,80.9,52.85,2.1236111111111113,81.8,33.90416666666667,3.545,15.3,9.620833333333334,1.35,,,,9.2,3.295833333333333,0.9199999999999999,NO2,3.545,4,2016,False
2016-04-29,13.6,6.879166666666666,65.04166666666667,3.0,6.1,0.0,295.0,0.0,77.2,32.454166666666666,2.0722222222222224,92.1,47.18333333333334,3.8024999999999998,21.2,13.904166666666667,1.6777777777777776,,,,10.3,2.4375,1.0150000000000001,NO2,3.8024999999999998,4,2016,False
2016-04-30,16.1,9.916666666666666,60.583333333333336,2.7583333333333333,7.9,0.0,383.0,0.0,85.8,34.300000000000004,2.1916666666666664,80.1,47.78333333333333,3.5025,22.0,14.825000000000001,1.7222222222222223,,,,12.2,1.7750000000000001,1.1099999999999999,NO2,3.5025,4,2016,False
2016-05-01,18.3,12.786956521739132,57.30434782608695,7.778260869565218,9.4,1.1,731.0,0.0,108.5,81.61739130434783,2.5069444444444446,23.1,12.030434782608696,1.6550000000000002,21.0,14.621739130434783,1.6666666666666665,,,,0.8,0.8,0.08000000000000002,O3,2.5069444444444446,5,2016,False
2016-05-02,20.3,14.454166666666666,51.791666666666664,3.141666666666667,4.7,0.0,804.0,0.0,105.1,73.64583333333333,2.459722222222222,102.6,36.9125,4.052,26.5,16.070833333333333,1.9722222222222223,,,,1.5,0.8291666666666667,0.15000000000000002,NO2,4.052,5,2016,False
2016-05-03,14.5,10.616666666666667,67.125,3.0416666666666665,7.9,0.8999999999999999,240.0,0.0,75.6,38.708333333333336,2.05,83.5,45.57916666666667,3.5875,28.9,16.8875,2.0703703703703704,,,,1.9,0.9291666666666667,0.19,NO2,3.5875,5,2016,False
2016-05-04,15.6,9.625,53.833333333333336,2.3208333333333333,4.0,0.0,804.0,0.0,92.2,53.74583333333334,2.2805555555555554,78.4,35.987500000000004,3.46,18.9,12.116666666666667,1.5499999999999998,,,,0.8,0.8000000000000002,0.08000000000000002,NO2,3.46,5,2016,False
2016-05-05,20.1,12.929166666666667,51.5,2.9875000000000003,4.7,0.0,836.0,0.0,103.3,59.8125,2.4347222222222222,80.6,34.891666666666666,3.5149999999999997,22.8,12.737499999999999,1.7666666666666666,,,,2.0,0.8875000000000001,0.2,NO2,3.5149999999999997,5,2016,False
2016-05-06,24.1,16.7,54.5,2.120833333333333,2.9,0.0,817.0,0.0,117.1,64.78750000000001,2.6263888888888887,100.4,39.15833333333333,4.008,27.2,17.7375,2.0074074074074075,,,,2.9,0.9541666666666667,0.29,NO2,4.008,5,2016,False
2016-05-07,26.2,19.400000000000002,44.0,3.0625,5.4,0.0,840.0,0.0,123.0,68.58333333333333,2.708333333333333,68.4,41.545833333333334,3.21,25.2,19.883333333333333,1.9,,,,5.8,1.1833333333333333,0.58,NO2,3.21,5,2016,False
2016-05-08,25.4,19.704166666666666,38.75,3.595833333333333,5.8,0.0,849.0,0.0,125.2,97.27083333333333,2.738888888888889,62.6,22.087500000000002,3.065,21.5,16.641666666666666,1.6944444444444444,,,,3.3,1.3583333333333334,0.33,NO2,3.065,5,2016,False
2016-05-09,25.3,19.791666666666668,45.125,3.2875,4.6,0.0,729.0,0.0,123.5,84.58333333333333,2.7152777777777777,59.3,30.849999999999998,2.9766666666666666,20.6,16.254166666666666,1.6444444444444444,,,,3.1,0.9125000000000001,0.31000000000000005,NO2,2.9766666666666666,5,2016,False
2016-05-10,22.6,18.333333333333332,57.208333333333336,2.525,6.2,0.0,163.0,0.0,96.4,72.34583333333333,2.338888888888889,71.4,43.1875,3.285,34.9,19.3,2.2925925925925927,,,,2.4,1.0083333333333335,0.24,NO2,3.285,5,2016,False
2016-05-11,24.3,18.429166666666667,65.45833333333333,3.0,5.2,0.0,545.0,0.0,106.1,53.24583333333334,2.473611111111111,63.7,39.18333333333333,3.0925000000000002,69.6,27.429166666666664,3.433333333333333,,,,2.1,0.9249999999999999,0.21000000000000002,PM10,3.433333333333333,5,2016,False
2016-05-12,20.2,17.491666666666667,62.208333333333336,2.5208333333333335,3.7,0.7999999999999999,11.0,0.0,90.3,60.05416666666667,2.2541666666666664,68.3,36.71304347826087,3.2075,30.3,18.2,2.1222222222222222,,,,1.3,0.8391304347826087,0.13,NO2,3.2075,5,2016,False
2016-05-13,23.3,15.420833333333334,78.33333333333333,3.108333333333333,5.2,6.7,241.0,0.0,110.5,58.04583333333333,2.5347222222222223,83.3,43.4625,3.5825,28.7,20.141666666666666,2.062962962962963,,,,1.8,0.9166666666666666,0.18000000000000002,NO2,3.5825,5,2016,False
2016-05-14,13.5,10.883333333333333,66.125,4.158333333333333,8.3,0.0,271.0,0.0,85.8,56.96666666666667,2.1916666666666664,56.7,24.28333333333333,2.89,25.2,17.2625,1.9,,,,0.8,0.8000000000000002,0.08000000000000002,NO2,2.89,5,2016,False
2016-05-15,13.2,9.166666666666666,58.291666666666664,5.158333333333333,7.8,0.0,205.0,0.0,83.0,68.7375,2.1527777777777777,23.0,16.258333333333333,1.65,17.7,11.945833333333333,1.4833333333333334,,,,3.1,1.0875000000000001,0.31000000000000005,O3,2.1527777777777777,5,2016,False
2016-05-16,13.3,9.654166666666667,61.583333333333336,3.0208333333333335,4.7,0.0,96.0,0.0,83.1,67.98333333333333,2.154166666666667,31.8,17.833333333333332,2.06,16.4,12.145833333333334,1.411111111111111,,,,4.6,1.1875,0.45999999999999996,O3,2.154166666666667,5,2016,False
2016-05-17,16.3,11.233333333333334,60.708333333333336,3.170833333333333,5.6,0.0,120.0,0.0,91.4,50.775,2.2694444444444444,61.5,37.62083333333333,3.0375,19.4,12.770833333333334,1.5777777777777775,,,,8.3,2.8708333333333336,0.8300000000000001,NO2,3.0375,5,2016,False
2016-05-18,20.4,14.770833333333334,58.5,2.966666666666667,4.6,0.6,115.0,0.0,91.8,51.60833333333333,2.275,71.0,42.87083333333334,3.275,23.2,15.520833333333334,1.7888888888888888,,,,5.2,1.9708333333333332,0.52,NO2,3.275,5,2016,False
2016-05-19,18.6,14.0,71.45833333333333,3.391666666666667,5.5,4.0,254.0,0.0,74.6,52.32083333333333,2.036111111111111,48.9,29.525000000000002,2.63,22.6,12.862499999999999,1.7555555555555555,,,,9.2,1.673913043478261,0.9199999999999999,NO2,2.63,5,2016,False
2016-05-20,19.4,13.954166666666666,70.08333333333333,4.2875000000000005,6.1,0.0,373.0,0.0,76.5,39.65416666666667,2.0625,66.9,38.737500000000004,3.1725000000000003,17.5,13.004166666666668,1.4722222222222223,,,,7.3,2.3541666666666665,0.73,NO2,3.1725000000000003,5,2016,False
2016-05-21,23.1,17.391666666666666,65.83333333333333,2.525,4.2,0.0,550.0,0.0,95.6,45.5,2.3277777777777775,78.0,32.291666666666664,3.45,21.8,12.25,1.7111111111111112,,,,5.0,1.6958333333333335,0.5,NO2,3.45,5,2016,False
2016-05-22,26.6,18.929166666666667,61.708333333333336,3.766666666666667,9.0,0.7,499.0,0.0,97.4,53.55416666666667,2.352777777777778,75.5,38.00833333333333,3.3875,26.1,17.375,1.9500000000000002,,,,7.4,2.275,0.7400000000000001,NO2,3.3875,5,2016,False
2016-05-23,16.4,14.104166666666666,78.875,4.670833333333333,6.4,1.2,6.0,0.0,69.3,55.21818181818182,1.9437499999999999,34.3,24.236363636363638,2.143333333333333,27.2,9.75,2.0074074074074075,,,,5.2,2.2818181818181817,0.52,NO2,2.143333333333333,5,2016,False
2016-05-24,12.8,11.7125,82.83333333333333,4.308333333333333,5.8,5.4,0.0,0.0,58.4,40.52916666666667,1.7166666666666666,35.3,21.429166666666664,2.1766666666666667,19.7,9.941666666666666,1.5944444444444443,,,,0.8,0.8000000000000002,0.08000000000000002,NO2,2.1766666666666667,5,2016,False
2016-05-25,15.4,12.4125,82.08333333333333,1.175,1.8,0.0,32.0,0.0,20.8,9.4625,0.8666666666666667,62.1,39.75416666666667,3.0525,34.8,24.34583333333333,2.2888888888888888,,,,2.0,0.8958333333333334,0.2,NO2,3.0525,5,2016,False
2016-05-26,23.5,15.508333333333333,68.375,1.7375,2.4,0.0,613.0,0.0,107.5,42.79583333333333,2.4930555555555554,56.9,27.895833333333332,2.8966666666666665,29.0,15.795833333333334,2.074074074074074,,,,2.3,1.0291666666666666,0.22999999999999998,NO2,2.8966666666666665,5,2016,False
2016-05-27,23.0,17.758333333333333,74.33333333333333,2.379166666666667,4.6,8.6,243.0,0.0,83.0,49.92083333333333,2.1527777777777777,61.6,41.300000000000004,3.04,28.5,15.433333333333332,2.0555555555555554,,,,1.3,0.8375,0.13,NO2,3.04,5,2016,False
2016-05-28,25.0,17.991666666666667,81.375,2.0124999999999997,3.6,7.0,429.0,0.0,101.4,40.75416666666667,2.408333333333333,63.9,32.1,3.0975,35.8,18.845833333333335,2.325925925925926,,,,0.8,0.8000000000000002,0.08000000000000002,NO2,3.0975,5,2016,False
2016-05-29,23.0,17.916666666666668,81.625,1.9583333333333333,5.0,2.5,163.0,0.0,90.3,52.800000000000004,2.2541666666666664,44.2,25.025000000000002,2.4733333333333336,19.5,14.570833333333333,1.5833333333333333,,,,0.8,0.8000000000000002,0.08000000000000002,NO2,2.4733333333333336,5,2016,False
2016-05-30,18.1,16.504166666666666,91.58333333333333,3.720833333333333,5.9,42.7,4.0,0.0,73.8,44.916666666666664,2.025,59.5,34.137499999999996,2.9833333333333334,23.1,11.045833333333334,1.7833333333333332,,,,6.3,1.2041666666666668,0.63,NO2,2.9833333333333334,5,2016,False
2016-05-31,20.0,16.816666666666666,75.83333333333333,3.158333333333333,5.0,0.0,151.0,0.0,61.5,42.34583333333333,1.78125,59.7,31.295833333333334,2.99,9.9,6.4125000000000005,1.05,,,,3.2,1.2708333333333333,0.32000000000000006,NO2,2.99,5,2016,False
2016-06-01,16.7,14.673913043478262,94.52173913043478,3.317391304347826,5.2,2.1,0.0,0.0,25.1,13.38695652173913,1.0229166666666667,50.6,35.017391304347825,2.6866666666666665,19.2,14.591304347826087,1.5666666666666664,,,,2.3,0.9347826086956522,0.22999999999999998,NO2,2.6866666666666665,6,2016,False
2016-06-02,20.4,17.245833333333334,85.91666666666667,1.9625000000000001,2.8,0.4,63.0,0.0,69.8,31.008333333333336,1.9541666666666666,60.2,37.512499999999996,3.005,28.2,13.945833333333333,2.0444444444444443,,,,3.5,1.2541666666666667,0.35000000000000003,NO2,3.005,6,2016,False
2016-06-03,20.2,17.708333333333332,83.375,2.3375,5.2,0.0,98.0,0.0,71.1,37.016666666666666,1.9812499999999997,46.8,33.38333333333333,2.56,35.8,16.3125,2.325925925925926,,,,0.8,0.8000000000000002,0.08000000000000002,NO2,2.56,6,2016,False
2016-06-04,22.9,18.716666666666665,77.66666666666667,2.0166666666666666,3.3,0.1,127.0,0.0,77.5,42.09583333333334,2.076388888888889,61.8,35.175000000000004,3.045,25.3,14.804166666666667,1.9055555555555554,,,,1.3,0.8208333333333334,0.13,NO2,3.045,6,2016,False
2016-06-05,25.5,18.837500000000002,80.70833333333333,1.7458333333333333,4.2,4.0,397.0,0.0,111.4,47.43333333333334,2.5472222222222225,68.2,30.22083333333333,3.205,32.2,20.033333333333335,2.1925925925925926,,,,2.1,0.9125000000000001,0.21000000000000002,NO2,3.205,6,2016,False
2016-06-06,27.7,19.745833333333334,76.83333333333333,1.8499999999999999,3.4,2.9000000000000004,659.0,0.0,104.8,37.295833333333334,2.4555555555555557,81.5,43.208333333333336,3.5375,41.9,23.370833333333334,2.551851851851852,,,,1.5,0.8291666666666667,0.15000000000000002,NO2,3.5375,6,2016,False
2016-06-07,28.2,22.47083333333333,59.833333333333336,2.4208333333333334,5.6,8.0,735.0,0.0,97.8,47.539130434782614,2.3583333333333334,80.7,45.28260869565217,3.5175,30.1,19.247826086956522,2.1148148148148147,,,,0.8,0.8,0.08000000000000002,NO2,3.5175,6,2016,False
2016-06-08,23.9,19.166666666666668,78.45833333333333,2.0416666666666665,4.8,0.9,207.0,0.0,99.6,62.333333333333336,2.3833333333333333,70.2,31.55,3.255,25.1,18.25,1.8944444444444444,,,,1.6,0.8333333333333334,0.16000000000000003,NO2,3.255,6,2016,False
2016-06-09,21.2,17.4875,67.25,2.3958333333333335,4.4,0.0,582.0,0.0,78.2,52.625,2.0861111111111112,37.0,25.445833333333336,2.2333333333333334,32.8,17.941666666666666,2.214814814814815,,,,0.8,0.8000000000000002,0.08000000000000002,NO2,2.2333333333333334,6,2016,False
2016-06-10,23.1,17.82916666666667,63.208333333333336,1.5875000000000001,3.3,0.0,719.0,0.0,119.0,62.39166666666667,2.6527777777777777,45.5,28.84166666666667,2.5166666666666666,23.7,15.549999999999999,1.8166666666666664,,,,2.4,0.9541666666666667,0.24,O3,2.6527777777777777,6,2016,False
2016-06-11,20.4,18.295833333333334,59.833333333333336,1.8666666666666665,2.9,0.0,11.0,0.0,90.4,59.89166666666667,2.2555555555555555,55.0,36.90833333333333,2.8333333333333335,23.9,16.650000000000002,1.8277777777777775,,,,4.3,1.3875,0.43,NO2,2.8333333333333335,6,2016,False
2016-06-12,21.0,17.233333333333334,84.875,2.6625,5.0,10.700000000000001,111.0,0.0,92.0,58.137499999999996,2.2777777777777777,43.9,20.591666666666665,2.4633333333333334,28.2,17.041666666666668,2.0444444444444443,,,,1.2,0.8166666666666668,0.12,NO2,2.4633333333333334,6,2016,False
2016-06-13,20.1,16.454166666666666,86.125,3.9625,6.6,12.1,117.0,0.0,60.0,39.50833333333333,1.75,38.9,25.8625,2.296666666666667,32.8,13.887500000000001,2.214814814814815,,,,5.2,1.7375,0.52,NO2,2.296666666666667,6,2016,False
2016-06-14,20.5,15.083333333333334,88.75,3.220833333333333,5.9,29.900000000000002,88.0,0.0,59.0,31.670833333333334,1.7291666666666665,54.0,28.241666666666664,2.8,37.0,14.299999999999999,2.3703703703703702,,,,2.7,1.2791666666666668,0.27,NO2,2.8,6,2016,False
2016-06-15,17.5,14.620833333333332,88.625,3.4333333333333336,5.7,9.799999999999999,305.0,0.0,51.9,29.6875,1.5812499999999998,39.7,26.95,2.3233333333333333,18.1,11.141666666666666,1.5055555555555555,,,,6.0,2.920833333333333,0.6000000000000001,NO2,2.3233333333333333,6,2016,False
2016-06-16,18.1,14.299999999999999,86.45833333333333,1.4875,2.2,0.0,17.0,0.0,30.5,10.083333333333334,1.1354166666666667,52.1,37.80416666666667,2.736666666666667,15.4,12.362499999999999,1.3555555555555556,,,,2.8,1.6458333333333333,0.27999999999999997,NO2,2.736666666666667,6,2016,False
2016-06-17,20.2,15.549999999999999,81.83333333333333,4.579166666666667,9.2,1.9,274.0,0.0,71.2,30.483333333333334,1.9833333333333334,49.3,29.933333333333334,2.643333333333333,33.1,14.204166666666666,2.225925925925926,,,,4.1,1.2416666666666667,0.41,NO2,2.643333333333333,6,2016,False
2016-06-18,19.6,15.004166666666668,84.0,3.525,6.4,2.2,188.0,0.0,77.2,34.22083333333333,2.0722222222222224,44.3,27.383333333333336,2.4766666666666666,16.0,11.304166666666667,1.3888888888888888,,,,2.3,0.8625000000000002,0.22999999999999998,NO2,2.4766666666666666,6,2016,False
2016-06-19,18.4,14.933333333333332,76.66666666666667,2.6333333333333333,4.3,0.0,218.0,0.0,77.2,53.479166666666664,2.0722222222222224,42.7,16.8875,2.4233333333333333,22.3,11.554166666666667,1.738888888888889,,,,0.8,0.8000000000000002,0.08000000000000002,NO2,2.4233333333333333,6,2016,False
2016-06-20,21.9,15.3125,72.83333333333333,3.25,6.4,4.3,507.0,0.0,87.5,41.8375,2.2152777777777777,50.0,30.5,2.6666666666666665,24.2,16.545833333333334,1.8444444444444443,,,,8.0,2.066666666666667,0.8,NO2,2.6666666666666665,6,2016,False
2016-06-21,22.5,17.925,86.20833333333333,3.983333333333333,6.0,7.8999999999999995,33.0,0.0,61.3,38.770833333333336,1.7770833333333331,42.3,25.116666666666664,2.41,25.7,15.054166666666667,1.9277777777777776,,,,6.0,2.3458333333333337,0.6000000000000001,NO2,2.41,6,2016,False
2016-06-22,27.3,21.741666666666664,76.83333333333333,2.2875,3.9,1.2,555.0,0.0,89.8,38.125,2.2472222222222222,46.2,26.729166666666668,2.54,28.3,10.383333333333333,2.0481481481481483,,,,1.2,0.8166666666666668,0.12,NO2,2.54,6,2016,False
2016-06-23,33.7,26.1375,61.166666666666664,2.433333333333333,3.3,0.0,928.0,0.0,116.3,57.02916666666667,2.6152777777777776,63.4,38.887499999999996,3.085,22.3,13.525,1.738888888888889,,,,2.8,1.0,0.27999999999999997,NO2,3.085,6,2016,True
2016-06-24,31.5,25.337500000000002,67.66666666666667,2.9166666666666665,5.9,0.0,780.0,0.0,162.6,64.00833333333334,3.19375,79.0,39.983333333333334,3.475,41.2,23.708333333333332,2.525925925925926,,,,0.8,0.8000000000000002,0.08000000000000002,NO2,3.475,6,2016,True
2016-06-25,23.4,19.474999999999998,86.79166666666667,3.6166666666666667,7.2,10.299999999999999,40.0,0.0,88.7,62.550000000000004,2.2319444444444443,44.1,25.083333333333332,2.47,49.6,19.325,2.837037037037037,,,,0.8,0.8000000000000002,0.08000000000000002,PM10,2.837037037037037,6,2016,False
2016-06-26,22.7,17.0,71.25,3.8833333333333333,5.9,0.0,577.0,0.0,71.8,41.94583333333333,1.9958333333333331,32.0,19.595833333333335,2.066666666666667,21.1,12.020833333333334,1.6722222222222223,,,,1.7,0.8624999999999999,0.17,NO2,2.066666666666667,6,2016,False
2016-06-27,19.7,15.916666666666666,77.08333333333333,3.6958333333333333,7.1,0.0,270.0,0.0,61.3,38.208333333333336,1.7770833333333331,38.2,25.3625,2.2733333333333334,14.3,10.258333333333333,1.2944444444444445,,,,2.2,1.0041666666666667,0.22000000000000003,NO2,2.2733333333333334,6,2016,False
2016-06-28,22.4,18.3875,80.04166666666667,2.5208333333333335,4.5,1.4000000000000001,84.0,0.0,70.2,41.07083333333333,1.9625,36.4,25.670833333333334,2.2133333333333334,15.0,10.191666666666666,1.3333333333333333,,,,6.4,1.6791666666666665,0.6400000000000001,NO2,2.2133333333333334,6,2016,False
2016-06-29,23.6,19.95416666666667,67.375,4.858333333333333,8.3,0.3,509.0,0.0,76.6,45.237500000000004,2.0638888888888887,44.6,25.125,2.486666666666667,18.4,10.416666666666666,1.5222222222222221,,,,5.1,1.625,0.51,NO2,2.486666666666667,6,2016,False
2016-06-30,22.3,18.291666666666668,76.875,3.3083333333333336,6.8,0.2,43.0,0.0,59.0,27.087500000000002,1.7291666666666665,55.7,32.15833333333334,2.856666666666667,18.7,13.8375,1.5388888888888888,,,,3.0,1.1333333333333335,0.30000000000000004,NO2,2.856666666666667,6,2016,False
2016-07-01,23.8,20.278260869565216,71.17391304347827,4.334782608695653,8.4,0.0,413.0,0.0,60.4,33.0304347826087,1.7583333333333333,39.7,26.5,2.3233333333333333,17.3,12.4,1.4611111111111112,,,,8.0,1.7608695652173914,0.8,NO2,2.3233333333333333,7,2016,False
2016-07-02,20.4,17.425,75.375,4.204166666666667,8.8,1.8,253.0,0.0,70.6,35.487500000000004,1.9708333333333332,50.9,24.066666666666666,2.6966666666666668,15.7,10.229166666666666,1.3722222222222222,,,,3.1,1.1166666666666667,0.31000000000000005,NO2,2.6966666666666668,7,2016,False
2016-07-03,19.8,15.008333333333333,75.66666666666667,2.4791666666666665,5.8,0.0,161.0,0.0,54.6,31.02916666666667,1.6375,39.3,21.629166666666666,2.31,13.0,9.299999999999999,1.2222222222222223,,,,3.3,1.1500000000000001,0.33,NO2,2.31,7,2016,False
2016-07-04,22.5,16.891666666666666,75.66666666666667,1.75,4.6,0.0,193.0,0.0,53.4,23.787499999999998,1.6124999999999998,52.9,28.712500000000002,2.763333333333333,17.9,13.254166666666668,1.4944444444444445,,,,5.3,1.3833333333333335,0.53,NO2,2.763333333333333,7,2016,False
2016-07-05,23.5,19.379166666666666,71.45833333333333,4.383333333333334,8.5,0.0,208.0,0.0,69.6,33.68333333333333,1.9499999999999997,61.3,28.629166666666666,3.0324999999999998,23.8,14.387500000000001,1.8222222222222222,,,,3.1,1.1208333333333333,0.31000000000000005,NO2,3.0324999999999998,7,2016,False
2016-07-06,22.3,17.20416666666667,62.083333333333336,3.525,5.1,0.0,643.0,0.0,100.2,66.36666666666666,2.3916666666666666,38.3,19.279166666666665,2.2766666666666664,15.3,10.125,1.35,,,,2.1,0.9541666666666667,0.21000000000000002,O3,2.3916666666666666,7,2016,False
2016-07-07,25.3,18.1125,60.583333333333336,1.6333333333333335,2.7,0.0,754.0,0.0,125.2,64.91666666666667,2.738888888888889,67.0,34.74782608695652,3.175,20.6,15.9,1.6444444444444444,,,,2.8,1.25,0.27999999999999997,NO2,3.175,7,2016,False
2016-07-08,28.0,20.45,62.083333333333336,3.4875000000000003,7.9,0.0,408.0,0.0,119.7,61.19583333333333,2.6625,84.9,45.725,3.6225,30.8,21.9375,2.140740740740741,,,,7.4,1.7750000000000001,0.7400000000000001,NO2,3.6225,7,2016,False
2016-07-09,26.6,22.037499999999998,59.125,3.404166666666667,4.9,0.0,512.0,0.0,86.2,61.0375,2.1972222222222224,45.3,18.204166666666666,2.51,20.0,13.933333333333332,1.6111111111111112,,,,0.8,0.8000000000000002,0.08000000000000002,NO2,2.51,7,2016,False
2016-07-10,31.4,23.1125,64.08333333333333,2.279166666666667,4.9,0.0,749.0,0.0,102.4,47.36666666666667,2.4222222222222225,45.0,31.75,2.5,23.5,15.125,1.8055555555555554,,,,16.5,3.5625,1.325,NO2,2.5,7,2016,True
2016-07-11,26.2,22.90416666666667,62.75,5.066666666666666,8.5,0.0,208.0,0.0,65.5,37.68333333333333,1.8645833333333333,56.2,30.170833333333334,2.8733333333333335,21.8,15.729166666666666,1.7111111111111112,,,,5.0,1.9166666666666667,0.5,NO2,2.8733333333333335,7,2016,False
2016-07-12,24.9,20.3625,60.333333333333336,2.995833333333333,4.3,0.0,294.0,0.0,87.8,57.854166666666664,2.2194444444444446,45.2,22.7,2.506666666666667,20.2,14.720833333333333,1.6222222222222222,,,,3.2,0.9916666666666667,0.32000000000000006,NO2,2.506666666666667,7,2016,False
2016-07-13,21.4,17.462500000000002,68.08333333333333,3.4499999999999997,6.0,3.7,335.0,0.0,68.6,50.666666666666664,1.9291666666666665,42.7,20.400000000000002,2.4233333333333333,19.4,11.825000000000001,1.5777777777777775,,,,5.3,1.5999999999999999,0.53,NO2,2.4233333333333333,7,2016,False
2016-07-14,19.0,16.316666666666666,60.208333333333336,4.891666666666667,5.9,0.0,355.0,0.0,62.4,51.862500000000004,1.7999999999999998,24.1,16.01666666666667,1.705,17.1,10.370833333333334,1.4500000000000002,,,,0.8,0.8000000000000002,0.08000000000000002,O3,1.7999999999999998,7,2016,False
2016-07-15,20.7,16.175,61.0,4.1375,5.7,0.0,451.0,0.0,74.9,52.887499999999996,2.040277777777778,38.7,19.416666666666668,2.29,16.2,11.304166666666667,1.4,,,,1.8,0.8625000000000002,0.18000000000000002,NO2,2.29,7,2016,False
2016-07-16,23.0,17.554166666666667,68.29166666666667,2.8958333333333335,6.0,0.0,183.0,0.0,77.6,39.84583333333333,2.0777777777777775,53.6,30.412499999999998,2.7866666666666666,23.0,15.15,1.7777777777777777,,,,9.4,1.6833333333333336,0.9400000000000001,NO2,2.7866666666666666,7,2016,False
2016-07-17,27.7,22.462500000000002,65.33333333333333,3.0500000000000003,5.5,0.0,400.0,0.0,64.4,37.11666666666667,1.8416666666666668,40.8,21.412499999999998,2.36,22.7,13.183333333333332,1.761111111111111,,,,5.7,1.1666666666666667,0.5700000000000001,NO2,2.36,7,2016,False
2016-07-18,29.7,23.325,59.083333333333336,2.095833333333333,3.6,0.0,775.0,0.0,108.5,59.43333333333334,2.5069444444444446,37.8,21.241666666666667,2.26,21.4,11.8375,1.6888888888888887,,,,3.1,1.0041666666666667,0.31000000000000005,O3,2.5069444444444446,7,2016,False
2016-07-19,31.9,23.9375,55.833333333333336,1.7625,2.8,0.0,882.0,0.0,143.5,73.53333333333333,2.9930555555555554,59.6,41.425000000000004,2.986666666666667,27.6,19.662499999999998,2.022222222222222,,,,2.2,1.0,0.22000000000000003,O3,2.9930555555555554,7,2016,True
2016-07-20,34.9,26.870833333333334,49.458333333333336,2.5708333333333333,3.9,0.0,789.0,0.0,161.0,78.69166666666666,3.1770833333333335,83.0,42.0625,3.575,28.0,19.929166666666667,2.037037037037037,,,,6.7,1.7666666666666666,0.67,NO2,3.575,7,2016,True
2016-07-21,25.3,21.925,79.91666666666667,2.5375,6.9,8.6,178.0,0.0,96.7,59.27916666666667,2.3430555555555554,88.3,44.574999999999996,3.7075,40.1,23.166666666666668,2.4851851851851854,,,,0.8,0.8000000000000002,0.08000000000000002,NO2,3.7075,7,2016,False
2016-07-22,30.2,23.166666666666668,73.75,2.35,6.8,11.899999999999999,419.0,0.0,146.0,58.28333333333333,3.0208333333333335,77.8,35.38333333333333,3.445,31.3,21.820833333333336,2.1592592592592594,,,,0.8,0.8000000000000002,0.08000000000000002,NO2,3.445,7,2016,False
2016-07-23,26.1,21.1875,85.45833333333333,2.4458333333333333,4.1,13.7,131.0,0.0,95.1,63.00416666666666,2.3208333333333333,38.4,24.129166666666666,2.28,25.7,17.291666666666668,1.9277777777777776,,,,0.8,0.8000000000000002,0.08000000000000002,O3,2.3208333333333333,7,2016,False
2016-07-24,25.7,22.083333333333332,82.54166666666667,1.6791666666666665,3.7,1.0,55.0,0.0,91.1,55.55416666666667,2.2652777777777775,37.1,20.941666666666666,2.236666666666667,28.2,20.979166666666668,2.0444444444444443,,,,1.9,0.8458333333333333,0.19,O3,2.2652777777777775,7,2016,False
2016-07-25,28.2,23.3875,73.75,2.3291666666666666,4.4,0.0,524.0,0.0,122.5,58.67916666666667,2.701388888888889,47.4,26.079166666666666,2.58,41.3,24.441666666666666,2.5296296296296292,,,,0.8,0.8000000000000002,0.08000000000000002,O3,2.701388888888889,7,2016,False
2016-07-26,28.2,22.454166666666666,73.79166666666667,1.8208333333333335,4.5,0.0,404.0,0.0,80.7,35.87083333333333,2.1208333333333336,46.0,32.604166666666664,2.533333333333333,23.6,17.970833333333335,1.8111111111111111,,,,3.2,1.0333333333333334,0.32000000000000006,NO2,2.533333333333333,7,2016,False
2016-07-27,25.8,21.395833333333332,70.70833333333333,2.9916666666666667,6.6,0.0,501.0,0.0,93.1,46.64166666666667,2.2930555555555556,43.5,24.104166666666668,2.45,48.7,23.995833333333334,2.803703703703704,,,,0.8,0.8000000000000002,0.08000000000000002,PM10,2.803703703703704,7,2016,False
2016-07-28,25.0,20.304166666666667,74.04166666666667,2.9583333333333335,5.3,5.7,205.0,0.0,89.2,45.07916666666667,2.238888888888889,53.8,25.675,2.793333333333333,24.7,16.320833333333333,1.8722222222222222,,,,7.4,1.2750000000000001,0.7400000000000001,NO2,2.793333333333333,7,2016,False
2016-07-29,26.3,20.804166666666667,77.45833333333333,4.408333333333333,8.3,0.7999999999999999,234.0,0.0,73.3,38.4375,2.0180555555555557,35.9,23.058333333333334,2.1966666666666668,26.5,13.858333333333334,1.9722222222222223,,,,2.1,0.9416666666666668,0.21000000000000002,NO2,2.1966666666666668,7,2016,False
2016-07-30,26.4,21.900000000000002,66.95833333333333,3.0583333333333336,4.5,0.0,246.0,0.0,77.7,41.666666666666664,2.0791666666666666,47.8,24.695833333333336,2.5933333333333333,12.8,9.758333333333333,1.2111111111111112,,,,2.2,0.9541666666666667,0.22000000000000003,NO2,2.5933333333333333,7,2016,False
2016-07-31,23.5,19.704166666666666,70.75,3.220833333333333,7.6,0.1,179.0,0.0,71.1,46.12083333333334,1.9812499999999997,45.5,20.145833333333332,2.5166666666666666,16.4,11.9125,1.411111111111111,,,,0.8,0.8000000000000002,0.08000000000000002,NO2,2.5166666666666666,7,2016,False
2016-08-01,23.8,18.082608695652173,65.69565217391305,2.88695652173913,5.7,0.0,630.0,0.0,88.4,55.86521739130435,2.227777777777778,45.9,24.7,2.53,20.1,11.517391304347825,1.6166666666666667,,,,4.1,1.2869565217391306,0.41,NO2,2.53,8,2016,False
2016-08-02,17.8,16.425,90.625,3.345833333333333,5.8,12.3,0.0,0.0,48.5,28.6125,1.5104166666666665,53.6,33.87916666666667,2.7866666666666666,20.1,15.583333333333334,1.6166666666666667,,,,3.6,1.0833333333333333,0.36000000000000004,NO2,2.7866666666666666,8,2016,False
2016-08-03,21.6,19.0625,92.79166666666667,3.891666666666667,6.1,11.2,36.0,0.0,48.0,24.170833333333334,1.5,41.5,24.879166666666666,2.3833333333333333,16.5,11.270833333333334,1.4166666666666665,,,,2.9,1.0250000000000001,0.29,NO2,2.3833333333333333,8,2016,False
2016-08-04,21.1,18.754166666666666,93.5,2.5625,4.7,4.5,2.0,0.0,27.4,12.858333333333334,1.0708333333333333,45.1,31.213043478260868,2.5033333333333334,26.9,17.216666666666665,1.9944444444444445,,,,1.5,0.8458333333333333,0.15000000000000002,NO2,2.5033333333333334,8,2016,False
2016-08-05,22.3,18.029166666666665,77.16666666666667,3.1041666666666665,4.9,0.0,449.0,0.0,73.6,34.333333333333336,2.022222222222222,47.2,21.34166666666667,2.5733333333333333,25.5,14.9375,1.9166666666666665,,,,0.8,0.8000000000000002,0.08000000000000002,NO2,2.5733333333333333,8,2016,False
2016-08-06,24.7,18.900000000000002,72.875,2.6750000000000003,4.0,0.0,378.0,0.0,85.1,54.15416666666667,2.1819444444444445,35.5,19.625,2.183333333333333,16.6,11.8375,1.4222222222222223,,,,3.2,1.0125,0.32000000000000006,NO2,2.183333333333333,8,2016,False
2016-08-07,27.1,19.787499999999998,69.25,2.4,4.4,0.0,809.0,0.0,91.3,58.18333333333334,2.2680555555555557,38.6,24.59166666666667,2.2866666666666666,22.0,14.270833333333334,1.7222222222222223,,,,4.9,1.8,0.49000000000000005,NO2,2.2866666666666666,8,2016,False
2016-08-08,27.1,20.525000000000002,66.5,4.6875,8.8,0.0,568.0,0.0,89.8,39.65416666666667,2.2472222222222222,50.1,29.77916666666667,2.67,27.6,18.108333333333334,2.022222222222222,,,,4.3,1.3625,0.43,NO2,2.67,8,2016,False
2016-08-09,21.6,17.974999999999998,62.041666666666664,3.533333333333333,6.0,0.5,282.0,0.0,84.0,52.85,2.1666666666666665,39.9,16.954166666666666,2.33,21.0,14.862499999999999,1.6666666666666665,,,,3.5,1.1416666666666668,0.35000000000000003,NO2,2.33,8,2016,False
2016-08-10,17.7,13.975000000000001,68.625,3.1791666666666667,5.6,3.0,286.0,0.0,65.2,41.329166666666666,1.8583333333333334,30.9,19.341666666666665,2.03,22.7,13.945833333333333,1.761111111111111,,,,2.7,1.1666666666666667,0.27,NO2,2.03,8,2016,False
2016-08-11,19.3,13.387500000000001,71.16666666666667,3.454166666666667,7.8,0.7000000000000001,366.0,0.0,68.2,37.243478260869566,1.9208333333333334,50.2,27.104347826086954,2.6733333333333333,19.1,14.15,1.5611111111111111,,,,4.5,1.3608695652173914,0.45,NO2,2.6733333333333333,8,2016,False
2016-08-12,22.7,16.708333333333332,87.375,3.8166666666666664,5.1,2.1,16.0,0.0,47.4,23.258333333333336,1.4874999999999998,48.9,28.741666666666664,2.63,21.6,15.700000000000001,1.7000000000000002,,,,2.9,1.0458333333333334,0.29,NO2,2.63,8,2016,False
2016-08-13,28.5,21.108333333333334,70.70833333333333,3.329166666666666,5.4,0.0,716.0,0.0,95.2,39.2125,2.3222222222222224,50.7,26.8625,2.69,29.2,15.429166666666667,2.0814814814814815,,,,4.4,1.1958333333333335,0.44000000000000006,NO2,2.69,8,2016,False
2016-08-14,26.4,20.675,68.91666666666667,1.8833333333333335,5.8,0.0,578.0,0.0,103.8,56.05833333333334,2.4416666666666664,45.6,25.666666666666668,2.52,27.1,18.533333333333335,2.0037037037037035,,,,2.6,0.9500000000000001,0.26,NO2,2.52,8,2016,False
2016-08-15,27.0,21.670833333333334,56.208333333333336,3.6,4.5,0.0,669.0,0.0,97.9,63.762499999999996,2.3597222222222225,55.3,26.270833333333332,2.8433333333333333,17.8,14.020833333333334,1.488888888888889,,,,0.8,0.8000000000000002,0.08000000000000002,NO2,2.8433333333333333,8,2016,False
2016-08-16,26.7,20.645833333333332,53.916666666666664,2.766666666666667,3.6,0.0,784.0,0.0,102.2,57.8125,2.4194444444444443,53.7,31.570833333333336,2.79,20.9,16.962500000000002,1.661111111111111,,,,2.4,0.9249999999999999,0.24,NO2,2.79,8,2016,False
2016-08-17,25.2,20.2375,50.708333333333336,2.475,3.2,0.0,789.0,0.0,97.3,59.050000000000004,2.3513888888888888,69.2,34.025,3.23,22.4,18.004166666666666,1.7444444444444445,,,,1.9,0.8708333333333335,0.19,NO2,3.23,8,2016,False
2016-08-18,24.7,19.075,59.708333333333336,2.4875000000000003,5.1,0.0,474.0,0.0,100.7,46.4625,2.3986111111111112,61.0,44.22083333333333,3.025,29.0,18.983333333333334,2.074074074074074,,,,6.5,2.0708333333333333,0.65,NO2,3.025,8,2016,False
2016-08-19,25.3,20.133333333333333,76.16666666666667,3.1333333333333333,5.3,0.0,322.0,0.0,103.7,51.80833333333334,2.4402777777777778,63.7,37.395833333333336,3.0925000000000002,101.9,31.125,4.264444444444445,,,,3.4,1.7958333333333334,0.34,PM10,4.264444444444445,8,2016,False
2016-08-20,21.1,17.958333333333332,87.79166666666667,3.466666666666667,5.4,5.4,127.0,0.0,47.8,37.4125,1.4958333333333331,34.8,27.420833333333334,2.1599999999999997,16.7,14.216666666666667,1.4277777777777776,,,,4.6,1.7375,0.45999999999999996,NO2,2.1599999999999997,8,2016,False
2016-08-21,20.1,16.474999999999998,82.95833333333333,4.7250000000000005,7.6,2.2,346.0,0.0,64.3,38.88333333333333,1.8395833333333331,35.3,19.995833333333334,2.1766666666666667,18.8,11.575000000000001,1.5444444444444445,,,,10.0,2.85,1.0,NO2,2.1766666666666667,8,2016,False
2016-08-22,21.6,16.75,80.45833333333333,3.858333333333333,5.8,0.0,175.0,0.0,51.0,32.62916666666667,1.5625,55.5,27.175,2.85,14.8,10.625,1.3222222222222222,,,,5.4,1.9041666666666668,0.54,NO2,2.85,8,2016,False
2016-08-23,28.1,19.925,69.0,1.3375000000000001,2.3,0.0,794.0,0.0,95.0,33.84583333333333,2.3194444444444446,80.1,41.19166666666667,3.5025,22.1,15.799999999999999,1.7277777777777779,,,,8.1,2.6958333333333333,0.81,NO2,3.5025,8,2016,False
2016-08-24,31.3,23.625,60.083333333333336,2.766666666666667,4.1,0.0,801.0,0.0,117.1,52.68333333333334,2.6263888888888887,93.7,44.84166666666667,3.8425000000000002,23.3,16.670833333333334,1.7944444444444443,,,,2.9,1.0916666666666666,0.29,NO2,3.8425000000000002,8,2016,True
2016-08-25,32.3,24.704166666666666,56.916666666666664,2.6833333333333336,4.1,0.0,796.0,0.0,120.8,53.337500000000006,2.6777777777777776,106.1,55.56666666666666,4.122,27.3,21.2625,2.011111111111111,,,,2.2,1.0583333333333333,0.22000000000000003,NO2,4.122,8,2016,True
2016-08-26,33.7,24.55,58.583333333333336,1.8666666666666665,2.6,0.0,779.0,0.0,147.9,60.416666666666664,3.040625,118.3,67.77916666666667,4.366,32.2,24.191666666666666,2.1925925925925926,,,,13.6,3.4375,1.18,NO2,4.366,8,2016,True
2016-08-27,34.9,27.09166666666667,57.958333333333336,2.158333333333333,2.7,0.0,760.0,0.0,172.5,81.575,3.296875,87.2,53.50416666666666,3.68,37.8,28.1875,2.4,,,,1.3,0.8208333333333334,0.13,NO2,3.68,8,2016,True
2016-08-28,34.4,25.183333333333334,62.125,3.9875000000000003,9.7,0.0,589.0,0.0,142.0,71.92083333333333,2.9722222222222223,72.7,36.550000000000004,3.3175,34.0,25.316666666666666,2.259259259259259,,,,5.6,1.2,0.5599999999999999,NO2,3.3175,8,2016,True
2016-08-29,25.8,21.462500000000002,63.75,3.0208333333333335,5.6,0.0,507.0,0.0,68.3,51.81666666666666,1.9229166666666666,58.7,24.041666666666668,2.956666666666667,26.2,17.254166666666666,1.9555555555555555,,,,2.2,0.9500000000000001,0.22000000000000003,NO2,2.956666666666667,8,2016,False
2016-08-30,24.9,20.783333333333335,56.083333333333336,3.0833333333333335,4.1,0.0,733.0,0.0,82.8,52.51666666666667,2.15,56.3,29.587500000000002,2.8766666666666665,18.4,12.016666666666666,1.5222222222222221,,,,2.0,0.9041666666666668,0.2,NO2,2.8766666666666665,8,2016,False
2016-08-31,27.7,21.070833333333333,49.083333333333336,2.2041666666666666,3.4,0.0,737.0,0.0,102.2,53.51666666666667,2.4194444444444443,102.6,46.800000000000004,4.052,27.1,14.987499999999999,2.0037037037037035,,,,4.4,1.679166666666667,0.44000000000000006,NO2,4.052,8,2016,False
2016-09-01,27.7,22.530434782608697,56.69565217391305,2.2304347826086954,4.3,0.0,515.0,0.0,109.4,62.18695652173913,2.5194444444444444,90.0,49.440909090909095,3.75,32.4,22.769565217391307,2.1999999999999997,,,,1.6,0.8695652173913043,0.16000000000000003,NO2,3.75,9,2016,False
2016-09-02,26.4,20.191666666666666,66.54166666666667,1.7249999999999999,3.5,0.0,576.0,0.0,101.0,45.12083333333334,2.4027777777777777,70.5,45.37916666666666,3.2625,47.0,27.429166666666664,2.7407407407407405,,,,10.6,1.925,1.03,NO2,3.2625,9,2016,False
2016-09-03,27.5,20.754166666666666,67.79166666666667,2.4791666666666665,4.5,0.0,429.0,0.0,105.7,47.21666666666667,2.4680555555555554,67.7,47.05833333333334,3.1925,31.7,20.075,2.174074074074074,,,,7.6,2.566666666666667,0.76,NO2,3.1925,9,2016,False
2016-09-04,20.9,17.912499999999998,82.33333333333333,4.033333333333333,6.9,5.7,83.0,0.0,56.4,36.641666666666666,1.6749999999999998,73.0,36.38333333333333,3.325,38.2,19.412499999999998,2.414814814814815,,,,8.0,1.9708333333333332,0.8,NO2,3.325,9,2016,False
2016-09-05,22.0,17.858333333333334,70.91666666666667,4.125,6.1,0.0,120.0,0.0,59.2,41.208333333333336,1.7333333333333334,51.1,23.929166666666664,2.703333333333333,24.7,15.354166666666666,1.8722222222222222,,,,0.8,0.8000000000000002,0.08000000000000002,NO2,2.703333333333333,9,2016,False
2016-09-06,25.9,18.224999999999998,68.41666666666667,1.5916666666666668,3.3,0.0,717.0,0.0,76.7,28.462500000000002,2.0652777777777778,72.4,41.9625,3.31,31.9,16.395833333333332,2.1814814814814816,,,,2.8,1.0708333333333333,0.27999999999999997,NO2,3.31,9,2016,False
2016-09-07,27.3,20.5125,62.0,2.595833333333333,3.8,0.0,729.0,0.0,99.1,46.0625,2.3763888888888887,88.7,43.7875,3.7175000000000002,31.3,17.004166666666666,2.1592592592592594,,,,1.8,0.9541666666666667,0.18000000000000002,NO2,3.7175000000000002,9,2016,False
2016-09-08,29.1,21.5625,66.33333333333333,2.9291666666666667,5.6,0.0,711.0,0.0,136.2,52.5625,2.8916666666666666,91.4,53.237500000000004,3.785,41.5,23.929166666666664,2.537037037037037,,,,7.8,1.8625,0.78,NO2,3.785,9,2016,False
2016-09-09,27.2,21.875,67.33333333333333,1.8416666666666668,5.3,0.0,485.0,0.0,114.3,70.36666666666666,2.5875,79.9,44.458333333333336,3.4975,39.4,27.21666666666667,2.4592592592592593,,,,3.7,1.6666666666666667,0.37000000000000005,NO2,3.4975,9,2016,False
2016-09-10,29.7,22.27916666666667,66.04166666666667,1.8583333333333334,3.4,0.0,673.0,0.0,142.2,59.925000000000004,2.9749999999999996,95.9,51.612500000000004,3.8975,50.4,27.05,2.8666666666666667,,,,3.1,1.0333333333333334,0.31000000000000005,NO2,3.8975,9,2016,False
2016-09-11,29.5,22.054166666666664,62.333333333333336,1.7125000000000001,3.0,0.0,657.0,0.0,118.6,60.20416666666666,2.647222222222222,93.1,43.97083333333333,3.8274999999999997,39.6,23.47083333333333,2.466666666666667,,,,4.9,1.2125000000000001,0.49000000000000005,NO2,3.8274999999999997,9,2016,False
2016-09-12,31.5,23.816666666666666,56.708333333333336,1.9583333333333333,2.9,0.0,685.0,0.0,126.3,50.23333333333333,2.7541666666666664,111.3,63.34166666666667,4.226,45.2,28.104166666666668,2.674074074074074,,,,4.1,1.7750000000000001,0.41,NO2,4.226,9,2016,True
2016-09-13,32.4,24.083333333333332,61.25,1.8708333333333333,2.8,0.0,684.0,0.0,120.7,48.1,2.676388888888889,101.9,62.74583333333334,4.038,58.9,36.925000000000004,3.136111111111111,,,,4.0,1.866666666666667,0.4,NO2,4.038,9,2016,True
2016-09-14,31.2,24.820833333333336,50.0,2.6374999999999997,3.8,0.0,668.0,0.0,129.7,52.525,2.801388888888889,118.3,66.54583333333333,4.366,50.3,40.11666666666667,2.8629629629629627,,,,4.0,1.2,0.4,NO2,4.366,9,2016,True
2016-09-15,28.3,22.879166666666666,57.458333333333336,3.9124999999999996,6.1,0.0,526.0,0.0,125.9,79.96249999999999,2.748611111111111,88.6,40.420833333333334,3.715,48.1,37.30416666666667,2.7814814814814817,,,,3.4,1.4333333333333333,0.34,NO2,3.715,9,2016,False
2016-09-16,20.4,17.991666666666667,76.04166666666667,3.7875,5.8,0.0,13.0,0.0,73.1,42.525,2.0152777777777775,55.3,32.36666666666667,2.8433333333333333,21.3,11.470833333333333,1.6833333333333333,,,,4.5,1.1125,0.45,NO2,2.8433333333333333,9,2016,False
2016-09-17,21.1,16.099999999999998,82.70833333333333,2.8083333333333336,4.7,7.0,31.0,0.0,57.7,25.916666666666668,1.7020833333333334,48.2,34.916666666666664,2.606666666666667,32.7,17.225,2.2111111111111112,,,,9.7,1.6041666666666667,0.97,NO2,2.606666666666667,9,2016,False
2016-09-18,20.7,18.150000000000002,75.41666666666667,4.741666666666666,6.1,4.2,70.0,0.0,68.9,57.525,1.9354166666666668,24.1,14.029166666666667,1.705,29.7,17.787499999999998,2.1,,,,0.8,0.8000000000000002,0.08000000000000002,PM10,2.1,9,2016,False
2016-09-19,17.4,15.379166666666668,73.875,3.15,4.9,0.0,0.0,0.0,59.2,35.49583333333333,1.7333333333333334,63.5,29.870833333333334,3.0875,31.3,17.958333333333332,2.1592592592592594,,,,1.2,0.8166666666666668,0.12,NO2,3.0875,9,2016,False
2016-09-20,18.6,15.808333333333335,74.08333333333333,2.158333333333333,3.0,0.0,0.0,0.0,45.2,25.333333333333332,1.4416666666666667,56.0,32.025,2.8666666666666667,37.0,22.90833333333333,2.3703703703703702,,,,0.8,0.8000000000000002,0.08000000000000002,NO2,2.8666666666666667,9,2016,False
2016-09-21,19.1,14.195833333333333,63.791666666666664,2.1083333333333334,3.4,0.0,589.0,0.0,67.3,30.90833333333333,1.9020833333333331,78.7,42.625,3.4675000000000002,26.0,16.2625,1.9444444444444444,,,,2.2,1.0583333333333333,0.22000000000000003,NO2,3.4675000000000002,9,2016,False
2016-09-22,21.1,14.0,70.54166666666667,1.6166666666666665,2.3,0.0,536.0,0.0,66.2,20.920833333333334,1.8791666666666667,86.6,54.458333333333336,3.665,27.2,19.716666666666665,2.0074074074074075,,,,4.9,1.7583333333333335,0.49000000000000005,NO2,3.665,9,2016,False
2016-09-23,22.9,15.058333333333332,72.95833333333333,1.5875000000000001,3.1,0.0,554.0,0.0,81.4,26.175,2.1305555555555555,76.1,54.92916666666667,3.4025,30.3,21.070833333333333,2.1222222222222222,,,,14.8,3.4250000000000003,1.24,NO2,3.4025,9,2016,False
2016-09-24,23.4,15.383333333333333,71.66666666666667,1.4666666666666668,2.2,0.0,642.0,0.0,105.7,28.241666666666664,2.4680555555555554,109.6,59.67083333333333,4.192,41.8,27.787499999999998,2.5481481481481483,,,,19.0,3.7125,1.45,NO2,4.192,9,2016,False
2016-09-25,24.8,16.479166666666668,71.91666666666667,2.1,3.8,0.0,648.0,0.0,98.3,40.3,2.3652777777777776,91.3,50.395833333333336,3.7824999999999998,33.3,23.808333333333334,2.2333333333333334,,,,9.4,2.308333333333333,0.9400000000000001,NO2,3.7824999999999998,9,2016,False
2016-09-26,21.4,17.75,68.0,2.6,4.0,0.0,199.0,0.0,59.7,34.074999999999996,1.74375,72.8,32.137499999999996,3.32,30.8,17.120833333333334,2.140740740740741,,,,2.7,1.225,0.27,NO2,3.32,9,2016,False
2016-09-27,21.8,17.008333333333333,76.08333333333333,1.7,2.6,0.0,313.0,0.0,71.1,27.5,1.9812499999999997,77.8,40.49583333333333,3.445,41.9,22.879166666666666,2.551851851851852,,,,2.4,1.1125,0.24,NO2,3.445,9,2016,False
2016-09-28,22.7,15.916666666666666,78.20833333333333,4.0,8.4,0.0,285.0,0.0,70.9,19.425,1.9770833333333333,66.4,40.78333333333333,3.16,58.1,25.995833333333334,3.113888888888889,,,,3.1,1.1125,0.31000000000000005,NO2,3.16,9,2016,False
2016-09-29,25.8,18.433333333333334,68.125,4.795833333333333,9.3,0.0,602.0,0.0,83.8,34.94166666666667,2.1638888888888888,57.3,39.704166666666666,2.91,29.2,15.841666666666667,2.0814814814814815,,,,3.6,1.3541666666666667,0.36000000000000004,NO2,2.91,9,2016,False
2016-09-30,17.7,15.691666666666668,82.375,2.5166666666666666,4.7,0.3,0.0,0.0,50.7,24.96666666666667,1.55625,65.3,42.30833333333333,3.1325,27.5,16.425,2.0185185185185186,,,,15.1,1.9583333333333333,1.255,NO2,3.1325,9,2016,False
2016-10-01,17.1,14.608695652173912,95.65217391304348,3.1608695652173915,6.2,15.1,7.0,0.0,48.1,17.213043478260868,1.5020833333333332,55.8,39.986956521739124,2.86,33.1,15.004347826086958,2.225925925925926,,,,4.5,1.2391304347826086,0.45,NO2,2.86,10,2016,False
2016-10-02,16.7,13.241666666666667,82.375,5.175,9.3,1.2,357.0,0.0,62.2,37.012499999999996,1.7958333333333334,29.2,18.75,1.96,19.9,8.1,1.6055555555555554,,,,1.3,0.8375,0.13,NO2,1.96,10,2016,False
2016-10-03,14.0,11.983333333333334,88.25,3.9458333333333333,5.4,2.5,16.0,0.0,41.5,32.925000000000004,1.3645833333333333,42.2,22.5625,2.4066666666666667,18.2,11.895833333333334,1.511111111111111,,,,0.8,0.8000000000000002,0.08000000000000002,NO2,2.4066666666666667,10,2016,False
2016-10-04,15.6,10.891666666666666,81.04166666666667,2.408333333333333,4.9,0.0,104.0,0.0,48.9,19.041666666666668,1.5187499999999998,51.0,34.80416666666667,2.7,30.3,12.375,2.1222222222222222,,,,3.0,1.1125,0.30000000000000004,NO2,2.7,10,2016,False
2016-10-05,13.7,10.1,68.08333333333333,3.6875,6.5,0.0,475.0,0.0,51.4,26.0125,1.5708333333333333,60.5,35.295833333333334,3.0125,13.9,7.6375,1.2722222222222221,,,,0.8,0.8000000000000002,0.08000000000000002,NO2,3.0125,10,2016,False
2016-10-06,11.7,9.75,75.45833333333333,4.766666666666667,6.2,0.0,13.0,0.0,43.6,29.2,1.4083333333333332,39.2,24.854166666666668,2.3066666666666666,12.1,9.012500000000001,1.1722222222222223,,,,0.8,0.8000000000000002,0.08000000000000002,NO2,2.3066666666666666,10,2016,False
2016-10-07,13.8,11.779166666666667,80.58333333333333,3.2083333333333335,4.5,0.0,26.0,0.0,30.3,16.633333333333333,1.13125,50.9,27.691666666666666,2.6966666666666668,13.9,7.45,1.2722222222222221,,,,0.8,0.8000000000000002,0.08000000000000002,NO2,2.6966666666666668,10,2016,False
2016-10-08,12.6,9.9375,81.33333333333333,2.5416666666666665,4.1,0.5,82.0,0.0,43.0,17.066666666666666,1.3958333333333333,55.9,33.27916666666667,2.8633333333333333,18.2,10.379166666666666,1.511111111111111,,,,0.8,0.8000000000000002,0.08000000000000002,NO2,2.8633333333333333,10,2016,False
2016-10-09,12.2,9.008333333333333,81.41666666666667,1.7041666666666666,3.5,0.0,48.0,0.0,42.9,17.099999999999998,1.3937499999999998,56.3,30.22083333333333,2.8766666666666665,19.7,11.424999999999999,1.5944444444444443,,,,0.8,0.8000000000000002,0.08000000000000002,NO2,2.8766666666666665,10,2016,False
2016-10-10,11.8,8.908333333333333,81.79166666666667,1.45,2.4,0.0,120.0,0.0,28.7,7.5,1.0979166666666667,57.5,40.87916666666667,2.9166666666666665,46.8,15.987499999999999,2.7333333333333334,,,,3.1,1.1208333333333333,0.31000000000000005,NO2,2.9166666666666665,10,2016,False
2016-10-11,11.9,9.283333333333333,74.16666666666667,2.725,5.5,0.0,167.0,0.0,43.1,11.583333333333334,1.3979166666666667,51.6,39.729166666666664,2.72,27.1,17.666666666666668,2.0037037037037035,,,,2.7,1.0708333333333335,0.27,NO2,2.72,10,2016,False
2016-10-12,9.9,8.858333333333333,84.5,2.3958333333333335,4.8,0.0,21.0,0.0,17.4,5.795833333333333,0.7249999999999999,39.8,27.52916666666667,2.3266666666666667,34.9,16.616666666666667,2.2925925925925927,,,,1.3,0.8791666666666668,0.13,NO2,2.3266666666666667,10,2016,False
2016-10-13,11.6,7.925,77.70833333333333,3.2375000000000003,4.9,0.0,74.0,0.0,25.5,7.091666666666666,1.03125,45.4,29.516666666666666,2.513333333333333,14.4,9.070833333333333,1.3,,,,2.3,1.0958333333333334,0.22999999999999998,NO2,2.513333333333333,10,2016,False
2016-10-14,14.5,10.450000000000001,71.625,2.8958333333333335,3.7,0.0,242.0,0.0,22.8,11.362499999999999,0.95,65.3,37.5875,3.1325,22.4,16.033333333333335,1.7444444444444445,,,,2.0,1.0,0.2,NO2,3.1325,10,2016,False
2016-10-15,15.2,11.387500000000001,86.375,2.629166666666667,5.7,0.0,8.0,0.0,25.0,5.770833333333333,1.0208333333333333,50.9,36.5625,2.6966666666666668,32.8,21.325,2.214814814814815,,,,8.8,2.2,0.8800000000000001,NO2,2.6966666666666668,10,2016,False
2016-10-16,17.8,10.6125,87.58333333333333,1.4208333333333334,2.2,0.0,543.0,0.0,27.6,6.3374999999999995,1.075,78.3,36.80416666666667,3.4575,24.9,14.458333333333334,1.8833333333333333,,,,8.9,2.7541666666666664,0.8900000000000001,NO2,3.4575,10,2016,False
2016-10-17,13.0,9.883333333333333,96.33333333333333,1.6333333333333335,2.6,0.1,26.0,0.0,8.8,2.3291666666666666,0.3666666666666667,58.9,45.90416666666667,2.9633333333333334,60.4,37.300000000000004,3.1777777777777776,,,,7.6,3.5541666666666667,0.76,PM10,3.1777777777777776,10,2016,False
2016-10-18,15.1,11.049999999999999,93.66666666666667,2.566666666666667,4.9,0.9,41.0,0.0,26.9,9.866666666666667,1.0604166666666666,52.9,37.59166666666667,2.763333333333333,42.3,20.691666666666666,2.5666666666666664,,,,4.0,1.7958333333333334,0.4,NO2,2.763333333333333,10,2016,False
2016-10-19,12.2,9.625,85.70833333333333,5.2625,8.5,3.6,22.0,0.0,46.6,30.59583333333333,1.4708333333333332,49.4,28.8,2.6466666666666665,16.1,9.391666666666667,1.3944444444444444,,,,2.6,1.0458333333333334,0.26,NO2,2.6466666666666665,10,2016,False
2016-10-20,9.3,7.679166666666667,96.375,2.7125,4.2,7.0,0.0,0.0,31.9,15.758333333333333,1.1645833333333333,59.0,38.94166666666667,2.966666666666667,26.5,13.279166666666667,1.9722222222222223,,,,3.3,1.2375,0.33,NO2,2.966666666666667,10,2016,False
2016-10-21,9.5,7.2124999999999995,92.83333333333333,2.275,4.1,0.30000000000000004,0.0,0.0,33.2,9.675,1.1916666666666667,46.2,32.74583333333333,2.54,28.7,18.979166666666668,2.062962962962963,,,,0.8,0.8000000000000002,0.08000000000000002,NO2,2.54,10,2016,False
2016-10-22,10.3,7.55,96.5,2.9499999999999997,4.3,3.5,14.0,0.0,26.2,8.170833333333333,1.0458333333333334,42.0,32.34166666666667,2.4,33.9,20.116666666666667,2.2555555555555555,,,,4.6,1.9583333333333333,0.45999999999999996,NO2,2.4,10,2016,False
2016-10-23,11.4,7.75,90.75,2.220833333333333,3.8,0.0,40.0,0.0,26.0,8.741666666666667,1.0416666666666667,48.0,28.041666666666668,2.6,27.5,17.541666666666668,2.0185185185185186,,,,0.8,0.8000000000000002,0.08000000000000002,NO2,2.6,10,2016,False
2016-10-24,11.0,9.654166666666667,97.375,1.9083333333333332,3.2,17.0,0.0,0.0,4.2,1.4333333333333333,0.175,40.1,35.333333333333336,2.336666666666667,27.2,16.337500000000002,2.0074074074074075,,,,2.1,1.1791666666666667,0.21000000000000002,NO2,2.336666666666667,10,2016,False
2016-10-25,14.1,11.820833333333333,90.75,2.0083333333333333,3.1,3.2,6.0,0.0,24.3,5.433333333333334,1.00625,55.1,33.166666666666664,2.836666666666667,30.7,14.079166666666666,2.137037037037037,,,,3.5,1.3083333333333333,0.35000000000000003,NO2,2.836666666666667,10,2016,False
2016-10-26,12.0,9.674999999999999,85.20833333333333,1.7750000000000001,3.3,0.0,35.0,0.0,32.8,9.141666666666667,1.1833333333333333,59.3,39.41428571428572,2.9766666666666666,32.9,22.458333333333332,2.2185185185185183,,,,2.1,1.0166666666666668,0.21000000000000002,NO2,2.9766666666666666,10,2016,False
2016-10-27,13.0,7.9125000000000005,93.33333333333333,1.8041666666666665,3.3,0.0,88.0,0.0,24.0,4.741666666666666,1.0,64.1,41.059090909090905,3.1025,47.9,33.954166666666666,2.774074074074074,,,,9.0,2.966666666666667,0.9,NO2,3.1025,10,2016,False
2016-10-28,13.3,9.15,90.95833333333333,2.6916666666666664,4.1,0.0,49.0,0.0,30.9,7.418181818181818,1.14375,57.9,41.268181818181816,2.9299999999999997,51.3,30.641666666666666,2.9,,,,6.6,3.1041666666666665,0.66,NO2,2.9299999999999997,10,2016,False
2016-10-29,15.2,10.670833333333334,85.16666666666667,2.529166666666667,5.9,0.0,346.0,0.0,55.5,17.079166666666666,1.65625,66.5,36.0,3.1625,33.1,18.616666666666667,2.225925925925926,,,,2.3,1.0416666666666667,0.22999999999999998,NO2,3.1625,10,2016,False
2016-10-30,13.5,8.192,85.92,1.5759999999999998,2.8,0.0,519.0,0.0,44.0,11.315999999999999,1.4166666666666665,67.4,40.46,3.185,34.8,22.195999999999998,2.2888888888888888,,,,1.8,0.968,0.18000000000000002,NO2,3.185,10,2016,False
2016-10-31,14.3,8.804166666666667,84.5,1.6208333333333333,2.5,0.0,553.0,0.0,39.3,9.791666666666666,1.3187499999999999,75.4,48.99166666666667,3.3850000000000002,29.7,17.45,2.1,,,,4.3,1.9833333333333334,0.43,NO2,3.3850000000000002,10,2016,False
2016-11-01,7.4,5.360869565217391,98.26086956521739,2.2956521739130435,3.4,0.0,0.0,0.0,6.6,2.721739130434783,0.27499999999999997,52.5,41.630434782608695,2.75,65.2,37.70434782608696,3.3111111111111113,,,,5.3,2.9,0.53,PM10,3.3111111111111113,11,2016,False
2016-11-02,10.6,7.220833333333334,85.375,3.829166666666667,7.0,0.1,221.0,0.0,44.1,20.825,1.41875,53.0,34.270833333333336,2.7666666666666666,33.0,11.049999999999999,2.2222222222222223,,,,3.2,1.3458333333333332,0.32000000000000006,NO2,2.7666666666666666,11,2016,False
2016-11-03,9.1,4.666666666666667,90.33333333333333,2.2916666666666665,4.2,0.0,50.0,0.0,25.2,8.795652173913044,1.025,69.9,46.65,3.2475,33.0,18.558333333333334,2.2222222222222223,,,,8.2,3.125,0.82,NO2,3.2475,11,2016,False
2016-11-04,6.8,3.2375000000000003,93.54166666666667,1.2708333333333333,2.9,0.5,1.0,0.0,6.1,2.3583333333333334,0.25416666666666665,67.2,45.35,3.18,47.0,33.583333333333336,2.7407407407407405,,,,8.7,4.483333333333333,0.87,NO2,3.18,11,2016,False
2016-11-05,7.9,6.104166666666667,99.29166666666667,1.6333333333333335,3.1,13.2,0.0,0.0,17.8,3.170833333333333,0.7416666666666667,55.6,44.5375,2.8533333333333335,47.1,30.883333333333336,2.7444444444444445,,,,4.4,2.1875,0.44000000000000006,NO2,2.8533333333333335,11,2016,False
2016-11-06,8.8,4.641666666666667,87.08333333333333,3.6208333333333336,6.9,0.0,284.0,0.0,47.1,15.979166666666666,1.48125,55.5,34.875,2.85,28.6,15.658333333333333,2.0592592592592593,,,,2.0,0.8833333333333334,0.2,NO2,2.85,11,2016,False
2016-11-07,5.6,3.483333333333333,89.875,3.7583333333333333,4.8,0.5,1.0,0.0,17.9,11.025,0.7458333333333332,47.6,36.012499999999996,2.586666666666667,26.1,20.325,1.9500000000000002,,,,7.9,3.108333333333333,0.79,NO2,2.586666666666667,11,2016,False
2016-11-08,4.7,2.341666666666667,97.5,2.408333333333333,4.2,1.7,36.0,0.0,20.5,6.8999999999999995,0.8541666666666666,62.9,40.479166666666664,3.0725,35.6,18.954166666666666,2.3185185185185184,,,,6.5,2.7083333333333335,0.65,NO2,3.0725,11,2016,False
2016-11-09,5.9,3.2541666666666664,93.08333333333333,2.4208333333333334,4.7,5.0,0.0,0.0,19.5,6.3,0.8125,52.9,43.17916666666667,2.763333333333333,30.0,19.266666666666666,2.111111111111111,,,,3.6,2.0416666666666665,0.36000000000000004,NO2,2.763333333333333,11,2016,False
2016-11-10,8.5,5.233333333333333,90.83333333333333,4.075,8.2,0.8,1.0,0.0,17.4,7.5125,0.7249999999999999,68.2,42.75,3.205,26.7,10.112499999999999,1.9833333333333334,,,,3.9,2.0375,0.39,NO2,3.205,11,2016,False
2016-11-11,6.0,5.054166666666666,88.91666666666667,2.8000000000000003,4.2,7.5,0.0,0.0,31.8,13.545833333333334,1.1625,48.8,38.449999999999996,2.6266666666666665,29.8,16.787499999999998,2.1037037037037036,,,,2.8,0.9916666666666667,0.27999999999999997,NO2,2.6266666666666665,11,2016,False
2016-11-12,4.3,2.216666666666667,77.41666666666667,1.7583333333333335,3.1,0.0,39.0,0.0,38.8,21.804166666666664,1.3083333333333331,68.3,41.675000000000004,3.2075,33.2,24.708333333333332,2.22962962962963,,,,2.5,1.4000000000000001,0.25,NO2,3.2075,11,2016,False
2016-11-13,5.2,2.0125,77.04166666666667,2.6416666666666666,3.1,0.0,88.0,0.0,19.9,13.716666666666667,0.8291666666666666,60.2,36.74583333333333,3.005,32.3,25.866666666666664,2.196296296296296,,,,2.8,1.2583333333333333,0.27999999999999997,NO2,3.005,11,2016,False
2016-11-14,4.6,0.09999999999999999,77.54166666666667,1.8666666666666665,2.6,0.0,469.0,0.0,29.2,12.012500000000001,1.1083333333333334,77.1,51.55833333333334,3.4274999999999998,28.1,20.858333333333334,2.0407407407407407,,,,4.5,2.0749999999999997,0.45,NO2,3.4274999999999998,11,2016,False
2016-11-15,5.4,2.35,94.45833333333333,4.258333333333334,5.7,3.1,0.0,0.0,6.3,2.704166666666667,0.26249999999999996,58.3,44.775,2.9433333333333334,44.4,31.833333333333332,2.6444444444444444,,,,8.7,3.6,0.87,NO2,2.9433333333333334,11,2016,False
2016-11-16,10.1,8.004166666666666,98.25,5.283333333333333,6.2,3.2,0.0,0.0,6.9,3.783333333333333,0.2875,40.5,33.50833333333333,2.35,22.6,13.058333333333332,1.7555555555555555,,,,8.7,3.5708333333333333,0.87,NO2,2.35,11,2016,False
2016-11-17,12.4,10.65,88.41666666666667,6.483333333333333,8.1,0.30000000000000004,0.0,0.0,42.3,23.425,1.3812499999999999,45.3,30.766666666666666,2.51,5.9,3.8000000000000003,0.6555555555555556,,,,10.1,4.016666666666667,1.005,NO2,2.51,11,2016,False
2016-11-18,13.1,10.104166666666666,80.16666666666667,6.783333333333334,8.7,2.9000000000000004,25.0,0.0,57.8,41.40416666666667,1.7041666666666666,46.1,29.891666666666666,2.5366666666666666,10.6,6.095833333333334,1.0888888888888888,,,,9.5,4.391666666666667,0.9500000000000001,NO2,2.5366666666666666,11,2016,False
2016-11-19,9.1,6.8,82.66666666666667,4.216666666666667,6.4,0.2,107.0,0.0,51.9,26.554166666666664,1.5812499999999998,52.1,40.0,2.736666666666667,29.2,11.108333333333334,2.0814814814814815,,,,9.4,4.245833333333334,0.9400000000000001,NO2,2.736666666666667,11,2016,False
2016-11-20,14.7,8.9625,70.79166666666667,4.208333333333333,10.1,0.0,32.0,0.0,48.4,18.654166666666665,1.5083333333333333,82.1,47.17083333333333,3.5524999999999998,14.2,8.466666666666667,1.2888888888888888,,,,10.5,3.75,1.025,NO2,3.5524999999999998,11,2016,False
2016-11-21,12.8,9.979166666666666,74.16666666666667,2.1333333333333333,3.7,0.4,0.0,0.0,10.1,3.408333333333333,0.4208333333333333,79.5,60.175000000000004,3.4875,,,,,,,5.1,2.4625,0.51,NO2,3.4875,11,2016,False
2016-11-22,12.0,8.258333333333333,93.375,1.2208333333333334,1.7,0.0,46.0,0.0,5.5,2.5749999999999997,0.22916666666666666,88.5,61.487500000000004,3.7125,47.7,27.21666666666667,2.7666666666666666,,,,7.6,4.654166666666667,0.76,NO2,3.7125,11,2016,False
2016-11-23,11.7,9.291666666666666,86.625,2.2666666666666666,3.2,0.0,80.0,0.0,5.8,2.216666666666667,0.24166666666666664,80.8,53.1875,3.52,41.3,24.479166666666668,2.5296296296296292,,,,6.4,3.0541666666666667,0.6400000000000001,NO2,3.52,11,2016,False
2016-11-24,13.5,10.604166666666666,77.20833333333333,4.1375,6.1,0.0,259.0,0.0,11.7,4.191666666666666,0.48749999999999993,53.2,42.68695652173913,2.7733333333333334,31.2,21.495833333333334,2.1555555555555554,,,,4.5,2.254166666666667,0.45,NO2,2.7733333333333334,11,2016,False
2016-11-25,9.5,7.708333333333333,78.625,4.720833333333333,5.7,0.0,0.0,0.0,20.2,11.604166666666666,0.8416666666666666,59.9,36.454166666666666,2.9966666666666666,27.2,15.9625,2.0074074074074075,,,,2.3,1.075,0.22999999999999998,NO2,2.9966666666666666,11,2016,False
2016-11-26,7.4,6.433333333333334,81.95833333333333,2.3416666666666663,3.8,0.0,0.0,0.0,15.6,6.895833333333333,0.6499999999999999,53.7,36.42916666666667,2.79,38.9,28.15416666666667,2.4407407407407407,,,,3.0,1.3583333333333334,0.30000000000000004,NO2,2.79,11,2016,False
2016-11-27,8.6,5.841666666666666,82.95833333333333,1.9833333333333334,3.5,0.0,8.0,0.0,47.9,13.950000000000001,1.4979166666666666,61.0,41.15833333333333,3.025,34.0,17.417391304347827,2.259259259259259,,,,3.5,1.7625000000000002,0.35000000000000003,NO2,3.025,11,2016,False
2016-11-28,3.7,1.3083333333333333,75.45833333333333,3.2083333333333335,5.8,0.0,462.0,0.0,47.5,20.0,1.4895833333333333,76.2,45.45416666666667,3.4050000000000002,22.1,12.64375,1.7277777777777779,,,,2.7,0.9916666666666667,0.27,NO2,3.4050000000000002,11,2016,False
2016-11-29,3.0,-0.9416666666666665,73.0,2.2916666666666665,3.5,0.0,472.0,0.0,19.7,8.266666666666667,0.8208333333333333,101.3,63.03333333333333,4.026,50.6,17.188235294117646,2.8740740740740742,,,,5.6,2.3916666666666666,0.5599999999999999,NO2,4.026,11,2016,False
2016-11-30,3.1,-2.2708333333333335,82.83333333333333,2.3958333333333335,4.2,0.0,429.0,0.0,8.1,2.829166666666667,0.33749999999999997,87.4,61.6875,3.685,44.1,30.95,2.6333333333333333,,,,8.0,4.254166666666666,0.8,NO2,3.685,11,2016,False
2016-12-01,4.5,2.869565217391304,77.43478260869566,3.917391304347826,5.3,0.0,0.0,0.0,10.4,3.5869565217391304,0.43333333333333335,64.0,55.49130434782609,3.1,39.3,31.095652173913045,2.4555555555555553,,,,6.2,4.165217391304347,0.6200000000000001,NO2,3.1,12,2016,False
2016-12-02,8.7,5.220833333333333,84.41666666666667,3.3499999999999996,5.2,0.0,1.0,0.0,40.3,14.929166666666667,1.3395833333333331,82.4,46.612500000000004,3.56,33.4,18.7,2.237037037037037,,,,6.3,2.856521739130435,0.63,NO2,3.56,12,2016,False
2016-12-03,4.0,-0.13333333333333333,84.45833333333333,1.9000000000000001,3.4,0.0,465.0,0.0,21.8,5.783333333333334,0.9083333333333333,92.0,59.987500000000004,3.8,32.6,16.18,2.2074074074074073,,,,3.1,1.7333333333333334,0.31000000000000005,NO2,3.8,12,2016,False
2016-12-04,3.4,-1.7,80.875,1.9708333333333332,3.1,0.0,457.0,0.0,24.0,5.779166666666666,1.0,84.7,53.2875,3.6175,35.3,21.53333333333333,2.3074074074074074,,,,4.2,2.0458333333333334,0.42000000000000004,NO2,3.6175,12,2016,False
2016-12-05,-1.3,-3.2916666666666665,90.79166666666667,1.8458333333333332,2.5,0.0,35.0,0.0,3.2,1.4458333333333335,0.13333333333333333,124.9,60.90833333333333,4.498,64.6,43.17916666666667,3.2944444444444443,,,,11.8,3.9375,1.09,NO2,4.498,12,2016,False
2016-12-06,-1.5,-2.2333333333333334,99.70833333333333,1.1666666666666667,1.8,0.0,0.0,0.0,3.6,1.4541666666666666,0.15,63.5,53.87916666666666,3.0875,48.6,36.77916666666667,2.8,,,,7.1,4.170833333333333,0.71,NO2,3.0875,12,2016,False
2016-12-07,-0.5,-1.4625000000000001,99.41666666666667,1.6416666666666666,2.8,0.0,0.0,0.0,2.7,1.1434782608695653,0.1125,53.8,47.97826086956522,2.793333333333333,48.8,28.108695652173914,2.8074074074074074,,,,4.1,3.069565217391304,0.41,PM10,2.8074074074074074,12,2016,False
2016-12-08,-0.3,-0.8166666666666668,100.0,3.1958333333333333,3.9,0.0,0.0,0.0,2.0,1.2208333333333334,0.08333333333333333,51.9,47.34583333333333,2.73,55.7,36.05416666666667,3.0472222222222225,,,,6.8,4.570833333333334,0.68,PM10,3.0472222222222225,12,2016,False
2016-12-09,4.6,1.8,96.125,3.25,4.8,0.0,0.0,0.0,2.8,1.5666666666666667,0.11666666666666665,69.1,53.8125,3.2275,39.5,29.704166666666666,2.462962962962963,,,,7.5,5.220833333333333,0.75,NO2,3.2275,12,2016,False
2016-12-10,8.0,2.2291666666666665,92.41666666666667,2.6625,4.7,0.0,382.0,0.0,6.6,2.2041666666666666,0.27499999999999997,67.7,54.229166666666664,3.1925,52.6,42.85,2.948148148148148,,,,7.8,5.0874999999999995,0.78,NO2,3.1925,12,2016,False
2016-12-11,9.8,7.666666666666667,77.41666666666667,4.845833333333333,7.6,0.0,15.0,0.0,50.5,25.704166666666666,1.5520833333333333,56.2,36.579166666666666,2.8733333333333335,45.3,25.44375,2.6777777777777776,,,,8.7,3.466666666666667,0.87,NO2,2.8733333333333335,12,2016,False
2016-12-12,7.9,6.466666666666666,89.83333333333333,2.4375,3.3,0.2,0.0,0.0,36.8,11.674999999999999,1.2666666666666666,63.6,45.75,3.09,41.6,21.170833333333334,2.5407407407407407,,,,4.8,2.5375,0.48,NO2,3.09,12,2016,False
2016-12-13,5.4,2.891666666666667,99.41666666666667,2.3125,3.8,2.7,0.0,0.0,3.2,1.5416666666666667,0.13333333333333333,50.7,43.82083333333333,2.69,49.8,35.045833333333334,2.844444444444444,,,,4.5,3.283333333333333,0.45,PM10,2.844444444444444,12,2016,False
2016-12-14,6.8,5.0,95.70833333333333,2.029166666666667,3.3,0.0,0.0,0.0,2.7,1.3166666666666667,0.1125,59.4,43.0625,2.98,110.7,50.270833333333336,4.46,,,,6.0,4.429166666666666,0.6000000000000001,PM10,4.46,12,2016,False
2016-12-15,7.8,6.504166666666666,88.29166666666667,2.2083333333333335,3.0,0.0,0.0,0.0,18.6,6.245833333333334,0.775,53.0,41.295833333333334,2.7666666666666666,45.5,19.5,2.685185185185185,,,,3.9,1.6958333333333335,0.39,NO2,2.7666666666666666,12,2016,False
2016-12-16,5.1,3.7416666666666667,80.08333333333333,1.8291666666666666,2.5,0.0,0.0,0.0,26.8,16.325,1.0583333333333333,42.2,31.829166666666666,2.4066666666666667,35.8,23.275000000000002,2.325925925925926,,,,1.3,0.8208333333333334,0.13,NO2,2.4066666666666667,12,2016,False
2016-12-17,2.9,2.1374999999999997,88.33333333333333,1.2583333333333333,1.7,0.1,0.0,0.0,17.2,7.179166666666667,0.7166666666666666,46.9,34.975,2.5633333333333335,50.7,37.49166666666667,2.8777777777777778,,,,3.4,1.7041666666666666,0.34,PM10,2.8777777777777778,12,2016,False
2016-12-18,4.4,3.341666666666667,96.75,1.9208333333333334,3.1,0.0,0.0,0.0,2.7,1.2541666666666667,0.1125,42.1,35.512499999999996,2.4033333333333333,60.0,47.34166666666667,3.1666666666666665,,,,6.1,3.716666666666667,0.61,PM10,3.1666666666666665,12,2016,False
2016-12-19,4.6,3.8166666666666664,86.54166666666667,2.529166666666667,4.3,0.0,18.0,0.0,19.4,6.520833333333333,0.8083333333333332,47.5,38.545833333333334,2.5833333333333335,69.4,27.070833333333336,3.427777777777778,,,,4.6,2.1083333333333334,0.45999999999999996,PM10,3.427777777777778,12,2016,False
2016-12-20,3.8,1.1375,82.79166666666667,2.4791666666666665,4.5,0.0,363.0,0.0,21.2,8.441666666666666,0.8833333333333333,64.6,40.90416666666667,3.1149999999999998,36.3,21.775000000000002,2.344444444444444,,,,4.0,1.5291666666666668,0.4,NO2,3.1149999999999998,12,2016,False
2016-12-21,0.7,-0.9416666666666668,97.95833333333333,2.25,3.7,0.0,0.0,0.0,3.7,1.0416666666666667,0.15416666666666667,61.8,44.92083333333333,3.045,64.5,41.94166666666667,3.2916666666666665,,,,4.0,2.766666666666667,0.4,PM10,3.2916666666666665,12,2016,False
2016-12-22,1.1,0.14583333333333334,99.95833333333333,2.733333333333333,4.3,4.0,0.0,0.0,1.6,0.9083333333333333,0.06666666666666667,50.3,47.05217391304348,2.6766666666666667,36.9,25.308333333333334,2.3666666666666667,,,,6.1,3.678260869565217,0.61,NO2,2.6766666666666667,12,2016,False
2016-12-23,4.4,2.8625000000000003,98.91666666666667,2.1166666666666667,4.5,0.0,0.0,0.0,3.0,1.0333333333333334,0.125,57.1,43.99166666666667,2.9033333333333333,37.1,26.916666666666668,2.3740740740740742,,,,3.8,2.7476190476190476,0.38,NO2,2.9033333333333333,12,2016,False
2016-12-24,8.9,6.808333333333334,84.5,5.879166666666666,7.7,1.6,65.0,0.0,51.0,26.820833333333336,1.5625,49.0,29.900000000000002,2.6333333333333333,24.7,11.814285714285715,1.8722222222222222,,,,,,,NO2,2.6333333333333333,12,2016,False
2016-12-25,9.5,8.5,81.875,7.704166666666667,9.3,0.0,0.0,0.0,55.9,46.70416666666667,1.6645833333333333,30.9,18.995833333333334,2.03,18.1,10.113636363636363,1.5055555555555555,,,,,,,NO2,2.03,12,2016,False
2016-12-26,10.6,8.1625,79.875,5.866666666666667,8.4,0.7,23.0,0.0,69.7,45.550000000000004,1.9520833333333334,32.0,20.958333333333332,2.066666666666667,3.4,2.35,0.37777777777777777,,,,,,,NO2,2.066666666666667,12,2016,False
2016-12-27,7.1,5.125,76.83333333333333,4.7625,6.9,0.0,3.0,0.0,50.0,33.270833333333336,1.5416666666666665,65.4,36.204166666666666,3.1350000000000002,37.7,18.433333333333334,2.3962962962962964,,,,0.8,0.8000000000000002,0.08000000000000002,NO2,3.1350000000000002,12,2016,False
2016-12-28,6.8,4.829166666666667,77.70833333333333,2.2083333333333335,3.8,0.0,5.0,0.0,53.0,22.625,1.6041666666666665,80.4,43.84166666666667,3.5100000000000002,47.1,25.145833333333332,2.7444444444444445,,,,0.8,0.8000000000000002,0.08000000000000002,NO2,3.5100000000000002,12,2016,False
2016-12-29,6.4,1.6666666666666667,88.5,1.8499999999999999,2.6,0.0,445.0,0.0,20.5,5.641666666666667,0.8541666666666666,101.2,63.50833333333333,4.024,39.6,19.133333333333333,2.466666666666667,,,,2.4,1.0208333333333333,0.24,NO2,4.024,12,2016,False
2016-12-30,2.8,-1.4583333333333333,94.04166666666667,2.091666666666667,2.9,0.0,407.0,0.0,5.9,1.7708333333333333,0.24583333333333335,75.7,53.92916666666667,3.3925,45.4,30.066666666666666,2.681481481481481,,,,6.1,1.8041666666666665,0.61,NO2,3.3925,12,2016,False
2016-12-31,-2.5,-3.4458333333333333,99.25,2.1666666666666665,2.8,0.0,0.0,0.0,7.1,2.6125000000000003,0.2958333333333333,49.4,43.5875,2.6466666666666665,38.6,28.541666666666668,2.4296296296296296,,,,2.0,0.9291666666666667,0.2,NO2,2.6466666666666665,12,2016,False
2017-01-01,-2.0,-3.0521739130434784,98.34782608695652,2.630434782608696,4.8,0.0,0.0,0.0,21.8,11.395652173913044,0.9083333333333333,43.9,33.47826086956522,2.4633333333333334,82.4,42.67826086956522,3.7888888888888888,,,,5.1,1.6521739130434783,0.51,PM10,3.7888888888888888,1,2017,False
2017-01-02,2.4,0.35000000000000003,92.45833333333333,3.720833333333333,6.0,0.9,28.0,0.0,34.0,18.820833333333333,1.2083333333333333,51.2,33.78333333333333,2.706666666666667,31.5,16.341666666666665,2.1666666666666665,,,,2.5,1.3708333333333333,0.25,NO2,2.706666666666667,1,2017,False
2017-01-03,3.8,0.9083333333333333,87.0,4.704166666666667,8.7,0.0,42.0,0.0,40.5,17.787499999999998,1.34375,57.7,39.61666666666667,2.9233333333333333,29.4,14.4125,2.088888888888889,,,,4.3,1.5916666666666668,0.43,NO2,2.9233333333333333,1,2017,False
2017-01-04,4.7,2.7291666666666665,85.83333333333333,6.8999999999999995,9.5,3.6,126.0,0.0,56.3,36.354166666666664,1.6729166666666666,44.3,26.34583333333333,2.4766666666666666,21.0,10.221052631578948,1.6666666666666665,,,,2.9,1.2791666666666666,0.29,NO2,2.4766666666666666,1,2017,False
2017-01-05,0.9,-0.35833333333333334,75.04166666666667,4.316666666666666,6.5,1.0,242.0,0.0,61.2,37.45652173913044,1.775,56.3,29.5,2.8766666666666665,22.2,11.583333333333334,1.7333333333333334,,,,0.8,0.8000000000000002,0.08000000000000002,NO2,2.8766666666666665,1,2017,False
2017-01-06,-3.2,-5.883333333333333,76.125,1.7083333333333333,2.5,0.0,462.0,0.0,29.2,11.704166666666666,1.1083333333333334,83.5,53.725,3.5875,35.3,19.141666666666666,2.3074074074074074,,,,2.4,1.1708333333333334,0.24,NO2,3.5875,1,2017,False
2017-01-07,-3.3,-6.7625,85.54166666666667,2.466666666666667,4.2,0.1,0.0,0.0,14.8,4.6875,0.6166666666666667,79.8,58.34166666666667,3.495,51.0,33.49166666666667,2.888888888888889,,,,5.0,2.4583333333333335,0.5,NO2,3.495,1,2017,False
2017-01-08,1.1,-0.7625000000000001,96.25,2.8833333333333333,4.1,0.0,0.0,0.0,13.0,5.641666666666667,0.5416666666666666,55.6,40.362500000000004,2.8533333333333335,48.0,35.59583333333333,2.7777777777777777,,,,3.9,2.4375,0.39,NO2,2.8533333333333335,1,2017,False
2017-01-09,1.3,0.37916666666666665,96.125,2.658333333333333,4.3,0.0,0.0,0.0,2.4,1.0416666666666667,0.09999999999999999,54.5,42.516666666666666,2.8166666666666664,52.1,45.09166666666667,2.9296296296296296,,,,8.4,2.7458333333333336,0.8400000000000001,PM10,2.9296296296296296,1,2017,False
2017-01-10,0.6,-0.10416666666666667,96.54166666666667,1.9958333333333333,4.2,5.6000000000000005,0.0,0.0,35.6,10.625,1.2416666666666667,80.3,56.2875,3.5075,35.3,22.991666666666664,2.3074074074074074,,,,3.9,1.1583333333333334,0.39,NO2,3.5075,1,2017,False
2017-01-11,4.6,1.3958333333333333,96.83333333333333,4.570833333333334,8.0,2.5,0.0,0.0,47.5,10.008333333333333,1.4895833333333333,63.1,48.62083333333334,3.0775,42.6,23.183333333333334,2.577777777777778,,,,12.5,3.9333333333333336,1.125,NO2,3.0775,1,2017,False
2017-01-12,5.6,4.2250000000000005,82.58333333333333,5.6875,7.5,3.6,0.0,0.0,57.2,36.733333333333334,1.6916666666666667,59.5,35.97083333333333,2.9833333333333334,18.2,13.933333333333332,1.511111111111111,,,,15.5,6.941666666666666,1.275,NO2,2.9833333333333334,1,2017,False
2017-01-13,6.5,2.6041666666666665,80.45833333333333,9.716666666666667,16.7,2.9000000000000004,13.0,0.0,61.6,42.24166666666667,1.7833333333333332,46.5,28.40833333333333,2.55,11.2,5.416666666666667,1.1222222222222222,,,,5.5,1.9541666666666666,0.55,NO2,2.55,1,2017,False
2017-01-14,3.1,2.125,80.79166666666667,5.595833333333334,7.8,1.2,12.0,0.0,66.2,48.34166666666667,1.8791666666666667,41.2,23.95,2.3733333333333335,14.8,10.975,1.3222222222222222,,,,5.9,2.2708333333333335,0.5900000000000001,NO2,2.3733333333333335,1,2017,False
2017-01-15,3.3,1.0,80.66666666666667,3.954166666666667,7.2,0.0,271.0,0.0,58.2,48.35833333333333,1.7125,36.9,22.53333333333333,2.23,22.1,11.75,1.7277777777777779,,,,3.8,1.2833333333333334,0.38,NO2,2.23,1,2017,False
2017-01-16,0.3,-2.529166666666667,84.5,2.025,4.5,0.0,367.0,0.0,38.6,14.520833333333334,1.3041666666666667,88.8,52.54583333333333,3.7199999999999998,31.1,20.545833333333334,2.151851851851852,,,,0.8,0.8000000000000002,0.08000000000000002,NO2,3.7199999999999998,1,2017,False
2017-01-17,0.6,-1.45,66.45833333333333,3.7375000000000003,5.6,0.0,289.0,0.0,50.0,35.42916666666667,1.5416666666666665,62.3,35.36666666666667,3.0575,20.6,12.1,1.6444444444444444,,,,0.8,0.8000000000000002,0.08000000000000002,NO2,3.0575,1,2017,False
2017-01-18,-0.1,-2.558333333333333,70.875,4.116666666666666,5.6,0.0,451.0,0.0,45.9,28.97083333333333,1.4562499999999998,61.3,38.141666666666666,3.0324999999999998,24.9,18.991666666666667,1.8833333333333333,,,,1.7,0.875,0.17,NO2,3.0324999999999998,1,2017,False
2017-01-19,1.3,-2.7375000000000003,67.20833333333333,2.620833333333333,4.1,0.0,474.0,0.0,28.0,12.625,1.0833333333333333,86.2,54.0304347826087,3.6550000000000002,30.0,23.933333333333334,2.111111111111111,,,,1.4,0.8416666666666667,0.13999999999999999,NO2,3.6550000000000002,1,2017,False
2017-01-20,4.6,-2.345833333333333,61.75,2.1374999999999997,4.1,0.0,498.0,0.0,29.5,6.675,1.1145833333333333,105.8,70.64999999999999,4.116,40.2,24.420833333333334,2.488888888888889,,,,3.7,1.6333333333333335,0.37000000000000005,NO2,4.116,1,2017,False
2017-01-21,3.2,-1.7291666666666667,67.70833333333333,2.033333333333333,3.5,0.0,486.0,0.0,29.4,6.8374999999999995,1.1125,94.4,69.20833333333333,3.8600000000000003,45.3,28.804166666666664,2.6777777777777776,,,,5.5,2.1041666666666665,0.55,NO2,3.8600000000000003,1,2017,False
2017-01-22,0.7,-4.529166666666667,76.41666666666667,1.7083333333333333,3.2,0.0,445.0,0.0,38.1,9.075000000000001,1.29375,108.0,67.67916666666666,4.16,93.7,55.6625,4.082222222222223,,,,4.7,2.2708333333333335,0.47000000000000003,NO2,4.16,1,2017,False
2017-01-23,-1.3,-6.945833333333333,86.0,1.4916666666666665,4.0,0.0,317.0,0.0,13.9,2.75,0.5791666666666666,108.6,75.54166666666667,4.172,107.4,73.68333333333334,4.386666666666667,,,,14.1,2.9166666666666665,1.205,PM10,4.386666666666667,1,2017,False
2017-01-24,-1.9,-2.4625,85.33333333333333,1.3208333333333333,3.1,0.0,0.0,0.0,14.6,3.266666666666667,0.6083333333333333,68.1,54.60833333333333,3.2024999999999997,52.2,42.94166666666666,2.9333333333333336,,,,3.2,1.8708333333333333,0.32000000000000006,NO2,3.2024999999999997,1,2017,False
2017-01-25,-0.7,-1.7249999999999999,72.25,2.308333333333333,3.8,0.0,0.0,0.0,33.8,25.316666666666666,1.2041666666666666,53.8,39.8,2.793333333333333,31.4,21.400000000000002,2.162962962962963,,,,7.5,4.120833333333334,0.75,NO2,2.793333333333333,1,2017,False
2017-01-26,2.9,-0.3125,66.66666666666667,2.375,3.9,0.0,313.0,0.0,37.7,25.22083333333333,1.2854166666666667,97.8,46.27916666666667,3.945,42.7,28.3125,2.5814814814814815,,,,3.2,2.2375000000000003,0.32000000000000006,NO2,3.945,1,2017,False
2017-01-27,3.2,-1.875,74.25,2.033333333333333,3.1,0.0,257.0,0.0,13.6,5.004166666666666,0.5666666666666667,96.3,75.06666666666666,3.9074999999999998,50.3,37.40833333333333,2.8629629629629627,,,,5.5,2.7416666666666667,0.55,NO2,3.9074999999999998,1,2017,False
2017-01-28,2.1,-1.8041666666666665,74.58333333333333,1.4791666666666667,2.1,0.0,323.0,0.0,10.6,2.6125,0.44166666666666665,92.2,73.4375,3.805,73.8,49.0875,3.55,,,,11.4,3.8333333333333335,1.07,NO2,3.805,1,2017,False
2017-01-29,3.3,-0.6749999999999999,81.91666666666667,1.0333333333333334,1.8,0.0,10.0,0.0,3.5,1.4583333333333333,0.14583333333333331,104.2,75.45833333333333,4.084,97.9,78.32916666666667,4.1755555555555555,,,,8.2,3.470833333333333,0.82,PM10,4.1755555555555555,1,2017,False
2017-01-30,5.1,2.0208333333333335,97.66666666666667,2.841666666666667,5.6,1.0,0.0,0.0,3.6,1.3125,0.15,84.5,64.89166666666667,3.6125,94.4,47.675000000000004,4.097777777777778,,,,3.3,1.7208333333333332,0.33,PM10,4.097777777777778,1,2017,False
2017-01-31,4.5,3.65,83.125,2.6875,4.6,0.0,13.0,0.0,41.4,23.633333333333336,1.3624999999999998,58.1,35.65416666666667,2.9366666666666665,22.4,13.545833333333334,1.7444444444444445,,,,0.8,0.8000000000000002,0.08000000000000002,NO2,2.9366666666666665,1,2017,False
2017-02-01,5.5,3.6869565217391305,77.8695652173913,1.8130434782608698,2.9,0.0,73.0,0.0,38.8,16.708695652173912,1.3083333333333331,65.6,43.19565217391305,3.1399999999999997,22.8,16.38695652173913,1.7666666666666666,,,,3.2,0.9695652173913044,0.32000000000000006,NO2,3.1399999999999997,2,2017,False
2017-02-02,8.1,5.041666666666667,89.125,1.5999999999999999,2.5,0.2,39.0,0.0,6.0,2.3874999999999997,0.25,60.0,52.2875,3.0,42.9,33.35,2.5888888888888886,,,,4.1,2.2624999999999997,0.41,NO2,3.0,2,2017,False
2017-02-03,10.5,5.691666666666666,95.58333333333333,2.033333333333333,4.3,1.0,6.0,0.0,25.4,4.729166666666667,1.0291666666666666,91.9,56.30416666666667,3.7975000000000003,33.5,21.504166666666666,2.240740740740741,,,,4.2,2.5083333333333333,0.42000000000000004,NO2,3.7975000000000003,2,2017,False
2017-02-04,8.5,5.704166666666667,87.20833333333333,2.8625000000000003,5.8,4.5,0.0,0.0,41.8,13.899999999999999,1.3708333333333331,72.3,56.604166666666664,3.3075,27.9,13.916666666666666,2.033333333333333,,,,6.0,1.4333333333333333,0.6000000000000001,NO2,3.3075,2,2017,False
2017-02-05,8.7,5.633333333333333,83.04166666666667,3.1,6.6,0.5,299.0,0.0,49.7,30.962500000000002,1.5354166666666667,63.1,37.84583333333333,3.0775,28.2,9.091666666666667,2.0444444444444443,,,,2.1,0.9083333333333333,0.21000000000000002,NO2,3.0775,2,2017,False
2017-02-06,7.6,4.895833333333333,75.54166666666667,2.85,4.3,0.0,76.0,0.0,28.7,11.845833333333333,1.0979166666666667,83.5,57.25416666666666,3.5875,30.0,20.2,2.111111111111111,,,,3.2,1.4291666666666665,0.32000000000000006,NO2,3.5875,2,2017,False
2017-02-07,6.5,3.9250000000000003,83.0,2.2666666666666666,3.8,0.0,7.0,0.0,4.2,1.2357142857142858,0.175,66.1,46.166666666666664,3.1525,32.3,29.48235294117647,2.196296296296296,,,,2.2,1.0642857142857143,0.22000000000000003,NO2,3.1525,2,2017,False
2017-02-08,5.9,2.4875000000000003,79.08333333333333,3.5208333333333335,5.1,0.0,202.0,0.0,,,,,,,,,,,,,,,,,,2,2017,False
2017-02-09,3.3,0.22916666666666663,70.95833333333333,3.375,4.7,0.0,300.0,0.0,,,,,,,,,,,,,,,,,,2,2017,False
2017-02-10,1.9,0.4583333333333333,75.625,2.254166666666667,2.9,0.0,0.0,0.0,,,,,,,,,,,,,,,,,,2,2017,False
2017-02-11,6.5,2.9333333333333336,76.45833333333333,2.5541666666666667,3.5,0.1,152.0,0.0,,,,,,,,,,,,,,,,,,2,2017,False
2017-02-12,5.9,2.8791666666666664,76.83333333333333,3.3666666666666667,4.5,0.0,207.0,0.0,,,,,,,,,,,,,,,,,,2,2017,False
2017-02-13,9.8,4.220833333333333,66.58333333333333,3.65,4.5,0.0,366.0,0.0,,,,,,,,,,,,,,,,,,2,2017,False
2017-02-14,9.8,3.75,61.958333333333336,2.1708333333333334,3.1,0.0,539.0,0.0,,,,,,,,,,,,,,,,,,2,2017,False
2017-02-15,9.4,2.158333333333333,77.58333333333333,1.625,2.7,0.0,512.0,0.0,,,,,,,,,,,,,,,,,,2,2017,False
2017-02-16,12.1,3.9250000000000003,88.29166666666667,1.625,3.5,2.8,390.0,0.0,,,,,,,,,,,,,,,,,,2,2017,False
2017-02-17,8.9,6.3374999999999995,89.66666666666667,2.8625000000000003,5.3,0.2,95.0,0.0,,,,,,,,,,,,,,,,,,2,2017,False
2017-02-18,8.5,6.375,73.75,2.1708333333333334,3.4,0.0,0.0,0.0,,,,,,,,,,,,,,,,,,2,2017,False
2017-02-19,8.6,2.783333333333333,85.625,2.1750000000000003,4.5,0.1,81.0,0.0,,,,,,,,,,,,,,,,,,2,2017,False
2017-02-20,10.1,7.533333333333334,88.375,5.058333333333334,8.6,0.9000000000000001,0.0,0.0,,,,,,,,,,,,,,,,,,2,2017,False
2017-02-21,12.4,10.308333333333334,90.20833333333333,5.370833333333334,9.3,0.8,0.0,0.0,,,,,,,,,,,,,,,,,,2,2017,False
2017-02-22,11.6,10.708333333333334,82.70833333333333,8.804166666666667,11.5,0.2,0.0,0.0,,,,,,,,,,,,,,,,,,2,2017,False
2017-02-23,10.8,9.945833333333333,70.875,10.066666666666666,13.9,0.0,0.0,0.0,,,,,,,,,,,,,,,,,,2,2017,False
2017-02-24,8.7,5.9750000000000005,61.916666666666664,6.595833333333334,12.5,0.1,210.0,0.0,,,,,,,,,,,,,,,,,,2,2017,False
2017-02-25,9.6,2.6458333333333335,78.0,2.766666666666667,6.4,0.0,332.0,0.0,,,,,,,,,,,,,,,,,,2,2017,False
2017-02-26,13.8,7.9375,64.25,5.029166666666667,8.7,0.0,304.0,0.0,,,,,,,,,,,,,,,,,,2,2017,False
2017-02-27,14.9,11.308333333333332,62.541666666666664,6.2124999999999995,10.6,3.4000000000000004,100.0,0.0,,,,,,,,,,,,,,,,,,2,2017,False
2017-02-28,8.6,6.2124999999999995,79.29166666666667,7.133333333333333,9.7,1.8,94.0,0.0,,,,,,,,,,,,,,,,,,2,2017,False
2017-03-01,9.9,6.782608695652174,79.52173913043478,7.678260869565217,10.7,1.2,43.0,0.0,,,,,,,,,,,,,,,,,,3,2017,False
2017-03-02,10.8,8.700000000000001,60.958333333333336,8.941666666666666,12.7,1.5999999999999999,132.0,0.0,,,,,,,,,,,,,,,,,,3,2017,False
2017-03-03,12.2,6.645833333333333,63.916666666666664,2.183333333333333,4.4,0.0,113.0,0.0,,,,,,,,,,,,,,,,,,3,2017,False
2017-03-04,16.5,9.108333333333333,66.33333333333333,3.3000000000000003,11.2,0.6000000000000001,256.0,0.0,,,,,,,,,,,,,,,,,,3,2017,False
2017-03-05,10.5,7.4375,81.75,6.208333333333333,10.2,6.0,96.0,0.0,,,,,,,,,,,,,,,,,,3,2017,False
2017-03-06,8.4,6.141666666666667,87.25,5.2124999999999995,7.4,3.8000000000000003,17.0,0.0,,,,,,,,,,,,,,,,,,3,2017,False
2017-03-07,8.3,6.125,84.79166666666667,3.908333333333333,5.9,0.7999999999999999,121.0,0.0,,,,,,,,,,,,,,,,,,3,2017,False
2017-03-08,7.7,4.545833333333333,95.875,4.070833333333334,7.9,13.0,0.0,0.0,,,,,,,,,,,,,,,,,,3,2017,False
2017-03-09,16.4,10.116666666666667,85.08333333333333,3.4291666666666667,7.5,2.5999999999999996,114.0,0.0,,,,,,,,,,,,,,,,,,3,2017,False
2017-03-10,11.5,8.091666666666667,61.208333333333336,2.8375,5.7,0.0,505.0,0.0,,,,,,,,,,,,,,,,,,3,2017,False
2017-03-11,13.4,6.625,65.54166666666667,2.325,3.3,0.0,409.0,0.0,,,,,,,,,,,,,,,,,,3,2017,False
2017-03-12,13.6,7.183333333333334,60.041666666666664,2.716666666666667,4.7,0.0,603.0,0.0,,,,,,,,,,,,,,,,,,3,2017,False
2017-03-13,13.6,6.795833333333333,59.958333333333336,1.9208333333333334,2.7,0.0,526.0,0.0,,,,,,,,,,,,,,,,,,3,2017,False
2017-03-14,16.0,7.666666666666667,69.79166666666667,1.8083333333333333,3.8,0.0,481.0,0.0,,,,,,,,,,,,,,,,,,3,2017,False
2017-03-15,15.4,10.1625,73.20833333333333,2.4499999999999997,5.0,0.0,234.0,0.0,,,,,,,,,,,,,,,,,,3,2017,False
2017-03-16,17.0,8.554166666666667,70.75,1.4541666666666666,3.2,0.0,643.0,0.0,,,,,,,,,,,,,,,,,,3,2017,False
2017-03-17,14.0,7.829166666666667,73.70833333333333,3.2458333333333336,6.9,0.0,146.0,0.0,,,,,,,,,,,,,,,,,,3,2017,False
2017-03-18,12.4,9.770833333333334,82.125,7.429166666666667,8.9,3.6,0.0,0.0,,,,,,,,,,,,,,,,,,3,2017,False
2017-03-19,14.9,12.112499999999999,83.70833333333333,6.229166666666667,9.7,5.0,1.0,0.0,,,,,,,,,,,,,,,,,,3,2017,False
2017-03-20,13.8,12.120833333333332,63.375,7.425,9.9,0.0,19.0,0.0,,,,,,,,,,,,,,,,,,3,2017,False
2017-03-21,12.2,9.441666666666666,80.95833333333333,4.895833333333333,6.8,4.5,0.0,0.0,,,,,,,,,,,,,,,,,,3,2017,False
2017-03-22,9.0,6.845833333333334,83.70833333333333,1.4791666666666667,2.6,0.0,4.0,0.0,,,,,,,,,,,,,,,,,,3,2017,False
2017-03-23,15.0,9.65,77.04166666666667,2.6791666666666667,4.9,0.0,337.0,0.0,,,,,,,,,,,,,,,,,,3,2017,False
2017-03-24,15.3,10.245833333333334,68.75,4.304166666666666,5.6,0.0,340.0,0.0,,,,,,,,,,,,,,,,,,3,2017,False
2017-03-25,16.4,10.737499999999999,53.916666666666664,4.575,6.9,0.0,672.0,0.0,,,,,,,,,,,,,,,,,,3,2017,False
2017-03-26,15.8,10.947826086956523,48.21739130434783,3.1695652173913045,4.9,0.0,638.0,0.0,,,,,,,,,,,,,,,,,,3,2017,False
2017-03-27,18.6,10.875,46.125,2.5875,3.6,0.0,720.0,0.0,,,,,,,,,,,,,,,,,,3,2017,False
2017-03-28,21.4,12.237499999999999,54.291666666666664,2.8125,5.5,0.0,602.0,0.0,,,,,,,,,,,,,,,,,,3,2017,False
2017-03-29,19.7,13.958333333333334,63.333333333333336,4.529166666666667,6.3,0.0,419.0,0.0,,,,,,,,,,,,,,,,,,3,2017,False
2017-03-30,21.5,15.729166666666666,61.0,2.0625,3.2,0.0,555.0,0.0,,,,,,,,,,,,,,,,,,3,2017,False
2017-03-31,23.5,15.441666666666668,56.541666666666664,3.3833333333333333,6.8,0.0,527.0,0.0,,,,,,,,,,,,,,,,,,3,2017,False
2017-04-01,21.1,14.056521739130435,59.17391304347826,2.3521739130434782,5.7,0.0,312.0,0.0,,,,,,,,,,,,,,,,,,4,2017,False
2017-04-02,18.2,13.004166666666668,68.41666666666667,2.4625,4.6,0.0,317.0,0.0,,,,,,,,,,,,,,,,,,4,2017,False
2017-04-03,18.6,13.5875,59.875,3.4,5.3,0.0,593.0,0.0,,,,,,,,,,,,,,,,,,4,2017,False
2017-04-04,16.5,11.741666666666667,61.041666666666664,2.783333333333333,4.6,0.0,516.0,0.0,,,,,,,,,,,,,,,,,,4,2017,False
2017-04-05,16.9,11.183333333333332,60.333333333333336,2.9291666666666667,7.3,0.0,451.0,0.0,,,,,,,,,,,,,,,,,,4,2017,False
2017-04-06,13.1,9.395833333333334,57.291666666666664,3.8375,5.8,0.0,309.0,0.0,,,,,,,,,,,,,,,,,,4,2017,False
2017-04-07,13.9,8.975,67.91666666666667,3.25,5.2,0.0,223.0,0.0,,,,,,,,,,,,,,,,,,4,2017,False
2017-04-08,16.8,11.137500000000001,69.95833333333333,1.5999999999999999,2.4,0.0,262.0,0.0,,,,,,,,,,,,,,,,,,4,2017,False
2017-04-09,22.2,12.754166666666668,64.79166666666667,1.7208333333333332,2.4,0.0,737.0,0.0,,,,,,,,,,,,,,,,,,4,2017,False
2017-04-10,20.2,11.770833333333334,66.25,3.5749999999999997,8.0,0.0,660.0,0.0,,,,,,,,,,,,,,,,,,4,2017,False
2017-04-11,14.8,9.4,58.791666666666664,3.0708333333333333,4.6,0.0,395.0,0.0,,,,,,,,,,,,,,,,,,4,2017,False
2017-04-12,18.9,11.104166666666666,61.0,5.0,9.8,0.0,259.0,0.0,,,,,,,,,,,,,,,,,,4,2017,False
2017-04-13,14.8,12.154166666666667,59.458333333333336,5.054166666666666,7.0,0.1,220.0,0.0,,,,,,,,,,,,,,,,,,4,2017,False
2017-04-14,15.3,10.291666666666666,60.916666666666664,2.254166666666667,4.0,0.0,480.0,0.0,,,,,,,,,,,,,,,,,,4,2017,False
2017-04-15,14.1,10.216666666666667,67.45833333333333,4.720833333333333,10.0,0.0,1.0,0.0,,,,,,,,,,,,,,,,,,4,2017,False
2017-04-16,11.4,8.366666666666667,65.95833333333333,4.4624999999999995,7.4,0.2,34.0,0.0,,,,,,,,,,,,,,,,,,4,2017,False
2017-04-17,9.1,6.041666666666667,81.33333333333333,3.033333333333333,6.5,9.7,145.0,0.0,,,,,,,,,,,,,,,,,,4,2017,False
2017-04-18,9.7,5.633333333333333,70.58333333333333,4.625,7.1,0.4,300.0,0.0,,,,,,,,,,,,,,,,,,4,2017,False
2017-04-19,7.0,4.608333333333333,60.416666666666664,4.825,7.2,0.0,203.0,0.0,,,,,,,,,,,,,,,,,,4,2017,False
2017-04-20,11.7,4.904166666666667,58.125,1.9166666666666667,3.7,0.0,794.0,0.0,,,,,,,,,,,,,,,,,,4,2017,False
2017-04-21,14.4,8.841666666666667,57.583333333333336,2.625,4.8,0.0,377.0,0.0,,,,,,,,,,,,,,,,,,4,2017,False
2017-04-22,12.3,10.700000000000001,61.041666666666664,5.1375,7.5,0.0,179.0,0.0,,,,,,,,,,,,,,,,,,4,2017,False
2017-04-23,11.6,7.504166666666666,57.625,4.075,5.7,0.0,124.0,0.0,,,,,,,,,,,,,,,,,,4,2017,False
2017-04-24,16.5,8.025,61.291666666666664,1.9833333333333334,4.1,0.0,743.0,0.0,,,,,,,,,,,,,,,,,,4,2017,False
2017-04-25,11.4,7.7,62.791666666666664,3.5666666666666664,6.3,0.0,32.0,0.0,,,,,,,,,,,,,,,,,,4,2017,False
2017-04-26,11.8,8.329166666666667,49.125,2.5458333333333334,4.0,0.0,183.0,0.0,,,,,,,,,,,,,,,,,,4,2017,False
2017-04-27,12.2,7.908333333333334,54.416666666666664,2.1041666666666665,3.9,0.0,316.0,0.0,,,,,,,,,,,,,,,,,,4,2017,False
2017-04-28,12.4,8.029166666666667,54.541666666666664,3.1458333333333335,5.7,0.0,348.0,0.0,,,,,,,,,,,,,,,,,,4,2017,False
2017-04-29,15.0,10.304166666666667,56.958333333333336,2.7375000000000003,4.8,0.0,553.0,0.0,,,,,,,,,,,,,,,,,,4,2017,False
2017-04-30,19.4,12.4,47.375,4.05,6.1,0.0,785.0,0.0,,,,,,,,,,,,,,,,,,4,2017,False
2017-05-01,12.6,9.939130434782609,79.17391304347827,3.247826086956522,8.0,5.2,1.0,0.0,,,,,,,,,,,,,,,,,,5,2017,False
2017-05-02,10.3,8.799999999999999,97.0,3.533333333333333,5.3,9.5,0.0,0.0,,,,,,,,,,,,,,,,,,5,2017,False
2017-05-03,11.5,9.495833333333334,91.04166666666667,2.4499999999999997,4.1,0.6000000000000001,2.0,0.0,,,,,,,,,,,,,,,,,,5,2017,False
2017-05-04,13.0,11.104166666666666,89.58333333333333,2.9250000000000003,6.4,21.8,20.0,0.0,,,,,,,,,,,,,,,,,,5,2017,False
2017-05-05,14.6,11.329166666666666,77.04166666666667,2.5541666666666667,4.2,0.0,61.0,0.0,,,,,,,,,,,,,,,,,,5,2017,False
2017-05-06,21.7,14.4,68.125,3.095833333333333,5.6,0.0,590.0,0.0,,,,,,,,,,,,,,,,,,5,2017,False
2017-05-07,15.4,13.566666666666668,93.33333333333333,3.0875,5.3,7.6,0.0,0.0,,,,,,,,,,,,,,,,,,5,2017,False
2017-05-08,12.6,10.404166666666667,80.58333333333333,4.8625,7.5,2.1,2.0,0.0,,,,,,,,,,,,,,,,,,5,2017,False
2017-05-09,13.9,9.645833333333334,64.95833333333333,3.0208333333333335,5.6,0.0,684.0,0.0,,,,,,,,,,,,,,,,,,5,2017,False
2017-05-10,18.9,10.725,59.333333333333336,1.7249999999999999,2.9,0.0,845.0,0.0,,,,,,,,,,,,,,,,,,5,2017,False
2017-05-11,22.8,14.879166666666668,61.875,2.4833333333333334,6.3,0.0,309.0,0.0,,,,,,,,,,,,,,,,,,5,2017,False
2017-05-12,21.0,15.9,83.08333333333333,2.433333333333333,4.4,5.9,153.0,0.0,,,,,,,,,,,,,,,,,,5,2017,False
2017-05-13,23.2,16.520833333333332,76.04166666666667,3.1166666666666667,6.0,0.3,461.0,0.0,,,,,,,,,,,,,,,,,,5,2017,False
2017-05-14,21.6,16.420833333333334,77.91666666666667,2.9791666666666665,5.7,0.7,298.0,0.0,,,,,,,,,,,,,,,,,,5,2017,False
2017-05-15,22.3,15.950000000000001,66.875,1.7916666666666667,2.9,0.0,725.0,0.0,,,,,,,,,,,,,,,,,,5,2017,False
2017-05-16,25.4,17.879166666666666,59.666666666666664,1.7874999999999999,2.7,0.0,745.0,0.0,,,,,,,,,,,,,,,,,,5,2017,False
2017-05-17,28.4,21.5,54.458333333333336,2.5875,4.4,0.0,845.0,0.0,,,,,,,,,,,,,,,,,,5,2017,False
2017-05-18,23.5,19.320833333333333,77.45833333333333,2.3833333333333333,5.5,1.0,271.0,0.0,,,,,,,,,,,,,,,,,,5,2017,False
2017-05-19,18.6,14.458333333333334,95.20833333333333,3.8083333333333336,7.0,16.7,0.0,0.0,,,,,,,,,,,,,,,,,,5,2017,False
2017-05-20,18.1,12.525,77.625,3.7375000000000003,6.3,0.0,342.0,0.0,,,,,,,,,,,,,,,,,,5,2017,False
2017-05-21,21.2,14.179166666666667,67.20833333333333,1.6666666666666667,3.2,0.0,643.0,0.0,,,,,,,,,,,,,,,,,,5,2017,False
2017-05-22,23.2,17.841666666666665,58.333333333333336,2.3625000000000003,3.5,0.0,322.0,0.0,,,,,,,,,,,,,,,,,,5,2017,False
2017-05-23,26.8,19.400000000000002,62.833333333333336,3.2708333333333335,6.7,0.0,564.0,0.0,,,,,,,,,,,,,,,,,,5,2017,False
2017-05-24,20.5,17.3875,61.625,3.641666666666667,5.1,0.0,198.0,0.0,,,,,,,,,,,,,,,,,,5,2017,False
2017-05-25,23.7,18.220833333333335,67.45833333333333,2.7583333333333333,6.0,0.0,679.0,0.0,,,,,,,,,,,,,,,,,,5,2017,False
2017-05-26,26.1,20.058333333333334,60.541666666666664,2.8333333333333335,4.3,0.0,898.0,0.0,,,,,,,,,,,,,,,,,,5,2017,False
2017-05-27,28.9,22.433333333333334,56.5,2.591666666666667,4.0,0.0,904.0,0.0,,,,,,,,,,,,,,,,,,5,2017,False
2017-05-28,32.1,23.787499999999998,59.083333333333336,1.9791666666666667,7.0,1.6,726.0,0.0,,,,,,,,,,,,,,,,,,5,2017,True
2017-05-29,32.9,24.866666666666664,65.45833333333333,2.3208333333333333,5.0,0.0,763.0,0.0,,,,,,,,,,,,,,,,,,5,2017,True
2017-05-30,27.9,21.40833333333333,75.20833333333333,2.7458333333333336,5.1,12.0,284.0,0.0,,,,,,,,,,,,,,,,,,5,2017,False
2017-05-31,24.2,19.341666666666665,63.041666666666664,2.591666666666667,4.5,0.0,728.0,0.0,,,,,,,,,,,,,,,,,,5,2017,False
2017-06-01,25.8,21.208695652173912,56.65217391304348,1.9782608695652173,2.7,0.0,713.0,0.0,,,,,,,,,,,,,,,,,,6,2017,False
2017-06-02,29.0,21.929166666666664,61.0,2.1041666666666665,3.8,0.0,554.0,0.0,,,,,,,,,,,,,,,,,,6,2017,False
2017-06-03,25.7,20.3375,82.58333333333333,2.1083333333333334,4.8,3.3,191.0,0.0,,,,,,,,,,,,,,,,,,6,2017,False
2017-06-04,21.9,18.158333333333335,71.70833333333333,3.7583333333333333,5.8,5.1,371.0,0.0,,,,,,,,,,,,,,,,,,6,2017,False
2017-06-05,22.7,16.729166666666668,68.0,1.8416666666666666,4.3,0.0,490.0,0.0,,,,,,,,,,,,,,,,,,6,2017,False
2017-06-06,19.7,14.950000000000001,75.54166666666667,5.241666666666666,11.9,0.9,213.0,0.0,,,,,,,,,,,,,,,,,,6,2017,False
2017-06-07,18.5,13.966666666666667,64.41666666666667,8.158333333333333,11.0,0.7,499.0,0.0,,,,,,,,,,,,,,,,,,6,2017,False
2017-06-08,23.3,16.129166666666666,62.791666666666664,3.2708333333333335,5.4,0.0,621.0,0.0,,,,,,,,,,,,,,,,,,6,2017,False
2017-06-09,22.4,17.325,70.25,3.4125,8.7,7.699999999999999,254.0,0.0,,,,,,,,,,,,,,,,,,6,2017,False
2017-06-10,24.5,17.095833333333335,71.41666666666667,2.2583333333333333,4.0,0.0,634.0,0.0,,,,,,,,,,,,,,,,,,6,2017,False
2017-06-11,30.4,21.429166666666664,62.166666666666664,2.2083333333333335,5.4,0.0,679.0,0.0,,,,,,,,,,,,,,,,,,6,2017,False
2017-06-12,24.8,21.349999999999998,54.166666666666664,4.428571428571429,9.2,0.0,788.0,0.0,,,,,,,,,,,,,,,,,,6,2017,False
2017-06-13,22.8,17.408333333333335,60.208333333333336,,,0.0,649.0,0.0,,,,,,,,,,,,,,,,,,6,2017,False
2017-06-14,26.4,20.020833333333332,57.166666666666664,2.9846153846153842,4.3,0.0,894.0,0.0,,,,,,,,,,,,,,,,,,6,2017,False
2017-06-15,30.8,22.879166666666666,55.541666666666664,2.6333333333333333,5.0,0.0,671.0,0.0,,,,,,,,,,,,,,,,,,6,2017,True
2017-06-16,22.8,20.091666666666665,54.75,5.108333333333333,7.7,0.0,343.0,0.0,,,,,,,,,,,,,,,,,,6,2017,False
2017-06-17,20.9,17.195833333333333,65.08333333333333,3.625,4.7,0.0,162.0,0.0,,,,,,,,,,,,,,,,,,6,2017,False
2017-06-18,26.9,21.854166666666668,59.0,2.4375,4.4,0.0,679.0,0.0,,,,,,,,,,,,,,,,,,6,2017,False
2017-06-19,30.6,23.608333333333334,50.791666666666664,2.441666666666667,3.9,0.0,915.0,0.0,,,,,,,,,,,,,,,,,,6,2017,False
2017-06-20,33.5,25.808333333333334,49.833333333333336,2.2291666666666665,5.7,0.0,872.0,0.0,,,,,,,,,,,,,,,,,,6,2017,True
2017-06-21,31.5,26.454166666666666,50.75,3.858333333333333,6.3,0.0,799.0,0.0,,,,,,,,,,,,,,,,,,6,2017,True
2017-06-22,34.2,25.287499999999998,59.458333333333336,3.025,6.7,0.0,511.0,0.0,,,,,,,,,,,,,,,,,,6,2017,True
2017-06-23,29.1,23.866666666666664,53.291666666666664,4.895833333333333,7.7,0.0,556.0,0.0,,,,,,,,,,,,,,,,,,6,2017,False
2017-06-24,27.1,20.733333333333334,54.291666666666664,5.075,7.5,0.0,700.0,0.0,,,,,,,,,,,,,,,,,,6,2017,False
2017-06-25,24.7,20.679166666666667,58.708333333333336,4.8999999999999995,8.9,0.0,220.0,0.0,,,,,,,,,,,,,,,,,,6,2017,False
2017-06-26,27.4,22.474999999999998,55.791666666666664,3.720833333333333,5.1,0.0,689.0,0.0,,,,,,,,,,,,,,,,,,6,2017,False
2017-06-27,26.4,22.120833333333334,62.958333333333336,2.891666666666667,4.4,0.0,72.0,0.0,,,,,,,,,,,,,,,,,,6,2017,False
2017-06-28,24.8,21.1375,73.16666666666667,4.1625000000000005,8.5,2.0,306.0,0.0,,,,,,,,,,,,,,,,,,6,2017,False
2017-06-29,23.3,17.866666666666667,83.04166666666667,3.920833333333333,6.6,5.7,41.0,0.0,,,,,,,,,,,,,,,,,,6,2017,False
2017-06-30,23.1,18.116666666666667,65.08333333333333,5.841666666666666,8.4,0.0,265.0,0.0,,,,,,,,,,,,,,,,,,6,2017,False
2017-07-01,18.2,16.460869565217394,83.69565217391305,5.4173913043478255,8.0,6.9,0.0,0.0,,,,,,,,,,,,,,,,,,7,2017,False
2017-07-02,20.6,17.529166666666665,77.66666666666667,4.158333333333333,7.2,0.4,12.0,0.0,,,,,,,,,,,,,,,,,,7,2017,False
2017-07-03,25.4,18.641666666666666,65.29166666666667,3.4499999999999997,7.1,0.0,426.0,0.0,,,,,,,,,,,,,,,,,,7,2017,False
2017-07-04,27.0,20.891666666666666,56.541666666666664,2.35,3.3,0.0,741.0,0.0,,,,,,,,,,,,,,,,,,7,2017,False
2017-07-05,30.4,23.641666666666666,53.875,2.158333333333333,3.9,0.0,768.0,0.0,,,,,,,,,,,,,,,,,,7,2017,False
2017-07-06,32.6,23.65833333333333,62.083333333333336,2.345833333333333,5.9,7.000000000000001,591.0,0.0,,,,,,,,,,,,,,,,,,7,2017,True
2017-07-07,32.0,24.179166666666664,69.45833333333333,4.125,8.7,6.9,646.0,0.0,,,,,,,,,,,,,,,,,,7,2017,True
2017-07-08,30.9,24.229166666666668,59.0,2.6041666666666665,5.2,0.0,730.0,0.0,,,,,,,,,,,,,,,,,,7,2017,True
2017-07-09,30.6,24.34583333333333,59.458333333333336,1.9000000000000001,3.4,0.0,544.0,0.0,,,,,,,,,,,,,,,,,,7,2017,False
2017-07-10,25.7,21.479166666666668,81.5,3.9583333333333335,7.2,11.1,150.0,0.0,,,,,,,,,,,,,,,,,,7,2017,False
2017-07-11,24.4,20.2375,70.29166666666667,4.870833333333334,9.1,0.1,88.0,0.0,,,,,,,,,,,,,,,,,,7,2017,False
2017-07-12,21.0,17.329166666666666,88.91666666666667,4.7124999999999995,8.9,17.200000000000003,35.0,0.0,,,,,,,,,,,,,,,,,,7,2017,False
2017-07-13,21.5,16.07916666666667,63.208333333333336,2.0749999999999997,3.6,0.0,725.0,0.0,,,,,,,,,,,,,,,,,,7,2017,False
2017-07-14,24.2,17.466666666666665,62.958333333333336,3.1041666666666665,7.2,0.6,273.0,0.0,,,,,,,,,,,,,,,,,,7,2017,False
2017-07-15,21.3,16.462500000000002,64.08333333333333,3.4291666666666667,4.8,0.0,130.0,0.0,,,,,,,,,,,,,,,,,,7,2017,False
2017-07-16,23.6,18.6125,68.25,2.525,5.1,0.0,77.0,0.0,,,,,,,,,,,,,,,,,,7,2017,False
2017-07-17,26.6,21.925,68.125,1.7874999999999999,3.9,0.0,359.0,0.0,,,,,,,,,,,,,,,,,,7,2017,False
2017-07-18,29.8,23.829166666666666,58.833333333333336,2.8000000000000003,4.5,0.0,577.0,0.0,,,,,,,,,,,,,,,,,,7,2017,False
2017-07-19,33.9,26.337500000000002,53.041666666666664,3.4416666666666664,9.3,0.0,623.0,0.0,,,,,,,,,,,,,,,,,,7,2017,True
2017-07-20,25.1,21.679166666666664,75.58333333333333,3.8874999999999997,7.2,4.4,270.0,0.0,,,,,,,,,,,,,,,,,,7,2017,False
2017-07-21,28.1,22.150000000000002,57.5,1.9749999999999999,3.8,0.0,794.0,0.0,,,,,,,,,,,,,,,,,,7,2017,False
2017-07-22,25.8,21.370833333333334,78.375,2.6750000000000003,5.5,9.7,369.0,0.0,,,,,,,,,,,,,,,,,,7,2017,False
2017-07-23,22.1,19.554166666666667,64.20833333333333,5.533333333333334,9.2,0.6000000000000001,428.0,0.0,,,,,,,,,,,,,,,,,,7,2017,False
2017-07-24,18.7,15.987499999999999,77.20833333333333,3.6875,6.7,14.2,107.0,0.0,,,,,,,,,,,,,,,,,,7,2017,False
2017-07-25,15.8,14.695833333333333,86.29166666666667,4.858333333333333,6.7,7.4,0.0,0.0,,,,,,,,,,,,,,,,,,7,2017,False
2017-07-26,23.1,17.854166666666668,72.79166666666667,5.0875,7.0,2.1999999999999997,368.0,0.0,,,,,,,,,,,,,,,,,,7,2017,False
2017-07-27,24.1,18.433333333333334,80.91666666666667,3.954166666666667,7.1,0.9,56.0,0.0,,,,,,,,,,,,,,,,,,7,2017,False
2017-07-28,22.7,18.654166666666665,66.0,4.9624999999999995,8.5,0.0,303.0,0.0,,,,,,,,,,,,,,,,,,7,2017,False
2017-07-29,27.8,21.683333333333334,64.33333333333333,3.7458333333333336,7.8,0.0,578.0,0.0,,,,,,,,,,,,,,,,,,7,2017,False
2017-07-30,27.6,22.304166666666664,68.04166666666667,4.445833333333334,9.2,0.0,491.0,0.0,,,,,,,,,,,,,,,,,,7,2017,False
2017-07-31,27.0,22.275000000000002,72.04166666666667,2.85,5.8,0.2,354.0,0.0,,,,,,,,,,,,,,,,,,7,2017,False
2017-08-01,24.9,21.73913043478261,77.30434782608695,2.895652173913043,6.8,4.8,227.0,0.0,,,,,,,,,,,,,,,,,,8,2017,False
2017-08-02,27.8,22.579166666666666,70.08333333333333,2.525,4.2,0.0,318.0,0.0,,,,,,,,,,,,,,,,,,8,2017,False
2017-08-03,28.7,22.366666666666664,73.95833333333333,4.491666666666666,10.7,0.7,219.0,0.0,,,,,,,,,,,,,,,,,,8,2017,False
2017-08-04,24.9,21.650000000000002,60.583333333333336,4.8500000000000005,8.8,0.0,252.0,0.0,,,,,,,,,,,,,,,,,,8,2017,False
2017-08-05,24.2,19.866666666666667,69.91666666666667,3.7083333333333335,8.4,4.3,233.0,0.0,,,,,,,,,,,,,,,,,,8,2017,False
2017-08-06,23.4,18.154166666666665,59.125,2.525,4.3,0.0,722.0,0.0,,,,,,,,,,,,,,,,,,8,2017,False
2017-08-07,26.3,19.5625,53.416666666666664,2.2041666666666666,3.1,0.0,766.0,0.0,,,,,,,,,,,,,,,,,,8,2017,False
2017-08-08,23.8,19.125,65.91666666666667,3.6291666666666664,8.6,0.1,112.0,0.0,,,,,,,,,,,,,,,,,,8,2017,False
2017-08-09,23.9,18.775000000000002,62.333333333333336,2.8541666666666665,4.0,0.0,598.0,0.0,,,,,,,,,,,,,,,,,,8,2017,False
2017-08-10,16.5,15.629166666666668,90.875,2.3666666666666667,4.2,21.4,0.0,0.0,,,,,,,,,,,,,,,,,,8,2017,False
2017-08-11,16.2,14.7875,89.25,3.25,4.8,8.7,0.0,0.0,,,,,,,,,,,,,,,,,,8,2017,False
2017-08-12,17.1,15.170833333333334,87.29166666666667,4.691666666666666,7.2,15.5,8.0,0.0,,,,,,,,,,,,,,,,,,8,2017,False
2017-08-13,24.2,19.1875,70.45833333333333,3.1291666666666664,4.5,0.1,462.0,0.0,,,,,,,,,,,,,,,,,,8,2017,False
2017-08-14,27.3,20.4875,68.58333333333333,2.275,3.4,0.0,440.0,0.0,,,,,,,,,,,,,,,,,,8,2017,False
2017-08-15,27.6,19.891666666666666,80.33333333333333,2.0875,6.9,28.6,419.0,0.0,,,,,,,,,,,,,,,,,,8,2017,False
2017-08-16,25.4,20.954166666666666,73.75,2.125,4.4,1.8,428.0,0.0,,,,,,,,,,,,,,,,,,8,2017,False
2017-08-17,27.3,21.454166666666666,70.45833333333333,3.375,7.7,0.0,370.0,0.0,,,,,,,,,,,,,,,,,,8,2017,False
2017-08-18,25.6,19.6125,82.25,3.525,6.4,11.0,108.0,0.0,,,,,,,,,,,,,,,,,,8,2017,False
2017-08-19,20.9,16.820833333333333,70.54166666666667,4.791666666666667,7.0,0.0,450.0,0.0,,,,,,,,,,,,,,,,,,8,2017,False
2017-08-20,20.3,14.991666666666667,70.95833333333333,3.5833333333333335,6.4,0.0,553.0,0.0,,,,,,,,,,,,,,,,,,8,2017,False
2017-08-21,21.8,16.079166666666666,68.16666666666667,1.7249999999999999,3.2,0.0,257.0,0.0,,,,,,,,,,,,,,,,,,8,2017,False
2017-08-22,23.5,17.891666666666666,62.25,1.9708333333333332,2.9,0.0,597.0,0.0,,,,,,,,,,,,,,,,,,8,2017,False
2017-08-23,27.7,19.64166666666667,61.541666666666664,1.9833333333333334,3.2,0.0,727.0,0.0,,,,,,,,,,,,,,,,,,8,2017,False
2017-08-24,24.2,19.8625,66.29166666666667,2.8000000000000003,6.0,0.0,450.0,0.0,,,,,,,,,,,,,,,,,,8,2017,False
2017-08-25,26.8,19.908333333333335,72.16666666666667,1.8833333333333335,3.9,6.5,478.0,0.0,,,,,,,,,,,,,,,,,,8,2017,False
2017-08-26,27.4,21.416666666666668,80.08333333333333,2.5708333333333333,4.5,0.0,440.0,0.0,,,,,,,,,,,,,,,,,,8,2017,False
2017-08-27,25.8,20.495833333333334,76.375,1.3083333333333333,2.9,0.0,242.0,0.0,,,,,,,,,,,,,,,,,,8,2017,False
2017-08-28,26.4,21.379166666666666,61.5,2.25,4.2,0.0,682.0,0.0,,,,,,,,,,,,,,,,,,8,2017,False
2017-08-29,29.9,22.258333333333336,64.16666666666667,1.825,2.7,0.0,756.0,0.0,,,,,,,,,,,,,,,,,,8,2017,False
2017-08-30,29.0,23.25,65.75,3.3625000000000003,7.2,0.0,428.0,0.0,,,,,,,,,,,,,,,,,,8,2017,False
2017-08-31,20.4,18.412499999999998,77.33333333333333,4.458333333333333,6.4,4.4,30.0,0.0,,,,,,,,,,,,,,,,,,8,2017,False
2017-09-01,20.7,15.51304347826087,68.56521739130434,2.0608695652173914,3.3,0.0,528.0,0.0,,,,,,,,,,,,,,,,,,9,2017,False
2017-09-02,19.7,14.8125,74.25,2.158333333333333,5.1,0.1,286.0,0.0,,,,,,,,,,,,,,,,,,9,2017,False
2017-09-03,20.0,13.404166666666667,75.25,1.3875,2.6,0.0,640.0,0.0,,,,,,,,,,,,,,,,,,9,2017,False
2017-09-04,21.8,15.1625,69.91666666666667,2.3583333333333334,5.5,0.0,595.0,0.0,,,,,,,,,,,,,,,,,,9,2017,False
2017-09-05,24.1,19.095833333333335,72.83333333333333,2.7458333333333336,4.1,0.3,346.0,0.0,,,,,,,,,,,,,,,,,,9,2017,False
2017-09-06,21.1,18.529166666666665,66.04166666666667,5.758333333333333,8.7,0.2,206.0,0.0,,,,,,,,,,,,,,,,,,9,2017,False
2017-09-07,19.3,15.966666666666667,64.16666666666667,4.691666666666666,6.0,0.0,186.0,0.0,,,,,,,,,,,,,,,,,,9,2017,False
2017-09-08,18.6,16.2375,66.70833333333333,5.491666666666667,7.7,0.3,95.0,0.0,,,,,,,,,,,,,,,,,,9,2017,False
2017-09-09,18.7,15.945833333333333,70.16666666666667,5.995833333333334,8.4,1.9,103.0,0.0,,,,,,,,,,,,,,,,,,9,2017,False
2017-09-10,18.3,13.433333333333332,76.375,3.3958333333333335,7.2,0.0,403.0,0.0,,,,,,,,,,,,,,,,,,9,2017,False
2017-09-11,19.1,14.291666666666666,70.04166666666667,5.529166666666666,8.6,0.5,188.0,0.0,,,,,,,,,,,,,,,,,,9,2017,False
2017-09-12,17.6,14.279166666666667,70.95833333333333,5.9125000000000005,8.9,5.3,206.0,0.0,,,,,,,,,,,,,,,,,,9,2017,False
2017-09-13,19.7,13.904166666666667,80.5,7.841666666666666,12.2,13.100000000000001,69.0,0.0,,,,,,,,,,,,,,,,,,9,2017,False
2017-09-14,14.7,11.991666666666667,86.625,7.133333333333333,9.9,28.7,70.0,0.0,,,,,,,,,,,,,,,,,,9,2017,False
2017-09-15,15.6,11.654166666666667,83.58333333333333,3.9291666666666667,6.3,5.5,222.0,0.0,,,,,,,,,,,,,,,,,,9,2017,False
2017-09-16,16.3,9.5,86.08333333333333,1.7625,4.8,0.0,230.0,0.0,,,,,,,,,,,,,,,,,,9,2017,False
2017-09-17,16.3,10.229166666666666,85.33333333333333,1.5666666666666667,3.6,0.1,218.0,0.0,,,,,,,,,,,,,,,,,,9,2017,False
2017-09-18,16.2,10.254166666666666,82.33333333333333,2.9499999999999997,6.2,0.3,198.0,0.0,,,,,,,,,,,,,,,,,,9,2017,False
2017-09-19,15.5,11.158333333333333,85.95833333333333,2.6750000000000003,4.8,2.0,214.0,0.0,,,,,,,,,,,,,,,,,,9,2017,False
2017-09-20,16.6,11.391666666666666,85.33333333333333,2.4125,3.1,0.1,121.0,0.0,,,,,,,,,,,,,,,,,,9,2017,False
2017-09-21,18.4,11.362499999999999,82.83333333333333,1.4375,2.0,0.0,366.0,0.0,,,,,,,,,,,,,,,,,,9,2017,False
2017-09-22,19.0,13.270833333333334,78.54166666666667,1.6333333333333335,2.6,0.0,410.0,0.0,,,,,,,,,,,,,,,,,,9,2017,False
2017-09-23,19.8,13.795833333333334,78.33333333333333,1.825,3.4,0.0,451.0,0.0,,,,,,,,,,,,,,,,,,9,2017,False
2017-09-24,18.2,15.179166666666667,75.33333333333333,2.1999999999999997,3.4,0.0,60.0,0.0,,,,,,,,,,,,,,,,,,9,2017,False
2017-09-25,18.6,14.2125,78.75,2.1999999999999997,3.3,0.0,456.0,0.0,,,,,,,,,,,,,,,,,,9,2017,False
2017-09-26,19.7,14.85,77.54166666666667,1.9749999999999999,2.8,0.0,196.0,0.0,,,,,,,,,,,,,,,,,,9,2017,False
2017-09-27,20.6,15.104166666666666,77.125,1.7958333333333334,2.4,0.0,556.0,0.0,,,,,,,,,,,,,,,,,,9,2017,False
2017-09-28,20.8,16.029166666666665,80.375,1.6875,2.5,0.0,170.0,0.0,,,,,,,,,,,,,,,,,,9,2017,False
2017-09-29,22.4,17.9625,79.70833333333333,1.825,3.2,0.2,361.0,0.0,,,,,,,,,,,,,,,,,,9,2017,False
2017-09-30,21.3,16.1125,84.41666666666667,2.908333333333333,6.8,3.9,150.0,0.0,,,,,,,,,,,,,,,,,,9,2017,False
2017-10-01,16.5,11.291304347826086,84.8695652173913,2.3347826086956522,4.4,0.0,337.0,0.0,,,,,,,,,,,,,,,,,,10,2017,False
2017-10-02,16.0,12.799999999999999,91.08333333333333,3.904166666666667,6.4,1.2,0.0,0.0,,,,,,,,,,,,,,,,,,10,2017,False
2017-10-03,16.8,13.183333333333332,79.79166666666667,4.041666666666667,6.6,16.7,252.0,0.0,,,,,,,,,,,,,,,,,,10,2017,False
2017-10-04,15.4,11.095833333333333,77.875,4.308333333333334,7.5,0.0,147.0,0.0,,,,,,,,,,,,,,,,,,10,2017,False
2017-10-05,15.7,13.0375,71.45833333333333,7.570833333333333,11.6,0.4,91.0,0.0,,,,,,,,,,,,,,,,,,10,2017,False
2017-10-06,13.3,9.65,79.125,4.5,8.2,0.4,183.0,0.0,,,,,,,,,,,,,,,,,,10,2017,False
2017-10-07,12.5,11.049999999999999,72.79166666666667,5.729166666666667,9.1,0.1,48.0,0.0,,,,,,,,,,,,,,,,,,10,2017,False
2017-10-08,16.0,12.720833333333333,79.20833333333333,5.091666666666667,7.6,0.7000000000000001,164.0,0.0,,,,,,,,,,,,,,,,,,10,2017,False
2017-10-09,14.4,11.345833333333333,84.5,2.5416666666666665,4.3,0.8,28.0,0.0,,,,,,,,,,,,,,,,,,10,2017,False
2017-10-10,14.4,12.395833333333334,90.95833333333333,4.120833333333334,5.6,1.8,0.0,0.0,,,,,,,,,,,,,,,,,,10,2017,False
2017-10-11,15.9,13.970833333333333,80.41666666666667,4.483333333333333,7.3,0.0,49.0,0.0,,,,,,,,,,,,,,,,,,10,2017,False
2017-10-12,19.2,14.4375,75.54166666666667,4.604166666666667,8.5,0.0,377.0,0.0,,,,,,,,,,,,,,,,,,10,2017,False
2017-10-13,18.8,13.924999999999999,86.20833333333333,2.7916666666666665,4.5,0.0,99.0,0.0,,,,,,,,,,,,,,,,,,10,2017,False
2017-10-14,21.6,15.112499999999999,82.0,1.7583333333333335,3.3,0.0,601.0,0.0,,,,,,,,,,,,,,,,,,10,2017,False
2017-10-15,17.0,11.533333333333333,93.29166666666667,1.2958333333333334,2.3,0.0,206.0,0.0,,,,,,,,,,,,,,,,,,10,2017,False
2017-10-16,21.0,12.520833333333334,88.79166666666667,1.3958333333333333,2.5,0.0,381.0,0.0,,,,,,,,,,,,,,,,,,10,2017,False
2017-10-17,21.4,12.516666666666666,84.58333333333333,1.2208333333333334,3.2,0.0,538.0,0.0,,,,,,,,,,,,,,,,,,10,2017,False
2017-10-18,19.7,11.7125,86.91666666666667,1.5416666666666667,3.2,0.0,410.0,0.0,,,,,,,,,,,,,,,,,,10,2017,False
2017-10-19,20.1,12.808333333333332,82.625,1.3416666666666668,3.3,0.0,528.0,0.0,,,,,,,,,,,,,,,,,,10,2017,False
2017-10-20,17.0,12.341666666666667,85.375,3.1791666666666667,9.2,0.9000000000000001,163.0,0.0,,,,,,,,,,,,,,,,,,10,2017,False
2017-10-21,16.9,10.987499999999999,88.625,2.6875,6.1,3.4,25.0,0.0,,,,,,,,,,,,,,,,,,10,2017,False
2017-10-22,10.9,9.879166666666666,83.54166666666667,5.516666666666667,8.2,2.7,0.0,0.0,,,,,,,,,,,,,,,,,,10,2017,False
2017-10-23,12.8,10.058333333333334,78.20833333333333,4.354166666666667,6.3,0.0,6.0,0.0,,,,,,,,,,,,,,,,,,10,2017,False
2017-10-24,15.3,12.141666666666666,88.91666666666667,4.070833333333334,5.9,0.2,0.0,0.0,,,,,,,,,,,,,,,,,,10,2017,False
2017-10-25,19.3,14.766666666666666,85.79166666666667,3.983333333333333,6.2,0.1,235.0,0.0,,,,,,,,,,,,,,,,,,10,2017,False
2017-10-26,16.4,11.458333333333334,88.70833333333333,2.091666666666667,3.0,0.0,179.0,0.0,,,,,,,,,,,,,,,,,,10,2017,False
2017-10-27,14.7,12.1875,72.04166666666667,4.8625,7.9,0.0,325.0,0.0,,,,,,,,,,,,,,,,,,10,2017,False
2017-10-28,11.4,9.137500000000001,75.41666666666667,5.7250000000000005,8.7,0.0,0.0,0.0,,,,,,,,,,,,,,,,,,10,2017,False
2017-10-29,12.8,10.607999999999999,73.52,7.232,9.9,3.7,266.0,0.0,,,,,,,,,,,,,,,,,,10,2017,False
2017-10-30,10.7,6.9875,72.91666666666667,4.095833333333333,5.3,0.0,71.0,0.0,,,,,,,,,,,,,,,,,,10,2017,False
2017-10-31,10.7,5.141666666666667,78.25,2.3208333333333333,3.8,0.0,216.0,0.0,,,,,,,,,,,,,,,,,,10,2017,False
2017-11-01,14.3,9.056521739130435,73.1304347826087,2.9826086956521736,4.5,0.0,419.0,0.0,,,,,,,,,,,,,,,,,,11,2017,False
2017-11-02,14.5,9.025,79.16666666666667,3.3625000000000003,7.3,0.0,334.0,0.0,,,,,,,,,,,,,,,,,,11,2017,False
2017-11-03,11.7,6.75,90.25,1.4875,2.1,0.0,115.0,0.0,,,,,,,,,,,,,,,,,,11,2017,False
2017-11-04,12.3,7.4125000000000005,90.70833333333333,1.5625,3.4,0.0,112.0,0.0,,,,,,,,,,,,,,,,,,11,2017,False
2017-11-05,11.0,8.204166666666667,87.41666666666667,3.2916666666666665,5.9,16.5,0.0,0.0,,,,,,,,,,,,,,,,,,11,2017,False
2017-11-06,8.4,5.841666666666666,78.08333333333333,2.1791666666666667,4.5,0.0,232.0,0.0,,,,,,,,,,,,,,,,,,11,2017,False
2017-11-07,8.9,6.241666666666667,78.83333333333333,3.4124999999999996,4.3,0.0,11.0,0.0,,,,,,,,,,,,,,,,,,11,2017,False
2017-11-08,8.4,7.6499999999999995,88.79166666666667,1.7874999999999999,3.2,0.9,0.0,0.0,,,,,,,,,,,,,,,,,,11,2017,False
2017-11-09,9.1,7.8125,92.70833333333333,1.9583333333333333,3.4,0.8,0.0,0.0,,,,,,,,,,,,,,,,,,11,2017,False
2017-11-10,8.0,6.2250000000000005,88.83333333333333,5.358333333333333,7.2,3.6,0.0,0.0,,,,,,,,,,,,,,,,,,11,2017,False
2017-11-11,7.9,5.695833333333333,90.04166666666667,3.795833333333334,5.6,8.1,0.0,0.0,,,,,,,,,,,,,,,,,,11,2017,False
2017-11-12,5.6,4.045833333333333,91.95833333333333,2.3583333333333334,5.4,6.7,0.0,0.0,,,,,,,,,,,,,,,,,,11,2017,False
2017-11-13,8.8,5.2250000000000005,81.08333333333333,2.908333333333333,4.7,0.0,149.0,0.0,,,,,,,,,,,,,,,,,,11,2017,False
2017-11-14,8.9,3.1,86.75,2.3291666666666666,3.7,0.0,335.0,0.0,,,,,,,,,,,,,,,,,,11,2017,False
2017-11-15,7.4,4.533333333333333,85.45833333333333,2.033333333333333,3.3,0.0,274.0,0.0,,,,,,,,,,,,,,,,,,11,2017,False
2017-11-16,5.4,4.041666666666667,87.5,2.3291666666666666,4.2,0.0,0.0,0.0,,,,,,,,,,,,,,,,,,11,2017,False
2017-11-17,5.2,3.9875000000000003,92.75,2.4166666666666665,4.1,0.1,0.0,0.0,,,,,,,,,,,,,,,,,,11,2017,False
2017-11-18,6.3,4.958333333333333,79.54166666666667,4.7749999999999995,9.8,0.0,72.0,0.0,,,,,,,,,,,,,,,,,,11,2017,False
2017-11-19,7.2,5.558333333333334,79.375,5.341666666666666,9.0,1.2,70.0,0.0,,,,,,,,,,,,,,,,,,11,2017,False
2017-11-20,6.1,3.9416666666666664,88.04166666666667,5.333333333333333,8.1,4.2,0.0,0.0,,,,,,,,,,,,,,,,,,11,2017,False
2017-11-21,9.5,8.174999999999999,84.75,5.833333333333333,7.4,0.9,0.0,0.0,,,,,,,,,,,,,,,,,,11,2017,False
2017-11-22,12.8,8.354166666666666,78.0,4.291666666666667,7.1,0.0,429.0,0.0,,,,,,,,,,,,,,,,,,11,2017,False
2017-11-23,15.3,7.804166666666667,77.79166666666667,3.1291666666666664,7.0,0.0,97.0,0.0,,,,,,,,,,,,,,,,,,11,2017,False
2017-11-24,13.9,11.525,77.45833333333333,4.354166666666667,7.3,6.1000000000000005,0.0,0.0,,,,,,,,,,,,,,,,,,11,2017,False
2017-11-25,9.1,6.454166666666667,87.875,3.483333333333333,5.9,8.1,0.0,0.0,,,,,,,,,,,,,,,,,,11,2017,False
2017-11-26,5.1,3.466666666666667,77.04166666666667,5.075,7.3,0.0,80.0,0.0,,,,,,,,,,,,,,,,,,11,2017,False
2017-11-27,6.2,4.241666666666666,84.29166666666667,6.2124999999999995,8.6,9.1,0.0,0.0,,,,,,,,,,,,,,,,,,11,2017,False
2017-11-28,7.1,4.629166666666666,85.375,4.829166666666667,9.7,9.299999999999999,163.0,0.0,,,,,,,,,,,,,,,,,,11,2017,False
2017-11-29,4.9,2.5375,89.16666666666667,2.308333333333333,3.5,5.6,92.0,0.0,,,,,,,,,,,,,,,,,,11,2017,False
2017-11-30,3.6,1.6833333333333333,92.25,2.904166666666667,4.5,1.9000000000000001,73.0,0.0,,,,,,,,,,,,,,,,,,11,2017,False
2017-12-01,2.5,0.3652173913043478,85.65217391304348,1.8608695652173912,3.6,0.0,21.0,0.0,,,,,,,,,,,,,,,,,,12,2017,False
2017-12-02,0.6,-1.3125,91.04166666666667,1.5458333333333334,2.7,0.0,35.0,0.0,,,,,,,,,,,,,,,,,,12,2017,False
2017-12-03,-0.2,-0.8125,91.58333333333333,3.8791666666666664,5.7,2.3,0.0,0.0,,,,,,,,,,,,,,,,,,12,2017,False
2017-12-04,4.0,2.0833333333333335,90.25,4.108333333333333,5.3,0.1,0.0,0.0,,,,,,,,,,,,,,,,,,12,2017,False
2017-12-05,6.4,4.9624999999999995,81.125,4.5625,6.1,0.1,3.0,0.0,,,,,,,,,,,,,,,,,,12,2017,False
2017-12-06,6.3,5.2375,81.125,4.358333333333333,5.5,0.0,0.0,0.0,,,,,,,,,,,,,,,,,,12,2017,False
2017-12-07,6.1,3.670833333333333,80.29166666666667,5.495833333333334,7.1,4.1,187.0,0.0,,,,,,,,,,,,,,,,,,12,2017,False
2017-12-08,7.2,3.9791666666666665,78.91666666666667,5.358333333333333,8.7,2.3,193.0,0.0,,,,,,,,,,,,,,,,,,12,2017,False
2017-12-09,2.4,1.1624999999999999,67.75,6.333333333333333,8.1,0.0,112.0,0.0,,,,,,,,,,,,,,,,,,12,2017,False
2017-12-10,6.2,0.8250000000000001,82.41666666666667,4.654166666666667,7.6,4.8,2.0,0.0,,,,,,,,,,,,,,,,,,12,2017,False
2017-12-11,8.8,6.6125,87.04166666666667,4.654166666666667,10.0,16.0,0.0,0.0,,,,,,,,,,,,,,,,,,12,2017,False
2017-12-12,7.1,4.0,70.58333333333333,7.466666666666666,12.6,0.0,153.0,0.0,,,,,,,,,,,,,,,,,,12,2017,False
2017-12-13,4.6,2.279166666666667,84.625,6.054166666666667,8.2,6.7,73.0,0.0,,,,,,,,,,,,,,,,,,12,2017,False
2017-12-14,6.6,4.929166666666666,78.875,7.479166666666667,12.1,3.4,43.0,0.0,,,,,,,,,,,,,,,,,,12,2017,False
2017-12-15,4.1,2.8041666666666667,92.45833333333333,3.1,5.7,12.5,0.0,0.0,,,,,,,,,,,,,,,,,,12,2017,False
2017-12-16,4.7,2.783333333333333,88.625,2.85,5.1,0.7,48.0,0.0,,,,,,,,,,,,,,,,,,12,2017,False
2017-12-17,3.9,2.595833333333333,82.83333333333333,3.475,4.8,0.0,8.0,0.0,,,,,,,,,,,,,,,,,,12,2017,False
2017-12-18,2.2,1.2833333333333334,91.20833333333333,2.4458333333333333,5.1,4.2,0.0,0.0,,,,,,,,,,,,,,,,,,12,2017,False
2017-12-19,3.7,2.404166666666667,92.29166666666667,2.091666666666667,3.7,0.30000000000000004,0.0,0.0,,,,,,,,,,,,,,,,,,12,2017,False
2017-12-20,4.5,3.954166666666667,95.54166666666667,2.8666666666666667,3.5,4.2,0.0,0.0,,,,,,,,,,,,,,,,,,12,2017,False
2017-12-21,7.0,5.858333333333333,95.79166666666667,3.3249999999999997,4.4,2.3,0.0,0.0,,,,,,,,,,,,,,,,,,12,2017,False
2017-12-22,7.9,7.170833333333333,96.41666666666667,2.2416666666666667,3.5,2.9,0.0,0.0,,,,,,,,,,,,,,,,,,12,2017,False
2017-12-23,8.9,7.533333333333334,89.45833333333333,3.7583333333333333,5.6,0.0,0.0,0.0,,,,,,,,,,,,,,,,,,12,2017,False
2017-12-24,8.7,8.2875,79.16666666666667,6.0,7.0,0.0,0.0,0.0,,,,,,,,,,,,,,,,,,12,2017,False
2017-12-25,7.8,5.3625,81.95833333333333,4.8875,6.3,0.0,0.0,0.0,,,,,,,,,,,,,,,,,,12,2017,False
2017-12-26,7.8,3.2916666666666665,85.45833333333333,3.891666666666667,7.9,1.8,44.0,0.0,,,,,,,,,,,,,,,,,,12,2017,False
2017-12-27,6.6,4.416666666666667,84.75,3.0041666666666664,5.1,0.4,0.0,0.0,,,,,,,,,,,,,,,,,,12,2017,False
2017-12-28,5.0,3.3249999999999997,76.45833333333333,4.7749999999999995,5.8,0.5,46.0,0.0,,,,,,,,,,,,,,,,,,12,2017,False
2017-12-29,3.3,0.8999999999999999,82.625,5.1375,7.1,4.2,43.0,0.0,,,,,,,,,,,,,,,,,,12,2017,False
2017-12-30,11.3,6.0375000000000005,90.125,5.083333333333333,7.2,7.4,0.0,0.0,,,,,,,,,,,,,,,,,,12,2017,False
2017-12-31,13.7,12.345833333333333,74.20833333333333,7.4125000000000005,10.0,0.6,14.0,0.0,,,,,,,,,,,,,,,,,,12,2017,False
2018-01-01,12.2,8.173913043478262,69.6086956521739,7.378260869565217,9.4,1.0,43.0,0.0,63.0,52.709090909090904,1.8125,39.9,26.122727272727275,2.33,229.9,23.095454545454547,5.0,,,,7.4,1.9136363636363638,0.7400000000000001,PM10,5.0,1,2018,False
2018-01-02,7.4,6.441666666666666,74.20833333333333,6.070833333333333,8.8,1.4,14.0,0.0,65.9,43.775,1.8729166666666668,42.6,28.166666666666668,2.42,21.6,7.445833333333333,1.7000000000000002,,,,9.1,1.4375,0.91,NO2,2.42,1,2018,False
2018-01-03,10.1,8.004166666666666,72.95833333333333,9.883333333333333,15.2,10.8,143.0,0.0,78.7,54.083333333333336,2.0930555555555554,38.3,20.591666666666665,2.2766666666666664,17.7,7.904166666666666,1.4833333333333334,,,,4.7,1.7695652173913046,0.47000000000000003,NO2,2.2766666666666664,1,2018,False
2018-01-04,10.5,7.466666666666666,83.54166666666667,5.895833333333333,11.4,8.4,0.0,0.0,65.5,32.44583333333333,1.8645833333333333,61.8,37.725,3.045,24.1,13.0625,1.838888888888889,,,,3.5,1.0583333333333333,0.35000000000000003,NO2,3.045,1,2018,False
2018-01-05,10.2,8.545833333333333,81.45833333333333,5.433333333333334,9.5,4.7,0.0,0.0,78.7,39.59166666666667,2.0930555555555554,79.5,40.13333333333333,3.4875,14.9,8.424999999999999,1.3277777777777777,,,,2.7,0.8791666666666668,0.27,NO2,3.4875,1,2018,False
2018-01-06,9.4,7.695833333333333,91.04166666666667,2.670833333333333,4.7,8.5,0.0,0.0,48.4,19.870833333333334,1.5083333333333333,69.2,47.00416666666666,3.23,45.1,18.029166666666665,2.6703703703703705,,,,3.1,1.1666666666666667,0.31000000000000005,NO2,3.23,1,2018,False
2018-01-07,6.6,5.133333333333334,81.41666666666667,6.204166666666667,7.5,2.3000000000000003,40.0,0.0,64.4,36.833333333333336,1.8416666666666668,24.7,14.5875,1.7349999999999999,8.7,2.6999999999999997,0.9666666666666666,,,,0.8,0.8,0.08000000000000002,O3,1.8416666666666668,1,2018,False
2018-01-08,7.2,4.8999999999999995,77.375,4.4625,6.4,0.0,0.0,0.0,19.9,12.654166666666667,0.8291666666666666,43.2,25.820833333333336,2.44,18.1,13.970833333333333,1.5055555555555555,,,,0.8,0.8000000000000002,0.08000000000000002,NO2,2.44,1,2018,False
2018-01-09,8.4,5.508333333333333,80.70833333333333,2.125,3.7,0.0,147.0,0.0,20.1,7.55,0.8375,59.4,38.199999999999996,2.98,35.6,17.416666666666668,2.3185185185185184,,,,3.8,1.2166666666666666,0.38,NO2,2.98,1,2018,False
2018-01-10,9.7,7.229166666666667,82.91666666666667,2.625,6.6,1.8,241.0,0.0,40.4,9.295833333333333,1.3416666666666666,82.0,51.675000000000004,3.55,35.4,20.083333333333332,2.311111111111111,,,,7.3,2.6791666666666667,0.73,NO2,3.55,1,2018,False
2018-01-11,7.7,6.370833333333334,91.54166666666667,1.5208333333333333,2.4,0.2,0.0,0.0,29.1,7.016666666666667,1.10625,67.2,49.987500000000004,3.18,38.0,25.041666666666668,2.4074074074074074,,,,2.2,1.1,0.22000000000000003,NO2,3.18,1,2018,False
2018-01-12,7.1,6.083333333333333,87.70833333333333,1.2916666666666667,2.2,0.0,0.0,0.0,3.1,1.4000000000000001,0.12916666666666665,55.7,42.9125,2.856666666666667,42.2,28.266666666666666,2.562962962962963,,,,1.9,0.8458333333333333,0.19,NO2,2.856666666666667,1,2018,False
2018-01-13,6.2,5.145833333333333,75.04166666666667,2.279166666666667,3.2,0.0,4.0,0.0,26.1,12.208333333333334,1.04375,49.4,34.833333333333336,2.6466666666666665,33.5,23.808333333333334,2.240740740740741,,,,0.8,0.8000000000000002,0.08000000000000002,NO2,2.6466666666666665,1,2018,False
2018-01-14,4.8,2.9166666666666665,68.54166666666667,2.6833333333333336,3.5,0.0,155.0,0.0,29.7,19.325,1.11875,56.6,26.825,2.8866666666666667,26.9,16.8,1.9944444444444445,,,,4.4,1.2333333333333334,0.44000000000000006,NO2,2.8866666666666667,1,2018,False
2018-01-15,5.5,1.8499999999999999,82.91666666666667,4.008333333333334,9.6,2.1,0.0,0.0,35.8,4.754166666666666,1.2458333333333333,57.1,44.354166666666664,2.9033333333333333,34.9,21.53333333333333,2.2925925925925927,,,,6.3,2.779166666666667,0.63,NO2,2.9033333333333333,1,2018,False
2018-01-16,9.1,6.929166666666667,72.04166666666667,8.029166666666667,12.5,0.39999999999999997,199.0,0.0,71.5,44.041666666666664,1.9895833333333333,63.2,29.77916666666667,3.08,6.5,3.0666666666666664,0.7222222222222222,,,,7.7,1.3583333333333334,0.77,NO2,3.08,1,2018,False
2018-01-17,5.0,3.7125,71.45833333333333,8.083333333333334,12.7,0.8,144.0,0.0,63.8,51.729166666666664,1.8291666666666666,75.5,31.941666666666666,3.3875,12.3,5.695833333333333,1.1833333333333333,,,,0.8,0.8000000000000002,0.08000000000000002,NO2,3.3875,1,2018,False
2018-01-18,11.7,5.9375,69.95833333333333,8.4125,15.1,1.0,152.0,0.0,73.8,45.99565217391305,2.025,64.3,27.61818181818182,3.1075,22.3,8.091666666666667,1.738888888888889,,,,4.4,1.4272727272727272,0.44000000000000006,NO2,3.1075,1,2018,False
2018-01-19,6.3,3.5749999999999997,76.91666666666667,4.754166666666666,8.3,1.0,128.0,0.0,58.0,32.37916666666667,1.7083333333333333,74.6,48.0375,3.3649999999999998,20.6,10.270833333333334,1.6444444444444444,,,,0.8,0.8000000000000002,0.08000000000000002,NO2,3.3649999999999998,1,2018,False
2018-01-20,3.7,1.5625,90.16666666666667,3.6625,6.2,8.6,20.0,0.0,48.3,26.5625,1.5062499999999999,69.5,44.666666666666664,3.2375,21.5,11.987499999999999,1.6944444444444444,,,,4.6,1.2833333333333334,0.45999999999999996,NO2,3.2375,1,2018,False
2018-01-21,4.5,2.3625,82.16666666666667,3.170833333333333,5.9,0.1,33.0,0.0,57.8,31.108333333333334,1.7041666666666666,71.6,36.68333333333333,3.29,18.6,8.975,1.5333333333333334,,,,0.8,0.8000000000000002,0.08000000000000002,NO2,3.29,1,2018,False
2018-01-22,6.0,2.566666666666667,93.16666666666667,2.0875,3.8,2.4,0.0,0.0,28.0,10.079166666666667,1.0833333333333333,99.4,56.32916666666667,3.9850000000000003,23.9,17.891666666666666,1.8277777777777775,,,,2.1,0.9875000000000002,0.21000000000000002,NO2,3.9850000000000003,1,2018,False
2018-01-23,8.6,6.825,79.625,4.2749999999999995,6.2,0.0,4.0,0.0,51.8,26.358333333333334,1.5791666666666666,65.8,41.862500000000004,3.145,24.5,16.5,1.8611111111111112,,,,7.8,1.9166666666666667,0.78,NO2,3.145,1,2018,False
2018-01-24,11.4,9.554166666666667,80.16666666666667,5.570833333333333,6.8,0.0,4.0,0.0,46.3,29.787499999999998,1.4645833333333331,46.0,33.604166666666664,2.533333333333333,20.7,11.470833333333333,1.65,,,,10.0,4.4750000000000005,1.0,NO2,2.533333333333333,1,2018,False
2018-01-25,11.3,9.604166666666666,84.625,4.2625,8.4,4.7,0.0,0.0,47.3,27.1125,1.4854166666666666,71.2,39.0375,3.2800000000000002,24.8,11.958333333333334,1.8777777777777778,,,,3.7,1.5666666666666667,0.37000000000000005,NO2,3.2800000000000002,1,2018,False
2018-01-26,9.2,7.208333333333333,91.66666666666667,1.4749999999999999,3.0,4.1000000000000005,50.0,0.0,55.5,23.337500000000002,1.65625,77.0,51.925000000000004,3.425,30.7,12.604166666666666,2.137037037037037,,,,0.8,0.8000000000000002,0.08000000000000002,NO2,3.425,1,2018,False
2018-01-27,4.9,3.2125,97.54166666666667,1.8166666666666667,4.8,0.0,0.0,0.0,14.1,7.6625000000000005,0.5874999999999999,67.3,47.14166666666667,3.1825,44.0,26.933333333333334,2.6296296296296298,,,,3.8,1.2125000000000001,0.38,NO2,3.1825,1,2018,False
2018-01-28,8.9,7.016666666666667,80.70833333333333,6.445833333333333,9.3,0.0,0.0,0.0,48.2,34.083333333333336,1.5041666666666667,41.0,27.09583333333333,2.3666666666666667,45.3,8.945833333333333,2.6777777777777776,,,,7.7,2.120833333333333,0.77,PM10,2.6777777777777776,1,2018,False
2018-01-29,10.7,9.620833333333334,75.08333333333333,7.529166666666666,10.3,0.0,0.0,0.0,55.2,34.07083333333333,1.65,75.9,32.329166666666666,3.3975,11.2,5.6375,1.1222222222222222,,,,1.7,0.8708333333333335,0.17,NO2,3.3975,1,2018,False
2018-01-30,9.0,5.591666666666666,79.66666666666667,3.0666666666666664,6.3,0.5,408.0,0.0,65.8,29.974999999999998,1.8708333333333331,96.5,49.26666666666667,3.9125,27.1,13.629166666666668,2.0037037037037035,,,,4.3,1.3458333333333332,0.43,NO2,3.9125,1,2018,False
2018-01-31,9.8,7.604166666666667,85.125,6.770833333333333,10.6,4.1,0.0,0.0,41.1,25.0125,1.35625,62.8,37.5625,3.07,31.7,10.345833333333333,2.174074074074074,,,,9.1,2.1041666666666665,0.91,NO2,3.07,1,2018,False
2018-02-01,6.2,3.630434782608696,81.08695652173913,5.130434782608695,8.3,1.7,153.0,0.0,74.2,40.40869565217391,2.0305555555555554,81.3,42.63913043478261,3.5324999999999998,16.5,9.373913043478261,1.4166666666666665,,,,1.2,0.8173913043478261,0.12,NO2,3.5324999999999998,2,2018,False
2018-02-02,4.1,2.1333333333333333,87.125,4.608333333333333,6.8,1.9000000000000001,9.0,0.0,31.8,23.675,1.1625,56.9,39.13333333333333,2.8966666666666665,22.7,14.041666666666666,1.761111111111111,,,,11.8,3.391666666666667,1.09,NO2,2.8966666666666665,2,2018,False
2018-02-03,4.5,2.2708333333333335,82.5,2.2291666666666665,3.8,0.2,60.0,0.0,42.9,21.579166666666666,1.3937499999999998,65.4,41.21666666666667,3.1350000000000002,26.3,12.8375,1.9611111111111112,,,,2.3,1.0250000000000001,0.22999999999999998,NO2,3.1350000000000002,2,2018,False
2018-02-04,1.0,0.37083333333333335,84.20833333333333,3.6833333333333336,6.1,3.4,0.0,0.0,42.3,23.34166666666667,1.3812499999999999,60.2,31.55,3.005,24.5,14.766666666666666,1.8611111111111112,,,,0.8,0.8000000000000002,0.08000000000000002,NO2,3.005,2,2018,False
2018-02-05,3.9,0.4166666666666667,69.66666666666667,3.9625,4.8,0.0,472.0,0.0,44.4,30.458333333333332,1.4249999999999998,52.3,31.566666666666666,2.743333333333333,18.2,13.570833333333333,1.511111111111111,,,,3.1,0.9833333333333334,0.31000000000000005,NO2,2.743333333333333,2,2018,False
2018-02-06,1.7,-0.041666666666666664,69.41666666666667,2.875,3.7,0.0,19.0,0.0,44.8,25.97083333333333,1.4333333333333331,62.7,40.75,3.0675,29.4,24.370833333333334,2.088888888888889,,,,2.4,1.0208333333333333,0.24,NO2,3.0675,2,2018,False
2018-02-07,3.6,0.3875,71.29166666666667,2.8874999999999997,4.4,0.0,414.0,0.0,30.2,17.608333333333334,1.1291666666666667,75.9,48.31666666666666,3.3975,48.0,40.30833333333333,2.7777777777777777,,,,0.8,0.8000000000000002,0.08000000000000002,NO2,3.3975,2,2018,False
2018-02-08,1.5,-0.9458333333333333,75.66666666666667,2.2375000000000003,3.8,0.0,386.0,0.0,33.1,21.925,1.1895833333333334,64.8,46.18333333333334,3.12,71.7,58.59583333333333,3.4916666666666667,,,,2.3,0.9458333333333333,0.22999999999999998,PM10,3.4916666666666667,2,2018,False
2018-02-09,1.0,-1.2416666666666667,84.25,1.5916666666666668,2.2,0.0,0.0,0.0,21.2,14.641666666666666,0.8833333333333333,69.5,53.9,3.2375,71.4,59.24583333333334,3.4833333333333334,,,,3.6,1.7291666666666667,0.36000000000000004,PM10,3.4833333333333334,2,2018,False
2018-02-10,3.4,1.4291666666666665,81.54166666666667,3.079166666666667,5.5,0.0,1.0,0.0,37.1,18.129166666666666,1.2729166666666667,62.0,41.987500000000004,3.05,45.4,30.820833333333336,2.681481481481481,,,,5.2,1.3458333333333334,0.52,NO2,3.05,2,2018,False
2018-02-11,4.5,2.2125,84.25,5.279166666666667,7.7,1.1,0.0,0.0,51.9,37.5875,1.5812499999999998,49.4,27.604166666666668,2.6466666666666665,18.9,9.866666666666667,1.5499999999999998,,,,8.3,2.183333333333333,0.8300000000000001,NO2,2.6466666666666665,2,2018,False
2018-02-12,5.1,1.6833333333333333,73.75,4.066666666666666,6.2,0.1,168.0,0.0,58.6,33.300000000000004,1.7208333333333332,77.4,42.4,3.435,20.4,9.450000000000001,1.6333333333333333,,,,1.3,0.8208333333333334,0.13,NO2,3.435,2,2018,False
2018-02-13,4.6,-0.3458333333333334,70.33333333333333,2.0083333333333333,4.2,0.0,461.0,0.0,59.2,21.095833333333335,1.7333333333333334,82.1,56.512499999999996,3.5524999999999998,29.4,19.6875,2.088888888888889,,,,5.6,1.4041666666666668,0.5599999999999999,NO2,3.5524999999999998,2,2018,False
2018-02-14,5.4,-0.22499999999999995,64.0,2.1999999999999997,3.1,0.0,568.0,0.0,56.8,23.183333333333334,1.6833333333333331,77.7,58.550000000000004,3.4425,44.1,24.570833333333336,2.6333333333333333,,,,2.8,1.1541666666666666,0.27999999999999997,NO2,3.4425,2,2018,False
2018-02-15,1.6,0.4291666666666667,83.25,1.8333333333333333,2.9,3.8,0.0,0.0,31.0,11.708695652173914,1.1458333333333333,77.6,63.404347826086955,3.44,41.2,32.295833333333334,2.525925925925926,,,,1.3,0.8217391304347827,0.13,NO2,3.44,2,2018,False
2018-02-16,8.2,2.404166666666667,89.83333333333333,1.6624999999999999,2.9,0.1,225.0,0.0,5.9,1.6541666666666668,0.24583333333333335,90.0,64.71666666666667,3.75,46.4,31.016666666666666,2.7185185185185183,,,,5.4,1.8791666666666667,0.54,NO2,3.75,2,2018,False
2018-02-17,4.0,1.2291666666666667,80.70833333333333,3.1041666666666665,4.5,0.0,0.0,0.0,31.5,13.9625,1.15625,73.8,44.75833333333333,3.3449999999999998,27.1,19.8625,2.0037037037037035,,,,0.8,0.8000000000000002,0.08000000000000002,NO2,3.3449999999999998,2,2018,False
2018-02-18,6.0,0.8541666666666666,74.08333333333333,1.6458333333333333,2.6,0.0,514.0,0.0,53.0,17.520833333333332,1.6041666666666665,71.8,47.012499999999996,3.295,42.0,32.170833333333334,2.5555555555555554,,,,3.5,1.2625,0.35000000000000003,NO2,3.295,2,2018,False
2018-02-19,3.3,0.6583333333333333,73.5,1.6624999999999999,2.6,0.0,212.0,0.0,40.1,19.516666666666666,1.3354166666666667,64.3,47.112500000000004,3.1075,40.3,28.150000000000002,2.4925925925925925,,,,2.0,0.8500000000000001,0.2,NO2,3.1075,2,2018,False
2018-02-20,3.9,1.1458333333333333,69.83333333333333,2.3625000000000003,4.3,0.0,151.0,0.0,50.6,16.716666666666665,1.5541666666666667,65.5,48.03333333333333,3.1375,50.0,36.083333333333336,2.851851851851852,,,,4.5,1.4166666666666667,0.45,NO2,3.1375,2,2018,False
2018-02-21,4.8,1.9249999999999998,58.25,5.125,7.7,0.0,539.0,0.0,64.2,45.25833333333333,1.8375,43.8,29.3,2.46,67.9,42.94583333333333,3.386111111111111,,,,3.5,1.7791666666666668,0.35000000000000003,PM10,3.386111111111111,2,2018,False
2018-02-22,3.4,0.7749999999999999,54.458333333333336,5.733333333333333,8.7,0.0,589.0,0.0,63.9,48.72083333333333,1.8312499999999998,42.2,25.570833333333336,2.4066666666666667,38.3,18.3,2.4185185185185185,,,,3.0,0.9708333333333333,0.30000000000000004,PM10,2.4185185185185185,2,2018,False
2018-02-23,2.6,-0.5708333333333333,48.875,5.8999999999999995,7.5,0.0,590.0,0.0,65.2,50.97083333333333,1.8583333333333334,42.9,24.929166666666664,2.4299999999999997,36.3,21.287499999999998,2.344444444444444,,,,2.6,1.0791666666666668,0.26,NO2,2.4299999999999997,2,2018,False
2018-02-24,4.3,-1.0708333333333335,47.375,6.1000000000000005,8.5,0.0,590.0,0.0,69.0,51.525,1.9375,27.4,20.55,1.87,37.2,21.316666666666666,2.3777777777777778,,,,1.9,0.9874999999999999,0.19,PM10,2.3777777777777778,2,2018,False
2018-02-25,-0.5,-3.15,41.791666666666664,5.566666666666666,6.9,0.0,605.0,0.0,68.7,60.4,1.93125,24.0,14.470833333333333,1.7000000000000002,24.1,11.754166666666668,1.838888888888889,,,,2.0,0.9291666666666667,0.2,O3,1.93125,2,2018,False
2018-02-26,-2.5,-4.6499999999999995,50.791666666666664,5.054166666666666,7.9,0.0,230.0,0.0,64.4,50.362500000000004,1.8416666666666668,53.0,25.420833333333334,2.7666666666666666,18.9,13.808333333333332,1.5499999999999998,,,,2.0,0.9458333333333333,0.2,NO2,2.7666666666666666,2,2018,False
2018-02-27,-2.7,-5.575,48.25,4.733333333333333,6.1,0.0,594.0,0.0,70.6,54.645833333333336,1.9708333333333332,41.2,24.579166666666666,2.3733333333333335,25.5,14.6875,1.9166666666666665,,,,3.5,1.7291666666666667,0.35000000000000003,NO2,2.3733333333333335,2,2018,False
2018-02-28,-2.9,-6.279166666666666,47.458333333333336,3.9583333333333335,5.5,0.0,573.0,0.0,60.8,42.824999999999996,1.7666666666666666,49.4,32.67916666666667,2.6466666666666665,43.3,30.974999999999998,2.6037037037037036,,,,4.8,2.9125,0.48,NO2,2.6466666666666665,2,2018,False
2018-03-01,1.1,-2.9086956521739133,39.56521739130435,4.765217391304348,6.1,0.0,340.0,0.0,65.0,55.40869565217392,1.8541666666666665,43.8,26.13913043478261,2.46,43.9,27.030434782608697,2.6259259259259258,,,,4.3,2.573913043478261,0.43,PM10,2.6259259259259258,3,2018,False
2018-03-02,0.0,-2.3541666666666665,48.708333333333336,3.795833333333333,5.4,0.2,0.0,0.0,70.9,48.52916666666667,1.9770833333333333,57.6,35.275,2.92,65.9,51.37083333333334,3.3305555555555557,,,,5.1,3.2916666666666665,0.51,PM10,3.3305555555555557,3,2018,False
2018-03-03,1.7,-0.6958333333333333,80.125,2.8333333333333335,4.7,0.9,40.0,0.0,55.1,34.9,1.6479166666666667,74.2,43.487500000000004,3.355,80.8,68.50416666666666,3.7444444444444445,,,,3.2,1.3291666666666666,0.32000000000000006,PM10,3.7444444444444445,3,2018,False
2018-03-04,11.2,4.666666666666667,76.79166666666667,2.120833333333333,3.9,0.1,271.0,0.0,42.3,18.020833333333332,1.3812499999999999,70.5,49.60833333333333,3.2625,81.7,66.57083333333334,3.7694444444444444,,,,2.7,1.2583333333333335,0.27,PM10,3.7694444444444444,3,2018,False
2018-03-05,13.1,7.1499999999999995,72.54166666666667,2.1083333333333334,3.2,0.0,432.0,0.0,61.1,20.095833333333335,1.7729166666666667,77.8,55.15,3.445,44.2,21.087500000000002,2.637037037037037,,,,6.7,1.925,0.67,NO2,3.445,3,2018,False
2018-03-06,10.4,4.954166666666667,71.25,2.1416666666666666,3.6,0.0,477.0,0.0,27.7,10.595833333333333,1.0770833333333334,95.4,69.9375,3.8850000000000002,102.5,62.27916666666667,4.277777777777778,,,,10.8,3.2083333333333335,1.04,PM10,4.277777777777778,3,2018,False
2018-03-07,9.5,6.0625,78.0,5.2124999999999995,8.8,0.2,37.0,0.0,54.3,23.52916666666667,1.6312499999999999,76.2,46.012499999999996,3.4050000000000002,88.1,24.6125,3.947222222222222,,,,8.0,1.8208333333333335,0.8,PM10,3.947222222222222,3,2018,False
2018-03-08,11.3,6.4875,70.54166666666667,6.279166666666666,11.3,2.4,30.0,0.0,69.1,48.3125,1.9395833333333332,51.9,32.19166666666667,2.73,19.5,8.766666666666667,1.5833333333333333,,,,5.7,2.3333333333333335,0.5700000000000001,NO2,2.73,3,2018,False
2018-03-09,8.4,5.2250000000000005,90.625,2.1875,4.2,6.2,0.0,0.0,60.0,21.795833333333334,1.75,82.1,56.12083333333334,3.5524999999999998,37.3,19.4375,2.3814814814814813,,,,4.1,1.5625,0.41,NO2,3.5524999999999998,3,2018,False
2018-03-10,13.5,9.6,88.79166666666667,2.8208333333333333,5.7,3.5,58.0,0.0,46.7,15.625,1.4729166666666667,68.1,49.29583333333333,3.2024999999999997,32.3,22.150000000000002,2.196296296296296,,,,11.0,2.558333333333333,1.05,NO2,3.2024999999999997,3,2018,False
2018-03-11,14.1,10.458333333333334,86.0,1.9541666666666666,3.7,0.1,66.0,0.0,47.4,15.670833333333334,1.4874999999999998,63.8,42.34166666666666,3.0949999999999998,49.1,20.808333333333334,2.8185185185185184,,,,8.3,2.3583333333333334,0.8300000000000001,NO2,3.0949999999999998,3,2018,False
2018-03-12,14.1,10.233333333333333,85.04166666666667,3.9,8.0,3.0,63.0,0.0,51.7,19.85,1.5770833333333334,63.3,39.949999999999996,3.0825,50.5,20.125,2.8703703703703702,,,,8.9,3.6363636363636362,0.8900000000000001,NO2,3.0825,3,2018,False
2018-03-13,10.0,8.333333333333334,75.08333333333333,7.016666666666667,10.3,1.2,0.0,0.0,70.1,41.729166666666664,1.9604166666666665,43.6,28.954166666666666,2.453333333333333,9.1,4.1125,1.0055555555555555,,,,5.0,1.965217391304348,0.5,NO2,2.453333333333333,3,2018,False
2018-03-14,11.5,6.949999999999999,72.08333333333333,2.4250000000000003,4.5,0.4,202.0,0.0,60.3,32.112500000000004,1.7562499999999999,74.9,39.895833333333336,3.3725,27.7,15.866666666666667,2.0259259259259257,,,,0.8,0.8000000000000002,0.08000000000000002,NO2,3.3725,3,2018,False
2018-03-15,11.4,6.925,66.54166666666667,3.1208333333333336,4.5,0.2,344.0,0.0,45.0,28.78333333333333,1.4375,73.4,40.704166666666666,3.335,22.9,16.366666666666667,1.7722222222222221,,,,0.8,0.8000000000000002,0.08000000000000002,NO2,3.335,3,2018,False
2018-03-16,11.1,7.241666666666667,86.58333333333333,3.5375,6.8,3.2,1.0,0.0,38.2,20.462500000000002,1.2958333333333334,65.4,39.93333333333333,3.1350000000000002,31.4,19.579166666666666,2.162962962962963,,,,4.2,1.0958333333333334,0.42000000000000004,NO2,3.1350000000000002,3,2018,False
2018-03-17,1.7,-0.8375,72.375,7.0625,8.0,0.0,0.0,0.0,54.6,45.47083333333333,1.6375,25.1,18.691666666666666,1.7550000000000001,18.6,14.420833333333334,1.5333333333333334,,,,0.8,0.8000000000000002,0.08000000000000002,NO2,1.7550000000000001,3,2018,False
2018-03-18,-0.3,-2.408333333333333,70.16666666666667,6.0375000000000005,7.0,1.5,10.0,0.0,77.1,69.0,2.0708333333333333,26.3,16.9375,1.815,25.6,18.020833333333332,1.9222222222222223,,,,1.7,0.8708333333333335,0.17,O3,2.0708333333333333,3,2018,False
2018-03-19,2.2,-1.0374999999999999,56.958333333333336,4.770833333333333,5.7,0.0,383.0,0.0,84.5,68.55416666666666,2.173611111111111,51.5,27.037499999999998,2.716666666666667,24.8,19.495833333333334,1.8777777777777778,,,,2.1,1.2750000000000001,0.21000000000000002,NO2,2.716666666666667,3,2018,False
2018-03-20,3.0,-1.0416666666666667,67.5,2.2083333333333335,5.7,0.1,85.0,0.0,65.6,32.75416666666667,1.8666666666666665,99.7,57.25,3.9925,38.2,22.625,2.414814814814815,,,,6.6,1.3666666666666665,0.66,NO2,3.9925,3,2018,False
2018-03-21,6.9,1.5083333333333335,59.375,2.1750000000000003,3.7,0.0,690.0,0.0,73.4,30.845833333333335,2.0194444444444444,88.7,55.1625,3.7175000000000002,38.6,17.304166666666667,2.4296296296296296,,,,1.9,0.8875000000000001,0.19,NO2,3.7175000000000002,3,2018,False
2018-03-22,3.6,1.0791666666666666,83.83333333333333,4.175,6.5,1.8,0.0,0.0,32.2,15.1625,1.1708333333333334,68.4,58.666666666666664,3.21,47.2,30.3,2.7481481481481485,,,,6.3,2.1666666666666665,0.63,NO2,3.21,3,2018,False
2018-03-23,7.0,4.683333333333334,91.08333333333333,3.3958333333333335,4.5,0.1,0.0,0.0,17.4,8.9125,0.7249999999999999,58.3,43.49166666666667,2.9433333333333334,39.2,28.804166666666664,2.4518518518518517,,,,9.0,2.4250000000000003,0.9,NO2,2.9433333333333334,3,2018,False
2018-03-24,10.8,5.833333333333333,70.70833333333333,2.4458333333333333,4.6,0.0,518.0,0.0,70.4,24.8125,1.9666666666666668,91.0,44.24166666666667,3.775,33.8,19.658333333333335,2.2518518518518515,,,,1.9,0.9375,0.19,NO2,3.775,3,2018,False
2018-03-25,13.1,6.28695652173913,61.47826086956522,2.108695652173913,3.1,0.0,638.0,0.0,86.8,29.73478260869565,2.2055555555555557,101.2,47.08695652173913,4.024,38.2,24.330434782608698,2.414814814814815,,,,1.8,0.8782608695652175,0.18000000000000002,NO2,4.024,3,2018,False
2018-03-26,10.2,8.091666666666667,60.416666666666664,2.15,3.1,0.0,35.0,0.0,66.2,35.69583333333333,1.8791666666666667,102.2,51.74583333333334,4.0440000000000005,72.7,39.72083333333333,3.5194444444444444,,,,3.3,0.9041666666666668,0.33,NO2,4.0440000000000005,3,2018,False
2018-03-27,10.6,5.625,72.04166666666667,2.7375000000000003,5.7,5.4,257.0,0.0,55.3,28.425,1.6520833333333331,85.6,53.11666666666667,3.6399999999999997,47.2,27.329166666666666,2.7481481481481485,,,,5.4,1.4083333333333334,0.54,NO2,3.6399999999999997,3,2018,False
2018-03-28,11.0,8.195833333333333,87.91666666666667,4.441666666666666,7.3,9.9,6.0,0.0,57.7,33.925000000000004,1.7020833333333334,73.7,43.69583333333333,3.3425000000000002,40.1,21.275000000000002,2.4851851851851854,,,,2.2,0.8833333333333333,0.22000000000000003,NO2,3.3425000000000002,3,2018,False
2018-03-29,10.8,7.1375,62.458333333333336,5.145833333333333,9.9,0.0,291.0,0.0,80.5,57.780952380952385,2.1180555555555554,83.5,35.49523809523809,3.5875,15.9,6.4,1.3833333333333333,,,,1.4,0.8315789473684211,0.13999999999999999,NO2,3.5875,3,2018,False
2018-03-30,13.2,7.183333333333334,69.58333333333333,2.5375,5.5,0.0,355.0,0.0,71.6,28.333333333333332,1.9916666666666665,87.7,47.12083333333334,3.6925,22.8,17.163636363636364,1.7666666666666666,,,,2.1,0.9391304347826087,0.21000000000000002,NO2,3.6925,3,2018,False
2018-03-31,14.4,9.487499999999999,62.5,3.3874999999999997,5.5,0.0,445.0,0.0,92.3,60.50833333333333,2.2819444444444446,51.7,24.829166666666666,2.7233333333333336,23.1,9.016666666666667,1.7833333333333332,,,,3.3,1.3375000000000001,0.33,NO2,2.7233333333333336,3,2018,False
2018-04-01,10.4,8.226086956521739,66.47826086956522,4.747826086956522,7.8,0.8,173.0,0.0,78.7,61.6,2.0930555555555554,35.2,19.213043478260868,2.1733333333333333,24.8,10.856521739130436,1.8777777777777778,,,,2.5,0.9043478260869565,0.25,NO2,2.1733333333333333,4,2018,False
2018-04-02,14.2,8.737499999999999,63.541666666666664,2.9375,5.5,0.0,398.0,0.0,85.7,51.67083333333334,2.1902777777777778,74.8,29.633333333333336,3.37,43.8,19.295833333333334,2.6222222222222222,,,,4.3,1.3583333333333334,0.43,NO2,3.37,4,2018,False
2018-04-03,19.6,13.708333333333334,55.25,3.204166666666667,7.0,0.7,331.0,0.0,79.3,37.762499999999996,2.1013888888888888,80.5,53.62916666666666,3.5125,153.9,30.962500000000002,5.0,,,,8.3,2.3249999999999997,0.8300000000000001,PM10,5.0,4,2018,False
2018-04-04,15.6,11.795833333333334,72.375,3.9291666666666667,10.3,1.9,142.0,0.0,71.1,43.26666666666667,1.9812499999999997,118.4,51.35833333333333,4.368,55.2,27.070833333333336,3.033333333333333,,,,17.0,3.3541666666666665,1.35,NO2,4.368,4,2018,False
2018-04-05,11.9,9.566666666666666,69.29166666666667,6.391666666666667,11.3,1.4000000000000001,78.0,0.0,83.1,61.50833333333333,2.154166666666667,52.7,26.9875,2.756666666666667,66.1,10.770833333333334,3.336111111111111,,,,4.5,2.1791666666666667,0.45,PM10,3.336111111111111,4,2018,False
2018-04-06,15.1,7.241666666666667,60.25,2.904166666666667,4.9,0.0,720.0,0.0,87.1,40.09583333333333,2.209722222222222,70.5,42.975,3.2625,45.4,18.745833333333334,2.681481481481481,,,,2.3,0.8958333333333334,0.22999999999999998,NO2,3.2625,4,2018,False
2018-04-07,23.0,13.183333333333332,48.125,2.3833333333333333,3.1,0.0,746.0,0.0,89.6,50.21666666666667,2.2444444444444445,68.4,39.84166666666667,3.21,35.7,15.733333333333334,2.3222222222222224,,,,2.0,0.9375,0.2,NO2,3.21,4,2018,False
2018-04-08,23.8,16.216666666666665,46.583333333333336,2.5500000000000003,3.5,0.0,679.0,0.0,99.5,48.15416666666667,2.3819444444444446,92.7,44.28333333333333,3.8175,25.6,17.679166666666667,1.9222222222222223,,,,8.3,1.3875000000000002,0.8300000000000001,NO2,3.8175,4,2018,False
2018-04-09,21.5,15.566666666666668,55.041666666666664,2.3874999999999997,3.8,0.0,165.0,0.0,82.6,33.5,2.147222222222222,83.0,56.458333333333336,3.575,40.2,24.875,2.488888888888889,,,,5.1,1.175,0.51,NO2,3.575,4,2018,False
2018-04-10,20.0,14.254166666666668,66.08333333333333,3.029166666666667,8.7,0.0,92.0,0.0,84.1,43.604166666666664,2.1680555555555556,81.7,44.37916666666667,3.5425,65.4,31.212500000000002,3.316666666666667,,,,26.8,4.908333333333333,1.84,NO2,3.5425,4,2018,False
2018-04-11,17.2,12.075000000000001,77.75,2.9375,4.9,14.0,434.0,0.0,90.8,57.856521739130436,2.261111111111111,59.0,32.60434782608696,2.966666666666667,45.6,18.6125,2.688888888888889,,,,2.5,1.1043478260869566,0.25,NO2,2.966666666666667,4,2018,False
2018-04-12,20.1,15.679166666666667,63.041666666666664,3.8333333333333335,5.3,0.0,431.0,0.0,70.3,50.4625,1.9645833333333331,70.2,30.945833333333336,3.255,182.3,44.5625,5.0,,,,4.4,1.3499999999999999,0.44000000000000006,PM10,5.0,4,2018,False
2018-04-13,12.4,10.166666666666666,90.70833333333333,2.716666666666667,6.8,32.6,0.0,0.0,48.0,14.362499999999999,1.5,78.0,60.55833333333334,3.45,74.5,36.77916666666667,3.5694444444444446,,,,5.1,1.1875,0.51,PM10,3.5694444444444446,4,2018,False
2018-04-14,20.0,12.379166666666665,76.125,2.3249999999999997,4.6,0.1,507.0,0.0,97.5,37.979166666666664,2.3541666666666665,90.1,43.737500000000004,3.7525,54.5,22.733333333333334,3.013888888888889,,,,5.4,1.2083333333333333,0.54,NO2,3.7525,4,2018,False
2018-04-15,20.2,15.450000000000001,66.58333333333333,1.9749999999999999,3.0,0.1,299.0,0.0,102.8,55.00416666666666,2.4277777777777776,65.5,33.141666666666666,3.1375,15.2,9.041666666666666,1.3444444444444443,,,,3.2,1.0041666666666667,0.32000000000000006,NO2,3.1375,4,2018,False
2018-04-16,20.8,15.391666666666666,70.04166666666667,2.525,5.5,0.6,476.0,0.0,94.7,52.65,2.3152777777777778,60.6,31.97083333333333,3.015,27.3,15.424999999999999,2.011111111111111,,,,5.8,1.2208333333333334,0.58,NO2,3.015,4,2018,False
2018-04-17,22.5,15.283333333333333,60.833333333333336,1.9666666666666668,3.9,0.0,765.0,0.0,96.7,47.20416666666667,2.3430555555555554,98.0,43.82083333333333,3.95,52.6,29.675,2.948148148148148,,,,3.0,1.0583333333333333,0.30000000000000004,NO2,3.95,4,2018,False
2018-04-18,25.9,18.150000000000002,52.875,2.2708333333333335,3.8,0.0,797.0,0.0,125.5,50.425000000000004,2.7430555555555554,108.8,47.425000000000004,4.176,44.2,24.266666666666666,2.637037037037037,,,,1.6,0.8500000000000001,0.16000000000000003,NO2,4.176,4,2018,False
2018-04-19,27.9,20.066666666666666,43.583333333333336,2.8249999999999997,4.1,0.0,804.0,0.0,106.5,49.800000000000004,2.4791666666666665,106.1,52.449999999999996,4.122,33.4,22.099999999999998,2.237037037037037,,,,2.1,0.8956521739130435,0.21000000000000002,NO2,4.122,4,2018,False
2018-04-20,27.7,19.970833333333335,47.333333333333336,2.3416666666666663,3.3,0.0,782.0,0.0,126.2,49.791666666666664,2.7527777777777778,107.6,53.78333333333333,4.152,41.4,24.641666666666666,2.533333333333333,,,,2.2,0.8833333333333334,0.22000000000000003,NO2,4.152,4,2018,False
2018-04-21,26.7,18.966666666666665,61.583333333333336,1.4791666666666667,3.2,0.0,743.0,0.0,150.4,63.675000000000004,3.066666666666667,93.5,47.72083333333333,3.8375,60.4,35.6,3.1777777777777776,,,,5.3,1.1583333333333334,0.53,NO2,3.8375,4,2018,False
2018-04-22,27.3,21.045833333333334,54.041666666666664,3.1333333333333333,6.1,0.0,584.0,0.0,133.0,86.74583333333334,2.8472222222222223,49.4,32.862500000000004,2.6466666666666665,53.8,32.4375,2.9925925925925925,,,,6.2,1.4458333333333335,0.6200000000000001,PM10,2.9925925925925925,4,2018,False
2018-04-23,23.2,18.26666666666667,64.08333333333333,3.3625000000000003,6.4,0.7,318.0,0.0,94.1,51.85,2.3069444444444445,64.7,37.18333333333333,3.1175,39.7,25.1375,2.4703703703703703,,,,4.3,1.4666666666666668,0.43,NO2,3.1175,4,2018,False
2018-04-24,20.3,14.541666666666666,64.20833333333333,4.329166666666667,7.4,0.0,572.0,0.0,87.8,58.55416666666667,2.2194444444444446,58.7,33.0625,2.956666666666667,27.8,20.162499999999998,2.0296296296296297,,,,7.7,1.9375,0.77,NO2,2.956666666666667,4,2018,False
2018-04-25,18.5,13.708333333333334,71.0,5.695833333333333,10.9,0.0,353.0,0.0,67.4,37.50833333333333,1.9041666666666668,71.7,37.30833333333333,3.2925,78.7,31.72083333333333,3.686111111111111,,,,4.3,2.183333333333333,0.43,PM10,3.686111111111111,4,2018,False
2018-04-26,15.2,11.766666666666666,53.625,6.2,9.7,0.0,547.0,0.0,79.2,59.84166666666667,2.1,57.3,26.0625,2.91,66.9,22.041666666666668,3.3583333333333334,,,,6.1,2.370833333333333,0.61,PM10,3.3583333333333334,4,2018,False
2018-04-27,20.2,11.737499999999999,58.208333333333336,2.0,3.9,0.0,699.0,0.0,100.7,48.15,2.3986111111111112,93.8,39.97083333333333,3.8449999999999998,39.3,20.1125,2.4555555555555553,,,,2.7,0.9625,0.27,NO2,3.8449999999999998,4,2018,False
2018-04-28,17.9,13.820833333333333,57.458333333333336,3.6374999999999997,6.5,0.1,468.0,0.0,85.6,53.71666666666667,2.1888888888888887,83.5,38.525,3.5875,447.5,50.67083333333333,5.0,,,,10.3,2.6125000000000003,1.0150000000000001,PM10,5.0,4,2018,False
2018-04-29,25.0,16.099999999999998,70.66666666666667,2.5208333333333335,4.2,0.9,458.0,0.0,101.0,53.8125,2.4027777777777777,43.5,26.183333333333334,2.45,29.1,22.525000000000002,2.077777777777778,,,,0.8,0.8000000000000002,0.08000000000000002,NO2,2.45,4,2018,False
2018-04-30,18.9,15.137500000000001,57.083333333333336,8.887500000000001,13.4,0.2,327.0,0.0,84.1,67.89583333333333,2.1680555555555556,36.7,25.245833333333334,2.2233333333333336,20.1,11.008333333333333,1.6166666666666667,,,,7.1,3.4958333333333336,0.71,NO2,2.2233333333333336,4,2018,False
2018-05-01,13.7,9.678260869565218,55.30434782608695,6.269565217391304,10.0,0.0,380.0,0.0,89.6,67.28695652173913,2.2444444444444445,58.0,20.295652173913044,2.9333333333333336,18.5,10.082608695652175,1.5277777777777777,,,,7.4,3.4478260869565216,0.7400000000000001,NO2,2.9333333333333336,5,2018,False
2018-05-02,16.8,9.879166666666666,59.75,1.675,2.2,0.0,284.0,0.0,82.8,38.5375,2.15,86.2,42.74583333333334,3.6550000000000002,28.8,16.5625,2.066666666666667,,,,2.2,0.9250000000000002,0.22000000000000003,NO2,3.6550000000000002,5,2018,False
2018-05-03,19.1,13.604166666666666,59.416666666666664,2.8083333333333336,5.2,0.0,389.0,0.0,92.1,47.162499999999994,2.279166666666667,69.0,36.69166666666667,3.225,36.1,18.045833333333334,2.337037037037037,,,,0.8,0.8000000000000002,0.08000000000000002,NO2,3.225,5,2018,False
2018-05-04,21.3,15.708333333333334,44.291666666666664,5.533333333333334,7.8,0.0,682.0,0.0,109.8,86.22500000000001,2.525,53.6,18.920833333333334,2.7866666666666666,20.5,15.308333333333332,1.6388888888888888,,,,1.6,0.8333333333333334,0.16000000000000003,NO2,2.7866666666666666,5,2018,False
2018-05-05,23.6,17.283333333333335,44.5,5.054166666666666,6.7,0.0,834.0,0.0,115.8,91.70416666666667,2.6083333333333334,34.1,16.829166666666666,2.1366666666666667,18.7,16.141666666666666,1.5388888888888888,,,,3.1,0.9458333333333334,0.31000000000000005,O3,2.6083333333333334,5,2018,False
2018-05-06,25.4,18.900000000000002,39.791666666666664,4.045833333333333,5.7,0.0,860.0,0.0,117.0,98.0125,2.625,25.4,13.616666666666667,1.77,26.8,14.916666666666666,1.988888888888889,,,,1.4,0.8458333333333333,0.13999999999999999,O3,2.625,5,2018,False
2018-05-07,26.6,19.75,42.416666666666664,3.1625,4.3,0.0,861.0,0.0,119.4,89.175,2.658333333333333,68.3,24.962500000000002,3.2075,38.4,16.900000000000002,2.422222222222222,,,,2.0,0.875,0.2,NO2,3.2075,5,2018,False
2018-05-08,26.9,20.645833333333332,41.0,2.829166666666667,4.2,0.0,862.0,0.0,122.7,91.21304347826087,2.7041666666666666,82.6,30.334782608695654,3.565,38.1,21.266666666666666,2.411111111111111,,,,3.6,1.309090909090909,0.36000000000000004,NO2,3.565,5,2018,False
2018-05-09,25.9,20.754166666666666,46.958333333333336,2.1541666666666663,3.7,0.0,708.0,0.0,122.7,75.38333333333334,2.7041666666666666,91.0,39.579166666666666,3.775,37.9,26.208333333333332,2.4037037037037035,,,,2.2,0.8791666666666668,0.22000000000000003,NO2,3.775,5,2018,False
2018-05-10,18.3,15.3375,76.0,3.5875,6.5,0.5,4.0,0.0,84.3,57.475,2.1708333333333334,62.8,21.4375,3.07,104.7,36.770833333333336,4.326666666666667,,,,0.8,0.8000000000000002,0.08000000000000002,PM10,4.326666666666667,5,2018,False
2018-05-11,21.0,15.095833333333333,66.375,1.8208333333333335,3.7,0.0,426.0,0.0,103.8,52.24166666666667,2.4416666666666664,72.9,29.525000000000002,3.3225000000000002,25.8,17.583333333333332,1.9333333333333333,,,,0.8,0.8000000000000002,0.08000000000000002,NO2,3.3225000000000002,5,2018,False
2018-05-12,25.4,18.7625,60.166666666666664,2.154166666666667,2.7,0.0,661.0,0.0,116.5,64.41666666666667,2.6180555555555554,54.0,32.63333333333333,2.8,48.2,29.066666666666666,2.785185185185185,,,,1.3,0.8375,0.13,NO2,2.8,5,2018,False
2018-05-13,21.8,18.608333333333334,66.08333333333333,3.5416666666666665,6.8,0.8,357.0,0.0,110.0,70.63333333333334,2.5277777777777777,37.6,22.120833333333334,2.2533333333333334,39.1,21.358333333333334,2.448148148148148,,,,0.8,0.8000000000000002,0.08000000000000002,O3,2.5277777777777777,5,2018,False
2018-05-14,24.9,17.925,75.16666666666667,2.8166666666666664,5.3,17.7,293.0,0.0,105.9,62.72105263157895,2.470833333333333,59.5,27.431578947368422,2.9833333333333334,40.7,23.589473684210525,2.5074074074074075,,,,3.2,0.9684210526315791,0.32000000000000006,NO2,2.9833333333333334,5,2018,False
2018-05-15,22.9,18.154166666666665,49.041666666666664,4.808333333333334,7.7,0.6,585.0,0.0,115.0,99.20714285714287,2.5972222222222223,26.0,19.284615384615385,1.8,18.1,18.1,1.5055555555555555,,,,0.8,0.8000000000000002,0.08000000000000002,O3,2.5972222222222223,5,2018,False
2018-05-16,20.8,15.7125,71.70833333333333,3.5041666666666664,6.7,6.6,435.0,0.0,108.8,79.56666666666666,2.511111111111111,31.6,18.716666666666665,2.0533333333333332,19.7,13.483333333333334,1.5944444444444443,,,,,,,O3,2.511111111111111,5,2018,False
2018-05-17,19.4,15.054166666666667,65.54166666666667,4.2250000000000005,6.3,0.8999999999999999,477.0,0.0,88.7,68.65833333333333,2.2319444444444443,24.6,16.8,1.73,39.0,22.7375,2.4444444444444446,,,,0.8,0.8,0.08000000000000002,PM10,2.4444444444444446,5,2018,False
2018-05-18,16.0,12.575000000000001,66.33333333333333,2.345833333333333,4.9,0.0,467.0,0.0,78.1,53.63333333333333,2.084722222222222,36.5,21.558333333333334,2.216666666666667,40.4,26.9375,2.496296296296296,,,,0.8,0.8,0.08000000000000002,PM10,2.496296296296296,5,2018,False
2018-05-19,19.2,13.904166666666667,63.958333333333336,2.9416666666666664,4.9,0.0,729.0,0.0,97.1,50.00416666666666,2.348611111111111,45.7,25.354166666666668,2.5233333333333334,30.4,20.666666666666668,2.1259259259259258,,,,0.8,0.8,0.08000000000000002,NO2,2.5233333333333334,5,2018,False
2018-05-20,21.4,16.904166666666665,60.958333333333336,2.9,4.5,0.0,257.0,0.0,95.8,70.59166666666667,2.3305555555555557,27.6,17.691666666666666,1.8800000000000001,37.6,22.166666666666668,2.3925925925925924,,,,0.8,0.8000000000000002,0.08000000000000002,PM10,2.3925925925925924,5,2018,False
2018-05-21,25.5,20.375,45.541666666666664,3.420833333333333,4.7,0.0,814.0,0.0,122.9,100.0125,2.7069444444444444,55.7,14.779166666666667,2.856666666666667,26.8,12.816666666666668,1.988888888888889,,,,0.8,0.8000000000000002,0.08000000000000002,NO2,2.856666666666667,5,2018,False
2018-05-22,25.2,19.270833333333332,58.791666666666664,3.016666666666667,7.9,0.0,424.0,0.0,123.1,74.64583333333333,2.709722222222222,79.0,36.40416666666667,3.475,39.9,18.7625,2.477777777777778,,,,0.8,0.8000000000000002,0.08000000000000002,NO2,3.475,5,2018,False
2018-05-23,25.1,17.604166666666668,75.58333333333333,2.470833333333333,4.9,1.7999999999999998,263.0,0.0,121.8,56.512499999999996,2.6916666666666664,67.8,34.354166666666664,3.195,35.4,21.32916666666667,2.311111111111111,,,,0.8,0.8000000000000002,0.08000000000000002,NO2,3.195,5,2018,False
2018-05-24,23.2,18.854166666666668,72.33333333333333,2.9458333333333333,4.0,0.0,227.0,0.0,94.2,65.20833333333333,2.3083333333333336,38.6,28.412499999999998,2.2866666666666666,29.6,18.891666666666666,2.0962962962962965,,,,0.8,0.8000000000000002,0.08000000000000002,O3,2.3083333333333336,5,2018,False
2018-05-25,25.8,20.133333333333333,71.95833333333333,2.0833333333333335,3.5,0.0,365.0,0.0,104.0,46.49166666666667,2.4444444444444446,49.6,35.354166666666664,2.6533333333333333,41.7,25.495833333333334,2.5444444444444443,,,,3.1,1.0,0.31000000000000005,NO2,2.6533333333333333,5,2018,False
2018-05-26,28.0,22.587500000000002,60.375,2.245833333333333,3.4,0.0,837.0,0.0,129.7,71.8625,2.801388888888889,63.5,33.4375,3.0875,18.6,14.508333333333333,1.5333333333333334,,,,0.8,0.8000000000000002,0.08000000000000002,NO2,3.0875,5,2018,False
2018-05-27,30.6,22.991666666666664,60.333333333333336,2.2083333333333335,3.2,0.3,418.0,0.0,148.8,82.8125,3.0500000000000003,49.5,28.358333333333334,2.65,24.0,19.241666666666667,1.8333333333333333,,,,0.8,0.8000000000000002,0.08000000000000002,O3,3.0500000000000003,5,2018,False
2018-05-28,32.1,24.941666666666666,52.666666666666664,2.9166666666666665,4.9,0.0,766.0,0.0,123.9,85.90416666666665,2.720833333333333,50.7,29.71666666666667,2.69,27.9,19.9375,2.033333333333333,,,,0.8,0.8000000000000002,0.08000000000000002,O3,2.720833333333333,5,2018,True
2018-05-29,27.8,24.037499999999998,60.833333333333336,3.3833333333333333,7.7,0.0,658.0,0.0,122.5,84.0125,2.701388888888889,60.6,36.541666666666664,3.015,49.7,31.4875,2.840740740740741,,,,3.0,0.9416666666666668,0.30000000000000004,NO2,3.015,5,2018,False
2018-05-30,29.6,23.224999999999998,59.5,2.2624999999999997,4.8,0.0,861.0,0.0,120.0,71.76666666666667,2.6666666666666665,49.6,32.75833333333333,2.6533333333333333,51.4,26.6875,2.9037037037037035,,,,6.9,1.2708333333333333,0.6900000000000001,PM10,2.9037037037037035,5,2018,False
2018-05-31,29.1,24.304166666666664,57.625,2.595833333333333,5.0,0.0,638.0,0.0,136.1,80.12916666666666,2.8902777777777775,62.1,29.666666666666668,3.0525,36.9,24.179166666666664,2.3666666666666667,,,,0.8,0.8000000000000002,0.08000000000000002,NO2,3.0525,5,2018,False
2018-06-01,24.4,20.482608695652175,71.6086956521739,5.413043478260869,7.5,1.9,343.0,0.0,88.1,65.68695652173913,2.223611111111111,38.4,26.608695652173914,2.28,26.1,14.208695652173914,1.9500000000000002,,,,1.4,0.8478260869565217,0.13999999999999999,NO2,2.28,6,2018,False
2018-06-02,25.4,19.641666666666666,68.375,3.2125,5.2,0.0,625.0,0.0,99.1,65.7375,2.3763888888888887,29.3,20.929166666666667,1.965,28.4,14.229166666666666,2.051851851851852,,,,0.8,0.8000000000000002,0.08000000000000002,O3,2.3763888888888887,6,2018,False
2018-06-03,26.9,21.120833333333334,60.166666666666664,2.004166666666667,3.9,0.0,806.0,0.0,110.9,66.02916666666667,2.540277777777778,43.6,20.133333333333333,2.453333333333333,17.7,11.887500000000001,1.4833333333333334,,,,0.8,0.8000000000000002,0.08000000000000002,O3,2.540277777777778,6,2018,False
2018-06-04,29.1,24.0125,50.583333333333336,3.75,5.3,0.0,838.0,0.0,121.5,82.625,2.6875,47.7,25.433333333333334,2.59,26.4,18.316666666666666,1.9666666666666666,,,,0.8,0.8000000000000002,0.08000000000000002,O3,2.6875,6,2018,False
2018-06-05,28.3,23.4875,55.333333333333336,5.1375,6.0,0.0,890.0,0.0,120.1,96.35833333333333,2.668055555555555,41.5,21.491666666666664,2.3833333333333333,38.8,22.691666666666666,2.4370370370370367,,,,0.8,0.8000000000000002,0.08000000000000002,O3,2.668055555555555,6,2018,False
2018-06-06,30.7,23.925,50.625,2.8833333333333333,5.3,0.0,762.0,0.0,145.0,86.66363636363636,3.0104166666666665,50.2,27.204545454545453,2.6733333333333333,26.5,23.45384615384615,1.9722222222222223,,,,2.1,0.9681818181818183,0.21000000000000002,O3,3.0104166666666665,6,2018,False
2018-06-07,28.4,23.40416666666667,59.791666666666664,2.3208333333333333,4.9,0.0,607.0,0.0,130.2,79.55,2.808333333333333,63.7,41.28260869565217,3.0925000000000002,45.6,29.242857142857144,2.688888888888889,,,,0.8,0.8,0.08000000000000002,NO2,3.0925000000000002,6,2018,False
2018-06-08,28.8,23.224999999999998,66.29166666666667,2.254166666666667,5.2,0.6,363.0,0.0,139.2,69.425,2.933333333333333,51.9,35.170833333333334,2.73,42.5,25.941666666666666,2.574074074074074,,,,0.8,0.8000000000000002,0.08000000000000002,O3,2.933333333333333,6,2018,False
2018-06-09,30.1,22.804166666666664,66.45833333333333,2.2125,6.1,0.2,431.0,0.0,156.1,92.7625,3.1260416666666666,39.6,27.2,2.3200000000000003,38.4,25.84583333333333,2.422222222222222,,,,0.8,0.8000000000000002,0.08000000000000002,O3,3.1260416666666666,6,2018,False
2018-06-10,27.9,22.891666666666666,70.75,2.345833333333333,4.1,2.7,309.0,0.0,138.4,86.0625,2.9222222222222225,34.3,23.208333333333332,2.143333333333333,31.0,17.833333333333332,2.148148148148148,,,,0.8,0.8000000000000002,0.08000000000000002,O3,2.9222222222222225,6,2018,False
2018-06-11,25.3,21.395833333333332,73.16666666666667,4.108333333333333,6.7,10.0,343.0,0.0,98.3,73.49583333333334,2.3652777777777776,44.4,24.483333333333334,2.48,40.1,24.929166666666664,2.4851851851851854,,,,0.8,0.8000000000000002,0.08000000000000002,PM10,2.4851851851851854,6,2018,False
2018-06-12,18.1,16.8,77.08333333333333,4.045833333333333,5.9,5.9,0.0,0.0,84.0,53.18333333333334,2.1666666666666665,34.5,20.358333333333334,2.15,22.1,13.512500000000001,1.7277777777777779,,,,0.8,0.8000000000000002,0.08000000000000002,O3,2.1666666666666665,6,2018,False
2018-06-13,17.2,15.891666666666666,62.5,3.9916666666666667,5.3,0.0,129.0,0.0,66.1,51.89166666666667,1.8770833333333332,37.9,19.45,2.263333333333333,19.3,12.539130434782608,1.5722222222222222,,,,0.8,0.8000000000000002,0.08000000000000002,NO2,2.263333333333333,6,2018,False
2018-06-14,21.3,17.145833333333332,61.958333333333336,2.1083333333333334,4.0,0.0,417.0,0.0,86.1,50.42916666666667,2.1958333333333333,44.3,31.304166666666664,2.4766666666666666,58.8,25.758333333333336,3.1333333333333333,,,,3.9,1.0166666666666668,0.39,PM10,3.1333333333333333,6,2018,False
2018-06-15,23.0,18.8125,67.33333333333333,1.7041666666666666,5.1,0.0,54.0,0.0,76.1,53.46666666666667,2.0569444444444445,58.8,34.44166666666667,2.96,31.3,19.683333333333334,2.1592592592592594,,,,3.7,1.1500000000000001,0.37000000000000005,NO2,2.96,6,2018,False
2018-06-16,26.3,20.533333333333335,62.916666666666664,2.3833333333333333,4.6,0.0,563.0,0.0,116.6,58.00833333333333,2.6194444444444445,62.8,36.94166666666667,3.07,32.1,21.40416666666667,2.188888888888889,,,,2.5,1.0125,0.25,NO2,3.07,6,2018,False
2018-06-17,23.2,19.879166666666666,56.75,4.316666666666666,5.7,0.0,347.0,0.0,85.8,70.325,2.1916666666666664,48.3,13.612499999999999,2.61,21.5,12.829166666666666,1.6944444444444444,,,,0.8,0.8000000000000002,0.08000000000000002,NO2,2.61,6,2018,False
2018-06-18,23.1,18.849999999999998,61.375,3.408333333333333,5.4,0.0,270.0,0.0,68.4,47.270833333333336,1.925,43.5,28.52916666666667,2.45,52.6,23.77916666666667,2.948148148148148,,,,2.1,0.9333333333333335,0.21000000000000002,PM10,2.948148148148148,6,2018,False
2018-06-19,24.2,19.883333333333333,68.58333333333333,2.7708333333333335,4.3,0.0,321.0,0.0,51.9,33.608333333333334,1.5812499999999998,43.5,28.679166666666664,2.45,32.5,22.6875,2.2037037037037037,,,,6.8,1.9416666666666667,0.68,NO2,2.45,6,2018,False
2018-06-20,30.0,23.875,56.166666666666664,2.095833333333333,3.5,0.0,789.0,0.0,125.8,54.925000000000004,2.7472222222222222,47.0,34.07083333333333,2.5666666666666664,32.2,20.783333333333335,2.1925925925925926,,,,2.6,0.9625,0.26,O3,2.7472222222222222,6,2018,False
2018-06-21,24.7,19.825,54.75,5.179166666666666,9.0,0.0,763.0,0.0,92.5,56.3375,2.2847222222222223,59.1,26.870833333333334,2.97,56.3,35.25833333333333,3.0638888888888887,,,,0.8,0.8,0.08000000000000002,PM10,3.0638888888888887,6,2018,False
2018-06-22,17.2,13.9,55.958333333333336,5.691666666666666,8.0,0.0,237.0,0.0,69.4,54.65,1.9458333333333333,30.0,17.5125,2.0,49.3,25.1375,2.825925925925926,,,,2.6,0.875,0.26,PM10,2.825925925925926,6,2018,False
2018-06-23,18.2,14.299999999999999,61.208333333333336,4.591666666666667,6.4,0.0,337.0,0.0,70.8,56.75,1.9749999999999999,26.6,13.354166666666666,1.83,36.1,20.383333333333333,2.337037037037037,,,,0.8,0.8000000000000002,0.08000000000000002,PM10,2.337037037037037,6,2018,False
2018-06-24,21.5,16.316666666666666,61.208333333333336,3.033333333333333,5.3,0.0,137.0,0.0,102.3,63.15,2.4208333333333334,22.7,15.545833333333334,1.635,27.3,17.216666666666665,2.011111111111111,,,,3.8,1.2208333333333334,0.38,O3,2.4208333333333334,6,2018,False
2018-06-25,23.3,18.395833333333332,57.916666666666664,2.9333333333333336,5.5,0.0,341.0,0.0,71.6,47.44166666666666,1.9916666666666665,26.0,15.104166666666666,1.8,24.7,12.745833333333332,1.8722222222222222,,,,0.8,0.8000000000000002,0.08000000000000002,O3,1.9916666666666665,6,2018,False
2018-06-26,23.9,20.129166666666666,57.25,3.4499999999999997,6.8,0.0,808.0,0.0,69.7,52.3125,1.9520833333333334,50.1,19.245833333333334,2.67,34.0,20.466666666666665,2.259259259259259,,,,0.8,0.8000000000000002,0.08000000000000002,NO2,2.67,6,2018,False
2018-06-27,26.8,21.55,47.375,4.6125,7.4,0.0,884.0,0.0,95.6,65.11666666666666,2.3277777777777775,44.0,17.974999999999998,2.466666666666667,23.0,12.512500000000001,1.7777777777777777,,,,0.8,0.8000000000000002,0.08000000000000002,NO2,2.466666666666667,6,2018,False
2018-06-28,28.3,22.90833333333333,43.083333333333336,4.383333333333334,7.1,0.0,682.0,0.0,108.2,81.12916666666666,2.5027777777777778,47.9,23.691666666666666,2.5966666666666667,20.1,15.975,1.6166666666666667,,,,0.8,0.8000000000000002,0.08000000000000002,NO2,2.5966666666666667,6,2018,False
2018-06-29,30.1,25.370833333333334,40.291666666666664,3.625,5.4,0.0,700.0,0.0,122.4,94.92083333333333,2.7,42.0,22.95,2.4,19.6,16.0,1.588888888888889,,,,0.8,0.8000000000000002,0.08000000000000002,O3,2.7,6,2018,False
2018-06-30,28.8,24.837500000000002,38.25,4.575,6.1,0.0,925.0,0.0,115.3,96.39166666666667,2.6013888888888888,37.9,19.441666666666666,2.263333333333333,29.6,17.091666666666665,2.0962962962962965,,,,1.3,0.8208333333333334,0.13,O3,2.6013888888888888,6,2018,False
2018-07-01,26.9,21.76521739130435,29.565217391304348,3.7695652173913046,5.5,0.0,940.0,0.0,98.5,80.29130434782608,2.3680555555555554,24.3,13.639130434782608,1.715,30.7,11.269565217391303,2.137037037037037,,,,0.8,0.8,0.08000000000000002,O3,2.3680555555555554,7,2018,False
2018-07-02,27.9,22.004166666666666,30.041666666666668,3.3958333333333335,4.3,0.0,939.0,0.0,106.5,80.6375,2.4791666666666665,38.4,21.195833333333333,2.28,24.9,11.291666666666666,1.8833333333333333,,,,1.5,0.8583333333333334,0.15000000000000002,O3,2.4791666666666665,7,2018,False
2018-07-03,29.9,23.349999999999998,26.125,2.5375,4.0,0.0,901.0,0.0,149.1,94.8875,3.053125,65.8,31.991666666666664,3.145,38.1,16.029166666666665,2.411111111111111,,,,1.2,0.8166666666666668,0.12,NO2,3.145,7,2018,False
2018-07-04,31.4,22.15416666666667,46.958333333333336,2.6791666666666667,6.0,0.0,409.0,0.0,151.9,73.16666666666667,3.082291666666667,90.3,52.80833333333334,3.7575,54.0,28.554166666666664,3.0,,,,10.6,1.7083333333333333,1.03,NO2,3.7575,7,2018,True
2018-07-05,26.1,21.004166666666666,67.375,3.6166666666666667,8.4,0.0,297.0,0.0,109.7,58.18695652173913,2.5236111111111112,65.2,38.59130434782609,3.13,45.1,27.025000000000002,2.6703703703703705,,,,5.6,1.1347826086956523,0.5599999999999999,NO2,3.13,7,2018,False
2018-07-06,28.0,23.041666666666668,53.541666666666664,3.5500000000000003,6.3,0.0,763.0,0.0,109.5,81.02083333333333,2.520833333333333,30.7,19.683333333333334,2.0233333333333334,38.7,19.866666666666667,2.4333333333333336,,,,0.8,0.8000000000000002,0.08000000000000002,O3,2.520833333333333,7,2018,False
2018-07-07,27.8,21.979166666666668,48.958333333333336,2.9416666666666664,5.3,0.0,547.0,0.0,119.2,84.04166666666667,2.6555555555555554,52.4,21.616666666666664,2.7466666666666666,26.3,17.787499999999998,1.9611111111111112,,,,0.8,0.8000000000000002,0.08000000000000002,NO2,2.7466666666666666,7,2018,False
2018-07-08,28.3,21.954166666666666,41.0,3.095833333333333,5.2,0.0,917.0,0.0,102.7,84.68333333333334,2.426388888888889,31.0,14.799999999999999,2.033333333333333,15.4,11.395833333333334,1.3555555555555556,,,,0.8,0.8000000000000002,0.08000000000000002,O3,2.426388888888889,7,2018,False
2018-07-09,27.7,22.195833333333336,41.125,3.9791666666666665,5.7,0.0,713.0,0.0,105.8,79.29166666666667,2.4694444444444446,21.7,15.4375,1.585,15.1,10.9625,1.3388888888888888,,,,0.8,0.8000000000000002,0.08000000000000002,O3,2.4694444444444446,7,2018,False
2018-07-10,21.5,19.045833333333334,53.25,4.254166666666666,6.0,0.30000000000000004,198.0,0.0,70.5,55.020833333333336,1.96875,34.2,19.195833333333336,2.14,40.8,18.795833333333334,2.511111111111111,,,,0.8,0.8000000000000002,0.08000000000000002,PM10,2.511111111111111,7,2018,False
2018-07-11,20.3,16.287499999999998,70.54166666666667,3.1833333333333336,4.6,1.0,72.0,0.0,65.4,49.67916666666667,1.8625,41.2,23.191666666666666,2.3733333333333335,35.4,21.316666666666666,2.311111111111111,,,,0.8,0.8000000000000002,0.08000000000000002,NO2,2.3733333333333335,7,2018,False
2018-07-12,25.7,19.529166666666665,67.29166666666667,2.0791666666666666,5.0,0.0,340.0,0.0,99.2,57.949999999999996,2.3777777777777778,50.8,27.745833333333334,2.6933333333333334,44.6,21.0125,2.651851851851852,,,,0.8,0.8000000000000002,0.08000000000000002,NO2,2.6933333333333334,7,2018,False
2018-07-13,27.8,21.8625,57.708333333333336,1.9875,4.2,0.2,554.0,0.0,107.1,60.916666666666664,2.4875,67.6,32.12916666666667,3.19,30.3,18.474999999999998,2.1222222222222222,,,,0.8,0.8000000000000002,0.08000000000000002,NO2,3.19,7,2018,False
2018-07-14,29.5,24.454166666666666,43.25,2.4208333333333334,4.4,0.0,556.0,0.0,133.3,78.90416666666667,2.8513888888888888,53.4,28.608333333333334,2.78,25.8,17.633333333333333,1.9333333333333333,,,,0.8,0.8000000000000002,0.08000000000000002,O3,2.8513888888888888,7,2018,False
2018-07-15,29.3,23.65833333333333,49.166666666666664,3.7458333333333336,6.0,0.0,443.0,0.0,126.3,102.57916666666667,2.7541666666666664,34.7,14.908333333333333,2.1566666666666667,23.2,18.433333333333334,1.7888888888888888,,,,0.8,0.8000000000000002,0.08000000000000002,O3,2.7541666666666664,7,2018,False
2018-07-16,29.0,23.0125,52.583333333333336,2.025,3.5,0.0,499.0,0.0,142.1,81.72916666666667,2.973611111111111,72.8,38.87083333333333,3.32,45.4,18.391666666666666,2.681481481481481,,,,2.8,1.0041666666666667,0.27999999999999997,NO2,3.32,7,2018,False
2018-07-17,30.3,22.900000000000002,49.666666666666664,2.533333333333333,5.4,0.1,605.0,0.0,146.3,80.44166666666666,3.0239583333333333,79.2,43.375,3.48,31.4,19.258333333333333,2.162962962962963,,,,8.1,1.8625,0.81,NO2,3.48,7,2018,False
2018-07-18,28.2,23.537499999999998,41.833333333333336,2.9583333333333335,4.9,0.0,882.0,0.0,117.3,90.27499999999999,2.6291666666666664,52.5,20.204166666666666,2.75,27.3,17.691666666666666,2.011111111111111,,,,1.4,0.8250000000000001,0.13999999999999999,NO2,2.75,7,2018,False
2018-07-19,28.7,23.875,37.375,2.9166666666666665,3.9,0.0,843.0,0.0,125.5,91.68333333333334,2.7430555555555554,76.2,27.483333333333334,3.4050000000000002,34.0,20.533333333333335,2.259259259259259,,,,1.2,0.8166666666666668,0.12,NO2,3.4050000000000002,7,2018,False
2018-07-20,31.5,24.666666666666668,34.75,2.0500000000000003,3.1,0.0,642.0,0.0,169.0,90.30833333333334,3.2604166666666665,77.3,41.47083333333333,3.4325,37.2,22.183333333333334,2.3777777777777778,,,,0.8,0.8000000000000002,0.08000000000000002,NO2,3.4325,7,2018,True
2018-07-21,23.4,20.870833333333334,67.79166666666667,2.9499999999999997,5.6,1.5,8.0,0.0,121.9,87.69583333333333,2.6930555555555555,62.0,35.925000000000004,3.05,36.6,26.083333333333332,2.3555555555555556,,,,2.7,0.9833333333333334,0.27,NO2,3.05,7,2018,False
2018-07-22,26.5,19.6125,80.41666666666667,1.8,4.3,9.0,208.0,0.0,138.1,69.33749999999999,2.918055555555555,66.4,27.974999999999998,3.16,33.0,22.125,2.2222222222222223,,,,0.8,0.8000000000000002,0.08000000000000002,NO2,3.16,7,2018,False
2018-07-23,30.8,22.833333333333332,63.833333333333336,1.9625000000000001,4.3,0.0,725.0,0.0,134.8,68.3125,2.8722222222222222,60.7,36.0,3.0175,45.5,22.808333333333334,2.685185185185185,,,,6.6,1.2708333333333333,0.66,NO2,3.0175,7,2018,True
2018-07-24,33.1,25.375,49.541666666666664,2.0208333333333335,3.4,0.0,761.0,0.0,162.0,85.74166666666667,3.1875,62.5,41.00416666666667,3.0625,32.5,23.2375,2.2037037037037037,,,,0.8,0.8000000000000002,0.08000000000000002,O3,3.1875,7,2018,True
2018-07-25,35.5,26.266666666666666,48.083333333333336,2.1625,6.2,2.1,435.0,0.0,156.8,78.86666666666666,3.1333333333333333,67.3,42.137499999999996,3.1825,33.6,23.891666666666666,2.2444444444444445,,,,2.4,0.9250000000000002,0.24,NO2,3.1825,7,2018,True
2018-07-26,35.7,28.6875,40.666666666666664,2.6958333333333333,4.0,0.0,773.0,0.0,118.9,80.54583333333333,2.651388888888889,57.1,32.80416666666667,2.9033333333333333,25.0,17.858333333333334,1.8888888888888888,,,,0.8,0.8000000000000002,0.08000000000000002,NO2,2.9033333333333333,7,2018,True
2018-07-27,33.7,28.77916666666667,31.75,2.433333333333333,3.8,0.0,693.0,0.0,156.3,101.62083333333334,3.1281250000000003,76.3,34.791666666666664,3.4074999999999998,32.0,21.804166666666664,2.185185185185185,,,,1.9,0.9958333333333335,0.19,NO2,3.4074999999999998,7,2018,True
2018-07-28,31.2,25.46666666666667,50.041666666666664,3.8833333333333333,8.3,2.9,487.0,0.0,130.7,85.22500000000001,2.8152777777777773,45.8,30.566666666666666,2.5266666666666664,36.5,21.645833333333332,2.351851851851852,,,,2.1,0.8541666666666666,0.21000000000000002,O3,2.8152777777777773,7,2018,True
2018-07-29,31.1,23.71666666666667,55.291666666666664,2.6750000000000003,5.3,0.0,554.0,0.0,94.6,58.229166666666664,2.3138888888888887,49.5,27.09166666666667,2.65,25.7,13.712499999999999,1.9277777777777776,,,,2.7,1.1458333333333333,0.27,NO2,2.65,7,2018,True
2018-07-30,35.0,26.141666666666666,47.25,2.175,4.6,0.0,758.0,0.0,128.5,57.73333333333333,2.7847222222222223,82.5,48.12083333333334,3.5625,29.5,16.845833333333335,2.0925925925925926,,,,12.3,2.3291666666666666,1.115,NO2,3.5625,7,2018,True
2018-07-31,36.3,27.741666666666664,45.75,2.4208333333333334,5.7,0.0,780.0,0.0,130.7,70.52083333333333,2.8152777777777773,86.4,48.71666666666667,3.66,33.0,22.84166666666667,2.2222222222222223,,,,9.7,1.3125,0.97,NO2,3.66,7,2018,True
2018-08-01,31.1,25.87391304347826,54.43478260869565,3.9347826086956523,7.2,0.0,310.0,0.0,130.0,87.18260869565218,2.8055555555555554,43.0,21.991304347826087,2.4333333333333336,27.2,19.330434782608698,2.0074074074074075,,,,0.8,0.8,0.08000000000000002,O3,2.8055555555555554,8,2018,True
2018-08-02,33.7,25.945833333333336,58.708333333333336,1.9916666666666665,2.9,0.0,797.0,0.0,162.1,82.7304347826087,3.1885416666666666,64.4,38.28695652173913,3.1100000000000003,29.8,22.1375,2.1037037037037036,,,,0.8,0.8,0.08000000000000002,O3,3.1885416666666666,8,2018,True
2018-08-03,35.4,29.537499999999998,41.166666666666664,2.75,4.3,0.0,781.0,0.0,155.5,106.84583333333335,3.1197916666666665,59.7,34.079166666666666,2.99,31.5,23.52916666666667,2.1666666666666665,,,,0.8,0.8000000000000002,0.08000000000000002,O3,3.1197916666666665,8,2018,True
2018-08-04,36.3,29.8875,36.083333333333336,2.504166666666667,5.4,0.0,536.0,0.0,169.6,104.125,3.2666666666666666,64.6,39.550000000000004,3.1149999999999998,35.8,26.037499999999998,2.325925925925926,,,,0.8,0.8000000000000002,0.08000000000000002,O3,3.2666666666666666,8,2018,True
2018-08-05,30.6,27.120833333333334,43.041666666666664,4.554166666666666,6.2,0.0,828.0,0.0,106.9,90.85000000000001,2.4847222222222225,29.7,11.3375,1.9849999999999999,15.8,11.629166666666668,1.3777777777777778,,,,0.8,0.8000000000000002,0.08000000000000002,O3,2.4847222222222225,8,2018,False
2018-08-06,35.1,27.020833333333332,38.041666666666664,2.658333333333333,3.6,0.0,810.0,0.0,137.9,83.45833333333333,2.915277777777778,67.8,35.145833333333336,3.195,29.1,17.433333333333334,2.077777777777778,,,,1.6,0.8333333333333334,0.16000000000000003,NO2,3.195,8,2018,True
2018-08-07,35.6,27.304166666666664,45.083333333333336,2.9875000000000003,7.3,0.0,577.0,0.0,151.0,87.90416666666665,3.0729166666666665,94.4,54.84583333333333,3.8600000000000003,48.9,29.75,2.811111111111111,,,,6.0,1.6416666666666666,0.6000000000000001,NO2,3.8600000000000003,8,2018,True
2018-08-08,30.5,25.537499999999998,53.333333333333336,4.3375,8.9,4.4,667.0,0.0,107.6,75.4125,2.4944444444444445,74.1,41.604166666666664,3.3525,44.0,26.195833333333336,2.6296296296296298,,,,2.8,0.9083333333333333,0.27999999999999997,NO2,3.3525,8,2018,False
2018-08-09,33.0,23.979166666666668,58.458333333333336,4.2625,11.7,0.2,327.0,0.0,121.1,70.32916666666667,2.6819444444444445,51.2,37.2875,2.706666666666667,37.7,24.27916666666667,2.3962962962962964,,,,1.3,0.8208333333333334,0.13,NO2,2.706666666666667,8,2018,True
2018-08-10,25.0,19.854166666666668,49.708333333333336,5.483333333333333,9.5,0.0,585.0,0.0,72.7,53.725,2.0097222222222224,55.5,26.566666666666666,2.85,16.6,8.8375,1.4222222222222223,,,,1.6,0.8583333333333334,0.16000000000000003,NO2,2.85,8,2018,False
2018-08-11,24.6,18.654166666666665,47.791666666666664,3.8208333333333333,6.3,0.2,593.0,0.0,80.5,50.64166666666667,2.1180555555555554,47.9,28.316666666666666,2.5966666666666667,18.0,10.674999999999999,1.5,,,,1.9,0.8458333333333333,0.19,NO2,2.5966666666666667,8,2018,False
2018-08-12,28.2,19.095833333333335,48.541666666666664,1.8791666666666667,4.0,0.0,738.0,0.0,113.5,54.50416666666666,2.576388888888889,56.4,35.916666666666664,2.88,15.8,11.516666666666666,1.3777777777777778,,,,11.9,1.9208333333333334,1.095,NO2,2.88,8,2018,False
2018-08-13,23.7,18.104166666666668,72.79166666666667,3.283333333333333,6.6,5.5,232.0,0.0,55.4,34.42916666666667,1.6541666666666666,78.0,46.24166666666667,3.45,58.2,20.004166666666666,3.1166666666666667,,,,3.0,1.0416666666666667,0.30000000000000004,NO2,3.45,8,2018,False
2018-08-14,24.4,19.541666666666668,70.95833333333333,4.429166666666666,6.0,0.6,254.0,0.0,68.4,39.45909090909091,1.925,38.9,24.7,2.296666666666667,49.8,20.308695652173913,2.844444444444444,,,,1.9,0.8681818181818183,0.19,PM10,2.844444444444444,8,2018,False
2018-08-15,24.9,19.766666666666666,70.375,2.2875,3.3,0.0,242.0,0.0,81.6,44.07083333333333,2.1333333333333333,49.3,29.1125,2.643333333333333,46.3,24.304166666666664,2.714814814814815,,,,3.2,1.1333333333333333,0.32000000000000006,PM10,2.714814814814815,8,2018,False
2018-08-16,30.3,22.020833333333332,56.75,2.091666666666667,3.7,0.0,806.0,0.0,96.0,43.24583333333334,2.3333333333333335,77.0,46.61666666666667,3.425,24.0,15.933333333333332,1.8333333333333333,,,,2.8,0.9086956521739131,0.27999999999999997,NO2,3.425,8,2018,False
2018-08-17,30.8,23.229166666666668,54.333333333333336,3.1166666666666667,7.3,0.0,693.0,0.0,140.1,67.32083333333334,2.9458333333333333,75.0,38.65,3.375,33.3,21.8,2.2333333333333334,,,,0.8,0.8000000000000002,0.08000000000000002,NO2,3.375,8,2018,True
2018-08-18,28.9,22.108333333333334,50.125,2.9250000000000003,4.3,0.0,694.0,0.0,123.3,76.72916666666667,2.7125,61.9,22.400000000000002,3.0475,32.3,16.404166666666665,2.196296296296296,,,,0.8,0.8000000000000002,0.08000000000000002,NO2,3.0475,8,2018,False
2018-08-19,30.8,21.829166666666666,46.625,2.6166666666666667,5.5,0.0,786.0,0.0,113.4,69.47500000000001,2.575,65.9,36.766666666666666,3.1475,21.9,15.954166666666666,1.7166666666666666,,,,6.1,1.0875000000000001,0.61,NO2,3.1475,8,2018,True
2018-08-20,27.8,21.833333333333332,57.666666666666664,2.625,4.2,0.0,462.0,0.0,69.6,48.54583333333333,1.9499999999999997,65.1,29.079166666666666,3.1275,26.8,17.333333333333332,1.988888888888889,,,,1.4,0.8250000000000001,0.13999999999999999,NO2,3.1275,8,2018,False
2018-08-21,29.8,24.675,50.958333333333336,2.1625,3.4,0.0,446.0,0.0,107.0,49.083333333333336,2.486111111111111,46.7,29.2625,2.5566666666666666,26.7,17.145833333333332,1.9833333333333334,,,,0.8,0.8000000000000002,0.08000000000000002,NO2,2.5566666666666666,8,2018,False
2018-08-22,33.0,26.1125,44.208333333333336,2.2375000000000003,4.3,0.0,752.0,0.0,119.7,64.64999999999999,2.6625,82.3,41.4125,3.5575,23.5,17.304166666666667,1.8055555555555554,,,,0.8,0.8000000000000002,0.08000000000000002,NO2,3.5575,8,2018,True
2018-08-23,31.4,24.1875,55.208333333333336,3.3208333333333333,7.6,0.5,682.0,0.0,112.9,71.2,2.5680555555555555,87.3,46.020833333333336,3.6825,54.1,27.71666666666667,3.0027777777777778,,,,5.1,1.0791666666666668,0.51,NO2,3.6825,8,2018,True
2018-08-24,22.7,19.291666666666668,65.875,4.116666666666666,5.9,2.2,172.0,0.0,71.8,49.512499999999996,1.9958333333333331,54.1,28.791666666666668,2.8033333333333332,32.4,17.133333333333333,2.1999999999999997,,,,0.8,0.8000000000000002,0.08000000000000002,NO2,2.8033333333333332,8,2018,False
2018-08-25,19.1,15.808333333333332,54.958333333333336,4.670833333333333,7.4,1.6,233.0,0.0,68.0,50.762499999999996,1.9166666666666665,27.1,17.308333333333334,1.855,14.7,8.4375,1.3166666666666667,,,,1.8,0.9125000000000001,0.18000000000000002,O3,1.9166666666666665,8,2018,False
2018-08-26,21.0,14.5,57.583333333333336,2.7291666666666665,4.6,0.0,518.0,0.0,69.8,47.645833333333336,1.9541666666666666,44.6,20.587500000000002,2.486666666666667,11.8,7.95,1.1555555555555557,,,,2.4,0.9458333333333333,0.24,NO2,2.486666666666667,8,2018,False
2018-08-27,20.9,16.445833333333333,66.91666666666667,4.391666666666667,7.4,0.5,84.0,0.0,46.9,32.31666666666667,1.4770833333333333,67.2,39.71666666666667,3.18,21.6,12.595833333333333,1.7000000000000002,,,,5.1,1.6375,0.51,NO2,3.18,8,2018,False
2018-08-28,25.1,18.275000000000002,60.083333333333336,1.7125000000000001,3.6,0.0,651.0,0.0,79.9,41.52727272727273,2.1097222222222225,61.0,34.33181818181818,3.025,27.9,19.779166666666665,2.033333333333333,,,,2.5,0.9772727272727273,0.25,NO2,3.025,8,2018,False
2018-08-29,28.4,19.962500000000002,63.0,2.8125,6.9,4.3,496.0,0.0,91.0,42.729166666666664,2.263888888888889,70.7,54.229166666666664,3.2675,39.1,25.0,2.448148148148148,,,,3.4,1.0041666666666667,0.34,NO2,3.2675,8,2018,False
2018-08-30,21.5,18.216666666666665,66.25,4.595833333333333,7.2,0.3,246.0,0.0,78.1,57.19583333333333,2.084722222222222,43.0,24.579166666666666,2.4333333333333336,30.3,16.8625,2.1222222222222222,,,,0.8,0.8000000000000002,0.08000000000000002,NO2,2.4333333333333336,8,2018,False
2018-08-31,21.9,16.916666666666668,56.458333333333336,3.6625,5.5,0.0,421.0,0.0,84.4,46.925000000000004,2.1722222222222225,48.9,24.9375,2.63,18.9,12.387500000000001,1.5499999999999998,,,,0.8,0.8000000000000002,0.08000000000000002,NO2,2.63,8,2018,False
2018-09-01,22.4,17.782608695652176,45.0,4.2,5.2,0.0,680.0,0.0,86.5,62.573913043478264,2.201388888888889,25.9,16.843478260869563,1.795,13.2,10.204347826086956,1.2333333333333334,,,,0.8,0.8,0.08000000000000002,O3,2.201388888888889,9,2018,False
2018-09-02,20.3,17.3125,57.333333333333336,4.983333333333333,6.9,0.0,7.0,0.0,80.5,68.65833333333333,2.1180555555555554,23.2,14.645833333333334,1.6600000000000001,14.4,11.720833333333333,1.3,,,,0.8,0.8000000000000002,0.08000000000000002,O3,2.1180555555555554,9,2018,False
2018-09-03,21.8,18.708333333333332,71.125,2.9625,4.2,0.0,62.0,0.0,68.6,46.62916666666666,1.9291666666666665,51.2,24.075,2.706666666666667,25.9,16.95,1.9388888888888887,,,,0.8,0.8000000000000002,0.08000000000000002,NO2,2.706666666666667,9,2018,False
2018-09-04,26.6,21.320833333333333,67.25,1.55,3.2,0.1,272.0,0.0,105.9,47.1875,2.470833333333333,49.8,32.6875,2.66,45.7,22.245833333333334,2.6925925925925926,,,,0.8,0.8000000000000002,0.08000000000000002,PM10,2.6925925925925926,9,2018,False
2018-09-05,29.2,22.1375,58.083333333333336,1.7791666666666668,2.6,0.0,647.0,0.0,144.3,62.112500000000004,3.0031250000000003,76.3,42.65,3.4074999999999998,35.2,22.929166666666664,2.303703703703704,,,,4.0,1.0125,0.4,NO2,3.4074999999999998,9,2018,False
2018-09-06,24.8,20.2625,63.291666666666664,2.341666666666667,4.6,1.9000000000000001,179.0,0.0,109.0,51.84166666666667,2.513888888888889,87.5,54.3375,3.6875,39.6,27.229166666666668,2.466666666666667,,,,1.7,0.8875000000000001,0.17,NO2,3.6875,9,2018,False
2018-09-07,21.9,18.520833333333332,67.16666666666667,4.4624999999999995,8.7,0.0,255.0,0.0,76.9,53.49583333333334,2.0680555555555555,59.6,29.083333333333332,2.986666666666667,62.0,23.754166666666666,3.2222222222222223,,,,1.8,0.9,0.18000000000000002,PM10,3.2222222222222223,9,2018,False
2018-09-08,22.5,15.604166666666666,59.958333333333336,2.6916666666666664,4.3,0.0,650.0,0.0,85.4,47.01666666666667,2.1861111111111113,61.7,31.304166666666664,3.0425,47.6,10.283333333333333,2.762962962962963,,,,0.8,0.8000000000000002,0.08000000000000002,NO2,3.0425,9,2018,False
2018-09-09,25.3,16.8125,58.375,1.6541666666666668,3.4,0.0,450.0,0.0,94.6,40.641666666666666,2.3138888888888887,82.1,45.2875,3.5524999999999998,23.0,14.375,1.7777777777777777,,,,13.7,1.6500000000000001,1.185,NO2,3.5524999999999998,9,2018,False
2018-09-10,28.0,18.058333333333334,58.5,2.5416666666666665,6.5,0.0,363.0,0.0,102.4,39.420833333333334,2.4222222222222225,74.1,51.9375,3.3525,41.2,24.295833333333334,2.525925925925926,,,,7.4,1.804166666666667,0.7400000000000001,NO2,3.3525,9,2018,False
2018-09-11,28.0,19.349999999999998,57.875,3.529166666666667,6.6,0.0,706.0,0.0,88.5,40.6,2.2291666666666665,83.5,47.31666666666666,3.5875,48.0,26.116666666666664,2.7777777777777777,,,,2.9,0.9750000000000001,0.29,NO2,3.5875,9,2018,False
2018-09-12,31.1,20.891666666666666,53.5,2.9125,6.8,0.0,726.0,0.0,98.7,44.88333333333333,2.3708333333333336,89.6,58.00833333333333,3.7399999999999998,47.4,26.599999999999998,2.7555555555555555,,,,18.3,2.254166666666667,1.415,NO2,3.7399999999999998,9,2018,True
2018-09-13,20.8,18.5625,68.08333333333333,3.35,6.4,0.0,13.0,0.0,79.1,32.5375,2.098611111111111,41.8,25.78333333333333,2.393333333333333,41.0,20.599999999999998,2.5185185185185186,,,,0.8,0.8000000000000002,0.08000000000000002,PM10,2.5185185185185186,9,2018,False
2018-09-14,22.0,18.054166666666667,63.166666666666664,2.5791666666666666,4.1,0.2,241.0,0.0,57.0,32.84583333333333,1.6875,53.8,27.108333333333334,2.793333333333333,16.3,10.2875,1.4055555555555554,,,,1.9,0.8458333333333333,0.19,NO2,2.793333333333333,9,2018,False
2018-09-15,22.3,16.454166666666666,53.75,2.2583333333333333,4.3,0.0,483.0,0.0,74.4,50.8125,2.033333333333333,59.8,30.099999999999998,2.993333333333333,23.4,13.9375,1.7999999999999998,,,,0.8,0.8000000000000002,0.08000000000000002,NO2,2.993333333333333,9,2018,False
2018-09-16,25.2,16.695833333333333,55.291666666666664,1.8541666666666667,2.9,0.0,663.0,0.0,106.3,42.89166666666667,2.4763888888888888,72.7,38.5,3.3175,20.8,15.066666666666668,1.6555555555555554,,,,2.2,0.9208333333333334,0.22000000000000003,NO2,3.3175,9,2018,False
2018-09-17,27.4,17.695833333333333,54.291666666666664,1.6291666666666667,3.1,0.0,652.0,0.0,94.5,35.96666666666666,2.3125,115.6,67.52499999999999,4.312,54.5,24.912499999999998,3.013888888888889,,,,18.5,3.25,1.425,NO2,4.312,9,2018,False
2018-09-18,31.1,20.7625,54.875,2.8125,5.6,0.0,684.0,0.0,110.3,43.67083333333333,2.531944444444444,102.2,68.49583333333334,4.0440000000000005,83.7,32.949999999999996,3.825,,,,9.0,2.0,0.9,NO2,4.0440000000000005,9,2018,True
2018-09-19,29.7,22.287499999999998,59.625,3.15,5.8,0.0,650.0,0.0,90.4,38.887499999999996,2.2555555555555555,89.0,61.32083333333333,3.725,53.3,31.787499999999998,2.974074074074074,,,,13.5,2.0625,1.175,NO2,3.725,9,2018,False
2018-09-20,28.5,21.291666666666668,59.916666666666664,2.954166666666667,6.4,0.0,600.0,0.0,89.5,33.50833333333333,2.2430555555555554,91.3,64.29166666666667,3.7824999999999998,49.3,31.9875,2.825925925925926,,,,2.8,1.0875000000000001,0.27999999999999997,NO2,3.7824999999999998,9,2018,False
2018-09-21,23.8,16.829166666666666,69.66666666666667,4.308333333333334,11.2,2.7,79.0,0.0,54.3,25.462500000000002,1.6312499999999999,101.3,51.92916666666667,4.026,45.2,25.679166666666664,2.674074074074074,,,,5.7,1.8,0.5700000000000001,NO2,4.026,9,2018,False
2018-09-22,18.3,13.262500000000001,62.708333333333336,4.9125000000000005,7.5,0.6,205.0,0.0,58.7,43.458333333333336,1.7229166666666667,47.7,29.825,2.59,27.6,13.645833333333334,2.022222222222222,,,,1.5,0.8875000000000001,0.15000000000000002,NO2,2.59,9,2018,False
2018-09-23,22.2,13.549999999999999,86.75,4.545833333333333,13.3,20.8,2.0,0.0,53.1,30.645833333333332,1.60625,39.3,22.2625,2.31,18.7,9.470833333333333,1.5388888888888888,,,,0.8,0.8000000000000002,0.08000000000000002,NO2,2.31,9,2018,False
2018-09-24,15.8,11.070833333333333,66.54166666666667,4.583333333333333,6.2,0.0,494.0,0.0,58.7,45.34583333333333,1.7229166666666667,67.7,24.233333333333334,3.1925,26.5,10.304166666666667,1.9722222222222223,,,,0.8,0.8000000000000002,0.08000000000000002,NO2,3.1925,9,2018,False
2018-09-25,15.4,9.529166666666667,66.08333333333333,1.9458333333333335,3.5,0.0,628.0,0.0,59.7,28.629166666666666,1.74375,69.4,37.925000000000004,3.2350000000000003,23.9,13.25,1.8277777777777775,,,,2.2,1.0043478260869565,0.22000000000000003,NO2,3.2350000000000003,9,2018,False
2018-09-26,17.8,10.266666666666667,61.166666666666664,2.029166666666667,3.2,0.0,563.0,0.0,41.6,13.029166666666667,1.3666666666666667,86.1,55.71666666666667,3.6525,25.1,15.054166666666667,1.8944444444444444,,,,9.5,1.5999999999999999,0.9500000000000001,NO2,3.6525,9,2018,False
2018-09-27,22.5,11.7125,64.33333333333333,1.55,3.2,0.0,678.0,0.0,28.7,8.518181818181818,1.0979166666666667,97.4,69.2090909090909,3.935,39.8,24.6375,2.474074074074074,,,,15.1,3.5772727272727276,1.255,NO2,3.935,9,2018,False
2018-09-28,19.7,11.9,70.375,2.9291666666666667,7.2,0.0,364.0,0.0,64.7,20.229166666666668,1.8479166666666667,75.0,47.27826086956522,3.375,46.7,29.09583333333333,2.72962962962963,,,,3.9,1.1541666666666666,0.39,NO2,3.375,9,2018,False
2018-09-29,17.3,11.387500000000001,56.333333333333336,2.9125,3.9,0.0,641.0,0.0,67.7,38.550000000000004,1.9104166666666667,80.5,30.129166666666666,3.5125,23.1,14.012500000000001,1.7833333333333332,,,,0.8,0.8000000000000002,0.08000000000000002,NO2,3.5125,9,2018,False
2018-09-30,18.2,10.591666666666667,60.708333333333336,2.129166666666667,3.1,0.0,664.0,0.0,52.4,18.2625,1.5916666666666666,78.2,49.49583333333334,3.455,22.0,15.883333333333333,1.7222222222222223,,,,5.1,1.3291666666666668,0.51,NO2,3.455,9,2018,False
2018-10-01,16.1,10.921739130434782,64.0,4.482608695652174,8.6,0.4,244.0,0.0,56.6,32.947826086956525,1.6791666666666667,69.2,33.72608695652174,3.23,45.1,21.578260869565216,2.6703703703703705,,,,1.8,0.8826086956521739,0.18000000000000002,NO2,3.23,10,2018,False
2018-10-02,11.0,7.783333333333334,81.875,5.095833333333333,8.4,1.0,0.0,0.0,58.2,27.195833333333336,1.7125,63.6,35.0625,3.09,20.9,13.254166666666668,1.661111111111111,,,,5.3,1.3625,0.53,NO2,3.09,10,2018,False
2018-10-03,16.6,12.5625,70.91666666666667,3.6374999999999997,5.9,0.0,228.0,0.0,66.1,32.074999999999996,1.8770833333333332,70.9,25.691666666666666,3.2725,26.6,14.595833333333333,1.9777777777777779,,,,0.8,0.8000000000000002,0.08000000000000002,NO2,3.2725,10,2018,False
2018-10-04,18.8,9.870833333333334,73.29166666666667,1.1791666666666667,1.9,0.0,635.0,0.0,52.0,15.666666666666666,1.5833333333333333,78.0,47.4625,3.45,40.7,22.879166666666666,2.5074074074074075,,,,8.3,1.4625000000000001,0.8300000000000001,NO2,3.45,10,2018,False
2018-10-05,22.0,13.141666666666666,69.54166666666667,1.7,3.0,0.0,646.0,0.0,43.0,11.8375,1.3958333333333333,104.9,54.75416666666666,4.098,33.2,22.041666666666668,2.22962962962963,,,,2.7,1.1166666666666667,0.27,NO2,4.098,10,2018,False
2018-10-06,22.5,13.5875,75.91666666666667,1.8458333333333332,4.6,0.0,406.0,0.0,43.2,11.5625,1.4,92.9,58.6625,3.8225000000000002,47.8,27.75,2.77037037037037,,,,11.9,2.5375,1.095,NO2,3.8225000000000002,10,2018,False
2018-10-07,17.7,13.262500000000001,77.125,3.966666666666667,7.6,0.0,371.0,0.0,55.8,25.745833333333334,1.6624999999999999,72.8,29.670833333333334,3.32,59.9,25.84583333333333,3.1638888888888888,,,,0.8,0.8000000000000002,0.08000000000000002,NO2,3.32,10,2018,False
2018-10-08,20.3,13.341666666666667,72.33333333333333,2.2041666666666666,4.0,0.0,564.0,0.0,50.8,20.412499999999998,1.5583333333333331,74.8,37.55416666666667,3.37,25.1,14.237499999999999,1.8944444444444444,,,,0.8,0.8000000000000002,0.08000000000000002,NO2,3.37,10,2018,False
2018-10-09,21.1,14.304166666666667,77.83333333333333,1.7874999999999999,2.7,0.0,523.0,0.0,49.4,11.233333333333334,1.5291666666666666,78.6,49.0375,3.465,46.3,32.079166666666666,2.714814814814815,,,,1.8,0.8416666666666668,0.18000000000000002,NO2,3.465,10,2018,False
2018-10-10,23.8,15.920833333333334,71.45833333333333,2.5500000000000003,4.0,0.0,619.0,0.0,65.2,22.179166666666664,1.8583333333333334,77.3,46.99166666666667,3.4325,47.9,31.0625,2.774074074074074,,,,0.8,0.8000000000000002,0.08000000000000002,NO2,3.4325,10,2018,False
2018-10-11,21.4,15.845833333333333,72.29166666666667,1.7708333333333333,2.4,0.0,482.0,0.0,34.5,12.924999999999999,1.21875,90.8,62.38333333333333,3.77,43.8,31.875,2.6222222222222222,,,,6.6,1.7916666666666667,0.66,NO2,3.77,10,2018,False
2018-10-12,25.6,16.254166666666666,75.625,1.9000000000000001,3.9,0.0,569.0,0.0,58.0,13.204166666666666,1.7083333333333333,97.8,55.270833333333336,3.945,63.1,34.112500000000004,3.2527777777777778,,,,4.4,1.4375,0.44000000000000006,NO2,3.945,10,2018,False
2018-10-13,26.7,18.283333333333335,63.625,1.9833333333333334,3.3,0.0,617.0,0.0,80.0,23.1875,2.111111111111111,87.2,54.57083333333333,3.68,42.5,24.516666666666666,2.574074074074074,,,,2.6,1.075,0.26,NO2,3.68,10,2018,False
2018-10-14,25.0,16.970833333333335,61.666666666666664,2.0416666666666665,3.1,0.0,612.0,0.0,82.8,37.3125,2.15,82.0,46.95416666666667,3.55,31.8,26.170833333333334,2.1777777777777776,,,,3.1,1.1375,0.31000000000000005,NO2,3.55,10,2018,False
2018-10-15,24.3,16.287499999999998,63.083333333333336,1.9083333333333332,2.9,0.0,547.0,0.0,51.7,15.9375,1.5770833333333334,115.7,66.85000000000001,4.314,40.8,31.545833333333334,2.511111111111111,,,,4.9,1.1125,0.49000000000000005,NO2,4.314,10,2018,False
2018-10-16,24.5,16.541666666666668,63.083333333333336,1.9666666666666668,3.8,0.0,591.0,0.0,81.5,21.425,2.1319444444444446,79.3,55.76363636363636,3.4825,44.8,30.741666666666664,2.659259259259259,,,,0.8,0.8000000000000002,0.08000000000000002,NO2,3.4825,10,2018,False
2018-10-17,23.0,16.308333333333334,66.95833333333333,1.7041666666666666,2.5,0.0,561.0,0.0,64.6,19.587500000000002,1.8458333333333332,112.3,59.85833333333333,4.2459999999999996,43.7,30.7375,2.6185185185185187,,,,2.3,1.1291666666666667,0.22999999999999998,NO2,4.2459999999999996,10,2018,False
2018-10-18,20.2,14.579166666666666,73.58333333333333,3.545833333333333,7.3,0.0,552.0,0.0,76.8,27.09583333333333,2.0666666666666664,77.9,44.07083333333333,3.4475000000000002,86.2,37.9375,3.8944444444444444,,,,0.8,0.8000000000000002,0.08000000000000002,PM10,3.8944444444444444,10,2018,False
2018-10-19,18.5,14.566666666666668,68.70833333333333,2.9458333333333333,4.4,0.0,497.0,0.0,57.3,33.80833333333333,1.6937499999999999,59.4,31.0,2.98,33.8,23.991666666666664,2.2518518518518515,,,,0.8,0.8000000000000002,0.08000000000000002,NO2,2.98,10,2018,False
2018-10-20,17.3,13.620833333333332,67.66666666666667,1.9875,4.8,0.0,506.0,0.0,56.1,20.695833333333333,1.66875,57.7,37.55416666666667,2.9233333333333333,34.9,25.099999999999998,2.2925925925925927,,,,0.8,0.8000000000000002,0.08000000000000002,NO2,2.9233333333333333,10,2018,False
2018-10-21,16.3,10.1625,68.08333333333333,2.1374999999999997,3.3,0.0,563.0,0.0,65.1,31.304166666666664,1.8562499999999997,60.1,34.516666666666666,3.0025,20.5,14.9375,1.6388888888888888,,,,0.8,0.8000000000000002,0.08000000000000002,NO2,3.0025,10,2018,False
2018-10-22,14.2,9.133333333333333,75.91666666666667,2.495833333333333,6.9,0.0,198.0,0.0,38.3,9.891666666666667,1.2979166666666666,74.2,51.05416666666667,3.355,34.0,21.266666666666666,2.259259259259259,,,,1.4,0.8666666666666667,0.13999999999999999,NO2,3.355,10,2018,False
2018-10-23,13.4,7.5249999999999995,76.5,3.983333333333333,7.8,0.0,2.0,0.0,34.1,13.172727272727274,1.2104166666666667,59.4,42.1,2.98,35.7,17.44,2.3222222222222224,,,,2.2,1.0999999999999999,0.22000000000000003,NO2,2.98,10,2018,False
2018-10-24,16.8,14.1875,73.91666666666667,6.570833333333333,9.6,0.0,33.0,0.0,43.4,31.925,1.4041666666666666,45.4,24.766666666666666,2.513333333333333,38.7,16.1,2.4333333333333336,,,,2.1,0.9833333333333334,0.21000000000000002,NO2,2.513333333333333,10,2018,False
2018-10-25,15.4,13.508333333333333,72.33333333333333,4.0,6.5,0.0,28.0,0.0,39.0,28.008333333333336,1.3125,42.5,30.895833333333332,2.4166666666666665,33.1,14.799999999999999,2.225925925925926,,,,2.0,0.9333333333333335,0.2,NO2,2.4166666666666665,10,2018,False
2018-10-26,13.4,10.924999999999999,68.16666666666667,4.2250000000000005,8.4,0.0,48.0,0.0,39.2,24.645833333333332,1.3166666666666667,55.2,35.9625,2.84,40.0,28.15416666666667,2.4814814814814814,,,,1.3,0.8208333333333334,0.13,NO2,2.84,10,2018,False
2018-10-27,10.2,7.708333333333333,73.58333333333333,3.1666666666666665,5.1,1.3,77.0,0.0,56.4,36.4375,1.6749999999999998,52.2,28.71666666666667,2.74,24.8,9.129166666666666,1.8777777777777778,,,,0.8,0.8000000000000002,0.08000000000000002,NO2,2.74,10,2018,False
2018-10-28,6.9,6.316,69.48,5.812,8.0,0.0,0.0,0.0,47.8,34.228,1.4958333333333331,43.8,17.784000000000002,2.46,17.1,8.172,1.4500000000000002,,,,0.8,0.8,0.08000000000000002,NO2,2.46,10,2018,False
2018-10-29,7.3,6.408333333333334,72.83333333333333,5.254166666666666,7.2,0.0,0.0,0.0,39.1,23.079166666666666,1.3145833333333332,36.8,21.325,2.2266666666666666,17.8,7.5125,1.488888888888889,,,,0.8,0.8000000000000002,0.08000000000000002,NO2,2.2266666666666666,10,2018,False
2018-10-30,7.6,6.579166666666667,78.08333333333333,6.879166666666666,10.5,4.3,0.0,0.0,28.5,10.558333333333334,1.09375,35.5,26.170833333333334,2.183333333333333,16.2,7.316666666666666,1.4,,,,2.1,0.8833333333333334,0.21000000000000002,NO2,2.183333333333333,10,2018,False
2018-10-31,10.7,6.620833333333334,75.125,3.120833333333333,7.5,0.0,0.0,0.0,37.8,10.416666666666666,1.2874999999999999,58.7,42.99583333333334,2.956666666666667,18.5,13.875,1.5277777777777777,,,,3.7,1.25,0.37000000000000005,NO2,2.956666666666667,10,2018,False
2018-11-01,9.9,6.852173913043478,81.73913043478261,2.0826086956521737,4.3,0.0,81.0,0.0,6.0,1.4869565217391303,0.25,74.2,52.81304347826087,3.355,172.1,39.256521739130434,5.0,,,,1.9,1.0173913043478262,0.19,PM10,5.0,11,2018,False
2018-11-02,13.8,9.424999999999999,76.04166666666667,2.441666666666667,3.6,0.0,401.0,0.0,32.2,14.366666666666667,1.1708333333333334,54.9,44.46666666666667,2.83,143.8,31.845833333333335,5.0,,,,2.8,1.0791666666666668,0.27999999999999997,PM10,5.0,11,2018,False
2018-11-03,12.8,8.629166666666666,68.75,2.9333333333333336,4.2,0.0,541.0,0.0,48.8,22.837500000000002,1.5166666666666666,59.1,39.475,2.97,51.4,25.354166666666668,2.9037037037037035,,,,0.8,0.8000000000000002,0.08000000000000002,NO2,2.97,11,2018,False
2018-11-04,12.3,10.495833333333334,76.04166666666667,2.15,2.5,0.0,0.0,0.0,13.9,5.954166666666667,0.5791666666666666,45.4,32.604166666666664,2.513333333333333,33.7,27.016666666666666,2.2481481481481485,,,,0.8,0.8000000000000002,0.08000000000000002,NO2,2.513333333333333,11,2018,False
2018-11-05,15.6,11.420833333333334,79.70833333333333,1.7708333333333333,2.6,0.0,128.0,0.0,13.4,6.516666666666667,0.5583333333333333,54.0,32.93333333333333,2.8,40.0,25.53333333333333,2.4814814814814814,,,,1.3,0.8208333333333334,0.13,NO2,2.8,11,2018,False
2018-11-06,15.0,9.424999999999999,87.5,2.370833333333333,4.4,0.0,122.0,0.0,5.1,1.3666666666666665,0.21249999999999997,64.4,39.775,3.1100000000000003,54.2,32.579166666666666,3.0055555555555555,,,,1.9,0.9249999999999999,0.19,NO2,3.1100000000000003,11,2018,False
2018-11-07,16.1,9.220833333333333,83.0,1.7,2.8,0.5,435.0,0.0,13.5,3.170833333333333,0.5625,99.8,54.05416666666667,3.995,50.6,28.02916666666667,2.8740740740740742,,,,8.2,1.9916666666666665,0.82,NO2,3.995,11,2018,False
2018-11-08,13.9,11.575000000000001,79.625,2.029166666666667,4.2,0.0,72.0,0.0,32.8,8.4125,1.1833333333333333,84.5,55.28333333333333,3.6125,22.8,16.091666666666665,1.7666666666666666,,,,2.2,1.0125,0.22000000000000003,NO2,3.6125,11,2018,False
2018-11-09,14.6,10.545833333333333,83.875,1.7916666666666667,2.9,0.0,281.0,0.0,10.4,3.6041666666666665,0.43333333333333335,50.7,40.2875,2.69,52.9,35.737500000000004,2.9592592592592593,,,,1.9,0.8708333333333335,0.19,PM10,2.9592592592592593,11,2018,False
2018-11-10,13.8,10.579166666666667,82.04166666666667,2.3125,4.7,1.1,10.0,0.0,28.1,6.6375,1.0854166666666667,52.4,36.37916666666667,2.7466666666666666,49.3,29.104166666666668,2.825925925925926,,,,0.8,0.8000000000000002,0.08000000000000002,PM10,2.825925925925926,11,2018,False
2018-11-11,16.1,12.825000000000001,79.95833333333333,3.9958333333333336,6.8,9.7,308.0,0.0,47.5,24.795833333333334,1.4895833333333333,75.8,37.69166666666667,3.395,23.4,11.545833333333334,1.7999999999999998,,,,2.8,1.2458333333333333,0.27999999999999997,NO2,3.395,11,2018,False
2018-11-12,17.9,13.049999999999999,83.41666666666667,2.025,5.0,1.5999999999999999,81.0,0.0,14.8,3.6125000000000003,0.6166666666666667,74.2,56.75833333333333,3.355,31.8,18.508333333333333,2.1777777777777776,,,,7.2,1.8833333333333335,0.7200000000000001,NO2,3.355,11,2018,False
2018-11-13,14.3,11.566666666666668,84.91666666666667,4.308333333333334,7.8,7.2,229.0,0.0,49.6,21.6125,1.5333333333333332,62.2,44.50416666666666,3.055,28.1,12.829166666666666,2.0407407407407407,,,,0.8,0.8000000000000002,0.08000000000000002,NO2,3.055,11,2018,False
2018-11-14,9.0,5.7,93.0,1.5875000000000001,2.8,0.0,98.0,0.0,13.3,4.070833333333334,0.5541666666666667,60.9,45.76666666666667,3.0225,44.0,26.683333333333334,2.6296296296296298,,,,0.8,0.8000000000000002,0.08000000000000002,NO2,3.0225,11,2018,False
2018-11-15,6.9,6.245833333333334,85.95833333333333,1.6666666666666667,2.5,0.0,0.0,0.0,28.4,19.4375,1.0916666666666666,41.8,29.84583333333333,2.393333333333333,28.4,21.645833333333332,2.051851851851852,,,,0.8,0.8000000000000002,0.08000000000000002,NO2,2.393333333333333,11,2018,False
2018-11-16,10.4,6.7625,73.0,2.408333333333333,3.3,0.0,487.0,0.0,25.4,9.487499999999999,1.0291666666666666,66.9,39.93333333333333,3.1725000000000003,47.0,25.229166666666668,2.7407407407407405,,,,0.8,0.8000000000000002,0.08000000000000002,NO2,3.1725000000000003,11,2018,False
2018-11-17,11.0,5.383333333333333,66.45833333333333,3.4583333333333335,5.6,0.0,503.0,0.0,38.7,19.054166666666667,1.30625,56.5,37.0,2.8833333333333333,24.6,18.058333333333334,1.8666666666666667,,,,0.8,0.8000000000000002,0.08000000000000002,NO2,2.8833333333333333,11,2018,False
2018-11-18,7.7,3.9791666666666665,51.083333333333336,5.041666666666667,8.0,0.0,503.0,0.0,55.7,33.824999999999996,1.6604166666666667,36.7,26.758333333333336,2.2233333333333336,28.9,18.645833333333332,2.0703703703703704,,,,2.8,1.1791666666666667,0.27999999999999997,NO2,2.2233333333333336,11,2018,False
2018-11-19,6.1,4.004166666666666,68.04166666666667,5.370833333333334,6.9,0.0,0.0,0.0,49.1,30.958333333333332,1.5229166666666667,36.1,23.837500000000002,2.203333333333333,19.8,11.0375,1.6,,,,0.8,0.8000000000000002,0.08000000000000002,NO2,2.203333333333333,11,2018,False
2018-11-20,5.4,3.841666666666667,65.66666666666667,4.1625000000000005,6.1,0.0,0.0,0.0,47.3,22.287499999999998,1.4854166666666666,45.5,29.337500000000002,2.5166666666666666,26.5,21.583333333333332,1.9722222222222223,,,,0.8,0.8000000000000002,0.08000000000000002,NO2,2.5166666666666666,11,2018,False
2018-11-21,4.5,2.9499999999999997,75.83333333333333,2.6083333333333334,3.9,0.0,1.0,0.0,17.9,8.877272727272727,0.7458333333333332,53.6,34.92173913043479,2.7866666666666666,25.8,18.870833333333334,1.9333333333333333,,,,2.4,0.8695652173913043,0.24,NO2,2.7866666666666666,11,2018,False
2018-11-22,4.7,2.8666666666666667,77.54166666666667,1.3083333333333333,2.1,0.0,96.0,0.0,11.6,2.1416666666666666,0.4833333333333333,55.9,40.44166666666667,2.8633333333333333,64.2,37.21666666666667,3.283333333333333,,,,0.8,0.8000000000000002,0.08000000000000002,PM10,3.283333333333333,11,2018,False
2018-11-23,6.0,1.9333333333333333,81.75,2.6833333333333336,3.8,0.0,442.0,0.0,5.7,1.7041666666666666,0.2375,62.8,45.30833333333334,3.07,52.9,35.387499999999996,2.9592592592592593,,,,2.3,1.0374999999999999,0.22999999999999998,NO2,3.07,11,2018,False
2018-11-24,6.1,4.125,91.75,1.8,3.8,3.7,0.0,0.0,12.9,2.920833333333333,0.5375,62.0,37.675000000000004,3.05,52.6,31.583333333333332,2.948148148148148,,,,1.9,0.875,0.19,NO2,3.05,11,2018,False
2018-11-25,8.4,6.25,90.75,2.0708333333333333,3.7,0.2,66.0,0.0,19.1,4.083333333333333,0.7958333333333334,49.1,40.55833333333333,2.6366666666666667,35.3,23.47083333333333,2.3074074074074074,,,,0.8,0.8000000000000002,0.08000000000000002,NO2,2.6366666666666667,11,2018,False
2018-11-26,7.8,6.425,75.08333333333333,3.7541666666666664,5.2,0.0,0.0,0.0,17.8,8.416666666666666,0.7416666666666667,46.9,32.94166666666667,2.5633333333333335,28.7,20.204166666666666,2.062962962962963,,,,0.8,0.8000000000000002,0.08000000000000002,NO2,2.5633333333333335,11,2018,False
2018-11-27,4.3,3.658333333333333,75.875,2.9458333333333333,4.6,0.0,0.0,0.0,21.7,12.424999999999999,0.9041666666666666,52.2,34.2875,2.74,33.7,21.8625,2.2481481481481485,,,,0.8,0.8000000000000002,0.08000000000000002,NO2,2.74,11,2018,False
2018-11-28,6.0,3.3166666666666664,83.875,1.6875,2.3,0.30000000000000004,51.0,0.0,7.3,1.7083333333333333,0.30416666666666664,46.5,38.458333333333336,2.55,33.9,25.212500000000002,2.2555555555555555,,,,4.2,1.2208333333333334,0.42000000000000004,NO2,2.55,11,2018,False
2018-11-29,5.7,4.0249999999999995,81.45833333333333,2.1958333333333333,3.2,0.6,27.0,0.0,7.4,2.3583333333333334,0.30833333333333335,57.1,37.65,2.9033333333333333,31.1,27.5,2.151851851851852,,,,0.8,0.8000000000000002,0.08000000000000002,NO2,2.9033333333333333,11,2018,False
2018-11-30,5.6,4.425,86.70833333333333,1.5708333333333335,2.9,1.0,0.0,0.0,0.6,0.6,0.024999999999999998,62.1,49.25833333333333,3.0525,93.6,41.137499999999996,4.08,,,,2.3,0.8958333333333334,0.22999999999999998,PM10,4.08,11,2018,False
2018-12-01,9.8,6.852173913043478,90.6086956521739,3.3000000000000003,4.9,0.2,33.0,0.0,24.7,6.047826086956522,1.0145833333333334,53.2,45.334782608695654,2.7733333333333334,48.0,23.05217391304348,2.7777777777777777,,,,2.2,0.991304347826087,0.22000000000000003,PM10,2.7777777777777777,12,2018,False
2018-12-02,12.4,9.695833333333333,89.33333333333333,5.5125,6.4,16.2,0.0,0.0,36.1,24.708333333333332,1.2520833333333332,49.8,32.020833333333336,2.66,13.6,8.241666666666667,1.2555555555555555,,,,8.9,1.4708333333333334,0.8900000000000001,NO2,2.66,12,2018,False
2018-12-03,12.9,11.383333333333333,93.0,5.075,7.0,26.3,35.0,0.0,47.6,24.224999999999998,1.4916666666666667,61.4,41.68333333333333,3.035,10.7,6.058333333333334,1.0944444444444443,,,,0.8,0.8000000000000002,0.08000000000000002,NO2,3.035,12,2018,False
2018-12-04,10.9,7.304166666666667,79.625,3.845833333333333,6.9,0.1,120.0,0.0,57.5,31.195833333333336,1.6979166666666665,70.9,37.78333333333334,3.2725,37.1,12.741666666666667,2.3740740740740742,,,,0.8,0.8000000000000002,0.08000000000000002,NO2,3.2725,12,2018,False
2018-12-05,5.4,3.2541666666666664,87.70833333333333,1.9749999999999999,3.0,0.0,79.0,0.0,2.3,0.8374999999999999,0.09583333333333333,54.5,47.479166666666664,2.8166666666666664,53.3,31.366666666666664,2.974074074074074,,,,1.9,0.9166666666666666,0.19,PM10,2.974074074074074,12,2018,False
2018-12-06,11.3,7.7375,93.20833333333333,2.8874999999999997,6.2,1.4,0.0,0.0,2.7,0.75,0.1125,58.0,45.65833333333333,2.9333333333333336,52.6,33.795833333333334,2.948148148148148,,,,1.2,0.8333333333333334,0.12,PM10,2.948148148148148,12,2018,False
2018-12-07,12.4,11.166666666666666,79.66666666666667,7.383333333333333,11.7,1.3,0.0,0.0,65.7,33.81666666666667,1.86875,51.9,32.9125,2.73,24.7,8.570833333333333,1.8722222222222222,,,,1.6,0.8333333333333334,0.16000000000000003,NO2,2.73,12,2018,False
2018-12-08,8.9,7.891666666666667,75.125,8.679166666666667,11.5,0.6,34.0,0.0,67.9,48.12083333333334,1.9145833333333333,48.7,26.004166666666666,2.6233333333333335,13.4,7.1499999999999995,1.2444444444444445,,,,0.8,0.8000000000000002,0.08000000000000002,NO2,2.6233333333333335,12,2018,False
2018-12-09,9.4,8.0,77.79166666666667,8.4,11.0,3.9000000000000004,0.0,0.0,77.2,59.38333333333333,2.0722222222222224,36.0,19.433333333333334,2.2,9.6,4.779166666666667,1.0333333333333332,,,,0.8,0.8000000000000002,0.08000000000000002,NO2,2.2,12,2018,False
2018-12-10,6.4,4.8625,79.66666666666667,5.720833333333334,7.7,1.0,124.0,0.0,69.7,46.87083333333334,1.9520833333333334,59.1,31.241666666666664,2.97,59.5,16.454166666666666,3.1527777777777777,,,,0.8,0.8000000000000002,0.08000000000000002,PM10,3.1527777777777777,12,2018,False
2018-12-11,5.8,4.041666666666667,80.29166666666667,4.158333333333333,5.6,0.2,72.0,0.0,54.3,30.337500000000002,1.6312499999999999,77.0,41.22083333333333,3.425,54.2,28.420833333333334,3.0055555555555555,,,,0.8,0.8000000000000002,0.08000000000000002,NO2,3.425,12,2018,False
2018-12-12,4.9,3.4375,77.70833333333333,2.6999999999999997,4.8,0.0,107.0,0.0,25.1,12.233333333333334,1.0229166666666667,55.0,38.12083333333333,2.8333333333333335,111.4,32.641666666666666,4.475555555555555,,,,0.8,0.8000000000000002,0.08000000000000002,PM10,4.475555555555555,12,2018,False
2018-12-13,3.1,1.4583333333333333,68.54166666666667,3.095833333333333,5.1,0.0,227.0,0.0,36.0,17.8875,1.25,51.6,31.370833333333334,2.72,50.0,25.570833333333336,2.851851851851852,,,,0.8,0.8000000000000002,0.08000000000000002,PM10,2.851851851851852,12,2018,False
2018-12-14,1.2,0.8916666666666666,58.458333333333336,2.970833333333333,3.8,0.0,0.0,0.0,38.4,25.958333333333332,1.2999999999999998,45.7,29.375,2.5233333333333334,38.3,22.583333333333332,2.4185185185185185,,,,2.0,0.9333333333333335,0.2,NO2,2.5233333333333334,12,2018,False
2018-12-15,1.1,0.3666666666666667,61.875,1.8083333333333333,2.9,0.0,0.0,0.0,29.1,22.495833333333334,1.10625,35.5,28.96666666666667,2.183333333333333,23.2,18.833333333333332,1.7888888888888888,,,,0.8,0.8000000000000002,0.08000000000000002,NO2,2.183333333333333,12,2018,False
2018-12-16,0.2,-1.0541666666666667,84.875,1.7416666666666665,2.6,1.7000000000000002,0.0,0.0,28.5,13.9375,1.09375,46.1,33.829166666666666,2.5366666666666666,46.1,29.083333333333332,2.7074074074074073,,,,1.2,0.8166666666666668,0.12,PM10,2.7074074074074073,12,2018,False
2018-12-17,4.3,2.2416666666666667,95.5,2.6083333333333334,5.1,0.7999999999999999,0.0,0.0,8.6,2.1125,0.3583333333333333,60.2,48.98333333333333,3.005,52.3,32.5375,2.9370370370370367,,,,0.8,0.8000000000000002,0.08000000000000002,NO2,3.005,12,2018,False
2018-12-18,6.9,3.7624999999999997,89.29166666666667,2.029166666666667,2.9,0.0,133.0,0.0,17.5,3.8166666666666664,0.7291666666666666,79.5,55.083333333333336,3.4875,26.5,20.695833333333333,1.9722222222222223,,,,0.8,0.8000000000000002,0.08000000000000002,NO2,3.4875,12,2018,False
2018-12-19,5.1,2.983333333333333,88.375,1.4833333333333334,2.5,0.4,0.0,0.0,6.6,1.95,0.27499999999999997,80.0,52.916666666666664,3.5,34.5,25.541666666666668,2.2777777777777777,,,,3.4,1.45,0.34,NO2,3.5,12,2018,False
2018-12-20,7.2,5.8625,90.08333333333333,3.970833333333333,6.1,1.9,0.0,0.0,34.3,11.934782608695652,1.2145833333333333,59.0,49.03636363636363,2.966666666666667,37.0,17.837500000000002,2.3703703703703702,,,,4.4,2.0681818181818183,0.44000000000000006,NO2,2.966666666666667,12,2018,False
2018-12-21,11.9,9.004166666666666,83.54166666666667,8.029166666666667,12.1,7.4,0.0,0.0,42.0,32.920833333333334,1.375,44.1,31.570833333333336,2.47,8.5,5.820833333333333,0.9444444444444444,,,,5.2,1.8375000000000001,0.52,NO2,2.47,12,2018,False
2018-12-22,12.9,11.033333333333333,69.83333333333333,6.854166666666667,12.1,0.7,182.0,0.0,62.7,47.86666666666667,1.80625,54.9,27.0625,2.83,15.7,7.0625,1.3722222222222222,,,,0.8,0.8000000000000002,0.08000000000000002,NO2,2.83,12,2018,False
2018-12-23,12.1,8.233333333333333,87.45833333333333,3.9791666666666665,5.8,5.6,0.0,0.0,46.4,36.40416666666667,1.4666666666666666,48.3,30.929166666666664,2.61,23.1,14.525,1.7833333333333332,,,,2.1,0.8541666666666666,0.21000000000000002,NO2,2.61,12,2018,False
2018-12-24,12.6,5.6375,75.79166666666667,4.116666666666666,8.6,4.8,131.0,0.0,59.6,38.28333333333334,1.7416666666666667,54.0,23.979166666666668,2.8,19.7,5.170833333333333,1.5944444444444443,,,,0.8,0.8000000000000002,0.08000000000000002,NO2,2.8,12,2018,False
2018-12-25,2.4,-0.3,89.29166666666667,2.2958333333333334,3.6,0.0,25.0,0.0,11.4,3.766666666666667,0.475,49.6,41.512499999999996,2.6533333333333333,27.7,15.979166666666666,2.0259259259259257,,,,1.8,0.9416666666666668,0.18000000000000002,NO2,2.6533333333333333,12,2018,False
2018-12-26,-1.1,-2.129166666666667,96.125,2.533333333333333,3.7,0.0,0.0,0.0,10.1,2.908333333333333,0.4208333333333333,50.1,39.34166666666667,2.67,32.2,25.037499999999998,2.1925925925925926,,,,0.8,0.8000000000000002,0.08000000000000002,NO2,2.67,12,2018,False
2018-12-27,-0.6,-1.4625000000000001,95.95833333333333,1.8,3.1,0.0,0.0,0.0,3.0,1.025,0.125,50.6,43.2875,2.6866666666666665,37.8,25.316666666666666,2.4,,,,1.7,0.9083333333333333,0.17,NO2,2.6866666666666665,12,2018,False
2018-12-28,0.2,-0.46249999999999997,93.875,2.6666666666666665,3.7,0.0,0.0,0.0,1.5,0.6791666666666667,0.0625,44.8,40.237500000000004,2.493333333333333,51.1,36.30416666666667,2.8925925925925924,,,,0.8,0.8000000000000002,0.08000000000000002,PM10,2.8925925925925924,12,2018,False
2018-12-29,4.2,1.1208333333333333,92.04166666666667,4.6125,7.2,0.8,0.0,0.0,12.1,2.1333333333333333,0.5041666666666667,40.3,33.7875,2.3433333333333333,45.9,31.079166666666666,2.7,,,,2.1,0.8916666666666667,0.21000000000000002,PM10,2.7,12,2018,False
2018-12-30,8.2,7.0874999999999995,75.70833333333333,4.866666666666666,7.9,0.0,0.0,0.0,65.1,33.7875,1.8562499999999997,53.2,32.82083333333333,2.7733333333333334,21.7,11.091666666666667,1.7055555555555555,,,,0.8,0.8000000000000002,0.08000000000000002,NO2,2.7733333333333334,12,2018,False
2018-12-31,8.9,6.754166666666666,94.0,2.7125,3.5,0.0,0.0,0.0,22.3,7.229166666666667,0.9291666666666667,49.0,34.295833333333334,2.6333333333333333,44.7,21.037499999999998,2.655555555555556,,,,2.4,1.2291666666666667,0.24,PM10,2.655555555555556,12,2018,False
2019-01-01,7.8,6.856521739130434,83.34782608695652,5.734782608695652,10.4,1.6,0.0,0.0,59.0,26.008695652173916,1.7291666666666665,35.3,24.79565217391304,2.1766666666666667,650.3,80.88695652173912,5.0,,,,9.0,1.6869565217391307,0.9,PM10,5.0,1,2019,False
2019-01-02,5.8,3.8541666666666665,61.333333333333336,5.366666666666667,6.9,0.5,175.0,0.0,70.1,55.69166666666666,1.9604166666666665,50.8,21.204166666666666,2.6933333333333334,19.8,13.604166666666666,1.6,,,,0.8,0.8000000000000002,0.08000000000000002,NO2,2.6933333333333334,1,2019,False
2019-01-03,3.9,0.8958333333333334,81.625,2.658333333333333,3.7,0.0,0.0,0.0,44.5,24.875,1.4270833333333333,65.2,39.3125,3.13,70.4,25.34583333333333,3.4555555555555557,,,,0.8,0.8000000000000002,0.08000000000000002,PM10,3.4555555555555557,1,2019,False
2019-01-04,4.3,1.3291666666666666,86.125,3.0083333333333333,5.7,0.0,116.0,0.0,39.6,15.279166666666667,1.325,63.0,49.21666666666667,3.075,29.7,19.758333333333333,2.1,,,,2.0,0.8916666666666667,0.2,NO2,3.075,1,2019,False
2019-01-05,8.3,5.6875,82.625,6.295833333333333,8.0,2.8,0.0,0.0,55.6,39.15416666666667,1.6583333333333332,37.2,21.254166666666666,2.24,24.0,7.5125,1.8333333333333333,,,,0.8,0.8000000000000002,0.08000000000000002,NO2,2.24,1,2019,False
2019-01-06,7.1,6.604166666666667,76.41666666666667,5.3125,7.5,0.0,0.0,0.0,60.2,48.3125,1.7541666666666667,34.8,16.645833333333332,2.1599999999999997,19.1,5.558333333333334,1.5611111111111111,,,,0.8,0.8000000000000002,0.08000000000000002,NO2,2.1599999999999997,1,2019,False
2019-01-07,7.0,5.470833333333334,76.125,4.633333333333334,7.3,1.1,8.0,0.0,46.2,32.22083333333333,1.4625,54.9,32.079166666666666,2.83,25.2,16.783333333333335,1.9,,,,0.8,0.8000000000000002,0.08000000000000002,NO2,2.83,1,2019,False
2019-01-08,6.5,5.6375,81.91666666666667,7.7625,9.5,4.4,9.0,0.0,65.2,38.358333333333334,1.8583333333333334,48.6,33.27916666666667,2.62,27.6,9.154166666666667,2.022222222222222,,,,0.8,0.8000000000000002,0.08000000000000002,NO2,2.62,1,2019,False
2019-01-09,4.8,3.641666666666667,68.41666666666667,5.3374999999999995,7.5,0.3,54.0,0.0,69.6,58.93333333333334,1.9499999999999997,31.3,18.962500000000002,2.0433333333333334,8.0,5.125,0.8888888888888888,,,,0.8,0.8000000000000002,0.08000000000000002,NO2,2.0433333333333334,1,2019,False
2019-01-10,3.1,1.6791666666666665,67.125,3.6958333333333333,5.2,0.0,1.0,0.0,55.1,36.27916666666667,1.6479166666666667,80.3,31.537499999999998,3.5075,29.5,12.112499999999999,2.0925925925925926,,,,0.8,0.8000000000000002,0.08000000000000002,NO2,3.5075,1,2019,False
2019-01-11,1.8,0.10416666666666667,92.04166666666667,3.641666666666667,5.3,0.30000000000000004,0.0,0.0,9.9,4.179166666666666,0.4125,61.2,52.30416666666667,3.0300000000000002,53.6,29.925,2.985185185185185,,,,0.8,0.8000000000000002,0.08000000000000002,NO2,3.0300000000000002,1,2019,False
2019-01-12,5.3,4.170833333333333,91.41666666666667,5.6000000000000005,7.9,3.6,0.0,0.0,36.0,20.0625,1.25,48.2,39.65,2.606666666666667,24.0,12.795833333333334,1.8333333333333333,,,,0.8,0.8000000000000002,0.08000000000000002,NO2,2.606666666666667,1,2019,False
2019-01-13,9.8,7.379166666666666,87.04166666666667,6.754166666666666,10.8,6.9,0.0,0.0,69.4,37.74166666666667,1.9458333333333333,36.3,24.400000000000002,2.21,8.3,4.441666666666666,0.9222222222222223,,,,0.8,0.8000000000000002,0.08000000000000002,NO2,2.21,1,2019,False
2019-01-14,7.5,5.033333333333333,77.0,5.279166666666667,8.7,6.0,89.0,0.0,79.1,52.949999999999996,2.098611111111111,56.7,26.45,2.89,13.6,6.120833333333334,1.2555555555555555,,,,0.8,0.8000000000000002,0.08000000000000002,NO2,2.89,1,2019,False
2019-01-15,6.6,4.491666666666666,76.875,5.379166666666666,7.6,0.0,0.0,0.0,48.8,29.558333333333334,1.5166666666666666,58.7,36.75833333333333,2.956666666666667,18.7,15.279166666666667,1.5388888888888888,,,,1.9,0.8791666666666668,0.19,NO2,2.956666666666667,1,2019,False
2019-01-16,5.9,4.933333333333334,73.75,5.0625,6.1,0.0,10.0,0.0,42.0,27.96666666666667,1.375,56.3,39.829166666666666,2.8766666666666665,22.7,15.858333333333334,1.761111111111111,,,,8.4,1.5708333333333335,0.8400000000000001,NO2,2.8766666666666665,1,2019,False
2019-01-17,7.7,5.091666666666667,79.54166666666667,6.854166666666667,9.9,4.5,95.0,0.0,54.4,38.77142857142857,1.6333333333333333,55.5,30.5,2.85,24.6,9.875,1.8666666666666667,,,,2.1,0.9238095238095239,0.21000000000000002,NO2,2.85,1,2019,False
2019-01-18,3.9,1.2458333333333333,75.375,2.8000000000000003,5.4,0.0,332.0,0.0,58.5,31.854166666666668,1.71875,87.8,46.52916666666667,3.695,27.5,13.829166666666666,2.0185185185185186,,,,0.8,0.8000000000000002,0.08000000000000002,NO2,3.695,1,2019,False
2019-01-19,2.6,-1.4958333333333333,73.125,2.1416666666666666,3.4,0.0,487.0,0.0,35.4,9.054166666666667,1.2375,85.3,59.57083333333333,3.6325,35.3,15.9,2.3074074074074074,,,,0.8,0.8000000000000002,0.08000000000000002,NO2,3.6325,1,2019,False
2019-01-20,0.5,-3.1999999999999997,74.29166666666667,2.0500000000000003,3.6,0.0,477.0,0.0,32.0,11.208333333333334,1.1666666666666667,69.4,47.24583333333334,3.2350000000000003,33.7,22.308333333333334,2.2481481481481485,,,,0.8,0.8000000000000002,0.08000000000000002,NO2,3.2350000000000003,1,2019,False
2019-01-21,0.5,-3.8791666666666664,76.625,1.8916666666666666,3.4,0.0,473.0,0.0,28.9,7.0,1.1020833333333333,94.5,62.34166666666667,3.8625,50.0,33.512499999999996,2.851851851851852,,,,2.0,0.9750000000000001,0.2,NO2,3.8625,1,2019,False
2019-01-22,-1.6,-5.325,84.41666666666667,1.3833333333333335,2.4,0.0,0.0,0.0,11.3,3.8208333333333333,0.4708333333333333,68.0,56.85833333333333,3.2,64.7,44.25416666666666,3.2972222222222225,,,,3.0,0.9083333333333333,0.30000000000000004,PM10,3.2972222222222225,1,2019,False
2019-01-23,-1.6,-1.925,70.04166666666667,2.1958333333333333,3.3,0.0,0.0,0.0,29.0,19.983333333333334,1.1041666666666667,49.0,40.766666666666666,2.6333333333333333,41.7,34.87916666666667,2.5444444444444443,,,,0.8,0.8000000000000002,0.08000000000000002,NO2,2.6333333333333333,1,2019,False
2019-01-24,-1.8,-2.766666666666667,73.54166666666667,2.404166666666667,4.2,0.0,0.0,0.0,22.6,12.270833333333334,0.9416666666666667,65.4,45.15,3.1350000000000002,75.5,49.975,3.5972222222222223,,,,2.1,0.8708333333333335,0.21000000000000002,PM10,3.5972222222222223,1,2019,False
2019-01-25,1.4,-1.5916666666666668,81.79166666666667,3.345833333333333,7.2,0.2,0.0,0.0,22.3,11.529166666666667,0.9291666666666667,67.7,46.56666666666666,3.1925,74.2,53.71666666666667,3.561111111111111,,,,5.6,1.7333333333333334,0.5599999999999999,PM10,3.561111111111111,1,2019,False
2019-01-26,4.6,2.7624999999999997,89.45833333333333,5.945833333333333,7.7,0.5,0.0,0.0,35.7,21.4375,1.2437500000000001,40.9,32.824999999999996,2.3633333333333333,37.7,14.116666666666667,2.3962962962962964,,,,4.1,1.2083333333333333,0.41,PM10,2.3962962962962964,1,2019,False
2019-01-27,7.5,5.2749999999999995,84.75,6.116666666666667,8.0,4.5,3.0,0.0,55.5,40.324999999999996,1.65625,40.3,27.991666666666664,2.3433333333333333,9.3,4.845833333333333,1.0166666666666666,,,,5.9,2.3000000000000003,0.5900000000000001,NO2,2.3433333333333333,1,2019,False
2019-01-28,4.2,2.9166666666666665,80.29166666666667,7.179166666666667,10.5,1.5,1.0,0.0,50.1,36.97083333333333,1.54375,44.7,30.072727272727274,2.49,8.8,4.1875,0.9777777777777779,,,,1.2,0.8166666666666668,0.12,NO2,2.49,1,2019,False
2019-01-29,4.0,1.3208333333333333,80.54166666666667,3.1958333333333333,5.4,0.0,53.0,0.0,52.5,24.375,1.59375,65.1,43.58181818181818,3.1275,20.9,13.433333333333332,1.661111111111111,,,,2.9,1.0333333333333334,0.29,NO2,3.1275,1,2019,False
2019-01-30,3.0,0.26666666666666666,82.5,3.6041666666666665,7.3,0.9,0.0,0.0,36.0,17.704166666666666,1.25,64.9,45.800000000000004,3.1225,22.8,14.179166666666667,1.7666666666666666,,,,1.6,0.8333333333333334,0.16000000000000003,NO2,3.1225,1,2019,False
2019-01-31,1.2,-0.5875,87.375,1.8541666666666667,3.5,1.8000000000000003,0.0,0.0,45.3,12.041666666666666,1.4437499999999999,87.4,62.35833333333333,3.685,22.5,14.575000000000001,1.75,,,,0.8,0.8000000000000002,0.08000000000000002,NO2,3.685,1,2019,False
2019-02-01,3.7,1.8217391304347825,87.47826086956522,2.0782608695652174,3.2,0.8999999999999999,0.0,0.0,16.5,6.5,0.6875,72.6,59.77826086956521,3.315,32.2,21.795652173913044,2.1925925925925926,,,,0.8,0.8,0.08000000000000002,NO2,3.315,2,2019,False
2019-02-02,4.3,3.2583333333333333,91.91666666666667,1.8083333333333333,3.4,0.30000000000000004,0.0,0.0,6.8,2.3125,0.2833333333333333,59.4,50.4625,2.98,50.0,37.52916666666667,2.851851851851852,,,,0.8,0.8000000000000002,0.08000000000000002,NO2,2.98,2,2019,False
2019-02-03,4.1,3.220833333333333,72.79166666666667,4.166666666666667,5.7,0.0,0.0,0.0,54.3,31.2375,1.6312499999999999,48.6,24.458333333333332,2.62,30.1,16.945833333333333,2.1148148148148147,,,,0.8,0.8000000000000002,0.08000000000000002,NO2,2.62,2,2019,False
2019-02-04,5.0,0.3541666666666667,78.54166666666667,2.379166666666667,4.6,0.0,411.0,0.0,27.7,8.254166666666666,1.0770833333333334,82.7,55.35833333333333,3.5675,28.7,18.837500000000002,2.062962962962963,,,,7.6,1.9583333333333333,0.76,NO2,3.5675,2,2019,False
2019-02-05,4.5,1.5958333333333332,76.79166666666667,1.9708333333333332,4.3,0.0,7.0,0.0,11.4,4.4375,0.475,81.5,61.122727272727275,3.5375,43.1,31.77916666666667,2.5962962962962965,,,,5.2,2.345833333333333,0.52,NO2,3.5375,2,2019,False
2019-02-06,6.4,0.02083333333333337,83.625,1.5916666666666668,3.9,0.0,421.0,0.0,10.9,3.704166666666667,0.45416666666666666,86.9,62.4625,3.6725000000000003,61.9,45.449999999999996,3.2194444444444446,,,,7.3,2.375,0.73,NO2,3.6725000000000003,2,2019,False
2019-02-07,4.0,0.8291666666666666,92.0,2.529166666666667,5.5,1.1,8.0,0.0,4.1,1.9333333333333333,0.1708333333333333,67.8,57.300000000000004,3.195,48.0,41.895833333333336,2.7777777777777777,,,,5.4,2.0708333333333333,0.54,NO2,3.195,2,2019,False
2019-02-08,9.0,6.1499999999999995,78.5,5.308333333333334,6.9,0.0,1.0,0.0,40.4,22.516666666666666,1.3416666666666666,51.4,40.954166666666666,2.7133333333333334,23.1,12.929166666666667,1.7833333333333332,,,,4.3,1.8708333333333333,0.43,NO2,2.7133333333333334,2,2019,False
2019-02-09,9.8,7.845833333333334,73.375,7.433333333333334,10.4,1.5,48.0,0.0,56.6,43.68333333333334,1.6791666666666667,52.1,31.245833333333334,2.736666666666667,16.0,10.379166666666666,1.3888888888888888,,,,6.9,2.0625,0.6900000000000001,NO2,2.736666666666667,2,2019,False
2019-02-10,10.1,7.616666666666667,77.66666666666667,6.945833333333333,11.0,4.2,3.0,0.0,68.6,45.375,1.9291666666666665,40.8,28.075,2.36,16.0,8.020833333333334,1.3888888888888888,,,,3.0,1.2125000000000001,0.30000000000000004,NO2,2.36,2,2019,False
2019-02-11,7.3,5.316666666666666,72.375,6.8125,10.4,0.30000000000000004,48.0,0.0,64.6,50.00416666666666,1.8458333333333332,40.4,23.954166666666666,2.3466666666666667,25.3,9.112499999999999,1.9055555555555554,,,,0.8,0.8000000000000002,0.08000000000000002,NO2,2.3466666666666667,2,2019,False
2019-02-12,6.3,2.8125,77.16666666666667,3.7416666666666667,5.7,0.0,30.0,0.0,38.7,19.891666666666666,1.30625,75.9,46.48333333333333,3.3975,34.4,21.5125,2.274074074074074,,,,2.3,1.2125000000000001,0.22999999999999998,NO2,3.3975,2,2019,False
2019-02-13,7.9,1.2083333333333333,80.16666666666667,1.6416666666666666,3.3,0.0,424.0,0.0,25.9,7.2681818181818185,1.0395833333333333,84.8,58.59090909090909,3.62,36.4,28.97083333333333,2.348148148148148,,,,9.0,2.790909090909091,0.9,NO2,3.62,2,2019,False
2019-02-14,9.7,1.4833333333333334,80.58333333333333,1.3041666666666667,2.4,0.0,393.0,0.0,9.1,2.9749999999999996,0.37916666666666665,103.0,70.75416666666666,4.06,61.3,35.387499999999996,3.2027777777777775,,,,19.4,3.9250000000000003,1.47,NO2,4.06,2,2019,False
2019-02-15,13.8,5.920833333333333,66.375,2.5500000000000003,3.6,0.0,577.0,0.0,14.4,4.591666666666667,0.6,90.4,63.19583333333333,3.7600000000000002,49.1,27.179166666666664,2.8185185185185184,,,,3.4,1.5374999999999999,0.34,NO2,3.7600000000000002,2,2019,False
2019-02-16,12.6,4.1499999999999995,76.08333333333333,1.55,2.9,0.0,575.0,0.0,11.9,4.195833333333334,0.49583333333333335,93.3,70.52499999999999,3.8325,65.9,40.77916666666667,3.3305555555555557,,,,12.5,3.5375,1.125,NO2,3.8325,2,2019,False
2019-02-17,14.4,3.6041666666666665,77.29166666666667,1.2583333333333333,2.5,0.0,570.0,0.0,17.9,4.6375,0.7458333333333332,102.0,64.71666666666667,4.04,58.4,45.84166666666667,3.1222222222222222,,,,12.4,2.6916666666666664,1.12,NO2,4.04,2,2019,False
2019-02-18,13.9,3.7916666666666665,74.58333333333333,1.4249999999999998,2.8,0.0,536.0,0.0,29.1,6.308333333333334,1.10625,108.8,73.86666666666666,4.176,66.7,42.80833333333334,3.352777777777778,,,,14.3,2.9791666666666665,1.215,NO2,4.176,2,2019,False
2019-02-19,10.7,4.3374999999999995,80.33333333333333,2.9250000000000003,6.4,0.8999999999999999,204.0,0.0,44.5,8.916666666666666,1.4270833333333333,84.9,67.06666666666666,3.6225,52.3,32.05416666666667,2.9370370370370367,,,,3.9,1.2750000000000001,0.39,NO2,3.6225,2,2019,False
2019-02-20,11.0,3.779166666666667,82.125,1.7874999999999999,4.0,0.0,283.0,0.0,32.3,7.783333333333334,1.1729166666666666,87.5,60.69166666666666,3.6875,67.5,33.641666666666666,3.375,,,,7.7,1.7583333333333335,0.77,NO2,3.6875,2,2019,False
2019-02-21,11.9,5.5375000000000005,84.5,2.120833333333333,3.4,0.1,146.0,0.0,12.5,3.720833333333333,0.5208333333333333,70.3,59.09166666666667,3.2575,62.0,45.24583333333334,3.2222222222222223,,,,1.9,1.0250000000000001,0.19,NO2,3.2575,2,2019,False
2019-02-22,12.1,10.054166666666667,73.16666666666667,2.9416666666666664,4.6,0.0,52.0,0.0,57.5,28.108333333333334,1.6979166666666665,71.6,40.75416666666667,3.29,69.5,28.875,3.4305555555555554,,,,0.8,0.8000000000000002,0.08000000000000002,PM10,3.4305555555555554,2,2019,False
2019-02-23,9.0,4.8125,61.708333333333336,2.6750000000000003,4.2,0.0,526.0,0.0,53.5,29.120833333333334,1.6145833333333333,77.0,33.0,3.425,26.8,15.299999999999999,1.988888888888889,,,,0.8,0.8000000000000002,0.08000000000000002,NO2,3.425,2,2019,False
2019-02-24,12.2,4.783333333333333,46.041666666666664,2.3000000000000003,4.1,0.0,606.0,0.0,60.5,23.4375,1.7604166666666665,95.5,50.074999999999996,3.8875,27.6,16.820833333333333,2.022222222222222,,,,1.5,0.8500000000000001,0.15000000000000002,NO2,3.8875,2,2019,False
2019-02-25,16.0,6.783333333333334,48.333333333333336,2.1125000000000003,3.4,0.0,607.0,0.0,48.0,12.833333333333334,1.5,106.2,65.33333333333333,4.124,40.1,24.141666666666666,2.4851851851851854,,,,2.0,1.0833333333333333,0.2,NO2,4.124,2,2019,False
2019-02-26,18.5,8.2125,60.0,1.5708333333333335,2.5,0.0,605.0,0.0,46.5,10.041666666666666,1.46875,128.2,66.78333333333333,4.564,69.2,29.045833333333334,3.4222222222222225,,,,3.1,1.2041666666666668,0.31000000000000005,NO2,4.564,2,2019,False
2019-02-27,18.9,7.591666666666666,55.666666666666664,1.45,2.3,0.0,614.0,0.0,22.5,6.370833333333334,0.9375,126.7,76.07083333333334,4.534,52.3,31.808333333333334,2.9370370370370367,,,,19.3,3.6666666666666665,1.465,NO2,4.534,2,2019,False
2019-02-28,18.1,8.208333333333334,66.20833333333333,4.8625,11.7,0.0,493.0,0.0,61.2,23.3625,1.775,74.5,55.43333333333334,3.3625,73.7,45.574999999999996,3.5472222222222225,,,,4.3,1.75,0.43,PM10,3.5472222222222225,2,2019,False
2019-03-01,10.9,8.91304347826087,81.69565217391305,4.682608695652174,5.9,3.5,9.0,0.0,49.6,32.80434782608695,1.5333333333333332,53.0,33.78260869565217,2.7666666666666666,63.4,25.339130434782607,3.261111111111111,,,,0.8,0.8,0.08000000000000002,PM10,3.261111111111111,3,2019,False
2019-03-02,11.5,8.383333333333333,74.0,4.0,6.7,0.0,14.0,0.0,50.1,34.8375,1.54375,44.7,32.74166666666667,2.49,50.7,24.5125,2.8777777777777778,,,,1.3,0.8416666666666668,0.13,PM10,2.8777777777777778,3,2019,False
2019-03-03,12.0,10.674999999999999,71.25,7.125,9.8,0.2,4.0,0.0,56.3,42.57083333333333,1.6729166666666666,37.3,25.641666666666666,2.243333333333333,13.0,10.266666666666667,1.2222222222222223,,,,3.2,1.0083333333333335,0.32000000000000006,NO2,2.243333333333333,3,2019,False
2019-03-04,12.7,9.754166666666666,67.70833333333333,8.325000000000001,13.3,2.2,48.0,0.0,76.8,53.387499999999996,2.0666666666666664,44.8,28.129166666666666,2.493333333333333,10.2,6.991666666666667,1.0666666666666667,,,,3.7,1.2708333333333333,0.37000000000000005,NO2,2.493333333333333,3,2019,False
2019-03-05,8.9,6.241666666666667,76.125,6.966666666666666,10.6,1.2,136.0,0.0,60.4,45.574999999999996,1.7583333333333333,52.2,33.90416666666667,2.74,18.1,10.358333333333333,1.5055555555555555,,,,2.0,0.9583333333333334,0.2,NO2,2.74,3,2019,False
2019-03-06,15.7,9.112499999999999,72.0,2.6333333333333333,5.9,0.9,348.0,0.0,53.9,20.520833333333332,1.6229166666666666,79.1,50.291666666666664,3.4775,32.3,15.745833333333332,2.196296296296296,,,,6.9,1.3875,0.6900000000000001,NO2,3.4775,3,2019,False
2019-03-07,13.1,10.3125,69.04166666666667,7.858333333333333,13.7,0.9,189.0,0.0,68.6,42.6875,1.9291666666666665,61.4,37.00833333333333,3.035,17.8,9.733333333333333,1.488888888888889,,,,5.7,1.1291666666666667,0.5700000000000001,NO2,3.035,3,2019,False
2019-03-08,10.5,7.920833333333333,70.16666666666667,7.254166666666666,9.9,1.8000000000000003,103.0,0.0,69.8,49.0625,1.9541666666666666,54.2,32.57083333333333,2.8066666666666666,19.2,9.0875,1.5666666666666664,,,,9.5,4.145833333333333,0.9500000000000001,NO2,2.8066666666666666,3,2019,False
2019-03-09,12.6,10.058333333333334,66.91666666666667,8.754166666666666,13.3,0.1,52.0,0.0,73.9,54.39166666666667,2.026388888888889,51.6,24.45,2.72,21.5,10.733333333333334,1.6944444444444444,,,,6.6,3.016666666666667,0.66,NO2,2.72,3,2019,False
2019-03-10,15.4,10.358333333333333,66.29166666666667,9.370833333333334,20.5,5.8,179.0,0.0,88.3,59.612500000000004,2.2263888888888888,39.6,20.05,2.3200000000000003,22.8,10.7125,1.7666666666666666,,,,2.9,0.9333333333333335,0.29,NO2,2.3200000000000003,3,2019,False
2019-03-11,8.0,5.908333333333334,58.375,7.620833333333334,10.3,0.1,297.0,0.0,74.8,64.80416666666666,2.0388888888888888,43.4,20.133333333333333,2.4466666666666668,12.8,8.6625,1.2111111111111112,,,,4.9,1.1666666666666667,0.49000000000000005,NO2,2.4466666666666668,3,2019,False
2019-03-12,10.1,6.608333333333333,54.375,5.6625000000000005,8.3,0.0,340.0,0.0,67.8,49.84166666666667,1.9124999999999999,51.9,33.0,2.73,21.7,14.2125,1.7055555555555555,,,,7.5,2.220833333333333,0.75,NO2,2.73,3,2019,False
2019-03-13,10.1,6.745833333333334,67.79166666666667,9.058333333333334,12.9,2.6,61.0,0.0,84.6,58.63333333333333,2.175,48.3,27.724999999999998,2.61,15.4,9.608333333333333,1.3555555555555556,,,,4.6,1.9291666666666665,0.45999999999999996,NO2,2.61,3,2019,False
2019-03-14,7.9,6.0625,83.20833333333333,7.1499999999999995,10.4,9.6,58.0,0.0,64.8,44.5,1.8499999999999999,53.8,33.660869565217396,2.793333333333333,21.9,8.295833333333333,1.7166666666666666,,,,4.9,1.4272727272727275,0.49000000000000005,NO2,2.793333333333333,3,2019,False
2019-03-15,14.3,10.008333333333333,78.66666666666667,8.387500000000001,12.8,2.5,11.0,0.0,64.1,41.74583333333333,1.8354166666666665,55.9,33.27916666666667,2.8633333333333333,20.8,10.533333333333333,1.6555555555555554,,,,2.6,1.2869565217391306,0.26,NO2,2.8633333333333333,3,2019,False
2019-03-16,12.5,10.558333333333334,76.375,7.0625,12.2,4.9,2.0,0.0,67.9,50.37083333333334,1.9145833333333333,45.2,24.962500000000002,2.506666666666667,8.6,4.8374999999999995,0.9555555555555555,,,,10.8,4.1875,1.04,NO2,2.506666666666667,3,2019,False
2019-03-17,10.2,8.2125,72.95833333333333,7.066666666666666,9.3,4.7,24.0,0.0,76.3,51.8125,2.0597222222222222,50.1,29.287499999999998,2.67,16.0,7.020833333333333,1.3888888888888888,,,,6.4,2.466666666666667,0.6400000000000001,NO2,2.67,3,2019,False
2019-03-18,9.0,4.633333333333334,75.41666666666667,4.5874999999999995,7.4,0.5,260.0,0.0,72.6,46.9,2.0083333333333333,73.8,37.333333333333336,3.3449999999999998,24.5,10.958333333333334,1.8611111111111112,,,,3.1,1.2083333333333333,0.31000000000000005,NO2,3.3449999999999998,3,2019,False
2019-03-19,10.2,3.8541666666666665,68.29166666666667,1.5041666666666667,3.5,0.0,624.0,0.0,77.0,27.270833333333332,2.0694444444444446,90.0,48.708333333333336,3.75,39.2,24.6875,2.4518518518518517,,,,2.6,0.9958333333333335,0.26,NO2,3.75,3,2019,False
2019-03-20,13.5,5.075,64.66666666666667,1.3708333333333333,2.3,0.0,683.0,0.0,64.1,18.920833333333334,1.8354166666666665,103.3,60.21666666666667,4.066,54.7,25.97083333333333,3.0194444444444444,,,,9.1,2.0416666666666665,0.91,NO2,4.066,3,2019,False
2019-03-21,15.9,8.295833333333333,57.333333333333336,2.0545454545454547,3.6,0.0,486.0,0.0,82.6,27.645833333333332,2.147222222222222,103.3,56.6625,4.066,36.1,23.900000000000002,2.337037037037037,,,,2.9,1.05,0.29,NO2,4.066,3,2019,False
2019-03-22,18.7,10.950000000000001,56.208333333333336,2.090909090909091,3.2,0.0,694.0,0.0,72.3,23.45,2.0041666666666664,104.6,60.6,4.092,34.2,24.991666666666664,2.2666666666666666,,,,2.3,1.0208333333333333,0.22999999999999998,NO2,4.092,3,2019,False
2019-03-23,17.2,8.895833333333334,68.33333333333333,2.4791666666666665,6.7,0.0,661.0,0.0,55.8,22.304166666666664,1.6624999999999999,79.1,50.09583333333333,3.4775,97.0,48.958333333333336,4.155555555555556,,,,9.8,1.6875,0.9800000000000001,PM10,4.155555555555556,3,2019,False
2019-03-24,14.0,9.404166666666667,69.375,3.233333333333333,5.6,0.0,231.0,0.0,71.4,43.26666666666667,1.9875,39.0,20.916666666666668,2.3,50.0,32.82083333333333,2.851851851851852,,,,0.8,0.8000000000000002,0.08000000000000002,PM10,2.851851851851852,3,2019,False
2019-03-25,8.3,5.108333333333333,71.83333333333333,4.675,8.5,2.4,125.0,0.0,79.9,52.979166666666664,2.1097222222222225,70.9,31.72083333333333,3.2725,16.4,8.0,1.411111111111111,,,,1.5,0.9083333333333333,0.15000000000000002,NO2,3.2725,3,2019,False
2019-03-26,9.1,5.695833333333333,69.25,3.1291666666666664,5.9,0.0,160.0,0.0,75.9,52.07083333333333,2.0541666666666667,84.8,31.337500000000002,3.62,34.1,19.675,2.262962962962963,,,,2.7,0.9375,0.27,NO2,3.62,3,2019,False
2019-03-27,11.2,6.295833333333333,68.75,1.0708333333333333,2.0,0.0,236.0,0.0,60.3,28.566666666666666,1.7562499999999999,87.0,51.65,3.675,42.6,29.47083333333333,2.577777777777778,,,,2.4,1.25,0.24,NO2,3.675,3,2019,False
2019-03-28,15.1,7.908333333333334,69.91666666666667,2.316666666666667,4.0,0.0,289.0,0.0,69.6,28.779166666666665,1.9499999999999997,66.0,43.550000000000004,3.15,46.0,28.84166666666667,2.7037037037037037,,,,1.9,0.9500000000000001,0.19,NO2,3.15,3,2019,False
2019-03-29,16.6,11.883333333333333,60.583333333333336,2.4625,3.8,0.0,620.0,0.0,64.3,32.291666666666664,1.8395833333333331,82.2,39.925000000000004,3.555,23.5,14.908333333333333,1.8055555555555554,,,,1.4,0.8416666666666667,0.13999999999999999,NO2,3.555,3,2019,False
2019-03-30,19.7,11.879166666666668,57.25,2.345833333333333,4.6,0.0,614.0,0.0,78.9,23.0125,2.095833333333333,109.1,57.104166666666664,4.1819999999999995,37.6,25.191666666666666,2.3925925925925924,,,,11.5,2.2041666666666666,1.075,NO2,4.1819999999999995,3,2019,False
2019-03-31,18.8,11.060869565217391,60.26086956521739,3.7043478260869565,8.8,0.0,552.0,0.0,103.9,45.45217391304348,2.4430555555555555,83.9,39.160869565217396,3.5975,63.8,31.76521739130435,3.272222222222222,,,,1.5,0.8565217391304347,0.15000000000000002,NO2,3.5975,3,2019,False
2019-04-01,17.0,11.165217391304349,55.82608695652174,3.8260869565217392,5.4,0.0,695.0,0.0,89.7,58.77391304347826,2.2458333333333336,52.7,23.719047619047622,2.756666666666667,27.5,18.4,2.0185185185185186,,,,0.8,0.8,0.08000000000000002,NO2,2.756666666666667,4,2019,False
2019-04-02,19.5,12.450000000000001,56.75,3.5833333333333335,8.4,0.0,377.0,0.0,81.6,46.12916666666666,2.1333333333333333,73.5,43.0375,3.3375,46.6,24.25,2.725925925925926,,,,4.0,1.4749999999999999,0.4,NO2,3.3375,4,2019,False
2019-04-03,13.0,8.916666666666666,82.70833333333333,3.25,6.7,9.9,0.0,0.0,71.8,51.28333333333333,1.9958333333333331,64.5,42.112500000000004,3.1125,16.1,9.708333333333334,1.3944444444444444,,,,6.8,1.625,0.68,NO2,3.1125,4,2019,False
2019-04-04,6.5,5.429166666666667,88.95833333333333,2.9499999999999997,4.7,0.8,0.0,0.0,62.6,41.25416666666667,1.8041666666666667,55.3,33.4625,2.8433333333333333,33.6,13.916666666666666,2.2444444444444445,,,,0.8,0.8000000000000002,0.08000000000000002,NO2,2.8433333333333333,4,2019,False
2019-04-05,8.4,6.633333333333333,87.45833333333333,2.066666666666667,3.5,1.2,0.0,0.0,54.8,26.616666666666664,1.6416666666666666,65.7,35.21666666666667,3.1425,35.5,21.4875,2.314814814814815,,,,0.8,0.8000000000000002,0.08000000000000002,NO2,3.1425,4,2019,False
2019-04-06,16.6,10.954166666666666,75.75,1.9583333333333333,3.5,0.0,358.0,0.0,68.9,26.141666666666666,1.9354166666666668,68.5,32.55416666666667,3.2125,40.1,29.283333333333335,2.4851851851851854,,,,2.4,0.9583333333333334,0.24,NO2,3.2125,4,2019,False
2019-04-07,18.9,13.6625,57.916666666666664,2.308333333333333,4.2,0.0,626.0,0.0,113.1,72.92916666666666,2.5708333333333333,79.9,25.883333333333336,3.4975,34.0,17.091666666666665,2.259259259259259,,,,0.8,0.8000000000000002,0.08000000000000002,NO2,3.4975,4,2019,False
2019-04-08,16.5,12.470833333333333,75.16666666666667,3.154166666666667,4.9,0.0,169.0,0.0,51.6,28.65416666666667,1.575,69.6,40.93333333333333,3.2399999999999998,56.7,36.37916666666667,3.075,,,,3.6,1.2875,0.36000000000000004,NO2,3.2399999999999998,4,2019,False
2019-04-09,17.1,11.404166666666667,79.83333333333333,1.8125,4.3,3.8,58.0,0.0,84.3,27.35217391304348,2.1708333333333334,52.2,40.42173913043479,2.74,56.4,42.291666666666664,3.0666666666666664,,,,6.1,1.4434782608695653,0.61,PM10,3.0666666666666664,4,2019,False
2019-04-10,14.2,10.245833333333334,55.958333333333336,5.508333333333333,8.5,0.0,376.0,0.0,96.9,67.55,2.345833333333333,60.6,23.179166666666664,3.015,39.3,26.745833333333334,2.4555555555555553,,,,0.8,0.8000000000000002,0.08000000000000002,NO2,3.015,4,2019,False
2019-04-11,11.5,7.3999999999999995,46.291666666666664,5.266666666666667,6.9,0.0,770.0,0.0,89.1,74.00416666666666,2.2375,44.2,21.287499999999998,2.4733333333333336,21.2,16.833333333333332,1.6777777777777776,,,,0.8,0.8000000000000002,0.08000000000000002,NO2,2.4733333333333336,4,2019,False
2019-04-12,7.7,4.920833333333333,51.541666666666664,4.420833333333333,6.2,0.0,191.0,0.0,70.8,59.7125,1.9749999999999999,42.5,21.516666666666666,2.4166666666666665,23.9,17.220833333333335,1.8277777777777775,,,,1.2,0.8166666666666668,0.12,NO2,2.4166666666666665,4,2019,False
2019-04-13,7.4,4.425,60.208333333333336,4.179166666666666,5.2,0.0,128.0,0.0,80.9,61.145833333333336,2.1236111111111113,21.9,16.816666666666666,1.595,29.7,19.8875,2.1,,,,0.8,0.8000000000000002,0.08000000000000002,O3,2.1236111111111113,4,2019,False
2019-04-14,11.5,6.070833333333333,65.29166666666667,4.875,7.4,2.2,562.0,0.0,87.4,64.175,2.213888888888889,21.5,13.479166666666666,1.5750000000000002,38.0,23.333333333333332,2.4074074074074074,,,,0.8,0.8000000000000002,0.08000000000000002,PM10,2.4074074074074074,4,2019,False
2019-04-15,18.0,10.729166666666666,57.291666666666664,3.2875,5.3,0.0,737.0,0.0,97.9,49.574999999999996,2.3597222222222225,54.8,28.7625,2.8266666666666667,25.1,17.2625,1.8944444444444444,,,,0.8,0.8000000000000002,0.08000000000000002,NO2,2.8266666666666667,4,2019,False
2019-04-16,19.1,12.558333333333332,46.916666666666664,3.225,6.0,0.0,603.0,0.0,91.7,59.07083333333333,2.2736111111111112,85.5,42.98333333333333,3.6375,28.6,20.325,2.0592592592592593,,,,2.7,1.0333333333333334,0.27,NO2,3.6375,4,2019,False
2019-04-17,18.2,13.591666666666667,66.45833333333333,2.4583333333333335,4.7,3.6999999999999997,367.0,0.0,90.3,60.9375,2.2541666666666664,75.5,37.020833333333336,3.3875,28.6,18.2625,2.0592592592592593,,,,3.2,1.1208333333333333,0.32000000000000006,NO2,3.3875,4,2019,False
2019-04-18,22.3,16.162499999999998,42.666666666666664,3.6291666666666664,5.3,0.0,748.0,0.0,107.9,80.95416666666667,2.4986111111111113,58.9,27.78333333333333,2.9633333333333334,35.5,19.349999999999998,2.314814814814815,,,,0.8,0.8000000000000002,0.08000000000000002,NO2,2.9633333333333334,4,2019,False
2019-04-19,23.8,17.416666666666668,36.416666666666664,3.108333333333333,4.6,0.0,808.0,0.0,122.8,90.23333333333333,2.7055555555555557,58.4,22.379166666666666,2.9466666666666668,37.1,15.858333333333334,2.3740740740740742,,,,0.8,0.8000000000000002,0.08000000000000002,NO2,2.9466666666666668,4,2019,False
2019-04-20,24.7,18.770833333333332,34.75,3.029166666666667,4.3,0.0,805.0,0.0,128.9,91.67083333333333,2.790277777777778,48.5,27.558333333333334,2.6166666666666667,23.3,18.266666666666666,1.7944444444444443,,,,0.8,0.8000000000000002,0.08000000000000002,O3,2.790277777777778,4,2019,False
2019-04-21,24.9,18.416666666666668,33.958333333333336,2.6916666666666664,4.0,0.0,807.0,0.0,137.8,99.63333333333333,2.9138888888888888,43.1,23.150000000000002,2.4366666666666665,43.8,26.1125,2.6222222222222222,,,,1.9,0.9750000000000001,0.19,O3,2.9138888888888888,4,2019,False
2019-04-22,25.1,18.516666666666666,35.0,3.841666666666667,5.9,0.0,783.0,0.0,125.5,94.10833333333333,2.7430555555555554,44.1,18.216666666666665,2.47,38.5,18.3875,2.425925925925926,,,,1.8,1.0416666666666667,0.18000000000000002,O3,2.7430555555555554,4,2019,False
2019-04-23,22.1,16.258333333333333,46.25,3.2916666666666665,4.8,0.0,458.0,0.0,103.5,80.45416666666667,2.4375,65.6,27.308333333333334,3.1399999999999997,43.0,22.1375,2.5925925925925926,,,,1.9,0.9500000000000001,0.19,NO2,3.1399999999999997,4,2019,False
2019-04-24,25.2,16.833333333333332,55.791666666666664,3.608333333333334,14.9,0.2,604.0,0.0,114.0,60.675000000000004,2.583333333333333,68.3,34.104166666666664,3.2075,45.6,28.2,2.688888888888889,,,,4.7,1.2772727272727273,0.47000000000000003,NO2,3.2075,4,2019,False
2019-04-25,25.5,14.575000000000001,60.958333333333336,3.283333333333333,10.9,0.0,443.0,0.0,88.2,54.75833333333333,2.225,62.1,34.641666666666666,3.0525,19.0,13.316666666666668,1.5555555555555556,,,,2.0,0.8666666666666667,0.2,NO2,3.0525,4,2019,False
2019-04-26,13.1,10.625,81.33333333333333,4.0874999999999995,5.5,4.800000000000001,10.0,0.0,77.1,42.25,2.0708333333333333,60.5,38.4625,3.0125,23.8,11.883333333333333,1.8222222222222222,,,,4.5,1.575,0.45,NO2,3.0125,4,2019,False
2019-04-27,12.1,9.229166666666666,89.125,4.0874999999999995,7.3,6.6000000000000005,227.0,0.0,67.0,37.604166666666664,1.8958333333333333,47.4,29.891666666666666,2.58,29.2,12.641666666666666,2.0814814814814815,,,,3.4,1.5,0.34,NO2,2.58,4,2019,False
2019-04-28,13.4,8.487499999999999,70.29166666666667,3.591666666666667,5.6,0.0,481.0,0.0,74.6,56.125,2.036111111111111,41.1,22.770833333333332,2.37,11.0,9.0375,1.1111111111111112,,,,3.2,1.3625,0.32000000000000006,NO2,2.37,4,2019,False
2019-04-29,15.2,8.245833333333334,77.54166666666667,1.7666666666666666,3.8,0.8,295.0,0.0,69.6,30.1875,1.9499999999999997,58.5,37.583333333333336,2.95,48.5,16.804166666666667,2.7962962962962963,,,,6.7,1.325,0.67,NO2,2.95,4,2019,False
2019-04-30,18.7,13.754166666666665,55.041666666666664,4.379166666666666,6.5,0.5,760.0,0.0,103.7,73.12916666666666,2.4402777777777778,66.8,24.520833333333332,3.17,33.7,19.916666666666668,2.2481481481481485,,,,0.8,0.8000000000000002,0.08000000000000002,NO2,3.17,4,2019,False
2019-05-01,20.4,13.265217391304349,59.56521739130435,1.7260869565217392,3.5,0.0,766.0,0.0,113.6,61.13478260869565,2.5777777777777775,67.8,37.46521739130435,3.195,37.1,24.656521739130437,2.3740740740740742,,,,6.7,1.2608695652173914,0.67,NO2,3.195,5,2019,False
2019-05-02,18.8,13.108333333333334,63.125,3.016666666666667,5.5,0.0,575.0,0.0,99.3,62.22083333333333,2.3791666666666664,76.1,31.495833333333334,3.4025,100.5,46.0875,4.233333333333333,,,,0.8,0.8000000000000002,0.08000000000000002,PM10,4.233333333333333,5,2019,False
2019-05-03,14.7,11.683333333333332,57.583333333333336,5.0,6.8,0.0,401.0,0.0,95.7,73.24166666666666,2.3291666666666666,46.0,19.591666666666665,2.533333333333333,20.0,10.0375,1.6111111111111112,,,,0.8,0.8000000000000002,0.08000000000000002,NO2,2.533333333333333,5,2019,False
2019-05-04,9.4,6.533333333333334,72.625,3.3166666666666664,7.1,6.3,156.0,0.0,71.6,59.324999999999996,1.9916666666666665,30.8,17.4375,2.026666666666667,32.4,12.862499999999999,2.1999999999999997,,,,0.8,0.8000000000000002,0.08000000000000002,PM10,2.1999999999999997,5,2019,False
2019-05-05,10.6,5.8999999999999995,67.375,2.2041666666666666,4.2,0.2,309.0,0.0,74.6,58.60833333333333,2.036111111111111,33.2,16.470833333333335,2.106666666666667,18.6,9.3125,1.5333333333333334,,,,0.8,0.8000000000000002,0.08000000000000002,NO2,2.106666666666667,5,2019,False
2019-05-06,11.8,8.079166666666667,60.083333333333336,3.033333333333333,5.1,0.0,304.0,0.0,78.9,59.28333333333333,2.095833333333333,50.4,24.224999999999998,2.6799999999999997,30.0,16.2,2.111111111111111,,,,0.8,0.8000000000000002,0.08000000000000002,NO2,2.6799999999999997,5,2019,False
2019-05-07,13.7,9.4,61.833333333333336,1.9666666666666668,3.4,0.0,327.0,0.0,77.0,52.62916666666667,2.0694444444444446,58.5,32.75,2.95,32.0,19.679166666666667,2.185185185185185,,,,1.5,0.8500000000000001,0.15000000000000002,NO2,2.95,5,2019,False
2019-05-08,12.4,9.762500000000001,80.58333333333333,2.4458333333333333,5.3,6.6,1.0,0.0,56.7,30.954545454545453,1.68125,64.0,43.904545454545456,3.1,35.3,18.625,2.3074074074074074,,,,0.8,0.8,0.08000000000000002,NO2,3.1,5,2019,False
2019-05-09,13.5,10.229166666666666,89.95833333333333,3.266666666666667,5.6,9.5,120.0,0.0,65.5,41.68333333333333,1.8645833333333333,46.4,31.59583333333333,2.546666666666667,13.2,5.308333333333334,1.2333333333333334,,,,2.3,0.8875000000000001,0.22999999999999998,NO2,2.546666666666667,5,2019,False
2019-05-10,18.0,12.870833333333332,63.875,4.8625,7.2,0.0,518.0,0.0,88.4,56.5375,2.227777777777778,44.9,27.554166666666664,2.4966666666666666,21.9,10.625,1.7166666666666666,,,,1.5,0.8291666666666667,0.15000000000000002,NO2,2.4966666666666666,5,2019,False
2019-05-11,11.5,10.5375,84.66666666666667,3.6875,6.5,19.2,4.0,0.0,78.4,51.30833333333334,2.088888888888889,61.3,21.354166666666668,3.0324999999999998,25.6,11.420833333333334,1.9222222222222223,,,,0.8,0.8000000000000002,0.08000000000000002,NO2,3.0324999999999998,5,2019,False
2019-05-12,15.0,9.2125,65.58333333333333,3.5083333333333333,5.8,0.0,397.0,0.0,86.0,67.80833333333334,2.1944444444444446,31.8,13.170833333333334,2.06,18.4,8.891666666666667,1.5222222222222221,,,,0.8,0.8000000000000002,0.08000000000000002,O3,2.1944444444444446,5,2019,False
2019-05-13,16.1,11.020833333333334,46.791666666666664,5.1000000000000005,7.2,0.0,878.0,0.0,88.8,69.52608695652174,2.2333333333333334,22.4,14.158333333333333,1.62,10.9,7.325,1.1055555555555556,,,,0.8,0.8,0.08000000000000002,O3,2.2333333333333334,5,2019,False
2019-05-14,14.9,11.091666666666667,45.583333333333336,4.808333333333334,7.3,0.0,704.0,0.0,90.7,72.44166666666666,2.2597222222222224,29.0,15.25,1.9500000000000002,11.5,8.737499999999999,1.1388888888888888,,,,0.8,0.8000000000000002,0.08000000000000002,O3,2.2597222222222224,5,2019,False
2019-05-15,15.5,10.120833333333334,48.458333333333336,4.2124999999999995,6.6,0.0,741.0,0.0,89.9,64.09166666666667,2.2486111111111113,54.3,19.866666666666667,2.81,27.2,12.095833333333333,2.0074074074074075,,,,0.8,0.8000000000000002,0.08000000000000002,NO2,2.81,5,2019,False
2019-05-16,15.4,11.075000000000001,58.625,3.595833333333333,6.0,0.0,206.0,0.0,76.9,62.13333333333333,2.0680555555555555,37.5,18.729166666666668,2.25,18.2,9.391666666666667,1.511111111111111,,,,0.8,0.8000000000000002,0.08000000000000002,NO2,2.25,5,2019,False
2019-05-17,18.3,13.008333333333333,71.25,3.0666666666666664,4.6,0.1,314.0,0.0,80.4,41.074999999999996,2.1166666666666667,30.2,19.629166666666666,2.006666666666667,19.5,13.441666666666668,1.5833333333333333,,,,0.8,0.8000000000000002,0.08000000000000002,O3,2.1166666666666667,5,2019,False
2019-05-18,22.1,15.4,70.91666666666667,2.2375000000000003,4.2,1.8,318.0,0.0,111.8,57.46666666666667,2.5527777777777776,50.2,30.504166666666666,2.6733333333333333,17.8,11.237499999999999,1.488888888888889,,,,1.6,0.8791666666666668,0.16000000000000003,NO2,2.6733333333333333,5,2019,False
2019-05-19,23.7,16.3125,79.54166666666667,2.129166666666667,3.6,13.999999999999998,534.0,0.0,114.3,66.4875,2.5875,34.6,22.09583333333333,2.1533333333333333,34.8,15.454166666666666,2.2888888888888888,,,,1.9,0.8458333333333333,0.19,O3,2.5875,5,2019,False
2019-05-20,18.1,13.8125,85.16666666666667,3.8333333333333335,7.1,1.3,166.0,0.0,61.5,42.520833333333336,1.78125,47.0,25.129166666666666,2.5666666666666664,59.4,29.46666666666667,3.15,,,,0.8,0.8000000000000002,0.08000000000000002,PM10,3.15,5,2019,False
2019-05-21,14.8,13.291666666666666,85.29166666666667,6.520833333333333,7.7,5.5,0.0,0.0,64.1,54.074999999999996,1.8354166666666665,29.9,18.675,1.995,48.6,13.225,2.8,,,,0.8,0.8000000000000002,0.08000000000000002,PM10,2.8,5,2019,False
2019-05-22,17.4,13.5,72.0,4.229166666666667,6.2,0.0,414.0,0.0,80.7,62.137499999999996,2.1208333333333336,47.0,17.233333333333334,2.5666666666666664,19.0,12.975,1.5555555555555556,,,,0.8,0.8000000000000002,0.08000000000000002,NO2,2.5666666666666664,5,2019,False
2019-05-23,20.9,13.7125,67.66666666666667,1.625,3.1,0.0,742.0,0.0,110.5,52.10434782608696,2.5347222222222223,49.2,34.95,2.64,29.7,19.087500000000002,2.1,,,,7.5,1.5291666666666668,0.75,NO2,2.64,5,2019,False
2019-05-24,23.5,16.616666666666667,63.0,1.7166666666666668,3.6,0.0,691.0,0.0,122.4,64.44583333333334,2.7,68.0,41.275,3.2,32.9,20.4875,2.2185185185185183,,,,3.3,1.2333333333333334,0.33,NO2,3.2,5,2019,False
2019-05-25,21.5,17.825,54.625,3.1374999999999997,5.6,0.0,735.0,0.0,105.2,78.42916666666666,2.4611111111111112,61.6,20.933333333333334,3.04,25.9,14.700000000000001,1.9388888888888887,,,,2.9,0.9208333333333334,0.29,NO2,3.04,5,2019,False
2019-05-26,22.8,16.825,59.416666666666664,3.3208333333333333,6.2,0.0,720.0,0.0,99.0,66.39166666666667,2.375,33.5,21.370833333333334,2.1166666666666667,25.3,12.058333333333332,1.9055555555555554,,,,3.2,1.0083333333333333,0.32000000000000006,O3,2.375,5,2019,False
2019-05-27,18.6,14.825000000000001,83.58333333333333,3.4583333333333335,5.3,4.6,102.0,0.0,59.9,35.80416666666667,1.7479166666666666,49.2,27.179166666666664,2.64,33.5,14.204166666666666,2.240740740740741,,,,3.9,1.1083333333333334,0.39,NO2,2.64,5,2019,False
2019-05-28,18.6,14.174999999999999,77.41666666666667,2.7875,7.4,3.4,332.0,0.0,70.0,36.7125,1.9583333333333333,44.3,26.349999999999998,2.4766666666666666,30.8,17.029166666666665,2.140740740740741,,,,1.4,0.8250000000000001,0.13999999999999999,NO2,2.4766666666666666,5,2019,False
2019-05-29,19.0,14.612499999999999,60.208333333333336,3.216666666666667,6.1,0.0,513.0,0.0,86.3,63.29583333333333,2.198611111111111,33.7,15.858333333333334,2.1233333333333335,13.1,7.966666666666666,1.2277777777777779,,,,0.8,0.8000000000000002,0.08000000000000002,O3,2.198611111111111,5,2019,False
2019-05-30,21.1,15.354166666666666,68.625,3.35,6.7,0.0,459.0,0.0,77.7,42.233333333333334,2.0791666666666666,52.8,28.09583333333333,2.76,23.1,12.987499999999999,1.7833333333333332,,,,7.1,1.6291666666666667,0.71,NO2,2.76,5,2019,False
2019-05-31,24.7,19.270833333333332,65.29166666666667,2.4833333333333334,4.4,0.0,562.0,0.0,66.5,36.979166666666664,1.8854166666666665,39.4,25.5625,2.3133333333333335,16.4,12.025,1.411111111111111,,,,0.8,0.8000000000000002,0.08000000000000002,NO2,2.3133333333333335,5,2019,False
2019-06-01,27.8,20.643478260869564,62.82608695652174,1.7304347826086954,3.3,0.0,895.0,0.0,96.2,49.334782608695654,2.3361111111111112,56.9,29.465217391304346,2.8966666666666665,36.4,15.578260869565218,2.348148148148148,,,,10.4,1.326086956521739,1.02,NO2,2.8966666666666665,6,2019,False
2019-06-02,31.3,22.920833333333334,54.791666666666664,2.720833333333333,5.2,0.0,894.0,0.0,121.1,67.11666666666666,2.6819444444444445,71.6,29.554166666666664,3.29,31.6,14.9625,2.1703703703703705,,,,2.4,1.1500000000000001,0.24,NO2,3.29,6,2019,True
2019-06-03,30.4,21.158333333333335,67.04166666666667,2.8666666666666667,9.8,2.0,633.0,0.0,117.6,53.729166666666664,2.6333333333333333,62.1,40.69583333333333,3.0525,24.9,20.075,1.8833333333333333,,,,13.5,2.220833333333333,1.175,NO2,3.0525,6,2019,False
2019-06-04,31.4,22.90833333333333,62.375,2.404166666666667,4.4,0.0,803.0,0.0,107.7,54.20416666666667,2.4958333333333336,40.2,28.066666666666666,2.34,34.1,21.283333333333335,2.262962962962963,,,,3.3,1.1625,0.33,O3,2.4958333333333336,6,2019,True
2019-06-05,31.1,24.395833333333332,55.166666666666664,2.466666666666667,4.5,0.8999999999999999,740.0,0.0,159.9,82.34166666666667,3.165625,61.8,33.5,3.045,39.9,22.254166666666666,2.477777777777778,,,,2.8,1.1208333333333333,0.27999999999999997,O3,3.165625,6,2019,True
2019-06-06,24.2,15.7875,74.375,4.633333333333334,8.2,6.6000000000000005,89.0,0.0,112.4,57.209090909090904,2.561111111111111,38.2,24.095454545454547,2.2733333333333334,22.3,11.0625,1.738888888888889,,,,0.8,0.8,0.08000000000000002,O3,2.561111111111111,6,2019,False
2019-06-07,25.8,15.116666666666667,76.625,3.4291666666666667,10.8,2.4,477.0,0.0,97.1,42.916666666666664,2.348611111111111,50.3,24.829166666666666,2.6766666666666667,28.2,15.25,2.0444444444444443,,,,0.8,0.8000000000000002,0.08000000000000002,NO2,2.6766666666666667,6,2019,False
2019-06-08,19.7,15.716666666666667,56.666666666666664,6.908333333333334,10.3,0.2,542.0,0.0,66.3,58.800000000000004,1.8812499999999999,42.0,19.433333333333334,2.4,13.9,9.325000000000001,1.2722222222222221,,,,3.3,1.1791666666666667,0.33,NO2,2.4,6,2019,False
2019-06-09,24.3,17.287499999999998,58.25,2.1999999999999997,3.9,0.0,618.0,0.0,95.5,50.20416666666667,2.326388888888889,43.6,20.6875,2.453333333333333,20.5,14.779166666666667,1.6388888888888888,,,,1.2,0.8166666666666668,0.12,NO2,2.453333333333333,6,2019,False
2019-06-10,22.3,18.6375,73.875,3.2416666666666667,4.3,0.1,239.0,0.0,87.4,62.025,2.213888888888889,52.3,23.758333333333336,2.743333333333333,26.2,14.170833333333334,1.9555555555555555,,,,5.9,1.9208333333333334,0.5900000000000001,NO2,2.743333333333333,6,2019,False
2019-06-11,21.1,17.570833333333333,77.5,2.6875,4.1,11.1,148.0,0.0,79.9,56.29583333333333,2.1097222222222225,40.2,23.8875,2.34,17.0,12.225,1.4444444444444444,,,,0.8,0.8000000000000002,0.08000000000000002,NO2,2.34,6,2019,False
2019-06-12,20.2,16.704166666666666,77.125,3.454166666666667,8.9,4.1,345.0,0.0,72.5,43.800000000000004,2.0069444444444446,45.9,27.75,2.53,43.9,20.729166666666668,2.6259259259259258,,,,0.8,0.8000000000000002,0.08000000000000002,PM10,2.6259259259259258,6,2019,False
2019-06-13,23.7,17.7625,63.083333333333336,3.4250000000000003,5.9,0.0,776.0,0.0,78.7,44.64166666666667,2.0930555555555554,51.5,31.575,2.716666666666667,26.8,14.529166666666667,1.988888888888889,,,,1.8,0.875,0.18000000000000002,NO2,2.716666666666667,6,2019,False
2019-06-14,24.7,18.754166666666666,68.0,2.0833333333333335,5.3,0.0,233.0,0.0,90.1,48.137499999999996,2.2513888888888887,73.4,42.387499999999996,3.335,31.7,19.258333333333333,2.174074074074074,,,,6.7,1.2833333333333334,0.67,NO2,3.335,6,2019,False
2019-06-15,26.2,19.8625,67.75,4.054166666666666,8.4,0.0,584.0,0.0,97.7,53.04583333333333,2.3569444444444443,78.2,30.004166666666666,3.455,34.4,19.733333333333334,2.274074074074074,,,,0.8,0.8000000000000002,0.08000000000000002,NO2,3.455,6,2019,False
2019-06-16,23.4,18.308333333333334,70.54166666666667,2.6916666666666664,4.7,1.8,390.0,0.0,84.7,54.8375,2.176388888888889,48.3,22.008333333333336,2.61,21.4,13.029166666666667,1.6888888888888887,,,,1.3,0.8541666666666666,0.13,NO2,2.61,6,2019,False
2019-06-17,27.5,20.566666666666666,61.125,2.245833333333333,3.2,0.0,868.0,0.0,106.7,56.2125,2.4819444444444443,37.2,26.045833333333334,2.24,20.4,14.1,1.6333333333333333,,,,0.8,0.8000000000000002,0.08000000000000002,O3,2.4819444444444443,6,2019,False
2019-06-18,30.1,23.666666666666668,55.208333333333336,2.029166666666667,3.0,0.0,721.0,0.0,129.4,70.72500000000001,2.7972222222222225,53.0,31.933333333333334,2.7666666666666666,29.8,21.066666666666666,2.1037037037037036,,,,2.7,0.9500000000000001,0.27,O3,2.7972222222222225,6,2019,False
2019-06-19,31.6,24.75,54.791666666666664,3.033333333333333,5.8,0.0,721.0,0.0,123.2,68.10000000000001,2.7111111111111112,58.8,38.05416666666667,2.96,35.1,22.695833333333336,2.3,,,,6.0,1.6208333333333333,0.6000000000000001,NO2,2.96,6,2019,True
2019-06-20,25.6,21.195833333333333,68.125,4.054166666666666,6.3,4.0,453.0,0.0,84.2,67.09166666666667,2.1694444444444443,41.2,16.270833333333332,2.3733333333333335,22.8,12.233333333333334,1.7666666666666666,,,,3.3,1.2125000000000001,0.33,NO2,2.3733333333333335,6,2019,False
2019-06-21,24.6,19.879166666666666,58.75,2.6374999999999997,4.0,0.0,612.0,0.0,99.9,62.583333333333336,2.3875,32.6,17.766666666666666,2.086666666666667,27.2,11.608333333333334,2.0074074074074075,,,,0.8,0.8000000000000002,0.08000000000000002,O3,2.3875,6,2019,False
2019-06-22,27.3,20.383333333333333,59.375,3.966666666666667,5.6,10.1,521.0,0.0,106.2,83.40833333333333,2.475,35.3,14.862499999999999,2.1766666666666667,25.5,16.1875,1.9166666666666665,,,,0.8,0.8000000000000002,0.08000000000000002,O3,2.475,6,2019,False
2019-06-23,29.0,23.1875,60.666666666666664,2.6374999999999997,4.5,0.0,751.0,0.0,106.9,64.74583333333334,2.4847222222222225,40.8,19.429166666666667,2.36,32.8,18.679166666666667,2.214814814814815,,,,0.8,0.8000000000000002,0.08000000000000002,O3,2.4847222222222225,6,2019,False
2019-06-24,31.1,25.495833333333334,56.25,2.8958333333333335,4.4,0.0,920.0,0.0,109.3,74.2625,2.5180555555555557,42.0,23.941666666666666,2.4,28.6,17.195833333333333,2.0592592592592593,,,,0.8,0.8000000000000002,0.08000000000000002,O3,2.5180555555555557,6,2019,True
2019-06-25,35.0,27.229166666666668,53.5,2.3916666666666666,3.3,0.0,808.0,0.0,160.5,87.92916666666667,3.171875,60.7,34.80416666666667,3.0175,38.5,22.870833333333334,2.425925925925926,,,,0.8,0.8000000000000002,0.08000000000000002,O3,3.171875,6,2019,True
2019-06-26,36.6,28.870833333333334,56.416666666666664,1.8458333333333332,4.5,0.0,875.0,0.0,181.6,91.45416666666667,3.3916666666666666,78.0,36.791666666666664,3.45,46.9,36.37083333333333,2.737037037037037,,,,0.8,0.8000000000000002,0.08000000000000002,NO2,3.45,6,2019,True
2019-06-27,31.3,26.65833333333333,43.291666666666664,5.325,7.0,0.0,851.0,0.0,154.9,105.41250000000001,3.113541666666667,23.7,13.9,1.685,39.2,17.045833333333334,2.4518518518518517,,,,0.8,0.8000000000000002,0.08000000000000002,O3,3.113541666666667,6,2019,True
2019-06-28,29.3,22.587500000000002,43.208333333333336,4.0625,5.3,0.0,939.0,0.0,93.5,71.9375,2.298611111111111,18.5,14.495833333333332,1.425,17.4,12.558333333333332,1.4666666666666666,,,,0.8,0.8000000000000002,0.08000000000000002,O3,2.298611111111111,6,2019,False
2019-06-29,33.8,25.416666666666668,37.791666666666664,2.4625,3.6,0.0,939.0,0.0,139.2,82.43333333333334,2.933333333333333,34.0,24.320833333333336,2.1333333333333333,31.9,16.154166666666665,2.1814814814814816,,,,1.2,0.8333333333333334,0.12,O3,2.933333333333333,6,2019,True
2019-06-30,38.5,28.166666666666668,44.166666666666664,3.545833333333333,7.7,0.0,891.0,0.0,163.5,99.34583333333335,3.203125,70.2,33.579166666666666,3.255,53.7,25.320833333333336,2.988888888888889,,,,5.6,1.6333333333333335,0.5599999999999999,NO2,3.255,6,2019,True
2019-07-01,28.5,24.956521739130434,49.56521739130435,3.9347826086956523,6.0,0.3,465.0,0.0,152.2,97.60000000000001,3.0854166666666667,27.6,16.034782608695654,1.8800000000000001,63.4,24.165217391304346,3.261111111111111,,,,7.9,1.7173913043478262,0.79,PM10,3.261111111111111,7,2019,False
2019-07-02,25.2,20.791666666666668,45.166666666666664,3.1875,4.5,0.0,829.0,0.0,105.4,80.39583333333333,2.463888888888889,42.0,14.616666666666667,2.4,18.5,12.9375,1.5277777777777777,,,,0.8,0.8000000000000002,0.08000000000000002,O3,2.463888888888889,7,2019,False
2019-07-03,24.9,20.370833333333334,39.5,3.5625,4.8,0.0,922.0,0.0,94.8,71.35000000000001,2.3166666666666664,44.9,15.0,2.4966666666666666,35.7,17.120833333333334,2.3222222222222224,,,,0.8,0.8,0.08000000000000002,NO2,2.4966666666666666,7,2019,False
2019-07-04,26.6,20.258333333333333,38.333333333333336,2.9291666666666667,4.6,0.0,897.0,0.0,107.7,77.8125,2.4958333333333336,32.6,17.116666666666667,2.086666666666667,23.4,15.645833333333334,1.7999999999999998,,,,0.8,0.8000000000000002,0.08000000000000002,O3,2.4958333333333336,7,2019,False
2019-07-05,29.7,22.191666666666666,42.333333333333336,2.3249999999999997,4.7,0.0,474.0,0.0,124.1,77.02916666666667,2.723611111111111,59.1,26.90833333333333,2.97,28.4,19.304166666666667,2.051851851851852,,,,2.9,1.0416666666666667,0.29,NO2,2.97,7,2019,False
2019-07-06,31.5,23.71666666666667,41.416666666666664,4.033333333333333,8.0,0.0,583.0,0.0,125.2,104.8625,2.738888888888889,42.1,24.037499999999998,2.4033333333333333,33.8,22.704166666666666,2.2518518518518515,,,,2.1,0.9375,0.21000000000000002,O3,2.738888888888889,7,2019,True
2019-07-07,22.1,18.895833333333332,57.583333333333336,4.3375,5.7,3.6,272.0,0.0,108.3,67.2,2.5041666666666664,14.5,9.308333333333334,1.225,26.7,12.825000000000001,1.9833333333333334,,,,0.8,0.8000000000000002,0.08000000000000002,O3,2.5041666666666664,7,2019,False
2019-07-08,19.8,15.945833333333333,52.458333333333336,3.233333333333333,5.5,0.0,672.0,0.0,73.7,57.074999999999996,2.0236111111111112,32.0,15.295833333333334,2.066666666666667,36.5,13.575000000000001,2.351851851851852,,,,0.8,0.8000000000000002,0.08000000000000002,PM10,2.351851851851852,7,2019,False
2019-07-09,20.4,15.325000000000001,54.333333333333336,2.9916666666666667,5.3,0.0,518.0,0.0,76.5,53.645833333333336,2.0625,44.4,16.25,2.48,26.2,12.654166666666667,1.9555555555555555,,,,0.8,0.8000000000000002,0.08000000000000002,NO2,2.48,7,2019,False
2019-07-10,26.4,17.558333333333334,47.625,2.2375000000000003,4.0,0.0,871.0,0.0,112.1,58.574999999999996,2.5569444444444445,41.4,24.870833333333334,2.38,18.6,12.799999999999999,1.5333333333333334,,,,5.8,1.0291666666666666,0.58,O3,2.5569444444444445,7,2019,False
2019-07-11,20.6,17.979166666666668,67.91666666666667,2.595833333333333,4.4,5.0,14.0,0.0,99.8,58.61666666666667,2.386111111111111,55.2,33.65416666666667,2.84,32.7,21.391666666666666,2.2111111111111112,,,,2.8,1.0375,0.27999999999999997,NO2,2.84,7,2019,False
2019-07-12,19.8,16.729166666666668,90.875,2.966666666666667,5.6,14.900000000000002,141.0,0.0,65.1,34.62083333333333,1.8562499999999997,46.6,33.63333333333333,2.5533333333333332,68.0,31.504166666666666,3.388888888888889,,,,4.0,1.4625000000000001,0.4,PM10,3.388888888888889,7,2019,False
2019-07-13,21.4,17.404166666666665,79.0,3.9583333333333335,6.8,1.0,267.0,0.0,66.8,46.44166666666666,1.8916666666666666,62.1,17.445833333333333,3.0525,25.5,17.133333333333333,1.9166666666666665,,,,0.8,0.8000000000000002,0.08000000000000002,NO2,3.0525,7,2019,False
2019-07-14,19.8,17.3875,68.54166666666667,3.3166666666666664,5.5,0.0,44.0,0.0,63.0,49.59583333333333,1.8125,36.5,10.504166666666666,2.216666666666667,21.7,7.704166666666667,1.7055555555555555,,,,0.8,0.8000000000000002,0.08000000000000002,NO2,2.216666666666667,7,2019,False
2019-07-15,21.2,17.75,61.458333333333336,3.8249999999999997,5.8,0.0,373.0,0.0,66.2,52.30416666666667,1.8791666666666667,20.3,10.329166666666667,1.5150000000000001,37.3,11.966666666666667,2.3814814814814813,,,,0.8,0.8000000000000002,0.08000000000000002,PM10,2.3814814814814813,7,2019,False
2019-07-16,23.4,17.099999999999998,62.625,2.283333333333333,3.7,0.0,772.0,0.0,68.7,40.61666666666667,1.93125,39.1,22.054166666666664,2.3033333333333332,36.8,18.375,2.3629629629629627,,,,0.8,0.8000000000000002,0.08000000000000002,PM10,2.3629629629629627,7,2019,False
2019-07-17,25.9,19.587500000000002,59.333333333333336,2.9875000000000003,4.9,0.0,811.0,0.0,96.7,45.34583333333333,2.3430555555555554,44.0,18.166666666666668,2.466666666666667,25.4,18.795833333333334,1.911111111111111,,,,0.8,0.8000000000000002,0.08000000000000002,NO2,2.466666666666667,7,2019,False
2019-07-18,27.6,20.900000000000002,57.583333333333336,2.720833333333333,5.0,0.0,478.0,0.0,104.5,47.395833333333336,2.451388888888889,36.6,23.625,2.22,27.1,12.933333333333332,2.0037037037037035,,,,4.8,1.2750000000000001,0.48,O3,2.451388888888889,7,2019,False
2019-07-19,25.5,20.679166666666667,69.20833333333333,3.1374999999999997,5.9,2.7,246.0,0.0,67.2,48.041666666666664,1.9,51.6,29.170833333333334,2.72,32.6,18.179166666666667,2.2074074074074073,,,,1.5,0.8291666666666667,0.15000000000000002,NO2,2.72,7,2019,False
2019-07-20,32.4,23.849999999999998,58.833333333333336,3.625,8.6,0.0,597.0,0.0,110.0,52.11666666666667,2.5277777777777777,46.7,28.795833333333334,2.5566666666666666,27.3,18.2375,2.011111111111111,,,,3.8,1.2,0.38,NO2,2.5566666666666666,7,2019,True
2019-07-21,29.2,23.854166666666668,54.958333333333336,3.108333333333333,6.4,0.0,491.0,0.0,77.9,59.625,2.0819444444444444,25.2,13.575000000000001,1.76,23.3,10.833333333333334,1.7944444444444443,,,,0.8,0.8000000000000002,0.08000000000000002,O3,2.0819444444444444,7,2019,False
2019-07-22,31.1,23.90833333333333,49.791666666666664,1.8375000000000001,3.0,0.0,854.0,0.0,112.9,68.69166666666666,2.5680555555555555,46.6,25.104166666666668,2.5533333333333332,26.8,16.599999999999998,1.988888888888889,,,,3.5,0.9125000000000001,0.35000000000000003,O3,2.5680555555555555,7,2019,True
2019-07-23,34.2,26.620833333333334,45.291666666666664,2.1458333333333335,3.2,0.0,895.0,0.0,134.1,74.2,2.8625,52.7,29.875,2.756666666666667,35.3,21.0,2.3074074074074074,,,,0.8,0.8000000000000002,0.08000000000000002,O3,2.8625,7,2019,True
2019-07-24,37.4,29.933333333333334,37.375,2.3333333333333335,3.8,0.0,861.0,0.0,168.7,87.22083333333335,3.2572916666666667,74.8,41.358333333333334,3.37,55.1,25.8625,3.0305555555555554,,,,3.0,1.0166666666666668,0.30000000000000004,NO2,3.37,7,2019,True
2019-07-25,39.4,31.587500000000002,35.916666666666664,2.341666666666667,3.8,0.0,820.0,0.0,148.9,90.25,3.051041666666667,63.8,34.604166666666664,3.0949999999999998,43.5,30.400000000000002,2.611111111111111,,,,0.8,0.8000000000000002,0.08000000000000002,NO2,3.0949999999999998,7,2019,True
2019-07-26,38.0,31.791666666666668,29.791666666666668,2.4791666666666665,4.4,0.0,554.0,0.0,227.3,122.96666666666665,3.8677083333333333,66.4,30.816666666666666,3.16,40.8,29.1875,2.511111111111111,,,,2.6,1.3458333333333332,0.26,O3,3.8677083333333333,7,2019,True
2019-07-27,30.0,24.474999999999998,66.33333333333333,2.716666666666667,4.7,1.0,97.0,0.0,120.3,87.64166666666667,2.6708333333333334,30.3,20.4125,2.0100000000000002,63.7,24.84166666666667,3.2694444444444444,,,,2.2,1.0041666666666667,0.22000000000000003,PM10,3.2694444444444444,7,2019,False
2019-07-28,24.4,20.816666666666666,82.45833333333333,3.2125,6.5,15.3,99.0,0.0,101.0,71.74583333333334,2.4027777777777777,31.7,16.366666666666667,2.0566666666666666,29.5,11.4625,2.0925925925925926,,,,0.8,0.8000000000000002,0.08000000000000002,O3,2.4027777777777777,7,2019,False
2019-07-29,26.6,22.025000000000002,63.5,3.3375,5.9,0.0,398.0,0.0,105.2,62.57083333333333,2.4611111111111112,25.9,15.783333333333333,1.795,21.1,14.266666666666666,1.6722222222222223,,,,0.8,0.8000000000000002,0.08000000000000002,O3,2.4611111111111112,7,2019,False
2019-07-30,31.0,23.895833333333332,59.375,3.4250000000000003,9.3,0.0,601.0,0.0,111.5,61.459090909090904,2.548611111111111,52.8,27.822727272727274,2.76,34.7,23.430434782608696,2.285185185185185,,,,8.4,1.3045454545454547,0.8400000000000001,NO2,2.76,7,2019,True
2019-07-31,25.8,21.887500000000003,52.125,4.870833333333333,8.5,0.0,508.0,0.0,72.9,52.041666666666664,2.0125,46.0,25.058333333333334,2.533333333333333,30.2,17.779166666666665,2.1185185185185187,,,,1.7,0.8958333333333334,0.17,NO2,2.533333333333333,7,2019,False
2019-08-01,26.2,20.252173913043478,53.95652173913044,2.5391304347826087,4.2,0.0,688.0,0.0,77.4,53.77619047619047,2.075,47.9,20.195238095238093,2.5966666666666667,22.8,13.956521739130435,1.7666666666666666,,,,0.8,0.8,0.08000000000000002,NO2,2.5966666666666667,8,2019,False
2019-08-02,25.7,19.741666666666667,66.83333333333333,1.8833333333333335,5.0,2.6,252.0,0.0,78.0,44.275,2.0833333333333335,50.6,32.725,2.6866666666666665,29.0,16.895833333333332,2.074074074074074,,,,6.8,1.2208333333333334,0.68,NO2,2.6866666666666665,8,2019,False
2019-08-03,25.8,20.254166666666666,68.08333333333333,3.533333333333333,4.8,0.6,408.0,0.0,94.9,69.39583333333333,2.3180555555555555,29.9,13.729166666666666,1.995,22.1,12.566666666666668,1.7277777777777779,,,,1.2,0.8166666666666668,0.12,O3,2.3180555555555555,8,2019,False
2019-08-04,28.4,21.641666666666666,57.166666666666664,2.1,3.5,0.0,681.0,0.0,113.4,70.25,2.575,35.8,19.933333333333334,2.1933333333333334,23.1,15.037500000000001,1.7833333333333332,,,,4.1,1.0,0.41,O3,2.575,8,2019,False
2019-08-05,29.9,22.462500000000002,59.916666666666664,2.845833333333333,5.3,0.6,364.0,0.0,106.9,55.637499999999996,2.4847222222222225,66.5,36.99583333333333,3.1625,30.0,18.004166666666666,2.111111111111111,,,,5.9,1.5958333333333332,0.5900000000000001,NO2,3.1625,8,2019,False
2019-08-06,24.6,20.479166666666668,73.625,2.1333333333333333,4.2,3.7,59.0,0.0,69.8,44.550000000000004,1.9541666666666666,59.5,30.941666666666666,2.9833333333333334,26.7,16.325,1.9833333333333334,,,,4.8,1.2750000000000001,0.48,NO2,2.9833333333333334,8,2019,False
2019-08-07,22.5,19.345833333333335,82.625,3.0041666666666664,4.8,11.299999999999999,128.0,0.0,50.1,32.579166666666666,1.54375,44.0,24.854166666666668,2.466666666666667,20.0,12.445833333333333,1.6111111111111112,,,,3.1,1.325,0.31000000000000005,NO2,2.466666666666667,8,2019,False
2019-08-08,27.1,20.6875,68.41666666666667,3.6458333333333335,5.5,0.1,607.0,0.0,76.5,44.74583333333334,2.0625,64.2,29.395652173913046,3.105,28.0,16.008333333333333,2.037037037037037,,,,6.7,2.370833333333333,0.67,NO2,3.105,8,2019,False
2019-08-09,28.8,21.675,72.20833333333333,1.8208333333333335,3.1,3.4,190.0,0.0,93.0,38.55416666666667,2.2916666666666665,71.6,42.266666666666666,3.29,28.0,19.266666666666666,2.037037037037037,,,,1.9,0.8458333333333333,0.19,NO2,3.29,8,2019,False
2019-08-10,26.4,22.245833333333334,67.125,5.641666666666667,9.0,0.5,306.0,0.0,67.7,48.64166666666667,1.9104166666666667,30.9,20.758333333333333,2.03,24.3,15.420833333333334,1.85,,,,2.3,1.0458333333333334,0.22999999999999998,NO2,2.03,8,2019,False
2019-08-11,26.2,19.175,65.20833333333333,3.3000000000000003,6.4,1.3,464.0,0.0,83.2,43.95416666666667,2.1555555555555554,52.3,30.6125,2.743333333333333,20.3,14.5375,1.6277777777777778,,,,6.1,1.4583333333333333,0.61,NO2,2.743333333333333,8,2019,False
2019-08-12,22.6,16.900000000000002,77.66666666666667,3.5541666666666667,5.6,4.8,541.0,0.0,72.3,36.65416666666667,2.0041666666666664,38.3,26.962500000000002,2.2766666666666664,29.4,17.954166666666666,2.088888888888889,,,,3.7,1.4124999999999999,0.37000000000000005,NO2,2.2766666666666664,8,2019,False
2019-08-13,21.8,16.545833333333334,68.20833333333333,3.970833333333333,5.3,0.0,444.0,0.0,75.1,42.362500000000004,2.0430555555555556,36.4,25.087500000000002,2.2133333333333334,39.9,17.67083333333333,2.477777777777778,,,,0.8,0.8000000000000002,0.08000000000000002,PM10,2.477777777777778,8,2019,False
2019-08-14,21.9,17.216666666666665,63.0,2.3041666666666667,4.6,0.0,496.0,0.0,70.6,48.55833333333334,1.9708333333333332,53.6,25.175,2.7866666666666666,20.9,11.2125,1.661111111111111,,,,1.7,0.8875000000000001,0.17,NO2,2.7866666666666666,8,2019,False
2019-08-15,22.2,16.970833333333335,81.29166666666667,3.783333333333333,8.7,3.6,86.0,0.0,52.2,27.775000000000002,1.5875,60.5,34.0625,3.0125,29.9,15.641666666666666,2.107407407407407,,,,8.8,1.6041666666666667,0.8800000000000001,NO2,3.0125,8,2019,False
2019-08-16,23.9,18.441666666666666,69.41666666666667,3.4166666666666665,5.1,0.0,574.0,0.0,67.2,39.13333333333333,1.9,59.3,26.629166666666666,2.9766666666666666,23.1,12.6625,1.7833333333333332,,,,3.3,1.1916666666666667,0.33,NO2,2.9766666666666666,8,2019,False
2019-08-17,21.9,17.808333333333334,82.625,3.0749999999999997,6.4,3.0,7.0,0.0,51.8,22.645833333333332,1.5791666666666666,76.4,39.65833333333333,3.41,23.0,15.766666666666666,1.7777777777777777,,,,9.5,2.3291666666666666,0.9500000000000001,NO2,3.41,8,2019,False
2019-08-18,28.7,21.083333333333332,80.91666666666667,5.104166666666667,10.9,15.799999999999999,285.0,0.0,55.1,34.8375,1.6479166666666667,40.2,21.77916666666667,2.34,14.1,9.262500000000001,1.2833333333333332,,,,6.3,1.8333333333333333,0.63,NO2,2.34,8,2019,False
2019-08-19,24.7,19.6125,69.20833333333333,3.125,5.2,0.0,509.0,0.0,77.5,39.65,2.076388888888889,45.9,25.9875,2.53,40.9,15.154166666666667,2.5148148148148146,,,,1.4,0.8416666666666667,0.13999999999999999,NO2,2.53,8,2019,False
2019-08-20,20.8,16.5125,69.875,1.5166666666666666,3.7,0.0,0.0,0.0,63.3,33.17916666666667,1.8187499999999999,52.9,32.262499999999996,2.763333333333333,24.2,14.245833333333332,1.8444444444444443,,,,5.8,1.2916666666666667,0.58,NO2,2.763333333333333,8,2019,False
2019-08-21,23.8,17.6,65.75,1.6375,3.8,0.0,591.0,0.0,93.9,37.675000000000004,2.3041666666666667,53.2,35.675000000000004,2.7733333333333334,30.6,19.358333333333334,2.1333333333333333,,,,5.2,1.3625,0.52,NO2,2.7733333333333334,8,2019,False
2019-08-22,26.0,19.2625,55.875,2.1083333333333334,3.1,0.0,798.0,0.0,114.7,60.15,2.5930555555555554,56.2,34.12083333333333,2.8733333333333335,27.9,17.412499999999998,2.033333333333333,,,,0.8,0.8000000000000002,0.08000000000000002,NO2,2.8733333333333335,8,2019,False
2019-08-23,28.6,20.7375,53.125,2.125,3.5,0.0,797.0,0.0,121.9,65.425,2.6930555555555555,60.4,34.708333333333336,3.01,29.5,21.1375,2.0925925925925926,,,,0.8,0.8000000000000002,0.08000000000000002,NO2,3.01,8,2019,False
2019-08-24,29.3,22.691666666666666,50.333333333333336,2.1875,3.6,0.0,790.0,0.0,121.6,67.80416666666666,2.6888888888888887,68.8,33.958333333333336,3.2199999999999998,39.1,22.604166666666668,2.448148148148148,,,,0.8,0.8000000000000002,0.08000000000000002,NO2,3.2199999999999998,8,2019,False
2019-08-25,31.2,25.037499999999998,55.791666666666664,1.8541666666666667,2.7,0.0,667.0,0.0,144.1,81.68333333333332,3.0010416666666666,69.0,27.229166666666668,3.225,33.7,27.6875,2.2481481481481485,,,,2.0,0.8500000000000001,0.2,NO2,3.225,8,2019,True
2019-08-26,32.8,24.816666666666666,59.791666666666664,1.5833333333333333,2.7,0.0,603.0,0.0,131.3,61.06666666666666,2.823611111111111,105.8,46.0625,4.116,43.4,31.366666666666664,2.607407407407407,,,,0.8,0.8000000000000002,0.08000000000000002,NO2,4.116,8,2019,True
2019-08-27,33.0,25.84166666666667,56.958333333333336,1.6791666666666665,2.4,0.0,688.0,0.0,152.7,68.89545454545454,3.0906249999999997,93.4,47.61818181818182,3.835,37.1,29.5625,2.3740740740740742,,,,3.7,1.1409090909090909,0.37000000000000005,NO2,3.835,8,2019,True
2019-08-28,33.2,24.1125,64.25,2.5916666666666663,5.1,1.2,457.0,0.0,115.8,60.15416666666667,2.6083333333333334,76.6,45.0875,3.415,38.1,26.204166666666666,2.411111111111111,,,,4.7,1.1791666666666667,0.47000000000000003,NO2,3.415,8,2019,True
2019-08-29,30.6,23.837500000000002,65.95833333333333,1.7647058823529411,4.7,0.0,484.0,0.0,107.6,57.18333333333334,2.4944444444444445,66.3,37.69583333333333,3.1574999999999998,38.3,25.804166666666664,2.4185185185185185,,,,4.2,1.175,0.42000000000000004,NO2,3.1574999999999998,8,2019,False
2019-08-30,29.9,23.333333333333332,57.916666666666664,2.37,3.5,0.0,391.0,0.0,110.2,67.55833333333334,2.5305555555555554,72.0,34.77916666666667,3.3,34.5,23.704166666666666,2.2777777777777777,,,,6.3,1.1333333333333333,0.63,NO2,3.3,8,2019,False
2019-08-31,32.8,24.912499999999998,51.083333333333336,2.629166666666667,3.9,0.0,0.0,0.0,136.5,71.07083333333334,2.895833333333333,99.3,40.62916666666667,3.9825,34.8,22.34583333333333,2.2888888888888888,,,,1.9,0.8666666666666667,0.19,NO2,3.9825,8,2019,True
2019-09-01,26.4,20.569565217391304,62.91304347826087,4.0260869565217385,6.4,0.1,0.0,0.0,81.9,61.21304347826087,2.1375,90.9,17.86521739130435,3.7725,28.9,14.891304347826088,2.0703703703703704,,,,2.5,1.0391304347826087,0.25,NO2,3.7725,9,2019,False
2019-09-02,22.0,16.729166666666668,55.0,2.6083333333333334,4.5,0.0,0.0,0.0,81.8,52.31666666666666,2.136111111111111,48.8,23.770833333333332,2.6266666666666665,19.5,10.216666666666667,1.5833333333333333,,,,2.6,0.9750000000000001,0.26,NO2,2.6266666666666665,9,2019,False
2019-09-03,25.4,16.575,55.166666666666664,2.4541666666666666,4.7,0.0,0.0,0.0,84.2,43.13333333333333,2.1694444444444443,61.6,37.1625,3.04,39.5,18.495833333333334,2.462962962962963,,,,7.8,1.4708333333333332,0.78,NO2,3.04,9,2019,False
2019-09-04,26.6,18.579166666666666,59.875,3.1458333333333335,6.6,0.0,0.0,0.0,85.4,44.5625,2.1861111111111113,52.9,33.262499999999996,2.763333333333333,32.6,18.870833333333334,2.2074074074074073,,,,5.3,1.4416666666666667,0.53,NO2,2.763333333333333,9,2019,False
2019-09-05,20.0,16.579166666666666,65.66666666666667,4.125,7.1,0.6,0.0,0.0,68.4,47.5875,1.925,49.3,17.825,2.643333333333333,34.7,15.104166666666666,2.285185185185185,,,,0.8,0.8000000000000002,0.08000000000000002,NO2,2.643333333333333,9,2019,False
2019-09-06,20.6,14.566666666666668,58.375,2.370833333333333,4.0,0.0,571.0,0.0,67.9,41.229166666666664,1.9145833333333333,79.2,32.67916666666667,3.48,81.5,16.595833333333335,3.763888888888889,,,,2.6,0.9,0.26,PM10,3.763888888888889,9,2019,False
2019-09-07,15.0,12.004166666666668,83.29166666666667,1.6583333333333332,3.9,4.7,0.0,0.0,40.1,17.787499999999998,1.3354166666666667,67.5,47.69583333333333,3.1875,27.4,18.325,2.0148148148148146,,,,2.0,0.8500000000000001,0.2,NO2,3.1875,9,2019,False
2019-09-08,15.5,13.045833333333334,88.91666666666667,2.283333333333333,3.7,13.4,2.0,0.0,57.9,25.245833333333334,1.7062499999999998,37.0,21.820833333333336,2.2333333333333334,34.0,17.087500000000002,2.259259259259259,,,,0.8,0.8000000000000002,0.08000000000000002,PM10,2.259259259259259,9,2019,False
2019-09-09,17.1,13.075000000000001,82.45833333333333,2.4458333333333333,4.4,3.0,113.0,0.0,51.0,27.712500000000002,1.5625,65.9,29.479166666666668,3.1475,40.0,17.158333333333335,2.4814814814814814,,,,0.8,0.8000000000000002,0.08000000000000002,NO2,3.1475,9,2019,False
2019-09-10,20.6,12.408333333333333,75.41666666666667,1.6624999999999999,2.7,0.0,488.0,0.0,82.6,26.56086956521739,2.147222222222222,66.6,36.770833333333336,3.165,42.4,18.020833333333332,2.5703703703703704,,,,2.9,0.9958333333333335,0.29,NO2,3.165,9,2019,False
2019-09-11,22.1,14.433333333333332,67.125,2.529166666666667,6.2,0.0,486.0,0.0,75.4,31.308333333333334,2.0472222222222225,66.4,46.10833333333333,3.16,53.6,20.333333333333332,2.985185185185185,,,,18.9,2.1666666666666665,1.4449999999999998,NO2,3.16,9,2019,False
2019-09-12,23.6,18.716666666666665,70.5,3.2291666666666665,5.8,0.1,307.0,0.0,65.5,28.712500000000002,1.8645833333333333,64.2,34.9375,3.105,33.7,15.745833333333332,2.2481481481481485,,,,2.2,0.9333333333333335,0.22000000000000003,NO2,3.105,9,2019,False
2019-09-13,22.7,17.349999999999998,79.58333333333333,2.3625000000000003,4.2,0.0,154.0,0.0,46.5,15.683333333333332,1.46875,59.2,34.791666666666664,2.9733333333333336,34.4,15.825000000000001,2.274074074074074,,,,1.2,0.8166666666666668,0.12,NO2,2.9733333333333336,9,2019,False
2019-09-14,23.3,17.766666666666666,63.083333333333336,3.5541666666666667,5.4,0.0,700.0,0.0,80.3,46.73333333333333,2.1152777777777776,34.3,19.67083333333333,2.143333333333333,19.1,11.158333333333333,1.5611111111111111,,,,1.9,0.8458333333333333,0.19,NO2,2.143333333333333,9,2019,False
2019-09-15,27.0,17.504166666666666,63.333333333333336,2.158333333333333,3.5,0.0,716.0,0.0,98.6,40.9625,2.3694444444444445,83.7,40.40416666666667,3.5925000000000002,21.8,16.1875,1.7111111111111112,,,,11.8,2.1708333333333334,1.09,NO2,3.5925000000000002,9,2019,False
2019-09-16,22.7,16.162499999999998,68.875,1.8291666666666666,4.0,0.1,34.0,0.0,89.5,32.641666666666666,2.2430555555555554,77.0,52.28333333333333,3.425,35.0,19.212500000000002,2.2962962962962963,,,,9.9,2.254166666666667,0.9900000000000001,NO2,3.425,9,2019,False
2019-09-17,18.8,16.587500000000002,59.541666666666664,4.058333333333334,6.7,0.0,518.0,0.0,72.5,47.770833333333336,2.0069444444444446,45.3,21.1125,2.51,23.5,13.895833333333334,1.8055555555555554,,,,0.8,0.8000000000000002,0.08000000000000002,NO2,2.51,9,2019,False
2019-09-18,18.6,12.808333333333332,58.166666666666664,2.983333333333333,4.2,0.0,649.0,0.0,69.5,43.449999999999996,1.9479166666666665,55.8,25.6125,2.86,34.2,20.291666666666668,2.2666666666666666,,,,0.8,0.8000000000000002,0.08000000000000002,NO2,2.86,9,2019,False
2019-09-19,17.1,12.583333333333334,54.5,4.2124999999999995,6.4,0.0,682.0,0.0,72.5,41.291666666666664,2.0069444444444446,53.0,29.3875,2.7666666666666666,21.2,15.916666666666666,1.6777777777777776,,,,0.8,0.8000000000000002,0.08000000000000002,NO2,2.7666666666666666,9,2019,False
2019-09-20,19.0,12.1625,54.291666666666664,2.6791666666666667,4.1,0.0,663.0,0.0,65.0,26.025000000000002,1.8541666666666665,80.9,44.6625,3.5225,50.4,21.425,2.8666666666666667,,,,1.2,0.8166666666666668,0.12,NO2,3.5225,9,2019,False
2019-09-21,24.3,15.125,49.458333333333336,3.5708333333333333,6.1,0.0,700.0,0.0,64.8,24.383333333333336,1.8499999999999999,87.4,48.824999999999996,3.685,61.5,20.291666666666668,3.2083333333333335,,,,2.3,0.9750000000000001,0.22999999999999998,NO2,3.685,9,2019,False
2019-09-22,24.9,17.054166666666667,54.041666666666664,2.154166666666667,4.1,0.0,521.0,0.0,62.5,30.679166666666664,1.8020833333333333,74.8,47.35833333333333,3.37,29.5,18.6875,2.0925925925925926,,,,12.1,2.3541666666666665,1.105,NO2,3.37,9,2019,False
2019-09-23,20.3,16.4875,78.0,3.079166666666667,5.4,7.6,145.0,0.0,59.6,26.5625,1.7416666666666667,74.0,39.875,3.35,28.7,14.950000000000001,2.062962962962963,,,,0.8,0.8000000000000002,0.08000000000000002,NO2,3.35,9,2019,False
2019-09-24,18.7,13.833333333333334,87.75,1.6333333333333335,2.6,1.3000000000000003,86.0,0.0,27.9,12.166666666666666,1.08125,56.1,37.44583333333333,2.87,66.0,19.891666666666666,3.3333333333333335,,,,0.8,0.8000000000000002,0.08000000000000002,PM10,3.3333333333333335,9,2019,False
2019-09-25,19.2,15.466666666666667,84.29166666666667,4.279166666666667,7.1,2.2,181.0,0.0,42.9,26.71666666666667,1.3937499999999998,47.3,28.650000000000002,2.5766666666666667,19.2,11.158333333333333,1.5666666666666664,,,,6.3,1.1791666666666667,0.63,NO2,2.5766666666666667,9,2019,False
2019-09-26,17.6,15.520833333333334,93.125,3.579166666666667,4.6,1.9,0.0,0.0,20.5,12.478260869565217,0.8541666666666666,41.8,31.14090909090909,2.393333333333333,23.6,13.804166666666667,1.8111111111111111,,,,10.9,2.4545454545454546,1.045,NO2,2.393333333333333,9,2019,False
2019-09-27,16.4,15.120833333333332,91.5,3.9458333333333333,5.4,9.7,93.0,0.0,40.3,27.758333333333336,1.3395833333333331,44.6,29.770833333333332,2.486666666666667,26.9,14.458333333333334,1.9944444444444445,,,,12.7,2.6166666666666667,1.135,NO2,2.486666666666667,9,2019,False
2019-09-28,18.3,14.516666666666666,80.25,4.770833333333333,8.6,0.0,144.0,0.0,45.7,24.604166666666668,1.4520833333333334,54.3,27.825,2.81,20.5,11.549999999999999,1.6388888888888888,,,,2.6,0.9916666666666667,0.26,NO2,2.81,9,2019,False
2019-09-29,20.0,15.5,77.75,5.341666666666666,9.1,1.5,144.0,0.0,49.7,31.704166666666666,1.5354166666666667,46.5,29.45,2.55,16.4,9.9,1.411111111111111,,,,9.7,2.6416666666666666,0.97,NO2,2.55,9,2019,False
2019-09-30,18.5,15.908333333333333,68.70833333333333,6.820833333333333,9.7,5.300000000000001,75.0,0.0,56.0,41.012499999999996,1.6666666666666665,48.2,22.90416666666667,2.606666666666667,33.0,15.1625,2.2222222222222223,,,,0.8,0.8000000000000002,0.08000000000000002,NO2,2.606666666666667,9,2019,False
2019-10-01,19.3,14.834782608695651,86.47826086956522,4.3130434782608695,7.6,5.3,15.0,0.0,32.2,18.23913043478261,1.1708333333333334,53.2,34.20434782608696,2.7733333333333334,25.6,17.726086956521737,1.9222222222222223,,,,7.7,2.0869565217391304,0.77,NO2,2.7733333333333334,10,2019,False
2019-10-02,15.5,13.237499999999999,74.20833333333333,4.820833333333334,6.9,0.2,130.0,0.0,54.7,35.50833333333333,1.6395833333333334,48.8,24.445833333333336,2.6266666666666665,17.2,9.658333333333333,1.4555555555555555,,,,4.3,1.2125000000000001,0.43,NO2,2.6266666666666665,10,2019,False
2019-10-03,14.3,10.233333333333333,78.70833333333333,3.8166666666666664,5.6,0.39999999999999997,68.0,0.0,38.9,28.554166666666664,1.3104166666666666,41.5,26.099999999999998,2.3833333333333333,16.0,11.2125,1.3888888888888888,,,,1.2,0.8166666666666668,0.12,NO2,2.3833333333333333,10,2019,False
2019-10-04,12.3,9.483333333333333,94.33333333333333,2.7624999999999997,5.1,5.6,1.0,0.0,22.8,8.079166666666667,0.95,53.4,39.28333333333333,2.78,27.8,14.733333333333334,2.0296296296296297,,,,2.5,0.9791666666666666,0.25,NO2,2.78,10,2019,False
2019-10-05,13.1,11.304166666666667,76.375,4.0249999999999995,5.4,0.1,55.0,0.0,50.0,34.62916666666667,1.5416666666666665,38.5,20.0625,2.283333333333333,15.8,6.766666666666667,1.3777777777777778,,,,0.8,0.8000000000000002,0.08000000000000002,NO2,2.283333333333333,10,2019,False
2019-10-06,9.0,8.2875,89.95833333333333,4.283333333333333,5.3,16.4,0.0,0.0,23.2,16.458333333333332,0.9666666666666666,34.1,25.53333333333333,2.1366666666666667,21.3,13.4375,1.6833333333333333,,,,0.8,0.8000000000000002,0.08000000000000002,NO2,2.1366666666666667,10,2019,False
2019-10-07,12.1,10.0,87.25,2.6416666666666666,5.3,0.3,0.0,0.0,38.3,19.0,1.2979166666666666,49.7,32.266666666666666,2.6566666666666667,25.6,13.479166666666666,1.9222222222222223,,,,0.8,0.8000000000000002,0.08000000000000002,NO2,2.6566666666666667,10,2019,False
2019-10-08,13.2,11.950000000000001,96.08333333333333,3.9916666666666667,5.9,22.0,0.0,0.0,24.6,13.295833333333334,1.0125,42.0,32.083333333333336,2.4,25.2,11.041666666666666,1.9,,,,7.0,2.4166666666666665,0.7000000000000001,NO2,2.4,10,2019,False
2019-10-09,13.9,11.424999999999999,89.45833333333333,4.545833333333333,6.4,2.9,122.0,0.0,40.2,24.775000000000002,1.3375,48.6,33.69583333333333,2.62,28.5,12.833333333333334,2.0555555555555554,,,,4.6,1.0583333333333333,0.45999999999999996,NO2,2.62,10,2019,False
2019-10-10,15.6,11.804166666666667,79.625,5.020833333333333,7.5,2.2,238.0,0.0,45.9,33.47083333333333,1.4562499999999998,43.3,30.52916666666667,2.4433333333333334,59.3,15.424999999999999,3.147222222222222,,,,2.1,0.9250000000000002,0.21000000000000002,PM10,3.147222222222222,10,2019,False
2019-10-11,17.5,12.016666666666666,86.83333333333333,3.0500000000000003,5.3,0.0,32.0,0.0,29.2,13.225,1.1083333333333334,56.7,36.35,2.89,27.6,19.041666666666668,2.022222222222222,,,,5.9,2.1708333333333334,0.5900000000000001,NO2,2.89,10,2019,False
2019-10-12,22.1,14.6625,81.66666666666667,3.3541666666666665,6.5,0.3,398.0,0.0,55.1,17.275000000000002,1.6479166666666667,67.2,44.84583333333333,3.18,42.2,26.587500000000002,2.562962962962963,,,,5.2,1.2916666666666667,0.52,NO2,3.18,10,2019,False
2019-10-13,24.3,18.0625,78.29166666666667,2.8249999999999997,5.0,0.0,497.0,0.0,56.4,20.329166666666666,1.6749999999999998,74.5,40.666666666666664,3.3625,40.0,24.508333333333336,2.4814814814814814,,,,6.6,1.6333333333333335,0.66,NO2,3.3625,10,2019,False
2019-10-14,23.9,17.337500000000002,77.58333333333333,2.0708333333333333,3.7,0.0,597.0,0.0,50.9,12.920833333333334,1.5604166666666666,99.4,51.6625,3.9850000000000003,186.0,40.025,5.0,,,,3.5,1.3333333333333333,0.35000000000000003,PM10,5.0,10,2019,False
2019-10-15,19.8,15.054166666666667,85.70833333333333,2.5791666666666666,5.2,1.1,153.0,0.0,35.2,11.075000000000001,1.2333333333333334,73.0,46.85833333333333,3.325,65.4,31.837500000000002,3.316666666666667,,,,8.8,1.4666666666666668,0.8800000000000001,NO2,3.325,10,2019,False
2019-10-16,14.8,12.741666666666667,86.16666666666667,3.9125,5.8,1.4,80.0,0.0,46.6,24.349999999999998,1.4708333333333332,59.1,32.483333333333334,2.97,24.4,13.895833333333334,1.8555555555555554,,,,4.6,1.4458333333333335,0.45999999999999996,NO2,2.97,10,2019,False
2019-10-17,16.9,14.225,81.5,3.5583333333333336,5.2,10.299999999999999,39.0,0.0,30.1,17.254166666666666,1.1270833333333334,56.4,40.983333333333334,2.88,26.3,16.6375,1.9611111111111112,,,,11.1,4.05,1.055,NO2,2.88,10,2019,False
2019-10-18,16.3,13.954166666666666,85.33333333333333,4.479166666666667,8.4,1.4,165.0,0.0,49.1,24.729166666666668,1.5229166666666667,70.7,35.35,3.2675,38.0,18.554166666666667,2.4074074074074074,,,,7.3,2.4208333333333334,0.73,NO2,3.2675,10,2019,False
2019-10-19,15.5,12.3375,88.33333333333333,2.4875000000000003,4.7,0.0,7.0,0.0,32.4,11.0875,1.175,66.3,41.6875,3.1574999999999998,186.8,25.958333333333332,5.0,,,,2.4,1.05,0.24,PM10,5.0,10,2019,False
2019-10-20,17.4,14.758333333333333,91.0,2.25,4.1,4.2,40.0,0.0,37.6,15.283333333333333,1.2833333333333332,45.0,30.65416666666667,2.5,24.3,18.05,1.85,,,,0.8,0.8000000000000002,0.08000000000000002,NO2,2.5,10,2019,False
2019-10-21,17.3,14.858333333333334,86.83333333333333,2.6083333333333334,5.2,0.2,58.0,0.0,42.0,11.362499999999999,1.375,49.1,37.25,2.6366666666666667,68.9,24.229166666666668,3.413888888888889,,,,8.2,1.4833333333333334,0.82,PM10,3.413888888888889,10,2019,False
2019-10-22,17.8,13.108333333333334,79.16666666666667,1.6458333333333333,2.9,0.0,349.0,0.0,30.6,13.220833333333333,1.1375,53.3,39.270833333333336,2.7766666666666664,83.0,22.962500000000002,3.8055555555555554,,,,0.8,0.8000000000000002,0.08000000000000002,PM10,3.8055555555555554,10,2019,False
2019-10-23,15.4,12.620833333333332,84.875,3.6666666666666665,5.0,0.0,0.0,0.0,11.6,6.3,0.4833333333333333,48.3,37.270833333333336,2.61,67.0,35.329166666666666,3.361111111111111,,,,0.8,0.8000000000000002,0.08000000000000002,PM10,3.361111111111111,10,2019,False
2019-10-24,17.6,13.691666666666668,89.66666666666667,2.316666666666667,3.5,0.0,159.0,0.0,11.3,4.478260869565218,0.4708333333333333,53.6,34.55217391304348,2.7866666666666666,56.5,36.5,3.0694444444444446,,,,3.2,1.3782608695652174,0.32000000000000006,PM10,3.0694444444444446,10,2019,False
2019-10-25,17.2,13.195833333333333,82.875,3.3791666666666664,6.6,0.0,423.0,0.0,38.9,12.304166666666667,1.3104166666666666,68.7,46.55416666666667,3.2175000000000002,281.3,35.458333333333336,5.0,,,,2.2,0.9125000000000001,0.22000000000000003,PM10,5.0,10,2019,False
2019-10-26,18.1,11.133333333333333,90.58333333333333,2.1708333333333334,3.7,0.0,319.0,0.0,26.2,5.2875000000000005,1.0458333333333334,66.8,44.6625,3.17,71.0,32.99583333333333,3.4722222222222223,,,,3.7,1.25,0.37000000000000005,PM10,3.4722222222222223,10,2019,False
2019-10-27,13.5,9.443999999999999,92.24,2.2,4.6,4.5,24.0,0.0,39.7,14.856,1.3270833333333334,50.0,35.576,2.6666666666666665,32.5,17.604,2.2037037037037037,,,,0.8,0.8,0.08000000000000002,NO2,2.6666666666666665,10,2019,False
2019-10-28,6.9,4.3875,96.875,2.0124999999999997,3.1,0.0,23.0,0.0,9.3,2.620833333333333,0.3875,52.8,38.479166666666664,2.76,30.7,21.8,2.137037037037037,,,,0.8,0.8000000000000002,0.08000000000000002,NO2,2.76,10,2019,False
2019-10-29,9.9,6.983333333333333,83.58333333333333,3.75,5.6,0.0,53.0,0.0,43.8,13.620833333333332,1.4124999999999999,57.2,35.4625,2.9066666666666667,26.6,16.658333333333335,1.9777777777777779,,,,0.8,0.8000000000000002,0.08000000000000002,NO2,2.9066666666666667,10,2019,False
2019-10-30,8.8,5.5125,74.33333333333333,4.316666666666667,5.5,0.0,252.0,0.0,27.4,12.24705882352941,1.0708333333333333,54.8,41.45882352941176,2.8266666666666667,19.6,13.664705882352942,1.588888888888889,,,,0.8,0.8,0.08000000000000002,NO2,2.8266666666666667,10,2019,False
2019-10-31,9.8,4.566666666666666,71.20833333333333,3.9125,5.1,0.0,536.0,0.0,35.6,15.986363636363636,1.2416666666666667,77.3,41.18636363636364,3.4325,30.2,17.64,2.1185185185185187,,,,0.8,0.8,0.08000000000000002,NO2,3.4325,10,2019,False
2019-11-01,11.2,6.234782608695652,91.95652173913044,2.904347826086956,4.8,7.0,0.0,0.0,14.2,3.526086956521739,0.5916666666666666,54.3,37.68260869565218,2.81,56.3,31.8,3.0638888888888887,,,,0.8,0.8,0.08000000000000002,PM10,3.0638888888888887,11,2019,False
2019-11-02,17.0,13.375,87.70833333333333,5.1125,7.4,2.2,52.0,0.0,40.8,26.412499999999998,1.3499999999999999,37.9,27.883333333333336,2.263333333333333,17.5,9.233333333333333,1.4722222222222223,,,,3.1,1.1625,0.31000000000000005,NO2,2.263333333333333,11,2019,False
2019-11-03,14.7,12.104166666666666,88.33333333333333,3.495833333333333,4.7,2.7,25.0,0.0,46.9,36.670833333333334,1.4770833333333333,45.5,27.166666666666668,2.5166666666666666,10.1,5.095833333333333,1.0611111111111111,,,,0.8,0.8000000000000002,0.08000000000000002,NO2,2.5166666666666666,11,2019,False
2019-11-04,12.4,10.545833333333333,89.33333333333333,4.3999999999999995,6.5,7.8,84.0,0.0,42.9,28.65416666666667,1.3937499999999998,49.6,32.145833333333336,2.6533333333333333,13.0,7.545833333333333,1.2222222222222223,,,,4.0,1.3666666666666665,0.4,NO2,2.6533333333333333,11,2019,False
2019-11-05,11.9,8.924999999999999,85.70833333333333,3.220833333333333,5.4,0.30000000000000004,292.0,0.0,49.4,26.58695652173913,1.5291666666666666,68.2,37.278260869565216,3.205,32.4,14.454166666666666,2.1999999999999997,,,,4.2,1.1217391304347826,0.42000000000000004,NO2,3.205,11,2019,False
2019-11-06,11.3,8.720833333333333,90.91666666666667,2.8166666666666664,4.6,1.1,12.0,0.0,24.0,9.541666666666666,1.0,50.4,40.03333333333333,2.6799999999999997,26.6,17.6125,1.9777777777777779,,,,7.4,1.3958333333333333,0.7400000000000001,NO2,2.6799999999999997,11,2019,False
2019-11-07,11.1,8.4375,87.45833333333333,3.875,6.4,1.1,87.0,0.0,26.1,15.920833333333334,1.04375,51.7,33.862500000000004,2.7233333333333336,19.6,12.575000000000001,1.588888888888889,,,,6.2,1.4000000000000001,0.6200000000000001,NO2,2.7233333333333336,11,2019,False
2019-11-08,8.0,5.695833333333333,91.83333333333333,2.1999999999999997,4.9,4.9,0.0,0.0,36.9,7.925,1.2687499999999998,60.9,43.34166666666667,3.0225,27.6,15.833333333333334,2.022222222222222,,,,0.8,0.8000000000000002,0.08000000000000002,NO2,3.0225,11,2019,False
2019-11-09,9.8,5.658333333333334,88.83333333333333,2.6750000000000003,6.3,1.0,302.0,0.0,31.2,13.8375,1.15,66.5,41.61666666666667,3.1625,25.4,14.5625,1.911111111111111,,,,0.8,0.8000000000000002,0.08000000000000002,NO2,3.1625,11,2019,False
2019-11-10,3.8,2.3249999999999997,95.33333333333333,2.470833333333333,4.3,0.0,0.0,0.0,14.9,7.6000000000000005,0.6208333333333333,54.9,33.395833333333336,2.83,29.9,17.966666666666665,2.107407407407407,,,,0.8,0.8000000000000002,0.08000000000000002,NO2,2.83,11,2019,False
2019-11-11,3.3,2.8041666666666667,91.29166666666667,2.433333333333333,3.9,2.4,0.0,0.0,11.4,5.6625000000000005,0.475,45.4,34.75,2.513333333333333,35.2,19.875,2.303703703703704,,,,0.8,0.8000000000000002,0.08000000000000002,NO2,2.513333333333333,11,2019,False
2019-11-12,8.0,5.033333333333333,88.16666666666667,3.858333333333333,6.0,0.39999999999999997,34.0,0.0,31.9,13.904166666666667,1.1645833333333333,65.5,41.487500000000004,3.1375,40.5,15.2125,2.5,,,,2.5,1.1916666666666667,0.25,NO2,3.1375,11,2019,False
2019-11-13,5.5,3.375,89.5,2.841666666666667,4.3,0.0,3.0,0.0,27.5,10.987499999999999,1.0729166666666667,57.7,42.99583333333334,2.9233333333333333,19.3,14.225,1.5722222222222222,,,,1.6,0.8916666666666667,0.16000000000000003,NO2,2.9233333333333333,11,2019,False
2019-11-14,8.4,5.391666666666667,75.91666666666667,4.020833333333333,5.8,0.0,343.0,0.0,29.8,14.5,1.1208333333333333,67.6,37.916666666666664,3.19,34.0,16.604166666666668,2.259259259259259,,,,0.8,0.8000000000000002,0.08000000000000002,NO2,3.19,11,2019,False
2019-11-15,6.4,4.533333333333333,79.25,3.841666666666667,7.1,0.0,45.0,0.0,27.1,12.404166666666667,1.0645833333333334,52.3,37.56666666666667,2.743333333333333,39.0,20.670833333333334,2.4444444444444446,,,,1.5,0.8708333333333335,0.15000000000000002,NO2,2.743333333333333,11,2019,False
2019-11-16,7.2,2.9291666666666667,90.75,1.5666666666666667,2.7,0.0,222.0,0.0,12.5,2.766666666666667,0.5208333333333333,63.4,42.5875,3.085,50.7,31.22083333333333,2.8777777777777778,,,,4.4,1.3375000000000001,0.44000000000000006,NO2,3.085,11,2019,False
2019-11-17,6.5,4.683333333333334,90.58333333333333,3.475,6.4,1.9,0.0,0.0,35.6,13.637500000000001,1.2416666666666667,40.7,27.054166666666664,2.356666666666667,42.2,21.229166666666668,2.562962962962963,,,,0.8,0.8000000000000002,0.08000000000000002,PM10,2.562962962962963,11,2019,False
2019-11-18,5.7,4.441666666666666,93.95833333333333,3.766666666666667,6.2,1.4000000000000001,0.0,0.0,16.5,5.395833333333333,0.6875,41.0,32.479166666666664,2.3666666666666667,21.5,11.975000000000001,1.6944444444444444,,,,4.6,1.2875,0.45999999999999996,NO2,2.3666666666666667,11,2019,False
2019-11-19,7.3,4.429166666666666,91.70833333333333,2.154166666666667,4.9,1.0,43.0,0.0,41.4,13.262500000000001,1.3624999999999998,70.3,36.69583333333333,3.2575,19.0,12.654166666666667,1.5555555555555556,,,,0.8,0.8000000000000002,0.08000000000000002,NO2,3.2575,11,2019,False
2019-11-20,4.0,2.341666666666667,90.25,2.4499999999999997,3.9,0.0,139.0,0.0,14.2,4.008333333333334,0.5916666666666666,53.3,45.012499999999996,2.7766666666666664,30.4,22.175,2.1259259259259258,,,,0.8,0.8000000000000002,0.08000000000000002,NO2,2.7766666666666664,11,2019,False
2019-11-21,5.9,2.5958333333333337,88.29166666666667,1.9708333333333332,3.0,0.0,31.0,0.0,4.1,1.481818181818182,0.1708333333333333,47.6,38.20454545454545,2.586666666666667,46.0,29.183333333333334,2.7037037037037037,,,,3.6,1.2782608695652173,0.36000000000000004,PM10,2.7037037037037037,11,2019,False
2019-11-22,5.6,2.9166666666666665,89.5,3.2375000000000003,5.9,0.0,0.0,0.0,4.8,1.5958333333333332,0.19999999999999998,44.6,32.84583333333334,2.486666666666667,47.5,34.15,2.759259259259259,,,,1.2,0.8333333333333334,0.12,PM10,2.759259259259259,11,2019,False
2019-11-23,10.0,7.1625000000000005,76.08333333333333,5.583333333333333,6.5,0.0,137.0,0.0,21.3,10.295833333333333,0.8875,55.2,33.12916666666667,2.84,19.2,12.15,1.5666666666666664,,,,0.8,0.8000000000000002,0.08000000000000002,NO2,2.84,11,2019,False
2019-11-24,8.6,5.041666666666667,88.29166666666667,1.6416666666666666,5.1,0.0,118.0,0.0,7.1,2.1083333333333334,0.2958333333333333,50.7,35.15416666666667,2.69,43.3,27.945833333333336,2.6037037037037036,,,,1.2,0.8166666666666668,0.12,NO2,2.69,11,2019,False
2019-11-25,5.7,4.458333333333333,97.41666666666667,1.0999999999999999,2.0,0.7,0.0,0.0,1.5,0.8041666666666667,0.0625,47.2,40.083333333333336,2.5733333333333333,62.9,49.87916666666666,3.2472222222222222,,,,0.8,0.8000000000000002,0.08000000000000002,PM10,3.2472222222222222,11,2019,False
2019-11-26,10.3,7.854166666666667,94.625,1.5625,3.1,0.1,3.0,0.0,0.6,0.6,0.024999999999999998,53.7,41.38333333333333,2.79,59.5,38.9125,3.1527777777777777,,,,2.3,1.1291666666666667,0.22999999999999998,PM10,3.1527777777777777,11,2019,False
2019-11-27,12.2,9.079166666666667,87.79166666666667,4.070833333333334,8.0,2.7,6.0,0.0,41.1,11.0875,1.35625,54.1,37.44166666666667,2.8033333333333332,30.9,15.450000000000001,2.1444444444444444,,,,5.6,1.6416666666666666,0.5599999999999999,NO2,2.8033333333333332,11,2019,False
2019-11-28,11.9,10.470833333333333,79.25,7.166666666666667,10.0,6.1000000000000005,28.0,0.0,42.7,35.05833333333333,1.3895833333333334,42.1,29.791666666666668,2.4033333333333333,8.1,6.591666666666666,0.8999999999999999,,,,3.5,0.9125000000000001,0.35000000000000003,NO2,2.4033333333333333,11,2019,False
2019-11-29,9.5,6.908333333333334,80.20833333333333,3.533333333333333,5.1,3.2,30.0,0.0,51.7,27.320833333333336,1.5770833333333334,73.7,34.47083333333333,3.3425000000000002,30.7,13.637500000000001,2.137037037037037,,,,0.8,0.8000000000000002,0.08000000000000002,NO2,3.3425000000000002,11,2019,False
2019-11-30,6.9,3.5,80.875,2.2666666666666666,4.0,0.0,424.0,0.0,38.7,19.554166666666667,1.30625,77.2,46.22083333333333,3.43,30.4,25.46666666666667,2.1259259259259258,,,,2.4,0.9791666666666666,0.24,NO2,3.43,11,2019,False
2019-12-01,3.4,1.8,78.21739130434783,4.052173913043478,6.7,0.0,0.0,0.0,37.9,18.830434782608698,1.2895833333333333,58.9,34.76086956521739,2.9633333333333334,29.3,13.004347826086958,2.085185185185185,,,,0.8,0.8,0.08000000000000002,NO2,2.9633333333333334,12,2019,False
2019-12-02,5.8,1.7750000000000001,81.91666666666667,2.5625,4.9,0.0,250.0,0.0,40.1,21.379166666666666,1.3354166666666667,88.2,43.6,3.705,37.3,22.337500000000002,2.3814814814814813,,,,2.9,1.1583333333333334,0.29,NO2,3.705,12,2019,False
2019-12-03,5.0,2.65,94.54166666666667,1.5541666666666665,3.0,0.2,0.0,0.0,14.8,2.0391304347826087,0.6166666666666667,69.2,52.04782608695652,3.23,49.7,34.686956521739134,2.840740740740741,,,,2.9,1.2086956521739132,0.29,NO2,3.23,12,2019,False
2019-12-04,5.8,2.220833333333333,86.83333333333333,2.7624999999999997,4.5,0.0,365.0,0.0,26.5,4.491666666666666,1.0520833333333333,72.3,46.04583333333333,3.3075,50.6,21.816666666666666,2.8740740740740742,,,,2.5,0.9041666666666668,0.25,NO2,3.3075,12,2019,False
2019-12-05,-1.2,-2.0791666666666666,96.83333333333333,2.1416666666666666,3.5,0.0,0.0,0.0,2.0,0.7958333333333333,0.08333333333333333,56.5,47.75833333333333,2.8833333333333333,70.0,39.512499999999996,3.4444444444444446,,,,1.2,0.8166666666666668,0.12,PM10,3.4444444444444446,12,2019,False
2019-12-06,5.5,1.125,94.41666666666667,4.3625,7.0,7.9,0.0,0.0,29.8,6.170833333333333,1.1208333333333333,57.4,42.266666666666666,2.913333333333333,38.9,28.75,2.4407407407407407,,,,5.1,1.4708333333333332,0.51,NO2,2.913333333333333,12,2019,False
2019-12-07,10.2,8.066666666666666,85.66666666666667,5.020833333333333,7.7,1.9,1.0,0.0,33.9,24.72083333333333,1.20625,52.4,37.020833333333336,2.7466666666666666,19.9,9.608333333333333,1.6055555555555554,,,,2.7,1.3291666666666668,0.27,NO2,2.7466666666666666,12,2019,False
2019-12-08,11.3,9.495833333333334,80.95833333333333,6.679166666666667,9.1,3.1999999999999997,0.0,0.0,43.2,33.733333333333334,1.4,44.3,27.15833333333333,2.4766666666666666,16.7,6.2124999999999995,1.4277777777777776,,,,6.4,1.8916666666666666,0.6400000000000001,NO2,2.4766666666666666,12,2019,False
2019-12-09,8.7,7.445833333333333,80.20833333333333,5.825,8.8,3.0,36.0,0.0,52.1,35.416666666666664,1.5854166666666667,70.0,37.725,3.25,14.6,7.654166666666666,1.3111111111111111,,,,4.6,1.4833333333333334,0.45999999999999996,NO2,3.25,12,2019,False
2019-12-10,6.2,3.5500000000000003,78.66666666666667,3.5375,6.7,0.0,371.0,0.0,57.3,27.474999999999998,1.6937499999999999,66.2,41.09583333333334,3.1550000000000002,39.7,25.087500000000002,2.4703703703703703,,,,1.4,0.8833333333333333,0.13999999999999999,NO2,3.1550000000000002,12,2019,False
2019-12-11,2.9,1.7625,85.58333333333333,2.2583333333333333,3.8,10.0,0.0,0.0,11.4,4.2250000000000005,0.475,70.8,57.833333333333336,3.27,40.7,22.504166666666666,2.5074074074074075,,,,5.6,2.0541666666666667,0.5599999999999999,NO2,3.27,12,2019,False
2019-12-12,5.5,3.170833333333333,91.66666666666667,2.983333333333333,5.2,0.1,31.0,0.0,31.5,9.2875,1.15625,59.3,46.98333333333333,2.9766666666666666,25.1,17.323809523809523,1.8944444444444444,10.5,6.666666666666667,1.55,3.8,1.2791666666666666,0.38,NO2,2.9766666666666666,12,2019,False
2019-12-13,6.5,3.275,89.20833333333333,3.8249999999999997,8.0,8.7,0.0,0.0,35.3,15.770833333333334,1.2354166666666666,63.7,45.19166666666666,3.0925000000000002,11.8,7.570833333333333,1.1555555555555557,9.3,5.816666666666666,1.4300000000000002,2.5,1.0166666666666668,0.25,NO2,3.0925000000000002,12,2019,False
2019-12-14,8.9,6.8125,76.08333333333333,7.516666666666667,11.2,3.7,132.0,0.0,61.9,49.0375,1.7895833333333333,44.6,28.0625,2.486666666666667,26.9,9.112499999999999,1.9944444444444445,8.7,5.029166666666667,1.3699999999999999,4.7,1.2875,0.47000000000000003,NO2,2.486666666666667,12,2019,False
2019-12-15,10.6,8.483333333333333,83.08333333333333,4.5125,5.8,5.3,0.0,0.0,63.5,43.9125,1.8229166666666665,47.7,28.879166666666666,2.59,19.3,8.341666666666667,1.5722222222222222,8.3,4.6625000000000005,1.33,3.7,1.55,0.37000000000000005,NO2,2.59,12,2019,False
2019-12-16,10.0,7.683333333333334,96.33333333333333,1.1541666666666666,3.4,1.7,3.0,0.0,32.1,5.454166666666667,1.16875,73.0,55.60833333333333,3.325,37.2,16.5625,2.3777777777777778,23.9,12.191666666666668,2.5933333333333333,3.6,1.4666666666666668,0.36000000000000004,NO2,3.325,12,2019,False
2019-12-17,11.5,8.174999999999999,89.33333333333333,1.2916666666666667,2.6,0.2,123.0,0.0,5.2,2.5045454545454544,0.21666666666666667,64.1,51.88181818181818,3.1025,89.5,31.8125,3.986111111111111,25.9,14.541666666666666,2.7266666666666666,5.8,2.190909090909091,0.58,PM10,3.986111111111111,12,2019,False
2019-12-18,11.4,9.362499999999999,85.04166666666667,2.658333333333333,5.6,0.1,139.0,0.0,42.9,11.325000000000001,1.3937499999999998,77.6,49.225,3.44,69.0,23.400000000000002,3.4166666666666665,16.3,9.820833333333333,2.086666666666667,2.3,0.9291666666666667,0.22999999999999998,NO2,3.44,12,2019,False
2019-12-19,8.9,5.0125,95.25,2.0124999999999997,3.6,0.0,203.0,0.0,5.1,2.3375,0.21249999999999997,59.9,46.125,2.9966666666666666,43.3,25.229166666666668,2.6037037037037036,23.2,15.362499999999999,2.546666666666667,2.9,1.1875,0.29,NO2,2.9966666666666666,12,2019,False
2019-12-20,7.7,5.0375000000000005,94.45833333333333,3.358333333333333,6.2,10.4,0.0,0.0,3.3,2.3000000000000003,0.13749999999999998,59.3,46.6625,2.9766666666666666,23.9,18.704166666666666,1.8277777777777775,20.2,14.366666666666667,2.3466666666666667,1.3,0.8416666666666668,0.13,NO2,2.9766666666666666,12,2019,False
2019-12-21,8.2,5.895833333333333,91.25,2.5375,4.2,0.4,363.0,0.0,20.7,10.65,0.8624999999999999,60.7,48.125,3.0175,17.7,12.804166666666667,1.4833333333333334,15.4,10.145833333333334,2.026666666666667,3.2,1.3791666666666667,0.32000000000000006,NO2,3.0175,12,2019,False
2019-12-22,9.3,6.7625,89.41666666666667,3.6,7.4,4.0,1.0,0.0,49.0,19.379166666666666,1.5208333333333333,54.8,35.987500000000004,2.8266666666666667,16.7,9.1375,1.4277777777777776,14.6,7.554166666666667,1.96,3.4,0.9875000000000002,0.34,NO2,2.8266666666666667,12,2019,False
2019-12-23,10.0,7.95,77.54166666666667,4.5625,6.2,0.1,80.0,0.0,50.8,33.3375,1.5583333333333331,47.2,33.725,2.5733333333333333,20.9,7.558333333333334,1.661111111111111,6.0,3.608333333333333,1.1,0.8,0.8000000000000002,0.08000000000000002,NO2,2.5733333333333333,12,2019,False
2019-12-24,9.7,7.070833333333333,84.25,4.9375,7.8,3.4,3.0,0.0,52.8,32.541666666666664,1.5999999999999999,44.5,29.829166666666666,2.4833333333333334,13.1,9.366666666666665,1.2277777777777779,8.9,6.608333333333333,1.3900000000000001,1.9,0.8875000000000001,0.19,NO2,2.4833333333333334,12,2019,False
2019-12-25,8.8,7.5625,80.25,4.120833333333334,6.4,0.0,21.0,0.0,61.1,39.854166666666664,1.7729166666666667,51.3,26.09583333333333,2.71,10.9,5.7250000000000005,1.1055555555555556,8.8,4.45,1.3800000000000001,0.8,0.8000000000000002,0.08000000000000002,NO2,2.71,12,2019,False
2019-12-26,6.7,4.4375,91.125,1.4333333333333333,3.4,0.0,99.0,0.0,24.1,9.950000000000001,1.0020833333333334,48.8,37.86666666666667,2.6266666666666665,24.6,14.470833333333333,1.8666666666666667,19.6,12.549999999999999,2.3066666666666666,1.7,0.8624999999999999,0.17,NO2,2.6266666666666665,12,2019,False
2019-12-27,6.3,4.904166666666667,85.91666666666667,3.3708333333333336,4.9,0.9,0.0,0.0,22.7,10.820833333333333,0.9458333333333333,48.7,32.44166666666667,2.6233333333333335,20.4,16.92083333333333,1.6333333333333333,18.8,14.870833333333332,2.2533333333333334,3.3,1.1333333333333333,0.33,NO2,2.6233333333333335,12,2019,False
2019-12-28,3.8,0.9083333333333333,78.58333333333333,2.466666666666667,4.2,0.0,315.0,0.0,22.5,7.620833333333334,0.9375,64.3,48.9,3.1075,25.2,15.879166666666668,1.9,22.2,13.333333333333334,2.48,0.8,0.8000000000000002,0.08000000000000002,NO2,3.1075,12,2019,False
2019-12-29,2.9,-0.5166666666666667,77.75,2.908333333333333,4.0,0.0,427.0,0.0,16.9,5.779166666666666,0.7041666666666666,63.1,42.987500000000004,3.0775,26.8,16.970833333333335,1.988888888888889,24.4,14.620833333333332,2.6266666666666665,1.2,0.8166666666666668,0.12,NO2,3.0775,12,2019,False
2019-12-30,3.5,-1.0208333333333333,83.375,1.4124999999999999,2.3,0.0,422.0,0.0,5.5,2.504166666666667,0.22916666666666666,63.4,49.55416666666667,3.085,42.4,28.441666666666666,2.5703703703703704,37.6,25.22083333333333,3.38,7.3,2.1416666666666666,0.73,PM2.5,3.38,12,2019,False
2019-12-31,2.5,-0.004166666666666689,91.58333333333333,2.4708333333333337,4.4,0.0,0.0,0.0,4.9,3.025,0.20416666666666666,49.0,36.87916666666667,2.6333333333333333,68.7,41.233333333333334,3.408333333333333,63.4,38.67916666666667,4.536,2.3,0.9958333333333335,0.22999999999999998,PM2.5,4.536,12,2019,False
2020-01-01,4.3,0.4956521739130434,85.47826086956522,2.8043478260869565,4.1,0.0,435.0,0.0,31.9,10.421739130434782,1.1645833333333333,66.8,42.97826086956522,3.17,727.5,122.53478260869566,5.0,642.7,112.64347826086957,5.0,7.8,1.2478260869565216,0.78,PM10,5.0,1,2020,False
2020-01-02,0.7,-0.6708333333333334,98.0,1.7249999999999999,3.0,0.1,0.0,0.0,3.2,1.4708333333333332,0.13333333333333333,47.7,40.016666666666666,2.59,43.7,33.525,2.6185185185185187,40.6,31.770833333333332,3.5300000000000002,2.4,0.9625,0.24,PM2.5,3.5300000000000002,1,2020,False
2020-01-03,9.1,5.4624999999999995,89.33333333333333,4.0625,6.8,0.5,0.0,0.0,33.3,11.8125,1.1937499999999999,44.2,35.225,2.4733333333333336,34.6,21.71666666666667,2.2814814814814817,32.4,19.504166666666666,3.12,4.0,1.1958333333333333,0.4,PM2.5,3.12,1,2020,False
2020-01-04,8.0,5.454166666666667,77.45833333333333,4.558333333333334,8.5,0.0,0.0,0.0,64.2,39.34166666666667,1.8375,42.9,29.229166666666668,2.4299999999999997,20.3,13.4625,1.6277777777777778,13.3,8.454166666666667,1.83,0.8,0.8000000000000002,0.08000000000000002,NO2,2.4299999999999997,1,2020,False
2020-01-05,6.4,4.8625,92.29166666666667,1.9458333333333335,3.9,1.3,0.0,0.0,46.3,13.9375,1.4645833333333331,51.2,37.47083333333333,2.706666666666667,20.9,13.945833333333333,1.661111111111111,18.4,12.245833333333332,2.2266666666666666,0.8,0.8000000000000002,0.08000000000000002,NO2,2.706666666666667,1,2020,False
2020-01-06,4.6,1.2666666666666666,98.29166666666667,1.7750000000000001,3.5,0.0,0.0,0.0,5.9,1.6833333333333333,0.24583333333333335,64.7,43.895833333333336,3.1175,30.9,22.495833333333334,2.1444444444444444,27.1,20.554166666666667,2.8066666666666666,2.7,1.0541666666666667,0.27,NO2,3.1175,1,2020,False
2020-01-07,7.4,3.275,93.04166666666667,2.654166666666667,3.4,0.0,170.0,0.0,13.8,4.908333333333333,0.575,60.4,41.4625,3.01,26.5,19.866666666666667,1.9722222222222223,24.6,17.658333333333335,2.64,1.8,0.9083333333333333,0.18000000000000002,NO2,3.01,1,2020,False
2020-01-08,7.0,4.716666666666667,94.0,3.3791666666666664,4.5,0.8,0.0,0.0,10.6,5.308333333333334,0.44166666666666665,52.6,45.6625,2.7533333333333334,27.3,18.379166666666666,2.011111111111111,23.4,15.970833333333333,2.56,2.3,1.2708333333333333,0.22999999999999998,NO2,2.7533333333333334,1,2020,False
2020-01-09,11.0,9.166666666666666,96.0,3.1875,4.5,15.200000000000001,0.0,0.0,26.0,9.241666666666667,1.0416666666666667,56.3,43.708333333333336,2.8766666666666665,19.3,12.4125,1.5722222222222222,16.1,10.191666666666666,2.0733333333333333,9.1,3.0083333333333333,0.91,NO2,2.8766666666666665,1,2020,False
2020-01-10,11.4,8.35,83.95833333333333,4.325,8.3,5.300000000000001,170.0,0.0,50.5,32.291666666666664,1.5520833333333333,59.3,36.645833333333336,2.9766666666666666,19.1,8.116666666666667,1.5611111111111111,10.1,5.091666666666667,1.51,2.8,0.9291666666666667,0.27999999999999997,NO2,2.9766666666666666,1,2020,False
2020-01-11,6.5,2.4375,86.29166666666667,1.8166666666666667,3.4,0.0,212.0,0.0,44.3,18.875,1.4229166666666666,69.2,47.237500000000004,3.23,33.5,19.833333333333332,2.240740740740741,26.6,12.083333333333334,2.7733333333333334,1.6,0.8333333333333334,0.16000000000000003,NO2,3.23,1,2020,False
2020-01-12,5.4,2.1708333333333334,87.41666666666667,3.7083333333333335,6.1,0.1,0.0,0.0,40.4,18.183333333333334,1.3416666666666666,62.0,37.78333333333333,3.05,33.2,18.625,2.22962962962963,26.7,15.9125,2.78,14.6,2.908333333333333,1.23,NO2,3.05,1,2020,False
2020-01-13,6.6,5.408333333333334,87.375,3.2125,4.8,0.0,0.0,0.0,38.1,13.9125,1.29375,56.9,39.34166666666667,2.8966666666666665,25.9,18.429166666666667,1.9388888888888887,19.5,15.012500000000001,2.3,5.5,3.0666666666666664,0.55,NO2,2.8966666666666665,1,2020,False
2020-01-14,10.2,7.795833333333333,70.58333333333333,4.208333333333333,6.5,0.0,3.0,0.0,28.0,12.860869565217392,1.0833333333333333,53.6,45.87826086956522,2.7866666666666666,20.9,16.575,1.661111111111111,17.8,11.429166666666667,2.1866666666666665,10.3,4.747826086956522,1.0150000000000001,NO2,2.7866666666666666,1,2020,False
2020-01-15,13.2,10.116666666666667,63.25,3.7083333333333335,5.5,0.0,415.0,0.0,37.4,23.0625,1.2791666666666666,61.6,44.737500000000004,3.04,26.2,15.987499999999999,1.9555555555555555,12.2,9.112499999999999,1.72,10.6,4.604166666666667,1.03,NO2,3.04,1,2020,False
2020-01-16,13.4,8.591666666666667,82.29166666666667,1.8416666666666668,4.2,0.1,444.0,0.0,51.4,15.870833333333332,1.5708333333333333,96.2,57.90416666666667,3.9050000000000002,144.9,24.775000000000002,5.0,37.2,12.058333333333332,3.3600000000000003,2.7,1.2708333333333333,0.27,PM10,5.0,1,2020,False
2020-01-17,7.6,3.891666666666667,89.54166666666667,1.6916666666666667,4.1,0.0,145.0,0.0,4.9,1.5166666666666666,0.20416666666666666,68.5,56.81666666666666,3.2125,37.1,25.2,2.3740740740740742,23.7,16.9875,2.58,3.3,1.8208333333333335,0.33,NO2,3.2125,1,2020,False
2020-01-18,6.1,4.254166666666666,81.375,3.579166666666667,5.2,0.30000000000000004,148.0,0.0,36.1,20.620833333333334,1.2520833333333332,66.7,45.28333333333333,3.1675,18.5,12.170833333333334,1.5277777777777777,14.6,7.216666666666666,1.96,0.8,0.8000000000000002,0.08000000000000002,NO2,3.1675,1,2020,False
2020-01-19,6.3,3.5666666666666664,79.79166666666667,2.720833333333333,3.8,0.0,38.0,0.0,59.0,37.85,1.7291666666666665,39.4,26.458333333333332,2.3133333333333335,15.7,10.958333333333334,1.3722222222222222,11.0,8.012500000000001,1.6,0.8,0.8000000000000002,0.08000000000000002,NO2,2.3133333333333335,1,2020,False
2020-01-20,6.5,2.4041666666666663,78.95833333333333,2.629166666666667,4.9,0.0,363.0,0.0,52.0,30.583333333333332,1.5833333333333333,67.6,38.75,3.19,24.3,16.641666666666666,1.85,11.6,9.35,1.6600000000000001,0.8,0.8000000000000002,0.08000000000000002,NO2,3.19,1,2020,False
2020-01-21,5.2,0.1791666666666667,80.58333333333333,1.9124999999999999,3.5,0.0,496.0,0.0,20.2,5.7375,0.8416666666666666,74.1,54.6875,3.3525,30.4,21.55,2.1259259259259258,24.0,15.120833333333332,2.6,0.8,0.8000000000000002,0.08000000000000002,NO2,3.3525,1,2020,False
2020-01-22,-0.5,-3.0083333333333333,94.0,1.4749999999999999,2.9,0.0,0.0,0.0,2.1,0.8999999999999999,0.0875,65.3,56.51666666666667,3.1325,72.2,37.391666666666666,3.5055555555555555,53.8,31.608333333333334,4.152,3.8,1.4291666666666665,0.38,PM2.5,4.152,1,2020,False
2020-01-23,4.1,1.3791666666666667,83.75,2.6791666666666667,4.7,0.0,115.0,0.0,25.2,5.75,1.025,59.3,44.791666666666664,2.9766666666666666,38.1,29.1875,2.411111111111111,35.5,26.224999999999998,3.275,0.8,0.8000000000000002,0.08000000000000002,PM2.5,3.275,1,2020,False
2020-01-24,0.9,0.5083333333333333,85.625,1.7708333333333333,3.0,0.0,0.0,0.0,19.1,7.0,0.7958333333333334,53.2,40.0375,2.7733333333333334,53.2,41.4375,2.9703703703703703,44.1,36.083333333333336,3.705,2.4,0.9791666666666666,0.24,PM2.5,3.705,1,2020,False
2020-01-25,1.5,0.6625,95.875,1.1291666666666667,1.5,0.0,0.0,0.0,8.2,3.125,0.3416666666666666,57.6,45.50833333333333,2.92,42.8,31.65833333333333,2.585185185185185,37.0,27.933333333333334,3.35,2.0,0.8500000000000001,0.2,PM2.5,3.35,1,2020,False
2020-01-26,2.2,1.3499999999999999,98.58333333333333,1.5333333333333332,2.0,0.0,0.0,0.0,1.6,0.7000000000000001,0.06666666666666667,62.7,46.52916666666667,3.0675,55.3,31.625,3.036111111111111,52.0,29.645833333333332,4.08,1.8,0.8625000000000002,0.18000000000000002,PM2.5,4.08,1,2020,False
2020-01-27,7.3,4.8500000000000005,94.58333333333333,3.5124999999999997,5.5,8.9,0.0,0.0,41.7,10.966666666666667,1.36875,56.7,43.01666666666667,2.89,53.0,31.925,2.962962962962963,48.7,26.741666666666664,3.935,5.6,2.0708333333333333,0.5599999999999999,PM2.5,3.935,1,2020,False
2020-01-28,7.2,5.3999999999999995,80.25,6.741666666666667,9.4,2.6,17.0,0.0,63.4,45.324999999999996,1.8208333333333333,49.0,29.09583333333333,2.6333333333333333,38.6,9.504166666666666,2.4296296296296296,8.0,3.85,1.3,6.4,2.0791666666666666,0.6400000000000001,NO2,2.6333333333333333,1,2020,False
2020-01-29,7.4,4.120833333333334,76.83333333333333,5.325,7.5,1.4000000000000001,26.0,0.0,53.8,39.65416666666667,1.6208333333333331,52.4,36.80416666666667,2.7466666666666666,178.1,19.570833333333333,5.0,34.5,7.154166666666666,3.225,3.7,1.2375,0.37000000000000005,PM10,5.0,1,2020,False
2020-01-30,9.1,6.604166666666667,79.58333333333333,4.7749999999999995,6.6,0.0,86.0,0.0,39.4,25.645833333333332,1.3208333333333333,65.1,40.93181818181818,3.1275,49.5,16.0125,2.833333333333333,16.0,8.454166666666667,2.066666666666667,8.4,1.8500000000000003,0.8400000000000001,NO2,3.1275,1,2020,False
2020-01-31,14.7,12.424999999999999,79.875,6.145833333333333,8.0,0.30000000000000004,26.0,0.0,40.6,29.724999999999998,1.3458333333333332,42.9,30.391666666666666,2.4299999999999997,25.9,8.166666666666666,1.9388888888888887,6.7,3.1833333333333336,1.17,6.2,1.2750000000000001,0.6200000000000001,NO2,2.4299999999999997,1,2020,False
2020-02-01,12.7,11.443478260869565,84.73913043478261,6.130434782608695,7.9,10.1,0.0,0.0,63.4,36.6,1.8208333333333333,49.6,26.539130434782606,2.6533333333333333,23.8,5.482608695652174,1.8222222222222222,5.4,2.6826086956521737,1.04,7.2,2.008695652173913,0.7200000000000001,NO2,2.6533333333333333,2,2020,False
2020-02-02,14.6,10.0375,78.25,5.341666666666666,9.0,4.6,0.0,0.0,69.4,45.55416666666667,1.9458333333333333,50.4,23.95,2.6799999999999997,13.3,7.3,1.238888888888889,7.3,4.545833333333333,1.23,0.8,0.8000000000000002,0.08000000000000002,NO2,2.6799999999999997,2,2020,False
2020-02-03,12.6,10.704166666666666,74.70833333333333,6.0249999999999995,8.3,6.7,58.0,0.0,71.6,45.770833333333336,1.9916666666666665,55.9,31.933333333333334,2.8633333333333333,23.0,10.541666666666666,1.7777777777777777,7.6,4.945833333333334,1.26,8.3,1.679166666666667,0.8300000000000001,NO2,2.8633333333333333,2,2020,False
2020-02-04,7.8,5.208333333333333,80.0,5.0249999999999995,8.2,9.0,246.0,0.0,72.7,48.15416666666667,2.0097222222222224,45.5,27.175,2.5166666666666666,56.6,10.245833333333334,3.0722222222222224,12.3,4.5625,1.73,1.4,0.8250000000000001,0.13999999999999999,PM10,3.0722222222222224,2,2020,False
2020-02-05,7.9,4.316666666666666,69.04166666666667,2.9375,4.9,0.0,536.0,0.0,65.7,39.275,1.86875,72.9,31.616666666666664,3.3225000000000002,26.6,14.495833333333332,1.9777777777777779,13.8,7.7,1.8800000000000001,0.8,0.8000000000000002,0.08000000000000002,NO2,3.3225000000000002,2,2020,False
2020-02-06,5.7,-0.008333333333333257,85.83333333333333,1.2750000000000001,3.0,0.0,47.0,0.0,9.1,1.8541666666666667,0.37916666666666665,78.3,61.525,3.4575,86.7,32.862500000000004,3.908333333333333,35.1,20.241666666666667,3.255,3.5,1.3125,0.35000000000000003,PM10,3.908333333333333,2,2020,False
2020-02-07,6.6,1.25,78.91666666666667,3.725,5.8,0.0,539.0,0.0,35.3,8.270833333333334,1.2354166666666666,67.0,51.51666666666667,3.175,57.2,32.729166666666664,3.088888888888889,50.1,24.575,4.0040000000000004,0.8,0.8000000000000002,0.08000000000000002,PM2.5,4.0040000000000004,2,2020,False
2020-02-08,5.5,1.3333333333333333,83.0,1.3625,2.3,0.0,148.0,0.0,8.9,3.3041666666666667,0.37083333333333335,66.1,55.30416666666667,3.1525,54.5,39.579166666666666,3.013888888888889,40.9,29.983333333333334,3.545,3.8,1.8291666666666666,0.38,PM2.5,3.545,2,2020,False
2020-02-09,13.8,6.641666666666667,75.75,5.666666666666667,13.9,0.0,132.0,0.0,58.0,24.320833333333336,1.7083333333333333,67.4,41.083333333333336,3.185,54.9,32.074999999999996,3.025,44.7,22.587500000000002,3.7350000000000003,7.3,2.2583333333333333,0.73,PM2.5,3.7350000000000003,2,2020,False
2020-02-10,13.6,9.012500000000001,70.875,10.495833333333334,16.4,12.299999999999999,187.0,0.0,72.7,58.39166666666667,2.0097222222222224,39.2,19.191666666666666,2.3066666666666666,21.1,9.325000000000001,1.6722222222222223,8.7,4.579166666666667,1.3699999999999999,1.2,0.8166666666666668,0.12,NO2,2.3066666666666666,2,2020,False
2020-02-11,8.0,6.104166666666667,60.333333333333336,9.416666666666666,12.5,0.1,311.0,0.0,76.5,62.208333333333336,2.0625,40.4,20.775000000000002,2.3466666666666667,51.4,13.308333333333332,2.9037037037037035,12.1,4.733333333333333,1.71,1.3,0.8208333333333334,0.13,PM10,2.9037037037037035,2,2020,False
2020-02-12,6.0,4.054166666666666,74.625,6.9375,9.9,0.8,230.0,0.0,61.7,46.42916666666667,1.7854166666666667,55.5,29.391666666666666,2.85,16.2,10.3375,1.4,7.3,4.904166666666667,1.23,0.8,0.8000000000000002,0.08000000000000002,NO2,2.85,2,2020,False
2020-02-13,6.5,2.75,89.79166666666667,3.0208333333333335,6.5,3.9,0.0,0.0,40.3,19.740909090909092,1.3395833333333331,68.0,46.413636363636364,3.2,24.8,11.816666666666668,1.8777777777777778,13.9,8.154166666666667,1.8900000000000001,5.4,1.1727272727272728,0.54,NO2,3.2,2,2020,False
2020-02-14,8.3,6.566666666666666,78.125,3.9291666666666667,6.6,0.4,57.0,0.0,55.4,26.804166666666664,1.6541666666666666,78.0,44.9,3.45,24.9,12.420833333333334,1.8833333333333333,16.0,7.0,2.066666666666667,1.2,0.8166666666666668,0.12,NO2,3.45,2,2020,False
2020-02-15,11.0,5.25,83.625,2.129166666666667,5.0,0.0,384.0,0.0,41.6,11.579166666666667,1.3666666666666667,71.3,47.62916666666666,3.2824999999999998,25.2,17.854166666666668,1.9,18.2,12.299999999999999,2.2133333333333334,6.1,2.0375,0.61,NO2,3.2824999999999998,2,2020,False
2020-02-16,17.8,13.220833333333333,54.583333333333336,6.7875000000000005,11.8,0.0,92.0,0.0,55.1,33.85,1.6479166666666667,62.8,33.475,3.07,17.2,10.237499999999999,1.4555555555555555,11.5,6.754166666666666,1.65,9.2,2.8041666666666667,0.9199999999999999,NO2,3.07,2,2020,False
2020-02-17,16.0,9.158333333333333,75.70833333333333,5.1375,8.7,1.7000000000000002,29.0,0.0,79.7,50.67916666666667,2.1069444444444443,54.2,33.62083333333333,2.8066666666666666,13.0,6.591666666666666,1.2222222222222223,5.0,3.025,1.0,7.2,1.4625000000000001,0.7200000000000001,NO2,2.8066666666666666,2,2020,False
2020-02-18,8.6,7.3,68.33333333333333,6.845833333333334,9.2,0.0,32.0,0.0,53.7,41.979166666666664,1.61875,52.8,30.983333333333334,2.76,24.1,12.1875,1.838888888888889,7.1,5.5249999999999995,1.21,2.8,1.1333333333333333,0.27999999999999997,NO2,2.76,2,2020,False
2020-02-19,8.1,6.095833333333334,67.29166666666667,5.8500000000000005,8.5,0.9,132.0,0.0,62.0,43.44166666666666,1.7916666666666665,70.8,29.133333333333336,3.27,14.9,8.608333333333333,1.3277777777777777,7.0,4.583333333333333,1.2,3.3,1.0791666666666668,0.33,NO2,3.27,2,2020,False
2020-02-20,9.5,7.045833333333333,73.75,5.641666666666667,9.1,1.1,17.0,0.0,62.9,36.56666666666667,1.8104166666666666,55.6,33.541666666666664,2.8533333333333335,21.6,11.525,1.7000000000000002,8.3,5.833333333333333,1.33,9.6,2.858333333333333,0.96,NO2,2.8533333333333335,2,2020,False
2020-02-21,8.4,5.979166666666667,65.91666666666667,6.108333333333333,9.0,1.5,280.0,0.0,71.8,44.550000000000004,1.9958333333333331,49.7,30.083333333333332,2.6566666666666667,22.3,11.545833333333334,1.738888888888889,10.2,5.741666666666667,1.52,4.2,0.9416666666666668,0.42000000000000004,NO2,2.6566666666666667,2,2020,False
2020-02-22,11.1,7.566666666666666,64.79166666666667,6.570833333333333,9.2,0.0,248.0,0.0,52.3,33.15833333333333,1.5895833333333331,46.3,33.62083333333333,2.543333333333333,15.6,13.004166666666668,1.3666666666666667,8.9,7.579166666666667,1.3900000000000001,3.5,1.5999999999999999,0.35000000000000003,NO2,2.543333333333333,2,2020,False
2020-02-23,13.3,10.825000000000001,77.04166666666667,9.174999999999999,12.2,3.9000000000000004,0.0,0.0,70.0,47.083333333333336,1.9583333333333333,39.4,17.900000000000002,2.3133333333333335,12.2,6.733333333333333,1.1777777777777778,8.4,4.791666666666667,1.34,1.9,0.9458333333333333,0.19,NO2,2.3133333333333335,2,2020,False
2020-02-24,11.9,7.758333333333333,77.75,4.3875,9.8,0.8,0.0,0.0,66.7,37.329166666666666,1.8895833333333334,66.9,33.137499999999996,3.1725000000000003,16.9,8.65,1.4388888888888887,10.6,5.066666666666666,1.56,4.2,1.1125,0.42000000000000004,NO2,3.1725000000000003,2,2020,False
2020-02-25,10.9,8.729166666666666,78.625,6.966666666666666,9.1,4.1,199.0,0.0,63.5,41.50416666666667,1.8229166666666665,56.6,32.454166666666666,2.8866666666666667,13.0,5.883333333333333,1.2222222222222223,5.7,3.5583333333333336,1.07,1.3,0.8375,0.13,NO2,2.8866666666666667,2,2020,False
2020-02-26,6.0,4.133333333333334,75.375,6.8500000000000005,9.3,1.1,133.0,0.0,67.4,48.62083333333334,1.9041666666666668,43.1,29.708333333333332,2.4366666666666665,19.6,5.45,1.588888888888889,8.2,3.079166666666667,1.3199999999999998,1.2,0.8166666666666668,0.12,NO2,2.4366666666666665,2,2020,False
2020-02-27,4.4,2.704166666666667,84.79166666666667,5.058333333333334,7.1,11.7,0.0,0.0,54.6,39.59166666666667,1.6375,51.0,32.99166666666667,2.7,19.6,9.549999999999999,1.588888888888889,10.3,6.25,1.5300000000000002,3.1,0.9750000000000001,0.31000000000000005,NO2,2.7,2,2020,False
2020-02-28,7.4,4.425,69.95833333333333,4.929166666666666,7.8,0.2,440.0,0.0,61.8,42.77916666666667,1.7874999999999999,52.2,34.074999999999996,2.74,48.4,15.9125,2.7925925925925927,17.0,8.65,2.1333333333333333,3.1,1.0250000000000001,0.31000000000000005,PM10,2.7925925925925927,2,2020,False
2020-02-29,13.9,8.395833333333334,76.91666666666667,4.904166666666667,9.9,3.9,132.0,0.0,59.5,36.645833333333336,1.7395833333333333,54.5,35.104166666666664,2.8166666666666664,36.7,16.1375,2.359259259259259,19.9,7.783333333333332,2.3266666666666667,5.4,1.5208333333333333,0.54,NO2,2.8166666666666664,2,2020,False
2020-03-01,11.7,8.469565217391304,70.30434782608695,5.878260869565217,8.6,5.300000000000001,187.0,0.0,64.6,53.06521739130435,1.8458333333333332,66.0,25.895652173913046,3.15,14.3,6.7,1.2944444444444445,10.2,3.891304347826087,1.52,1.7,0.9304347826086957,0.17,NO2,3.15,3,2020,False
2020-03-02,10.6,6.8125,77.125,4.095833333333333,10.5,2.3,250.0,0.0,69.8,41.5625,1.9541666666666666,61.3,34.824999999999996,3.0324999999999998,10.5,5.895833333333333,1.0833333333333333,5.3,3.5500000000000003,1.03,2.8,0.9208333333333334,0.27999999999999997,NO2,3.0324999999999998,3,2020,False
2020-03-03,8.0,5.2375,76.375,4.104166666666667,6.4,6.1,358.0,0.0,60.8,39.574999999999996,1.7666666666666666,72.0,37.59583333333333,3.3,34.4,12.916666666666666,2.274074074074074,13.1,6.191666666666666,1.81,0.8,0.8000000000000002,0.08000000000000002,NO2,3.3,3,2020,False
2020-03-04,8.8,4.308333333333334,81.08333333333333,3.4250000000000003,6.6,0.5,169.0,0.0,45.6,24.537499999999998,1.45,71.8,43.65,3.295,37.0,17.241666666666667,2.3703703703703702,15.4,11.041666666666666,2.026666666666667,2.4,1.1666666666666667,0.24,NO2,3.295,3,2020,False
2020-03-05,8.0,5.545833333333333,89.29166666666667,2.845833333333333,6.9,9.0,0.0,0.0,33.4,12.583333333333334,1.1958333333333333,61.7,50.15,3.0425,20.4,14.512500000000001,1.6333333333333333,18.1,11.066666666666668,2.2066666666666666,0.8,0.8000000000000002,0.08000000000000002,NO2,3.0425,3,2020,False
2020-03-06,8.5,6.320833333333333,83.875,5.566666666666666,7.8,6.3,0.0,0.0,64.4,30.5,1.8416666666666668,55.0,32.824999999999996,2.8333333333333335,30.5,9.391666666666667,2.1296296296296298,20.7,7.004166666666666,2.38,4.4,1.2750000000000001,0.44000000000000006,NO2,2.8333333333333335,3,2020,False
2020-03-07,9.3,6.083333333333333,66.20833333333333,4.291666666666667,6.5,0.0,174.0,0.0,68.8,52.03333333333333,1.9333333333333331,71.0,29.5625,3.275,21.8,16.920833333333334,1.7111111111111112,19.2,13.308333333333332,2.28,0.8,0.8000000000000002,0.08000000000000002,NO2,3.275,3,2020,False
2020-03-08,11.2,7.583333333333333,70.29166666666667,4.395833333333333,7.4,0.30000000000000004,124.0,0.0,59.8,41.49166666666667,1.7458333333333331,75.0,30.974999999999998,3.375,19.3,12.858333333333334,1.5722222222222222,14.8,10.020833333333334,1.98,5.8,3.1958333333333333,0.58,NO2,3.375,3,2020,False
2020-03-09,11.5,8.3625,73.75,4.395833333333333,7.3,1.1,315.0,0.0,58.7,42.00416666666667,1.7229166666666667,61.3,34.82083333333333,3.0324999999999998,22.0,8.683333333333334,1.7222222222222223,7.3,4.583333333333333,1.23,6.0,1.9625000000000001,0.6000000000000001,NO2,3.0324999999999998,3,2020,False
2020-03-10,11.8,7.408333333333334,90.0,5.904166666666666,8.6,13.0,0.0,0.0,46.6,33.487500000000004,1.4708333333333332,43.4,31.025000000000002,2.4466666666666668,8.7,5.745833333333334,0.9666666666666666,6.3,3.9499999999999997,1.13,10.7,3.016666666666667,1.035,NO2,2.4466666666666668,3,2020,False
2020-03-11,15.1,14.0,75.66666666666667,7.5249999999999995,9.0,0.1,0.0,0.0,41.7,35.25,1.36875,38.2,24.504545454545454,2.2733333333333334,14.4,6.1000000000000005,1.3,5.5,2.8333333333333335,1.05,2.7,1.4363636363636365,0.27,NO2,2.2733333333333334,3,2020,False
2020-03-12,13.4,11.558333333333332,65.875,7.2749999999999995,10.0,1.0,20.0,0.0,71.4,51.18333333333334,1.9875,44.1,27.816666666666666,2.47,11.0,7.05,1.1111111111111112,6.5,3.4125,1.15,1.9,0.9291666666666667,0.19,NO2,2.47,3,2020,False
2020-03-13,9.9,7.395833333333333,63.708333333333336,6.033333333333334,10.0,0.5,141.0,0.0,70.1,46.458333333333336,1.9604166666666665,69.0,32.920833333333334,3.225,21.5,12.033333333333333,1.6944444444444444,9.1,6.0,1.41,0.8,0.8000000000000002,0.08000000000000002,NO2,3.225,3,2020,False
2020-03-14,11.1,5.5125,76.375,2.0458333333333334,4.4,0.0,208.0,0.0,58.9,18.6125,1.7270833333333333,77.1,46.395833333333336,3.4274999999999998,20.7,14.116666666666667,1.65,16.0,9.941666666666666,2.066666666666667,7.2,1.3083333333333333,0.7200000000000001,NO2,3.4274999999999998,3,2020,False
2020-03-15,14.4,7.541666666666667,66.20833333333333,2.466666666666667,6.2,0.0,647.0,0.0,81.5,27.97083333333333,2.1319444444444446,94.3,43.229166666666664,3.8575,27.3,13.666666666666666,2.011111111111111,16.8,9.820833333333333,2.12,1.4,0.8250000000000001,0.13999999999999999,NO2,3.8575,3,2020,False
2020-03-16,17.7,9.175,67.875,1.4375,3.4,0.0,630.0,0.0,48.4,14.483333333333334,1.5083333333333333,94.6,58.699999999999996,3.8649999999999998,38.9,23.558333333333334,2.4407407407407407,19.4,13.387500000000001,2.293333333333333,6.3,1.4875,0.63,NO2,3.8649999999999998,3,2020,False
2020-03-17,16.9,11.358333333333334,71.625,1.9875,3.7,0.0,289.0,0.0,58.5,21.104166666666668,1.71875,89.8,49.199999999999996,3.745,49.7,34.2875,2.840740740740741,40.8,25.40833333333333,3.54,3.9,1.4083333333333332,0.39,NO2,3.745,3,2020,False
2020-03-18,16.8,9.35,76.45833333333333,1.5250000000000001,3.2,0.0,357.0,0.0,53.1,16.383333333333333,1.60625,83.3,49.99583333333334,3.5825,41.8,26.97083333333333,2.5481481481481483,24.1,17.266666666666666,2.606666666666667,4.9,1.4208333333333334,0.49000000000000005,NO2,3.5825,3,2020,False
2020-03-19,17.9,10.554166666666665,69.20833333333333,1.8333333333333333,4.0,0.0,665.0,0.0,84.9,31.425,2.1791666666666667,62.5,37.270833333333336,3.0625,32.4,23.46666666666667,2.1999999999999997,22.2,16.866666666666667,2.48,2.6,0.9166666666666666,0.26,NO2,3.0625,3,2020,False
2020-03-20,15.8,12.158333333333333,66.70833333333333,5.595833333333334,8.1,0.0,407.0,0.0,60.7,40.479166666666664,1.7645833333333334,50.2,23.429166666666664,2.6733333333333333,41.6,31.391666666666666,2.5407407407407407,32.3,24.116666666666664,3.1149999999999998,0.8,0.8000000000000002,0.08000000000000002,PM2.5,3.1149999999999998,3,2020,False
2020-03-21,7.9,6.104166666666667,66.75,8.529166666666667,11.0,2.4,23.0,0.0,68.9,59.44166666666666,1.9354166666666668,15.4,9.941666666666666,1.27,14.5,8.033333333333333,1.3055555555555556,10.1,6.170833333333333,1.51,0.8,0.8000000000000002,0.08000000000000002,O3,1.9354166666666668,3,2020,False
2020-03-22,9.5,4.645833333333333,43.041666666666664,7.616666666666667,9.7,0.0,707.0,0.0,82.6,68.58749999999999,2.147222222222222,23.7,10.470833333333333,1.685,10.8,7.6000000000000005,1.1,7.3,5.491666666666667,1.23,0.8,0.8000000000000002,0.08000000000000002,O3,2.147222222222222,3,2020,False
2020-03-23,8.2,2.9166666666666665,39.791666666666664,5.370833333333334,8.2,0.0,706.0,0.0,71.9,54.854166666666664,1.9979166666666668,73.3,26.183333333333334,3.3325,21.3,11.533333333333333,1.6833333333333333,16.2,7.583333333333333,2.08,2.0,0.8916666666666667,0.2,NO2,3.3325,3,2020,False
2020-03-24,9.4,3.404166666666667,38.125,4.908333333333333,7.4,0.0,710.0,0.0,78.8,49.65,2.0944444444444446,59.5,31.375,2.9833333333333334,23.2,16.404166666666665,1.7888888888888888,15.0,10.370833333333334,2.0,2.2,0.9541666666666667,0.22000000000000003,NO2,2.9833333333333334,3,2020,False
2020-03-25,11.0,4.75,33.375,5.495833333333334,9.8,0.0,711.0,0.0,92.0,67.02083333333333,2.2777777777777777,46.7,25.4375,2.5566666666666666,30.4,22.7375,2.1259259259259258,18.7,15.083333333333334,2.2466666666666666,2.6,1.0083333333333333,0.26,NO2,2.5566666666666666,3,2020,False
2020-03-26,10.6,6.2124999999999995,42.625,5.783333333333334,7.6,0.0,587.0,0.0,84.7,67.8875,2.176388888888889,39.8,21.175,2.3266666666666667,33.4,26.425,2.237037037037037,24.4,18.650000000000002,2.6266666666666665,0.8,0.8000000000000002,0.08000000000000002,PM2.5,2.6266666666666665,3,2020,False
2020-03-27,17.2,10.570833333333333,46.333333333333336,5.070833333333334,6.6,0.0,683.0,0.0,92.8,68.46249999999999,2.2888888888888888,44.7,21.575,2.49,79.4,47.88333333333333,3.7055555555555557,34.6,25.325,3.23,2.0,1.0875000000000001,0.2,PM10,3.7055555555555557,3,2020,False
2020-03-28,17.7,12.470833333333333,45.0,5.45,6.8,0.0,675.0,0.0,117.0,86.75416666666666,2.625,39.8,19.9875,2.3266666666666667,81.7,57.99166666666667,3.7694444444444444,43.5,32.104166666666664,3.675,3.8,1.4666666666666668,0.38,PM10,3.7694444444444444,3,2020,False
2020-03-29,8.8,5.730434782608696,58.56521739130435,6.7,9.9,0.0,121.0,0.0,84.0,71.99565217391304,2.1666666666666665,31.1,13.06086956521739,2.0366666666666666,67.4,18.64782608695652,3.3722222222222222,31.4,8.97391304347826,3.07,0.8,0.8,0.08000000000000002,PM10,3.3722222222222222,3,2020,False
2020-03-30,8.7,3.595833333333333,41.041666666666664,4.841666666666667,9.3,0.0,715.0,0.0,79.1,63.5,2.098611111111111,41.6,18.716666666666665,2.3866666666666667,12.0,7.5625,1.1666666666666667,6.4,2.970833333333333,1.1400000000000001,0.8,0.8000000000000002,0.08000000000000002,NO2,2.3866666666666667,3,2020,False
2020-03-31,9.0,6.054166666666667,48.75,4.8625,6.9,0.0,639.0,0.0,85.5,61.8375,2.1875,31.8,19.1125,2.06,72.8,26.129166666666666,3.522222222222222,24.4,12.3375,2.6266666666666665,0.8,0.8000000000000002,0.08000000000000002,PM10,3.522222222222222,3,2020,False
2020-04-01,11.1,4.530434782608696,42.95652173913044,2.3260869565217392,3.5,0.0,742.0,0.0,79.2,46.130434782608695,2.1,71.2,36.29130434782609,3.2800000000000002,35.1,17.23478260869565,2.3,21.4,10.51304347826087,2.4266666666666667,0.8,0.8,0.08000000000000002,NO2,3.2800000000000002,4,2020,False
2020-04-02,13.9,5.7749999999999995,52.166666666666664,2.095833333333333,5.3,0.0,730.0,0.0,80.6,41.11666666666667,2.1194444444444445,72.6,42.57083333333333,3.315,46.4,31.708333333333332,2.7185185185185183,35.2,21.479166666666668,3.2600000000000002,3.9,1.1,0.39,NO2,3.315,4,2020,False
2020-04-03,12.8,7.604166666666667,58.666666666666664,3.6750000000000003,6.7,0.0,135.0,0.0,79.3,47.20416666666667,2.1013888888888888,51.5,33.579166666666666,2.716666666666667,42.4,29.09166666666667,2.5703703703703704,27.5,19.220833333333335,2.8333333333333335,4.3,1.2750000000000001,0.43,PM2.5,2.8333333333333335,4,2020,False
2020-04-04,15.1,7.4750000000000005,57.541666666666664,1.9083333333333332,4.3,0.0,740.0,0.0,92.6,50.62916666666666,2.286111111111111,62.3,33.0375,3.0575,76.7,29.754166666666666,3.6305555555555555,23.5,17.170833333333334,2.5666666666666664,0.8,0.8000000000000002,0.08000000000000002,PM10,3.6305555555555555,4,2020,False
2020-04-05,19.0,11.941666666666668,46.333333333333336,4.779166666666667,7.3,0.0,748.0,0.0,96.6,60.73333333333333,2.341666666666667,75.7,27.420833333333334,3.3925,34.7,24.587500000000002,2.285185185185185,23.5,17.599999999999998,2.5666666666666664,0.8,0.8000000000000002,0.08000000000000002,NO2,3.3925,4,2020,False
2020-04-06,22.2,13.3125,44.666666666666664,2.8041666666666667,4.4,0.0,751.0,0.0,109.4,45.81666666666666,2.5194444444444444,90.8,53.5375,3.77,52.5,31.974999999999998,2.9444444444444446,24.6,17.816666666666666,2.64,11.4,2.7583333333333333,1.07,NO2,3.77,4,2020,False
2020-04-07,23.0,14.504166666666668,53.083333333333336,2.725,5.3,0.0,709.0,0.0,115.9,49.9375,2.6097222222222225,91.3,43.57916666666667,3.7824999999999998,91.0,33.266666666666666,4.022222222222222,25.9,16.462500000000002,2.7266666666666666,1.3,0.8208333333333334,0.13,PM10,4.022222222222222,4,2020,False
2020-04-08,23.6,16.958333333333332,46.666666666666664,2.8375,5.0,0.0,738.0,0.0,132.2,76.0625,2.836111111111111,90.5,33.229166666666664,3.7625,39.9,31.729166666666668,2.477777777777778,24.8,19.587500000000002,2.6533333333333333,0.8,0.8000000000000002,0.08000000000000002,NO2,3.7625,4,2020,False
2020-04-09,23.7,15.5625,50.0,1.9541666666666666,5.8,0.0,553.0,0.0,126.7,58.35833333333333,2.759722222222222,74.3,43.94583333333333,3.3575,59.7,38.69583333333333,3.158333333333333,32.1,23.2375,3.105,2.7,1.05,0.27,NO2,3.3575,4,2020,False
2020-04-10,22.2,17.083333333333332,43.666666666666664,4.416666666666667,6.4,0.0,761.0,0.0,103.0,82.82083333333334,2.4305555555555554,19.3,10.870833333333332,1.465,32.5,13.891666666666666,2.2037037037037037,17.2,6.591666666666666,2.1466666666666665,0.8,0.8000000000000002,0.08000000000000002,O3,2.4305555555555554,4,2020,False
2020-04-11,22.5,15.1625,34.166666666666664,3.3208333333333333,5.7,0.0,768.0,0.0,102.0,69.90416666666667,2.4166666666666665,36.3,16.645833333333332,2.21,23.6,13.079166666666666,1.8111111111111111,9.7,5.716666666666666,1.47,0.8,0.8000000000000002,0.08000000000000002,O3,2.4166666666666665,4,2020,False
2020-04-12,23.9,15.433333333333332,46.708333333333336,2.191666666666667,5.0,0.0,450.0,0.0,108.9,53.762499999999996,2.5125,71.4,34.1875,3.285,31.8,18.958333333333332,2.1777777777777776,19.2,9.933333333333334,2.28,13.3,1.7583333333333335,1.165,NO2,3.285,4,2020,False
2020-04-13,13.3,9.441666666666666,65.83333333333333,3.5083333333333333,8.3,3.5999999999999996,227.0,0.0,81.3,44.387499999999996,2.1291666666666664,62.6,24.599999999999998,3.065,30.2,19.229166666666668,2.1185185185185187,21.6,12.058333333333335,2.44,1.2,0.8166666666666668,0.12,NO2,3.065,4,2020,False
2020-04-14,11.0,5.620833333333334,51.625,3.170833333333333,5.8,0.0,605.0,0.0,89.7,70.10416666666667,2.2458333333333336,46.9,15.583333333333334,2.5633333333333335,18.1,14.145833333333334,1.5055555555555555,10.1,7.254166666666666,1.51,0.8,0.8000000000000002,0.08000000000000002,NO2,2.5633333333333335,4,2020,False
2020-04-15,18.0,8.883333333333333,51.291666666666664,2.3249999999999997,3.2,0.0,689.0,0.0,96.9,45.395833333333336,2.345833333333333,56.2,35.49166666666667,2.8733333333333335,29.9,20.650000000000002,2.107407407407407,15.5,11.429166666666667,2.033333333333333,0.8,0.8000000000000002,0.08000000000000002,NO2,2.8733333333333335,4,2020,False
2020-04-16,23.9,13.979166666666666,50.083333333333336,2.591666666666667,4.6,0.0,759.0,0.0,102.1,44.73333333333333,2.4180555555555556,65.2,45.854166666666664,3.13,49.3,30.816666666666666,2.825925925925926,23.0,14.545833333333334,2.533333333333333,7.9,2.2083333333333335,0.79,NO2,3.13,4,2020,False
2020-04-17,24.5,15.929166666666667,55.208333333333336,1.5458333333333334,3.0,0.0,597.0,0.0,110.0,55.31666666666666,2.5277777777777777,63.9,41.291666666666664,3.0975,39.8,29.933333333333334,2.474074074074074,21.7,16.349999999999998,2.4466666666666668,3.1,0.9166666666666666,0.31000000000000005,NO2,3.0975,4,2020,False
2020-04-18,24.2,17.675,52.666666666666664,2.9499999999999997,5.7,0.0,306.0,0.0,97.6,63.4125,2.3555555555555556,56.4,30.045833333333334,2.88,40.2,29.675,2.488888888888889,19.8,15.4625,2.3200000000000003,4.8,1.4875,0.48,NO2,2.88,4,2020,False
2020-04-19,18.2,14.1,67.5,4.3500000000000005,9.0,0.0,481.0,0.0,85.1,59.85833333333333,2.1819444444444445,31.5,15.554166666666667,2.05,50.6,25.183333333333334,2.8740740740740742,42.8,18.120833333333334,3.6399999999999997,0.8,0.8000000000000002,0.08000000000000002,PM2.5,3.6399999999999997,4,2020,False
2020-04-20,20.6,14.029166666666667,33.875,8.3375,11.1,0.0,807.0,0.0,97.1,79.075,2.348611111111111,30.1,12.883333333333333,2.0033333333333334,26.2,17.704166666666666,1.9555555555555555,8.9,5.3500000000000005,1.3900000000000001,0.8,0.8000000000000002,0.08000000000000002,O3,2.348611111111111,4,2020,False
2020-04-21,22.3,15.141666666666666,31.583333333333332,8.395833333333334,10.8,0.0,813.0,0.0,106.6,87.76086956521739,2.4805555555555556,22.5,13.673913043478262,1.625,32.1,22.278260869565216,2.188888888888889,9.5,7.913043478260869,1.45,0.8,0.8,0.08000000000000002,O3,2.4805555555555556,4,2020,False
2020-04-22,23.5,16.404166666666665,32.416666666666664,6.416666666666667,8.7,0.0,819.0,0.0,109.5,89.31666666666666,2.520833333333333,35.0,15.575000000000001,2.1666666666666665,29.7,22.912499999999998,2.1,14.1,10.116666666666667,1.9100000000000001,0.8,0.8000000000000002,0.08000000000000002,O3,2.520833333333333,4,2020,False
2020-04-23,22.9,15.9375,37.541666666666664,3.6041666666666665,5.6,0.0,814.0,0.0,117.1,88.11666666666667,2.6263888888888887,64.8,23.90416666666667,3.12,30.2,21.95,2.1185185185185187,13.7,9.433333333333334,1.87,4.2,0.9833333333333334,0.42000000000000004,NO2,3.12,4,2020,False
2020-04-24,23.8,14.541666666666666,51.75,3.091666666666667,6.2,0.0,666.0,0.0,153.8,73.96666666666667,3.1020833333333333,71.7,38.65416666666667,3.2925,54.0,33.69583333333333,3.0,36.6,17.333333333333332,3.33,3.7,1.3041666666666667,0.37000000000000005,PM2.5,3.33,4,2020,False
2020-04-25,17.6,12.704166666666666,47.833333333333336,3.9,5.7,0.0,806.0,0.0,108.3,85.58749999999999,2.5041666666666664,38.1,16.116666666666667,2.27,54.3,22.275000000000002,3.0083333333333333,36.3,13.179166666666667,3.315,2.9,0.9541666666666667,0.29,PM2.5,3.315,4,2020,False
2020-04-26,20.6,13.5375,45.75,2.7875,4.6,0.0,823.0,0.0,119.4,73.81666666666666,2.658333333333333,34.7,19.654166666666665,2.1566666666666667,22.4,14.191666666666668,1.7444444444444445,9.7,7.658333333333334,1.47,0.8,0.8000000000000002,0.08000000000000002,O3,2.658333333333333,4,2020,False
2020-04-27,23.4,13.620833333333332,53.333333333333336,2.5208333333333335,5.9,0.0,761.0,0.0,106.9,58.862500000000004,2.4847222222222225,65.6,39.375,3.1399999999999997,33.5,20.0,2.240740740740741,17.2,9.866666666666667,2.1466666666666665,7.9,1.4749999999999999,0.79,NO2,3.1399999999999997,4,2020,False
2020-04-28,17.7,12.645833333333334,71.70833333333333,3.2875,10.0,0.0,158.0,0.0,64.2,34.36666666666667,1.8375,67.0,41.725,3.175,41.4,21.491666666666664,2.533333333333333,19.0,11.070833333333333,2.2666666666666666,8.6,2.091666666666667,0.86,NO2,3.175,4,2020,False
2020-04-29,19.7,14.083333333333334,64.75,4.520833333333333,8.4,0.0,343.0,0.0,81.4,49.40416666666667,2.1305555555555555,53.5,28.370833333333334,2.783333333333333,26.2,15.041666666666666,1.9555555555555555,12.9,7.733333333333333,1.79,6.5,2.6958333333333333,0.65,NO2,2.783333333333333,4,2020,False
2020-04-30,14.1,11.770833333333334,84.20833333333333,5.033333333333333,7.6,12.700000000000001,85.0,0.0,60.9,48.229166666666664,1.7687499999999998,32.4,24.3125,2.08,8.4,6.558333333333334,0.9333333333333333,4.9,3.670833333333333,0.9800000000000001,8.6,2.1625,0.86,NO2,2.08,4,2020,False
2020-05-01,13.8,10.256521739130434,84.08695652173913,4.552173913043478,6.9,16.0,212.0,0.0,70.6,56.0695652173913,1.9708333333333332,32.6,19.42608695652174,2.086666666666667,7.4,5.352173913043478,0.8222222222222222,5.6,3.3521739130434782,1.06,6.8,2.9869565217391307,0.68,NO2,2.086666666666667,5,2020,False
2020-05-02,13.5,9.066666666666666,81.33333333333333,4.779166666666667,8.7,4.4,493.0,0.0,77.6,57.025,2.0777777777777775,35.4,20.770833333333332,2.1799999999999997,31.0,8.308333333333334,2.148148148148148,25.6,5.4125000000000005,2.706666666666667,11.0,2.6125,1.05,PM2.5,2.706666666666667,5,2020,False
2020-05-03,17.1,10.441666666666666,71.125,2.120833333333333,3.6,0.0,482.0,0.0,90.6,53.11666666666667,2.2583333333333333,40.7,22.84166666666667,2.356666666666667,15.7,11.487499999999999,1.3722222222222222,11.1,7.8625,1.6099999999999999,8.0,1.5708333333333335,0.8,NO2,2.356666666666667,5,2020,False
2020-05-04,16.0,12.279166666666667,77.0,2.8375,7.0,1.4000000000000001,145.0,0.0,68.6,32.82083333333333,1.9291666666666665,54.8,34.49166666666667,2.8266666666666667,23.6,14.741666666666667,1.8111111111111111,15.0,10.5,2.0,1.2,0.8166666666666668,0.12,NO2,2.8266666666666667,5,2020,False
2020-05-05,15.7,10.491666666666667,57.083333333333336,4.854166666666667,6.5,0.0,766.0,0.0,89.1,59.85,2.2375,38.3,19.708333333333332,2.2766666666666664,20.4,10.541666666666666,1.6333333333333333,15.4,6.566666666666666,2.026666666666667,0.8,0.8000000000000002,0.08000000000000002,NO2,2.2766666666666664,5,2020,False
2020-05-06,17.0,11.137500000000001,46.666666666666664,3.375,5.1,0.0,864.0,0.0,96.2,62.79583333333333,2.3361111111111112,65.9,28.708333333333332,3.1475,20.0,9.279166666666667,1.6111111111111112,15.7,5.133333333333334,2.0466666666666664,0.8,0.8000000000000002,0.08000000000000002,NO2,3.1475,5,2020,False
2020-05-07,21.9,12.741666666666667,55.625,1.6416666666666666,3.0,0.0,843.0,0.0,100.0,51.94782608695652,2.388888888888889,59.4,41.1695652173913,2.98,25.1,14.512500000000001,1.8944444444444444,12.0,8.112499999999999,1.7000000000000002,3.9,1.0954545454545455,0.39,NO2,2.98,5,2020,False
2020-05-08,24.7,17.0625,49.708333333333336,1.7541666666666667,3.5,0.0,616.0,0.0,135.0,69.1375,2.875,67.8,40.02916666666667,3.195,30.3,18.816666666666666,2.1222222222222222,17.9,11.387500000000001,2.1933333333333334,1.3,0.8375,0.13,NO2,3.195,5,2020,False
2020-05-09,17.3,15.779166666666667,60.125,3.3000000000000003,5.4,0.6,10.0,0.0,77.3,59.25416666666666,2.073611111111111,54.9,38.387499999999996,2.83,36.1,24.045833333333334,2.337037037037037,29.7,17.712500000000002,2.98,0.8,0.8000000000000002,0.08000000000000002,PM2.5,2.98,5,2020,False
2020-05-10,24.6,16.650000000000002,77.70833333333333,2.3291666666666666,5.6,1.2,308.0,0.0,109.7,57.145833333333336,2.5236111111111112,43.2,26.412499999999998,2.44,26.4,18.575,1.9666666666666666,21.7,14.570833333333333,2.4466666666666668,3.1,1.1916666666666667,0.31000000000000005,O3,2.5236111111111112,5,2020,False
2020-05-11,15.0,8.0,82.16666666666667,6.575,9.9,10.7,38.0,0.0,73.1,52.07083333333333,2.0152777777777775,34.9,16.108333333333334,2.163333333333333,23.3,10.791666666666666,1.7944444444444443,15.6,6.8,2.04,0.8,0.8000000000000002,0.08000000000000002,NO2,2.163333333333333,5,2020,False
2020-05-12,13.3,7.870833333333334,59.041666666666664,2.475,3.9,0.0,736.0,0.0,69.1,47.770833333333336,1.9395833333333332,55.0,23.858333333333334,2.8333333333333335,14.7,10.829166666666666,1.3166666666666667,7.8,4.833333333333333,1.28,0.8,0.8000000000000002,0.08000000000000002,NO2,2.8333333333333335,5,2020,False
2020-05-13,15.0,9.8125,57.583333333333336,2.908333333333333,6.2,0.0,479.0,0.0,90.6,49.59583333333333,2.2583333333333333,45.7,25.53333333333333,2.5233333333333334,19.6,13.154166666666667,1.588888888888889,13.8,7.741666666666667,1.8800000000000001,0.8,0.8000000000000002,0.08000000000000002,NO2,2.5233333333333334,5,2020,False
2020-05-14,15.4,10.916666666666666,54.583333333333336,6.404166666666666,8.0,0.0,733.0,0.0,92.5,76.65416666666667,2.2847222222222223,14.7,10.991666666666667,1.2349999999999999,17.1,12.5375,1.4500000000000002,12.6,8.9375,1.76,0.8,0.8000000000000002,0.08000000000000002,O3,2.2847222222222223,5,2020,False
2020-05-15,17.5,12.579166666666666,44.625,4.516666666666667,5.8,0.0,790.0,0.0,100.4,81.3625,2.3944444444444444,28.2,15.191666666666668,1.9100000000000001,16.1,10.295833333333333,1.3944444444444444,7.3,5.833333333333333,1.23,0.8,0.8000000000000002,0.08000000000000002,O3,2.3944444444444444,5,2020,False
2020-05-16,19.4,13.083333333333334,46.041666666666664,2.4791666666666665,5.0,0.0,831.0,0.0,105.8,73.08749999999999,2.4694444444444446,51.5,24.054166666666664,2.716666666666667,19.2,10.083333333333334,1.5666666666666664,12.8,5.7124999999999995,1.7800000000000002,1.3,0.8375,0.13,NO2,2.716666666666667,5,2020,False
2020-05-17,19.9,13.924999999999999,49.666666666666664,2.4791666666666665,4.1,0.0,825.0,0.0,105.0,74.96249999999999,2.4583333333333335,75.5,24.57083333333333,3.3875,20.7,13.725,1.65,13.0,8.929166666666667,1.8,1.3,0.8208333333333334,0.13,NO2,3.3875,5,2020,False
2020-05-18,24.3,15.641666666666666,54.291666666666664,2.1416666666666666,3.6,0.0,869.0,0.0,109.8,67.0125,2.525,57.7,35.041666666666664,2.9233333333333333,19.9,13.820833333333333,1.6055555555555554,12.1,7.1499999999999995,1.71,4.7,1.1500000000000001,0.47000000000000003,NO2,2.9233333333333333,5,2020,False
2020-05-19,25.0,18.445833333333333,51.75,2.704166666666667,6.2,0.0,872.0,0.0,118.7,71.8125,2.6486111111111112,61.9,31.833333333333332,3.0475,25.4,15.308333333333332,1.911111111111111,13.0,7.375,1.8,4.3,1.1500000000000001,0.43,NO2,3.0475,5,2020,False
2020-05-20,24.1,19.116666666666667,56.208333333333336,2.725,6.6,0.0,581.0,0.0,98.1,71.59583333333333,2.3625,53.7,24.258333333333336,2.79,28.0,18.808333333333334,2.037037037037037,16.3,11.408333333333333,2.086666666666667,1.6,0.8583333333333334,0.16000000000000003,NO2,2.79,5,2020,False
2020-05-21,25.7,19.595833333333335,54.25,2.9958333333333336,5.8,0.0,879.0,0.0,116.3,74.0625,2.6152777777777776,39.1,14.683333333333332,2.3033333333333332,19.3,11.541666666666666,1.5722222222222222,13.2,7.583333333333333,1.8199999999999998,0.8,0.8000000000000002,0.08000000000000002,O3,2.6152777777777776,5,2020,False
2020-05-22,25.4,19.599999999999998,66.125,2.6833333333333336,5.7,0.0,151.0,0.0,100.2,55.1625,2.3916666666666666,51.8,40.520833333333336,2.7266666666666666,76.5,26.337500000000002,3.625,21.8,14.4625,2.453333333333333,4.7,1.9000000000000001,0.47000000000000003,PM10,3.625,5,2020,False
2020-05-23,19.0,14.504166666666668,73.95833333333333,4.0874999999999995,6.9,2.3,49.0,0.0,78.0,56.97083333333333,2.0833333333333335,46.1,21.583333333333332,2.5366666666666666,19.2,9.116666666666667,1.5666666666666664,12.6,4.979166666666667,1.76,4.2,1.3166666666666667,0.42000000000000004,NO2,2.5366666666666666,5,2020,False
2020-05-24,18.3,13.220833333333333,66.125,4.708333333333333,6.9,0.0,313.0,0.0,68.4,49.45416666666667,1.925,38.1,18.058333333333334,2.27,13.4,10.445833333333333,1.2444444444444445,7.8,6.108333333333333,1.28,7.6,2.2333333333333334,0.76,NO2,2.27,5,2020,False
2020-05-25,20.5,16.354166666666668,60.083333333333336,4.770833333333333,7.1,0.0,424.0,0.0,87.6,63.2125,2.216666666666667,28.2,13.4375,1.9100000000000001,24.0,12.970833333333333,1.8333333333333333,12.0,8.404166666666667,1.7000000000000002,1.4,0.8666666666666667,0.13999999999999999,O3,2.216666666666667,5,2020,False
2020-05-26,20.7,15.179166666666667,55.291666666666664,3.341666666666667,4.4,0.0,702.0,0.0,81.4,65.3375,2.1305555555555555,52.0,17.604166666666668,2.7333333333333334,23.2,12.383333333333333,1.7888888888888888,10.7,7.145833333333333,1.5699999999999998,0.8,0.8000000000000002,0.08000000000000002,NO2,2.7333333333333334,5,2020,False
2020-05-27,23.5,16.7375,51.75,2.1875,3.1,0.0,836.0,0.0,108.3,58.28333333333333,2.5041666666666664,59.3,29.045833333333334,2.9766666666666666,19.8,13.020833333333334,1.6,10.7,7.608333333333333,1.5699999999999998,0.8,0.8000000000000002,0.08000000000000002,NO2,2.9766666666666666,5,2020,False
2020-05-28,21.6,17.629166666666666,43.291666666666664,5.995833333333334,7.7,0.0,867.0,0.0,86.0,70.1125,2.1944444444444446,65.2,17.329166666666666,3.13,20.6,12.616666666666667,1.6444444444444444,11.0,5.608333333333333,1.6,0.8,0.8000000000000002,0.08000000000000002,NO2,3.13,5,2020,False
2020-05-29,22.3,17.1125,39.375,4.3500000000000005,5.7,0.0,863.0,0.0,91.6,68.75,2.272222222222222,43.7,19.395833333333332,2.456666666666667,19.6,11.9,1.588888888888889,7.1,4.9624999999999995,1.21,1.4,0.8250000000000001,0.13999999999999999,NO2,2.456666666666667,5,2020,False
2020-05-30,21.8,17.529166666666665,36.166666666666664,6.3625,10.1,0.0,881.0,0.0,89.3,72.07083333333334,2.2402777777777776,28.7,14.512500000000001,1.935,20.5,12.091666666666667,1.6388888888888888,9.9,4.8875,1.49,0.8,0.8000000000000002,0.08000000000000002,O3,2.2402777777777776,5,2020,False
2020-05-31,21.7,17.275000000000002,41.5,4.758333333333334,6.1,0.0,765.0,0.0,83.9,69.83333333333333,2.165277777777778,18.1,9.870833333333334,1.405,23.4,9.4625,1.7999999999999998,18.2,4.908333333333333,2.2133333333333334,0.8,0.8000000000000002,0.08000000000000002,PM2.5,2.2133333333333334,5,2020,False
2020-06-01,26.4,19.921739130434784,43.17391304347826,3.8043478260869565,4.9,0.0,906.0,0.0,101.6,68.90869565217392,2.411111111111111,30.3,14.895652173913044,2.0100000000000002,15.4,11.14782608695652,1.3555555555555556,6.2,4.756521739130434,1.12,0.8,0.8,0.08000000000000002,O3,2.411111111111111,6,2020,False
2020-06-02,27.7,21.6875,39.125,3.0500000000000003,5.0,0.0,862.0,0.0,125.1,83.30416666666666,2.7375,55.0,24.320833333333336,2.8333333333333335,60.6,24.849999999999998,3.1833333333333336,11.4,7.1000000000000005,1.6400000000000001,1.4,0.8458333333333333,0.13999999999999999,PM10,3.1833333333333336,6,2020,False
2020-06-03,27.4,19.916666666666668,51.375,2.2916666666666665,5.2,0.0,445.0,0.0,129.4,70.92083333333333,2.7972222222222225,55.8,37.0375,2.86,120.0,30.145833333333332,4.666666666666667,19.3,10.387500000000001,2.2866666666666666,6.6,1.5,0.66,PM10,4.666666666666667,6,2020,False
2020-06-04,17.2,15.2125,83.45833333333333,2.316666666666667,5.3,19.2,8.0,0.0,85.1,62.95217391304348,2.1819444444444445,45.5,30.191304347826087,2.5166666666666666,30.7,19.879166666666666,2.137037037037037,24.0,14.4,2.6,2.0,0.8521739130434783,0.2,PM2.5,2.6,6,2020,False
2020-06-05,16.0,12.1875,76.08333333333333,4.8999999999999995,8.4,2.7,36.0,0.0,68.5,50.99166666666667,1.9270833333333333,33.6,22.558333333333334,2.12,24.4,11.825000000000001,1.8555555555555554,12.8,6.195833333333333,1.7800000000000002,2.7,1.1125,0.27,NO2,2.12,6,2020,False
2020-06-06,18.1,12.470833333333333,74.95833333333333,4.3374999999999995,7.3,2.3,313.0,0.0,74.3,45.97083333333333,2.0319444444444446,33.7,21.879166666666666,2.1233333333333335,11.9,7.45,1.1611111111111112,8.9,4.1000000000000005,1.3900000000000001,11.7,2.720833333333333,1.085,NO2,2.1233333333333335,6,2020,False
2020-06-07,19.7,14.549999999999999,64.79166666666667,3.170833333333333,6.2,0.0,475.0,0.0,69.9,42.80416666666667,1.95625,55.7,21.916666666666668,2.856666666666667,29.6,9.579166666666667,2.0962962962962965,6.8,4.220833333333333,1.18,0.8,0.8000000000000002,0.08000000000000002,NO2,2.856666666666667,6,2020,False
2020-06-08,20.7,14.691666666666668,63.708333333333336,2.120833333333333,4.8,0.0,424.0,0.0,86.5,43.17083333333333,2.201388888888889,39.8,28.704166666666666,2.3266666666666667,20.1,10.316666666666666,1.6166666666666667,7.1,5.1499999999999995,1.21,2.0,0.8500000000000001,0.2,NO2,2.3266666666666667,6,2020,False
2020-06-09,19.3,15.454166666666666,65.45833333333333,3.204166666666667,5.2,0.2,69.0,0.0,88.5,53.25,2.2291666666666665,48.6,26.84166666666667,2.62,79.8,18.45,3.716666666666667,15.4,8.674999999999999,2.026666666666667,2.2,0.8916666666666667,0.22000000000000003,PM10,3.716666666666667,6,2020,False
2020-06-10,19.4,16.079166666666666,71.125,4.333333333333333,5.2,0.5,124.0,0.0,76.2,65.81666666666666,2.0583333333333336,28.2,17.037499999999998,1.9100000000000001,19.1,12.625,1.5611111111111111,12.6,9.291666666666666,1.76,0.8,0.8000000000000002,0.08000000000000002,O3,2.0583333333333336,6,2020,False
2020-06-11,18.5,15.904166666666667,77.5,2.7291666666666665,3.6,1.0,4.0,0.0,77.9,60.72083333333333,2.0819444444444444,32.1,16.575,2.07,16.1,11.716666666666667,1.3944444444444444,12.2,9.158333333333333,1.72,0.8,0.8000000000000002,0.08000000000000002,O3,2.0819444444444444,6,2020,False
2020-06-12,28.8,20.6375,62.666666666666664,3.9,6.3,0.0,861.0,0.0,106.4,53.00416666666666,2.477777777777778,35.7,23.566666666666666,2.19,27.3,15.299999999999999,2.011111111111111,14.6,10.670833333333334,1.96,0.8,0.8000000000000002,0.08000000000000002,O3,2.477777777777778,6,2020,False
2020-06-13,27.6,22.52916666666667,51.75,3.3958333333333335,6.0,0.0,532.0,0.0,96.6,77.0,2.341666666666667,38.6,20.866666666666667,2.2866666666666666,15.9,10.145833333333334,1.3833333333333333,11.2,5.716666666666666,1.62,2.0,0.8666666666666667,0.2,O3,2.341666666666667,6,2020,False
2020-06-14,21.8,18.970833333333335,73.33333333333333,4.0125,5.7,10.299999999999999,75.0,0.0,96.9,67.0125,2.345833333333333,23.6,14.141666666666666,1.6800000000000002,10.2,7.95,1.0666666666666667,6.0,4.6499999999999995,1.1,0.8,0.8000000000000002,0.08000000000000002,O3,2.345833333333333,6,2020,False
2020-06-15,20.5,18.354166666666668,76.25,2.3625000000000003,3.6,0.8,0.0,0.0,84.2,53.17916666666667,2.1694444444444443,51.7,29.995833333333334,2.7233333333333336,19.8,12.858333333333334,1.6,13.9,8.225,1.8900000000000001,1.9,0.9291666666666667,0.19,NO2,2.7233333333333336,6,2020,False
2020-06-16,20.1,17.591666666666665,86.125,1.6541666666666668,2.6,2.4,127.0,0.0,86.9,37.362500000000004,2.2069444444444444,44.2,31.662499999999998,2.4733333333333336,26.6,16.8125,1.9777777777777779,22.2,13.4,2.48,0.8,0.8000000000000002,0.08000000000000002,PM2.5,2.48,6,2020,False
2020-06-17,24.6,18.054166666666667,80.08333333333333,2.6125000000000003,6.3,1.8,395.0,0.0,103.2,47.59583333333333,2.4333333333333336,40.3,22.695833333333336,2.3433333333333333,20.9,17.045833333333334,1.661111111111111,13.3,10.779166666666667,1.83,0.8,0.8000000000000002,0.08000000000000002,O3,2.4333333333333336,6,2020,False
2020-06-18,23.7,18.0,71.375,3.2416666666666667,4.3,0.0,547.0,0.0,80.2,54.94347826086957,2.113888888888889,34.2,21.545833333333334,2.14,26.1,10.195833333333335,1.9500000000000002,8.3,4.745833333333334,1.33,1.2,0.8166666666666668,0.12,NO2,2.14,6,2020,False
2020-06-19,24.4,18.216666666666665,65.04166666666667,3.35,6.5,0.0,710.0,0.0,79.7,46.583333333333336,2.1069444444444443,45.0,25.945833333333336,2.5,26.4,11.075000000000001,1.9666666666666666,15.9,5.320833333333334,2.06,3.6,1.3375000000000001,0.36000000000000004,NO2,2.5,6,2020,False
2020-06-20,23.7,18.962500000000002,62.541666666666664,2.8375,7.0,0.0,474.0,0.0,92.4,67.79583333333333,2.283333333333333,29.9,19.4875,1.995,16.9,9.641666666666667,1.4388888888888887,11.5,5.554166666666667,1.65,14.9,2.033333333333333,1.245,O3,2.283333333333333,6,2020,False
2020-06-21,26.4,19.775000000000002,56.958333333333336,2.154166666666667,3.9,0.0,749.0,0.0,101.2,66.78333333333333,2.4055555555555554,35.5,20.629166666666666,2.183333333333333,14.1,9.595833333333333,1.2833333333333332,10.3,5.991666666666667,1.5300000000000002,1.3,0.8208333333333334,0.13,O3,2.4055555555555554,6,2020,False
2020-06-22,24.8,20.016666666666666,63.291666666666664,3.045833333333333,4.5,0.0,552.0,0.0,80.3,48.00833333333333,2.1152777777777776,42.0,20.329166666666666,2.4,15.8,10.8375,1.3777777777777778,9.6,5.904166666666666,1.46,2.9,0.8875000000000001,0.29,NO2,2.4,6,2020,False
2020-06-23,27.3,21.825,49.125,3.545833333333333,4.6,0.0,923.0,0.0,111.1,72.425,2.543055555555555,42.0,21.125,2.4,23.3,14.200000000000001,1.7944444444444443,11.1,7.929166666666667,1.6099999999999999,0.8,0.8000000000000002,0.08000000000000002,O3,2.543055555555555,6,2020,False
2020-06-24,28.5,23.183333333333334,41.25,3.845833333333333,5.3,0.0,920.0,0.0,105.3,77.11666666666666,2.4625,52.2,20.966666666666665,2.74,20.6,13.3375,1.6444444444444444,8.8,6.354166666666667,1.3800000000000001,0.8,0.8000000000000002,0.08000000000000002,NO2,2.74,6,2020,False
2020-06-25,25.8,22.675,51.75,3.9375,5.8,0.0,600.0,0.0,97.3,79.7,2.3513888888888888,32.0,16.420833333333334,2.066666666666667,62.9,17.970833333333335,3.2472222222222222,14.7,8.083333333333334,1.97,0.8,0.8000000000000002,0.08000000000000002,PM10,3.2472222222222222,6,2020,False
2020-06-26,30.6,22.670833333333334,55.916666666666664,3.7249999999999996,8.7,0.0,728.0,0.0,132.6,79.39583333333333,2.841666666666667,52.6,24.6375,2.7533333333333334,70.5,18.308333333333334,3.4583333333333335,15.4,9.283333333333333,2.026666666666667,0.8,0.8000000000000002,0.08000000000000002,PM10,3.4583333333333335,6,2020,False
2020-06-27,28.8,23.099999999999998,65.29166666666667,4.25,7.1,0.1,470.0,0.0,98.9,65.02916666666667,2.3736111111111113,31.2,24.025000000000002,2.04,26.1,16.675,1.9500000000000002,16.4,10.4375,2.0933333333333333,5.8,1.4333333333333333,0.58,O3,2.3736111111111113,6,2020,False
2020-06-28,23.5,19.8625,67.875,4.425,9.2,0.5,83.0,0.0,61.5,40.516666666666666,1.78125,38.9,22.066666666666666,2.296666666666667,16.8,10.3125,1.4333333333333333,11.2,6.004166666666666,1.62,7.5,1.8041666666666665,0.75,NO2,2.296666666666667,6,2020,False
2020-06-29,25.0,17.620833333333334,69.29166666666667,3.8041666666666667,7.3,2.6,499.0,0.0,76.4,42.295833333333334,2.0611111111111113,32.9,22.008333333333336,2.0966666666666667,23.6,9.266666666666667,1.8111111111111111,12.0,4.6000000000000005,1.7000000000000002,2.3,0.9708333333333333,0.22999999999999998,NO2,2.0966666666666667,6,2020,False
2020-06-30,22.9,17.858333333333334,57.0,4.6499999999999995,8.0,0.0,343.0,0.0,65.3,49.10833333333333,1.8604166666666666,50.6,27.45,2.6866666666666665,44.1,17.995833333333334,2.6333333333333333,10.1,6.25,1.51,9.2,2.4458333333333333,0.9199999999999999,NO2,2.6866666666666665,6,2020,False
2020-07-01,27.9,21.752173913043478,59.30434782608695,4.7,7.9,0.0,519.0,0.0,53.7,36.52608695652174,1.61875,38.0,23.169565217391302,2.2666666666666666,25.1,15.578260869565218,1.8944444444444444,8.6,5.730434782608696,1.3599999999999999,6.8,1.8130434782608698,0.68,NO2,2.2666666666666666,7,2020,False
2020-07-02,26.7,21.05,64.125,4.379166666666666,7.6,0.8,405.0,0.0,68.8,46.68181818181818,1.9333333333333331,23.6,15.109090909090908,1.6800000000000002,12.8,9.012500000000001,1.2111111111111112,5.0,3.670833333333333,1.0,2.8,1.0681818181818181,0.27999999999999997,O3,1.9333333333333331,7,2020,False
2020-07-03,25.6,19.116666666666667,58.291666666666664,3.6166666666666667,5.7,0.0,735.0,0.0,71.5,45.362500000000004,1.9895833333333333,32.1,18.787499999999998,2.07,14.2,8.183333333333334,1.2888888888888888,5.7,3.3666666666666667,1.07,0.8,0.8000000000000002,0.08000000000000002,NO2,2.07,7,2020,False
2020-07-04,25.8,19.708333333333332,54.5,4.8999999999999995,8.7,0.0,431.0,0.0,69.1,47.82916666666667,1.9395833333333332,32.2,24.829166666666666,2.0733333333333333,16.6,12.25,1.4222222222222223,7.4,5.391666666666667,1.24,5.2,2.3041666666666667,0.52,NO2,2.0733333333333333,7,2020,False
2020-07-05,26.2,23.266666666666666,56.958333333333336,6.766666666666667,10.0,0.0,197.0,0.0,46.6,33.06666666666667,1.4708333333333332,34.9,15.570833333333333,2.163333333333333,12.6,8.941666666666666,1.2,5.4,3.7125,1.04,6.3,2.65,0.63,NO2,2.163333333333333,7,2020,False
2020-07-06,21.5,18.391666666666666,51.041666666666664,6.0874999999999995,8.6,0.0,478.0,0.0,64.0,47.9125,1.8333333333333333,18.7,11.841666666666667,1.435,19.3,11.720833333333333,1.5722222222222222,7.4,4.645833333333333,1.24,4.0,1.3333333333333333,0.4,O3,1.8333333333333333,7,2020,False
2020-07-07,23.1,16.395833333333332,54.0,2.345833333333333,4.1,0.0,596.0,0.0,72.7,52.137499999999996,2.0097222222222224,39.0,21.066666666666666,2.3,17.4,9.616666666666667,1.4666666666666666,6.6,3.9583333333333335,1.16,2.6,1.0,0.26,NO2,2.3,7,2020,False
2020-07-08,17.4,15.458333333333334,77.45833333333333,2.0416666666666665,3.1,3.9000000000000004,0.0,0.0,48.9,30.108333333333334,1.5187499999999998,49.9,30.5625,2.663333333333333,17.7,11.058333333333332,1.4833333333333334,7.6,5.245833333333334,1.26,16.1,2.38695652173913,1.3050000000000002,NO2,2.663333333333333,7,2020,False
2020-07-09,30.3,21.745833333333334,67.0,3.829166666666667,7.5,0.0,434.0,0.0,61.1,28.650000000000002,1.7729166666666667,32.8,22.03333333333333,2.0933333333333333,23.3,13.958333333333334,1.7944444444444443,13.9,6.779166666666666,1.8900000000000001,6.5,2.2416666666666667,0.65,NO2,2.0933333333333333,7,2020,False
2020-07-10,23.4,20.754166666666666,60.583333333333336,4.541666666666667,8.7,0.0,38.0,0.0,68.2,35.30416666666667,1.9208333333333334,48.7,22.95,2.6233333333333335,25.7,12.691666666666668,1.9277777777777776,10.3,5.029166666666667,1.5300000000000002,3.6,1.075,0.36000000000000004,NO2,2.6233333333333335,7,2020,False
2020-07-11,22.5,18.1875,49.625,3.4583333333333335,4.7,0.0,556.0,0.0,89.0,62.96666666666667,2.236111111111111,23.6,10.479166666666666,1.6800000000000002,9.1,5.895833333333333,1.0055555555555555,5.3,3.15,1.03,0.8,0.8000000000000002,0.08000000000000002,O3,2.236111111111111,7,2020,False
2020-07-12,23.8,18.558333333333334,46.541666666666664,3.3333333333333335,5.3,0.0,766.0,0.0,93.6,64.2625,2.3,35.4,13.795833333333334,2.1799999999999997,11.2,7.579166666666667,1.1222222222222222,8.1,4.491666666666666,1.31,0.8,0.8000000000000002,0.08000000000000002,O3,2.3,7,2020,False
2020-07-13,27.1,20.912499999999998,39.666666666666664,3.3833333333333333,5.0,0.0,803.0,0.0,113.7,69.5,2.5791666666666666,42.2,20.9875,2.4066666666666667,15.0,9.3375,1.3333333333333333,7.1,4.466666666666667,1.21,0.8,0.8000000000000002,0.08000000000000002,O3,2.5791666666666666,7,2020,False
2020-07-14,28.2,20.816666666666666,46.833333333333336,2.7916666666666665,7.6,0.0,507.0,0.0,125.7,68.4375,2.7458333333333336,56.7,33.88333333333333,2.89,40.5,18.204166666666666,2.5,12.5,8.625,1.75,5.7,1.5416666666666667,0.5700000000000001,NO2,2.89,7,2020,False
2020-07-15,22.4,17.775000000000002,71.58333333333333,3.016666666666667,4.8,6.4,245.0,0.0,95.7,56.65833333333333,2.3291666666666666,35.9,18.008333333333333,2.1966666666666668,17.5,12.766666666666666,1.4722222222222223,13.4,8.554166666666667,1.84,1.3,0.8208333333333334,0.13,O3,2.3291666666666666,7,2020,False
2020-07-16,18.1,16.2625,78.66666666666667,2.0708333333333333,3.4,1.3,0.0,0.0,61.7,40.954166666666666,1.7854166666666667,35.7,26.066666666666666,2.19,25.7,13.466666666666667,1.9277777777777776,19.5,9.591666666666667,2.3,2.3,0.9458333333333333,0.22999999999999998,PM2.5,2.3,7,2020,False
2020-07-17,22.9,18.8125,67.41666666666667,2.7916666666666665,4.1,0.2,349.0,0.0,81.9,47.25416666666666,2.1375,27.5,17.479166666666668,1.875,21.8,13.104166666666666,1.7111111111111112,16.4,8.4375,2.0933333333333333,0.8,0.8000000000000002,0.08000000000000002,O3,2.1375,7,2020,False
2020-07-18,26.6,21.349999999999998,52.333333333333336,2.0541666666666667,3.2,0.0,468.0,0.0,119.0,65.98333333333333,2.6527777777777777,47.9,24.575,2.5966666666666667,35.2,13.758333333333333,2.303703703703704,28.5,9.495833333333334,2.9,0.8,0.8000000000000002,0.08000000000000002,PM2.5,2.9,7,2020,False
2020-07-19,29.2,21.925,51.791666666666664,2.3000000000000003,3.9,0.0,717.0,0.0,115.3,71.8625,2.6013888888888888,73.7,28.420833333333334,3.3425000000000002,44.8,18.4,2.659259259259259,18.1,10.725,2.2066666666666666,5.5,1.1208333333333333,0.55,NO2,3.3425000000000002,7,2020,False
2020-07-20,27.6,21.175,56.416666666666664,3.0041666666666664,7.4,0.0,646.0,0.0,86.7,54.875,2.2041666666666666,61.8,29.633333333333336,3.045,33.2,20.658333333333335,2.22962962962963,15.2,10.308333333333334,2.013333333333333,3.2,0.9478260869565218,0.32000000000000006,NO2,3.045,7,2020,False
2020-07-21,25.9,20.85,41.125,4.145833333333333,5.6,0.0,858.0,0.0,97.3,72.20833333333333,2.3513888888888888,16.8,12.4375,1.34,20.0,10.254166666666666,1.6111111111111112,8.0,4.55,1.3,0.8,0.8000000000000002,0.08000000000000002,O3,2.3513888888888888,7,2020,False
2020-07-22,26.7,20.629166666666666,38.625,3.0583333333333336,5.1,0.0,885.0,0.0,107.3,72.425,2.4902777777777776,46.9,19.658333333333335,2.5633333333333335,16.9,11.741666666666667,1.4388888888888887,8.8,4.416666666666667,1.3800000000000001,1.2,0.8166666666666668,0.12,NO2,2.5633333333333335,7,2020,False
2020-07-23,27.7,21.795833333333334,39.583333333333336,3.4499999999999997,5.7,0.0,828.0,0.0,100.9,79.27083333333333,2.401388888888889,31.1,16.287499999999998,2.0366666666666666,21.6,13.308333333333332,1.7000000000000002,7.3,4.6499999999999995,1.23,0.8,0.8000000000000002,0.08000000000000002,O3,2.401388888888889,7,2020,False
2020-07-24,28.0,22.2,45.166666666666664,3.279166666666667,6.5,0.0,402.0,0.0,106.2,59.80416666666667,2.475,64.0,32.9,3.1,36.6,18.754166666666666,2.3555555555555556,12.5,6.2250000000000005,1.75,1.9,0.9416666666666668,0.19,NO2,3.1,7,2020,False
2020-07-25,27.7,22.608333333333334,50.708333333333336,3.0708333333333333,4.9,0.0,332.0,0.0,68.3,56.84166666666667,1.9229166666666666,28.8,19.9875,1.94,18.4,12.841666666666667,1.5222222222222221,8.7,5.6625000000000005,1.3699999999999999,2.7,1.1416666666666668,0.27,NO2,1.94,7,2020,False
2020-07-26,26.3,21.670833333333334,62.416666666666664,4.4750000000000005,6.8,2.9,363.0,0.0,67.2,47.275,1.9,37.3,17.370833333333334,2.243333333333333,16.1,9.095833333333333,1.3944444444444444,7.7,4.6875,1.27,2.8,1.0166666666666668,0.27999999999999997,NO2,2.243333333333333,7,2020,False
2020-07-27,31.0,21.695833333333336,58.041666666666664,2.766666666666667,5.2,0.0,491.0,0.0,87.3,45.387499999999996,2.2125,41.1,25.895833333333332,2.37,17.0,10.5625,1.4444444444444444,7.4,4.875,1.24,1.5,0.8291666666666667,0.15000000000000002,NO2,2.37,7,2020,True
2020-07-28,28.4,22.72083333333333,52.0,4.7625,8.8,0.0,433.0,0.0,77.5,43.877272727272725,2.076388888888889,61.3,31.145454545454548,3.0324999999999998,35.7,18.733333333333334,2.3222222222222224,8.3,6.4125000000000005,1.33,2.4,0.9363636363636364,0.24,NO2,3.0324999999999998,7,2020,False
2020-07-29,27.0,20.5625,46.375,3.154166666666667,5.5,0.0,822.0,0.0,93.5,62.791666666666664,2.298611111111111,39.3,20.458333333333332,2.31,19.8,14.520833333333334,1.6,8.0,5.941666666666666,1.3,1.3,0.8208333333333334,0.13,NO2,2.31,7,2020,False
2020-07-30,30.9,22.954166666666666,40.166666666666664,3.108333333333333,4.4,0.0,872.0,0.0,135.4,90.15454545454546,2.8805555555555555,40.1,21.7,2.336666666666667,24.5,17.150000000000002,1.8611111111111112,9.3,7.341666666666666,1.4300000000000002,0.8,0.8,0.08000000000000002,O3,2.8805555555555555,7,2020,True
2020-07-31,34.8,26.366666666666664,35.583333333333336,2.6625,3.7,0.0,877.0,0.0,139.8,78.33749999999999,2.941666666666667,59.6,30.337500000000002,2.986666666666667,26.0,20.058333333333334,1.9444444444444444,10.9,8.366666666666667,1.59,3.4,0.9416666666666668,0.34,NO2,2.986666666666667,7,2020,True
2020-08-01,31.5,26.64782608695652,44.56521739130435,2.6652173913043478,4.7,0.0,461.0,0.0,127.6,74.11304347826086,2.772222222222222,59.4,31.182608695652174,2.98,38.5,19.786956521739132,2.425925925925926,25.7,9.991304347826087,2.7133333333333334,4.3,1.173913043478261,0.43,NO2,2.98,8,2020,True
2020-08-02,26.6,22.933333333333334,60.333333333333336,3.15,5.3,5.5,241.0,0.0,82.9,61.25,2.151388888888889,45.6,17.991666666666667,2.52,29.7,15.083333333333334,2.1,17.7,9.741666666666667,2.1799999999999997,1.2,0.8333333333333334,0.12,NO2,2.52,8,2020,False
2020-08-03,23.5,19.0625,66.875,3.1666666666666665,4.5,1.9000000000000001,101.0,0.0,78.6,58.262499999999996,2.091666666666667,29.7,14.9,1.9849999999999999,18.4,13.183333333333332,1.5222222222222221,8.6,6.7375,1.3599999999999999,0.8,0.8000000000000002,0.08000000000000002,O3,2.091666666666667,8,2020,False
2020-08-04,24.9,19.712500000000002,51.541666666666664,3.1166666666666667,4.9,0.0,501.0,0.0,100.8,70.97916666666667,2.4,41.0,16.295833333333334,2.3666666666666667,19.6,11.1625,1.588888888888889,11.2,4.9624999999999995,1.62,0.8,0.8000000000000002,0.08000000000000002,O3,2.4,8,2020,False
2020-08-05,27.9,20.224999999999998,52.75,2.033333333333333,3.9,0.0,844.0,0.0,117.0,63.80416666666667,2.625,55.2,32.166666666666664,2.84,29.0,15.983333333333334,2.074074074074074,16.1,8.691666666666666,2.0733333333333333,8.1,1.6624999999999999,0.81,NO2,2.84,8,2020,False
2020-08-06,31.2,22.883333333333336,47.208333333333336,2.3541666666666665,3.4,0.0,855.0,0.0,113.9,67.72916666666667,2.5819444444444444,55.8,31.900000000000002,2.86,27.1,16.620833333333334,2.0037037037037035,10.7,8.191666666666666,1.5699999999999998,0.8,0.8000000000000002,0.08000000000000002,NO2,2.86,8,2020,True
2020-08-07,34.1,26.383333333333336,42.458333333333336,2.7916666666666665,4.0,0.0,846.0,0.0,146.4,82.3625,3.025,60.9,31.724999999999998,3.0225,34.8,22.104166666666668,2.2888888888888888,17.1,11.033333333333333,2.14,0.8,0.8000000000000002,0.08000000000000002,O3,3.025,8,2020,True
2020-08-08,35.6,28.145833333333332,42.833333333333336,1.9291666666666665,2.4,0.0,744.0,0.0,175.5,92.77083333333333,3.328125,72.6,35.699999999999996,3.315,47.9,25.59166666666667,2.774074074074074,35.4,15.8375,3.27,2.9,0.8875000000000001,0.29,O3,3.328125,8,2020,True
2020-08-09,37.1,27.791666666666668,45.541666666666664,2.558333333333333,8.1,0.0,613.0,0.0,171.4,91.85000000000001,3.285416666666667,71.4,32.85,3.285,36.9,28.641666666666666,2.3666666666666667,25.1,18.733333333333334,2.6733333333333333,5.0,1.2458333333333333,0.5,O3,3.285416666666667,8,2020,True
2020-08-10,34.1,28.354166666666668,45.541666666666664,3.8541666666666665,6.5,0.0,593.0,0.0,150.3,93.34166666666665,3.0656250000000003,49.9,29.354166666666668,2.663333333333333,36.2,28.45,2.340740740740741,24.2,18.716666666666665,2.6133333333333333,0.8,0.8000000000000002,0.08000000000000002,O3,3.0656250000000003,8,2020,True
2020-08-11,34.6,27.583333333333332,51.166666666666664,4.6125,7.3,0.0,500.0,0.0,157.2,93.21666666666665,3.1374999999999997,50.1,26.691666666666666,2.67,60.5,34.300000000000004,3.1805555555555554,25.0,21.7375,2.6666666666666665,0.8,0.8000000000000002,0.08000000000000002,PM10,3.1805555555555554,8,2020,True
2020-08-12,34.7,26.7,57.625,4.558333333333334,6.1,5.1000000000000005,470.0,0.0,138.6,90.11666666666667,2.925,46.1,22.820833333333336,2.5366666666666666,46.2,26.970833333333335,2.7111111111111112,20.3,16.445833333333333,2.3533333333333335,0.8,0.8000000000000002,0.08000000000000002,O3,2.925,8,2020,True
2020-08-13,25.1,22.429166666666664,81.04166666666667,2.3333333333333335,4.4,20.299999999999997,0.0,0.0,80.8,55.729166666666664,2.1222222222222222,62.2,35.42916666666667,3.055,33.9,23.895833333333332,2.2555555555555555,21.5,15.333333333333334,2.4333333333333336,4.2,1.1083333333333334,0.42000000000000004,NO2,3.055,8,2020,False
2020-08-14,26.0,21.258333333333333,85.45833333333333,2.1083333333333334,6.1,0.4,16.0,0.0,92.5,34.170833333333334,2.2847222222222223,52.0,37.987500000000004,2.7333333333333334,31.2,21.84583333333333,2.1555555555555554,18.5,12.866666666666667,2.2333333333333334,2.7,0.9750000000000001,0.27,NO2,2.7333333333333334,8,2020,False
2020-08-15,27.5,21.9375,80.0,2.0833333333333335,5.4,0.0,247.0,0.0,111.8,47.145833333333336,2.5527777777777776,40.9,29.570833333333336,2.3633333333333333,52.9,21.991666666666664,2.9592592592592593,42.0,14.683333333333332,3.6,0.8,0.8000000000000002,0.08000000000000002,PM2.5,3.6,8,2020,False
2020-08-16,30.8,24.962500000000002,63.5,3.483333333333333,4.2,0.0,666.0,0.0,119.5,69.50833333333334,2.6597222222222223,63.5,20.8875,3.0875,25.8,16.779166666666665,1.9333333333333333,19.3,12.766666666666666,2.2866666666666666,0.8,0.8000000000000002,0.08000000000000002,NO2,3.0875,8,2020,True
2020-08-17,25.0,21.075,81.29166666666667,2.970833333333333,5.5,19.599999999999998,176.0,0.0,85.8,62.31666666666666,2.1916666666666664,45.3,29.579166666666666,2.51,21.5,12.995833333333332,1.6944444444444444,15.5,8.0875,2.033333333333333,0.8,0.8000000000000002,0.08000000000000002,NO2,2.51,8,2020,False
2020-08-18,26.4,20.212500000000002,72.91666666666667,2.904166666666667,6.4,2.9,545.0,0.0,78.3,42.449999999999996,2.0875,46.3,30.820833333333336,2.543333333333333,16.4,10.541666666666666,1.411111111111111,9.9,5.145833333333333,1.49,5.3,1.2875,0.53,NO2,2.543333333333333,8,2020,False
2020-08-19,27.2,20.466666666666665,69.875,1.6416666666666666,3.0,0.0,637.0,0.0,93.6,42.270833333333336,2.3,50.1,30.8875,2.67,20.8,10.966666666666667,1.6555555555555554,9.9,5.241666666666666,1.49,2.4,0.8833333333333334,0.24,NO2,2.67,8,2020,False
2020-08-20,32.0,24.170833333333334,68.58333333333333,2.1166666666666667,3.8,3.3,608.0,0.0,105.4,46.47083333333333,2.463888888888889,63.1,37.30833333333333,3.0775,14.0,10.975,1.2777777777777777,8.3,5.870833333333334,1.33,0.8,0.8000000000000002,0.08000000000000002,NO2,3.0775,8,2020,True
2020-08-21,31.9,26.516666666666666,57.583333333333336,3.4499999999999997,6.2,0.0,389.0,0.0,89.5,53.625,2.2430555555555554,56.9,36.324999999999996,2.8966666666666665,24.7,16.470833333333335,1.8722222222222222,10.1,7.008333333333333,1.51,4.9,1.7125000000000001,0.49000000000000005,NO2,2.8966666666666665,8,2020,True
2020-08-22,26.9,22.78333333333333,66.04166666666667,5.108333333333333,8.0,9.6,247.0,0.0,65.8,51.225,1.8708333333333331,37.8,21.116666666666667,2.26,18.9,11.783333333333333,1.5499999999999998,8.1,5.995833333333334,1.31,0.8,0.8000000000000002,0.08000000000000002,NO2,2.26,8,2020,False
2020-08-23,23.9,20.3,58.541666666666664,4.258333333333334,8.4,0.0,412.0,0.0,70.9,47.025,1.9770833333333333,30.6,17.1875,2.02,14.4,9.200000000000001,1.3,7.2,4.495833333333334,1.22,4.5,1.2875,0.45,NO2,2.02,8,2020,False
2020-08-24,22.1,18.258333333333333,62.875,3.3375,5.4,0.0,292.0,0.0,66.6,47.46666666666667,1.8874999999999997,39.3,20.224999999999998,2.31,13.2,7.879166666666666,1.2333333333333334,5.0,3.3083333333333336,1.0,3.4,1.2916666666666667,0.34,NO2,2.31,8,2020,False
2020-08-25,22.5,17.645833333333332,65.5,2.3666666666666667,4.7,0.0,236.0,0.0,62.0,38.454166666666666,1.7916666666666665,45.3,31.837500000000002,2.51,21.3,13.566666666666668,1.6833333333333333,8.6,5.445833333333333,1.3599999999999999,7.7,2.1166666666666667,0.77,NO2,2.51,8,2020,False
2020-08-26,23.4,20.879166666666666,50.625,8.1625,11.8,0.0,110.0,0.0,62.4,49.790909090909096,1.7999999999999998,52.6,21.0,2.7533333333333334,50.6,19.875,2.8740740740740742,9.7,5.491666666666667,1.47,4.1,1.1227272727272728,0.41,PM10,2.8740740740740742,8,2020,False
2020-08-27,23.1,17.962500000000002,62.416666666666664,2.6416666666666666,6.5,0.0,508.0,0.0,70.2,49.13333333333333,1.9625,53.2,27.979166666666668,2.7733333333333334,23.2,15.387500000000001,1.7888888888888888,12.1,7.141666666666667,1.71,1.3,0.8208333333333334,0.13,NO2,2.7733333333333334,8,2020,False
2020-08-28,22.8,18.7,65.375,4.633333333333334,7.8,1.8,403.0,0.0,61.6,39.550000000000004,1.7833333333333332,61.2,28.8125,3.0300000000000002,26.2,13.366666666666667,1.9555555555555555,9.9,6.108333333333333,1.49,3.6,1.4708333333333332,0.36000000000000004,NO2,3.0300000000000002,8,2020,False
2020-08-29,20.6,16.154166666666665,74.08333333333333,3.3625000000000003,5.5,0.0,213.0,0.0,55.7,36.31666666666667,1.6604166666666667,54.1,24.566666666666666,2.8033333333333332,17.2,8.512500000000001,1.4555555555555555,6.2,4.120833333333334,1.12,3.9,1.625,0.39,NO2,2.8033333333333332,8,2020,False
2020-08-30,20.6,15.566666666666668,77.125,2.0,3.3,5.1,0.0,0.0,65.5,30.27916666666667,1.8645833333333333,52.6,24.058333333333334,2.7533333333333334,14.2,9.5375,1.2888888888888888,9.4,5.745833333333334,1.44,0.8,0.8000000000000002,0.08000000000000002,NO2,2.7533333333333334,8,2020,False
2020-08-31,19.0,15.858333333333334,82.79166666666667,2.783333333333333,5.0,0.5,69.0,0.0,60.3,33.67916666666667,1.7562499999999999,36.0,24.912499999999998,2.2,38.9,14.683333333333335,2.4407407407407407,17.7,8.9625,2.1799999999999997,3.1,1.0458333333333334,0.31000000000000005,PM10,2.4407407407407407,8,2020,False
2020-09-01,21.7,17.23913043478261,61.78260869565217,3.604347826086957,6.0,0.0,440.0,0.0,82.4,52.52173913043478,2.1444444444444444,39.2,19.18695652173913,2.3066666666666666,16.7,8.969565217391304,1.4277777777777776,7.3,4.430434782608696,1.23,1.6,0.8347826086956524,0.16000000000000003,NO2,2.3066666666666666,9,2020,False
2020-09-02,21.7,16.175,65.125,1.5291666666666668,2.5,0.0,562.0,0.0,71.7,40.24166666666667,1.99375,70.6,30.083333333333332,3.2649999999999997,17.7,8.933333333333334,1.4833333333333334,7.0,4.583333333333333,1.2,0.8,0.8000000000000002,0.08000000000000002,NO2,3.2649999999999997,9,2020,False
2020-09-03,21.5,14.866666666666667,74.875,2.345833333333333,6.3,0.0,117.0,0.0,72.1,32.93333333333333,2.0013888888888887,50.9,39.045833333333334,2.6966666666666668,25.1,14.520833333333334,1.8944444444444444,11.9,7.345833333333334,1.69,5.9,1.7625,0.5900000000000001,NO2,2.6966666666666668,9,2020,False
2020-09-04,28.2,21.233333333333334,58.333333333333336,3.2458333333333336,6.2,0.0,264.0,0.0,98.7,43.925000000000004,2.3708333333333336,70.1,44.74583333333334,3.2525,24.1,17.1125,1.838888888888889,10.5,7.370833333333334,1.55,4.1,1.6541666666666668,0.41,NO2,3.2525,9,2020,False
2020-09-05,22.2,17.8875,69.66666666666667,2.6,5.2,0.0,196.0,0.0,75.0,37.483333333333334,2.0416666666666665,84.3,29.816666666666666,3.6075,24.8,14.0375,1.8777777777777778,14.1,8.125,1.9100000000000001,0.8,0.8000000000000002,0.08000000000000002,NO2,3.6075,9,2020,False
2020-09-06,20.0,15.720833333333333,57.5,1.9541666666666666,3.3,0.0,469.0,0.0,78.6,50.50416666666666,2.091666666666667,39.4,19.170833333333334,2.3133333333333335,13.1,8.616666666666667,1.2277777777777779,7.2,5.016666666666667,1.22,5.6,1.1041666666666667,0.5599999999999999,NO2,2.3133333333333335,9,2020,False
2020-09-07,22.6,14.570833333333333,62.75,1.4458333333333335,2.4,0.0,656.0,0.0,85.1,40.35,2.1819444444444445,57.8,31.72083333333333,2.9266666666666667,22.0,13.6625,1.7222222222222223,9.7,7.2625,1.47,0.8,0.8000000000000002,0.08000000000000002,NO2,2.9266666666666667,9,2020,False
2020-09-08,26.4,16.170833333333334,60.916666666666664,1.9416666666666667,4.2,0.0,749.0,0.0,89.5,39.77916666666666,2.2430555555555554,71.8,44.19583333333333,3.295,30.9,17.991666666666667,2.1444444444444444,14.0,8.108333333333333,1.9,8.3,1.5458333333333334,0.8300000000000001,NO2,3.295,9,2020,False
2020-09-09,27.3,18.462500000000002,63.666666666666664,2.3583333333333334,5.0,0.0,601.0,0.0,76.1,32.71666666666667,2.0569444444444445,69.3,43.9625,3.2325,33.2,18.525000000000002,2.22962962962963,15.3,8.112499999999999,2.02,16.8,2.5458333333333334,1.34,NO2,3.2325,9,2020,False
2020-09-10,23.3,19.925,58.166666666666664,2.6458333333333335,4.4,0.0,394.0,0.0,66.1,39.891666666666666,1.8770833333333332,45.5,21.886363636363637,2.5166666666666666,16.2,11.450000000000001,1.4,7.1,4.95,1.21,0.8,0.8,0.08000000000000002,NO2,2.5166666666666666,9,2020,False
2020-09-11,25.4,18.566666666666666,53.333333333333336,1.7833333333333332,2.6,0.0,675.0,0.0,96.0,43.59166666666667,2.3333333333333335,62.6,33.208333333333336,3.065,36.3,16.145833333333332,2.344444444444444,11.4,6.691666666666666,1.6400000000000001,0.8,0.8000000000000002,0.08000000000000002,NO2,3.065,9,2020,False
2020-09-12,28.1,19.433333333333334,60.375,1.8833333333333335,3.7,0.0,681.0,0.0,98.5,51.47083333333333,2.3680555555555554,59.6,38.28333333333333,2.986666666666667,27.0,18.433333333333334,2.0,12.8,9.004166666666666,1.7800000000000002,20.9,2.4125,1.545,NO2,2.986666666666667,9,2020,False
2020-09-13,28.2,19.679166666666667,60.0,1.5208333333333333,2.1,0.0,704.0,0.0,107.3,58.583333333333336,2.4902777777777776,87.3,34.645833333333336,3.6825,28.4,19.133333333333333,2.051851851851852,16.1,11.020833333333334,2.0733333333333333,7.5,1.5083333333333335,0.75,NO2,3.6825,9,2020,False
2020-09-14,31.2,22.59166666666667,52.291666666666664,2.4625,3.6,0.0,684.0,0.0,116.9,58.73333333333333,2.623611111111111,73.7,45.67083333333333,3.3425000000000002,35.1,23.375,2.3,15.2,12.0625,2.013333333333333,3.1,1.1166666666666667,0.31000000000000005,NO2,3.3425000000000002,9,2020,True
2020-09-15,30.7,22.645833333333332,56.958333333333336,1.9208333333333334,2.8,0.0,712.0,0.0,130.9,56.62083333333334,2.8180555555555555,92.4,46.925000000000004,3.81,42.2,28.283333333333335,2.562962962962963,22.2,15.745833333333332,2.48,4.7,1.3708333333333333,0.47000000000000003,NO2,3.81,9,2020,False
2020-09-16,32.3,23.104166666666668,60.541666666666664,2.0,5.4,0.0,531.0,0.0,131.4,52.00833333333333,2.825,89.4,56.541666666666664,3.7350000000000003,49.9,34.887499999999996,2.848148148148148,26.4,19.604166666666668,2.76,21.4,3.533333333333333,1.5699999999999998,NO2,3.7350000000000003,9,2020,True
2020-09-17,23.4,18.6125,55.5,6.1125,8.4,0.0,610.0,0.0,140.4,72.35000000000001,2.95,21.1,12.204166666666666,1.5550000000000002,39.6,19.166666666666668,2.466666666666667,26.3,9.054166666666667,2.7533333333333334,2.5,0.8916666666666667,0.25,O3,2.95,9,2020,False
2020-09-18,23.7,17.145833333333332,49.125,3.4791666666666665,4.6,0.0,630.0,0.0,82.8,55.1625,2.15,47.5,24.25,2.5833333333333335,35.8,18.379166666666666,2.325925925925926,21.3,6.708333333333333,2.42,0.8,0.8000000000000002,0.08000000000000002,NO2,2.5833333333333335,9,2020,False
2020-09-19,24.2,17.104166666666668,46.666666666666664,2.5833333333333335,3.5,0.0,683.0,0.0,91.9,54.90416666666667,2.276388888888889,61.7,28.945833333333336,3.0425,26.7,16.724999999999998,1.9833333333333334,10.9,6.266666666666667,1.59,2.2,0.9291666666666667,0.22000000000000003,NO2,3.0425,9,2020,False
2020-09-20,25.0,18.037499999999998,47.625,2.7875,4.3,0.0,669.0,0.0,101.3,57.07083333333333,2.4069444444444446,68.9,25.412499999999998,3.2225,26.5,18.224999999999998,1.9722222222222223,13.5,7.9375,1.85,0.8,0.8000000000000002,0.08000000000000002,NO2,3.2225,9,2020,False
2020-09-21,25.8,17.8875,49.791666666666664,1.9666666666666668,2.8,0.0,689.0,0.0,98.8,55.675000000000004,2.3722222222222222,72.8,39.65,3.32,39.3,23.366666666666664,2.4555555555555553,14.1,8.758333333333333,1.9100000000000001,1.9,0.9083333333333333,0.19,NO2,3.32,9,2020,False
2020-09-22,26.5,17.400000000000002,61.083333333333336,1.625,3.6,0.0,626.0,0.0,123.3,44.3125,2.7125,117.4,59.68333333333334,4.348,49.1,30.224999999999998,2.8185185185185184,22.1,13.008333333333333,2.4733333333333336,10.8,2.1333333333333333,1.04,NO2,4.348,9,2020,False
2020-09-23,24.4,19.337500000000002,60.583333333333336,3.704166666666666,6.8,0.0,434.0,0.0,101.2,51.8125,2.4055555555555554,71.0,46.958333333333336,3.275,52.0,31.45,2.9259259259259256,18.5,13.9,2.2333333333333334,5.9,2.1708333333333334,0.5900000000000001,NO2,3.275,9,2020,False
2020-09-24,20.5,16.870833333333334,68.33333333333333,4.779166666666666,8.9,3.1,366.0,0.0,61.3,43.4375,1.7770833333333331,45.7,30.795833333333334,2.5233333333333334,22.9,13.275,1.7722222222222221,11.1,5.758333333333333,1.6099999999999999,3.6,1.8333333333333333,0.36000000000000004,NO2,2.5233333333333334,9,2020,False
2020-09-25,13.8,11.841666666666667,82.29166666666667,4.7375,5.9,2.8,17.0,0.0,51.8,39.479166666666664,1.5791666666666666,37.7,24.291666666666668,2.256666666666667,10.8,7.1000000000000005,1.1,4.4,3.2875,0.8800000000000001,4.4,1.8125,0.44000000000000006,NO2,2.256666666666667,9,2020,False
2020-09-26,12.6,10.595833333333333,81.0,4.666666666666667,6.6,14.1,0.0,0.0,44.0,31.8875,1.4166666666666665,31.0,23.208333333333332,2.033333333333333,8.3,5.2,0.9222222222222223,5.3,2.7624999999999997,1.03,9.1,3.725,0.91,NO2,2.033333333333333,9,2020,False
2020-09-27,12.6,10.383333333333333,85.79166666666667,2.983333333333333,4.8,11.3,9.0,0.0,50.6,33.47083333333333,1.5541666666666667,38.7,18.729166666666668,2.29,8.3,4.516666666666667,0.9222222222222223,7.2,3.2125,1.22,3.1,1.1041666666666667,0.31000000000000005,NO2,2.29,9,2020,False
2020-09-28,16.2,10.970833333333333,77.58333333333333,2.1583333333333337,3.8,0.0,278.0,0.0,34.0,13.387500000000001,1.2083333333333333,41.4,30.433333333333334,2.38,19.0,10.275,1.5555555555555556,11.4,5.4375,1.6400000000000001,7.1,1.7375,0.71,NO2,2.38,9,2020,False
2020-09-29,14.1,11.75,92.41666666666667,2.1625,3.8,0.7,0.0,0.0,20.0,6.766666666666667,0.8333333333333333,38.4,30.150000000000002,2.28,21.5,11.120833333333332,1.6944444444444444,13.3,6.8999999999999995,1.83,1.2,0.8333333333333334,0.12,NO2,2.28,9,2020,False
2020-09-30,18.1,13.658333333333333,85.20833333333333,1.7291666666666667,2.6,0.0,210.0,0.0,42.6,17.936363636363637,1.3875,48.1,34.5,2.6033333333333335,22.0,18.01666666666667,1.7222222222222223,16.9,13.6,2.1266666666666665,4.4,1.3318181818181818,0.44000000000000006,NO2,2.6033333333333335,9,2020,False
2020-10-01,17.1,12.773913043478261,88.82608695652173,2.3391304347826085,4.8,1.4,74.0,0.0,30.3,13.23913043478261,1.13125,45.3,34.8304347826087,2.51,29.8,20.02608695652174,2.1037037037037036,20.4,15.117391304347825,2.36,9.7,2.5782608695652174,0.97,NO2,2.51,10,2020,False
2020-10-02,20.0,14.629166666666668,78.875,3.0875,4.8,0.0,177.0,0.0,52.3,27.645833333333332,1.5895833333333331,39.9,27.212500000000002,2.33,21.1,13.137500000000001,1.6722222222222223,15.4,8.604166666666666,2.026666666666667,1.7,0.9541666666666667,0.17,NO2,2.33,10,2020,False
2020-10-03,17.4,13.4125,81.66666666666667,3.5749999999999997,8.6,3.0000000000000004,68.0,0.0,51.0,32.199999999999996,1.5625,45.2,24.0125,2.506666666666667,26.2,11.483333333333334,1.9555555555555555,22.6,8.0375,2.506666666666667,3.3,1.0416666666666667,0.33,NO2,2.506666666666667,10,2020,False
2020-10-04,15.5,12.408333333333333,69.95833333333333,5.6125,10.0,0.7999999999999999,93.0,0.0,59.0,42.46666666666667,1.7291666666666665,37.6,20.5,2.2533333333333334,8.9,5.633333333333333,0.9888888888888889,6.8,3.095833333333333,1.18,5.1,1.5625,0.51,NO2,2.2533333333333334,10,2020,False
2020-10-05,13.2,10.975,84.79166666666667,4.683333333333334,8.1,2.2,57.0,0.0,44.5,25.90416666666667,1.4270833333333333,39.3,25.8875,2.31,9.7,5.6875,1.0388888888888888,4.1,2.8083333333333336,0.82,5.0,2.1333333333333333,0.5,NO2,2.31,10,2020,False
2020-10-06,13.8,12.237499999999999,86.5,6.325,8.6,5.8,4.0,0.0,41.3,30.954166666666666,1.3604166666666666,40.0,24.05,2.3333333333333335,13.8,6.129166666666666,1.2666666666666666,6.8,3.2541666666666664,1.18,6.6,2.0416666666666665,0.66,NO2,2.3333333333333335,10,2020,False
2020-10-07,16.2,13.320833333333333,73.91666666666667,5.808333333333334,9.0,0.0,75.0,0.0,50.6,32.1875,1.5541666666666667,51.7,29.554166666666664,2.7233333333333336,12.4,7.908333333333332,1.1888888888888889,5.7,3.783333333333333,1.07,2.7,1.3416666666666668,0.27,NO2,2.7233333333333336,10,2020,False
2020-10-08,15.9,12.245833333333332,87.33333333333333,5.166666666666667,7.9,1.3,1.0,0.0,34.8,22.474999999999998,1.2249999999999999,38.5,27.59166666666667,2.283333333333333,13.2,9.85,1.2333333333333334,8.7,5.904166666666666,1.3699999999999999,5.5,1.6083333333333334,0.55,NO2,2.283333333333333,10,2020,False
2020-10-09,15.7,14.266666666666666,91.125,4.291666666666667,7.4,14.5,0.0,0.0,37.9,23.3875,1.2895833333333333,36.6,27.995833333333334,2.22,12.6,9.987499999999999,1.2,8.8,6.8125,1.3800000000000001,3.3,1.175,0.33,NO2,2.22,10,2020,False
2020-10-10,14.6,10.4,78.25,3.4375,4.8,0.1,357.0,0.0,59.7,31.733333333333334,1.74375,50.6,27.125,2.6866666666666665,13.5,9.637500000000001,1.25,8.8,5.416666666666667,1.3800000000000001,0.8,0.8000000000000002,0.08000000000000002,NO2,2.6866666666666665,10,2020,False
2020-10-11,12.9,8.783333333333333,74.79166666666667,2.720833333333333,4.1,0.2,372.0,0.0,62.7,31.7,1.80625,51.8,25.6125,2.7266666666666666,12.4,8.1,1.1888888888888889,7.4,5.0625,1.24,1.8,0.8416666666666668,0.18000000000000002,NO2,2.7266666666666666,10,2020,False
2020-10-12,13.7,9.808333333333334,82.33333333333333,2.8041666666666667,3.9,0.30000000000000004,176.0,0.0,48.9,32.641666666666666,1.5187499999999998,44.9,25.870833333333334,2.4966666666666666,18.0,11.054166666666667,1.5,10.4,7.125,1.54,0.8,0.8000000000000002,0.08000000000000002,NO2,2.4966666666666666,10,2020,False
2020-10-13,12.6,8.3125,84.625,1.4708333333333332,2.7,0.0,215.0,0.0,44.3,16.895833333333332,1.4229166666666666,43.3,31.849999999999998,2.4433333333333334,25.4,14.829166666666666,1.911111111111111,20.3,10.979166666666666,2.3533333333333335,0.8,0.8000000000000002,0.08000000000000002,NO2,2.4433333333333334,10,2020,False
2020-10-14,11.9,9.316666666666666,76.91666666666667,3.5666666666666664,5.3,0.8,0.0,0.0,47.9,32.487500000000004,1.4979166666666666,33.7,20.954166666666666,2.1233333333333335,13.8,7.729166666666667,1.2666666666666666,8.1,4.9750000000000005,1.31,0.8,0.8000000000000002,0.08000000000000002,NO2,2.1233333333333335,10,2020,False
2020-10-15,10.7,9.4375,81.75,5.204166666666667,6.7,1.2,0.0,0.0,43.9,31.579166666666666,1.4145833333333333,20.6,14.629166666666668,1.5300000000000002,12.6,4.7124999999999995,1.2,9.4,2.9250000000000003,1.44,0.8,0.8000000000000002,0.08000000000000002,NO2,1.5300000000000002,10,2020,False
2020-10-16,11.6,10.170833333333333,76.16666666666667,4.7749999999999995,6.1,0.0,0.0,0.0,40.9,32.93333333333333,1.3520833333333333,28.3,16.945833333333333,1.915,7.5,5.991666666666667,0.8333333333333333,5.0,3.8166666666666664,1.0,0.8,0.8000000000000002,0.08000000000000002,NO2,1.915,10,2020,False
2020-10-17,11.0,8.641666666666667,76.58333333333333,2.125,4.5,0.0,29.0,0.0,39.0,23.599999999999998,1.3125,37.0,24.775000000000002,2.2333333333333334,20.5,12.820833333333333,1.6388888888888888,16.0,9.3125,2.066666666666667,0.8,0.8000000000000002,0.08000000000000002,NO2,2.2333333333333334,10,2020,False
2020-10-18,10.8,6.029166666666666,86.875,1.325,3.1,0.0,0.0,0.0,18.9,5.358333333333333,0.7874999999999999,48.4,30.604166666666668,2.6133333333333333,35.4,24.808333333333334,2.311111111111111,30.7,20.837500000000002,3.035,2.1,0.8791666666666668,0.21000000000000002,PM2.5,3.035,10,2020,False
2020-10-19,13.0,9.183333333333334,79.83333333333333,2.016666666666667,2.7,0.0,328.0,0.0,39.7,11.470833333333333,1.3270833333333334,47.1,35.12083333333333,2.5700000000000003,40.3,29.462500000000002,2.4925925925925925,30.6,24.270833333333332,3.0300000000000002,2.2,1.05,0.22000000000000003,PM2.5,3.0300000000000002,10,2020,False
2020-10-20,13.2,7.291666666666667,86.875,1.6458333333333333,3.4,0.30000000000000004,134.0,0.0,9.8,4.2375,0.4083333333333333,56.1,44.88333333333333,2.87,33.6,25.025000000000002,2.2444444444444445,23.8,17.954166666666666,2.586666666666667,5.3,1.5374999999999999,0.53,NO2,2.87,10,2020,False
2020-10-21,18.3,12.820833333333333,81.125,2.0958333333333337,5.8,0.1,203.0,0.0,19.1,3.9250000000000003,0.7958333333333334,64.8,43.35833333333333,3.12,50.3,23.983333333333334,2.8629629629629627,35.2,15.3125,3.2600000000000002,8.1,2.2916666666666665,0.81,PM2.5,3.2600000000000002,10,2020,False
2020-10-22,20.7,15.991666666666667,71.79166666666667,3.7624999999999997,5.9,0.0,271.0,0.0,51.8,17.091666666666665,1.5791666666666666,61.4,47.14166666666667,3.035,51.4,38.74166666666667,2.9037037037037035,25.2,15.329166666666666,2.6799999999999997,4.4,2.0791666666666666,0.44000000000000006,NO2,3.035,10,2020,False
2020-10-23,15.5,14.516666666666666,94.875,3.7416666666666667,4.3,2.5,0.0,0.0,43.2,20.804347826086957,1.4,43.3,33.095652173913045,2.4433333333333334,40.4,30.2625,2.496296296296296,19.1,15.608333333333334,2.2733333333333334,10.6,4.613043478260869,1.03,PM10,2.496296296296296,10,2020,False
2020-10-24,15.3,12.629166666666668,85.08333333333333,3.983333333333334,8.0,0.1,80.0,0.0,53.6,25.037499999999998,1.6166666666666667,39.0,26.962500000000002,2.3,22.1,14.354166666666666,1.7277777777777779,16.4,9.733333333333333,2.0933333333333333,10.8,3.3083333333333336,1.04,NO2,2.3,10,2020,False
2020-10-25,16.4,12.272,81.56,3.6,5.8,3.9,237.0,0.0,40.4,28.708000000000002,1.3416666666666666,47.6,26.531999999999996,2.586666666666667,12.8,7.312,1.2111111111111112,7.4,4.248,1.24,9.5,3.2,0.9500000000000001,NO2,2.586666666666667,10,2020,False
2020-10-26,11.4,10.0875,90.875,3.8375,5.4,6.0,10.0,0.0,40.2,26.287499999999998,1.3375,43.9,31.05,2.4633333333333334,13.6,9.265217391304347,1.2555555555555555,9.7,5.521739130434782,1.47,8.4,3.295833333333333,0.8400000000000001,NO2,2.4633333333333334,10,2020,False
2020-10-27,11.9,9.241666666666667,82.66666666666667,4.716666666666667,6.3,0.1,44.0,0.0,33.8,19.650000000000002,1.2041666666666666,38.1,29.333333333333332,2.27,17.4,11.508333333333333,1.4666666666666666,11.2,6.75,1.62,8.8,3.658333333333333,0.8800000000000001,NO2,2.27,10,2020,False
2020-10-28,14.4,11.658333333333333,78.125,5.2875000000000005,6.7,3.4,111.0,0.0,39.3,28.208333333333332,1.3187499999999999,48.7,29.691666666666666,2.6233333333333335,12.4,8.008333333333333,1.1888888888888889,7.2,4.458333333333333,1.22,5.6,2.8958333333333335,0.5599999999999999,NO2,2.6233333333333335,10,2020,False
2020-10-29,12.8,10.770833333333334,87.29166666666667,4.908333333333333,7.7,7.8,116.0,0.0,50.8,30.495833333333334,1.5583333333333331,55.3,31.150000000000002,2.8433333333333333,19.1,8.516666666666667,1.5611111111111111,15.1,5.033333333333333,2.006666666666667,5.8,1.8583333333333334,0.58,NO2,2.8433333333333333,10,2020,False
2020-10-30,15.2,13.204166666666666,88.16666666666667,5.333333333333333,6.4,1.2,0.0,0.0,37.6,23.516666666666666,1.2833333333333332,46.3,31.599999999999998,2.543333333333333,14.3,10.125,1.2944444444444445,10.9,5.545833333333333,1.59,8.2,3.2541666666666664,0.82,NO2,2.543333333333333,10,2020,False
2020-10-31,16.9,12.591666666666667,80.41666666666667,2.595833333333333,3.9,0.0,402.0,0.0,52.9,24.879166666666666,1.6020833333333333,67.5,34.44166666666667,3.1875,22.8,14.25,1.7666666666666666,13.9,8.0625,1.8900000000000001,4.7,1.8291666666666666,0.47000000000000003,NO2,3.1875,10,2020,False
2020-11-01,15.7,13.547826086956523,93.3913043478261,4.4173913043478255,6.0,3.6,0.0,0.0,30.5,15.08695652173913,1.1354166666666667,47.3,28.59130434782609,2.5766666666666667,19.7,12.791304347826086,1.5944444444444443,15.0,9.826086956521738,2.0,6.3,2.360869565217391,0.63,NO2,2.5766666666666667,11,2020,False
2020-11-02,22.3,18.683333333333334,73.75,6.204166666666667,8.9,1.1,256.0,0.0,39.8,24.920833333333334,1.3291666666666666,51.6,25.570833333333336,2.72,13.5,9.895833333333334,1.25,6.6,4.595833333333333,1.16,6.1,2.158333333333333,0.61,NO2,2.72,11,2020,False
2020-11-03,13.5,12.283333333333333,70.54166666666667,3.779166666666667,5.3,0.0,60.0,0.0,65.0,40.69583333333333,1.8541666666666665,57.2,31.97083333333333,2.9066666666666667,24.9,14.833333333333334,1.8833333333333333,10.6,7.008333333333333,1.56,1.4,0.8458333333333333,0.13999999999999999,NO2,2.9066666666666667,11,2020,False
2020-11-04,11.3,6.208333333333333,82.08333333333333,1.8625,3.2,0.0,364.0,0.0,45.5,21.17083333333333,1.4479166666666665,75.1,37.800000000000004,3.3775,22.3,13.629166666666668,1.738888888888889,12.3,7.2250000000000005,1.73,0.8,0.8000000000000002,0.08000000000000002,NO2,3.3775,11,2020,False
2020-11-05,10.8,4.258333333333334,83.375,1.8333333333333333,2.9,0.0,538.0,0.0,49.1,11.162500000000001,1.5229166666666667,76.4,43.9375,3.41,27.5,18.5125,2.0185185185185186,20.6,12.4125,2.3733333333333335,0.8,0.8000000000000002,0.08000000000000002,NO2,3.41,11,2020,False
2020-11-06,11.3,4.504166666666666,76.625,1.9708333333333332,3.2,0.0,543.0,0.0,30.8,7.466666666666666,1.1416666666666666,75.6,45.270833333333336,3.3899999999999997,36.9,18.3875,2.3666666666666667,24.1,12.495833333333332,2.606666666666667,2.0,0.9083333333333333,0.2,NO2,3.3899999999999997,11,2020,False
2020-11-07,11.5,5.308333333333333,79.625,2.2291666666666665,3.2,0.0,464.0,0.0,14.9,3.904166666666667,0.6208333333333333,63.9,42.40416666666667,3.0975,39.0,24.78333333333333,2.4444444444444446,28.6,19.183333333333334,2.9066666666666667,2.6,1.1958333333333333,0.26,NO2,3.0975,11,2020,False
2020-11-08,10.8,5.795833333333333,88.41666666666667,1.0833333333333333,2.1,0.0,221.0,0.0,6.7,1.8791666666666667,0.2791666666666667,49.4,35.4375,2.6466666666666665,51.6,32.93333333333333,2.911111111111111,43.3,26.695833333333336,3.665,16.2,3.625,1.31,PM2.5,3.665,11,2020,False
2020-11-09,14.1,8.5625,86.25,1.5708333333333335,2.4,1.0,373.0,0.0,4.1,1.2125,0.1708333333333333,45.6,35.204166666666666,2.52,47.8,35.40833333333333,2.77037037037037,37.9,26.037499999999998,3.395,6.6,2.2083333333333335,0.66,PM2.5,3.395,11,2020,False
2020-11-10,6.5,5.833333333333333,93.5,1.6833333333333333,2.6,0.0,0.0,0.0,2.8,0.9249999999999999,0.11666666666666665,36.2,30.866666666666664,2.2066666666666666,30.4,24.170833333333334,2.1259259259259258,23.6,18.825,2.5733333333333333,2.5,1.0625,0.25,PM2.5,2.5733333333333333,11,2020,False
2020-11-11,8.8,7.133333333333333,95.91666666666667,1.2208333333333334,1.8,0.1,0.0,0.0,11.7,1.2874999999999999,0.48749999999999993,49.2,30.962500000000002,2.64,29.2,20.145833333333332,2.0814814814814815,24.2,16.3125,2.6133333333333333,3.4,1.0,0.34,NO2,2.64,11,2020,False
2020-11-12,11.6,8.5875,94.625,3.045833333333333,5.2,0.2,66.0,0.0,6.5,1.7958333333333334,0.2708333333333333,41.9,33.49166666666667,2.3966666666666665,29.0,23.379166666666666,2.074074074074074,22.2,17.816666666666666,2.48,7.0,1.6416666666666666,0.7000000000000001,PM2.5,2.48,11,2020,False
2020-11-13,9.3,7.083333333333333,98.45833333333333,1.4458333333333335,2.4,0.30000000000000004,0.0,0.0,2.0,0.8666666666666667,0.08333333333333333,49.2,36.916666666666664,2.64,41.9,26.870833333333334,2.551851851851852,30.9,21.1375,3.045,2.9,1.0958333333333334,0.29,PM2.5,3.045,11,2020,False
2020-11-14,16.7,10.504166666666666,88.66666666666667,1.3541666666666667,3.4,0.0,355.0,0.0,21.7,5.641666666666667,0.9041666666666666,72.0,39.93333333333333,3.3,37.5,26.474999999999998,2.388888888888889,26.2,18.920833333333334,2.7466666666666666,10.0,2.283333333333333,1.0,NO2,3.3,11,2020,False
2020-11-15,16.5,11.058333333333332,81.25,2.875,6.4,2.0,350.0,0.0,43.2,14.0,1.4,63.6,33.166666666666664,3.09,42.3,22.766666666666666,2.5666666666666664,32.6,16.275000000000002,3.13,3.7,1.2666666666666668,0.37000000000000005,PM2.5,3.13,11,2020,False
2020-11-16,12.4,11.054166666666667,78.04166666666667,5.9624999999999995,7.8,0.2,34.0,0.0,59.2,36.137499999999996,1.7333333333333334,40.0,29.054166666666664,2.3333333333333335,16.5,10.120833333333334,1.4166666666666665,8.1,5.579166666666667,1.31,5.1,2.029166666666667,0.51,NO2,2.3333333333333335,11,2020,False
2020-11-17,12.3,10.366666666666667,81.5,4.341666666666667,6.1,0.0,47.0,0.0,34.8,21.711111111111112,1.2249999999999999,44.9,32.794444444444444,2.4966666666666666,19.8,12.924999999999999,1.6,10.7,7.3999999999999995,1.5699999999999998,5.9,1.4333333333333333,0.5900000000000001,NO2,2.4966666666666666,11,2020,False
2020-11-18,12.8,9.137500000000001,82.58333333333333,2.5791666666666666,3.9,0.0,460.0,0.0,34.1,13.691304347826087,1.2104166666666667,65.2,40.93636363636364,3.13,31.0,25.533333333333335,2.148148148148148,19.3,15.433333333333334,2.2866666666666666,3.7,1.235,0.37000000000000005,NO2,3.13,11,2020,False
2020-11-19,11.6,8.504166666666666,81.70833333333333,4.333333333333333,8.6,2.0,176.0,0.0,48.8,20.658333333333335,1.5166666666666666,57.2,37.104166666666664,2.9066666666666667,26.4,14.666666666666666,1.9666666666666666,19.5,9.741666666666667,2.3,1.4,0.8260869565217391,0.13999999999999999,NO2,2.9066666666666667,11,2020,False
2020-11-20,6.9,3.4875000000000003,88.08333333333333,2.4833333333333334,4.3,0.0,0.0,0.0,51.8,26.25,1.5791666666666666,67.6,36.17826086956522,3.19,31.1,17.654166666666665,2.151851851851852,17.8,10.741666666666667,2.1866666666666665,0.8,0.8,0.08000000000000002,NO2,3.19,11,2020,False
2020-11-21,5.5,0.9458333333333333,93.16666666666667,1.75,3.1,0.0,174.0,0.0,9.3,2.5541666666666667,0.3875,55.2,42.34583333333333,2.84,37.9,26.7,2.4037037037037035,29.4,20.958333333333332,2.96,5.6,1.4041666666666668,0.5599999999999999,PM2.5,2.96,11,2020,False
2020-11-22,6.5,3.9333333333333336,83.41666666666667,3.5041666666666664,4.1,0.0,0.0,0.0,10.9,5.625,0.45416666666666666,45.8,39.56666666666667,2.5266666666666664,28.8,25.525000000000002,2.066666666666667,24.2,22.041666666666668,2.6133333333333333,4.8,2.316666666666667,0.48,PM2.5,2.6133333333333333,11,2020,False
2020-11-23,7.8,6.320833333333333,92.125,2.3125,3.7,0.0,0.0,0.0,9.9,4.066666666666666,0.4125,44.5,37.11666666666667,2.4833333333333334,40.9,32.0,2.5148148148148146,31.1,26.6875,3.055,3.4,1.25,0.34,PM2.5,3.055,11,2020,False
2020-11-24,6.6,5.441666666666666,91.41666666666667,1.4541666666666666,2.5,0.0,0.0,0.0,17.3,11.383333333333333,0.7208333333333333,41.5,28.858333333333334,2.3833333333333333,29.6,17.866666666666667,2.0962962962962965,25.6,15.283333333333333,2.706666666666667,0.8,0.8000000000000002,0.08000000000000002,PM2.5,2.706666666666667,11,2020,False
2020-11-25,5.7,3.716666666666667,91.20833333333333,1.8208333333333335,3.8,0.0,12.0,0.0,19.7,5.870833333333334,0.8208333333333333,41.3,30.5625,2.3766666666666665,40.5,28.775000000000002,2.5,35.4,24.587500000000002,3.27,1.9,0.8624999999999999,0.19,PM2.5,3.27,11,2020,False
2020-11-26,3.0,2.1750000000000003,94.625,1.2458333333333333,1.8,0.0,0.0,0.0,2.1,0.7916666666666666,0.0875,47.5,35.55833333333333,2.5833333333333335,36.3,28.266666666666666,2.344444444444444,31.5,24.40416666666667,3.075,1.3,0.8625000000000002,0.13,PM2.5,3.075,11,2020,False
2020-11-27,6.4,2.625,89.83333333333333,1.3291666666666668,2.6,0.1,240.0,0.0,4.1,1.2625,0.1708333333333333,43.6,33.612500000000004,2.453333333333333,34.2,24.541666666666668,2.2666666666666666,27.3,20.308333333333334,2.8200000000000003,2.3,0.9916666666666667,0.22999999999999998,PM2.5,2.8200000000000003,11,2020,False
2020-11-28,3.3,1.5208333333333333,91.91666666666667,2.968421052631579,3.9,0.0,125.0,0.0,14.0,3.15,0.5833333333333333,35.5,26.3625,2.183333333333333,22.4,17.954166666666666,1.7444444444444445,20.3,16.375,2.3533333333333335,0.8,0.8000000000000002,0.08000000000000002,PM2.5,2.3533333333333335,11,2020,False
2020-11-29,3.4,1.0666666666666667,75.125,2.388888888888889,4.0,0.0,171.0,0.0,32.6,20.570833333333333,1.1791666666666667,53.7,23.004166666666666,2.79,26.2,21.545833333333334,1.9555555555555555,23.0,19.833333333333332,2.533333333333333,0.8,0.8000000000000002,0.08000000000000002,NO2,2.79,11,2020,False
2020-11-30,2.1,-1.5416666666666667,85.20833333333333,2.620833333333333,6.1,1.7999999999999998,452.0,0.0,6.3,1.5625,0.26249999999999996,54.6,43.65,2.8200000000000003,45.4,30.516666666666666,2.681481481481481,36.9,25.191666666666666,3.3449999999999998,6.1,2.1125000000000003,0.61,PM2.5,3.3449999999999998,11,2020,False
2020-12-01,1.9,0.8565217391304347,97.47826086956522,3.576470588235294,5.7,3.6999999999999997,0.0,0.0,17.7,5.047826086956522,0.7374999999999999,41.3,33.6,2.3766666666666665,41.2,29.356521739130436,2.525925925925926,38.3,26.404347826086955,3.415,5.0,1.3521739130434782,0.5,PM2.5,3.415,12,2020,False
2020-12-02,2.5,1.8541666666666667,88.08333333333333,,,0.0,0.0,0.0,11.4,4.175,0.475,41.5,33.27916666666667,2.3833333333333333,30.2,23.78333333333333,2.1185185185185187,29.5,20.695833333333333,2.966666666666667,0.8,0.8000000000000002,0.08000000000000002,PM2.5,2.966666666666667,12,2020,False
2020-12-03,3.6,1.9166666666666667,85.45833333333333,3.1399999999999997,3.3,0.1,17.0,0.0,20.0,7.449999999999999,0.8333333333333333,44.6,32.574999999999996,2.486666666666667,26.6,20.8875,1.9777777777777779,24.4,18.720833333333335,2.6266666666666665,4.9,1.425,0.49000000000000005,PM2.5,2.6266666666666665,12,2020,False
2020-12-04,7.6,4.341666666666667,83.25,2.7125,3.9,4.6,8.0,0.0,25.2,8.191666666666666,1.025,67.6,41.708333333333336,3.19,30.4,17.829166666666666,2.1259259259259258,27.4,14.833333333333334,2.8266666666666667,0.8,0.8000000000000002,0.08000000000000002,NO2,3.19,12,2020,False
2020-12-05,5.3,3.0500000000000003,91.79166666666667,2.0458333333333334,3.0,5.1000000000000005,18.0,0.0,15.4,3.9,0.6416666666666666,47.9,39.9375,2.5966666666666667,32.7,23.037499999999998,2.2111111111111112,28.5,20.804166666666667,2.9,0.8,0.8000000000000002,0.08000000000000002,PM2.5,2.9,12,2020,False
2020-12-06,4.5,3.641666666666667,95.33333333333333,1.9000000000000001,3.2,2.3,0.0,0.0,18.1,8.266666666666667,0.7541666666666667,41.3,32.550000000000004,2.3766666666666665,23.0,18.333333333333332,1.7777777777777777,21.4,16.816666666666666,2.4266666666666667,0.8,0.8000000000000002,0.08000000000000002,PM2.5,2.4266666666666667,12,2020,False
2020-12-07,5.1,4.008333333333334,94.75,2.6083333333333334,4.2,2.5,22.0,0.0,20.2,7.204166666666667,0.8416666666666666,53.9,38.0875,2.796666666666667,27.3,15.579166666666666,2.011111111111111,19.4,13.283333333333333,2.293333333333333,3.8,0.9916666666666667,0.38,NO2,2.796666666666667,12,2020,False
2020-12-08,5.1,2.3375,86.875,1.7458333333333333,2.8,0.0,141.0,0.0,30.6,11.920833333333334,1.1375,53.0,35.37083333333333,2.7666666666666666,34.5,21.066666666666666,2.2777777777777777,26.4,15.929166666666667,2.76,1.4,0.8250000000000001,0.13999999999999999,NO2,2.7666666666666666,12,2020,False
2020-12-09,3.8,1.3208333333333333,90.5,1.3916666666666666,3.1,0.0,54.0,0.0,4.3,0.8541666666666666,0.17916666666666664,52.8,40.704166666666666,2.76,37.8,31.233333333333334,2.4,31.2,24.724999999999998,3.06,2.6,1.2791666666666666,0.26,PM2.5,3.06,12,2020,False
2020-12-10,1.6,1.1208333333333333,80.79166666666667,1.6416666666666666,3.0,0.0,0.0,0.0,22.6,15.641666666666666,0.9416666666666667,48.8,32.59583333333333,2.6266666666666665,35.3,21.712500000000002,2.3074074074074074,31.0,17.866666666666667,3.05,1.3,0.8208333333333334,0.13,PM2.5,3.05,12,2020,False
2020-12-11,4.3,2.5500000000000003,84.54166666666667,1.7416666666666665,2.8,1.2000000000000002,15.0,0.0,11.4,6.129166666666666,0.475,45.4,34.458333333333336,2.513333333333333,27.0,21.820833333333336,2.0,21.9,18.991666666666667,2.46,3.2,0.9458333333333334,0.32000000000000006,NO2,2.513333333333333,12,2020,False
2020-12-12,5.2,4.625,97.20833333333333,1.5374999999999999,2.1,1.4000000000000001,0.0,0.0,15.8,4.8500000000000005,0.6583333333333333,39.6,34.708333333333336,2.3200000000000003,30.5,20.675,2.1296296296296298,27.8,18.5125,2.8533333333333335,0.8,0.8000000000000002,0.08000000000000002,PM2.5,2.8533333333333335,12,2020,False
2020-12-13,9.8,5.695833333333333,92.79166666666667,1.9449999999999998,3.3,0.0,61.0,0.0,24.4,6.066666666666666,1.0083333333333333,46.8,33.88333333333333,2.56,31.7,22.150000000000002,2.174074074074074,29.9,17.779166666666665,2.993333333333333,2.1,0.9791666666666666,0.21000000000000002,PM2.5,2.993333333333333,12,2020,False
2020-12-14,7.8,4.204166666666667,89.66666666666667,1.2249999999999999,2.8,0.0,96.0,0.0,8.7,2.183333333333333,0.36249999999999993,61.2,42.93333333333334,3.0300000000000002,26.0,18.662499999999998,1.9444444444444444,14.5,12.483333333333334,1.9500000000000002,4.8,1.4625000000000001,0.48,NO2,3.0300000000000002,12,2020,False
2020-12-15,7.4,5.933333333333334,95.25,1.5374999999999999,2.6,2.9,0.0,0.0,1.9,0.9666666666666667,0.07916666666666666,47.2,36.80833333333333,2.5733333333333333,23.6,18.833333333333332,1.8111111111111111,18.1,14.804166666666667,2.2066666666666666,3.3,1.2166666666666668,0.33,NO2,2.5733333333333333,12,2020,False
2020-12-16,10.1,7.4624999999999995,95.83333333333333,1.7750000000000001,2.7,0.0,46.0,0.0,4.6,1.0916666666666666,0.19166666666666665,45.8,37.541666666666664,2.5266666666666664,30.9,22.195833333333336,2.1444444444444444,22.5,17.879166666666666,2.5,1.5,0.8624999999999999,0.15000000000000002,NO2,2.5266666666666664,12,2020,False
2020-12-17,8.0,4.8999999999999995,97.5,1.7833333333333332,3.7,0.0,45.0,0.0,2.8,1.2272727272727273,0.11666666666666665,49.4,37.627272727272725,2.6466666666666665,41.8,27.291666666666668,2.5481481481481483,31.1,20.558333333333334,3.055,2.7,1.4909090909090907,0.27,PM2.5,3.055,12,2020,False
2020-12-18,5.2,4.2250000000000005,99.875,1.6125,2.6,0.0,0.0,0.0,7.1,2.0708333333333333,0.2958333333333333,51.1,38.975,2.703333333333333,33.3,20.8125,2.2333333333333334,27.3,17.358333333333334,2.8200000000000003,0.8,0.8000000000000002,0.08000000000000002,PM2.5,2.8200000000000003,12,2020,False
2020-12-19,7.8,4.75,90.04166666666667,1.7291666666666667,2.5,0.0,154.0,0.0,4.2,1.0791666666666666,0.175,43.7,33.887499999999996,2.456666666666667,27.8,20.9375,2.0296296296296297,22.6,16.849999999999998,2.506666666666667,3.3,1.0458333333333334,0.33,PM2.5,2.506666666666667,12,2020,False
2020-12-20,5.5,4.825,92.91666666666667,1.6166666666666665,2.3,3.3000000000000003,0.0,0.0,2.5,0.9874999999999999,0.10416666666666666,31.7,27.27916666666667,2.0566666666666666,30.6,20.5,2.1333333333333333,27.9,18.216666666666665,2.86,0.8,0.8000000000000002,0.08000000000000002,PM2.5,2.86,12,2020,False
2020-12-21,8.6,6.854166666666667,96.70833333333333,2.4833333333333334,5.6,9.3,5.0,0.0,16.7,6.116666666666667,0.6958333333333333,47.8,36.42916666666667,2.5933333333333333,29.8,16.116666666666667,2.1037037037037036,28.0,13.845833333333333,2.8666666666666667,0.8,0.8000000000000002,0.08000000000000002,PM2.5,2.8666666666666667,12,2020,False
2020-12-22,14.4,12.129166666666668,90.29166666666667,6.308333333333334,8.9,6.6,1.0,0.0,24.3,17.366666666666667,1.00625,38.5,30.28333333333333,2.283333333333333,11.4,4.5249999999999995,1.1333333333333333,10.4,3.3000000000000003,1.54,5.0,1.4458333333333335,0.5,NO2,2.283333333333333,12,2020,False
2020-12-23,13.0,12.012500000000001,94.95833333333333,4.1625000000000005,6.2,23.5,0.0,0.0,37.3,19.583333333333332,1.2770833333333331,52.2,28.541666666666668,2.74,8.4,5.4875,0.9333333333333333,6.4,3.8791666666666664,1.1400000000000001,5.9,1.4375,0.5900000000000001,NO2,2.74,12,2020,False
2020-12-24,11.1,7.291666666666667,82.0,4.8125,7.8,5.1,62.0,0.0,55.7,42.05416666666667,1.6604166666666667,32.0,21.691666666666666,2.066666666666667,9.8,4.920833333333333,1.0444444444444445,4.8,2.8375,0.96,4.4,1.0625,0.44000000000000006,NO2,2.066666666666667,12,2020,False
2020-12-25,5.6,3.483333333333333,77.79166666666667,2.5833333333333335,4.0,0.6,300.0,0.0,54.3,41.15,1.6312499999999999,31.3,15.270833333333334,2.0433333333333334,22.6,7.291666666666667,1.7555555555555555,15.8,5.2875000000000005,2.0533333333333332,0.8,0.8000000000000002,0.08000000000000002,PM2.5,2.0533333333333332,12,2020,False
2020-12-26,3.4,0.9791666666666666,88.04166666666667,3.6625,7.1,0.0,58.0,0.0,42.6,24.474999999999998,1.3875,38.4,26.958333333333332,2.28,21.8,15.700000000000001,1.7111111111111112,17.5,12.833333333333334,2.1666666666666665,5.1,1.3708333333333333,0.51,NO2,2.28,12,2020,False
2020-12-27,5.8,2.504166666666667,74.0,6.733333333333333,8.4,0.1,0.0,0.0,61.5,47.34166666666667,1.78125,24.7,16.958333333333332,1.7349999999999999,11.8,6.766666666666667,1.1555555555555557,10.5,5.579166666666667,1.55,6.5,1.5625,0.65,O3,1.78125,12,2020,False
2020-12-28,6.1,4.341666666666667,91.75,3.091666666666667,5.3,4.9,0.0,0.0,58.0,37.69583333333333,1.7083333333333333,43.4,26.841666666666665,2.4466666666666668,6.1,3.8625000000000003,0.6777777777777777,5.3,2.8041666666666667,1.03,4.2,1.0208333333333333,0.42000000000000004,NO2,2.4466666666666668,12,2020,False
2020-12-29,5.1,3.2624999999999997,87.79166666666667,3.795833333333333,7.0,2.5,14.0,0.0,35.1,24.604166666666668,1.23125,46.2,32.53333333333333,2.54,14.4,7.4875,1.3,8.5,5.3374999999999995,1.35,4.2,1.125,0.42000000000000004,NO2,2.54,12,2020,False
2020-12-30,5.6,3.266666666666667,89.625,2.9499999999999997,5.0,0.7,47.0,0.0,27.3,14.1625,1.06875,50.3,35.44166666666667,2.6766666666666667,17.3,10.791666666666666,1.4611111111111112,11.7,7.508333333333333,1.67,6.2,1.25,0.6200000000000001,NO2,2.6766666666666667,12,2020,False
2020-12-31,2.7,2.0791666666666666,92.375,2.858333333333333,4.4,3.8,0.0,0.0,31.8,21.087500000000002,1.1625,45.0,28.191666666666666,2.5,17.7,11.083333333333334,1.4833333333333334,16.4,10.041666666666666,2.0933333333333333,1.6,0.8333333333333334,0.16000000000000003,NO2,2.5,12,2020,False
2021-01-01,3.6,2.3391304347826085,94.6086956521739,1.452173913043478,2.7,0.6000000000000001,0.0,0.0,18.4,10.939130434782609,0.7666666666666666,34.5,26.495652173913044,2.15,26.8,15.530434782608696,1.988888888888889,24.0,14.64782608695652,2.6,3.4,0.9130434782608695,0.34,PM2.5,2.6,1,2021,False
2021-01-02,3.7,2.033333333333333,83.375,2.0458333333333334,3.7,0.0,0.0,0.0,35.3,11.525,1.2354166666666666,32.7,28.1375,2.0900000000000003,25.7,17.354166666666668,1.9277777777777776,24.4,15.429166666666667,2.6266666666666665,0.8,0.8000000000000002,0.08000000000000002,PM2.5,2.6266666666666665,1,2021,False
2021-01-03,3.3,2.025,82.54166666666667,3.029166666666667,5.0,0.4,0.0,0.0,40.9,27.2625,1.3520833333333333,29.5,18.104166666666668,1.975,15.5,10.545833333333333,1.3611111111111112,14.3,9.495833333333334,1.9300000000000002,0.8,0.8000000000000002,0.08000000000000002,NO2,1.975,1,2021,False
2021-01-04,2.3,1.6458333333333333,89.54166666666667,2.5208333333333335,3.5,0.6,0.0,0.0,10.4,3.1833333333333336,0.43333333333333335,28.0,22.454166666666666,1.9,19.2,12.1625,1.5666666666666664,13.5,10.266666666666667,1.85,0.8,0.8000000000000002,0.08000000000000002,NO2,1.9,1,2021,False
2021-01-05,3.2,2.341666666666667,84.54166666666667,4.158333333333333,4.9,0.30000000000000004,0.0,0.0,9.3,4.554166666666666,0.3875,25.5,19.783333333333335,1.775,17.4,14.291666666666666,1.4666666666666666,16.4,13.35,2.0933333333333333,0.8,0.8000000000000002,0.08000000000000002,PM2.5,2.0933333333333333,1,2021,False
2021-01-06,3.9,2.8083333333333336,83.79166666666667,3.3208333333333333,4.3,0.30000000000000004,0.0,0.0,26.8,17.166666666666668,1.0583333333333333,46.0,23.016666666666666,2.533333333333333,18.3,8.454166666666667,1.5166666666666666,10.6,6.391666666666667,1.56,0.8,0.8000000000000002,0.08000000000000002,NO2,2.533333333333333,1,2021,False
2021-01-07,2.9,1.8416666666666668,82.625,3.35,4.6,0.30000000000000004,0.0,0.0,29.5,13.791666666666666,1.1145833333333333,45.0,31.525000000000002,2.5,24.5,17.5125,1.8611111111111112,18.6,14.033333333333333,2.24,0.8,0.8000000000000002,0.08000000000000002,NO2,2.5,1,2021,False
2021-01-08,3.2,1.7750000000000001,84.75,3.7416666666666667,4.8,0.4,0.0,0.0,25.4,14.141666666666666,1.0291666666666666,42.6,28.554166666666664,2.42,71.4,18.233333333333334,3.4833333333333334,16.2,9.525,2.08,0.8,0.8000000000000002,0.08000000000000002,PM10,3.4833333333333334,1,2021,False
2021-01-09,2.9,0.7333333333333334,79.5,1.9000000000000001,3.9,0.0,190.0,0.0,30.6,13.104166666666666,1.1375,47.5,27.2,2.5833333333333335,34.4,17.383333333333333,2.274074074074074,29.8,12.554166666666667,2.986666666666667,0.8,0.8000000000000002,0.08000000000000002,PM2.5,2.986666666666667,1,2021,False
2021-01-10,3.2,-1.4541666666666666,83.625,0.9500000000000001,1.5,0.0,388.0,0.0,24.9,5.604166666666667,1.01875,60.5,38.12916666666667,3.0125,33.1,18.462500000000002,2.225925925925926,28.2,15.654166666666667,2.88,0.8,0.8000000000000002,0.08000000000000002,NO2,3.0125,1,2021,False
2021-01-11,1.6,-2.7375000000000003,81.66666666666667,2.9125,6.5,0.0,358.0,0.0,15.0,4.429166666666666,0.625,53.1,41.925000000000004,2.77,33.2,23.829166666666666,2.22962962962963,25.6,19.337500000000002,2.706666666666667,8.7,2.5416666666666665,0.87,NO2,2.77,1,2021,False
2021-01-12,3.8,1.8166666666666667,87.04166666666667,6.333333333333333,9.1,10.0,0.0,0.0,47.2,23.59583333333333,1.4833333333333334,54.1,32.00833333333333,2.8033333333333332,25.5,13.383333333333333,1.9166666666666665,22.8,11.216666666666667,2.52,8.9,2.0625,0.8900000000000001,NO2,2.8033333333333332,1,2021,False
2021-01-13,4.8,1.3375000000000001,82.20833333333333,4.454166666666667,8.2,0.0,162.0,0.0,52.0,27.462500000000002,1.5833333333333333,68.2,42.19166666666667,3.205,14.7,11.674999999999999,1.3166666666666667,10.8,8.245833333333334,1.58,0.8,0.8000000000000002,0.08000000000000002,NO2,3.205,1,2021,False
2021-01-14,3.5,1.6083333333333334,73.54166666666667,2.845833333333333,5.2,0.0,0.0,0.0,47.4,27.872727272727275,1.4874999999999998,63.6,32.127272727272725,3.09,37.9,17.4375,2.4037037037037035,12.0,8.720833333333333,1.7000000000000002,0.8,0.8,0.08000000000000002,NO2,3.09,1,2021,False
2021-01-15,2.0,0.10000000000000002,77.16666666666667,2.9,5.0,0.0,101.0,0.0,31.3,15.995833333333332,1.1520833333333333,40.5,30.5625,2.35,42.3,16.654166666666665,2.5666666666666664,18.8,12.041666666666666,2.2533333333333334,0.8,0.8000000000000002,0.08000000000000002,PM10,2.5666666666666664,1,2021,False
2021-01-16,0.8,-0.39166666666666666,69.125,2.2583333333333333,4.3,0.4,0.0,0.0,49.1,31.78333333333333,1.5229166666666667,39.7,24.795833333333334,2.3233333333333333,35.3,22.570833333333336,2.3074074074074074,26.5,13.475,2.7666666666666666,0.8,0.8000000000000002,0.08000000000000002,PM2.5,2.7666666666666666,1,2021,False
2021-01-17,0.4,-0.9166666666666666,93.70833333333333,2.4208333333333334,3.3,1.3,0.0,0.0,21.8,12.008333333333333,0.9083333333333333,44.3,32.041666666666664,2.4766666666666666,38.3,31.0625,2.4185185185185185,36.1,29.2,3.305,2.6,0.9500000000000001,0.26,PM2.5,3.305,1,2021,False
2021-01-18,6.0,2.9583333333333335,84.16666666666667,4.1625000000000005,6.8,0.0,50.0,0.0,41.5,19.966666666666665,1.3645833333333333,59.5,40.920833333333334,2.9833333333333334,52.8,19.095833333333335,2.9555555555555553,32.6,13.883333333333333,3.13,0.8,0.8000000000000002,0.08000000000000002,PM2.5,3.13,1,2021,False
2021-01-19,4.5,3.275,80.41666666666667,6.129166666666666,8.8,1.5999999999999999,0.0,0.0,42.5,35.36666666666667,1.3854166666666665,39.0,29.53333333333333,2.3,14.3,10.116666666666667,1.2944444444444445,10.2,7.733333333333333,1.52,6.4,1.3,0.6400000000000001,NO2,2.3,1,2021,False
2021-01-20,8.9,5.5375000000000005,65.33333333333333,3.4333333333333336,5.1,0.0,41.0,0.0,31.4,14.058333333333332,1.1541666666666666,82.9,56.6625,3.5725000000000002,32.4,17.23333333333333,2.1999999999999997,14.4,9.458333333333334,1.94,5.8,1.9749999999999999,0.58,NO2,3.5725000000000002,1,2021,False
2021-01-21,10.3,8.795833333333333,67.58333333333333,6.616666666666667,9.2,2.3,1.0,0.0,53.4,34.4125,1.6124999999999998,63.6,37.375,3.09,23.5,9.854166666666666,1.8055555555555554,13.8,5.479166666666667,1.8800000000000001,6.4,2.0958333333333337,0.6400000000000001,NO2,3.09,1,2021,False
2021-01-22,10.3,5.991666666666667,86.41666666666667,4.3625,9.6,6.1,0.0,0.0,62.8,40.42916666666667,1.8083333333333331,74.2,34.770833333333336,3.355,14.7,5.325,1.3166666666666667,12.9,3.8874999999999997,1.79,4.9,1.2166666666666668,0.49000000000000005,NO2,3.355,1,2021,False
2021-01-23,4.8,3.1875,90.79166666666667,2.5708333333333333,3.7,0.4,0.0,0.0,31.3,21.520833333333332,1.1520833333333333,52.9,33.025,2.763333333333333,19.8,14.229166666666666,1.6,17.7,11.3125,2.1799999999999997,0.8,0.8000000000000002,0.08000000000000002,NO2,2.763333333333333,1,2021,False
2021-01-24,3.6,1.7458333333333333,86.33333333333333,5.5375000000000005,9.6,8.4,37.0,0.0,53.6,41.479166666666664,1.6166666666666667,44.7,22.420833333333334,2.49,15.3,7.358333333333333,1.35,13.7,6.245833333333334,1.87,1.4,0.8250000000000001,0.13999999999999999,NO2,2.49,1,2021,False
2021-01-25,2.0,0.4583333333333333,90.83333333333333,1.95,3.9,1.4000000000000001,0.0,0.0,27.7,11.226086956521739,1.0770833333333334,59.0,47.98695652173913,2.966666666666667,22.2,16.66521739130435,1.7333333333333334,20.2,14.156521739130437,2.3466666666666667,0.8,0.8,0.08000000000000002,NO2,2.966666666666667,1,2021,False
2021-01-26,4.5,2.275,78.0,5.479166666666667,8.0,0.0,0.0,0.0,39.8,27.15416666666667,1.3291666666666666,61.7,38.770833333333336,3.0425,25.0,13.4,1.8888888888888888,19.7,10.133333333333333,2.3133333333333335,2.2,0.9583333333333334,0.22000000000000003,NO2,3.0425,1,2021,False
2021-01-27,1.9,0.8666666666666667,92.375,3.9499999999999997,6.6,1.3,0.0,0.0,31.7,22.40416666666667,1.1604166666666667,47.8,38.858333333333334,2.5933333333333333,15.5,13.116666666666667,1.3611111111111112,14.2,11.358333333333334,1.92,4.7,1.8041666666666665,0.47000000000000003,NO2,2.5933333333333333,1,2021,False
2021-01-28,11.3,5.691666666666666,93.29166666666667,3.779166666666667,6.3,13.6,0.0,0.0,34.6,10.6625,1.2208333333333334,56.8,36.7375,2.893333333333333,17.4,10.679166666666667,1.4666666666666666,16.5,9.416666666666666,2.1,9.5,2.5416666666666665,0.9500000000000001,NO2,2.893333333333333,1,2021,False
2021-01-29,11.3,9.416666666666666,80.375,6.954166666666667,10.2,9.2,27.0,0.0,60.1,41.65416666666667,1.7520833333333332,48.2,31.275000000000002,2.606666666666667,12.1,5.345833333333334,1.1722222222222223,5.1,3.341666666666667,1.01,6.1,1.6541666666666668,0.61,NO2,2.606666666666667,1,2021,False
2021-01-30,8.6,3.775,88.04166666666667,5.225,8.3,0.0,0.0,0.0,54.8,37.895833333333336,1.6416666666666666,32.6,23.2625,2.086666666666667,11.9,7.012499999999999,1.1611111111111112,9.9,5.7124999999999995,1.49,2.7,0.8791666666666668,0.27,NO2,2.086666666666667,1,2021,False
2021-01-31,1.6,0.7166666666666667,84.875,3.1958333333333333,4.6,0.1,0.0,0.0,40.4,30.525000000000002,1.3416666666666666,38.2,21.075,2.2733333333333334,22.4,14.9,1.7444444444444445,20.2,13.654166666666667,2.3466666666666667,0.8,0.8000000000000002,0.08000000000000002,PM2.5,2.3466666666666667,1,2021,False
2021-02-01,4.3,2.9347826086956523,96.08695652173913,2.2695652173913046,2.9,3.3,0.0,0.0,24.3,8.930434782608696,1.00625,46.1,35.26521739130435,2.5366666666666666,37.0,20.191304347826087,2.3703703703703702,32.7,17.943478260869565,3.1350000000000002,1.5,0.8304347826086957,0.15000000000000002,PM2.5,3.1350000000000002,2,2021,False
2021-02-02,9.3,6.5874999999999995,95.29166666666667,2.841666666666667,5.0,5.2,0.0,0.0,13.4,4.933333333333333,0.5583333333333333,57.4,42.5375,2.913333333333333,19.5,13.075000000000001,1.5833333333333333,17.7,11.308333333333332,2.1799999999999997,5.4,2.3291666666666666,0.54,NO2,2.913333333333333,2,2021,False
2021-02-03,12.5,10.370833333333334,90.91666666666667,5.220833333333333,8.9,18.2,14.0,0.0,49.8,24.579166666666666,1.5374999999999999,60.6,38.733333333333334,3.015,11.0,6.983333333333333,1.1111111111111112,8.8,4.7875000000000005,1.3800000000000001,3.2,1.3499999999999999,0.32000000000000006,NO2,3.015,2,2021,False
2021-02-04,10.0,7.6499999999999995,76.875,4.383333333333334,9.9,0.6,407.0,0.0,65.5,38.92916666666667,1.8645833333333333,76.6,36.545833333333334,3.415,22.6,9.516666666666667,1.7555555555555555,12.6,4.958333333333333,1.76,3.9,1.5208333333333333,0.39,NO2,3.415,2,2021,False
2021-02-05,7.6,5.875,91.5,1.6125,2.6,4.9,0.0,0.0,24.2,5.6625000000000005,1.0041666666666667,58.9,51.67916666666667,2.9633333333333334,27.2,16.741666666666667,2.0074074074074075,23.8,12.633333333333333,2.586666666666667,0.8,0.8000000000000002,0.08000000000000002,NO2,2.9633333333333334,2,2021,False
2021-02-06,6.4,4.858333333333333,94.29166666666667,3.783333333333333,4.8,14.1,0.0,0.0,25.5,15.195833333333333,1.03125,48.3,25.820833333333336,2.61,22.2,10.354166666666666,1.7333333333333334,20.7,9.545833333333333,2.38,0.8,0.8000000000000002,0.08000000000000002,NO2,2.61,2,2021,False
2021-02-07,3.3,1.3958333333333333,92.79166666666667,4.354166666666667,5.6,3.6,0.0,0.0,30.7,22.849999999999998,1.1395833333333334,23.6,19.058333333333334,1.6800000000000002,25.5,17.6125,1.9166666666666665,22.7,15.762500000000001,2.513333333333333,0.8,0.8000000000000002,0.08000000000000002,PM2.5,2.513333333333333,2,2021,False
2021-02-08,-2.9,-4.7250000000000005,80.70833333333333,5.125,6.6,0.2,0.0,0.0,42.4,36.24166666666667,1.3833333333333333,32.4,22.90833333333333,2.08,28.7,24.329166666666666,2.062962962962963,25.7,20.8875,2.7133333333333334,0.8,0.8000000000000002,0.08000000000000002,PM2.5,2.7133333333333334,2,2021,False
2021-02-09,-5.7,-7.1375,70.0,3.775,4.7,0.0,0.0,0.0,51.8,43.14166666666667,1.5791666666666666,40.5,24.695833333333336,2.35,39.4,29.304166666666664,2.4592592592592593,25.9,22.020833333333332,2.7266666666666666,0.8,0.8000000000000002,0.08000000000000002,PM2.5,2.7266666666666666,2,2021,False
2021-02-10,-4.4,-7.7250000000000005,70.25,4.6625000000000005,7.2,0.0,415.0,0.0,61.9,42.8375,1.7895833333333333,54.5,27.40833333333333,2.8166666666666664,33.6,23.84166666666667,2.2444444444444445,26.1,18.433333333333334,2.74,0.8,0.8000000000000002,0.08000000000000002,NO2,2.8166666666666664,2,2021,False
2021-02-11,-1.3,-5.079166666666667,77.95833333333333,1.625,3.2,0.0,372.0,0.0,52.5,20.529166666666665,1.59375,70.2,50.00416666666666,3.255,33.4,19.491666666666667,2.237037037037037,28.7,16.95,2.913333333333333,0.8,0.8000000000000002,0.08000000000000002,NO2,3.255,2,2021,False
2021-02-12,-1.0,-4.370833333333334,65.95833333333333,3.4958333333333336,5.4,0.0,563.0,0.0,58.8,42.512499999999996,1.7249999999999999,47.1,30.254166666666666,2.5700000000000003,41.6,20.179166666666667,2.5407407407407407,14.9,11.958333333333334,1.9900000000000002,0.8,0.8000000000000002,0.08000000000000002,NO2,2.5700000000000003,2,2021,False
2021-02-13,0.4,-4.604166666666667,62.208333333333336,2.9583333333333335,4.6,0.0,576.0,0.0,65.2,46.479166666666664,1.8583333333333334,55.1,30.004166666666666,2.836666666666667,39.7,19.099999999999998,2.4703703703703703,17.3,10.783333333333333,2.1533333333333333,0.8,0.8000000000000002,0.08000000000000002,NO2,2.836666666666667,2,2021,False
2021-02-14,2.8,-3.283333333333333,64.04166666666667,2.658333333333333,3.8,0.0,518.0,0.0,59.9,37.2875,1.7479166666666666,49.8,32.916666666666664,2.66,55.8,24.420833333333334,3.05,25.9,14.358333333333334,2.7266666666666666,2.0,0.9,0.2,PM10,3.05,2,2021,False
2021-02-15,1.4,-1.2833333333333334,68.66666666666667,1.8208333333333335,4.1,1.7000000000000002,0.0,0.0,44.3,16.6375,1.4229166666666666,80.1,56.475,3.5025,73.9,35.5875,3.552777777777778,28.4,15.541666666666666,2.893333333333333,4.9,1.4833333333333334,0.49000000000000005,PM10,3.552777777777778,2,2021,False
2021-02-16,9.3,3.6208333333333336,86.16666666666667,1.4833333333333334,3.0,0.0,180.0,0.0,22.3,5.5625,0.9291666666666667,91.9,61.17083333333333,3.7975000000000003,38.4,30.02916666666667,2.422222222222222,31.9,23.366666666666664,3.0949999999999998,7.2,2.0708333333333333,0.7200000000000001,NO2,3.7975000000000003,2,2021,False
2021-02-17,11.6,7.2749999999999995,83.16666666666667,4.3,6.7,1.6,55.0,0.0,44.6,20.020833333333332,1.4291666666666667,70.5,49.02916666666667,3.2625,43.7,18.833333333333332,2.6185185185185187,19.4,11.033333333333333,2.293333333333333,3.8,1.9541666666666666,0.38,NO2,3.2625,2,2021,False
2021-02-18,9.3,3.8208333333333333,89.41666666666667,1.3333333333333333,3.9,0.1,75.0,0.0,17.9,3.579166666666667,0.7458333333333332,76.5,53.09166666666667,3.4125,33.4,20.037499999999998,2.237037037037037,19.4,14.266666666666666,2.293333333333333,2.2,1.0250000000000001,0.22000000000000003,NO2,3.4125,2,2021,False
2021-02-19,11.4,6.266666666666667,81.5,2.908333333333333,5.9,0.0,440.0,0.0,52.7,22.195833333333336,1.5979166666666667,91.0,52.675000000000004,3.775,27.2,14.2875,2.0074074074074075,17.6,8.620833333333334,2.1733333333333333,4.8,1.5374999999999999,0.48,NO2,3.775,2,2021,False
2021-02-20,16.5,7.595833333333334,80.08333333333333,1.6833333333333333,4.1,0.0,529.0,0.0,52.9,9.4,1.6020833333333333,100.4,49.15833333333333,4.008,62.9,30.09583333333333,3.2472222222222222,36.4,18.008333333333333,3.32,7.1,1.5,0.71,NO2,4.008,2,2021,False
2021-02-21,17.6,7.9875,74.45833333333333,1.5041666666666667,2.8,0.0,589.0,0.0,40.2,9.320833333333333,1.3375,89.3,48.12916666666666,3.7325,50.1,32.295833333333334,2.8555555555555556,32.7,21.275000000000002,3.1350000000000002,8.8,2.0458333333333334,0.8800000000000001,NO2,3.7325,2,2021,False
2021-02-22,11.6,6.6499999999999995,78.33333333333333,2.1374999999999997,3.0,0.0,500.0,0.0,20.4,6.208333333333333,0.8499999999999999,55.6,39.824999999999996,2.8533333333333335,50.0,33.43333333333333,2.851851851851852,36.4,25.22083333333333,3.32,0.8,0.8000000000000002,0.08000000000000002,PM2.5,3.32,2,2021,False
2021-02-23,18.7,9.641666666666667,76.04166666666667,2.2125,4.8,0.0,513.0,0.0,19.8,4.495833333333334,0.825,85.3,49.425000000000004,3.6325,105.0,50.47083333333333,4.333333333333333,61.2,32.62916666666667,4.448,11.0,3.058333333333333,1.05,PM2.5,4.448,2,2021,False
2021-02-24,18.3,9.920833333333333,80.33333333333333,1.575,3.2,0.0,513.0,0.0,27.1,6.2749999999999995,1.0645833333333334,96.4,52.387499999999996,3.91,105.6,65.87083333333334,4.346666666666667,42.9,30.53333333333333,3.645,9.4,2.8833333333333333,0.9400000000000001,PM10,4.346666666666667,2,2021,False
2021-02-25,18.7,9.141666666666667,74.375,1.5583333333333333,3.2,0.0,561.0,0.0,27.9,6.2625,1.08125,89.7,52.487500000000004,3.7425,160.2,100.8,5.0,49.7,37.641666666666666,3.9850000000000003,7.4,2.15,0.7400000000000001,PM10,5.0,2,2021,False
2021-02-26,7.5,4.595833333333333,88.08333333333333,1.9333333333333333,5.6,2.0,0.0,0.0,58.4,13.541666666666666,1.7166666666666666,75.9,46.416666666666664,3.3975,111.4,58.82916666666667,4.475555555555555,41.6,24.275000000000002,3.58,1.3,0.8375,0.13,PM10,4.475555555555555,2,2021,False
2021-02-27,8.0,3.9166666666666665,80.45833333333333,3.4375,6.1,0.0,601.0,0.0,61.6,27.3,1.7833333333333332,58.9,32.670833333333334,2.9633333333333334,25.5,16.1375,1.9166666666666665,19.8,12.345833333333333,2.3200000000000003,0.8,0.8000000000000002,0.08000000000000002,NO2,2.9633333333333334,2,2021,False
2021-02-28,10.5,5.933333333333334,66.95833333333333,2.8333333333333335,4.5,0.0,613.0,0.0,62.1,45.36666666666667,1.79375,55.7,22.03333333333333,2.856666666666667,20.6,11.262500000000001,1.6444444444444444,16.7,9.15,2.1133333333333333,0.8,0.8000000000000002,0.08000000000000002,NO2,2.856666666666667,2,2021,False
2021-03-01,12.9,6.208695652173914,73.91304347826087,2.9130434782608696,4.3,0.0,622.0,0.0,49.3,20.256521739130434,1.5270833333333331,60.6,36.71739130434783,3.015,20.5,15.943478260869565,1.6388888888888888,16.9,12.517391304347825,2.1266666666666665,0.8,0.8,0.08000000000000002,NO2,3.015,3,2021,False
2021-03-02,14.8,7.066666666666666,70.70833333333333,1.925,3.4,0.0,626.0,0.0,53.7,14.220833333333333,1.61875,88.8,47.449999999999996,3.7199999999999998,48.5,22.941666666666666,2.7962962962962963,26.1,15.958333333333334,2.74,3.3,1.2791666666666666,0.33,NO2,3.7199999999999998,3,2021,False
2021-03-03,13.6,5.708333333333333,78.58333333333333,1.8458333333333332,3.2,0.0,319.0,0.0,20.8,4.383333333333334,0.8666666666666667,82.5,57.52916666666667,3.5625,70.7,44.387499999999996,3.463888888888889,44.5,29.875,3.725,11.2,2.9791666666666665,1.06,PM2.5,3.725,3,2021,False
2021-03-04,13.8,7.95,77.5,3.025,5.8,1.2,241.0,0.0,43.2,13.858333333333334,1.4,65.1,47.375,3.1275,68.6,47.38333333333333,3.4055555555555554,42.5,31.775000000000002,3.625,5.9,1.6958333333333335,0.5900000000000001,PM2.5,3.625,3,2021,False
2021-03-05,6.5,4.0375000000000005,71.0,3.6374999999999997,6.3,2.7,230.0,0.0,57.5,40.199999999999996,1.6979166666666665,51.2,22.491666666666664,2.706666666666667,14.7,11.0375,1.3166666666666667,11.5,8.683333333333334,1.65,0.8,0.8000000000000002,0.08000000000000002,NO2,2.706666666666667,3,2021,False
2021-03-06,7.7,1.6833333333333333,61.208333333333336,2.1791666666666667,3.5,0.0,644.0,0.0,62.2,27.625,1.7958333333333334,79.1,38.92916666666667,3.4775,32.1,14.7125,2.188888888888889,23.6,11.125,2.5733333333333333,0.8,0.8000000000000002,0.08000000000000002,NO2,3.4775,3,2021,False
2021-03-07,9.3,2.5,57.333333333333336,2.3625000000000003,5.2,0.0,648.0,0.0,67.4,29.891666666666666,1.9041666666666668,72.6,37.699999999999996,3.315,37.9,20.179166666666667,2.4037037037037035,26.6,16.287499999999998,2.7733333333333334,0.8,0.8000000000000002,0.08000000000000002,NO2,3.315,3,2021,False
2021-03-08,6.3,1.8416666666666668,71.29166666666667,1.4416666666666667,4.2,0.0,158.0,0.0,49.3,25.295833333333334,1.5270833333333331,72.1,44.63333333333333,3.3024999999999998,38.7,22.695833333333336,2.4333333333333336,22.2,16.375,2.48,2.2,0.8958333333333334,0.22000000000000003,NO2,3.3024999999999998,3,2021,False
2021-03-09,7.4,4.191666666666666,74.375,2.6374999999999997,5.9,0.0,142.0,0.0,44.4,17.92083333333333,1.4249999999999998,62.6,45.387499999999996,3.065,37.0,25.708333333333332,2.3703703703703702,27.0,19.808333333333334,2.8,3.0,0.9458333333333334,0.30000000000000004,NO2,3.065,3,2021,False
2021-03-10,10.2,6.470833333333334,73.125,3.466666666666667,5.3,0.0,29.0,0.0,45.9,25.730434782608693,1.4562499999999998,56.4,34.50869565217391,2.88,35.5,26.675,2.314814814814815,24.7,20.804166666666667,2.6466666666666665,1.7,0.8695652173913043,0.17,NO2,2.88,3,2021,False
2021-03-11,14.3,9.470833333333333,73.54166666666667,8.204166666666667,12.4,4.9,94.0,0.0,68.0,48.9625,1.9166666666666665,48.2,26.266666666666666,2.606666666666667,23.9,12.658333333333333,1.8277777777777775,18.5,8.570833333333333,2.2333333333333334,5.7,1.2583333333333333,0.5700000000000001,NO2,2.606666666666667,3,2021,False
2021-03-12,10.3,7.554166666666667,66.5,8.862499999999999,11.1,4.1,160.0,0.0,74.5,57.34583333333333,2.0347222222222223,36.5,23.120833333333334,2.216666666666667,22.5,9.254166666666666,1.75,7.2,4.558333333333334,1.22,1.7,0.9,0.17,NO2,2.216666666666667,3,2021,False
2021-03-13,9.4,7.133333333333333,76.125,8.491666666666667,13.8,2.1,134.0,0.0,71.1,61.23333333333333,1.9812499999999997,40.4,20.729166666666668,2.3466666666666667,10.6,4.933333333333334,1.0888888888888888,6.5,3.1291666666666664,1.15,3.8,1.2541666666666667,0.38,NO2,2.3466666666666667,3,2021,False
2021-03-14,7.8,5.0375000000000005,77.25,5.325,7.7,1.3,180.0,0.0,63.7,51.4125,1.8270833333333334,46.4,23.329166666666666,2.546666666666667,12.0,6.795833333333333,1.1666666666666667,6.5,4.291666666666667,1.15,2.0,1.0166666666666666,0.2,NO2,2.546666666666667,3,2021,False
2021-03-15,9.4,5.645833333333333,79.83333333333333,4.991666666666666,7.2,4.8,275.0,0.0,69.5,48.38333333333333,1.9479166666666665,46.4,24.833333333333332,2.546666666666667,12.4,8.129166666666666,1.1888888888888889,10.5,5.329166666666667,1.55,2.3,0.9083333333333333,0.22999999999999998,NO2,2.546666666666667,3,2021,False
2021-03-16,9.3,5.808333333333334,71.33333333333333,4.045833333333333,5.1,0.0,84.0,0.0,71.9,56.86666666666667,1.9979166666666668,52.2,23.445833333333336,2.74,23.6,13.362499999999999,1.8111111111111111,11.6,8.241666666666667,1.6600000000000001,0.8,0.8000000000000002,0.08000000000000002,NO2,2.74,3,2021,False
2021-03-17,5.7,3.875,79.25,2.595833333333333,4.9,3.3000000000000003,57.0,0.0,67.2,43.19166666666666,1.9,51.2,27.287499999999998,2.706666666666667,17.1,12.045833333333334,1.4500000000000002,15.3,9.387500000000001,2.02,0.8,0.8000000000000002,0.08000000000000002,NO2,2.706666666666667,3,2021,False
2021-03-18,6.5,1.875,79.58333333333333,1.3333333333333333,3.0,0.4,201.0,0.0,56.6,27.537499999999998,1.6791666666666667,62.9,43.32916666666667,3.0725,28.7,15.9625,2.062962962962963,20.0,10.966666666666667,2.3333333333333335,5.7,1.1,0.5700000000000001,NO2,3.0725,3,2021,False
2021-03-19,6.1,3.15,74.41666666666667,3.908333333333333,6.7,0.9999999999999999,301.0,0.0,69.5,45.56666666666666,1.9479166666666665,75.4,26.645833333333332,3.3850000000000002,21.7,16.170833333333334,1.7055555555555555,20.6,13.445833333333333,2.3733333333333335,0.8,0.8000000000000002,0.08000000000000002,NO2,3.3850000000000002,3,2021,False
2021-03-20,6.4,2.9291666666666667,51.625,2.4166666666666665,4.2,0.0,556.0,0.0,63.7,48.1875,1.8270833333333334,57.9,25.270833333333332,2.9299999999999997,12.0,7.616666666666667,1.1666666666666667,9.2,5.366666666666667,1.42,2.0,0.8500000000000001,0.2,NO2,2.9299999999999997,3,2021,False
2021-03-21,9.6,5.858333333333333,65.70833333333333,3.75,6.3,0.0,153.0,0.0,79.0,48.770833333333336,2.0972222222222223,52.9,23.7375,2.763333333333333,24.3,14.929166666666667,1.85,19.4,10.525,2.293333333333333,1.8,0.8625000000000002,0.18000000000000002,NO2,2.763333333333333,3,2021,False
2021-03-22,7.5,5.929166666666667,68.91666666666667,3.0666666666666664,4.3,0.0,1.0,0.0,70.8,56.69583333333333,1.9749999999999999,29.1,21.866666666666664,1.955,22.5,13.570833333333333,1.75,14.2,8.304166666666667,1.92,0.8,0.8000000000000002,0.08000000000000002,O3,1.9749999999999999,3,2021,False
2021-03-23,9.6,6.408333333333334,69.0,2.35,3.9,0.0,38.0,0.0,69.6,42.37916666666667,1.9499999999999997,75.2,34.99583333333333,3.38,35.0,26.916666666666668,2.2962962962962963,26.1,21.733333333333334,2.74,0.8,0.8000000000000002,0.08000000000000002,NO2,3.38,3,2021,False
2021-03-24,14.4,5.741666666666667,71.875,1.4083333333333334,3.2,0.0,675.0,0.0,61.9,19.141666666666666,1.7895833333333333,93.4,53.262499999999996,3.835,49.6,35.2625,2.837037037037037,34.7,26.383333333333336,3.2350000000000003,7.1,2.0083333333333333,0.71,NO2,3.835,3,2021,False
2021-03-25,16.2,8.025,69.33333333333333,2.8708333333333336,6.8,0.0,525.0,0.0,61.7,23.933333333333334,1.7854166666666667,66.9,46.949999999999996,3.1725000000000003,49.1,35.074999999999996,2.8185185185185184,36.0,25.641666666666666,3.3,4.4,1.9833333333333334,0.44000000000000006,PM2.5,3.3,3,2021,False
2021-03-26,16.4,11.65,62.791666666666664,3.220833333333333,5.1,0.0,367.0,0.0,76.6,41.541666666666664,2.0638888888888887,59.8,38.949999999999996,2.993333333333333,34.7,25.729166666666668,2.285185185185185,25.6,17.854166666666668,2.706666666666667,7.9,2.091666666666667,0.79,NO2,2.993333333333333,3,2021,False
2021-03-27,11.7,7.829166666666667,66.70833333333333,7.329166666666667,13.0,0.2,246.0,0.0,81.2,51.95416666666667,2.1277777777777778,60.8,27.775000000000002,3.02,29.6,13.466666666666667,2.0962962962962965,17.1,6.916666666666667,2.14,1.7,0.8624999999999999,0.17,NO2,3.02,3,2021,False
2021-03-28,15.4,8.930434782608696,65.56521739130434,3.930434782608696,8.2,0.0,383.0,0.0,78.5,39.56956521739131,2.0902777777777777,53.5,33.88260869565217,2.783333333333333,22.9,12.734782608695651,1.7722222222222221,18.3,8.869565217391305,2.22,2.1,0.9304347826086957,0.21000000000000002,NO2,2.783333333333333,3,2021,False
2021-03-29,21.4,12.266666666666666,53.375,2.9916666666666667,5.2,0.0,689.0,0.0,83.4,34.958333333333336,2.158333333333333,88.4,48.47083333333333,3.71,28.1,18.558333333333334,2.0407407407407407,14.6,9.945833333333333,1.96,5.2,1.5458333333333334,0.52,NO2,3.71,3,2021,False
2021-03-30,23.0,12.604166666666666,51.833333333333336,1.4875,2.3,0.0,718.0,0.0,91.8,35.40416666666667,2.275,69.7,49.975,3.2425,32.0,21.491666666666664,2.185185185185185,17.7,11.475,2.1799999999999997,4.3,1.2166666666666666,0.43,NO2,3.2425,3,2021,False
2021-03-31,24.6,15.283333333333333,45.958333333333336,2.091666666666667,4.0,0.0,703.0,0.0,91.5,29.254166666666666,2.2708333333333335,125.5,71.14583333333333,4.51,52.8,31.325,2.9555555555555553,25.4,16.091666666666665,2.6933333333333334,12.2,2.795833333333333,1.1099999999999999,NO2,4.51,3,2021,False
2021-04-01,24.3,14.934782608695652,56.56521739130435,2.817391304347826,7.1,0.0,580.0,0.0,107.4,40.69130434782608,2.4916666666666667,84.9,53.46521739130435,3.6225,62.6,42.547826086956526,3.238888888888889,46.4,22.93913043478261,3.82,11.3,2.095652173913044,1.065,PM2.5,3.82,4,2021,False
2021-04-02,13.1,9.058333333333334,59.125,4.6375,7.1,0.0,286.0,0.0,68.3,63.54583333333333,1.9229166666666666,18.7,10.329166666666667,1.435,34.4,13.108333333333334,2.274074074074074,21.2,9.070833333333333,2.413333333333333,0.8,0.8000000000000002,0.08000000000000002,PM2.5,2.413333333333333,4,2021,False
2021-04-03,12.7,8.25,50.916666666666664,3.9166666666666665,5.8,0.0,608.0,0.0,82.9,70.72916666666667,2.151388888888889,29.2,14.016666666666666,1.96,16.0,10.4375,1.3888888888888888,10.6,6.1499999999999995,1.56,0.8,0.8000000000000002,0.08000000000000002,O3,2.151388888888889,4,2021,False
2021-04-04,11.0,5.716666666666666,63.291666666666664,2.066666666666667,3.8,0.0,514.0,0.0,81.5,47.30416666666667,2.1319444444444446,52.2,27.4375,2.74,44.3,24.004166666666666,2.640740740740741,34.7,17.266666666666666,3.2350000000000003,0.8,0.8000000000000002,0.08000000000000002,PM2.5,3.2350000000000003,4,2021,False
2021-04-05,7.6,3.1875,73.75,5.1125,9.1,0.6,130.0,0.0,88.4,51.30833333333334,2.227777777777778,42.9,22.120833333333334,2.4299999999999997,38.9,22.462500000000002,2.4407407407407407,32.4,17.183333333333334,3.12,4.4,1.25,0.44000000000000006,PM2.5,3.12,4,2021,False
2021-04-06,6.9,2.5333333333333337,64.41666666666667,6.141666666666667,9.0,0.2,335.0,0.0,77.3,66.30416666666666,2.073611111111111,23.9,16.054166666666667,1.6949999999999998,16.4,8.379166666666666,1.411111111111111,6.8,4.129166666666666,1.18,2.4,0.9041666666666667,0.24,O3,2.073611111111111,4,2021,False
2021-04-07,4.9,2.6416666666666666,69.375,6.375,10.4,0.1,26.0,0.0,73.6,57.14166666666667,2.022222222222222,46.1,25.916666666666668,2.5366666666666666,17.6,10.7875,1.4777777777777779,7.7,6.033333333333334,1.27,1.2,0.8166666666666668,0.12,NO2,2.5366666666666666,4,2021,False
2021-04-08,9.1,4.204166666666667,55.0,3.6458333333333335,6.3,0.0,345.0,0.0,72.8,54.573913043478264,2.011111111111111,57.0,31.66818181818182,2.9,27.8,16.570833333333333,2.0296296296296297,15.6,9.270833333333334,2.04,4.8,1.3130434782608695,0.48,NO2,2.9,4,2021,False
2021-04-09,16.5,7.204166666666667,55.666666666666664,2.920833333333334,8.3,0.0,614.0,0.0,81.3,30.229166666666668,2.1291666666666664,89.3,54.237500000000004,3.7325,35.0,23.754166666666666,2.2962962962962963,20.9,14.916666666666666,2.393333333333333,10.4,2.0625,1.02,NO2,3.7325,4,2021,False
2021-04-10,11.7,9.591666666666667,86.0,1.9416666666666667,3.8,0.7000000000000001,0.0,0.0,56.2,39.59166666666667,1.6708333333333334,83.8,41.083333333333336,3.5949999999999998,63.1,19.1125,3.2527777777777778,17.6,11.0,2.1733333333333333,2.0,0.8958333333333334,0.2,NO2,3.5949999999999998,4,2021,False
2021-04-11,14.4,8.466666666666667,84.66666666666667,3.3041666666666667,6.5,6.5,75.0,0.0,61.2,27.104166666666668,1.775,48.7,30.454166666666666,2.6233333333333335,17.2,10.854166666666666,1.4555555555555555,13.2,7.745833333333334,1.8199999999999998,2.5,1.0166666666666668,0.25,NO2,2.6233333333333335,4,2021,False
2021-04-12,7.8,4.691666666666666,73.04166666666667,3.275,5.3,0.5,265.0,0.0,75.0,56.05833333333334,2.0416666666666665,62.3,23.241666666666664,3.0575,19.3,9.545833333333333,1.5722222222222222,13.0,6.229166666666667,1.8,2.2,0.8583333333333334,0.22000000000000003,NO2,3.0575,4,2021,False
2021-04-13,8.6,3.0708333333333333,70.91666666666667,2.0458333333333334,5.4,0.0,423.0,0.0,75.8,40.6875,2.0527777777777776,65.9,33.75,3.1475,25.2,12.466666666666667,1.9,20.5,9.058333333333334,2.3666666666666667,2.8,0.9166666666666666,0.27999999999999997,NO2,3.1475,4,2021,False
2021-04-14,8.7,3.720833333333333,65.91666666666667,2.6374999999999997,4.9,0.0,457.0,0.0,89.1,50.05416666666667,2.2375,66.2,33.574999999999996,3.1550000000000002,18.7,9.516666666666667,1.5388888888888888,10.8,5.929166666666667,1.58,0.8,0.8000000000000002,0.08000000000000002,NO2,3.1550000000000002,4,2021,False
2021-04-15,9.7,4.820833333333334,63.5,3.8791666666666664,5.8,0.0,493.0,0.0,84.5,64.84583333333333,2.173611111111111,48.1,21.608333333333334,2.6033333333333335,16.3,9.887500000000001,1.4055555555555554,12.0,7.0375000000000005,1.7000000000000002,1.4,0.8250000000000001,0.13999999999999999,NO2,2.6033333333333335,4,2021,False
2021-04-16,8.3,5.741666666666667,62.5,3.15,5.6,0.0,51.0,0.0,79.4,60.512499999999996,2.102777777777778,63.7,26.400000000000002,3.0925000000000002,26.7,9.470833333333333,1.9833333333333334,20.9,6.091666666666666,2.393333333333333,0.8,0.8000000000000002,0.08000000000000002,NO2,3.0925000000000002,4,2021,False
2021-04-17,10.4,7.045833333333333,59.583333333333336,3.516666666666667,6.1,0.0,363.0,0.0,84.6,52.27916666666667,2.175,68.9,29.129166666666666,3.2225,17.4,11.504166666666668,1.4666666666666666,11.5,6.904166666666666,1.65,0.8,0.8000000000000002,0.08000000000000002,NO2,3.2225,4,2021,False
2021-04-18,12.5,8.458333333333334,73.83333333333333,1.8875,3.5,2.0,119.0,0.0,77.7,42.15416666666667,2.0791666666666666,52.7,30.141666666666666,2.756666666666667,20.3,15.8125,1.6277777777777778,14.8,11.670833333333334,1.98,0.8,0.8000000000000002,0.08000000000000002,NO2,2.756666666666667,4,2021,False
2021-04-19,13.2,9.520833333333334,80.83333333333333,1.8875,3.3,4.1,126.0,0.0,69.1,43.637499999999996,1.9395833333333332,50.5,28.733333333333334,2.6833333333333336,19.8,12.875,1.6,16.5,10.391666666666667,2.1,0.8,0.8000000000000002,0.08000000000000002,NO2,2.6833333333333336,4,2021,False
2021-04-20,17.7,9.470833333333333,72.0,1.4708333333333332,2.6,0.0,592.0,0.0,89.6,33.62916666666667,2.2444444444444445,71.2,39.06666666666667,3.2800000000000002,37.4,18.958333333333332,2.3851851851851853,26.4,13.879166666666668,2.76,1.9,0.9041666666666667,0.19,NO2,3.2800000000000002,4,2021,False
2021-04-21,17.6,11.025,66.33333333333333,1.8833333333333335,4.8,0.1,514.0,0.0,100.3,46.90833333333333,2.3930555555555557,70.1,38.233333333333334,3.2525,36.8,22.962500000000002,2.3629629629629627,25.0,16.254166666666666,2.6666666666666665,0.8,0.8000000000000002,0.08000000000000002,NO2,3.2525,4,2021,False
2021-04-22,14.2,9.866666666666667,51.541666666666664,4.466666666666667,7.1,0.0,766.0,0.0,82.6,71.41304347826087,2.147222222222222,47.0,15.387500000000001,2.5666666666666664,34.7,18.8125,2.285185185185185,26.3,11.316666666666668,2.7533333333333334,0.8,0.8000000000000002,0.08000000000000002,PM2.5,2.7533333333333334,4,2021,False
2021-04-23,15.8,8.9125,56.5,2.3208333333333333,4.9,0.0,812.0,0.0,81.2,54.42083333333333,2.1277777777777778,57.5,26.22083333333333,2.9166666666666665,24.0,17.4375,1.8333333333333333,11.5,10.049999999999999,1.65,1.3,0.8208333333333334,0.13,NO2,2.9166666666666665,4,2021,False
2021-04-24,15.6,10.916666666666666,52.166666666666664,4.325,6.1,0.0,810.0,0.0,94.7,67.6375,2.3152777777777778,49.4,18.529166666666665,2.6466666666666665,28.8,18.279166666666665,2.066666666666667,20.0,11.854166666666666,2.3333333333333335,0.8,0.8000000000000002,0.08000000000000002,NO2,2.6466666666666665,4,2021,False
2021-04-25,14.2,9.6,49.666666666666664,5.141666666666667,6.6,0.0,817.0,0.0,90.4,75.40416666666667,2.2555555555555555,15.8,9.470833333333333,1.29,15.2,12.025,1.3444444444444443,9.6,7.516666666666667,1.46,0.8,0.8000000000000002,0.08000000000000002,O3,2.2555555555555555,4,2021,False
2021-04-26,14.7,9.691666666666666,41.125,4.0249999999999995,5.3,0.0,825.0,0.0,90.2,69.02499999999999,2.2527777777777778,54.4,19.508333333333333,2.8133333333333335,13.6,10.3875,1.2555555555555555,6.7,5.033333333333333,1.17,0.8,0.8000000000000002,0.08000000000000002,NO2,2.8133333333333335,4,2021,False
2021-04-27,17.2,11.170833333333334,37.416666666666664,3.1291666666666664,4.2,0.0,822.0,0.0,100.7,75.02083333333333,2.3986111111111112,38.5,19.25,2.283333333333333,18.1,14.491666666666667,1.5055555555555555,9.6,7.266666666666667,1.46,1.6,0.8625000000000002,0.16000000000000003,O3,2.3986111111111112,4,2021,False
2021-04-28,21.0,13.116666666666667,49.458333333333336,3.1166666666666667,6.5,3.8000000000000003,583.0,0.0,105.7,66.3875,2.4680555555555554,54.8,31.829166666666666,2.8266666666666667,33.0,24.575,2.2222222222222223,18.7,13.895833333333334,2.2466666666666666,2.2,0.9333333333333335,0.22000000000000003,NO2,2.8266666666666667,4,2021,False
2021-04-29,17.3,11.958333333333334,70.625,5.829166666666667,10.8,11.5,545.0,0.0,90.9,73.87916666666666,2.2625,42.9,22.008333333333336,2.4299999999999997,27.4,14.487499999999999,2.0148148148148146,15.6,9.729166666666666,2.04,1.3,0.8208333333333334,0.13,NO2,2.4299999999999997,4,2021,False
2021-04-30,10.9,6.941666666666666,69.33333333333333,2.245833333333333,3.9,0.0,122.0,0.0,82.2,52.19583333333333,2.1416666666666666,57.5,37.025,2.9166666666666665,32.3,23.670833333333334,2.196296296296296,23.5,17.675,2.5666666666666664,7.6,1.9749999999999999,0.76,NO2,2.9166666666666665,4,2021,False
2021-05-01,13.9,10.008695652173913,62.0,2.61304347826087,4.6,0.0,342.0,0.0,95.4,57.66956521739131,2.325,36.5,23.27391304347826,2.216666666666667,31.9,25.87826086956522,2.1814814814814816,27.9,21.91304347826087,2.86,11.2,1.7304347826086954,1.06,PM2.5,2.86,5,2021,False
2021-05-02,11.6,9.6625,50.541666666666664,4.420833333333333,6.6,0.0,469.0,0.0,92.1,80.94583333333334,2.279166666666667,32.4,14.108333333333334,2.08,24.8,14.795833333333334,1.8777777777777778,21.5,11.745833333333332,2.4333333333333336,2.3,0.9166666666666666,0.22999999999999998,PM2.5,2.4333333333333336,5,2021,False
2021-05-03,14.1,7.941666666666666,59.666666666666664,3.529166666666667,6.9,0.0,612.0,0.0,86.6,53.975,2.2027777777777775,67.4,34.81666666666667,3.185,27.0,14.85,2.0,14.7,9.2125,1.97,5.6,1.3125,0.5599999999999999,NO2,3.185,5,2021,False
2021-05-04,12.9,10.504166666666666,61.5,8.825000000000001,13.1,0.0,67.0,0.0,76.3,62.775,2.0597222222222222,41.6,28.933333333333334,2.3866666666666667,27.1,13.379166666666668,2.0037037037037035,10.7,6.129166666666666,1.5699999999999998,9.4,2.475,0.9400000000000001,NO2,2.3866666666666667,5,2021,False
2021-05-05,11.1,8.195833333333333,67.08333333333333,6.945833333333333,11.2,0.7,422.0,0.0,69.1,56.75833333333333,1.9395833333333332,42.4,22.1875,2.413333333333333,14.8,8.316666666666666,1.3222222222222222,7.2,4.375,1.22,4.2,1.9916666666666665,0.42000000000000004,NO2,2.413333333333333,5,2021,False
2021-05-06,11.3,6.816666666666666,82.33333333333333,3.220833333333333,5.6,5.8999999999999995,46.0,0.0,65.8,46.54545454545455,1.8708333333333331,44.0,27.217391304347824,2.466666666666667,15.1,8.39090909090909,1.3388888888888888,7.6,5.386363636363637,1.26,1.9,1.0136363636363637,0.19,NO2,2.466666666666667,5,2021,False
2021-05-07,11.8,7.7625,69.25,4.129166666666666,8.7,0.7,654.0,0.0,73.1,53.833333333333336,2.0152777777777775,69.2,22.545833333333334,3.23,31.3,11.183333333333332,2.1592592592592594,17.9,7.954166666666667,2.1933333333333334,0.8,0.8000000000000002,0.08000000000000002,NO2,3.23,5,2021,False
2021-05-08,17.2,9.466666666666667,60.708333333333336,2.5375,5.2,0.0,620.0,0.0,86.0,40.825,2.1944444444444446,81.3,35.93333333333333,3.5324999999999998,19.9,11.229166666666666,1.6055555555555554,14.4,7.354166666666667,1.94,6.4,1.375,0.6400000000000001,NO2,3.5324999999999998,5,2021,False
2021-05-09,28.6,17.625,55.833333333333336,3.0500000000000003,7.3,0.0,709.0,0.0,94.2,43.0,2.3083333333333336,78.1,37.5,3.4524999999999997,21.7,12.279166666666667,1.7055555555555555,12.4,7.016666666666667,1.7400000000000002,4.9,1.3041666666666667,0.49000000000000005,NO2,3.4524999999999997,5,2021,False
2021-05-10,20.1,16.304166666666667,76.16666666666667,3.3000000000000003,7.7,4.8,23.0,0.0,66.6,32.88333333333333,1.8874999999999997,69.9,41.49583333333333,3.2475,22.9,12.5875,1.7722222222222221,10.6,6.0375000000000005,1.56,2.3,1.0125,0.22999999999999998,NO2,3.2475,5,2021,False
2021-05-11,17.3,13.920833333333334,89.75,2.4791666666666665,5.0,2.1,27.0,0.0,57.8,32.77916666666667,1.7041666666666666,43.8,30.21666666666667,2.46,13.4,7.904166666666666,1.2444444444444445,7.9,4.495833333333334,1.29,2.7,0.9041666666666668,0.27,NO2,2.46,5,2021,False
2021-05-12,16.9,13.370833333333332,80.58333333333333,2.8000000000000003,3.9,2.0999999999999996,156.0,0.0,64.1,45.14782608695653,1.8354166666666665,43.7,27.15416666666667,2.456666666666667,21.7,12.179166666666667,1.7055555555555555,11.3,7.291666666666667,1.6300000000000001,2.2,0.9458333333333334,0.22000000000000003,NO2,2.456666666666667,5,2021,False
2021-05-13,19.1,12.595833333333333,75.125,2.908333333333333,7.9,0.0,550.0,0.0,86.5,38.85,2.201388888888889,42.4,24.616666666666664,2.413333333333333,32.2,12.075000000000001,2.1925925925925926,27.0,8.108333333333333,2.8,12.0,1.6833333333333333,1.1,PM2.5,2.8,5,2021,False
2021-05-14,18.9,13.304166666666667,67.625,3.779166666666667,6.3,0.1,299.0,0.0,70.1,44.275,1.9604166666666665,35.3,25.008333333333336,2.1766666666666667,10.7,7.541666666666667,1.0944444444444443,4.7,3.3041666666666667,0.9400000000000001,1.9,0.8958333333333334,0.19,NO2,2.1766666666666667,5,2021,False
2021-05-15,14.5,11.754166666666668,77.70833333333333,4.75,6.8,3.5999999999999996,207.0,0.0,71.7,55.94583333333333,1.99375,28.9,17.658333333333335,1.9449999999999998,10.1,6.5874999999999995,1.0611111111111111,6.2,3.6958333333333333,1.12,6.8,2.4583333333333335,0.68,O3,1.99375,5,2021,False
2021-05-16,17.6,11.845833333333333,82.08333333333333,4.729166666666667,8.0,11.5,243.0,0.0,66.5,51.50833333333333,1.8854166666666665,22.7,15.491666666666667,1.635,8.9,6.8999999999999995,0.9888888888888889,6.4,4.145833333333333,1.1400000000000001,4.4,1.5999999999999999,0.44000000000000006,O3,1.8854166666666665,5,2021,False
2021-05-17,14.5,11.637500000000001,85.41666666666667,4.708333333333333,9.0,3.3,245.0,0.0,58.4,43.00416666666666,1.7166666666666666,42.3,26.191666666666666,2.41,8.4,5.833333333333333,0.9333333333333333,4.3,3.0666666666666664,0.86,4.2,1.0125,0.42000000000000004,NO2,2.41,5,2021,False
2021-05-18,14.9,11.65,76.66666666666667,4.0,7.1,1.8,303.0,0.0,76.0,50.54583333333334,2.0555555555555554,44.3,22.28333333333333,2.4766666666666666,13.9,7.391666666666667,1.2722222222222221,5.2,3.3708333333333336,1.02,3.9,1.2958333333333334,0.39,NO2,2.4766666666666666,5,2021,False
2021-05-19,17.1,11.845833333333333,70.54166666666667,4.2250000000000005,8.1,0.1,460.0,0.0,71.1,56.2875,1.9812499999999997,47.3,24.666666666666668,2.5766666666666667,16.0,8.345833333333333,1.3888888888888888,9.9,4.466666666666667,1.49,3.1,1.2291666666666667,0.31000000000000005,NO2,2.5766666666666667,5,2021,False
2021-05-20,16.8,12.720833333333333,69.16666666666667,3.7083333333333335,6.5,0.0,363.0,0.0,76.9,56.65833333333333,2.0680555555555555,38.4,23.870833333333334,2.28,15.0,8.558333333333334,1.3333333333333333,11.1,5.220833333333333,1.6099999999999999,5.4,1.5041666666666667,0.54,NO2,2.28,5,2021,False
2021-05-21,17.3,14.420833333333334,59.583333333333336,7.4750000000000005,11.9,0.0,376.0,0.0,72.8,55.520833333333336,2.011111111111111,39.0,25.616666666666664,2.3,21.3,11.945833333333333,1.6833333333333333,6.6,5.1000000000000005,1.16,8.7,3.4458333333333333,0.87,NO2,2.3,5,2021,False
2021-05-22,16.3,12.083333333333334,69.58333333333333,7.954166666666667,11.5,7.8999999999999995,360.0,0.0,67.5,58.604166666666664,1.90625,29.5,19.795833333333334,1.975,9.8,7.533333333333334,1.0444444444444445,4.4,3.6750000000000003,0.8800000000000001,8.1,2.5416666666666665,0.81,NO2,1.975,5,2021,False
2021-05-23,16.9,12.245833333333332,67.58333333333333,5.245833333333333,8.7,0.30000000000000004,433.0,0.0,69.8,54.791666666666664,1.9541666666666666,37.2,20.641666666666666,2.24,9.0,6.016666666666667,1.0,4.8,3.466666666666667,0.96,4.3,1.7750000000000001,0.43,NO2,2.24,5,2021,False
2021-05-24,20.3,11.695833333333333,75.25,3.225,9.0,2.0,492.0,0.0,74.4,38.11666666666667,2.033333333333333,57.5,27.1125,2.9166666666666665,11.4,7.016666666666667,1.1333333333333333,6.6,4.070833333333334,1.16,4.8,1.3541666666666667,0.48,NO2,2.9166666666666665,5,2021,False
2021-05-25,13.8,9.720833333333333,79.0,6.8875,9.3,7.1,87.0,0.0,66.4,54.175000000000004,1.8833333333333333,34.9,22.02916666666667,2.163333333333333,9.5,5.3999999999999995,1.0277777777777777,4.3,2.6041666666666665,0.86,2.2,1.1,0.22000000000000003,NO2,2.163333333333333,5,2021,False
2021-05-26,13.2,10.579166666666667,85.41666666666667,4.383333333333334,7.0,7.8999999999999995,114.0,0.0,62.5,42.208333333333336,1.8020833333333333,53.2,26.791666666666668,2.7733333333333334,11.3,6.508333333333333,1.1277777777777778,7.3,3.591666666666667,1.23,2.5,1.2458333333333333,0.25,NO2,2.7733333333333334,5,2021,False
2021-05-27,14.0,10.404166666666667,85.20833333333333,4.720833333333333,8.1,4.8999999999999995,38.0,0.0,56.9,43.75416666666666,1.6854166666666666,35.7,24.40833333333333,2.19,14.3,9.35,1.2944444444444445,8.4,5.895833333333333,1.34,2.6,1.3041666666666667,0.26,NO2,2.19,5,2021,False
2021-05-28,18.0,13.220833333333333,68.91666666666667,2.129166666666667,3.6,0.0,384.0,0.0,76.3,51.05833333333334,2.0597222222222222,44.4,19.191666666666666,2.48,18.6,10.791666666666666,1.5333333333333334,12.3,6.904166666666666,1.73,0.8,0.8000000000000002,0.08000000000000002,NO2,2.48,5,2021,False
2021-05-29,20.4,14.741666666666667,59.041666666666664,3.2375000000000003,5.2,0.0,851.0,0.0,90.6,56.387499999999996,2.2583333333333333,49.0,22.325,2.6333333333333333,12.8,8.254166666666666,1.2111111111111112,7.0,4.779166666666667,1.2,0.8,0.8000000000000002,0.08000000000000002,NO2,2.6333333333333333,5,2021,False
2021-05-30,21.3,15.65,55.708333333333336,3.891666666666667,6.4,0.0,835.0,0.0,89.1,67.16666666666667,2.2375,26.0,11.016666666666666,1.8,13.6,10.766666666666666,1.2555555555555555,10.6,7.720833333333334,1.56,0.8,0.8000000000000002,0.08000000000000002,O3,2.2375,5,2021,False
2021-05-31,22.8,16.179166666666667,54.375,2.4375,4.0,0.0,917.0,0.0,101.7,63.37916666666666,2.4125,48.6,24.208333333333332,2.62,19.7,12.7875,1.5944444444444443,10.7,6.916666666666667,1.5699999999999998,0.8,0.8000000000000002,0.08000000000000002,NO2,2.62,5,2021,False
2021-06-01,24.4,18.295652173913044,48.69565217391305,2.782608695652174,4.2,0.0,920.0,0.0,108.1,70.74782608695652,2.5013888888888887,56.5,29.543478260869566,2.8833333333333333,22.9,14.782608695652174,1.7722222222222221,14.5,7.965217391304347,1.9500000000000002,0.8,0.8,0.08000000000000002,NO2,2.8833333333333333,6,2021,False
2021-06-02,26.9,20.579166666666666,47.25,2.375,3.3,0.0,883.0,0.0,112.1,68.49130434782609,2.5569444444444445,55.8,32.09130434782609,2.86,31.7,16.916666666666668,2.174074074074074,13.1,8.345833333333333,1.81,1.4,0.8739130434782609,0.13999999999999999,NO2,2.86,6,2021,False
2021-06-03,28.0,20.691666666666666,65.70833333333333,2.091666666666667,4.7,0.1,485.0,0.0,112.1,64.5125,2.5569444444444445,57.9,26.129166666666666,2.9299999999999997,19.2,13.525,1.5666666666666664,13.3,8.2125,1.83,12.1,1.625,1.105,NO2,2.9299999999999997,6,2021,False
2021-06-04,27.9,21.379166666666666,73.0,1.9708333333333332,6.6,16.8,422.0,0.0,103.0,56.81666666666666,2.4305555555555554,31.3,24.083333333333332,2.0433333333333334,19.8,13.320833333333333,1.6,13.4,8.370833333333334,1.84,1.2,0.8166666666666668,0.12,O3,2.4305555555555554,6,2021,False
2021-06-05,22.8,18.645833333333332,85.58333333333333,2.9791666666666665,6.1,13.799999999999999,260.0,0.0,81.0,54.69166666666666,2.125,36.0,20.870833333333334,2.2,35.9,13.608333333333334,2.3296296296296295,31.2,8.266666666666667,3.06,1.5,0.8500000000000001,0.15000000000000002,PM2.5,3.06,6,2021,False
2021-06-06,20.3,17.591666666666665,80.75,3.579166666666667,5.0,0.0,156.0,0.0,65.4,57.208333333333336,1.8625,17.6,9.758333333333333,1.3800000000000001,46.6,19.291666666666668,2.725925925925926,42.0,16.816666666666666,3.6,0.8,0.8000000000000002,0.08000000000000002,PM2.5,3.6,6,2021,False
2021-06-07,20.7,17.633333333333333,82.75,3.7458333333333336,6.0,19.4,9.0,0.0,81.7,66.33636363636364,2.1347222222222224,21.1,13.279166666666667,1.5550000000000002,20.7,13.441666666666668,1.65,16.9,10.491666666666665,2.1266666666666665,0.8,0.8000000000000002,0.08000000000000002,O3,2.1347222222222224,6,2021,False
2021-06-08,23.9,20.129166666666666,71.29166666666667,3.25,4.0,0.0,207.0,0.0,97.7,73.08333333333333,2.3569444444444443,37.1,14.424999999999999,2.236666666666667,21.9,17.787499999999998,1.7166666666666666,16.3,13.133333333333333,2.086666666666667,0.8,0.8000000000000002,0.08000000000000002,O3,2.3569444444444443,6,2021,False
2021-06-09,26.6,21.099999999999998,69.45833333333333,1.8666666666666665,3.8,0.0,717.0,0.0,113.3,63.79583333333333,2.573611111111111,46.0,22.954166666666666,2.533333333333333,24.6,18.591666666666665,1.8666666666666667,18.2,12.670833333333334,2.2133333333333334,0.8,0.8000000000000002,0.08000000000000002,O3,2.573611111111111,6,2021,False
2021-06-10,27.3,21.34583333333333,67.0,2.1958333333333333,5.3,0.0,770.0,0.0,143.0,85.52916666666665,2.986111111111111,44.4,22.787499999999998,2.48,26.6,20.5,1.9777777777777779,18.8,14.020833333333334,2.2533333333333334,0.8,0.8000000000000002,0.08000000000000002,O3,2.986111111111111,6,2021,False
2021-06-11,28.6,22.2375,60.833333333333336,2.1416666666666666,3.7,0.0,821.0,0.0,140.3,87.02916666666665,2.948611111111111,46.6,27.474999999999998,2.5533333333333332,28.8,19.520833333333332,2.066666666666667,16.3,12.1,2.086666666666667,4.3,1.0583333333333333,0.43,O3,2.948611111111111,6,2021,False
2021-06-12,25.0,20.733333333333334,65.58333333333333,3.670833333333333,6.6,0.0,586.0,0.0,98.5,75.85833333333333,2.3680555555555554,32.0,18.183333333333334,2.066666666666667,310.1,28.725000000000005,5.0,49.2,11.333333333333334,3.96,3.3,1.0291666666666668,0.33,PM10,5.0,6,2021,False
2021-06-13,23.4,18.166666666666668,56.916666666666664,2.2875,3.6,0.0,934.0,0.0,91.7,74.0125,2.2736111111111112,26.9,11.095833333333333,1.845,18.2,13.291666666666666,1.511111111111111,11.5,7.883333333333333,1.65,0.8,0.8000000000000002,0.08000000000000002,O3,2.2736111111111112,6,2021,False
2021-06-14,27.4,20.316666666666666,52.583333333333336,2.0541666666666667,2.9,0.0,940.0,0.0,114.7,63.95416666666667,2.5930555555555554,36.5,23.870833333333334,2.216666666666667,18.1,13.5,1.5055555555555555,9.7,7.125,1.47,1.5,0.8291666666666667,0.15000000000000002,O3,2.5930555555555554,6,2021,False
2021-06-15,29.7,22.208333333333332,58.541666666666664,2.1625,5.8,0.0,849.0,0.0,161.1,89.87916666666666,3.178125,40.4,26.875,2.3466666666666667,28.7,18.341666666666665,2.062962962962963,14.3,9.4125,1.9300000000000002,1.3,0.8375,0.13,O3,3.178125,6,2021,False
2021-06-16,32.3,25.5625,53.75,2.5500000000000003,4.5,0.0,809.0,0.0,148.6,89.7,3.0479166666666666,32.4,20.6375,2.08,30.8,19.820833333333333,2.140740740740741,17.5,11.799999999999999,2.1666666666666665,2.1,0.8833333333333334,0.21000000000000002,O3,3.0479166666666666,6,2021,True
2021-06-17,34.0,26.954166666666666,51.208333333333336,2.3541666666666665,5.0,0.0,913.0,0.0,165.0,101.75833333333333,3.21875,52.1,32.108333333333334,2.736666666666667,31.0,24.329166666666666,2.148148148148148,17.3,13.683333333333332,2.1533333333333333,3.1,1.225,0.31000000000000005,O3,3.21875,6,2021,True
2021-06-18,34.2,27.629166666666666,54.125,2.1625,3.3,0.0,780.0,0.0,170.6,100.46249999999999,3.277083333333333,52.1,34.375,2.736666666666667,50.4,30.337500000000002,2.8666666666666667,21.8,17.429166666666667,2.453333333333333,1.3,0.8208333333333334,0.13,O3,3.277083333333333,6,2021,True
2021-06-19,33.2,27.212500000000002,54.583333333333336,2.25,4.9,0.0,829.0,0.0,131.8,92.2,2.8305555555555557,36.3,21.8625,2.21,39.9,27.295833333333334,2.477777777777778,21.7,12.895833333333334,2.4466666666666668,4.7,1.1416666666666666,0.47000000000000003,O3,2.8305555555555557,6,2021,True
2021-06-20,29.3,25.870833333333334,58.041666666666664,4.0249999999999995,7.8,0.30000000000000004,390.0,0.0,105.9,77.64166666666667,2.470833333333333,33.4,15.095833333333333,2.1133333333333333,42.5,23.412499999999998,2.574074074074074,17.9,11.404166666666667,2.1933333333333334,2.1,0.9250000000000002,0.21000000000000002,PM10,2.574074074074074,6,2021,False
2021-06-21,26.1,20.958333333333332,72.95833333333333,5.325,8.1,10.5,558.0,0.0,87.1,64.89999999999999,2.209722222222222,32.1,17.095833333333335,2.07,27.1,14.545833333333334,2.0037037037037035,12.4,6.633333333333333,1.7400000000000002,4.4,1.1875,0.44000000000000006,O3,2.209722222222222,6,2021,False
2021-06-22,18.4,16.870833333333334,77.75,4.45,6.0,4.2,130.0,0.0,63.4,54.77916666666667,1.8208333333333333,20.6,11.75,1.5300000000000002,9.9,6.583333333333333,1.05,6.5,3.516666666666667,1.15,0.8,0.8000000000000002,0.08000000000000002,O3,1.8208333333333333,6,2021,False
2021-06-23,24.3,19.591666666666665,71.41666666666667,3.5666666666666664,5.3,0.0,391.0,0.0,83.8,52.94166666666666,2.1638888888888888,25.7,14.241666666666667,1.7850000000000001,17.4,13.058333333333332,1.4666666666666666,11.4,8.166666666666666,1.6400000000000001,0.8,0.8000000000000002,0.08000000000000002,O3,2.1638888888888888,6,2021,False
2021-06-24,19.8,17.8,83.95833333333333,3.3166666666666664,4.9,19.2,64.0,0.0,73.7,51.53333333333333,2.0236111111111112,28.8,17.837500000000002,1.94,20.5,14.525,1.6388888888888888,14.1,10.679166666666667,1.9100000000000001,0.8,0.8000000000000002,0.08000000000000002,O3,2.0236111111111112,6,2021,False
2021-06-25,22.3,18.545833333333334,76.41666666666667,2.8958333333333335,5.0,2.0,405.0,0.0,89.7,57.42173913043479,2.2458333333333336,29.2,18.130434782608695,1.96,31.3,19.90434782608696,2.1592592592592594,26.8,14.47391304347826,2.7866666666666666,0.8,0.8,0.08000000000000002,PM2.5,2.7866666666666666,6,2021,False
2021-06-26,26.0,19.375,67.83333333333333,1.2958333333333334,2.2,0.0,712.0,0.0,126.2,62.65833333333333,2.7527777777777778,43.4,22.72083333333333,2.4466666666666668,28.8,17.787499999999998,2.066666666666667,18.7,11.729166666666666,2.2466666666666666,1.3,0.8208333333333334,0.13,O3,2.7527777777777778,6,2021,False
2021-06-27,28.0,22.416666666666668,61.708333333333336,2.4250000000000003,3.4,0.4,487.0,0.0,102.9,69.45833333333333,2.4291666666666667,28.1,15.729166666666666,1.9050000000000002,16.8,13.383333333333333,1.4333333333333333,11.2,9.5,1.62,0.8,0.8000000000000002,0.08000000000000002,O3,2.4291666666666667,6,2021,False
2021-06-28,29.0,23.004166666666666,69.0,2.0083333333333333,4.2,0.0,453.0,0.0,125.5,64.14166666666667,2.7430555555555554,42.3,29.849999999999998,2.41,24.0,15.6625,1.8333333333333333,15.5,10.079166666666667,2.033333333333333,6.6,1.2750000000000001,0.66,O3,2.7430555555555554,6,2021,False
2021-06-29,26.3,19.099999999999998,85.625,3.275,8.0,25.4,221.0,0.0,96.2,54.479166666666664,2.3361111111111112,42.2,21.1875,2.4066666666666667,21.5,13.470833333333333,1.6944444444444444,12.4,7.8,1.7400000000000002,3.2,1.1833333333333333,0.32000000000000006,NO2,2.4066666666666667,6,2021,False
2021-06-30,19.8,16.533333333333335,82.33333333333333,4.495833333333334,7.0,6.3,230.0,0.0,63.9,39.49166666666667,1.8312499999999998,26.5,20.816666666666666,1.8250000000000002,49.1,14.804166666666667,2.8185185185185184,22.1,6.3125,2.4733333333333336,1.9,0.9,0.19,PM10,2.8185185185185184,6,2021,False
2021-07-01,17.3,15.76086956521739,79.91304347826087,3.9521739130434783,5.8,2.4000000000000004,0.0,0.0,52.2,41.41428571428572,1.5875,27.3,17.88095238095238,1.8650000000000002,13.2,9.45217391304348,1.2333333333333334,8.7,5.078260869565217,1.3699999999999999,0.8,0.8,0.08000000000000002,NO2,1.8650000000000002,7,2021,False
2021-07-02,23.8,18.320833333333333,67.04166666666667,2.5,5.8,0.0,635.0,0.0,92.1,61.24583333333334,2.279166666666667,35.5,17.912499999999998,2.183333333333333,19.3,14.095833333333333,1.5722222222222222,12.7,9.262500000000001,1.77,0.8,0.8000000000000002,0.08000000000000002,O3,2.279166666666667,7,2021,False
2021-07-03,27.1,20.541666666666668,65.5,1.8041666666666665,2.9,0.0,664.0,0.0,119.2,66.125,2.6555555555555554,31.4,21.695833333333336,2.0466666666666664,21.7,15.545833333333334,1.7055555555555555,13.4,10.075000000000001,1.84,2.9,0.9333333333333335,0.29,O3,2.6555555555555554,7,2021,False
2021-07-04,24.1,19.683333333333334,78.58333333333333,3.2624999999999997,7.1,4.8,286.0,0.0,83.2,55.541666666666664,2.1555555555555554,35.4,18.825,2.1799999999999997,25.7,12.049999999999999,1.9277777777777776,11.8,8.008333333333333,1.6800000000000002,10.1,2.1791666666666667,1.005,NO2,2.1799999999999997,7,2021,False
2021-07-05,22.5,18.4375,83.45833333333333,4.175,6.5,0.9,145.0,0.0,44.1,30.7375,1.41875,28.3,18.720833333333335,1.915,13.7,9.329166666666667,1.261111111111111,6.1,4.333333333333333,1.1099999999999999,7.0,3.170833333333333,0.7000000000000001,NO2,1.915,7,2021,False
2021-07-06,20.2,18.233333333333334,85.625,3.25,5.9,10.0,118.0,0.0,48.0,24.59166666666667,1.5,32.6,24.308333333333334,2.086666666666667,16.1,9.895833333333334,1.3944444444444444,6.5,4.383333333333334,1.15,6.3,1.8125,0.63,NO2,2.086666666666667,7,2021,False
2021-07-07,25.1,19.4875,67.625,3.1,4.5,0.0,627.0,0.0,76.2,40.229166666666664,2.0583333333333336,35.6,22.495833333333334,2.1866666666666665,16.4,12.075000000000001,1.411111111111111,5.7,4.729166666666667,1.07,11.3,3.1458333333333335,1.065,NO2,2.1866666666666665,7,2021,False
2021-07-08,23.1,18.395833333333332,80.66666666666667,2.2083333333333335,5.4,3.1,41.0,0.0,65.0,35.520833333333336,1.8541666666666665,39.2,27.354166666666668,2.3066666666666666,18.7,11.5375,1.5388888888888888,7.2,5.5375000000000005,1.22,1.8,0.8958333333333334,0.18000000000000002,NO2,2.3066666666666666,7,2021,False
2021-07-09,21.6,17.779166666666665,83.20833333333333,2.733333333333333,4.3,6.0,44.0,0.0,73.7,40.90833333333333,2.0236111111111112,55.3,21.3625,2.8433333333333333,19.4,12.429166666666667,1.5777777777777775,13.2,8.075000000000001,1.8199999999999998,0.8,0.8000000000000002,0.08000000000000002,NO2,2.8433333333333333,7,2021,False
2021-07-10,25.6,19.325,73.33333333333333,1.4833333333333334,2.4,0.2,735.0,0.0,88.3,41.35,2.2263888888888888,48.8,23.020833333333332,2.6266666666666665,32.0,19.808333333333334,2.185185185185185,24.0,12.691666666666668,2.6,1.9,0.9125000000000001,0.19,NO2,2.6266666666666665,7,2021,False
2021-07-11,23.4,18.912499999999998,80.45833333333333,3.0083333333333333,6.7,11.4,405.0,0.0,80.3,53.5625,2.1152777777777776,29.5,14.145833333333334,1.975,17.6,11.1875,1.4777777777777779,12.7,6.95,1.77,0.8,0.8000000000000002,0.08000000000000002,O3,2.1152777777777776,7,2021,False
2021-07-12,25.2,20.8,72.58333333333333,2.704166666666667,3.9,0.0,546.0,0.0,76.5,43.17083333333333,2.0625,26.6,19.091666666666665,1.83,24.3,14.170833333333334,1.85,11.8,8.095833333333333,1.6800000000000002,0.8,0.8000000000000002,0.08000000000000002,O3,2.0625,7,2021,False
2021-07-13,21.3,18.7,91.5,2.891666666666667,6.1,13.4,19.0,0.0,55.5,27.625,1.65625,37.7,22.441666666666666,2.256666666666667,15.3,10.35,1.35,8.8,6.208333333333333,1.3800000000000001,7.8,1.2583333333333335,0.78,NO2,2.256666666666667,7,2021,False
2021-07-14,17.9,16.787499999999998,87.0,4.233333333333333,5.5,1.3,0.0,0.0,35.0,24.90416666666667,1.2291666666666667,28.2,18.133333333333333,1.9100000000000001,14.6,10.245833333333334,1.3111111111111111,7.2,4.616666666666666,1.22,5.1,2.5500000000000003,0.51,NO2,1.9100000000000001,7,2021,False
2021-07-15,23.9,18.691666666666666,78.875,1.7125000000000001,3.1,0.4,193.0,0.0,78.0,34.05652173913043,2.0833333333333335,47.5,18.68695652173913,2.5833333333333335,10.9,6.845833333333334,1.1055555555555556,7.0,3.2916666666666665,1.2,0.8,0.8,0.08000000000000002,NO2,2.5833333333333335,7,2021,False
2021-07-16,24.3,19.345833333333335,82.16666666666667,2.6916666666666664,5.3,1.9,414.0,0.0,70.0,30.616666666666664,1.9583333333333333,36.4,19.329166666666666,2.2133333333333334,20.1,14.970833333333333,1.6166666666666667,13.8,8.049999999999999,1.8800000000000001,0.8,0.8000000000000002,0.08000000000000002,NO2,2.2133333333333334,7,2021,False
2021-07-17,27.1,21.5625,72.375,3.016666666666667,5.5,0.0,305.0,0.0,79.6,52.04583333333333,2.1055555555555556,19.6,11.3375,1.48,22.7,16.304166666666667,1.761111111111111,16.0,11.745833333333332,2.066666666666667,0.8,0.8000000000000002,0.08000000000000002,O3,2.1055555555555556,7,2021,False
2021-07-18,28.7,21.833333333333332,64.91666666666667,3.216666666666667,5.3,0.0,838.0,0.0,57.5,41.579166666666666,1.6979166666666665,37.0,12.475,2.2333333333333334,16.4,9.316666666666666,1.411111111111111,10.6,4.641666666666667,1.56,0.8,0.8000000000000002,0.08000000000000002,NO2,2.2333333333333334,7,2021,False
2021-07-19,24.9,20.820833333333333,66.375,3.8375,6.4,0.0,696.0,0.0,82.8,53.74166666666667,2.15,25.9,13.637500000000001,1.795,45.1,17.616666666666667,2.6703703703703705,19.5,10.241666666666667,2.3,0.8,0.8000000000000002,0.08000000000000002,PM10,2.6703703703703705,7,2021,False
2021-07-20,24.1,18.754166666666666,63.208333333333336,2.433333333333333,3.9,0.0,809.0,0.0,84.0,55.90416666666667,2.1666666666666665,34.8,18.133333333333333,2.1599999999999997,22.3,18.804166666666667,1.738888888888889,14.5,12.308333333333332,1.9500000000000002,0.8,0.8000000000000002,0.08000000000000002,O3,2.1666666666666665,7,2021,False
2021-07-21,25.2,20.154166666666665,54.541666666666664,2.891666666666667,4.0,0.0,871.0,0.0,95.4,61.5,2.325,34.6,16.75,2.1533333333333333,19.8,13.529166666666667,1.6,10.5,7.408333333333334,1.55,1.3,0.8208333333333334,0.13,O3,2.325,7,2021,False
2021-07-22,25.8,20.7375,57.541666666666664,2.6875,5.2,0.0,776.0,0.0,104.3,60.583333333333336,2.448611111111111,43.5,20.916666666666668,2.45,25.9,15.445833333333333,1.9388888888888887,9.4,8.1625,1.44,1.2,0.8166666666666668,0.12,NO2,2.45,7,2021,False
2021-07-23,27.5,21.033333333333335,61.125,1.7125000000000001,2.7,0.0,750.0,0.0,133.3,68.19166666666668,2.8513888888888888,43.2,24.175,2.44,28.1,18.341666666666665,2.0407407407407407,16.3,11.291666666666666,2.086666666666667,2.0,0.8500000000000001,0.2,O3,2.8513888888888888,7,2021,False
2021-07-24,24.7,21.041666666666668,70.25,3.0375,6.8,1.4,285.0,0.0,100.1,68.675,2.3902777777777775,42.0,24.97083333333333,2.4,29.3,21.445833333333336,2.085185185185185,18.0,14.1,2.2,3.9,1.1875,0.39,NO2,2.4,7,2021,False
2021-07-25,27.6,20.416666666666668,75.41666666666667,2.5,6.6,0.0,284.0,0.0,91.6,55.99166666666667,2.272222222222222,28.6,19.079166666666666,1.9300000000000002,24.9,14.641666666666666,1.8833333333333333,18.7,9.9,2.2466666666666666,1.5,0.8500000000000001,0.15000000000000002,O3,2.272222222222222,7,2021,False
2021-07-26,25.9,20.150000000000002,74.70833333333333,2.745833333333333,5.5,0.2,553.0,0.0,81.6,44.854166666666664,2.1333333333333333,37.2,25.162499999999998,2.24,16.7,11.854166666666666,1.4277777777777776,8.5,6.141666666666667,1.35,8.0,1.6541666666666668,0.8,NO2,2.24,7,2021,False
2021-07-27,25.1,19.804166666666667,76.0,2.954166666666667,5.6,0.8999999999999999,314.0,0.0,93.5,54.45416666666666,2.298611111111111,39.9,24.8875,2.33,18.3,13.679166666666667,1.5166666666666666,10.3,7.45,1.5300000000000002,4.9,1.3499999999999999,0.49000000000000005,NO2,2.33,7,2021,False
2021-07-28,24.1,18.875,82.5,3.8625000000000003,7.4,4.1,237.0,0.0,66.7,46.12083333333334,1.8895833333333334,26.1,18.9875,1.8050000000000002,20.3,12.808333333333332,1.6277777777777778,14.7,7.958333333333333,1.97,4.6,1.2041666666666668,0.45999999999999996,PM2.5,1.97,7,2021,False
2021-07-29,23.2,18.945833333333333,65.16666666666667,5.154166666666667,9.8,0.0,478.0,0.0,61.6,45.85909090909091,1.7833333333333332,35.6,19.490909090909092,2.1866666666666665,21.1,10.929166666666667,1.6722222222222223,7.0,5.258333333333334,1.2,4.2,1.1227272727272728,0.42000000000000004,NO2,2.1866666666666665,7,2021,False
2021-07-30,27.2,19.895833333333332,63.458333333333336,3.529166666666667,7.9,0.0,751.0,0.0,84.0,43.62083333333334,2.1666666666666665,37.7,26.15833333333333,2.256666666666667,25.1,14.0875,1.8944444444444444,8.8,6.341666666666666,1.3800000000000001,7.8,1.8541666666666667,0.78,NO2,2.256666666666667,7,2021,False
2021-07-31,23.6,19.325,58.083333333333336,6.016666666666667,8.3,0.0,532.0,0.0,76.8,55.5,2.0666666666666664,41.5,21.004166666666666,2.3833333333333333,23.5,12.725,1.8055555555555554,8.0,4.908333333333333,1.3,4.9,1.7916666666666667,0.49000000000000005,NO2,2.3833333333333333,7,2021,False
2021-08-01,24.1,18.62608695652174,65.95652173913044,3.4782608695652173,7.0,0.4,458.0,0.0,80.7,59.02173913043478,2.1208333333333336,40.3,16.547826086956523,2.3433333333333333,15.0,7.839130434782609,1.3333333333333333,7.1,4.191304347826088,1.21,1.3,0.8434782608695653,0.13,NO2,2.3433333333333333,8,2021,False
2021-08-02,22.3,16.400000000000002,79.29166666666667,3.391666666666667,6.3,7.8,351.0,0.0,66.1,43.98333333333333,1.8770833333333332,43.3,25.366666666666664,2.4433333333333334,14.4,8.108333333333333,1.3,6.1,3.9,1.1099999999999999,6.2,1.7,0.6200000000000001,NO2,2.4433333333333334,8,2021,False
2021-08-03,21.0,15.725,87.375,2.504166666666667,5.2,8.799999999999999,204.0,0.0,64.6,35.458333333333336,1.8458333333333332,31.7,25.72083333333333,2.0566666666666666,16.9,8.466666666666667,1.4388888888888887,10.2,5.233333333333333,1.52,2.4,0.9958333333333335,0.24,NO2,2.0566666666666666,8,2021,False
2021-08-04,21.4,16.883333333333333,81.75,2.3000000000000003,3.6,0.0,189.0,0.0,70.9,37.175000000000004,1.9770833333333333,45.1,29.645833333333332,2.5033333333333334,18.0,11.566666666666668,1.5,10.7,6.929166666666667,1.5699999999999998,2.2,0.9708333333333333,0.22000000000000003,NO2,2.5033333333333334,8,2021,False
2021-08-05,23.8,18.129166666666666,77.75,2.25,4.6,0.2,390.0,0.0,80.5,38.975,2.1180555555555554,42.5,27.575,2.4166666666666665,17.7,10.5375,1.4833333333333334,10.3,6.295833333333333,1.5300000000000002,3.9,1.0541666666666667,0.39,NO2,2.4166666666666665,8,2021,False
2021-08-06,22.2,18.400000000000002,78.16666666666667,5.05,9.2,4.8,241.0,0.0,48.5,32.608333333333334,1.5104166666666665,31.5,23.40833333333333,2.05,9.2,6.6499999999999995,1.011111111111111,6.3,3.6625,1.13,1.4,0.8250000000000001,0.13999999999999999,NO2,2.05,8,2021,False
2021-08-07,20.7,17.104166666666668,83.375,2.591666666666667,5.4,0.8,90.0,0.0,44.1,24.170833333333334,1.41875,29.3,23.704166666666666,1.965,11.0,8.008333333333333,1.1111111111111112,6.9,4.1499999999999995,1.19,3.2,1.429166666666667,0.32000000000000006,NO2,1.965,8,2021,False
2021-08-08,20.5,17.004166666666666,73.45833333333333,5.491666666666667,9.1,0.4,583.0,0.0,57.2,42.5625,1.6916666666666667,26.3,14.404166666666667,1.815,8.4,6.6625000000000005,0.9333333333333333,4.8,3.7708333333333335,0.96,9.0,2.6083333333333334,0.9,NO2,1.815,8,2021,False
2021-08-09,23.4,17.141666666666666,70.08333333333333,3.3625000000000003,7.3,0.0,533.0,0.0,58.4,27.77916666666667,1.7166666666666666,45.0,28.941666666666666,2.5,10.7,8.495833333333334,1.0944444444444443,5.3,4.229166666666667,1.03,9.2,1.8333333333333333,0.9199999999999999,NO2,2.5,8,2021,False
2021-08-10,24.5,19.204166666666666,67.45833333333333,3.3333333333333335,6.4,0.0,364.0,0.0,63.2,31.1125,1.8166666666666667,48.7,31.120833333333334,2.6233333333333335,37.4,12.133333333333333,2.3851851851851853,10.4,5.454166666666667,1.54,2.5,0.9708333333333333,0.25,NO2,2.6233333333333335,8,2021,False
2021-08-11,26.7,20.579166666666666,67.95833333333333,1.7958333333333334,3.3,0.0,645.0,0.0,89.1,45.833333333333336,2.2375,38.3,23.929166666666664,2.2766666666666664,20.0,11.308333333333332,1.6111111111111112,9.1,6.116666666666667,1.41,5.7,1.1291666666666667,0.5700000000000001,NO2,2.2766666666666664,8,2021,False
2021-08-12,28.9,22.070833333333336,66.75,1.7750000000000001,2.7,0.0,582.0,0.0,109.5,52.904545454545456,2.520833333333333,45.6,34.65416666666667,2.52,20.1,14.741666666666667,1.6166666666666667,11.2,7.8625,1.62,5.4,1.7125000000000001,0.54,O3,2.520833333333333,8,2021,False
2021-08-13,30.4,22.52916666666667,75.125,2.441666666666667,4.5,2.5,484.0,0.0,109.7,60.3375,2.5236111111111112,43.4,31.995833333333334,2.4466666666666668,26.6,21.245833333333334,1.9777777777777779,15.3,12.495833333333332,2.02,6.0,1.2750000000000001,0.6000000000000001,O3,2.5236111111111112,8,2021,False
2021-08-14,30.0,22.3875,68.29166666666667,2.2416666666666667,4.2,0.0,804.0,0.0,91.7,46.479166666666664,2.2736111111111112,62.4,34.795833333333334,3.06,25.3,15.575000000000001,1.9055555555555554,17.2,8.979166666666666,2.1466666666666665,7.9,1.3583333333333334,0.79,NO2,3.06,8,2021,False
2021-08-15,29.1,21.75,62.75,1.8416666666666668,3.7,0.0,779.0,0.0,91.5,54.72083333333333,2.2708333333333335,64.0,26.879166666666666,3.1,23.9,12.35,1.8277777777777775,11.9,6.391666666666667,1.69,1.8,0.8625000000000002,0.18000000000000002,NO2,3.1,8,2021,False
2021-08-16,21.9,18.241666666666667,71.79166666666667,5.345833333333334,10.0,3.1,154.0,0.0,59.6,43.23333333333333,1.7416666666666667,46.3,25.162499999999998,2.543333333333333,17.8,12.479166666666666,1.488888888888889,12.2,5.595833333333334,1.72,1.7,0.8583333333333334,0.17,NO2,2.543333333333333,8,2021,False
2021-08-17,18.3,14.029166666666667,78.29166666666667,4.645833333333333,8.1,2.8,165.0,0.0,59.3,41.44166666666667,1.7354166666666666,48.4,24.21666666666667,2.6133333333333333,17.3,11.741666666666667,1.4611111111111112,12.0,7.8625,1.7000000000000002,3.3,0.9208333333333334,0.33,NO2,2.6133333333333333,8,2021,False
2021-08-18,21.0,17.091666666666665,78.875,4.6625,7.1,0.1,43.0,0.0,42.8,30.25,1.3916666666666666,32.4,25.733333333333334,2.08,15.1,8.108333333333333,1.3388888888888888,12.4,5.1000000000000005,1.7400000000000002,3.6,1.225,0.36000000000000004,NO2,2.08,8,2021,False
2021-08-19,21.4,18.895833333333332,75.25,4.25,6.2,0.0,64.0,0.0,41.2,31.245833333333334,1.3583333333333334,38.0,24.745833333333334,2.2666666666666666,11.1,6.945833333333333,1.1166666666666667,7.7,4.108333333333333,1.27,3.9,1.2125000000000001,0.39,NO2,2.2666666666666666,8,2021,False
2021-08-20,24.5,19.75,69.33333333333333,2.5,4.7,0.0,608.0,0.0,67.2,39.1875,1.9,45.6,22.204166666666666,2.52,19.9,8.929166666666667,1.6055555555555554,14.3,5.145833333333333,1.9300000000000002,0.8,0.8000000000000002,0.08000000000000002,NO2,2.52,8,2021,False
2021-08-21,27.6,20.708333333333332,67.625,1.8875,3.2,0.0,684.0,0.0,97.3,41.2875,2.3513888888888888,65.6,25.866666666666664,3.1399999999999997,28.8,10.870833333333332,2.066666666666667,11.6,5.808333333333334,1.6600000000000001,0.8,0.8000000000000002,0.08000000000000002,NO2,3.1399999999999997,8,2021,False
2021-08-22,22.0,18.45,86.33333333333333,3.6374999999999997,6.0,5.800000000000001,153.0,0.0,53.8,39.675000000000004,1.6208333333333331,49.0,22.8875,2.6333333333333333,20.3,10.766666666666666,1.6277777777777778,13.2,7.166666666666667,1.8199999999999998,4.6,1.2166666666666666,0.45999999999999996,NO2,2.6333333333333333,8,2021,False
2021-08-23,21.8,17.0125,83.66666666666667,2.3666666666666667,5.9,2.9000000000000004,396.0,0.0,74.1,38.49166666666667,2.029166666666667,42.1,20.45416666666667,2.4033333333333333,14.8,8.854166666666666,1.3222222222222222,7.8,5.55,1.28,0.8,0.8000000000000002,0.08000000000000002,NO2,2.4033333333333333,8,2021,False
2021-08-24,20.8,16.716666666666665,67.58333333333333,3.6958333333333333,5.7,0.0,532.0,0.0,72.5,48.75,2.0069444444444446,42.6,16.741666666666667,2.42,12.5,8.575000000000001,1.1944444444444444,8.5,4.5,1.35,0.8,0.8000000000000002,0.08000000000000002,NO2,2.42,8,2021,False
2021-08-25,23.3,17.858333333333334,59.625,2.779166666666667,4.6,0.0,734.0,0.0,96.2,55.37916666666666,2.3361111111111112,44.0,22.4875,2.466666666666667,12.5,9.8125,1.1944444444444444,7.4,5.4624999999999995,1.24,1.3,0.8208333333333334,0.13,NO2,2.466666666666667,8,2021,False
2021-08-26,20.4,17.291666666666668,67.625,4.2625,6.0,2.3,422.0,0.0,84.6,59.0695652173913,2.175,30.4,14.378260869565217,2.013333333333333,14.0,8.887500000000001,1.2777777777777777,8.8,5.508333333333333,1.3800000000000001,0.8,0.8,0.08000000000000002,O3,2.175,8,2021,False
2021-08-27,18.6,14.829166666666666,78.625,3.8000000000000003,5.3,2.4000000000000004,20.0,0.0,53.3,38.824999999999996,1.6104166666666666,26.7,14.637500000000001,1.835,10.5,7.154166666666666,1.0833333333333333,6.0,4.370833333333334,1.1,0.8,0.8000000000000002,0.08000000000000002,NO2,1.835,8,2021,False
2021-08-28,19.0,15.266666666666666,79.41666666666667,1.9666666666666668,3.6,0.5,189.0,0.0,54.8,34.1625,1.6416666666666666,32.0,18.454166666666666,2.066666666666667,8.4,5.2,0.9333333333333333,4.9,3.154166666666667,0.9800000000000001,0.8,0.8000000000000002,0.08000000000000002,NO2,2.066666666666667,8,2021,False
2021-08-29,16.5,15.254166666666668,90.29166666666667,2.6750000000000003,4.3,7.8,1.0,0.0,42.1,29.354166666666668,1.3770833333333332,32.7,15.283333333333333,2.0900000000000003,6.3,4.3500000000000005,0.7,4.1,2.7291666666666665,0.82,0.8,0.8000000000000002,0.08000000000000002,NO2,2.0900000000000003,8,2021,False
2021-08-30,19.7,17.5125,76.25,3.3541666666666665,5.7,0.1,31.0,0.0,64.0,48.57916666666667,1.8333333333333333,36.8,13.329166666666666,2.2266666666666666,13.8,10.4375,1.2666666666666666,9.5,7.129166666666666,1.45,0.8,0.8000000000000002,0.08000000000000002,NO2,2.2266666666666666,8,2021,False
2021-08-31,21.3,17.1875,71.95833333333333,3.045833333333333,5.1,0.0,459.0,0.0,76.3,52.82916666666667,2.0597222222222222,50.8,18.604166666666668,2.6933333333333334,16.7,11.741666666666667,1.4277777777777776,11.4,8.016666666666667,1.6400000000000001,0.8,0.8000000000000002,0.08000000000000002,NO2,2.6933333333333334,8,2021,False
2021-09-01,22.0,15.982608695652175,73.91304347826087,2.4130434782608696,4.5,0.0,580.0,0.0,75.9,41.84347826086957,2.0541666666666667,48.3,24.508695652173916,2.61,17.9,13.165217391304349,1.4944444444444445,13.3,9.173913043478262,1.83,0.8,0.8,0.08000000000000002,NO2,2.61,9,2021,False
2021-09-02,24.3,17.7875,67.41666666666667,2.5791666666666666,4.0,0.0,733.0,0.0,73.4,42.108333333333334,2.0194444444444444,47.6,24.633333333333336,2.586666666666667,20.7,13.604166666666666,1.65,16.4,9.575000000000001,2.0933333333333333,2.8,0.9708333333333333,0.27999999999999997,NO2,2.586666666666667,9,2021,False
2021-09-03,26.0,18.75,66.75,2.2083333333333335,3.3,0.0,762.0,0.0,95.6,39.666666666666664,2.3277777777777775,58.6,30.008333333333336,2.953333333333333,18.5,14.295833333333334,1.5277777777777777,12.2,9.591666666666667,1.72,2.2,1.0041666666666667,0.22000000000000003,NO2,2.953333333333333,9,2021,False
2021-09-04,26.3,19.791666666666668,65.0,2.095833333333333,4.0,0.0,743.0,0.0,109.6,49.1625,2.522222222222222,57.0,28.954166666666666,2.9,22.7,16.45,1.761111111111111,15.5,10.9125,2.033333333333333,0.8,0.8000000000000002,0.08000000000000002,NO2,2.9,9,2021,False
2021-09-05,27.2,20.608333333333334,61.791666666666664,2.4291666666666667,3.4,0.0,712.0,0.0,112.5,60.36666666666667,2.5625,34.4,15.775,2.1466666666666665,19.0,16.695833333333333,1.5555555555555556,14.0,11.970833333333333,1.9,0.8,0.8000000000000002,0.08000000000000002,O3,2.5625,9,2021,False
2021-09-06,27.8,20.720833333333335,60.875,1.8875,2.7,0.0,635.0,0.0,107.9,52.19583333333333,2.4986111111111113,60.9,29.166666666666668,3.0225,24.7,18.208333333333332,1.8722222222222222,17.1,12.383333333333333,2.14,0.8,0.8000000000000002,0.08000000000000002,NO2,3.0225,9,2021,False
2021-09-07,26.5,19.629166666666666,65.16666666666667,1.8,2.7,0.0,423.0,0.0,116.3,50.5625,2.6152777777777776,65.7,34.45,3.1425,30.4,20.604166666666668,2.1259259259259258,17.3,13.029166666666667,2.1533333333333333,0.8,0.8000000000000002,0.08000000000000002,NO2,3.1425,9,2021,False
2021-09-08,27.3,21.087500000000002,58.916666666666664,2.65,3.6,0.0,730.0,0.0,113.5,59.8375,2.576388888888889,56.4,28.3,2.88,30.1,22.525000000000002,2.1148148148148147,19.4,13.65,2.293333333333333,0.8,0.8000000000000002,0.08000000000000002,NO2,2.88,9,2021,False
2021-09-09,27.6,20.925,66.20833333333333,3.225,7.9,0.0,563.0,0.0,89.8,47.05416666666667,2.2472222222222222,56.6,38.07083333333333,2.8866666666666667,33.3,22.8,2.2333333333333334,18.5,13.041666666666666,2.2333333333333334,7.8,1.825,0.78,NO2,2.8866666666666667,9,2021,False
2021-09-10,24.8,20.429166666666667,76.375,3.0500000000000003,5.4,14.9,196.0,0.0,76.5,45.50833333333333,2.0625,54.5,32.6625,2.8166666666666664,29.1,19.5,2.077777777777778,15.4,11.362499999999999,2.026666666666667,6.0,1.741666666666667,0.6000000000000001,NO2,2.8166666666666664,9,2021,False
2021-09-11,21.9,18.566666666666666,89.75,2.904166666666667,5.1,2.6,176.0,0.0,51.7,28.3,1.5770833333333334,38.2,25.691666666666666,2.2733333333333334,20.0,12.045833333333334,1.6111111111111112,14.8,8.129166666666666,1.98,4.0,1.3333333333333333,0.4,NO2,2.2733333333333334,9,2021,False
2021-09-12,23.2,17.0125,78.16666666666667,2.125,3.4,0.1,525.0,0.0,87.4,35.18333333333333,2.213888888888889,47.0,22.170833333333334,2.5666666666666664,13.8,9.429166666666667,1.2666666666666666,7.6,5.1499999999999995,1.26,10.2,1.825,1.01,NO2,2.5666666666666664,9,2021,False
2021-09-13,23.4,16.883333333333333,74.75,1.9041666666666668,3.0,0.1,650.0,0.0,89.1,39.12916666666667,2.2375,40.2,26.65833333333333,2.34,17.3,11.483333333333334,1.4611111111111112,10.2,7.120833333333334,1.52,0.8,0.8000000000000002,0.08000000000000002,NO2,2.34,9,2021,False
2021-09-14,24.9,19.566666666666666,71.91666666666667,1.9375,3.2,0.0,464.0,0.0,78.9,38.475,2.095833333333333,60.9,34.324999999999996,3.0225,20.7,15.279166666666667,1.65,13.0,9.404166666666667,1.8,6.2,1.8166666666666667,0.6200000000000001,NO2,3.0225,9,2021,False
2021-09-15,21.7,18.962500000000002,93.08333333333333,3.079166666666667,5.5,0.0,0.0,0.0,39.0,19.162499999999998,1.3125,49.4,32.516666666666666,2.6466666666666665,26.0,16.616666666666667,1.9444444444444444,18.3,11.533333333333333,2.22,3.8,1.2666666666666666,0.38,NO2,2.6466666666666665,9,2021,False
2021-09-16,18.7,17.05,78.125,2.891666666666667,5.4,0.0,210.0,0.0,71.7,48.42083333333333,1.99375,33.1,19.0,2.1033333333333335,23.9,12.083333333333334,1.8277777777777775,17.9,8.15,2.1933333333333334,1.2,0.8166666666666668,0.12,PM2.5,2.1933333333333334,9,2021,False
2021-09-17,20.0,15.270833333333334,82.83333333333333,1.5833333333333333,2.4,0.0,119.0,0.0,60.7,31.175,1.7645833333333334,64.7,33.637499999999996,3.1175,28.9,15.354166666666666,2.0703703703703704,19.9,9.754166666666666,2.3266666666666667,2.4,0.9708333333333333,0.24,NO2,3.1175,9,2021,False
2021-09-18,22.2,15.341666666666667,78.70833333333333,1.7333333333333334,2.7,0.0,541.0,0.0,87.3,32.44166666666667,2.2125,43.6,25.1375,2.453333333333333,34.7,16.8625,2.285185185185185,27.8,13.066666666666668,2.8533333333333335,1.5,0.8291666666666667,0.15000000000000002,PM2.5,2.8533333333333335,9,2021,False
2021-09-19,19.0,15.016666666666666,73.66666666666667,3.3625000000000003,6.0,0.0,453.0,0.0,54.5,37.75,1.6354166666666665,21.7,13.016666666666666,1.585,9.6,5.9750000000000005,1.0333333333333332,6.1,3.858333333333333,1.1099999999999999,0.8,0.8000000000000002,0.08000000000000002,O3,1.6354166666666665,9,2021,False
2021-09-20,16.7,14.133333333333333,67.04166666666667,2.8791666666666664,4.0,0.0,49.0,0.0,55.9,35.608333333333334,1.6645833333333333,27.9,18.583333333333332,1.895,14.2,11.387500000000001,1.2888888888888888,9.8,7.908333333333334,1.48,3.8,1.4181818181818182,0.38,NO2,1.895,9,2021,False
2021-09-21,17.0,13.487499999999999,60.458333333333336,2.829166666666667,4.1,0.0,486.0,0.0,67.9,42.40833333333333,1.9145833333333333,58.0,23.925,2.9333333333333336,16.3,10.795833333333334,1.4055555555555554,10.2,6.345833333333334,1.52,2.4,0.8666666666666667,0.24,NO2,2.9333333333333336,9,2021,False
2021-09-22,20.1,12.029166666666667,79.125,1.2791666666666666,2.0,0.0,571.0,0.0,61.6,20.5,1.7833333333333332,71.8,36.62916666666667,3.295,22.6,13.783333333333333,1.7555555555555555,10.9,7.729166666666667,1.59,3.3,1.3291666666666668,0.33,NO2,3.295,9,2021,False
2021-09-23,24.3,14.170833333333334,73.875,2.9333333333333336,6.3,0.0,654.0,0.0,75.2,26.05,2.0444444444444443,52.3,36.016666666666666,2.743333333333333,26.4,14.725,1.9666666666666666,12.2,7.466666666666666,1.72,5.8,1.9041666666666668,0.58,NO2,2.743333333333333,9,2021,False
2021-09-24,20.4,15.908333333333333,76.66666666666667,3.4,4.9,0.0,318.0,0.0,61.7,34.983333333333334,1.7854166666666667,58.5,35.4,2.95,19.9,13.383333333333333,1.6055555555555554,10.9,6.408333333333334,1.59,2.2,1.0166666666666668,0.22000000000000003,NO2,2.95,9,2021,False
2021-09-25,23.4,15.583333333333334,75.0,1.3041666666666667,2.2,0.0,675.0,0.0,90.7,28.787499999999998,2.2597222222222224,65.5,37.550000000000004,3.1375,21.0,12.295833333333334,1.6666666666666665,16.0,8.0375,2.066666666666667,5.7,1.7333333333333334,0.5700000000000001,NO2,3.1375,9,2021,False
2021-09-26,19.7,16.954166666666666,86.41666666666667,2.0541666666666667,3.6,8.7,197.0,0.0,41.8,22.391666666666666,1.3708333333333331,49.6,37.11666666666667,2.6533333333333333,21.6,16.3875,1.7000000000000002,15.9,12.066666666666668,2.06,5.6,1.2249999999999999,0.5599999999999999,NO2,2.6533333333333333,9,2021,False
2021-09-27,21.1,17.254166666666666,88.66666666666667,2.8000000000000003,4.6,0.6000000000000001,114.0,0.0,50.9,22.416666666666668,1.5604166666666666,38.8,30.983333333333334,2.293333333333333,24.1,17.395833333333332,1.838888888888889,18.2,12.404166666666667,2.2133333333333334,2.1,0.9874999999999999,0.21000000000000002,NO2,2.293333333333333,9,2021,False
2021-09-28,17.9,13.5375,80.375,2.1333333333333333,5.1,0.39999999999999997,360.0,0.0,70.8,39.32083333333333,1.9749999999999999,58.6,26.804166666666664,2.953333333333333,13.8,8.870833333333334,1.2666666666666666,7.3,4.383333333333334,1.23,2.3,0.8624999999999999,0.22999999999999998,NO2,2.953333333333333,9,2021,False
2021-09-29,16.9,12.625,80.54166666666667,3.970833333333333,8.3,5.1,256.0,0.0,54.9,24.504166666666666,1.6437499999999998,45.6,30.991666666666664,2.52,19.1,9.112499999999999,1.5611111111111111,9.4,4.791666666666667,1.44,4.6,1.325,0.45999999999999996,NO2,2.52,9,2021,False
2021-09-30,15.5,10.220833333333333,77.45833333333333,3.279166666666667,5.5,0.0,402.0,0.0,46.3,26.554166666666664,1.4645833333333331,58.9,30.541666666666668,2.9633333333333334,11.0,7.716666666666666,1.1111111111111112,5.8,3.9791666666666665,1.08,3.6,1.325,0.36000000000000004,NO2,2.9633333333333334,9,2021,False
2021-10-01,19.0,11.252173913043478,75.65217391304348,2.095652173913044,4.3,0.0,540.0,0.0,49.9,16.7,1.5395833333333333,71.0,42.61739130434783,3.275,16.3,10.552173913043477,1.4055555555555554,8.3,5.039130434782609,1.33,13.2,3.104347826086957,1.16,NO2,3.275,10,2021,False
2021-10-02,20.8,15.383333333333333,71.79166666666667,3.6916666666666664,7.2,0.0,407.0,0.0,70.2,26.979166666666668,1.9625,73.8,35.604166666666664,3.3449999999999998,20.0,10.216666666666667,1.6111111111111112,13.9,6.170833333333333,1.8900000000000001,5.1,1.6833333333333333,0.51,NO2,3.3449999999999998,10,2021,False
2021-10-03,21.0,17.904166666666665,73.625,3.4375,10.1,1.7,0.0,0.0,57.1,30.454166666666666,1.6895833333333332,58.8,33.675000000000004,2.96,17.1,11.404166666666667,1.4500000000000002,13.6,7.679166666666667,1.8599999999999999,6.0,1.4041666666666668,0.6000000000000001,NO2,2.96,10,2021,False
2021-10-04,15.2,12.950000000000001,89.625,2.9166666666666665,5.7,2.1,78.0,0.0,54.9,31.462500000000002,1.6437499999999998,51.3,26.745833333333334,2.71,18.4,6.016666666666667,1.5222222222222221,15.9,3.654166666666667,2.06,4.1,1.1958333333333333,0.41,NO2,2.71,10,2021,False
2021-10-05,16.7,12.804166666666667,89.29166666666667,2.9583333333333335,6.7,9.6,155.0,0.0,52.7,21.029166666666665,1.5979166666666667,49.7,33.483333333333334,2.6566666666666667,13.0,8.262500000000001,1.2222222222222223,9.4,5.666666666666667,1.44,4.0,1.4541666666666666,0.4,NO2,2.6566666666666667,10,2021,False
2021-10-06,13.5,11.329166666666666,84.45833333333333,5.104166666666667,7.5,2.4,64.0,0.0,49.9,34.829166666666666,1.5395833333333333,37.3,25.566666666666666,2.243333333333333,9.9,6.7,1.05,5.1,3.6374999999999997,1.01,4.2,1.8791666666666667,0.42000000000000004,NO2,2.243333333333333,10,2021,False
2021-10-07,16.5,11.525,86.91666666666667,2.0833333333333335,3.4,1.9,235.0,0.0,49.4,19.225,1.5291666666666666,46.1,29.7,2.5366666666666666,15.3,8.891666666666667,1.35,10.6,6.066666666666666,1.56,2.7,0.9500000000000001,0.27,NO2,2.5366666666666666,10,2021,False
2021-10-08,17.3,12.079166666666666,79.41666666666667,3.1791666666666667,4.9,0.0,383.0,0.0,64.1,24.683333333333334,1.8354166666666665,38.4,26.099999999999998,2.28,27.4,13.529166666666667,2.0148148148148146,21.7,9.329166666666667,2.4466666666666668,0.8,0.8000000000000002,0.08000000000000002,PM2.5,2.4466666666666668,10,2021,False
2021-10-09,17.7,11.783333333333333,71.91666666666667,2.9791666666666665,4.5,0.0,625.0,0.0,68.6,34.00416666666667,1.9291666666666665,45.8,24.787499999999998,2.5266666666666664,31.8,26.129166666666666,2.1777777777777776,26.0,19.3625,2.7333333333333334,0.8,0.8000000000000002,0.08000000000000002,PM2.5,2.7333333333333334,10,2021,False
2021-10-10,15.0,8.737499999999999,78.04166666666667,1.675,3.0,0.0,590.0,0.0,54.2,21.275000000000002,1.6291666666666667,69.2,32.204166666666666,3.23,28.8,22.175,2.066666666666667,20.6,16.5125,2.3733333333333335,4.1,1.1666666666666667,0.41,NO2,3.23,10,2021,False
2021-10-11,11.9,6.1125,94.20833333333333,1.6333333333333335,3.3,0.0,32.0,0.0,25.1,5.741666666666667,1.0229166666666667,52.0,35.824999999999996,2.7333333333333334,41.0,24.308333333333334,2.5185185185185186,26.9,17.3625,2.793333333333333,4.4,1.7083333333333333,0.44000000000000006,PM2.5,2.793333333333333,10,2021,False
2021-10-12,11.6,9.116666666666667,93.66666666666667,2.9666666666666663,5.4,7.3,0.0,0.0,35.4,18.145833333333332,1.2375,42.3,31.045833333333334,2.41,16.8,10.758333333333333,1.4333333333333333,13.4,7.4750000000000005,1.84,2.3,1.1541666666666666,0.22999999999999998,NO2,2.41,10,2021,False
2021-10-13,12.6,8.433333333333334,83.16666666666667,0.775,0.9,0.5,264.0,0.0,49.6,30.820833333333336,1.5333333333333332,42.6,23.5625,2.42,13.7,9.429166666666667,1.261111111111111,11.5,6.720833333333332,1.65,0.8,0.8000000000000002,0.08000000000000002,NO2,2.42,10,2021,False
2021-10-14,15.0,10.008333333333333,82.375,3.6076923076923078,4.5,0.0,98.0,0.0,24.2,11.4375,1.0041666666666667,44.5,34.979166666666664,2.4833333333333334,15.9,12.491666666666667,1.3833333333333333,10.2,7.858333333333333,1.52,5.6,1.6916666666666667,0.5599999999999999,NO2,2.4833333333333334,10,2021,False
2021-10-15,14.8,9.554166666666667,83.95833333333333,2.7,4.2,0.0,140.0,0.0,29.1,12.0875,1.10625,42.9,35.375,2.4299999999999997,24.8,16.162499999999998,1.8777777777777778,18.1,11.549999999999999,2.2066666666666666,6.6,1.8333333333333333,0.66,NO2,2.4299999999999997,10,2021,False
2021-10-16,14.0,7.7749999999999995,80.58333333333333,1.6208333333333333,2.6,0.0,523.0,0.0,63.3,16.183333333333334,1.8187499999999999,55.6,31.337500000000002,2.8533333333333335,14.7,10.174999999999999,1.3166666666666667,10.4,7.175,1.54,0.8,0.8000000000000002,0.08000000000000002,NO2,2.8533333333333335,10,2021,False
2021-10-17,13.4,9.566666666666666,75.20833333333333,1.7416666666666665,2.8,0.0,147.0,0.0,59.0,19.1875,1.7291666666666665,58.6,33.1,2.953333333333333,18.0,11.225,1.5,12.9,8.275,1.79,0.8,0.8000000000000002,0.08000000000000002,NO2,2.953333333333333,10,2021,False
2021-10-18,11.1,7.733333333333333,89.5,1.2291666666666667,2.2,0.0,0.0,0.0,18.6,6.895833333333333,0.775,47.7,33.041666666666664,2.59,41.8,23.63333333333333,2.5481481481481483,35.7,18.9875,3.285,1.7,0.8375,0.17,PM2.5,3.285,10,2021,False
2021-10-19,14.3,8.8125,93.125,2.1999999999999997,4.1,6.9,113.0,0.0,5.5,3.3874999999999997,0.22916666666666666,40.2,28.087500000000002,2.34,25.8,17.391666666666666,1.9333333333333333,20.0,14.479166666666666,2.3333333333333335,0.8,0.8000000000000002,0.08000000000000002,NO2,2.34,10,2021,False
2021-10-20,18.4,12.762500000000001,85.79166666666667,3.7624999999999997,6.9,0.1,65.0,0.0,39.6,13.766666666666666,1.325,42.9,34.737500000000004,2.4299999999999997,25.2,16.4375,1.9,20.9,11.075000000000001,2.393333333333333,4.7,1.9458333333333335,0.47000000000000003,NO2,2.4299999999999997,10,2021,False
2021-10-21,15.5,12.775,69.91666666666667,10.237499999999999,17.8,5.2,160.0,0.0,71.1,51.675000000000004,1.9812499999999997,33.5,17.73913043478261,2.1166666666666667,86.4,17.433333333333334,3.9000000000000004,13.7,5.029166666666667,1.87,3.1,1.3875,0.31000000000000005,PM10,3.9000000000000004,10,2021,False
2021-10-22,11.7,7.55,75.04166666666667,6.104166666666667,11.9,0.0,401.0,0.0,52.2,30.52916666666667,1.5875,45.3,27.620833333333334,2.51,17.8,11.070833333333333,1.488888888888889,8.6,5.445833333333333,1.3599999999999999,3.0,1.4375,0.30000000000000004,NO2,2.51,10,2021,False
2021-10-23,12.8,8.308333333333334,79.45833333333333,2.275,4.5,0.0,137.0,0.0,63.9,27.870833333333334,1.8312499999999998,57.2,29.666666666666668,2.9066666666666667,29.0,9.908333333333333,2.074074074074074,23.8,5.895833333333333,2.586666666666667,3.1,1.0416666666666667,0.31000000000000005,NO2,2.9066666666666667,10,2021,False
2021-10-24,13.3,6.2625,80.16666666666667,2.3541666666666665,3.5,0.0,581.0,0.0,42.9,15.016666666666666,1.3937499999999998,56.5,30.587500000000002,2.8833333333333333,18.7,12.566666666666668,1.5388888888888888,14.6,9.608333333333333,1.96,1.3,0.8375,0.13,NO2,2.8833333333333333,10,2021,False
2021-10-25,11.9,3.9583333333333335,90.25,1.0833333333333333,2.2,0.0,263.0,0.0,16.7,7.179166666666667,0.6958333333333333,67.4,39.84166666666667,3.185,37.0,25.2625,2.3703703703703702,27.5,17.0625,2.8333333333333335,17.4,3.1374999999999997,1.3699999999999999,NO2,3.185,10,2021,False
2021-10-26,16.2,10.333333333333334,83.0,2.9250000000000003,6.3,0.0,250.0,0.0,39.9,13.742105263157896,1.3312499999999998,47.6,37.76842105263158,2.586666666666667,27.6,19.521052631578947,2.022222222222222,20.3,14.04736842105263,2.3533333333333335,5.4,2.505263157894737,0.54,NO2,2.586666666666667,10,2021,False
2021-10-27,16.2,9.966666666666667,85.125,2.1374999999999997,2.8,0.0,378.0,0.0,16.5,9.757142857142856,0.6875,71.9,40.69565217391305,3.2975000000000003,19.0,13.978260869565217,1.5555555555555556,12.1,8.865217391304348,1.71,4.6,1.2714285714285714,0.45999999999999996,NO2,3.2975000000000003,10,2021,False
2021-10-28,8.7,7.229166666666667,91.75,1.7291666666666667,2.4,0.0,48.0,0.0,,,,41.6,33.520833333333336,2.3866666666666667,30.9,19.554166666666667,2.1444444444444444,26.5,15.416666666666666,2.7666666666666666,0.8,0.8000000000000002,0.08000000000000002,PM2.5,2.7666666666666666,10,2021,False
2021-10-29,9.2,6.25,93.125,1.5458333333333334,2.5,0.0,67.0,0.0,,,,43.5,31.054166666666664,2.45,36.2,27.079166666666666,2.340740740740741,28.0,22.791666666666668,2.8666666666666667,1.7,0.9583333333333334,0.17,PM2.5,2.8666666666666667,10,2021,False
2021-10-30,8.4,6.416666666666667,90.125,2.0916666666666663,3.3,1.4,0.0,0.0,,,,33.2,28.954166666666666,2.106666666666667,24.0,19.116666666666667,1.8333333333333333,20.1,16.320833333333333,2.34,1.9,0.8916666666666667,0.19,PM2.5,2.34,10,2021,False
2021-10-31,17.3,11.628,87.96,1.712,4.3,0.30000000000000004,173.0,0.0,,,,49.4,36.268,2.6466666666666665,22.3,15.98,1.738888888888889,19.8,13.068,2.3200000000000003,2.7,1.072,0.27,NO2,2.6466666666666665,10,2021,False
2021-11-01,14.1,9.947826086956523,89.6086956521739,3.2652173913043474,5.5,6.1,68.0,0.0,,,,69.4,33.5,3.2350000000000003,16.4,8.639130434782608,1.411111111111111,10.4,5.173913043478261,1.54,5.7,1.7782608695652173,0.5700000000000001,NO2,3.2350000000000003,11,2021,False
2021-11-02,10.6,7.483333333333333,92.08333333333333,2.716666666666667,5.1,3.4,68.0,0.0,,,,49.2,32.729166666666664,2.64,19.5,11.65,1.5833333333333333,13.3,8.216666666666667,1.83,1.8,0.8416666666666668,0.18000000000000002,NO2,2.64,11,2021,False
2021-11-03,9.0,7.3999999999999995,91.83333333333333,1.6541666666666668,2.7,5.1000000000000005,0.0,0.0,,,,54.0,39.37083333333333,2.8,11.4,8.529166666666667,1.1333333333333333,8.6,5.9125000000000005,1.3599999999999999,1.3,0.8208333333333334,0.13,NO2,2.8,11,2021,False
2021-11-04,8.8,7.4375,86.16666666666667,3.4583333333333335,5.7,0.6,0.0,0.0,,,,60.0,35.0875,3.0,16.4,11.295833333333334,1.411111111111111,13.4,8.858333333333333,1.84,0.8,0.8000000000000002,0.08000000000000002,NO2,3.0,11,2021,False
2021-11-05,10.6,7.145833333333333,85.625,2.5,3.6,0.0,58.0,0.0,,,,53.7,34.516666666666666,2.79,20.9,13.120833333333332,1.661111111111111,15.7,9.5375,2.0466666666666664,0.8,0.8000000000000002,0.08000000000000002,NO2,2.79,11,2021,False
2021-11-06,8.0,5.625,93.58333333333333,2.7541666666666664,4.8,0.0,90.0,0.0,,,,56.1,36.34166666666667,2.87,35.5,19.370833333333334,2.314814814814815,30.6,16.0125,3.0300000000000002,3.4,1.4666666666666668,0.34,PM2.5,3.0300000000000002,11,2021,False
2021-11-07,9.1,6.6000000000000005,86.0,5.466666666666666,8.5,0.2,9.0,0.0,,,,38.2,22.90416666666667,2.2733333333333334,18.3,11.833333333333334,1.5166666666666666,16.7,9.995833333333334,2.1133333333333333,4.3,1.325,0.43,NO2,2.2733333333333334,11,2021,False
2021-11-08,11.4,6.429166666666667,85.54166666666667,1.95,2.9,0.0,134.0,0.0,,,,61.1,39.699999999999996,3.0275,22.2,16.404166666666665,1.7333333333333334,14.2,10.15,1.92,4.4,1.5583333333333333,0.44000000000000006,NO2,3.0275,11,2021,False
2021-11-09,11.1,6.020833333333333,79.79166666666667,1.875,3.5,0.0,522.0,0.0,,,,65.3,40.8375,3.1325,22.6,16.033333333333335,1.7555555555555555,17.5,10.579166666666667,2.1666666666666665,2.9,1.0041666666666667,0.29,NO2,3.1325,11,2021,False
2021-11-10,7.4,2.8708333333333336,86.70833333333333,1.925,2.4,0.0,296.0,0.0,,,,52.4,37.637499999999996,2.7466666666666666,34.4,19.066666666666666,2.274074074074074,21.1,12.454166666666666,2.4066666666666667,5.2,1.7708333333333333,0.52,NO2,2.7466666666666666,11,2021,False
2021-11-11,2.6,0.6833333333333332,95.54166666666667,1.4000000000000001,2.4,0.0,0.0,0.0,,,,48.3,32.375,2.61,49.4,24.787499999999998,2.8296296296296295,39.6,20.641666666666666,3.48,5.8,1.5625,0.58,PM2.5,3.48,11,2021,False
2021-11-12,2.1,1.5458333333333334,96.25,1.8125,3.3,0.0,0.0,0.0,,,,51.7,37.05833333333333,2.7233333333333336,24.7,18.224999999999998,1.8722222222222222,23.5,17.041666666666668,2.5666666666666664,1.4,0.8875000000000001,0.13999999999999999,NO2,2.7233333333333336,11,2021,False
2021-11-13,6.5,4.020833333333333,94.95833333333333,2.2875,3.5,1.2,0.0,0.0,,,,42.3,34.8125,2.41,27.6,20.329166666666666,2.022222222222222,25.0,18.866666666666667,2.6666666666666665,1.2,0.8166666666666668,0.12,PM2.5,2.6666666666666665,11,2021,False
2021-11-14,10.0,8.1875,85.66666666666667,3.3791666666666664,5.1,0.0,33.0,0.0,,,,32.5,23.52916666666667,2.0833333333333335,26.1,12.479166666666666,1.9500000000000002,23.9,11.116666666666667,2.5933333333333333,0.8,0.8000000000000002,0.08000000000000002,PM2.5,2.5933333333333333,11,2021,False
2021-11-15,8.6,7.858333333333333,78.08333333333333,3.658333333333333,4.4,0.0,0.0,0.0,,,,31.4,21.604166666666668,2.0466666666666664,17.1,12.804545454545455,1.4500000000000002,15.8,10.931818181818182,2.0533333333333332,1.2,0.8166666666666668,0.12,PM2.5,2.0533333333333332,11,2021,False
2021-11-16,7.0,6.441666666666666,87.25,1.9749999999999999,2.9,0.1,0.0,0.0,,,,38.9,27.09583333333333,2.296666666666667,27.0,22.879166666666666,2.0,22.3,19.974999999999998,2.486666666666667,0.8,0.8000000000000002,0.08000000000000002,PM2.5,2.486666666666667,11,2021,False
2021-11-17,7.7,6.233333333333333,85.625,3.2083333333333335,4.4,0.1,0.0,0.0,9.9,6.642857142857143,0.4125,35.1,27.917391304347827,2.17,18.9,11.125,1.5499999999999998,14.6,7.5375000000000005,1.96,1.8,0.9083333333333333,0.18000000000000002,NO2,2.17,11,2021,False
2021-11-18,9.3,6.2124999999999995,87.0,3.1833333333333336,5.2,0.0,41.0,0.0,17.8,6.179166666666667,0.7416666666666667,61.4,36.017391304347825,3.035,28.4,20.479166666666668,2.051851851851852,21.5,15.208333333333334,2.4333333333333336,2.8,1.3499999999999999,0.27999999999999997,NO2,3.035,11,2021,False
2021-11-19,10.0,7.545833333333333,85.58333333333333,3.8333333333333335,5.5,0.0,2.0,0.0,25.5,12.8125,1.03125,43.9,33.19166666666667,2.4633333333333334,23.2,16.579166666666666,1.7888888888888888,18.6,12.145833333333334,2.24,5.4,2.3958333333333335,0.54,NO2,2.4633333333333334,11,2021,False
2021-11-20,10.4,8.333333333333334,83.83333333333333,2.7458333333333336,3.6,0.0,0.0,0.0,32.3,9.9125,1.1729166666666666,42.1,34.1,2.4033333333333333,32.1,25.3625,2.188888888888889,27.9,21.016666666666666,2.86,6.3,2.5416666666666665,0.63,PM2.5,2.86,11,2021,False
2021-11-21,6.4,5.675,92.29166666666667,2.875,4.1,1.4,0.0,0.0,24.7,12.716666666666667,1.0145833333333334,33.5,24.120833333333334,2.1166666666666667,24.2,14.841666666666667,1.8444444444444443,21.4,13.237499999999999,2.4266666666666667,4.1,1.2458333333333333,0.41,PM2.5,2.4266666666666667,11,2021,False
2021-11-22,7.5,5.695833333333333,74.79166666666667,4.216666666666667,6.3,0.0,175.0,0.0,41.1,28.541666666666668,1.35625,38.2,22.175,2.2733333333333334,14.7,8.295833333333333,1.3166666666666667,12.2,5.604166666666667,1.72,0.8,0.8000000000000002,0.08000000000000002,NO2,2.2733333333333334,11,2021,False
2021-11-23,7.0,2.783333333333333,75.54166666666667,1.4124999999999999,2.8,0.0,377.0,0.0,24.6,6.8125,1.0125,58.2,44.9375,2.94,25.0,16.195833333333333,1.8888888888888888,13.3,9.795833333333333,1.83,2.1,0.8958333333333334,0.21000000000000002,NO2,2.94,11,2021,False
2021-11-24,7.5,4.404166666666667,76.75,1.6875,2.6,0.0,137.0,0.0,38.9,9.325000000000001,1.3104166666666666,71.6,44.324999999999996,3.29,23.0,16.162499999999998,1.7777777777777777,15.3,11.1875,2.02,1.6,0.875,0.16000000000000003,NO2,3.29,11,2021,False
2021-11-25,3.5,2.4166666666666665,78.33333333333333,1.9166666666666667,3.2,0.0,0.0,0.0,36.9,14.941666666666668,1.2687499999999998,65.7,38.15416666666667,3.1425,32.5,23.7,2.2037037037037037,26.2,19.037499999999998,2.7466666666666666,2.9,1.0833333333333333,0.29,NO2,3.1425,11,2021,False
2021-11-26,3.6,2.2625,85.33333333333333,4.229166666666667,7.2,0.8,0.0,0.0,18.3,9.041666666666666,0.7625,42.7,34.4375,2.4233333333333333,31.2,25.666666666666668,2.1555555555555554,25.0,22.104166666666668,2.6666666666666665,7.4,2.4916666666666667,0.7400000000000001,PM2.5,2.6666666666666665,11,2021,False
2021-11-27,5.4,3.1291666666666664,84.66666666666667,4.191666666666666,6.8,2.9,107.0,0.0,34.3,22.870833333333334,1.2145833333333333,54.7,30.1875,2.8233333333333333,19.1,9.737499999999999,1.5611111111111111,14.6,7.25,1.96,5.0,2.4208333333333334,0.5,NO2,2.8233333333333333,11,2021,False
2021-11-28,3.8,2.3333333333333335,86.16666666666667,1.8625,3.0,0.0,0.0,0.0,19.9,11.616666666666667,0.8291666666666666,49.7,34.958333333333336,2.6566666666666667,21.3,14.225,1.6833333333333333,16.5,11.591666666666667,2.1,3.1,1.2333333333333334,0.31000000000000005,NO2,2.6566666666666667,11,2021,False
2021-11-29,4.2,1.9958333333333333,83.70833333333333,3.8000000000000003,6.0,0.6,9.0,0.0,38.8,18.8,1.3083333333333331,48.5,34.699999999999996,2.6166666666666667,29.2,16.833333333333332,2.0814814814814815,22.6,12.225,2.506666666666667,1.6,0.8333333333333334,0.16000000000000003,NO2,2.6166666666666667,11,2021,False
2021-11-30,6.9,4.295833333333333,84.08333333333333,9.091666666666667,13.1,3.0,0.0,0.0,47.0,23.0125,1.4791666666666665,45.7,30.558333333333334,2.5233333333333334,13.4,6.3374999999999995,1.2444444444444445,9.8,4.820833333333334,1.48,2.0,0.9541666666666667,0.2,NO2,2.5233333333333334,11,2021,False
2021-12-01,8.9,6.952173913043478,79.91304347826087,8.365217391304348,10.3,0.9,0.0,0.0,41.5,28.36086956521739,1.3645833333333333,50.9,32.39565217391304,2.6966666666666668,9.3,4.839130434782609,1.0166666666666666,4.2,2.8130434782608695,0.8400000000000001,8.3,1.952173913043478,0.8300000000000001,NO2,2.6966666666666668,12,2021,False
2021-12-02,6.3,3.908333333333333,82.16666666666667,3.9125,5.5,2.1,127.0,0.0,45.9,31.341666666666665,1.4562499999999998,60.8,33.55416666666667,3.02,10.7,5.683333333333334,1.0944444444444443,9.1,4.016666666666667,1.41,1.3,0.8217391304347827,0.13,NO2,3.02,12,2021,False
2021-12-03,2.9,0.9583333333333334,79.41666666666667,4.691666666666666,7.3,0.0,111.0,0.0,49.7,28.579166666666666,1.5354166666666667,57.8,30.875,2.9266666666666667,19.9,12.941666666666668,1.6055555555555554,13.8,9.549999999999999,1.8800000000000001,8.6,3.182608695652174,0.86,NO2,2.9266666666666667,12,2021,False
2021-12-04,5.5,2.183333333333333,90.41666666666667,2.8208333333333333,5.4,9.1,0.0,0.0,37.7,14.066666666666668,1.2854166666666667,50.9,37.99583333333333,2.6966666666666668,17.5,10.541666666666666,1.4722222222222223,14.5,8.879166666666666,1.9500000000000002,7.3,1.9166666666666667,0.73,NO2,2.6966666666666668,12,2021,False
2021-12-05,6.1,3.954166666666667,82.45833333333333,3.1125000000000003,5.1,0.39999999999999997,135.0,0.0,46.3,30.145833333333332,1.4645833333333331,61.1,31.8125,3.0275,10.5,7.5125,1.0833333333333333,9.3,5.783333333333334,1.4300000000000002,5.5,1.925,0.55,NO2,3.0275,12,2021,False
2021-12-06,4.7,1.9749999999999999,87.75,1.9124999999999999,3.7,0.0,75.0,0.0,24.5,6.520833333333333,1.0104166666666667,58.5,42.375,2.95,34.3,17.066666666666666,2.27037037037037,22.6,13.029166666666667,2.506666666666667,5.1,1.6291666666666667,0.51,NO2,2.95,12,2021,False
2021-12-07,6.0,3.725,78.04166666666667,4.7625,6.6,3.8,128.0,0.0,40.6,26.425,1.3458333333333332,57.0,36.05833333333333,2.9,32.4,13.1875,2.1999999999999997,13.1,7.533333333333334,1.81,2.5,1.1583333333333334,0.25,NO2,2.9,12,2021,False
2021-12-08,5.2,3.4333333333333336,89.41666666666667,1.3708333333333333,3.5,1.1,0.0,0.0,44.1,12.479166666666666,1.41875,59.5,44.5375,2.9833333333333334,32.4,15.612499999999999,2.1999999999999997,22.2,10.616666666666667,2.48,2.1,1.1458333333333333,0.21000000000000002,NO2,2.9833333333333334,12,2021,False
2021-12-09,4.0,2.5124999999999997,89.125,3.329166666666667,5.7,1.4,0.0,0.0,27.9,10.454166666666666,1.08125,49.4,41.329166666666666,2.6466666666666665,49.6,19.908333333333335,2.837037037037037,22.3,12.608333333333334,2.486666666666667,3.9,1.325,0.39,PM10,2.837037037037037,12,2021,False
2021-12-10,3.8,1.9708333333333332,87.0,2.0791666666666666,3.6,1.2999999999999998,76.0,0.0,36.2,22.045833333333334,1.2541666666666667,55.0,35.020833333333336,2.8333333333333335,17.9,10.820833333333333,1.4944444444444445,12.8,7.6000000000000005,1.7800000000000002,2.8,1.1125,0.27999999999999997,NO2,2.8333333333333335,12,2021,False
2021-12-11,4.9,3.0083333333333333,84.5,2.9458333333333333,4.3,0.1,177.0,0.0,28.9,13.112499999999999,1.1020833333333333,46.5,35.77916666666667,2.55,29.5,19.633333333333333,2.0925925925925926,22.4,17.158333333333335,2.493333333333333,1.8,0.9041666666666667,0.18000000000000002,NO2,2.55,12,2021,False
2021-12-12,4.9,2.795833333333333,86.125,3.8625000000000003,6.2,0.0,0.0,0.0,29.1,21.775000000000002,1.10625,34.5,28.650000000000002,2.15,15.7,12.270833333333334,1.3722222222222222,13.2,10.15,1.8199999999999998,5.9,2.466666666666667,0.5900000000000001,NO2,2.15,12,2021,False
2021-12-13,8.3,6.3125,89.91666666666667,2.345833333333333,4.1,0.0,2.0,0.0,18.9,7.0,0.7874999999999999,45.0,33.454166666666666,2.5,20.9,16.75,1.661111111111111,17.6,13.950000000000001,2.1733333333333333,5.2,1.9416666666666667,0.52,NO2,2.5,12,2021,False
2021-12-14,6.9,6.366666666666667,92.5,2.1,4.2,0.0,0.0,0.0,7.5,3.4916666666666667,0.3125,59.1,40.75833333333333,2.97,43.3,24.066666666666666,2.6037037037037036,23.0,17.745833333333334,2.533333333333333,3.2,1.2041666666666668,0.32000000000000006,NO2,2.97,12,2021,False
2021-12-15,8.1,6.3625,88.375,2.379166666666667,3.7,0.0,3.0,0.0,9.6,2.891666666666667,0.39999999999999997,47.5,36.3375,2.5833333333333335,38.5,25.625,2.425925925925926,21.8,18.241666666666667,2.453333333333333,3.1,1.7958333333333334,0.31000000000000005,NO2,2.5833333333333335,12,2021,False
2021-12-16,8.6,7.25,83.91666666666667,1.9875,3.1,0.0,63.0,0.0,5.8,3.0434782608695654,0.24166666666666664,47.4,39.08695652173913,2.58,51.8,31.566666666666666,2.9185185185185185,34.8,21.400000000000002,3.2399999999999998,3.8,2.473913043478261,0.38,PM2.5,3.2399999999999998,12,2021,False
2021-12-17,8.4,6.8125,83.58333333333333,1.4749999999999999,3.6,0.0,7.0,0.0,34.7,11.133333333333333,1.2229166666666667,61.8,40.96666666666667,3.045,38.1,20.658333333333335,2.411111111111111,27.2,14.654166666666667,2.8133333333333335,2.2,0.9791666666666666,0.22000000000000003,NO2,3.045,12,2021,False
2021-12-18,4.5,3.125,90.5,1.4083333333333332,2.5,0.0,0.0,0.0,23.8,9.200000000000001,0.9916666666666667,50.6,33.275,2.6866666666666665,21.8,14.4625,1.7111111111111112,17.5,11.591666666666667,2.1666666666666665,0.8,0.8000000000000002,0.08000000000000002,NO2,2.6866666666666665,12,2021,False
2021-12-19,7.3,5.654166666666666,82.625,3.516666666666667,6.8,0.0,1.0,0.0,47.3,25.779166666666665,1.4854166666666666,33.9,21.875,2.13,19.5,12.270833333333334,1.5833333333333333,17.9,10.4,2.1933333333333334,0.8,0.8000000000000002,0.08000000000000002,PM2.5,2.1933333333333334,12,2021,False
2021-12-20,6.2,3.8958333333333335,71.20833333333333,2.9583333333333335,4.2,0.0,445.0,0.0,48.4,30.295833333333334,1.5083333333333333,69.7,32.108333333333334,3.2425,22.5,12.504166666666668,1.75,15.7,7.6000000000000005,2.0466666666666664,0.8,0.8000000000000002,0.08000000000000002,NO2,3.2425,12,2021,False
2021-12-21,3.0,-1.4583333333333333,79.375,1.55,2.8,0.0,454.0,0.0,19.6,4.254166666666667,0.8166666666666667,66.8,50.87083333333334,3.17,27.0,16.058333333333334,2.0,20.2,11.525,2.3466666666666667,1.3,0.8208333333333334,0.13,NO2,3.17,12,2021,False
2021-12-22,1.0,-3.108333333333333,83.29166666666667,1.8958333333333333,2.7,0.0,443.0,0.0,7.9,2.1374999999999997,0.32916666666666666,56.6,45.44583333333333,2.8866666666666667,33.7,24.266666666666666,2.2481481481481485,29.5,20.033333333333335,2.966666666666667,4.3,1.5166666666666666,0.43,PM2.5,2.966666666666667,12,2021,False
2021-12-23,4.1,-2.0458333333333334,86.66666666666667,2.129166666666667,4.1,0.0,0.0,0.0,3.7,1.7291666666666667,0.15416666666666667,49.0,41.800000000000004,2.6333333333333333,40.5,33.329166666666666,2.5,37.0,30.1375,3.35,3.1,1.7874999999999999,0.31000000000000005,PM2.5,3.35,12,2021,False
2021-12-24,8.9,7.675,85.16666666666667,4.695833333333334,7.0,0.6,0.0,0.0,27.4,14.75,1.0708333333333333,46.9,30.291666666666668,2.5633333333333335,35.6,14.095833333333333,2.3185185185185184,30.0,12.083333333333334,3.0,4.9,2.0166666666666666,0.49000000000000005,PM2.5,3.0,12,2021,False
2021-12-25,6.1,2.441666666666667,90.66666666666667,3.6125000000000003,6.8,3.8,0.0,0.0,34.5,19.820833333333333,1.21875,34.1,21.808333333333334,2.1366666666666667,12.2,7.575,1.1777777777777778,11.4,6.583333333333333,1.6400000000000001,1.3,0.8208333333333334,0.13,NO2,2.1366666666666667,12,2021,False
2021-12-26,1.8,0.37083333333333335,86.41666666666667,3.045833333333333,3.8,0.0,0.0,0.0,38.2,23.349999999999998,1.2958333333333334,38.8,23.96666666666667,2.293333333333333,20.4,12.566666666666668,1.6333333333333333,17.6,11.233333333333334,2.1733333333333333,0.8,0.8000000000000002,0.08000000000000002,NO2,2.293333333333333,12,2021,False
2021-12-27,7.3,4.333333333333333,94.375,1.7708333333333333,2.6,0.8,0.0,0.0,6.0,1.7333333333333334,0.25,36.0,29.099999999999998,2.2,20.6,15.016666666666666,1.6444444444444444,17.7,13.291666666666666,2.1799999999999997,0.8,0.8000000000000002,0.08000000000000002,NO2,2.2,12,2021,False
2021-12-28,10.7,8.779166666666667,87.91666666666667,4.891666666666667,7.3,11.5,7.0,0.0,51.1,27.795833333333334,1.5645833333333332,49.0,31.220833333333335,2.6333333333333333,17.0,10.091666666666667,1.4444444444444444,15.3,7.470833333333334,2.02,5.8,2.029166666666667,0.58,NO2,2.6333333333333333,12,2021,False
2021-12-29,10.4,9.2875,85.625,5.333333333333333,8.6,6.5,19.0,0.0,49.3,28.974999999999998,1.5270833333333331,39.7,28.616666666666664,2.3233333333333333,8.9,5.0125,0.9888888888888889,8.2,3.779166666666667,1.3199999999999998,4.7,2.1458333333333335,0.47000000000000003,NO2,2.3233333333333333,12,2021,False
2021-12-30,16.2,13.079166666666666,82.5,5.983333333333333,10.3,1.9,95.0,0.0,39.4,19.516666666666666,1.3208333333333333,48.7,32.670833333333334,2.6233333333333335,11.4,6.166666666666667,1.1333333333333333,10.0,4.466666666666667,1.5,3.7,2.1041666666666665,0.37000000000000005,NO2,2.6233333333333335,12,2021,False
2021-12-31,13.0,11.612499999999999,82.83333333333333,4.020833333333333,6.0,0.0,251.0,0.0,31.3,18.337500000000002,1.1520833333333333,37.0,25.7,2.2333333333333334,19.2,9.820833333333333,1.5666666666666664,10.0,6.195833333333333,1.5,3.1,1.4166666666666667,0.31000000000000005,NO2,2.2333333333333334,12,2021,False
2022-01-01,12.0,9.956521739130435,87.95652173913044,2.4565217391304346,4.4,0.0,0.0,0.0,19.7,11.491304347826087,0.8208333333333333,44.0,24.44347826086957,2.466666666666667,51.8,18.960869565217394,2.9185185185185185,40.3,14.769565217391303,3.5149999999999997,18.1,2.782608695652174,1.405,PM2.5,3.5149999999999997,1,2022,False
2022-01-02,11.9,7.804166666666667,85.58333333333333,4.095833333333333,9.1,0.0,96.0,0.0,38.9,7.441666666666666,1.3104166666666666,35.5,26.150000000000002,2.183333333333333,26.5,17.233333333333334,1.9722222222222223,20.8,13.987499999999999,2.3866666666666667,10.2,3.025,1.01,PM2.5,2.3866666666666667,1,2022,False
2022-01-03,11.9,9.875,80.33333333333333,6.404166666666666,8.7,2.6,9.0,0.0,63.4,38.34166666666667,1.8208333333333333,55.3,31.420833333333334,2.8433333333333333,12.4,7.279166666666666,1.1888888888888889,7.5,4.791666666666667,1.25,3.2,1.3625,0.32000000000000006,NO2,2.8433333333333333,1,2022,False
2022-01-04,9.9,7.529166666666666,92.70833333333333,4.391666666666667,6.4,26.4,0.0,0.0,56.0,40.525,1.6666666666666665,52.0,31.508333333333336,2.7333333333333334,8.4,4.416666666666667,0.9333333333333333,6.9,3.4291666666666667,1.19,7.4,1.9166666666666667,0.7400000000000001,NO2,2.7333333333333334,1,2022,False
2022-01-05,6.1,3.9375,74.83333333333333,6.570833333333333,10.2,2.2,126.0,0.0,57.6,39.47083333333333,1.7,44.9,24.816666666666666,2.4966666666666666,13.4,8.445833333333333,1.2444444444444445,7.1,5.375,1.21,7.0,1.6416666666666666,0.7000000000000001,NO2,2.4966666666666666,1,2022,False
2022-01-06,6.1,2.4541666666666666,80.54166666666667,2.9458333333333333,4.4,0.0,172.0,0.0,46.1,26.245833333333334,1.4604166666666667,67.8,33.84583333333333,3.195,27.4,16.033333333333335,2.0148148148148146,18.1,9.8125,2.2066666666666666,1.6,0.8791666666666668,0.16000000000000003,NO2,3.195,1,2022,False
2022-01-07,2.7,1.0250000000000001,91.0,4.795833333333333,6.8,1.5999999999999999,0.0,0.0,31.0,12.666666666666666,1.1458333333333333,50.4,36.541666666666664,2.6799999999999997,25.4,14.620833333333335,1.911111111111111,18.4,12.4625,2.2266666666666666,7.7,2.975,0.77,NO2,2.6799999999999997,1,2022,False
2022-01-08,3.4,1.9833333333333334,87.16666666666667,4.333333333333333,6.2,13.3,80.0,0.0,46.5,33.829166666666666,1.46875,46.7,31.304166666666664,2.5566666666666666,14.0,7.270833333333333,1.2777777777777777,10.5,5.958333333333333,1.55,6.7,1.8125,0.67,NO2,2.5566666666666666,1,2022,False
2022-01-09,6.7,4.4875,80.04166666666667,5.629166666666666,9.4,6.5,49.0,0.0,65.2,46.6625,1.8583333333333334,55.9,25.358333333333334,2.8633333333333333,26.8,8.579166666666667,1.988888888888889,9.0,4.2124999999999995,1.4,2.0,1.1208333333333333,0.2,NO2,2.8633333333333333,1,2022,False
2022-01-10,7.0,2.1333333333333333,84.25,1.0666666666666667,1.9,0.0,364.0,0.0,25.0,6.083333333333333,1.0208333333333333,59.9,51.29583333333333,2.9966666666666666,25.5,18.391666666666666,1.9166666666666665,18.0,12.829166666666666,2.2,2.6,1.3041666666666667,0.26,NO2,2.9966666666666666,1,2022,False
2022-01-11,5.3,2.470833333333333,82.08333333333333,1.4166666666666667,2.1,0.0,0.0,0.0,30.8,6.904166666666666,1.1416666666666666,54.1,38.4125,2.8033333333333332,24.2,16.916666666666668,1.8444444444444443,16.2,12.549999999999999,2.08,0.8,0.8000000000000002,0.08000000000000002,NO2,2.8033333333333332,1,2022,False
2022-01-12,5.6,1.758333333333333,79.16666666666667,1.3583333333333334,2.4,0.0,251.0,0.0,38.6,12.375,1.3041666666666667,65.1,44.05652173913043,3.1275,30.7,17.091666666666665,2.137037037037037,17.4,10.733333333333334,2.1599999999999997,3.9,1.4041666666666668,0.39,NO2,3.1275,1,2022,False
2022-01-13,1.6,0.09166666666666666,91.375,1.4583333333333333,2.9,0.0,0.0,0.0,16.4,5.6625000000000005,0.6833333333333332,55.5,42.55416666666667,2.85,34.3,24.133333333333336,2.27037037037037,26.8,20.099999999999998,2.7866666666666666,1.7,0.9166666666666666,0.17,NO2,2.85,1,2022,False
2022-01-14,0.0,-0.7541666666666668,96.875,1.7249999999999999,3.5,0.0,0.0,0.0,3.0,1.0291666666666666,0.125,48.9,42.59166666666667,2.63,31.6,20.441666666666666,2.1703703703703705,29.3,18.770833333333332,2.953333333333333,3.8,1.3958333333333333,0.38,PM2.5,2.953333333333333,1,2022,False
2022-01-15,2.5,1.575,91.25,2.1125000000000003,3.1,0.0,0.0,0.0,21.0,11.174999999999999,0.875,44.5,33.266666666666666,2.4833333333333334,17.6,13.495833333333332,1.4777777777777779,17.3,12.637500000000001,2.1533333333333333,1.2,0.8166666666666668,0.12,NO2,2.4833333333333334,1,2022,False
2022-01-16,3.5,2.029166666666667,85.29166666666667,4.4750000000000005,6.0,0.0,16.0,0.0,31.8,12.583333333333334,1.1625,36.3,27.066666666666666,2.21,24.3,18.970833333333335,1.85,23.1,18.037499999999998,2.54,2.9,1.4000000000000001,0.29,PM2.5,2.54,1,2022,False
2022-01-17,6.5,4.666666666666667,80.16666666666667,5.158333333333333,6.9,0.0,0.0,0.0,21.3,12.720833333333333,0.8875,46.2,33.420833333333334,2.54,20.5,14.916666666666666,1.6388888888888888,16.7,11.729166666666666,2.1133333333333333,3.2,1.3708333333333333,0.32000000000000006,NO2,2.54,1,2022,False
2022-01-18,7.4,5.6125,81.20833333333333,1.3041666666666667,2.1,0.0,2.0,0.0,43.5,19.533333333333335,1.40625,57.9,42.90833333333333,2.9299999999999997,20.1,12.754166666666668,1.6166666666666667,15.1,8.995833333333334,2.006666666666667,1.7,0.8583333333333334,0.17,NO2,2.9299999999999997,1,2022,False
2022-01-19,5.1,3.0666666666666664,81.08333333333333,3.954166666666667,7.2,0.2,164.0,0.0,60.4,26.7,1.7583333333333333,63.6,29.229166666666668,3.09,23.4,12.700000000000001,1.7999999999999998,18.7,9.904166666666667,2.2466666666666666,5.1,1.7458333333333333,0.51,NO2,3.09,1,2022,False
2022-01-20,5.4,3.4499999999999997,76.33333333333333,5.029166666666667,6.3,0.4,212.0,0.0,61.8,40.65833333333333,1.7874999999999999,47.8,26.09583333333333,2.5933333333333333,17.5,9.504166666666666,1.4722222222222223,12.1,6.770833333333333,1.71,0.8,0.8000000000000002,0.08000000000000002,NO2,2.5933333333333333,1,2022,False
2022-01-21,4.6,2.6541666666666663,75.79166666666667,4.370833333333334,5.7,0.0,92.0,0.0,59.5,45.083333333333336,1.7395833333333333,52.5,26.566666666666666,2.75,28.5,14.270833333333334,2.0555555555555554,13.0,9.470833333333333,1.8,1.5,0.8583333333333334,0.15000000000000002,NO2,2.75,1,2022,False
2022-01-22,6.6,5.341666666666666,78.16666666666667,4.0874999999999995,5.2,0.0,0.0,0.0,57.9,41.6625,1.7062499999999998,42.1,22.495833333333334,2.4033333333333333,12.6,8.025,1.2,11.4,6.608333333333333,1.6400000000000001,0.8,0.8000000000000002,0.08000000000000002,NO2,2.4033333333333333,1,2022,False
2022-01-23,6.5,5.425,76.54166666666667,1.875,3.6,0.0,0.0,0.0,51.0,34.40833333333333,1.5625,37.5,23.991666666666664,2.25,22.1,16.370833333333334,1.7277777777777779,20.8,13.0375,2.3866666666666667,0.8,0.8000000000000002,0.08000000000000002,PM2.5,2.3866666666666667,1,2022,False
2022-01-24,5.5,4.379166666666666,73.33333333333333,1.7666666666666666,2.6,0.0,0.0,0.0,61.0,45.458333333333336,1.7708333333333333,33.6,21.55,2.12,16.4,8.975,1.411111111111111,12.1,5.629166666666666,1.71,1.2,0.8166666666666668,0.12,NO2,2.12,1,2022,False
2022-01-25,1.3,-0.09999999999999998,91.375,1.5,2.5,0.0,43.0,0.0,20.3,4.483333333333333,0.8458333333333333,49.7,43.42083333333333,2.6566666666666667,35.2,26.8625,2.303703703703704,27.0,20.625,2.8,3.2,1.3958333333333333,0.32000000000000006,PM2.5,2.8,1,2022,False
2022-01-26,2.1,1.0875000000000001,87.54166666666667,3.358333333333333,4.5,0.0,0.0,0.0,20.6,9.054166666666667,0.8583333333333334,47.6,34.77916666666667,2.586666666666667,45.0,24.412499999999998,2.6666666666666665,30.7,17.679166666666667,3.035,0.8,0.8000000000000002,0.08000000000000002,PM2.5,3.035,1,2022,False
2022-01-27,4.1,1.7583333333333335,82.29166666666667,5.791666666666667,7.6,0.1,0.0,0.0,18.7,13.887500000000001,0.7791666666666666,37.2,28.662499999999998,2.24,24.1,18.6375,1.838888888888889,21.8,16.454166666666666,2.453333333333333,3.0,1.2541666666666667,0.30000000000000004,PM2.5,2.453333333333333,1,2022,False
2022-01-28,7.8,4.883333333333334,72.16666666666667,4.2875,5.8,0.6,217.0,0.0,64.7,37.141666666666666,1.8479166666666667,75.1,35.387499999999996,3.3775,31.4,16.375,2.162962962962963,12.9,8.158333333333333,1.79,2.2,0.8791666666666668,0.22000000000000003,NO2,3.3775,1,2022,False
2022-01-29,8.0,5.4375,82.75,7.612500000000001,9.8,0.3,0.0,0.0,36.2,26.616666666666664,1.2541666666666667,39.3,24.829166666666666,2.31,16.9,9.5,1.4388888888888887,14.2,7.495833333333334,1.92,2.0,1.3125,0.2,NO2,2.31,1,2022,False
2022-01-30,9.0,6.216666666666666,61.958333333333336,5.3625,8.7,0.5,170.0,0.0,71.9,56.14166666666667,1.9979166666666668,58.8,20.095833333333335,2.96,28.9,17.379166666666666,2.0703703703703704,17.5,9.691666666666666,2.1666666666666665,0.8,0.8000000000000002,0.08000000000000002,NO2,2.96,1,2022,False
2022-01-31,6.0,3.983333333333333,77.70833333333333,6.5249999999999995,10.8,2.0,38.0,0.0,60.7,42.104166666666664,1.7645833333333334,50.5,27.383333333333336,2.6833333333333336,28.5,8.808333333333334,2.0555555555555554,18.2,6.116666666666667,2.2133333333333334,1.9,0.9083333333333333,0.19,NO2,2.6833333333333336,1,2022,False
2022-02-01,8.3,4.639130434782609,78.0,6.804347826086956,11.3,0.6,0.0,0.0,72.5,41.96521739130435,2.0069444444444446,55.6,27.691304347826087,2.8533333333333335,21.9,8.991304347826087,1.7166666666666666,10.7,5.586956521739131,1.5699999999999998,0.8,0.8,0.08000000000000002,NO2,2.8533333333333335,2,2022,False
2022-02-02,9.1,6.954166666666667,74.125,4.7124999999999995,6.8,0.4,150.0,0.0,74.2,45.625,2.0305555555555554,79.1,32.00833333333333,3.4775,25.8,15.783333333333333,1.9333333333333333,18.4,10.4625,2.2266666666666666,1.9,0.8458333333333333,0.19,NO2,3.4775,2,2022,False
2022-02-03,9.0,6.9875,84.0,3.4958333333333336,6.3,0.1,0.0,0.0,33.3,12.15,1.1937499999999999,51.5,38.96666666666667,2.716666666666667,27.1,17.2,2.0037037037037035,18.1,10.6625,2.2066666666666666,4.4,1.4000000000000001,0.44000000000000006,NO2,2.716666666666667,2,2022,False
2022-02-04,8.1,6.695833333333333,76.83333333333333,6.029166666666666,8.7,2.4,0.0,0.0,74.3,34.891666666666666,2.0319444444444446,39.1,26.75,2.3033333333333332,12.6,8.620833333333334,1.2,9.5,5.916666666666667,1.45,2.4,1.1125,0.24,NO2,2.3033333333333332,2,2022,False
2022-02-05,7.0,3.3541666666666665,73.75,5.679166666666667,8.5,0.0,397.0,0.0,68.3,45.229166666666664,1.9229166666666666,35.8,27.47083333333333,2.1933333333333334,16.1,10.533333333333333,1.3944444444444444,9.0,6.208333333333333,1.4,2.6,1.2750000000000001,0.26,NO2,2.1933333333333334,2,2022,False
2022-02-06,6.6,5.670833333333333,78.875,8.666666666666666,12.1,10.0,0.0,0.0,73.4,48.07083333333333,2.0194444444444444,30.4,23.337500000000002,2.013333333333333,9.6,5.4624999999999995,1.0333333333333332,7.5,3.845833333333333,1.25,4.2,1.5250000000000001,0.42000000000000004,O3,2.0194444444444444,2,2022,False
2022-02-07,7.5,4.508333333333334,70.0,5.704166666666667,7.9,0.7,290.0,0.0,78.4,56.458333333333336,2.088888888888889,56.5,21.504166666666666,2.8833333333333333,27.8,9.525,2.0296296296296297,10.2,4.904166666666667,1.52,2.0,0.9956521739130436,0.2,NO2,2.8833333333333333,2,2022,False
2022-02-08,7.7,5.7250000000000005,79.08333333333333,5.541666666666667,8.1,0.0,0.0,0.0,45.8,28.104166666666668,1.4541666666666666,53.0,33.6875,2.7666666666666666,16.9,11.712499999999999,1.4388888888888887,9.2,6.820833333333333,1.42,2.6,1.8083333333333333,0.26,NO2,2.7666666666666666,2,2022,False
2022-02-09,12.6,8.104166666666666,79.04166666666667,3.3625000000000003,6.3,0.0,209.0,0.0,35.2,21.347826086956523,1.2333333333333334,62.6,36.87916666666667,3.065,25.9,13.941666666666668,1.9388888888888887,17.7,8.733333333333333,2.1799999999999997,5.1,2.1625,0.51,NO2,3.065,2,2022,False
2022-02-10,8.5,4.545833333333333,85.45833333333333,3.720833333333333,6.8,0.8,0.0,0.0,33.5,11.641666666666666,1.1979166666666667,57.1,39.8375,2.9033333333333333,30.4,18.633333333333333,2.1259259259259258,18.8,13.612499999999999,2.2533333333333334,2.7,1.1541666666666666,0.27,NO2,2.9033333333333333,2,2022,False
2022-02-11,6.9,3.5833333333333335,75.95833333333333,4.7250000000000005,8.0,2.6,310.0,0.0,66.6,43.0625,1.8874999999999997,62.8,28.441666666666666,3.07,24.5,12.075000000000001,1.8611111111111112,15.1,7.291666666666667,2.006666666666667,1.2,0.8166666666666668,0.12,NO2,3.07,2,2022,False
2022-02-12,7.3,0.2791666666666667,79.66666666666667,1.4833333333333334,2.5,0.0,516.0,0.0,53.4,17.125,1.6124999999999998,71.9,45.42916666666667,3.2975000000000003,26.7,17.349999999999998,1.9833333333333334,20.2,12.120833333333335,2.3466666666666667,2.2,0.875,0.22000000000000003,NO2,3.2975000000000003,2,2022,False
2022-02-13,10.7,1.5833333333333333,77.04166666666667,1.7916666666666667,4.7,0.0,554.0,0.0,55.6,12.529166666666667,1.6583333333333332,92.3,48.979166666666664,3.8075,33.7,25.28333333333333,2.2481481481481485,25.0,20.454166666666666,2.6666666666666665,8.4,2.858333333333333,0.8400000000000001,NO2,3.8075,2,2022,False
2022-02-14,11.3,5.866666666666667,76.83333333333333,3.3166666666666664,5.6,0.1,15.0,0.0,36.5,11.816666666666668,1.2604166666666665,77.5,57.96666666666667,3.4375,41.7,21.695833333333336,2.5444444444444443,20.5,13.095833333333333,2.3666666666666667,5.1,1.9124999999999999,0.51,NO2,3.4375,2,2022,False
2022-02-15,9.5,7.029166666666666,73.04166666666667,5.0,7.8,0.7,175.0,0.0,49.1,30.941666666666666,1.5229166666666667,50.2,32.300000000000004,2.6733333333333333,22.5,13.233333333333334,1.75,18.1,8.320833333333333,2.2066666666666666,8.2,2.1374999999999997,0.82,NO2,2.6733333333333333,2,2022,False
2022-02-16,13.3,8.5,82.04166666666667,7.929166666666666,10.5,6.4,0.0,0.0,51.0,37.03333333333333,1.5625,35.0,25.379166666666666,2.1666666666666665,7.3,4.770833333333333,0.811111111111111,4.5,3.3083333333333336,0.9,9.5,5.745833333333334,0.9500000000000001,NO2,2.1666666666666665,2,2022,False
2022-02-17,13.9,11.370833333333332,58.708333333333336,11.2125,15.4,0.8999999999999999,277.0,0.0,75.6,62.0875,2.05,32.2,14.958333333333334,2.0733333333333333,17.9,9.816666666666666,1.4944444444444445,9.9,5.3875,1.49,3.0,1.1541666666666666,0.30000000000000004,NO2,2.0733333333333333,2,2022,False
2022-02-18,13.6,9.775,65.875,8.054166666666667,15.2,0.9,0.0,0.0,74.7,43.27916666666667,2.0375,57.9,27.208333333333332,2.9299999999999997,21.6,11.870833333333332,1.7000000000000002,11.9,6.7625,1.69,7.7,2.4583333333333335,0.77,NO2,2.9299999999999997,2,2022,False
2022-02-19,8.9,7.0,51.583333333333336,9.2875,13.2,0.0,339.0,0.0,77.4,60.07916666666667,2.075,36.9,17.783333333333335,2.23,13.0,9.729166666666666,1.2222222222222223,7.3,5.254166666666667,1.23,2.7,1.0791666666666668,0.27,NO2,2.23,2,2022,False
2022-02-20,10.2,8.049999999999999,75.79166666666667,9.741666666666667,13.2,2.3,0.0,0.0,62.6,45.074999999999996,1.8041666666666667,30.9,20.73333333333333,2.03,8.8,4.754166666666666,0.9777777777777779,5.0,3.204166666666667,1.0,2.0,0.9791666666666666,0.2,NO2,2.03,2,2022,False
2022-02-21,10.5,6.95,67.66666666666667,9.9,13.3,4.7,169.0,0.0,86.0,62.416666666666664,2.1944444444444446,28.6,17.358333333333334,1.9300000000000002,11.1,5.970833333333334,1.1166666666666667,5.9,3.3666666666666667,1.09,1.3,0.8583333333333334,0.13,O3,2.1944444444444446,2,2022,False
2022-02-22,9.1,7.216666666666666,70.125,6.595833333333334,9.3,1.0,128.0,0.0,67.9,45.99166666666667,1.9145833333333333,46.0,26.183333333333334,2.533333333333333,23.6,13.125,1.8111111111111111,10.8,7.8125,1.58,2.1,0.9166666666666666,0.21000000000000002,NO2,2.533333333333333,2,2022,False
2022-02-23,11.5,6.516666666666667,70.58333333333333,3.1374999999999997,6.9,1.4,577.0,0.0,77.2,37.295833333333334,2.0722222222222224,84.3,41.05416666666667,3.6075,28.9,13.654166666666667,2.0703703703703704,17.1,7.9750000000000005,2.14,1.3,0.875,0.13,NO2,3.6075,2,2022,False
2022-02-24,12.0,6.841666666666666,74.625,4.691666666666666,10.5,1.6,42.0,0.0,69.9,23.766666666666666,1.95625,65.0,44.725,3.125,24.6,16.133333333333333,1.8666666666666667,17.2,10.183333333333334,2.1466666666666665,5.8,1.8458333333333332,0.58,NO2,3.125,2,2022,False
2022-02-25,7.3,3.7291666666666665,73.79166666666667,5.466666666666666,8.6,0.1,193.0,0.0,57.2,43.07916666666667,1.6916666666666667,47.0,29.34583333333333,2.5666666666666664,19.8,8.941666666666666,1.6,8.4,4.879166666666666,1.34,1.3,0.8416666666666668,0.13,NO2,2.5666666666666664,2,2022,False
2022-02-26,7.1,3.654166666666667,70.125,2.5083333333333333,4.0,0.0,481.0,0.0,65.7,43.68333333333334,1.86875,56.5,29.145833333333332,2.8833333333333333,27.5,16.0625,2.0185185185185186,19.3,10.641666666666667,2.2866666666666666,0.8,0.8000000000000002,0.08000000000000002,NO2,2.8833333333333333,2,2022,False
2022-02-27,8.7,3.483333333333333,64.375,2.783333333333333,4.7,0.0,613.0,0.0,67.7,35.983333333333334,1.9104166666666667,60.5,30.075,3.0125,32.8,14.362499999999999,2.214814814814815,29.5,11.525,2.966666666666667,4.1,1.1083333333333334,0.41,NO2,3.0125,2,2022,False
2022-02-28,9.9,3.4166666666666665,58.5,2.2083333333333335,3.6,0.0,618.0,0.0,62.8,24.3,1.8083333333333331,79.6,48.104166666666664,3.4899999999999998,31.3,18.849999999999998,2.1592592592592594,22.2,14.120833333333332,2.48,4.2,1.4416666666666667,0.42000000000000004,NO2,3.4899999999999998,2,2022,False
2022-03-01,7.6,3.1217391304347823,49.56521739130435,2.4217391304347826,3.4,0.0,506.0,0.0,60.3,31.05217391304348,1.7562499999999999,70.1,41.06956521739131,3.2525,41.4,22.121739130434783,2.533333333333333,31.8,16.969565217391306,3.09,3.0,1.7695652173913046,0.30000000000000004,NO2,3.2525,3,2022,False
2022-03-02,9.4,3.8166666666666664,50.958333333333336,2.3291666666666666,3.4,0.0,331.0,0.0,51.7,20.204166666666666,1.5770833333333334,72.7,46.375,3.3175,37.4,24.120833333333334,2.3851851851851853,25.3,17.933333333333334,2.6866666666666665,3.6,1.3291666666666668,0.36000000000000004,NO2,3.3175,3,2022,False
2022-03-03,10.8,3.970833333333333,52.625,2.783333333333333,4.2,0.0,630.0,0.0,60.1,26.27916666666667,1.7520833333333332,60.3,41.4375,3.0075,32.8,25.866666666666664,2.214814814814815,25.8,20.183333333333334,2.72,1.5,0.8708333333333335,0.15000000000000002,NO2,3.0075,3,2022,False
2022-03-04,8.7,3.5833333333333335,56.791666666666664,3.1041666666666665,4.1,0.0,617.0,0.0,61.5,32.7875,1.78125,55.2,33.75,2.84,41.6,30.829166666666666,2.5407407407407407,35.5,26.15416666666667,3.275,1.9,0.9291666666666667,0.19,PM2.5,3.275,3,2022,False
2022-03-05,7.9,2.8083333333333336,57.416666666666664,2.5625,3.6,0.0,583.0,0.0,67.5,35.77916666666667,1.90625,46.5,29.270833333333332,2.55,37.7,23.629166666666666,2.3962962962962964,33.7,20.820833333333333,3.185,4.6,1.2958333333333334,0.45999999999999996,PM2.5,3.185,3,2022,False
2022-03-06,6.3,2.9375,48.416666666666664,3.654166666666667,6.3,0.0,389.0,0.0,76.9,47.57916666666667,2.0680555555555555,48.3,22.84583333333333,2.61,33.3,17.654166666666665,2.2333333333333334,30.1,15.6875,3.005,0.8,0.8000000000000002,0.08000000000000002,PM2.5,3.005,3,2022,False
2022-03-07,5.3,1.6708333333333334,47.75,3.5541666666666667,5.3,0.0,627.0,0.0,72.2,54.17916666666667,2.0027777777777778,78.7,26.495833333333334,3.4675000000000002,28.4,17.870833333333334,2.051851851851852,19.2,14.104166666666666,2.28,0.8,0.8000000000000002,0.08000000000000002,NO2,3.4675000000000002,3,2022,False
2022-03-08,10.0,2.783333333333333,50.75,2.7083333333333335,5.1,0.0,650.0,0.0,71.9,34.50833333333333,1.9979166666666668,79.5,40.291666666666664,3.4875,31.9,19.445833333333333,2.1814814814814816,21.7,13.783333333333333,2.4466666666666668,1.9,0.9249999999999999,0.19,NO2,3.4875,3,2022,False
2022-03-09,12.4,3.9916666666666667,50.041666666666664,2.033333333333333,3.0,0.0,655.0,0.0,55.7,19.6375,1.6604166666666667,88.9,54.550000000000004,3.7225,52.4,28.020833333333332,2.9407407407407407,28.2,18.666666666666668,2.88,2.4,1.2291666666666667,0.24,NO2,3.7225,3,2022,False
2022-03-10,15.2,7.1499999999999995,44.125,2.8791666666666664,4.9,0.0,658.0,0.0,81.2,25.458333333333332,2.1277777777777778,82.4,49.41818181818182,3.56,38.8,27.666666666666668,2.4370370370370367,27.6,18.6375,2.84,2.3,1.0708333333333333,0.22999999999999998,NO2,3.56,3,2022,False
2022-03-11,12.9,6.2,43.583333333333336,3.0583333333333336,4.4,0.0,614.0,0.0,69.5,46.895833333333336,1.9479166666666665,61.4,34.09166666666667,3.035,66.6,31.0125,3.3499999999999996,44.4,20.741666666666667,3.7199999999999998,1.3,0.8541666666666666,0.13,PM2.5,3.7199999999999998,3,2022,False
2022-03-12,13.6,7.670833333333333,38.75,2.345833333333333,3.7,0.0,564.0,0.0,68.6,47.675000000000004,1.9291666666666665,67.7,34.012499999999996,3.1925,68.5,26.108333333333334,3.4027777777777777,54.5,17.429166666666667,4.18,2.8,1.4833333333333334,0.27999999999999997,PM2.5,4.18,3,2022,False
2022-03-13,15.3,8.354166666666666,36.541666666666664,2.5541666666666667,3.2,0.0,607.0,0.0,73.8,40.09166666666667,2.025,58.6,38.93333333333333,2.953333333333333,47.8,29.316666666666666,2.77037037037037,37.1,21.5125,3.355,5.5,2.1125000000000003,0.55,PM2.5,3.355,3,2022,False
2022-03-14,12.9,8.8375,65.70833333333333,4.129166666666666,7.5,3.3,227.0,0.0,55.2,34.483333333333334,1.65,81.2,43.20416666666667,3.5300000000000002,31.1,17.208333333333332,2.151851851851852,23.6,10.575000000000001,2.5733333333333333,2.0,0.9666666666666667,0.2,NO2,3.5300000000000002,3,2022,False
2022-03-15,7.9,5.9375,83.70833333333333,2.379166666666667,3.2,10.8,0.0,0.0,36.5,11.733333333333334,1.2604166666666665,55.9,47.99166666666667,2.8633333333333333,19.7,14.308333333333332,1.5944444444444443,14.9,10.745833333333332,1.9900000000000002,0.8,0.8000000000000002,0.08000000000000002,NO2,2.8633333333333333,3,2022,False
2022-03-16,12.7,6.679166666666667,80.83333333333333,2.6374999999999997,4.1,0.0,162.0,0.0,62.9,26.2625,1.8104166666666666,52.3,36.1875,2.743333333333333,43.9,21.025000000000002,2.6259259259259258,37.9,18.004166666666666,3.395,0.8,0.8000000000000002,0.08000000000000002,PM2.5,3.395,3,2022,False
2022-03-17,10.5,8.762500000000001,69.41666666666667,2.8375,5.6,0.2,0.0,0.0,70.8,39.7875,1.9749999999999999,66.8,35.05416666666667,3.17,46.6,26.9875,2.725925925925926,34.0,21.808333333333334,3.2,2.8,0.9375,0.27999999999999997,PM2.5,3.2,3,2022,False
2022-03-18,14.2,8.887500000000001,52.208333333333336,5.858333333333333,8.2,0.0,549.0,0.0,78.7,64.0125,2.0930555555555554,26.6,15.8375,1.83,15.9,11.579166666666666,1.3833333333333333,10.9,7.091666666666666,1.59,0.8,0.8000000000000002,0.08000000000000002,O3,2.0930555555555554,3,2022,False
2022-03-19,12.0,8.025,49.541666666666664,5.320833333333334,8.7,0.0,605.0,0.0,78.4,61.7125,2.088888888888889,30.1,16.0,2.0033333333333334,26.1,11.795833333333334,1.9500000000000002,22.0,8.420833333333333,2.466666666666667,0.8,0.8000000000000002,0.08000000000000002,PM2.5,2.466666666666667,3,2022,False
2022-03-20,15.4,9.033333333333333,48.666666666666664,3.2458333333333336,5.2,0.0,439.0,0.0,79.1,65.70416666666667,2.098611111111111,80.2,24.516666666666666,3.505,43.4,34.454166666666666,2.607407407407407,37.4,28.854166666666668,3.37,1.8,0.9625,0.18000000000000002,NO2,3.505,3,2022,False
2022-03-21,16.5,9.700000000000001,44.333333333333336,1.9708333333333332,2.7,0.0,505.0,0.0,80.5,42.512499999999996,2.1180555555555554,88.5,46.52916666666667,3.7125,50.0,32.604166666666664,2.851851851851852,34.5,24.53333333333333,3.225,4.3,2.2708333333333335,0.43,NO2,3.7125,3,2022,False
2022-03-22,18.1,9.4625,44.5,2.220833333333333,3.5,0.0,695.0,0.0,89.0,34.18333333333333,2.236111111111111,102.4,52.65,4.048,39.9,31.150000000000002,2.477777777777778,26.1,21.1375,2.74,4.9,1.5875000000000001,0.49000000000000005,NO2,4.048,3,2022,False
2022-03-23,18.9,9.608333333333333,46.208333333333336,1.5125,2.3,0.0,690.0,0.0,95.1,33.666666666666664,2.3208333333333333,113.4,58.137499999999996,4.268,50.5,34.425000000000004,2.8703703703703702,28.8,22.1375,2.92,10.6,1.4749999999999999,1.03,NO2,4.268,3,2022,False
2022-03-24,19.6,9.879166666666666,48.666666666666664,2.0500000000000003,4.1,0.0,687.0,0.0,104.8,41.50833333333333,2.4555555555555557,80.9,57.30416666666667,3.5225,58.8,44.025,3.1333333333333333,37.3,28.6125,3.3649999999999998,4.5,2.125,0.45,NO2,3.5225,3,2022,False
2022-03-25,18.7,10.466666666666667,47.916666666666664,2.7083333333333335,5.5,0.0,671.0,0.0,132.1,62.75,2.834722222222222,87.2,45.7875,3.68,61.7,52.40833333333333,3.213888888888889,45.5,36.275,3.775,3.5,1.9791666666666667,0.35000000000000003,PM2.5,3.775,3,2022,False
2022-03-26,18.5,12.512500000000001,43.0,3.545833333333333,5.7,0.0,690.0,0.0,105.8,71.00833333333334,2.4694444444444446,42.4,27.1125,2.413333333333333,50.4,38.32083333333333,2.8666666666666667,33.9,24.7625,3.195,2.6,1.075,0.26,PM2.5,3.195,3,2022,False
2022-03-27,20.1,13.61304347826087,57.08695652173913,2.739130434782609,3.7,0.0,704.0,0.0,92.1,53.856521739130436,2.279166666666667,62.6,27.043478260869566,3.065,37.6,24.717391304347824,2.3925925925925924,28.9,18.38695652173913,2.9266666666666667,1.9,0.982608695652174,0.19,NO2,3.065,3,2022,False
2022-03-28,21.1,13.779166666666667,55.875,2.5500000000000003,5.3,0.0,627.0,0.0,89.9,37.13333333333333,2.2486111111111113,82.9,41.9,3.5725000000000002,50.3,23.608333333333334,2.8629629629629627,20.2,13.495833333333332,2.3466666666666667,3.1,1.1458333333333333,0.31000000000000005,NO2,3.5725000000000002,3,2022,False
2022-03-29,15.6,11.6,55.5,2.3125,3.7,0.0,155.0,0.0,77.0,46.166666666666664,2.0694444444444446,79.5,39.608333333333334,3.4875,62.7,32.645833333333336,3.2416666666666667,33.6,20.445833333333333,3.18,0.8,0.8000000000000002,0.08000000000000002,NO2,3.4875,3,2022,False
2022-03-30,12.4,9.345833333333333,65.54166666666667,4.016666666666667,6.1,4.1,159.0,0.0,84.6,71.06666666666666,2.175,28.6,16.604166666666668,1.9300000000000002,30.4,24.15833333333333,2.1259259259259258,25.4,19.0125,2.6933333333333334,0.8,0.8000000000000002,0.08000000000000002,PM2.5,2.6933333333333334,3,2022,False
2022-03-31,8.2,5.9375,74.08333333333333,3.5541666666666667,5.7,0.30000000000000004,0.0,0.0,54.1,44.137499999999996,1.6270833333333332,39.2,22.650000000000002,2.3066666666666666,25.1,20.066666666666666,1.8944444444444444,21.7,17.316666666666666,2.4466666666666668,0.8,0.8000000000000002,0.08000000000000002,PM2.5,2.4466666666666668,3,2022,False
2022-04-01,3.9,1.8521739130434782,81.1304347826087,5.782608695652174,7.1,2.1,0.0,0.0,71.1,48.665217391304346,1.9812499999999997,24.3,14.91304347826087,1.715,15.7,12.404347826086957,1.3722222222222222,15.5,10.68695652173913,2.033333333333333,0.8,0.8,0.08000000000000002,PM2.5,2.033333333333333,4,2022,False
2022-04-02,4.0,1.6291666666666667,70.83333333333333,6.458333333333333,7.6,0.5,29.0,0.0,79.2,74.96666666666667,2.1,17.0,10.875,1.35,13.9,9.208333333333334,1.2722222222222221,8.3,6.1125,1.33,0.8,0.8000000000000002,0.08000000000000002,O3,2.1,4,2022,False
2022-04-03,7.3,2.566666666666667,52.291666666666664,3.408333333333333,5.2,0.0,583.0,0.0,92.4,69.74166666666666,2.283333333333333,46.1,16.170833333333334,2.5366666666666666,13.6,7.758333333333333,1.2555555555555555,8.6,5.5,1.3599999999999999,0.8,0.8000000000000002,0.08000000000000002,NO2,2.5366666666666666,4,2022,False
2022-04-04,8.9,3.6125000000000003,61.583333333333336,7.520833333333333,13.1,0.0,378.0,0.0,78.9,45.4,2.095833333333333,69.2,34.625,3.23,28.9,23.662499999999998,2.0703703703703704,23.3,15.8375,2.5533333333333332,4.1,1.6624999999999999,0.41,NO2,3.23,4,2022,False
2022-04-05,10.9,8.429166666666667,75.91666666666667,9.054166666666667,12.0,0.5,1.0,0.0,78.2,43.756521739130434,2.0861111111111112,44.4,24.456521739130434,2.48,17.9,11.254166666666668,1.4944444444444445,15.2,7.766666666666667,2.013333333333333,4.4,2.8954545454545455,0.44000000000000006,NO2,2.48,4,2022,False
2022-04-06,14.0,11.254166666666668,64.29166666666667,7.5625,10.7,0.1,168.0,0.0,62.2,39.7875,1.7958333333333334,51.9,25.554166666666664,2.73,20.0,11.825000000000001,1.6111111111111112,9.7,7.170833333333333,1.47,5.6,2.5500000000000003,0.5599999999999999,NO2,2.73,4,2022,False
2022-04-07,14.9,11.408333333333333,63.291666666666664,10.345833333333333,15.3,3.0999999999999996,196.0,0.0,76.7,52.166666666666664,2.0652777777777778,26.3,19.770833333333332,1.815,9.6,6.4375,1.0333333333333332,6.7,3.3666666666666667,1.17,4.6,2.0,0.45999999999999996,O3,2.0652777777777778,4,2022,False
2022-04-08,10.0,6.058333333333334,73.20833333333333,5.4375,11.6,13.0,0.0,0.0,74.2,54.333333333333336,2.0305555555555554,46.1,25.425,2.5366666666666666,22.3,6.929166666666667,1.738888888888889,8.6,3.8874999999999997,1.3599999999999999,1.8,0.8416666666666668,0.18000000000000002,NO2,2.5366666666666666,4,2022,False
2022-04-09,10.6,5.608333333333333,69.25,4.6499999999999995,7.4,2.8,244.0,0.0,78.4,59.61666666666667,2.088888888888889,42.3,22.925,2.41,19.5,10.0625,1.5833333333333333,11.4,6.208333333333333,1.6400000000000001,0.8,0.8000000000000002,0.08000000000000002,NO2,2.41,4,2022,False
2022-04-10,10.1,4.166666666666667,70.29166666666667,2.5541666666666667,5.0,0.0,212.0,0.0,80.2,45.15,2.113888888888889,73.3,33.525,3.3325,15.9,10.216666666666667,1.3833333333333333,11.5,6.679166666666667,1.65,2.9,1.0708333333333333,0.29,NO2,3.3325,4,2022,False
2022-04-11,15.7,7.908333333333334,60.125,2.3291666666666666,3.7,0.0,727.0,0.0,85.6,31.650000000000002,2.1888888888888887,70.8,40.016666666666666,3.27,20.7,12.55,1.65,12.7,8.738888888888889,1.77,2.3,0.9944444444444446,0.22999999999999998,NO2,3.27,4,2022,False
2022-04-12,22.3,14.0625,49.083333333333336,2.891666666666667,4.1,0.0,626.0,0.0,84.8,70.86666666666666,2.1777777777777776,42.9,27.075,2.4299999999999997,20.9,13.183333333333332,1.661111111111111,12.8,7.341666666666666,1.7800000000000002,,,,NO2,2.4299999999999997,4,2022,False
2022-04-13,23.6,16.804166666666667,50.833333333333336,2.0875,3.7,0.0,488.0,0.0,82.2,40.516666666666666,2.1416666666666666,69.6,47.5375,3.2399999999999998,33.0,19.679166666666667,2.2222222222222223,12.1,8.591666666666667,1.71,,,,NO2,3.2399999999999998,4,2022,False
2022-04-14,17.8,15.308333333333332,67.54166666666667,2.9458333333333333,5.9,0.0,125.0,0.0,65.6,49.2875,1.8666666666666665,63.4,27.270833333333332,3.085,25.3,20.1875,1.9055555555555554,18.2,12.575000000000001,2.2133333333333334,,,,NO2,3.085,4,2022,False
2022-04-15,19.0,12.625,65.5,2.983333333333333,8.1,0.0,745.0,0.0,82.3,44.9375,2.1430555555555557,52.2,25.570833333333336,2.74,24.6,14.995833333333332,1.8666666666666667,20.6,11.075000000000001,2.3733333333333335,,,,NO2,2.74,4,2022,False
2022-04-16,15.2,11.641666666666666,50.625,4.458333333333333,6.3,0.0,624.0,0.0,88.5,69.73333333333333,2.2291666666666665,21.9,12.65,1.595,11.1,7.55,1.1166666666666667,10.0,5.3875,1.5,,,,O3,2.2291666666666665,4,2022,False
2022-04-17,16.7,10.404166666666667,41.333333333333336,2.5791666666666666,3.9,0.0,804.0,0.0,96.2,68.85833333333333,2.3361111111111112,41.7,15.991666666666667,2.39,14.3,8.908333333333333,1.2944444444444445,11.0,6.395833333333333,1.6,,,,NO2,2.39,4,2022,False
2022-04-18,17.7,11.470833333333333,42.291666666666664,2.658333333333333,3.8,0.0,807.0,0.0,99.1,65.35000000000001,2.3763888888888887,59.5,22.004166666666666,2.9833333333333334,12.4,8.295833333333333,1.1888888888888889,7.9,5.133333333333334,1.29,,,,NO2,2.9833333333333334,4,2022,False
2022-04-19,18.2,12.262500000000001,44.833333333333336,3.4124999999999996,5.8,0.0,791.0,0.0,99.8,57.199999999999996,2.386111111111111,56.3,30.224999999999998,2.8766666666666665,22.0,13.7125,1.7222222222222223,12.4,6.845833333333334,1.7400000000000002,,,,NO2,2.8766666666666665,4,2022,False
2022-04-20,17.0,11.408333333333333,45.041666666666664,3.7624999999999997,5.8,0.0,806.0,0.0,98.7,74.37083333333334,2.3708333333333336,46.6,18.670833333333334,2.5533333333333332,19.2,14.125,1.5666666666666664,7.4,6.083333333333333,1.24,,,,NO2,2.5533333333333332,4,2022,False
2022-04-21,16.5,11.708333333333334,56.708333333333336,3.6,5.0,0.0,354.0,0.0,83.7,60.71666666666667,2.1625,50.5,21.991666666666664,2.6833333333333336,21.8,15.950000000000001,1.7111111111111112,12.0,8.320833333333333,1.7000000000000002,,,,NO2,2.6833333333333336,4,2022,False
2022-04-22,19.0,12.987499999999999,57.458333333333336,4.804166666666666,6.8,0.0,543.0,0.0,96.2,65.20416666666667,2.3361111111111112,27.4,16.070833333333333,1.87,27.0,18.929166666666667,2.0,19.6,13.0875,2.3066666666666666,0.8,0.8,0.08000000000000002,O3,2.3361111111111112,4,2022,False
2022-04-23,16.3,12.929166666666667,58.25,3.595833333333333,5.4,0.0,200.0,0.0,80.8,69.45416666666667,2.1222222222222222,43.5,19.120833333333334,2.45,31.5,21.179166666666667,2.1666666666666665,24.6,16.133333333333333,2.64,0.8,0.8000000000000002,0.08000000000000002,PM2.5,2.64,4,2022,False
2022-04-24,14.7,12.4,55.541666666666664,4.579166666666667,6.1,0.0,15.0,0.0,85.7,74.58333333333333,2.1902777777777778,32.6,14.450000000000001,2.086666666666667,21.9,16.175,1.7166666666666666,17.3,12.487499999999999,2.1533333333333333,0.8,0.8000000000000002,0.08000000000000002,O3,2.1902777777777778,4,2022,False
2022-04-25,15.8,9.5625,74.45833333333333,2.0791666666666666,6.0,6.7,271.0,0.0,81.8,50.28333333333333,2.136111111111111,56.7,30.858333333333334,2.89,30.2,17.666666666666668,2.1185185185185187,21.8,13.433333333333332,2.453333333333333,0.8,0.8000000000000002,0.08000000000000002,NO2,2.89,4,2022,False
2022-04-26,10.2,8.116666666666667,86.66666666666667,2.4583333333333335,5.1,13.0,1.0,0.0,71.2,38.8125,1.9833333333333334,48.1,25.854166666666668,2.6033333333333335,13.1,7.920833333333333,1.2277777777777779,10.5,6.258333333333333,1.55,0.8,0.8000000000000002,0.08000000000000002,NO2,2.6033333333333335,4,2022,False
2022-04-27,18.3,10.8375,69.125,1.9625000000000001,3.6,0.0,635.0,0.0,94.0,45.300000000000004,2.3055555555555554,48.2,29.729166666666668,2.606666666666667,35.7,16.554166666666667,2.3222222222222224,31.8,12.775,3.09,0.8,0.8000000000000002,0.08000000000000002,PM2.5,3.09,4,2022,False
2022-04-28,19.8,13.154166666666667,57.583333333333336,2.2875,3.7,0.0,777.0,0.0,108.9,52.54583333333333,2.5125,58.0,34.00416666666667,2.9333333333333336,27.5,15.691666666666668,2.0185185185185186,20.0,10.6,2.3333333333333335,0.8,0.8000000000000002,0.08000000000000002,NO2,2.9333333333333336,4,2022,False
2022-04-29,19.6,14.458333333333334,53.666666666666664,2.433333333333333,3.4,0.0,414.0,0.0,104.9,63.762499999999996,2.4569444444444444,68.2,33.016666666666666,3.205,25.0,19.133333333333333,1.8888888888888888,15.9,12.766666666666666,2.06,0.8,0.8000000000000002,0.08000000000000002,NO2,3.205,4,2022,False
2022-04-30,14.2,10.633333333333333,75.58333333333333,4.3999999999999995,6.3,5.3,0.0,0.0,83.7,58.84166666666667,2.1625,37.1,16.1375,2.236666666666667,26.1,15.679166666666667,1.9500000000000002,17.6,12.045833333333334,2.1733333333333333,0.8,0.8000000000000002,0.08000000000000002,NO2,2.236666666666667,4,2022,False
2022-05-01,16.7,12.356521739130434,65.56521739130434,2.856521739130435,4.0,0.0,171.0,0.0,84.1,59.34347826086957,2.1680555555555556,25.9,15.417391304347827,1.795,20.6,16.056521739130435,1.6444444444444444,15.0,11.23913043478261,2.0,0.8,0.8,0.08000000000000002,O3,2.1680555555555556,5,2022,False
2022-05-02,20.6,14.341666666666667,59.625,2.7875,4.6,0.0,578.0,0.0,102.3,60.38333333333333,2.4208333333333334,54.4,26.479166666666668,2.8133333333333335,29.0,18.395833333333332,2.074074074074074,21.5,12.5,2.4333333333333336,1.2,0.8166666666666668,0.12,NO2,2.8133333333333335,5,2022,False
2022-05-03,20.7,16.320833333333333,56.0,3.9875000000000003,5.0,0.0,528.0,0.0,107.4,78.72083333333333,2.4916666666666667,47.4,23.483333333333334,2.58,27.9,22.020833333333332,2.033333333333333,16.1,13.945833333333333,2.0733333333333333,2.8,0.8833333333333333,0.27999999999999997,NO2,2.58,5,2022,False
2022-05-04,20.5,15.612499999999999,57.375,2.9250000000000003,4.4,0.0,326.0,0.0,95.4,69.76521739130435,2.325,48.7,23.87391304347826,2.6233333333333335,24.0,18.995833333333334,1.8333333333333333,15.0,11.583333333333334,2.0,0.8,0.8,0.08000000000000002,NO2,2.6233333333333335,5,2022,False
2022-05-05,18.1,14.754166666666668,64.5,2.1666666666666665,3.1,0.0,113.0,0.0,80.0,51.81666666666666,2.111111111111111,48.4,29.025000000000002,2.6133333333333333,30.7,21.375,2.137037037037037,16.7,14.179166666666667,2.1133333333333333,0.8,0.8000000000000002,0.08000000000000002,NO2,2.6133333333333333,5,2022,False
2022-05-06,20.8,15.549999999999999,51.333333333333336,3.1041666666666665,4.7,0.0,827.0,0.0,93.5,62.166666666666664,2.298611111111111,55.3,25.804166666666664,2.8433333333333333,19.9,13.083333333333334,1.6055555555555554,12.5,6.55,1.75,0.8,0.8000000000000002,0.08000000000000002,NO2,2.8433333333333333,5,2022,False
2022-05-07,23.2,16.741666666666667,52.416666666666664,2.1133333333333333,4.0,0.0,269.0,0.0,97.9,55.90416666666667,2.3597222222222225,50.3,26.329166666666666,2.6766666666666667,21.6,13.1625,1.7000000000000002,10.5,7.295833333333333,1.55,0.8,0.8000000000000002,0.08000000000000002,NO2,2.6766666666666667,5,2022,False
2022-05-08,22.4,17.816666666666666,57.708333333333336,4.585714285714286,6.3,0.0,259.0,1059.0,90.1,74.90833333333333,2.2513888888888887,17.4,10.279166666666667,1.3699999999999999,17.7,15.329166666666666,1.4833333333333334,13.6,10.670833333333334,1.8599999999999999,0.8,0.8000000000000002,0.08000000000000002,O3,2.2513888888888887,5,2022,False
2022-05-09,24.8,18.283333333333335,52.5,2.4571428571428573,4.1,0.0,533.0,0.0,105.6,66.10416666666667,2.466666666666667,40.6,21.329166666666666,2.3533333333333335,20.2,14.416666666666666,1.6222222222222222,11.8,8.025,1.6800000000000002,0.8,0.8000000000000002,0.08000000000000002,O3,2.466666666666667,5,2022,False
2022-05-10,25.1,18.479166666666668,59.666666666666664,2.975,6.4,0.0,533.0,0.0,107.6,56.50416666666666,2.4944444444444445,59.3,39.875,2.9766666666666666,35.5,22.495833333333334,2.314814814814815,18.8,13.441666666666668,2.2533333333333334,9.1,2.0625,0.91,NO2,2.9766666666666666,5,2022,False
2022-05-11,28.7,21.537499999999998,53.375,5.516666666666667,11.0,0.0,795.0,2667.0,100.3,59.725,2.3930555555555557,58.5,34.69583333333333,2.95,38.8,27.27916666666667,2.4370370370370367,20.5,13.095833333333333,2.3666666666666667,2.6,1.0791666666666666,0.26,NO2,2.95,5,2022,False
2022-05-12,24.2,20.233333333333334,47.375,4.95,7.5,0.0,566.0,0.0,85.8,71.93333333333334,2.1916666666666664,35.6,23.683333333333334,2.1866666666666665,24.3,15.291666666666666,1.85,8.3,5.4750000000000005,1.33,1.4,0.8250000000000001,0.13999999999999999,O3,2.1916666666666664,5,2022,False
2022-05-13,21.9,16.370833333333334,53.541666666666664,3.0541666666666667,6.9,0.0,778.0,2593.0,85.8,67.51304347826087,2.1916666666666664,48.7,21.3,2.6233333333333335,16.6,12.195833333333333,1.4222222222222223,7.9,5.270833333333333,1.29,0.8,0.8000000000000002,0.08000000000000002,NO2,2.6233333333333335,5,2022,False
2022-05-14,24.7,16.5625,56.041666666666664,1.8583333333333334,3.4,0.0,837.0,2798.0,102.8,56.229166666666664,2.4277777777777776,55.8,30.633333333333336,2.86,23.2,15.3375,1.7888888888888888,14.0,7.395833333333333,1.9,3.5,1.0041666666666667,0.35000000000000003,NO2,2.86,5,2022,False
2022-05-15,26.3,20.125,45.708333333333336,2.733333333333333,4.0,0.0,876.0,2719.0,112.8,83.82916666666667,2.5666666666666664,57.2,17.270833333333332,2.9066666666666667,22.3,18.245833333333334,1.738888888888889,15.8,11.020833333333334,2.0533333333333332,1.2,0.8166666666666668,0.12,NO2,2.9066666666666667,5,2022,False
2022-05-16,25.8,19.241666666666667,62.916666666666664,3.725,9.4,2.1999999999999997,277.0,0.0,90.0,52.645833333333336,2.25,56.0,34.18333333333333,2.8666666666666667,35.1,20.983333333333334,2.3,19.0,10.275,2.2666666666666666,11.0,1.4625000000000001,1.05,NO2,2.8666666666666667,5,2022,False
2022-05-17,25.3,18.658333333333335,67.45833333333333,1.6666666666666667,2.9,0.0,613.0,2143.0,78.7,43.137499999999996,2.0930555555555554,42.5,30.40416666666667,2.4166666666666665,28.2,19.033333333333335,2.0444444444444443,17.9,10.958333333333334,2.1933333333333334,4.9,1.2458333333333333,0.49000000000000005,NO2,2.4166666666666665,5,2022,False
2022-05-18,29.4,22.6875,54.666666666666664,2.2083333333333335,2.9,0.0,769.0,0.0,94.2,55.97083333333333,2.3083333333333336,42.7,27.191666666666666,2.4233333333333333,23.5,14.379166666666668,1.8055555555555554,11.9,8.095833333333333,1.69,2.2,0.9125000000000001,0.22000000000000003,NO2,2.4233333333333333,5,2022,False
2022-05-19,31.1,21.75,59.125,3.0500000000000003,7.8,2.0,619.0,2181.0,120.4,68.52499999999999,2.6722222222222225,45.9,32.645833333333336,2.53,28.3,18.662499999999998,2.0481481481481483,12.4,9.745833333333334,1.7400000000000002,2.9,1.1541666666666666,0.29,O3,2.6722222222222225,5,2022,True
2022-05-20,27.9,20.8625,75.25,3.670833333333333,10.8,6.4,412.0,0.0,99.8,46.925000000000004,2.386111111111111,44.8,27.308333333333334,2.493333333333333,34.7,21.916666666666668,2.285185185185185,19.3,12.104166666666666,2.2866666666666666,2.1,0.9500000000000001,0.21000000000000002,NO2,2.493333333333333,5,2022,False
2022-05-21,21.5,16.733333333333334,58.0,4.583333333333333,7.5,0.0,668.0,0.0,79.3,67.22500000000001,2.1013888888888888,28.4,14.154166666666667,1.92,12.3,8.295833333333333,1.1833333333333333,7.4,4.2625,1.24,0.8,0.8000000000000002,0.08000000000000002,O3,2.1013888888888888,5,2022,False
2022-05-22,23.6,17.691666666666666,57.25,2.15,3.3,0.0,710.0,0.0,108.8,62.8375,2.511111111111111,38.3,19.037499999999998,2.2766666666666664,13.2,9.9625,1.2333333333333334,9.0,6.129166666666666,1.4,0.8,0.8000000000000002,0.08000000000000002,O3,2.511111111111111,5,2022,False
2022-05-23,25.2,19.458333333333332,63.666666666666664,3.7875,7.9,1.5,402.0,0.0,85.9,65.67916666666666,2.1930555555555555,42.1,25.40833333333333,2.4033333333333333,21.6,13.979166666666666,1.7000000000000002,11.0,7.979166666666667,1.6,2.1,1.0,0.21000000000000002,NO2,2.4033333333333333,5,2022,False
2022-05-24,20.4,16.891666666666666,62.958333333333336,6.0874999999999995,9.0,0.4,411.0,0.0,70.5,54.75454545454545,1.96875,32.4,22.463636363636365,2.08,13.7,8.1,1.261111111111111,8.2,4.147826086956522,1.3199999999999998,3.9,1.1318181818181818,0.39,NO2,2.08,5,2022,False
2022-05-25,22.1,15.5625,56.583333333333336,4.125,7.5,0.0,646.0,0.0,74.2,49.49583333333334,2.0305555555555554,42.5,26.620833333333334,2.4166666666666665,12.7,8.329166666666667,1.2055555555555555,4.7,3.1125000000000003,0.9400000000000001,3.2,0.9708333333333333,0.32000000000000006,NO2,2.4166666666666665,5,2022,False
2022-05-26,22.6,17.883333333333333,54.083333333333336,5.3875,6.6,0.0,405.0,0.0,80.3,58.3125,2.1152777777777776,43.4,21.941666666666666,2.4466666666666668,11.2,7.795833333333333,1.1222222222222222,5.9,3.7416666666666667,1.09,5.9,1.5,0.5900000000000001,NO2,2.4466666666666668,5,2022,False
2022-05-27,20.6,16.925,61.041666666666664,5.6000000000000005,7.8,1.7,383.0,0.0,97.3,55.82916666666667,2.3513888888888888,32.5,19.679166666666667,2.0833333333333335,15.7,10.208333333333334,1.3722222222222222,9.7,5.204166666666667,1.47,8.3,1.8458333333333334,0.8300000000000001,O3,2.3513888888888888,5,2022,False
2022-05-28,18.8,13.674999999999999,50.166666666666664,4.291666666666667,6.6,0.0,640.0,0.0,89.7,71.17916666666666,2.2458333333333336,24.2,13.0625,1.71,15.8,8.9,1.3777777777777778,6.9,4.554166666666666,1.19,1.9,0.8458333333333333,0.19,O3,2.2458333333333336,5,2022,False
2022-05-29,17.9,12.166666666666666,54.791666666666664,2.8208333333333333,4.7,4.6000000000000005,532.0,0.0,83.0,69.47500000000001,2.1527777777777777,29.0,12.120833333333332,1.9500000000000002,10.9,6.795833333333333,1.1055555555555556,5.9,4.0125,1.09,0.8,0.8000000000000002,0.08000000000000002,O3,2.1527777777777777,5,2022,False
2022-05-30,17.4,11.649999999999999,64.5,2.15,4.1,0.0,589.0,0.0,78.4,48.45416666666667,2.088888888888889,40.3,19.325,2.3433333333333333,12.7,6.6875,1.2055555555555555,6.2,3.7291666666666665,1.12,0.8,0.8000000000000002,0.08000000000000002,NO2,2.3433333333333333,5,2022,False
2022-05-31,22.0,15.475,50.708333333333336,3.033333333333333,5.7,0.0,639.0,0.0,97.5,57.375,2.3541666666666665,41.2,25.5125,2.3733333333333335,18.1,9.512500000000001,1.5055555555555555,6.9,4.741666666666666,1.19,2.8,0.8833333333333334,0.27999999999999997,NO2,2.3733333333333335,5,2022,False
2022-06-01,22.9,15.965217391304348,53.08695652173913,3.282608695652174,6.3,0.0,678.0,0.0,84.6,61.445454545454545,2.175,47.9,24.369565217391305,2.5966666666666667,16.1,10.04782608695652,1.3944444444444444,7.9,4.613043478260869,1.29,4.0,0.9727272727272728,0.4,NO2,2.5966666666666667,6,2022,False
2022-06-02,23.0,16.058333333333334,49.458333333333336,2.345833333333333,4.3,0.0,920.0,0.0,96.4,60.199999999999996,2.338888888888889,49.0,23.594117647058823,2.6333333333333333,17.8,12.18235294117647,1.488888888888889,12.7,7.758823529411765,1.77,1.5,0.8647058823529412,0.15000000000000002,NO2,2.6333333333333333,6,2022,False
2022-06-03,27.0,19.508333333333333,53.958333333333336,3.045833333333333,4.2,0.2,533.0,2031.0,109.5,83.3,2.520833333333333,42.5,26.50714285714286,2.4166666666666665,21.1,16.7,1.6722222222222223,12.6,8.671428571428573,1.76,0.8,0.8000000000000002,0.08000000000000002,O3,2.520833333333333,6,2022,False
2022-06-04,27.3,22.004166666666666,64.41666666666667,2.345833333333333,3.8,0.0,488.0,0.0,101.6,65.5625,2.411111111111111,50.9,19.979166666666668,2.6966666666666668,24.3,15.3375,1.85,17.6,10.770833333333334,2.1733333333333333,0.8,0.8,0.08000000000000002,NO2,2.6966666666666668,6,2022,False
2022-06-05,22.5,19.445833333333333,73.45833333333333,3.033333333333333,6.3,1.1,86.0,0.0,83.3,71.17916666666666,2.1569444444444446,32.4,17.070833333333333,2.08,20.8,17.175,1.6555555555555554,16.9,13.012500000000001,2.1266666666666665,1.7,0.8708333333333335,0.17,O3,2.1569444444444446,6,2022,False
2022-06-06,24.1,19.320833333333333,63.375,5.341666666666666,8.2,0.2,537.0,2334.0,74.8,59.1625,2.0388888888888888,28.1,18.2,1.9050000000000002,15.2,9.929166666666667,1.3444444444444443,10.3,5.545833333333333,1.5300000000000002,8.3,1.9375,0.8300000000000001,O3,2.0388888888888888,6,2022,False
2022-06-07,23.3,17.566666666666666,63.916666666666664,3.6333333333333333,7.2,0.6,356.0,0.0,75.7,51.24166666666667,2.051388888888889,49.0,27.7625,2.6333333333333333,20.8,10.229166666666666,1.6555555555555554,5.5,3.5500000000000003,1.05,8.0,1.5,0.8,NO2,2.6333333333333333,6,2022,False
2022-06-08,21.7,16.587500000000002,81.08333333333333,3.3874999999999997,4.9,8.7,260.0,0.0,60.5,33.3125,1.7604166666666665,36.7,26.45,2.2233333333333336,15.2,10.658333333333333,1.3444444444444443,7.3,5.079166666666667,1.23,4.4,1.7708333333333333,0.44000000000000006,NO2,2.2233333333333336,6,2022,False
2022-06-09,20.8,16.133333333333333,72.79166666666667,4.395833333333333,6.3,0.0,606.0,0.0,79.9,41.36666666666667,2.1097222222222225,33.1,21.162499999999998,2.1033333333333335,13.1,9.654166666666667,1.2277777777777779,6.3,4.825,1.13,4.6,1.3041666666666667,0.45999999999999996,O3,2.1097222222222225,6,2022,False
2022-06-10,24.5,18.029166666666665,62.583333333333336,2.3041666666666667,4.2,0.0,642.0,0.0,90.9,53.604166666666664,2.2625,41.0,27.729166666666668,2.3666666666666667,15.4,11.4,1.3555555555555556,10.0,6.479166666666667,1.5,4.8,1.2,0.48,NO2,2.3666666666666667,6,2022,False
2022-06-11,27.8,20.55,60.375,2.029166666666667,3.7,0.0,670.0,0.0,88.6,49.07083333333333,2.2305555555555556,50.7,27.849999999999998,2.69,21.2,12.5,1.6777777777777776,14.5,7.379166666666666,1.9500000000000002,3.9,1.0541666666666667,0.39,NO2,2.69,6,2022,False
2022-06-12,28.4,21.679166666666664,54.458333333333336,2.966666666666667,5.5,0.0,889.0,0.0,100.2,70.53750000000001,2.3916666666666666,39.0,16.400000000000002,2.3,14.8,9.7125,1.3222222222222222,9.3,5.875,1.4300000000000002,0.8,0.8000000000000002,0.08000000000000002,O3,2.3916666666666666,6,2022,False
2022-06-13,23.5,19.075,47.25,4.220833333333333,6.1,0.0,747.0,0.0,103.1,85.19166666666666,2.4319444444444445,25.4,14.045833333333334,1.77,15.8,11.1875,1.3777777777777778,8.6,6.233333333333333,1.3599999999999999,2.3,0.9666666666666667,0.22999999999999998,O3,2.4319444444444445,6,2022,False
2022-06-14,26.7,18.675,46.0,1.9833333333333334,3.0,0.0,927.0,0.0,118.9,74.8409090909091,2.651388888888889,38.0,24.0,2.2666666666666666,15.8,11.854166666666666,1.3777777777777778,6.5,5.316666666666666,1.15,2.1,0.8541666666666666,0.21000000000000002,O3,2.651388888888889,6,2022,False
2022-06-15,30.7,23.712500000000002,36.625,2.495833333333333,3.6,0.0,911.0,0.0,173.9,97.0625,3.3114583333333334,34.9,24.791666666666668,2.163333333333333,22.0,15.225,1.7222222222222223,8.8,6.941666666666666,1.3800000000000001,1.3,0.8208333333333334,0.13,O3,3.3114583333333334,6,2022,False
2022-06-16,28.4,23.454166666666666,40.75,4.329166666666667,6.5,0.0,772.0,0.0,120.6,98.13333333333333,2.675,41.0,15.916666666666666,2.3666666666666667,19.3,14.1625,1.5722222222222222,11.6,7.629166666666666,1.6600000000000001,0.8,0.8000000000000002,0.08000000000000002,O3,2.675,6,2022,False
2022-06-17,30.1,22.933333333333334,38.291666666666664,2.3833333333333333,4.5,0.0,898.0,0.0,119.1,84.64999999999999,2.654166666666667,44.5,24.95,2.4833333333333334,21.0,12.408333333333333,1.6666666666666665,8.2,5.308333333333334,1.3199999999999998,2.5,1.0958333333333334,0.25,O3,2.654166666666667,6,2022,False
2022-06-18,35.4,25.349999999999998,44.791666666666664,2.8083333333333336,5.6,0.0,830.0,0.0,140.6,71.8875,2.9527777777777775,86.1,40.025,3.6525,57.2,26.291666666666668,3.088888888888889,19.4,9.741666666666667,2.293333333333333,9.2,2.4625,0.9199999999999999,NO2,3.6525,6,2022,True
2022-06-19,35.9,27.2,46.833333333333336,4.2,8.5,0.0,844.0,0.0,131.7,82.425,2.8291666666666666,78.6,26.5125,3.465,53.7,41.074999999999996,2.988888888888889,21.5,18.029166666666665,2.4333333333333336,3.3,1.2458333333333333,0.33,NO2,3.465,6,2022,True
2022-06-20,23.6,18.275000000000002,64.375,3.654166666666667,5.9,0.2,204.0,0.0,92.7,59.32916666666667,2.2875,32.5,14.379166666666668,2.0833333333333335,24.1,12.958333333333334,1.838888888888889,12.6,6.5249999999999995,1.76,0.8,0.8000000000000002,0.08000000000000002,O3,2.2875,6,2022,False
2022-06-21,27.3,18.341666666666665,56.833333333333336,2.5124999999999997,4.8,0.0,904.0,0.0,104.8,55.07083333333333,2.4555555555555557,30.4,20.400000000000002,2.013333333333333,20.3,15.454166666666666,1.6277777777777778,12.7,9.424999999999999,1.77,0.8,0.8000000000000002,0.08000000000000002,O3,2.4555555555555557,6,2022,False
2022-06-22,28.4,22.204166666666666,48.708333333333336,3.2458333333333336,5.7,0.0,700.0,0.0,129.4,73.41250000000001,2.7972222222222225,37.4,24.09583333333333,2.2466666666666666,30.5,16.954166666666666,2.1296296296296298,14.5,7.495833333333334,1.9500000000000002,4.5,1.0333333333333334,0.45,O3,2.7972222222222225,6,2022,False
2022-06-23,32.6,24.2375,60.666666666666664,2.220833333333333,3.8,0.0,655.0,0.0,90.0,59.800000000000004,2.25,45.0,29.55217391304348,2.5,33.5,25.19090909090909,2.240740740740741,18.5,13.240909090909092,2.2333333333333334,3.2,1.047826086956522,0.32000000000000006,NO2,2.5,6,2022,True
2022-06-24,27.0,20.770833333333332,73.16666666666667,4.5625,8.4,12.6,272.0,0.0,92.0,62.50833333333333,2.2777777777777777,60.6,26.375,3.015,35.0,14.841666666666667,2.2962962962962963,11.8,6.958333333333333,1.6800000000000002,2.1,0.9416666666666668,0.21000000000000002,NO2,3.015,6,2022,False
2022-06-25,28.2,20.883333333333333,68.29166666666667,2.766666666666667,4.8,0.1,639.0,0.0,97.1,53.604166666666664,2.348611111111111,26.5,19.541666666666668,1.8250000000000002,23.4,13.945833333333333,1.7999999999999998,12.0,7.7375,1.7000000000000002,3.6,1.1166666666666667,0.36000000000000004,O3,2.348611111111111,6,2022,False
2022-06-26,27.3,22.395833333333332,61.791666666666664,3.0208333333333335,5.4,0.1,492.0,0.0,98.8,63.98333333333333,2.3722222222222222,44.2,16.454166666666666,2.4733333333333336,14.6,7.891666666666667,1.3111111111111111,8.6,4.379166666666666,1.3599999999999999,0.8,0.8000000000000002,0.08000000000000002,NO2,2.4733333333333336,6,2022,False
2022-06-27,23.5,20.266666666666666,73.79166666666667,4.6499999999999995,7.5,14.0,276.0,0.0,66.5,52.108695652173914,1.8854166666666665,43.5,21.421739130434784,2.45,18.8,10.41304347826087,1.5444444444444445,9.6,5.769565217391304,1.46,0.8,0.8,0.08000000000000002,NO2,2.45,6,2022,False
2022-06-28,26.5,20.116666666666667,54.041666666666664,2.7291666666666665,4.0,0.0,829.0,0.0,86.9,59.416666666666664,2.2069444444444444,32.6,16.566666666666666,2.086666666666667,15.7,8.366666666666667,1.3722222222222222,10.1,4.458333333333333,1.51,2.9,0.9458333333333333,0.29,O3,2.2069444444444444,6,2022,False
2022-06-29,29.0,24.516666666666666,46.75,2.5458333333333334,3.6,0.0,618.0,0.0,130.2,84.54583333333333,2.808333333333333,41.8,22.150000000000002,2.393333333333333,23.4,15.104166666666666,1.7999999999999998,15.0,8.866666666666667,2.0,1.5,0.8541666666666666,0.15000000000000002,O3,2.808333333333333,6,2022,False
2022-06-30,32.2,25.55,56.708333333333336,2.65,7.9,0.0,636.0,0.0,146.8,81.27083333333333,3.029166666666667,37.5,27.620833333333334,2.25,29.6,21.291666666666668,2.0962962962962965,17.8,13.354166666666666,2.1866666666666665,6.1,1.2041666666666668,0.61,O3,3.029166666666667,6,2022,True
2022-07-01,21.6,17.582608695652173,66.8695652173913,3.5217391304347827,7.3,2.1,310.0,0.0,66.2,46.80952380952381,1.8791666666666667,29.9,18.47142857142857,1.995,27.5,7.882608695652174,2.0185185185185186,8.7,3.404347826086956,1.3699999999999999,0.8,0.8,0.08000000000000002,PM10,2.0185185185185186,7,2022,False
2022-07-02,27.8,19.829166666666666,57.041666666666664,1.8916666666666666,3.5,0.0,925.0,0.0,86.1,47.94583333333333,2.1958333333333333,35.3,23.054166666666664,2.1766666666666667,15.2,9.329166666666667,1.3444444444444443,8.5,4.695833333333334,1.35,2.0,0.8500000000000001,0.2,O3,2.1958333333333333,7,2022,False
2022-07-03,30.6,22.616666666666664,50.041666666666664,3.3833333333333333,6.3,0.0,857.0,0.0,113.0,60.4125,2.5694444444444446,52.5,28.90833333333333,2.75,14.3,10.895833333333334,1.2944444444444445,8.2,5.295833333333333,1.3199999999999998,9.9,1.6833333333333333,0.9900000000000001,NO2,2.75,7,2022,False
2022-07-04,27.1,21.6375,46.291666666666664,2.779166666666667,5.2,0.0,930.0,0.0,98.7,74.44166666666666,2.3708333333333336,34.6,17.1375,2.1533333333333333,14.2,9.3375,1.2888888888888888,6.5,3.8666666666666667,1.15,4.7,1.0250000000000001,0.47000000000000003,O3,2.3708333333333336,7,2022,False
2022-07-05,27.2,21.0625,45.958333333333336,2.8791666666666664,5.3,0.0,803.0,0.0,118.3,83.17916666666666,2.6430555555555557,61.2,24.849999999999998,3.0300000000000002,17.4,11.424999999999999,1.4666666666666666,7.2,5.166666666666667,1.22,1.8,0.8625000000000002,0.18000000000000002,NO2,3.0300000000000002,7,2022,False
2022-07-06,22.8,18.5625,49.375,3.975,5.6,0.0,692.0,0.0,97.4,74.7625,2.352777777777778,27.8,15.262500000000001,1.8900000000000001,12.7,10.970833333333333,1.2055555555555555,7.3,5.616666666666667,1.23,2.2,1.0083333333333333,0.22000000000000003,O3,2.352777777777778,7,2022,False
2022-07-07,20.6,17.658333333333335,62.666666666666664,5.108333333333333,7.5,0.2,122.0,0.0,61.3,44.14166666666667,1.7770833333333331,53.0,23.133333333333336,2.7666666666666666,28.7,12.091666666666667,2.062962962962963,8.5,5.120833333333334,1.35,3.4,1.0666666666666667,0.34,NO2,2.7666666666666666,7,2022,False
2022-07-08,24.1,18.345833333333335,51.875,3.108333333333333,5.2,0.0,560.0,0.0,75.6,56.645833333333336,2.05,30.0,13.154166666666667,2.0,13.3,10.066666666666666,1.238888888888889,6.3,5.2375,1.13,0.8,0.8000000000000002,0.08000000000000002,O3,2.05,7,2022,False
2022-07-09,25.8,19.416666666666668,62.541666666666664,2.9499999999999997,6.0,0.1,425.0,0.0,89.0,59.800000000000004,2.236111111111111,35.8,18.658333333333335,2.1933333333333334,17.1,10.85,1.4500000000000002,13.0,6.604166666666667,1.8,2.4,1.0166666666666668,0.24,O3,2.236111111111111,7,2022,False
2022-07-10,20.8,17.245833333333334,59.708333333333336,3.954166666666667,5.7,0.0,321.0,0.0,55.0,46.512499999999996,1.6458333333333333,27.8,9.258333333333335,1.8900000000000001,10.2,6.708333333333333,1.0666666666666667,7.2,3.858333333333333,1.22,0.8,0.8000000000000002,0.08000000000000002,NO2,1.8900000000000001,7,2022,False
2022-07-11,25.3,19.866666666666667,60.958333333333336,2.433333333333333,5.0,0.0,301.0,1593.0,55.3,38.65833333333333,1.6520833333333331,33.3,16.537499999999998,2.11,17.2,9.433333333333334,1.4555555555555555,7.7,5.358333333333333,1.27,0.8,0.8000000000000002,0.08000000000000002,NO2,2.11,7,2022,False
2022-07-12,29.4,21.354166666666668,56.916666666666664,1.9458333333333335,3.3,0.0,835.0,0.0,92.2,44.199999999999996,2.2805555555555554,38.4,20.775000000000002,2.28,21.7,9.804166666666667,1.7055555555555555,6.2,4.158333333333333,1.12,0.8,0.8000000000000002,0.08000000000000002,O3,2.2805555555555554,7,2022,False
2022-07-13,33.6,24.795833333333334,47.041666666666664,2.8791666666666664,6.4,0.0,450.0,2210.0,133.6,57.70416666666667,2.855555555555555,60.3,37.824999999999996,3.0075,34.5,18.770833333333332,2.2777777777777777,10.5,6.125,1.55,7.1,2.1791666666666667,0.71,NO2,3.0075,7,2022,True
2022-07-14,27.6,24.0625,45.583333333333336,3.2708333333333335,6.7,0.0,461.0,2102.0,113.5,83.45833333333333,2.576388888888889,57.4,23.65909090909091,2.913333333333333,26.5,17.033333333333335,1.9722222222222223,9.3,7.095833333333334,1.4300000000000002,2.2,0.9083333333333333,0.22000000000000003,NO2,2.913333333333333,7,2022,False
2022-07-15,24.0,19.233333333333334,46.041666666666664,3.154166666666667,4.9,0.0,637.0,2422.0,86.5,65.61666666666666,2.201388888888889,40.7,15.345833333333333,2.356666666666667,15.8,11.0875,1.3777777777777778,6.2,5.05,1.12,0.8,0.8000000000000002,0.08000000000000002,NO2,2.356666666666667,7,2022,False
2022-07-16,26.2,19.054166666666667,48.666666666666664,3.079166666666667,5.9,0.0,850.0,2747.0,101.4,60.35,2.408333333333333,52.4,25.070833333333336,2.7466666666666666,49.8,17.408333333333335,2.844444444444444,9.9,6.625,1.49,2.4,0.9583333333333334,0.24,PM10,2.844444444444444,7,2022,False
2022-07-17,29.3,21.75,35.583333333333336,2.5124999999999997,3.7,0.0,890.0,2950.0,103.5,73.09166666666667,2.4375,34.8,15.4,2.1599999999999997,15.8,10.625,1.3777777777777778,6.1,4.220833333333333,1.1099999999999999,0.8,0.8000000000000002,0.08000000000000002,O3,2.4375,7,2022,False
2022-07-18,33.5,24.866666666666664,31.75,2.0375,3.6,0.0,910.0,2856.0,144.9,75.97083333333333,3.009375,55.0,34.275,2.8333333333333335,31.0,15.866666666666667,2.148148148148148,7.6,5.233333333333333,1.26,4.1,1.3666666666666665,0.41,O3,3.009375,7,2022,True
2022-07-19,36.9,28.508333333333336,31.0,2.4875000000000003,3.9,0.0,903.0,2923.0,147.6,86.73333333333333,3.0375,52.8,33.079166666666666,2.76,33.9,22.458333333333332,2.2555555555555555,10.7,8.404166666666667,1.5699999999999998,4.2,1.0833333333333333,0.42000000000000004,O3,3.0375,7,2022,True
2022-07-20,37.4,28.22083333333333,39.208333333333336,3.3833333333333333,8.0,7.8,723.0,2551.0,191.2,102.34166666666665,3.4916666666666667,54.7,32.11666666666667,2.8233333333333333,55.3,32.045833333333334,3.036111111111111,27.7,14.541666666666666,2.8466666666666667,4.4,1.6333333333333335,0.44000000000000006,O3,3.4916666666666667,7,2022,True
2022-07-21,27.3,22.858333333333334,66.375,4.4875,7.1,0.8,394.0,1899.0,79.4,66.05416666666666,2.102777777777778,34.3,23.233333333333334,2.143333333333333,32.1,19.75,2.188888888888889,24.8,13.758333333333333,2.6533333333333333,0.8,0.8000000000000002,0.08000000000000002,PM2.5,2.6533333333333333,7,2022,False
2022-07-22,30.2,23.15833333333333,56.666666666666664,2.175,4.5,0.0,737.0,2668.0,150.6,90.80833333333334,3.06875,38.5,20.520833333333332,2.283333333333333,20.8,14.716666666666667,1.6555555555555554,13.3,9.991666666666667,1.83,2.3,0.9958333333333335,0.22999999999999998,O3,3.06875,7,2022,False
2022-07-23,28.4,23.90833333333333,52.875,3.4166666666666665,5.1,0.1,611.0,2244.0,115.9,82.9375,2.6097222222222225,22.3,12.908333333333333,1.6150000000000002,17.6,13.862499999999999,1.4777777777777779,12.9,9.366666666666667,1.79,0.8,0.8000000000000002,0.08000000000000002,O3,2.6097222222222225,7,2022,False
2022-07-24,31.8,25.808333333333334,42.208333333333336,2.5,3.8,0.0,802.0,2756.0,139.3,98.08749999999999,2.9347222222222222,36.4,17.525000000000002,2.2133333333333334,18.0,12.645833333333334,1.5,10.8,8.333333333333334,1.58,1.9,0.8833333333333333,0.19,O3,2.9347222222222222,7,2022,True
2022-07-25,34.0,26.175,48.541666666666664,3.9875000000000003,11.2,0.0,612.0,2126.0,130.3,82.43333333333334,2.8097222222222222,56.6,31.754166666666666,2.8866666666666667,30.4,22.820833333333336,2.1259259259259258,16.6,12.458333333333334,2.106666666666667,6.9,1.6125,0.6900000000000001,NO2,2.8866666666666667,7,2022,True
2022-07-26,26.1,22.270833333333332,51.458333333333336,3.545833333333333,5.6,0.0,624.0,2329.0,80.1,60.416666666666664,2.1125,32.5,13.216666666666667,2.0833333333333335,29.5,14.066666666666668,2.0925925925925926,8.1,5.345833333333334,1.31,0.8,0.8000000000000002,0.08000000000000002,O3,2.1125,7,2022,False
2022-07-27,23.9,20.666666666666668,49.375,4.4375,5.7,0.0,581.0,2289.0,77.3,64.075,2.073611111111111,13.0,8.427272727272728,1.15,12.1,8.841666666666667,1.1722222222222223,6.0,3.875,1.1,0.8,0.8000000000000002,0.08000000000000002,O3,2.073611111111111,7,2022,False
2022-07-28,27.9,21.791666666666668,40.416666666666664,3.8375,4.8,0.0,447.0,2025.0,102.0,74.19166666666666,2.4166666666666665,34.9,14.808333333333332,2.163333333333333,19.7,14.508333333333333,1.5944444444444443,8.1,5.154166666666667,1.31,3.4,0.9875000000000002,0.34,O3,2.4166666666666665,7,2022,False
2022-07-29,29.6,23.47083333333333,46.916666666666664,2.9416666666666664,4.4,6.2,469.0,1938.0,148.2,94.47500000000001,3.0437499999999997,34.1,18.224999999999998,2.1366666666666667,21.5,18.266666666666666,1.6944444444444444,13.3,7.833333333333333,1.83,0.8,0.8000000000000002,0.08000000000000002,O3,3.0437499999999997,7,2022,False
2022-07-30,28.6,21.741666666666664,58.875,2.8125,4.8,0.0,783.0,2612.0,133.1,79.1375,2.848611111111111,29.9,19.491666666666667,1.995,23.5,15.887500000000001,1.8055555555555554,14.6,9.766666666666667,1.96,7.0,1.5208333333333333,0.7000000000000001,O3,2.848611111111111,7,2022,False
2022-07-31,30.2,23.383333333333336,49.291666666666664,2.129166666666667,4.2,0.0,257.0,1694.0,118.9,71.45416666666667,2.651388888888889,57.5,25.391666666666666,2.9166666666666665,18.4,13.641666666666666,1.5222222222222221,10.1,7.470833333333334,1.51,6.5,1.8833333333333335,0.65,NO2,2.9166666666666665,7,2022,False
2022-08-01,27.7,23.286956521739132,58.30434782608695,3.034782608695652,4.6,0.0,238.0,1577.0,84.5,53.595652173913045,2.173611111111111,24.6,14.243478260869566,1.73,16.5,10.521739130434783,1.4166666666666665,6.7,5.073913043478261,1.17,0.8,0.8,0.08000000000000002,O3,2.173611111111111,8,2022,False
2022-08-02,29.8,23.329166666666666,53.083333333333336,2.1875,4.1,0.0,765.0,2331.0,116.0,72.7695652173913,2.611111111111111,37.5,22.243478260869566,2.25,17.1,11.158333333333333,1.4500000000000002,7.2,5.291666666666667,1.22,2.5,1.091304347826087,0.25,O3,2.611111111111111,8,2022,False
2022-08-03,34.3,25.754166666666666,44.375,1.8625,3.1,0.0,867.0,2666.0,146.0,79.88333333333334,3.0208333333333335,58.2,35.204166666666666,2.94,25.0,15.65,1.8888888888888888,10.8,7.3500000000000005,1.58,4.0,1.554166666666667,0.4,O3,3.0208333333333335,8,2022,True
2022-08-04,38.0,29.695833333333336,36.625,2.3916666666666666,4.4,0.0,761.0,2497.0,136.8,90.77916666666665,2.9000000000000004,58.4,34.22083333333333,2.9466666666666668,34.2,19.245833333333334,2.2666666666666666,16.1,8.033333333333333,2.0733333333333333,10.3,1.8083333333333333,1.0150000000000001,NO2,2.9466666666666668,8,2022,True
2022-08-05,29.9,23.474999999999998,65.0,4.441666666666666,7.5,3.3000000000000003,143.0,1106.0,130.9,74.32916666666667,2.8180555555555555,38.3,20.412499999999998,2.2766666666666664,36.1,15.795833333333334,2.337037037037037,13.4,8.0625,1.84,2.9,0.9833333333333334,0.29,O3,2.8180555555555555,8,2022,False
2022-08-06,23.9,19.895833333333332,43.291666666666664,4.216666666666667,5.7,0.0,825.0,2760.0,82.1,68.22083333333333,2.1402777777777775,14.7,9.983333333333333,1.2349999999999999,9.7,6.8875,1.0388888888888888,5.1,3.0625,1.01,0.8,0.8000000000000002,0.08000000000000002,O3,2.1402777777777775,8,2022,False
2022-08-07,27.2,21.308333333333334,36.458333333333336,3.795833333333333,4.7,0.0,859.0,2645.0,97.5,73.46666666666667,2.3541666666666665,16.9,10.275,1.345,6.8,5.7124999999999995,0.7555555555555555,3.5,2.466666666666667,0.7000000000000001,0.8,0.8000000000000002,0.08000000000000002,O3,2.3541666666666665,8,2022,False
2022-08-08,29.3,23.72083333333333,32.041666666666664,3.7416666666666667,4.7,0.0,856.0,2654.0,105.8,80.69583333333334,2.4694444444444446,37.1,14.808333333333332,2.236666666666667,14.7,9.795833333333333,1.3166666666666667,5.0,3.6750000000000003,1.0,1.4,0.8250000000000001,0.13999999999999999,O3,2.4694444444444446,8,2022,False
2022-08-09,30.7,25.070833333333336,33.958333333333336,4.270833333333333,5.7,0.0,848.0,2595.0,116.0,94.29166666666667,2.611111111111111,32.5,13.520833333333334,2.0833333333333335,28.7,15.370833333333332,2.062962962962963,8.5,6.229166666666667,1.35,3.0,0.9125000000000001,0.30000000000000004,O3,2.611111111111111,8,2022,False
2022-08-10,31.0,25.474999999999998,32.25,3.1958333333333333,4.8,0.0,806.0,2408.0,118.1,93.15416666666665,2.6402777777777775,42.3,16.658333333333335,2.41,29.8,19.458333333333332,2.1037037037037036,11.6,8.445833333333333,1.6600000000000001,1.2,0.8166666666666668,0.12,O3,2.6402777777777775,8,2022,True
2022-08-11,31.5,25.629166666666666,32.041666666666664,3.1374999999999997,4.8,0.0,827.0,2546.0,117.6,92.04583333333333,2.6333333333333333,52.3,20.783333333333335,2.743333333333333,46.3,24.15416666666667,2.714814814814815,15.9,10.4625,2.06,0.8,0.8000000000000002,0.08000000000000002,NO2,2.743333333333333,8,2022,True
2022-08-12,31.7,25.712500000000002,30.166666666666668,3.1916666666666664,5.2,0.0,750.0,1436.5,109.1,91.69565217391305,2.5152777777777775,47.0,18.837500000000002,2.5666666666666664,29.0,20.3875,2.074074074074074,9.9,7.5625,1.49,4.2,0.9416666666666668,0.42000000000000004,NO2,2.5666666666666664,8,2022,True
2022-08-13,31.2,25.116666666666664,33.875,2.704166666666667,4.5,0.0,806.0,1212.0,113.7,76.54166666666667,2.5791666666666666,38.1,19.095833333333335,2.27,22.4,16.079166666666666,1.7444444444444445,10.4,6.833333333333333,1.54,0.8,0.8000000000000002,0.08000000000000002,O3,2.5791666666666666,8,2022,True
2022-08-14,32.6,25.995833333333334,43.916666666666664,2.4625,3.5,0.0,661.0,1130.0,125.4,96.875,2.7416666666666667,39.0,14.408333333333333,2.3,24.3,18.208333333333332,1.85,14.1,11.745833333333332,1.9100000000000001,0.8,0.8000000000000002,0.08000000000000002,O3,2.7416666666666667,8,2022,True
2022-08-15,26.5,22.929166666666664,56.583333333333336,4.666666666666667,8.2,0.1,354.0,849.0,107.3,76.80833333333334,2.4902777777777776,43.5,26.7625,2.45,34.8,21.458333333333332,2.2888888888888888,15.0,9.520833333333334,2.0,4.7,1.2874999999999999,0.47000000000000003,O3,2.4902777777777776,8,2022,False
2022-08-16,29.7,22.129166666666666,62.208333333333336,2.5625,4.8,0.0,735.0,1109.5,118.6,69.84782608695652,2.647222222222222,61.1,28.479166666666668,3.0275,26.2,14.125,1.9555555555555555,13.0,7.875,1.8,8.4,2.1875,0.8400000000000001,NO2,3.0275,8,2022,False
2022-08-17,29.1,23.133333333333336,53.666666666666664,2.4875,5.1,0.1,396.0,1112.5,117.4,73.025,2.6305555555555555,53.2,33.020833333333336,2.7733333333333334,31.8,19.879166666666666,2.1777777777777776,14.6,9.604166666666666,1.96,4.8,1.2083333333333333,0.48,NO2,2.7733333333333334,8,2022,False
2022-08-18,26.9,21.808333333333334,66.5,2.308333333333333,3.9,0.7999999999999999,213.0,1215.0,122.4,75.52916666666667,2.7,54.8,32.020833333333336,2.8266666666666667,33.0,25.808333333333334,2.2222222222222223,19.9,15.545833333333334,2.3266666666666667,8.7,1.9166666666666667,0.87,NO2,2.8266666666666667,8,2022,False
2022-08-19,29.2,24.458333333333332,51.083333333333336,3.7083333333333335,6.1,0.0,704.0,2246.0,132.3,100.6375,2.8375000000000004,44.5,16.8875,2.4833333333333334,32.0,18.6375,2.185185185185185,15.8,12.191666666666668,2.0533333333333332,1.2,0.8166666666666668,0.12,O3,2.8375000000000004,8,2022,False
2022-08-20,29.7,23.554166666666664,54.416666666666664,4.295833333333333,6.2,0.2,534.0,1986.0,110.2,64.82083333333334,2.5305555555555554,18.3,13.079166666666666,1.415,19.3,10.529166666666667,1.5722222222222222,10.3,5.879166666666666,1.5300000000000002,2.6,1.3208333333333335,0.26,O3,2.5305555555555554,8,2022,False
2022-08-21,28.1,20.625,53.125,1.8291666666666666,3.6,0.0,645.0,2183.0,109.7,74.25416666666666,2.5236111111111112,59.2,23.120833333333334,2.9733333333333336,22.5,13.720833333333333,1.75,15.3,8.741666666666667,2.02,5.9,1.4500000000000002,0.5900000000000001,NO2,2.9733333333333336,8,2022,False
2022-08-22,30.3,24.133333333333336,39.5,2.7541666666666664,4.6,0.0,610.0,2134.0,111.7,80.91250000000001,2.551388888888889,56.0,22.22083333333333,2.8666666666666667,35.4,13.7125,2.311111111111111,10.8,6.3374999999999995,1.58,1.9,0.875,0.19,NO2,2.8666666666666667,8,2022,False
2022-08-23,31.4,24.291666666666668,39.875,2.0791666666666666,3.0,0.0,765.0,2257.0,140.4,84.05833333333334,2.95,69.4,33.40416666666667,3.2350000000000003,27.3,18.195833333333333,2.011111111111111,11.7,8.75,1.67,7.5,1.8916666666666666,0.75,NO2,3.2350000000000003,8,2022,True
2022-08-24,32.2,25.59583333333333,40.625,2.6125,3.8,0.0,764.0,2130.0,140.4,81.85416666666667,2.95,46.3,27.59583333333333,2.543333333333333,32.1,21.712500000000002,2.188888888888889,11.9,8.620833333333334,1.69,2.7,1.0041666666666667,0.27,O3,2.95,8,2022,True
2022-08-25,31.7,25.22083333333333,46.375,2.4916666666666667,3.8,0.0,672.0,2026.0,116.0,81.60434782608696,2.611111111111111,41.1,22.004347826086956,2.37,29.4,20.916666666666668,2.088888888888889,13.1,9.608333333333333,1.81,0.8,0.8,0.08000000000000002,O3,2.611111111111111,8,2022,True
2022-08-26,30.7,24.604166666666668,53.083333333333336,2.904166666666667,6.3,0.0,249.0,1336.0,132.4,73.50833333333334,2.838888888888889,52.9,28.6875,2.763333333333333,50.3,28.25,2.8629629629629627,27.6,15.345833333333333,2.84,1.4,0.8250000000000001,0.13999999999999999,PM10,2.8629629629629627,8,2022,False
2022-08-27,25.3,22.025000000000002,67.125,3.4333333333333336,5.9,10.2,63.0,866.0,91.4,67.70833333333333,2.2694444444444444,24.1,12.3375,1.705,29.0,17.55,2.074074074074074,19.2,10.816666666666668,2.28,0.8,0.8000000000000002,0.08000000000000002,PM2.5,2.28,8,2022,False
2022-08-28,25.9,21.412499999999998,54.208333333333336,3.5666666666666664,5.5,0.0,483.0,1817.0,83.2,68.64583333333333,2.1555555555555554,16.7,8.741666666666667,1.335,14.0,10.895833333333334,1.2777777777777777,8.2,6.254166666666666,1.3199999999999998,0.8,0.8000000000000002,0.08000000000000002,O3,2.1555555555555554,8,2022,False
2022-08-29,27.1,21.166666666666668,44.083333333333336,3.7125,4.7,0.0,771.0,2108.0,97.5,70.42083333333333,2.3541666666666665,28.7,15.5375,1.935,24.1,14.275,1.838888888888889,8.9,5.691666666666666,1.3900000000000001,2.0,0.8500000000000001,0.2,O3,2.3541666666666665,8,2022,False
2022-08-30,29.5,22.837500000000002,41.125,3.0541666666666667,4.3,0.0,659.0,2054.0,108.7,67.40833333333333,2.509722222222222,43.5,22.270833333333332,2.45,23.1,16.254166666666666,1.7833333333333332,7.8,6.175,1.28,0.8,0.8000000000000002,0.08000000000000002,O3,2.509722222222222,8,2022,False
2022-08-31,24.5,21.183333333333334,53.291666666666664,3.2291666666666665,4.2,0.6,220.0,1037.0,85.8,69.00833333333334,2.1916666666666664,35.0,17.287499999999998,2.1666666666666665,26.3,18.3625,1.9611111111111112,11.2,8.470833333333333,1.62,0.8,0.8000000000000002,0.08000000000000002,O3,2.1916666666666664,8,2022,False
2022-09-01,25.6,20.44782608695652,48.608695652173914,2.991304347826087,4.3,0.0,459.0,1747.0,84.9,56.9,2.1791666666666667,40.9,21.37391304347826,2.3633333333333333,29.1,16.460869565217394,2.077777777777778,17.3,7.6695652173913045,2.1533333333333333,1.2,0.8173913043478261,0.12,NO2,2.3633333333333333,9,2022,False
2022-09-02,25.7,20.654166666666665,41.416666666666664,2.9958333333333336,5.2,0.0,657.0,2099.0,93.0,68.81666666666666,2.2916666666666665,31.9,19.016666666666666,2.0633333333333335,18.6,14.325000000000001,1.5333333333333334,9.6,5.7375,1.46,2.0,0.8958333333333334,0.2,O3,2.2916666666666665,9,2022,False
2022-09-03,23.9,18.349999999999998,61.416666666666664,2.4250000000000003,4.7,1.0999999999999999,209.0,1178.0,84.0,61.56666666666666,2.1666666666666665,38.2,20.416666666666668,2.2733333333333334,18.8,10.658333333333333,1.5444444444444445,10.9,5.425,1.59,2.0,0.9041666666666667,0.2,NO2,2.2733333333333334,9,2022,False
2022-09-04,26.7,18.691666666666666,76.875,1.6208333333333333,3.0,0.0,434.0,1604.0,81.6,38.99166666666667,2.1333333333333333,51.6,26.77916666666667,2.72,20.0,9.983333333333333,1.6111111111111112,15.8,6.633333333333333,2.0533333333333332,7.1,1.6666666666666667,0.71,NO2,2.72,9,2022,False
2022-09-05,30.5,21.791666666666668,56.708333333333336,2.1083333333333334,3.3,0.0,487.0,1948.0,102.6,49.862500000000004,2.425,66.5,38.25833333333333,3.1625,22.6,13.495833333333332,1.7555555555555555,7.9,6.204166666666667,1.29,3.1,1.1375,0.31000000000000005,NO2,3.1625,9,2022,False
2022-09-06,29.9,21.9375,62.625,2.6458333333333335,5.9,6.6,567.0,1789.0,109.3,64.78333333333333,2.5180555555555557,61.2,34.166666666666664,3.0300000000000002,34.9,16.95,2.2925925925925927,9.6,6.6499999999999995,1.46,11.9,2.2083333333333335,1.095,NO2,3.0300000000000002,9,2022,False
2022-09-07,26.7,20.679166666666667,73.16666666666667,2.8958333333333335,6.2,1.6,477.0,1643.0,79.8,42.1125,2.1083333333333334,47.2,29.666666666666668,2.5733333333333333,27.3,12.645833333333334,2.011111111111111,9.7,6.083333333333333,1.47,3.0,1.1125,0.30000000000000004,NO2,2.5733333333333333,9,2022,False
2022-09-08,22.1,18.170833333333334,77.95833333333333,4.3625,8.7,10.3,312.0,1347.0,60.9,33.6875,1.7687499999999998,37.5,27.754166666666666,2.25,21.8,9.7375,1.7111111111111112,8.7,5.041666666666667,1.3699999999999999,4.7,1.3875000000000002,0.47000000000000003,NO2,2.25,9,2022,False
2022-09-09,19.6,15.904166666666667,83.95833333333333,3.9625,6.4,5.2,110.0,837.0,54.1,31.445833333333336,1.6270833333333332,54.7,26.379166666666666,2.8233333333333333,14.6,9.091666666666667,1.3111111111111111,5.4,4.116666666666666,1.04,9.6,2.7458333333333336,0.96,NO2,2.8233333333333333,9,2022,False
2022-09-10,20.5,15.495833333333332,88.83333333333333,4.4125000000000005,7.4,15.600000000000001,72.0,793.0,56.5,38.06666666666667,1.6770833333333333,30.3,20.991666666666667,2.0100000000000002,15.7,7.908333333333334,1.3722222222222222,6.2,3.9791666666666665,1.12,12.6,2.8166666666666664,1.13,NO2,2.0100000000000002,9,2022,False
2022-09-11,22.3,17.479166666666668,79.0,2.966666666666667,4.7,3.0,350.0,1295.0,82.2,51.6875,2.1416666666666666,49.1,15.766666666666666,2.6366666666666667,22.9,14.049999999999999,1.7722222222222221,19.8,11.079166666666666,2.3200000000000003,0.8,0.8000000000000002,0.08000000000000002,NO2,2.6366666666666667,9,2022,False
2022-09-12,24.8,17.704166666666666,72.29166666666667,1.6875,2.8,0.0,702.0,1810.0,92.8,40.38333333333333,2.2888888888888888,62.3,28.854166666666668,3.0575,17.5,13.799999999999999,1.4722222222222223,10.8,9.058333333333334,1.58,2.3,0.9833333333333334,0.22999999999999998,NO2,3.0575,9,2022,False
2022-09-13,19.9,15.870833333333332,88.08333333333333,1.6875,2.9,1.2,1.0,539.0,35.7,17.416666666666668,1.2437500000000001,69.9,45.89166666666667,3.2475,53.1,20.7,2.966666666666667,14.7,11.529166666666667,1.97,9.2,2.504166666666667,0.9199999999999999,NO2,3.2475,9,2022,False
2022-09-14,20.8,18.337500000000002,92.95833333333333,2.4,6.4,28.8,0.0,473.0,38.3,17.175,1.2979166666666666,56.8,37.725,2.893333333333333,35.9,14.975,2.3296296296296295,17.2,10.208333333333334,2.1466666666666665,0.8,0.8000000000000002,0.08000000000000002,NO2,2.893333333333333,9,2022,False
2022-09-15,18.9,17.070833333333333,76.41666666666667,3.475,5.3,22.599999999999998,205.0,1101.0,67.7,42.541666666666664,1.9104166666666667,32.8,19.904166666666665,2.0933333333333333,11.9,8.920833333333333,1.1611111111111112,8.8,5.358333333333333,1.3800000000000001,0.8,0.8000000000000002,0.08000000000000002,NO2,2.0933333333333333,9,2022,False
2022-09-16,17.2,14.133333333333333,68.91666666666667,4.483333333333333,7.3,2.8,322.0,1151.0,60.4,47.449999999999996,1.7583333333333333,47.0,21.525000000000002,2.5666666666666664,15.4,7.770833333333333,1.3555555555555556,5.5,3.475,1.05,0.8,0.8000000000000002,0.08000000000000002,NO2,2.5666666666666664,9,2022,False
2022-09-17,15.8,11.295833333333334,75.08333333333333,5.125,8.6,1.3,305.0,1234.0,61.7,46.48333333333333,1.7854166666666667,29.6,15.754166666666668,1.98,13.5,7.254166666666666,1.25,7.4,3.591666666666667,1.24,0.8,0.8000000000000002,0.08000000000000002,NO2,1.98,9,2022,False
2022-09-18,14.2,11.808333333333332,74.54166666666667,6.079166666666667,9.5,1.1,0.0,394.0,55.0,38.704166666666666,1.6458333333333333,29.6,15.904166666666667,1.98,8.3,5.858333333333333,0.9222222222222223,5.1,3.0374999999999996,1.01,2.2,0.9333333333333335,0.22000000000000003,NO2,1.98,9,2022,False
2022-09-19,16.9,12.033333333333333,72.41666666666667,4.783333333333333,6.6,0.1,175.0,951.0,57.2,42.041666666666664,1.6916666666666667,40.6,19.691666666666666,2.3533333333333335,17.7,8.512500000000001,1.4833333333333334,8.2,4.2749999999999995,1.3199999999999998,0.8,0.8000000000000002,0.08000000000000002,NO2,2.3533333333333335,9,2022,False
2022-09-20,15.4,11.770833333333334,74.41666666666667,3.404166666666667,5.0,0.5,305.0,1257.0,62.3,39.37083333333333,1.7979166666666666,40.5,22.629166666666666,2.35,17.3,9.879166666666666,1.4611111111111112,9.2,5.470833333333334,1.42,0.8,0.8000000000000002,0.08000000000000002,NO2,2.35,9,2022,False
2022-09-21,17.5,11.008333333333333,74.95833333333333,1.8708333333333333,2.9,0.0,628.0,1601.0,68.6,26.78333333333333,1.9291666666666665,46.1,26.825,2.5366666666666666,14.8,9.424999999999999,1.3222222222222222,9.2,5.7375,1.42,0.8,0.8000000000000002,0.08000000000000002,NO2,2.5366666666666666,9,2022,False
2022-09-22,18.6,11.9125,67.95833333333333,2.2041666666666666,3.0,0.0,689.0,1719.0,64.3,26.321739130434782,1.8395833333333331,72.0,30.952173913043477,3.3,13.5,9.762500000000001,1.25,8.6,5.45,1.3599999999999999,1.4,0.8260869565217391,0.13999999999999999,NO2,3.3,9,2022,False
2022-09-23,17.6,12.095833333333333,70.33333333333333,2.033333333333333,2.9,0.0,534.0,1411.0,53.3,21.462500000000002,1.6104166666666666,71.9,42.42916666666667,3.2975000000000003,23.8,14.179166666666667,1.8222222222222222,12.5,7.841666666666666,1.75,6.4,1.8333333333333333,0.6400000000000001,NO2,3.2975000000000003,9,2022,False
2022-09-24,18.2,12.737499999999999,80.08333333333333,1.5333333333333332,4.2,4.1,195.0,999.0,66.3,22.079166666666666,1.8812499999999999,61.9,40.5875,3.0475,31.7,19.533333333333335,2.174074074074074,21.7,12.766666666666666,2.4466666666666668,7.3,1.9708333333333332,0.73,NO2,3.0475,9,2022,False
2022-09-25,13.7,12.512500000000001,89.83333333333333,2.2291666666666665,4.1,5.7,0.0,281.0,48.9,32.11666666666667,1.5187499999999998,36.6,19.7625,2.22,15.4,10.0625,1.3555555555555556,13.4,7.470833333333334,1.84,0.8,0.8000000000000002,0.08000000000000002,NO2,2.22,9,2022,False
2022-09-26,14.5,10.420833333333333,85.16666666666667,4.641666666666667,9.2,6.1,156.0,915.0,49.1,22.945833333333336,1.5229166666666667,31.6,24.537499999999998,2.0533333333333332,18.8,12.145833333333334,1.5444444444444445,12.1,7.129166666666666,1.71,3.7,1.2583333333333333,0.37000000000000005,NO2,2.0533333333333332,9,2022,False
2022-09-27,13.3,10.6,80.66666666666667,5.795833333333333,8.2,2.8,137.0,876.0,57.9,36.37083333333333,1.7062499999999998,39.8,23.233333333333334,2.3266666666666667,7.9,5.0249999999999995,0.8777777777777778,3.8,2.433333333333333,0.76,4.0,1.05,0.4,NO2,2.3266666666666667,9,2022,False
2022-09-28,13.2,10.012500000000001,82.0,3.3125,4.9,3.4,210.0,841.0,44.3,29.775000000000002,1.4229166666666666,56.6,28.479166666666668,2.8866666666666667,13.0,6.575,1.2222222222222223,7.8,3.3708333333333336,1.28,0.8,0.8000000000000002,0.08000000000000002,NO2,2.8866666666666667,9,2022,False
2022-09-29,13.6,8.075000000000001,88.54166666666667,1.3083333333333333,2.2,0.0,167.0,806.0,36.5,12.454166666666666,1.2604166666666665,52.7,34.708333333333336,2.756666666666667,28.5,14.4625,2.0555555555555554,23.3,9.204166666666667,2.5533333333333332,7.9,2.091666666666667,0.79,NO2,2.756666666666667,9,2022,False
2022-09-30,16.7,9.516666666666667,79.79166666666667,2.0749999999999997,3.8,0.0,639.0,1501.0,50.3,14.895833333333334,1.5479166666666666,68.3,34.44166666666667,3.2075,25.5,15.945833333333333,1.9166666666666665,15.0,9.504166666666666,2.0,6.6,1.5416666666666667,0.66,NO2,3.2075,9,2022,False
2022-10-01,16.2,11.456521739130435,88.47826086956522,5.317391304347826,8.4,9.1,26.0,362.0,36.3,18.786956521739132,1.2562499999999999,57.6,32.63913043478261,2.92,34.6,12.373913043478263,2.2814814814814817,14.4,7.065217391304348,1.94,3.9,1.2565217391304349,0.39,NO2,2.92,10,2022,False
2022-10-02,14.1,12.799999999999999,94.375,3.983333333333333,5.6,8.3,0.0,266.0,36.8,27.59166666666667,1.2666666666666666,37.0,24.8875,2.2333333333333334,46.6,11.741666666666667,2.725925925925926,11.2,5.433333333333334,1.62,1.6,0.8333333333333334,0.16000000000000003,PM10,2.725925925925926,10,2022,False
2022-10-03,15.8,11.5625,83.83333333333333,2.095833333333333,4.2,0.0,265.0,1041.0,51.9,30.474999999999998,1.5812499999999998,46.3,21.241666666666667,2.543333333333333,30.3,17.770833333333332,2.1222222222222222,13.5,9.620833333333334,1.85,0.8,0.8000000000000002,0.08000000000000002,NO2,2.543333333333333,10,2022,False
2022-10-04,18.3,10.375,86.29166666666667,1.575,2.7,0.0,538.0,1296.0,28.2,6.795833333333333,1.0875,55.2,33.25416666666667,2.84,24.9,16.337500000000002,1.8833333333333333,13.9,9.7875,1.8900000000000001,5.8,1.6583333333333334,0.58,NO2,2.84,10,2022,False
2022-10-05,20.4,12.183333333333332,88.58333333333333,2.9583333333333335,6.5,0.0,292.0,978.0,48.1,11.316666666666668,1.5020833333333332,66.5,34.63333333333333,3.1625,28.3,21.162499999999998,2.0481481481481483,21.2,12.241666666666667,2.413333333333333,2.0,0.9208333333333334,0.2,NO2,3.1625,10,2022,False
2022-10-06,18.9,14.479166666666666,68.66666666666667,3.0041666666666664,4.7,0.0,625.0,1365.0,54.9,31.508333333333336,1.6437499999999998,66.8,32.68333333333333,3.17,23.1,14.387500000000001,1.7833333333333332,10.9,6.6000000000000005,1.59,0.8,0.8000000000000002,0.08000000000000002,NO2,3.17,10,2022,False
2022-10-07,18.8,11.1625,80.04166666666667,1.7291666666666667,2.9,0.0,514.0,1259.0,38.6,11.279166666666667,1.3041666666666667,69.7,40.225,3.2425,26.7,16.4375,1.9833333333333334,14.2,7.604166666666667,1.92,7.6,1.925,0.76,NO2,3.2425,10,2022,False
2022-10-08,16.7,11.858333333333334,80.58333333333333,2.733333333333333,5.0,0.0,306.0,812.0,52.7,19.295833333333334,1.5979166666666667,44.8,30.90416666666667,2.493333333333333,24.9,15.170833333333334,1.8833333333333333,12.8,8.170833333333333,1.7800000000000002,0.8,0.8000000000000002,0.08000000000000002,NO2,2.493333333333333,10,2022,False
2022-10-09,16.8,10.295833333333333,73.04166666666667,2.308333333333333,4.8,0.0,634.0,1372.0,55.5,18.537499999999998,1.65625,52.0,26.366666666666664,2.7333333333333334,21.1,12.762500000000001,1.6722222222222223,16.2,8.579166666666667,2.08,0.8,0.8000000000000002,0.08000000000000002,NO2,2.7333333333333334,10,2022,False
2022-10-10,19.4,11.729166666666666,81.45833333333333,2.2666666666666666,4.2,1.7,480.0,1155.0,46.8,11.616666666666667,1.4749999999999999,61.2,38.608333333333334,3.0300000000000002,40.7,20.3625,2.5074074074074075,16.5,10.516666666666667,2.1,7.5,1.8791666666666667,0.75,NO2,3.0300000000000002,10,2022,False
2022-10-11,15.8,12.270833333333334,69.54166666666667,2.9291666666666667,5.1,0.0,607.0,1220.0,53.3,36.137499999999996,1.6104166666666666,48.5,22.675,2.6166666666666667,27.2,14.829166666666666,2.0074074074074075,14.1,7.316666666666666,1.9100000000000001,0.8,0.8000000000000002,0.08000000000000002,NO2,2.6166666666666667,10,2022,False
2022-10-12,16.6,10.1875,80.25,1.8833333333333335,3.1,0.0,364.0,1043.0,31.6,12.120833333333332,1.1583333333333334,59.4,35.1625,2.98,38.2,19.758333333333333,2.414814814814815,23.5,11.116666666666667,2.5666666666666664,2.9,1.2625,0.29,NO2,2.98,10,2022,False
2022-10-13,14.3,10.391666666666667,95.125,1.8499999999999999,3.7,0.7000000000000001,0.0,382.0,11.2,2.7708333333333335,0.4666666666666666,46.5,33.7875,2.55,35.2,29.40416666666667,2.303703703703704,25.8,20.425,2.72,3.5,1.075,0.35000000000000003,PM2.5,2.72,10,2022,False
2022-10-14,15.4,13.887500000000001,95.29166666666667,3.1916666666666664,4.7,5.300000000000001,0.0,255.0,21.7,10.4,0.9041666666666666,37.9,31.545833333333334,2.263333333333333,24.4,18.966666666666665,1.8555555555555554,18.9,13.512500000000001,2.26,2.2,0.9083333333333333,0.22000000000000003,NO2,2.263333333333333,10,2022,False
2022-10-15,18.3,15.808333333333332,91.91666666666667,3.8166666666666664,5.5,0.9000000000000001,24.0,367.0,28.1,15.991666666666667,1.0854166666666667,28.2,21.491666666666664,1.9100000000000001,13.9,7.5874999999999995,1.2722222222222221,10.0,4.5249999999999995,1.5,1.6,0.8500000000000001,0.16000000000000003,NO2,1.9100000000000001,10,2022,False
2022-10-16,19.8,16.474999999999998,91.16666666666667,2.4166666666666665,4.0,3.5,68.0,498.0,31.4,16.066666666666666,1.1541666666666666,37.4,21.770833333333332,2.2466666666666666,19.0,9.316666666666666,1.5555555555555556,9.9,4.920833333333333,1.49,1.5,0.8791666666666668,0.15000000000000002,NO2,2.2466666666666666,10,2022,False
2022-10-17,23.5,16.1875,86.66666666666667,1.8875,4.3,0.0,558.0,1043.0,42.8,7.958333333333333,1.3916666666666666,66.0,32.083333333333336,3.15,30.8,23.016666666666666,2.140740740740741,14.2,10.058333333333334,1.92,4.6,1.4208333333333334,0.45999999999999996,NO2,3.15,10,2022,False
2022-10-18,19.5,16.616666666666667,93.41666666666667,1.4166666666666667,3.1,6.4,77.0,530.0,32.0,11.745833333333332,1.1666666666666667,55.3,31.858333333333334,2.8433333333333333,67.3,16.05,3.3694444444444445,18.8,7.1499999999999995,2.2533333333333334,0.8,0.8000000000000002,0.08000000000000002,PM10,3.3694444444444445,10,2022,False
2022-10-19,15.3,13.129166666666668,84.95833333333333,2.9499999999999997,4.8,0.0,209.0,685.0,40.5,22.379166666666666,1.34375,37.0,22.043478260869566,2.2333333333333334,22.7,17.2375,1.761111111111111,15.9,10.4375,2.06,0.8,0.8000000000000002,0.08000000000000002,NO2,2.2333333333333334,10,2022,False
2022-10-20,13.2,11.154166666666667,87.20833333333333,2.6875,3.9,1.5,61.0,455.0,27.1,13.995833333333332,1.0645833333333334,34.5,22.8875,2.15,33.4,21.037499999999998,2.237037037037037,23.0,13.958333333333334,2.533333333333333,2.1,0.8791666666666668,0.21000000000000002,PM2.5,2.533333333333333,10,2022,False
2022-10-21,17.4,14.5,95.20833333333333,2.5708333333333333,5.4,10.5,18.0,269.0,16.9,5.05,0.7041666666666666,40.2,30.087500000000002,2.34,65.3,19.991666666666667,3.3138888888888887,21.8,12.295833333333334,2.453333333333333,3.0,1.2791666666666666,0.30000000000000004,PM10,3.3138888888888887,10,2022,False
2022-10-22,19.9,15.470833333333333,84.04166666666667,3.8000000000000003,6.3,0.0,397.0,950.0,47.4,24.65416666666667,1.4874999999999998,58.7,29.825,2.956666666666667,20.9,12.6625,1.661111111111111,12.0,5.891666666666667,1.7000000000000002,2.4,0.9916666666666667,0.24,NO2,2.956666666666667,10,2022,False
2022-10-23,18.7,13.541666666666666,90.25,1.9583333333333333,4.8,7.0,193.0,596.0,18.1,6.220833333333334,0.7541666666666667,35.3,24.604166666666668,2.1766666666666667,21.7,15.545833333333334,1.7055555555555555,10.5,7.3999999999999995,1.55,2.6,0.9375,0.26,NO2,2.1766666666666667,10,2022,False
2022-10-24,20.5,15.433333333333332,81.58333333333333,3.6750000000000003,7.7,0.0,181.0,618.0,46.1,16.2625,1.4604166666666667,47.3,32.237500000000004,2.5766666666666667,31.7,19.379166666666666,2.174074074074074,12.9,8.8375,1.79,2.3,0.9874999999999999,0.22999999999999998,NO2,2.5766666666666667,10,2022,False
2022-10-25,17.9,12.991666666666667,87.20833333333333,3.1958333333333333,6.0,0.0,213.0,631.0,41.2,20.616666666666667,1.3583333333333334,55.8,31.77916666666667,2.86,18.9,12.575000000000001,1.5499999999999998,9.0,5.7124999999999995,1.4,2.0,0.9500000000000001,0.2,NO2,2.86,10,2022,False
2022-10-26,20.1,13.945833333333333,88.54166666666667,2.3000000000000003,4.9,0.2,233.0,633.0,15.4,6.764285714285714,0.6416666666666666,51.2,36.92142857142857,2.706666666666667,49.3,24.392857142857142,2.825925925925926,13.7,10.192857142857141,1.87,1.3,0.8357142857142857,0.13,PM10,2.825925925925926,10,2022,False
2022-10-27,19.9,13.295833333333334,89.41666666666667,1.5875000000000001,3.1,0.0,495.0,899.0,18.4,5.125,0.7666666666666666,61.2,33.25833333333333,3.0300000000000002,31.1,20.3,2.151851851851852,16.3,10.075000000000001,2.086666666666667,6.2,1.4875,0.6200000000000001,NO2,3.0300000000000002,10,2022,False
2022-10-28,21.7,15.8125,85.08333333333333,1.7083333333333333,3.4,0.1,276.0,710.0,13.4,3.2583333333333333,0.5583333333333333,56.2,37.0375,2.8733333333333335,39.9,29.791666666666668,2.477777777777778,21.4,14.237499999999999,2.4266666666666667,7.8,1.825,0.78,NO2,2.8733333333333335,10,2022,False
2022-10-29,18.7,14.1875,91.70833333333333,1.2166666666666666,2.8,0.0,23.0,389.0,11.6,2.3916666666666666,0.4833333333333333,52.2,35.416666666666664,2.74,52.0,37.699999999999996,2.9259259259259256,28.2,18.620833333333334,2.88,2.2,1.0083333333333333,0.22000000000000003,PM10,2.9259259259259256,10,2022,False
2022-10-30,21.2,13.84,89.76,1.244,2.9,0.0,446.0,799.0,18.1,3.872,0.7541666666666667,51.0,31.184,2.7,40.7,33.46,2.5074074074074075,24.2,19.348,2.6133333333333333,16.8,2.844,1.34,NO2,2.7,10,2022,False
2022-10-31,18.5,12.475,89.83333333333333,1.6166666666666665,2.8,0.0,293.0,595.0,16.4,3.8666666666666667,0.6833333333333332,50.0,31.945833333333336,2.6666666666666665,41.8,28.691666666666666,2.5481481481481483,24.9,16.308333333333334,2.66,0.8,0.8000000000000002,0.08000000000000002,NO2,2.6666666666666665,10,2022,False
2022-11-01,17.6,13.356521739130434,79.47826086956522,4.413043478260869,8.5,2.2,367.0,724.0,48.1,18.23913043478261,1.5020833333333332,51.6,33.0304347826087,2.72,30.8,20.217391304347824,2.140740740740741,20.8,11.952173913043477,2.3866666666666667,2.1,0.8826086956521739,0.21000000000000002,NO2,2.72,11,2022,False
2022-11-02,15.5,9.875,81.08333333333333,3.345833333333333,7.8,0.0,436.0,786.0,42.3,18.441666666666666,1.3812499999999999,64.3,36.3375,3.1075,25.7,16.383333333333333,1.9277777777777776,12.7,8.491666666666667,1.77,2.1,0.9916666666666667,0.21000000000000002,NO2,3.1075,11,2022,False
2022-11-03,12.3,8.329166666666667,89.91666666666667,1.4375,3.5,5.2,169.0,475.0,8.6,2.2708333333333335,0.3583333333333333,52.6,39.49166666666667,2.7533333333333334,23.8,18.145833333333332,1.8222222222222222,13.1,10.545833333333333,1.81,2.1,1.075,0.21000000000000002,NO2,2.7533333333333334,11,2022,False
2022-11-04,12.6,10.325000000000001,87.29166666666667,3.0375,6.1,0.1,115.0,487.0,47.5,20.570833333333333,1.4895833333333333,55.7,34.958333333333336,2.856666666666667,18.8,10.9125,1.5444444444444445,11.1,6.066666666666666,1.6099999999999999,3.1,1.1041666666666667,0.31000000000000005,NO2,2.856666666666667,11,2022,False
2022-11-05,11.6,8.875,85.70833333333333,2.7583333333333333,4.9,1.3,206.0,609.0,46.1,25.837500000000002,1.4604166666666667,46.5,27.929166666666664,2.55,18.3,12.620833333333332,1.5166666666666666,14.2,8.945833333333333,1.92,0.8,0.8000000000000002,0.08000000000000002,NO2,2.55,11,2022,False
2022-11-06,11.3,6.8,87.5,2.1416666666666666,5.4,0.0,164.0,558.0,21.6,12.420833333333334,0.9,43.4,31.150000000000002,2.4466666666666668,21.4,15.987499999999999,1.6888888888888887,17.6,12.729166666666666,2.1733333333333333,5.3,1.9333333333333333,0.53,NO2,2.4466666666666668,11,2022,False
2022-11-07,14.2,11.404166666666667,81.70833333333333,4.241666666666666,6.5,0.0,8.0,239.0,36.8,25.120833333333334,1.2666666666666666,48.2,29.854166666666668,2.606666666666667,15.5,11.0625,1.3611111111111112,7.7,6.191666666666666,1.27,7.0,2.2916666666666665,0.7000000000000001,NO2,2.606666666666667,11,2022,False
2022-11-08,15.3,9.283333333333333,86.20833333333333,1.9625000000000001,4.3,0.0,225.0,568.0,11.4,3.1291666666666664,0.475,58.8,40.63333333333333,2.96,24.8,17.616666666666667,1.8777777777777778,16.1,10.366666666666667,2.0733333333333333,4.7,2.0,0.47000000000000003,NO2,2.96,11,2022,False
2022-11-09,15.2,12.508333333333333,90.41666666666667,4.516666666666667,6.3,6.1,145.0,432.0,39.9,21.474999999999998,1.3312499999999998,45.9,31.1125,2.53,20.1,11.879166666666668,1.6166666666666667,14.1,7.4624999999999995,1.9100000000000001,4.4,1.3583333333333334,0.44000000000000006,NO2,2.53,11,2022,False
2022-11-10,13.8,9.154166666666667,88.625,3.4375,5.1,0.0,431.0,633.0,31.5,13.483333333333334,1.15625,48.8,36.025,2.6266666666666665,20.8,15.408333333333333,1.6555555555555554,14.4,8.633333333333333,1.94,2.3,0.9333333333333335,0.22999999999999998,NO2,2.6266666666666665,11,2022,False
2022-11-11,7.1,5.616666666666667,99.54166666666667,1.6458333333333333,2.9,0.0,0.0,231.0,7.4,2.1625,0.30833333333333335,49.0,34.949999999999996,2.6333333333333333,34.6,19.991666666666667,2.2814814814814817,27.1,15.383333333333333,2.8066666666666666,2.6,0.9416666666666668,0.26,PM2.5,2.8066666666666666,11,2022,False
2022-11-12,7.5,5.9624999999999995,97.45833333333333,1.6041666666666667,3.1,0.2,0.0,259.0,4.7,1.3499999999999999,0.19583333333333333,41.0,27.72083333333333,2.3666666666666667,21.5,14.433333333333332,1.6944444444444444,20.8,12.608333333333334,2.3866666666666667,0.8,0.8000000000000002,0.08000000000000002,PM2.5,2.3866666666666667,11,2022,False
2022-11-13,13.4,6.379166666666666,87.83333333333333,1.8583333333333334,2.8,0.0,524.0,714.0,15.1,3.6041666666666665,0.6291666666666667,42.8,24.65833333333333,2.4266666666666667,29.9,13.875,2.107407407407407,24.1,11.491666666666667,2.606666666666667,1.7,0.8958333333333334,0.17,PM2.5,2.606666666666667,11,2022,False
2022-11-14,10.4,6.641666666666667,88.91666666666667,2.091666666666667,4.4,0.0,62.0,306.0,9.7,2.2125,0.4041666666666666,42.1,30.233333333333334,2.4033333333333333,32.6,18.583333333333332,2.2074074074074073,21.9,13.995833333333332,2.46,2.8,1.0208333333333333,0.27999999999999997,PM2.5,2.46,11,2022,False
2022-11-15,13.2,10.225,89.33333333333333,1.7791666666666668,3.2,0.1,40.0,320.0,11.3,3.2083333333333335,0.4708333333333333,54.4,38.86666666666667,2.8133333333333335,27.3,17.641666666666666,2.011111111111111,14.6,11.674999999999999,1.96,4.5,1.8499999999999999,0.45,NO2,2.8133333333333335,11,2022,False
2022-11-16,12.5,10.441666666666666,91.25,2.466666666666667,4.9,6.7,97.0,337.0,37.1,11.70909090909091,1.2729166666666667,57.0,36.926086956521736,2.9,16.6,12.795833333333334,1.4222222222222223,11.6,8.549999999999999,1.6600000000000001,4.3,1.1181818181818182,0.43,NO2,2.9,11,2022,False
2022-11-17,13.5,10.154166666666667,88.375,3.8333333333333335,8.2,4.3,31.0,347.0,39.9,20.837500000000002,1.3312499999999998,48.7,33.69583333333333,2.6233333333333335,13.1,7.95,1.2277777777777779,9.1,5.066666666666666,1.41,4.7,1.2666666666666668,0.47000000000000003,NO2,2.6233333333333335,11,2022,False
2022-11-18,11.4,8.595833333333333,93.45833333333333,2.4458333333333333,4.0,6.4,55.0,263.0,26.9,8.370833333333334,1.0604166666666666,61.0,43.31666666666666,3.025,18.2,12.6,1.511111111111111,13.7,9.133333333333333,1.87,0.8,0.8000000000000002,0.08000000000000002,NO2,3.025,11,2022,False
2022-11-19,7.2,2.8708333333333336,91.41666666666667,3.1625,4.3,5.0,0.0,106.0,21.9,12.133333333333333,0.9124999999999999,44.4,21.566666666666666,2.48,18.8,11.9375,1.5444444444444445,16.8,10.333333333333334,2.12,0.8,0.8000000000000002,0.08000000000000002,NO2,2.48,11,2022,False
2022-11-20,6.2,3.1999999999999997,93.54166666666667,2.2125,6.4,2.1,0.0,168.0,24.3,7.566666666666666,1.00625,40.5,26.079166666666666,2.35,29.5,19.591666666666665,2.0925925925925926,25.0,17.758333333333333,2.6666666666666665,0.8,0.8000000000000002,0.08000000000000002,PM2.5,2.6666666666666665,11,2022,False
2022-11-21,8.4,6.404166666666666,81.29166666666667,4.241666666666666,6.6,0.6,143.0,371.0,45.3,24.775000000000002,1.4437499999999999,58.2,37.94583333333333,2.94,19.2,9.070833333333335,1.5666666666666664,12.2,5.325,1.72,0.8,0.8000000000000002,0.08000000000000002,NO2,2.94,11,2022,False
2022-11-22,8.5,6.804166666666667,86.41666666666667,4.375,7.1,1.4,18.0,279.0,45.1,28.733333333333334,1.4395833333333332,50.6,28.974999999999998,2.6866666666666665,12.7,8.258333333333333,1.2055555555555555,8.7,5.370833333333334,1.3699999999999999,5.7,1.5083333333333335,0.5700000000000001,NO2,2.6866666666666665,11,2022,False
2022-11-23,10.4,7.4624999999999995,82.45833333333333,3.8166666666666664,5.4,3.0,374.0,557.0,47.2,23.46666666666667,1.4833333333333334,70.1,35.30833333333333,3.2525,18.5,9.6625,1.5277777777777777,9.5,5.7749999999999995,1.45,5.1,2.0791666666666666,0.51,NO2,3.2525,11,2022,False
2022-11-24,11.9,7.079166666666667,87.25,3.5625,7.3,0.0,233.0,444.0,42.6,18.391666666666666,1.3875,63.9,40.266666666666666,3.0975,25.2,13.5875,1.9,16.8,8.016666666666667,2.12,2.9,0.8875000000000001,0.29,NO2,3.0975,11,2022,False
2022-11-25,9.6,5.120833333333334,94.5,2.0500000000000003,4.3,0.30000000000000004,134.0,357.0,9.0,2.65,0.375,48.3,38.858333333333334,2.61,25.2,19.837500000000002,1.9,17.2,13.870833333333332,2.1466666666666665,2.6,1.1625,0.26,NO2,2.61,11,2022,False
2022-11-26,7.4,4.345833333333333,92.83333333333333,2.2041666666666666,4.7,0.0,12.0,382.0,20.3,8.1375,0.8458333333333333,44.6,38.675000000000004,2.486666666666667,21.7,16.033333333333335,1.7055555555555555,14.8,10.9125,1.98,1.4,0.8624999999999999,0.13999999999999999,NO2,2.486666666666667,11,2022,False
2022-11-27,7.1,4.5125,88.75,1.5958333333333332,2.5,0.0,93.0,362.0,32.2,14.695833333333333,1.1708333333333334,40.1,25.84166666666667,2.336666666666667,25.0,15.854166666666666,1.8888888888888888,21.0,13.458333333333334,2.4,3.3,1.3458333333333332,0.33,PM2.5,2.4,11,2022,False
2022-11-28,6.6,5.158333333333333,88.125,1.4333333333333333,3.2,1.5,0.0,154.0,13.2,4.5375,0.5499999999999999,36.7,29.895833333333332,2.2233333333333336,25.7,18.5125,1.9277777777777776,21.2,15.066666666666668,2.413333333333333,5.3,1.6125,0.53,PM2.5,2.413333333333333,11,2022,False
2022-11-29,8.3,6.870833333333334,97.625,0.9208333333333334,1.9,2.3,0.0,91.0,1.4,0.7124999999999999,0.05833333333333333,38.9,31.662499999999998,2.296666666666667,39.4,23.729166666666668,2.4592592592592593,29.9,20.337500000000002,2.993333333333333,2.6,1.4041666666666668,0.26,PM2.5,2.993333333333333,11,2022,False
2022-11-30,7.9,6.820833333333333,95.20833333333333,1.25,1.9,1.0,0.0,96.0,3.5,1.1458333333333333,0.14583333333333331,37.7,30.454166666666666,2.256666666666667,28.2,21.25,2.0444444444444443,23.9,17.8625,2.5933333333333333,2.1,0.8958333333333334,0.21000000000000002,PM2.5,2.5933333333333333,11,2022,False
2022-12-01,5.8,4.6,82.43478260869566,3.0478260869565217,5.4,0.1,47.0,201.0,27.3,19.395652173913046,1.06875,30.6,21.91304347826087,2.02,26.6,21.139130434782608,1.9777777777777779,23.6,18.343478260869567,2.5733333333333333,0.8,0.8,0.08000000000000002,PM2.5,2.5733333333333333,12,2022,False
2022-12-02,4.1,2.7125,85.79166666666667,4.454166666666667,5.6,0.1,0.0,129.0,18.1,8.75,0.7541666666666667,25.6,20.604166666666668,1.7800000000000002,26.9,17.599999999999998,1.9944444444444445,25.1,16.041666666666668,2.6733333333333333,0.8,0.8000000000000002,0.08000000000000002,PM2.5,2.6733333333333333,12,2022,False
2022-12-03,2.7,1.8833333333333335,84.08333333333333,3.775,4.4,0.0,0.0,98.0,15.9,8.854166666666666,0.6625,24.8,19.8625,1.7400000000000002,23.6,17.316666666666666,1.8111111111111111,21.1,15.558333333333332,2.4066666666666667,0.8,0.8000000000000002,0.08000000000000002,PM2.5,2.4066666666666667,12,2022,False
2022-12-04,3.0,2.341666666666667,82.875,3.7375000000000003,4.7,0.8,0.0,78.0,18.2,10.304166666666667,0.7583333333333333,24.5,18.287499999999998,1.725,21.9,16.5625,1.7166666666666666,20.6,15.575000000000001,2.3733333333333335,0.8,0.8000000000000002,0.08000000000000002,PM2.5,2.3733333333333335,12,2022,False
2022-12-05,4.4,3.2083333333333335,96.08333333333333,2.5416666666666665,3.9,2.1,0.0,91.0,4.6,1.7583333333333335,0.19166666666666665,31.1,24.933333333333334,2.0366666666666666,22.4,17.941666666666666,1.7444444444444445,20.3,16.183333333333334,2.3533333333333335,2.0,0.9458333333333333,0.2,PM2.5,2.3533333333333335,12,2022,False
2022-12-06,5.2,3.9333333333333336,87.375,2.8125,4.0,0.0,0.0,187.0,4.8,1.9791666666666667,0.19999999999999998,34.1,23.474999999999998,2.1366666666666667,17.6,10.904166666666667,1.4777777777777779,11.8,7.0625,1.6800000000000002,1.2,0.8166666666666668,0.12,NO2,2.1366666666666667,12,2022,False
2022-12-07,6.4,3.9625,85.0,3.5708333333333333,5.8,0.0,106.0,293.0,40.7,16.770833333333332,1.3479166666666667,56.4,36.71666666666667,2.88,17.4,13.126086956521737,1.4666666666666666,13.3,8.68695652173913,1.83,0.8,0.8000000000000002,0.08000000000000002,NO2,2.88,12,2022,False
2022-12-08,5.5,3.420833333333333,86.5,3.8125,5.2,0.2,31.0,243.0,30.0,16.858333333333334,1.125,46.8,32.125,2.56,20.4,15.291666666666666,1.6333333333333333,16.1,11.112499999999999,2.0733333333333333,5.5,1.7708333333333333,0.55,NO2,2.56,12,2022,False
2022-12-09,3.3,1.8541666666666667,84.95833333333333,2.6666666666666665,5.3,0.0,26.0,293.0,38.5,15.679166666666667,1.3020833333333333,42.9,31.470833333333335,2.4299999999999997,23.9,17.495833333333334,1.8277777777777775,20.1,14.170833333333334,2.34,0.8,0.8000000000000002,0.08000000000000002,NO2,2.4299999999999997,12,2022,False
2022-12-10,2.9,-0.46666666666666673,82.875,2.308333333333333,4.3,0.0,135.0,326.0,32.6,20.758333333333333,1.1791666666666667,45.7,29.900000000000002,2.5233333333333334,24.3,17.629166666666666,1.85,20.4,14.433333333333332,2.36,0.8,0.8000000000000002,0.08000000000000002,NO2,2.5233333333333334,12,2022,False
2022-12-11,-0.4,-1.6875,92.0,1.3166666666666667,2.3,0.0,0.0,106.0,5.9,2.4833333333333334,0.24583333333333335,46.2,40.02916666666667,2.54,38.7,29.245833333333334,2.4333333333333336,32.0,26.979166666666668,3.1,1.3,0.8416666666666668,0.13,PM2.5,3.1,12,2022,False
2022-12-12,0.8,-1.0833333333333333,89.91666666666667,1.5625,2.5,0.0,10.0,201.0,3.8,1.2249999999999999,0.15833333333333333,52.8,40.87083333333333,2.76,39.7,32.762499999999996,2.4703703703703703,35.8,29.96666666666667,3.29,2.9,1.1958333333333333,0.29,PM2.5,3.29,12,2022,False
2022-12-13,-1.6,-4.058333333333334,82.5,2.5083333333333333,3.0,0.0,402.0,491.0,23.5,6.704166666666667,0.9791666666666666,50.2,37.770833333333336,2.6733333333333333,29.2,23.804166666666664,2.0814814814814815,28.2,21.75,2.88,0.8,0.8000000000000002,0.08000000000000002,PM2.5,2.88,12,2022,False
2022-12-14,-1.6,-3.3791666666666664,82.25,2.2958333333333334,3.7,0.9,0.0,147.0,25.2,13.033333333333333,1.025,66.7,37.595652173913045,3.1675,47.6,21.90416666666667,2.762962962962963,27.6,15.616666666666667,2.84,2.8,1.0166666666666668,0.27999999999999997,NO2,3.1675,12,2022,False
2022-12-15,-3.2,-4.933333333333334,90.75,2.1416666666666666,3.4,0.0,0.0,183.0,17.3,4.0375000000000005,0.7208333333333333,57.9,44.76666666666667,2.9299999999999997,38.8,27.066666666666666,2.4370370370370367,35.5,25.079166666666666,3.275,2.5,0.9125000000000001,0.25,PM2.5,3.275,12,2022,False
2022-12-16,-0.1,-5.466666666666666,83.83333333333333,2.875,5.1,0.0,440.0,516.0,43.2,8.991666666666667,1.4,72.0,53.925000000000004,3.3,31.1,18.091666666666665,2.151851851851852,28.3,15.950000000000001,2.8866666666666667,3.2,1.7125000000000001,0.32000000000000006,NO2,3.3,12,2022,False
2022-12-17,-5.4,-7.779166666666666,92.29166666666667,1.4875,2.4,0.0,0.0,174.0,14.6,3.775,0.6083333333333333,59.1,48.62916666666666,2.97,28.9,22.77916666666667,2.0703703703703704,27.7,21.541666666666668,2.8466666666666667,1.5,0.8458333333333333,0.15000000000000002,NO2,2.97,12,2022,False
2022-12-18,-3.2,-6.283333333333334,86.875,2.3541666666666665,3.3,0.0,267.0,414.0,20.7,6.233333333333333,0.8624999999999999,54.0,39.574999999999996,2.8,36.6,22.09333333333333,2.3555555555555556,35.7,21.553333333333335,3.285,0.8,0.8000000000000002,0.08000000000000002,PM2.5,3.285,12,2022,False
2022-12-19,0.8,-0.8166666666666668,91.58333333333333,0.9958333333333332,1.5,2.0,0.0,61.0,16.2,4.729166666666667,0.6749999999999999,71.3,46.630434782608695,3.2824999999999998,,,,,,,5.5,2.1125000000000003,0.55,NO2,3.2824999999999998,12,2022,False
2022-12-20,5.5,2.3291666666666666,96.79166666666667,1.1208333333333333,1.6,3.6,0.0,155.0,1.3,0.7695652173913043,0.05416666666666667,68.6,56.68260869565218,3.215,50.2,44.87692307692308,2.859259259259259,42.0,36.223076923076924,3.6,5.8,4.108695652173913,0.58,PM2.5,3.6,12,2022,False
2022-12-21,11.4,8.616666666666667,95.08333333333333,3.8874999999999997,5.7,3.7,68.0,215.0,10.1,2.329166666666667,0.4208333333333333,64.6,49.770833333333336,3.1149999999999998,38.2,19.145833333333332,2.414814814814815,33.2,15.604166666666666,3.16,3.2,1.7291666666666667,0.32000000000000006,PM2.5,3.16,12,2022,False
2022-12-22,11.3,9.966666666666667,93.625,5.825,7.8,11.9,4.0,94.0,37.9,23.825,1.2895833333333333,50.2,36.016666666666666,2.6733333333333333,14.4,7.825,1.3,10.5,5.479166666666667,1.55,4.2,1.8083333333333333,0.42000000000000004,NO2,2.6733333333333333,12,2022,False
2022-12-23,12.4,10.016666666666667,94.04166666666667,3.6291666666666664,7.2,17.0,0.0,68.0,49.6,15.241666666666667,1.5333333333333332,59.4,40.8375,2.98,14.0,7.7625,1.2777777777777777,10.9,5.833333333333333,1.59,4.7,1.3041666666666667,0.47000000000000003,NO2,2.98,12,2022,False
2022-12-24,11.8,10.058333333333334,84.54166666666667,4.533333333333333,6.5,0.8999999999999999,46.0,191.0,63.7,36.86666666666667,1.8270833333333334,47.1,27.099999999999998,2.5700000000000003,17.9,12.5875,1.4944444444444445,13.8,8.866666666666667,1.8800000000000001,0.8,0.8000000000000002,0.08000000000000002,NO2,2.5700000000000003,12,2022,False
2022-12-25,11.4,9.283333333333333,94.0,1.8833333333333335,4.3,0.4,14.0,191.0,14.4,7.0125,0.6,45.0,34.55833333333333,2.5,19.0,15.316666666666668,1.5555555555555556,15.2,11.854166666666666,2.013333333333333,1.3,0.8583333333333334,0.13,NO2,2.5,12,2022,False
2022-12-26,12.2,10.470833333333333,80.0,5.445833333333333,7.0,6.1,0.0,111.0,52.6,36.737500000000004,1.5958333333333332,34.6,21.083333333333332,2.1533333333333333,11.6,6.995833333333334,1.1444444444444444,9.2,4.645833333333333,1.42,5.1,1.3833333333333335,0.51,NO2,2.1533333333333333,12,2022,False
2022-12-27,6.6,3.641666666666667,84.33333333333333,4.1375,6.0,0.0,352.0,388.0,56.2,33.44166666666667,1.6708333333333334,47.5,31.429166666666664,2.5833333333333335,14.9,9.637500000000001,1.3277777777777777,10.0,5.966666666666666,1.5,4.4,1.2916666666666667,0.44000000000000006,NO2,2.5833333333333335,12,2022,False
2022-12-28,9.4,6.604166666666667,80.29166666666667,5.370833333333334,8.7,0.0,0.0,133.0,35.6,21.058333333333334,1.2416666666666667,45.1,33.49583333333333,2.5033333333333334,18.3,11.833333333333334,1.5166666666666666,13.5,8.320833333333333,1.85,5.7,2.2125,0.5700000000000001,NO2,2.5033333333333334,12,2022,False
2022-12-29,12.3,10.870833333333332,73.75,8.325000000000001,11.5,4.1,24.0,195.0,62.2,43.15,1.7958333333333334,38.3,24.891666666666666,2.2766666666666664,16.3,8.475,1.4055555555555554,6.6,4.358333333333333,1.16,2.6,0.9500000000000001,0.26,NO2,2.2766666666666664,12,2022,False
2022-12-30,11.4,8.058333333333334,84.20833333333333,4.743478260869565,8.1,1.0999999999999999,127.0,249.0,44.7,29.150000000000002,1.43125,43.2,30.837500000000002,2.44,14.0,8.887500000000001,1.2777777777777777,8.4,5.2124999999999995,1.34,1.5,0.875,0.15000000000000002,NO2,2.44,12,2022,False
2022-12-31,17.5,15.483333333333334,69.58333333333333,8.429166666666667,11.4,0.0,170.0,307.0,47.0,32.025,1.4791666666666665,38.1,26.087500000000002,2.27,22.0,8.454166666666667,1.7222222222222223,11.2,4.6375,1.62,1.9,0.8833333333333333,0.19,NO2,2.27,12,2022,False
2023-01-01,15.0,12.18695652173913,74.78260869565217,3.3000000000000003,6.2,0.0,10.0,203.0,37.2,17.82608695652174,1.275,55.5,34.29130434782609,2.85,232.3,40.98695652173913,5.0,185.2,27.92173913043478,5.0,15.3,1.9130434782608696,1.2650000000000001,PM10,5.0,1,2023,False
2023-01-02,13.6,10.320833333333333,82.5,3.7583333333333333,8.2,1.9,0.0,67.0,39.6,14.408333333333333,1.325,49.2,41.90833333333333,2.64,36.9,22.849999999999998,2.3666666666666667,18.7,10.9375,2.2466666666666666,2.3,1.0916666666666666,0.22999999999999998,NO2,2.64,1,2023,False
2023-01-03,9.2,5.454166666666667,92.33333333333333,2.7291666666666665,5.4,0.0,111.0,126.5,29.9,11.279166666666667,1.1229166666666666,59.1,43.824999999999996,2.97,21.0,12.475,1.6666666666666665,11.8,7.7375,1.6800000000000002,2.2,1.0291666666666668,0.22000000000000003,NO2,2.97,1,2023,False
2023-01-04,10.5,7.566666666666666,88.375,6.954166666666667,10.1,1.4000000000000001,0.0,23.0,40.5,25.5625,1.34375,50.3,30.708333333333332,2.6766666666666667,17.3,9.65,1.4611111111111112,11.7,6.8999999999999995,1.67,8.1,2.4458333333333333,0.81,NO2,2.6766666666666667,1,2023,False
2023-01-05,12.2,10.870833333333332,79.5,6.445833333333333,9.3,0.7999999999999999,21.0,219.0,63.0,35.50833333333333,1.8125,47.2,31.116666666666664,2.5733333333333333,17.3,11.570833333333333,1.4611111111111112,9.4,6.316666666666666,1.44,1.8,0.9083333333333333,0.18000000000000002,NO2,2.5733333333333333,1,2023,False
2023-01-06,11.9,10.483333333333333,83.29166666666667,5.1875,6.9,0.0,66.0,217.0,48.6,31.925,1.5125,51.5,30.691666666666666,2.716666666666667,15.3,8.370833333333334,1.35,10.9,4.804166666666666,1.59,5.2,1.175,0.52,NO2,2.716666666666667,1,2023,False
2023-01-07,10.7,9.112499999999999,78.125,3.125,5.0,0.0,0.0,142.0,45.6,29.15416666666667,1.45,59.0,31.866666666666664,2.966666666666667,18.3,8.291666666666666,1.5166666666666666,13.5,5.216666666666667,1.85,5.3,1.5875000000000001,0.53,NO2,2.966666666666667,1,2023,False
2023-01-08,9.7,8.6875,88.70833333333333,4.358333333333333,5.4,4.4,18.0,171.0,43.3,31.016666666666666,1.4020833333333331,48.4,28.1125,2.6133333333333333,18.1,9.195833333333333,1.5055555555555555,12.8,6.5625,1.7800000000000002,3.0,0.9583333333333334,0.30000000000000004,NO2,2.6133333333333333,1,2023,False
2023-01-09,8.5,7.320833333333333,83.125,6.1125,8.5,2.7,50.0,217.0,52.8,37.3375,1.5999999999999999,52.9,34.262499999999996,2.763333333333333,9.3,6.5249999999999995,1.0166666666666666,6.2,3.8000000000000003,1.12,1.2,0.8166666666666668,0.12,NO2,2.763333333333333,1,2023,False
2023-01-10,7.3,5.708333333333333,79.20833333333333,4.716666666666667,6.8,1.2,171.0,308.0,51.9,36.71666666666667,1.5812499999999998,51.5,31.400000000000002,2.716666666666667,19.6,11.775,1.588888888888889,9.1,6.1375,1.41,6.1,1.1208333333333333,0.61,NO2,2.716666666666667,1,2023,False
2023-01-11,10.2,7.970833333333334,86.875,5.091666666666667,6.9,3.4000000000000004,0.0,124.0,54.9,34.72083333333333,1.6437499999999998,49.2,30.6875,2.64,13.4,8.8125,1.2444444444444445,7.6,5.258333333333334,1.26,5.7,1.8833333333333335,0.5700000000000001,NO2,2.64,1,2023,False
2023-01-12,10.2,9.2125,80.0,9.258333333333333,11.1,0.0,0.0,51.0,62.7,44.52916666666667,1.80625,44.9,23.84583333333333,2.4966666666666666,11.6,7.958333333333333,1.1444444444444444,6.5,4.441666666666666,1.15,3.2,1.1416666666666668,0.32000000000000006,NO2,2.4966666666666666,1,2023,False
2023-01-13,10.7,9.012500000000001,77.54166666666667,8.695833333333333,11.0,0.0,244.0,414.0,62.7,45.791666666666664,1.80625,49.1,32.3,2.6366666666666667,13.3,7.3,1.238888888888889,6.2,3.6625,1.12,0.8,0.8000000000000002,0.08000000000000002,NO2,2.6366666666666667,1,2023,False
2023-01-14,10.2,7.804166666666667,82.04166666666667,6.570833333333333,8.7,1.2,0.0,81.0,53.0,41.175000000000004,1.6041666666666665,37.0,28.15416666666667,2.2333333333333334,14.6,9.604166666666666,1.3111111111111111,7.7,5.683333333333334,1.27,6.5,2.1666666666666665,0.65,NO2,2.2333333333333334,1,2023,False
2023-01-15,10.2,6.591666666666666,82.41666666666667,6.531818181818181,8.5,8.0,43.0,193.0,83.6,58.604166666666664,2.161111111111111,36.8,21.05,2.2266666666666666,9.5,5.133333333333334,1.0277777777777777,4.8,2.8166666666666664,0.96,3.2,1.3541666666666667,0.32000000000000006,NO2,2.2266666666666666,1,2023,False
2023-01-16,7.1,5.083333333333333,78.04166666666667,5.70952380952381,10.4,2.1999999999999997,13.0,187.0,61.0,50.04583333333333,1.7708333333333333,36.2,23.745833333333334,2.2066666666666666,8.6,5.3999999999999995,0.9555555555555555,4.7,2.970833333333333,0.9400000000000001,2.0,0.875,0.2,NO2,2.2066666666666666,1,2023,False
2023-01-17,4.7,2.875,70.70833333333333,4.204166666666667,11.8,0.0,0.0,451.0,66.4,33.75,1.8833333333333333,64.5,37.80416666666667,3.1125,15.8,10.308333333333334,1.3777777777777778,8.8,6.041666666666667,1.3800000000000001,1.7,0.8958333333333334,0.17,NO2,3.1125,1,2023,False
2023-01-18,3.1,0.7291666666666666,72.70833333333333,2.6666666666666665,4.7,0.0,212.0,423.0,53.5,29.962500000000002,1.6145833333333333,72.3,36.666666666666664,3.3075,29.4,15.487499999999999,2.088888888888889,19.1,9.1875,2.2733333333333334,7.1,2.033333333333333,0.71,NO2,3.3075,1,2023,False
2023-01-19,2.7,-0.08333333333333333,88.83333333333333,3.654166666666667,5.7,0.0,118.0,298.0,31.2,11.679166666666667,1.15,56.1,43.18333333333334,2.87,21.1,18.308333333333334,1.6722222222222223,15.9,13.133333333333333,2.06,4.6,1.6416666666666666,0.45999999999999996,NO2,2.87,1,2023,False
2023-01-20,2.4,-0.39166666666666666,93.16666666666667,1.4541666666666666,2.7,4.2,190.0,413.0,9.9,3.9375,0.4125,58.7,48.95416666666667,2.956666666666667,31.9,22.1125,2.1814814814814816,24.5,17.8875,2.6333333333333333,2.3,1.0958333333333334,0.22999999999999998,NO2,2.956666666666667,1,2023,False
2023-01-21,1.5,-0.23333333333333336,82.70833333333333,4.2749999999999995,7.3,0.30000000000000004,99.0,284.0,54.1,33.9375,1.6270833333333332,63.1,24.233333333333334,3.0775,20.1,14.720833333333333,1.6166666666666667,16.7,12.016666666666666,2.1133333333333333,0.8,0.8000000000000002,0.08000000000000002,NO2,3.0775,1,2023,False
2023-01-22,2.8,2.0166666666666666,78.875,4.958333333333333,6.9,0.0,0.0,213.0,55.1,42.645833333333336,1.6479166666666667,20.6,11.595833333333333,1.5300000000000002,10.3,6.883333333333333,1.0722222222222222,8.3,5.404166666666666,1.33,0.8,0.8000000000000002,0.08000000000000002,O3,1.6479166666666667,1,2023,False
2023-01-23,4.5,2.4,78.04166666666667,4.2375,7.0,0.0,136.0,350.0,31.6,21.433333333333334,1.1583333333333334,26.5,18.966666666666665,1.8250000000000002,23.2,11.908333333333333,1.7888888888888888,10.4,8.045833333333333,1.54,0.8,0.8000000000000002,0.08000000000000002,NO2,1.8250000000000002,1,2023,False
2023-01-24,3.0,2.3666666666666667,78.75,3.295833333333333,4.8,0.0,0.0,99.0,34.1,25.229166666666668,1.2104166666666667,36.2,23.916666666666668,2.2066666666666666,26.0,16.325,1.9444444444444444,13.3,11.579166666666666,1.83,0.8,0.8000000000000002,0.08000000000000002,NO2,2.2066666666666666,1,2023,False
2023-01-25,2.3,1.2625,87.08333333333333,1.6375,2.6,0.0,0.0,67.0,37.1,22.912499999999998,1.2729166666666667,42.9,26.162499999999998,2.4299999999999997,24.0,17.150000000000002,1.8333333333333333,19.0,13.908333333333333,2.2666666666666666,0.8,0.8000000000000002,0.08000000000000002,NO2,2.4299999999999997,1,2023,False
2023-01-26,0.2,-0.5125000000000001,89.125,1.9791666666666667,3.3,0.1,0.0,160.0,26.9,14.533333333333333,1.0604166666666666,45.7,31.670833333333334,2.5233333333333334,35.1,16.6875,2.3,15.1,10.845833333333333,2.006666666666667,0.8,0.8000000000000002,0.08000000000000002,NO2,2.5233333333333334,1,2023,False
2023-01-27,4.2,2.4791666666666665,85.375,3.283333333333333,5.6,0.2,0.0,130.0,49.3,13.012500000000001,1.5270833333333331,41.7,29.099999999999998,2.39,20.9,9.741666666666667,1.661111111111111,15.4,7.0249999999999995,2.026666666666667,0.8,0.8000000000000002,0.08000000000000002,NO2,2.39,1,2023,False
2023-01-28,3.1,1.8625,72.91666666666667,3.9375,5.7,0.0,0.0,0.0,56.8,49.0,1.6833333333333331,41.4,18.895833333333332,2.38,23.6,11.35,1.8111111111111111,10.1,5.870833333333334,1.51,0.8,0.8000000000000002,0.08000000000000002,NO2,2.38,1,2023,False
2023-01-29,1.0,-0.6583333333333333,74.45833333333333,2.5708333333333333,4.6,0.0,201.0,432.0,53.1,36.725,1.60625,53.4,29.108333333333334,2.78,26.0,20.416666666666668,1.9444444444444444,19.6,12.970833333333333,2.3066666666666666,2.8,0.9,0.27999999999999997,NO2,2.78,1,2023,False
2023-01-30,6.7,3.5875,77.125,6.666666666666667,9.0,0.1,43.0,272.0,40.5,29.77916666666667,1.34375,46.0,32.483333333333334,2.533333333333333,24.3,16.095833333333335,1.85,19.5,11.158333333333333,2.3,1.4,0.8416666666666667,0.13999999999999999,NO2,2.533333333333333,1,2023,False
2023-01-31,5.7,4.0874999999999995,82.0,6.795833333333333,10.1,0.4,19.0,223.0,47.0,26.941666666666666,1.4791666666666665,52.9,34.75833333333333,2.763333333333333,29.7,14.678260869565218,2.1,11.7,8.539130434782608,1.67,2.5,0.9874999999999999,0.25,NO2,2.763333333333333,1,2023,False
2023-02-01,7.8,6.552173913043478,74.95652173913044,7.647368421052632,10.9,0.5,90.0,0.0,61.5,43.96086956521739,1.78125,49.9,26.895652173913046,2.663333333333333,31.8,14.517391304347825,2.1777777777777776,9.6,6.869565217391305,1.46,1.8,0.8652173913043479,0.18000000000000002,NO2,2.663333333333333,2,2023,False
2023-02-02,9.7,8.170833333333333,73.875,7.3374999999999995,9.9,0.0,11.0,205.0,64.4,45.291666666666664,1.8416666666666668,48.0,29.325,2.6,20.5,8.3375,1.6388888888888888,7.4,4.795833333333333,1.24,1.8,0.9,0.18000000000000002,NO2,2.6,2,2023,False
2023-02-03,9.7,8.520833333333334,79.0,7.820833333333333,10.7,0.9,0.0,0.0,57.3,41.56666666666667,1.6937499999999999,50.3,32.145833333333336,2.6766666666666667,18.8,9.620833333333334,1.5444444444444445,7.6,4.658333333333333,1.26,0.8,0.8000000000000002,0.08000000000000002,NO2,2.6766666666666667,2,2023,False
2023-02-04,9.0,7.2625,68.33333333333333,2.7875,5.7,0.0,123.0,507.0,66.1,50.525,1.8770833333333332,53.5,23.879166666666666,2.783333333333333,24.6,16.783333333333335,1.8666666666666667,15.9,9.404166666666667,2.06,0.8,0.8000000000000002,0.08000000000000002,NO2,2.783333333333333,2,2023,False
2023-02-05,4.9,3.4416666666666664,92.29166666666667,1.7208333333333332,3.1,3.9,0.0,126.0,16.4,7.033333333333334,0.6833333333333332,53.5,38.579166666666666,2.783333333333333,19.4,14.954166666666666,1.5777777777777775,15.5,11.670833333333334,2.033333333333333,0.8,0.8000000000000002,0.08000000000000002,NO2,2.783333333333333,2,2023,False
2023-02-06,6.6,3.7083333333333335,77.16666666666667,4.207692307692307,5.6,0.7,342.0,694.0,61.7,35.454166666666666,1.7854166666666667,46.8,23.099999999999998,2.56,16.0,11.379166666666668,1.3888888888888888,10.9,7.791666666666667,1.59,0.8,0.8000000000000002,0.08000000000000002,NO2,2.56,2,2023,False
2023-02-07,4.3,1.05,65.625,2.857894736842105,3.8,0.0,547.0,720.0,49.8,27.5125,1.5374999999999999,64.6,30.587500000000002,3.1149999999999998,39.3,16.716666666666665,2.4555555555555553,29.2,12.008333333333333,2.9466666666666668,1.5,0.8666666666666667,0.15000000000000002,NO2,3.1149999999999998,2,2023,False
2023-02-08,5.0,-0.2833333333333334,62.833333333333336,2.3249999999999997,3.2,0.0,552.0,890.0,49.6,14.433333333333335,1.5333333333333332,74.7,45.94583333333333,3.3675,31.3,22.6875,2.1592592592592594,20.2,15.795833333333334,2.3466666666666667,2.5,1.1624999999999999,0.25,NO2,3.3675,2,2023,False
2023-02-09,3.1,-1.9749999999999999,72.33333333333333,1.7750000000000001,2.5,0.0,523.0,734.0,28.8,8.76086956521739,1.1,71.8,57.28695652173913,3.295,47.1,33.387499999999996,2.7444444444444445,33.0,23.770833333333332,3.15,4.9,2.1,0.49000000000000005,NO2,3.295,2,2023,False
2023-02-10,5.2,-0.029166666666666716,79.25,2.3041666666666667,3.6,0.0,97.0,572.0,17.8,4.2250000000000005,0.7416666666666667,77.0,55.52916666666667,3.425,66.3,47.541666666666664,3.341666666666667,45.0,34.47083333333333,3.75,6.7,2.8125,0.67,PM2.5,3.75,2,2023,False
2023-02-11,7.2,3.779166666666667,81.58333333333333,3.404166666666667,5.0,0.0,9.0,329.0,21.3,8.533333333333333,0.8875,61.4,49.44166666666666,3.035,57.5,37.170833333333334,3.0972222222222223,40.1,27.84583333333333,3.505,2.3,1.2083333333333333,0.22999999999999998,PM2.5,3.505,2,2023,False
2023-02-12,9.5,6.791666666666667,85.91666666666667,1.7666666666666666,3.9,0.0,43.0,394.0,43.9,13.679166666666667,1.4145833333333333,53.6,36.975,2.7866666666666666,39.8,26.6375,2.474074074074074,33.3,21.991666666666664,3.165,0.8,0.8000000000000002,0.08000000000000002,PM2.5,3.165,2,2023,False
2023-02-13,12.2,6.341666666666666,78.79166666666667,2.0375,3.0,0.0,566.0,957.0,50.7,20.908333333333335,1.55625,61.0,39.84166666666667,3.025,24.4,17.1375,1.8555555555555554,16.6,12.066666666666668,2.106666666666667,4.0,1.3,0.4,NO2,3.025,2,2023,False
2023-02-14,3.6,1.1500000000000001,92.95833333333333,1.5958333333333332,2.4,0.0,77.0,313.0,23.5,7.4125000000000005,0.9791666666666666,56.8,40.829166666666666,2.893333333333333,41.2,25.162499999999998,2.525925925925926,31.0,19.066666666666666,3.05,2.7,0.9791666666666666,0.27,PM2.5,3.05,2,2023,False
2023-02-15,2.3,1.2291666666666667,95.91666666666667,2.0708333333333333,2.9,0.0,0.0,181.0,17.9,7.075,0.7458333333333332,50.6,34.96666666666667,2.6866666666666665,41.0,28.941666666666666,2.5185185185185186,31.9,23.6125,3.0949999999999998,2.0,0.9958333333333335,0.2,PM2.5,3.0949999999999998,2,2023,False
2023-02-16,4.7,2.029166666666667,94.91666666666667,2.216666666666667,3.3,0.2,29.0,358.0,9.5,2.3958333333333335,0.3958333333333333,57.9,46.19583333333333,2.9299999999999997,48.5,35.354166666666664,2.7962962962962963,36.2,26.608333333333334,3.31,2.9,1.4666666666666668,0.29,PM2.5,3.31,2,2023,False
2023-02-17,13.5,10.65,81.95833333333333,6.3999999999999995,11.5,0.4,7.0,387.0,39.2,15.420833333333334,1.3166666666666667,50.1,40.07083333333333,2.67,33.3,16.349999999999998,2.2333333333333334,26.9,11.5625,2.793333333333333,1.8,0.9708333333333333,0.18000000000000002,PM2.5,2.793333333333333,2,2023,False
2023-02-18,12.1,11.475,73.91666666666667,7.833333333333333,10.6,0.0,3.0,0.0,62.4,47.61666666666667,1.7999999999999998,41.9,25.766666666666666,2.3966666666666665,20.0,9.1875,1.6111111111111112,6.6,4.3625,1.16,0.8,0.8000000000000002,0.08000000000000002,NO2,2.3966666666666665,2,2023,False
2023-02-19,11.8,9.995833333333334,78.54166666666667,5.9125000000000005,8.5,1.3,24.0,355.0,64.7,45.54583333333333,1.8479166666666667,50.5,26.59166666666667,2.6833333333333336,14.4,7.7375,1.3,6.8,4.6875,1.18,1.3,0.8208333333333334,0.13,NO2,2.6833333333333336,2,2023,False
2023-02-20,13.7,9.029166666666667,71.75,4.85,7.6,0.0,523.0,1027.0,54.3,34.90416666666667,1.6312499999999999,57.7,35.81666666666667,2.9233333333333333,23.3,15.612499999999999,1.7944444444444443,13.1,8.549999999999999,1.81,4.5,1.3208333333333333,0.45,NO2,2.9233333333333333,2,2023,False
2023-02-21,15.0,7.083333333333333,81.83333333333333,1.7416666666666665,3.7,0.0,457.0,0.0,34.0,12.129166666666665,1.2083333333333333,78.7,49.862500000000004,3.4675000000000002,36.5,23.995833333333334,2.351851851851852,20.1,14.616666666666667,2.34,8.1,2.9125,0.81,NO2,3.4675000000000002,2,2023,False
2023-02-22,12.0,6.2875000000000005,87.83333333333333,1.7625,2.5,0.0,291.0,733.0,11.9,3.6625,0.49583333333333335,73.7,49.150000000000006,3.3425000000000002,47.0,27.929166666666664,2.7407407407407405,28.9,18.5625,2.9266666666666667,10.9,2.4125,1.045,NO2,3.3425000000000002,2,2023,False
2023-02-23,12.2,9.495833333333334,86.04166666666667,2.341666666666667,3.9,0.6000000000000001,23.0,444.0,28.4,8.4,1.0916666666666666,61.4,38.725,3.035,48.6,33.27916666666667,2.8,32.3,23.212500000000002,3.1149999999999998,2.2,0.9458333333333334,0.22000000000000003,PM2.5,3.1149999999999998,2,2023,False
2023-02-24,10.0,7.583333333333333,73.5,4.079166666666667,6.8,0.1,63.0,538.0,51.6,35.125,1.575,41.7,27.34583333333333,2.39,28.7,17.958333333333332,2.062962962962963,19.2,12.75,2.28,0.8,0.8000000000000002,0.08000000000000002,NO2,2.39,2,2023,False
2023-02-25,7.1,4.295833333333333,67.125,4.7749999999999995,7.2,0.2,228.0,769.0,77.4,66.64999999999999,2.075,26.4,16.533333333333335,1.8199999999999998,17.7,10.416666666666666,1.4833333333333334,8.6,5.716666666666666,1.3599999999999999,0.8,0.8000000000000002,0.08000000000000002,O3,2.075,2,2023,False
2023-02-26,3.1,0.9249999999999999,60.916666666666664,5.045833333333333,7.4,0.0,112.0,577.0,73.2,62.57083333333333,2.0166666666666666,64.3,14.275,3.1075,17.7,6.866666666666667,1.4833333333333334,8.5,3.9125,1.35,0.8,0.8000000000000002,0.08000000000000002,NO2,3.1075,2,2023,False
2023-02-27,4.9,1.4500000000000002,56.083333333333336,4.383333333333334,7.4,0.0,464.0,1182.0,70.6,58.97083333333333,1.9708333333333332,33.1,17.125,2.1033333333333335,10.1,6.675,1.0611111111111111,6.0,3.8666666666666667,1.1,0.8,0.8000000000000002,0.08000000000000002,NO2,2.1033333333333335,2,2023,False
2023-02-28,5.4,1.8833333333333335,58.166666666666664,4.3999999999999995,6.2,0.0,591.0,1236.0,73.9,53.42916666666667,2.026388888888889,36.7,21.920833333333334,2.2233333333333336,17.1,12.195833333333333,1.4500000000000002,12.5,8.6,1.75,0.8,0.8000000000000002,0.08000000000000002,NO2,2.2233333333333336,2,2023,False
2023-03-01,7.9,3.069565217391304,57.47826086956522,4.782608695652174,7.6,0.0,552.0,0.0,78.2,56.97826086956522,2.0861111111111112,39.3,23.91304347826087,2.31,24.1,20.695652173913043,1.838888888888889,18.1,15.48695652173913,2.2066666666666666,1.8,0.9043478260869565,0.18000000000000002,NO2,2.31,3,2023,False
2023-03-02,11.5,5.820833333333333,50.625,4.970833333333333,6.1,0.0,612.0,1263.0,77.9,57.40833333333333,2.0819444444444444,56.9,25.616666666666664,2.8966666666666665,23.8,20.004166666666666,1.8222222222222222,15.1,13.3375,2.006666666666667,2.6,1.0666666666666667,0.26,NO2,2.8966666666666665,3,2023,False
2023-03-03,8.2,3.4583333333333335,70.16666666666667,3.795833333333333,6.3,0.0,554.0,1261.0,48.3,33.675000000000004,1.5062499999999999,64.8,30.912499999999998,3.12,39.1,23.866666666666664,2.448148148148148,30.6,17.791666666666668,3.0300000000000002,0.8,0.8000000000000002,0.08000000000000002,NO2,3.12,3,2023,False
2023-03-04,6.3,2.245833333333333,79.08333333333333,2.470833333333333,4.4,0.0,0.0,0.0,63.2,27.666666666666668,1.8166666666666667,56.1,39.74583333333333,2.87,40.6,24.40833333333333,2.503703703703704,29.6,17.629166666666666,2.9733333333333336,0.8,0.8000000000000002,0.08000000000000002,PM2.5,2.9733333333333336,3,2023,False
2023-03-05,5.4,4.3875,68.875,3.7375000000000003,4.8,0.0,1.0,331.0,71.5,50.65416666666667,1.9895833333333333,60.5,30.554166666666664,3.0125,18.1,12.945833333333333,1.5055555555555555,12.7,8.487499999999999,1.77,0.8,0.8000000000000002,0.08000000000000002,NO2,3.0125,3,2023,False
2023-03-06,6.5,3.733333333333333,70.33333333333333,4.0625,6.4,0.0,46.0,589.0,52.6,35.833333333333336,1.5958333333333332,59.5,37.36666666666667,2.9833333333333334,23.5,16.391666666666666,1.8055555555555554,14.0,10.225,1.9,0.8,0.8000000000000002,0.08000000000000002,NO2,2.9833333333333334,3,2023,False
2023-03-07,8.0,5.033333333333333,70.91666666666667,7.279166666666666,10.3,0.30000000000000004,62.0,644.0,60.0,42.95416666666667,1.75,38.2,27.983333333333334,2.2733333333333334,26.6,20.116666666666667,1.9777777777777779,19.8,13.466666666666667,2.3200000000000003,1.7,0.8833333333333333,0.17,PM2.5,2.3200000000000003,3,2023,False
2023-03-08,6.6,3.4333333333333336,93.5,2.1374999999999997,5.3,10.6,0.0,164.0,60.8,27.03333333333333,1.7666666666666666,60.7,41.333333333333336,3.0175,21.6,12.5625,1.7000000000000002,13.9,9.450000000000001,1.8900000000000001,0.8,0.8000000000000002,0.08000000000000002,NO2,3.0175,3,2023,False
2023-03-09,13.9,10.904166666666667,79.0,7.1499999999999995,11.1,5.4,58.0,0.0,65.0,42.516666666666666,1.8541666666666665,55.1,35.3125,2.836666666666667,19.1,11.483333333333334,1.5611111111111111,14.5,6.779166666666666,1.9500000000000002,3.9,1.0666666666666667,0.39,NO2,2.836666666666667,3,2023,False
2023-03-10,11.9,9.237499999999999,74.91666666666667,8.633333333333333,14.4,4.2,16.0,429.0,83.0,57.4,2.1527777777777777,37.8,25.108333333333334,2.26,16.9,7.366666666666667,1.4388888888888887,6.3,3.4458333333333333,1.13,4.5,1.2791666666666668,0.45,NO2,2.26,3,2023,False
2023-03-11,4.4,1.9416666666666667,63.833333333333336,3.85,8.7,0.0,286.0,0.0,79.7,65.90416666666667,2.1069444444444443,72.1,24.583333333333332,3.3024999999999998,24.6,10.216666666666667,1.8666666666666667,14.5,5.245833333333334,1.9500000000000002,1.3,0.8208333333333334,0.13,NO2,3.3024999999999998,3,2023,False
2023-03-12,11.0,3.0875000000000004,83.0,2.6374999999999997,6.1,0.30000000000000004,4.0,472.0,30.7,11.779166666666667,1.1395833333333334,64.7,50.76666666666667,3.1175,31.8,20.804166666666667,2.1777777777777776,17.9,14.075000000000001,2.1933333333333334,1.3,0.8375,0.13,NO2,3.1175,3,2023,False
2023-03-13,18.2,12.200000000000001,80.125,6.508333333333333,10.4,11.8,11.0,391.0,46.4,31.633333333333336,1.4666666666666666,56.3,31.7,2.8766666666666665,18.9,10.541666666666666,1.5499999999999998,11.2,5.929166666666667,1.62,7.8,1.5125,0.78,NO2,2.8766666666666665,3,2023,False
2023-03-14,11.9,8.779166666666667,79.375,7.529166666666666,10.5,2.8,25.0,432.0,72.2,57.020833333333336,2.0027777777777778,52.5,28.129166666666666,2.75,9.5,6.079166666666667,1.0277777777777777,5.6,3.0875,1.06,6.7,1.4333333333333333,0.67,NO2,2.75,3,2023,False
2023-03-15,7.7,3.1041666666666665,74.41666666666667,3.654166666666667,7.3,0.7,396.0,1335.0,74.9,44.725,2.040277777777778,77.4,34.09166666666667,3.435,19.7,11.229166666666666,1.5944444444444443,10.9,5.9875,1.59,3.4,0.9458333333333334,0.34,NO2,3.435,3,2023,False
2023-03-16,11.8,4.479166666666667,72.375,2.2333333333333334,3.6,0.0,567.0,1434.0,58.3,25.491666666666664,1.7145833333333331,61.8,39.49583333333333,3.045,20.3,13.950000000000001,1.6277777777777778,13.7,9.329166666666667,1.87,1.7,0.8583333333333334,0.17,NO2,3.045,3,2023,False
2023-03-17,15.6,9.383333333333333,62.083333333333336,1.6708333333333334,2.7,0.0,342.0,1056.0,36.4,18.258333333333333,1.2583333333333333,83.6,54.925000000000004,3.59,35.2,19.895833333333332,2.303703703703704,15.9,10.991666666666667,2.06,5.3,2.325,0.53,NO2,3.59,3,2023,False
2023-03-18,17.7,11.758333333333333,71.875,1.7333333333333334,3.9,1.0,438.0,1285.0,77.8,23.72083333333333,2.0805555555555557,90.6,54.725,3.7649999999999997,39.8,22.599999999999998,2.474074074074074,25.1,12.920833333333334,2.6733333333333333,3.0,1.1083333333333334,0.30000000000000004,NO2,3.7649999999999997,3,2023,False
2023-03-19,15.0,10.387500000000001,79.45833333333333,2.4291666666666667,6.3,0.4,217.0,971.0,61.0,23.15833333333333,1.7708333333333333,70.5,48.074999999999996,3.2625,28.8,18.170833333333334,2.066666666666667,17.0,10.204166666666667,2.1333333333333333,3.4,0.9958333333333335,0.34,NO2,3.2625,3,2023,False
2023-03-20,13.3,10.095833333333333,76.70833333333333,4.054166666666666,7.5,1.1,47.0,0.0,56.4,29.316666666666666,1.6749999999999998,55.2,37.88333333333333,2.84,45.8,17.945833333333333,2.696296296296296,24.2,10.791666666666666,2.6133333333333333,1.6,0.9291666666666667,0.16000000000000003,NO2,2.84,3,2023,False
2023-03-21,12.1,9.012500000000001,82.91666666666667,1.7090909090909092,3.8,1.9,75.0,534.0,43.1,24.0125,1.3979166666666667,68.2,47.604166666666664,3.205,50.7,19.962500000000002,2.8777777777777778,16.9,10.541666666666666,2.1266666666666665,2.5,0.9666666666666667,0.25,NO2,3.205,3,2023,False
2023-03-22,17.0,11.566666666666668,73.0,4.404166666666667,9.8,0.0,295.0,1264.0,65.8,25.2375,1.8708333333333331,63.8,43.35833333333333,3.0949999999999998,37.7,21.40416666666667,2.3962962962962964,19.2,11.304166666666667,2.28,1.7,0.9958333333333335,0.17,NO2,3.0949999999999998,3,2023,False
2023-03-23,14.9,13.799999999999999,68.5,6.354166666666667,8.9,0.4,46.0,0.0,76.4,55.31666666666666,2.0611111111111113,50.3,31.15,2.6766666666666667,11.0,7.9750000000000005,1.1111111111111112,5.1,3.933333333333333,1.01,10.5,1.7869565217391306,1.025,NO2,2.6766666666666667,3,2023,False
2023-03-24,16.0,13.195833333333333,71.54166666666667,6.391666666666667,9.0,22.8,132.0,726.0,78.6,48.862500000000004,2.091666666666667,54.2,35.295833333333334,2.8066666666666666,12.8,9.8375,1.2111111111111112,8.0,5.283333333333333,1.3,4.6,1.7083333333333333,0.45999999999999996,NO2,2.8066666666666666,3,2023,False
2023-03-25,14.4,10.174999999999999,68.375,8.883333333333333,12.5,2.9,379.0,1364.0,82.6,66.83749999999999,2.147222222222222,45.6,26.179166666666664,2.52,15.2,7.1000000000000005,1.3444444444444443,5.6,3.4125,1.06,8.5,3.3249999999999997,0.8500000000000001,NO2,2.52,3,2023,False
2023-03-26,12.8,8.508695652173913,84.65217391304348,4.356521739130435,9.5,10.7,96.0,718.0,77.4,52.178260869565214,2.075,39.8,30.11304347826087,2.3266666666666667,9.6,7.017391304347826,1.0333333333333332,5.9,4.21304347826087,1.09,3.5,1.5695652173913044,0.35000000000000003,NO2,2.3266666666666667,3,2023,False
2023-03-27,8.0,5.0249999999999995,67.16666666666667,4.779166666666667,6.7,0.2,520.0,1590.0,82.9,69.44166666666668,2.151388888888889,41.0,17.783333333333335,2.3666666666666667,14.1,8.683333333333334,1.2833333333333332,6.3,4.1499999999999995,1.13,0.8,0.8000000000000002,0.08000000000000002,NO2,2.3666666666666667,3,2023,False
2023-03-28,8.8,4.608333333333333,63.291666666666664,3.2375000000000003,4.5,0.0,611.0,0.0,68.3,52.199999999999996,1.9229166666666666,57.8,33.15,2.9266666666666667,18.7,11.729166666666666,1.5388888888888888,8.4,5.854166666666667,1.34,2.2,0.9916666666666667,0.22000000000000003,NO2,2.9266666666666667,3,2023,False
2023-03-29,16.1,10.012500000000001,68.91666666666667,3.033333333333333,5.4,0.0,150.0,0.0,88.2,53.324999999999996,2.225,65.2,35.06666666666667,3.13,20.7,12.645833333333334,1.65,8.2,6.2,1.3199999999999998,4.0,1.8625,0.4,NO2,3.13,3,2023,False
2023-03-30,17.2,12.970833333333333,73.79166666666667,4.754166666666666,11.0,6.7,116.0,372.0,75.7,36.1625,2.051388888888889,57.9,42.99583333333334,2.9299999999999997,29.1,16.420833333333334,2.077777777777778,11.0,7.241666666666667,1.6,8.4,2.25,0.8400000000000001,NO2,2.9299999999999997,3,2023,False
2023-03-31,13.5,10.933333333333332,82.625,5.520833333333333,10.5,13.299999999999999,124.0,0.0,65.8,48.57916666666667,1.8708333333333331,61.2,33.387499999999996,3.0300000000000002,12.2,8.604166666666666,1.1777777777777778,6.7,4.966666666666667,1.17,1.4,0.9,0.13999999999999999,NO2,3.0300000000000002,3,2023,False
2023-04-01,11.6,10.595652173913043,81.34782608695652,7.078260869565218,9.3,6.800000000000001,0.0,511.0,66.3,50.47826086956522,1.8812499999999999,47.7,28.87391304347826,2.59,7.6,5.21304347826087,0.8444444444444443,4.0,2.9130434782608696,0.8,6.2,1.082608695652174,0.6200000000000001,NO2,2.59,4,2023,False
2023-04-02,9.6,7.354166666666667,81.875,4.766666666666667,8.2,0.6,0.0,580.0,74.7,49.18333333333334,2.0375,33.6,16.974999999999998,2.12,13.1,6.6375,1.2277777777777779,6.8,4.016666666666667,1.18,0.8,0.8000000000000002,0.08000000000000002,NO2,2.12,4,2023,False
2023-04-03,8.0,5.45,57.625,4.804166666666666,7.1,0.0,611.0,1851.0,89.5,72.9375,2.2430555555555554,23.7,14.579166666666666,1.685,9.4,7.241666666666667,1.0222222222222221,5.5,4.316666666666666,1.05,2.4,0.8916666666666667,0.24,O3,2.2430555555555554,4,2023,False
2023-04-04,8.5,4.2250000000000005,52.0,3.1875,4.5,0.0,750.0,2194.0,91.8,71.95416666666667,2.275,58.4,20.900000000000002,2.9466666666666668,14.3,10.129166666666666,1.2944444444444445,9.9,6.333333333333333,1.49,0.8,0.8000000000000002,0.08000000000000002,NO2,2.9466666666666668,4,2023,False
2023-04-05,10.2,4.933333333333334,52.208333333333336,1.9875,3.2,0.0,746.0,2166.0,91.4,52.62083333333334,2.2694444444444444,62.3,33.43913043478261,3.0575,19.1,14.049999999999999,1.5611111111111111,10.6,9.133333333333333,1.56,0.8,0.8000000000000002,0.08000000000000002,NO2,3.0575,4,2023,False
2023-04-06,13.1,5.604166666666667,60.25,3.0083333333333333,6.3,0.5,508.0,1687.0,76.8,36.49583333333333,2.0666666666666664,66.0,50.3125,3.15,31.0,20.520833333333332,2.148148148148148,19.5,12.691666666666668,2.3,7.6,1.925,0.76,NO2,3.15,4,2023,False
2023-04-07,10.2,7.8625,89.45833333333333,1.8916666666666666,3.0,1.8,12.0,621.0,69.8,48.74166666666667,1.9541666666666666,37.5,25.150000000000002,2.25,17.9,12.495833333333332,1.4944444444444445,14.2,9.762500000000001,1.92,0.8,0.8000000000000002,0.08000000000000002,NO2,2.25,4,2023,False
2023-04-08,11.4,7.808333333333334,79.20833333333333,2.4125,4.6,0.1,52.0,1076.0,71.4,29.537499999999998,1.9875,41.8,25.9875,2.393333333333333,18.6,13.091666666666667,1.5333333333333334,14.7,8.779166666666667,1.97,0.8,0.8000000000000002,0.08000000000000002,NO2,2.393333333333333,4,2023,False
2023-04-09,15.0,9.775,61.333333333333336,1.9625000000000001,3.2,0.0,297.0,1357.0,83.7,42.9375,2.1625,69.6,23.3875,3.2399999999999998,22.1,13.408333333333333,1.7277777777777779,17.8,10.558333333333334,2.1866666666666665,0.8,0.8000000000000002,0.08000000000000002,NO2,3.2399999999999998,4,2023,False
2023-04-10,18.4,11.516666666666666,54.75,3.6291666666666664,6.4,0.0,601.0,1822.0,95.4,49.86666666666667,2.325,71.1,30.3,3.2775,20.8,12.470833333333333,1.6555555555555554,15.6,9.004166666666666,2.04,9.7,1.7249999999999999,0.97,NO2,3.2775,4,2023,False
2023-04-11,15.0,11.370833333333332,62.791666666666664,5.941666666666666,8.6,2.3,396.0,1635.0,91.0,64.39999999999999,2.263888888888889,52.2,30.516666666666666,2.74,13.6,8.216666666666667,1.2555555555555555,6.5,4.1000000000000005,1.15,1.7,0.8666666666666667,0.17,NO2,2.74,4,2023,False
2023-04-12,13.2,9.387500000000001,84.25,4.291666666666667,7.4,11.6,80.0,576.0,80.9,49.48333333333333,2.1236111111111113,47.2,30.45,2.5733333333333333,12.0,8.0625,1.1666666666666667,5.9,4.408333333333333,1.09,4.3,1.5625,0.43,NO2,2.5733333333333333,4,2023,False
2023-04-13,12.1,8.541666666666666,72.375,5.145833333333333,8.5,2.2,182.0,0.0,71.7,56.74583333333334,1.99375,54.8,30.375,2.8266666666666667,11.3,7.270833333333333,1.1277777777777778,5.8,3.6458333333333335,1.08,4.2,1.2583333333333333,0.42000000000000004,NO2,2.8266666666666667,4,2023,False
2023-04-14,15.1,7.783333333333334,73.45833333333333,1.3416666666666668,2.6,0.0,491.0,0.0,90.8,34.65833333333333,2.261111111111111,54.3,36.041666666666664,2.81,22.6,12.049999999999999,1.7555555555555555,17.4,7.7124999999999995,2.1599999999999997,8.3,1.2708333333333333,0.8300000000000001,NO2,2.81,4,2023,False
2023-04-15,12.9,7.995833333333334,77.16666666666667,2.3625000000000003,4.4,3.8,140.0,897.0,82.2,38.1625,2.1416666666666666,60.8,33.24583333333333,3.02,20.9,10.291666666666666,1.661111111111111,9.9,5.829166666666667,1.49,0.8,0.8000000000000002,0.08000000000000002,NO2,3.02,4,2023,False
2023-04-16,12.4,10.1625,79.29166666666667,3.1750000000000003,5.0,0.7,0.0,346.0,59.0,47.90416666666667,1.7291666666666665,26.4,14.583333333333334,1.8199999999999998,22.8,12.179166666666667,1.7666666666666666,18.5,9.137500000000001,2.2333333333333334,0.8,0.8000000000000002,0.08000000000000002,PM2.5,2.2333333333333334,4,2023,False
2023-04-17,13.2,10.833333333333334,72.16666666666667,3.466666666666667,5.8,0.3,18.0,717.0,83.5,50.96666666666667,2.1597222222222223,35.4,21.3,2.1799999999999997,24.4,18.470833333333335,1.8555555555555554,19.7,13.225,2.3133333333333335,0.8,0.8000000000000002,0.08000000000000002,PM2.5,2.3133333333333335,4,2023,False
2023-04-18,15.2,10.554166666666667,66.75,4.170833333333333,7.0,0.0,105.0,0.0,72.8,60.145833333333336,2.011111111111111,42.1,19.729166666666668,2.4033333333333333,22.5,16.870833333333334,1.75,16.2,11.220833333333333,2.08,3.7,0.9208333333333334,0.37000000000000005,NO2,2.4033333333333333,4,2023,False
2023-04-19,14.9,11.666666666666666,57.708333333333336,4.754166666666666,7.5,0.0,403.0,1880.0,113.0,71.77391304347826,2.5694444444444446,28.0,14.334782608695651,1.9,22.7,12.821739130434782,1.761111111111111,12.5,7.813043478260869,1.75,0.8,0.8,0.08000000000000002,O3,2.5694444444444446,4,2023,False
2023-04-20,11.1,7.604166666666667,69.33333333333333,3.8874999999999997,5.6,3.6,96.0,1058.0,89.5,74.22083333333333,2.2430555555555554,39.1,21.916666666666668,2.3033333333333332,18.9,13.4375,1.5499999999999998,14.9,8.299999999999999,1.9900000000000002,0.8,0.8000000000000002,0.08000000000000002,NO2,2.3033333333333332,4,2023,False
2023-04-21,18.6,10.929166666666667,80.25,2.4250000000000003,5.2,0.5,414.0,1793.0,87.6,42.45,2.216666666666667,42.3,25.474999999999998,2.41,32.1,22.71666666666667,2.188888888888889,21.3,17.4375,2.42,0.8,0.8000000000000002,0.08000000000000002,PM2.5,2.42,4,2023,False
2023-04-22,21.8,14.612499999999999,69.33333333333333,3.216666666666667,6.7,0.1,374.0,1502.0,98.6,47.49583333333334,2.3694444444444445,47.7,35.6,2.59,15.4,12.9625,1.3555555555555556,8.9,6.7875000000000005,1.3900000000000001,6.1,1.4333333333333333,0.61,NO2,2.59,4,2023,False
2023-04-23,18.5,13.825000000000001,78.95833333333333,4.1625000000000005,5.8,3.8,366.0,0.0,93.2,64.92916666666666,2.2944444444444443,35.0,19.912499999999998,2.1666666666666665,13.4,10.270833333333334,1.2444444444444445,9.6,6.641666666666667,1.46,3.9,1.6125,0.39,O3,2.2944444444444443,4,2023,False
2023-04-24,13.0,11.104166666666666,72.25,6.845833333333334,10.7,0.8,280.0,1405.0,88.0,65.12083333333334,2.2222222222222223,46.0,28.816666666666666,2.533333333333333,13.5,9.383333333333333,1.25,8.1,5.170833333333333,1.31,3.1,1.1333333333333333,0.31000000000000005,NO2,2.533333333333333,4,2023,False
2023-04-25,11.1,8.708333333333334,68.70833333333333,4.2875000000000005,6.0,1.7,234.0,1358.0,90.3,73.47083333333333,2.2541666666666664,32.4,19.891666666666666,2.08,17.2,10.875,1.4555555555555555,9.4,6.7749999999999995,1.44,2.3,0.9583333333333334,0.22999999999999998,O3,2.2541666666666664,4,2023,False
2023-04-26,12.4,6.95,62.458333333333336,1.5916666666666668,3.1,0.0,703.0,0.0,92.6,57.74166666666667,2.286111111111111,58.9,30.25,2.9633333333333334,17.4,11.775,1.4666666666666666,9.3,6.416666666666667,1.4300000000000002,2.1,0.8958333333333334,0.21000000000000002,NO2,2.9633333333333334,4,2023,False
2023-04-27,16.7,10.975,53.291666666666664,2.3291666666666666,4.4,0.0,681.0,2283.0,94.0,58.550000000000004,2.3055555555555554,51.0,33.887499999999996,2.7,20.1,15.25,1.6166666666666667,11.1,8.200000000000001,1.6099999999999999,2.7,1.1,0.27,NO2,2.7,4,2023,False
2023-04-28,17.5,13.091666666666667,80.125,2.275,4.0,2.7,134.0,0.0,79.2,38.074999999999996,2.1,49.2,34.725,2.64,24.7,16.904166666666665,1.8722222222222222,18.2,10.258333333333333,2.2133333333333334,4.0,1.1416666666666666,0.4,NO2,2.64,4,2023,False
2023-04-29,15.9,12.633333333333333,76.66666666666667,3.3791666666666664,5.8,0.0,81.0,0.0,73.8,49.24583333333334,2.025,38.4,19.375,2.28,13.6,9.762500000000001,1.2555555555555555,9.7,5.933333333333334,1.47,0.8,0.8000000000000002,0.08000000000000002,NO2,2.28,4,2023,False
2023-04-30,18.9,14.325000000000001,60.041666666666664,3.6333333333333333,4.8,0.0,611.0,0.0,89.3,69.825,2.2402777777777776,29.9,13.233333333333334,1.995,23.2,13.1625,1.7888888888888888,17.7,9.424999999999999,2.1799999999999997,0.8,0.8000000000000002,0.08000000000000002,O3,2.2402777777777776,4,2023,False
2023-05-01,18.5,14.456521739130435,57.34782608695652,2.473913043478261,4.9,0.0,218.0,1509.0,93.1,66.61304347826086,2.2930555555555556,54.9,18.191304347826087,2.83,19.3,11.88695652173913,1.5722222222222222,14.4,7.782608695652174,1.94,2.1,0.9000000000000001,0.21000000000000002,NO2,2.83,5,2023,False
2023-05-02,17.5,13.575000000000001,63.125,4.166666666666667,7.6,0.0,477.0,2064.0,85.1,69.93333333333334,2.1819444444444445,28.4,16.9875,1.92,30.9,15.791666666666666,2.1444444444444444,24.6,11.279166666666667,2.64,0.8,0.8000000000000002,0.08000000000000002,PM2.5,2.64,5,2023,False
2023-05-03,18.3,11.933333333333332,54.5,3.4583333333333335,4.7,0.0,843.0,0.0,96.8,75.48333333333333,2.3444444444444446,40.5,18.266666666666666,2.35,19.1,14.299999999999999,1.5611111111111111,10.1,8.004166666666666,1.51,2.0,0.8500000000000001,0.2,NO2,2.35,5,2023,False
2023-05-04,23.2,15.549999999999999,52.291666666666664,2.9625,4.1,0.0,774.0,0.0,96.4,65.36363636363636,2.338888888888889,60.2,24.53478260869565,3.005,22.9,16.85217391304348,1.7722222222222221,12.1,8.265217391304347,1.71,0.8,0.8,0.08000000000000002,NO2,3.005,5,2023,False
2023-05-05,24.3,16.8875,62.916666666666664,3.225,7.4,0.0,481.0,1889.0,79.2,43.05416666666667,2.1,55.9,37.670833333333334,2.8633333333333333,32.8,16.95,2.214814814814815,14.3,7.425,1.9300000000000002,10.0,1.825,1.0,NO2,2.8633333333333333,5,2023,False
2023-05-06,21.5,16.204166666666666,68.41666666666667,2.1708333333333334,3.4,0.0,420.0,1664.0,87.7,49.04583333333333,2.2180555555555554,40.7,27.15416666666667,2.356666666666667,13.0,9.716666666666667,1.2222222222222223,6.3,4.504166666666666,1.13,6.4,1.429166666666667,0.6400000000000001,NO2,2.356666666666667,5,2023,False
2023-05-07,23.6,17.716666666666665,69.08333333333333,2.9791666666666665,6.2,12.0,282.0,0.0,91.1,62.770833333333336,2.2652777777777775,31.6,14.691666666666668,2.0533333333333332,17.7,10.270833333333334,1.4833333333333334,10.4,5.829166666666667,1.54,0.8,0.8000000000000002,0.08000000000000002,O3,2.2652777777777775,5,2023,False
2023-05-08,17.8,14.866666666666667,81.875,2.3125,3.2,0.4,3.0,905.0,50.1,28.52857142857143,1.54375,34.1,21.066666666666666,2.1366666666666667,21.7,15.833333333333334,1.7055555555555555,13.3,10.362499999999999,1.83,0.8,0.8000000000000002,0.08000000000000002,NO2,2.1366666666666667,5,2023,False
2023-05-09,19.8,16.108333333333334,86.08333333333333,1.675,3.1,18.6,52.0,920.0,37.1,28.6,1.2729166666666667,57.8,30.837500000000002,2.9266666666666667,27.9,21.0,2.033333333333333,18.0,14.237499999999999,2.2,0.8,0.8000000000000002,0.08000000000000002,NO2,2.9266666666666667,5,2023,False
2023-05-10,17.6,14.5875,80.29166666666667,4.033333333333333,7.6,8.6,197.0,1315.0,56.2,37.30833333333333,1.6708333333333334,37.2,27.2,2.24,16.2,9.570833333333333,1.4,7.4,4.233333333333333,1.24,2.4,1.0375,0.24,NO2,2.24,5,2023,False
2023-05-11,15.4,12.1,88.375,1.6624999999999999,2.7,4.3,0.0,817.0,57.4,25.554166666666664,1.6958333333333333,44.3,30.733333333333334,2.4766666666666666,15.6,11.941666666666668,1.3666666666666667,9.6,6.108333333333333,1.46,0.8,0.8000000000000002,0.08000000000000002,NO2,2.4766666666666666,5,2023,False
2023-05-12,17.4,13.820833333333333,83.5,2.2958333333333334,3.8,7.5,19.0,0.0,60.0,39.32083333333333,1.75,37.9,24.520833333333332,2.263333333333333,16.7,10.895833333333334,1.4277777777777776,8.6,6.233333333333333,1.3599999999999999,0.8,0.8000000000000002,0.08000000000000002,NO2,2.263333333333333,5,2023,False
2023-05-13,19.8,14.9375,67.70833333333333,2.4541666666666666,3.7,1.2000000000000002,453.0,0.0,86.8,54.20416666666667,2.2055555555555557,47.0,21.583333333333332,2.5666666666666664,19.7,13.875,1.5944444444444443,10.8,7.691666666666666,1.58,0.8,0.8000000000000002,0.08000000000000002,NO2,2.5666666666666664,5,2023,False
2023-05-14,20.1,14.625,67.875,2.6625,4.7,0.0,439.0,1975.0,85.4,51.229166666666664,2.1861111111111113,47.2,19.558333333333334,2.5733333333333333,19.4,12.395833333333334,1.5777777777777775,11.0,7.683333333333334,1.6,0.8,0.8000000000000002,0.08000000000000002,NO2,2.5733333333333333,5,2023,False
2023-05-15,19.9,14.566666666666668,69.5,2.5625,5.7,0.0,539.0,0.0,95.2,53.395833333333336,2.3222222222222224,47.7,26.566666666666666,2.59,25.6,15.5,1.9222222222222223,16.9,9.704166666666667,2.1266666666666665,0.8,0.8000000000000002,0.08000000000000002,NO2,2.59,5,2023,False
2023-05-16,15.3,12.6875,63.833333333333336,4.829166666666667,6.5,0.0,276.0,1484.0,78.3,62.10833333333333,2.0875,17.9,11.720833333333333,1.395,26.6,13.233333333333334,1.9777777777777779,20.9,8.2125,2.393333333333333,0.8,0.8000000000000002,0.08000000000000002,PM2.5,2.393333333333333,5,2023,False
2023-05-17,16.4,11.700000000000001,57.5,3.0625,5.2,0.0,567.0,0.0,82.5,61.05833333333334,2.1458333333333335,47.4,18.45,2.58,15.5,11.549999999999999,1.3611111111111112,8.4,5.891666666666667,1.34,0.8,0.8000000000000002,0.08000000000000002,NO2,2.58,5,2023,False
2023-05-18,18.4,12.795833333333334,53.625,4.183333333333334,5.5,0.0,813.0,0.0,91.0,70.42083333333333,2.263888888888889,18.1,9.970833333333333,1.405,14.6,12.808333333333332,1.3111111111111111,7.1,6.633333333333333,1.21,0.8,0.8000000000000002,0.08000000000000002,O3,2.263888888888889,5,2023,False
2023-05-19,19.6,14.729166666666666,52.291666666666664,4.020833333333333,5.7,0.0,602.0,0.0,93.7,67.82916666666667,2.301388888888889,37.4,15.808333333333332,2.2466666666666666,15.9,12.458333333333334,1.3833333333333333,6.7,5.6499999999999995,1.17,0.8,0.8000000000000002,0.08000000000000002,O3,2.301388888888889,5,2023,False
2023-05-20,20.0,16.583333333333332,62.416666666666664,5.995833333333334,7.9,0.0,475.0,0.0,82.8,69.925,2.15,13.1,9.091666666666667,1.155,22.8,16.3875,1.7666666666666666,15.5,9.891666666666667,2.033333333333333,0.8,0.8000000000000002,0.08000000000000002,O3,2.15,5,2023,False
2023-05-21,26.3,20.375,60.875,3.8666666666666667,5.8,0.0,575.0,2330.0,104.6,74.12916666666666,2.4527777777777775,47.6,12.279166666666667,2.586666666666667,23.0,20.333333333333332,1.7777777777777777,15.6,13.583333333333334,2.04,0.8,0.8000000000000002,0.08000000000000002,NO2,2.586666666666667,5,2023,False
2023-05-22,27.4,21.054166666666667,65.79166666666667,2.466666666666667,5.0,0.7,646.0,2394.0,116.5,60.791666666666664,2.6180555555555554,45.4,31.77916666666667,2.513333333333333,34.7,24.6375,2.285185185185185,22.9,15.3375,2.5266666666666664,2.6,0.9500000000000001,0.26,O3,2.6180555555555554,5,2023,False
2023-05-23,19.2,17.083333333333332,68.70833333333333,4.845833333333333,7.5,0.0,266.0,1553.0,88.2,77.02916666666667,2.225,19.3,11.908333333333333,1.465,49.0,20.133333333333333,2.814814814814815,37.5,14.087499999999999,3.375,0.8,0.8000000000000002,0.08000000000000002,PM2.5,3.375,5,2023,False
2023-05-24,15.3,12.429166666666667,56.333333333333336,4.304166666666666,5.9,0.0,584.0,2361.0,79.8,67.575,2.1083333333333334,18.7,10.487499999999999,1.435,18.6,14.65,1.5333333333333334,8.7,7.691666666666666,1.3699999999999999,0.8,0.8000000000000002,0.08000000000000002,O3,2.1083333333333334,5,2023,False
2023-05-25,21.1,15.245833333333332,59.583333333333336,4.8999999999999995,6.5,0.0,902.0,2944.0,86.6,65.26666666666667,2.2027777777777775,28.9,12.616666666666667,1.9449999999999998,19.8,13.766666666666666,1.6,10.4,7.779166666666666,1.54,1.9,0.8708333333333335,0.19,O3,2.2027777777777775,5,2023,False
2023-05-26,21.6,16.591666666666665,57.125,5.791666666666667,7.7,0.0,880.0,0.0,92.8,74.6375,2.2888888888888888,26.3,12.895833333333334,1.815,21.9,17.695833333333333,1.7166666666666666,12.7,10.424999999999999,1.77,2.0,0.8500000000000001,0.2,O3,2.2888888888888888,5,2023,False
2023-05-27,24.0,17.970833333333335,46.833333333333336,4.420833333333333,7.3,0.0,877.0,2915.0,103.6,80.92083333333333,2.4388888888888887,21.6,12.9,1.58,84.1,24.59583333333333,3.836111111111111,18.3,9.4125,2.22,0.8,0.8000000000000002,0.08000000000000002,PM10,3.836111111111111,5,2023,False
2023-05-28,26.1,19.625,44.875,3.1125000000000003,5.3,0.0,879.0,2949.0,109.8,76.41250000000001,2.525,22.0,13.987499999999999,1.6,17.0,14.045833333333334,1.4444444444444444,9.7,7.804166666666667,1.47,0.8,0.8000000000000002,0.08000000000000002,O3,2.525,5,2023,False
2023-05-29,25.5,20.041666666666668,48.5,5.304166666666666,7.8,0.0,881.0,2880.0,111.0,88.60416666666667,2.5416666666666665,22.5,9.487499999999999,1.625,14.7,12.729166666666666,1.3166666666666667,7.1,6.583333333333333,1.21,0.8,0.8000000000000002,0.08000000000000002,O3,2.5416666666666665,5,2023,False
2023-05-30,22.7,18.208333333333332,45.375,6.195833333333333,7.8,0.0,887.0,2933.0,94.9,82.94583333333334,2.3180555555555555,15.2,9.933333333333334,1.26,23.9,15.208333333333334,1.8277777777777775,7.5,6.691666666666666,1.25,0.8,0.8000000000000002,0.08000000000000002,O3,2.3180555555555555,5,2023,False
2023-05-31,26.5,20.287499999999998,43.916666666666664,5.054166666666666,6.7,0.0,886.0,3008.0,100.3,82.33749999999999,2.3930555555555557,24.4,13.85,1.72,16.6,14.708333333333334,1.4222222222222223,7.0,5.945833333333333,1.2,0.8,0.8000000000000002,0.08000000000000002,O3,2.3930555555555557,5,2023,False
2023-06-01,27.4,21.56086956521739,43.56521739130435,3.717391304347826,6.3,0.0,847.0,2925.0,106.5,76.52173913043478,2.4791666666666665,37.2,17.991304347826087,2.24,21.6,16.404761904761905,1.7000000000000002,8.5,6.352380952380953,1.35,1.9,0.85,0.19,O3,2.4791666666666665,6,2023,False
2023-06-02,21.0,16.191666666666666,53.416666666666664,5.1499999999999995,6.2,0.0,870.0,2984.0,91.8,70.12083333333334,2.275,17.0,10.85,1.35,24.7,16.8875,1.8722222222222222,10.1,8.558333333333334,1.51,0.8,0.8000000000000002,0.08000000000000002,O3,2.275,6,2023,False
2023-06-03,23.4,18.279166666666665,45.625,4.508333333333334,6.1,0.0,802.0,2668.0,96.3,75.77916666666667,2.3375,15.3,11.329166666666666,1.2650000000000001,19.2,15.7875,1.5666666666666664,9.1,6.608333333333333,1.41,0.8,0.8000000000000002,0.08000000000000002,O3,2.3375,6,2023,False
2023-06-04,25.2,19.570833333333333,34.5,4.079166666666667,6.2,0.0,919.0,3029.0,104.0,84.78750000000001,2.4444444444444446,16.8,10.670833333333334,1.34,16.6,12.041666666666666,1.4222222222222223,8.0,4.629166666666666,1.3,0.8,0.8000000000000002,0.08000000000000002,O3,2.4444444444444446,6,2023,False
2023-06-05,27.2,21.037499999999998,33.083333333333336,3.641666666666667,5.8,0.0,905.0,2966.0,112.7,83.90833333333333,2.5652777777777778,36.5,20.733333333333334,2.216666666666667,20.2,13.729166666666666,1.6222222222222222,5.9,4.783333333333333,1.09,1.2,0.8166666666666668,0.12,O3,2.5652777777777778,6,2023,False
2023-06-06,26.7,21.320833333333333,40.5,3.533333333333333,6.6,0.0,795.0,2688.0,114.0,84.28333333333333,2.583333333333333,48.2,23.916666666666668,2.606666666666667,25.9,19.183333333333334,1.9388888888888887,12.9,7.945833333333333,1.79,2.2,0.8583333333333334,0.22000000000000003,NO2,2.606666666666667,6,2023,False
2023-06-07,26.1,20.058333333333334,53.625,2.254166666666667,4.4,0.0,491.0,2171.0,112.4,74.02608695652174,2.561111111111111,48.9,25.904347826086955,2.63,26.4,20.004166666666666,1.9666666666666666,13.5,10.566666666666666,1.85,1.6,0.8636363636363636,0.16000000000000003,NO2,2.63,6,2023,False
2023-06-08,27.5,20.541666666666668,63.958333333333336,2.845833333333333,4.6,9.8,414.0,0.0,109.4,76.46666666666667,2.5194444444444444,38.2,17.395833333333332,2.2733333333333334,29.4,21.775000000000002,2.088888888888889,20.1,14.225,2.34,0.8,0.8000000000000002,0.08000000000000002,O3,2.5194444444444444,6,2023,False
2023-06-09,29.3,22.412499999999998,54.583333333333336,2.766666666666667,4.5,0.0,820.0,0.0,114.1,74.9375,2.584722222222222,43.6,21.920833333333334,2.453333333333333,25.3,19.724999999999998,1.9055555555555554,16.0,11.670833333333334,2.066666666666667,0.8,0.8000000000000002,0.08000000000000002,O3,2.584722222222222,6,2023,False
2023-06-10,30.0,24.537499999999998,45.125,3.329166666666667,5.0,0.0,809.0,0.0,112.2,90.65416666666665,2.5583333333333336,28.6,18.408333333333335,1.9300000000000002,26.2,20.8125,1.9555555555555555,16.1,13.154166666666667,2.0733333333333333,0.8,0.8000000000000002,0.08000000000000002,O3,2.5583333333333336,6,2023,False
2023-06-11,29.8,24.84583333333333,42.291666666666664,3.033333333333333,4.6,0.0,912.0,2978.0,121.3,96.00833333333333,2.6847222222222222,20.7,12.083333333333334,1.5350000000000001,20.9,17.75,1.661111111111111,13.3,10.904166666666667,1.83,0.8,0.8000000000000002,0.08000000000000002,O3,2.6847222222222222,6,2023,False
2023-06-12,28.9,24.0625,36.916666666666664,2.8958333333333335,4.1,0.0,883.0,2919.0,111.9,92.00833333333333,2.5541666666666667,44.1,20.008333333333333,2.47,24.5,19.0125,1.8611111111111112,12.4,10.420833333333333,1.7400000000000002,0.8,0.8000000000000002,0.08000000000000002,O3,2.5541666666666667,6,2023,False
2023-06-13,27.8,22.316666666666666,35.75,3.4125,4.9,0.0,931.0,3113.0,118.4,97.64166666666667,2.6444444444444444,30.7,17.916666666666668,2.0233333333333334,22.9,18.9875,1.7722222222222221,9.7,9.133333333333333,1.47,0.8,0.8000000000000002,0.08000000000000002,O3,2.6444444444444444,6,2023,False
2023-06-14,24.8,20.779166666666665,40.083333333333336,3.9291666666666667,5.9,0.0,722.0,0.0,102.4,90.55416666666667,2.4222222222222225,21.4,14.570833333333333,1.5699999999999998,71.6,19.825,3.488888888888889,19.6,8.529166666666667,2.3066666666666666,1.5,0.8291666666666667,0.15000000000000002,PM10,3.488888888888889,6,2023,False
2023-06-15,26.3,21.5,41.416666666666664,3.2916666666666665,4.4,0.0,756.0,2683.0,104.6,81.37083333333334,2.4527777777777775,33.0,16.474999999999998,2.1,62.4,18.533333333333335,3.2333333333333334,14.0,7.808333333333334,1.9,0.8,0.8000000000000002,0.08000000000000002,PM10,3.2333333333333334,6,2023,False
2023-06-16,26.2,20.0,47.375,2.316666666666667,4.3,0.7,673.0,2356.0,104.4,74.48333333333333,2.45,55.7,25.195833333333336,2.856666666666667,55.2,19.9875,3.033333333333333,14.9,9.104166666666666,1.9900000000000002,1.3,0.8208333333333334,0.13,PM10,3.033333333333333,6,2023,False
2023-06-17,29.5,21.2625,47.791666666666664,2.254166666666667,3.8,0.0,805.0,0.0,138.4,83.00416666666666,2.9222222222222225,48.2,26.7,2.606666666666667,25.5,19.016666666666666,1.9166666666666665,16.9,10.808333333333332,2.1266666666666665,5.4,1.1583333333333334,0.54,O3,2.9222222222222225,6,2023,False
2023-06-18,31.2,22.958333333333332,44.083333333333336,1.7791666666666668,3.0,0.0,759.0,2814.0,168.3,99.21666666666665,3.2531250000000003,65.6,28.8,3.1399999999999997,23.1,19.304166666666667,1.7833333333333332,13.1,11.779166666666667,1.81,3.4,1.1583333333333334,0.34,O3,3.2531250000000003,6,2023,True
2023-06-19,29.4,24.708333333333332,52.5,3.516666666666667,5.9,0.1,427.0,2017.0,105.3,80.53333333333333,2.4625,42.6,27.420833333333334,2.42,24.6,17.291666666666668,1.8666666666666667,14.3,9.608333333333333,1.9300000000000002,4.3,1.05,0.43,O3,2.4625,6,2023,False
2023-06-20,32.0,24.162499999999998,69.58333333333333,2.2666666666666666,3.9,16.8,599.0,2479.0,128.1,74.43333333333334,2.779166666666667,49.0,28.537499999999998,2.6333333333333333,25.4,18.829166666666666,1.911111111111111,17.4,11.645833333333334,2.1599999999999997,2.7,1.3083333333333333,0.27,O3,2.779166666666667,6,2023,True
2023-06-21,29.8,23.379166666666666,69.45833333333333,2.720833333333333,4.1,0.0,532.0,2199.0,107.3,66.99583333333334,2.4902777777777776,44.7,28.429166666666664,2.49,26.1,18.554166666666667,1.9500000000000002,14.3,10.133333333333333,1.9300000000000002,1.9,0.9416666666666668,0.19,O3,2.4902777777777776,6,2023,False
2023-06-22,32.2,24.391666666666666,69.04166666666667,3.483333333333333,8.0,9.7,503.0,0.0,116.6,79.30416666666666,2.6194444444444445,39.6,21.679166666666664,2.3200000000000003,29.5,19.304166666666667,2.0925925925925926,14.3,10.541666666666666,1.9300000000000002,3.3,0.9833333333333334,0.33,O3,2.6194444444444445,6,2023,True
2023-06-23,25.4,21.383333333333336,58.416666666666664,6.5625,8.7,0.0,517.0,0.0,108.3,91.80833333333334,2.5041666666666664,25.6,13.9375,1.7800000000000002,15.8,10.933333333333332,1.3777777777777778,8.5,6.2875000000000005,1.35,0.8,0.8000000000000002,0.08000000000000002,O3,2.5041666666666664,6,2023,False
2023-06-24,28.8,21.75,58.791666666666664,1.4541666666666666,2.0,0.0,802.0,2714.0,142.4,75.20416666666667,2.977777777777778,46.0,28.183333333333334,2.533333333333333,17.4,14.450000000000001,1.4666666666666666,11.6,9.362499999999999,1.6600000000000001,2.0,0.8875000000000001,0.2,O3,2.977777777777778,6,2023,False
2023-06-25,30.9,24.65833333333333,48.541666666666664,2.2125,2.9,0.0,916.0,3043.0,133.1,87.6875,2.848611111111111,33.8,20.145833333333332,2.1266666666666665,18.1,14.35,1.5055555555555555,11.9,9.366666666666667,1.69,1.2,0.8166666666666668,0.12,O3,2.848611111111111,6,2023,True
2023-06-26,29.6,22.741666666666664,54.5,3.841666666666667,7.6,0.0,756.0,2569.0,115.2,72.18333333333334,2.6,55.4,28.733333333333334,2.8466666666666667,25.5,16.954166666666666,1.9166666666666665,11.9,8.987499999999999,1.69,2.8,1.0083333333333333,0.27999999999999997,NO2,2.8466666666666667,6,2023,False
2023-06-27,24.8,19.770833333333332,50.041666666666664,3.3666666666666667,5.3,0.0,347.0,2023.0,104.6,79.69166666666666,2.4527777777777775,46.0,20.283333333333335,2.533333333333333,14.7,11.170833333333334,1.3166666666666667,6.1,4.645833333333333,1.1099999999999999,4.3,1.2,0.43,NO2,2.533333333333333,6,2023,False
2023-06-28,24.5,20.508333333333333,52.708333333333336,2.5541666666666667,3.8,0.0,215.0,1738.0,94.0,78.7625,2.3055555555555554,30.8,19.0625,2.026666666666667,18.4,12.604166666666666,1.5222222222222221,7.5,5.683333333333334,1.25,2.3,1.0291666666666666,0.22999999999999998,O3,2.3055555555555554,6,2023,False
2023-06-29,25.5,20.962500000000002,61.833333333333336,1.875,4.1,0.0,392.0,1785.0,93.8,59.208333333333336,2.3027777777777776,42.4,27.7625,2.413333333333333,18.8,13.1,1.5444444444444445,9.4,6.658333333333334,1.44,2.0,0.8958333333333334,0.2,NO2,2.413333333333333,6,2023,False
2023-06-30,23.4,19.558333333333334,66.58333333333333,2.920833333333333,5.7,0.5,172.0,0.0,100.4,49.7875,2.3944444444444444,43.9,18.533333333333335,2.4633333333333334,25.2,12.549999999999999,1.9,19.6,7.8125,2.3066666666666666,1.3,0.8208333333333334,0.13,NO2,2.4633333333333334,6,2023,False
2023-07-01,20.5,16.895652173913046,73.82608695652173,4.660869565217391,9.0,1.2,180.0,1088.0,60.2,41.06086956521739,1.7541666666666667,41.9,25.94347826086957,2.3966666666666665,17.4,11.908695652173913,1.4666666666666666,8.1,5.665217391304348,1.31,4.7,0.9695652173913044,0.47000000000000003,NO2,2.3966666666666665,7,2023,False
2023-07-02,23.7,19.2,58.708333333333336,5.758333333333333,8.9,0.0,444.0,0.0,87.4,57.8375,2.213888888888889,28.2,15.491666666666667,1.9100000000000001,20.9,15.483333333333334,1.661111111111111,14.0,9.683333333333334,1.9,0.8,0.8000000000000002,0.08000000000000002,O3,2.213888888888889,7,2023,False
2023-07-03,22.9,18.866666666666667,53.791666666666664,5.933333333333334,10.4,0.0,331.0,918.0,76.9,56.90833333333333,2.0680555555555555,39.6,24.8,2.3200000000000003,23.1,17.575,1.7833333333333332,14.6,9.808333333333334,1.96,1.2,0.8166666666666668,0.12,NO2,2.3200000000000003,7,2023,False
2023-07-04,25.8,20.454166666666666,55.25,4.5125,6.5,0.0,726.0,1360.5,73.5,49.074999999999996,2.0208333333333335,40.1,24.8,2.336666666666667,22.3,14.4375,1.738888888888889,10.5,7.479166666666667,1.55,4.5,1.1083333333333334,0.45,NO2,2.336666666666667,7,2023,False
2023-07-05,22.9,19.195833333333333,58.625,7.091666666666666,11.5,4.1,565.0,0.0,68.7,52.10833333333333,1.93125,39.5,17.95,2.3166666666666664,18.5,11.512500000000001,1.5277777777777777,8.9,5.058333333333334,1.3900000000000001,4.2,1.25,0.42000000000000004,NO2,2.3166666666666664,7,2023,False
2023-07-06,25.3,19.474999999999998,51.208333333333336,2.8083333333333336,4.8,0.2,883.0,0.0,91.2,59.74166666666667,2.2666666666666666,36.0,20.141666666666666,2.2,16.2,9.304166666666667,1.4,6.5,4.245833333333334,1.15,0.8,0.8000000000000002,0.08000000000000002,O3,2.2666666666666666,7,2023,False
2023-07-07,31.2,22.916666666666668,41.666666666666664,2.1958333333333333,3.3,0.0,885.0,1502.5,134.2,72.84166666666667,2.863888888888889,47.8,27.974999999999998,2.5933333333333333,21.9,13.737499999999999,1.7166666666666666,12.0,6.5375000000000005,1.7000000000000002,0.8,0.8000000000000002,0.08000000000000002,O3,2.863888888888889,7,2023,True
2023-07-08,34.0,26.224999999999998,38.458333333333336,3.0541666666666667,5.9,0.0,592.0,0.0,143.8,92.81666666666666,2.9972222222222222,40.9,26.070833333333336,2.3633333333333333,21.4,17.004166666666666,1.6888888888888887,11.9,8.925,1.69,2.3,0.9625,0.22999999999999998,O3,2.9972222222222222,7,2023,True
2023-07-09,36.3,26.941666666666666,48.541666666666664,2.1750000000000003,5.5,0.0,645.0,0.0,135.1,77.22916666666667,2.8763888888888887,65.4,30.983333333333334,3.1350000000000002,39.7,19.879166666666666,2.4703703703703703,12.9,9.191666666666666,1.79,10.7,2.2624999999999997,1.035,NO2,3.1350000000000002,7,2023,True
2023-07-10,30.6,25.766666666666666,55.291666666666664,3.4458333333333333,5.4,0.0,659.0,2264.0,102.0,84.58333333333333,2.4166666666666665,26.4,15.924999999999999,1.8199999999999998,28.4,19.454166666666666,2.051851851851852,20.9,11.458333333333334,2.393333333333333,0.8,0.8000000000000002,0.08000000000000002,O3,2.4166666666666665,7,2023,False
2023-07-11,34.7,26.05,50.916666666666664,2.7125,5.6,0.0,697.0,2556.0,129.0,74.93333333333334,2.7916666666666665,43.7,31.40416666666667,2.456666666666667,32.3,20.554166666666667,2.196296296296296,13.3,9.366666666666667,1.83,5.2,1.6624999999999999,0.52,O3,2.7916666666666665,7,2023,True
2023-07-12,28.0,23.608333333333334,61.25,5.420833333333333,8.7,2.7,403.0,2101.0,82.0,66.72083333333333,2.138888888888889,36.4,19.9375,2.2133333333333334,27.0,13.195833333333333,2.0,12.9,6.391666666666667,1.79,1.4,0.8250000000000001,0.13999999999999999,NO2,2.2133333333333334,7,2023,False
2023-07-13,26.1,20.495833333333334,48.625,4.866666666666666,8.2,0.0,646.0,2438.0,79.6,61.449999999999996,2.1055555555555556,38.8,21.97083333333333,2.293333333333333,12.9,9.595833333333333,1.2166666666666668,4.8,3.7916666666666665,0.96,1.3,0.8208333333333334,0.13,NO2,2.293333333333333,7,2023,False
2023-07-14,29.6,21.766666666666666,48.666666666666664,2.2083333333333335,4.3,0.0,530.0,2212.0,111.1,62.55833333333334,2.543055555555555,44.5,28.391666666666666,2.4833333333333334,24.7,15.316666666666668,1.8722222222222222,7.0,5.575,1.2,1.9,1.0208333333333333,0.19,O3,2.543055555555555,7,2023,False
2023-07-15,27.6,21.65416666666667,67.95833333333333,2.8333333333333335,6.1,5.199999999999999,288.0,0.0,80.2,50.82916666666667,2.113888888888889,87.7,39.34583333333333,3.6925,54.3,21.495833333333334,3.0083333333333333,12.3,8.804166666666667,1.73,5.5,1.9541666666666666,0.55,NO2,3.6925,7,2023,False
2023-07-16,25.6,21.091666666666665,62.458333333333336,5.995833333333334,8.5,1.5999999999999999,781.0,0.0,71.9,49.80416666666667,1.9979166666666668,35.1,16.474999999999998,2.17,16.6,12.225,1.4222222222222223,9.2,6.320833333333333,1.42,4.2,1.5291666666666668,0.42000000000000004,NO2,2.17,7,2023,False
2023-07-17,26.8,20.716666666666665,53.791666666666664,3.983333333333333,7.5,0.0,701.0,2350.0,84.7,47.29583333333333,2.176388888888889,42.8,26.78333333333333,2.4266666666666667,22.6,14.975,1.7555555555555555,10.1,7.345833333333334,1.51,4.9,1.2541666666666667,0.49000000000000005,NO2,2.4266666666666667,7,2023,False
2023-07-18,28.6,21.354166666666668,49.916666666666664,2.1374999999999997,3.9,0.0,886.0,2815.0,111.8,68.55833333333334,2.5527777777777776,34.3,21.825,2.143333333333333,20.2,12.654166666666667,1.6222222222222222,6.9,5.2625,1.19,0.8,0.8000000000000002,0.08000000000000002,O3,2.5527777777777776,7,2023,False
2023-07-19,28.0,22.604166666666668,49.375,2.8541666666666665,5.6,0.0,466.0,1907.0,122.0,74.50416666666666,2.6944444444444446,59.3,25.162499999999998,2.9766666666666666,26.2,17.216666666666665,1.9555555555555555,9.1,6.529166666666666,1.41,8.8,1.4458333333333335,0.8800000000000001,NO2,2.9766666666666666,7,2023,False
2023-07-20,24.8,20.412499999999998,52.666666666666664,3.0041666666666664,4.3,0.0,373.0,1652.0,90.1,65.5125,2.2513888888888887,45.1,19.05,2.5033333333333334,18.7,12.220833333333333,1.5388888888888888,7.4,5.216666666666667,1.24,0.8,0.8000000000000002,0.08000000000000002,NO2,2.5033333333333334,7,2023,False
2023-07-21,22.1,18.849999999999998,64.29166666666667,2.3833333333333333,4.9,0.8,153.0,0.0,80.6,59.40416666666667,2.1194444444444445,31.5,20.825,2.05,26.4,11.762500000000001,1.9666666666666666,7.5,5.695833333333333,1.25,1.7,0.8375,0.17,O3,2.1194444444444445,7,2023,False
2023-07-22,26.0,19.341666666666665,57.375,3.5708333333333333,8.3,0.0,611.0,0.0,90.5,56.89166666666667,2.2569444444444446,36.5,21.541666666666668,2.216666666666667,17.5,14.066666666666668,1.4722222222222223,10.6,7.175,1.56,6.2,1.1958333333333335,0.6200000000000001,O3,2.2569444444444446,7,2023,False
2023-07-23,26.5,20.833333333333332,53.5,5.2375,10.3,0.0,129.0,1286.0,66.2,42.49166666666667,1.8791666666666667,38.0,22.916666666666668,2.2666666666666666,18.8,13.820833333333333,1.5444444444444445,8.6,5.883333333333333,1.3599999999999999,2.4,0.8833333333333333,0.24,NO2,2.2666666666666666,7,2023,False
2023-07-24,25.8,21.216666666666665,61.208333333333336,5.2749999999999995,9.5,12.9,272.0,1679.0,68.9,35.975,1.9354166666666668,42.8,26.245833333333334,2.4266666666666667,19.9,13.154166666666667,1.6055555555555554,7.4,5.383333333333333,1.24,4.0,1.0833333333333333,0.4,NO2,2.4266666666666667,7,2023,False
2023-07-25,18.9,16.675,75.08333333333333,2.8958333333333335,4.7,14.600000000000001,22.0,830.0,67.3,50.1875,1.9020833333333331,31.0,15.820833333333333,2.033333333333333,12.8,8.0,1.2111111111111112,9.0,4.625,1.4,0.8,0.8000000000000002,0.08000000000000002,NO2,2.033333333333333,7,2023,False
2023-07-26,21.1,16.008333333333333,68.70833333333333,3.6791666666666667,7.9,1.5,300.0,1687.0,77.5,48.87083333333334,2.076388888888889,44.9,21.979166666666668,2.4966666666666666,14.1,8.987499999999999,1.2833333333333332,5.8,4.5249999999999995,1.08,0.8,0.8000000000000002,0.08000000000000002,NO2,2.4966666666666666,7,2023,False
2023-07-27,18.6,15.362499999999999,92.75,4.033333333333333,6.5,11.8,0.0,495.0,30.5,16.420833333333334,1.1354166666666667,43.8,27.354166666666668,2.46,13.5,10.8125,1.25,7.1,6.066666666666666,1.21,2.0,0.9208333333333334,0.2,NO2,2.46,7,2023,False
2023-07-28,22.4,19.470833333333335,87.08333333333333,4.5375000000000005,6.5,6.3,25.0,897.0,43.0,25.537499999999998,1.3958333333333333,29.5,19.333333333333332,1.975,11.4,8.15,1.1333333333333333,6.5,3.920833333333333,1.15,4.1,1.175,0.41,NO2,1.975,7,2023,False
2023-07-29,26.4,21.179166666666667,76.25,4.4624999999999995,8.4,10.6,330.0,1596.0,67.4,32.47083333333333,1.9041666666666668,25.2,18.125,1.76,15.0,9.870833333333334,1.3333333333333333,9.4,5.2875000000000005,1.44,1.8,0.8666666666666667,0.18000000000000002,O3,1.9041666666666668,7,2023,False
2023-07-30,22.7,19.641666666666666,70.16666666666667,5.133333333333334,9.3,1.5999999999999999,310.0,1619.0,66.1,43.3125,1.8770833333333332,29.5,15.200000000000001,1.975,9.4,7.966666666666666,1.0222222222222221,5.0,3.970833333333333,1.0,0.8,0.8000000000000002,0.08000000000000002,NO2,1.975,7,2023,False
2023-07-31,22.8,19.529166666666665,64.91666666666667,6.545833333333333,9.4,0.30000000000000004,65.0,1053.0,61.2,48.550000000000004,1.775,25.2,19.408333333333335,1.76,15.0,11.095833333333333,1.3333333333333333,6.3,5.325,1.13,9.2,2.4250000000000003,0.9199999999999999,O3,1.775,7,2023,False
2023-08-01,22.3,18.56086956521739,77.56521739130434,6.48695652173913,9.5,31.3,305.0,1751.0,62.9,49.891304347826086,1.8104166666666666,19.4,13.669565217391304,1.47,9.8,6.978260869565218,1.0444444444444445,5.9,4.039130434782609,1.09,5.6,1.5956521739130436,0.5599999999999999,O3,1.8104166666666666,8,2023,False
2023-08-02,20.3,17.516666666666666,84.16666666666667,5.679166666666667,9.8,11.1,142.0,635.0,62.4,38.34166666666667,1.7999999999999998,28.8,18.995454545454546,1.94,11.4,8.049999999999999,1.1333333333333333,5.2,4.1625000000000005,1.02,5.2,1.3958333333333333,0.52,NO2,1.94,8,2023,False
2023-08-03,21.5,18.670833333333334,71.16666666666667,8.879166666666666,11.4,0.2,127.0,1188.0,61.6,48.56666666666666,1.7833333333333332,26.5,16.266666666666666,1.8250000000000002,14.3,7.779166666666666,1.2944444444444445,5.5,3.275,1.05,3.6,1.0833333333333333,0.36000000000000004,NO2,1.8250000000000002,8,2023,False
2023-08-04,21.7,17.554166666666667,79.5,1.9333333333333333,3.6,2.8000000000000003,67.0,1230.0,72.1,46.958333333333336,2.0013888888888887,33.6,18.4375,2.12,10.0,8.345833333333333,1.0555555555555556,6.5,4.816666666666666,1.15,0.8,0.8000000000000002,0.08000000000000002,NO2,2.12,8,2023,False
2023-08-05,22.2,17.520833333333332,75.125,1.9041666666666668,4.3,1.2,450.0,0.0,81.0,47.612500000000004,2.125,32.5,22.6875,2.0833333333333335,13.5,10.083333333333334,1.25,7.9,5.75,1.29,1.7,0.8833333333333333,0.17,O3,2.125,8,2023,False
2023-08-06,17.5,15.195833333333333,88.04166666666667,5.5125,9.2,10.6,55.0,0.0,66.3,46.550000000000004,1.8812499999999999,39.8,14.7875,2.3266666666666667,11.1,6.233333333333333,1.1166666666666667,6.3,3.4416666666666664,1.13,4.0,1.225,0.4,NO2,2.3266666666666667,8,2023,False
2023-08-07,19.7,15.5875,66.29166666666667,6.841666666666666,8.5,0.2,205.0,0.0,81.6,58.12916666666666,2.1333333333333333,33.3,15.049999999999999,2.11,10.6,7.516666666666667,1.0888888888888888,5.1,3.6791666666666667,1.01,0.8,0.8000000000000002,0.08000000000000002,O3,2.1333333333333333,8,2023,False
2023-08-08,21.2,16.333333333333332,68.25,5.308333333333334,8.8,0.0,423.0,1718.0,70.4,44.53333333333333,1.9666666666666668,46.8,21.116666666666667,2.56,14.7,9.525,1.3166666666666667,6.2,4.3875,1.12,3.1,1.0250000000000001,0.31000000000000005,NO2,2.56,8,2023,False
2023-08-09,21.0,16.754166666666666,77.16666666666667,2.8083333333333336,6.6,9.2,83.0,1182.0,74.7,48.50833333333333,2.0375,40.5,18.983333333333334,2.35,11.8,8.129166666666666,1.1555555555555557,6.7,4.4624999999999995,1.17,0.8,0.8000000000000002,0.08000000000000002,NO2,2.35,8,2023,False
2023-08-10,25.6,17.720833333333335,69.58333333333333,1.2958333333333334,2.4,0.0,631.0,0.0,106.5,47.6875,2.4791666666666665,40.7,26.370833333333334,2.356666666666667,19.4,13.220833333333333,1.5777777777777775,8.5,6.325,1.35,3.1,1.2086956521739132,0.31000000000000005,O3,2.4791666666666665,8,2023,False
2023-08-11,29.4,21.1375,63.916666666666664,1.8083333333333333,3.4,0.0,824.0,0.0,113.9,55.800000000000004,2.5819444444444444,69.3,33.775,3.2325,18.6,13.716666666666667,1.5333333333333334,10.3,6.158333333333334,1.5300000000000002,8.6,1.6666666666666667,0.86,NO2,3.2325,8,2023,False
2023-08-12,25.3,21.6125,83.20833333333333,2.6541666666666663,4.8,6.5,309.0,1238.5,64.0,44.5625,1.8333333333333333,44.9,26.666666666666668,2.4966666666666666,20.3,14.729166666666666,1.6277777777777778,13.3,8.754166666666666,1.83,1.8,0.8666666666666667,0.18000000000000002,NO2,2.4966666666666666,8,2023,False
2023-08-13,26.4,21.666666666666668,74.20833333333333,2.4291666666666667,5.6,0.0,289.0,824.5,77.6,36.6625,2.0777777777777775,45.1,18.933333333333334,2.5033333333333334,13.6,10.383333333333333,1.2555555555555555,7.6,5.416666666666667,1.26,1.4,0.8250000000000001,0.13999999999999999,NO2,2.5033333333333334,8,2023,False
2023-08-14,26.6,21.879166666666666,78.08333333333333,1.7958333333333334,4.0,0.0,266.0,658.5,73.7,39.800000000000004,2.0236111111111112,61.5,29.791666666666668,3.0375,20.5,14.075000000000001,1.6388888888888888,13.6,7.045833333333333,1.8599999999999999,0.8,0.8000000000000002,0.08000000000000002,NO2,3.0375,8,2023,False
2023-08-15,26.5,21.541666666666668,87.91666666666667,2.475,5.9,12.799999999999999,339.0,669.5,72.2,37.52916666666667,2.0027777777777778,52.9,30.65833333333333,2.763333333333333,18.2,14.8125,1.511111111111111,10.8,7.904166666666666,1.58,0.8,0.8000000000000002,0.08000000000000002,NO2,2.763333333333333,8,2023,False
2023-08-16,27.9,21.7625,85.66666666666667,2.6913043478260867,8.6,60.800000000000004,261.0,733.0,98.1,44.62916666666666,2.3625,27.5,17.366666666666667,1.875,22.1,14.620833333333332,1.7277777777777779,14.1,8.083333333333334,1.9100000000000001,0.8,0.8000000000000002,0.08000000000000002,O3,2.3625,8,2023,False
2023-08-17,27.4,21.766666666666666,79.58333333333333,,,1.7,559.0,994.0,111.3,66.47916666666667,2.5458333333333334,33.0,18.462500000000002,2.1,13.9,9.883333333333333,1.2722222222222221,8.5,5.1,1.35,0.8,0.8000000000000002,0.08000000000000002,O3,2.5458333333333334,8,2023,False
2023-08-18,31.8,24.575,68.70833333333333,,,0.0,788.0,2372.0,110.3,62.770833333333336,2.531944444444444,46.5,20.395833333333332,2.55,18.9,14.558333333333332,1.5499999999999998,9.6,7.4624999999999995,1.46,0.8,0.8000000000000002,0.08000000000000002,NO2,2.55,8,2023,True
2023-08-19,28.7,25.266666666666666,66.70833333333333,,,0.0,248.0,1316.0,106.5,69.125,2.4791666666666665,47.7,29.34166666666667,2.59,35.0,19.650000000000002,2.2962962962962963,13.1,9.104166666666666,1.81,2.4,0.9458333333333333,0.24,NO2,2.59,8,2023,False
2023-08-20,31.7,25.241666666666664,68.66666666666667,,,0.0,752.0,2300.0,99.8,58.42916666666667,2.386111111111111,49.2,19.099999999999998,2.64,20.1,16.170833333333334,1.6166666666666667,11.7,9.054166666666667,1.67,0.8,0.8000000000000002,0.08000000000000002,NO2,2.64,8,2023,True
2023-08-21,32.1,26.170833333333334,64.41666666666667,2.4272727272727272,3.4,0.0,649.0,2156.0,110.5,65.75416666666666,2.5347222222222223,38.3,21.34583333333333,2.2766666666666664,23.0,17.545833333333334,1.7777777777777777,11.8,8.941666666666666,1.6800000000000002,0.8,0.8000000000000002,0.08000000000000002,O3,2.5347222222222223,8,2023,True
2023-08-22,29.2,23.733333333333334,70.25,1.9208333333333334,4.3,0.0,633.0,2019.0,126.7,80.8125,2.759722222222222,48.5,24.895833333333332,2.6166666666666667,29.6,19.641666666666666,2.0962962962962965,14.6,10.641666666666667,1.96,0.8,0.8000000000000002,0.08000000000000002,O3,2.759722222222222,8,2023,False
2023-08-23,28.7,22.116666666666664,65.125,1.7,3.1,0.0,781.0,2263.0,115.6,73.14583333333333,2.605555555555555,47.3,28.76086956521739,2.5766666666666667,27.3,18.8,2.011111111111111,13.9,10.054166666666667,1.8900000000000001,1.9,0.8458333333333333,0.19,O3,2.605555555555555,8,2023,False
2023-08-24,27.9,21.804166666666664,70.45833333333333,2.3583333333333334,4.8,2.0,198.0,1207.0,101.0,57.17083333333333,2.4027777777777777,51.1,31.9375,2.703333333333333,25.4,17.325,1.911111111111111,10.8,8.258333333333333,1.58,1.3,0.8208333333333334,0.13,NO2,2.703333333333333,8,2023,False
2023-08-25,27.0,21.616666666666664,84.20833333333333,4.1125,9.0,1.5,298.0,1419.0,82.0,42.425000000000004,2.138888888888889,39.2,26.333333333333332,2.3066666666666666,28.8,19.508333333333333,2.066666666666667,18.4,11.391666666666666,2.2266666666666666,3.5,1.1583333333333334,0.35000000000000003,NO2,2.3066666666666666,8,2023,False
2023-08-26,22.8,19.837500000000002,71.16666666666667,3.4583333333333335,5.8,1.4,443.0,1677.0,78.4,58.525,2.088888888888889,32.2,19.345833333333335,2.0733333333333333,26.1,12.304166666666667,1.9500000000000002,11.1,5.983333333333333,1.6099999999999999,2.4,0.9375,0.24,O3,2.088888888888889,8,2023,False
2023-08-27,20.8,16.816666666666666,83.08333333333333,2.3249999999999997,4.6,1.4,97.0,1032.0,55.9,29.666666666666668,1.6645833333333333,51.7,24.662499999999998,2.7233333333333336,13.7,10.695833333333333,1.261111111111111,8.0,5.770833333333333,1.3,3.6,1.2041666666666666,0.36000000000000004,NO2,2.7233333333333336,8,2023,False
2023-08-28,18.8,14.604166666666666,79.45833333333333,1.9291666666666665,3.7,0.0,15.0,980.0,75.1,40.87083333333333,2.0430555555555556,41.9,21.8875,2.3966666666666665,11.8,8.870833333333334,1.1555555555555557,6.4,4.379166666666666,1.1400000000000001,1.2,0.8166666666666668,0.12,NO2,2.3966666666666665,8,2023,False
2023-08-29,18.7,15.383333333333333,83.83333333333333,2.033333333333333,3.3,3.1999999999999997,72.0,816.0,68.3,40.795833333333334,1.9229166666666666,48.2,25.754166666666666,2.606666666666667,12.8,9.833333333333334,1.2111111111111112,7.3,5.095833333333333,1.23,2.1,0.8541666666666666,0.21000000000000002,NO2,2.606666666666667,8,2023,False
2023-08-30,21.3,15.866666666666667,81.25,3.6750000000000003,8.3,3.4,356.0,1604.0,80.3,32.74166666666667,2.1152777777777776,35.9,24.099999999999998,2.1966666666666668,16.5,11.737499999999999,1.4166666666666665,9.9,6.454166666666667,1.49,2.3,0.9,0.22999999999999998,NO2,2.1966666666666668,8,2023,False
2023-08-31,20.4,15.483333333333334,75.54166666666667,4.4125000000000005,8.0,0.2,409.0,1436.0,67.3,42.36666666666667,1.9020833333333331,33.7,22.5625,2.1233333333333335,17.0,11.170833333333334,1.4444444444444444,6.9,5.5249999999999995,1.19,0.8,0.8000000000000002,0.08000000000000002,NO2,2.1233333333333335,8,2023,False
2023-09-01,21.0,17.369565217391305,88.26086956521739,3.573913043478261,7.6,7.6,68.0,804.0,51.4,32.13913043478261,1.5708333333333333,34.8,20.57391304347826,2.1599999999999997,11.5,7.791304347826086,1.1388888888888888,7.8,4.860869565217391,1.28,2.3,0.9043478260869565,0.22999999999999998,NO2,2.1599999999999997,9,2023,False
2023-09-02,25.2,18.670833333333334,79.33333333333333,1.6125,3.5,0.0,510.0,1846.0,76.4,37.09583333333333,2.0611111111111113,40.3,18.120833333333334,2.3433333333333333,13.5,7.979166666666667,1.25,6.2,3.9625,1.12,0.8,0.8000000000000002,0.08000000000000002,NO2,2.3433333333333333,9,2023,False
2023-09-03,23.8,19.4375,76.625,2.091666666666667,3.9,0.0,532.0,1695.0,77.5,37.32083333333333,2.076388888888889,37.9,18.287499999999998,2.263333333333333,20.2,11.954166666666666,1.6222222222222222,10.7,7.008333333333333,1.5699999999999998,0.8,0.8000000000000002,0.08000000000000002,NO2,2.263333333333333,9,2023,False
2023-09-04,26.6,20.316666666666666,60.041666666666664,2.8791666666666664,3.9,0.0,744.0,2091.0,91.3,51.42083333333333,2.2680555555555557,38.8,23.941666666666666,2.293333333333333,14.0,12.075000000000001,1.2777777777777777,7.6,6.5249999999999995,1.26,0.8,0.8000000000000002,0.08000000000000002,NO2,2.293333333333333,9,2023,False
2023-09-05,27.8,21.375,58.75,2.6374999999999997,3.8,0.0,747.0,2094.0,92.2,59.229166666666664,2.2805555555555554,56.6,28.316666666666666,2.8866666666666667,23.4,12.541666666666666,1.7999999999999998,9.1,5.733333333333333,1.41,0.8,0.8000000000000002,0.08000000000000002,NO2,2.8866666666666667,9,2023,False
2023-09-06,28.6,21.395833333333332,63.375,2.6,3.8,0.0,740.0,2089.0,104.1,47.0,2.4458333333333333,50.0,32.4,2.6666666666666665,20.7,14.758333333333333,1.65,10.7,7.141666666666667,1.5699999999999998,0.8,0.8000000000000002,0.08000000000000002,NO2,2.6666666666666665,9,2023,False
2023-09-07,28.9,21.625,62.375,2.5,3.9,0.0,737.0,2056.0,111.2,59.425000000000004,2.5444444444444443,54.6,30.291666666666668,2.8200000000000003,21.0,17.37272727272727,1.6666666666666665,12.1,8.713636363636363,1.71,0.8,0.8000000000000002,0.08000000000000002,NO2,2.8200000000000003,9,2023,False
2023-09-08,29.5,22.09583333333333,62.208333333333336,2.2416666666666667,3.4,0.0,736.0,2038.0,113.6,59.45416666666667,2.5777777777777775,57.4,35.020833333333336,2.913333333333333,36.4,19.366666666666667,2.348148148148148,12.4,9.783333333333333,1.7400000000000002,1.7,0.875,0.17,NO2,2.913333333333333,9,2023,False
2023-09-09,29.6,22.245833333333334,67.45833333333333,1.5541666666666665,2.4,0.0,727.0,1955.0,145.9,67.02083333333333,3.019791666666667,60.7,33.958333333333336,3.0175,32.9,22.745833333333334,2.2185185185185183,23.6,13.5,2.5733333333333333,1.3,0.8208333333333334,0.13,O3,3.019791666666667,9,2023,False
2023-09-10,30.2,22.09166666666667,70.08333333333333,1.4749999999999999,2.1,0.0,721.0,1888.0,146.4,68.86666666666666,3.025,49.9,29.491666666666664,2.663333333333333,69.1,33.083333333333336,3.4194444444444443,27.2,15.975,2.8133333333333335,1.2,0.8166666666666668,0.12,PM10,3.4194444444444443,9,2023,False
2023-09-11,30.0,22.133333333333336,70.375,1.6125,2.3,0.0,719.0,1853.0,122.5,53.30833333333334,2.701388888888889,85.1,43.63333333333333,3.6275,52.1,41.104166666666664,2.9296296296296296,18.6,16.483333333333334,2.24,4.6,1.4749999999999999,0.45999999999999996,NO2,3.6275,9,2023,False
2023-09-12,29.7,22.53333333333333,72.375,2.1708333333333334,5.3,2.4,556.0,1620.0,161.7,72.375,3.1843749999999997,61.0,37.85,3.025,42.9,37.4125,2.5888888888888886,20.5,16.716666666666665,2.3666666666666667,6.5,1.4000000000000001,0.65,O3,3.1843749999999997,9,2023,False
2023-09-13,23.4,19.758333333333333,77.70833333333333,3.783333333333333,5.9,0.0,193.0,1076.0,89.3,52.637499999999996,2.2402777777777776,39.7,21.329166666666666,2.3233333333333333,18.3,11.958333333333334,1.5166666666666666,9.3,6.516666666666667,1.4300000000000002,0.8,0.8000000000000002,0.08000000000000002,NO2,2.3233333333333333,9,2023,False
2023-09-14,21.2,16.570833333333333,65.875,2.654166666666667,5.1,0.0,678.0,1791.0,74.2,49.73636363636364,2.0305555555555554,31.8,15.52727272727273,2.06,12.4,8.983333333333333,1.1888888888888889,5.9,4.483333333333333,1.09,1.2,0.8166666666666668,0.12,NO2,2.06,9,2023,False
2023-09-15,24.7,17.408333333333335,67.08333333333333,2.404166666666667,3.5,0.0,663.0,1811.0,88.0,40.887499999999996,2.2222222222222223,39.3,23.754166666666666,2.31,15.5,11.233333333333334,1.3611111111111112,8.2,5.7,1.3199999999999998,0.8,0.8000000000000002,0.08000000000000002,NO2,2.31,9,2023,False
2023-09-16,27.9,20.933333333333334,67.04166666666667,1.8916666666666666,2.6,0.7,538.0,1608.0,107.1,56.44583333333333,2.4875,56.4,27.4375,2.88,21.1,14.020833333333334,1.6722222222222223,12.5,7.683333333333334,1.75,1.2,0.8166666666666668,0.12,NO2,2.88,9,2023,False
2023-09-17,28.7,22.879166666666666,72.125,2.308333333333333,4.7,0.3,614.0,1563.0,86.7,43.958333333333336,2.2041666666666666,55.7,28.1125,2.856666666666667,27.7,17.033333333333335,2.0259259259259257,14.4,9.950000000000001,1.94,3.0,1.1708333333333334,0.30000000000000004,NO2,2.856666666666667,9,2023,False
2023-09-18,23.8,20.650000000000002,77.16666666666667,4.458333333333333,7.4,0.7,94.0,822.0,61.3,42.5875,1.7770833333333331,45.9,25.6375,2.53,29.3,16.075,2.085185185185185,10.7,7.345833333333334,1.5699999999999998,10.8,1.8333333333333333,1.04,NO2,2.53,9,2023,False
2023-09-19,21.2,17.741666666666667,71.08333333333333,5.783333333333334,8.7,0.5,441.0,1448.0,60.7,42.666666666666664,1.7645833333333334,37.2,22.604166666666668,2.24,12.6,9.85,1.2,5.6,4.433333333333334,1.06,8.2,1.7249999999999999,0.82,NO2,2.24,9,2023,False
2023-09-20,25.7,18.679166666666667,69.5,3.533333333333333,6.5,0.0,418.0,1350.0,77.7,36.75,2.0791666666666666,76.4,31.599999999999998,3.41,22.4,11.745833333333332,1.7444444444444445,8.6,4.8374999999999995,1.3599999999999999,4.4,1.4458333333333335,0.44000000000000006,NO2,3.41,9,2023,False
2023-09-21,25.2,17.541666666666668,78.625,2.1,6.3,4.6,77.0,809.0,64.6,23.36086956521739,1.8458333333333332,55.5,37.643478260869564,2.85,27.4,14.566666666666665,2.0148148148148146,10.2,6.383333333333333,1.52,2.3,1.0434782608695652,0.22999999999999998,NO2,2.85,9,2023,False
2023-09-22,19.8,15.520833333333334,81.33333333333333,4.6625000000000005,7.2,5.0,216.0,1022.0,63.7,44.27916666666667,1.8270833333333334,44.6,22.929166666666664,2.486666666666667,10.9,7.808333333333334,1.1055555555555556,4.0,3.483333333333333,0.8,4.6,1.4375,0.45999999999999996,NO2,2.486666666666667,9,2023,False
2023-09-23,17.2,12.804166666666667,79.95833333333333,3.8833333333333333,5.6,0.0,342.0,971.0,61.8,38.204166666666666,1.7874999999999999,44.4,23.704166666666666,2.48,14.0,7.9375,1.2777777777777777,8.4,3.9416666666666664,1.34,1.3,0.8416666666666668,0.13,NO2,2.48,9,2023,False
2023-09-24,20.6,12.9,74.45833333333333,1.6083333333333334,2.5,0.0,667.0,1669.0,70.0,23.6375,1.9583333333333333,62.7,29.041666666666668,3.0675,28.5,11.595833333333333,2.0555555555555554,20.0,7.016666666666667,2.3333333333333335,2.5,0.9541666666666667,0.25,NO2,3.0675,9,2023,False
2023-09-25,21.9,14.566666666666668,72.08333333333333,2.1333333333333333,3.1,0.0,652.0,1646.0,73.2,30.1125,2.0166666666666666,54.4,30.1875,2.8133333333333335,17.4,10.216666666666667,1.4666666666666666,9.8,5.558333333333334,1.48,1.2,0.8166666666666668,0.12,NO2,2.8133333333333335,9,2023,False
2023-09-26,23.4,15.870833333333332,75.75,1.8375000000000001,2.7,0.0,657.0,1608.0,79.4,26.7375,2.102777777777778,88.8,39.079166666666666,3.7199999999999998,21.4,14.629166666666668,1.6888888888888887,11.0,7.729166666666667,1.6,4.7,1.2041666666666668,0.47000000000000003,NO2,3.7199999999999998,9,2023,False
2023-09-27,24.9,16.48333333333333,80.08333333333333,1.425,2.3,0.0,638.0,1532.0,80.9,27.087500000000002,2.1236111111111113,87.6,41.80833333333333,3.69,23.9,17.375,1.8277777777777775,13.2,9.954166666666667,1.8199999999999998,5.0,1.1333333333333333,0.5,NO2,3.69,9,2023,False
2023-09-28,25.5,17.595833333333335,79.91666666666667,1.5250000000000001,2.7,0.0,603.0,1403.0,67.8,25.025000000000002,1.9124999999999999,87.5,45.262499999999996,3.6875,29.5,21.6375,2.0925925925925926,17.6,11.391666666666666,2.1733333333333333,10.8,2.3291666666666666,1.04,NO2,3.6875,9,2023,False
2023-09-29,26.2,18.741666666666667,78.33333333333333,3.9458333333333333,11.8,1.4,220.0,985.0,70.3,24.275000000000002,1.9645833333333331,59.5,37.800000000000004,2.9833333333333334,32.8,21.6125,2.214814814814815,17.9,11.870833333333332,2.1933333333333334,9.0,1.741666666666667,0.9,NO2,2.9833333333333334,9,2023,False
2023-09-30,20.1,16.004166666666666,73.29166666666667,2.191666666666667,5.0,0.0,535.0,1404.0,74.2,44.01666666666667,2.0305555555555554,48.8,21.1375,2.6266666666666665,16.3,11.391666666666666,1.4055555555555554,10.1,7.008333333333333,1.51,1.2,0.8166666666666668,0.12,NO2,2.6266666666666665,9,2023,False
2023-10-01,23.3,14.18695652173913,80.1304347826087,1.643478260869565,3.4,0.0,628.0,1440.0,83.3,27.97826086956522,2.1569444444444446,69.7,33.13478260869565,3.2425,23.1,15.11304347826087,1.7833333333333332,14.7,9.891304347826088,1.97,13.0,2.152173913043478,1.15,NO2,3.2425,10,2023,False
2023-10-02,25.4,15.945833333333333,81.04166666666667,1.3333333333333333,2.7,0.0,617.0,1416.0,72.4,21.329166666666666,2.0055555555555555,89.3,46.62083333333334,3.7325,33.3,22.570833333333336,2.2333333333333334,19.1,14.691666666666668,2.2733333333333334,14.0,3.1625,1.2,NO2,3.7325,10,2023,False
2023-10-03,23.9,15.166666666666666,87.58333333333333,3.725,7.3,5.0,59.0,485.0,64.9,30.420833333333334,1.8520833333333333,63.2,30.316666666666666,3.08,30.3,20.058333333333334,2.1222222222222222,21.1,13.191666666666668,2.4066666666666667,3.9,1.0291666666666666,0.39,NO2,3.08,10,2023,False
2023-10-04,18.2,12.075000000000001,82.0,3.15,5.8,0.0,449.0,1197.0,52.6,24.912499999999998,1.5958333333333332,56.6,32.775,2.8866666666666667,17.5,13.125,1.4722222222222223,10.8,6.441666666666666,1.58,1.6,0.8541666666666666,0.16000000000000003,NO2,2.8866666666666667,10,2023,False
2023-10-05,16.2,11.3125,87.29166666666667,2.908333333333333,4.8,0.0,109.0,651.0,38.3,12.862499999999999,1.2979166666666666,60.7,36.67916666666667,3.0175,24.7,16.020833333333332,1.8722222222222222,11.1,8.5875,1.6099999999999999,3.2,1.0130434782608695,0.32000000000000006,NO2,3.0175,10,2023,False
2023-10-06,18.6,11.125,86.54166666666667,2.125,4.2,0.0,361.0,1130.0,54.3,15.366666666666667,1.6312499999999999,68.0,34.24166666666667,3.2,31.3,16.3875,2.1592592592592594,15.8,8.929166666666667,2.0533333333333332,9.1,2.1875,0.91,NO2,3.2,10,2023,False
2023-10-07,20.5,14.195833333333333,79.5,4.554166666666666,8.0,0.0,270.0,916.0,61.6,30.416666666666668,1.7833333333333332,57.9,29.929166666666664,2.9299999999999997,20.6,16.104166666666668,1.6444444444444444,12.1,9.554166666666667,1.71,2.7,0.9541666666666667,0.27,NO2,2.9299999999999997,10,2023,False
2023-10-08,21.6,16.933333333333334,76.20833333333333,3.3666666666666667,6.2,0.0,41.0,736.0,48.2,33.699999999999996,1.5041666666666667,32.7,24.354166666666668,2.0900000000000003,20.5,15.370833333333332,1.6388888888888888,10.7,7.7749999999999995,1.5699999999999998,4.0,1.0791666666666668,0.4,NO2,2.0900000000000003,10,2023,False
2023-10-09,22.1,15.916666666666666,81.5,2.379166666666667,5.9,0.0,20.0,512.0,29.4,8.975,1.1125,73.0,38.329166666666666,3.325,36.8,22.224999999999998,2.3629629629629627,13.0,9.470833333333333,1.8,7.2,1.8583333333333334,0.7200000000000001,NO2,3.325,10,2023,False
2023-10-10,23.0,15.454166666666666,79.625,2.5833333333333335,4.1,0.0,566.0,0.0,51.0,23.15416666666667,1.5625,76.4,42.42916666666667,3.41,37.9,23.875,2.4037037037037035,13.4,11.075000000000001,1.84,14.2,2.8625000000000003,1.21,NO2,3.41,10,2023,False
2023-10-11,27.0,17.958333333333332,69.08333333333333,3.5875,6.8,0.0,541.0,0.0,80.1,23.0625,2.1125,96.1,51.020833333333336,3.9025,40.8,30.71666666666667,2.511111111111111,14.8,12.658333333333333,1.98,4.5,1.3499999999999999,0.45,NO2,3.9025,10,2023,False
2023-10-12,18.1,16.204166666666666,85.20833333333333,3.0625,5.7,1.9,0.0,256.0,39.8,15.008333333333333,1.3291666666666666,64.7,47.39166666666667,3.1175,34.4,27.150000000000002,2.274074074074074,13.6,12.295833333333334,1.8599999999999999,2.0,0.9500000000000001,0.2,NO2,3.1175,10,2023,False
2023-10-13,26.8,19.345833333333335,73.83333333333333,3.341666666666667,6.9,0.0,282.0,932.0,59.9,20.379166666666666,1.7479166666666666,89.3,42.237500000000004,3.7325,35.2,28.020833333333332,2.303703703703704,17.5,12.591666666666667,2.1666666666666665,4.6,1.1291666666666667,0.45999999999999996,NO2,3.7325,10,2023,False
2023-10-14,22.7,16.404166666666665,60.208333333333336,6.683333333333334,12.2,2.6,419.0,1094.0,66.0,53.05416666666667,1.875,45.9,17.008333333333333,2.53,34.5,15.745833333333332,2.2777777777777777,12.5,6.529166666666666,1.75,0.8,0.8000000000000002,0.08000000000000002,NO2,2.53,10,2023,False
2023-10-15,11.9,7.629166666666666,78.125,3.5583333333333336,6.9,0.2,391.0,1001.0,56.4,35.65833333333333,1.6749999999999998,32.5,19.0125,2.0833333333333335,9.7,7.445833333333333,1.0388888888888888,5.2,4.1875,1.02,0.8,0.8000000000000002,0.08000000000000002,NO2,2.0833333333333335,10,2023,False
2023-10-16,11.9,5.4750000000000005,79.625,1.8625,3.4,0.0,480.0,1074.0,55.8,21.241666666666667,1.6624999999999999,50.6,27.1875,2.6866666666666665,16.2,10.424999999999999,1.4,11.2,6.516666666666667,1.62,0.8,0.8000000000000002,0.08000000000000002,NO2,2.6866666666666665,10,2023,False
2023-10-17,12.9,7.333333333333333,74.0,2.5791666666666666,4.3,0.0,237.0,740.0,40.4,18.525000000000002,1.3416666666666666,53.1,30.570833333333336,2.77,21.6,11.35,1.7000000000000002,10.0,6.004166666666666,1.5,0.8,0.8000000000000002,0.08000000000000002,NO2,2.77,10,2023,False
2023-10-18,14.2,9.166666666666666,68.875,2.8166666666666664,4.2,0.1,344.0,866.0,36.2,22.4375,1.2541666666666667,45.2,27.633333333333336,2.506666666666667,23.9,14.637500000000001,1.8277777777777775,12.1,8.233333333333333,1.71,0.8,0.8000000000000002,0.08000000000000002,NO2,2.506666666666667,10,2023,False
2023-10-19,16.7,13.4,94.54166666666667,1.9041666666666668,3.0,6.8,56.0,392.0,27.2,7.527272727272727,1.0666666666666667,45.3,30.67391304347826,2.51,33.0,21.162499999999998,2.2222222222222223,24.2,14.966666666666667,2.6133333333333333,0.8,0.8,0.08000000000000002,PM2.5,2.6133333333333333,10,2023,False
2023-10-20,17.3,14.525,91.20833333333333,3.15,7.5,6.2,17.0,330.0,52.8,15.195833333333333,1.5999999999999999,44.3,26.954166666666666,2.4766666666666666,20.9,12.220833333333333,1.661111111111111,13.5,7.6875,1.85,1.4,0.8458333333333333,0.13999999999999999,NO2,2.4766666666666666,10,2023,False
2023-10-21,18.1,14.637500000000001,75.25,5.466666666666666,11.7,2.0,349.0,908.0,63.0,37.958333333333336,1.8125,56.7,27.162499999999998,2.89,12.0,7.0249999999999995,1.1666666666666667,7.0,3.5083333333333333,1.2,2.6,1.0291666666666668,0.26,NO2,2.89,10,2023,False
2023-10-22,15.6,12.616666666666667,75.08333333333333,4.541666666666667,7.7,0.0,39.0,529.0,54.0,38.145833333333336,1.625,72.9,26.8625,3.3225000000000002,10.9,8.745833333333334,1.1055555555555556,6.3,4.620833333333334,1.13,4.0,1.3375000000000001,0.4,NO2,3.3225000000000002,10,2023,False
2023-10-23,14.3,10.020833333333334,89.41666666666667,1.8583333333333334,3.0,4.1,165.0,528.0,19.3,6.670833333333333,0.8041666666666667,48.0,30.983333333333334,2.6,16.3,11.991666666666667,1.4055555555555554,11.3,6.8500000000000005,1.6300000000000001,0.8,0.8000000000000002,0.08000000000000002,NO2,2.6,10,2023,False
2023-10-24,13.2,11.504166666666668,96.75,2.220833333333333,3.3,1.8,0.0,167.0,16.0,6.333333333333333,0.6666666666666666,47.6,33.27916666666667,2.586666666666667,18.0,13.275,1.5,11.6,8.6,1.6600000000000001,3.1,1.1958333333333335,0.31000000000000005,NO2,2.586666666666667,10,2023,False
2023-10-25,12.7,9.779166666666667,96.95833333333333,2.4833333333333334,5.6,9.6,12.0,243.0,30.3,8.891666666666666,1.13125,38.8,30.045833333333334,2.293333333333333,18.9,10.975,1.5499999999999998,12.3,6.854166666666667,1.73,1.6,0.8333333333333334,0.16000000000000003,NO2,2.293333333333333,10,2023,False
2023-10-26,12.3,11.083333333333334,86.125,3.920833333333333,7.6,0.7,98.0,442.0,42.1,28.817391304347826,1.3770833333333332,44.9,29.179166666666664,2.4966666666666666,14.4,8.841666666666667,1.3,10.4,5.333333333333333,1.54,2.2,0.9000000000000001,0.22000000000000003,NO2,2.4966666666666666,10,2023,False
2023-10-27,14.5,10.9125,91.70833333333333,3.7541666666666664,7.0,11.9,121.0,450.0,47.1,20.599999999999998,1.48125,46.4,31.879166666666666,2.546666666666667,16.8,10.375,1.4333333333333333,11.8,6.1625000000000005,1.6800000000000002,0.8,0.8000000000000002,0.08000000000000002,NO2,2.546666666666667,10,2023,False
2023-10-28,14.1,11.595833333333333,86.04166666666667,4.495833333333334,7.5,1.3,2.0,263.0,57.3,34.420833333333334,1.6937499999999999,50.8,27.09166666666667,2.6933333333333334,12.7,8.116666666666665,1.2055555555555555,7.6,4.4750000000000005,1.26,4.1,1.4958333333333333,0.41,NO2,2.6933333333333334,10,2023,False
2023-10-29,13.8,12.212,91.92,4.26,7.3,16.0,0.0,0.0,53.3,32.352,1.6104166666666666,54.1,27.364,2.8033333333333332,10.2,6.888,1.0666666666666667,6.3,3.952,1.13,3.1,1.4120000000000001,0.31000000000000005,NO2,2.8033333333333332,10,2023,False
2023-10-30,14.3,12.549999999999999,94.41666666666667,2.566666666666667,4.3,9.5,1.0,0.0,47.5,30.1125,1.4895833333333333,55.0,34.78333333333333,2.8333333333333335,14.3,8.454166666666667,1.2944444444444445,7.3,4.2875000000000005,1.23,5.8,1.5083333333333335,0.58,NO2,2.8333333333333335,10,2023,False
2023-10-31,15.4,12.104166666666666,80.08333333333333,5.7875000000000005,7.8,0.6,220.0,652.0,50.6,36.24166666666667,1.5541666666666667,41.3,28.09583333333333,2.3766666666666665,13.3,8.708333333333334,1.238888888888889,7.0,3.9875000000000003,1.2,3.9,1.075,0.39,NO2,2.3766666666666665,10,2023,False
2023-11-01,14.8,12.682608695652174,78.56521739130434,4.826086956521739,8.6,0.5,121.0,538.0,51.9,30.208695652173912,1.5812499999999998,46.8,25.747826086956525,2.56,21.9,10.326086956521738,1.7166666666666666,6.1,4.5,1.1099999999999999,5.7,1.9217391304347828,0.5700000000000001,NO2,2.56,11,2023,False
2023-11-02,12.7,11.125,77.91666666666667,5.7875000000000005,8.9,4.300000000000001,0.0,172.0,63.4,48.26666666666667,1.8208333333333333,34.8,22.141666666666666,2.1599999999999997,7.7,6.3875,0.8555555555555555,3.2,2.8708333333333336,0.6400000000000001,7.4,1.5041666666666667,0.7400000000000001,NO2,2.1599999999999997,11,2023,False
2023-11-03,11.2,8.591666666666667,78.25,5.716666666666666,7.6,0.0,101.0,383.0,61.7,40.36666666666667,1.7854166666666667,48.6,26.054166666666664,2.62,14.7,10.154166666666667,1.3166666666666667,7.7,4.841666666666667,1.27,5.3,1.4583333333333333,0.53,NO2,2.62,11,2023,False
2023-11-04,10.7,8.6,82.16666666666667,5.354166666666667,8.5,2.3,63.0,312.0,46.8,35.57083333333333,1.4749999999999999,35.8,23.145833333333332,2.1933333333333334,14.6,6.541666666666667,1.3111111111111111,7.5,3.720833333333333,1.25,10.9,1.4791666666666667,1.045,NO2,2.1933333333333334,11,2023,False
2023-11-05,13.1,11.137500000000001,79.125,8.008333333333333,10.5,2.7,0.0,223.0,65.3,51.9625,1.8604166666666666,28.3,17.758333333333333,1.915,6.4,4.845833333333333,0.7111111111111111,3.9,2.65,0.78,5.9,1.3916666666666668,0.5900000000000001,NO2,1.915,11,2023,False
2023-11-06,13.3,10.570833333333333,79.625,6.4375,8.8,3.8,146.0,513.0,49.9,38.454166666666666,1.5395833333333333,43.5,27.333333333333332,2.45,13.2,8.358333333333333,1.2333333333333334,6.0,4.2375,1.1,2.9,1.0416666666666667,0.29,NO2,2.45,11,2023,False
2023-11-07,11.3,9.0,83.75,5.320833333333334,7.3,0.7,106.0,330.0,50.2,37.09166666666667,1.5458333333333334,44.4,25.599999999999998,2.48,10.2,7.129166666666666,1.0666666666666667,5.0,3.6875,1.0,9.4,2.841666666666667,0.9400000000000001,NO2,2.48,11,2023,False
2023-11-08,10.8,8.979166666666666,77.75,5.429166666666667,7.1,0.0,85.0,429.0,53.0,37.86666666666667,1.6041666666666665,49.3,29.491666666666664,2.643333333333333,13.4,9.454166666666667,1.2444444444444445,6.4,4.875,1.1400000000000001,4.9,1.5291666666666668,0.49000000000000005,NO2,2.643333333333333,11,2023,False
2023-11-09,10.5,8.695833333333333,82.20833333333333,5.208333333333333,6.9,1.7,0.0,166.0,51.9,28.40833333333333,1.5812499999999998,47.0,33.358333333333334,2.5666666666666664,21.3,9.7125,1.6833333333333333,6.5,5.425,1.15,8.1,4.333333333333333,0.81,NO2,2.5666666666666664,11,2023,False
2023-11-10,10.7,8.4625,82.25,5.870833333333334,8.3,2.0,80.0,387.0,55.6,45.916666666666664,1.6583333333333332,37.8,22.662499999999998,2.26,10.0,6.8999999999999995,1.0555555555555556,4.5,3.5583333333333336,0.9,8.3,3.029166666666667,0.8300000000000001,NO2,2.26,11,2023,False
2023-11-11,9.5,7.2,81.70833333333333,5.329166666666667,8.1,4.1,86.0,377.0,65.1,38.97083333333333,1.8562499999999997,42.7,25.599999999999998,2.4233333333333333,10.8,6.708333333333333,1.1,7.1,3.908333333333333,1.21,0.8,0.8000000000000002,0.08000000000000002,NO2,2.4233333333333333,11,2023,False
2023-11-12,8.4,5.504166666666666,92.29166666666667,1.5208333333333333,3.1,0.0,2.0,295.0,35.7,20.491666666666667,1.2437500000000001,53.6,27.829166666666666,2.7866666666666666,24.6,13.858333333333334,1.8666666666666667,19.1,10.137500000000001,2.2733333333333334,1.8,0.8958333333333334,0.18000000000000002,NO2,2.7866666666666666,11,2023,False
2023-11-13,14.7,9.6625,91.5,4.3125,8.9,14.0,0.0,50.0,56.5,22.582608695652173,1.6770833333333333,52.2,28.991304347826084,2.74,14.3,9.129166666666666,1.2944444444444445,10.2,6.229166666666667,1.52,5.2,1.1409090909090909,0.52,NO2,2.74,11,2023,False
2023-11-14,13.3,11.275,76.33333333333333,7.3500000000000005,10.2,2.6,5.0,0.0,61.0,46.4625,1.7708333333333333,35.1,24.95,2.17,16.3,11.729166666666666,1.4055555555555554,8.4,6.145833333333333,1.34,2.6,0.875,0.26,NO2,2.17,11,2023,False
2023-11-15,13.0,10.720833333333333,75.54166666666667,6.370833333333334,9.6,2.3000000000000003,183.0,415.0,66.3,44.025,1.8812499999999999,56.4,26.9875,2.88,10.4,7.066666666666666,1.0777777777777777,5.9,3.7624999999999997,1.09,0.8,0.8000000000000002,0.08000000000000002,NO2,2.88,11,2023,False
2023-11-16,8.8,7.2250000000000005,90.25,2.625,4.6,4.3,16.0,187.0,39.6,16.154166666666665,1.325,60.0,42.666666666666664,3.0,18.5,12.5625,1.5277777777777777,12.2,7.0249999999999995,1.72,0.8,0.8000000000000002,0.08000000000000002,NO2,3.0,11,2023,False
2023-11-17,7.7,6.5375000000000005,90.79166666666667,2.48,3.1,1.9000000000000001,10.0,219.0,38.4,14.862499999999999,1.2999999999999998,53.6,33.85,2.7866666666666666,18.3,14.049999999999999,1.5166666666666666,13.2,9.5875,1.8199999999999998,0.8,0.8,0.08000000000000002,NO2,2.7866666666666666,11,2023,False
2023-11-18,7.4,4.829166666666667,94.625,,,7.0,0.0,142.0,36.5,10.458333333333334,1.2604166666666665,42.9,31.575,2.4299999999999997,35.4,15.916666666666666,2.311111111111111,24.8,11.370833333333332,2.6533333333333333,1.3,0.875,0.13,PM2.5,2.6533333333333333,11,2023,False
2023-11-19,15.3,11.475,78.75,,,2.3,306.0,504.0,64.4,36.708333333333336,1.8416666666666668,43.4,24.229166666666668,2.4466666666666668,12.8,8.933333333333334,1.2111111111111112,6.8,5.366666666666667,1.18,2.7,1.1291666666666667,0.27,NO2,2.4466666666666668,11,2023,False
2023-11-20,12.6,11.308333333333332,75.25,,,0.4,125.0,397.0,58.2,42.85833333333333,1.7125,48.7,27.854166666666668,2.6233333333333335,12.0,8.758333333333333,1.1666666666666667,6.5,4.633333333333334,1.15,5.5,0.9958333333333335,0.55,NO2,2.6233333333333335,11,2023,False
2023-11-21,11.6,9.191666666666666,84.29166666666667,,,3.8,45.0,340.0,51.9,32.8375,1.5812499999999998,39.9,23.045833333333334,2.33,21.5,9.775,1.6944444444444444,17.2,6.2625,2.1466666666666665,4.3,1.1083333333333334,0.43,NO2,2.33,11,2023,False
2023-11-22,5.8,2.2333333333333334,74.45833333333333,,,0.2,125.0,351.0,48.5,29.695652173913043,1.5104166666666665,57.8,25.02173913043478,2.9266666666666667,17.5,10.133333333333333,1.4722222222222223,10.6,6.3125,1.56,0.8,0.8,0.08000000000000002,NO2,2.9266666666666667,11,2023,False
2023-11-23,8.7,4.0249999999999995,82.91666666666667,,,0.0,13.0,234.0,18.7,12.570833333333333,0.7791666666666666,41.2,32.21666666666667,2.3733333333333335,20.7,15.774999999999999,1.65,12.2,10.549999999999999,1.72,10.0,1.7958333333333334,1.0,NO2,2.3733333333333335,11,2023,False
2023-11-24,9.4,6.329166666666667,79.04166666666667,,,3.0,86.0,254.0,73.5,48.354166666666664,2.0208333333333335,46.3,22.229166666666668,2.543333333333333,11.5,7.454166666666667,1.1388888888888888,8.1,4.383333333333334,1.31,1.7,0.8375,0.17,NO2,2.543333333333333,11,2023,False
2023-11-25,5.9,3.954166666666667,78.91666666666667,,,2.3,31.0,201.0,64.8,50.125,1.8499999999999999,34.6,18.958333333333332,2.1533333333333333,17.4,8.216666666666667,1.4666666666666666,8.0,4.654166666666667,1.3,0.8,0.8000000000000002,0.08000000000000002,NO2,2.1533333333333333,11,2023,False
2023-11-26,6.2,4.083333333333333,85.16666666666667,,,0.1,0.0,212.0,45.7,29.59166666666667,1.4520833333333334,31.6,24.008333333333336,2.0533333333333332,13.5,9.245833333333334,1.25,8.3,6.341666666666666,1.33,0.8,0.8000000000000002,0.08000000000000002,NO2,2.0533333333333332,11,2023,False
2023-11-27,4.6,2.120833333333333,89.58333333333333,,,23.3,0.0,62.0,45.2,32.4375,1.4416666666666667,47.3,27.912499999999998,2.5766666666666667,12.3,9.325000000000001,1.1833333333333333,8.6,6.675,1.3599999999999999,16.8,6.304166666666667,1.34,NO2,2.5766666666666667,11,2023,False
2023-11-28,2.2,1.0291666666666666,81.5,3.5,5.0,2.0,0.0,94.0,47.7,28.212500000000002,1.49375,48.0,25.95,2.6,27.8,9.512500000000001,2.0296296296296297,10.1,5.3625,1.51,8.8,1.2458333333333333,0.8800000000000001,NO2,2.6,11,2023,False
2023-11-29,4.3,0.7875,83.25,4.5181818181818185,7.2,0.0,90.0,271.0,25.9,14.979166666666666,1.0395833333333333,47.5,35.21666666666667,2.5833333333333335,18.7,13.995833333333332,1.5388888888888888,12.6,10.554166666666667,1.76,8.0,1.3625,0.8,NO2,2.5833333333333335,11,2023,False
2023-11-30,4.8,2.4791666666666665,88.83333333333333,,,0.0,80.0,306.0,11.3,3.975,0.4708333333333333,50.0,37.583333333333336,2.6666666666666665,24.3,20.704166666666666,1.85,19.4,15.895833333333334,2.293333333333333,2.5,1.0666666666666667,0.25,NO2,2.6666666666666665,11,2023,False
2023-12-01,2.1,1.2260869565217392,76.17391304347827,5.9,6.3,0.0,0.0,161.0,39.6,29.47391304347826,1.325,37.3,20.40434782608696,2.243333333333333,22.7,15.878260869565217,1.761111111111111,17.2,9.434782608695652,2.1466666666666665,0.8,0.8,0.08000000000000002,NO2,2.243333333333333,12,2023,False
2023-12-02,-0.8,-1.5666666666666667,70.04166666666667,4.520833333333333,6.7,0.0,0.0,103.0,48.5,36.520833333333336,1.5104166666666665,31.6,16.712500000000002,2.0533333333333332,31.8,16.45,2.1777777777777776,15.9,8.65,2.06,0.8,0.8000000000000002,0.08000000000000002,PM10,2.1777777777777776,12,2023,False
2023-12-03,0.6,-2.245833333333333,77.16666666666667,2.9916666666666667,4.5,0.0,395.0,464.0,21.6,11.591666666666667,0.9,52.6,30.40416666666667,2.7533333333333334,65.7,28.875,3.325,23.5,19.349999999999998,2.5666666666666664,1.2,0.8166666666666668,0.12,PM10,3.325,12,2023,False
2023-12-04,0.8,-2.004166666666667,83.125,1.9833333333333334,2.7,4.6,0.0,108.0,18.1,8.604166666666666,0.7541666666666667,54.8,40.949999999999996,2.8266666666666667,64.2,25.166666666666668,3.283333333333333,21.4,17.341666666666665,2.4266666666666667,2.1,0.8916666666666667,0.21000000000000002,PM10,3.283333333333333,12,2023,False
2023-12-05,6.6,3.1875,91.41666666666667,4.208333333333333,7.6,7.1,6.0,150.0,32.0,14.545833333333334,1.1666666666666667,56.4,38.0875,2.88,31.5,15.554166666666667,2.1666666666666665,21.4,11.366666666666667,2.4266666666666667,3.3,1.1625,0.33,NO2,2.88,12,2023,False
2023-12-06,4.5,3.516666666666667,87.0,3.4916666666666667,4.4,0.6,0.0,75.0,18.6,7.983333333333333,0.775,60.2,37.30416666666667,3.005,34.9,17.229166666666668,2.2925925925925927,15.4,10.1625,2.026666666666667,0.8,0.8000000000000002,0.08000000000000002,NO2,3.005,12,2023,False
2023-12-07,2.7,-0.2083333333333333,93.375,1.8666666666666665,3.2,0.0,23.0,170.0,13.3,5.05,0.5541666666666667,54.7,41.47826086956522,2.8233333333333333,30.2,20.283333333333335,2.1185185185185187,24.1,15.5375,2.606666666666667,2.6,1.0818181818181818,0.26,NO2,2.8233333333333333,12,2023,False
2023-12-08,3.0,1.6666666666666667,91.41666666666667,1.7666666666666666,2.7,1.9,0.0,73.0,22.9,7.708333333333333,0.9541666666666666,49.1,39.891666666666666,2.6366666666666667,33.2,24.825,2.22962962962963,26.9,19.537499999999998,2.793333333333333,0.8,0.8000000000000002,0.08000000000000002,PM2.5,2.793333333333333,12,2023,False
2023-12-09,8.1,5.629166666666666,93.58333333333333,3.391666666666667,6.8,9.799999999999999,10.0,169.0,42.3,13.775,1.3812499999999999,44.5,35.18333333333333,2.4833333333333334,35.1,20.670833333333334,2.3,28.0,16.191666666666666,2.8666666666666667,2.8,0.9208333333333334,0.27999999999999997,PM2.5,2.8666666666666667,12,2023,False
2023-12-10,11.4,9.295833333333333,74.58333333333333,7.741666666666667,8.9,1.0,57.0,255.0,63.8,50.94583333333333,1.8291666666666666,36.9,21.5625,2.23,17.9,13.483333333333334,1.4944444444444445,9.7,7.508333333333333,1.47,4.8,1.4291666666666665,0.48,NO2,2.23,12,2023,False
2023-12-11,12.8,10.495833333333334,72.41666666666667,6.008333333333333,9.9,0.0,86.0,235.0,59.5,35.72083333333333,1.7395833333333333,64.9,35.920833333333334,3.1225,22.1,10.258333333333333,1.7277777777777779,7.7,5.054166666666666,1.27,0.8,0.8000000000000002,0.08000000000000002,NO2,3.1225,12,2023,False
2023-12-12,8.9,7.595833333333334,91.33333333333333,2.3666666666666667,6.3,8.8,21.0,87.0,41.8,13.299999999999999,1.3708333333333331,59.4,45.3125,2.98,22.9,17.054166666666667,1.7722222222222221,15.9,10.35,2.06,0.8,0.8000000000000002,0.08000000000000002,NO2,2.98,12,2023,False
2023-12-13,10.9,7.366666666666667,92.83333333333333,2.390909090909091,4.0,2.6,140.0,353.0,33.7,14.120833333333335,1.2020833333333334,64.1,48.0,3.1025,15.5,10.379166666666666,1.3611111111111112,8.6,6.125,1.3599999999999999,3.5,1.0625,0.35000000000000003,NO2,3.1025,12,2023,False
2023-12-14,8.1,4.779166666666667,89.29166666666667,2.704166666666667,4.8,0.3,0.0,106.0,13.5,5.358333333333333,0.5625,46.6,31.3625,2.5533333333333332,16.1,12.278260869565216,1.3944444444444444,11.5,7.630434782608695,1.65,2.2,0.9608695652173914,0.22000000000000003,NO2,2.5533333333333332,12,2023,False
2023-12-15,7.5,5.204166666666667,89.75,2.6791666666666667,3.7,0.30000000000000004,5.0,191.0,21.2,6.804166666666667,0.8833333333333333,46.0,33.78333333333333,2.533333333333333,21.9,16.058333333333334,1.7166666666666666,12.9,10.808333333333332,1.79,1.7,0.8375,0.17,NO2,2.533333333333333,12,2023,False
2023-12-16,8.6,5.2125,86.91666666666667,2.470833333333333,4.5,0.0,116.0,249.0,26.2,6.408333333333334,1.0458333333333334,59.0,40.704166666666666,2.966666666666667,29.3,18.51666666666667,2.085185185185185,13.8,10.5875,1.8800000000000001,1.3,0.8375,0.13,NO2,2.966666666666667,12,2023,False
2023-12-17,3.5,2.845833333333333,95.04166666666667,2.345833333333333,3.6,0.0,0.0,150.0,14.7,7.429166666666667,0.6124999999999999,43.2,38.13333333333333,2.44,28.3,19.291666666666668,2.0481481481481483,22.3,14.5875,2.486666666666667,2.2,1.0166666666666668,0.22000000000000003,PM2.5,2.486666666666667,12,2023,False
2023-12-18,2.2,1.0083333333333333,98.25,3.123076923076923,4.5,0.0,0.0,114.0,5.6,2.1458333333333335,0.2333333333333333,41.2,33.40416666666667,2.3733333333333335,29.8,20.670833333333334,2.1037037037037036,24.1,16.145833333333332,2.606666666666667,0.8,0.8000000000000002,0.08000000000000002,PM2.5,2.606666666666667,12,2023,False
2023-12-19,4.9,2.3916666666666666,91.45833333333333,6.508333333333333,7.9,4.8,0.0,104.0,24.4,9.316666666666666,1.0083333333333333,46.5,34.300000000000004,2.55,20.4,16.587500000000002,1.6333333333333333,17.2,12.458333333333334,2.1466666666666665,0.8,0.8000000000000002,0.08000000000000002,NO2,2.55,12,2023,False
2023-12-20,8.3,6.120833333333334,81.875,6.633333333333333,9.8,3.9,233.0,429.0,44.3,25.566666666666666,1.4229166666666666,47.7,33.512499999999996,2.59,19.4,10.075000000000001,1.5777777777777775,8.1,5.545833333333333,1.31,0.8,0.8000000000000002,0.08000000000000002,NO2,2.59,12,2023,False
2023-12-21,11.1,8.629166666666666,82.5,9.116666666666667,11.3,6.8,0.0,79.0,77.7,41.81666666666667,2.0791666666666666,38.5,24.483333333333334,2.283333333333333,7.4,4.220833333333333,0.8222222222222222,5.5,2.4375,1.05,0.8,0.8000000000000002,0.08000000000000002,NO2,2.283333333333333,12,2023,False
2023-12-22,10.4,7.6375,80.25,6.283333333333332,9.0,3.1,0.0,96.0,77.8,55.6625,2.0805555555555557,40.0,18.495833333333334,2.3333333333333335,9.3,5.208333333333333,1.0166666666666666,5.6,3.0708333333333333,1.06,0.8,0.8000000000000002,0.08000000000000002,NO2,2.3333333333333335,12,2023,False
2023-12-23,10.8,9.129166666666666,79.70833333333333,8.308333333333334,10.7,3.2,0.0,85.0,72.5,57.20416666666667,2.0069444444444446,27.2,16.954166666666666,1.8599999999999999,8.8,4.841666666666667,0.9777777777777779,3.6,2.6625,0.7200000000000001,0.8,0.8000000000000002,0.08000000000000002,O3,2.0069444444444446,12,2023,False
2023-12-24,11.2,10.066666666666666,80.83333333333333,9.325,11.8,3.5,0.0,63.0,64.3,52.887499999999996,1.8395833333333331,24.7,17.908333333333335,1.7349999999999999,6.1,4.204166666666667,0.6777777777777777,3.7,2.4,0.7400000000000001,0.8,0.8000000000000002,0.08000000000000002,O3,1.8395833333333331,12,2023,False
2023-12-25,11.2,10.495833333333334,80.33333333333333,8.820833333333335,10.7,2.1,0.0,69.0,59.6,49.762499999999996,1.7416666666666667,26.8,17.133333333333333,1.84,8.9,4.8125,0.9888888888888889,4.4,2.6125000000000003,0.8800000000000001,1.2,0.8166666666666668,0.12,NO2,1.84,12,2023,False
2023-12-26,11.4,9.620833333333334,78.91666666666667,6.845833333333334,10.2,0.0,51.0,195.0,61.4,45.125,1.7791666666666666,59.1,23.558333333333334,2.97,17.4,6.820833333333333,1.4666666666666666,11.6,3.908333333333333,1.6600000000000001,0.8,0.8000000000000002,0.08000000000000002,NO2,2.97,12,2023,False
2023-12-27,9.1,6.204166666666667,88.70833333333333,2.220833333333333,4.6,0.0,22.0,239.0,36.2,13.333333333333334,1.2541666666666667,53.5,38.68333333333333,2.783333333333333,22.8,13.5,1.7666666666666666,16.5,8.725,2.1,6.3,1.7333333333333334,0.63,NO2,2.783333333333333,12,2023,False
2023-12-28,11.5,8.570833333333333,78.33333333333333,6.416666666666667,9.1,0.0,255.0,380.0,45.3,29.1375,1.4437499999999999,41.4,30.025000000000002,2.38,15.9,10.5,1.3833333333333333,11.3,6.9875,1.6300000000000001,3.6,0.9166666666666666,0.36000000000000004,NO2,2.38,12,2023,False
2023-12-29,11.4,10.016666666666667,74.5,8.533333333333333,11.1,0.6000000000000001,13.0,160.0,55.5,44.82083333333333,1.65625,31.1,23.258333333333336,2.0366666666666666,8.3,7.070833333333333,0.9222222222222223,4.8,4.1499999999999995,0.96,1.4,0.8250000000000001,0.13999999999999999,NO2,2.0366666666666666,12,2023,False
2023-12-30,10.9,8.908333333333333,77.58333333333333,5.2625,7.9,0.30000000000000004,102.0,279.0,57.0,43.30833333333334,1.6875,51.2,25.575,2.706666666666667,15.7,8.7125,1.3722222222222222,8.7,4.929166666666666,1.3699999999999999,5.4,1.4375,0.54,NO2,2.706666666666667,12,2023,False
2023-12-31,9.3,6.808333333333334,82.375,4.329166666666667,8.9,0.7,0.0,85.0,57.6,30.075,1.7,41.6,29.604166666666668,2.3866666666666667,11.6,8.6,1.1444444444444444,7.6,5.875,1.26,3.6,1.2916666666666667,0.36000000000000004,NO2,2.3866666666666667,12,2023,False
2024-01-01,8.5,7.334782608695652,76.43478260869566,7.147826086956522,8.8,0.5,31.0,168.0,57.0,48.72608695652174,1.6875,29.6,19.121739130434783,1.98,189.6,21.36521739130435,5.0,151.0,14.665217391304349,5.0,17.5,2.9217391304347826,1.375,PM10,5.0,1,2024,False
2024-01-02,10.8,8.483333333333333,85.16666666666667,7.858333333333333,11.5,15.7,0.0,46.0,59.2,46.708333333333336,1.7333333333333334,29.2,19.595833333333335,1.96,11.6,4.9125000000000005,1.1444444444444444,7.0,3.1374999999999997,1.2,9.0,1.7666666666666666,0.9,NO2,1.96,1,2024,False
2024-01-03,12.7,10.35,76.20833333333333,8.620833333333334,11.6,6.6,136.0,153.0,65.0,56.862500000000004,1.8541666666666665,34.0,21.441666666666666,2.1333333333333333,10.2,6.079166666666667,1.0666666666666667,5.4,3.5625,1.04,0.8,0.8000000000000002,0.08000000000000002,NO2,2.1333333333333333,1,2024,False
2024-01-04,10.7,8.620833333333334,76.58333333333333,7.199999999999999,9.6,1.0,131.0,142.0,65.9,50.61666666666667,1.8729166666666668,47.2,25.370833333333334,2.5733333333333333,12.8,6.433333333333334,1.2111111111111112,7.4,3.6125000000000003,1.24,3.4,1.117391304347826,0.34,NO2,2.5733333333333333,1,2024,False
2024-01-05,9.6,6.720833333333334,80.04166666666667,3.691666666666667,7.0,0.0,11.0,190.0,54.8,25.683333333333334,1.6416666666666666,48.3,38.166666666666664,2.61,13.2,10.620833333333334,1.2333333333333334,8.5,6.5249999999999995,1.35,6.5,1.9708333333333332,0.65,NO2,2.61,1,2024,False
2024-01-06,7.0,5.204166666666667,84.0,2.4791666666666665,3.2,0.1,0.0,152.0,32.1,19.958333333333332,1.16875,50.0,30.474999999999998,2.6666666666666665,14.1,10.029166666666667,1.2833333333333332,9.4,6.854166666666667,1.44,1.4,0.8250000000000001,0.13999999999999999,NO2,2.6666666666666665,1,2024,False
2024-01-07,4.9,2.3958333333333335,72.45833333333333,6.195833333333333,8.3,0.0,0.0,174.0,68.5,35.270833333333336,1.9270833333333333,23.8,12.045833333333334,1.69,11.5,7.208333333333333,1.1388888888888888,9.9,5.816666666666666,1.49,0.8,0.8000000000000002,0.08000000000000002,O3,1.9270833333333333,1,2024,False
2024-01-08,0.0,-1.9666666666666668,59.166666666666664,5.704166666666667,6.4,0.0,292.0,368.0,69.5,47.79583333333333,1.9479166666666665,18.7,12.9,1.435,16.1,8.9,1.3944444444444444,13.4,6.8625,1.84,0.8,0.8000000000000002,0.08000000000000002,O3,1.9479166666666665,1,2024,False
2024-01-09,0.1,-3.704166666666667,54.333333333333336,4.6125,5.6,0.0,451.0,533.0,52.9,34.65416666666667,1.6020833333333333,43.2,24.445833333333336,2.44,17.1,13.579166666666666,1.4500000000000002,13.4,10.254166666666666,1.84,0.8,0.8000000000000002,0.08000000000000002,NO2,2.44,1,2024,False
2024-01-10,-0.6,-3.8166666666666664,62.666666666666664,2.720833333333333,4.1,0.0,173.0,355.0,32.4,15.179166666666667,1.175,61.0,36.40833333333333,3.025,40.0,30.5125,2.4814814814814814,33.2,25.079166666666666,3.16,1.7,0.8375,0.17,PM2.5,3.16,1,2024,False
2024-01-11,2.2,-2.9,69.66666666666667,2.3541666666666665,6.0,0.0,444.0,520.0,17.6,7.245833333333334,0.7333333333333334,75.2,45.4125,3.38,63.0,42.545833333333334,3.25,45.1,34.454166666666666,3.755,2.8,1.3083333333333333,0.27999999999999997,PM2.5,3.755,1,2024,False
2024-01-12,0.4,-0.2791666666666666,83.875,2.4625,3.9,0.0,0.0,75.0,41.4,23.675,1.3624999999999998,47.0,31.7375,2.5666666666666664,28.2,16.150000000000002,2.0444444444444443,23.4,12.941666666666668,2.56,0.8,0.8000000000000002,0.08000000000000002,NO2,2.5666666666666664,1,2024,False
2024-01-13,0.9,-0.08750000000000001,82.29166666666667,4.445833333333334,6.1,0.0,0.0,85.0,36.1,15.491666666666667,1.2520833333333332,49.1,35.28333333333333,2.6366666666666667,26.9,20.970833333333335,1.9944444444444445,22.0,16.804166666666667,2.466666666666667,2.2,0.9249999999999999,0.22000000000000003,NO2,2.6366666666666667,1,2024,False
2024-01-14,0.1,-1.1333333333333333,80.29166666666667,6.158333333333334,8.3,0.0,0.0,193.0,37.6,22.995833333333334,1.2833333333333332,40.3,27.3,2.3433333333333333,38.4,24.429166666666664,2.422222222222222,22.5,17.704166666666666,2.5,2.3,0.8624999999999999,0.22999999999999998,PM2.5,2.5,1,2024,False
2024-01-15,2.7,0.08333333333333333,75.83333333333333,7.1625000000000005,9.2,0.30000000000000004,32.0,307.0,37.2,22.920833333333334,1.275,42.6,30.941666666666666,2.42,20.5,15.479166666666666,1.6388888888888888,16.4,12.158333333333333,2.0933333333333333,2.0,0.8708333333333335,0.2,NO2,2.42,1,2024,False
2024-01-16,1.7,-0.975,76.45833333333333,4.083333333333333,8.7,0.0,185.0,0.0,46.0,25.333333333333332,1.4583333333333333,64.8,40.06666666666667,3.12,61.1,21.108333333333334,3.1972222222222224,16.1,10.379166666666666,2.0733333333333333,3.9,1.1416666666666668,0.39,PM10,3.1972222222222224,1,2024,False
2024-01-17,0.5,-2.7541666666666664,90.95833333333333,1.9583333333333333,3.1,12.7,0.0,0.0,9.7,3.6791666666666667,0.4041666666666666,56.7,49.82916666666667,2.89,27.3,19.895833333333332,2.011111111111111,22.2,15.5625,2.48,1.3,0.8583333333333334,0.13,NO2,2.89,1,2024,False
2024-01-18,1.5,-0.4583333333333333,88.83333333333333,3.8833333333333333,6.5,3.6,8.0,0.0,76.6,44.79583333333333,2.0638888888888887,62.1,27.09166666666667,3.0525,29.2,12.75,2.0814814814814815,23.7,10.033333333333333,2.58,0.8,0.8000000000000002,0.08000000000000002,NO2,3.0525,1,2024,False
2024-01-19,-0.3,-3.9625,89.66666666666667,2.65,3.7,0.0,304.0,0.0,27.6,13.208333333333334,1.075,67.4,53.43333333333334,3.185,33.8,23.983333333333334,2.2518518518518515,27.7,19.7375,2.8466666666666667,3.6,1.3625,0.36000000000000004,NO2,3.185,1,2024,False
2024-01-20,-4.3,-5.6875,92.41666666666667,1.9166666666666667,3.0,0.0,0.0,277.0,28.7,14.520833333333334,1.0979166666666667,64.7,46.300000000000004,3.1175,36.3,27.508333333333336,2.344444444444444,33.2,23.7375,3.16,1.5,0.8291666666666667,0.15000000000000002,PM2.5,3.16,1,2024,False
2024-01-21,1.5,-3.8166666666666664,90.0,2.35,4.3,0.0,54.0,348.0,14.2,5.670833333333333,0.5916666666666666,61.7,50.93333333333334,3.0425,41.3,33.68333333333333,2.5296296296296292,35.8,29.84583333333333,3.29,4.9,1.3708333333333333,0.49000000000000005,PM2.5,3.29,1,2024,False
2024-01-22,8.9,6.158333333333334,79.66666666666667,6.829166666666667,9.0,1.3,0.0,102.0,43.1,31.09583333333333,1.3979166666666667,53.3,38.82083333333333,2.7766666666666664,27.6,11.166666666666666,2.022222222222222,23.7,7.904166666666666,2.58,8.0,2.0124999999999997,0.8,NO2,2.7766666666666664,1,2024,False
2024-01-23,8.8,6.870833333333334,78.25,7.508333333333333,9.8,2.5,125.0,327.0,64.6,47.137499999999996,1.8458333333333332,50.2,32.0875,2.6733333333333333,36.6,13.558333333333332,2.3555555555555556,11.1,7.237500000000001,1.6099999999999999,2.9,1.0083333333333335,0.29,NO2,2.6733333333333333,1,2024,False
2024-01-24,14.1,11.333333333333334,68.875,8.495833333333334,13.0,0.5,236.0,419.0,75.2,52.17916666666667,2.0444444444444443,40.5,22.537499999999998,2.35,22.3,11.941666666666668,1.738888888888889,11.0,6.354166666666667,1.6,2.8,0.9125000000000001,0.27999999999999997,NO2,2.35,1,2024,False
2024-01-25,10.3,8.299999999999999,75.25,3.716666666666667,5.7,0.30000000000000004,202.0,507.0,59.0,33.0875,1.7291666666666665,76.1,44.073913043478264,3.4025,26.6,20.808695652173913,1.9777777777777779,15.4,11.865217391304347,2.026666666666667,3.0,1.1478260869565218,0.30000000000000004,NO2,3.4025,1,2024,False
2024-01-26,11.8,8.7875,81.95833333333333,5.283333333333333,8.1,4.199999999999999,68.0,168.0,73.5,30.8625,2.0208333333333335,43.9,28.875,2.4633333333333334,17.8,12.133333333333333,1.488888888888889,13.1,8.066666666666666,1.81,9.2,2.0458333333333334,0.9199999999999999,NO2,2.4633333333333334,1,2024,False
2024-01-27,7.5,2.5833333333333335,76.875,2.254166666666667,3.7,0.0,479.0,689.0,51.9,23.075,1.5812499999999998,74.3,44.925000000000004,3.3575,23.4,16.720833333333335,1.7999999999999998,14.6,9.295833333333333,1.96,5.4,1.3541666666666667,0.54,NO2,3.3575,1,2024,False
2024-01-28,9.0,2.8166666666666664,75.125,2.5,3.2,0.0,488.0,710.0,30.8,10.508333333333335,1.1416666666666666,60.6,44.84583333333333,3.015,19.3,14.766666666666666,1.5722222222222222,13.9,10.8375,1.8900000000000001,0.8,0.8000000000000002,0.08000000000000002,NO2,3.015,1,2024,False
2024-01-29,8.4,2.0166666666666666,83.20833333333333,1.2874999999999999,4.2,0.0,397.0,695.0,10.3,3.9416666666666664,0.4291666666666667,63.4,50.7125,3.085,38.4,22.8625,2.422222222222222,28.4,15.762500000000001,2.893333333333333,3.8,1.2291666666666667,0.38,NO2,3.085,1,2024,False
2024-01-30,8.0,3.0083333333333333,87.91666666666667,1.8208333333333335,3.8,0.0,47.0,396.0,5.7,2.2333333333333334,0.2375,59.3,46.96666666666667,2.9766666666666666,39.9,29.229166666666668,2.477777777777778,26.3,21.379166666666666,2.7533333333333334,3.3,1.2750000000000001,0.33,NO2,2.9766666666666666,1,2024,False
2024-01-31,9.1,5.925,81.0,2.3916666666666666,6.1,0.0,154.0,512.0,59.4,18.066666666666666,1.7374999999999998,69.3,50.333333333333336,3.2325,29.9,18.920833333333334,2.107407407407407,22.5,11.0625,2.5,1.7,0.9291666666666667,0.17,NO2,3.2325,1,2024,False
2024-02-01,10.5,6.643478260869566,76.43478260869566,4.413043478260869,7.8,1.9,250.0,519.0,71.2,33.856521739130436,1.9833333333333334,74.9,38.339130434782604,3.3725,27.7,15.291304347826086,2.0259259259259257,13.5,8.552173913043477,1.85,0.8,0.8,0.08000000000000002,NO2,3.3725,2,2024,False
2024-02-02,10.3,5.291666666666667,76.625,4.683333333333334,8.7,0.0,387.0,0.0,44.8,22.245833333333334,1.4333333333333331,73.7,40.862500000000004,3.3425000000000002,22.4,17.337500000000002,1.7444444444444445,13.0,10.133333333333333,1.8,1.3,0.8583333333333334,0.13,NO2,3.3425000000000002,2,2024,False
2024-02-03,11.4,9.116666666666667,78.45833333333333,6.1625000000000005,7.8,0.0,28.0,0.0,42.1,36.62916666666667,1.3770833333333332,29.2,22.7625,1.96,13.0,8.170833333333333,1.2222222222222223,10.0,5.066666666666666,1.5,1.8,0.8416666666666668,0.18000000000000002,NO2,1.96,2,2024,False
2024-02-04,11.2,10.116666666666667,80.875,8.275,11.0,0.9,0.0,0.0,50.8,41.704166666666666,1.5583333333333331,33.3,19.495833333333334,2.11,7.5,4.641666666666667,0.8333333333333333,3.8,2.654166666666667,0.76,3.3,1.0999999999999999,0.33,NO2,2.11,2,2024,False
2024-02-05,11.9,9.779166666666667,74.08333333333333,8.875,11.6,0.0,297.0,635.0,51.8,43.6875,1.5791666666666666,32.2,21.445833333333336,2.0733333333333333,29.5,15.825000000000001,2.0925925925925926,13.9,7.033333333333334,1.8900000000000001,4.5,1.0916666666666666,0.45,PM10,2.0925925925925926,2,2024,False
2024-02-06,9.5,8.120833333333334,76.91666666666667,8.291666666666666,10.0,0.6,0.0,105.0,43.4,35.083333333333336,1.4041666666666666,29.2,23.241666666666664,1.96,26.6,18.208333333333332,1.9777777777777779,13.7,9.754166666666666,1.87,0.8,0.8000000000000002,0.08000000000000002,PM10,1.9777777777777779,2,2024,False
2024-02-07,11.3,7.804166666666666,84.5,7.554166666666666,11.0,14.399999999999999,0.0,98.0,61.3,46.5375,1.7770833333333331,35.9,22.366666666666664,2.1966666666666668,15.0,8.779166666666667,1.3333333333333333,9.3,5.7625,1.4300000000000002,0.8,0.8000000000000002,0.08000000000000002,NO2,2.1966666666666668,2,2024,False
2024-02-08,11.2,6.008333333333333,94.625,2.9958333333333336,7.5,13.5,0.0,127.0,61.8,33.047826086956526,1.7874999999999999,57.8,33.13913043478261,2.9266666666666667,25.9,8.191304347826087,1.9388888888888887,13.0,5.22608695652174,1.8,2.1,0.9391304347826087,0.21000000000000002,NO2,2.9266666666666667,2,2024,False
2024-02-09,14.4,11.291666666666666,84.75,5.104166666666667,6.3,3.0,37.0,368.0,54.2,29.770833333333332,1.6291666666666667,47.6,30.55,2.586666666666667,29.5,16.354166666666668,2.0925925925925926,13.7,8.6,1.87,5.9,2.775,0.5900000000000001,NO2,2.586666666666667,2,2024,False
2024-02-10,13.0,10.504166666666666,88.0,2.025,4.0,2.2,50.0,0.0,51.6,24.933333333333334,1.575,51.9,31.558333333333334,2.73,24.2,10.495833333333334,1.8444444444444443,17.1,6.558333333333334,2.14,3.2,1.075,0.32000000000000006,NO2,2.73,2,2024,False
2024-02-11,10.6,8.966666666666667,82.33333333333333,4.745833333333334,7.6,1.1,2.0,0.0,51.7,28.1875,1.5770833333333334,45.8,27.712500000000002,2.5266666666666664,20.1,11.195833333333333,1.6166666666666667,13.1,7.241666666666667,1.81,2.9,1.3958333333333333,0.29,NO2,2.5266666666666664,2,2024,False
2024-02-12,10.7,8.304166666666667,78.79166666666667,3.75,5.0,0.30000000000000004,4.0,317.0,46.5,31.808333333333334,1.46875,60.3,34.4625,3.0075,19.3,9.333333333333334,1.5722222222222222,7.7,4.904166666666667,1.27,3.6,1.2,0.36000000000000004,NO2,3.0075,2,2024,False
2024-02-13,9.9,4.6625000000000005,79.95833333333333,2.891666666666667,6.9,0.0,344.0,747.0,55.2,27.695833333333336,1.65,64.3,39.791666666666664,3.1075,19.3,11.704166666666666,1.5722222222222222,9.5,6.166666666666667,1.45,2.4,1.2916666666666667,0.24,NO2,3.1075,2,2024,False
2024-02-14,10.8,8.716666666666667,82.83333333333333,4.729166666666667,7.0,2.7,4.0,302.0,37.9,28.895833333333332,1.2895833333333333,62.8,34.483333333333334,3.07,13.7,10.391666666666667,1.261111111111111,8.8,6.516666666666667,1.3800000000000001,4.4,1.7874999999999999,0.44000000000000006,NO2,3.07,2,2024,False
2024-02-15,15.0,11.691666666666668,83.75,2.504166666666667,4.0,0.1,107.0,611.0,32.4,18.6125,1.175,68.3,39.954166666666666,3.2075,23.9,14.479166666666666,1.8277777777777775,10.4,8.304166666666667,1.54,7.7,2.5833333333333335,0.77,NO2,3.2075,2,2024,False
2024-02-16,16.0,11.019047619047619,87.85714285714286,3.0571428571428574,6.1,4.3,13.0,193.0,34.2,16.204545454545453,1.2125000000000001,54.5,41.3,2.8166666666666664,29.0,17.091666666666665,2.074074074074074,13.8,9.475,1.8800000000000001,8.0,2.5608695652173914,0.8,NO2,2.8166666666666664,2,2024,False
2024-02-17,13.4,10.4375,84.5,2.495833333333333,4.0,0.0,0.0,498.0,69.9,40.295833333333334,1.95625,55.3,29.820833333333336,2.8433333333333333,23.7,14.516666666666666,1.8166666666666664,12.8,9.608333333333333,1.7800000000000002,2.7,0.9541666666666667,0.27,NO2,2.8433333333333333,2,2024,False
2024-02-18,10.6,8.125,89.16666666666667,3.908333333333333,6.8,4.5,0.0,408.0,46.0,23.474999999999998,1.4583333333333333,48.6,28.212500000000002,2.62,18.9,13.575000000000001,1.5499999999999998,14.6,9.716666666666667,1.96,5.2,2.1875,0.52,NO2,2.62,2,2024,False
2024-02-19,12.4,10.020833333333334,76.16666666666667,4.783333333333333,7.2,0.30000000000000004,8.0,318.0,61.7,40.25833333333333,1.7854166666666667,43.4,25.77916666666667,2.4466666666666668,11.7,7.4750000000000005,1.15,6.8,4.2250000000000005,1.18,3.2,1.0625,0.32000000000000006,NO2,2.4466666666666668,2,2024,False
2024-02-20,11.1,8.991666666666667,71.5,4.433333333333334,6.1,0.0,90.0,617.0,62.1,40.704166666666666,1.79375,46.7,31.9375,2.5566666666666666,21.0,14.491666666666667,1.6666666666666665,11.3,8.404166666666667,1.6300000000000001,2.3,0.9666666666666667,0.22999999999999998,NO2,2.5566666666666666,2,2024,False
2024-02-21,10.6,8.4125,76.83333333333333,4.458333333333333,6.0,3.7,44.0,595.0,50.6,41.05416666666667,1.5541666666666667,43.3,28.3875,2.4433333333333334,17.8,12.941666666666668,1.488888888888889,10.9,8.3375,1.59,3.3,1.5666666666666667,0.33,NO2,2.4433333333333334,2,2024,False
2024-02-22,11.8,9.620833333333334,91.125,6.716666666666666,11.8,26.0,0.0,117.0,71.5,47.333333333333336,1.9895833333333333,42.0,25.958333333333332,2.4,12.2,6.125,1.1777777777777778,6.4,3.641666666666667,1.1400000000000001,7.1,3.4791666666666665,0.71,NO2,2.4,2,2024,False
2024-02-23,9.6,6.970833333333334,69.625,5.558333333333334,11.3,0.0,123.0,581.0,83.6,62.1875,2.161111111111111,55.0,24.875,2.8333333333333335,9.7,6.637499999999999,1.0388888888888888,5.9,3.5583333333333336,1.09,3.7,1.4916666666666665,0.37000000000000005,NO2,2.8333333333333335,2,2024,False
2024-02-24,8.4,5.270833333333333,76.33333333333333,4.204166666666667,7.7,0.30000000000000004,158.0,630.0,67.6,44.57916666666667,1.9083333333333332,66.5,33.225,3.1625,13.0,6.7,1.2222222222222223,8.3,4.0375000000000005,1.33,4.6,1.5166666666666666,0.45999999999999996,NO2,3.1625,2,2024,False
2024-02-25,9.8,5.945833333333333,71.125,3.0500000000000003,5.6,0.0,141.0,659.0,75.7,39.30416666666667,2.051388888888889,71.0,37.84583333333333,3.275,13.6,7.604166666666667,1.2555555555555555,9.5,5.1499999999999995,1.45,6.1,1.8333333333333333,0.61,NO2,3.275,2,2024,False
2024-02-26,10.1,7.841666666666666,77.04166666666667,3.2541666666666664,5.4,5.3,28.0,539.0,56.2,33.104166666666664,1.6708333333333334,53.6,28.120833333333334,2.7866666666666666,11.6,7.533333333333334,1.1444444444444444,7.9,5.058333333333334,1.29,0.8,0.8000000000000002,0.08000000000000002,NO2,2.7866666666666666,2,2024,False
2024-02-27,11.6,8.541666666666666,70.5,5.116666666666666,6.6,0.0,498.0,1072.0,68.8,46.041666666666664,1.9333333333333331,26.2,14.950000000000001,1.81,20.9,16.754166666666666,1.661111111111111,17.4,13.304166666666667,2.1599999999999997,2.3,0.8624999999999999,0.22999999999999998,PM2.5,2.1599999999999997,2,2024,False
2024-02-28,10.4,4.433333333333334,78.54166666666667,1.7083333333333333,3.6,0.0,506.0,1163.0,52.4,21.23333333333333,1.5916666666666666,75.3,36.083333333333336,3.3825,27.5,20.583333333333332,2.0185185185185186,19.0,15.0375,2.2666666666666666,4.5,1.7958333333333334,0.45,NO2,3.3825,2,2024,False
2024-02-29,10.7,4.083333333333333,81.91666666666667,1.4000000000000001,2.4,0.0,541.0,1219.0,32.8,12.245833333333332,1.1833333333333333,72.4,47.61666666666667,3.31,37.2,25.59166666666667,2.3777777777777778,27.1,18.275000000000002,2.8066666666666666,8.2,3.3000000000000003,0.82,NO2,3.31,2,2024,False
2024-03-01,9.9,4.895652173913043,83.56521739130434,2.260869565217391,5.3,0.0,162.0,550.0,58.5,14.521739130434783,1.71875,75.0,41.28695652173913,3.375,35.4,21.44782608695652,2.311111111111111,24.0,15.134782608695653,2.6,7.9,2.5608695652173914,0.79,NO2,3.375,3,2024,False
2024-03-02,14.7,7.970833333333334,74.66666666666667,1.8833333333333335,2.8,0.0,208.0,875.0,48.8,15.0,1.5166666666666666,60.9,41.15833333333333,3.0225,26.1,17.266666666666666,1.9500000000000002,20.3,12.679166666666667,2.3533333333333335,4.6,2.404166666666667,0.45999999999999996,NO2,3.0225,3,2024,False
2024-03-03,15.8,10.383333333333333,70.0,2.8833333333333333,4.3,0.0,496.0,1110.0,54.3,31.520833333333332,1.6312499999999999,60.5,25.3,3.0125,21.4,16.020833333333332,1.6888888888888887,15.1,12.0875,2.006666666666667,2.1,0.9541666666666667,0.21000000000000002,NO2,3.0125,3,2024,False
2024-03-04,10.3,7.966666666666666,82.79166666666667,2.6374999999999997,4.5,0.0,0.0,298.0,46.8,28.96666666666667,1.4749999999999999,56.6,28.724999999999998,2.8866666666666667,31.2,19.741666666666667,2.1555555555555554,27.0,15.433333333333332,2.8,2.1,0.9458333333333334,0.21000000000000002,NO2,2.8866666666666667,3,2024,False
2024-03-05,9.5,7.7749999999999995,85.58333333333333,2.129166666666667,4.3,0.5,4.0,288.0,36.2,19.825,1.2541666666666667,55.4,37.512499999999996,2.8466666666666667,31.1,19.400000000000002,2.151851851851852,20.5,14.829166666666666,2.3666666666666667,3.0,1.1708333333333334,0.30000000000000004,NO2,2.8466666666666667,3,2024,False
2024-03-06,11.0,6.2250000000000005,81.04166666666667,2.6416666666666666,4.9,0.0,82.0,816.0,52.1,23.508333333333336,1.5854166666666667,45.5,29.454166666666666,2.5166666666666666,28.9,17.554166666666667,2.0703703703703704,23.3,12.379166666666668,2.5533333333333332,3.3,1.2666666666666666,0.33,PM2.5,2.5533333333333332,3,2024,False
2024-03-07,9.4,6.070833333333333,67.625,2.966666666666667,4.9,0.0,150.0,795.0,50.2,36.1,1.5458333333333334,43.9,23.9875,2.4633333333333334,30.0,23.266666666666666,2.111111111111111,24.0,18.254166666666666,2.6,3.0,1.0416666666666667,0.30000000000000004,PM2.5,2.6,3,2024,False
2024-03-08,11.3,6.0,60.791666666666664,3.525,5.1,0.0,621.0,1441.0,67.9,47.74583333333334,1.9145833333333333,42.7,22.704166666666666,2.4233333333333333,36.4,23.745833333333334,2.348148148148148,29.1,18.425,2.94,7.2,1.2416666666666667,0.7200000000000001,PM2.5,2.94,3,2024,False
2024-03-09,13.7,7.7749999999999995,62.166666666666664,2.8166666666666664,3.8,0.0,426.0,1314.0,54.8,39.579166666666666,1.6416666666666666,42.1,27.0125,2.4033333333333333,55.0,22.108333333333334,3.0277777777777777,46.0,17.4875,3.8,11.6,2.1791666666666667,1.08,PM2.5,3.8,3,2024,False
2024-03-10,13.3,9.795833333333333,62.166666666666664,3.1875,4.8,0.0,57.0,660.0,55.1,42.12083333333333,1.6479166666666667,58.5,22.391666666666666,2.95,30.1,17.075,2.1148148148148147,25.8,13.424999999999999,2.72,2.8,1.2208333333333334,0.27999999999999997,NO2,2.95,3,2024,False
2024-03-11,13.5,8.970833333333333,80.54166666666667,5.004166666666666,8.3,15.9,279.0,1059.0,63.6,39.30416666666667,1.825,61.3,31.295833333333334,3.0324999999999998,28.5,11.825000000000001,2.0555555555555554,24.1,8.308333333333334,2.606666666666667,3.2,1.5791666666666666,0.32000000000000006,NO2,3.0324999999999998,3,2024,False
2024-03-12,11.2,7.4409090909090905,80.31818181818181,3.627272727272727,7.6,2.8,29.0,312.0,44.0,23.1875,1.4166666666666665,55.0,34.862500000000004,2.8333333333333335,26.3,15.995833333333332,1.9611111111111112,22.0,11.241666666666667,2.466666666666667,4.1,1.0291666666666666,0.41,NO2,2.8333333333333335,3,2024,False
2024-03-13,12.0,9.25,93.41666666666667,2.15,3.3,1.7999999999999998,0.0,417.0,44.9,22.754166666666666,1.4354166666666666,44.0,31.412499999999998,2.466666666666667,23.2,12.670833333333334,1.7888888888888888,18.5,9.279166666666667,2.2333333333333334,1.7,0.8875000000000001,0.17,NO2,2.466666666666667,3,2024,False
2024-03-14,16.8,11.295833333333334,82.33333333333333,2.3125,4.0,0.0,421.0,1275.0,41.0,15.174999999999999,1.3541666666666665,62.1,38.483333333333334,3.0525,23.9,16.133333333333333,1.8277777777777775,14.4,9.816666666666666,1.94,4.1,1.2416666666666667,0.41,NO2,3.0525,3,2024,False
2024-03-15,15.5,11.058333333333332,83.95833333333333,3.8375,7.0,0.8999999999999999,76.0,484.0,55.9,21.9875,1.6645833333333333,44.0,32.96666666666667,2.466666666666667,22.0,13.166666666666666,1.7222222222222223,11.9,7.495833333333334,1.69,0.8,0.8000000000000002,0.08000000000000002,NO2,2.466666666666667,3,2024,False
2024-03-16,13.6,10.700000000000001,74.45833333333333,4.6125,7.7,0.2,56.0,780.0,72.9,54.75833333333333,2.0125,38.9,18.745833333333334,2.296666666666667,10.0,7.091666666666666,1.0555555555555556,6.2,4.233333333333333,1.12,6.3,1.2833333333333334,0.63,NO2,2.296666666666667,3,2024,False
2024-03-17,13.6,8.066666666666666,73.875,1.4124999999999999,2.6,0.0,271.0,1146.0,62.1,33.62916666666667,1.79375,51.5,31.629166666666666,2.716666666666667,18.8,10.804166666666667,1.5444444444444445,12.4,7.229166666666667,1.7400000000000002,3.0,1.0041666666666667,0.30000000000000004,NO2,2.716666666666667,3,2024,False
2024-03-18,14.1,10.112499999999999,83.25,1.3958333333333333,2.9,0.7999999999999999,93.0,744.0,42.9,21.704166666666666,1.3937499999999998,52.1,41.175000000000004,2.736666666666667,21.1,15.479166666666666,1.6722222222222223,14.2,10.433333333333334,1.92,1.7,0.8791666666666668,0.17,NO2,2.736666666666667,3,2024,False
2024-03-19,15.2,9.970833333333333,88.75,1.1666666666666667,2.3,0.0,280.0,850.0,48.8,14.933333333333332,1.5166666666666666,78.8,40.7125,3.4699999999999998,26.0,19.962500000000002,1.9444444444444444,19.5,14.870833333333332,2.3,3.1,1.2208333333333334,0.31000000000000005,NO2,3.4699999999999998,3,2024,False
2024-03-20,19.1,11.450000000000001,72.83333333333333,1.7125000000000001,2.3,0.0,590.0,1491.0,69.3,24.3,1.9437499999999999,73.2,40.020833333333336,3.33,20.7,15.058333333333332,1.65,12.5,9.387500000000001,1.75,2.9,1.3166666666666667,0.29,NO2,3.33,3,2024,False
2024-03-21,16.6,10.870833333333332,73.125,3.6125000000000003,7.2,0.0,353.0,1306.0,75.4,35.65833333333333,2.0472222222222225,55.5,29.59166666666667,2.85,35.7,17.195833333333333,2.3222222222222224,27.8,11.370833333333332,2.8533333333333335,3.4,1.1260869565217393,0.34,PM2.5,2.8533333333333335,3,2024,False
2024-03-22,17.5,10.795833333333334,76.0,3.154166666666667,6.1,0.0,174.0,926.0,59.0,25.795833333333334,1.7291666666666665,70.7,41.5,3.2675,29.7,22.125,2.1,18.0,14.2125,2.2,2.7,1.2750000000000001,0.27,NO2,3.2675,3,2024,False
2024-03-23,10.3,6.845833333333334,76.29166666666667,4.795833333333333,9.0,1.5,195.0,924.0,69.7,42.975,1.9520833333333334,81.5,37.045833333333334,3.5375,27.1,11.533333333333333,2.0037037037037035,16.1,7.216666666666666,2.0733333333333333,2.3,0.8624999999999999,0.22999999999999998,NO2,3.5375,3,2024,False
2024-03-24,9.0,6.420833333333333,73.83333333333333,6.925,9.3,4.6,212.0,863.0,65.9,53.00833333333333,1.8729166666666668,42.2,25.162499999999998,2.4066666666666667,11.6,6.320833333333333,1.1444444444444444,5.8,3.983333333333333,1.08,1.7,0.8375,0.17,NO2,2.4066666666666667,3,2024,False
2024-03-25,11.8,7.966666666666666,55.166666666666664,3.5083333333333333,6.3,0.0,655.0,1757.0,77.9,55.47083333333333,2.0819444444444444,60.2,29.979166666666668,3.005,21.5,9.4125,1.6944444444444444,16.7,5.841666666666666,2.1133333333333333,1.3,0.8583333333333334,0.13,NO2,3.005,3,2024,False
2024-03-26,14.4,8.641666666666667,57.833333333333336,2.6374999999999997,3.3,0.0,240.0,1240.0,51.6,39.86666666666667,1.575,44.2,31.0125,2.4733333333333336,12.2,9.804166666666667,1.1777777777777778,6.7,5.579166666666667,1.17,2.3,1.0541666666666667,0.22999999999999998,NO2,2.4733333333333336,3,2024,False
2024-03-27,13.7,9.591666666666667,66.70833333333333,4.079166666666667,8.3,0.2,81.0,911.0,57.1,32.020833333333336,1.6895833333333332,57.0,37.13333333333333,2.9,15.3,10.229166666666666,1.35,8.5,5.483333333333333,1.35,3.5,1.0458333333333334,0.35000000000000003,NO2,2.9,3,2024,False
2024-03-28,13.3,8.083333333333334,70.75,5.875,11.8,0.6000000000000001,168.0,433.5,81.5,47.87916666666666,2.1319444444444446,47.6,29.083333333333332,2.586666666666667,17.2,8.670833333333333,1.4555555555555555,8.1,4.483333333333333,1.31,5.3,1.6666666666666667,0.53,NO2,2.586666666666667,3,2024,False
2024-03-29,12.0,8.566666666666666,87.79166666666667,2.0833333333333335,3.8,5.0,0.0,183.5,56.0,34.38333333333333,1.6666666666666665,53.9,37.079166666666666,2.796666666666667,11.0,6.7250000000000005,1.1111111111111112,7.9,4.191666666666666,1.29,1.8,0.8625000000000002,0.18000000000000002,NO2,2.796666666666667,3,2024,False
2024-03-30,14.3,10.558333333333334,86.70833333333333,2.2875,3.3,0.0,7.0,260.5,27.6,11.808333333333335,1.075,55.0,39.57083333333333,2.8333333333333335,63.9,33.84583333333333,3.275,21.5,12.529166666666667,2.4333333333333336,2.9,1.1583333333333334,0.29,PM10,3.275,3,2024,False
2024-03-31,19.2,13.230434782608697,76.91304347826087,2.5,4.4,2.8000000000000003,352.0,1393.0,81.1,34.07826086956521,2.1263888888888887,48.1,29.160869565217393,2.6033333333333335,47.3,31.5,2.7518518518518515,21.5,13.504347826086958,2.4333333333333336,1.8,0.8652173913043479,0.18000000000000002,PM10,2.7518518518518515,3,2024,False
2024-04-01,13.0,10.217391304347826,85.65217391304348,4.791304347826087,9.2,7.5,8.0,468.0,71.5,53.22608695652174,1.9895833333333333,34.5,22.808695652173913,2.15,28.2,6.7956521739130435,2.0444444444444443,12.1,3.6739130434782608,1.71,1.3,0.8391304347826087,0.13,NO2,2.15,4,2024,False
2024-04-02,13.9,10.554166666666667,71.08333333333333,6.7625,11.9,0.0,245.0,1290.0,76.2,54.32916666666667,2.0583333333333336,37.4,26.95,2.2466666666666666,10.1,7.175,1.0611111111111111,5.2,3.8166666666666664,1.02,2.0,1.0833333333333333,0.2,NO2,2.2466666666666666,4,2024,False
2024-04-03,11.8,10.358333333333333,83.5,4.0249999999999995,6.7,4.0,12.0,619.0,60.6,41.96666666666667,1.7625,55.8,33.32083333333333,2.86,13.4,7.208333333333333,1.2444444444444445,6.5,4.158333333333333,1.15,6.9,1.8208333333333335,0.6900000000000001,NO2,2.86,4,2024,False
2024-04-04,16.1,12.270833333333334,81.375,6.079166666666667,11.2,2.6,96.0,619.0,69.7,40.57083333333333,1.9520833333333334,46.8,30.308333333333334,2.56,8.7,6.783333333333334,0.9666666666666666,5.3,3.8208333333333333,1.03,4.1,1.691304347826087,0.41,NO2,2.56,4,2024,False
2024-04-05,20.2,15.354166666666666,72.75,4.495833333333334,9.0,0.0,170.0,1073.0,69.3,36.608333333333334,1.9437499999999999,44.0,31.433333333333334,2.466666666666667,12.1,9.179166666666667,1.1722222222222223,5.9,4.883333333333334,1.09,3.8,1.1958333333333333,0.38,NO2,2.466666666666667,4,2024,False
2024-04-06,25.9,18.566666666666666,55.916666666666664,2.970833333333333,5.6,0.0,588.0,1905.0,103.4,40.80833333333333,2.4361111111111113,91.4,41.88333333333333,3.785,22.7,10.941666666666668,1.761111111111111,11.0,5.704166666666667,1.6,5.1,1.2833333333333334,0.51,NO2,3.785,4,2024,False
2024-04-07,23.6,17.85,58.5,2.470833333333333,4.4,0.0,406.0,1500.0,93.2,37.7875,2.2944444444444443,70.4,40.733333333333334,3.2600000000000002,26.5,16.933333333333334,1.9722222222222223,11.0,7.658333333333334,1.6,3.6,1.1166666666666667,0.36000000000000004,NO2,3.2600000000000002,4,2024,False
2024-04-08,26.2,19.454166666666666,57.208333333333336,2.920833333333333,5.7,0.3,576.0,1742.0,86.8,41.82083333333333,2.2055555555555557,78.1,40.137499999999996,3.4524999999999997,53.0,33.583333333333336,2.962962962962963,20.2,10.604166666666666,2.3466666666666667,5.7,1.4000000000000001,0.5700000000000001,NO2,3.4524999999999997,4,2024,False
2024-04-09,18.4,13.770833333333334,66.33333333333333,5.391666666666667,10.4,0.0,16.0,512.0,73.8,42.07083333333333,2.025,55.6,32.475,2.8533333333333335,70.3,30.441666666666666,3.4527777777777775,20.1,9.35,2.34,8.5,1.55,0.8500000000000001,PM10,3.4527777777777775,4,2024,False
2024-04-10,15.6,9.987499999999999,63.625,2.904166666666667,5.6,0.0,328.0,1400.0,76.0,50.78333333333333,2.0555555555555554,69.4,28.891666666666666,3.2350000000000003,15.6,9.012500000000001,1.3666666666666667,7.1,4.454166666666667,1.21,2.3,1.0083333333333333,0.22999999999999998,NO2,3.2350000000000003,4,2024,False
2024-04-11,18.0,9.883333333333333,64.5,1.8499999999999999,4.4,0.0,563.0,1771.0,81.5,34.4625,2.1319444444444446,66.8,37.475,3.17,23.3,12.570833333333333,1.7944444444444443,8.3,5.633333333333333,1.33,5.0,1.2458333333333333,0.5,NO2,3.17,4,2024,False
2024-04-12,19.3,12.7125,71.66666666666667,2.1750000000000003,5.5,0.0,358.0,1468.0,49.4,25.245833333333334,1.5291666666666666,57.0,34.36666666666667,2.9,33.7,14.479166666666666,2.2481481481481485,10.4,5.754166666666666,1.54,7.7,1.4541666666666666,0.77,NO2,2.9,4,2024,False
2024-04-13,23.2,15.629166666666668,72.95833333333333,2.4208333333333334,4.8,0.0,703.0,1935.0,82.4,29.316666666666666,2.1444444444444444,57.6,32.708333333333336,2.92,29.8,12.674999999999999,2.1037037037037036,17.8,6.9125000000000005,2.1866666666666665,11.5,2.4291666666666667,1.075,NO2,2.92,4,2024,False
2024-04-14,21.8,16.229166666666668,65.45833333333333,3.091666666666667,5.2,0.0,645.0,1890.0,80.3,48.0625,2.1152777777777776,59.7,24.941666666666666,2.99,26.2,12.545833333333334,1.9555555555555555,15.4,6.7875000000000005,2.026666666666667,2.1,0.9041666666666668,0.21000000000000002,NO2,2.99,4,2024,False
2024-04-15,17.2,12.754166666666668,60.041666666666664,6.608333333333333,13.8,1.1,343.0,1651.0,88.7,69.83749999999999,2.2319444444444443,36.1,21.212500000000002,2.203333333333333,30.3,14.504166666666668,2.1222222222222222,8.6,5.75,1.3599999999999999,3.0,1.1,0.30000000000000004,O3,2.2319444444444443,4,2024,False
2024-04-16,11.8,7.308333333333334,75.625,7.358333333333333,14.6,2.7,145.0,880.0,76.7,64.4625,2.0652777777777778,29.3,20.650000000000002,1.965,283.0,18.295833333333334,5.0,48.0,4.8375,3.9,4.0,1.2166666666666666,0.4,PM10,5.0,4,2024,False
2024-04-17,10.1,7.729166666666667,69.79166666666667,3.4916666666666667,5.6,0.4,412.0,1564.0,80.7,63.12083333333334,2.1208333333333336,34.8,19.333333333333332,2.1599999999999997,10.7,7.0249999999999995,1.0944444444444443,7.3,4.5125,1.23,0.8,0.8000000000000002,0.08000000000000002,NO2,2.1599999999999997,4,2024,False
2024-04-18,12.0,6.95,70.625,2.904166666666667,5.1,0.1,262.0,1364.0,84.1,57.95416666666667,2.1680555555555556,40.4,19.954166666666666,2.3466666666666667,11.4,8.095652173913043,1.1333333333333333,7.5,5.326086956521739,1.25,0.8,0.8000000000000002,0.08000000000000002,NO2,2.3466666666666667,4,2024,False
2024-04-19,8.8,6.3125,81.875,6.016666666666667,9.8,7.5,50.0,0.0,75.1,52.604166666666664,2.0430555555555556,41.6,25.583333333333332,2.3866666666666667,10.5,7.470833333333334,1.0833333333333333,6.9,4.629166666666666,1.19,1.8,0.8416666666666668,0.18000000000000002,NO2,2.3866666666666667,4,2024,False
2024-04-20,9.5,6.954166666666667,72.58333333333333,4.333333333333333,5.7,2.7,312.0,0.0,77.3,68.83749999999999,2.073611111111111,28.7,13.875,1.935,11.1,7.004166666666666,1.1166666666666667,6.7,4.245833333333334,1.17,0.8,0.8000000000000002,0.08000000000000002,O3,2.073611111111111,4,2024,False
2024-04-21,8.7,5.929166666666667,68.58333333333333,4.966666666666667,8.0,3.3,260.0,0.0,82.2,68.58749999999999,2.1416666666666666,31.0,11.3125,2.033333333333333,11.3,7.645833333333333,1.1277777777777778,5.7,4.5625,1.07,0.8,0.8000000000000002,0.08000000000000002,O3,2.1416666666666666,4,2024,False
2024-04-22,9.6,5.5,60.458333333333336,3.2875,4.7,0.0,497.0,1716.0,89.9,64.87916666666666,2.2486111111111113,57.6,21.566666666666666,2.92,13.4,8.695833333333333,1.2444444444444445,7.4,5.516666666666667,1.24,1.2,0.8166666666666668,0.12,NO2,2.92,4,2024,False
2024-04-23,11.6,6.125,53.75,2.875,4.3,0.0,687.0,2425.0,96.8,62.89166666666667,2.3444444444444446,50.6,24.25,2.6866666666666665,13.2,9.408333333333333,1.2333333333333334,7.6,5.795833333333333,1.26,0.8,0.8000000000000002,0.08000000000000002,NO2,2.6866666666666665,4,2024,False
2024-04-24,10.7,6.183333333333334,65.41666666666667,3.470833333333333,6.0,0.4,265.0,1432.0,89.6,66.95416666666667,2.2444444444444445,49.1,23.97083333333333,2.6366666666666667,25.7,12.391666666666666,1.9277777777777776,15.4,7.958333333333333,2.026666666666667,2.3,0.9125000000000001,0.22999999999999998,NO2,2.6366666666666667,4,2024,False
2024-04-25,10.7,7.229166666666667,64.29166666666667,4.783333333333333,6.5,0.1,332.0,1811.0,74.6,65.73333333333333,2.036111111111111,32.4,20.141666666666666,2.08,16.2,9.029166666666667,1.4,9.1,5.445833333333333,1.41,3.4,1.0791666666666668,0.34,NO2,2.08,4,2024,False
2024-04-26,14.9,7.779166666666666,70.625,2.6041666666666665,6.2,0.0,409.0,1819.0,75.4,36.266666666666666,2.0472222222222225,47.9,35.395833333333336,2.5966666666666667,20.4,14.083333333333334,1.6333333333333333,12.0,8.237499999999999,1.7000000000000002,6.6,1.4375,0.66,NO2,2.5966666666666667,4,2024,False
2024-04-27,22.3,13.258333333333333,60.666666666666664,2.275,4.8,0.0,594.0,2296.0,94.1,47.34583333333333,2.3069444444444445,54.8,29.954166666666666,2.8266666666666667,23.2,11.270833333333334,1.7888888888888888,13.0,7.108333333333333,1.8,3.0,1.0708333333333333,0.30000000000000004,NO2,2.8266666666666667,4,2024,False
2024-04-28,18.2,14.379166666666668,61.833333333333336,4.1375,8.2,0.1,50.0,1005.0,94.5,64.52499999999999,2.3125,38.5,26.258333333333336,2.283333333333333,16.8,9.616666666666667,1.4333333333333333,10.6,4.820833333333334,1.56,4.1,1.1333333333333333,0.41,O3,2.3125,4,2024,False
2024-04-29,20.3,14.541666666666666,67.125,1.9625000000000001,3.7,0.0,353.0,1915.0,95.7,49.020833333333336,2.3291666666666666,58.1,31.816666666666666,2.9366666666666665,26.1,11.408333333333333,1.9500000000000002,8.8,5.233333333333333,1.3800000000000001,3.5,1.2375,0.35000000000000003,NO2,2.9366666666666665,4,2024,False
2024-04-30,26.9,18.099999999999998,60.833333333333336,1.718181818181818,3.1,0.0,758.0,1604.0,122.1,62.1875,2.6958333333333333,49.6,32.19166666666667,2.6533333333333333,36.8,20.141666666666666,2.3629629629629627,14.4,8.333333333333334,1.94,0.8,0.8000000000000002,0.08000000000000002,O3,2.6958333333333333,4,2024,False
2024-05-01,26.6,20.821739130434782,52.91304347826087,2.7130434782608694,4.2,0.0,691.0,2242.0,110.8,67.44347826086957,2.5388888888888888,60.3,25.98695652173913,3.0075,39.3,32.017391304347825,2.4555555555555553,21.0,15.173913043478262,2.4,1.3,0.8217391304347827,0.13,NO2,3.0075,5,2024,False
2024-05-02,24.0,18.533333333333335,63.833333333333336,3.783333333333333,8.5,7.000000000000001,589.0,2034.0,106.0,66.80416666666666,2.4722222222222223,32.9,21.7,2.0966666666666667,36.0,21.925,2.3333333333333335,17.1,10.654166666666667,2.14,0.8,0.8,0.08000000000000002,O3,2.4722222222222223,5,2024,False
2024-05-03,16.0,12.4125,79.0,5.304166666666666,7.4,5.0,94.0,952.0,62.1,47.17916666666667,1.79375,41.1,22.745833333333334,2.37,15.9,7.333333333333333,1.3833333333333333,11.0,3.9291666666666667,1.6,2.1,0.9708333333333333,0.21000000000000002,NO2,2.37,5,2024,False
2024-05-04,18.5,12.920833333333334,71.54166666666667,2.1666666666666665,3.2,0.0,171.0,0.0,85.1,37.0375,2.1819444444444445,38.0,22.358333333333334,2.2666666666666666,16.3,12.291666666666666,1.4055555555555554,10.8,6.870833333333334,1.58,2.0,0.9249999999999999,0.2,NO2,2.2666666666666666,5,2024,False
2024-05-05,18.1,14.958333333333334,74.29166666666667,4.133333333333334,6.1,0.9,99.0,0.0,72.7,58.237500000000004,2.0097222222222224,35.9,17.195833333333333,2.1966666666666668,8.4,6.470833333333334,0.9333333333333333,5.1,3.533333333333333,1.01,3.3,1.1166666666666667,0.33,NO2,2.1966666666666668,5,2024,False
2024-05-06,17.0,14.2875,92.54166666666667,3.1041666666666665,6.3,16.3,5.0,621.0,54.7,35.37916666666667,1.6395833333333334,52.5,28.520833333333332,2.75,8.8,6.866666666666667,0.9777777777777779,5.7,4.05,1.07,3.0,1.0875000000000001,0.30000000000000004,NO2,2.75,5,2024,False
2024-05-07,17.1,14.116666666666667,77.16666666666667,4.125,6.5,0.2,27.0,1091.0,79.9,57.57916666666667,2.1097222222222225,24.6,16.116666666666667,1.73,12.4,9.420833333333333,1.1888888888888889,5.9,5.104166666666667,1.09,0.8,0.8000000000000002,0.08000000000000002,O3,2.1097222222222225,5,2024,False
2024-05-08,18.7,13.820833333333333,67.375,2.908333333333333,3.9,0.0,319.0,1673.0,85.9,60.300000000000004,2.1930555555555555,69.4,18.025000000000002,3.2350000000000003,15.8,12.466666666666667,1.3777777777777778,9.5,7.133333333333333,1.45,0.8,0.8000000000000002,0.08000000000000002,NO2,3.2350000000000003,5,2024,False
2024-05-09,21.2,14.829166666666666,62.833333333333336,2.3874999999999997,4.3,0.0,807.0,2693.0,103.7,58.20416666666667,2.4402777777777778,55.6,21.883333333333336,2.8533333333333335,17.0,12.491666666666667,1.4444444444444444,9.5,6.6625000000000005,1.45,0.8,0.8000000000000002,0.08000000000000002,NO2,2.8533333333333335,5,2024,False
2024-05-10,22.9,17.008333333333333,55.791666666666664,2.379166666666667,4.0,0.0,776.0,2623.0,111.5,70.9375,2.548611111111111,33.8,21.900000000000002,2.1266666666666665,15.2,11.7125,1.3444444444444443,7.4,6.279166666666666,1.24,0.8,0.8000000000000002,0.08000000000000002,O3,2.548611111111111,5,2024,False
2024-05-11,24.2,18.579166666666666,52.541666666666664,2.404166666666667,4.1,0.0,724.0,2636.0,112.7,74.075,2.5652777777777778,36.9,22.03333333333333,2.23,29.2,13.279166666666667,2.0814814814814815,21.0,7.941666666666666,2.4,0.8,0.8000000000000002,0.08000000000000002,O3,2.5652777777777778,5,2024,False
2024-05-12,25.3,19.979166666666668,51.958333333333336,2.8083333333333336,4.5,0.0,834.0,2631.0,108.1,79.27083333333333,2.5013888888888887,48.4,17.295833333333334,2.6133333333333333,21.6,14.204166666666666,1.7000000000000002,14.1,8.9125,1.9100000000000001,0.8,0.8000000000000002,0.08000000000000002,NO2,2.6133333333333333,5,2024,False
2024-05-13,24.8,19.337500000000002,61.041666666666664,2.275,3.6,0.0,658.0,2266.0,110.6,70.92916666666666,2.536111111111111,43.9,27.650000000000002,2.4633333333333334,20.4,13.887500000000001,1.6333333333333333,11.2,8.049999999999999,1.62,2.6,0.8916666666666667,0.26,O3,2.536111111111111,5,2024,False
2024-05-14,26.2,20.416666666666668,54.916666666666664,3.0875,4.7,0.0,838.0,2761.0,112.7,75.07083333333334,2.5652777777777778,38.5,22.09583333333333,2.283333333333333,21.4,15.341666666666667,1.6888888888888887,11.0,7.795833333333333,1.6,1.3,0.8375,0.13,O3,2.5652777777777778,5,2024,False
2024-05-15,18.9,16.958333333333332,66.91666666666667,2.566666666666667,4.3,4.4,177.0,1131.0,77.9,58.77916666666667,2.0819444444444444,39.7,28.0625,2.3233333333333333,27.2,15.533333333333333,2.0074074074074075,8.9,6.904166666666666,1.3900000000000001,1.9,0.8666666666666667,0.19,NO2,2.3233333333333333,5,2024,False
2024-05-16,21.4,17.116666666666667,76.29166666666667,2.5,3.5,2.2,357.0,1946.0,87.2,62.791666666666664,2.2111111111111112,33.2,22.608333333333334,2.106666666666667,16.5,10.491666666666667,1.4166666666666665,12.8,6.633333333333333,1.7800000000000002,1.4,0.8500000000000001,0.13999999999999999,O3,2.2111111111111112,5,2024,False
2024-05-17,17.5,15.520833333333334,82.20833333333333,3.4250000000000003,4.2,2.3,0.0,527.0,74.1,53.775,2.029166666666667,23.8,15.533333333333333,1.69,15.7,10.4,1.3722222222222222,8.5,6.154166666666666,1.35,0.8,0.8000000000000002,0.08000000000000002,O3,2.029166666666667,5,2024,False
2024-05-18,17.7,14.887500000000001,88.45833333333333,2.5125,4.7,3.0000000000000004,18.0,1095.0,52.8,32.00833333333333,1.5999999999999999,39.5,23.695833333333336,2.3166666666666664,13.4,8.1625,1.2444444444444445,9.6,4.9750000000000005,1.46,0.8,0.8000000000000002,0.08000000000000002,NO2,2.3166666666666664,5,2024,False
2024-05-19,18.9,14.920833333333333,83.20833333333333,3.1333333333333333,4.2,5.2,188.0,1425.0,71.1,42.479166666666664,1.9812499999999997,40.0,24.02916666666667,2.3333333333333335,20.2,13.825000000000001,1.6222222222222222,15.5,9.299999999999999,2.033333333333333,0.8,0.8000000000000002,0.08000000000000002,NO2,2.3333333333333335,5,2024,False
2024-05-20,23.1,15.941666666666668,73.08333333333333,1.5625,2.9,0.0,662.0,2633.0,113.1,55.61666666666667,2.5708333333333333,31.1,19.95,2.0366666666666666,23.7,14.229166666666666,1.8166666666666664,19.6,9.875,2.3066666666666666,0.8,0.8000000000000002,0.08000000000000002,O3,2.5708333333333333,5,2024,False
2024-05-21,20.3,17.224999999999998,75.66666666666667,3.0500000000000003,4.4,18.7,14.0,0.0,83.0,52.925000000000004,2.1527777777777777,41.6,25.666666666666668,2.3866666666666667,17.4,12.520833333333334,1.4666666666666666,10.6,7.758333333333333,1.56,0.8,0.8000000000000002,0.08000000000000002,NO2,2.3866666666666667,5,2024,False
2024-05-22,20.6,15.708333333333334,79.41666666666667,4.504166666666666,7.4,0.0,312.0,0.0,87.7,48.74166666666667,2.2180555555555554,32.1,21.3125,2.07,16.4,10.2875,1.411111111111111,11.5,5.558333333333334,1.65,1.3,0.8416666666666668,0.13,O3,2.2180555555555554,5,2024,False
2024-05-23,22.6,16.2,69.625,2.341666666666667,4.7,0.0,706.0,2418.0,105.4,52.46666666666667,2.463888888888889,40.4,27.079166666666666,2.3466666666666667,20.3,12.758333333333333,1.6277777777777778,11.4,7.241666666666667,1.6400000000000001,7.1,1.575,0.71,O3,2.463888888888889,5,2024,False
2024-05-24,20.2,15.795833333333334,82.83333333333333,2.3041666666666667,5.3,15.9,129.0,1284.0,83.8,54.30416666666667,2.1638888888888888,48.3,29.804166666666664,2.61,11.9,9.0375,1.1611111111111112,8.4,5.675,1.34,0.8,0.8000000000000002,0.08000000000000002,NO2,2.61,5,2024,False
2024-05-25,22.6,16.425,74.91666666666667,2.283333333333333,4.8,0.6000000000000001,401.0,2057.0,92.0,51.42083333333333,2.2777777777777777,42.4,22.0,2.413333333333333,17.4,10.0625,1.4666666666666666,11.6,6.05,1.6600000000000001,2.3,0.9833333333333334,0.22999999999999998,NO2,2.413333333333333,5,2024,False
2024-05-26,23.8,17.650000000000002,70.70833333333333,2.841666666666667,5.3,0.0,638.0,2269.0,97.5,55.862500000000004,2.3541666666666665,32.1,18.933333333333334,2.07,11.9,8.987499999999999,1.1611111111111112,6.6,5.4375,1.16,5.9,1.3541666666666667,0.5900000000000001,O3,2.3541666666666665,5,2024,False
2024-05-27,22.6,17.258333333333333,75.66666666666667,2.9,4.9,3.1,246.0,1563.0,68.3,45.96666666666667,1.9229166666666666,37.2,25.329166666666666,2.24,14.7,10.7125,1.3166666666666667,7.6,5.666666666666667,1.26,4.6,1.4333333333333333,0.45999999999999996,NO2,2.24,5,2024,False
2024-05-28,19.8,15.454166666666666,63.625,3.6374999999999997,5.2,0.0,555.0,2275.0,84.3,60.29583333333333,2.1708333333333334,38.1,22.004166666666666,2.27,10.9,8.0375,1.1055555555555556,5.5,3.9791666666666665,1.05,4.2,1.1166666666666667,0.42000000000000004,NO2,2.27,5,2024,False
2024-05-29,18.0,15.9625,78.79166666666667,4.366666666666666,7.0,2.0,13.0,888.0,63.5,46.45652173913044,1.8229166666666665,39.6,21.708695652173912,2.3200000000000003,11.7,8.895833333333334,1.15,6.4,4.7875000000000005,1.1400000000000001,7.9,2.9625000000000004,0.79,NO2,2.3200000000000003,5,2024,False
2024-05-30,19.8,15.620833333333332,84.95833333333333,2.6875,4.6,17.1,186.0,1496.0,67.9,49.71666666666667,1.9145833333333333,41.5,16.308333333333334,2.3833333333333333,14.2,6.8374999999999995,1.2888888888888888,10.7,4.3999999999999995,1.5699999999999998,6.5,1.3958333333333333,0.65,NO2,2.3833333333333333,5,2024,False
2024-05-31,18.7,15.695833333333333,74.16666666666667,3.033333333333333,4.6,0.30000000000000004,58.0,1264.0,82.8,63.15833333333333,2.15,25.9,15.254166666666668,1.795,17.3,9.904166666666667,1.4611111111111112,12.2,6.6499999999999995,1.72,0.8,0.8000000000000002,0.08000000000000002,O3,2.15,5,2024,False
2024-06-01,18.8,16.38695652173913,80.34782608695652,4.034782608695652,5.0,4.2,20.0,741.0,72.9,63.026086956521745,2.0125,20.0,11.626086956521737,1.5,19.0,10.139130434782608,1.5555555555555556,14.9,7.260869565217392,1.9900000000000002,0.8,0.8,0.08000000000000002,O3,2.0125,6,2024,False
2024-06-02,19.0,17.591666666666665,77.16666666666667,3.533333333333333,6.1,0.0,27.0,950.0,80.8,62.574999999999996,2.1222222222222222,26.0,10.091666666666667,1.8,21.5,14.633333333333333,1.6944444444444444,16.8,10.520833333333334,2.12,0.8,0.8000000000000002,0.08000000000000002,O3,2.1222222222222222,6,2024,False
2024-06-03,19.1,15.579166666666666,64.5,3.141666666666666,5.3,0.0,490.0,2297.0,97.7,75.25,2.3569444444444443,21.4,12.083333333333334,1.5699999999999998,16.7,15.025,1.4277777777777776,12.5,10.233333333333333,1.75,0.8,0.8000000000000002,0.08000000000000002,O3,2.3569444444444443,6,2024,False
2024-06-04,22.0,15.933333333333332,67.625,2.504166666666667,4.3,0.0,651.0,2563.0,94.9,62.770833333333336,2.3180555555555555,37.3,23.329166666666666,2.243333333333333,19.0,14.366666666666667,1.5555555555555556,10.5,8.766666666666667,1.55,2.9,1.0,0.29,O3,2.3180555555555555,6,2024,False
2024-06-05,22.0,16.233333333333334,75.29166666666667,4.259090909090909,7.4,1.0,113.0,954.0,53.3,40.112500000000004,1.6104166666666666,43.0,23.8875,2.4333333333333336,16.6,10.237499999999999,1.4222222222222223,10.3,5.958333333333333,1.5300000000000002,6.2,1.2208333333333334,0.6200000000000001,NO2,2.4333333333333336,6,2024,False
2024-06-06,23.5,16.408333333333335,67.91666666666667,2.795833333333333,5.8,0.0,554.0,2196.0,86.2,48.199999999999996,2.1972222222222224,30.9,24.916666666666668,2.03,14.6,10.154166666666667,1.3111111111111111,9.1,5.758333333333333,1.41,1.8,0.875,0.18000000000000002,O3,2.1972222222222224,6,2024,False
2024-06-07,23.5,16.141666666666666,60.375,2.091666666666667,4.7,0.0,586.0,2491.0,96.2,68.77083333333333,2.3361111111111112,51.2,31.391666666666666,2.706666666666667,28.0,16.720833333333335,2.037037037037037,13.0,9.883333333333333,1.8,3.2,0.9,0.32000000000000006,NO2,2.706666666666667,6,2024,False
2024-06-08,24.9,17.716666666666665,60.25,2.8958333333333335,5.5,0.0,811.0,2992.0,94.2,59.55416666666667,2.3083333333333336,45.4,27.995833333333334,2.513333333333333,24.8,14.9625,1.8777777777777778,16.9,9.870833333333334,2.1266666666666665,10.8,1.3458333333333334,1.04,NO2,2.513333333333333,6,2024,False
2024-06-09,22.6,17.837500000000002,52.375,2.6958333333333333,4.5,0.0,770.0,2830.0,104.3,80.77916666666667,2.448611111111111,19.1,11.420833333333334,1.455,15.4,9.887500000000001,1.3555555555555556,9.3,5.858333333333333,1.4300000000000002,1.2,0.8166666666666668,0.12,O3,2.448611111111111,6,2024,False
2024-06-10,20.7,15.291666666666666,57.666666666666664,5.345833333333334,11.1,0.0,471.0,2061.0,77.7,61.65416666666667,2.0791666666666666,42.6,25.71666666666667,2.42,19.8,14.095833333333333,1.6,8.2,6.3999999999999995,1.3199999999999998,1.9,0.9583333333333334,0.19,NO2,2.42,6,2024,False
2024-06-11,17.6,13.666666666666666,55.958333333333336,3.9499999999999997,7.2,0.0,476.0,2183.0,75.5,62.15416666666667,2.048611111111111,39.4,19.670833333333334,2.3133333333333335,11.3,8.404166666666667,1.1277777777777778,5.7,4.354166666666667,1.07,1.6,0.8500000000000001,0.16000000000000003,NO2,2.3133333333333335,6,2024,False
2024-06-12,18.2,13.241666666666667,60.75,2.779166666666667,5.7,0.0,560.0,2653.0,78.0,63.854166666666664,2.0833333333333335,35.7,18.037499999999998,2.19,15.1,9.145833333333334,1.3388888888888888,8.9,5.320833333333334,1.3900000000000001,2.3,0.8958333333333334,0.22999999999999998,NO2,2.19,6,2024,False
2024-06-13,20.3,14.891666666666666,55.625,2.375,4.1,0.0,617.0,2510.0,85.4,66.84166666666667,2.1861111111111113,38.9,24.816666666666666,2.296666666666667,16.1,12.045833333333334,1.3944444444444444,8.8,6.408333333333334,1.3800000000000001,3.6,1.1208333333333333,0.36000000000000004,NO2,2.296666666666667,6,2024,False
2024-06-14,19.0,15.0375,74.375,3.8666666666666667,7.4,0.8,82.0,992.0,64.4,46.76086956521739,1.8416666666666668,52.9,32.62083333333333,2.763333333333333,19.5,12.420833333333334,1.5833333333333333,9.5,6.983333333333333,1.45,4.3,1.291304347826087,0.43,NO2,2.763333333333333,6,2024,False
2024-06-15,21.3,17.204166666666666,64.75,6.495833333333334,11.7,5.8,590.0,2699.0,75.3,56.300000000000004,2.0458333333333334,27.5,19.745833333333334,1.875,12.2,9.75,1.1777777777777778,7.8,5.029166666666667,1.28,2.8,0.9583333333333334,0.27999999999999997,O3,2.0458333333333334,6,2024,False
2024-06-16,20.8,16.783333333333335,63.416666666666664,4.7625,7.6,0.0,184.0,1543.0,68.4,48.291666666666664,1.925,33.0,19.833333333333332,2.1,10.7,8.620833333333334,1.0944444444444443,5.3,4.45,1.03,3.2,1.2208333333333334,0.32000000000000006,NO2,2.1,6,2024,False
2024-06-17,23.0,18.533333333333335,77.04166666666667,3.995833333333333,6.3,5.7,265.0,1784.0,62.4,42.88333333333333,1.7999999999999998,27.7,18.729166666666668,1.885,9.0,6.7625,1.0,4.4,3.6041666666666665,0.8800000000000001,5.8,1.3916666666666666,0.58,NO2,1.885,6,2024,False
2024-06-18,26.2,20.204166666666666,77.5,2.033333333333333,4.2,0.4,407.0,1919.0,86.7,39.387499999999996,2.2041666666666666,58.3,25.849999999999998,2.9433333333333334,16.5,10.9375,1.4166666666666665,8.4,5.558333333333334,1.34,3.6,1.0166666666666668,0.36000000000000004,NO2,2.9433333333333334,6,2024,False
2024-06-19,20.3,18.0625,82.75,3.2916666666666665,6.3,6.9,227.0,1027.0,76.0,46.34166666666667,2.0555555555555554,38.1,16.970833333333335,2.27,15.2,8.116666666666667,1.3444444444444443,8.9,4.495833333333334,1.3900000000000001,0.8,0.8000000000000002,0.08000000000000002,NO2,2.27,6,2024,False
2024-06-20,24.0,18.962500000000002,75.95833333333333,2.4541666666666666,4.2,0.1,317.0,1770.0,67.5,47.20416666666667,1.90625,31.1,19.0125,2.0366666666666666,17.1,11.25,1.4500000000000002,10.6,6.5625,1.56,0.8,0.8000000000000002,0.08000000000000002,NO2,2.0366666666666666,6,2024,False
2024-06-21,24.0,20.258333333333333,84.79166666666667,3.2375000000000003,7.2,13.5,203.0,1271.0,70.0,36.175000000000004,1.9583333333333333,39.1,26.900000000000002,2.3033333333333332,26.4,18.316666666666666,1.9666666666666666,13.7,10.145833333333334,1.87,1.9,0.8458333333333333,0.19,NO2,2.3033333333333332,6,2024,False
2024-06-22,20.8,16.9375,79.0,4.179166666666666,6.3,6.6,237.0,1505.0,70.9,55.8125,1.9770833333333333,28.4,20.166666666666668,1.92,15.2,9.158333333333333,1.3444444444444443,9.6,5.508333333333333,1.46,3.5,1.2458333333333333,0.35000000000000003,O3,1.9770833333333333,6,2024,False
2024-06-23,24.6,18.966666666666665,71.20833333333333,2.129166666666667,3.7,0.0,261.0,2153.0,103.0,61.479166666666664,2.4305555555555554,29.3,15.5375,1.965,13.5,11.108333333333334,1.25,9.0,6.875,1.4,0.8,0.8000000000000002,0.08000000000000002,O3,2.4305555555555554,6,2024,False
2024-06-24,27.0,21.458333333333332,60.875,2.9458333333333333,4.1,0.0,818.0,2760.0,104.9,64.92083333333333,2.4569444444444444,25.5,17.308333333333334,1.775,15.7,10.275,1.3722222222222222,8.1,5.958333333333333,1.31,0.8,0.8000000000000002,0.08000000000000002,O3,2.4569444444444444,6,2024,False
2024-06-25,29.0,23.616666666666664,52.125,3.3318181818181816,5.0,0.0,739.0,1810.0,113.4,90.7375,2.575,31.5,15.554166666666667,2.05,17.9,11.829166666666666,1.4944444444444445,9.1,6.45,1.41,0.8,0.8000000000000002,0.08000000000000002,O3,2.575,6,2024,False
2024-06-26,31.2,24.320833333333336,59.166666666666664,2.558333333333333,5.2,6.6,774.0,2859.0,140.4,92.89999999999999,2.95,34.0,19.025000000000002,2.1333333333333333,21.6,17.3875,1.7000000000000002,12.0,9.345833333333333,1.7000000000000002,0.8,0.8000000000000002,0.08000000000000002,O3,2.95,6,2024,True
2024-06-27,31.2,24.558333333333334,72.0,2.65,6.5,0.0,615.0,2536.0,135.5,73.3391304347826,2.8819444444444446,35.1,21.773684210526316,2.17,31.7,23.895833333333332,2.174074074074074,19.6,14.758333333333333,2.3066666666666666,1.8,0.8416666666666668,0.18000000000000002,O3,2.8819444444444446,6,2024,True
2024-06-28,27.2,22.3625,66.16666666666667,3.204166666666666,5.5,0.0,412.0,2068.0,94.3,64.37083333333334,2.3097222222222222,38.4,21.879166666666666,2.28,24.9,15.341666666666667,1.8833333333333333,14.9,8.775,1.9900000000000002,0.8,0.8000000000000002,0.08000000000000002,O3,2.3097222222222222,6,2024,False
2024-06-29,31.1,23.15416666666667,62.291666666666664,2.3333333333333335,3.5,0.0,540.0,2424.0,121.6,69.61666666666666,2.6888888888888887,35.7,22.075,2.19,401.4,32.487500000000004,5.0,65.0,10.870833333333332,4.6,0.8,0.8000000000000002,0.08000000000000002,PM10,5.0,6,2024,True
2024-06-30,27.6,19.583333333333332,84.79166666666667,4.166666666666667,6.5,14.799999999999999,38.0,838.0,102.5,71.84583333333333,2.423611111111111,29.0,15.262500000000001,1.9500000000000002,22.4,13.441666666666668,1.7444444444444445,13.3,7.270833333333333,1.83,0.8,0.8000000000000002,0.08000000000000002,O3,2.423611111111111,6,2024,False
2024-07-01,21.1,17.869565217391305,73.1304347826087,4.3478260869565215,6.1,4.7,343.0,1872.0,83.5,55.31304347826087,2.1597222222222223,28.1,15.321739130434782,1.9050000000000002,22.7,13.7,1.761111111111111,12.8,7.5826086956521745,1.7800000000000002,1.3,0.8217391304347827,0.13,O3,2.1597222222222223,7,2024,False
2024-07-02,19.1,15.704166666666666,79.45833333333333,4.091666666666667,7.5,2.4,66.0,518.0,66.1,44.13913043478261,1.8770833333333332,30.4,21.55,2.013333333333333,15.0,9.9875,1.3333333333333333,8.3,5.354166666666667,1.33,2.2,0.8782608695652173,0.22000000000000003,NO2,2.013333333333333,7,2024,False
2024-07-03,17.6,14.6,83.16666666666667,2.45,3.8,2.0999999999999996,154.0,580.0,66.5,40.5875,1.8854166666666665,37.1,18.716666666666665,2.236666666666667,21.4,13.4625,1.6888888888888887,14.0,7.758333333333333,1.9,0.8,0.8000000000000002,0.08000000000000002,NO2,2.236666666666667,7,2024,False
2024-07-04,22.2,16.654166666666665,79.25,4.566666666666666,7.1,1.4000000000000001,250.0,830.5,74.7,39.9375,2.0375,28.6,17.983333333333334,1.9300000000000002,15.0,10.395833333333334,1.3333333333333333,7.9,5.2375,1.29,5.4,2.0875,0.54,O3,2.0375,7,2024,False
2024-07-05,23.1,17.408333333333335,67.29166666666667,4.058333333333334,7.2,0.0,167.0,872.0,69.4,41.550000000000004,1.9458333333333333,35.7,23.695833333333336,2.19,16.1,13.045833333333334,1.3944444444444444,6.5,5.833333333333333,1.15,1.6,0.8583333333333334,0.16000000000000003,NO2,2.19,7,2024,False
2024-07-06,25.1,19.091666666666665,72.375,4.541666666666667,8.5,0.2,396.0,915.0,67.3,35.80416666666667,1.9020833333333331,44.3,25.375,2.4766666666666666,14.8,11.133333333333333,1.3222222222222222,7.9,5.7124999999999995,1.29,3.0,1.1083333333333334,0.30000000000000004,NO2,2.4766666666666666,7,2024,False
2024-07-07,22.2,16.629166666666666,63.375,2.620833333333333,4.4,0.0,491.0,1250.5,75.2,49.28333333333333,2.0444444444444443,29.3,18.45416666666667,1.965,10.8,8.875,1.1,5.0,3.9458333333333333,1.0,2.1,0.9041666666666668,0.21000000000000002,O3,2.0444444444444443,7,2024,False
2024-07-08,26.1,18.766666666666666,60.916666666666664,1.7916666666666667,3.6,0.0,657.0,2741.0,105.0,50.449999999999996,2.4583333333333335,40.0,27.454166666666666,2.3333333333333335,16.7,11.295833333333334,1.4277777777777776,7.1,4.833333333333333,1.21,12.3,1.7791666666666668,1.115,O3,2.4583333333333335,7,2024,False
2024-07-09,32.6,24.8875,54.0,2.2416666666666667,3.5,0.0,888.0,2949.0,101.7,64.44583333333334,2.4125,35.4,24.1875,2.1799999999999997,18.1,12.275,1.5055555555555555,7.4,5.445833333333333,1.24,0.8,0.8000000000000002,0.08000000000000002,O3,2.4125,7,2024,True
2024-07-10,27.2,22.708333333333332,75.08333333333333,2.875,5.6,1.1,230.0,1461.0,85.6,53.45416666666667,2.1888888888888887,46.8,24.958333333333332,2.56,19.8,13.0375,1.6,8.3,6.508333333333333,1.33,0.8,0.8000000000000002,0.08000000000000002,NO2,2.56,7,2024,False
2024-07-11,27.5,22.791666666666668,72.91666666666667,2.625,5.1,1.8,439.0,2238.0,80.8,47.0375,2.1222222222222222,42.3,22.295833333333334,2.41,27.1,14.7875,2.0037037037037035,13.6,7.454166666666667,1.8599999999999999,0.8,0.8000000000000002,0.08000000000000002,NO2,2.41,7,2024,False
2024-07-12,26.7,21.954166666666666,68.20833333333333,4.920833333333333,9.9,5.1,547.0,2346.0,80.5,53.9,2.1180555555555554,29.8,18.541666666666668,1.9900000000000002,17.2,9.429166666666667,1.4555555555555555,8.4,5.125,1.34,0.8,0.8000000000000002,0.08000000000000002,O3,2.1180555555555554,7,2024,False
2024-07-13,23.3,18.054166666666667,63.458333333333336,3.891666666666667,6.0,0.0,399.0,2092.0,82.1,61.291666666666664,2.1402777777777775,24.4,16.070833333333333,1.72,8.3,5.954166666666667,0.9222222222222223,4.7,3.4125,0.9400000000000001,0.8,0.8000000000000002,0.08000000000000002,O3,2.1402777777777775,7,2024,False
2024-07-14,25.3,19.108333333333334,63.916666666666664,2.4375,5.4,0.0,467.0,2213.0,84.5,52.94166666666666,2.173611111111111,30.5,19.4875,2.0166666666666666,10.4,8.079166666666667,1.0777777777777777,5.9,4.295833333333333,1.09,3.0,1.1625,0.30000000000000004,O3,2.173611111111111,7,2024,False
2024-07-15,30.7,21.825,62.041666666666664,1.7750000000000001,7.6,1.3,780.0,2678.0,106.1,59.24583333333334,2.473611111111111,34.3,23.90833333333333,2.143333333333333,20.0,11.924999999999999,1.6111111111111112,8.6,6.1625000000000005,1.3599999999999999,0.8,0.8000000000000002,0.08000000000000002,O3,2.473611111111111,7,2024,False
2024-07-16,24.5,20.6125,72.66666666666667,5.708333333333333,10.2,1.0,573.0,2134.0,81.1,54.23333333333333,2.1263888888888887,27.9,16.845833333333335,1.895,20.3,11.804166666666667,1.6277777777777778,9.9,5.220833333333333,1.49,1.9,0.9041666666666667,0.19,O3,2.1263888888888887,7,2024,False
2024-07-17,25.4,20.025000000000002,66.91666666666667,2.5708333333333333,4.3,0.0,513.0,2322.0,90.2,50.916666666666664,2.2527777777777778,37.2,20.483333333333334,2.24,18.3,9.658333333333333,1.5166666666666666,5.3,4.1875,1.03,1.9,0.8458333333333333,0.19,O3,2.2527777777777778,7,2024,False
2024-07-18,28.8,22.75,56.875,2.3000000000000003,3.7,0.0,850.0,2593.0,104.1,64.79166666666667,2.4458333333333333,29.5,19.220833333333335,1.975,14.6,9.424999999999999,1.3111111111111111,6.6,5.070833333333334,1.16,0.8,0.8000000000000002,0.08000000000000002,O3,2.4458333333333333,7,2024,False
2024-07-19,31.2,25.0,52.416666666666664,2.3583333333333334,3.2,0.0,706.0,2363.0,127.6,78.05416666666666,2.772222222222222,30.9,21.120833333333334,2.03,20.5,13.679166666666667,1.6388888888888888,8.1,6.75,1.31,0.8,0.8000000000000002,0.08000000000000002,O3,2.772222222222222,7,2024,True
2024-07-20,32.8,26.370833333333334,53.333333333333336,2.0833333333333335,2.9,0.0,693.0,2505.0,149.1,92.52083333333333,3.053125,37.0,25.72083333333333,2.2333333333333334,38.0,18.625,2.4074074074074074,12.8,9.695833333333333,1.7800000000000002,0.8,0.8000000000000002,0.08000000000000002,O3,3.053125,7,2024,True
2024-07-21,29.4,24.84166666666667,62.666666666666664,3.358333333333333,6.1,0.0,407.0,1849.0,112.1,77.50833333333334,2.5569444444444445,39.0,22.454166666666666,2.3,27.1,16.787499999999998,2.0037037037037035,15.4,9.720833333333333,2.026666666666667,0.8,0.8000000000000002,0.08000000000000002,O3,2.5569444444444445,7,2024,False
2024-07-22,26.6,22.90416666666667,67.125,3.5500000000000003,5.5,3.6,273.0,1860.0,98.9,66.41250000000001,2.3736111111111113,35.9,15.741666666666667,2.1966666666666668,13.9,10.508333333333333,1.2722222222222221,9.7,6.7375,1.47,0.8,0.8000000000000002,0.08000000000000002,O3,2.3736111111111113,7,2024,False
2024-07-23,25.0,19.666666666666668,74.625,4.0249999999999995,8.8,3.6,287.0,1544.0,68.2,43.487500000000004,1.9208333333333334,38.3,22.75,2.2766666666666664,22.8,10.741666666666667,1.7666666666666666,6.6,4.866666666666666,1.16,4.4,1.0625,0.44000000000000006,NO2,2.2766666666666664,7,2024,False
2024-07-24,24.2,19.420833333333334,66.125,3.2624999999999997,3.9,0.0,540.0,2128.0,89.2,60.67916666666667,2.238888888888889,23.8,12.858333333333334,1.69,12.1,8.883333333333333,1.1722222222222223,7.4,5.158333333333333,1.24,0.8,0.8000000000000002,0.08000000000000002,O3,2.238888888888889,7,2024,False
2024-07-25,26.4,20.25,62.208333333333336,1.95,3.3,0.0,656.0,2287.0,124.9,65.52916666666667,2.7347222222222225,32.3,21.833333333333332,2.0766666666666667,14.3,10.979166666666666,1.2944444444444445,8.5,6.079166666666667,1.35,1.3,0.8217391304347827,0.13,O3,2.7347222222222225,7,2024,False
2024-07-26,23.7,19.379166666666666,82.95833333333333,2.158333333333333,3.8,1.6,83.0,964.0,62.9,43.92083333333333,1.8104166666666666,43.7,30.241666666666664,2.456666666666667,29.4,13.920833333333334,2.088888888888889,10.3,7.329166666666667,1.5300000000000002,0.8,0.8000000000000002,0.08000000000000002,NO2,2.456666666666667,7,2024,False
2024-07-27,22.7,20.333333333333332,91.04166666666667,2.1333333333333333,3.7,23.5,6.0,900.0,52.4,34.166666666666664,1.5916666666666666,48.6,25.325,2.62,12.5,8.025,1.1944444444444444,8.3,5.058333333333334,1.33,0.8,0.8000000000000002,0.08000000000000002,NO2,2.62,7,2024,False
2024-07-28,25.2,19.9375,68.95833333333333,2.670833333333333,4.4,3.1,638.0,2376.0,90.2,66.75,2.2527777777777778,16.8,9.0375,1.34,15.7,10.137500000000001,1.3722222222222222,9.6,6.4750000000000005,1.46,0.8,0.8000000000000002,0.08000000000000002,O3,2.2527777777777778,7,2024,False
2024-07-29,27.8,21.291666666666668,59.625,2.2583333333333333,3.6,0.0,856.0,2323.0,96.6,57.53636363636363,2.341666666666667,32.9,18.2625,2.0966666666666667,14.5,11.186363636363636,1.3055555555555556,10.0,6.868181818181818,1.5,0.8,0.8000000000000002,0.08000000000000002,O3,2.341666666666667,7,2024,False
2024-07-30,31.8,23.954166666666666,56.958333333333336,2.1,3.4,0.0,839.0,2604.0,133.9,75.32916666666667,2.8597222222222225,36.3,25.320833333333336,2.21,23.9,14.941666666666668,1.8277777777777775,9.6,7.7875000000000005,1.46,0.8,0.8000000000000002,0.08000000000000002,O3,2.8597222222222225,7,2024,True
2024-07-31,31.7,25.625,59.541666666666664,2.345833333333333,5.1,0.0,518.0,0.0,160.0,89.1375,3.1666666666666665,36.2,21.166666666666668,2.2066666666666666,25.7,20.212500000000002,1.9277777777777776,12.2,10.179166666666667,1.72,0.8,0.8000000000000002,0.08000000000000002,O3,3.1666666666666665,7,2024,True
2024-08-01,24.0,21.87391304347826,79.91304347826087,2.2956521739130435,3.9,11.6,90.0,0.0,87.9,61.95217391304348,2.220833333333333,49.7,26.313043478260873,2.6566666666666667,35.4,19.48695652173913,2.311111111111111,15.1,10.391304347826088,2.006666666666667,0.8,0.8,0.08000000000000002,NO2,2.6566666666666667,8,2024,False
2024-08-02,27.0,22.53333333333333,71.29166666666667,2.9125,4.8,0.0,567.0,0.0,116.6,86.42083333333333,2.6194444444444445,37.5,17.716666666666665,2.25,14.9,11.200000000000001,1.3277777777777777,9.5,7.254166666666666,1.45,0.8,0.8000000000000002,0.08000000000000002,O3,2.6194444444444445,8,2024,False
2024-08-03,25.8,21.258333333333333,77.75,2.6791666666666667,5.6,0.8,475.0,1923.0,118.8,64.08333333333333,2.65,37.4,22.520833333333332,2.2466666666666666,22.1,14.924999999999999,1.7277777777777779,16.2,9.604166666666666,2.08,3.7,1.2083333333333333,0.37000000000000005,O3,2.65,8,2024,False
2024-08-04,23.3,20.037499999999998,78.20833333333333,3.4791666666666665,6.9,0.7,115.0,1339.0,76.9,51.99166666666667,2.0680555555555555,23.9,14.804166666666667,1.6949999999999998,16.7,11.612499999999999,1.4277777777777776,9.5,7.341666666666666,1.45,0.8,0.8000000000000002,0.08000000000000002,O3,2.0680555555555555,8,2024,False
2024-08-05,26.2,20.979166666666668,60.916666666666664,1.7458333333333333,3.0,0.0,630.0,2361.0,122.4,68.825,2.7,39.7,18.712500000000002,2.3233333333333333,15.9,13.316666666666668,1.3833333333333333,9.8,8.158333333333333,1.48,1.4,0.8833333333333333,0.13999999999999999,O3,2.7,8,2024,False
2024-08-06,28.6,21.9375,64.16666666666667,2.066666666666667,3.1,0.0,823.0,2367.0,114.9,73.10416666666667,2.595833333333333,46.9,24.65416666666667,2.5633333333333335,27.1,14.791666666666666,2.0037037037037035,10.6,8.299999999999999,1.56,1.2,0.8166666666666668,0.12,O3,2.595833333333333,8,2024,False
2024-08-07,27.1,21.516666666666666,76.41666666666667,2.2958333333333334,4.1,0.8,410.0,1481.0,76.0,51.112500000000004,2.0555555555555554,40.1,25.204166666666666,2.336666666666667,27.5,17.858333333333334,2.0185185185185186,12.5,9.358333333333333,1.75,2.8,0.9,0.27999999999999997,NO2,2.336666666666667,8,2024,False
2024-08-08,25.8,20.616666666666667,65.70833333333333,2.983333333333333,5.1,0.0,534.0,2136.0,84.0,58.26666666666666,2.1666666666666665,27.0,15.521739130434783,1.85,12.9,9.495833333333334,1.2166666666666668,6.9,4.883333333333334,1.19,0.8,0.8000000000000002,0.08000000000000002,O3,2.1666666666666665,8,2024,False
2024-08-09,28.4,21.554166666666664,67.33333333333333,4.504166666666666,8.5,0.0,406.0,1766.0,81.3,45.59166666666667,2.1291666666666664,38.7,23.441666666666666,2.29,20.6,13.404166666666667,1.6444444444444444,7.5,5.966666666666666,1.25,1.3,0.8208333333333334,0.13,NO2,2.29,8,2024,False
2024-08-10,29.7,22.879166666666666,60.333333333333336,2.9958333333333336,5.3,0.0,748.0,2564.0,97.6,52.012499999999996,2.3555555555555556,39.7,21.037499999999998,2.3233333333333333,19.8,9.762500000000001,1.6,6.6,4.6625000000000005,1.16,0.8,0.8000000000000002,0.08000000000000002,O3,2.3555555555555556,8,2024,False
2024-08-11,30.9,23.395833333333332,59.75,1.9416666666666667,3.1,0.0,799.0,2482.0,85.9,58.30416666666667,2.1930555555555555,39.5,16.670833333333334,2.3166666666666664,16.3,11.833333333333334,1.4055555555555554,8.3,6.183333333333334,1.33,0.8,0.8000000000000002,0.08000000000000002,NO2,2.3166666666666664,8,2024,True
2024-08-12,33.2,26.458333333333332,56.958333333333336,2.5833333333333335,3.7,0.0,819.0,1237.5,124.3,80.77499999999999,2.7263888888888888,34.3,19.545833333333334,2.143333333333333,24.0,15.141666666666666,1.8333333333333333,9.3,7.479166666666667,1.4300000000000002,0.8,0.8000000000000002,0.08000000000000002,O3,2.7263888888888888,8,2024,True
2024-08-13,34.9,26.745833333333334,64.45833333333333,2.0458333333333334,5.0,0.0,601.0,1096.0,149.7,78.82916666666667,3.0593749999999997,53.2,29.791666666666668,2.7733333333333334,40.3,21.316666666666666,2.4925925925925925,16.6,11.325000000000001,2.106666666666667,0.8,0.8000000000000002,0.08000000000000002,O3,3.0593749999999997,8,2024,True
2024-08-14,29.1,23.758333333333336,73.83333333333333,3.341666666666667,5.7,9.5,463.0,859.5,117.0,85.10000000000001,2.625,39.9,22.979166666666668,2.33,20.2,13.370833333333332,1.6222222222222222,10.8,7.641666666666667,1.58,0.8,0.8000000000000002,0.08000000000000002,O3,2.625,8,2024,False
2024-08-15,29.2,23.150000000000002,67.29166666666667,3.025,4.4,0.0,705.0,1142.0,100.5,68.70833333333333,2.3958333333333335,43.9,25.266666666666666,2.4633333333333334,21.4,13.220833333333333,1.6888888888888887,10.7,7.3,1.5699999999999998,0.8,0.8000000000000002,0.08000000000000002,NO2,2.4633333333333334,8,2024,False
2024-08-16,30.0,23.175,61.416666666666664,3.466666666666667,5.8,0.0,705.0,1226.0,90.7,52.48333333333333,2.2597222222222224,40.7,26.84583333333333,2.356666666666667,14.0,10.129166666666666,1.2777777777777777,6.8,4.866666666666666,1.18,0.8,0.8000000000000002,0.08000000000000002,NO2,2.356666666666667,8,2024,False
2024-08-17,28.4,21.241666666666667,75.08333333333333,2.9375,4.6,9.8,225.0,1354.0,54.9,37.22083333333333,1.6437499999999998,39.9,24.71666666666667,2.33,15.8,11.049999999999999,1.3777777777777778,7.6,5.2875000000000005,1.26,2.4,0.9874999999999999,0.24,NO2,2.33,8,2024,False
2024-08-18,21.9,20.075,81.875,3.0666666666666664,6.8,4.0,8.0,864.0,79.4,43.74166666666667,2.102777777777778,19.1,12.166666666666666,1.455,8.8,6.8,0.9777777777777779,5.7,4.041666666666667,1.07,0.8,0.8000000000000002,0.08000000000000002,O3,2.102777777777778,8,2024,False
2024-08-19,24.0,18.925,68.75,1.6541666666666668,2.8,0.0,547.0,1833.0,99.5,63.800000000000004,2.3819444444444446,37.7,19.591666666666665,2.256666666666667,19.9,12.637500000000001,1.6055555555555554,13.5,8.120833333333334,1.85,0.8,0.8000000000000002,0.08000000000000002,O3,2.3819444444444446,8,2024,False
2024-08-20,23.6,19.383333333333333,74.08333333333333,2.0625,4.0,0.0,355.0,1433.0,79.7,53.208333333333336,2.1069444444444443,56.9,23.44583333333333,2.8966666666666665,18.7,15.108333333333334,1.5388888888888888,11.1,9.979166666666666,1.6099999999999999,0.8,0.8000000000000002,0.08000000000000002,NO2,2.8966666666666665,8,2024,False
2024-08-21,23.2,19.145833333333332,62.458333333333336,4.458333333333333,5.9,0.0,589.0,1993.0,69.8,55.76666666666667,1.9541666666666666,41.2,21.154166666666665,2.3733333333333335,16.3,11.483333333333334,1.4055555555555554,10.6,6.5625,1.56,0.8,0.8000000000000002,0.08000000000000002,NO2,2.3733333333333335,8,2024,False
2024-08-22,24.5,16.908333333333335,67.91666666666667,2.4,4.7,0.0,714.0,2183.0,76.7,42.30833333333333,2.0652777777777778,46.1,27.2375,2.5366666666666666,17.7,11.6,1.4833333333333334,6.6,4.991666666666666,1.16,3.6,1.1434782608695653,0.36000000000000004,NO2,2.5366666666666666,8,2024,False
2024-08-23,28.5,19.916666666666668,64.875,4.633333333333334,9.4,0.0,685.0,2185.0,85.6,41.71666666666667,2.1888888888888887,50.0,28.8,2.6666666666666665,22.1,14.158333333333333,1.7277777777777779,7.9,5.904166666666666,1.29,6.6,1.5250000000000001,0.66,NO2,2.6666666666666665,8,2024,False
2024-08-24,32.5,24.116666666666664,62.333333333333336,3.204166666666667,7.5,0.1,766.0,2245.0,111.5,51.64166666666667,2.548611111111111,43.0,27.09166666666667,2.4333333333333336,22.1,13.883333333333333,1.7277777777777779,11.6,7.208333333333333,1.6600000000000001,3.5,1.1333333333333335,0.35000000000000003,O3,2.548611111111111,8,2024,True
2024-08-25,23.4,19.349999999999998,61.291666666666664,4.541666666666667,7.3,1.9000000000000001,589.0,2059.0,77.2,62.72083333333333,2.0722222222222224,31.1,15.575000000000001,2.0366666666666666,20.5,8.975,1.6388888888888888,11.2,5.320833333333334,1.62,0.8,0.8000000000000002,0.08000000000000002,O3,2.0722222222222224,8,2024,False
2024-08-26,24.2,16.295833333333334,63.041666666666664,1.5291666666666668,3.0,0.0,773.0,1858.0,85.8,44.01666666666667,2.1916666666666664,33.9,22.320833333333336,2.13,15.0,9.908333333333333,1.3333333333333333,8.4,5.445833333333333,1.34,3.5,1.1583333333333334,0.35000000000000003,O3,2.1916666666666664,8,2024,False
2024-08-27,28.1,20.179166666666667,57.333333333333336,2.4,3.6,0.0,766.0,2249.0,100.2,54.84166666666667,2.3916666666666666,48.3,24.712500000000002,2.61,21.7,14.512500000000001,1.7055555555555555,13.8,8.341666666666667,1.8800000000000001,0.8,0.8000000000000002,0.08000000000000002,NO2,2.61,8,2024,False
2024-08-28,31.2,23.016666666666666,59.083333333333336,2.370833333333333,3.5,0.0,759.0,2194.0,120.1,68.78750000000001,2.668055555555555,62.2,28.45,3.055,18.9,14.558333333333332,1.5499999999999998,10.4,7.6375,1.54,0.8,0.8000000000000002,0.08000000000000002,NO2,3.055,8,2024,True
2024-08-29,33.9,24.679166666666664,64.29166666666667,1.9833333333333334,3.5,0.0,698.0,2013.0,122.4,56.862500000000004,2.7,58.6,39.608333333333334,2.953333333333333,26.2,19.625,1.9555555555555555,13.9,11.0375,1.8900000000000001,4.0,1.3541666666666667,0.4,NO2,2.953333333333333,8,2024,True
2024-08-30,29.0,23.608333333333334,69.16666666666667,4.379166666666666,8.0,0.0,502.0,1637.0,112.0,82.97500000000001,2.5555555555555554,49.4,20.045833333333334,2.6466666666666665,24.5,19.891666666666666,1.8611111111111112,14.3,11.608333333333334,1.9300000000000002,0.8,0.8000000000000002,0.08000000000000002,NO2,2.6466666666666665,8,2024,False
2024-08-31,30.7,23.820833333333336,63.5,4.920833333333333,6.5,0.0,702.0,1995.0,99.8,69.18333333333334,2.386111111111111,15.7,9.5875,1.285,20.0,14.958333333333334,1.6111111111111112,10.9,9.075000000000001,1.59,0.8,0.8000000000000002,0.08000000000000002,O3,2.386111111111111,8,2024,False
2024-09-01,32.5,25.85217391304348,55.30434782608695,3.073913043478261,4.2,0.0,728.0,1942.0,114.8,79.52173913043478,2.594444444444444,22.6,12.604347826086956,1.6300000000000001,25.3,17.83913043478261,1.9055555555555554,14.1,10.247826086956522,1.9100000000000001,0.8,0.8,0.08000000000000002,O3,2.594444444444444,9,2024,True
2024-09-02,28.5,24.066666666666666,65.375,2.2916666666666665,4.3,0.0,600.0,1860.0,108.9,78.49583333333334,2.5125,41.6,24.066666666666666,2.3866666666666667,26.5,21.029166666666665,1.9722222222222223,16.2,12.9625,2.08,0.8,0.8000000000000002,0.08000000000000002,O3,2.5125,9,2024,False
2024-09-03,30.3,22.866666666666664,76.25,1.6875,3.0,5.6,549.0,1823.0,102.6,49.166666666666664,2.425,47.5,31.245833333333334,2.5833333333333335,26.0,18.566666666666666,1.9444444444444444,18.1,11.641666666666666,2.2066666666666666,3.6,1.0375,0.36000000000000004,NO2,2.5833333333333335,9,2024,False
2024-09-04,25.6,20.7375,82.91666666666667,1.6541666666666668,4.8,17.7,142.0,1138.0,101.1,46.93333333333334,2.404166666666667,36.9,26.233333333333334,2.23,22.5,12.029166666666667,1.75,14.2,7.291666666666667,1.92,0.8,0.8000000000000002,0.08000000000000002,O3,2.404166666666667,9,2024,False
2024-09-05,32.9,25.5125,61.125,4.3625,6.0,0.0,677.0,1927.0,119.1,68.72916666666667,2.654166666666667,40.7,19.158333333333335,2.356666666666667,35.7,21.933333333333334,2.3222222222222224,19.0,13.391666666666666,2.2666666666666666,2.1,0.9583333333333334,0.21000000000000002,O3,2.654166666666667,9,2024,True
2024-09-06,23.3,19.445833333333333,84.0,2.6166666666666667,4.2,3.6,229.0,1010.0,89.5,43.2125,2.2430555555555554,41.3,23.925,2.3766666666666665,31.6,13.579166666666666,2.1703703703703705,17.4,7.3999999999999995,2.1599999999999997,2.0,0.875,0.2,NO2,2.3766666666666665,9,2024,False
2024-09-07,29.3,21.329166666666666,72.875,1.8333333333333333,2.6,0.0,605.0,1849.0,117.0,50.1625,2.625,47.1,25.599999999999998,2.5700000000000003,30.2,16.462500000000002,2.1185185185185187,15.9,10.054166666666667,2.06,0.8,0.8000000000000002,0.08000000000000002,O3,2.625,9,2024,False
2024-09-08,22.5,18.470833333333335,88.91666666666667,2.470833333333333,5.0,14.9,17.0,477.0,57.0,41.35,1.6875,46.3,26.579166666666666,2.543333333333333,30.9,16.454166666666666,2.1444444444444444,16.2,9.1875,2.08,0.8,0.8000000000000002,0.08000000000000002,NO2,2.543333333333333,9,2024,False
2024-09-09,20.0,17.0625,86.375,4.579166666666667,8.2,1.8,111.0,912.0,68.8,39.09166666666667,1.9333333333333331,33.6,21.758333333333336,2.12,16.8,10.4625,1.4333333333333333,10.6,5.925,1.56,5.9,1.4833333333333334,0.5900000000000001,NO2,2.12,9,2024,False
2024-09-10,20.4,16.425,74.33333333333333,5.25,8.1,1.9000000000000001,144.0,1014.0,61.0,48.416666666666664,1.7708333333333333,36.1,21.329166666666666,2.203333333333333,14.8,10.633333333333333,1.3222222222222222,7.1,5.641666666666667,1.21,0.8,0.8000000000000002,0.08000000000000002,NO2,2.203333333333333,9,2024,False
2024-09-11,16.2,14.075000000000001,73.58333333333333,5.654166666666666,9.2,9.1,132.0,814.0,54.9,45.9625,1.6437499999999998,31.6,20.541666666666668,2.0533333333333332,11.2,8.208333333333334,1.1222222222222222,6.9,4.7375,1.19,5.7,1.0250000000000001,0.5700000000000001,NO2,2.0533333333333332,9,2024,False
2024-09-12,14.7,10.129166666666666,82.04166666666667,3.0375,4.9,1.6,286.0,1360.0,51.6,27.625,1.575,39.6,22.916666666666668,2.3200000000000003,14.7,8.225,1.3166666666666667,8.2,4.591666666666667,1.3199999999999998,2.4,0.9666666666666667,0.24,NO2,2.3200000000000003,9,2024,False
2024-09-13,16.2,11.191666666666668,75.25,2.25,4.8,0.9,371.0,1240.0,60.3,35.708333333333336,1.7562499999999999,32.9,18.845833333333335,2.0966666666666667,12.6,7.266666666666667,1.2,8.2,4.5,1.3199999999999998,0.8,0.8000000000000002,0.08000000000000002,NO2,2.0966666666666667,9,2024,False
2024-09-14,15.8,12.395833333333334,67.625,3.6374999999999997,5.7,0.0,182.0,1073.0,73.5,54.354166666666664,2.0208333333333335,25.1,11.166666666666666,1.7550000000000001,7.8,6.05,0.8666666666666666,4.7,3.391666666666667,0.9400000000000001,0.8,0.8000000000000002,0.08000000000000002,O3,2.0208333333333335,9,2024,False
2024-09-15,18.5,12.679166666666667,67.66666666666667,2.3541666666666665,4.0,0.0,439.0,1498.0,88.3,56.86666666666667,2.2263888888888888,29.0,16.220833333333335,1.9500000000000002,9.7,6.887499999999999,1.0388888888888888,6.2,4.166666666666667,1.12,0.8,0.8000000000000002,0.08000000000000002,O3,2.2263888888888888,9,2024,False
2024-09-16,16.7,13.65,80.375,2.3875,4.7,0.0,0.0,233.0,63.0,40.18333333333333,1.8125,46.5,23.020833333333332,2.55,14.7,9.458333333333334,1.3166666666666667,8.2,5.566666666666666,1.3199999999999998,1.2,0.8166666666666668,0.12,NO2,2.55,9,2024,False
2024-09-17,22.9,18.0125,66.25,5.825,7.6,0.0,471.0,1439.0,79.9,65.30416666666666,2.1097222222222225,15.3,9.920833333333333,1.2650000000000001,26.7,15.345833333333333,1.9833333333333334,13.7,8.025,1.87,0.8,0.8000000000000002,0.08000000000000002,O3,2.1097222222222225,9,2024,False
2024-09-18,25.4,20.241666666666667,64.375,5.2,6.4,0.0,636.0,1586.0,90.7,71.01666666666667,2.2597222222222224,17.0,11.179166666666667,1.35,53.6,38.19166666666667,2.985185185185185,29.8,22.34166666666667,2.986666666666667,0.8,0.8000000000000002,0.08000000000000002,PM2.5,2.986666666666667,9,2024,False
2024-09-19,24.1,19.208333333333332,65.75,4.466666666666667,6.3,0.4,526.0,1384.0,85.9,70.50833333333334,2.1930555555555555,22.8,13.2125,1.6400000000000001,44.3,31.766666666666666,2.640740740740741,29.1,21.7625,2.94,0.8,0.8,0.08000000000000002,PM2.5,2.94,9,2024,False
2024-09-20,24.3,18.533333333333335,61.208333333333336,3.3249999999999997,4.7,0.0,676.0,1662.0,97.6,69.01666666666667,2.3555555555555556,44.9,17.854166666666668,2.4966666666666666,33.3,23.183333333333334,2.2333333333333334,24.6,15.091666666666667,2.64,1.4,0.8250000000000001,0.13999999999999999,PM2.5,2.64,9,2024,False
2024-09-21,23.7,17.6125,68.08333333333333,1.9833333333333334,2.8,0.0,673.0,1668.0,93.1,47.93333333333334,2.2930555555555556,65.8,26.916666666666668,3.145,27.2,19.541666666666668,2.0074074074074075,17.4,12.245833333333332,2.1599999999999997,0.8,0.8000000000000002,0.08000000000000002,NO2,3.145,9,2024,False
2024-09-22,23.5,17.2375,76.54166666666667,1.5666666666666667,2.7,0.0,437.0,1320.0,82.8,35.795833333333334,2.15,66.4,30.90833333333333,3.16,29.8,21.0125,2.1037037037037036,17.4,14.387500000000001,2.1599999999999997,2.2,0.9250000000000002,0.22000000000000003,NO2,3.16,9,2024,False
2024-09-23,19.8,16.516666666666666,88.5,2.6875,4.6,4.0,8.0,637.0,56.3,26.004166666666666,1.6729166666666666,45.4,31.508333333333336,2.513333333333333,23.2,15.541666666666666,1.7888888888888888,16.6,10.779166666666667,2.106666666666667,3.0,1.1166666666666667,0.30000000000000004,NO2,2.513333333333333,9,2024,False
2024-09-24,17.3,14.825000000000001,89.375,4.979166666666667,8.4,7.7,75.0,642.0,59.8,40.62916666666667,1.7458333333333331,31.9,20.579166666666666,2.0633333333333335,22.2,14.466666666666667,1.7333333333333334,15.6,9.841666666666667,2.04,6.4,2.8625000000000003,0.6400000000000001,NO2,2.0633333333333335,9,2024,False
2024-09-25,17.9,15.833333333333334,83.33333333333333,4.983333333333333,7.2,2.3,38.0,559.0,54.3,39.550000000000004,1.6312499999999999,43.4,24.554166666666664,2.4466666666666668,15.2,9.2125,1.3444444444444443,6.3,5.266666666666667,1.13,10.5,3.345833333333333,1.025,NO2,2.4466666666666668,9,2024,False
2024-09-26,18.5,15.745833333333335,92.70833333333333,5.545833333333333,8.8,40.1,0.0,227.0,63.2,44.875,1.8166666666666667,46.3,23.875,2.543333333333333,9.2,6.370833333333334,1.011111111111111,5.9,3.8833333333333333,1.09,3.0,1.0291666666666666,0.30000000000000004,NO2,2.543333333333333,9,2024,False
2024-09-27,17.6,15.0875,68.58333333333333,8.1,11.1,0.0,229.0,879.0,67.3,52.050000000000004,1.9020833333333331,37.5,24.370833333333334,2.25,11.2,8.049999999999999,1.1222222222222222,5.0,3.6208333333333336,1.0,8.3,1.6125,0.8300000000000001,NO2,2.25,9,2024,False
2024-09-28,15.5,12.270833333333334,71.625,4.470833333333333,6.4,0.5,390.0,1236.0,72.4,54.24166666666667,2.0055555555555555,32.7,15.225000000000001,2.0900000000000003,12.3,7.8374999999999995,1.1833333333333333,9.1,4.733333333333333,1.41,0.8,0.8000000000000002,0.08000000000000002,NO2,2.0900000000000003,9,2024,False
2024-09-29,14.6,9.695833333333333,75.83333333333333,1.9625000000000001,2.9,0.0,365.0,1130.0,62.6,38.108333333333334,1.8041666666666667,36.0,19.429166666666667,2.2,13.9,8.191666666666666,1.2722222222222221,10.7,5.308333333333334,1.5699999999999998,1.5,0.8500000000000001,0.15000000000000002,NO2,2.2,9,2024,False
2024-09-30,14.9,11.195833333333333,84.58333333333333,2.3041666666666667,4.1,3.1,0.0,277.0,48.4,25.09583333333333,1.5083333333333333,42.5,26.45,2.4166666666666665,14.3,8.1875,1.2944444444444445,6.9,4.583333333333333,1.19,0.8,0.8000000000000002,0.08000000000000002,NO2,2.4166666666666665,9,2024,False
2024-10-01,17.2,13.904347826086957,81.21739130434783,4.608695652173913,8.1,2.2,100.0,700.0,45.7,28.482608695652175,1.4520833333333334,53.2,32.082608695652176,2.7733333333333334,13.6,8.904347826086957,1.2555555555555555,7.4,4.160869565217391,1.24,4.1,1.0,0.41,NO2,2.7733333333333334,10,2024,False
2024-10-02,17.2,11.991666666666667,85.91666666666667,2.0458333333333334,3.7,1.8,186.0,900.0,59.9,15.745833333333332,1.7479166666666666,43.2,29.92916666666667,2.44,15.4,11.008333333333333,1.3555555555555556,12.0,6.154166666666666,1.7000000000000002,1.3,0.8208333333333334,0.13,NO2,2.44,10,2024,False
2024-10-03,13.4,11.579166666666666,74.16666666666667,5.341666666666666,6.4,0.0,43.0,666.0,57.8,47.86666666666667,1.7041666666666666,13.1,7.2375,1.155,10.5,5.9875,1.0833333333333333,8.1,3.85,1.31,0.8,0.8000000000000002,0.08000000000000002,O3,1.7041666666666666,10,2024,False
2024-10-04,14.2,12.2125,72.5,5.3,6.6,0.0,13.0,599.0,54.7,45.23333333333333,1.6395833333333334,26.9,11.354166666666666,1.845,8.4,6.55,0.9333333333333333,4.9,3.5749999999999997,0.9800000000000001,0.8,0.8000000000000002,0.08000000000000002,NO2,1.845,10,2024,False
2024-10-05,15.9,11.325000000000001,72.75,2.6958333333333333,4.1,0.0,499.0,1316.0,64.3,39.824999999999996,1.8395833333333331,40.2,19.566666666666666,2.34,21.2,8.283333333333333,1.6777777777777776,16.9,5.008333333333334,2.1266666666666665,0.8,0.8000000000000002,0.08000000000000002,NO2,2.34,10,2024,False
2024-10-06,13.5,9.483333333333333,82.33333333333333,2.4375,4.0,0.0,127.0,880.0,38.7,21.916666666666668,1.30625,36.9,17.966666666666665,2.23,17.3,11.191666666666668,1.4611111111111112,13.7,7.958333333333333,1.87,0.8,0.8000000000000002,0.08000000000000002,NO2,2.23,10,2024,False
2024-10-07,17.7,14.258333333333333,92.66666666666667,1.8208333333333335,4.1,5.3,39.0,477.0,18.0,5.233333333333333,0.75,44.6,29.287499999999998,2.486666666666667,17.9,12.408333333333333,1.4944444444444445,11.1,8.366666666666667,1.6099999999999999,0.8,0.8000000000000002,0.08000000000000002,NO2,2.486666666666667,10,2024,False
2024-10-08,16.6,15.645833333333334,95.54166666666667,3.2583333333333333,4.9,18.400000000000002,0.0,332.0,36.6,16.666666666666668,1.2625,34.0,26.3,2.1333333333333333,10.5,8.204166666666667,1.0833333333333333,6.7,4.791666666666667,1.17,2.6,0.9166666666666666,0.26,NO2,2.1333333333333333,10,2024,False
2024-10-09,16.0,14.295833333333334,89.25,2.783333333333333,4.3,4.4,26.0,340.0,27.4,16.408333333333335,1.0708333333333333,44.2,29.245833333333334,2.4733333333333336,14.8,11.5625,1.3222222222222222,9.3,6.083333333333333,1.4300000000000002,4.3,1.2333333333333334,0.43,NO2,2.4733333333333336,10,2024,False
2024-10-10,17.5,14.320833333333333,86.16666666666667,5.266666666666667,8.9,9.3,52.0,428.0,52.1,33.833333333333336,1.5854166666666667,44.9,27.445833333333336,2.4966666666666666,13.6,8.145833333333334,1.2555555555555555,6.1,3.9791666666666665,1.1099999999999999,1.8,0.9333333333333335,0.18000000000000002,NO2,2.4966666666666666,10,2024,False
2024-10-11,13.3,10.033333333333333,84.875,2.4166666666666665,3.7,6.8,237.0,879.0,62.7,37.824999999999996,1.80625,45.5,24.7,2.5166666666666666,17.6,9.683333333333334,1.4777777777777779,8.9,5.641666666666667,1.3900000000000001,1.5,0.8500000000000001,0.15000000000000002,NO2,2.5166666666666666,10,2024,False
2024-10-12,12.3,8.433333333333334,88.25,2.2125,3.4,1.1,76.0,660.0,26.2,10.279166666666667,1.0458333333333334,37.1,25.729166666666668,2.236666666666667,19.5,12.1625,1.5833333333333333,14.2,8.0625,1.92,2.2,0.9874999999999999,0.22000000000000003,NO2,2.236666666666667,10,2024,False
2024-10-13,13.0,10.950000000000001,75.29166666666667,4.808333333333334,7.6,4.8,243.0,831.0,60.5,34.5875,1.7604166666666665,45.9,20.345833333333335,2.53,12.3,8.6,1.1833333333333333,9.2,5.429166666666667,1.42,0.8,0.8000000000000002,0.08000000000000002,NO2,2.53,10,2024,False
2024-10-14,12.2,8.033333333333333,88.25,1.7458333333333333,3.4,2.4,27.0,518.0,20.8,7.666666666666667,0.8666666666666667,40.5,30.59583333333333,2.35,21.7,11.854166666666666,1.7055555555555555,13.9,7.004166666666666,1.8900000000000001,2.8,0.9,0.27999999999999997,NO2,2.35,10,2024,False
2024-10-15,12.2,10.470833333333333,88.08333333333333,2.3874999999999997,3.5,0.0,0.0,266.0,30.5,12.595833333333333,1.1354166666666667,32.4,22.883333333333336,2.08,17.2,12.066666666666668,1.4555555555555555,10.9,8.104166666666666,1.59,0.8,0.8000000000000002,0.08000000000000002,NO2,2.08,10,2024,False
2024-10-16,16.6,14.025,78.04166666666667,2.5416666666666665,3.3,0.0,241.0,707.0,32.7,21.587500000000002,1.1812500000000001,41.7,21.358333333333334,2.39,18.2,12.754166666666668,1.511111111111111,13.6,7.495833333333334,1.8599999999999999,1.3,0.8208333333333334,0.13,NO2,2.39,10,2024,False
2024-10-17,19.0,14.620833333333332,83.66666666666667,1.8208333333333335,2.5,0.9999999999999999,155.0,716.0,15.1,6.545833333333333,0.6291666666666667,43.8,29.833333333333332,2.46,27.8,18.75,2.0296296296296297,14.7,10.154166666666667,1.97,3.0,1.0956521739130434,0.30000000000000004,NO2,2.46,10,2024,False
2024-10-18,16.1,14.308333333333332,84.75,1.9749999999999999,3.0,0.4,13.0,425.0,17.6,8.316666666666666,0.7333333333333334,31.5,24.441666666666666,2.05,28.8,19.150000000000002,2.066666666666667,18.4,10.875,2.2266666666666666,0.8,0.8000000000000002,0.08000000000000002,PM2.5,2.2266666666666666,10,2024,False
2024-10-19,17.3,14.875,88.54166666666667,3.2083333333333335,5.3,0.6000000000000001,44.0,498.0,31.4,12.879166666666668,1.1541666666666666,44.0,25.004166666666666,2.466666666666667,33.8,16.966666666666665,2.2518518518518515,24.7,10.395833333333334,2.6466666666666665,3.8,1.1958333333333333,0.38,PM2.5,2.6466666666666665,10,2024,False
2024-10-20,13.6,11.7875,95.16666666666667,2.0208333333333335,3.9,0.0,0.0,304.0,10.4,4.529166666666667,0.43333333333333335,38.9,23.5125,2.296666666666667,23.2,16.254166666666666,1.7888888888888888,16.9,10.8375,2.1266666666666665,2.7,0.9166666666666666,0.27,NO2,2.296666666666667,10,2024,False
2024-10-21,22.1,16.120833333333334,83.0,2.4833333333333334,3.4,0.0,491.0,1023.0,35.9,13.475,1.2479166666666666,55.8,30.920833333333334,2.86,27.2,17.945833333333333,2.0074074074074075,14.6,10.2875,1.96,3.4,1.2708333333333333,0.34,NO2,2.86,10,2024,False
2024-10-22,16.9,13.479166666666666,81.70833333333333,2.8166666666666664,5.5,0.2,344.0,888.0,56.7,25.186956521739127,1.68125,41.9,24.578260869565216,2.3966666666666665,17.8,12.633333333333333,1.488888888888889,9.6,6.179166666666667,1.46,1.6,0.8913043478260869,0.16000000000000003,NO2,2.3966666666666665,10,2024,False
2024-10-23,15.6,9.15,84.25,1.8833333333333335,3.3,0.0,548.0,1034.0,56.1,14.941666666666668,1.66875,46.0,26.704166666666666,2.533333333333333,21.3,15.495833333333332,1.6833333333333333,11.8,8.6875,1.6800000000000002,0.8,0.8000000000000002,0.08000000000000002,NO2,2.533333333333333,10,2024,False
2024-10-24,14.9,11.6625,82.04166666666667,1.95,2.6,0.0,4.0,315.0,20.7,12.200000000000001,0.8624999999999999,39.3,23.974999999999998,2.31,20.8,15.404166666666667,1.6555555555555554,11.9,9.208333333333334,1.69,0.8,0.8000000000000002,0.08000000000000002,NO2,2.31,10,2024,False
2024-10-25,19.2,13.325000000000001,82.91666666666667,2.0166666666666666,3.2,0.0,519.0,969.0,24.4,7.420833333333333,1.0083333333333333,35.0,23.083333333333332,2.1666666666666665,27.8,14.858333333333334,2.0296296296296297,20.2,9.025,2.3466666666666667,2.1,0.9541666666666667,0.21000000000000002,PM2.5,2.3466666666666667,10,2024,False
2024-10-26,16.7,12.258333333333333,84.95833333333333,2.4166666666666665,3.5,0.0,224.0,625.0,21.6,8.666666666666666,0.9,33.3,21.233333333333334,2.11,25.5,17.170833333333334,1.9166666666666665,19.4,12.304166666666667,2.293333333333333,0.8,0.8000000000000002,0.08000000000000002,PM2.5,2.293333333333333,10,2024,False
2024-10-27,15.4,12.124,89.48,2.06,4.6,0.0,1.0,399.0,11.2,4.144,0.4666666666666666,33.9,21.964000000000002,2.13,27.4,21.232,2.0148148148148146,19.2,15.575999999999999,2.28,0.8,0.8,0.08000000000000002,PM2.5,2.28,10,2024,False
2024-10-28,12.3,10.2875,98.58333333333333,1.8041666666666665,3.6,0.0,0.0,322.0,7.5,2.225,0.3125,40.2,24.795833333333334,2.34,27.2,20.754166666666666,2.0074074074074075,18.4,14.799999999999999,2.2266666666666666,1.9,0.8666666666666667,0.19,NO2,2.34,10,2024,False
2024-10-29,15.5,11.325000000000001,94.66666666666667,1.6708333333333334,3.4,0.0,89.0,483.0,31.4,6.433333333333334,1.1541666666666666,52.4,29.933333333333334,2.7466666666666666,167.7,28.4375,5.0,27.2,11.241666666666667,2.8133333333333335,0.8,0.8000000000000002,0.08000000000000002,PM10,5.0,10,2024,False
2024-10-30,14.7,10.8375,94.375,1.0666666666666667,1.8,0.0,8.0,403.0,6.8,1.5041666666666667,0.2833333333333333,40.9,30.662499999999998,2.3633333333333333,29.0,19.662499999999998,2.074074074074074,19.0,13.383333333333333,2.2666666666666666,0.8,0.8000000000000002,0.08000000000000002,NO2,2.3633333333333333,10,2024,False
2024-10-31,13.1,11.420833333333334,88.04347826086956,1.4291666666666665,2.9,0.0,0.0,159.0,33.2,14.825000000000001,1.1916666666666667,44.8,25.362499999999997,2.493333333333333,20.5,15.970833333333333,1.6388888888888888,14.8,10.654166666666667,1.98,0.8,0.8000000000000002,0.08000000000000002,NO2,2.493333333333333,10,2024,False
2024-11-01,10.8,10.243478260869566,87.3913043478261,2.5304347826086957,4.2,0.2,0.0,174.0,21.6,14.382608695652175,0.9,35.9,24.26086956521739,2.1966666666666668,24.2,16.40434782608696,1.8444444444444443,16.1,10.752173913043478,2.0733333333333333,0.8,0.8,0.08000000000000002,NO2,2.1966666666666668,11,2024,False
2024-11-02,13.4,11.1,82.79166666666667,1.95,4.5,0.0,0.0,251.0,27.3,16.25,1.06875,28.5,20.099999999999998,1.925,21.5,13.570833333333333,1.6944444444444444,15.2,9.200000000000001,2.013333333333333,0.8,0.8000000000000002,0.08000000000000002,PM2.5,2.013333333333333,11,2024,False
2024-11-03,13.3,8.354166666666666,81.375,2.3625000000000003,3.7,0.0,508.0,827.0,29.3,18.587500000000002,1.1104166666666666,36.8,18.599999999999998,2.2266666666666666,16.2,10.166666666666666,1.4,12.4,6.954166666666667,1.7400000000000002,0.8,0.8000000000000002,0.08000000000000002,NO2,2.2266666666666666,11,2024,False
2024-11-04,10.7,5.670833333333333,89.70833333333333,2.225,3.5,0.0,155.0,307.0,21.0,4.3374999999999995,0.875,48.5,27.05,2.6166666666666667,31.7,19.145833333333332,2.174074074074074,25.6,13.762500000000001,2.706666666666667,2.5,1.0541666666666667,0.25,PM2.5,2.706666666666667,11,2024,False
2024-11-05,6.3,4.1125,93.5,1.5041666666666667,3.3,0.0,44.0,217.0,6.8,1.9749999999999999,0.2833333333333333,33.1,25.337500000000002,2.1033333333333335,29.2,19.316666666666666,2.0814814814814815,19.7,13.558333333333332,2.3133333333333335,0.8,0.8000000000000002,0.08000000000000002,PM2.5,2.3133333333333335,11,2024,False
2024-11-06,7.1,6.2250000000000005,87.95833333333333,1.6375,2.1,0.0,0.0,195.0,10.4,4.420833333333333,0.43333333333333335,30.8,26.5125,2.026666666666667,27.0,15.358333333333334,2.0,22.0,11.495833333333332,2.466666666666667,2.3,0.9041666666666667,0.22999999999999998,PM2.5,2.466666666666667,11,2024,False
2024-11-07,7.2,6.520833333333333,78.58333333333333,2.0124999999999997,2.8,0.0,0.0,160.0,24.4,17.158333333333335,1.0083333333333333,28.5,19.2375,1.925,25.7,19.708333333333332,1.9277777777777776,20.8,14.941666666666668,2.3866666666666667,0.8,0.8000000000000002,0.08000000000000002,PM2.5,2.3866666666666667,11,2024,False
2024-11-08,7.4,6.575,81.95833333333333,2.65,3.8,0.0,0.0,154.0,24.9,13.920833333333334,1.01875,27.8,17.483333333333334,1.8900000000000001,25.2,19.895833333333332,1.9,17.6,14.891666666666666,2.1733333333333333,0.8,0.8000000000000002,0.08000000000000002,PM2.5,2.1733333333333333,11,2024,False
2024-11-09,8.0,7.029166666666666,85.29166666666667,2.029166666666667,3.1,0.0,0.0,195.0,11.2,6.345833333333334,0.4666666666666666,27.6,20.070833333333333,1.8800000000000001,35.0,20.0,2.2962962962962963,29.5,14.583333333333334,2.966666666666667,0.8,0.8000000000000002,0.08000000000000002,PM2.5,2.966666666666667,11,2024,False
2024-11-10,5.7,4.966666666666667,95.625,1.3291666666666666,1.8,0.0,0.0,134.0,7.0,2.8375,0.29166666666666663,29.1,22.52916666666667,1.955,33.9,26.895833333333332,2.2555555555555555,28.6,22.525000000000002,2.9066666666666667,0.8,0.8000000000000002,0.08000000000000002,PM2.5,2.9066666666666667,11,2024,False
2024-11-11,6.5,5.466666666666666,97.20833333333333,2.733333333333333,4.6,2.4,0.0,146.0,4.3,1.1125,0.17916666666666664,33.3,27.858333333333334,2.11,21.8,13.445833333333333,1.7111111111111112,18.1,10.916666666666666,2.2066666666666666,1.4,0.8250000000000001,0.13999999999999999,PM2.5,2.2066666666666666,11,2024,False
2024-11-12,9.7,7.55,84.66666666666667,3.3708333333333336,5.0,0.2,8.0,256.0,35.1,12.508333333333333,1.23125,32.8,22.604166666666668,2.0933333333333333,19.0,12.8375,1.5555555555555556,15.2,9.737499999999999,2.013333333333333,0.8,0.8000000000000002,0.08000000000000002,NO2,2.0933333333333333,11,2024,False
2024-11-13,8.0,6.270833333333333,83.0,2.345833333333333,4.5,2.5,0.0,146.0,38.9,17.341666666666665,1.3104166666666666,39.4,25.795833333333334,2.3133333333333335,16.8,13.674999999999999,1.4333333333333333,11.9,9.783333333333333,1.69,0.8,0.8000000000000002,0.08000000000000002,NO2,2.3133333333333335,11,2024,False
2024-11-14,7.7,6.591666666666666,96.04166666666667,3.3375,4.5,3.3000000000000003,0.0,151.0,33.7,9.069565217391304,1.2020833333333334,44.7,28.718181818181815,2.49,17.7,13.245833333333332,1.4833333333333334,14.2,10.25,1.92,2.0,0.8545454545454546,0.2,NO2,2.49,11,2024,False
2024-11-15,9.0,7.370833333333334,93.125,1.3583333333333334,2.0,0.0,0.0,155.0,34.3,8.833333333333334,1.2145833333333333,61.4,40.483333333333334,3.035,38.1,23.337500000000002,2.411111111111111,18.9,13.841666666666667,2.26,2.9,1.2541666666666667,0.29,NO2,3.035,11,2024,False
2024-11-16,7.1,6.295833333333333,77.58333333333333,3.1041666666666665,4.7,0.0,0.0,239.0,43.1,27.0,1.3979166666666667,49.2,30.416666666666668,2.64,25.4,18.625,1.911111111111111,17.3,13.116666666666667,2.1533333333333333,1.4,0.8250000000000001,0.13999999999999999,NO2,2.64,11,2024,False
2024-11-17,6.3,5.554166666666667,81.125,5.954166666666667,8.6,0.7999999999999999,0.0,143.0,44.3,29.3625,1.4229166666666666,29.6,18.804166666666667,1.98,22.1,14.666666666666666,1.7277777777777779,17.9,11.404166666666667,2.1933333333333334,2.7,1.0250000000000001,0.27,PM2.5,2.1933333333333334,11,2024,False
2024-11-18,7.2,6.366666666666667,90.66666666666667,4.3500000000000005,8.3,8.3,0.0,135.0,47.3,32.0375,1.4854166666666666,58.0,32.333333333333336,2.9333333333333336,10.7,7.4875,1.0944444444444443,8.4,5.220833333333333,1.34,3.5,0.9916666666666667,0.35000000000000003,NO2,2.9333333333333336,11,2024,False
2024-11-19,10.9,8.304166666666667,89.04166666666667,7.204166666666667,12.4,11.8,0.0,128.0,63.0,41.7125,1.8125,38.2,22.15833333333333,2.2733333333333334,9.1,5.1000000000000005,1.0055555555555555,7.0,3.295833333333333,1.2,0.8,0.8000000000000002,0.08000000000000002,NO2,2.2733333333333334,11,2024,False
2024-11-20,5.1,3.5041666666666664,73.45833333333333,5.729166666666667,7.8,0.1,23.0,153.0,56.6,38.13333333333333,1.6791666666666667,41.1,26.383333333333336,2.37,15.2,9.329166666666667,1.3444444444444443,7.3,5.141666666666667,1.23,0.8,0.8000000000000002,0.08000000000000002,NO2,2.37,11,2024,False
2024-11-21,2.9,1.3458333333333334,79.91666666666667,4.041666666666667,7.9,0.0,10.0,311.0,48.2,26.291666666666668,1.5041666666666667,56.3,33.85,2.8766666666666665,21.0,11.329166666666666,1.6666666666666665,13.9,6.604166666666667,1.8900000000000001,1.3,0.8208333333333334,0.13,NO2,2.8766666666666665,11,2024,False
2024-11-22,3.8,0.6124999999999999,80.16666666666667,5.816666666666666,9.1,0.3,144.0,357.0,43.4,26.641666666666666,1.4041666666666666,48.9,31.883333333333336,2.63,19.6,12.4125,1.588888888888889,10.9,7.454166666666667,1.59,1.8,0.8833333333333333,0.18000000000000002,NO2,2.63,11,2024,False
2024-11-23,5.9,4.308333333333334,72.0,4.425,5.8,0.0,50.0,272.0,47.8,36.5,1.4958333333333331,42.9,26.412499999999998,2.4299999999999997,12.5,8.958333333333334,1.1944444444444444,6.6,5.379166666666666,1.16,5.3,1.4833333333333334,0.53,NO2,2.4299999999999997,11,2024,False
2024-11-24,16.0,11.266666666666666,61.333333333333336,4.695833333333334,6.5,0.0,69.0,325.0,45.2,22.8,1.4416666666666667,65.5,39.458333333333336,3.1375,17.8,11.441666666666668,1.488888888888889,10.5,6.341666666666666,1.55,6.4,2.529166666666667,0.6400000000000001,NO2,3.1375,11,2024,False
2024-11-25,16.4,12.108333333333334,70.66666666666667,3.625,6.3,4.9,24.0,177.0,33.4,4.729166666666667,1.1958333333333333,77.0,59.03333333333333,3.425,38.0,21.229166666666668,2.4074074074074074,12.4,9.0,1.7400000000000002,4.5,1.6833333333333333,0.45,NO2,3.425,11,2024,False
2024-11-26,11.4,8.545833333333333,89.25,3.3375,4.8,5.300000000000001,51.0,225.0,56.5,29.495833333333334,1.6770833333333333,58.0,37.09583333333333,2.9333333333333336,13.3,9.158333333333333,1.238888888888889,8.2,5.95,1.3199999999999998,2.3,0.9958333333333335,0.22999999999999998,NO2,2.9333333333333336,11,2024,False
2024-11-27,11.8,7.454166666666667,87.95833333333333,3.970833333333333,8.5,0.9,56.0,280.0,32.8,10.991666666666667,1.1833333333333333,46.7,36.395833333333336,2.5566666666666666,29.3,15.7875,2.085185185185185,15.9,10.233333333333333,2.06,4.2,1.3958333333333333,0.42000000000000004,NO2,2.5566666666666666,11,2024,False
2024-11-28,10.9,7.741666666666667,71.91666666666667,5.116666666666666,7.1,0.1,293.0,434.0,64.7,47.88333333333333,1.8479166666666667,52.6,25.125,2.7533333333333334,24.4,10.0625,1.8555555555555554,8.0,4.695833333333334,1.3,0.8,0.8000000000000002,0.08000000000000002,NO2,2.7533333333333334,11,2024,False
2024-11-29,7.3,3.3083333333333336,81.75,1.7916666666666667,2.9,0.0,233.0,390.0,46.2,16.375,1.4625,61.1,38.59166666666667,3.0275,28.6,14.233333333333334,2.0592592592592593,14.5,8.237499999999999,1.9500000000000002,2.3,0.9208333333333334,0.22999999999999998,NO2,3.0275,11,2024,False
2024-11-30,6.3,1.4000000000000001,82.75,2.3958333333333335,2.8,0.0,440.0,544.0,16.8,7.2250000000000005,0.7,53.5,40.09166666666667,2.783333333333333,29.2,15.754166666666668,2.0814814814814815,23.2,11.595833333333333,2.546666666666667,5.4,1.8625,0.54,NO2,2.783333333333333,11,2024,False
2024-12-01,0.0,-1.4043478260869564,97.34782608695652,1.9217391304347828,3.2,0.0,0.0,83.0,6.6,2.9130434782608696,0.27499999999999997,44.3,35.6,2.4766666666666666,28.5,20.226086956521737,2.0555555555555554,25.7,17.608695652173914,2.7133333333333334,1.3,0.8391304347826087,0.13,PM2.5,2.7133333333333334,12,2024,False
2024-12-02,4.2,2.2875,94.79166666666667,1.1416666666666666,2.3,0.6,0.0,105.0,1.6,0.7458333333333332,0.06666666666666667,42.6,37.24166666666667,2.42,45.2,32.954166666666666,2.674074074074074,31.9,26.537499999999998,3.0949999999999998,1.4,0.8416666666666667,0.13999999999999999,PM2.5,3.0949999999999998,12,2024,False
2024-12-03,7.8,3.970833333333333,92.58333333333333,2.9958333333333336,4.7,0.1,1.0,196.0,45.3,8.1625,1.4437499999999999,66.0,44.12083333333334,3.15,65.0,22.170833333333334,3.3055555555555554,26.2,12.591666666666667,2.7466666666666666,1.3,0.8583333333333334,0.13,PM10,3.3055555555555554,12,2024,False
2024-12-04,5.9,2.1416666666666666,86.41666666666667,2.1416666666666666,3.0,0.0,106.0,362.0,39.6,16.3875,1.325,63.6,45.541666666666664,3.09,44.4,20.8,2.6444444444444444,15.5,10.174999999999999,2.033333333333333,1.2,0.8166666666666668,0.12,NO2,3.09,12,2024,False
2024-12-05,3.8,1.0333333333333332,93.79166666666667,3.7708333333333335,6.7,3.9,0.0,151.0,15.3,5.4875,0.6375,51.6,42.025,2.72,36.9,21.599999999999998,2.3666666666666667,26.4,15.829166666666666,2.76,3.3,1.3166666666666667,0.33,PM2.5,2.76,12,2024,False
2024-12-06,9.9,7.516666666666667,75.70833333333333,7.666666666666667,11.4,7.2,23.0,227.0,58.0,41.420833333333334,1.7083333333333333,51.8,26.804166666666664,2.7266666666666666,16.6,10.15,1.4222222222222223,11.9,6.016666666666667,1.69,2.7,0.9291666666666667,0.27,NO2,2.7266666666666666,12,2024,False
2024-12-07,7.1,5.841666666666666,85.29166666666667,4.566666666666666,5.9,6.6000000000000005,0.0,55.0,44.7,29.066666666666666,1.43125,54.8,33.1125,2.8266666666666667,16.0,11.270833333333334,1.3888888888888888,8.9,7.125,1.3900000000000001,3.5,1.4416666666666667,0.35000000000000003,NO2,2.8266666666666667,12,2024,False
2024-12-08,8.0,6.554166666666667,74.20833333333333,3.7375000000000003,5.6,0.0,131.0,279.0,58.3,45.625,1.7145833333333331,30.6,18.7375,2.02,12.7,8.35,1.2055555555555555,9.4,5.220833333333333,1.44,1.4,0.8250000000000001,0.13999999999999999,NO2,2.02,12,2024,False
2024-12-09,6.4,5.058333333333334,73.91666666666667,5.954166666666667,7.0,0.0,0.0,165.0,46.5,32.125,1.46875,20.7,13.704166666666666,1.5350000000000001,15.7,9.579166666666667,1.3722222222222222,12.0,7.2625,1.7000000000000002,0.8,0.8000000000000002,0.08000000000000002,PM2.5,1.7000000000000002,12,2024,False
2024-12-10,5.5,4.7625,79.08333333333333,4.720833333333333,5.8,0.2,0.0,113.0,20.8,13.341666666666667,0.8666666666666667,22.3,15.433333333333332,1.6150000000000002,8.8,5.5874999999999995,0.9777777777777779,6.9,3.8541666666666665,1.19,1.6,0.8333333333333334,0.16000000000000003,NO2,1.6150000000000002,12,2024,False
2024-12-11,3.2,2.8375,79.875,3.1041666666666665,4.9,0.0,0.0,89.0,39.9,27.78333333333333,1.3312499999999998,28.9,18.1375,1.9449999999999998,12.6,10.891666666666666,1.2,10.1,8.179166666666667,1.51,1.4,0.8250000000000001,0.13999999999999999,NO2,1.9449999999999998,12,2024,False
2024-12-12,2.8,2.3375,76.375,1.8625,2.6,0.0,0.0,142.0,31.2,20.9875,1.15,32.1,22.6375,2.07,20.7,15.395454545454545,1.65,15.1,11.786363636363637,2.006666666666667,2.5,0.8916666666666667,0.25,NO2,2.07,12,2024,False
2024-12-13,2.4,1.4833333333333334,80.875,1.9458333333333335,2.6,0.0,0.0,65.0,26.5,18.658333333333335,1.0520833333333333,39.0,25.15416666666667,2.3,26.8,20.758333333333333,1.988888888888889,20.3,16.708333333333332,2.3533333333333335,0.8,0.8000000000000002,0.08000000000000002,PM2.5,2.3533333333333335,12,2024,False
2024-12-14,2.5,0.5,86.41666666666667,3.970833333333333,6.5,0.0,0.0,103.0,19.9,9.141666666666667,0.8291666666666666,41.7,30.520833333333332,2.39,32.2,25.916666666666668,2.1925925925925926,26.3,21.3125,2.7533333333333334,1.6,0.8625000000000002,0.16000000000000003,PM2.5,2.7533333333333334,12,2024,False
2024-12-15,7.5,4.670833333333333,80.75,5.8500000000000005,8.2,0.0,10.0,192.0,33.9,24.22083333333333,1.20625,31.3,23.791666666666668,2.0433333333333334,17.7,12.908333333333333,1.4833333333333334,14.9,10.320833333333333,1.9900000000000002,2.2,0.9250000000000002,0.22000000000000003,NO2,2.0433333333333334,12,2024,False
2024-12-16,9.9,8.5625,81.54166666666667,6.216666666666666,7.6,0.0,0.0,116.0,35.8,24.3625,1.2458333333333333,39.9,29.287499999999998,2.33,9.7,6.329166666666667,1.0388888888888888,5.0,3.5500000000000003,1.0,0.8,0.8000000000000002,0.08000000000000002,NO2,2.33,12,2024,False
2024-12-17,8.9,7.6625000000000005,83.25,4.2681818181818185,6.1,0.5,0.0,78.0,37.0,24.954166666666666,1.2708333333333333,42.9,28.78333333333333,2.4299999999999997,16.5,8.633333333333333,1.4166666666666665,12.4,4.7124999999999995,1.7400000000000002,2.9,0.8875000000000001,0.29,NO2,2.4299999999999997,12,2024,False
2024-12-18,12.1,8.204166666666667,79.58333333333333,4.75,6.3,0.2,125.0,258.0,43.8,16.333333333333332,1.4124999999999999,50.8,34.016666666666666,2.6933333333333334,22.0,17.712500000000002,1.7222222222222223,17.7,12.520833333333334,2.1799999999999997,6.2,2.2416666666666667,0.6200000000000001,NO2,2.6933333333333334,12,2024,False
2024-12-19,12.7,9.645833333333334,82.125,6.866666666666667,10.2,6.5,3.0,114.0,63.7,46.74583333333334,1.8270833333333334,42.6,23.816666666666666,2.42,9.4,6.191666666666666,1.0222222222222221,6.0,3.8666666666666667,1.1,6.2,1.675,0.6200000000000001,NO2,2.42,12,2024,False
2024-12-20,7.2,4.6125,73.16666666666667,4.9875,6.9,0.2,162.0,328.0,64.4,45.916666666666664,1.8416666666666668,44.0,27.570833333333336,2.466666666666667,21.5,12.204166666666667,1.6944444444444444,9.1,6.145833333333333,1.41,0.8,0.8000000000000002,0.08000000000000002,NO2,2.466666666666667,12,2024,False
2024-12-21,7.5,5.054166666666666,85.70833333333333,6.529166666666666,9.8,2.4,0.0,89.0,45.8,34.25416666666667,1.4541666666666666,49.6,24.325,2.6533333333333333,12.4,8.008333333333333,1.1888888888888889,8.5,5.779166666666666,1.35,8.6,3.408333333333333,0.86,NO2,2.6533333333333333,12,2024,False
2024-12-22,7.5,5.2124999999999995,82.25,6.858333333333333,10.5,10.6,49.0,232.0,76.8,56.604166666666664,2.0666666666666664,30.3,19.379166666666666,2.0100000000000002,9.8,5.870833333333334,1.0444444444444445,5.9,3.533333333333333,1.09,2.0,0.9125000000000001,0.2,O3,2.0666666666666664,12,2024,False
2024-12-23,7.1,3.4166666666666665,82.70833333333333,4.120833333333333,6.1,0.5,86.0,263.0,63.5,39.641666666666666,1.8229166666666665,44.5,28.02916666666667,2.4833333333333334,13.6,10.129166666666666,1.2555555555555555,8.6,6.541666666666667,1.3599999999999999,1.2,0.8166666666666668,0.12,NO2,2.4833333333333334,12,2024,False
2024-12-24,6.9,4.133333333333334,83.0,2.8708333333333336,3.8,0.0,128.0,351.0,49.0,32.6875,1.5208333333333333,39.5,29.304166666666664,2.3166666666666664,20.3,12.691666666666668,1.6277777777777778,11.6,7.516666666666667,1.6600000000000001,0.8,0.8000000000000002,0.08000000000000002,NO2,2.3166666666666664,12,2024,False
2024-12-25,6.9,4.804166666666666,87.95833333333333,1.7458333333333333,3.0,0.0,24.0,211.0,41.3,24.054166666666664,1.3604166666666666,58.6,28.333333333333332,2.953333333333333,20.5,14.666666666666666,1.6388888888888888,17.2,11.029166666666667,2.1466666666666665,1.6,0.8333333333333334,0.16000000000000003,NO2,2.953333333333333,12,2024,False
2024-12-26,6.6,2.779166666666667,84.25,2.0625,3.1,0.0,435.0,439.0,37.2,11.533333333333333,1.275,49.7,32.24166666666667,2.6566666666666667,21.7,15.987499999999999,1.7055555555555555,18.4,13.191666666666668,2.2266666666666666,0.8,0.8000000000000002,0.08000000000000002,NO2,2.6566666666666667,12,2024,False
2024-12-27,4.7,0.42083333333333334,90.125,1.9791666666666667,3.3,0.0,321.0,457.0,8.6,4.5874999999999995,0.3583333333333333,41.5,27.733333333333334,2.3833333333333333,22.9,11.070833333333333,1.7722222222222221,19.1,8.908333333333333,2.2733333333333334,1.9,0.8916666666666667,0.19,NO2,2.3833333333333333,12,2024,False
2024-12-28,-2.2,-2.9,96.625,1.3125,2.5,0.0,0.0,152.0,3.3,1.375,0.13749999999999998,49.3,34.733333333333334,2.643333333333333,29.0,21.670833333333334,2.074074074074074,26.1,19.099999999999998,2.74,1.3,0.8208333333333334,0.13,PM2.5,2.74,12,2024,False
2024-12-29,-0.5,-1.4749999999999999,96.58333333333333,2.408333333333333,3.6,0.0,0.0,83.0,7.1,2.3208333333333333,0.2958333333333333,43.4,32.949999999999996,2.4466666666666668,24.9,20.608333333333334,1.8833333333333333,22.5,18.258333333333333,2.5,0.8,0.8000000000000002,0.08000000000000002,PM2.5,2.5,12,2024,False
2024-12-30,0.0,-0.6208333333333333,94.95833333333333,3.6374999999999997,4.1,0.0,0.0,76.0,16.6,12.950000000000001,0.6916666666666667,33.3,24.295833333333334,2.11,19.0,11.983333333333334,1.5555555555555556,16.9,10.262500000000001,2.1266666666666665,0.8,0.8000000000000002,0.08000000000000002,PM2.5,2.1266666666666665,12,2024,False
2024-12-31,-0.1,-0.8708333333333332,94.58333333333333,4.491666666666666,6.2,0.0,0.0,70.0,20.8,15.966666666666667,0.8666666666666667,28.2,22.25,1.9100000000000001,24.5,18.925,1.8611111111111112,21.7,16.729166666666668,2.4466666666666668,0.8,0.8000000000000002,0.08000000000000002,PM2.5,2.4466666666666668,12,2024,False
2025-01-01,7.2,3.217391304347826,75.47826086956522,6.856521739130434,10.4,0.0,185.0,367.0,46.1,25.90869565217391,1.4604166666666667,34.1,25.317391304347826,2.1366666666666667,158.8,32.12173913043478,5.0,140.6,29.08695652173913,5.0,4.9,1.3608695652173914,0.49000000000000005,PM10,5.0,1,2025,False
2025-01-02,8.1,3.5124999999999997,86.04166666666667,4.491666666666666,10.6,15.0,7.0,40.0,55.1,43.90833333333333,1.6479166666666667,55.4,27.875,2.8466666666666667,13.0,7.058333333333334,1.2222222222222223,11.7,5.745833333333334,1.67,0.8,0.8000000000000002,0.08000000000000002,NO2,2.8466666666666667,1,2025,False
2025-01-03,3.2,1.375,78.79166666666667,5.641666666666667,9.5,0.0,259.0,204.0,50.1,35.77916666666667,1.54375,49.0,30.875,2.6333333333333333,39.8,14.545833333333334,2.474074074074074,13.9,7.333333333333333,1.8900000000000001,0.8,0.8000000000000002,0.08000000000000002,NO2,2.6333333333333333,1,2025,False
2025-01-04,1.1,0.19583333333333333,82.875,3.0083333333333333,5.4,0.0,0.0,167.5,43.9,23.891666666666666,1.4145833333333333,56.7,32.59583333333333,2.89,30.9,14.866666666666667,2.1444444444444444,28.3,12.820833333333333,2.8866666666666667,4.6,1.2875,0.45999999999999996,NO2,2.89,1,2025,False
2025-01-05,6.0,1.2416666666666667,94.08333333333333,2.4,4.2,14.4,0.0,74.0,29.9,17.245833333333334,1.1229166666666666,51.3,34.44166666666667,2.71,19.4,14.029166666666667,1.5777777777777775,18.2,12.754166666666668,2.2133333333333334,1.2,0.8166666666666668,0.12,NO2,2.71,1,2025,False
2025-01-06,15.9,9.845833333333333,71.33333333333333,6.2250000000000005,12.6,1.4000000000000001,140.0,295.0,61.1,34.733333333333334,1.7729166666666667,60.9,34.137499999999996,3.0225,12.9,7.9750000000000005,1.2166666666666668,9.6,5.241666666666666,1.46,4.8,1.6291666666666667,0.48,NO2,3.0225,1,2025,False
2025-01-07,7.4,5.816666666666666,67.375,7.208333333333333,10.3,0.2,72.0,208.0,65.0,54.300000000000004,1.8541666666666665,35.9,23.795833333333334,2.1966666666666668,11.5,7.466666666666666,1.1388888888888888,4.5,3.2458333333333336,0.9,1.8,0.8666666666666667,0.18000000000000002,NO2,2.1966666666666668,1,2025,False
2025-01-08,5.1,3.1750000000000003,83.875,3.8833333333333333,6.6,6.0,0.0,197.0,56.6,40.30833333333333,1.6791666666666667,53.1,30.925,2.77,12.3,6.941666666666666,1.1833333333333333,6.5,3.8625000000000003,1.15,3.0,1.0916666666666668,0.30000000000000004,NO2,2.77,1,2025,False
2025-01-09,10.4,5.05,88.0,5.504166666666666,8.8,9.4,0.0,85.0,56.6,37.68333333333333,1.6791666666666667,38.6,26.308695652173913,2.2866666666666666,14.7,6.683333333333334,1.3166666666666667,13.7,5.3,1.87,3.6,1.0521739130434782,0.36000000000000004,NO2,2.2866666666666666,1,2025,False
2025-01-10,4.9,1.6583333333333332,75.66666666666667,4.716666666666667,7.9,0.1,109.0,275.0,57.6,39.708333333333336,1.7,53.1,31.633333333333336,2.77,35.2,15.016666666666666,2.303703703703704,8.9,6.2375,1.3900000000000001,1.4,0.8250000000000001,0.13999999999999999,NO2,2.77,1,2025,False
2025-01-11,3.7,1.175,75.83333333333333,3.6916666666666664,5.3,0.0,384.0,520.0,49.9,36.06666666666667,1.5395833333333333,35.5,23.27916666666667,2.183333333333333,18.5,14.862499999999999,1.5277777777777777,15.0,11.629166666666668,2.0,0.8,0.8000000000000002,0.08000000000000002,NO2,2.183333333333333,1,2025,False
2025-01-12,4.0,1.7333333333333334,71.25,2.8791666666666664,4.0,0.0,273.0,488.0,71.0,40.30833333333333,1.9791666666666665,66.0,24.829166666666666,3.15,19.4,13.954166666666666,1.5777777777777775,16.1,10.345833333333333,2.0733333333333333,0.8,0.8000000000000002,0.08000000000000002,NO2,3.15,1,2025,False
2025-01-13,1.2,-2.158333333333333,78.20833333333333,1.7625,3.1,0.0,463.0,620.0,39.1,17.075,1.3145833333333332,70.8,47.112500000000004,3.27,31.7,15.775,2.174074074074074,22.3,12.200000000000001,2.486666666666667,0.8,0.8000000000000002,0.08000000000000002,NO2,3.27,1,2025,False
2025-01-14,2.0,-1.9545454545454546,77.45454545454545,1.7916666666666667,3.2,0.0,227.0,301.0,18.9,6.6375,0.7874999999999999,79.2,55.395833333333336,3.48,46.8,26.7375,2.7333333333333334,28.8,19.429166666666667,2.92,3.4,1.1625,0.34,NO2,3.48,1,2025,False
2025-01-15,5.1,2.2041666666666666,81.91666666666667,1.8458333333333332,3.4,0.0,13.0,276.0,8.9,2.4375,0.37083333333333335,59.6,51.395833333333336,2.986666666666667,41.6,32.40833333333333,2.5407407407407407,34.3,27.495833333333334,3.215,4.9,1.616666666666667,0.49000000000000005,PM2.5,3.215,1,2025,False
2025-01-16,6.1,3.6624999999999996,80.29166666666667,2.6166666666666667,4.2,0.0,322.0,484.0,48.9,24.741666666666664,1.5187499999999998,50.9,32.975,2.6966666666666668,23.9,12.991666666666667,1.8277777777777775,21.9,11.058333333333332,2.46,0.8,0.8000000000000002,0.08000000000000002,NO2,2.6966666666666668,1,2025,False
2025-01-17,1.5,0.3875,90.33333333333333,2.2041666666666666,3.1,0.0,0.0,105.0,26.1,15.979166666666666,1.04375,41.0,28.34166666666667,2.3666666666666667,19.4,14.424999999999999,1.5777777777777775,17.0,13.229166666666666,2.1333333333333333,0.8,0.8000000000000002,0.08000000000000002,NO2,2.3666666666666667,1,2025,False
2025-01-18,2.9,0.3625,84.54166666666667,2.091666666666667,3.3,0.0,172.0,323.0,31.9,18.099999999999998,1.1645833333333333,46.4,23.78333333333333,2.546666666666667,36.8,20.833333333333332,2.3629629629629627,33.9,17.958333333333332,3.195,1.4,0.8666666666666667,0.13999999999999999,PM2.5,3.195,1,2025,False
2025-01-19,6.6,-0.28750000000000003,84.08333333333333,1.7583333333333335,2.5,0.0,469.0,604.0,23.8,4.383333333333334,0.9916666666666667,50.0,33.74583333333333,2.6666666666666665,37.3,23.724999999999998,2.3814814814814813,34.9,21.400000000000002,3.245,2.7,1.3375000000000001,0.27,PM2.5,3.245,1,2025,False
2025-01-20,-0.4,-1.3916666666666666,92.41666666666667,2.4083333333333337,3.7,0.0,0.0,101.0,6.3,2.8041666666666667,0.26249999999999996,42.0,33.68333333333333,2.4,42.7,36.875,2.5814814814814815,41.0,35.1625,3.55,2.1,1.0416666666666667,0.21000000000000002,PM2.5,3.55,1,2025,False
2025-01-21,-1.6,-2.1750000000000003,93.79166666666667,1.2541666666666667,2.4,0.0,0.0,139.0,9.3,2.8333333333333335,0.3875,56.4,43.94166666666666,2.88,43.0,36.7125,2.5925925925925926,40.5,34.395833333333336,3.525,3.2,1.1833333333333333,0.32000000000000006,PM2.5,3.525,1,2025,False
2025-01-22,1.4,-0.9125000000000001,90.125,1.3,2.1,0.0,0.0,247.0,5.9,1.6818181818181819,0.24583333333333335,53.8,44.46818181818182,2.793333333333333,50.5,36.50454545454546,2.8703703703703702,45.2,33.086363636363636,3.7600000000000002,3.7,1.9909090909090907,0.37000000000000005,PM2.5,3.7600000000000002,1,2025,False
2025-01-23,6.5,4.1000000000000005,80.625,4.466666666666667,8.1,6.7,106.0,299.0,52.6,22.962500000000002,1.5958333333333332,49.6,34.18333333333333,2.6533333333333333,51.3,20.8375,2.9,30.1,14.466666666666667,3.005,6.6,1.575,0.66,PM2.5,3.005,1,2025,False
2025-01-24,11.0,7.341666666666666,75.16666666666667,4.845833333333333,6.8,2.7,3.0,206.0,48.4,35.208333333333336,1.5083333333333333,57.0,33.516666666666666,2.9,52.8,17.316666666666666,2.9555555555555553,12.5,6.4125000000000005,1.75,9.9,2.9125,0.9900000000000001,PM10,2.9555555555555553,1,2025,False
2025-01-25,14.6,10.3,73.0,2.6625,5.2,11.7,23.0,214.0,30.5,13.120833333333332,1.1354166666666667,66.3,49.54583333333333,3.1574999999999998,36.1,18.241666666666667,2.337037037037037,23.5,9.816666666666666,2.5666666666666664,2.9,1.3,0.29,NO2,3.1574999999999998,1,2025,False
2025-01-26,10.6,6.783333333333334,79.58333333333333,5.366666666666667,9.3,2.0,70.0,296.0,67.9,48.26666666666667,1.9145833333333333,62.2,25.150000000000002,3.055,15.9,6.1000000000000005,1.3833333333333333,13.3,3.8083333333333336,1.83,3.3,1.1041666666666667,0.33,NO2,3.055,1,2025,False
2025-01-27,13.3,10.2875,76.33333333333333,6.2749999999999995,8.9,5.1,0.0,174.0,67.2,51.550000000000004,1.9,47.1,28.0625,2.5700000000000003,12.4,5.425,1.1888888888888889,6.7,2.783333333333333,1.17,4.6,1.8291666666666666,0.45999999999999996,NO2,2.5700000000000003,1,2025,False
2025-01-28,10.1,8.195833333333333,74.5,4.641666666666667,6.7,0.1,17.0,325.0,66.6,42.37083333333333,1.8874999999999997,65.0,33.112500000000004,3.125,19.3,8.362499999999999,1.5722222222222222,6.4,3.9875000000000003,1.1400000000000001,4.7,2.2375000000000003,0.47000000000000003,NO2,3.125,1,2025,False
2025-01-29,9.2,7.716666666666666,77.91666666666667,6.120833333333334,9.4,2.6,103.0,363.0,57.7,44.824999999999996,1.7020833333333334,69.4,28.270833333333332,3.2350000000000003,52.7,15.2875,2.9518518518518517,11.5,4.8,1.65,5.6,2.0208333333333335,0.5599999999999999,NO2,3.2350000000000003,1,2025,False
2025-01-30,10.8,6.379166666666666,83.70833333333333,2.5166666666666666,6.4,1.4,133.0,456.0,55.3,11.770833333333334,1.6520833333333331,64.2,46.0625,3.105,75.5,19.066666666666666,3.5972222222222223,16.6,9.1625,2.106666666666667,2.9,1.3083333333333333,0.29,PM10,3.5972222222222223,1,2025,False
2025-01-31,6.7,3.5625,75.95833333333333,2.341666666666667,4.6,0.3,281.0,677.0,65.0,40.550000000000004,1.8541666666666665,69.4,34.2625,3.2350000000000003,32.6,13.520833333333334,2.2074074074074073,11.7,7.066666666666666,1.67,1.7,0.8375,0.17,NO2,3.2350000000000003,1,2025,False
2025-02-01,5.8,1.465217391304348,73.65217391304348,2.4956521739130433,4.3,0.0,490.0,785.0,58.6,26.508695652173916,1.7208333333333332,55.9,38.48695652173913,2.8633333333333333,15.1,12.308695652173913,1.3388888888888888,12.7,9.408695652173913,1.77,0.8,0.8,0.08000000000000002,NO2,2.8633333333333333,2,2025,False
2025-02-02,5.4,0.3791666666666667,77.25,2.220833333333333,3.3,0.0,489.0,791.0,43.3,23.929166666666664,1.4020833333333331,63.4,35.204166666666666,3.085,30.9,16.712500000000002,2.1444444444444444,26.7,14.262500000000001,2.78,1.4,0.8250000000000001,0.13999999999999999,NO2,3.085,2,2025,False
2025-02-03,-0.4,-1.9958333333333333,89.91666666666667,1.4124999999999999,2.4,0.0,46.0,207.0,16.3,3.3958333333333335,0.6791666666666667,65.8,48.57083333333333,3.145,50.5,29.547826086956523,2.8703703703703702,36.6,24.608695652173914,3.33,2.8,1.0958333333333334,0.27999999999999997,PM2.5,3.33,2,2025,False
2025-02-04,-0.1,-0.6375000000000001,81.08333333333333,2.254166666666667,3.1,0.0,0.0,171.0,22.4,8.791666666666666,0.9333333333333332,47.1,39.641666666666666,2.5700000000000003,48.4,39.391666666666666,2.7925925925925927,36.9,33.50416666666667,3.3449999999999998,3.4,1.491666666666667,0.34,PM2.5,3.3449999999999998,2,2025,False
2025-02-05,1.9,-0.5833333333333334,88.20833333333333,1.7166666666666668,3.2,0.0,0.0,245.0,9.8,3.5416666666666665,0.4083333333333333,42.9,34.78333333333333,2.4299999999999997,52.5,42.25416666666667,2.9444444444444446,42.8,36.31666666666667,3.6399999999999997,2.0,0.9125000000000001,0.2,PM2.5,3.6399999999999997,2,2025,False
2025-02-06,4.6,3.1125000000000003,78.5,3.141666666666667,4.9,0.0,0.0,230.0,41.6,19.517391304347825,1.3666666666666667,39.7,30.02173913043478,2.3233333333333333,50.5,26.650000000000002,2.8703703703703702,42.6,21.670833333333334,3.63,1.4,0.8478260869565217,0.13999999999999999,PM2.5,3.63,2,2025,False
2025-02-07,6.0,3.9499999999999997,66.70833333333333,3.875,5.0,0.0,16.0,269.0,48.9,41.204166666666666,1.5187499999999998,34.0,20.420833333333334,2.1333333333333333,28.4,16.474999999999998,2.051851851851852,23.4,12.970833333333333,2.56,2.1,0.9916666666666667,0.21000000000000002,PM2.5,2.56,2,2025,False
2025-02-08,7.7,2.970833333333333,69.79166666666667,2.5625,3.1,0.0,461.0,683.0,50.8,31.770833333333332,1.5583333333333331,53.1,31.920833333333334,2.77,49.8,34.324999999999996,2.844444444444444,41.6,29.691666666666666,3.58,3.0,1.1458333333333333,0.30000000000000004,PM2.5,3.58,2,2025,False
2025-02-09,5.7,1.5250000000000001,78.16666666666667,1.6041666666666667,2.5,0.0,192.0,623.0,28.3,12.129166666666668,1.0895833333333333,56.9,37.62916666666667,2.8966666666666665,56.6,42.8125,3.0722222222222224,49.9,38.82083333333333,3.995,2.6,1.0625,0.26,PM2.5,3.995,2,2025,False
2025-02-10,7.4,3.6999999999999997,75.33333333333333,2.7416666666666667,4.0,1.8,36.0,434.0,25.9,15.591666666666667,1.0395833333333333,46.5,29.079166666666666,2.55,64.7,52.574999999999996,3.2972222222222225,49.9,46.4375,3.995,3.3,1.3583333333333334,0.33,PM2.5,3.995,2,2025,False
2025-02-11,7.4,5.616666666666667,86.375,2.2958333333333334,4.2,4.6,19.0,331.0,28.1,17.175,1.0854166666666667,43.1,28.616666666666664,2.4366666666666665,45.3,36.67916666666667,2.6777777777777776,39.8,32.24583333333333,3.4899999999999998,2.3,1.1416666666666668,0.22999999999999998,PM2.5,3.4899999999999998,2,2025,False
2025-02-12,6.8,4.8374999999999995,88.875,2.191666666666667,3.2,1.6,1.0,243.0,28.3,14.045833333333334,1.0895833333333333,42.0,28.15416666666667,2.4,37.3,28.474999999999998,2.3814814814814813,28.1,23.808333333333334,2.8733333333333335,0.8,0.8000000000000002,0.08000000000000002,PM2.5,2.8733333333333335,2,2025,False
2025-02-13,5.8,2.0,82.66666666666667,2.8333333333333335,5.7,2.2,76.0,437.0,35.7,18.191666666666666,1.2437500000000001,54.7,32.324999999999996,2.8233333333333333,54.2,28.520833333333332,3.0055555555555555,50.8,23.454166666666666,4.032,1.5,0.8458333333333333,0.15000000000000002,PM2.5,4.032,2,2025,False
2025-02-14,2.9,1.2375,70.29166666666667,2.504166666666667,4.7,0.0,0.0,252.0,57.6,43.59583333333333,1.7,38.3,24.108333333333334,2.2766666666666664,51.6,29.099999999999998,2.911111111111111,48.3,23.4875,3.915,0.8,0.8000000000000002,0.08000000000000002,PM2.5,3.915,2,2025,False
2025-02-15,1.2,0.8041666666666667,64.0,1.7791666666666668,2.4,0.0,0.0,239.0,67.6,55.48333333333333,1.9083333333333332,33.3,21.929166666666664,2.11,28.8,13.045833333333334,2.066666666666667,24.8,10.758333333333333,2.6533333333333333,0.8,0.8000000000000002,0.08000000000000002,PM2.5,2.6533333333333333,2,2025,False
2025-02-16,2.6,0.4916666666666667,64.29166666666667,2.9,4.2,0.0,13.0,500.0,59.2,50.729166666666664,1.7333333333333334,52.6,18.208333333333332,2.7533333333333334,20.9,13.491666666666667,1.661111111111111,17.8,11.725,2.1866666666666665,0.8,0.8000000000000002,0.08000000000000002,NO2,2.7533333333333334,2,2025,False
2025-02-17,3.3,-1.3083333333333333,66.16666666666667,2.5166666666666666,3.2,0.0,541.0,1070.0,62.1,41.11666666666667,1.79375,67.7,31.979166666666668,3.1925,31.0,18.454166666666666,2.148148148148148,23.7,14.516666666666666,2.58,2.7,1.0416666666666667,0.27,NO2,3.1925,2,2025,False
2025-02-18,3.5,-1.5541666666666665,63.041666666666664,2.9458333333333333,4.1,0.0,558.0,1072.0,64.4,42.82083333333333,1.8416666666666668,49.7,31.525000000000002,2.6566666666666667,98.9,29.629166666666666,4.197777777777778,86.3,24.358333333333334,5.0,14.8,1.8916666666666666,1.24,PM2.5,5.0,2,2025,False
2025-02-19,4.0,-0.37083333333333335,55.583333333333336,2.6875,4.1,0.0,483.0,987.0,64.7,46.49583333333334,1.8479166666666667,59.4,32.949999999999996,2.98,27.6,22.920833333333334,2.022222222222222,20.8,17.7625,2.3866666666666667,2.3,0.8833333333333334,0.22999999999999998,NO2,2.98,2,2025,False
2025-02-20,6.6,3.108333333333333,63.875,1.3333333333333333,1.9,0.0,0.0,337.0,42.1,13.516666666666666,1.3770833333333332,61.9,50.94166666666666,3.0475,56.8,37.025,3.0777777777777775,37.1,25.099999999999998,3.355,4.1,1.8583333333333334,0.41,PM2.5,3.355,2,2025,False
2025-02-21,15.5,7.995833333333334,82.0,1.7249999999999999,3.0,1.5,279.0,773.0,26.1,5.9750000000000005,1.04375,56.1,44.775,2.87,52.1,40.237500000000004,2.9296296296296296,40.0,33.06666666666667,3.5,5.1,1.7458333333333333,0.51,PM2.5,3.5,2,2025,False
2025-02-22,13.9,9.379166666666666,77.70833333333333,2.7458333333333336,5.4,0.0,122.0,576.0,39.4,14.629166666666668,1.3208333333333333,54.8,41.31666666666667,2.8266666666666667,41.6,29.6375,2.5407407407407407,31.9,23.3,3.0949999999999998,5.0,1.7874999999999999,0.5,PM2.5,3.0949999999999998,2,2025,False
2025-02-23,14.8,9.75,73.79166666666667,2.65,4.0,0.0,515.0,1103.0,66.7,34.18333333333333,1.8895833333333334,69.8,36.05833333333333,3.245,25.5,11.025,1.9166666666666665,16.6,6.575,2.106666666666667,2.7,1.225,0.27,NO2,3.245,2,2025,False
2025-02-24,11.9,7.483333333333333,83.25,2.6333333333333333,5.1,2.7,0.0,441.0,28.7,12.895833333333334,1.0979166666666667,53.5,43.675000000000004,2.783333333333333,28.0,17.529166666666665,2.037037037037037,13.5,10.320833333333333,1.85,5.2,2.0208333333333335,0.52,NO2,2.783333333333333,2,2025,False
2025-02-25,11.5,8.533333333333333,94.16666666666667,2.0124999999999997,4.1,6.8,0.0,411.0,34.2,18.479166666666668,1.2125000000000001,50.6,37.00833333333333,2.6866666666666665,26.5,14.8375,1.9722222222222223,17.1,11.445833333333333,2.14,1.8,0.8416666666666668,0.18000000000000002,NO2,2.6866666666666665,2,2025,False
2025-02-26,8.9,6.883333333333333,83.91666666666667,3.6791666666666667,6.2,4.6,42.0,430.0,65.8,41.166666666666664,1.8708333333333331,50.0,29.891666666666666,2.6666666666666665,43.4,12.954166666666666,2.607407407407407,12.7,7.366666666666667,1.77,3.0,1.0625,0.30000000000000004,NO2,2.6666666666666665,2,2025,False
2025-02-27,9.7,5.508333333333333,83.91666666666667,3.891666666666667,7.0,9.5,146.0,644.0,61.0,41.550000000000004,1.7708333333333333,54.5,32.71666666666667,2.8166666666666664,22.0,10.041666666666666,1.7222222222222223,10.4,6.058333333333334,1.54,3.2,1.5416666666666667,0.32000000000000006,NO2,2.8166666666666664,2,2025,False
2025-02-28,8.0,3.7904761904761903,89.42857142857143,2.3,5.1,1.7000000000000002,85.0,359.0,66.6,31.674999999999997,1.8874999999999997,61.6,34.99583333333333,3.04,19.9,10.520833333333334,1.6055555555555554,12.7,7.0249999999999995,1.77,2.6,1.0375,0.26,NO2,3.04,2,2025,False
2025-03-01,7.2,4.77391304347826,73.69565217391305,2.895652173913043,4.6,0.0,192.0,781.0,57.8,40.160869565217396,1.7041666666666666,51.7,22.482608695652175,2.7233333333333336,20.0,11.308695652173913,1.6111111111111112,13.8,9.01304347826087,1.8800000000000001,0.8,0.8,0.08000000000000002,NO2,2.7233333333333336,3,2025,False
2025-03-02,10.0,4.770833333333333,65.25,2.279166666666667,3.7,0.0,549.0,1334.0,78.8,52.90833333333333,2.0944444444444446,42.1,22.633333333333336,2.4033333333333333,14.3,9.070833333333333,1.2944444444444445,11.6,7.279166666666666,1.6600000000000001,0.8,0.8000000000000002,0.08000000000000002,NO2,2.4033333333333333,3,2025,False
2025-03-03,12.6,4.291666666666667,64.29166666666667,1.9541666666666666,2.7,0.0,591.0,1378.0,51.3,23.566666666666666,1.5687499999999999,70.9,42.916666666666664,3.2725,21.8,15.083333333333334,1.7111111111111112,11.9,9.5625,1.69,2.5,1.075,0.25,NO2,3.2725,3,2025,False
2025-03-04,13.4,4.604166666666667,61.666666666666664,1.7125000000000001,2.9,0.0,392.0,1070.0,40.9,14.9375,1.3520833333333333,99.5,55.362500000000004,3.9875,34.1,20.033333333333335,2.262962962962963,17.4,12.004166666666668,2.1599999999999997,6.9,1.8958333333333333,0.6900000000000001,NO2,3.9875,3,2025,False
2025-03-05,15.5,5.425,63.0,1.5916666666666668,2.6,0.0,608.0,1406.0,45.0,11.420833333333334,1.4375,102.2,63.775,4.0440000000000005,55.1,28.6125,3.0305555555555554,29.0,18.079166666666666,2.9333333333333336,6.6,2.6166666666666667,0.66,NO2,4.0440000000000005,3,2025,False
2025-03-06,17.3,6.075,66.875,1.6166666666666665,3.1,0.0,0.0,1396.0,43.7,10.516666666666667,1.4104166666666667,107.4,62.25,4.148,60.3,37.0,3.175,37.5,26.045833333333334,3.375,12.3,4.334782608695653,1.115,NO2,4.148,3,2025,False
2025-03-07,18.1,8.283333333333333,63.458333333333336,1.6375,2.4,0.0,0.0,1369.0,64.1,17.3625,1.8354166666666665,85.9,62.25416666666667,3.6475,50.7,30.383333333333336,2.8777777777777778,32.8,19.866666666666667,3.1399999999999997,7.0,1.9583333333333333,0.7000000000000001,NO2,3.6475,3,2025,False
2025-03-08,18.5,9.775,58.083333333333336,2.1125000000000003,3.1,0.0,0.0,1445.0,95.6,32.016666666666666,2.3277777777777775,92.2,49.54583333333333,3.805,63.7,34.40416666666667,3.2694444444444444,44.7,24.175,3.7350000000000003,3.4,1.4333333333333333,0.34,NO2,3.805,3,2025,False
2025-03-09,18.5,10.529166666666667,53.875,2.3916666666666666,3.8,0.0,0.0,1384.0,112.6,50.541666666666664,2.5638888888888887,89.4,40.300000000000004,3.7350000000000003,53.7,40.44583333333333,2.988888888888889,40.1,32.87083333333333,3.505,2.8,1.4666666666666668,0.27999999999999997,NO2,3.7350000000000003,3,2025,False
2025-03-10,16.0,10.2625,59.0,3.5041666666666664,5.8,0.0,0.0,1265.0,91.3,43.083333333333336,2.2680555555555557,84.3,45.387499999999996,3.6075,55.1,40.49166666666667,3.0305555555555554,41.6,29.474999999999998,3.58,5.5,2.0625,0.55,NO2,3.6075,3,2025,False
2025-03-11,13.5,8.783333333333333,85.0,2.9166666666666665,5.2,3.9,0.0,617.0,67.0,31.8125,1.8958333333333333,41.7,31.77916666666667,2.39,66.2,30.808333333333334,3.338888888888889,62.8,24.983333333333334,4.512,1.7,0.875,0.17,PM2.5,4.512,3,2025,False
2025-03-12,7.9,6.108333333333333,71.45833333333333,2.4541666666666666,4.1,0.0,0.0,572.0,74.5,51.479166666666664,2.0347222222222223,30.4,21.154166666666665,2.013333333333333,57.8,29.21666666666667,3.1055555555555556,54.9,24.55,4.196,0.8,0.8000000000000002,0.08000000000000002,PM2.5,4.196,3,2025,False
2025-03-13,7.8,5.129166666666667,67.41666666666667,3.170833333333333,4.4,2.8000000000000003,0.0,668.0,70.1,56.4125,1.9604166666666665,34.1,20.775000000000002,2.1366666666666667,23.3,16.337500000000002,1.7944444444444443,17.1,12.708333333333334,2.14,0.8,0.8000000000000002,0.08000000000000002,PM2.5,2.14,3,2025,False
2025-03-14,8.0,5.420833333333333,69.625,3.295833333333333,4.7,4.8,0.0,0.0,66.8,57.09583333333333,1.8916666666666666,30.1,17.395833333333332,2.0033333333333334,21.6,15.512500000000001,1.7000000000000002,14.9,12.75,1.9900000000000002,0.8,0.8000000000000002,0.08000000000000002,NO2,2.0033333333333334,3,2025,False
2025-03-15,8.8,6.0625,59.291666666666664,5.695833333333333,7.4,0.0,0.0,0.0,65.2,57.27916666666667,1.8583333333333334,16.3,11.737499999999999,1.315,22.3,14.183333333333332,1.738888888888889,20.2,11.841666666666667,2.3466666666666667,0.8,0.8000000000000002,0.08000000000000002,PM2.5,2.3466666666666667,3,2025,False
2025-03-16,11.0,6.295833333333333,55.791666666666664,5.083333333333333,6.3,0.0,0.0,1648.0,89.4,65.17916666666666,2.2416666666666667,26.8,11.191666666666668,1.84,22.5,17.662499999999998,1.75,21.5,16.191666666666666,2.4333333333333336,0.8,0.8000000000000002,0.08000000000000002,PM2.5,2.4333333333333336,3,2025,False
2025-03-17,9.7,4.8999999999999995,52.125,3.9166666666666665,6.6,0.0,0.0,1426.0,84.3,60.15416666666667,2.1708333333333334,55.8,21.47083333333333,2.86,21.6,10.545833333333333,1.7000000000000002,13.0,6.9875,1.8,0.8,0.8000000000000002,0.08000000000000002,NO2,2.86,3,2025,False
2025-03-18,11.0,4.158333333333333,40.041666666666664,3.170833333333333,4.9,0.0,415.0,1784.0,77.3,55.84166666666667,2.073611111111111,69.8,27.75,3.245,25.3,10.887500000000001,1.9055555555555554,16.6,6.0,2.106666666666667,1.6,0.8500000000000001,0.16000000000000003,NO2,3.245,3,2025,False
2025-03-19,14.5,5.5874999999999995,45.041666666666664,1.8499999999999999,2.8,0.0,670.0,1786.0,62.2,29.8625,1.7958333333333334,84.8,51.94166666666666,3.62,57.9,23.758333333333336,3.1083333333333334,25.1,12.895833333333334,2.6733333333333333,6.3,2.0208333333333335,0.63,NO2,3.62,3,2025,False
2025-03-20,19.0,8.450000000000001,56.166666666666664,2.0791666666666666,4.3,0.0,632.0,1690.0,66.4,21.070833333333333,1.8833333333333333,99.5,56.9125,3.9875,43.4,27.38695652173913,2.607407407407407,28.2,16.691304347826087,2.88,8.3,1.6083333333333334,0.8300000000000001,NO2,3.9875,3,2025,False
2025-03-21,22.3,13.545833333333334,48.958333333333336,3.0541666666666667,4.6,0.0,597.0,1483.0,90.0,39.75833333333333,2.25,69.8,39.9125,3.245,57.7,23.954166666666666,3.102777777777778,44.3,14.308333333333332,3.715,1.3,0.8208333333333334,0.13,PM2.5,3.715,3,2025,False
2025-03-22,18.8,14.416666666666666,48.083333333333336,2.5416666666666665,3.7,0.3,300.0,1234.0,88.0,67.17916666666666,2.2222222222222223,52.4,24.77916666666667,2.7466666666666666,54.2,19.8125,3.0055555555555555,44.9,12.795833333333334,3.745,1.2,0.8166666666666668,0.12,PM2.5,3.745,3,2025,False
2025-03-23,16.6,12.887500000000001,65.75,2.7125,4.7,0.7999999999999999,159.0,1035.0,82.5,61.09583333333333,2.1458333333333335,35.7,21.625,2.19,30.0,22.141666666666666,2.111111111111111,21.6,15.5875,2.44,2.5,0.9541666666666667,0.25,PM2.5,2.44,3,2025,False
2025-03-24,17.5,12.6625,70.45833333333333,1.6375,4.3,0.0,231.0,933.0,80.0,32.125,2.111111111111111,72.0,34.762499999999996,3.3,19.2,13.241666666666667,1.5666666666666664,12.3,8.5625,1.73,3.9,1.1708333333333334,0.39,NO2,3.3,3,2025,False
2025-03-25,16.6,11.483333333333334,67.20833333333333,2.4583333333333335,5.0,0.0,474.0,1513.0,100.2,49.645833333333336,2.3916666666666666,47.2,29.037499999999998,2.5733333333333333,56.4,30.087500000000002,3.0666666666666664,48.0,23.791666666666668,3.9,0.8,0.8000000000000002,0.08000000000000002,PM2.5,3.9,3,2025,False
2025-03-26,11.0,9.479166666666666,73.54166666666667,2.670833333333333,5.1,2.5,0.0,360.0,70.3,48.38333333333333,1.9645833333333331,52.0,22.645833333333332,2.7333333333333334,60.0,26.454166666666666,3.1666666666666665,52.6,22.145833333333332,4.104,1.6,0.8333333333333334,0.16000000000000003,PM2.5,4.104,3,2025,False
2025-03-27,15.5,9.237499999999999,63.458333333333336,2.370833333333333,3.6,0.0,709.0,1898.0,84.3,55.57083333333333,2.1708333333333334,76.2,23.525000000000002,3.4050000000000002,22.1,13.991666666666667,1.7277777777777779,13.9,9.554166666666667,1.8900000000000001,0.8,0.8000000000000002,0.08000000000000002,NO2,3.4050000000000002,3,2025,False
2025-03-28,17.2,9.137500000000001,63.666666666666664,1.9208333333333334,3.0,0.0,714.0,964.5,68.6,28.425,1.9291666666666665,87.8,43.45416666666667,3.695,31.7,20.029166666666665,2.174074074074074,18.4,13.0625,2.2266666666666666,3.3,1.2874999999999999,0.33,NO2,3.695,3,2025,False
2025-03-29,14.8,10.729166666666666,57.958333333333336,3.733333333333333,5.9,0.0,239.0,470.0,89.7,61.9375,2.2458333333333336,50.4,19.5,2.6799999999999997,55.3,22.21666666666667,3.036111111111111,47.9,17.279166666666665,3.895,1.8,0.9166666666666666,0.18000000000000002,PM2.5,3.895,3,2025,False
2025-03-30,14.0,7.5260869565217385,64.82608695652173,5.291304347826087,9.0,0.0,112.0,422.5,80.2,47.04347826086956,2.113888888888889,65.2,29.62173913043478,3.13,27.5,14.156521739130437,2.0185185185185186,11.5,7.608695652173913,1.65,3.8,1.5826086956521739,0.38,NO2,3.13,3,2025,False
2025-03-31,12.2,10.059090909090909,51.22727272727273,4.621739130434783,5.8,0.0,66.0,632.5,81.3,71.875,2.1291666666666664,23.8,12.174999999999999,1.69,31.4,11.433333333333332,2.162962962962963,8.0,4.704166666666667,1.3,0.8,0.8000000000000002,0.08000000000000002,PM10,2.162962962962963,3,2025,False
2025-04-01,13.7,9.195652173913043,57.34782608695652,4.434782608695652,6.3,0.7,250.0,1096.0,79.8,61.60434782608696,2.1083333333333334,35.8,14.173913043478262,2.1933333333333334,17.7,10.869565217391305,1.4833333333333334,8.7,6.269565217391304,1.3699999999999999,3.0,0.9782608695652174,0.30000000000000004,NO2,2.1933333333333334,4,2025,False
2025-04-02,18.7,12.591666666666667,50.666666666666664,4.816666666666667,7.4,0.0,663.0,1927.0,95.5,70.325,2.326388888888889,37.6,15.566666666666668,2.2533333333333334,30.2,14.366666666666667,2.1185185185185187,13.8,7.916666666666667,1.8800000000000001,0.8,0.8000000000000002,0.08000000000000002,O3,2.326388888888889,4,2025,False
2025-04-03,20.8,14.8375,45.166666666666664,3.404166666666667,5.2,0.0,736.0,2054.0,106.4,72.99047619047619,2.477777777777778,92.4,25.422727272727272,3.81,29.9,20.470833333333335,2.107407407407407,16.1,12.616666666666667,2.0733333333333333,0.8,0.8,0.08000000000000002,NO2,3.81,4,2025,False
2025-04-04,21.9,14.979166666666666,47.208333333333336,2.670833333333333,4.0,0.0,742.0,2076.0,103.9,58.6875,2.4430555555555555,66.2,32.67916666666667,3.1550000000000002,32.6,20.170833333333334,2.2074074074074073,15.3,10.608333333333333,2.02,0.8,0.8,0.08000000000000002,NO2,3.1550000000000002,4,2025,False
2025-04-05,21.0,14.170833333333334,48.75,4.05,7.6,0.0,568.0,1867.0,100.4,56.979166666666664,2.3944444444444444,58.9,27.8875,2.9633333333333334,60.9,18.900000000000002,3.1916666666666664,15.0,8.816666666666666,2.0,1.9,0.8958333333333334,0.19,PM10,3.1916666666666664,4,2025,False
2025-04-06,11.3,7.820833333333333,35.25,4.583333333333333,5.4,0.0,749.0,2227.0,91.0,77.24583333333334,2.263888888888889,17.9,8.358333333333333,1.395,16.3,7.2,1.4055555555555554,5.1,2.970833333333333,1.01,0.8,0.8000000000000002,0.08000000000000002,O3,2.263888888888889,4,2025,False
2025-04-07,13.8,7.6125,41.958333333333336,2.7875,4.4,0.0,752.0,2212.0,85.6,63.39166666666667,2.1888888888888887,57.3,22.587500000000002,2.91,21.1,10.233333333333333,1.6722222222222223,14.2,4.4375,1.92,2.1,0.8541666666666666,0.21000000000000002,NO2,2.91,4,2025,False
2025-04-08,16.1,9.362499999999999,47.25,2.2958333333333334,3.3,0.0,750.0,2077.0,93.6,50.84166666666667,2.3,54.0,31.2,2.8,22.8,11.995833333333332,1.7666666666666666,6.3,4.6000000000000005,1.13,0.8,0.8000000000000002,0.08000000000000002,NO2,2.8,4,2025,False
2025-04-09,17.7,11.195833333333333,47.0,2.5458333333333334,4.2,0.0,724.0,2159.0,101.8,54.775,2.4138888888888888,69.2,32.15833333333333,3.23,21.4,15.9375,1.6888888888888887,10.2,6.966666666666666,1.52,1.4,0.8250000000000001,0.13999999999999999,NO2,3.23,4,2025,False
2025-04-10,13.0,8.520833333333334,62.458333333333336,2.2624999999999997,4.6,0.0,298.0,1193.0,73.9,59.395833333333336,2.026388888888889,44.0,20.229166666666668,2.466666666666667,27.5,19.145833333333332,2.0185185185185186,19.2,11.854166666666666,2.28,0.8,0.8000000000000002,0.08000000000000002,NO2,2.466666666666667,4,2025,False
2025-04-11,20.2,10.333333333333334,60.958333333333336,2.6416666666666666,4.6,0.0,733.0,2157.0,102.1,46.25833333333333,2.4180555555555556,54.7,34.55416666666667,2.8233333333333333,42.5,26.5,2.574074074074074,24.6,15.733333333333334,2.64,3.6,1.325,0.36000000000000004,NO2,2.8233333333333333,4,2025,False
2025-04-12,23.4,15.012500000000001,46.0,2.6625,4.5,0.0,732.0,2248.0,107.3,59.14166666666667,2.4902777777777776,64.8,31.474999999999998,3.12,39.0,25.354166666666668,2.4444444444444446,18.8,11.808333333333332,2.2533333333333334,1.3,0.8208333333333334,0.13,NO2,3.12,4,2025,False
2025-04-13,20.8,15.525,58.458333333333336,5.054166666666666,9.2,0.0,354.0,1405.0,86.9,54.99583333333334,2.2069444444444444,55.9,28.004166666666666,2.8633333333333333,22.8,16.575,1.7666666666666666,11.1,8.25,1.6099999999999999,7.9,1.4583333333333333,0.79,NO2,2.8633333333333333,4,2025,False
2025-04-14,20.6,14.058333333333332,63.5,1.6416666666666666,3.1,0.0,644.0,1988.0,99.8,50.84166666666667,2.386111111111111,51.4,30.745833333333334,2.7133333333333334,31.0,18.604166666666668,2.148148148148148,17.8,10.875,2.1866666666666665,4.2,1.2,0.42000000000000004,NO2,2.7133333333333334,4,2025,False
2025-04-15,20.3,15.108333333333334,69.5,3.216666666666667,9.7,0.4,356.0,1412.0,81.6,50.13333333333333,2.1333333333333333,45.2,28.72083333333333,2.506666666666667,50.1,18.466666666666665,2.8555555555555556,13.6,8.5,1.8599999999999999,2.4,0.8833333333333333,0.24,PM10,2.8555555555555556,4,2025,False
2025-04-16,21.9,14.079166666666666,75.625,3.466666666666667,8.8,0.0,428.0,1903.0,89.3,35.475,2.2402777777777776,52.5,25.4375,2.75,35.1,16.775000000000002,2.3,17.2,10.275,2.1466666666666665,2.4,0.9249999999999999,0.24,NO2,2.75,4,2025,False
2025-04-17,11.8,10.620833333333334,74.5,3.858333333333333,5.8,1.8,0.0,269.0,65.7,54.65,1.86875,25.5,14.833333333333334,1.775,16.0,11.583333333333334,1.3888888888888888,11.5,7.004166666666666,1.65,0.8,0.8000000000000002,0.08000000000000002,O3,1.86875,4,2025,False
2025-04-18,10.5,8.758333333333333,80.29166666666667,2.4541666666666666,3.6,0.8,0.0,466.0,71.0,58.44583333333333,1.9791666666666665,24.8,12.049999999999999,1.7400000000000002,14.4,5.766666666666667,1.3,11.3,4.3,1.6300000000000001,0.8,0.8000000000000002,0.08000000000000002,O3,1.9791666666666665,4,2025,False
2025-04-19,17.3,11.820833333333333,66.125,2.0875,4.0,0.0,492.0,1978.0,95.2,54.54583333333333,2.3222222222222224,33.2,19.383333333333333,2.106666666666667,18.2,8.875,1.511111111111111,15.2,6.2749999999999995,2.013333333333333,0.8,0.8000000000000002,0.08000000000000002,O3,2.3222222222222224,4,2025,False
2025-04-20,21.1,13.345833333333333,65.08333333333333,4.233333333333333,10.2,0.9,525.0,1981.0,93.6,55.77916666666667,2.3,57.9,21.708333333333332,2.9299999999999997,18.2,9.275,1.511111111111111,8.8,5.679166666666667,1.3800000000000001,2.4,0.9416666666666668,0.24,NO2,2.9299999999999997,4,2025,False
2025-04-21,15.0,9.545833333333333,82.54166666666667,2.125,4.6,0.7,103.0,1070.0,73.1,36.737500000000004,2.0152777777777775,41.3,25.3875,2.3766666666666665,14.8,9.279166666666667,1.3222222222222222,11.9,6.583333333333333,1.69,4.0,1.125,0.4,NO2,2.3766666666666665,4,2025,False
2025-04-22,16.8,11.862499999999999,82.5,2.7083333333333335,6.3,0.6,236.0,1174.0,62.2,32.80833333333333,1.7958333333333334,53.4,27.858333333333334,2.78,69.8,13.695833333333333,3.4388888888888887,14.8,6.591666666666666,1.98,2.6,0.9458333333333334,0.26,PM10,3.4388888888888887,4,2025,False
2025-04-23,18.7,12.391666666666666,80.54166666666667,3.0666666666666664,7.1,9.3,285.0,1695.0,72.9,30.858333333333334,2.0125,48.5,29.11666666666667,2.6166666666666667,20.5,13.266666666666666,1.6388888888888888,12.6,8.583333333333334,1.76,3.1,1.0708333333333335,0.31000000000000005,NO2,2.6166666666666667,4,2025,False
2025-04-24,13.0,10.679166666666667,91.95833333333333,3.216666666666667,4.4,4.8,14.0,837.0,43.1,28.920833333333334,1.3979166666666667,43.9,28.566666666666666,2.4633333333333334,26.2,9.85,1.9555555555555555,10.9,6.391666666666667,1.59,0.8,0.8000000000000002,0.08000000000000002,NO2,2.4633333333333334,4,2025,False
2025-04-25,17.4,12.275,79.375,2.875,5.5,0.7,171.0,1207.0,85.0,44.24583333333334,2.1805555555555554,47.4,19.587500000000002,2.58,17.5,12.516666666666666,1.4722222222222223,12.5,8.5625,1.75,0.8,0.8000000000000002,0.08000000000000002,NO2,2.58,4,2025,False
2025-04-26,19.3,13.516666666666666,64.83333333333333,2.8249999999999997,4.6,0.0,561.0,2031.0,87.2,53.0625,2.2111111111111112,47.9,20.466666666666665,2.5966666666666667,20.6,15.450000000000001,1.6444444444444444,13.8,10.295833333333333,1.8800000000000001,1.4,0.8624999999999999,0.13999999999999999,NO2,2.5966666666666667,4,2025,False
2025-04-27,20.4,15.095833333333333,49.875,3.3375,4.4,0.0,804.0,2484.0,99.2,74.41666666666667,2.3777777777777778,28.7,11.904166666666667,1.935,16.9,7.5125,1.4388888888888887,4.9,3.483333333333333,0.9800000000000001,0.8,0.8000000000000002,0.08000000000000002,O3,2.3777777777777778,4,2025,False
2025-04-28,22.4,14.95,49.40909090909091,2.659090909090909,4.4,0.0,641.0,1889.0,110.8,67.03333333333333,2.5388888888888888,44.1,26.962500000000002,2.47,17.7,11.220833333333333,1.4833333333333334,9.3,6.1375,1.4300000000000002,3.5,1.2086956521739132,0.35000000000000003,O3,2.5388888888888888,4,2025,False
2025-04-29,23.9,17.3,43.166666666666664,2.875,4.0,0.0,825.0,2604.0,128.5,84.18333333333334,2.7847222222222223,45.1,25.09583333333333,2.5033333333333334,21.4,12.633333333333333,1.6888888888888887,10.1,6.6875,1.51,1.8,0.8625000000000002,0.18000000000000002,O3,2.7847222222222223,4,2025,False
2025-04-30,26.0,18.770833333333332,47.416666666666664,2.433333333333333,3.1,0.0,827.0,2584.0,124.5,76.1375,2.7291666666666665,51.0,28.662499999999998,2.7,23.3,14.341666666666667,1.7944444444444443,10.1,7.2,1.51,2.0,0.9125000000000001,0.2,O3,2.7291666666666665,4,2025,False
2025-05-01,27.9,19.90869565217391,48.43478260869565,2.117391304347826,3.1,0.0,828.0,2613.0,138.2,75.80869565217391,2.9194444444444443,58.4,29.043478260869566,2.9466666666666668,21.9,16.204347826086956,1.7166666666666666,12.2,8.71304347826087,1.72,1.3,0.8391304347826087,0.13,NO2,2.9466666666666668,5,2025,False
2025-05-02,29.0,19.620833333333334,55.208333333333336,3.2583333333333333,7.9,0.0,766.0,2532.0,107.3,66.64583333333333,2.4902777777777776,53.0,36.295833333333334,2.7666666666666666,29.7,19.854166666666668,2.1,17.4,10.916666666666666,2.1599999999999997,10.9,2.2041666666666666,1.045,NO2,2.7666666666666666,5,2025,False
2025-05-03,25.0,18.275,64.65,4.576190476190476,8.5,2.8000000000000003,300.0,1758.0,88.1,59.94166666666666,2.223611111111111,57.7,29.40416666666667,2.9233333333333333,33.0,23.479166666666668,2.2222222222222223,16.5,10.483333333333333,2.1,4.2,1.7208333333333332,0.42000000000000004,NO2,2.9233333333333333,5,2025,False
2025-05-04,,,,,,0.0,0.0,0.0,76.7,67.25,2.0652777777777778,17.1,9.025,1.355,22.2,10.304166666666667,1.7333333333333334,19.1,6.891666666666667,2.2733333333333334,0.8,0.8000000000000002,0.08000000000000002,PM2.5,2.2733333333333334,5,2025,False
2025-05-05,15.2,14.041666666666666,45.25,5.733333333333333,6.6,0.0,196.0,1281.0,79.2,67.49583333333334,2.1,14.7,9.758333333333333,1.2349999999999999,11.4,8.854166666666666,1.1333333333333333,5.6,4.504166666666666,1.06,1.2,0.8166666666666668,0.12,O3,2.1,5,2025,False
2025-05-06,16.4,12.470833333333333,49.125,4.75,5.7,0.0,718.0,2397.0,87.8,64.62916666666666,2.2194444444444446,24.8,11.404166666666667,1.7400000000000002,9.0,6.583333333333333,1.0,3.6,2.7375000000000003,0.7200000000000001,0.8,0.8000000000000002,0.08000000000000002,O3,2.2194444444444446,5,2025,False
2025-05-07,16.1,12.775,55.625,3.941666666666667,6.1,0.0,72.0,1227.0,88.7,68.57916666666667,2.2319444444444443,22.9,13.370833333333332,1.645,19.1,12.4625,1.5611111111111111,10.5,6.4624999999999995,1.55,2.1,0.875,0.21000000000000002,O3,2.2319444444444443,5,2025,False
2025-05-08,17.7,13.575000000000001,41.166666666666664,4.675,5.6,0.0,680.0,2539.0,87.8,74.46666666666667,2.2194444444444446,17.7,12.016666666666666,1.385,15.2,10.174999999999999,1.3444444444444443,4.6,3.4791666666666665,0.9199999999999999,1.2,0.8166666666666668,0.12,O3,2.2194444444444446,5,2025,False
2025-05-09,19.6,14.054166666666667,37.666666666666664,3.5124999999999997,5.2,0.0,817.0,2746.0,91.8,79.5,2.275,24.7,14.608333333333334,1.7349999999999999,14.0,10.216666666666667,1.2777777777777777,4.8,3.8541666666666665,0.96,0.8,0.8000000000000002,0.08000000000000002,O3,2.275,5,2025,False
2025-05-10,21.8,14.916666666666666,39.458333333333336,2.6083333333333334,3.7,0.0,861.0,2815.0,104.2,75.64166666666667,2.4472222222222224,36.9,20.150000000000002,2.23,24.0,10.674999999999999,1.8333333333333333,6.5,4.341666666666667,1.15,0.8,0.8000000000000002,0.08000000000000002,O3,2.4472222222222224,5,2025,False
2025-05-11,24.1,17.354166666666668,43.125,2.841666666666667,4.0,0.0,846.0,2794.0,101.5,67.5125,2.4097222222222223,52.0,20.658333333333335,2.7333333333333334,19.4,11.266666666666666,1.5777777777777775,9.9,5.595833333333334,1.49,1.8,0.8791666666666668,0.18000000000000002,NO2,2.7333333333333334,5,2025,False
2025-05-12,23.0,17.825,40.083333333333336,2.9,4.1,0.0,841.0,2760.0,96.6,72.97916666666667,2.341666666666667,31.1,15.783333333333333,2.0366666666666666,22.8,12.1625,1.7666666666666666,7.0,4.429166666666666,1.2,1.2,0.8166666666666668,0.12,O3,2.341666666666667,5,2025,False
2025-05-13,23.5,17.441666666666666,35.708333333333336,2.7916666666666665,4.2,0.0,864.0,2855.0,121.7,89.91666666666667,2.6902777777777778,38.1,17.275000000000002,2.27,20.0,14.9125,1.6111111111111112,7.5,6.1625000000000005,1.25,0.8,0.8000000000000002,0.08000000000000002,O3,2.6902777777777778,5,2025,False
2025-05-14,25.7,18.129166666666666,41.041666666666664,2.8166666666666664,5.1,0.0,855.0,2795.0,124.5,91.60416666666667,2.7291666666666665,38.4,20.291666666666668,2.28,23.2,16.408333333333335,1.7888888888888888,11.0,7.729166666666667,1.6,1.4,0.8250000000000001,0.13999999999999999,O3,2.7291666666666665,5,2025,False
2025-05-15,19.7,15.549999999999999,43.416666666666664,4.770833333333333,6.8,0.0,697.0,2802.0,120.4,89.5125,2.6722222222222225,22.9,12.7125,1.645,38.2,17.7375,2.414814814814815,12.1,7.070833333333333,1.71,3.0,1.1041666666666667,0.30000000000000004,O3,2.6722222222222225,5,2025,False
2025-05-16,20.2,13.920833333333334,45.375,2.658333333333333,3.9,0.0,653.0,2296.0,93.6,69.21666666666667,2.3,40.3,20.108333333333334,2.3433333333333333,22.9,13.008333333333333,1.7722222222222221,8.8,4.116666666666666,1.3800000000000001,1.5,0.8500000000000001,0.15000000000000002,NO2,2.3433333333333333,5,2025,False
2025-05-17,18.7,14.525,57.625,2.6083333333333334,5.3,0.0,321.0,1457.0,96.4,77.36666666666666,2.338888888888889,33.3,15.579166666666666,2.11,36.6,14.979166666666666,2.3555555555555556,13.5,8.091666666666667,1.85,1.3,0.8416666666666668,0.13,PM10,2.3555555555555556,5,2025,False
2025-05-18,17.4,13.299999999999999,60.541666666666664,3.841666666666667,5.8,0.0,562.0,2285.0,95.2,77.5625,2.3222222222222224,32.8,12.35,2.0933333333333333,23.6,14.345833333333333,1.8111111111111111,17.5,9.891666666666667,2.1666666666666665,2.6,0.9208333333333334,0.26,O3,2.3222222222222224,5,2025,False
2025-05-19,22.4,15.3125,54.625,2.4625,4.0,0.0,861.0,2923.0,98.8,62.97083333333333,2.3722222222222222,31.2,19.779166666666665,2.04,18.0,12.3125,1.5,12.6,6.9875,1.76,0.8,0.8000000000000002,0.08000000000000002,O3,2.3722222222222222,5,2025,False
2025-05-20,24.4,18.099999999999998,49.31818181818182,2.5863636363636364,3.6,0.0,592.0,1895.0,105.8,72.08749999999999,2.4694444444444446,47.0,20.075,2.5666666666666664,26.3,10.604166666666666,1.9611111111111112,7.9,4.420833333333333,1.29,1.5,0.8291666666666667,0.15000000000000002,NO2,2.5666666666666664,5,2025,False
2025-05-21,22.0,16.933333333333334,53.958333333333336,2.191666666666667,5.2,0.0,384.0,2120.0,113.3,76.29583333333333,2.573611111111111,54.7,22.579166666666666,2.8233333333333333,24.1,14.983333333333334,1.838888888888889,10.1,6.7375,1.51,2.3,0.9375,0.22999999999999998,NO2,2.8233333333333333,5,2025,False
2025-05-22,16.5,13.991666666666667,49.75,4.608333333333333,7.2,0.0,472.0,2153.0,97.1,80.925,2.348611111111111,29.6,13.049999999999999,1.98,28.7,18.1375,2.062962962962963,11.2,7.620833333333334,1.62,3.7,0.9708333333333333,0.37000000000000005,O3,2.348611111111111,5,2025,False
2025-05-23,14.9,10.295833333333333,52.625,3.141666666666667,5.7,0.0,342.0,1829.0,76.6,60.162499999999994,2.0638888888888887,37.0,17.104166666666668,2.2333333333333334,27.3,12.670833333333333,2.011111111111111,7.8,4.425,1.28,2.5,0.9166666666666666,0.25,NO2,2.2333333333333334,5,2025,False
2025-05-24,18.2,11.112499999999999,62.416666666666664,4.0375000000000005,7.8,2.2,485.0,2015.0,91.7,59.61666666666667,2.2736111111111112,43.2,25.616666666666664,2.44,20.2,14.116666666666667,1.6222222222222222,8.1,5.908333333333334,1.31,2.0,1.0458333333333334,0.2,NO2,2.44,5,2025,False
2025-05-25,20.0,14.304166666666667,84.20833333333333,6.1625000000000005,9.3,3.4,111.0,1072.0,72.9,49.29583333333333,2.0125,22.9,17.241666666666667,1.645,16.0,10.754166666666668,1.3888888888888888,10.2,7.258333333333333,1.52,2.9,1.5125000000000002,0.29,O3,2.0125,5,2025,False
2025-05-26,19.4,16.291666666666668,59.541666666666664,5.0874999999999995,7.4,0.0,445.0,2237.0,75.5,52.81666666666666,2.048611111111111,32.4,19.879166666666666,2.08,17.4,12.116666666666667,1.4666666666666666,6.7,5.2875000000000005,1.17,3.3,1.3875,0.33,NO2,2.08,5,2025,False
2025-05-27,21.5,15.895833333333334,62.166666666666664,5.320833333333334,9.8,1.3,229.0,1699.0,79.0,54.0,2.0972222222222223,37.5,24.766666666666666,2.25,24.4,14.15,1.8555555555555554,9.0,6.454166666666667,1.4,4.1,2.120833333333333,0.41,NO2,2.25,5,2025,False
2025-05-28,19.7,16.104166666666668,82.45833333333333,5.479166666666667,8.5,14.3,184.0,1190.0,63.9,43.050000000000004,1.8312499999999998,29.4,20.969565217391306,1.97,12.9,8.225,1.2166666666666668,5.7,4.116666666666666,1.07,5.5,2.209090909090909,0.55,NO2,1.97,5,2025,False
2025-05-29,20.5,16.0,71.25,3.2375000000000003,6.2,0.0,202.0,1560.0,71.3,51.37916666666666,1.9854166666666666,36.2,19.558333333333334,2.2066666666666666,16.7,11.154166666666667,1.4277777777777776,13.9,6.8374999999999995,1.8900000000000001,2.1,0.9583333333333334,0.21000000000000002,NO2,2.2066666666666666,5,2025,False
2025-05-30,28.1,21.704166666666666,61.541666666666664,3.2541666666666664,6.0,0.0,743.0,2638.0,77.8,50.71666666666667,2.0805555555555557,45.5,27.579166666666666,2.5166666666666666,14.6,11.416666666666666,1.3111111111111111,7.6,5.8374999999999995,1.26,2.2,0.9708333333333333,0.22000000000000003,NO2,2.5166666666666666,5,2025,False
2025-05-31,28.8,20.383333333333333,76.08333333333333,2.0625,6.2,4.5,520.0,2016.0,98.5,45.925000000000004,2.3680555555555554,51.0,29.6125,2.7,19.9,15.429166666666667,1.6055555555555554,11.4,8.954166666666667,1.6400000000000001,3.9,1.425,0.39,NO2,2.7,5,2025,False
2025-06-01,24.9,20.356521739130436,77.47826086956522,3.3739130434782605,7.6,4.5,416.0,1717.0,76.7,41.76521739130435,2.0652777777777778,29.5,18.391304347826086,1.975,21.1,16.969565217391306,1.6722222222222223,14.2,9.91304347826087,1.92,0.8,0.8,0.08000000000000002,O3,2.0652777777777778,6,2025,False
2025-06-02,21.2,17.825,70.33333333333333,2.316666666666667,4.5,0.2,315.0,1765.0,76.5,56.479166666666664,2.0625,46.2,21.829166666666666,2.54,40.3,20.108333333333334,2.4925925925925925,20.6,12.1875,2.3733333333333335,0.8,0.8000000000000002,0.08000000000000002,NO2,2.54,6,2025,False
2025-06-03,24.5,17.970833333333335,69.08333333333333,3.0708333333333333,5.8,2.0,695.0,2485.0,89.1,52.22083333333333,2.2375,44.9,25.320833333333336,2.4966666666666666,29.5,23.65416666666667,2.0925925925925926,21.3,15.745833333333332,2.42,3.8,1.4041666666666668,0.38,NO2,2.4966666666666666,6,2025,False
2025-06-04,19.2,17.333333333333332,93.54166666666667,3.641666666666667,6.0,20.7,0.0,745.0,61.0,40.829166666666666,1.7708333333333333,38.1,26.016666666666666,2.27,19.8,12.612499999999999,1.6,12.1,7.8875,1.71,1.8,0.8833333333333334,0.18000000000000002,NO2,2.27,6,2025,False
2025-06-05,20.1,17.454166666666666,71.04166666666667,5.754166666666666,9.0,0.0,263.0,1654.0,67.7,48.041666666666664,1.9104166666666667,34.2,20.375,2.14,17.0,11.75,1.4444444444444444,6.6,5.2124999999999995,1.16,3.5,1.5999999999999999,0.35000000000000003,NO2,2.14,6,2025,False
2025-06-06,20.4,17.4375,79.375,6.070833333333333,8.3,6.800000000000001,137.0,1338.0,71.5,49.67916666666667,1.9895833333333333,50.8,24.90416666666667,2.6933333333333334,47.3,8.933333333333334,2.7518518518518515,9.3,3.9416666666666664,1.4300000000000002,4.5,2.154166666666667,0.45,PM10,2.7518518518518515,6,2025,False
2025-06-07,20.7,17.416666666666668,75.54166666666667,5.720833333333334,9.9,0.0,127.0,1312.0,65.9,39.46666666666667,1.8729166666666668,32.4,18.879166666666666,2.08,12.9,9.045833333333333,1.2166666666666668,5.7,4.383333333333334,1.07,3.4,1.3499999999999999,0.34,NO2,2.08,6,2025,False
2025-06-08,18.9,15.775,66.04166666666667,6.904166666666666,10.2,4.6000000000000005,417.0,2026.0,73.7,55.833333333333336,2.0236111111111112,21.8,12.0625,1.59,9.9,7.6875,1.05,7.0,4.320833333333334,1.2,6.2,1.75,0.6200000000000001,O3,2.0236111111111112,6,2025,False
2025-06-09,20.6,13.745833333333332,65.875,3.0625,5.4,0.0,549.0,2222.0,78.7,47.9125,2.0930555555555554,33.7,21.158333333333335,2.1233333333333335,16.1,11.120833333333332,1.3944444444444444,13.1,7.1625000000000005,1.81,2.0,0.9375,0.2,NO2,2.1233333333333335,6,2025,False
2025-06-10,23.9,17.2,67.41666666666667,4.420833333333333,8.3,0.0,245.0,1822.0,98.8,46.35833333333333,2.3722222222222222,49.4,29.504166666666666,2.6466666666666665,111.3,28.054166666666664,4.473333333333334,27.3,16.854166666666668,2.8200000000000003,3.6,1.3208333333333333,0.36000000000000004,PM10,4.473333333333334,6,2025,False
2025-06-11,22.8,18.241666666666667,54.958333333333336,3.225,4.9,0.0,902.0,0.0,98.6,70.8125,2.3694444444444445,26.5,14.458333333333334,1.8250000000000002,16.7,10.799999999999999,1.4277777777777776,10.2,7.0249999999999995,1.52,0.8,0.8000000000000002,0.08000000000000002,O3,2.3694444444444445,6,2025,False
2025-06-12,28.0,21.045833333333334,50.208333333333336,3.279166666666667,4.6,0.0,879.0,3055.0,130.2,91.1875,2.808333333333333,37.4,16.758333333333333,2.2466666666666666,23.1,13.612499999999999,1.7833333333333332,15.2,8.5,2.013333333333333,0.8,0.8000000000000002,0.08000000000000002,O3,2.808333333333333,6,2025,False
2025-06-13,31.8,24.991666666666664,42.708333333333336,3.0708333333333333,3.9,0.0,876.0,2905.0,146.8,104.2375,3.029166666666667,32.7,21.65833333333333,2.0900000000000003,24.7,20.875,1.8722222222222222,16.5,13.366666666666667,2.1,0.8,0.8000000000000002,0.08000000000000002,O3,3.029166666666667,6,2025,True
2025-06-14,33.2,25.558333333333334,52.25,3.1750000000000003,6.5,0.2,759.0,2753.0,141.9,100.60833333333333,2.970833333333333,50.7,24.579166666666666,2.69,39.1,22.358333333333334,2.448148148148148,20.7,14.520833333333334,2.38,3.1,1.0875000000000001,0.31000000000000005,O3,2.970833333333333,6,2025,True
2025-06-15,21.9,19.791666666666668,81.58333333333333,2.829166666666666,5.6,6.4,114.0,1084.0,106.5,70.40416666666667,2.4791666666666665,35.2,16.416666666666668,2.1733333333333333,23.9,14.354166666666666,1.8277777777777775,18.7,10.145833333333334,2.2466666666666666,0.8,0.8000000000000002,0.08000000000000002,O3,2.4791666666666665,6,2025,False
2025-06-16,24.7,19.3,65.0909090909091,2.7545454545454544,4.8,0.2,522.0,1751.0,99.4,70.95,2.3805555555555555,26.5,13.875,1.8250000000000002,16.7,10.049999999999999,1.4277777777777776,6.8,5.895833333333333,1.18,0.8,0.8000000000000002,0.08000000000000002,O3,2.3805555555555555,6,2025,False
2025-06-17,26.9,20.595833333333335,60.25,1.7458333333333333,2.7,0.0,822.0,2728.0,140.3,80.25,2.948611111111111,25.8,20.45,1.79,16.9,13.424999999999999,1.4388888888888887,11.1,8.629166666666666,1.6099999999999999,1.7,0.8772727272727273,0.17,O3,2.948611111111111,6,2025,False
2025-06-18,28.6,22.270833333333332,58.208333333333336,2.0208333333333335,3.4,0.0,784.0,2621.0,153.5,92.92916666666667,3.0989583333333335,35.2,23.150000000000002,2.1733333333333333,22.4,17.141666666666666,1.7444444444444445,14.3,11.583333333333334,1.9300000000000002,1.2,0.8166666666666668,0.12,O3,3.0989583333333335,6,2025,False
2025-06-19,27.8,21.883333333333336,56.666666666666664,3.3208333333333333,6.0,0.0,861.0,2880.0,98.8,84.6875,2.3722222222222222,45.2,13.420833333333334,2.506666666666667,19.9,13.4375,1.6055555555555554,13.4,9.1,1.84,0.8,0.8000000000000002,0.08000000000000002,NO2,2.506666666666667,6,2025,False
2025-06-20,26.8,21.429166666666664,45.041666666666664,3.783333333333333,4.8,0.0,905.0,3094.0,103.1,78.125,2.4319444444444445,19.0,11.4375,1.45,14.3,9.825000000000001,1.2944444444444445,5.8,4.804166666666666,1.08,0.8,0.8000000000000002,0.08000000000000002,O3,2.4319444444444445,6,2025,False
2025-06-21,31.5,23.704166666666666,38.375,2.6833333333333336,3.9,0.0,910.0,2998.0,135.9,88.31666666666666,2.8875,22.5,16.2,1.625,15.5,11.487499999999999,1.3611111111111112,8.1,6.379166666666666,1.31,1.7,0.8958333333333334,0.17,O3,2.8875,6,2025,True
2025-06-22,35.3,25.912499999999998,43.041666666666664,3.266666666666667,6.1,0.0,849.0,2977.0,146.2,91.3875,3.0229166666666667,46.4,27.608333333333334,2.546666666666667,17.8,14.825000000000001,1.488888888888889,11.4,9.225,1.6400000000000001,4.0,1.6708333333333334,0.4,O3,3.0229166666666667,6,2025,True
2025-06-23,27.1,23.291666666666668,52.541666666666664,6.745833333333334,11.3,0.0,414.0,1789.0,101.8,68.42916666666666,2.4138888888888888,59.2,20.837500000000002,2.9733333333333336,51.4,19.818181818181817,2.9037037037037035,16.7,8.44090909090909,2.1133333333333333,0.8,0.8000000000000002,0.08000000000000002,NO2,2.9733333333333336,6,2025,False
2025-06-24,28.8,20.3125,51.333333333333336,5.4624999999999995,9.6,0.0,754.0,2886.0,86.4,66.52916666666667,2.2,33.6,20.070833333333333,2.12,33.4,15.387500000000001,2.237037037037037,8.7,5.425,1.3699999999999999,0.8,0.8000000000000002,0.08000000000000002,PM10,2.237037037037037,6,2025,False
2025-06-25,32.5,25.27916666666667,47.0,4.1499999999999995,6.7,0.0,776.0,2671.0,104.0,71.89583333333333,2.4444444444444446,48.9,26.383333333333336,2.63,27.1,15.854166666666666,2.0037037037037035,8.7,6.158333333333334,1.3699999999999999,4.0,1.2375,0.4,NO2,2.63,6,2025,True
2025-06-26,28.2,23.704166666666666,62.0,5.916666666666667,12.0,3.4,616.0,2313.0,96.2,71.27499999999999,2.3361111111111112,35.9,21.96666666666667,2.1966666666666668,29.0,16.662499999999998,2.074074074074074,9.8,6.8500000000000005,1.48,2.4,0.9291666666666667,0.24,O3,2.3361111111111112,6,2025,False
2025-06-27,25.2,20.8,73.41666666666667,4.354166666666667,6.8,1.3,272.0,1484.0,67.4,47.479166666666664,1.9041666666666668,34.6,19.758333333333333,2.1533333333333333,52.6,10.875,2.948148148148148,13.5,4.925,1.85,0.8,0.8000000000000002,0.08000000000000002,PM10,2.948148148148148,6,2025,False
2025-06-28,32.1,23.90833333333333,63.083333333333336,3.1333333333333333,5.0,0.0,704.0,0.0,84.6,43.737500000000004,2.175,29.6,21.091666666666665,1.98,19.2,7.875,1.5666666666666664,6.3,3.966666666666667,1.13,0.8,0.8000000000000002,0.08000000000000002,O3,2.175,6,2025,True
2025-06-29,32.6,25.770833333333332,56.666666666666664,2.2083333333333335,4.8,0.0,906.0,0.0,89.0,61.97083333333333,2.236111111111111,35.7,17.479166666666668,2.19,24.0,10.433333333333334,1.8333333333333333,8.1,5.845833333333334,1.31,1.2,0.8166666666666668,0.12,O3,2.236111111111111,6,2025,True
2025-06-30,33.7,27.6375,48.291666666666664,3.2375000000000003,3.8,0.0,911.0,3011.0,102.9,79.52083333333333,2.4291666666666667,24.5,13.220833333333333,1.725,15.3,10.279166666666667,1.35,7.3,5.654166666666666,1.23,0.8,0.8000000000000002,0.08000000000000002,O3,2.4291666666666667,6,2025,True
2025-07-01,36.2,29.26086956521739,32.34782608695652,2.752173913043478,4.0,0.0,912.0,3036.0,131.2,89.00869565217391,2.822222222222222,31.4,18.142857142857142,2.0466666666666664,17.2,12.121739130434783,1.4555555555555555,6.5,5.160869565217391,1.15,3.6,0.9739130434782609,0.36000000000000004,O3,2.822222222222222,7,2025,True
2025-07-02,37.6,29.208333333333332,42.0,2.3041666666666667,7.2,0.0,852.0,1459.0,178.9,106.25,3.363541666666667,58.9,29.420833333333334,2.9633333333333334,71.5,19.829166666666666,3.486111111111111,15.8,9.245833333333334,2.0533333333333332,3.4,1.425,0.34,PM10,3.486111111111111,7,2025,True
2025-07-03,26.6,23.145833333333332,50.916666666666664,3.7875,6.1,0.5,547.0,1256.5,123.2,89.5125,2.7111111111111112,15.3,9.679166666666667,1.2650000000000001,35.5,17.866666666666667,2.314814814814815,11.7,8.954166666666667,1.67,0.8,0.8000000000000002,0.08000000000000002,O3,2.7111111111111112,7,2025,False
2025-07-04,27.3,22.0,41.0,3.170833333333333,4.8,0.0,819.0,1402.5,103.4,85.37083333333334,2.4361111111111113,21.5,14.020833333333334,1.5750000000000002,14.7,10.166666666666666,1.3166666666666667,9.9,4.741666666666666,1.49,1.8,0.8416666666666668,0.18000000000000002,O3,2.4361111111111113,7,2025,False
2025-07-05,30.8,21.90416666666667,41.708333333333336,3.420833333333333,6.6,0.0,586.0,1362.0,105.2,71.55,2.4611111111111112,39.0,25.95,2.3,13.0,10.637500000000001,1.2222222222222223,6.4,4.470833333333333,1.1400000000000001,2.5,0.8708333333333335,0.25,O3,2.4611111111111112,7,2025,True
2025-07-06,22.8,18.220833333333335,57.291666666666664,3.8375,8.5,0.1,23.0,384.5,83.7,65.12083333333334,2.1625,38.1,20.779166666666665,2.27,15.6,10.091666666666667,1.3666666666666667,5.8,4.466666666666667,1.08,0.8,0.8000000000000002,0.08000000000000002,NO2,2.27,7,2025,False
2025-07-07,20.0,16.633333333333333,84.875,4.779166666666667,6.3,14.899999999999999,92.0,582.5,55.4,40.86666666666667,1.6541666666666666,37.6,19.704166666666666,2.2533333333333334,28.4,9.333333333333334,2.051851851851852,7.4,4.041666666666667,1.24,1.8,1.0,0.18000000000000002,NO2,2.2533333333333334,7,2025,False
2025-07-08,20.0,16.025000000000002,67.5,4.2625,7.1,1.4,249.0,1774.0,95.6,58.09166666666667,2.3277777777777775,22.6,14.025,1.6300000000000001,59.7,15.745833333333332,3.158333333333333,14.7,6.079166666666667,1.97,1.3,0.8208333333333334,0.13,PM10,3.158333333333333,7,2025,False
2025-07-09,21.9,17.6375,60.25,3.841666666666667,5.3,0.0,166.0,1416.0,86.5,60.80833333333334,2.201388888888889,28.6,14.733333333333334,1.9300000000000002,38.0,16.358333333333334,2.4074074074074074,10.6,7.270833333333333,1.56,0.8,0.8000000000000002,0.08000000000000002,PM10,2.4074074074074074,7,2025,False
2025-07-10,27.4,19.208333333333332,57.875,2.4875000000000003,6.0,0.0,833.0,2859.0,106.6,62.49583333333334,2.4805555555555556,37.5,20.1375,2.25,37.5,15.799999999999999,2.388888888888889,13.5,8.049999999999999,1.85,5.5,1.0916666666666668,0.55,O3,2.4805555555555556,7,2025,False
2025-07-11,23.9,19.529166666666665,61.833333333333336,2.783333333333333,5.0,0.5,403.0,1942.0,82.5,62.612500000000004,2.1458333333333335,33.7,15.558333333333332,2.1233333333333335,16.0,10.308333333333334,1.3888888888888888,7.8,5.504166666666666,1.28,0.8,0.8000000000000002,0.08000000000000002,O3,2.1458333333333335,7,2025,False
2025-07-12,26.9,20.849999999999998,57.041666666666664,2.7458333333333336,5.2,0.0,543.0,2338.0,90.7,63.82083333333333,2.2597222222222224,35.5,13.491666666666667,2.183333333333333,16.5,8.791666666666666,1.4166666666666665,9.8,5.133333333333334,1.48,2.1,0.9,0.21000000000000002,O3,2.2597222222222224,7,2025,False
2025-07-13,28.3,22.474999999999998,54.375,2.4583333333333335,4.4,0.1,441.0,0.0,93.5,66.67916666666666,2.298611111111111,39.4,14.583333333333334,2.3133333333333335,24.9,11.8375,1.8833333333333333,10.7,7.1000000000000005,1.5699999999999998,2.4,1.1500000000000001,0.24,NO2,2.3133333333333335,7,2025,False
2025-07-14,25.9,19.320833333333333,77.41666666666667,2.2875,4.5,15.700000000000001,288.0,0.0,99.2,53.583333333333336,2.3777777777777778,43.3,27.358333333333334,2.4433333333333334,31.2,15.612499999999999,2.1555555555555554,11.8,8.720833333333333,1.6800000000000002,6.1,1.3666666666666665,0.61,NO2,2.4433333333333334,7,2025,False
2025-07-15,25.8,21.045833333333334,63.833333333333336,3.716666666666667,6.2,0.0,448.0,0.0,80.4,51.56666666666666,2.1166666666666667,30.8,16.995833333333334,2.026666666666667,21.5,13.529166666666667,1.6944444444444444,13.0,7.241666666666667,1.8,0.8,0.8000000000000002,0.08000000000000002,O3,2.1166666666666667,7,2025,False
2025-07-16,24.3,17.754166666666666,67.04166666666667,4.679166666666666,8.9,5.0,301.0,1804.0,75.4,51.36666666666667,2.0472222222222225,41.9,20.470833333333335,2.3966666666666665,14.2,10.208333333333334,1.2888888888888888,6.0,4.583333333333333,1.1,3.2,1.0333333333333334,0.32000000000000006,NO2,2.3966666666666665,7,2025,False
2025-07-17,25.8,19.808333333333334,60.166666666666664,3.8874999999999997,5.6,0.0,633.0,2378.0,106.8,73.875,2.4833333333333334,19.8,12.158333333333333,1.49,14.7,10.75,1.3166666666666667,9.2,6.483333333333333,1.42,1.5,0.8624999999999999,0.15000000000000002,O3,2.4833333333333334,7,2025,False
2025-07-18,26.9,20.4375,59.916666666666664,1.6083333333333334,3.0,0.0,704.0,2284.0,132.9,82.50833333333334,2.845833333333333,45.2,24.3,2.506666666666667,18.8,13.408333333333333,1.5444444444444445,9.6,7.408333333333334,1.46,3.4,1.075,0.34,O3,2.845833333333333,7,2025,False
2025-07-19,30.5,23.72083333333333,56.875,3.6374999999999997,8.0,0.0,562.0,2208.0,121.5,78.93333333333334,2.6875,36.1,20.879166666666666,2.203333333333333,24.5,16.820833333333333,1.8611111111111112,10.9,8.908333333333333,1.59,2.8,1.1708333333333334,0.27999999999999997,O3,2.6875,7,2025,False
2025-07-20,29.3,21.84166666666667,71.375,2.2916666666666665,8.5,4.3999999999999995,418.0,1817.0,104.9,70.36666666666666,2.4569444444444444,28.0,20.658333333333335,1.9,31.9,12.637500000000001,2.1814814814814816,9.1,6.9125000000000005,1.41,2.1,1.0208333333333333,0.21000000000000002,O3,2.4569444444444444,7,2025,False
2025-07-21,25.0,19.075,86.33333333333333,3.2045454545454546,8.7,20.0,180.0,1089.0,71.8,32.333333333333336,1.9958333333333331,29.8,22.775000000000002,1.9900000000000002,17.4,13.508333333333333,1.4666666666666666,11.3,6.804166666666667,1.6300000000000001,3.7,1.8541666666666667,0.37000000000000005,O3,1.9958333333333331,7,2025,False
2025-07-22,23.1,18.3,81.16666666666667,5.295833333333333,8.4,3.4,247.0,1810.0,66.2,38.4,1.8791666666666667,33.9,21.0,2.13,12.9,8.016666666666667,1.2166666666666668,4.9,3.404166666666667,0.9800000000000001,5.0,3.7818181818181817,0.5,NO2,2.13,7,2025,False
2025-07-23,23.5,19.054166666666667,71.58333333333333,3.6458333333333335,6.3,0.0,238.0,1612.0,69.0,42.47083333333333,1.9375,38.2,22.854166666666668,2.2733333333333334,13.7,9.283333333333333,1.261111111111111,5.9,4.3374999999999995,1.09,2.7,1.4083333333333334,0.27,NO2,2.2733333333333334,7,2025,False
2025-07-24,25.0,19.858333333333334,68.95833333333333,1.8875,4.6,0.0,420.0,2102.0,92.7,49.12916666666666,2.2875,34.8,23.808333333333334,2.1599999999999997,12.8,9.895833333333334,1.2111111111111112,7.4,5.083333333333333,1.24,1.8,0.8875000000000001,0.18000000000000002,O3,2.2875,7,2025,False
2025-07-25,26.1,20.070833333333333,75.66666666666667,2.2125,4.7,22.099999999999998,391.0,1903.0,96.1,58.39166666666667,2.334722222222222,41.5,21.1375,2.3833333333333333,13.7,10.429166666666667,1.261111111111111,7.8,6.183333333333334,1.28,0.8,0.8000000000000002,0.08000000000000002,NO2,2.3833333333333333,7,2025,False
2025-07-26,26.4,20.787499999999998,72.875,2.0166666666666666,4.0,0.3,448.0,1989.0,91.1,56.67083333333333,2.2652777777777775,34.0,15.129166666666668,2.1333333333333333,15.2,11.737499999999999,1.3444444444444443,8.3,7.208333333333333,1.33,0.8,0.8000000000000002,0.08000000000000002,O3,2.2652777777777775,7,2025,False
2025-07-27,21.9,18.441666666666666,87.0,2.525,4.2,11.0,160.0,1164.0,80.5,49.666666666666664,2.1180555555555554,34.1,20.4875,2.1366666666666667,19.3,13.370833333333332,1.5722222222222222,15.3,9.491666666666667,2.02,1.8,0.8416666666666668,0.18000000000000002,NO2,2.1366666666666667,7,2025,False
2025-07-28,21.3,18.016666666666666,74.45833333333333,3.7624999999999997,6.9,8.0,302.0,1782.0,75.4,49.67916666666667,2.0472222222222225,22.1,12.15,1.605,16.5,11.191666666666668,1.4166666666666665,11.0,6.8500000000000005,1.6,0.8,0.8000000000000002,0.08000000000000002,O3,2.0472222222222225,7,2025,False
2025-07-29,21.3,16.962500000000002,78.70833333333333,3.4,6.0,4.8,309.0,1561.0,69.2,47.2875,1.9416666666666667,37.9,17.708333333333332,2.263333333333333,15.8,10.4,1.3777777777777778,10.9,6.2749999999999995,1.59,1.9,0.9375,0.19,NO2,2.263333333333333,7,2025,False
2025-07-30,21.5,17.354166666666668,79.16666666666667,3.5041666666666664,6.0,3.3,179.0,1404.0,81.2,46.074999999999996,2.1277777777777778,46.8,23.675,2.56,40.7,14.0375,2.5074074074074075,13.3,7.258333333333333,1.83,2.3,1.0125,0.22999999999999998,NO2,2.56,7,2025,False
2025-07-31,22.4,17.212500000000002,83.29166666666667,2.8833333333333333,5.0,3.1,186.0,1253.0,64.5,41.2875,1.84375,45.7,29.09166666666667,2.5233333333333334,31.2,12.799999999999999,2.1555555555555554,9.3,6.445833333333333,1.4300000000000002,3.0,1.4166666666666667,0.30000000000000004,NO2,2.5233333333333334,7,2025,False
2025-08-01,23.8,18.208695652173912,81.78260869565217,3.0608695652173914,4.4,6.0,325.0,1872.0,86.4,45.126086956521746,2.2,32.6,20.58695652173913,2.086666666666667,20.5,11.547826086956523,1.6388888888888888,8.8,6.2956521739130435,1.3800000000000001,2.0,0.9695652173913044,0.2,O3,2.2,8,2025,False
2025-08-02,22.8,17.458333333333332,71.875,3.85,6.0,0.0,476.0,2059.0,77.4,49.4625,2.075,26.3,14.716666666666667,1.815,15.7,9.5,1.3722222222222222,8.7,5.2875,1.3699999999999999,0.8,0.8000000000000002,0.08000000000000002,O3,2.075,8,2025,False
2025-08-03,20.2,17.258333333333333,69.33333333333333,4.1625000000000005,5.0,0.1,30.0,0.0,61.6,51.125,1.7833333333333332,28.1,12.054166666666667,1.9050000000000002,12.0,8.9125,1.1666666666666667,7.7,5.433333333333334,1.27,4.2,1.2708333333333333,0.42000000000000004,NO2,1.9050000000000002,8,2025,False
2025-08-04,24.3,18.716666666666665,78.625,4.458333333333333,6.2,7.6000000000000005,182.0,0.0,53.3,39.90416666666667,1.6104166666666666,37.2,22.962500000000002,2.24,17.3,10.700000000000001,1.4611111111111112,9.2,6.841666666666666,1.42,4.7,2.0708333333333333,0.47000000000000003,NO2,2.24,8,2025,False
2025-08-05,23.4,19.7625,70.83333333333333,3.9583333333333335,5.9,4.0,357.0,1442.0,88.9,41.231818181818184,2.2347222222222225,35.6,21.436363636363637,2.1866666666666665,30.0,13.424999999999999,2.111111111111111,9.8,6.054166666666667,1.48,3.3,1.1318181818181818,0.33,O3,2.2347222222222225,8,2025,False
2025-08-06,22.8,16.287499999999998,65.08333333333333,2.0833333333333335,3.2,0.0,816.0,2353.0,91.7,57.8125,2.2736111111111112,41.2,21.545833333333334,2.3733333333333335,22.5,12.666666666666666,1.75,9.1,5.5874999999999995,1.41,6.0,1.3125,0.6000000000000001,NO2,2.3733333333333335,8,2025,False
2025-08-07,26.3,19.358333333333334,60.75,2.670833333333334,4.7,0.0,551.0,2423.0,106.3,58.737500000000004,2.4763888888888888,47.1,28.945833333333336,2.5700000000000003,18.0,13.9625,1.5,6.9,6.291666666666667,1.19,3.9,1.2041666666666668,0.39,NO2,2.5700000000000003,8,2025,False
2025-08-08,30.4,21.520833333333332,59.791666666666664,2.1041666666666665,3.8,0.0,748.0,2525.0,121.0,65.90416666666667,2.6805555555555554,46.8,28.40416666666667,2.56,22.0,16.904166666666665,1.7222222222222223,9.3,7.258333333333333,1.4300000000000002,7.5,1.6541666666666668,0.75,O3,2.6805555555555554,8,2025,False
2025-08-09,31.0,24.5,57.375,2.5708333333333333,5.3,0.0,537.0,2134.0,121.0,74.10833333333333,2.6805555555555554,39.9,21.945833333333336,2.33,21.1,16.25,1.6722222222222223,12.4,7.479166666666667,1.7400000000000002,3.9,1.0583333333333333,0.39,O3,2.6805555555555554,8,2025,True
2025-08-10,26.4,21.974999999999998,51.541666666666664,3.2875,4.7,0.0,820.0,2578.0,103.6,83.83749999999999,2.4388888888888887,17.8,9.308333333333334,1.3900000000000001,21.9,16.020833333333332,1.7166666666666666,14.0,10.654166666666667,1.9,0.8,0.8000000000000002,0.08000000000000002,O3,2.4388888888888887,8,2025,False
2025-08-11,28.7,22.633333333333336,46.625,2.8125,3.9,0.0,824.0,2600.0,99.7,69.75833333333334,2.3847222222222224,37.1,18.091666666666665,2.236666666666667,22.3,17.091666666666665,1.738888888888889,14.2,9.641666666666667,1.92,0.8,0.8000000000000002,0.08000000000000002,O3,2.3847222222222224,8,2025,False
2025-08-12,31.2,24.150000000000002,48.791666666666664,2.7875,4.3,0.0,819.0,1201.5,115.6,74.97500000000001,2.605555555555555,51.2,23.479166666666668,2.706666666666667,25.5,18.804166666666667,1.9166666666666665,15.6,10.041666666666666,2.04,0.8,0.8000000000000002,0.08000000000000002,NO2,2.706666666666667,8,2025,True
2025-08-13,33.9,26.0,54.666666666666664,1.6624999999999999,2.6,0.0,764.0,1173.0,166.0,87.925,3.2291666666666665,55.5,35.50833333333333,2.85,38.3,28.412499999999998,2.4185185185185185,18.6,14.516666666666666,2.24,4.7,1.425,0.47000000000000003,O3,3.2291666666666665,8,2025,True
2025-08-14,35.0,26.879166666666666,59.125,1.7541666666666667,3.1,0.0,757.0,1153.0,165.3,95.77083333333333,3.2218750000000003,64.2,34.083333333333336,3.105,41.7,33.65416666666667,2.5444444444444443,21.6,18.429166666666667,2.44,1.9,0.8916666666666667,0.19,O3,3.2218750000000003,8,2025,True
2025-08-15,33.1,26.837500000000002,59.708333333333336,2.7916666666666665,6.8,0.0,767.0,1116.5,155.1,102.28333333333332,3.115625,49.7,23.8,2.6566666666666667,47.2,35.699999999999996,2.7481481481481485,23.6,19.983333333333334,2.5733333333333333,0.8,0.8000000000000002,0.08000000000000002,O3,3.115625,8,2025,True
2025-08-16,27.1,23.754166666666666,55.708333333333336,4.954166666666667,7.0,0.0,727.0,1092.5,109.6,87.375,2.522222222222222,15.7,8.579166666666667,1.285,22.6,16.233333333333334,1.7555555555555555,13.2,8.979166666666666,1.8199999999999998,0.8,0.8000000000000002,0.08000000000000002,O3,2.522222222222222,8,2025,False
2025-08-17,24.1,19.5125,56.125,4.516666666666667,5.9,0.0,709.0,2336.0,81.2,67.675,2.1277777777777778,9.5,5.9624999999999995,0.9500000000000001,18.0,12.633333333333333,1.5,10.9,6.7875000000000005,1.59,0.8,0.8000000000000002,0.08000000000000002,O3,2.1277777777777778,8,2025,False
2025-08-18,27.2,20.533333333333335,54.958333333333336,2.5875,4.4,0.0,801.0,2451.0,86.2,58.074999999999996,2.1972222222222224,31.1,15.095833333333333,2.0366666666666666,17.2,10.041666666666666,1.4555555555555555,6.5,4.629166666666666,1.15,0.8,0.8000000000000002,0.08000000000000002,O3,2.1972222222222224,8,2025,False
2025-08-19,29.9,22.879166666666666,47.166666666666664,2.3291666666666666,3.5,0.0,776.0,2390.0,131.5,79.85000000000001,2.826388888888889,44.0,22.816666666666666,2.466666666666667,88.0,19.208333333333332,3.9444444444444446,14.5,6.558333333333334,1.9500000000000002,0.8,0.8000000000000002,0.08000000000000002,PM10,3.9444444444444446,8,2025,False
2025-08-20,29.5,22.933333333333334,50.416666666666664,3.0375,6.3,0.0,510.0,1902.0,110.9,75.91428571428571,2.540277777777778,51.2,20.263636363636365,2.706666666666667,26.2,18.608333333333334,1.9555555555555555,9.0,7.279166666666666,1.4,0.8,0.8000000000000002,0.08000000000000002,NO2,2.706666666666667,8,2025,False
2025-08-21,26.5,22.041666666666668,48.583333333333336,4.5249999999999995,6.0,0.0,468.0,1621.0,93.8,74.3125,2.3027777777777776,30.8,12.674999999999999,2.026666666666667,28.8,19.566666666666666,2.066666666666667,14.1,8.679166666666667,1.9100000000000001,1.7,0.8375,0.17,O3,2.3027777777777776,8,2025,False
2025-08-22,20.5,17.408333333333335,48.666666666666664,4.5249999999999995,6.8,0.0,684.0,2341.0,78.9,66.7,2.095833333333333,24.6,10.158333333333333,1.73,21.3,11.529166666666667,1.6833333333333333,7.3,3.920833333333333,1.23,0.8,0.8000000000000002,0.08000000000000002,O3,2.095833333333333,8,2025,False
2025-08-23,19.3,15.554166666666667,61.916666666666664,3.141666666666667,4.8,0.0,106.0,920.0,73.3,56.625,2.0180555555555557,26.3,16.133333333333333,1.815,18.4,11.833333333333334,1.5222222222222221,6.9,5.004166666666666,1.19,2.7,0.9916666666666667,0.27,O3,2.0180555555555557,8,2025,False
2025-08-24,22.8,14.9625,59.75,1.8208333333333335,3.5,0.0,679.0,2113.0,83.4,49.8375,2.158333333333333,37.2,16.370833333333334,2.24,14.8,9.012500000000001,1.3222222222222222,9.4,4.4375,1.44,0.8,0.8000000000000002,0.08000000000000002,NO2,2.24,8,2025,False
2025-08-25,24.8,15.758333333333333,53.208333333333336,1.6875,2.4,0.0,784.0,2209.0,87.6,50.99166666666667,2.216666666666667,51.4,27.041666666666668,2.7133333333333334,23.4,10.450000000000001,1.7999999999999998,6.2,3.795833333333333,1.12,0.8,0.8000000000000002,0.08000000000000002,NO2,2.7133333333333334,8,2025,False
2025-08-26,28.6,18.866666666666667,50.333333333333336,2.15,4.3,0.0,635.0,0.0,103.9,54.78333333333333,2.4430555555555555,75.3,39.34166666666667,3.3825,35.6,19.270833333333332,2.3185185185185184,17.7,6.470833333333334,2.1799999999999997,5.9,2.0130434782608693,0.5900000000000001,NO2,3.3825,8,2025,False
2025-08-27,29.1,22.6125,67.91666666666667,4.21,6.7,2.1,411.0,1637.0,93.4,57.475,2.2972222222222225,58.4,37.13333333333333,2.9466666666666668,36.5,24.45,2.351851851851852,18.0,13.2125,2.2,4.9,1.1375,0.49000000000000005,NO2,2.9466666666666668,8,2025,False
2025-08-28,23.8,19.641666666666666,87.04166666666667,,,16.3,72.0,955.0,64.9,30.908333333333335,1.8520833333333333,43.5,30.733333333333334,2.45,19.3,14.2875,1.5722222222222222,14.2,9.475,1.92,1.3,0.8708333333333335,0.13,NO2,2.45,8,2025,False
2025-08-29,23.8,18.41904761904762,78.66666666666667,4.3,5.7,0.7999999999999999,174.0,905.0,68.1,34.641666666666666,1.9187499999999997,34.3,25.6125,2.143333333333333,20.2,12.233333333333334,1.6222222222222222,9.2,5.979166666666667,1.42,3.6,1.3875,0.36000000000000004,NO2,2.143333333333333,8,2025,False
2025-08-30,22.4,17.466666666666665,75.75,3.720833333333333,6.5,4.6000000000000005,367.0,1519.0,56.5,37.40416666666667,1.6770833333333333,39.6,23.224999999999998,2.3200000000000003,19.3,8.054166666666667,1.5722222222222222,6.2,4.245833333333334,1.12,4.8,1.4291666666666665,0.48,NO2,2.3200000000000003,8,2025,False
2025-08-31,24.5,18.279166666666665,74.54166666666667,2.1708333333333334,4.6,0.0,315.0,1476.0,65.2,26.275000000000002,1.8583333333333334,44.7,23.704166666666666,2.49,12.1,8.179166666666667,1.1722222222222223,7.7,4.695833333333334,1.27,4.6,1.175,0.45999999999999996,NO2,2.49,8,2025,False
2025-09-01,21.2,18.23478260869565,79.17391304347827,3.217391304347826,4.8,0.7000000000000001,184.0,1038.0,52.8,32.06086956521739,1.5999999999999999,45.6,27.452173913043477,2.52,15.8,7.656521739130435,1.3777777777777778,5.6,3.143478260869565,1.06,2.1,1.1,0.21000000000000002,NO2,2.52,9,2025,False
2025-09-02,22.6,17.904166666666665,72.04166666666667,3.8874999999999997,7.2,0.0,437.0,1709.0,56.7,31.229166666666668,1.68125,43.6,25.754166666666666,2.453333333333333,34.7,10.8375,2.285185185185185,9.1,4.4624999999999995,1.41,6.5,1.6624999999999999,0.65,NO2,2.453333333333333,9,2025,False
2025-09-03,23.4,18.816666666666666,71.125,4.345833333333333,7.4,0.0,170.0,1069.0,50.9,32.5625,1.5604166666666666,56.5,24.7,2.8833333333333333,12.2,8.266666666666667,1.1777777777777778,4.6,3.6,0.9199999999999999,3.4,1.3499999999999999,0.34,NO2,2.8833333333333333,9,2025,False
2025-09-04,24.4,18.775000000000002,77.54166666666667,3.720833333333333,7.0,0.5,310.0,1260.0,61.8,28.4875,1.7874999999999999,54.4,28.270833333333332,2.8133333333333335,30.3,13.008333333333333,2.1222222222222222,7.9,5.2375,1.29,3.6,1.1958333333333333,0.36000000000000004,NO2,2.8133333333333335,9,2025,False
2025-09-05,21.7,17.287499999999998,76.125,3.5375,5.9,0.8,510.0,1670.0,62.7,39.675000000000004,1.80625,52.3,22.804166666666664,2.743333333333333,14.5,8.108333333333333,1.3055555555555556,7.6,4.258333333333334,1.26,3.3,1.3291666666666668,0.33,NO2,2.743333333333333,9,2025,False
2025-09-06,23.7,16.729166666666668,69.08333333333333,1.9833333333333334,3.6,0.0,632.0,1920.0,75.2,38.512499999999996,2.0444444444444443,44.3,21.875,2.4766666666666666,24.7,8.9375,1.8722222222222222,18.9,5.079166666666667,2.26,0.8,0.8000000000000002,0.08000000000000002,NO2,2.4766666666666666,9,2025,False
2025-09-07,26.0,18.904166666666665,62.541666666666664,2.9375,4.1,0.0,699.0,1925.0,78.3,50.53333333333333,2.0875,41.6,18.495833333333334,2.3866666666666667,19.3,9.783333333333333,1.5722222222222222,12.2,5.741666666666667,1.72,0.8,0.8000000000000002,0.08000000000000002,NO2,2.3866666666666667,9,2025,False
2025-09-08,19.9,17.529166666666665,76.29166666666667,2.0791666666666666,2.7,0.0,13.0,526.0,50.3,26.870833333333334,1.5479166666666666,48.1,31.96666666666667,2.6033333333333335,22.1,12.520833333333334,1.7277777777777779,12.4,7.108333333333333,1.7400000000000002,2.6,0.9250000000000002,0.26,NO2,2.6033333333333335,9,2025,False
2025-09-09,17.1,15.970833333333333,90.45833333333333,2.154166666666667,4.1,8.4,16.0,357.0,41.3,18.933333333333334,1.3604166666666666,40.1,26.670833333333334,2.336666666666667,22.6,14.395833333333334,1.7555555555555555,14.6,9.525,1.96,0.8,0.8000000000000002,0.08000000000000002,NO2,2.336666666666667,9,2025,False
2025-09-10,18.7,13.8125,88.16666666666667,1.8333333333333333,3.0,0.0,69.0,916.0,47.3,24.2625,1.4854166666666666,39.3,26.579166666666666,2.31,22.3,14.220833333333333,1.738888888888889,16.8,10.008333333333333,2.12,1.4,0.8250000000000001,0.13999999999999999,NO2,2.31,9,2025,False
2025-09-11,19.3,15.025,82.33333333333333,4.591666666666667,9.4,3.2,133.0,952.0,47.7,20.229166666666668,1.49375,35.2,24.995652173913044,2.1733333333333333,16.1,9.5,1.3944444444444444,9.7,5.122727272727273,1.47,5.6,1.5083333333333335,0.5599999999999999,NO2,2.1733333333333333,9,2025,False
2025-09-12,19.9,15.112499999999999,74.95833333333333,5.033333333333333,10.0,1.1,643.0,1788.0,51.2,28.2,1.5666666666666667,45.3,26.183333333333334,2.51,15.3,8.941666666666666,1.35,5.9,4.170833333333333,1.09,7.2,1.8916666666666666,0.7200000000000001,NO2,2.51,9,2025,False
2025-09-13,20.5,14.645833333333334,80.70833333333333,2.7624999999999997,6.9,2.8,219.0,1120.0,50.4,19.779166666666665,1.5499999999999998,48.1,25.875,2.6033333333333335,12.8,9.520833333333334,1.2111111111111112,9.0,5.508333333333333,1.4,3.2,1.3708333333333333,0.32000000000000006,NO2,2.6033333333333335,9,2025,False
2025-09-14,20.1,15.995833333333332,77.04166666666667,3.475,6.0,15.4,375.0,1402.0,60.6,38.27916666666667,1.7625,37.0,17.837500000000002,2.2333333333333334,9.0,5.3625,1.0,6.0,2.983333333333333,1.1,5.3,1.4708333333333334,0.53,NO2,2.2333333333333334,9,2025,False
2025-09-15,22.9,19.341666666666665,71.08333333333333,7.929166666666667,12.2,6.7,298.0,1139.0,59.0,34.17916666666667,1.7291666666666665,30.4,21.7375,2.013333333333333,35.3,9.9375,2.3074074074074074,6.9,3.3958333333333335,1.19,5.9,2.1,0.5900000000000001,PM10,2.3074074074074074,9,2025,False
2025-09-16,18.2,15.779166666666667,64.20833333333333,7.845833333333334,10.2,0.1,265.0,1042.0,59.0,44.23333333333333,1.7291666666666665,37.6,22.058333333333334,2.2533333333333334,23.3,11.058333333333332,1.7944444444444443,7.2,5.05,1.22,4.9,2.025,0.49000000000000005,NO2,2.2533333333333334,9,2025,False
2025-09-17,18.6,14.691666666666668,74.66666666666667,4.108333333333333,6.2,0.0,200.0,1023.0,51.6,32.958333333333336,1.575,36.2,25.162499999999998,2.2066666666666666,17.6,10.766666666666666,1.4777777777777779,7.2,4.991666666666666,1.22,6.1,2.129166666666667,0.61,NO2,2.2066666666666666,9,2025,False
2025-09-18,25.4,18.516666666666666,69.45833333333333,3.7583333333333333,5.5,0.0,696.0,1751.0,64.2,32.44583333333333,1.8375,63.8,33.32083333333333,3.0949999999999998,24.7,12.0625,1.8722222222222222,9.2,5.329166666666667,1.42,5.3,1.7249999999999999,0.53,NO2,3.0949999999999998,9,2025,False
2025-09-19,28.3,18.129166666666666,74.41666666666667,1.2208333333333334,2.1,0.0,693.0,1765.0,84.7,28.1375,2.176388888888889,80.0,43.520833333333336,3.5,20.8,13.804166666666667,1.6555555555555554,11.0,6.708333333333333,1.6,6.0,1.5833333333333333,0.6000000000000001,NO2,3.5,9,2025,False
2025-09-20,29.3,19.295833333333334,72.25,2.9250000000000003,7.6,0.0,650.0,1554.0,85.1,32.579166666666666,2.1819444444444445,63.5,41.87916666666667,3.0875,21.7,16.208333333333332,1.7055555555555555,12.8,9.170833333333333,1.7800000000000002,6.3,2.2583333333333333,0.63,NO2,3.0875,9,2025,False
2025-09-21,19.8,16.441666666666666,86.41666666666667,2.7375000000000003,5.9,12.1,45.0,543.0,56.6,33.475,1.6791666666666667,65.8,27.15833333333333,3.145,19.1,11.966666666666667,1.5611111111111111,11.2,7.229166666666667,1.62,1.4,0.8250000000000001,0.13999999999999999,NO2,3.145,9,2025,False
2025-09-22,14.8,12.6625,76.79166666666667,4.820833333333334,6.2,8.3,1.0,515.0,53.2,46.237500000000004,1.6083333333333334,20.8,11.020833333333334,1.54,9.3,7.2749999999999995,1.0166666666666666,4.2,3.4250000000000003,0.8400000000000001,0.8,0.8000000000000002,0.08000000000000002,O3,1.6083333333333334,9,2025,False
2025-09-23,17.3,13.9375,57.041666666666664,5.729166666666667,7.8,0.0,332.0,1219.0,68.1,53.70416666666667,1.9187499999999997,20.2,11.108333333333334,1.51,9.9,8.3125,1.05,4.5,3.404166666666667,0.9,0.8,0.8000000000000002,0.08000000000000002,O3,1.9187499999999997,9,2025,False
2025-09-24,14.2,11.708333333333334,74.41666666666667,4.8999999999999995,7.2,26.8,0.0,158.0,59.0,47.604166666666664,1.7291666666666665,27.3,13.0875,1.8650000000000002,10.8,7.175,1.1,7.2,3.6833333333333336,1.22,0.8,0.8000000000000002,0.08000000000000002,NO2,1.8650000000000002,9,2025,False
2025-09-25,10.4,9.333333333333334,89.5,4.883333333333334,6.1,7.4,0.0,296.0,59.8,37.475,1.7458333333333331,20.0,13.125,1.5,6.2,4.683333333333334,0.6888888888888889,3.4,2.5833333333333335,0.68,0.8,0.8000000000000002,0.08000000000000002,O3,1.7458333333333331,9,2025,False
2025-09-26,13.7,11.370833333333332,84.375,3.029166666666667,4.8,0.0,95.0,589.0,30.7,18.020833333333332,1.1395833333333334,22.4,15.841666666666667,1.62,12.1,7.820833333333333,1.1722222222222223,9.5,5.1499999999999995,1.45,0.8,0.8000000000000002,0.08000000000000002,NO2,1.62,9,2025,False
2025-09-27,16.5,13.725,82.16666666666667,1.4041666666666668,3.2,0.0,70.0,774.0,23.6,12.033333333333333,0.9833333333333334,31.6,22.766666666666666,2.0533333333333332,24.4,14.354166666666666,1.8555555555555554,16.1,10.2875,2.0733333333333333,2.7,0.8958333333333334,0.27,PM2.5,2.0733333333333333,9,2025,False
2025-09-28,17.3,13.133333333333333,87.20833333333333,1.3375000000000001,2.8,0.0,191.0,902.0,44.0,14.470833333333333,1.4166666666666665,40.9,19.133333333333333,2.3633333333333333,18.4,14.1,1.5222222222222221,13.8,10.691666666666668,1.8800000000000001,0.8,0.8000000000000002,0.08000000000000002,NO2,2.3633333333333333,9,2025,False
2025-09-29,18.6,14.008333333333333,82.70833333333333,1.0583333333333333,1.7,0.0,146.0,950.0,45.7,15.745833333333332,1.4520833333333334,46.8,28.25833333333333,2.56,24.8,16.75,1.8777777777777778,14.2,10.483333333333333,1.92,3.4,1.1416666666666668,0.34,NO2,2.56,9,2025,False
2025-09-30,17.8,13.495833333333332,81.25,1.8958333333333333,3.7,1.1,192.0,887.0,65.6,31.758333333333336,1.8666666666666665,40.9,25.833333333333332,2.3633333333333333,21.1,15.5625,1.6722222222222223,16.2,10.8375,2.08,0.8,0.8000000000000002,0.08000000000000002,NO2,2.3633333333333333,9,2025,False
2025-10-01,15.6,11.23913043478261,69.17391304347827,2.239130434782609,3.9,0.0,578.0,1363.0,58.5,28.900000000000002,1.71875,40.3,24.452173913043477,2.3433333333333333,15.2,11.843478260869563,1.3444444444444443,9.1,7.269565217391304,1.41,1.7,0.8391304347826087,0.17,NO2,2.3433333333333333,10,2025,False
2025-10-02,15.3,9.941666666666666,71.29166666666667,2.345833333333333,3.0,0.0,636.0,1443.0,47.4,20.695833333333333,1.4874999999999998,55.5,26.90833333333333,2.85,22.0,15.512500000000001,1.7222222222222223,16.4,11.108333333333334,2.0933333333333333,0.8,0.8,0.08000000000000002,NO2,2.85,10,2025,False
2025-10-03,14.1,9.133333333333333,78.0,2.1333333333333333,3.4,0.0,100.0,725.0,39.3,16.254166666666666,1.3187499999999999,57.7,30.724999999999998,2.9233333333333333,22.5,15.041666666666666,1.75,18.1,10.950000000000001,2.2066666666666666,1.3,0.8375,0.13,NO2,2.9233333333333333,10,2025,False
2025-10-04,15.2,11.666666666666666,83.33333333333333,6.283333333333334,9.2,6.7,52.0,313.0,56.7,30.016666666666666,1.68125,44.6,25.233333333333334,2.486666666666667,18.1,10.183333333333334,1.5055555555555555,12.6,7.129166666666666,1.76,3.5,1.4333333333333333,0.35000000000000003,NO2,2.486666666666667,10,2025,False
2025-10-05,14.6,11.545833333333334,72.33333333333333,6.808333333333334,9.7,0.4,112.0,748.0,54.1,41.49166666666667,1.6270833333333332,29.6,16.904166666666665,1.98,11.4,8.262500000000001,1.1333333333333333,7.0,4.658333333333333,1.2,5.2,1.6666666666666667,0.52,NO2,1.98,10,2025,False
2025-10-06,12.9,11.054166666666667,82.16666666666667,4.441666666666666,6.4,0.0,0.0,146.0,42.7,21.025000000000002,1.3895833333333334,42.1,29.6875,2.4033333333333333,15.0,12.674999999999999,1.3333333333333333,8.2,7.233333333333333,1.3199999999999998,6.0,2.9291666666666667,0.6000000000000001,NO2,2.4033333333333333,10,2025,False
2025-10-07,15.6,13.129166666666668,91.16666666666667,2.6875,3.6,0.0,0.0,435.0,19.6,11.016666666666666,0.8166666666666667,39.6,27.3,2.3200000000000003,17.5,11.720833333333333,1.4722222222222223,10.2,6.9375,1.52,3.6,1.2541666666666667,0.36000000000000004,NO2,2.3200000000000003,10,2025,False
2025-10-08,16.0,14.291666666666666,88.54166666666667,1.1875,2.5,0.4,0.0,307.0,27.0,8.091666666666667,1.0625,40.8,27.429166666666664,2.36,24.5,13.033333333333333,1.8611111111111112,13.4,8.325000000000001,1.84,0.8,0.8000000000000002,0.08000000000000002,NO2,2.36,10,2025,False
2025-10-09,16.9,12.758333333333333,86.04166666666667,2.0791666666666666,5.9,0.0,145.0,676.0,48.8,22.920833333333334,1.5166666666666666,40.5,23.020833333333332,2.35,33.9,12.895833333333334,2.2555555555555555,15.4,8.299999999999999,2.026666666666667,0.8,0.8000000000000002,0.08000000000000002,NO2,2.35,10,2025,False
2025-10-10,15.8,12.083333333333334,84.33333333333333,2.1666666666666665,3.6,0.0,34.0,497.0,54.3,21.208333333333332,1.6312499999999999,54.4,29.2375,2.8133333333333335,22.6,15.924999999999999,1.7555555555555555,14.4,10.179166666666667,1.94,1.2,0.8166666666666668,0.12,NO2,2.8133333333333335,10,2025,False
2025-10-11,16.5,11.495833333333332,86.75,1.55,3.0,0.0,143.0,669.0,26.5,8.470833333333333,1.0520833333333333,41.0,31.537499999999998,2.3666666666666667,30.5,21.016666666666666,2.1296296296296298,20.1,15.358333333333334,2.34,4.7,1.5791666666666666,0.47000000000000003,NO2,2.3666666666666667,10,2025,False
2025-10-12,14.9,12.666666666666666,78.20833333333333,1.5708333333333335,3.0,0.0,14.0,408.0,58.7,33.725,1.7229166666666667,43.4,21.433333333333334,2.4466666666666668,23.2,11.641666666666666,1.7888888888888888,16.9,8.270833333333334,2.1266666666666665,0.8,0.8000000000000002,0.08000000000000002,NO2,2.4466666666666668,10,2025,False
2025-10-13,15.6,12.541666666666666,85.33333333333333,1.6458333333333333,3.2,0.0,0.0,370.0,26.3,11.908333333333333,1.0479166666666666,33.2,25.6875,2.106666666666667,28.2,15.4,2.0444444444444443,17.2,10.716666666666667,2.1466666666666665,0.8,0.8000000000000002,0.08000000000000002,PM2.5,2.1466666666666665,10,2025,False
2025-10-14,16.9,13.8375,73.66666666666667,2.2875,3.9,0.0,235.0,897.0,51.0,29.554166666666664,1.5625,32.6,19.175,2.086666666666667,19.6,9.554166666666667,1.588888888888889,8.4,4.858333333333333,1.34,0.8,0.8000000000000002,0.08000000000000002,NO2,2.086666666666667,10,2025,False
2025-10-15,15.2,13.104166666666666,79.70833333333333,1.7958333333333334,3.6,0.0,38.0,506.0,41.6,21.320833333333333,1.3666666666666667,35.9,22.7625,2.1966666666666668,24.0,9.875,1.8333333333333333,7.1,4.4875,1.21,0.8,0.8000000000000002,0.08000000000000002,NO2,2.1966666666666668,10,2025,False
2025-10-16,13.8,12.433333333333332,81.16666666666667,1.5833333333333333,2.5,0.0,2.0,375.0,35.6,21.34583333333333,1.2416666666666667,38.4,24.879166666666666,2.28,18.5,11.016666666666666,1.5277777777777777,10.2,6.25,1.52,2.2,0.8791666666666668,0.22000000000000003,NO2,2.28,10,2025,False
2025-10-17,14.3,12.1,80.79166666666667,1.4916666666666665,3.1,0.0,1.0,391.0,58.4,29.979166666666668,1.7166666666666666,34.0,22.787499999999998,2.1333333333333333,21.7,10.070833333333335,1.7055555555555555,9.1,5.516666666666667,1.41,0.8,0.8000000000000002,0.08000000000000002,NO2,2.1333333333333333,10,2025,False
2025-10-18,14.0,10.887500000000001,72.45833333333333,2.4583333333333335,4.7,0.0,398.0,1036.0,61.6,33.079166666666666,1.7833333333333332,42.7,23.52916666666667,2.4233333333333333,21.4,11.3125,1.6888888888888887,17.2,6.933333333333334,2.1466666666666665,0.8,0.8000000000000002,0.08000000000000002,NO2,2.4233333333333333,10,2025,False
2025-10-19,12.6,8.470833333333333,75.16666666666667,2.1416666666666666,2.8,0.0,89.0,577.0,32.5,23.15833333333333,1.1770833333333333,31.5,20.654166666666665,2.05,21.5,11.229166666666666,1.6944444444444444,15.9,7.045833333333333,2.06,0.8,0.8000000000000002,0.08000000000000002,PM2.5,2.06,10,2025,False
2025-10-20,14.6,11.942857142857143,86.57142857142857,2.5476190476190474,4.6,0.7,0.0,165.0,22.4,6.55,0.9333333333333332,53.5,33.05416666666667,2.783333333333333,22.5,14.704166666666666,1.75,12.8,10.083333333333334,1.7800000000000002,0.8,0.8000000000000002,0.08000000000000002,NO2,2.783333333333333,10,2025,False
2025-10-21,16.7,13.891666666666666,79.83333333333333,5.283333333333333,7.8,0.0,97.0,544.0,48.0,35.18333333333333,1.5,50.4,25.78333333333333,2.6799999999999997,12.1,7.1625000000000005,1.1722222222222223,5.3,3.4250000000000003,1.03,4.6,2.0083333333333333,0.45999999999999996,NO2,2.6799999999999997,10,2025,False
2025-10-22,17.1,13.891666666666667,90.125,3.4875000000000003,5.9,1.1,9.0,496.0,41.1,19.604166666666668,1.35625,40.4,29.204166666666666,2.3466666666666667,17.1,9.816666666666666,1.4500000000000002,8.1,5.679166666666667,1.31,4.6,2.2666666666666666,0.45999999999999996,NO2,2.3466666666666667,10,2025,False
2025-10-23,15.7,13.820833333333333,80.5,7.516666666666667,12.8,8.0,149.0,594.0,62.0,41.69583333333333,1.7916666666666665,28.3,18.954166666666666,1.915,11.1,6.625,1.1166666666666667,7.6,3.1666666666666665,1.26,4.0,1.4041666666666668,0.4,NO2,1.915,10,2025,False
2025-10-24,11.8,9.433333333333334,71.75,8.120833333333334,10.3,3.1,111.0,603.0,56.4,45.82083333333333,1.6749999999999998,29.7,21.162499999999998,1.9849999999999999,20.5,6.925,1.6388888888888888,5.8,2.970833333333333,1.08,7.0,2.9499999999999997,0.7000000000000001,NO2,1.9849999999999999,10,2025,False
2025-10-25,12.6,10.25,77.41666666666667,6.6375,10.2,0.5,38.0,361.0,49.1,38.24166666666667,1.5229166666666667,35.8,21.3,2.1933333333333334,8.2,4.679166666666666,0.911111111111111,5.1,2.658333333333333,1.01,7.3,2.0708333333333333,0.73,NO2,2.1933333333333334,10,2025,False
2025-10-26,10.5,8.244,68.48,7.156000000000001,11.4,0.1,201.0,664.0,54.5,41.144,1.6354166666666665,31.4,16.928,2.0466666666666664,8.2,5.247999999999999,0.911111111111111,4.7,3.0839999999999996,0.9400000000000001,7.0,3.196,0.7000000000000001,NO2,2.0466666666666664,10,2025,False
2025-10-27,12.5,9.049999999999999,78.58333333333333,7.445833333333333,10.6,4.0,277.0,675.0,58.5,43.67083333333333,1.71875,30.4,18.75,2.013333333333333,9.4,4.983333333333333,1.0222222222222221,4.0,2.4458333333333333,0.8,6.3,2.0625,0.63,NO2,2.013333333333333,10,2025,False
2025-10-28,13.6,10.933333333333332,79.79166666666667,7.741666666666667,10.4,0.9,4.0,235.0,47.1,38.1,1.48125,24.3,20.604166666666668,1.715,15.7,6.316666666666666,1.3722222222222222,7.8,3.3625000000000003,1.28,5.8,2.8958333333333335,0.58,NO2,1.715,10,2025,False
2025-10-29,15.6,12.9125,75.54166666666667,3.9625,6.6,0.4,124.0,574.0,47.4,29.96666666666667,1.4874999999999998,59.2,31.582608695652173,2.9733333333333336,14.2,7.383333333333333,1.2888888888888888,6.1,3.4333333333333336,1.1099999999999999,5.6,2.265217391304348,0.5599999999999999,NO2,2.9733333333333336,10,2025,False
2025-10-30,13.6,10.770833333333334,75.79166666666667,5.183333333333334,8.6,6.6,470.0,845.0,51.5,33.583333333333336,1.5729166666666665,64.9,31.383333333333336,3.1225,15.7,8.262500000000001,1.3722222222222222,9.0,4.120833333333334,1.4,3.8,1.2750000000000001,0.38,NO2,3.1225,10,2025,False
2025-10-31,12.1,7.279166666666666,86.0,1.375,2.2,0.0,121.0,537.0,14.7,4.7124999999999995,0.6124999999999999,58.7,44.791666666666664,2.956666666666667,25.3,14.995833333333332,1.9055555555555554,18.7,8.816666666666666,2.2466666666666666,4.1,1.5458333333333334,0.41,NO2,2.956666666666667,10,2025,False
2025-11-01,12.9,9.495652173913044,93.65217391304348,1.5086956521739132,3.4,3.6999999999999997,0.0,206.0,30.4,4.6695652173913045,1.1333333333333333,57.8,34.07826086956521,2.9266666666666667,30.9,16.643478260869564,2.1444444444444444,23.8,12.256521739130434,2.586666666666667,0.8,0.8,0.08000000000000002,NO2,2.9266666666666667,11,2025,False
2025-11-02,13.3,10.683333333333332,92.54166666666667,3.7083333333333335,5.8,3.5,40.0,302.0,44.9,29.270833333333332,1.4354166666666666,45.2,26.387500000000003,2.506666666666667,12.8,7.316666666666666,1.2111111111111112,10.3,4.854166666666667,1.5300000000000002,2.5,1.125,0.25,NO2,2.506666666666667,11,2025,False
2025-11-03,11.9,9.054166666666667,82.45833333333333,4.1125,7.2,0.0,242.0,589.0,44.5,27.912499999999998,1.4270833333333333,49.7,30.979166666666668,2.6566666666666667,16.9,9.991666666666665,1.4388888888888887,7.9,5.295833333333333,1.29,3.5,1.4375,0.35000000000000003,NO2,2.6566666666666667,11,2025,False
2025-11-04,16.0,10.554166666666667,80.0,2.345833333333333,3.9,0.0,419.0,784.0,37.7,18.429166666666667,1.2854166666666667,70.4,37.00833333333333,3.2600000000000002,23.0,12.275,1.7777777777777777,14.2,6.8125,1.92,4.9,1.7916666666666667,0.49000000000000005,NO2,3.2600000000000002,11,2025,False
2025-11-05,13.6,7.358333333333333,84.83333333333333,1.6083333333333334,2.7,0.0,329.0,669.0,6.9,2.1708333333333334,0.2875,61.9,40.37916666666667,3.0475,25.2,18.316666666666666,1.9,14.2,10.924999999999999,1.92,4.3,1.5666666666666667,0.43,NO2,3.0475,11,2025,False
2025-11-06,11.8,6.320833333333333,86.33333333333333,2.125,3.2,0.0,492.0,732.0,12.9,3.5583333333333336,0.5375,34.7,28.379166666666666,2.1566666666666667,25.4,18.220833333333335,1.911111111111111,22.4,13.529166666666667,2.493333333333333,1.3,0.8208333333333334,0.13,PM2.5,2.493333333333333,11,2025,False
2025-11-07,5.3,4.645833333333333,93.16666666666667,1.5166666666666666,2.1,0.0,0.0,141.0,10.8,4.595833333333333,0.45,38.5,29.287499999999998,2.283333333333333,25.9,22.233333333333334,1.9388888888888887,22.4,19.045833333333334,2.493333333333333,0.8,0.8000000000000002,0.08000000000000002,PM2.5,2.493333333333333,11,2025,False
2025-11-08,6.0,5.154166666666667,91.66666666666667,2.3625000000000003,3.2,0.0,0.0,170.0,9.6,4.970833333333333,0.39999999999999997,38.0,29.22083333333333,2.2666666666666666,36.4,27.329166666666666,2.348148148148148,33.3,24.516666666666666,3.165,1.4,0.8458333333333333,0.13999999999999999,PM2.5,3.165,11,2025,False
2025-11-09,8.9,7.341666666666666,96.04166666666667,2.8333333333333335,3.3,2.7,0.0,155.0,3.9,1.7041666666666666,0.16249999999999998,30.0,24.291666666666668,2.0,34.9,20.1125,2.2925925925925927,31.2,18.0625,3.06,4.8,1.2041666666666666,0.48,PM2.5,3.06,11,2025,False
2025-11-10,8.3,7.429166666666667,97.70833333333333,1.7416666666666665,3.2,0.1,0.0,184.0,4.0,1.6125,0.16666666666666666,50.6,32.795833333333334,2.6866666666666665,28.3,18.516666666666666,2.0481481481481483,22.3,14.7125,2.486666666666667,2.3,0.8624999999999999,0.22999999999999998,NO2,2.6866666666666665,11,2025,False
2025-11-11,13.1,8.424999999999999,90.33333333333333,3.025,4.9,0.1,224.0,507.0,23.0,6.429166666666667,0.9583333333333333,67.4,33.85217391304348,3.185,29.4,21.333333333333332,2.088888888888889,23.4,15.766666666666666,2.56,2.5,1.25,0.25,NO2,3.185,11,2025,False
2025-11-12,11.6,5.533333333333334,93.54166666666667,1.1624999999999999,1.9,0.0,174.0,490.0,6.5,1.5291666666666668,0.2708333333333333,56.8,37.49166666666667,2.893333333333333,32.8,21.241666666666667,2.214814814814815,20.6,13.991666666666667,2.3733333333333335,5.9,1.7458333333333333,0.5900000000000001,NO2,2.893333333333333,11,2025,False
2025-11-13,14.1,6.8625,89.95833333333333,1.6791666666666665,3.1,0.0,20.0,420.0,4.5,1.2916666666666667,0.1875,57.6,36.80833333333333,2.92,38.0,26.708333333333332,2.4074074074074074,18.9,15.379166666666668,2.26,7.9,2.25,0.79,NO2,2.92,11,2025,False
2025-11-14,13.3,9.674999999999999,86.58333333333333,1.3208333333333333,2.4,0.0,14.0,341.0,3.0,0.9708333333333333,0.125,56.8,43.59166666666667,2.893333333333333,44.0,27.09166666666667,2.6296296296296298,22.6,15.554166666666667,2.506666666666667,7.6,2.3541666666666665,0.76,NO2,2.893333333333333,11,2025,False
2025-11-15,13.8,11.104166666666666,92.125,1.4749999999999999,2.2,2.6,0.0,187.0,1.6,0.6791666666666667,0.06666666666666667,57.8,42.475,2.9266666666666667,36.7,28.983333333333334,2.359259259259259,21.4,16.941666666666666,2.4266666666666667,1.7,0.875,0.17,NO2,2.9266666666666667,11,2025,False
2025-11-16,13.0,8.85,94.29166666666667,2.3208333333333333,3.5,0.0,240.0,466.0,35.9,15.329166666666666,1.2479166666666666,46.8,31.38333333333333,2.56,30.1,15.191666666666668,2.1148148148148147,19.7,10.6375,2.3133333333333335,1.8,0.9833333333333334,0.18000000000000002,NO2,2.56,11,2025,False
2025-11-17,8.6,5.383333333333333,79.04166666666667,4.2250000000000005,6.5,3.0,94.0,364.0,51.7,32.104166666666664,1.5770833333333334,26.6,18.170833333333334,1.83,21.1,6.6875,1.6722222222222223,6.8,3.295833333333333,1.18,1.9,0.9125000000000001,0.19,NO2,1.83,11,2025,False
2025-11-18,5.5,1.3625,85.45833333333333,3.4250000000000003,5.4,0.0,58.0,401.0,44.5,17.216666666666665,1.4270833333333333,54.9,36.4375,2.83,23.5,15.266666666666666,1.8055555555555554,11.7,8.745833333333334,1.67,3.2,1.3416666666666668,0.32000000000000006,NO2,2.83,11,2025,False
2025-11-19,4.0,2.595833333333333,84.5,4.570833333333334,6.6,1.5,0.0,88.0,32.7,22.870833333333334,1.1812500000000001,49.7,30.820833333333336,2.6566666666666667,13.8,10.737499999999999,1.2666666666666666,11.5,7.979166666666667,1.65,4.8,1.9291666666666665,0.48,NO2,2.6566666666666667,11,2025,False
2025-11-20,5.0,4.113333333333333,74.93333333333334,5.173333333333333,7.1,0.5,63.0,265.0,55.1,32.6,1.6479166666666667,62.7,26.379166666666666,3.0675,24.7,10.112499999999999,1.8722222222222222,15.0,6.1000000000000005,2.0,4.4,1.1541666666666668,0.44000000000000006,NO2,3.0675,11,2025,False
2025-11-21,3.6,0.0,74.70588235294117,2.952941176470588,5.1,0.0,466.0,612.0,29.5,10.566666666666666,1.1145833333333333,49.2,38.65,2.64,30.4,16.891666666666666,2.1259259259259258,18.6,12.783333333333333,2.24,0.8,0.8000000000000002,0.08000000000000002,NO2,2.64,11,2025,False
2025-11-22,1.8,-3.775,83.04166666666667,1.4083333333333332,2.7,0.0,464.0,690.0,19.9,4.904166666666667,0.8291666666666666,61.7,46.225,3.0425,28.8,19.941666666666666,2.066666666666667,25.5,16.858333333333334,2.7,2.7,1.0833333333333333,0.27,NO2,3.0425,11,2025,False
2025-11-23,0.9,-2.3666666666666667,82.20833333333333,2.0833333333333335,3.8,0.7,156.0,397.0,25.2,11.795833333333334,1.025,48.3,36.300000000000004,2.61,39.4,29.116666666666664,2.4592592592592593,32.3,25.729166666666668,3.1149999999999998,2.6,1.0208333333333333,0.26,PM2.5,3.1149999999999998,11,2025,False
2025-11-24,6.7,3.5749999999999997,93.875,2.35,3.8,0.6,0.0,112.0,14.4,6.316666666666666,0.6,54.5,40.84583333333333,2.8166666666666664,44.7,24.604166666666668,2.655555555555556,27.1,19.400000000000002,2.8066666666666666,1.9,0.8833333333333333,0.19,NO2,2.8166666666666664,11,2025,False
2025-11-25,6.8,5.170833333333333,92.25,1.6833333333333333,3.2,0.1,3.0,181.0,33.4,16.008333333333333,1.1958333333333333,48.1,36.3375,2.6033333333333335,31.8,18.370833333333334,2.1777777777777776,20.1,14.320833333333333,2.34,0.8,0.8000000000000002,0.08000000000000002,NO2,2.6033333333333335,11,2025,False
2025-11-26,6.6,4.679166666666666,78.25,3.0625,4.9,0.0,105.0,275.0,44.7,25.645833333333332,1.43125,39.3,21.916666666666668,2.31,23.3,11.520833333333334,1.7944444444444443,15.9,8.679166666666667,2.06,0.8,0.8000000000000002,0.08000000000000002,NO2,2.31,11,2025,False
2025-11-27,7.1,4.2250000000000005,78.375,3.625,6.9,0.0,190.0,446.0,36.4,17.041666666666668,1.2583333333333333,40.7,29.825,2.356666666666667,24.6,16.474999999999998,1.8666666666666667,15.4,11.7125,2.026666666666667,4.7,1.5125,0.47000000000000003,NO2,2.356666666666667,11,2025,False
2025-11-28,6.3,4.9624999999999995,83.79166666666667,4.366666666666666,5.2,1.2,0.0,133.0,29.4,11.908333333333333,1.1125,47.1,33.391666666666666,2.5700000000000003,25.2,18.425,1.9,17.8,13.924999999999999,2.1866666666666665,4.9,2.4458333333333333,0.49000000000000005,NO2,2.5700000000000003,11,2025,False
2025-11-29,9.5,7.783333333333334,94.95833333333333,3.1750000000000003,4.0,1.5,0.0,129.0,10.3,6.625,0.4291666666666667,40.5,34.025,2.35,19.0,12.733333333333334,1.5555555555555556,17.3,11.016666666666666,2.1533333333333333,1.8,0.8875000000000001,0.18000000000000002,NO2,2.35,11,2025,False
2025-11-30,9.1,7.720833333333334,92.04166666666667,3.275,4.9,3.6,0.0,126.0,37.9,18.05,1.2895833333333333,40.1,29.27916666666667,2.336666666666667,15.9,11.058333333333332,1.3833333333333333,14.0,9.195833333333333,1.9,2.4,1.1,0.24,NO2,2.336666666666667,11,2025,False
2025-12-01,6.0,1.5434782608695652,88.73913043478261,2.2956521739130435,3.6,0.0,433.0,472.0,32.9,12.922727272727274,1.1854166666666666,53.3,35.214285714285715,2.7766666666666664,20.1,12.452173913043477,1.6166666666666667,13.1,7.9173913043478255,1.81,6.5,2.0285714285714285,0.65,NO2,2.7766666666666664,12,2025,False
2025-12-02,4.5,1.0041666666666667,90.25,1.3333333333333333,1.9,0.0,24.0,257.0,4.8,1.4333333333333333,0.19999999999999998,46.1,36.295833333333334,2.5366666666666666,27.6,19.4875,2.022222222222222,19.5,14.091666666666667,2.3,5.8,1.7916666666666667,0.58,NO2,2.5366666666666666,12,2025,False
2025-12-03,4.5,2.975,85.91666666666667,1.7958333333333334,2.1,0.0,0.0,205.0,11.2,5.683333333333334,0.4666666666666666,42.6,27.604166666666668,2.42,31.7,18.295833333333334,2.174074074074074,19.7,14.85,2.3133333333333335,1.8,0.9,0.18000000000000002,NO2,2.42,12,2025,False
2025-12-04,3.9,2.983333333333333,83.91666666666667,1.8541666666666667,2.5,0.0,1.0,131.0,13.9,8.454166666666667,0.5791666666666666,29.7,23.266666666666666,1.9849999999999999,30.5,20.599999999999998,2.1296296296296298,27.6,17.3875,2.84,0.8,0.8000000000000002,0.08000000000000002,PM2.5,2.84,12,2025,False
2025-12-05,4.6,3.170833333333333,88.95833333333333,1.8499999999999999,3.1,0.0,0.0,168.0,14.2,6.0125,0.5916666666666666,33.9,26.541666666666668,2.13,33.6,23.1125,2.2444444444444445,26.5,18.8625,2.7666666666666666,1.4,0.8458333333333333,0.13999999999999999,PM2.5,2.7666666666666666,12,2025,False
2025-12-06,8.1,4.9125000000000005,90.625,2.845833333333333,5.8,0.6000000000000001,0.0,97.0,19.3,8.299999999999999,0.8041666666666667,44.3,35.69583333333333,2.4766666666666666,22.7,13.4375,1.761111111111111,16.5,11.112499999999999,2.1,2.8,1.3125,0.27999999999999997,NO2,2.4766666666666666,12,2025,False
2025-12-07,11.2,9.654166666666667,89.29166666666667,4.533333333333333,5.6,11.3,0.0,179.0,43.3,31.079166666666666,1.4020833333333331,36.2,25.254166666666666,2.2066666666666666,9.9,7.1625000000000005,1.05,8.0,5.0625,1.3,4.0,2.0083333333333333,0.4,NO2,2.2066666666666666,12,2025,False
2025-12-08,14.9,13.158333333333333,89.83333333333333,5.333333333333333,7.3,2.0,6.0,183.0,35.4,25.97083333333333,1.2375,36.1,24.854166666666668,2.203333333333333,7.0,4.6875,0.7777777777777777,5.7,2.670833333333333,1.07,3.6,1.3458333333333334,0.36000000000000004,NO2,2.203333333333333,12,2025,False
2025-12-09,12.9,10.120833333333334,91.58333333333333,2.6631578947368424,5.1,0.0,36.0,52.0,33.8,11.700000000000001,1.2041666666666666,39.7,29.895833333333332,2.3233333333333333,38.7,16.8125,2.4333333333333336,18.3,9.570833333333333,2.22,3.9,1.2625,0.39,PM10,2.4333333333333336,12,2025,False
2025-12-10,10.3,9.166666666666666,95.04166666666667,3.3874999999999997,4.5,6.6,0.0,110.0,8.2,3.095833333333333,0.3416666666666666,41.3,37.03333333333333,2.3766666666666665,20.2,14.279166666666667,1.6222222222222222,14.2,10.183333333333334,1.92,3.0,1.5999999999999999,0.30000000000000004,NO2,2.3766666666666665,12,2025,False
2025-12-11,10.2,7.5249999999999995,94.875,1.9666666666666666,3.8,0.0,183.0,360.0,26.5,6.079166666666667,1.0520833333333333,60.1,37.166666666666664,3.0025,27.6,16.675,2.022222222222222,18.6,11.604166666666666,2.24,2.0,0.9291666666666667,0.2,NO2,3.0025,12,2025,False
2025-12-12,10.4,6.6125,92.875,1.4833333333333334,2.6,0.0,273.0,342.0,7.0,1.9333333333333333,0.29166666666666663,44.9,34.387499999999996,2.4966666666666666,31.6,20.645833333333332,2.1703703703703705,23.1,14.166666666666666,2.54,1.3,0.8375,0.13,PM2.5,2.54,12,2025,False
2025-12-13,6.3,5.5375000000000005,97.29166666666667,2.025,4.0,0.2,0.0,84.0,3.3,1.2249999999999999,0.13749999999999998,38.4,32.725,2.28,31.4,15.870833333333332,2.162962962962963,28.8,14.004166666666665,2.92,1.3,0.8208333333333334,0.13,PM2.5,2.92,12,2025,False
2025-12-14,6.9,6.166666666666667,95.41666666666667,1.3125,2.2,0.0,0.0,65.0,26.9,8.775,1.0604166666666666,37.0,28.849999999999998,2.2333333333333334,25.4,14.941666666666665,1.911111111111111,19.7,11.9,2.3133333333333335,2.0,0.8708333333333335,0.2,PM2.5,2.3133333333333335,12,2025,False
2025-12-15,6.5,4.6875,90.54166666666667,2.4,4.4,0.0,165.0,225.0,23.5,10.383333333333333,0.9791666666666666,42.7,27.983333333333334,2.4233333333333333,29.5,21.678260869565218,2.0925925925925926,22.2,15.756521739130434,2.48,0.8,0.8000000000000002,0.08000000000000002,PM2.5,2.48,12,2025,False
2025-12-16,4.6,2.2916666666666665,85.125,2.2666666666666666,3.7,0.0,231.0,355.0,8.5,2.341666666666667,0.35416666666666663,35.9,29.645833333333332,2.1966666666666668,59.5,17.8625,3.1527777777777777,50.8,13.816666666666668,4.032,0.8,0.8000000000000002,0.08000000000000002,PM2.5,4.032,12,2025,False
2025-12-17,3.4,0.6541666666666667,96.41666666666667,1.2291666666666667,2.7,0.0,0.0,108.0,1.9,0.975,0.07916666666666666,39.4,28.870833333333334,2.3133333333333335,42.5,25.183333333333334,2.574074074074074,29.0,18.645833333333332,2.9333333333333336,3.0,0.9166666666666666,0.30000000000000004,PM2.5,2.9333333333333336,12,2025,False
2025-12-18,10.7,5.145833333333333,92.70833333333333,1.3416666666666668,3.1,0.0,177.0,321.0,3.8,1.2125000000000001,0.15833333333333333,50.4,39.1875,2.6799999999999997,136.5,38.00833333333333,5.0,38.9,24.291666666666668,3.445,3.2,1.8583333333333334,0.32000000000000006,PM10,5.0,12,2025,False
2025-12-19,8.6,5.533333333333334,92.79166666666667,1.2916666666666667,2.1,0.8999999999999999,0.0,83.0,1.9,0.8250000000000001,0.07916666666666666,50.7,43.145833333333336,2.69,106.6,26.079166666666666,4.368888888888889,27.6,15.525,2.84,1.9,0.9833333333333334,0.19,PM10,4.368888888888889,12,2025,False
2025-12-20,8.9,8.170833333333333,92.45833333333333,2.125,3.4,1.1,0.0,121.0,3.4,1.0833333333333333,0.14166666666666666,43.4,34.354166666666664,2.4466666666666668,35.3,21.825,2.3074074074074074,23.6,16.420833333333334,2.5733333333333333,0.8,0.8000000000000002,0.08000000000000002,PM2.5,2.5733333333333333,12,2025,False
2025-12-21,9.7,6.7250000000000005,80.83333333333333,2.845833333333333,4.1,0.0,372.0,411.0,28.2,6.020833333333333,1.0875,41.3,27.4375,2.3766666666666665,19.4,14.354166666666666,1.5777777777777775,15.8,10.783333333333333,2.0533333333333332,0.8,0.8000000000000002,0.08000000000000002,NO2,2.3766666666666665,12,2025,False
2025-12-22,5.5,3.7291666666666665,79.25,2.279166666666667,3.3,0.0,0.0,98.0,25.9,13.225,1.0395833333333333,37.3,26.183333333333334,2.243333333333333,22.1,14.1875,1.7277777777777779,13.2,11.129166666666668,1.8199999999999998,0.8,0.8000000000000002,0.08000000000000002,NO2,2.243333333333333,12,2025,False
2025-12-23,5.9,4.945833333333334,71.75,3.983333333333333,7.1,0.0,0.0,78.0,37.3,28.495833333333334,1.2770833333333331,19.2,14.5375,1.46,16.7,11.079166666666666,1.4277777777777776,11.2,8.883333333333333,1.62,0.8,0.8000000000000002,0.08000000000000002,PM2.5,1.62,12,2025,False
2025-12-24,3.8,1.6166666666666665,61.0,7.616666666666667,9.1,0.0,14.0,161.0,59.2,47.90416666666667,1.7333333333333334,14.3,9.520833333333334,1.215,14.2,9.983333333333333,1.2888888888888888,13.2,8.183333333333334,1.8199999999999998,0.8,0.8000000000000002,0.08000000000000002,PM2.5,1.8199999999999998,12,2025,False
2025-12-25,1.3,-1.5916666666666668,69.625,5.8,7.0,0.0,413.0,423.0,41.5,34.96666666666667,1.3645833333333333,21.7,11.012500000000001,1.585,20.1,16.183333333333334,1.6166666666666667,19.0,14.829166666666666,2.2666666666666666,0.8,0.8000000000000002,0.08000000000000002,PM2.5,2.2666666666666666,12,2025,False
2025-12-26,3.9,-0.3875,74.95833333333333,3.5749999999999997,5.2,0.0,435.0,454.0,27.0,18.275,1.0625,42.8,20.570833333333333,2.4266666666666667,26.5,19.758333333333333,1.9722222222222223,22.3,17.900000000000002,2.486666666666667,0.8,0.8000000000000002,0.08000000000000002,PM2.5,2.486666666666667,12,2025,False
2025-12-27,6.2,0.5916666666666667,66.5,2.15,6.0,0.0,434.0,448.0,25.4,14.229166666666666,1.0291666666666666,71.2,38.641666666666666,3.2800000000000002,36.8,19.408333333333335,2.3629629629629627,25.4,13.404166666666667,2.6933333333333334,2.2,1.0583333333333333,0.22000000000000003,NO2,3.2800000000000002,12,2025,False
2025-12-28,4.6,2.1958333333333333,77.70833333333333,2.7291666666666665,5.3,0.0,435.0,468.0,54.3,30.78333333333333,1.6312499999999999,47.6,26.05,2.586666666666667,30.4,12.966666666666667,2.1259259259259258,18.1,9.475,2.2066666666666666,0.8,0.8000000000000002,0.08000000000000002,NO2,2.586666666666667,12,2025,False
2025-12-29,2.4,-1.4041666666666668,84.20833333333333,2.1041666666666665,4.1,0.0,78.0,299.0,42.5,17.270833333333332,1.3854166666666665,73.5,40.43333333333333,3.3375,25.8,16.1875,1.9333333333333333,22.9,12.4125,2.5266666666666664,2.0,0.8500000000000001,0.2,NO2,3.3375,12,2025,False
2025-12-30,4.6,1.0583333333333333,74.29166666666667,2.3208333333333333,5.4,0.0,370.0,456.0,67.6,34.170833333333334,1.9083333333333332,60.2,29.400000000000002,3.005,24.9,14.991666666666667,1.8833333333333333,13.2,9.233333333333333,1.8199999999999998,0.8,0.8000000000000002,0.08000000000000002,NO2,3.005,12,2025,False
2025-12-31,3.0,-1.6833333333333333,85.16666666666667,3.233333333333333,5.0,0.0,0.0,160.0,34.3,16.5625,1.2145833333333333,43.5,36.77916666666667,2.45,45.9,18.808333333333334,2.7,40.7,15.033333333333333,3.535,2.9,1.0125,0.29,PM2.5,3.535,12,2025,False
2026-01-01,1.9,1.9,81.0,3.6,3.6,0.0,0.0,0.0,38.1,38.1,1.29375,18.5,18.5,1.425,16.1,16.1,1.3944444444444444,14.1,14.1,1.9100000000000001,0.8,0.8,0.08000000000000002,PM2.5,1.9100000000000001,1,2026,False
