"Station code";Date;"Particulate matter (PM₁₀) One hour average in µg/m³";"Ozone (O₃) One hour average in µg/m³";"Nitrogen dioxide (NO₂) One hour average in µg/m³";"Particulate matter (PM₂,₅) One hour average in µg/m³";"Sulphur dioxide (SO₂) One hour average in µg/m³";"Air quality index"
DEBB021;"'2018-01-01 01:00'";62;47;14;55;8;"very poor"
DEBB021;"'2018-01-01 02:00'";11;56;4;10;1;good
DEBB021;"'2018-01-01 03:00'";9;56;3;8;1;good
DEBB021;"'2018-01-01 04:00'";7;71;2;7;1;good
DEBB021;"'2018-01-01 05:00'";3;80;2;3;1;moderate
DEBB021;"'2018-01-01 06:00'";2;79;2;1;1;moderate
DEBB021;"'2018-01-01 07:00'";2;75;2;2;1;moderate
DEBB021;"'2018-01-01 08:00'";2;78;2;2;1;moderate
DEBB021;"'2018-01-01 09:00'";3;76;2;2;1;moderate
DEBB021;"'2018-01-01 10:00'";2;74;2;1;1;moderate
DEBB021;"'2018-01-01 11:00'";1;74;2;0.9;1;moderate
DEBB021;"'2018-01-01 12:00'";2;73;2;1;1;moderate
DEBB021;"'2018-01-01 13:00'";3;73;2;2;1;moderate
DEBB021;"'2018-01-01 14:00'";3;73;2;2;1;moderate
DEBB021;"'2018-01-01 15:00'";3;72;6;2;1;good
DEBB021;"'2018-01-01 16:00'";3;70;6;2;1;good
DEBB021;"'2018-01-01 17:00'";2;65;9;2;1;good
DEBB021;"'2018-01-01 18:00'";2;63;9;2;1;good
DEBB021;"'2018-01-01 19:00'";3;61;9;3;1;good
DEBB021;"'2018-01-01 20:00'";4;56;11;3;1;good
DEBB021;"'2018-01-01 21:00'";4;55;10;4;1;good
DEBB021;"'2018-01-01 22:00'";5;55;8;4;1;good
DEBB021;"'2018-01-01 23:00'";4;51;9;4;1;good
DEBB021;"'2018-01-01 24:00'";4;53;6;4;1;good
DEBB021;"'2018-01-02 01:00'";4;52;5;4;1;good
DEBB021;"'2018-01-02 02:00'";5;49;7;4;1;good
DEBB021;"'2018-01-02 03:00'";4;48;6;4;1;good
DEBB021;"'2018-01-02 04:00'";3;49;7;3;1;good
DEBB021;"'2018-01-02 05:00'";3;47;8;3;1;good
DEBB021;"'2018-01-02 06:00'";4;42;10;4;1;good
DEBB021;"'2018-01-02 07:00'";5;38;13;5;1;good
DEBB021;"'2018-01-02 08:00'";5;45;12;5;1;good
DEBB021;"'2018-01-02 09:00'";5;41;14;5;1;good
DEBB021;"'2018-01-02 10:00'";4;46;12;4;1;good
DEBB021;"'2018-01-02 11:00'";7;47;11;7;1;good
DEBB021;"'2018-01-02 12:00'";9;44;10;9;1;good
DEBB021;"'2018-01-02 13:00'";11;43;11;10;1;good
DEBB021;"'2018-01-02 14:00'";10;47;10;10;1;good
DEBB021;"'2018-01-02 15:00'";9;50;10;8;1;good
DEBB021;"'2018-01-02 16:00'";8;49;12;7;1;good
DEBB021;"'2018-01-02 17:00'";9;46;20;8;1;good
DEBB021;"'2018-01-02 18:00'";9;40;24;8;1;good
DEBB021;"'2018-01-02 19:00'";7;44;19;7;1;good
DEBB021;"'2018-01-02 20:00'";8;41;16;8;1;good
DEBB021;"'2018-01-02 21:00'";8;45;12;7;1;good
DEBB021;"'2018-01-02 22:00'";7;43;11;7;1;good
DEBB021;"'2018-01-02 23:00'";8;37;14;7;1;good
DEBB021;"'2018-01-02 24:00'";9;38;10;9;1;good
DEBB021;"'2018-01-03 01:00'";9;41;8;9;1;good
DEBB021;"'2018-01-03 02:00'";8;41;8;7;1;good
DEBB021;"'2018-01-03 03:00'";7;43;6;7;1;good
DEBB021;"'2018-01-03 04:00'";7;47;5;6;1;good
DEBB021;"'2018-01-03 05:00'";6;50;5;5;1;good
DEBB021;"'2018-01-03 06:00'";5;53;5;4;1;good
DEBB021;"'2018-01-03 07:00'";4;52;8;4;1;good
DEBB021;"'2018-01-03 08:00'";4;51;8;3;1;good
DEBB021;"'2018-01-03 09:00'";3;50;9;3;1;good
DEBB021;"'2018-01-03 10:00'";3;47;10;3;1;good
DEBB021;"'2018-01-03 11:00'";2;43;13;1;1;good
DEBB021;"'2018-01-03 12:00'";2;41;15;2;1;good
DEBB021;"'2018-01-03 13:00'";2;43;15;2;1;good
DEBB021;"'2018-01-03 14:00'";-;70;9;-;1;good
DEBB021;"'2018-01-03 15:00'";4;71;9;3;1;good
DEBB021;"'2018-01-03 16:00'";4;66;13;3;1;good
DEBB021;"'2018-01-03 17:00'";4;66;9;3;1;good
DEBB021;"'2018-01-03 18:00'";2;64;8;2;1;good
DEBB021;"'2018-01-03 19:00'";0.9;62;10;0.9;1;good
DEBB021;"'2018-01-03 20:00'";0.9;65;8;0.9;1;good
DEBB021;"'2018-01-03 21:00'";2;69;7;2;1;good
DEBB021;"'2018-01-03 22:00'";1;67;6;0.9;1;good
DEBB021;"'2018-01-03 23:00'";2;67;5;1;1;good
DEBB021;"'2018-01-03 24:00'";2;70;2;2;1;good
DEBB021;"'2018-01-04 01:00'";2;71;2;2;1;good
DEBB021;"'2018-01-04 02:00'";3;72;2;2;1;good
DEBB021;"'2018-01-04 03:00'";3;72;2;3;1;good
DEBB021;"'2018-01-04 04:00'";4;70;2;3;1;good
DEBB021;"'2018-01-04 05:00'";3;69;2;3;1;good
DEBB021;"'2018-01-04 06:00'";3;65;5;2;1;good
DEBB021;"'2018-01-04 07:00'";4;57;9;3;1;good
DEBB021;"'2018-01-04 08:00'";3;54;11;3;1;good
DEBB021;"'2018-01-04 09:00'";4;51;13;3;1;good
DEBB021;"'2018-01-04 10:00'";5;53;13;4;1;good
DEBB021;"'2018-01-04 11:00'";6;56;13;5;1;good
DEBB021;"'2018-01-04 12:00'";7;58;12;6;1;good
DEBB021;"'2018-01-04 13:00'";9;59;11;8;1;good
DEBB021;"'2018-01-04 14:00'";10;56;12;9;1;good
DEBB021;"'2018-01-04 15:00'";8;52;12;7;1;good
DEBB021;"'2018-01-04 16:00'";7;53;11;6;1;good
DEBB021;"'2018-01-04 17:00'";8;40;23;7;1;good
DEBB021;"'2018-01-04 18:00'";9;38;21;7;1;good
DEBB021;"'2018-01-04 19:00'";10;41;19;8;1;good
DEBB021;"'2018-01-04 20:00'";9;44;14;8;1;good
DEBB021;"'2018-01-04 21:00'";7;48;10;6;1;good
DEBB021;"'2018-01-04 22:00'";6;47;9;5;1;good
DEBB021;"'2018-01-04 23:00'";5;48;8;5;1;good
DEBB021;"'2018-01-04 24:00'";5;48;6;5;1;good
DEBB021;"'2018-01-05 01:00'";5;45;6;4;1;good
DEBB021;"'2018-01-05 02:00'";5;45;6;5;1;good
DEBB021;"'2018-01-05 03:00'";5;53;6;4;1;good
DEBB021;"'2018-01-05 04:00'";3;62;4;3;1;good
DEBB021;"'2018-01-05 05:00'";3;69;3;2;1;good
DEBB021;"'2018-01-05 06:00'";3;70;5;3;1;good
DEBB021;"'2018-01-05 07:00'";5;63;9;4;1;good
DEBB021;"'2018-01-05 08:00'";6;58;12;5;1;good
DEBB021;"'2018-01-05 09:00'";6;60;9;5;1;good
DEBB021;"'2018-01-05 10:00'";6;61;12;4;1;good
DEBB021;"'2018-01-05 11:00'";7;64;9;5;1;good
DEBB021;"'2018-01-05 12:00'";5;65;9;4;1;good
DEBB021;"'2018-01-05 13:00'";4;65;9;4;1;good
DEBB021;"'2018-01-05 14:00'";3;63;8;3;1;good
DEBB021;"'2018-01-05 15:00'";3;61;10;3;1;good
DEBB021;"'2018-01-05 16:00'";4;58;14;4;1;good
DEBB021;"'2018-01-05 17:00'";6;56;18;5;1;good
DEBB021;"'2018-01-05 18:00'";5;52;22;5;1;good
DEBB021;"'2018-01-05 19:00'";6;46;27;6;1;good
DEBB021;"'2018-01-05 20:00'";9;38;33;8;1;moderate
DEBB021;"'2018-01-05 21:00'";7;36;29;6;1;good
DEBB021;"'2018-01-05 22:00'";10;22;37;9;1;moderate
DEBB021;"'2018-01-05 23:00'";11;26;35;10;1;moderate
DEBB021;"'2018-01-05 24:00'";11;34;25;10;1;good
DEBB021;"'2018-01-06 01:00'";12;20;30;11;1;good
DEBB021;"'2018-01-06 02:00'";9;40;12;8;1;good
DEBB021;"'2018-01-06 03:00'";7;46;10;6;1;good
DEBB021;"'2018-01-06 04:00'";6;49;8;5;1;good
DEBB021;"'2018-01-06 05:00'";5;48;8;5;1;good
DEBB021;"'2018-01-06 06:00'";6;43;10;5;1;good
DEBB021;"'2018-01-06 07:00'";6;41;12;5;1;good
DEBB021;"'2018-01-06 08:00'";6;37;18;5;1;good
DEBB021;"'2018-01-06 09:00'";7;33;23;6;1;good
DEBB021;"'2018-01-06 10:00'";7;32;25;6;1;good
DEBB021;"'2018-01-06 11:00'";7;33;28;6;1;good
DEBB021;"'2018-01-06 12:00'";8;45;20;7;1;good
DEBB021;"'2018-01-06 13:00'";9;44;23;7;1;good
DEBB021;"'2018-01-06 14:00'";8;43;20;6;1;good
DEBB021;"'2018-01-06 15:00'";10;36;23;8;1;good
DEBB021;"'2018-01-06 16:00'";12;32;26;10;1;good
DEBB021;"'2018-01-06 17:00'";17;29;34;15;1;moderate
DEBB021;"'2018-01-06 18:00'";19;13;44;16;1;moderate
DEBB021;"'2018-01-06 19:00'";25;5;49;21;1;moderate
DEBB021;"'2018-01-06 20:00'";27;4;44;23;1;moderate
DEBB021;"'2018-01-06 21:00'";32;2;47;28;1;moderate
DEBB021;"'2018-01-06 22:00'";30;2;38;26;1;moderate
DEBB021;"'2018-01-06 23:00'";25;20;26;23;1;moderate
DEBB021;"'2018-01-06 24:00'";12;35;7;12;1;good
DEBB021;"'2018-01-07 01:00'";7;32;6;7;1;good
DEBB021;"'2018-01-07 02:00'";5;30;5;4;1;good
DEBB021;"'2018-01-07 03:00'";4;27;6;4;1;good
DEBB021;"'2018-01-07 04:00'";5;25;6;4;1;good
DEBB021;"'2018-01-07 05:00'";5;25;6;5;1;good
DEBB021;"'2018-01-07 06:00'";3;29;3;3;1;good
DEBB021;"'2018-01-07 07:00'";3;27;5;3;1;good
DEBB021;"'2018-01-07 08:00'";3;27;6;2;1;good
DEBB021;"'2018-01-07 09:00'";3;33;5;3;1;good
DEBB021;"'2018-01-07 10:00'";4;39;4;4;1;good
DEBB021;"'2018-01-07 11:00'";4;40;6;4;1;good
DEBB021;"'2018-01-07 12:00'";4;43;9;4;1;good
DEBB021;"'2018-01-07 13:00'";3;48;7;3;1;good
DEBB021;"'2018-01-07 14:00'";3;48;9;3;1;good
DEBB021;"'2018-01-07 15:00'";3;48;9;3;1;good
DEBB021;"'2018-01-07 16:00'";3;50;10;3;1;good
DEBB021;"'2018-01-07 17:00'";4;46;13;4;1;good
DEBB021;"'2018-01-07 18:00'";5;44;15;5;1;good
DEBB021;"'2018-01-07 19:00'";5;43;16;5;1;good
DEBB021;"'2018-01-07 20:00'";6;44;15;5;1;good
DEBB021;"'2018-01-07 21:00'";6;45;13;6;1;good
DEBB021;"'2018-01-07 22:00'";7;43;13;7;1;good
DEBB021;"'2018-01-07 23:00'";8;42;15;8;2;good
DEBB021;"'2018-01-07 24:00'";9;44;13;8;1;good
DEBB021;"'2018-01-08 01:00'";9;45;12;9;1;good
DEBB021;"'2018-01-08 02:00'";9;46;10;9;1;good
DEBB021;"'2018-01-08 03:00'";10;45;11;10;1;good
DEBB021;"'2018-01-08 04:00'";10;43;11;10;1;good
DEBB021;"'2018-01-08 05:00'";12;41;12;11;1;good
DEBB021;"'2018-01-08 06:00'";12;35;16;12;1;good
DEBB021;"'2018-01-08 07:00'";12;29;24;12;2;good
DEBB021;"'2018-01-08 08:00'";12;20;36;12;2;moderate
DEBB021;"'2018-01-08 09:00'";13;14;43;12;1;moderate
DEBB021;"'2018-01-08 10:00'";13;22;36;12;1;moderate
DEBB021;"'2018-01-08 11:00'";12;33;28;11;1;good
DEBB021;"'2018-01-08 12:00'";10;42;23;8;1;good
DEBB021;"'2018-01-08 13:00'";7;51;17;6;1;good
DEBB021;"'2018-01-08 14:00'";7;56;13;6;1;good
DEBB021;"'2018-01-08 15:00'";7;52;15;7;1;good
DEBB021;"'2018-01-08 16:00'";8;42;26;7;1;good
DEBB021;"'2018-01-08 17:00'";11;33;35;9;1;moderate
DEBB021;"'2018-01-08 18:00'";12;33;32;11;2;moderate
DEBB021;"'2018-01-08 19:00'";14;37;26;13;2;good
DEBB021;"'2018-01-08 20:00'";16;42;19;15;1;good
DEBB021;"'2018-01-08 21:00'";17;43;17;16;1;moderate
DEBB021;"'2018-01-08 22:00'";19;42;15;18;2;moderate
DEBB021;"'2018-01-08 23:00'";18;42;14;18;3;moderate
DEBB021;"'2018-01-08 24:00'";19;43;13;18;3;moderate
DEBB021;"'2018-01-09 01:00'";20;43;12;19;3;moderate
DEBB021;"'2018-01-09 02:00'";21;43;11;20;4;moderate
DEBB021;"'2018-01-09 03:00'";22;42;11;21;4;moderate
DEBB021;"'2018-01-09 04:00'";22;43;10;21;4;moderate
DEBB021;"'2018-01-09 05:00'";21;43;10;20;4;moderate
DEBB021;"'2018-01-09 06:00'";21;45;10;19;4;moderate
DEBB021;"'2018-01-09 07:00'";21;42;15;18;3;moderate
DEBB021;"'2018-01-09 08:00'";23;31;26;18;3;moderate
DEBB021;"'2018-01-09 09:00'";23;33;20;20;3;moderate
DEBB021;"'2018-01-09 10:00'";22;36;17;18;3;moderate
DEBB021;"'2018-01-09 11:00'";20;35;17;17;4;moderate
DEBB021;"'2018-01-09 12:00'";20;35;17;16;4;moderate
DEBB021;"'2018-01-09 13:00'";19;39;13;15;5;good
DEBB021;"'2018-01-09 14:00'";19;39;15;15;4;good
DEBB021;"'2018-01-09 15:00'";19;39;18;14;4;good
DEBB021;"'2018-01-09 16:00'";21;32;26;15;5;good
DEBB021;"'2018-01-09 17:00'";20;30;28;15;5;good
DEBB021;"'2018-01-09 18:00'";19;29;28;16;5;moderate
DEBB021;"'2018-01-09 19:00'";18;28;27;16;5;moderate
DEBB021;"'2018-01-09 20:00'";20;32;21;18;5;moderate
DEBB021;"'2018-01-09 21:00'";22;26;25;20;6;moderate
DEBB021;"'2018-01-09 22:00'";23;25;24;21;5;moderate
DEBB021;"'2018-01-09 23:00'";25;22;24;23;6;moderate
DEBB021;"'2018-01-09 24:00'";27;19;25;25;6;moderate
DEBB021;"'2018-01-10 01:00'";29;17;24;27;6;moderate
DEBB021;"'2018-01-10 02:00'";30;14;24;29;6;moderate
DEBB021;"'2018-01-10 03:00'";32;11;25;31;4;poor
DEBB021;"'2018-01-10 04:00'";33;7;26;32;1;poor
DEBB021;"'2018-01-10 05:00'";38;5;27;35;1;poor
DEBB021;"'2018-01-10 06:00'";44;2;27;33;1;poor
DEBB021;"'2018-01-10 07:00'";39;2;27;30;1;moderate
DEBB021;"'2018-01-10 08:00'";35;2;31;27;1;moderate
DEBB021;"'2018-01-10 09:00'";34;2;27;26;1;moderate
DEBB021;"'2018-01-10 10:00'";35;2;24;27;1;moderate
DEBB021;"'2018-01-10 11:00'";35;2;25;26;1;moderate
DEBB021;"'2018-01-10 12:00'";33;5;26;27;1;moderate
DEBB021;"'2018-01-10 13:00'";31;4;24;29;1;moderate
DEBB021;"'2018-01-10 14:00'";31;5;26;29;1;moderate
DEBB021;"'2018-01-10 15:00'";31;3;29;29;1;moderate
DEBB021;"'2018-01-10 16:00'";33;2;31;31;1;poor
DEBB021;"'2018-01-10 17:00'";35;2;34;30;1;moderate
DEBB021;"'2018-01-10 18:00'";36;2;37;29;1;moderate
DEBB021;"'2018-01-10 19:00'";34;2;34;27;1;moderate
DEBB021;"'2018-01-10 20:00'";36;2;33;26;1;moderate
DEBB021;"'2018-01-10 21:00'";34;2;32;26;1;moderate
DEBB021;"'2018-01-10 22:00'";34;2;28;26;1;moderate
DEBB021;"'2018-01-10 23:00'";29;2;28;25;1;moderate
DEBB021;"'2018-01-10 24:00'";29;2;31;26;1;moderate
DEBB021;"'2018-01-11 01:00'";25;2;30;23;1;moderate
DEBB021;"'2018-01-11 02:00'";21;2;29;21;1;moderate
DEBB021;"'2018-01-11 03:00'";21;2;29;21;1;moderate
DEBB021;"'2018-01-11 04:00'";20;2;30;20;1;moderate
DEBB021;"'2018-01-11 05:00'";23;2;32;23;4;moderate
DEBB021;"'2018-01-11 06:00'";24;2;33;24;5;moderate
DEBB021;"'2018-01-11 07:00'";24;2;32;23;1;moderate
DEBB021;"'2018-01-11 08:00'";23;2;28;23;1;moderate
DEBB021;"'2018-01-11 09:00'";25;2;28;24;1;moderate
DEBB021;"'2018-01-11 10:00'";25;2;25;25;1;moderate
DEBB021;"'2018-01-11 11:00'";27;2;22;26;1;moderate
DEBB021;"'2018-01-11 12:00'";25;2;23;25;1;moderate
DEBB021;"'2018-01-11 13:00'";24;2;21;24;1;moderate
DEBB021;"'2018-01-11 14:00'";24;2;21;23;1;moderate
DEBB021;"'2018-01-11 15:00'";22;2;20;22;1;moderate
DEBB021;"'2018-01-11 16:00'";24;2;22;24;1;moderate
DEBB021;"'2018-01-11 17:00'";24;2;23;23;1;moderate
DEBB021;"'2018-01-11 18:00'";26;2;23;24;1;moderate
DEBB021;"'2018-01-11 19:00'";26;2;23;25;1;moderate
DEBB021;"'2018-01-11 20:00'";28;2;27;27;1;moderate
DEBB021;"'2018-01-11 21:00'";36;2;31;31;1;poor
DEBB021;"'2018-01-11 22:00'";44;2;32;34;1;poor
DEBB021;"'2018-01-11 23:00'";35;2;25;30;1;moderate
DEBB021;"'2018-01-11 24:00'";28;2;22;27;1;moderate
DEBB021;"'2018-01-12 01:00'";35;2;21;34;1;poor
DEBB021;"'2018-01-12 02:00'";36;2;20;36;1;poor
DEBB021;"'2018-01-12 03:00'";37;2;19;37;1;poor
DEBB021;"'2018-01-12 04:00'";44;2;20;43;1;poor
DEBB021;"'2018-01-12 05:00'";40;2;19;40;1;poor
DEBB021;"'2018-01-12 06:00'";39;2;20;39;1;poor
DEBB021;"'2018-01-12 07:00'";39;2;23;39;1;poor
DEBB021;"'2018-01-12 08:00'";38;2;23;37;1;poor
DEBB021;"'2018-01-12 09:00'";34;2;24;33;1;poor
DEBB021;"'2018-01-12 10:00'";26;2;22;25;1;moderate
DEBB021;"'2018-01-12 11:00'";23;6;18;23;1;moderate
DEBB021;"'2018-01-12 12:00'";24;7;17;23;1;moderate
DEBB021;"'2018-01-12 13:00'";24;7;18;24;1;moderate
DEBB021;"'2018-01-12 14:00'";25;3;22;24;1;moderate
DEBB021;"'2018-01-12 15:00'";24;2;23;24;1;moderate
DEBB021;"'2018-01-12 16:00'";24;2;20;24;1;moderate
DEBB021;"'2018-01-12 17:00'";27;2;21;26;1;moderate
DEBB021;"'2018-01-12 18:00'";30;2;21;29;1;moderate
DEBB021;"'2018-01-12 19:00'";32;2;20;31;1;poor
DEBB021;"'2018-01-12 20:00'";29;2;18;29;1;moderate
DEBB021;"'2018-01-12 21:00'";28;2;17;28;1;moderate
DEBB021;"'2018-01-12 22:00'";32;2;15;32;1;poor
DEBB021;"'2018-01-12 23:00'";34;3;14;34;1;poor
DEBB021;"'2018-01-12 24:00'";37;5;13;36;1;poor
DEBB021;"'2018-01-13 01:00'";37;8;12;37;1;poor
DEBB021;"'2018-01-13 02:00'";36;11;12;36;1;poor
DEBB021;"'2018-01-13 03:00'";36;13;12;35;1;poor
DEBB021;"'2018-01-13 04:00'";35;14;11;35;1;poor
DEBB021;"'2018-01-13 05:00'";36;14;11;36;1;poor
DEBB021;"'2018-01-13 06:00'";38;15;11;37;1;poor
DEBB021;"'2018-01-13 07:00'";37;19;10;36;1;poor
DEBB021;"'2018-01-13 08:00'";34;24;10;33;1;poor
DEBB021;"'2018-01-13 09:00'";30;33;8;30;1;moderate
DEBB021;"'2018-01-13 10:00'";26;40;8;25;1;moderate
DEBB021;"'2018-01-13 11:00'";24;42;8;24;1;moderate
DEBB021;"'2018-01-13 12:00'";21;47;8;21;1;moderate
DEBB021;"'2018-01-13 13:00'";20;47;8;19;1;moderate
DEBB021;"'2018-01-13 14:00'";20;46;9;19;1;moderate
DEBB021;"'2018-01-13 15:00'";21;45;11;20;1;moderate
DEBB021;"'2018-01-13 16:00'";18;47;10;18;1;moderate
DEBB021;"'2018-01-13 17:00'";15;47;9;14;1;good
DEBB021;"'2018-01-13 18:00'";15;45;11;14;1;good
DEBB021;"'2018-01-13 19:00'";15;44;10;15;1;good
DEBB021;"'2018-01-13 20:00'";17;45;9;17;1;moderate
DEBB021;"'2018-01-13 21:00'";16;49;5;16;1;moderate
DEBB021;"'2018-01-13 22:00'";17;48;5;16;1;moderate
DEBB021;"'2018-01-13 23:00'";17;48;5;17;1;moderate
DEBB021;"'2018-01-13 24:00'";18;46;5;17;1;moderate
DEBB021;"'2018-01-14 01:00'";19;45;5;19;2;moderate
DEBB021;"'2018-01-14 02:00'";20;43;5;20;3;moderate
DEBB021;"'2018-01-14 03:00'";21;42;5;21;1;moderate
DEBB021;"'2018-01-14 04:00'";20;41;5;19;1;moderate
DEBB021;"'2018-01-14 05:00'";19;41;5;18;2;moderate
DEBB021;"'2018-01-14 06:00'";18;40;5;18;1;moderate
DEBB021;"'2018-01-14 07:00'";18;37;7;18;1;moderate
DEBB021;"'2018-01-14 08:00'";19;34;7;19;1;moderate
DEBB021;"'2018-01-14 09:00'";20;30;8;20;1;moderate
DEBB021;"'2018-01-14 10:00'";21;30;8;21;1;moderate
DEBB021;"'2018-01-14 11:00'";20;34;8;20;1;moderate
DEBB021;"'2018-01-14 12:00'";19;39;6;18;1;moderate
DEBB021;"'2018-01-14 13:00'";17;43;5;17;1;moderate
DEBB021;"'2018-01-14 14:00'";18;42;5;18;1;moderate
DEBB021;"'2018-01-14 15:00'";19;42;6;18;1;moderate
DEBB021;"'2018-01-14 16:00'";19;40;8;18;1;moderate
DEBB021;"'2018-01-14 17:00'";20;36;10;20;1;moderate
DEBB021;"'2018-01-14 18:00'";22;31;14;21;1;moderate
DEBB021;"'2018-01-14 19:00'";23;28;16;22;1;moderate
DEBB021;"'2018-01-14 20:00'";23;31;12;22;1;moderate
DEBB021;"'2018-01-14 21:00'";23;31;11;22;1;moderate
DEBB021;"'2018-01-14 22:00'";23;31;10;23;2;moderate
DEBB021;"'2018-01-14 23:00'";24;30;10;24;4;moderate
DEBB021;"'2018-01-14 24:00'";25;29;11;25;4;moderate
DEBB021;"'2018-01-15 01:00'";26;30;9;26;3;moderate
DEBB021;"'2018-01-15 02:00'";27;28;10;27;3;moderate
DEBB021;"'2018-01-15 03:00'";28;27;11;28;3;moderate
DEBB021;"'2018-01-15 04:00'";28;25;11;28;3;moderate
DEBB021;"'2018-01-15 05:00'";29;21;13;29;3;moderate
DEBB021;"'2018-01-15 06:00'";29;17;18;29;1;moderate
DEBB021;"'2018-01-15 07:00'";29;10;25;28;1;moderate
DEBB021;"'2018-01-15 08:00'";29;9;31;28;1;moderate
DEBB021;"'2018-01-15 09:00'";29;12;26;28;1;moderate
DEBB021;"'2018-01-15 10:00'";27;19;18;26;1;moderate
DEBB021;"'2018-01-15 11:00'";21;26;14;21;1;moderate
DEBB021;"'2018-01-15 12:00'";17;32;11;15;1;good
DEBB021;"'2018-01-15 13:00'";18;34;10;15;1;good
DEBB021;"'2018-01-15 14:00'";17;34;11;14;1;good
DEBB021;"'2018-01-15 15:00'";17;33;13;15;1;good
DEBB021;"'2018-01-15 16:00'";16;32;14;14;1;good
DEBB021;"'2018-01-15 17:00'";16;27;17;15;1;good
DEBB021;"'2018-01-15 18:00'";16;28;16;15;1;good
DEBB021;"'2018-01-15 19:00'";16;31;13;15;3;good
DEBB021;"'2018-01-15 20:00'";17;32;12;16;2;moderate
DEBB021;"'2018-01-15 21:00'";18;32;12;17;3;moderate
DEBB021;"'2018-01-15 22:00'";18;32;11;17;1;moderate
DEBB021;"'2018-01-15 23:00'";18;35;9;17;1;moderate
DEBB021;"'2018-01-15 24:00'";19;35;8;17;1;moderate
DEBB021;"'2018-01-16 01:00'";17;40;7;16;1;moderate
DEBB021;"'2018-01-16 02:00'";18;42;7;16;1;moderate
DEBB021;"'2018-01-16 03:00'";15;41;6;15;1;good
DEBB021;"'2018-01-16 04:00'";11;39;6;11;1;good
DEBB021;"'2018-01-16 05:00'";8;39;6;8;1;good
DEBB021;"'2018-01-16 06:00'";7;38;8;7;1;good
DEBB021;"'2018-01-16 07:00'";6;34;12;6;1;good
DEBB021;"'2018-01-16 08:00'";5;27;19;5;1;good
DEBB021;"'2018-01-16 09:00'";6;24;23;5;1;good
DEBB021;"'2018-01-16 10:00'";5;28;20;4;1;good
DEBB021;"'2018-01-16 11:00'";4;30;20;4;1;good
DEBB021;"'2018-01-16 12:00'";4;34;20;4;1;good
DEBB021;"'2018-01-16 13:00'";3;48;16;3;1;good
DEBB021;"'2018-01-16 14:00'";3;52;13;3;1;good
DEBB021;"'2018-01-16 15:00'";3;54;17;2;1;good
DEBB021;"'2018-01-16 16:00'";3;47;23;2;1;good
DEBB021;"'2018-01-16 17:00'";2;48;19;2;1;good
DEBB021;"'2018-01-16 18:00'";3;57;12;2;1;good
DEBB021;"'2018-01-16 19:00'";5;60;10;5;1;good
DEBB021;"'2018-01-16 20:00'";8;56;14;8;1;good
DEBB021;"'2018-01-16 21:00'";7;61;12;6;1;good
DEBB021;"'2018-01-16 22:00'";6;60;11;6;1;good
DEBB021;"'2018-01-16 23:00'";7;57;12;7;1;good
DEBB021;"'2018-01-16 24:00'";7;60;8;7;1;good
DEBB021;"'2018-01-17 01:00'";7;59;7;7;1;good
DEBB021;"'2018-01-17 02:00'";8;57;7;7;1;good
DEBB021;"'2018-01-17 03:00'";8;56;7;8;1;good
DEBB021;"'2018-01-17 04:00'";7;56;6;7;1;good
DEBB021;"'2018-01-17 05:00'";7;53;6;7;1;good
DEBB021;"'2018-01-17 06:00'";7;49;9;7;1;good
DEBB021;"'2018-01-17 07:00'";7;45;14;7;1;good
DEBB021;"'2018-01-17 08:00'";9;38;20;9;1;good
DEBB021;"'2018-01-17 09:00'";12;33;26;11;1;good
DEBB021;"'2018-01-17 10:00'";12;25;33;12;1;moderate
DEBB021;"'2018-01-17 11:00'";8;38;21;8;1;good
DEBB021;"'2018-01-17 12:00'";8;53;16;8;1;good
DEBB021;"'2018-01-17 13:00'";9;55;14;9;-;good
DEBB021;"'2018-01-17 14:00'";8;-;13;7;1;good
DEBB021;"'2018-01-17 15:00'";6;-;13;6;-;good
DEBB021;"'2018-01-17 16:00'";4;-;10;4;1;"very good"
DEBB021;"'2018-01-17 17:00'";6;60;12;5;1;good
DEBB021;"'2018-01-17 18:00'";7;50;21;6;1;good
DEBB021;"'2018-01-17 19:00'";6;49;22;6;1;good
DEBB021;"'2018-01-17 20:00'";10;52;16;10;1;good
DEBB021;"'2018-01-17 21:00'";12;54;12;12;1;good
DEBB021;"'2018-01-17 22:00'";11;56;11;10;1;good
DEBB021;"'2018-01-17 23:00'";9;59;9;9;1;good
DEBB021;"'2018-01-17 24:00'";5;66;4;5;1;good
DEBB021;"'2018-01-18 01:00'";5;68;2;5;1;good
DEBB021;"'2018-01-18 02:00'";6;65;5;6;1;good
DEBB021;"'2018-01-18 03:00'";4;62;5;4;1;good
DEBB021;"'2018-01-18 04:00'";7;57;7;7;1;good
DEBB021;"'2018-01-18 05:00'";9;51;7;9;1;good
DEBB021;"'2018-01-18 06:00'";7;48;8;7;1;good
DEBB021;"'2018-01-18 07:00'";8;41;14;7;1;good
DEBB021;"'2018-01-18 08:00'";8;40;17;7;1;good
DEBB021;"'2018-01-18 09:00'";9;40;18;7;1;good
DEBB021;"'2018-01-18 10:00'";7;46;13;5;1;good
DEBB021;"'2018-01-18 11:00'";3;50;12;3;1;good
DEBB021;"'2018-01-18 12:00'";2;51;11;2;1;good
DEBB021;"'2018-01-18 13:00'";2;50;12;2;1;good
DEBB021;"'2018-01-18 14:00'";2;46;15;0.9;1;good
DEBB021;"'2018-01-18 15:00'";0.9;54;14;0.9;1;good
DEBB021;"'2018-01-18 16:00'";1;59;10;0.9;1;good
DEBB021;"'2018-01-18 17:00'";0.9;51;10;0.9;1;good
DEBB021;"'2018-01-18 18:00'";0.9;46;11;0.9;1;good
DEBB021;"'2018-01-18 19:00'";1;43;12;1;1;good
DEBB021;"'2018-01-18 20:00'";2;47;9;2;1;good
DEBB021;"'2018-01-18 21:00'";2;55;6;2;1;good
DEBB021;"'2018-01-18 22:00'";2;62;4;2;1;good
DEBB021;"'2018-01-18 23:00'";3;63;3;3;1;good
DEBB021;"'2018-01-18 24:00'";7;56;5;7;1;good
DEBB021;"'2018-01-19 01:00'";7;56;5;7;1;good
DEBB021;"'2018-01-19 02:00'";5;58;3;5;1;good
DEBB021;"'2018-01-19 03:00'";5;61;2;5;1;good
DEBB021;"'2018-01-19 04:00'";5;60;5;5;1;good
DEBB021;"'2018-01-19 05:00'";4;63;4;4;1;good
DEBB021;"'2018-01-19 06:00'";4;61;5;4;1;good
DEBB021;"'2018-01-19 07:00'";5;56;11;5;1;good
DEBB021;"'2018-01-19 08:00'";6;48;16;6;1;good
DEBB021;"'2018-01-19 09:00'";8;38;25;7;1;good
DEBB021;"'2018-01-19 10:00'";11;32;30;10;1;good
DEBB021;"'2018-01-19 11:00'";13;31;27;11;1;good
DEBB021;"'2018-01-19 12:00'";17;37;21;15;1;good
DEBB021;"'2018-01-19 13:00'";18;41;18;16;1;moderate
DEBB021;"'2018-01-19 14:00'";16;43;19;15;1;good
DEBB021;"'2018-01-19 15:00'";17;37;25;14;1;good
DEBB021;"'2018-01-19 16:00'";17;35;32;14;1;moderate
DEBB021;"'2018-01-19 17:00'";12;38;28;10;1;good
DEBB021;"'2018-01-19 18:00'";14;23;40;12;1;moderate
DEBB021;"'2018-01-19 19:00'";12;35;22;11;1;good
DEBB021;"'2018-01-19 20:00'";9;25;32;9;1;moderate
DEBB021;"'2018-01-19 21:00'";16;24;25;15;1;good
DEBB021;"'2018-01-19 22:00'";14;27;17;13;1;good
DEBB021;"'2018-01-19 23:00'";14;25;19;14;1;good
DEBB021;"'2018-01-19 24:00'";14;28;15;14;1;good
DEBB021;"'2018-01-20 01:00'";14;30;14;14;1;good
DEBB021;"'2018-01-20 02:00'";14;31;14;13;1;good
DEBB021;"'2018-01-20 03:00'";14;32;11;14;1;good
DEBB021;"'2018-01-20 04:00'";14;33;10;14;1;good
DEBB021;"'2018-01-20 05:00'";14;33;10;14;1;good
DEBB021;"'2018-01-20 06:00'";13;33;10;13;1;good
DEBB021;"'2018-01-20 07:00'";12;35;11;12;1;good
DEBB021;"'2018-01-20 08:00'";13;29;16;12;1;good
DEBB021;"'2018-01-20 09:00'";13;27;18;12;1;good
DEBB021;"'2018-01-20 10:00'";12;28;18;11;1;good
DEBB021;"'2018-01-20 11:00'";11;27;20;11;1;good
DEBB021;"'2018-01-20 12:00'";10;38;24;10;1;good
DEBB021;"'2018-01-20 13:00'";11;44;15;11;1;good
DEBB021;"'2018-01-20 14:00'";12;40;15;11;1;good
DEBB021;"'2018-01-20 15:00'";11;40;17;11;1;good
DEBB021;"'2018-01-20 16:00'";12;39;18;11;1;good
DEBB021;"'2018-01-20 17:00'";13;34;21;13;1;good
DEBB021;"'2018-01-20 18:00'";15;32;21;15;1;good
DEBB021;"'2018-01-20 19:00'";18;22;29;17;1;moderate
DEBB021;"'2018-01-20 20:00'";20;16;34;20;1;moderate
DEBB021;"'2018-01-20 21:00'";24;7;41;23;1;moderate
DEBB021;"'2018-01-20 22:00'";26;4;40;26;1;moderate
DEBB021;"'2018-01-20 23:00'";30;2;39;29;1;moderate
DEBB021;"'2018-01-20 24:00'";28;6;35;28;1;moderate
DEBB021;"'2018-01-21 01:00'";27;11;28;27;1;moderate
DEBB021;"'2018-01-21 02:00'";24;15;24;23;1;moderate
DEBB021;"'2018-01-21 03:00'";22;11;29;21;1;moderate
DEBB021;"'2018-01-21 04:00'";23;7;34;23;1;moderate
DEBB021;"'2018-01-21 05:00'";24;7;35;24;3;moderate
DEBB021;"'2018-01-21 06:00'";24;2;38;23;1;moderate
DEBB021;"'2018-01-21 07:00'";24;3;31;24;1;moderate
DEBB021;"'2018-01-21 08:00'";23;8;23;23;1;moderate
DEBB021;"'2018-01-21 09:00'";23;14;20;23;1;moderate
DEBB021;"'2018-01-21 10:00'";23;13;22;22;2;moderate
DEBB021;"'2018-01-21 11:00'";20;20;17;20;1;moderate
DEBB021;"'2018-01-21 12:00'";19;26;12;19;1;moderate
DEBB021;"'2018-01-21 13:00'";20;28;10;20;1;moderate
DEBB021;"'2018-01-21 14:00'";20;30;9;20;1;moderate
DEBB021;"'2018-01-21 15:00'";20;28;11;20;1;moderate
DEBB021;"'2018-01-21 16:00'";19;31;10;18;1;moderate
DEBB021;"'2018-01-21 17:00'";19;33;9;19;1;moderate
DEBB021;"'2018-01-21 18:00'";18;37;8;18;1;moderate
DEBB021;"'2018-01-21 19:00'";18;36;9;18;1;moderate
DEBB021;"'2018-01-21 20:00'";18;34;14;18;1;moderate
DEBB021;"'2018-01-21 21:00'";16;37;12;16;1;moderate
DEBB021;"'2018-01-21 22:00'";16;39;7;16;1;moderate
DEBB021;"'2018-01-21 23:00'";15;41;6;15;1;good
DEBB021;"'2018-01-21 24:00'";17;41;6;16;1;moderate
DEBB021;"'2018-01-22 01:00'";17;41;6;17;1;moderate
DEBB021;"'2018-01-22 02:00'";16;43;5;16;1;moderate
DEBB021;"'2018-01-22 03:00'";16;42;5;16;1;moderate
DEBB021;"'2018-01-22 04:00'";15;43;5;15;1;good
DEBB021;"'2018-01-22 05:00'";17;41;7;17;1;moderate
DEBB021;"'2018-01-22 06:00'";21;36;10;21;1;moderate
DEBB021;"'2018-01-22 07:00'";25;16;26;25;1;moderate
DEBB021;"'2018-01-22 08:00'";24;15;30;24;1;moderate
DEBB021;"'2018-01-22 09:00'";25;16;26;24;1;moderate
DEBB021;"'2018-01-22 10:00'";24;18;26;23;3;moderate
DEBB021;"'2018-01-22 11:00'";23;27;-;23;3;moderate
DEBB021;"'2018-01-22 12:00'";21;31;17;21;3;moderate
DEBB021;"'2018-01-22 13:00'";21;34;16;20;3;moderate
DEBB021;"'2018-01-22 14:00'";20;35;19;19;3;moderate
DEBB021;"'2018-01-22 15:00'";20;36;21;19;3;moderate
DEBB021;"'2018-01-22 16:00'";21;37;26;19;3;moderate
DEBB021;"'2018-01-22 17:00'";20;35;28;18;1;moderate
DEBB021;"'2018-01-22 18:00'";18;38;26;18;1;moderate
DEBB021;"'2018-01-22 19:00'";18;39;25;17;3;moderate
DEBB021;"'2018-01-22 20:00'";21;40;21;20;4;moderate
DEBB021;"'2018-01-22 21:00'";24;36;19;23;1;moderate
DEBB021;"'2018-01-22 22:00'";25;32;19;24;1;moderate
DEBB021;"'2018-01-22 23:00'";25;32;18;25;1;moderate
DEBB021;"'2018-01-22 24:00'";25;34;17;25;1;moderate
DEBB021;"'2018-01-23 01:00'";25;35;15;24;1;moderate
DEBB021;"'2018-01-23 02:00'";26;34;15;25;1;moderate
DEBB021;"'2018-01-23 03:00'";28;32;15;27;1;moderate
DEBB021;"'2018-01-23 04:00'";32;32;13;31;1;poor
DEBB021;"'2018-01-23 05:00'";35;26;16;32;1;poor
DEBB021;"'2018-01-23 06:00'";33;23;18;31;1;poor
DEBB021;"'2018-01-23 07:00'";35;18;21;33;1;poor
DEBB021;"'2018-01-23 08:00'";29;16;24;28;1;moderate
DEBB021;"'2018-01-23 09:00'";28;14;25;27;1;moderate
DEBB021;"'2018-01-23 10:00'";30;12;24;27;1;moderate
DEBB021;"'2018-01-23 11:00'";26;10;24;25;1;moderate
DEBB021;"'2018-01-23 12:00'";24;7;28;24;1;moderate
DEBB021;"'2018-01-23 13:00'";23;11;21;22;1;moderate
DEBB021;"'2018-01-23 14:00'";22;8;21;21;1;moderate
DEBB021;"'2018-01-23 15:00'";23;6;25;21;1;moderate
DEBB021;"'2018-01-23 16:00'";22;2;30;20;1;moderate
DEBB021;"'2018-01-23 17:00'";19;2;32;18;1;moderate
DEBB021;"'2018-01-23 18:00'";21;2;34;20;1;moderate
DEBB021;"'2018-01-23 19:00'";22;4;35;20;1;moderate
DEBB021;"'2018-01-23 20:00'";18;22;24;17;1;moderate
DEBB021;"'2018-01-23 21:00'";17;28;19;16;1;moderate
DEBB021;"'2018-01-23 22:00'";15;31;17;14;1;good
DEBB021;"'2018-01-23 23:00'";14;33;16;13;1;good
DEBB021;"'2018-01-23 24:00'";12;39;12;11;1;good
DEBB021;"'2018-01-24 01:00'";12;40;12;11;1;good
DEBB021;"'2018-01-24 02:00'";13;40;11;12;1;good
DEBB021;"'2018-01-24 03:00'";12;43;9;12;1;good
DEBB021;"'2018-01-24 04:00'";10;44;8;10;1;good
DEBB021;"'2018-01-24 05:00'";8;45;8;8;1;good
DEBB021;"'2018-01-24 06:00'";7;47;8;6;1;good
DEBB021;"'2018-01-24 07:00'";8;43;11;7;1;good
DEBB021;"'2018-01-24 08:00'";9;38;13;8;1;good
DEBB021;"'2018-01-24 09:00'";8;38;13;8;1;good
DEBB021;"'2018-01-24 10:00'";7;38;13;7;1;good
DEBB021;"'2018-01-24 11:00'";6;39;12;6;1;good
DEBB021;"'2018-01-24 12:00'";5;39;12;5;1;good
DEBB021;"'2018-01-24 13:00'";4;38;13;4;1;good
DEBB021;"'2018-01-24 14:00'";4;37;14;3;1;good
DEBB021;"'2018-01-24 15:00'";3;38;14;2;1;good
DEBB021;"'2018-01-24 16:00'";3;37;15;2;1;good
DEBB021;"'2018-01-24 17:00'";3;35;18;3;1;good
DEBB021;"'2018-01-24 18:00'";3;35;17;3;1;good
DEBB021;"'2018-01-24 19:00'";3;36;15;3;1;good
DEBB021;"'2018-01-24 20:00'";4;34;15;3;1;good
DEBB021;"'2018-01-24 21:00'";4;35;15;4;1;good
DEBB021;"'2018-01-24 22:00'";5;37;13;4;1;good
DEBB021;"'2018-01-24 23:00'";5;36;12;5;1;good
DEBB021;"'2018-01-24 24:00'";6;33;11;6;1;good
DEBB021;"'2018-01-25 01:00'";9;27;14;8;1;good
DEBB021;"'2018-01-25 02:00'";8;28;14;8;1;good
DEBB021;"'2018-01-25 03:00'";7;32;12;6;1;good
DEBB021;"'2018-01-25 04:00'";5;39;9;5;1;good
DEBB021;"'2018-01-25 05:00'";4;45;6;4;1;good
DEBB021;"'2018-01-25 06:00'";5;44;7;4;1;good
DEBB021;"'2018-01-25 07:00'";5;39;12;4;1;good
DEBB021;"'2018-01-25 08:00'";5;39;14;4;1;good
DEBB021;"'2018-01-25 09:00'";5;37;16;4;1;good
DEBB021;"'2018-01-25 10:00'";4;48;18;3;1;good
DEBB021;"'2018-01-25 11:00'";3;53;25;3;1;good
DEBB021;"'2018-01-25 12:00'";3;55;21;2;1;good
DEBB021;"'2018-01-25 13:00'";4;53;22;3;1;good
DEBB021;"'2018-01-25 14:00'";4;52;21;3;1;good
DEBB021;"'2018-01-25 15:00'";3;46;27;3;1;good
DEBB021;"'2018-01-25 16:00'";4;36;38;3;1;moderate
DEBB021;"'2018-01-25 17:00'";5;30;41;4;1;moderate
DEBB021;"'2018-01-25 18:00'";9;18;49;7;1;moderate
DEBB021;"'2018-01-25 19:00'";7;22;43;6;1;moderate
DEBB021;"'2018-01-25 20:00'";9;19;42;8;1;moderate
DEBB021;"'2018-01-25 21:00'";9;33;25;9;1;good
DEBB021;"'2018-01-25 22:00'";12;27;25;11;1;good
DEBB021;"'2018-01-25 23:00'";14;19;31;13;1;moderate
DEBB021;"'2018-01-25 24:00'";15;6;41;14;1;moderate
DEBB021;"'2018-01-26 01:00'";13;8;36;13;1;moderate
DEBB021;"'2018-01-26 02:00'";14;12;31;13;1;moderate
DEBB021;"'2018-01-26 03:00'";14;18;23;14;1;good
DEBB021;"'2018-01-26 04:00'";12;17;24;12;1;good
DEBB021;"'2018-01-26 05:00'";8;20;21;7;1;good
DEBB021;"'2018-01-26 06:00'";6;22;25;6;1;good
DEBB021;"'2018-01-26 07:00'";14;18;30;13;1;good
DEBB021;"'2018-01-26 08:00'";25;2;35;24;1;moderate
DEBB021;"'2018-01-26 09:00'";30;2;34;28;1;moderate
DEBB021;"'2018-01-26 10:00'";32;2;30;30;1;moderate
DEBB021;"'2018-01-26 11:00'";34;3;29;32;1;poor
DEBB021;"'2018-01-26 12:00'";32;7;31;30;1;moderate
DEBB021;"'2018-01-26 13:00'";14;35;27;13;1;good
DEBB021;"'2018-01-26 14:00'";7;51;18;6;1;good
DEBB021;"'2018-01-26 15:00'";9;46;21;9;1;good
DEBB021;"'2018-01-26 16:00'";13;46;20;12;1;good
DEBB021;"'2018-01-26 17:00'";15;39;24;14;1;good
DEBB021;"'2018-01-26 18:00'";12;35;24;12;1;good
DEBB021;"'2018-01-26 19:00'";17;29;28;16;1;moderate
DEBB021;"'2018-01-26 20:00'";20;23;28;19;1;moderate
DEBB021;"'2018-01-26 21:00'";22;19;28;21;1;moderate
DEBB021;"'2018-01-26 22:00'";20;23;20;19;1;moderate
DEBB021;"'2018-01-26 23:00'";22;19;21;20;1;moderate
DEBB021;"'2018-01-26 24:00'";21;23;16;20;1;moderate
DEBB021;"'2018-01-27 01:00'";20;24;14;18;1;moderate
DEBB021;"'2018-01-27 02:00'";21;22;15;19;1;moderate
DEBB021;"'2018-01-27 03:00'";23;15;17;20;1;moderate
DEBB021;"'2018-01-27 04:00'";22;16;17;20;1;moderate
DEBB021;"'2018-01-27 05:00'";21;20;14;20;1;moderate
DEBB021;"'2018-01-27 06:00'";21;19;14;19;1;moderate
DEBB021;"'2018-01-27 07:00'";20;18;16;19;1;moderate
DEBB021;"'2018-01-27 08:00'";19;26;14;18;1;moderate
DEBB021;"'2018-01-27 09:00'";19;27;17;17;1;moderate
DEBB021;"'2018-01-27 10:00'";19;32;18;16;1;moderate
DEBB021;"'2018-01-27 11:00'";19;42;16;16;1;moderate
DEBB021;"'2018-01-27 12:00'";18;44;16;16;1;moderate
DEBB021;"'2018-01-27 13:00'";23;40;21;20;1;moderate
DEBB021;"'2018-01-27 14:00'";19;48;14;16;1;moderate
DEBB021;"'2018-01-27 15:00'";18;49;17;15;1;good
DEBB021;"'2018-01-27 16:00'";18;45;16;15;1;good
DEBB021;"'2018-01-27 17:00'";21;37;16;17;1;moderate
DEBB021;"'2018-01-27 18:00'";21;32;16;19;1;moderate
DEBB021;"'2018-01-27 19:00'";24;30;16;22;1;moderate
DEBB021;"'2018-01-27 20:00'";27;27;17;24;1;moderate
DEBB021;"'2018-01-27 21:00'";28;30;14;25;1;moderate
DEBB021;"'2018-01-27 22:00'";29;30;11;26;1;moderate
DEBB021;"'2018-01-27 23:00'";26;29;11;25;1;moderate
DEBB021;"'2018-01-27 24:00'";21;36;11;20;1;moderate
DEBB021;"'2018-01-28 01:00'";15;45;9;14;1;good
DEBB021;"'2018-01-28 02:00'";12;49;7;11;1;good
DEBB021;"'2018-01-28 03:00'";10;51;5;10;1;good
DEBB021;"'2018-01-28 04:00'";9;52;5;9;1;good
DEBB021;"'2018-01-28 05:00'";8;51;7;8;1;good
DEBB021;"'2018-01-28 06:00'";7;49;6;7;1;good
DEBB021;"'2018-01-28 07:00'";7;49;6;7;1;good
DEBB021;"'2018-01-28 08:00'";6;46;6;6;1;good
DEBB021;"'2018-01-28 09:00'";5;46;6;4;1;good
DEBB021;"'2018-01-28 10:00'";5;47;6;5;1;good
DEBB021;"'2018-01-28 11:00'";7;47;6;7;1;good
DEBB021;"'2018-01-28 12:00'";8;45;8;8;1;good
DEBB021;"'2018-01-28 13:00'";8;47;8;8;1;good
DEBB021;"'2018-01-28 14:00'";6;42;9;6;1;good
DEBB021;"'2018-01-28 15:00'";7;51;8;6;1;good
DEBB021;"'2018-01-28 16:00'";8;51;9;8;1;good
DEBB021;"'2018-01-28 17:00'";9;46;11;9;1;good
DEBB021;"'2018-01-28 18:00'";11;44;13;11;1;good
DEBB021;"'2018-01-28 19:00'";13;49;11;12;1;good
DEBB021;"'2018-01-28 20:00'";15;52;10;15;1;good
DEBB021;"'2018-01-28 21:00'";15;47;9;14;1;good
DEBB021;"'2018-01-28 22:00'";9;42;8;9;1;good
DEBB021;"'2018-01-28 23:00'";10;43;8;9;1;good
DEBB021;"'2018-01-28 24:00'";8;48;7;8;1;good
DEBB021;"'2018-01-29 01:00'";5;48;6;5;1;good
DEBB021;"'2018-01-29 02:00'";4;46;7;4;1;good
DEBB021;"'2018-01-29 03:00'";4;45;7;4;1;good
DEBB021;"'2018-01-29 04:00'";5;47;6;4;1;good
DEBB021;"'2018-01-29 05:00'";4;47;6;4;1;good
DEBB021;"'2018-01-29 06:00'";5;47;8;5;1;good
DEBB021;"'2018-01-29 07:00'";6;44;12;6;1;good
DEBB021;"'2018-01-29 08:00'";6;43;15;5;1;good
DEBB021;"'2018-01-29 09:00'";3;51;11;3;1;good
DEBB021;"'2018-01-29 10:00'";4;54;9;4;1;good
DEBB021;"'2018-01-29 11:00'";6;55;9;6;1;good
DEBB021;"'2018-01-29 12:00'";8;54;10;7;1;good
DEBB021;"'2018-01-29 13:00'";9;55;10;8;1;good
DEBB021;"'2018-01-29 14:00'";8;58;8;8;1;good
DEBB021;"'2018-01-29 15:00'";9;56;10;9;1;good
DEBB021;"'2018-01-29 16:00'";9;57;12;8;1;good
DEBB021;"'2018-01-29 17:00'";8;58;12;7;1;good
DEBB021;"'2018-01-29 18:00'";8;57;12;8;1;good
DEBB021;"'2018-01-29 19:00'";8;57;12;8;1;good
DEBB021;"'2018-01-29 20:00'";8;56;12;8;1;good
DEBB021;"'2018-01-29 21:00'";7;56;10;6;1;good
DEBB021;"'2018-01-29 22:00'";3;60;6;3;1;good
DEBB021;"'2018-01-29 23:00'";0.9;68;2;0.9;1;good
DEBB021;"'2018-01-29 24:00'";0.9;68;2;0.9;1;good
DEBB021;"'2018-01-30 01:00'";2;71;2;1;1;good
DEBB021;"'2018-01-30 02:00'";3;71;2;3;1;good
DEBB021;"'2018-01-30 03:00'";4;70;2;3;1;good
DEBB021;"'2018-01-30 04:00'";4;70;2;3;1;good
DEBB021;"'2018-01-30 05:00'";4;70;2;3;1;good
DEBB021;"'2018-01-30 06:00'";4;70;2;3;1;good
DEBB021;"'2018-01-30 07:00'";5;68;6;4;1;good
DEBB021;"'2018-01-30 08:00'";5;66;7;4;1;good
DEBB021;"'2018-01-30 09:00'";5;64;8;4;1;good
DEBB021;"'2018-01-30 10:00'";6;63;8;5;1;good
DEBB021;"'2018-01-30 11:00'";7;65;6;6;1;good
DEBB021;"'2018-01-30 12:00'";7;64;7;6;1;good
DEBB021;"'2018-01-30 13:00'";7;63;7;6;1;good
DEBB021;"'2018-01-30 14:00'";7;67;6;5;1;good
DEBB021;"'2018-01-30 15:00'";6;67;6;4;1;good
DEBB021;"'2018-01-30 16:00'";6;63;8;5;1;good
DEBB021;"'2018-01-30 17:00'";6;61;11;5;1;good
DEBB021;"'2018-01-30 18:00'";7;54;16;5;1;good
DEBB021;"'2018-01-30 19:00'";9;36;33;7;1;moderate
DEBB021;"'2018-01-30 20:00'";9;38;26;7;1;good
DEBB021;"'2018-01-30 21:00'";10;35;29;8;1;good
DEBB021;"'2018-01-30 22:00'";9;39;22;8;1;good
DEBB021;"'2018-01-30 23:00'";10;42;16;8;1;good
DEBB021;"'2018-01-30 24:00'";10;42;14;9;1;good
DEBB021;"'2018-01-31 01:00'";10;37;15;8;1;good
DEBB021;"'2018-01-31 02:00'";10;35;15;9;1;good
DEBB021;"'2018-01-31 03:00'";12;32;15;11;1;good
DEBB021;"'2018-01-31 04:00'";15;29;16;14;1;good
DEBB021;"'2018-01-31 05:00'";13;31;14;12;3;good
DEBB021;"'2018-01-31 06:00'";13;30;15;12;4;good
DEBB021;"'2018-01-31 07:00'";13;28;18;12;3;good
DEBB021;"'2018-01-31 08:00'";14;24;23;12;1;good
DEBB021;"'2018-01-31 09:00'";15;27;22;13;1;good
DEBB021;"'2018-01-31 10:00'";18;31;17;14;1;good
DEBB021;"'2018-01-31 11:00'";13;31;17;12;1;good
DEBB021;"'2018-01-31 12:00'";11;30;19;10;1;good
DEBB021;"'2018-01-31 13:00'";7;31;17;6;1;good
DEBB021;"'2018-01-31 14:00'";4;-;15;4;1;good
DEBB021;"'2018-01-31 15:00'";2;29;17;2;1;good
DEBB021;"'2018-01-31 16:00'";0.9;35;16;0.9;1;good
DEBB021;"'2018-01-31 17:00'";0.9;38;15;0.9;1;good
DEBB021;"'2018-01-31 18:00'";1;39;14;1;1;good
DEBB021;"'2018-01-31 19:00'";2;40;13;2;1;good
DEBB021;"'2018-01-31 20:00'";3;42;12;3;1;good
DEBB021;"'2018-01-31 21:00'";3;43;12;3;1;good
DEBB021;"'2018-01-31 22:00'";3;44;11;3;1;good
DEBB021;"'2018-01-31 23:00'";0.9;53;8;0.9;1;good
DEBB021;"'2018-01-31 24:00'";1;66;7;0.9;1;good
DEBB021;"'2018-02-01 01:00'";2;68;5;2;1;good
DEBB021;"'2018-02-01 02:00'";0.9;75;2;0.9;1;moderate
DEBB021;"'2018-02-01 03:00'";0.9;72;4;0.9;1;good
DEBB021;"'2018-02-01 04:00'";0.9;66;8;0.9;1;good
DEBB021;"'2018-02-01 05:00'";3;62;9;3;1;good
DEBB021;"'2018-02-01 06:00'";4;53;15;3;1;good
DEBB021;"'2018-02-01 07:00'";4;42;26;4;1;good
DEBB021;"'2018-02-01 08:00'";5;37;35;4;1;moderate
DEBB021;"'2018-02-01 09:00'";6;42;27;5;1;good
DEBB021;"'2018-02-01 10:00'";8;48;17;6;1;good
DEBB021;"'2018-02-01 11:00'";7;52;14;5;1;good
DEBB021;"'2018-02-01 12:00'";6;57;11;4;1;good
DEBB021;"'2018-02-01 13:00'";7;58;11;5;1;good
DEBB021;"'2018-02-01 14:00'";7;62;10;5;1;good
DEBB021;"'2018-02-01 15:00'";6;62;11;5;1;good
DEBB021;"'2018-02-01 16:00'";8;56;14;6;1;good
DEBB021;"'2018-02-01 17:00'";8;50;20;7;1;good
DEBB021;"'2018-02-01 18:00'";10;43;25;6;1;good
DEBB021;"'2018-02-01 19:00'";9;37;29;7;1;good
DEBB021;"'2018-02-01 20:00'";6;46;18;5;1;good
DEBB021;"'2018-02-01 21:00'";6;50;14;5;1;good
DEBB021;"'2018-02-01 22:00'";6;49;13;5;1;good
DEBB021;"'2018-02-01 23:00'";6;47;13;5;1;good
DEBB021;"'2018-02-01 24:00'";6;46;13;5;2;good
DEBB021;"'2018-02-02 01:00'";6;46;12;5;2;good
DEBB021;"'2018-02-02 02:00'";6;48;11;5;1;good
DEBB021;"'2018-02-02 03:00'";6;46;10;6;1;good
DEBB021;"'2018-02-02 04:00'";7;43;10;6;1;good
DEBB021;"'2018-02-02 05:00'";9;40;11;8;1;good
DEBB021;"'2018-02-02 06:00'";11;37;12;10;1;good
DEBB021;"'2018-02-02 07:00'";13;31;20;12;1;good
DEBB021;"'2018-02-02 08:00'";13;28;22;12;1;good
DEBB021;"'2018-02-02 09:00'";14;28;25;12;1;good
DEBB021;"'2018-02-02 10:00'";13;34;21;12;1;good
DEBB021;"'2018-02-02 11:00'";13;38;20;11;1;good
DEBB021;"'2018-02-02 12:00'";12;46;15;10;1;good
DEBB021;"'2018-02-02 13:00'";10;47;15;8;1;good
DEBB021;"'2018-02-02 14:00'";10;43;18;9;1;good
DEBB021;"'2018-02-02 15:00'";11;43;17;10;1;good
DEBB021;"'2018-02-02 16:00'";9;43;18;9;1;good
DEBB021;"'2018-02-02 17:00'";9;35;22;9;1;good
DEBB021;"'2018-02-02 18:00'";9;35;20;8;1;good
DEBB021;"'2018-02-02 19:00'";10;29;23;10;1;good
DEBB021;"'2018-02-02 20:00'";11;28;23;11;1;good
DEBB021;"'2018-02-02 21:00'";10;29;20;10;1;good
DEBB021;"'2018-02-02 22:00'";11;33;15;11;1;good
DEBB021;"'2018-02-02 23:00'";13;30;15;12;1;good
DEBB021;"'2018-02-02 24:00'";14;27;15;14;1;good
DEBB021;"'2018-02-03 01:00'";14;28;13;14;1;good
DEBB021;"'2018-02-03 02:00'";15;24;17;15;1;good
DEBB021;"'2018-02-03 03:00'";16;22;17;16;1;moderate
DEBB021;"'2018-02-03 04:00'";16;25;15;15;1;good
DEBB021;"'2018-02-03 05:00'";15;26;15;15;1;good
DEBB021;"'2018-02-03 06:00'";11;34;10;11;1;good
DEBB021;"'2018-02-03 07:00'";9;31;10;9;1;good
DEBB021;"'2018-02-03 08:00'";8;29;11;8;1;good
DEBB021;"'2018-02-03 09:00'";5;24;10;5;1;"very good"
DEBB021;"'2018-02-03 10:00'";5;27;8;5;1;good
DEBB021;"'2018-02-03 11:00'";6;31;8;6;1;good
DEBB021;"'2018-02-03 12:00'";9;36;9;9;1;good
DEBB021;"'2018-02-03 13:00'";10;43;6;9;1;good
DEBB021;"'2018-02-03 14:00'";10;41;8;10;1;good
DEBB021;"'2018-02-03 15:00'";9;42;8;9;1;good
DEBB021;"'2018-02-03 16:00'";11;41;8;11;1;good
DEBB021;"'2018-02-03 17:00'";11;40;9;10;1;good
DEBB021;"'2018-02-03 18:00'";9;37;12;9;1;good
DEBB021;"'2018-02-03 19:00'";9;35;13;9;1;good
DEBB021;"'2018-02-03 20:00'";10;40;9;9;1;good
DEBB021;"'2018-02-03 21:00'";10;40;12;9;1;good
DEBB021;"'2018-02-03 22:00'";10;37;13;10;1;good
DEBB021;"'2018-02-03 23:00'";10;35;14;10;1;good
DEBB021;"'2018-02-03 24:00'";11;32;14;11;1;good
DEBB021;"'2018-02-04 01:00'";12;29;16;12;1;good
DEBB021;"'2018-02-04 02:00'";10;31;17;10;1;good
DEBB021;"'2018-02-04 03:00'";8;31;19;8;1;good
DEBB021;"'2018-02-04 04:00'";7;29;18;7;1;good
DEBB021;"'2018-02-04 05:00'";7;33;13;7;1;good
DEBB021;"'2018-02-04 06:00'";7;31;13;7;1;good
DEBB021;"'2018-02-04 07:00'";7;29;13;7;1;good
DEBB021;"'2018-02-04 08:00'";9;25;16;9;1;good
DEBB021;"'2018-02-04 09:00'";10;25;15;10;1;good
DEBB021;"'2018-02-04 10:00'";12;31;14;11;1;good
DEBB021;"'2018-02-04 11:00'";10;35;9;10;1;good
DEBB021;"'2018-02-04 12:00'";9;42;6;9;1;good
DEBB021;"'2018-02-04 13:00'";10;47;5;10;1;good
DEBB021;"'2018-02-04 14:00'";10;51;4;10;1;good
DEBB021;"'2018-02-04 15:00'";8;49;5;8;1;good
DEBB021;"'2018-02-04 16:00'";8;44;6;8;1;good
DEBB021;"'2018-02-04 17:00'";7;38;8;7;1;good
DEBB021;"'2018-02-04 18:00'";8;35;10;8;1;good
DEBB021;"'2018-02-04 19:00'";11;34;9;11;1;good
DEBB021;"'2018-02-04 20:00'";16;32;9;16;1;moderate
DEBB021;"'2018-02-04 21:00'";19;28;10;19;1;moderate
DEBB021;"'2018-02-04 22:00'";22;20;14;21;1;moderate
DEBB021;"'2018-02-04 23:00'";24;14;18;23;1;moderate
DEBB021;"'2018-02-04 24:00'";25;25;16;25;1;moderate
DEBB021;"'2018-02-05 01:00'";27;17;19;27;1;moderate
DEBB021;"'2018-02-05 02:00'";29;14;19;29;1;moderate
DEBB021;"'2018-02-05 03:00'";29;17;18;29;1;moderate
DEBB021;"'2018-02-05 04:00'";28;16;19;28;1;moderate
DEBB021;"'2018-02-05 05:00'";25;22;16;25;1;moderate
DEBB021;"'2018-02-05 06:00'";23;30;15;23;1;moderate
DEBB021;"'2018-02-05 07:00'";21;22;24;21;2;moderate
DEBB021;"'2018-02-05 08:00'";20;15;34;19;1;moderate
DEBB021;"'2018-02-05 09:00'";19;18;36;17;1;moderate
DEBB021;"'2018-02-05 10:00'";14;24;36;13;1;moderate
DEBB021;"'2018-02-05 11:00'";12;32;32;11;1;moderate
DEBB021;"'2018-02-05 12:00'";11;42;26;10;1;good
DEBB021;"'2018-02-05 13:00'";8;56;19;7;1;good
DEBB021;"'2018-02-05 14:00'";7;61;16;6;1;good
DEBB021;"'2018-02-05 15:00'";6;67;14;5;1;good
DEBB021;"'2018-02-05 16:00'";8;64;18;5;1;good
DEBB021;"'2018-02-05 17:00'";7;61;20;5;1;good
DEBB021;"'2018-02-05 18:00'";8;58;22;6;1;good
DEBB021;"'2018-02-05 19:00'";9;56;24;7;1;good
DEBB021;"'2018-02-05 20:00'";10;45;34;9;1;moderate
DEBB021;"'2018-02-05 21:00'";11;42;34;9;1;moderate
DEBB021;"'2018-02-05 22:00'";13;41;33;12;1;moderate
DEBB021;"'2018-02-05 23:00'";18;23;50;16;1;moderate
DEBB021;"'2018-02-05 24:00'";19;23;46;18;1;moderate
DEBB021;"'2018-02-06 01:00'";18;26;38;16;1;moderate
DEBB021;"'2018-02-06 02:00'";18;18;43;17;1;moderate
DEBB021;"'2018-02-06 03:00'";20;7;55;19;1;moderate
DEBB021;"'2018-02-06 04:00'";19;2;56;17;1;moderate
DEBB021;"'2018-02-06 05:00'";18;6;53;17;1;moderate
DEBB021;"'2018-02-06 06:00'";18;2;57;17;1;moderate
DEBB021;"'2018-02-06 07:00'";20;2;59;19;1;moderate
DEBB021;"'2018-02-06 08:00'";21;2;64;18;1;poor
DEBB021;"'2018-02-06 09:00'";23;2;72;19;1;poor
DEBB021;"'2018-02-06 10:00'";22;6;73;17;1;poor
DEBB021;"'2018-02-06 11:00'";20;27;53;16;1;moderate
DEBB021;"'2018-02-06 12:00'";15;61;17;13;1;good
DEBB021;"'2018-02-06 13:00'";14;62;15;12;4;good
DEBB021;"'2018-02-06 14:00'";11;64;14;10;4;good
DEBB021;"'2018-02-06 15:00'";11;62;17;9;6;good
DEBB021;"'2018-02-06 16:00'";11;62;17;9;4;good
DEBB021;"'2018-02-06 17:00'";14;53;25;11;4;good
DEBB021;"'2018-02-06 18:00'";17;33;46;12;6;moderate
DEBB021;"'2018-02-06 19:00'";20;22;57;14;6;moderate
DEBB021;"'2018-02-06 20:00'";21;28;50;17;4;moderate
DEBB021;"'2018-02-06 21:00'";22;41;35;19;1;moderate
DEBB021;"'2018-02-06 22:00'";22;44;28;19;1;moderate
DEBB021;"'2018-02-06 23:00'";21;46;23;19;1;moderate
DEBB021;"'2018-02-06 24:00'";22;48;18;21;1;moderate
DEBB021;"'2018-02-07 01:00'";23;46;18;21;2;moderate
DEBB021;"'2018-02-07 02:00'";25;46;16;23;3;moderate
DEBB021;"'2018-02-07 03:00'";27;44;15;26;3;moderate
DEBB021;"'2018-02-07 04:00'";29;41;16;28;3;moderate
DEBB021;"'2018-02-07 05:00'";31;37;16;30;3;moderate
DEBB021;"'2018-02-07 06:00'";33;32;22;31;3;poor
DEBB021;"'2018-02-07 07:00'";34;25;27;32;3;poor
DEBB021;"'2018-02-07 08:00'";37;13;41;32;3;poor
DEBB021;"'2018-02-07 09:00'";38;8;49;33;5;poor
DEBB021;"'2018-02-07 10:00'";42;7;51;36;7;poor
DEBB021;"'2018-02-07 11:00'";45;13;44;37;6;poor
DEBB021;"'2018-02-07 12:00'";47;15;44;40;7;poor
DEBB021;"'2018-02-07 13:00'";50;13;48;42;7;poor
DEBB021;"'2018-02-07 14:00'";42;21;42;37;6;poor
DEBB021;"'2018-02-07 15:00'";40;24;43;35;6;poor
DEBB021;"'2018-02-07 16:00'";38;31;37;34;8;poor
DEBB021;"'2018-02-07 17:00'";38;26;46;34;7;poor
DEBB021;"'2018-02-07 18:00'";34;27;47;30;5;moderate
DEBB021;"'2018-02-07 19:00'";33;31;37;31;2;poor
DEBB021;"'2018-02-07 20:00'";31;33;39;28;1;moderate
DEBB021;"'2018-02-07 21:00'";38;29;44;35;7;poor
DEBB021;"'2018-02-07 22:00'";46;20;51;43;10;poor
DEBB021;"'2018-02-07 23:00'";50;13;56;47;9;poor
DEBB021;"'2018-02-07 24:00'";51;22;38;48;7;poor
DEBB021;"'2018-02-08 01:00'";54;25;31;52;6;"very poor"
DEBB021;"'2018-02-08 02:00'";54;22;32;52;5;"very poor"
DEBB021;"'2018-02-08 03:00'";54;21;31;52;4;"very poor"
DEBB021;"'2018-02-08 04:00'";53;25;26;51;4;"very poor"
DEBB021;"'2018-02-08 05:00'";51;23;27;49;3;poor
DEBB021;"'2018-02-08 06:00'";50;15;33;49;12;poor
DEBB021;"'2018-02-08 07:00'";52;6;46;49;6;poor
DEBB021;"'2018-02-08 08:00'";53;2;48;50;2;poor
DEBB021;"'2018-02-08 09:00'";54;2;52;51;3;"very poor"
DEBB021;"'2018-02-08 10:00'";60;8;45;51;3;"very poor"
DEBB021;"'2018-02-08 11:00'";53;15;39;49;6;poor
DEBB021;"'2018-02-08 12:00'";49;23;40;44;9;poor
DEBB021;"'2018-02-08 13:00'";34;39;36;31;7;poor
DEBB021;"'2018-02-08 14:00'";30;47;28;27;7;moderate
DEBB021;"'2018-02-08 15:00'";28;55;22;26;7;moderate
DEBB021;"'2018-02-08 16:00'";30;55;23;28;6;moderate
DEBB021;"'2018-02-08 17:00'";32;56;22;29;5;moderate
DEBB021;"'2018-02-08 18:00'";37;42;35;32;5;poor
DEBB021;"'2018-02-08 19:00'";43;21;58;36;4;poor
DEBB021;"'2018-02-08 20:00'";43;2;78;36;4;poor
DEBB021;"'2018-02-08 21:00'";44;4;71;39;2;poor
DEBB021;"'2018-02-08 22:00'";37;24;38;35;1;poor
DEBB021;"'2018-02-08 23:00'";36;16;41;34;1;poor
DEBB021;"'2018-02-08 24:00'";40;2;59;38;1;poor
DEBB021;"'2018-02-09 01:00'";50;2;71;43;1;poor
DEBB021;"'2018-02-09 02:00'";46;2;73;42;1;poor
DEBB021;"'2018-02-09 03:00'";43;2;65;39;1;poor
DEBB021;"'2018-02-09 04:00'";41;2;62;38;1;poor
DEBB021;"'2018-02-09 05:00'";39;2;55;36;1;poor
DEBB021;"'2018-02-09 06:00'";40;2;51;38;1;poor
DEBB021;"'2018-02-09 07:00'";44;2;53;42;1;poor
DEBB021;"'2018-02-09 08:00'";53;2;57;47;1;poor
DEBB021;"'2018-02-09 09:00'";57;2;62;50;1;poor
DEBB021;"'2018-02-09 10:00'";60;2;62;53;1;"very poor"
DEBB021;"'2018-02-09 11:00'";63;6;59;56;3;"very poor"
DEBB021;"'2018-02-09 12:00'";59;22;37;55;3;"very poor"
DEBB021;"'2018-02-09 13:00'";53;43;19;50;4;poor
DEBB021;"'2018-02-09 14:00'";45;49;16;43;4;poor
DEBB021;"'2018-02-09 15:00'";42;49;20;40;5;poor
DEBB021;"'2018-02-09 16:00'";44;49;19;41;5;poor
DEBB021;"'2018-02-09 17:00'";47;35;30;43;4;poor
DEBB021;"'2018-02-09 18:00'";49;19;43;46;4;poor
DEBB021;"'2018-02-09 19:00'";48;16;43;46;3;poor
DEBB021;"'2018-02-09 20:00'";49;12;47;47;1;poor
DEBB021;"'2018-02-09 21:00'";52;7;52;50;1;poor
DEBB021;"'2018-02-09 22:00'";53;2;60;50;1;poor
DEBB021;"'2018-02-09 23:00'";52;2;58;51;1;"very poor"
DEBB021;"'2018-02-09 24:00'";53;2;61;51;1;"very poor"
DEBB021;"'2018-02-10 01:00'";53;2;56;51;1;"very poor"
DEBB021;"'2018-02-10 02:00'";54;3;52;52;1;"very poor"
DEBB021;"'2018-02-10 03:00'";54;7;46;52;1;"very poor"
DEBB021;"'2018-02-10 04:00'";56;13;35;54;1;"very poor"
DEBB021;"'2018-02-10 05:00'";56;13;32;55;1;"very poor"
DEBB021;"'2018-02-10 06:00'";56;11;31;54;1;"very poor"
DEBB021;"'2018-02-10 07:00'";57;7;34;55;1;"very poor"
DEBB021;"'2018-02-10 08:00'";57;4;35;55;1;"very poor"
DEBB021;"'2018-02-10 09:00'";57;5;32;56;1;"very poor"
DEBB021;"'2018-02-10 10:00'";53;7;31;52;1;"very poor"
DEBB021;"'2018-02-10 11:00'";48;13;26;46;1;poor
DEBB021;"'2018-02-10 12:00'";43;19;26;42;1;poor
DEBB021;"'2018-02-10 13:00'";37;32;18;35;1;poor
DEBB021;"'2018-02-10 14:00'";31;41;20;28;1;moderate
DEBB021;"'2018-02-10 15:00'";32;38;21;29;1;moderate
DEBB021;"'2018-02-10 16:00'";34;34;20;33;1;poor
DEBB021;"'2018-02-10 17:00'";37;31;23;35;1;poor
DEBB021;"'2018-02-10 18:00'";35;25;30;34;1;poor
DEBB021;"'2018-02-10 19:00'";34;29;24;33;1;poor
DEBB021;"'2018-02-10 20:00'";35;30;22;35;1;poor
DEBB021;"'2018-02-10 21:00'";35;26;22;34;1;poor
DEBB021;"'2018-02-10 22:00'";34;27;20;33;1;poor
DEBB021;"'2018-02-10 23:00'";35;24;21;34;1;poor
DEBB021;"'2018-02-10 24:00'";35;23;19;34;1;poor
DEBB021;"'2018-02-11 01:00'";35;20;21;34;1;poor
DEBB021;"'2018-02-11 02:00'";34;18;21;34;1;poor
DEBB021;"'2018-02-11 03:00'";33;19;19;33;1;poor
DEBB021;"'2018-02-11 04:00'";32;20;17;31;1;poor
DEBB021;"'2018-02-11 05:00'";30;22;16;30;1;moderate
DEBB021;"'2018-02-11 06:00'";30;21;16;30;1;moderate
DEBB021;"'2018-02-11 07:00'";30;20;17;29;1;moderate
DEBB021;"'2018-02-11 08:00'";27;24;15;27;1;moderate
DEBB021;"'2018-02-11 09:00'";21;33;14;21;1;moderate
DEBB021;"'2018-02-11 10:00'";17;43;9;17;1;moderate
DEBB021;"'2018-02-11 11:00'";15;49;9;14;1;good
DEBB021;"'2018-02-11 12:00'";14;54;7;13;1;good
DEBB021;"'2018-02-11 13:00'";12;56;7;12;1;good
DEBB021;"'2018-02-11 14:00'";11;57;9;11;1;good
DEBB021;"'2018-02-11 15:00'";12;54;10;12;1;good
DEBB021;"'2018-02-11 16:00'";11;51;11;11;1;good
DEBB021;"'2018-02-11 17:00'";11;49;12;11;1;good
DEBB021;"'2018-02-11 18:00'";10;42;16;10;1;good
DEBB021;"'2018-02-11 19:00'";8;41;18;8;1;good
DEBB021;"'2018-02-11 20:00'";8;43;15;7;1;good
DEBB021;"'2018-02-11 21:00'";8;43;14;8;1;good
DEBB021;"'2018-02-11 22:00'";8;40;14;8;1;good
DEBB021;"'2018-02-11 23:00'";9;36;14;9;1;good
DEBB021;"'2018-02-11 24:00'";9;37;12;9;1;good
DEBB021;"'2018-02-12 01:00'";10;40;11;10;1;good
DEBB021;"'2018-02-12 02:00'";12;44;10;12;1;good
DEBB021;"'2018-02-12 03:00'";13;44;9;13;1;good
DEBB021;"'2018-02-12 04:00'";13;44;9;13;1;good
DEBB021;"'2018-02-12 05:00'";13;43;10;13;1;good
DEBB021;"'2018-02-12 06:00'";13;42;12;12;1;good
DEBB021;"'2018-02-12 07:00'";12;40;16;12;1;good
DEBB021;"'2018-02-12 08:00'";13;36;21;12;1;good
DEBB021;"'2018-02-12 09:00'";14;30;31;14;1;moderate
DEBB021;"'2018-02-12 10:00'";18;37;26;17;1;moderate
DEBB021;"'2018-02-12 11:00'";18;44;21;17;1;moderate
DEBB021;"'2018-02-12 12:00'";17;50;17;16;1;moderate
DEBB021;"'2018-02-12 13:00'";15;58;12;14;1;good
DEBB021;"'2018-02-12 14:00'";13;61;11;11;1;good
DEBB021;"'2018-02-12 15:00'";11;63;11;8;1;good
DEBB021;"'2018-02-12 16:00'";13;58;14;10;1;good
DEBB021;"'2018-02-12 17:00'";11;57;15;9;1;good
DEBB021;"'2018-02-12 18:00'";12;45;26;10;1;good
DEBB021;"'2018-02-12 19:00'";10;39;35;9;1;moderate
DEBB021;"'2018-02-12 20:00'";11;40;30;10;1;good
DEBB021;"'2018-02-12 21:00'";15;41;25;13;1;good
DEBB021;"'2018-02-12 22:00'";12;43;21;11;1;good
DEBB021;"'2018-02-12 23:00'";12;44;19;11;1;good
DEBB021;"'2018-02-12 24:00'";11;47;15;10;1;good
DEBB021;"'2018-02-13 01:00'";9;54;12;8;1;good
DEBB021;"'2018-02-13 02:00'";9;57;8;8;1;good
DEBB021;"'2018-02-13 03:00'";9;56;9;9;1;good
DEBB021;"'2018-02-13 04:00'";11;54;9;10;1;good
DEBB021;"'2018-02-13 05:00'";13;49;11;12;1;good
DEBB021;"'2018-02-13 06:00'";15;38;17;14;1;good
DEBB021;"'2018-02-13 07:00'";17;22;29;17;1;moderate
DEBB021;"'2018-02-13 08:00'";21;11;41;19;1;moderate
DEBB021;"'2018-02-13 09:00'";27;13;42;21;1;moderate
DEBB021;"'2018-02-13 10:00'";25;23;33;20;1;moderate
DEBB021;"'2018-02-13 11:00'";23;34;24;20;1;moderate
DEBB021;"'2018-02-13 12:00'";20;42;21;18;1;moderate
DEBB021;"'2018-02-13 13:00'";20;54;16;17;1;moderate
DEBB021;"'2018-02-13 14:00'";20;61;14;16;1;moderate
DEBB021;"'2018-02-13 15:00'";19;60;17;15;1;good
DEBB021;"'2018-02-13 16:00'";21;53;26;14;1;good
DEBB021;"'2018-02-13 17:00'";21;54;24;13;1;good
DEBB021;"'2018-02-13 18:00'";22;36;42;14;1;moderate
DEBB021;"'2018-02-13 19:00'";22;28;48;16;1;moderate
DEBB021;"'2018-02-13 20:00'";32;5;79;21;1;poor
DEBB021;"'2018-02-13 21:00'";35;2;82;27;1;poor
DEBB021;"'2018-02-13 22:00'";33;2;77;29;1;poor
DEBB021;"'2018-02-13 23:00'";30;2;73;27;1;poor
DEBB021;"'2018-02-13 24:00'";26;2;69;23;1;poor
DEBB021;"'2018-02-14 01:00'";27;2;66;25;1;poor
DEBB021;"'2018-02-14 02:00'";29;2;61;27;1;poor
DEBB021;"'2018-02-14 03:00'";25;2;62;23;1;poor
DEBB021;"'2018-02-14 04:00'";25;2;61;23;1;poor
DEBB021;"'2018-02-14 05:00'";25;2;57;23;1;moderate
DEBB021;"'2018-02-14 06:00'";24;2;57;22;1;moderate
DEBB021;"'2018-02-14 07:00'";25;2;62;23;1;poor
DEBB021;"'2018-02-14 08:00'";27;2;67;24;1;poor
DEBB021;"'2018-02-14 09:00'";29;2;73;26;1;poor
DEBB021;"'2018-02-14 10:00'";32;3;75;29;1;poor
DEBB021;"'2018-02-14 11:00'";32;13;56;28;1;moderate
DEBB021;"'2018-02-14 12:00'";29;31;42;26;3;moderate
DEBB021;"'2018-02-14 13:00'";23;57;20;20;2;moderate
DEBB021;"'2018-02-14 14:00'";21;64;16;17;1;moderate
DEBB021;"'2018-02-14 15:00'";18;60;30;14;1;good
DEBB021;"'2018-02-14 16:00'";19;64;21;14;1;good
DEBB021;"'2018-02-14 17:00'";17;62;22;14;1;good
DEBB021;"'2018-02-14 18:00'";26;33;53;18;1;moderate
DEBB021;"'2018-02-14 19:00'";30;23;61;23;1;poor
DEBB021;"'2018-02-14 20:00'";33;36;40;31;1;poor
DEBB021;"'2018-02-14 21:00'";35;33;37;33;1;poor
DEBB021;"'2018-02-14 22:00'";36;23;40;35;1;poor
DEBB021;"'2018-02-14 23:00'";35;18;36;35;1;poor
DEBB021;"'2018-02-14 24:00'";38;24;26;38;1;poor
DEBB021;"'2018-02-15 01:00'";35;39;17;35;1;poor
DEBB021;"'2018-02-15 02:00'";31;42;13;31;1;poor
DEBB021;"'2018-02-15 03:00'";33;41;13;33;1;poor
DEBB021;"'2018-02-15 04:00'";32;45;11;32;1;poor
DEBB021;"'2018-02-15 05:00'";31;45;12;30;1;moderate
DEBB021;"'2018-02-15 06:00'";28;44;13;28;1;moderate
DEBB021;"'2018-02-15 07:00'";27;42;15;27;1;moderate
DEBB021;"'2018-02-15 08:00'";32;31;24;32;1;poor
DEBB021;"'2018-02-15 09:00'";30;30;25;29;1;moderate
DEBB021;"'2018-02-15 10:00'";28;34;22;28;1;moderate
DEBB021;"'2018-02-15 11:00'";27;41;18;26;1;moderate
DEBB021;"'2018-02-15 12:00'";28;44;19;26;3;moderate
DEBB021;"'2018-02-15 13:00'";29;46;21;27;4;moderate
DEBB021;"'2018-02-15 14:00'";29;51;18;27;3;moderate
DEBB021;"'2018-02-15 15:00'";27;52;21;25;1;moderate
DEBB021;"'2018-02-15 16:00'";25;55;19;23;2;moderate
DEBB021;"'2018-02-15 17:00'";25;54;19;23;1;moderate
DEBB021;"'2018-02-15 18:00'";24;53;20;21;3;moderate
DEBB021;"'2018-02-15 19:00'";21;57;18;19;4;moderate
DEBB021;"'2018-02-15 20:00'";20;55;18;18;2;moderate
DEBB021;"'2018-02-15 21:00'";16;59;14;15;1;good
DEBB021;"'2018-02-15 22:00'";17;59;11;16;1;moderate
DEBB021;"'2018-02-15 23:00'";20;54;12;19;1;moderate
DEBB021;"'2018-02-15 24:00'";22;48;14;21;1;moderate
DEBB021;"'2018-02-16 01:00'";23;42;15;22;1;moderate
DEBB021;"'2018-02-16 02:00'";23;35;18;23;1;moderate
DEBB021;"'2018-02-16 03:00'";24;35;15;23;1;moderate
DEBB021;"'2018-02-16 04:00'";25;37;14;24;1;moderate
DEBB021;"'2018-02-16 05:00'";27;30;17;26;1;moderate
DEBB021;"'2018-02-16 06:00'";28;21;25;27;1;moderate
DEBB021;"'2018-02-16 07:00'";26;13;34;25;1;moderate
DEBB021;"'2018-02-16 08:00'";24;8;44;22;1;moderate
DEBB021;"'2018-02-16 09:00'";23;13;42;20;1;moderate
DEBB021;"'2018-02-16 10:00'";20;31;29;18;1;moderate
DEBB021;"'2018-02-16 11:00'";13;50;17;11;1;good
DEBB021;"'2018-02-16 12:00'";16;50;16;14;1;good
DEBB021;"'2018-02-16 13:00'";20;51;15;18;1;moderate
DEBB021;"'2018-02-16 14:00'";22;53;14;20;1;moderate
DEBB021;"'2018-02-16 15:00'";18;60;14;16;1;moderate
DEBB021;"'2018-02-16 16:00'";16;61;21;13;1;good
DEBB021;"'2018-02-16 17:00'";15;55;21;13;1;good
DEBB021;"'2018-02-16 18:00'";18;48;24;15;1;good
DEBB021;"'2018-02-16 19:00'";22;34;38;18;1;moderate
DEBB021;"'2018-02-16 20:00'";22;32;39;19;1;moderate
DEBB021;"'2018-02-16 21:00'";25;30;38;22;1;moderate
DEBB021;"'2018-02-16 22:00'";22;30;35;20;1;moderate
DEBB021;"'2018-02-16 23:00'";22;28;35;20;1;moderate
DEBB021;"'2018-02-16 24:00'";22;26;33;20;1;moderate
DEBB021;"'2018-02-17 01:00'";24;22;34;21;1;moderate
DEBB021;"'2018-02-17 02:00'";23;22;28;21;1;moderate
DEBB021;"'2018-02-17 03:00'";24;26;24;22;1;moderate
DEBB021;"'2018-02-17 04:00'";25;22;25;23;1;moderate
DEBB021;"'2018-02-17 05:00'";26;17;24;23;1;moderate
DEBB021;"'2018-02-17 06:00'";26;18;24;24;1;moderate
DEBB021;"'2018-02-17 07:00'";27;11;34;25;1;moderate
DEBB021;"'2018-02-17 08:00'";29;10;36;25;1;moderate
DEBB021;"'2018-02-17 09:00'";30;15;33;27;1;moderate
DEBB021;"'2018-02-17 10:00'";32;14;34;29;1;moderate
DEBB021;"'2018-02-17 11:00'";33;19;32;28;1;moderate
DEBB021;"'2018-02-17 12:00'";34;20;32;29;1;moderate
DEBB021;"'2018-02-17 13:00'";26;34;26;23;1;moderate
DEBB021;"'2018-02-17 14:00'";26;30;27;22;1;moderate
DEBB021;"'2018-02-17 15:00'";27;27;27;23;1;moderate
DEBB021;"'2018-02-17 16:00'";26;26;28;23;1;moderate
DEBB021;"'2018-02-17 17:00'";29;18;34;25;1;moderate
DEBB021;"'2018-02-17 18:00'";30;14;37;27;1;moderate
DEBB021;"'2018-02-17 19:00'";32;13;39;28;1;moderate
DEBB021;"'2018-02-17 20:00'";26;20;36;23;1;moderate
DEBB021;"'2018-02-17 21:00'";27;23;33;24;1;moderate
DEBB021;"'2018-02-17 22:00'";26;22;32;23;1;moderate
DEBB021;"'2018-02-17 23:00'";22;29;25;20;1;moderate
DEBB021;"'2018-02-17 24:00'";21;30;28;19;1;moderate
DEBB021;"'2018-02-18 01:00'";18;33;26;16;1;moderate
DEBB021;"'2018-02-18 02:00'";18;30;25;17;1;moderate
DEBB021;"'2018-02-18 03:00'";19;29;23;18;1;moderate
DEBB021;"'2018-02-18 04:00'";20;25;24;18;1;moderate
DEBB021;"'2018-02-18 05:00'";19;24;24;18;3;moderate
DEBB021;"'2018-02-18 06:00'";17;33;18;16;6;moderate
DEBB021;"'2018-02-18 07:00'";17;35;17;16;6;moderate
DEBB021;"'2018-02-18 08:00'";16;33;20;16;5;moderate
DEBB021;"'2018-02-18 09:00'";16;34;21;16;5;moderate
DEBB021;"'2018-02-18 10:00'";14;43;14;13;8;good
DEBB021;"'2018-02-18 11:00'";12;50;13;11;6;good
DEBB021;"'2018-02-18 12:00'";12;56;11;10;4;good
DEBB021;"'2018-02-18 13:00'";11;60;8;10;1;good
DEBB021;"'2018-02-18 14:00'";10;59;10;9;1;good
DEBB021;"'2018-02-18 15:00'";11;61;9;10;1;good
DEBB021;"'2018-02-18 16:00'";11;61;10;10;1;good
DEBB021;"'2018-02-18 17:00'";12;57;10;11;1;good
DEBB021;"'2018-02-18 18:00'";13;55;12;12;1;good
DEBB021;"'2018-02-18 19:00'";13;57;14;11;1;good
DEBB021;"'2018-02-18 20:00'";11;59;12;10;1;good
DEBB021;"'2018-02-18 21:00'";9;62;11;9;1;good
DEBB021;"'2018-02-18 22:00'";11;62;9;10;1;good
DEBB021;"'2018-02-18 23:00'";12;58;10;12;1;good
DEBB021;"'2018-02-18 24:00'";13;54;11;12;1;good
DEBB021;"'2018-02-19 01:00'";12;51;12;12;1;good
DEBB021;"'2018-02-19 02:00'";12;49;11;12;1;good
DEBB021;"'2018-02-19 03:00'";13;46;12;13;1;good
DEBB021;"'2018-02-19 04:00'";13;46;12;13;1;good
DEBB021;"'2018-02-19 05:00'";14;46;11;13;1;good
DEBB021;"'2018-02-19 06:00'";14;40;16;14;1;good
DEBB021;"'2018-02-19 07:00'";16;29;26;15;1;good
DEBB021;"'2018-02-19 08:00'";18;12;46;17;1;moderate
DEBB021;"'2018-02-19 09:00'";21;14;45;18;1;moderate
DEBB021;"'2018-02-19 10:00'";26;28;29;20;1;moderate
DEBB021;"'2018-02-19 11:00'";24;36;21;20;1;moderate
DEBB021;"'2018-02-19 12:00'";24;39;18;21;1;moderate
DEBB021;"'2018-02-19 13:00'";24;46;15;22;1;moderate
DEBB021;"'2018-02-19 14:00'";24;51;15;21;2;moderate
DEBB021;"'2018-02-19 15:00'";20;55;14;19;1;moderate
DEBB021;"'2018-02-19 16:00'";20;58;15;17;3;moderate
DEBB021;"'2018-02-19 17:00'";20;55;20;18;2;moderate
DEBB021;"'2018-02-19 18:00'";22;42;32;18;3;moderate
DEBB021;"'2018-02-19 19:00'";28;19;57;23;3;moderate
DEBB021;"'2018-02-19 20:00'";29;7;71;23;3;poor
DEBB021;"'2018-02-19 21:00'";30;10;61;25;3;poor
DEBB021;"'2018-02-19 22:00'";32;11;54;28;2;moderate
DEBB021;"'2018-02-19 23:00'";31;10;54;28;3;moderate
DEBB021;"'2018-02-19 24:00'";29;22;41;27;4;moderate
DEBB021;"'2018-02-20 01:00'";28;31;30;26;4;moderate
DEBB021;"'2018-02-20 02:00'";29;30;30;27;4;moderate
DEBB021;"'2018-02-20 03:00'";31;28;32;29;4;moderate
DEBB021;"'2018-02-20 04:00'";36;28;28;34;4;poor
DEBB021;"'2018-02-20 05:00'";40;26;28;38;5;poor
DEBB021;"'2018-02-20 06:00'";42;25;29;40;5;poor
DEBB021;"'2018-02-20 07:00'";44;21;33;42;4;poor
DEBB021;"'2018-02-20 08:00'";48;12;42;44;4;poor
DEBB021;"'2018-02-20 09:00'";51;13;41;46;5;poor
DEBB021;"'2018-02-20 10:00'";50;25;29;46;6;poor
DEBB021;"'2018-02-20 11:00'";50;35;24;47;7;poor
DEBB021;"'2018-02-20 12:00'";49;46;21;46;9;poor
DEBB021;"'2018-02-20 13:00'";42;58;19;39;7;poor
DEBB021;"'2018-02-20 14:00'";37;63;19;34;8;poor
DEBB021;"'2018-02-20 15:00'";38;56;33;32;7;poor
DEBB021;"'2018-02-20 16:00'";32;56;29;28;6;moderate
DEBB021;"'2018-02-20 17:00'";29;56;27;26;4;moderate
DEBB021;"'2018-02-20 18:00'";23;56;26;21;1;moderate
DEBB021;"'2018-02-20 19:00'";22;49;32;20;1;moderate
DEBB021;"'2018-02-20 20:00'";24;41;39;21;2;moderate
DEBB021;"'2018-02-20 21:00'";26;38;38;23;1;moderate
DEBB021;"'2018-02-20 22:00'";27;32;42;24;3;moderate
DEBB021;"'2018-02-20 23:00'";28;26;43;26;1;moderate
DEBB021;"'2018-02-20 24:00'";32;20;46;30;1;moderate
DEBB021;"'2018-02-21 01:00'";33;27;39;31;1;poor
DEBB021;"'2018-02-21 02:00'";30;33;29;30;1;moderate
DEBB021;"'2018-02-21 03:00'";29;36;24;29;1;moderate
DEBB021;"'2018-02-21 04:00'";29;36;22;28;1;moderate
DEBB021;"'2018-02-21 05:00'";28;34;22;28;1;moderate
DEBB021;"'2018-02-21 06:00'";29;24;31;28;4;moderate
DEBB021;"'2018-02-21 07:00'";29;15;42;28;1;moderate
DEBB021;"'2018-02-21 08:00'";30;11;43;29;1;moderate
DEBB021;"'2018-02-21 09:00'";33;12;45;31;1;poor
DEBB021;"'2018-02-21 10:00'";35;15;48;32;2;poor
DEBB021;"'2018-02-21 11:00'";35;27;42;30;3;moderate
DEBB021;"'2018-02-21 12:00'";30;41;31;26;3;moderate
DEBB021;"'2018-02-21 13:00'";26;47;29;22;1;moderate
DEBB021;"'2018-02-21 14:00'";20;56;22;17;1;moderate
DEBB021;"'2018-02-21 15:00'";16;62;18;14;1;good
DEBB021;"'2018-02-21 16:00'";15;65;15;12;1;good
DEBB021;"'2018-02-21 17:00'";14;61;20;13;1;good
DEBB021;"'2018-02-21 18:00'";15;55;26;13;1;good
DEBB021;"'2018-02-21 19:00'";19;44;34;17;1;moderate
DEBB021;"'2018-02-21 20:00'";21;32;46;18;1;moderate
DEBB021;"'2018-02-21 21:00'";24;18;60;21;1;moderate
DEBB021;"'2018-02-21 22:00'";25;23;50;22;1;moderate
DEBB021;"'2018-02-21 23:00'";20;34;36;19;1;moderate
DEBB021;"'2018-02-21 24:00'";16;40;25;16;1;moderate
DEBB021;"'2018-02-22 01:00'";16;42;21;15;1;good
DEBB021;"'2018-02-22 02:00'";15;43;17;15;1;good
DEBB021;"'2018-02-22 03:00'";16;40;19;15;1;good
DEBB021;"'2018-02-22 04:00'";16;36;20;16;1;moderate
DEBB021;"'2018-02-22 05:00'";18;35;22;18;3;moderate
DEBB021;"'2018-02-22 06:00'";18;28;26;18;1;moderate
DEBB021;"'2018-02-22 07:00'";21;17;38;20;1;moderate
DEBB021;"'2018-02-22 08:00'";24;9;43;23;1;moderate
DEBB021;"'2018-02-22 09:00'";25;11;43;24;1;moderate
DEBB021;"'2018-02-22 10:00'";30;15;45;27;3;moderate
DEBB021;"'2018-02-22 11:00'";27;23;46;24;3;moderate
DEBB021;"'2018-02-22 12:00'";23;30;48;20;1;moderate
DEBB021;"'2018-02-22 13:00'";18;51;28;15;1;good
DEBB021;"'2018-02-22 14:00'";18;51;27;15;1;good
DEBB021;"'2018-02-22 15:00'";14;59;21;11;1;good
DEBB021;"'2018-02-22 16:00'";14;57;22;12;1;good
DEBB021;"'2018-02-22 17:00'";14;54;20;13;1;good
DEBB021;"'2018-02-22 18:00'";16;50;25;14;1;good
DEBB021;"'2018-02-22 19:00'";15;48;27;14;1;good
DEBB021;"'2018-02-22 20:00'";18;43;27;17;1;moderate
DEBB021;"'2018-02-22 21:00'";14;51;22;13;1;good
DEBB021;"'2018-02-22 22:00'";12;47;26;11;1;good
DEBB021;"'2018-02-22 23:00'";13;49;22;12;1;good
DEBB021;"'2018-02-22 24:00'";14;50;19;13;1;good
DEBB021;"'2018-02-23 01:00'";13;56;13;13;1;good
DEBB021;"'2018-02-23 02:00'";13;64;7;12;1;good
DEBB021;"'2018-02-23 03:00'";13;59;9;13;1;good
DEBB021;"'2018-02-23 04:00'";16;59;11;15;1;good
DEBB021;"'2018-02-23 05:00'";17;48;18;17;1;moderate
DEBB021;"'2018-02-23 06:00'";20;45;21;19;1;moderate
DEBB021;"'2018-02-23 07:00'";23;32;33;21;3;moderate
DEBB021;"'2018-02-23 08:00'";28;18;47;26;5;moderate
DEBB021;"'2018-02-23 09:00'";38;31;35;31;4;poor
DEBB021;"'2018-02-23 10:00'";36;41;25;32;3;poor
DEBB021;"'2018-02-23 11:00'";40;46;20;35;3;poor
DEBB021;"'2018-02-23 12:00'";38;49;20;32;3;poor
DEBB021;"'2018-02-23 13:00'";30;53;22;25;2;moderate
DEBB021;"'2018-02-23 14:00'";26;57;21;22;1;moderate
DEBB021;"'2018-02-23 15:00'";25;58;20;22;1;moderate
DEBB021;"'2018-02-23 16:00'";25;57;21;22;1;moderate
DEBB021;"'2018-02-23 17:00'";22;58;20;19;1;moderate
DEBB021;"'2018-02-23 18:00'";23;54;22;20;1;moderate
DEBB021;"'2018-02-23 19:00'";22;54;22;20;1;moderate
DEBB021;"'2018-02-23 20:00'";19;49;26;17;1;moderate
DEBB021;"'2018-02-23 21:00'";19;47;28;16;1;moderate
DEBB021;"'2018-02-23 22:00'";17;46;27;15;1;good
DEBB021;"'2018-02-23 23:00'";19;41;32;17;1;moderate
DEBB021;"'2018-02-23 24:00'";23;29;40;21;1;moderate
DEBB021;"'2018-02-24 01:00'";25;30;35;23;1;moderate
DEBB021;"'2018-02-24 02:00'";25;29;35;23;2;moderate
DEBB021;"'2018-02-24 03:00'";23;28;31;22;2;moderate
DEBB021;"'2018-02-24 04:00'";22;27;30;21;1;moderate
DEBB021;"'2018-02-24 05:00'";19;39;19;19;1;moderate
DEBB021;"'2018-02-24 06:00'";15;48;15;15;1;good
DEBB021;"'2018-02-24 07:00'";14;45;13;14;1;good
DEBB021;"'2018-02-24 08:00'";13;44;16;13;1;good
DEBB021;"'2018-02-24 09:00'";9;61;10;7;1;good
DEBB021;"'2018-02-24 10:00'";8;71;9;4;1;good
DEBB021;"'2018-02-24 11:00'";16;72;7;4;1;good
DEBB021;"'2018-02-24 12:00'";9;70;8;6;1;good
DEBB021;"'2018-02-24 13:00'";8;71;8;5;1;good
DEBB021;"'2018-02-24 14:00'";8;71;8;6;1;good
DEBB021;"'2018-02-24 15:00'";7;75;6;5;1;moderate
DEBB021;"'2018-02-24 16:00'";9;75;6;6;1;moderate
DEBB021;"'2018-02-24 17:00'";9;73;7;6;1;moderate
DEBB021;"'2018-02-24 18:00'";7;70;9;6;1;good
DEBB021;"'2018-02-24 19:00'";7;69;10;6;1;good
DEBB021;"'2018-02-24 20:00'";7;67;11;6;1;good
DEBB021;"'2018-02-24 21:00'";7;65;12;7;1;good
DEBB021;"'2018-02-24 22:00'";6;65;11;6;1;good
DEBB021;"'2018-02-24 23:00'";7;64;10;7;1;good
DEBB021;"'2018-02-24 24:00'";8;62;11;7;1;good
DEBB021;"'2018-02-25 01:00'";8;64;9;7;1;good
DEBB021;"'2018-02-25 02:00'";8;61;10;8;1;good
DEBB021;"'2018-02-25 03:00'";8;57;13;8;1;good
DEBB021;"'2018-02-25 04:00'";8;54;15;8;2;good
DEBB021;"'2018-02-25 05:00'";10;46;18;9;1;good
DEBB021;"'2018-02-25 06:00'";10;43;20;10;1;good
DEBB021;"'2018-02-25 07:00'";10;43;21;10;1;good
DEBB021;"'2018-02-25 08:00'";11;40;23;11;1;good
DEBB021;"'2018-02-25 09:00'";11;42;22;11;1;good
DEBB021;"'2018-02-25 10:00'";9;60;13;8;1;good
DEBB021;"'2018-02-25 11:00'";7;67;10;7;1;good
DEBB021;"'2018-02-25 12:00'";7;68;11;7;1;good
DEBB021;"'2018-02-25 13:00'";9;69;11;8;1;good
DEBB021;"'2018-02-25 14:00'";9;69;11;8;1;good
DEBB021;"'2018-02-25 15:00'";7;70;11;6;1;good
DEBB021;"'2018-02-25 16:00'";6;70;10;6;1;good
DEBB021;"'2018-02-25 17:00'";8;68;12;6;1;good
DEBB021;"'2018-02-25 18:00'";10;66;13;8;1;good
DEBB021;"'2018-02-25 19:00'";11;65;12;10;1;good
DEBB021;"'2018-02-25 20:00'";12;58;17;11;1;good
DEBB021;"'2018-02-25 21:00'";12;59;15;11;1;good
DEBB021;"'2018-02-25 22:00'";17;54;17;16;1;moderate
DEBB021;"'2018-02-25 23:00'";19;56;16;17;1;moderate
DEBB021;"'2018-02-25 24:00'";19;55;15;18;2;moderate
DEBB021;"'2018-02-26 01:00'";21;47;19;20;2;moderate
DEBB021;"'2018-02-26 02:00'";18;54;12;18;1;moderate
DEBB021;"'2018-02-26 03:00'";16;54;11;16;1;moderate
DEBB021;"'2018-02-26 04:00'";18;51;13;17;4;moderate
DEBB021;"'2018-02-26 05:00'";19;45;17;18;2;moderate
DEBB021;"'2018-02-26 06:00'";20;34;20;19;1;moderate
DEBB021;"'2018-02-26 07:00'";21;29;27;20;1;moderate
DEBB021;"'2018-02-26 08:00'";15;30;29;15;1;good
DEBB021;"'2018-02-26 09:00'";14;37;28;13;1;good
DEBB021;"'2018-02-26 10:00'";13;51;23;12;1;good
DEBB021;"'2018-02-26 11:00'";10;62;18;8;2;good
DEBB021;"'2018-02-26 12:00'";11;62;20;7;1;good
DEBB021;"'2018-02-26 13:00'";11;67;15;7;1;good
DEBB021;"'2018-02-26 14:00'";15;67;13;8;1;good
DEBB021;"'2018-02-26 15:00'";15;68;13;10;1;good
DEBB021;"'2018-02-26 16:00'";13;68;13;9;1;good
DEBB021;"'2018-02-26 17:00'";13;70;12;9;1;good
DEBB021;"'2018-02-26 18:00'";11;70;12;7;1;good
DEBB021;"'2018-02-26 19:00'";8;69;12;6;1;good
DEBB021;"'2018-02-26 20:00'";8;66;15;7;1;good
DEBB021;"'2018-02-26 21:00'";8;62;17;7;1;good
DEBB021;"'2018-02-26 22:00'";10;66;11;8;1;good
DEBB021;"'2018-02-26 23:00'";10;66;10;8;1;good
DEBB021;"'2018-02-26 24:00'";11;63;11;9;4;good
DEBB021;"'2018-02-27 01:00'";12;64;11;10;5;good
DEBB021;"'2018-02-27 02:00'";14;62;13;10;6;good
DEBB021;"'2018-02-27 03:00'";15;51;20;11;7;good
DEBB021;"'2018-02-27 04:00'";15;39;26;12;6;good
DEBB021;"'2018-02-27 05:00'";15;36;28;13;5;good
DEBB021;"'2018-02-27 06:00'";18;17;48;15;4;moderate
DEBB021;"'2018-02-27 07:00'";24;2;63;17;2;poor
DEBB021;"'2018-02-27 08:00'";25;6;69;18;3;poor
DEBB021;"'2018-02-27 09:00'";31;27;49;19;3;moderate
DEBB021;"'2018-02-27 10:00'";21;64;17;13;2;good
DEBB021;"'2018-02-27 11:00'";15;63;19;12;1;good
DEBB021;"'2018-02-27 12:00'";20;60;21;13;1;good
DEBB021;"'2018-02-27 13:00'";20;66;16;11;1;good
DEBB021;"'2018-02-27 14:00'";10;74;10;8;1;moderate
DEBB021;"'2018-02-27 15:00'";13;73;12;8;1;moderate
DEBB021;"'2018-02-27 16:00'";13;68;16;8;1;good
DEBB021;"'2018-02-27 17:00'";15;61;22;10;1;good
DEBB021;"'2018-02-27 18:00'";14;62;20;10;1;good
DEBB021;"'2018-02-27 19:00'";18;63;17;14;3;good
DEBB021;"'2018-02-27 20:00'";21;62;15;18;10;moderate
DEBB021;"'2018-02-27 21:00'";22;60;16;20;7;moderate
DEBB021;"'2018-02-27 22:00'";22;61;14;20;4;moderate
DEBB021;"'2018-02-27 23:00'";25;60;12;20;4;moderate
DEBB021;"'2018-02-27 24:00'";24;60;10;18;6;moderate
DEBB021;"'2018-02-28 01:00'";23;58;11;20;6;moderate
DEBB021;"'2018-02-28 02:00'";27;57;11;25;4;moderate
DEBB021;"'2018-02-28 03:00'";28;56;10;26;4;moderate
DEBB021;"'2018-02-28 04:00'";28;53;12;26;4;moderate
DEBB021;"'2018-02-28 05:00'";27;53;13;26;3;moderate
DEBB021;"'2018-02-28 06:00'";28;51;15;26;3;moderate
DEBB021;"'2018-02-28 07:00'";28;51;17;25;3;moderate
DEBB021;"'2018-02-28 08:00'";27;47;22;25;4;moderate
DEBB021;"'2018-02-28 09:00'";29;45;24;25;4;moderate
DEBB021;"'2018-02-28 10:00'";30;50;20;25;4;moderate
DEBB021;"'2018-02-28 11:00'";30;59;14;23;2;moderate
DEBB021;"'2018-02-28 12:00'";34;63;11;23;1;moderate
DEBB021;"'2018-02-28 13:00'";31;61;11;23;1;moderate
DEBB021;"'2018-02-28 14:00'";30;59;13;23;1;moderate
DEBB021;"'2018-02-28 15:00'";32;61;16;23;1;moderate
DEBB021;"'2018-02-28 16:00'";33;62;17;22;1;moderate
DEBB021;"'2018-02-28 17:00'";30;60;18;22;1;moderate
DEBB021;"'2018-02-28 18:00'";28;60;19;22;1;moderate
DEBB021;"'2018-02-28 19:00'";26;59;20;21;1;moderate
DEBB021;"'2018-02-28 20:00'";26;57;19;22;2;moderate
DEBB021;"'2018-02-28 21:00'";28;53;20;23;4;moderate
DEBB021;"'2018-02-28 22:00'";30;50;20;25;2;moderate
DEBB021;"'2018-02-28 23:00'";30;51;17;24;1;moderate
DEBB021;"'2018-02-28 24:00'";27;54;13;22;1;moderate
DEBB021;"'2018-03-01 01:00'";25;53;15;21;1;moderate
DEBB021;"'2018-03-01 02:00'";22;51;15;20;4;moderate
DEBB021;"'2018-03-01 03:00'";19;51;14;18;4;moderate
DEBB021;"'2018-03-01 04:00'";19;50;14;18;3;moderate
DEBB021;"'2018-03-01 05:00'";18;48;16;17;4;moderate
DEBB021;"'2018-03-01 06:00'";18;44;19;17;5;moderate
DEBB021;"'2018-03-01 07:00'";19;40;23;18;4;moderate
DEBB021;"'2018-03-01 08:00'";23;35;28;21;4;moderate
DEBB021;"'2018-03-01 09:00'";30;36;26;24;4;moderate
DEBB021;"'2018-03-01 10:00'";31;42;21;25;3;moderate
DEBB021;"'2018-03-01 11:00'";31;50;17;23;2;moderate
DEBB021;"'2018-03-01 12:00'";30;54;17;22;3;moderate
DEBB021;"'2018-03-01 13:00'";31;56;19;21;2;moderate
DEBB021;"'2018-03-01 14:00'";30;62;17;18;3;moderate
DEBB021;"'2018-03-01 15:00'";27;64;16;17;1;moderate
DEBB021;"'2018-03-01 16:00'";32;61;19;19;3;moderate
DEBB021;"'2018-03-01 17:00'";32;60;21;22;3;moderate
DEBB021;"'2018-03-01 18:00'";31;58;21;23;3;moderate
DEBB021;"'2018-03-01 19:00'";31;57;19;25;3;moderate
DEBB021;"'2018-03-01 20:00'";32;55;19;26;4;moderate
DEBB021;"'2018-03-01 21:00'";31;55;17;27;4;moderate
DEBB021;"'2018-03-01 22:00'";34;52;17;29;4;moderate
DEBB021;"'2018-03-01 23:00'";36;48;17;30;3;moderate
DEBB021;"'2018-03-01 24:00'";39;46;17;32;4;poor
DEBB021;"'2018-03-02 01:00'";37;43;18;32;5;poor
DEBB021;"'2018-03-02 02:00'";34;43;19;31;5;poor
DEBB021;"'2018-03-02 03:00'";35;42;18;32;6;poor
DEBB021;"'2018-03-02 04:00'";37;39;18;34;6;poor
DEBB021;"'2018-03-02 05:00'";39;35;21;36;6;poor
DEBB021;"'2018-03-02 06:00'";41;32;24;38;6;poor
DEBB021;"'2018-03-02 07:00'";43;25;32;39;7;poor
DEBB021;"'2018-03-02 08:00'";47;17;43;41;8;poor
DEBB021;"'2018-03-02 09:00'";57;24;38;43;8;poor
DEBB021;"'2018-03-02 10:00'";59;33;33;45;9;poor
DEBB021;"'2018-03-02 11:00'";54;44;28;40;8;poor
DEBB021;"'2018-03-02 12:00'";50;55;19;37;8;poor
DEBB021;"'2018-03-02 13:00'";48;60;18;37;7;poor
DEBB021;"'2018-03-02 14:00'";47;64;19;37;8;poor
DEBB021;"'2018-03-02 15:00'";51;65;20;39;7;poor
DEBB021;"'2018-03-02 16:00'";53;65;21;42;5;poor
DEBB021;"'2018-03-02 17:00'";49;64;23;40;5;poor
DEBB021;"'2018-03-02 18:00'";49;61;24;39;6;poor
DEBB021;"'2018-03-02 19:00'";42;59;25;35;4;poor
DEBB021;"'2018-03-02 20:00'";37;58;24;31;5;poor
DEBB021;"'2018-03-02 21:00'";39;54;24;33;6;poor
DEBB021;"'2018-03-02 22:00'";43;55;20;36;5;poor
DEBB021;"'2018-03-02 23:00'";45;53;20;39;5;poor
DEBB021;"'2018-03-02 24:00'";48;48;21;41;5;poor
DEBB021;"'2018-03-03 01:00'";46;49;17;40;6;poor
DEBB021;"'2018-03-03 02:00'";48;42;20;42;6;poor
DEBB021;"'2018-03-03 03:00'";49;39;21;43;7;poor
DEBB021;"'2018-03-03 04:00'";47;38;20;42;5;poor
DEBB021;"'2018-03-03 05:00'";45;36;21;41;5;poor
DEBB021;"'2018-03-03 06:00'";46;35;21;41;6;poor
DEBB021;"'2018-03-03 07:00'";47;34;22;42;4;poor
DEBB021;"'2018-03-03 08:00'";47;35;21;43;5;poor
DEBB021;"'2018-03-03 09:00'";47;39;20;42;5;poor
DEBB021;"'2018-03-03 10:00'";46;48;16;39;5;poor
DEBB021;"'2018-03-03 11:00'";43;56;14;34;6;poor
DEBB021;"'2018-03-03 12:00'";43;63;12;31;4;poor
DEBB021;"'2018-03-03 13:00'";37;65;13;30;4;moderate
DEBB021;"'2018-03-03 14:00'";38;66;14;32;4;poor
DEBB021;"'2018-03-03 15:00'";34;68;15;28;4;moderate
DEBB021;"'2018-03-03 16:00'";36;72;14;27;5;moderate
DEBB021;"'2018-03-03 17:00'";33;72;14;28;5;moderate
DEBB021;"'2018-03-03 18:00'";34;73;15;29;4;moderate
DEBB021;"'2018-03-03 19:00'";37;69;16;32;4;poor
DEBB021;"'2018-03-03 20:00'";39;62;20;34;4;poor
DEBB021;"'2018-03-03 21:00'";38;62;19;33;3;poor
DEBB021;"'2018-03-03 22:00'";41;61;19;37;4;poor
DEBB021;"'2018-03-03 23:00'";45;56;22;39;3;poor
DEBB021;"'2018-03-03 24:00'";46;56;20;41;3;poor
DEBB021;"'2018-03-04 01:00'";46;57;18;42;4;poor
DEBB021;"'2018-03-04 02:00'";46;56;17;41;4;poor
DEBB021;"'2018-03-04 03:00'";47;56;15;42;5;poor
DEBB021;"'2018-03-04 04:00'";48;56;15;44;5;poor
DEBB021;"'2018-03-04 05:00'";48;55;15;45;5;poor
DEBB021;"'2018-03-04 06:00'";49;52;16;46;6;poor
DEBB021;"'2018-03-04 07:00'";50;50;17;47;7;poor
DEBB021;"'2018-03-04 08:00'";51;51;17;48;7;poor
DEBB021;"'2018-03-04 09:00'";51;54;16;47;8;poor
DEBB021;"'2018-03-04 10:00'";52;61;15;46;10;poor
DEBB021;"'2018-03-04 11:00'";52;66;15;47;11;poor
DEBB021;"'2018-03-04 12:00'";53;70;17;48;12;poor
DEBB021;"'2018-03-04 13:00'";54;77;15;49;11;poor
DEBB021;"'2018-03-04 14:00'";54;81;16;48;11;poor
DEBB021;"'2018-03-04 15:00'";53;84;16;47;11;poor
DEBB021;"'2018-03-04 16:00'";53;89;15;47;10;poor
DEBB021;"'2018-03-04 17:00'";52;90;17;46;10;poor
DEBB021;"'2018-03-04 18:00'";56;83;23;47;10;poor
DEBB021;"'2018-03-04 19:00'";55;78;27;49;10;poor
DEBB021;"'2018-03-04 20:00'";49;81;20;44;7;poor
DEBB021;"'2018-03-04 21:00'";49;78;18;45;7;poor
DEBB021;"'2018-03-04 22:00'";54;76;18;50;8;poor
DEBB021;"'2018-03-04 23:00'";54;72;18;50;9;poor
DEBB021;"'2018-03-04 24:00'";54;67;19;49;9;poor
DEBB021;"'2018-03-05 01:00'";52;63;19;48;9;poor
DEBB021;"'2018-03-05 02:00'";50;56;22;47;10;poor
DEBB021;"'2018-03-05 03:00'";50;55;22;46;10;poor
DEBB021;"'2018-03-05 04:00'";49;57;21;45;10;poor
DEBB021;"'2018-03-05 05:00'";50;57;23;45;9;poor
DEBB021;"'2018-03-05 06:00'";51;51;27;47;7;poor
DEBB021;"'2018-03-05 07:00'";52;40;40;49;6;poor
DEBB021;"'2018-03-05 08:00'";56;29;55;52;6;"very poor"
DEBB021;"'2018-03-05 09:00'";57;38;44;54;6;"very poor"
DEBB021;"'2018-03-05 10:00'";55;41;40;52;6;"very poor"
DEBB021;"'2018-03-05 11:00'";55;37;42;51;6;"very poor"
DEBB021;"'2018-03-05 12:00'";49;43;35;46;6;poor
DEBB021;"'2018-03-05 13:00'";53;50;26;42;6;poor
DEBB021;"'2018-03-05 14:00'";45;58;19;38;5;poor
DEBB021;"'2018-03-05 15:00'";43;63;19;36;5;poor
DEBB021;"'2018-03-05 16:00'";41;65;22;34;5;poor
DEBB021;"'2018-03-05 17:00'";39;66;25;32;5;poor
DEBB021;"'2018-03-05 18:00'";46;55;39;35;5;poor
DEBB021;"'2018-03-05 19:00'";55;37;62;43;4;poor
DEBB021;"'2018-03-05 20:00'";56;48;50;46;4;poor
DEBB021;"'2018-03-05 21:00'";57;33;60;48;4;poor
DEBB021;"'2018-03-05 22:00'";52;37;53;45;3;poor
DEBB021;"'2018-03-05 23:00'";50;35;46;44;1;poor
DEBB021;"'2018-03-05 24:00'";45;37;38;41;1;poor
DEBB021;"'2018-03-06 01:00'";44;38;34;41;1;poor
DEBB021;"'2018-03-06 02:00'";40;39;29;37;1;poor
DEBB021;"'2018-03-06 03:00'";39;35;30;36;1;poor
DEBB021;"'2018-03-06 04:00'";39;41;23;37;1;poor
DEBB021;"'2018-03-06 05:00'";41;38;24;39;1;poor
DEBB021;"'2018-03-06 06:00'";43;36;30;41;1;poor
DEBB021;"'2018-03-06 07:00'";45;30;40;43;2;poor
DEBB021;"'2018-03-06 08:00'";46;19;54;43;4;poor
DEBB021;"'2018-03-06 09:00'";45;24;53;42;6;poor
DEBB021;"'2018-03-06 10:00'";43;36;46;40;8;poor
DEBB021;"'2018-03-06 11:00'";42;50;38;38;11;poor
DEBB021;"'2018-03-06 12:00'";43;64;27;37;11;poor
DEBB021;"'2018-03-06 13:00'";40;70;24;34;12;poor
DEBB021;"'2018-03-06 14:00'";40;72;25;34;11;poor
DEBB021;"'2018-03-06 15:00'";41;74;25;34;10;poor
DEBB021;"'2018-03-06 16:00'";47;68;31;39;11;poor
DEBB021;"'2018-03-06 17:00'";57;60;38;47;11;poor
DEBB021;"'2018-03-06 18:00'";70;56;33;63;7;"very poor"
DEBB021;"'2018-03-06 19:00'";64;35;45;62;3;"very poor"
DEBB021;"'2018-03-06 20:00'";61;29;44;61;1;"very poor"
DEBB021;"'2018-03-06 21:00'";60;25;44;60;1;"very poor"
DEBB021;"'2018-03-06 22:00'";57;15;54;57;1;"very poor"
DEBB021;"'2018-03-06 23:00'";53;15;57;52;1;"very poor"
DEBB021;"'2018-03-06 24:00'";48;18;49;48;1;poor
DEBB021;"'2018-03-07 01:00'";43;22;38;43;1;poor
DEBB021;"'2018-03-07 02:00'";40;22;33;40;1;poor
DEBB021;"'2018-03-07 03:00'";40;14;40;40;1;poor
DEBB021;"'2018-03-07 04:00'";39;15;37;39;1;poor
DEBB021;"'2018-03-07 05:00'";41;12;41;41;3;poor
DEBB021;"'2018-03-07 06:00'";37;18;33;37;1;poor
DEBB021;"'2018-03-07 07:00'";34;15;36;34;1;poor
DEBB021;"'2018-03-07 08:00'";33;10;41;33;1;poor
DEBB021;"'2018-03-07 09:00'";36;12;37;36;1;poor
DEBB021;"'2018-03-07 10:00'";36;11;39;35;1;poor
DEBB021;"'2018-03-07 11:00'";33;16;30;32;1;poor
DEBB021;"'2018-03-07 12:00'";30;16;34;30;1;moderate
DEBB021;"'2018-03-07 13:00'";31;30;26;31;1;poor
DEBB021;"'2018-03-07 14:00'";33;40;24;32;1;poor
DEBB021;"'2018-03-07 15:00'";32;51;20;32;1;poor
DEBB021;"'2018-03-07 16:00'";32;48;24;32;1;poor
DEBB021;"'2018-03-07 17:00'";31;49;22;31;1;poor
DEBB021;"'2018-03-07 18:00'";32;44;26;32;1;poor
DEBB021;"'2018-03-07 19:00'";35;40;29;35;1;poor
DEBB021;"'2018-03-07 20:00'";39;39;31;39;1;poor
DEBB021;"'2018-03-07 21:00'";41;38;30;41;1;poor
DEBB021;"'2018-03-07 22:00'";43;41;25;42;1;poor
DEBB021;"'2018-03-07 23:00'";46;37;27;46;1;poor
DEBB021;"'2018-03-07 24:00'";46;36;22;46;1;poor
DEBB021;"'2018-03-08 01:00'";46;35;18;46;1;poor
DEBB021;"'2018-03-08 02:00'";46;31;19;45;1;poor
DEBB021;"'2018-03-08 03:00'";47;27;21;46;1;poor
DEBB021;"'2018-03-08 04:00'";47;18;24;46;1;poor
DEBB021;"'2018-03-08 05:00'";46;11;30;45;1;poor
DEBB021;"'2018-03-08 06:00'";40;11;33;39;1;poor
DEBB021;"'2018-03-08 07:00'";28;18;32;28;1;moderate
DEBB021;"'2018-03-08 08:00'";18;26;27;18;1;moderate
DEBB021;"'2018-03-08 09:00'";15;28;24;14;1;good
DEBB021;"'2018-03-08 10:00'";14;30;24;14;1;good
DEBB021;"'2018-03-08 11:00'";13;44;21;12;1;good
DEBB021;"'2018-03-08 12:00'";16;42;28;15;1;good
DEBB021;"'2018-03-08 13:00'";17;42;23;16;1;moderate
DEBB021;"'2018-03-08 14:00'";18;54;17;17;1;moderate
DEBB021;"'2018-03-08 15:00'";17;63;16;15;1;good
DEBB021;"'2018-03-08 16:00'";10;71;16;9;1;good
DEBB021;"'2018-03-08 17:00'";8;71;18;6;1;good
DEBB021;"'2018-03-08 18:00'";10;64;22;7;1;good
DEBB021;"'2018-03-08 19:00'";11;58;24;9;1;good
DEBB021;"'2018-03-08 20:00'";11;54;25;9;1;good
DEBB021;"'2018-03-08 21:00'";10;59;18;9;1;good
DEBB021;"'2018-03-08 22:00'";9;58;16;8;1;good
DEBB021;"'2018-03-08 23:00'";9;56;16;8;1;good
DEBB021;"'2018-03-08 24:00'";7;63;13;6;1;good
DEBB021;"'2018-03-09 01:00'";3;72;9;3;1;good
DEBB021;"'2018-03-09 02:00'";5;68;8;5;1;good
DEBB021;"'2018-03-09 03:00'";8;64;7;8;1;good
DEBB021;"'2018-03-09 04:00'";8;63;6;8;1;good
DEBB021;"'2018-03-09 05:00'";9;63;7;9;1;good
DEBB021;"'2018-03-09 06:00'";9;61;8;9;1;good
DEBB021;"'2018-03-09 07:00'";10;56;13;10;1;good
DEBB021;"'2018-03-09 08:00'";12;53;15;11;1;good
DEBB021;"'2018-03-09 09:00'";14;52;17;13;1;good
DEBB021;"'2018-03-09 10:00'";14;53;17;13;1;good
DEBB021;"'2018-03-09 11:00'";18;56;16;16;1;moderate
DEBB021;"'2018-03-09 12:00'";20;56;18;18;1;moderate
DEBB021;"'2018-03-09 13:00'";22;56;18;18;1;moderate
DEBB021;"'2018-03-09 14:00'";21;62;16;19;1;moderate
DEBB021;"'2018-03-09 15:00'";18;70;12;16;1;moderate
DEBB021;"'2018-03-09 16:00'";18;67;17;16;1;moderate
DEBB021;"'2018-03-09 17:00'";18;64;15;16;1;moderate
DEBB021;"'2018-03-09 18:00'";19;57;23;17;1;moderate
DEBB021;"'2018-03-09 19:00'";23;39;41;19;1;moderate
DEBB021;"'2018-03-09 20:00'";27;24;54;23;1;moderate
DEBB021;"'2018-03-09 21:00'";27;11;65;23;1;poor
DEBB021;"'2018-03-09 22:00'";23;8;59;21;1;moderate
DEBB021;"'2018-03-09 23:00'";27;2;64;25;1;poor
DEBB021;"'2018-03-09 24:00'";28;2;63;25;1;poor
DEBB021;"'2018-03-10 01:00'";25;2;65;23;1;poor
DEBB021;"'2018-03-10 02:00'";21;2;59;20;1;moderate
DEBB021;"'2018-03-10 03:00'";21;8;49;19;1;moderate
DEBB021;"'2018-03-10 04:00'";19;8;46;18;1;moderate
DEBB021;"'2018-03-10 05:00'";18;9;45;17;1;moderate
DEBB021;"'2018-03-10 06:00'";18;6;46;18;1;moderate
DEBB021;"'2018-03-10 07:00'";18;2;49;18;1;moderate
DEBB021;"'2018-03-10 08:00'";19;7;46;18;1;moderate
DEBB021;"'2018-03-10 09:00'";18;16;35;17;1;moderate
DEBB021;"'2018-03-10 10:00'";19;20;30;18;1;moderate
DEBB021;"'2018-03-10 11:00'";20;26;26;19;1;moderate
DEBB021;"'2018-03-10 12:00'";22;27;23;21;1;moderate
DEBB021;"'2018-03-10 13:00'";23;28;23;22;1;moderate
DEBB021;"'2018-03-10 14:00'";22;30;21;22;1;moderate
DEBB021;"'2018-03-10 15:00'";22;32;21;21;1;moderate
DEBB021;"'2018-03-10 16:00'";23;27;27;23;1;moderate
DEBB021;"'2018-03-10 17:00'";25;14;35;24;1;moderate
DEBB021;"'2018-03-10 18:00'";26;10;38;25;1;moderate
DEBB021;"'2018-03-10 19:00'";26;7;41;25;1;moderate
DEBB021;"'2018-03-10 20:00'";25;3;45;24;1;moderate
DEBB021;"'2018-03-10 21:00'";25;5;42;24;1;moderate
DEBB021;"'2018-03-10 22:00'";27;7;36;26;1;moderate
DEBB021;"'2018-03-10 23:00'";33;2;43;32;1;poor
DEBB021;"'2018-03-10 24:00'";33;2;44;32;1;poor
DEBB021;"'2018-03-11 01:00'";26;2;41;25;1;moderate
DEBB021;"'2018-03-11 02:00'";23;4;36;22;1;moderate
DEBB021;"'2018-03-11 03:00'";17;16;25;17;1;moderate
DEBB021;"'2018-03-11 04:00'";17;18;21;17;1;moderate
DEBB021;"'2018-03-11 05:00'";18;19;20;17;1;moderate
DEBB021;"'2018-03-11 06:00'";19;21;18;18;1;moderate
DEBB021;"'2018-03-11 07:00'";19;21;18;19;1;moderate
DEBB021;"'2018-03-11 08:00'";19;25;16;18;1;moderate
DEBB021;"'2018-03-11 09:00'";18;31;13;18;1;moderate
DEBB021;"'2018-03-11 10:00'";16;42;10;16;1;moderate
DEBB021;"'2018-03-11 11:00'";16;43;13;15;1;good
DEBB021;"'2018-03-11 12:00'";12;53;10;12;1;good
DEBB021;"'2018-03-11 13:00'";9;66;7;9;1;good
DEBB021;"'2018-03-11 14:00'";11;67;8;10;1;good
DEBB021;"'2018-03-11 15:00'";10;70;9;9;1;good
DEBB021;"'2018-03-11 16:00'";10;74;8;9;1;moderate
DEBB021;"'2018-03-11 17:00'";9;75;8;8;1;moderate
DEBB021;"'2018-03-11 18:00'";9;64;19;8;1;good
DEBB021;"'2018-03-11 19:00'";15;34;47;12;1;moderate
DEBB021;"'2018-03-11 20:00'";19;28;54;17;1;moderate
DEBB021;"'2018-03-11 21:00'";14;54;26;13;1;good
DEBB021;"'2018-03-11 22:00'";15;51;28;14;1;good
DEBB021;"'2018-03-11 23:00'";17;53;23;16;1;moderate
DEBB021;"'2018-03-11 24:00'";20;49;24;19;1;moderate
DEBB021;"'2018-03-12 01:00'";22;46;24;21;1;moderate
DEBB021;"'2018-03-12 02:00'";24;44;23;23;1;moderate
DEBB021;"'2018-03-12 03:00'";26;43;24;24;1;moderate
DEBB021;"'2018-03-12 04:00'";28;39;25;26;1;moderate
DEBB021;"'2018-03-12 05:00'";27;36;26;26;1;moderate
DEBB021;"'2018-03-12 06:00'";27;25;37;26;1;moderate
DEBB021;"'2018-03-12 07:00'";26;9;59;24;1;moderate
DEBB021;"'2018-03-12 08:00'";27;2;74;24;1;poor
DEBB021;"'2018-03-12 09:00'";31;4;71;26;1;poor
DEBB021;"'2018-03-12 10:00'";31;11;57;28;1;moderate
DEBB021;"'2018-03-12 11:00'";32;20;43;30;1;moderate
DEBB021;"'2018-03-12 12:00'";36;15;48;32;1;poor
DEBB021;"'2018-03-12 13:00'";39;18;43;35;1;poor
DEBB021;"'2018-03-12 14:00'";37;21;32;36;1;poor
DEBB021;"'2018-03-12 15:00'";38;14;36;37;1;poor
DEBB021;"'2018-03-12 16:00'";42;5;46;38;1;poor
DEBB021;"'2018-03-12 17:00'";42;2;49;38;1;poor
DEBB021;"'2018-03-12 18:00'";26;5;54;25;1;moderate
DEBB021;"'2018-03-12 19:00'";14;23;31;14;1;moderate
DEBB021;"'2018-03-12 20:00'";10;48;12;9;1;good
DEBB021;"'2018-03-12 21:00'";10;61;10;10;1;good
DEBB021;"'2018-03-12 22:00'";10;59;10;10;1;good
DEBB021;"'2018-03-12 23:00'";10;58;10;10;1;good
DEBB021;"'2018-03-12 24:00'";17;39;16;16;1;moderate
DEBB021;"'2018-03-13 01:00'";19;35;18;18;1;moderate
DEBB021;"'2018-03-13 02:00'";20;33;19;20;1;moderate
DEBB021;"'2018-03-13 03:00'";17;37;15;17;1;moderate
DEBB021;"'2018-03-13 04:00'";11;45;12;10;1;good
DEBB021;"'2018-03-13 05:00'";7;49;13;7;1;good
DEBB021;"'2018-03-13 06:00'";8;49;13;7;1;good
DEBB021;"'2018-03-13 07:00'";9;42;17;7;1;good
DEBB021;"'2018-03-13 08:00'";7;42;17;6;1;good
DEBB021;"'2018-03-13 09:00'";7;44;16;5;1;good
DEBB021;"'2018-03-13 10:00'";7;50;13;5;1;good
DEBB021;"'2018-03-13 11:00'";8;52;12;6;1;good
DEBB021;"'2018-03-13 12:00'";9;55;13;5;1;good
DEBB021;"'2018-03-13 13:00'";6;53;15;3;1;good
DEBB021;"'2018-03-13 14:00'";4;56;13;2;1;good
DEBB021;"'2018-03-13 15:00'";4;55;15;2;1;good
DEBB021;"'2018-03-13 16:00'";2;56;13;1;1;good
DEBB021;"'2018-03-13 17:00'";2;52;16;2;1;good
DEBB021;"'2018-03-13 18:00'";4;44;20;3;1;good
DEBB021;"'2018-03-13 19:00'";6;39;23;5;1;good
DEBB021;"'2018-03-13 20:00'";6;39;18;6;1;good
DEBB021;"'2018-03-13 21:00'";9;34;17;9;1;good
DEBB021;"'2018-03-13 22:00'";15;24;18;15;1;good
DEBB021;"'2018-03-13 23:00'";17;32;12;17;1;moderate
DEBB021;"'2018-03-13 24:00'";17;43;8;16;1;moderate
DEBB021;"'2018-03-14 01:00'";14;47;6;13;1;good
DEBB021;"'2018-03-14 02:00'";12;52;6;12;1;good
DEBB021;"'2018-03-14 03:00'";9;58;6;9;1;good
DEBB021;"'2018-03-14 04:00'";9;57;6;9;1;good
DEBB021;"'2018-03-14 05:00'";10;58;7;9;1;good
DEBB021;"'2018-03-14 06:00'";5;70;7;5;1;good
DEBB021;"'2018-03-14 07:00'";7;61;12;7;1;good
DEBB021;"'2018-03-14 08:00'";11;50;18;10;1;good
DEBB021;"'2018-03-14 09:00'";11;55;15;10;1;good
DEBB021;"'2018-03-14 10:00'";11;58;12;10;1;good
DEBB021;"'2018-03-14 11:00'";12;54;12;11;1;good
DEBB021;"'2018-03-14 12:00'";13;56;10;12;1;good
DEBB021;"'2018-03-14 13:00'";13;55;10;12;1;good
DEBB021;"'2018-03-14 14:00'";15;41;15;14;1;good
DEBB021;"'2018-03-14 15:00'";16;40;16;14;1;good
DEBB021;"'2018-03-14 16:00'";13;45;14;12;1;good
DEBB021;"'2018-03-14 17:00'";12;46;15;11;1;good
DEBB021;"'2018-03-14 18:00'";13;45;17;12;1;good
DEBB021;"'2018-03-14 19:00'";10;42;18;10;1;good
DEBB021;"'2018-03-14 20:00'";12;21;32;11;1;moderate
DEBB021;"'2018-03-14 21:00'";11;24;23;11;1;good
DEBB021;"'2018-03-14 22:00'";12;28;17;11;1;good
DEBB021;"'2018-03-14 23:00'";11;33;16;10;1;good
DEBB021;"'2018-03-14 24:00'";13;36;17;13;1;good
DEBB021;"'2018-03-15 01:00'";15;45;13;14;1;good
DEBB021;"'2018-03-15 02:00'";15;46;11;15;1;good
DEBB021;"'2018-03-15 03:00'";15;50;9;14;1;good
DEBB021;"'2018-03-15 04:00'";15;49;9;15;1;good
DEBB021;"'2018-03-15 05:00'";16;43;12;16;1;moderate
DEBB021;"'2018-03-15 06:00'";16;42;14;16;1;moderate
DEBB021;"'2018-03-15 07:00'";15;37;15;15;1;good
DEBB021;"'2018-03-15 08:00'";16;33;18;15;1;good
DEBB021;"'2018-03-15 09:00'";18;37;18;17;1;moderate
DEBB021;"'2018-03-15 10:00'";20;38;18;19;1;moderate
DEBB021;"'2018-03-15 11:00'";19;38;16;19;1;moderate
DEBB021;"'2018-03-15 12:00'";20;38;19;19;1;moderate
DEBB021;"'2018-03-15 13:00'";18;47;13;18;1;moderate
DEBB021;"'2018-03-15 14:00'";18;47;16;17;1;moderate
DEBB021;"'2018-03-15 15:00'";18;46;18;17;1;moderate
DEBB021;"'2018-03-15 16:00'";18;50;18;16;1;moderate
DEBB021;"'2018-03-15 17:00'";18;51;20;17;1;moderate
DEBB021;"'2018-03-15 18:00'";17;58;15;16;1;moderate
DEBB021;"'2018-03-15 19:00'";19;57;14;18;1;moderate
DEBB021;"'2018-03-15 20:00'";21;59;12;21;1;moderate
DEBB021;"'2018-03-15 21:00'";26;53;13;25;1;moderate
DEBB021;"'2018-03-15 22:00'";28;49;13;27;1;moderate
DEBB021;"'2018-03-15 23:00'";29;48;12;28;1;moderate
DEBB021;"'2018-03-15 24:00'";31;44;11;30;1;moderate
DEBB021;"'2018-03-16 01:00'";32;41;10;32;1;poor
DEBB021;"'2018-03-16 02:00'";32;40;10;31;1;poor
DEBB021;"'2018-03-16 03:00'";31;42;10;31;1;poor
DEBB021;"'2018-03-16 04:00'";30;46;10;30;1;moderate
DEBB021;"'2018-03-16 05:00'";24;51;9;24;1;moderate
DEBB021;"'2018-03-16 06:00'";25;49;10;24;1;moderate
DEBB021;"'2018-03-16 07:00'";25;46;14;25;1;moderate
DEBB021;"'2018-03-16 08:00'";25;41;18;24;1;moderate
DEBB021;"'2018-03-16 09:00'";22;42;20;21;1;moderate
DEBB021;"'2018-03-16 10:00'";19;44;20;17;1;moderate
DEBB021;"'2018-03-16 11:00'";20;48;16;17;1;moderate
DEBB021;"'2018-03-16 12:00'";19;47;19;17;1;moderate
DEBB021;"'2018-03-16 13:00'";18;50;17;17;1;moderate
DEBB021;"'2018-03-16 14:00'";20;51;18;18;1;moderate
DEBB021;"'2018-03-16 15:00'";21;52;17;19;1;moderate
DEBB021;"'2018-03-16 16:00'";18;52;19;16;1;moderate
DEBB021;"'2018-03-16 17:00'";16;52;22;14;1;good
DEBB021;"'2018-03-16 18:00'";12;59;18;11;1;good
DEBB021;"'2018-03-16 19:00'";13;64;14;11;1;good
DEBB021;"'2018-03-16 20:00'";13;62;15;11;1;good
DEBB021;"'2018-03-16 21:00'";11;65;10;9;1;good
DEBB021;"'2018-03-16 22:00'";10;64;9;9;1;good
DEBB021;"'2018-03-16 23:00'";9;67;8;8;1;good
DEBB021;"'2018-03-16 24:00'";9;68;7;7;1;good
DEBB021;"'2018-03-17 01:00'";9;68;6;7;1;good
DEBB021;"'2018-03-17 02:00'";10;67;6;8;1;good
DEBB021;"'2018-03-17 03:00'";10;66;6;7;1;good
DEBB021;"'2018-03-17 04:00'";11;66;5;8;1;good
DEBB021;"'2018-03-17 05:00'";11;66;5;9;1;good
DEBB021;"'2018-03-17 06:00'";10;65;5;8;1;good
DEBB021;"'2018-03-17 07:00'";11;62;7;9;1;good
DEBB021;"'2018-03-17 08:00'";11;62;6;8;1;good
DEBB021;"'2018-03-17 09:00'";10;63;6;8;1;good
DEBB021;"'2018-03-17 10:00'";11;63;7;8;1;good
DEBB021;"'2018-03-17 11:00'";12;64;7;9;1;good
DEBB021;"'2018-03-17 12:00'";13;65;7;10;1;good
DEBB021;"'2018-03-17 13:00'";13;67;6;10;1;good
DEBB021;"'2018-03-17 14:00'";13;68;8;11;1;good
DEBB021;"'2018-03-17 15:00'";14;70;7;10;1;good
DEBB021;"'2018-03-17 16:00'";16;70;7;12;1;good
DEBB021;"'2018-03-17 17:00'";16;71;7;12;1;good
DEBB021;"'2018-03-17 18:00'";17;73;7;12;1;moderate
DEBB021;"'2018-03-17 19:00'";17;74;7;12;1;moderate
DEBB021;"'2018-03-17 20:00'";17;73;7;12;1;moderate
DEBB021;"'2018-03-17 21:00'";18;71;7;13;1;good
DEBB021;"'2018-03-17 22:00'";18;70;7;13;1;good
DEBB021;"'2018-03-17 23:00'";18;70;7;13;1;good
DEBB021;"'2018-03-17 24:00'";19;69;6;14;1;good
DEBB021;"'2018-03-18 01:00'";19;68;6;14;1;good
DEBB021;"'2018-03-18 02:00'";17;67;6;14;1;good
DEBB021;"'2018-03-18 03:00'";17;66;6;13;1;good
DEBB021;"'2018-03-18 04:00'";15;65;6;12;1;good
DEBB021;"'2018-03-18 05:00'";14;65;6;11;1;good
DEBB021;"'2018-03-18 06:00'";13;63;6;11;1;good
DEBB021;"'2018-03-18 07:00'";12;61;7;10;1;good
DEBB021;"'2018-03-18 08:00'";12;62;6;10;2;good
DEBB021;"'2018-03-18 09:00'";12;66;5;10;1;good
DEBB021;"'2018-03-18 10:00'";12;70;4;9;1;good
DEBB021;"'2018-03-18 11:00'";11;73;4;8;1;moderate
DEBB021;"'2018-03-18 12:00'";10;76;4;8;1;moderate
DEBB021;"'2018-03-18 13:00'";11;79;3;7;1;moderate
DEBB021;"'2018-03-18 14:00'";10;80;4;7;1;moderate
DEBB021;"'2018-03-18 15:00'";12;81;6;8;1;moderate
DEBB021;"'2018-03-18 16:00'";13;83;6;8;1;moderate
DEBB021;"'2018-03-18 17:00'";13;85;5;7;1;moderate
DEBB021;"'2018-03-18 18:00'";13;85;6;8;1;moderate
DEBB021;"'2018-03-18 19:00'";11;83;7;8;1;moderate
DEBB021;"'2018-03-18 20:00'";12;82;8;8;1;moderate
DEBB021;"'2018-03-18 21:00'";12;81;8;9;1;moderate
DEBB021;"'2018-03-18 22:00'";12;79;7;9;1;moderate
DEBB021;"'2018-03-18 23:00'";12;76;8;10;1;moderate
DEBB021;"'2018-03-18 24:00'";12;73;9;10;1;moderate
DEBB021;"'2018-03-19 01:00'";12;72;10;11;1;good
DEBB021;"'2018-03-19 02:00'";13;68;11;12;2;good
DEBB021;"'2018-03-19 03:00'";14;66;12;13;3;good
DEBB021;"'2018-03-19 04:00'";15;61;13;14;3;good
DEBB021;"'2018-03-19 05:00'";16;56;15;15;3;good
DEBB021;"'2018-03-19 06:00'";16;52;18;14;4;good
DEBB021;"'2018-03-19 07:00'";16;43;28;14;4;good
DEBB021;"'2018-03-19 08:00'";18;44;31;14;3;moderate
DEBB021;"'2018-03-19 09:00'";16;54;28;12;2;good
DEBB021;"'2018-03-19 10:00'";14;65;21;10;1;good
DEBB021;"'2018-03-19 11:00'";15;69;16;9;1;good
DEBB021;"'2018-03-19 12:00'";13;72;13;8;1;good
DEBB021;"'2018-03-19 13:00'";11;74;13;8;1;moderate
DEBB021;"'2018-03-19 14:00'";10;77;12;7;1;moderate
DEBB021;"'2018-03-19 15:00'";11;78;13;8;1;moderate
DEBB021;"'2018-03-19 16:00'";12;80;13;8;1;moderate
DEBB021;"'2018-03-19 17:00'";12;79;15;9;1;moderate
DEBB021;"'2018-03-19 18:00'";12;75;18;9;1;moderate
DEBB021;"'2018-03-19 19:00'";16;58;35;11;1;moderate
DEBB021;"'2018-03-19 20:00'";23;33;58;14;1;moderate
DEBB021;"'2018-03-19 21:00'";22;22;65;16;1;poor
DEBB021;"'2018-03-19 22:00'";32;3;78;20;1;poor
DEBB021;"'2018-03-19 23:00'";24;12;60;18;1;moderate
DEBB021;"'2018-03-19 24:00'";24;11;59;19;1;moderate
DEBB021;"'2018-03-20 01:00'";24;10;60;20;1;moderate
DEBB021;"'2018-03-20 02:00'";19;15;47;17;1;moderate
DEBB021;"'2018-03-20 03:00'";20;11;52;18;1;moderate
DEBB021;"'2018-03-20 04:00'";17;16;47;15;1;moderate
DEBB021;"'2018-03-20 05:00'";16;31;31;14;1;moderate
DEBB021;"'2018-03-20 06:00'";17;31;33;14;1;moderate
DEBB021;"'2018-03-20 07:00'";29;39;32;15;1;moderate
DEBB021;"'2018-03-20 08:00'";26;39;36;15;1;moderate
DEBB021;"'2018-03-20 09:00'";16;43;27;14;1;good
DEBB021;"'2018-03-20 10:00'";16;36;33;15;1;moderate
DEBB021;"'2018-03-20 11:00'";18;35;31;17;1;moderate
DEBB021;"'2018-03-20 12:00'";21;40;27;19;1;moderate
DEBB021;"'2018-03-20 13:00'";19;45;20;19;1;moderate
DEBB021;"'2018-03-20 14:00'";19;55;13;19;1;moderate
DEBB021;"'2018-03-20 15:00'";18;59;13;17;1;moderate
DEBB021;"'2018-03-20 16:00'";14;62;15;14;1;good
DEBB021;"'2018-03-20 17:00'";10;68;15;9;1;good
DEBB021;"'2018-03-20 18:00'";7;72;12;6;1;good
DEBB021;"'2018-03-20 19:00'";5;73;12;5;1;moderate
DEBB021;"'2018-03-20 20:00'";5;74;12;4;1;moderate
DEBB021;"'2018-03-20 21:00'";5;73;10;5;1;moderate
DEBB021;"'2018-03-20 22:00'";8;68;12;8;1;good
DEBB021;"'2018-03-20 23:00'";7;63;14;7;1;good
DEBB021;"'2018-03-20 24:00'";6;61;14;5;1;good
DEBB021;"'2018-03-21 01:00'";6;52;19;5;1;good
DEBB021;"'2018-03-21 02:00'";6;38;25;6;1;good
DEBB021;"'2018-03-21 03:00'";7;34;28;6;1;good
DEBB021;"'2018-03-21 04:00'";6;31;24;6;1;good
DEBB021;"'2018-03-21 05:00'";6;31;23;6;1;good
DEBB021;"'2018-03-21 06:00'";7;20;35;7;1;moderate
DEBB021;"'2018-03-21 07:00'";9;5;58;8;1;moderate
DEBB021;"'2018-03-21 08:00'";11;15;51;10;1;moderate
DEBB021;"'2018-03-21 09:00'";10;35;30;9;1;good
DEBB021;"'2018-03-21 10:00'";9;49;21;7;1;good
DEBB021;"'2018-03-21 11:00'";11;62;15;8;1;good
DEBB021;"'2018-03-21 12:00'";12;73;9;7;1;moderate
DEBB021;"'2018-03-21 13:00'";9;77;8;6;1;moderate
DEBB021;"'2018-03-21 14:00'";8;81;7;5;1;moderate
DEBB021;"'2018-03-21 15:00'";8;80;8;5;1;moderate
DEBB021;"'2018-03-21 16:00'";8;76;11;6;1;moderate
DEBB021;"'2018-03-21 17:00'";12;68;19;7;1;good
DEBB021;"'2018-03-21 18:00'";15;63;23;9;1;good
DEBB021;"'2018-03-21 19:00'";14;61;22;9;1;good
DEBB021;"'2018-03-21 20:00'";12;60;21;9;1;good
DEBB021;"'2018-03-21 21:00'";13;53;24;10;1;good
DEBB021;"'2018-03-21 22:00'";12;52;20;9;1;good
DEBB021;"'2018-03-21 23:00'";11;53;18;9;1;good
DEBB021;"'2018-03-21 24:00'";13;51;22;11;1;good
DEBB021;"'2018-03-22 01:00'";15;53;17;13;1;good
DEBB021;"'2018-03-22 02:00'";15;54;13;13;1;good
DEBB021;"'2018-03-22 03:00'";16;55;12;15;1;good
DEBB021;"'2018-03-22 04:00'";19;54;13;17;1;moderate
DEBB021;"'2018-03-22 05:00'";21;53;12;19;1;moderate
DEBB021;"'2018-03-22 06:00'";21;51;13;19;1;moderate
DEBB021;"'2018-03-22 07:00'";26;48;17;22;1;moderate
DEBB021;"'2018-03-22 08:00'";25;49;17;23;1;moderate
DEBB021;"'2018-03-22 09:00'";20;55;17;19;1;moderate
DEBB021;"'2018-03-22 10:00'";18;54;19;18;1;moderate
DEBB021;"'2018-03-22 11:00'";24;47;21;23;1;moderate
DEBB021;"'2018-03-22 12:00'";27;42;23;26;1;moderate
DEBB021;"'2018-03-22 13:00'";27;42;21;27;1;moderate
DEBB021;"'2018-03-22 14:00'";23;40;23;23;1;moderate
DEBB021;"'2018-03-22 15:00'";21;35;28;21;1;moderate
DEBB021;"'2018-03-22 16:00'";20;29;31;19;1;moderate
DEBB021;"'2018-03-22 17:00'";18;27;31;18;1;moderate
DEBB021;"'2018-03-22 18:00'";17;26;30;17;1;moderate
DEBB021;"'2018-03-22 19:00'";18;25;29;18;1;moderate
DEBB021;"'2018-03-22 20:00'";20;20;32;20;1;moderate
DEBB021;"'2018-03-22 21:00'";23;17;34;22;1;moderate
DEBB021;"'2018-03-22 22:00'";24;17;31;24;1;moderate
DEBB021;"'2018-03-22 23:00'";23;24;24;23;1;moderate
DEBB021;"'2018-03-22 24:00'";22;26;22;21;1;moderate
DEBB021;"'2018-03-23 01:00'";14;36;14;14;1;good
DEBB021;"'2018-03-23 02:00'";10;51;7;10;1;good
DEBB021;"'2018-03-23 03:00'";10;57;6;10;1;good
DEBB021;"'2018-03-23 04:00'";9;56;6;9;1;good
DEBB021;"'2018-03-23 05:00'";12;52;9;12;1;good
DEBB021;"'2018-03-23 06:00'";14;46;12;13;1;good
DEBB021;"'2018-03-23 07:00'";14;41;20;14;1;good
DEBB021;"'2018-03-23 08:00'";14;41;23;14;1;good
DEBB021;"'2018-03-23 09:00'";13;49;17;13;1;good
DEBB021;"'2018-03-23 10:00'";14;51;23;13;1;good
DEBB021;"'2018-03-23 11:00'";11;52;22;11;1;good
DEBB021;"'2018-03-23 12:00'";10;48;22;10;1;good
DEBB021;"'2018-03-23 13:00'";11;54;14;11;1;good
DEBB021;"'2018-03-23 14:00'";14;35;33;13;1;moderate
DEBB021;"'2018-03-23 15:00'";13;26;50;12;1;moderate
DEBB021;"'2018-03-23 16:00'";12;24;48;11;1;moderate
DEBB021;"'2018-03-23 17:00'";13;26;43;13;1;moderate
DEBB021;"'2018-03-23 18:00'";15;25;41;15;1;moderate
DEBB021;"'2018-03-23 19:00'";17;20;44;16;1;moderate
DEBB021;"'2018-03-23 20:00'";19;12;52;18;1;moderate
DEBB021;"'2018-03-23 21:00'";20;15;45;20;1;moderate
DEBB021;"'2018-03-23 22:00'";20;25;30;19;1;moderate
DEBB021;"'2018-03-23 23:00'";18;32;21;18;1;moderate
DEBB021;"'2018-03-23 24:00'";18;38;16;18;1;moderate
DEBB021;"'2018-03-24 01:00'";19;36;16;19;1;moderate
DEBB021;"'2018-03-24 02:00'";19;36;16;18;1;moderate
DEBB021;"'2018-03-24 03:00'";17;41;14;16;1;moderate
DEBB021;"'2018-03-24 04:00'";15;46;10;14;1;good
DEBB021;"'2018-03-24 05:00'";16;34;16;15;1;good
DEBB021;"'2018-03-24 06:00'";16;29;28;15;1;good
DEBB021;"'2018-03-24 07:00'";16;22;27;15;1;good
DEBB021;"'2018-03-24 08:00'";16;29;23;16;1;moderate
DEBB021;"'2018-03-24 09:00'";17;37;18;16;1;moderate
DEBB021;"'2018-03-24 10:00'";17;39;17;16;1;moderate
DEBB021;"'2018-03-24 11:00'";17;48;15;16;1;moderate
DEBB021;"'2018-03-24 12:00'";17;58;12;17;3;moderate
DEBB021;"'2018-03-24 13:00'";18;60;13;17;4;moderate
DEBB021;"'2018-03-24 14:00'";17;66;10;16;3;moderate
DEBB021;"'2018-03-24 15:00'";16;69;9;15;1;good
DEBB021;"'2018-03-24 16:00'";19;70;8;19;1;moderate
DEBB021;"'2018-03-24 17:00'";28;65;14;28;2;moderate
DEBB021;"'2018-03-24 18:00'";27;61;17;27;4;moderate
DEBB021;"'2018-03-24 19:00'";27;51;26;26;4;moderate
DEBB021;"'2018-03-24 20:00'";33;17;58;30;2;moderate
DEBB021;"'2018-03-24 21:00'";39;12;55;37;1;poor
DEBB021;"'2018-03-24 22:00'";34;25;32;32;1;poor
DEBB021;"'2018-03-24 23:00'";37;13;40;34;1;poor
DEBB021;"'2018-03-24 24:00'";39;2;48;37;1;poor
DEBB021;"'2018-03-25 01:00'";41;2;42;38;1;poor
DEBB021;"'2018-03-25 02:00'";41;2;44;39;1;poor
DEBB021;"'2018-03-25 04:00'";41;2;51;39;1;poor
DEBB021;"'2018-03-25 05:00'";40;2;54;39;1;poor
DEBB021;"'2018-03-25 06:00'";40;2;51;39;1;poor
DEBB021;"'2018-03-25 07:00'";39;2;49;38;1;poor
DEBB021;"'2018-03-25 08:00'";40;2;43;39;1;poor
DEBB021;"'2018-03-25 09:00'";40;8;36;39;1;poor
DEBB021;"'2018-03-25 10:00'";35;19;33;34;1;poor
DEBB021;"'2018-03-25 11:00'";33;33;24;32;1;poor
DEBB021;"'2018-03-25 12:00'";31;47;27;30;1;moderate
DEBB021;"'2018-03-25 13:00'";31;65;14;30;2;moderate
DEBB021;"'2018-03-25 14:00'";32;83;11;31;5;poor
DEBB021;"'2018-03-25 15:00'";33;86;10;32;4;poor
DEBB021;"'2018-03-25 16:00'";33;95;9;31;4;poor
DEBB021;"'2018-03-25 17:00'";32;99;8;30;3;moderate
DEBB021;"'2018-03-25 18:00'";33;96;11;31;3;poor
DEBB021;"'2018-03-25 19:00'";34;95;10;33;3;poor
DEBB021;"'2018-03-25 20:00'";39;80;19;37;2;poor
DEBB021;"'2018-03-25 21:00'";39;73;24;38;2;poor
DEBB021;"'2018-03-25 22:00'";40;67;26;38;1;poor
DEBB021;"'2018-03-25 23:00'";39;77;15;38;1;poor
DEBB021;"'2018-03-25 24:00'";37;72;13;35;1;poor
DEBB021;"'2018-03-26 01:00'";35;70;12;34;1;poor
DEBB021;"'2018-03-26 02:00'";33;66;12;32;1;poor
DEBB021;"'2018-03-26 03:00'";30;60;15;29;1;moderate
DEBB021;"'2018-03-26 04:00'";30;54;16;30;1;moderate
DEBB021;"'2018-03-26 05:00'";32;54;13;31;1;poor
DEBB021;"'2018-03-26 06:00'";32;44;22;30;1;moderate
DEBB021;"'2018-03-26 07:00'";34;35;35;32;1;poor
DEBB021;"'2018-03-26 08:00'";35;27;40;33;1;poor
DEBB021;"'2018-03-26 09:00'";35;32;35;32;1;poor
DEBB021;"'2018-03-26 10:00'";34;39;23;29;1;moderate
DEBB021;"'2018-03-26 11:00'";29;48;17;27;1;moderate
DEBB021;"'2018-03-26 12:00'";33;48;15;30;1;moderate
DEBB021;"'2018-03-26 13:00'";33;38;15;32;1;poor
DEBB021;"'2018-03-26 14:00'";36;38;16;33;1;poor
DEBB021;"'2018-03-26 15:00'";30;47;16;27;1;moderate
DEBB021;"'2018-03-26 16:00'";22;65;9;20;1;moderate
DEBB021;"'2018-03-26 17:00'";13;78;7;11;1;moderate
DEBB021;"'2018-03-26 18:00'";11;84;7;8;1;moderate
DEBB021;"'2018-03-26 19:00'";11;77;10;9;1;moderate
DEBB021;"'2018-03-26 20:00'";13;67;13;12;1;good
DEBB021;"'2018-03-26 21:00'";12;66;8;12;1;good
DEBB021;"'2018-03-26 22:00'";12;64;7;11;1;good
DEBB021;"'2018-03-26 23:00'";12;60;7;12;1;good
DEBB021;"'2018-03-26 24:00'";12;63;6;12;1;good
DEBB021;"'2018-03-27 01:00'";12;65;7;11;1;good
DEBB021;"'2018-03-27 02:00'";11;66;6;10;1;good
DEBB021;"'2018-03-27 03:00'";10;66;6;9;1;good
DEBB021;"'2018-03-27 04:00'";11;62;6;11;1;good
DEBB021;"'2018-03-27 05:00'";14;50;11;13;1;good
DEBB021;"'2018-03-27 06:00'";16;37;18;16;1;moderate
DEBB021;"'2018-03-27 07:00'";20;22;28;19;1;moderate
DEBB021;"'2018-03-27 08:00'";24;10;42;21;1;moderate
DEBB021;"'2018-03-27 09:00'";25;15;43;22;1;moderate
DEBB021;"'2018-03-27 10:00'";22;35;35;18;1;moderate
DEBB021;"'2018-03-27 11:00'";14;65;14;12;1;good
DEBB021;"'2018-03-27 12:00'";10;78;8;9;1;moderate
DEBB021;"'2018-03-27 13:00'";10;81;8;6;1;moderate
DEBB021;"'2018-03-27 14:00'";10;79;9;8;1;moderate
DEBB021;"'2018-03-27 15:00'";9;78;12;7;1;moderate
DEBB021;"'2018-03-27 16:00'";8;79;12;7;1;moderate
DEBB021;"'2018-03-27 17:00'";9;75;16;7;1;moderate
DEBB021;"'2018-03-27 18:00'";11;75;14;9;1;moderate
DEBB021;"'2018-03-27 19:00'";12;72;16;9;1;good
DEBB021;"'2018-03-27 20:00'";13;60;24;10;1;good
DEBB021;"'2018-03-27 21:00'";11;59;21;10;1;good
DEBB021;"'2018-03-27 22:00'";11;56;21;10;1;good
DEBB021;"'2018-03-27 23:00'";11;60;15;10;1;good
DEBB021;"'2018-03-27 24:00'";11;56;17;10;1;good
DEBB021;"'2018-03-28 01:00'";11;50;19;11;1;good
DEBB021;"'2018-03-28 02:00'";11;55;14;11;1;good
DEBB021;"'2018-03-28 03:00'";12;56;13;12;1;good
DEBB021;"'2018-03-28 04:00'";14;55;12;14;1;good
DEBB021;"'2018-03-28 05:00'";18;51;13;18;1;moderate
DEBB021;"'2018-03-28 06:00'";21;46;17;20;1;moderate
DEBB021;"'2018-03-28 07:00'";23;38;23;22;1;moderate
DEBB021;"'2018-03-28 08:00'";25;25;34;24;1;moderate
DEBB021;"'2018-03-28 09:00'";28;22;36;27;1;moderate
DEBB021;"'2018-03-28 10:00'";29;27;30;29;1;moderate
DEBB021;"'2018-03-28 11:00'";28;32;26;28;1;moderate
DEBB021;"'2018-03-28 12:00'";29;34;26;29;1;moderate
DEBB021;"'2018-03-28 13:00'";30;-;23;30;1;moderate
DEBB021;"'2018-03-28 14:00'";27;27;23;27;1;moderate
DEBB021;"'2018-03-28 15:00'";29;28;23;29;1;moderate
DEBB021;"'2018-03-28 16:00'";25;34;23;25;1;moderate
DEBB021;"'2018-03-28 17:00'";25;36;23;25;1;moderate
DEBB021;"'2018-03-28 18:00'";27;33;25;27;1;moderate
DEBB021;"'2018-03-28 19:00'";27;33;24;27;1;moderate
DEBB021;"'2018-03-28 20:00'";28;38;20;28;1;moderate
DEBB021;"'2018-03-28 21:00'";31;41;17;31;1;poor
DEBB021;"'2018-03-28 22:00'";35;40;16;34;1;poor
DEBB021;"'2018-03-28 23:00'";33;39;15;33;1;poor
DEBB021;"'2018-03-28 24:00'";29;38;15;28;1;moderate
DEBB021;"'2018-03-29 01:00'";26;36;16;26;1;moderate
DEBB021;"'2018-03-29 02:00'";27;35;15;27;1;moderate
DEBB021;"'2018-03-29 03:00'";28;33;16;28;1;moderate
DEBB021;"'2018-03-29 04:00'";26;30;16;25;1;moderate
DEBB021;"'2018-03-29 05:00'";27;28;15;26;1;moderate
DEBB021;"'2018-03-29 06:00'";18;36;13;17;1;moderate
DEBB021;"'2018-03-29 07:00'";13;38;14;13;1;good
DEBB021;"'2018-03-29 08:00'";7;63;10;7;1;good
DEBB021;"'2018-03-29 09:00'";5;69;12;5;1;good
DEBB021;"'2018-03-29 10:00'";5;72;11;5;1;good
DEBB021;"'2018-03-29 11:00'";5;74;11;5;1;moderate
DEBB021;"'2018-03-29 12:00'";6;74;9;6;1;moderate
DEBB021;"'2018-03-29 13:00'";7;75;9;6;1;moderate
DEBB021;"'2018-03-29 14:00'";8;74;10;7;1;moderate
DEBB021;"'2018-03-29 15:00'";9;75;11;8;1;moderate
DEBB021;"'2018-03-29 16:00'";12;70;15;11;1;good
DEBB021;"'2018-03-29 17:00'";14;70;16;13;1;good
DEBB021;"'2018-03-29 18:00'";16;69;13;15;1;good
DEBB021;"'2018-03-29 19:00'";17;63;19;16;1;moderate
DEBB021;"'2018-03-29 20:00'";16;63;19;15;1;good
DEBB021;"'2018-03-29 21:00'";15;53;23;14;1;good
DEBB021;"'2018-03-29 22:00'";12;48;23;12;1;good
DEBB021;"'2018-03-29 23:00'";19;29;38;19;1;moderate
DEBB021;"'2018-03-29 24:00'";20;40;23;19;1;moderate
DEBB021;"'2018-03-30 01:00'";23;31;30;22;1;moderate
DEBB021;"'2018-03-30 02:00'";23;31;26;22;1;moderate
DEBB021;"'2018-03-30 03:00'";24;32;23;24;1;moderate
DEBB021;"'2018-03-30 04:00'";23;33;24;23;1;moderate
DEBB021;"'2018-03-30 05:00'";25;30;25;24;1;moderate
DEBB021;"'2018-03-30 06:00'";25;26;24;24;1;moderate
DEBB021;"'2018-03-30 07:00'";24;24;25;24;1;moderate
DEBB021;"'2018-03-30 08:00'";22;32;18;21;1;moderate
DEBB021;"'2018-03-30 09:00'";19;49;12;19;1;moderate
DEBB021;"'2018-03-30 10:00'";17;54;14;17;1;moderate
DEBB021;"'2018-03-30 11:00'";18;57;14;17;1;moderate
DEBB021;"'2018-03-30 12:00'";17;66;11;17;1;moderate
DEBB021;"'2018-03-30 13:00'";18;65;11;17;1;moderate
DEBB021;"'2018-03-30 14:00'";19;67;12;18;1;moderate
DEBB021;"'2018-03-30 15:00'";20;71;12;19;1;moderate
DEBB021;"'2018-03-30 16:00'";19;79;10;18;1;moderate
DEBB021;"'2018-03-30 17:00'";16;86;8;15;1;moderate
DEBB021;"'2018-03-30 18:00'";15;89;7;14;1;moderate
DEBB021;"'2018-03-30 19:00'";15;84;9;14;1;moderate
DEBB021;"'2018-03-30 20:00'";16;77;13;15;1;moderate
DEBB021;"'2018-03-30 21:00'";15;75;14;14;1;moderate
DEBB021;"'2018-03-30 22:00'";16;73;13;15;1;moderate
DEBB021;"'2018-03-30 23:00'";18;71;12;17;1;moderate
DEBB021;"'2018-03-30 24:00'";17;68;12;17;1;moderate
DEBB021;"'2018-03-31 01:00'";18;67;11;18;1;moderate
DEBB021;"'2018-03-31 02:00'";20;61;13;19;1;moderate
DEBB021;"'2018-03-31 03:00'";20;57;12;19;1;moderate
DEBB021;"'2018-03-31 04:00'";20;57;11;19;1;moderate
DEBB021;"'2018-03-31 05:00'";20;56;11;19;1;moderate
DEBB021;"'2018-03-31 06:00'";20;55;11;20;1;moderate
DEBB021;"'2018-03-31 07:00'";20;55;12;20;1;moderate
DEBB021;"'2018-03-31 08:00'";20;54;12;20;1;moderate
DEBB021;"'2018-03-31 09:00'";22;51;14;21;1;moderate
DEBB021;"'2018-03-31 10:00'";22;47;18;22;1;moderate
DEBB021;"'2018-03-31 11:00'";23;47;20;22;1;moderate
DEBB021;"'2018-03-31 12:00'";24;46;25;24;1;moderate
DEBB021;"'2018-03-31 13:00'";26;47;22;25;1;moderate
DEBB021;"'2018-03-31 14:00'";26;45;25;26;1;moderate
DEBB021;"'2018-03-31 15:00'";26;49;24;25;1;moderate
DEBB021;"'2018-03-31 16:00'";27;45;28;26;1;moderate
DEBB021;"'2018-03-31 17:00'";28;38;35;28;3;moderate
DEBB021;"'2018-03-31 18:00'";32;44;24;32;1;poor
DEBB021;"'2018-03-31 19:00'";30;42;23;29;1;moderate
DEBB021;"'2018-03-31 20:00'";31;42;19;29;1;moderate
DEBB021;"'2018-03-31 21:00'";28;47;11;27;1;moderate
DEBB021;"'2018-03-31 22:00'";24;52;8;24;1;moderate
DEBB021;"'2018-03-31 23:00'";27;57;8;26;1;moderate
DEBB021;"'2018-03-31 24:00'";23;63;6;22;1;moderate
DEBB021;"'2018-04-01 01:00'";16;67;5;16;1;moderate
DEBB021;"'2018-04-01 02:00'";13;69;5;12;1;good
DEBB021;"'2018-04-01 03:00'";12;71;5;12;1;good
DEBB021;"'2018-04-01 04:00'";11;71;4;11;1;good
DEBB021;"'2018-04-01 05:00'";7;73;2;7;1;moderate
DEBB021;"'2018-04-01 06:00'";7;72;4;7;1;good
DEBB021;"'2018-04-01 07:00'";6;74;4;6;1;moderate
DEBB021;"'2018-04-01 08:00'";7;73;5;7;1;moderate
DEBB021;"'2018-04-01 09:00'";8;69;6;8;1;good
DEBB021;"'2018-04-01 10:00'";4;66;7;4;1;good
DEBB021;"'2018-04-01 11:00'";4;65;6;4;1;good
DEBB021;"'2018-04-01 12:00'";4;65;7;4;1;good
DEBB021;"'2018-04-01 13:00'";5;68;6;5;1;good
DEBB021;"'2018-04-01 14:00'";6;69;6;6;1;good
DEBB021;"'2018-04-01 15:00'";6;70;6;6;1;good
DEBB021;"'2018-04-01 16:00'";6;72;7;6;1;good
DEBB021;"'2018-04-01 17:00'";7;74;7;7;1;moderate
DEBB021;"'2018-04-01 18:00'";6;77;7;5;1;moderate
DEBB021;"'2018-04-01 19:00'";6;76;8;6;1;moderate
DEBB021;"'2018-04-01 20:00'";7;74;8;7;1;moderate
DEBB021;"'2018-04-01 21:00'";8;75;7;8;1;moderate
DEBB021;"'2018-04-01 22:00'";10;72;9;10;1;good
DEBB021;"'2018-04-01 23:00'";15;66;9;15;1;good
DEBB021;"'2018-04-01 24:00'";17;74;6;16;1;moderate
DEBB021;"'2018-04-02 01:00'";17;80;6;17;1;moderate
DEBB021;"'2018-04-02 02:00'";20;80;6;19;1;moderate
DEBB021;"'2018-04-02 03:00'";21;80;6;21;1;moderate
DEBB021;"'2018-04-02 04:00'";26;80;6;25;1;moderate
DEBB021;"'2018-04-02 05:00'";30;76;6;29;1;moderate
DEBB021;"'2018-04-02 06:00'";31;74;8;30;1;moderate
DEBB021;"'2018-04-02 07:00'";31;70;11;30;1;moderate
DEBB021;"'2018-04-02 08:00'";28;70;10;27;1;moderate
DEBB021;"'2018-04-02 09:00'";24;75;8;23;1;moderate
DEBB021;"'2018-04-02 10:00'";21;81;7;20;1;moderate
DEBB021;"'2018-04-02 11:00'";21;84;7;20;1;moderate
DEBB021;"'2018-04-02 12:00'";15;92;6;14;1;moderate
DEBB021;"'2018-04-02 13:00'";12;98;5;11;1;moderate
DEBB021;"'2018-04-02 14:00'";11;101;4;11;1;moderate
DEBB021;"'2018-04-02 15:00'";16;101;7;15;1;moderate
DEBB021;"'2018-04-02 16:00'";21;102;7;20;1;moderate
DEBB021;"'2018-04-02 17:00'";28;106;7;27;1;moderate
DEBB021;"'2018-04-02 18:00'";32;105;8;32;1;poor
DEBB021;"'2018-04-02 19:00'";33;103;7;32;1;poor
DEBB021;"'2018-04-02 20:00'";34;95;11;33;1;poor
DEBB021;"'2018-04-02 21:00'";34;84;20;33;1;poor
DEBB021;"'2018-04-02 22:00'";32;84;16;31;1;poor
DEBB021;"'2018-04-02 23:00'";31;81;14;30;1;moderate
DEBB021;"'2018-04-02 24:00'";30;80;12;29;1;moderate
DEBB021;"'2018-04-03 01:00'";28;81;9;27;1;moderate
DEBB021;"'2018-04-03 02:00'";27;75;12;26;1;moderate
DEBB021;"'2018-04-03 03:00'";26;69;13;25;1;moderate
DEBB021;"'2018-04-03 04:00'";28;64;12;27;1;moderate
DEBB021;"'2018-04-03 05:00'";26;56;12;25;1;moderate
DEBB021;"'2018-04-03 06:00'";20;49;15;19;1;moderate
DEBB021;"'2018-04-03 07:00'";16;49;17;15;1;good
DEBB021;"'2018-04-03 08:00'";16;33;37;15;1;moderate
DEBB021;"'2018-04-03 09:00'";13;41;28;12;1;good
DEBB021;"'2018-04-03 10:00'";10;45;27;10;1;good
DEBB021;"'2018-04-03 11:00'";9;56;18;8;1;good
DEBB021;"'2018-04-03 12:00'";8;63;14;7;1;good
DEBB021;"'2018-04-03 13:00'";8;66;14;6;1;good
DEBB021;"'2018-04-03 14:00'";7;76;10;6;1;moderate
DEBB021;"'2018-04-03 15:00'";6;81;9;4;1;moderate
DEBB021;"'2018-04-03 16:00'";6;81;11;5;1;moderate
DEBB021;"'2018-04-03 17:00'";8;81;14;5;1;moderate
DEBB021;"'2018-04-03 18:00'";6;81;14;4;1;moderate
DEBB021;"'2018-04-03 19:00'";9;76;19;5;1;moderate
DEBB021;"'2018-04-03 20:00'";11;62;29;7;1;good
DEBB021;"'2018-04-03 21:00'";14;54;32;10;1;moderate
DEBB021;"'2018-04-03 22:00'";13;61;25;11;1;good
DEBB021;"'2018-04-03 23:00'";12;58;26;10;1;good
DEBB021;"'2018-04-03 24:00'";13;58;18;11;1;good
DEBB021;"'2018-04-04 01:00'";17;42;25;13;1;good
DEBB021;"'2018-04-04 02:00'";16;39;24;13;1;good
DEBB021;"'2018-04-04 03:00'";14;41;26;11;1;good
DEBB021;"'2018-04-04 04:00'";13;26;47;11;1;moderate
DEBB021;"'2018-04-04 05:00'";15;25;41;11;1;moderate
DEBB021;"'2018-04-04 06:00'";17;19;42;12;1;moderate
DEBB021;"'2018-04-04 07:00'";22;11;51;14;1;moderate
DEBB021;"'2018-04-04 08:00'";27;23;43;13;1;moderate
DEBB021;"'2018-04-04 09:00'";30;33;37;13;1;moderate
DEBB021;"'2018-04-04 10:00'";24;58;24;10;1;good
DEBB021;"'2018-04-04 11:00'";17;75;14;9;1;moderate
DEBB021;"'2018-04-04 12:00'";15;84;10;8;1;moderate
DEBB021;"'2018-04-04 13:00'";15;85;10;7;1;moderate
DEBB021;"'2018-04-04 14:00'";14;88;9;7;1;moderate
DEBB021;"'2018-04-04 15:00'";13;94;9;6;1;moderate
DEBB021;"'2018-04-04 16:00'";13;96;11;5;1;moderate
DEBB021;"'2018-04-04 17:00'";14;89;16;6;1;moderate
DEBB021;"'2018-04-04 18:00'";14;94;10;6;1;moderate
DEBB021;"'2018-04-04 19:00'";16;94;10;7;1;moderate
DEBB021;"'2018-04-04 20:00'";19;76;23;9;1;moderate
DEBB021;"'2018-04-04 21:00'";26;66;33;11;1;moderate
DEBB021;"'2018-04-04 22:00'";14;89;7;4;1;moderate
DEBB021;"'2018-04-04 23:00'";4;76;11;3;1;moderate
DEBB021;"'2018-04-04 24:00'";6;67;12;4;1;good
DEBB021;"'2018-04-05 01:00'";5;66;12;4;1;good
DEBB021;"'2018-04-05 02:00'";6;68;7;5;1;good
DEBB021;"'2018-04-05 03:00'";8;66;6;7;1;good
DEBB021;"'2018-04-05 04:00'";9;65;6;8;1;good
DEBB021;"'2018-04-05 05:00'";9;63;7;8;1;good
DEBB021;"'2018-04-05 06:00'";10;57;10;9;1;good
DEBB021;"'2018-04-05 07:00'";11;45;22;10;1;good
DEBB021;"'2018-04-05 08:00'";10;47;22;9;1;good
DEBB021;"'2018-04-05 09:00'";9;57;13;7;1;good
DEBB021;"'2018-04-05 10:00'";8;62;10;6;1;good
DEBB021;"'2018-04-05 11:00'";6;74;9;4;1;moderate
DEBB021;"'2018-04-05 12:00'";6;78;9;4;1;moderate
DEBB021;"'2018-04-05 13:00'";3;82;9;2;1;moderate
DEBB021;"'2018-04-05 14:00'";4;82;8;3;1;moderate
DEBB021;"'2018-04-05 15:00'";5;84;9;4;1;moderate
DEBB021;"'2018-04-05 16:00'";10;75;17;5;1;moderate
DEBB021;"'2018-04-05 17:00'";14;64;29;7;1;good
DEBB021;"'2018-04-05 18:00'";19;62;26;8;1;good
DEBB021;"'2018-04-05 19:00'";8;81;10;6;1;moderate
DEBB021;"'2018-04-05 20:00'";6;79;9;5;1;moderate
DEBB021;"'2018-04-05 21:00'";5;76;8;4;1;moderate
DEBB021;"'2018-04-05 22:00'";3;78;5;3;1;moderate
DEBB021;"'2018-04-05 23:00'";5;80;4;4;1;moderate
DEBB021;"'2018-04-05 24:00'";6;79;3;5;1;moderate
DEBB021;"'2018-04-06 01:00'";7;78;2;5;1;moderate
DEBB021;"'2018-04-06 02:00'";8;77;4;5;1;moderate
DEBB021;"'2018-04-06 03:00'";7;75;3;6;1;moderate
DEBB021;"'2018-04-06 04:00'";8;74;2;6;1;moderate
DEBB021;"'2018-04-06 05:00'";9;70;4;7;1;good
DEBB021;"'2018-04-06 06:00'";11;62;11;8;1;good
DEBB021;"'2018-04-06 07:00'";10;46;27;7;1;good
DEBB021;"'2018-04-06 08:00'";11;43;29;8;1;good
DEBB021;"'2018-04-06 09:00'";11;54;17;8;1;good
DEBB021;"'2018-04-06 10:00'";14;63;11;9;1;good
DEBB021;"'2018-04-06 11:00'";12;70;9;7;1;good
DEBB021;"'2018-04-06 12:00'";9;76;7;6;1;moderate
DEBB021;"'2018-04-06 13:00'";10;80;6;6;1;moderate
DEBB021;"'2018-04-06 14:00'";7;80;6;5;1;moderate
DEBB021;"'2018-04-06 15:00'";7;83;6;5;1;moderate
DEBB021;"'2018-04-06 16:00'";6;85;7;4;1;moderate
DEBB021;"'2018-04-06 17:00'";6;84;9;4;1;moderate
DEBB021;"'2018-04-06 18:00'";6;87;7;4;1;moderate
DEBB021;"'2018-04-06 19:00'";7;82;10;4;1;moderate
DEBB021;"'2018-04-06 20:00'";7;77;14;4;1;moderate
DEBB021;"'2018-04-06 21:00'";11;54;38;7;1;moderate
DEBB021;"'2018-04-06 22:00'";16;45;41;12;1;moderate
DEBB021;"'2018-04-06 23:00'";12;50;33;8;1;moderate
DEBB021;"'2018-04-06 24:00'";12;47;32;9;1;moderate
DEBB021;"'2018-04-07 01:00'";11;55;22;9;1;good
DEBB021;"'2018-04-07 02:00'";11;49;26;9;1;good
DEBB021;"'2018-04-07 03:00'";10;51;20;8;1;good
DEBB021;"'2018-04-07 04:00'";9;51;18;8;1;good
DEBB021;"'2018-04-07 05:00'";10;50;18;8;1;good
DEBB021;"'2018-04-07 06:00'";11;58;13;9;1;good
DEBB021;"'2018-04-07 07:00'";13;55;17;10;1;good
DEBB021;"'2018-04-07 08:00'";15;55;18;11;2;good
DEBB021;"'2018-04-07 09:00'";15;56;17;11;3;good
DEBB021;"'2018-04-07 10:00'";15;63;15;11;3;good
DEBB021;"'2018-04-07 11:00'";15;74;10;11;3;moderate
DEBB021;"'2018-04-07 12:00'";15;80;10;11;1;moderate
DEBB021;"'2018-04-07 13:00'";15;84;9;11;1;moderate
DEBB021;"'2018-04-07 14:00'";14;93;8;10;1;moderate
DEBB021;"'2018-04-07 15:00'";15;100;7;8;1;moderate
DEBB021;"'2018-04-07 16:00'";16;101;7;8;1;moderate
DEBB021;"'2018-04-07 17:00'";14;105;6;8;2;moderate
DEBB021;"'2018-04-07 18:00'";12;107;6;7;1;moderate
DEBB021;"'2018-04-07 19:00'";13;105;8;7;1;moderate
DEBB021;"'2018-04-07 20:00'";13;99;9;8;1;moderate
DEBB021;"'2018-04-07 21:00'";15;89;19;11;1;moderate
DEBB021;"'2018-04-07 22:00'";19;84;18;15;1;moderate
DEBB021;"'2018-04-07 23:00'";19;84;15;14;1;moderate
DEBB021;"'2018-04-07 24:00'";20;75;18;16;1;moderate
DEBB021;"'2018-04-08 01:00'";19;76;12;15;1;moderate
DEBB021;"'2018-04-08 02:00'";18;75;9;15;1;moderate
DEBB021;"'2018-04-08 03:00'";15;71;6;13;1;good
DEBB021;"'2018-04-08 04:00'";13;65;7;12;1;good
DEBB021;"'2018-04-08 05:00'";13;62;8;11;1;good
DEBB021;"'2018-04-08 06:00'";12;61;8;11;1;good
DEBB021;"'2018-04-08 07:00'";13;61;7;11;1;good
DEBB021;"'2018-04-08 08:00'";14;60;7;12;1;good
DEBB021;"'2018-04-08 09:00'";14;65;6;13;1;good
DEBB021;"'2018-04-08 10:00'";14;73;4;13;1;moderate
DEBB021;"'2018-04-08 11:00'";13;81;4;12;1;moderate
DEBB021;"'2018-04-08 12:00'";14;83;6;12;1;moderate
DEBB021;"'2018-04-08 13:00'";13;88;3;11;1;moderate
DEBB021;"'2018-04-08 14:00'";15;91;5;11;1;moderate
DEBB021;"'2018-04-08 15:00'";17;95;5;12;1;moderate
DEBB021;"'2018-04-08 16:00'";16;97;6;12;1;moderate
DEBB021;"'2018-04-08 17:00'";19;99;6;14;2;moderate
DEBB021;"'2018-04-08 18:00'";19;99;5;16;2;moderate
DEBB021;"'2018-04-08 19:00'";22;96;6;18;2;moderate
DEBB021;"'2018-04-08 20:00'";26;89;9;21;3;moderate
DEBB021;"'2018-04-08 21:00'";34;69;22;24;2;moderate
DEBB021;"'2018-04-08 22:00'";30;60;25;24;1;moderate
DEBB021;"'2018-04-08 23:00'";30;50;26;24;1;moderate
DEBB021;"'2018-04-08 24:00'";29;51;18;24;1;moderate
DEBB021;"'2018-04-09 01:00'";28;48;18;24;1;moderate
DEBB021;"'2018-04-09 02:00'";31;30;24;26;1;moderate
DEBB021;"'2018-04-09 03:00'";30;21;37;26;1;moderate
DEBB021;"'2018-04-09 04:00'";31;10;33;27;1;moderate
DEBB021;"'2018-04-09 05:00'";31;6;35;26;1;moderate
DEBB021;"'2018-04-09 06:00'";29;5;39;24;1;moderate
DEBB021;"'2018-04-09 07:00'";27;11;45;24;1;moderate
DEBB021;"'2018-04-09 08:00'";37;5;59;27;1;moderate
DEBB021;"'2018-04-09 09:00'";41;10;67;29;1;poor
DEBB021;"'2018-04-09 10:00'";34;40;38;27;1;moderate
DEBB021;"'2018-04-09 11:00'";34;58;35;23;1;moderate
DEBB021;"'2018-04-09 12:00'";25;79;26;17;1;moderate
DEBB021;"'2018-04-09 13:00'";21;90;19;14;1;moderate
DEBB021;"'2018-04-09 14:00'";22;103;11;14;1;moderate
DEBB021;"'2018-04-09 15:00'";21;109;9;14;1;moderate
DEBB021;"'2018-04-09 16:00'";22;109;10;14;1;moderate
DEBB021;"'2018-04-09 17:00'";24;106;16;15;1;moderate
DEBB021;"'2018-04-09 18:00'";24;108;15;14;1;moderate
DEBB021;"'2018-04-09 19:00'";24;103;20;14;1;moderate
DEBB021;"'2018-04-09 20:00'";25;91;26;15;1;moderate
DEBB021;"'2018-04-09 21:00'";28;83;31;17;1;moderate
DEBB021;"'2018-04-09 22:00'";27;74;32;18;1;moderate
DEBB021;"'2018-04-09 23:00'";27;68;33;19;1;moderate
DEBB021;"'2018-04-09 24:00'";25;77;26;19;2;moderate
DEBB021;"'2018-04-10 01:00'";26;81;19;21;1;moderate
DEBB021;"'2018-04-10 02:00'";28;84;15;23;1;moderate
DEBB021;"'2018-04-10 03:00'";29;85;12;25;1;moderate
DEBB021;"'2018-04-10 04:00'";32;77;16;27;1;moderate
DEBB021;"'2018-04-10 05:00'";33;77;16;28;1;moderate
DEBB021;"'2018-04-10 06:00'";34;76;19;29;1;moderate
DEBB021;"'2018-04-10 07:00'";38;70;27;30;1;moderate
DEBB021;"'2018-04-10 08:00'";41;59;37;31;1;poor
DEBB021;"'2018-04-10 09:00'";42;57;37;32;4;poor
DEBB021;"'2018-04-10 10:00'";43;61;31;30;4;moderate
DEBB021;"'2018-04-10 11:00'";39;69;21;26;4;moderate
DEBB021;"'2018-04-10 12:00'";38;73;19;22;4;moderate
DEBB021;"'2018-04-10 13:00'";36;79;17;19;4;moderate
DEBB021;"'2018-04-10 14:00'";34;87;16;17;5;moderate
DEBB021;"'2018-04-10 15:00'";31;100;14;15;4;moderate
DEBB021;"'2018-04-10 16:00'";31;105;16;15;2;moderate
DEBB021;"'2018-04-10 17:00'";33;113;13;16;1;moderate
DEBB021;"'2018-04-10 18:00'";29;113;12;16;1;moderate
DEBB021;"'2018-04-10 19:00'";27;107;12;13;1;moderate
DEBB021;"'2018-04-10 20:00'";22;104;10;9;1;moderate
DEBB021;"'2018-04-10 21:00'";20;101;10;8;1;moderate
DEBB021;"'2018-04-10 22:00'";28;68;26;17;3;moderate
DEBB021;"'2018-04-10 23:00'";32;52;25;23;3;moderate
DEBB021;"'2018-04-10 24:00'";32;53;18;23;3;moderate
DEBB021;"'2018-04-11 01:00'";34;54;17;25;3;moderate
DEBB021;"'2018-04-11 02:00'";35;54;15;26;3;moderate
DEBB021;"'2018-04-11 03:00'";35;55;15;26;2;moderate
DEBB021;"'2018-04-11 04:00'";34;57;14;27;1;moderate
DEBB021;"'2018-04-11 05:00'";35;58;13;29;1;moderate
DEBB021;"'2018-04-11 06:00'";35;60;14;30;1;moderate
DEBB021;"'2018-04-11 07:00'";37;54;21;31;1;poor
DEBB021;"'2018-04-11 08:00'";36;45;28;31;1;poor
DEBB021;"'2018-04-11 09:00'";36;35;36;31;1;poor
DEBB021;"'2018-04-11 10:00'";36;45;29;31;1;poor
DEBB021;"'2018-04-11 11:00'";33;60;19;28;1;moderate
DEBB021;"'2018-04-11 12:00'";29;69;14;23;1;moderate
DEBB021;"'2018-04-11 13:00'";26;78;12;21;1;moderate
DEBB021;"'2018-04-11 14:00'";29;82;12;23;1;moderate
DEBB021;"'2018-04-11 15:00'";36;82;13;28;1;moderate
DEBB021;"'2018-04-11 16:00'";42;76;17;32;1;poor
DEBB021;"'2018-04-11 17:00'";43;79;16;33;1;poor
DEBB021;"'2018-04-11 18:00'";40;76;14;32;1;poor
DEBB021;"'2018-04-11 19:00'";36;77;12;30;1;moderate
DEBB021;"'2018-04-11 20:00'";36;69;11;30;1;moderate
DEBB021;"'2018-04-11 21:00'";34;63;13;30;1;moderate
DEBB021;"'2018-04-11 22:00'";36;61;13;32;1;poor
DEBB021;"'2018-04-11 23:00'";39;58;13;34;1;poor
DEBB021;"'2018-04-11 24:00'";38;61;12;34;1;poor
DEBB021;"'2018-04-12 01:00'";37;53;15;33;1;poor
DEBB021;"'2018-04-12 02:00'";38;59;10;31;1;poor
DEBB021;"'2018-04-12 03:00'";36;56;10;30;1;moderate
DEBB021;"'2018-04-12 04:00'";37;52;11;31;1;poor
DEBB021;"'2018-04-12 05:00'";38;48;12;31;1;poor
DEBB021;"'2018-04-12 06:00'";38;44;14;32;1;poor
DEBB021;"'2018-04-12 07:00'";38;35;21;32;1;poor
DEBB021;"'2018-04-12 08:00'";38;31;26;32;1;poor
DEBB021;"'2018-04-12 09:00'";36;35;23;30;1;moderate
DEBB021;"'2018-04-12 10:00'";36;39;19;29;1;moderate
DEBB021;"'2018-04-12 11:00'";34;47;15;26;1;moderate
DEBB021;"'2018-04-12 12:00'";31;56;13;23;1;moderate
DEBB021;"'2018-04-12 13:00'";30;70;13;17;1;moderate
DEBB021;"'2018-04-12 14:00'";26;92;8;13;1;moderate
DEBB021;"'2018-04-12 15:00'";29;103;10;11;3;moderate
DEBB021;"'2018-04-12 16:00'";26;107;11;10;4;moderate
DEBB021;"'2018-04-12 17:00'";33;111;10;11;3;moderate
DEBB021;"'2018-04-12 18:00'";30;109;11;12;4;moderate
DEBB021;"'2018-04-12 19:00'";26;103;12;11;3;moderate
DEBB021;"'2018-04-12 20:00'";30;94;11;18;1;moderate
DEBB021;"'2018-04-12 21:00'";36;89;13;24;1;moderate
DEBB021;"'2018-04-12 22:00'";38;83;12;28;2;moderate
DEBB021;"'2018-04-12 23:00'";41;81;11;32;1;poor
DEBB021;"'2018-04-12 24:00'";44;78;11;37;1;poor
DEBB021;"'2018-04-13 01:00'";45;76;11;38;1;poor
DEBB021;"'2018-04-13 02:00'";46;75;10;38;1;poor
DEBB021;"'2018-04-13 03:00'";46;74;10;38;1;poor
DEBB021;"'2018-04-13 04:00'";46;71;10;37;2;poor
DEBB021;"'2018-04-13 05:00'";47;67;11;38;1;poor
DEBB021;"'2018-04-13 06:00'";46;63;14;38;2;poor
DEBB021;"'2018-04-13 07:00'";49;55;24;37;3;poor
DEBB021;"'2018-04-13 08:00'";51;53;30;37;4;poor
DEBB021;"'2018-04-13 09:00'";49;57;24;36;4;poor
DEBB021;"'2018-04-13 10:00'";36;59;21;28;1;moderate
DEBB021;"'2018-04-13 11:00'";34;45;33;27;1;moderate
DEBB021;"'2018-04-13 12:00'";39;38;31;34;1;poor
DEBB021;"'2018-04-13 13:00'";36;49;21;31;1;poor
DEBB021;"'2018-04-13 14:00'";38;51;18;32;1;poor
DEBB021;"'2018-04-13 15:00'";30;60;15;24;1;moderate
DEBB021;"'2018-04-13 16:00'";22;69;11;16;1;moderate
DEBB021;"'2018-04-13 17:00'";21;75;10;14;1;moderate
DEBB021;"'2018-04-13 18:00'";14;75;8;9;1;moderate
DEBB021;"'2018-04-13 19:00'";11;65;17;9;1;good
DEBB021;"'2018-04-13 20:00'";13;51;24;11;1;good
DEBB021;"'2018-04-13 21:00'";16;50;21;13;1;good
DEBB021;"'2018-04-13 22:00'";20;45;24;17;1;moderate
DEBB021;"'2018-04-13 23:00'";20;41;22;17;1;moderate
DEBB021;"'2018-04-13 24:00'";12;52;13;10;1;good
DEBB021;"'2018-04-14 01:00'";6;59;10;5;1;good
DEBB021;"'2018-04-14 02:00'";7;56;9;6;1;good
DEBB021;"'2018-04-14 03:00'";12;53;9;10;1;good
DEBB021;"'2018-04-14 04:00'";16;55;7;14;1;good
DEBB021;"'2018-04-14 05:00'";17;50;7;15;1;good
DEBB021;"'2018-04-14 06:00'";16;75;6;16;1;moderate
DEBB021;"'2018-04-14 07:00'";21;68;9;21;1;moderate
DEBB021;"'2018-04-14 08:00'";21;69;11;21;1;moderate
DEBB021;"'2018-04-14 09:00'";27;63;10;25;1;moderate
DEBB021;"'2018-04-14 10:00'";34;54;10;32;1;poor
DEBB021;"'2018-04-14 11:00'";36;49;10;34;1;poor
DEBB021;"'2018-04-14 12:00'";31;56;10;27;1;moderate
DEBB021;"'2018-04-14 13:00'";25;74;8;23;1;moderate
DEBB021;"'2018-04-14 14:00'";25;71;11;23;1;moderate
DEBB021;"'2018-04-14 15:00'";25;71;12;24;1;moderate
DEBB021;"'2018-04-14 16:00'";28;69;11;26;1;moderate
DEBB021;"'2018-04-14 17:00'";28;81;7;26;1;moderate
DEBB021;"'2018-04-14 18:00'";27;85;8;24;1;moderate
DEBB021;"'2018-04-14 19:00'";25;90;8;23;1;moderate
DEBB021;"'2018-04-14 20:00'";27;87;14;24;1;moderate
DEBB021;"'2018-04-14 21:00'";33;68;21;29;1;moderate
DEBB021;"'2018-04-14 22:00'";31;46;25;27;1;moderate
DEBB021;"'2018-04-14 23:00'";32;37;22;28;1;moderate
DEBB021;"'2018-04-14 24:00'";39;20;31;34;1;poor
DEBB021;"'2018-04-15 01:00'";41;28;25;37;1;poor
DEBB021;"'2018-04-15 02:00'";33;39;16;31;1;poor
DEBB021;"'2018-04-15 03:00'";27;44;12;26;1;moderate
DEBB021;"'2018-04-15 04:00'";25;42;12;24;1;moderate
DEBB021;"'2018-04-15 05:00'";23;42;10;21;1;moderate
DEBB021;"'2018-04-15 06:00'";23;38;10;22;1;moderate
DEBB021;"'2018-04-15 07:00'";25;33;12;23;1;moderate
DEBB021;"'2018-04-15 08:00'";32;26;17;30;1;moderate
DEBB021;"'2018-04-15 09:00'";33;24;20;31;1;poor
DEBB021;"'2018-04-15 10:00'";27;33;17;26;1;moderate
DEBB021;"'2018-04-15 11:00'";19;58;12;17;1;moderate
DEBB021;"'2018-04-15 12:00'";15;73;10;12;1;moderate
DEBB021;"'2018-04-15 13:00'";12;89;8;10;1;moderate
DEBB021;"'2018-04-15 14:00'";8;107;5;6;1;moderate
DEBB021;"'2018-04-15 15:00'";8;115;6;5;2;moderate
DEBB021;"'2018-04-15 16:00'";8;120;6;5;4;moderate
DEBB021;"'2018-04-15 17:00'";10;122;6;5;5;moderate
DEBB021;"'2018-04-15 18:00'";9;116;9;5;7;moderate
DEBB021;"'2018-04-15 19:00'";10;115;13;6;5;moderate
DEBB021;"'2018-04-15 20:00'";14;104;21;8;5;moderate
DEBB021;"'2018-04-15 21:00'";23;67;40;16;4;moderate
DEBB021;"'2018-04-15 22:00'";21;68;25;15;3;good
DEBB021;"'2018-04-15 23:00'";20;63;13;17;1;moderate
DEBB021;"'2018-04-15 24:00'";20;63;9;17;1;moderate
DEBB021;"'2018-04-16 01:00'";20;60;7;18;1;moderate
DEBB021;"'2018-04-16 02:00'";20;52;7;18;1;moderate
DEBB021;"'2018-04-16 03:00'";19;54;7;18;1;moderate
DEBB021;"'2018-04-16 04:00'";20;51;8;19;1;moderate
DEBB021;"'2018-04-16 05:00'";20;49;9;19;1;moderate
DEBB021;"'2018-04-16 06:00'";21;45;12;20;1;moderate
DEBB021;"'2018-04-16 07:00'";22;39;19;20;1;moderate
DEBB021;"'2018-04-16 08:00'";22;34;21;21;1;moderate
DEBB021;"'2018-04-16 09:00'";22;38;19;20;1;moderate
DEBB021;"'2018-04-16 10:00'";22;40;18;20;1;moderate
DEBB021;"'2018-04-16 11:00'";23;41;16;22;1;moderate
DEBB021;"'2018-04-16 12:00'";24;36;19;23;1;moderate
DEBB021;"'2018-04-16 13:00'";24;45;16;22;1;moderate
DEBB021;"'2018-04-16 14:00'";24;51;14;23;1;moderate
DEBB021;"'2018-04-16 15:00'";27;51;11;26;1;moderate
DEBB021;"'2018-04-16 16:00'";31;50;14;29;1;moderate
DEBB021;"'2018-04-16 17:00'";32;43;19;30;1;moderate
DEBB021;"'2018-04-16 18:00'";31;35;25;29;1;moderate
DEBB021;"'2018-04-16 19:00'";31;28;27;28;1;moderate
DEBB021;"'2018-04-16 20:00'";33;20;32;30;1;moderate
DEBB021;"'2018-04-16 21:00'";33;23;29;30;1;moderate
DEBB021;"'2018-04-16 22:00'";27;48;15;25;1;moderate
DEBB021;"'2018-04-16 23:00'";26;49;12;24;1;moderate
DEBB021;"'2018-04-16 24:00'";29;36;14;27;1;moderate
DEBB021;"'2018-04-17 01:00'";32;33;15;30;1;moderate
DEBB021;"'2018-04-17 02:00'";32;35;12;30;1;moderate
DEBB021;"'2018-04-17 03:00'";33;41;9;31;1;poor
DEBB021;"'2018-04-17 04:00'";34;35;11;32;1;poor
DEBB021;"'2018-04-17 05:00'";35;29;12;33;1;poor
DEBB021;"'2018-04-17 06:00'";34;12;23;31;1;poor
DEBB021;"'2018-04-17 07:00'";33;9;27;28;1;moderate
DEBB021;"'2018-04-17 08:00'";34;18;23;26;1;moderate
DEBB021;"'2018-04-17 09:00'";30;34;17;28;1;moderate
DEBB021;"'2018-04-17 10:00'";26;49;11;24;1;moderate
DEBB021;"'2018-04-17 11:00'";16;67;8;14;1;good
DEBB021;"'2018-04-17 12:00'";11;84;5;8;1;moderate
DEBB021;"'2018-04-17 13:00'";15;86;5;12;1;moderate
DEBB021;"'2018-04-17 14:00'";14;92;4;11;1;moderate
DEBB021;"'2018-04-17 15:00'";14;96;5;11;1;moderate
DEBB021;"'2018-04-17 16:00'";13;100;5;10;1;moderate
DEBB021;"'2018-04-17 17:00'";13;100;5;10;1;moderate
DEBB021;"'2018-04-17 18:00'";12;102;5;9;1;moderate
DEBB021;"'2018-04-17 19:00'";12;102;6;9;1;moderate
DEBB021;"'2018-04-17 20:00'";14;98;7;10;1;moderate
DEBB021;"'2018-04-17 21:00'";17;74;21;11;1;moderate
DEBB021;"'2018-04-17 22:00'";20;34;47;12;1;moderate
DEBB021;"'2018-04-17 23:00'";21;16;53;15;1;moderate
DEBB021;"'2018-04-17 24:00'";21;13;49;15;1;moderate
DEBB021;"'2018-04-18 01:00'";19;25;32;15;1;moderate
DEBB021;"'2018-04-18 02:00'";19;16;35;15;1;moderate
DEBB021;"'2018-04-18 03:00'";20;5;45;16;1;moderate
DEBB021;"'2018-04-18 04:00'";19;2;48;15;1;moderate
DEBB021;"'2018-04-18 05:00'";19;2;49;15;1;moderate
DEBB021;"'2018-04-18 06:00'";20;2;47;16;1;moderate
DEBB021;"'2018-04-18 07:00'";24;2;45;18;1;moderate
DEBB021;"'2018-04-18 08:00'";32;2;49;22;1;moderate
DEBB021;"'2018-04-18 09:00'";36;4;53;24;1;moderate
DEBB021;"'2018-04-18 10:00'";31;35;42;21;1;moderate
DEBB021;"'2018-04-18 11:00'";22;77;17;17;1;moderate
DEBB021;"'2018-04-18 12:00'";22;90;12;17;3;moderate
DEBB021;"'2018-04-18 13:00'";20;107;7;16;1;moderate
DEBB021;"'2018-04-18 14:00'";20;112;8;15;1;moderate
DEBB021;"'2018-04-18 15:00'";19;120;6;15;1;moderate
DEBB021;"'2018-04-18 16:00'";17;125;6;13;1;moderate
DEBB021;"'2018-04-18 17:00'";18;125;8;12;1;moderate
DEBB021;"'2018-04-18 18:00'";14;126;6;10;1;moderate
DEBB021;"'2018-04-18 19:00'";14;121;8;10;1;moderate
DEBB021;"'2018-04-18 20:00'";16;111;13;11;1;moderate
DEBB021;"'2018-04-18 21:00'";20;103;16;14;1;moderate
DEBB021;"'2018-04-18 22:00'";25;60;43;18;1;moderate
DEBB021;"'2018-04-18 23:00'";30;41;49;20;1;moderate
DEBB021;"'2018-04-18 24:00'";31;17;62;22;1;poor
DEBB021;"'2018-04-19 01:00'";29;6;61;22;1;poor
DEBB021;"'2018-04-19 02:00'";25;28;33;20;1;moderate
DEBB021;"'2018-04-19 03:00'";24;43;15;19;1;moderate
DEBB021;"'2018-04-19 04:00'";26;47;12;20;1;moderate
DEBB021;"'2018-04-19 05:00'";30;30;24;24;1;moderate
DEBB021;"'2018-04-19 06:00'";32;6;56;25;1;moderate
DEBB021;"'2018-04-19 07:00'";34;4;59;26;1;moderate
DEBB021;"'2018-04-19 08:00'";36;5;64;27;1;poor
DEBB021;"'2018-04-19 09:00'";35;21;67;25;1;poor
DEBB021;"'2018-04-19 10:00'";24;49;44;16;4;moderate
DEBB021;"'2018-04-19 11:00'";20;71;25;12;5;good
DEBB021;"'2018-04-19 12:00'";25;86;21;15;7;moderate
DEBB021;"'2018-04-19 13:00'";21;95;15;13;4;moderate
DEBB021;"'2018-04-19 14:00'";20;106;10;12;3;moderate
DEBB021;"'2018-04-19 15:00'";18;113;9;10;1;moderate
DEBB021;"'2018-04-19 16:00'";21;113;10;9;1;moderate
DEBB021;"'2018-04-19 17:00'";21;114;16;10;2;moderate
DEBB021;"'2018-04-19 18:00'";20;118;14;10;3;moderate
DEBB021;"'2018-04-19 19:00'";19;111;14;9;4;moderate
DEBB021;"'2018-04-19 20:00'";17;97;18;7;2;moderate
DEBB021;"'2018-04-19 21:00'";16;80;21;8;1;moderate
DEBB021;"'2018-04-19 22:00'";20;60;33;10;1;moderate
DEBB021;"'2018-04-19 23:00'";20;51;29;12;1;good
DEBB021;"'2018-04-19 24:00'";21;49;31;14;1;moderate
DEBB021;"'2018-04-20 01:00'";20;41;29;14;1;good
DEBB021;"'2018-04-20 02:00'";19;37;31;14;1;moderate
DEBB021;"'2018-04-20 03:00'";20;33;31;15;1;moderate
DEBB021;"'2018-04-20 04:00'";21;31;30;16;1;moderate
DEBB021;"'2018-04-20 05:00'";21;36;24;17;1;moderate
DEBB021;"'2018-04-20 06:00'";23;19;35;18;1;moderate
DEBB021;"'2018-04-20 07:00'";27;8;50;20;1;moderate
DEBB021;"'2018-04-20 08:00'";28;9;52;21;1;moderate
DEBB021;"'2018-04-20 09:00'";28;18;50;20;1;moderate
DEBB021;"'2018-04-20 10:00'";23;42;30;14;1;good
DEBB021;"'2018-04-20 11:00'";21;64;19;11;1;good
DEBB021;"'2018-04-20 12:00'";20;90;14;10;1;moderate
DEBB021;"'2018-04-20 13:00'";19;107;15;8;2;moderate
DEBB021;"'2018-04-20 14:00'";15;111;11;7;1;moderate
DEBB021;"'2018-04-20 15:00'";16;116;10;7;1;moderate
DEBB021;"'2018-04-20 16:00'";18;119;12;7;1;moderate
DEBB021;"'2018-04-20 17:00'";22;119;15;7;1;moderate
DEBB021;"'2018-04-20 18:00'";18;120;10;7;1;moderate
DEBB021;"'2018-04-20 19:00'";21;115;13;7;1;moderate
DEBB021;"'2018-04-20 20:00'";31;110;15;8;1;moderate
DEBB021;"'2018-04-20 21:00'";25;92;22;11;1;moderate
DEBB021;"'2018-04-20 22:00'";28;82;22;15;1;moderate
DEBB021;"'2018-04-20 23:00'";31;69;28;18;1;moderate
DEBB021;"'2018-04-20 24:00'";34;74;21;20;1;moderate
DEBB021;"'2018-04-21 01:00'";33;66;22;22;1;moderate
DEBB021;"'2018-04-21 02:00'";33;51;25;23;1;moderate
DEBB021;"'2018-04-21 03:00'";35;34;24;26;1;moderate
DEBB021;"'2018-04-21 04:00'";34;28;24;25;1;moderate
DEBB021;"'2018-04-21 05:00'";33;35;21;26;1;moderate
DEBB021;"'2018-04-21 06:00'";33;40;22;26;1;moderate
DEBB021;"'2018-04-21 07:00'";33;55;27;26;1;moderate
DEBB021;"'2018-04-21 08:00'";38;87;15;30;1;moderate
DEBB021;"'2018-04-21 09:00'";37;100;12;31;1;poor
DEBB021;"'2018-04-21 10:00'";35;109;8;30;1;moderate
DEBB021;"'2018-04-21 11:00'";31;101;6;25;1;moderate
DEBB021;"'2018-04-21 12:00'";25;93;5;18;1;moderate
DEBB021;"'2018-04-21 13:00'";25;96;5;17;1;moderate
DEBB021;"'2018-04-21 14:00'";19;101;5;13;1;moderate
DEBB021;"'2018-04-21 15:00'";16;105;3;9;1;moderate
DEBB021;"'2018-04-21 16:00'";11;106;3;6;1;moderate
DEBB021;"'2018-04-21 17:00'";10;106;2;5;1;moderate
DEBB021;"'2018-04-21 18:00'";9;108;3;5;1;moderate
DEBB021;"'2018-04-21 19:00'";10;105;3;5;1;moderate
DEBB021;"'2018-04-21 20:00'";12;97;9;7;1;moderate
DEBB021;"'2018-04-21 21:00'";19;87;11;11;1;moderate
DEBB021;"'2018-04-21 22:00'";27;71;17;14;1;good
DEBB021;"'2018-04-21 23:00'";21;66;14;14;1;good
DEBB021;"'2018-04-21 24:00'";22;60;19;17;1;moderate
DEBB021;"'2018-04-22 01:00'";33;50;25;26;1;moderate
DEBB021;"'2018-04-22 02:00'";29;43;23;24;1;moderate
DEBB021;"'2018-04-22 03:00'";22;41;17;18;1;moderate
DEBB021;"'2018-04-22 04:00'";27;37;25;23;1;moderate
DEBB021;"'2018-04-22 05:00'";23;44;18;20;1;moderate
DEBB021;"'2018-04-22 06:00'";24;32;22;20;1;moderate
DEBB021;"'2018-04-22 07:00'";22;35;21;19;1;moderate
DEBB021;"'2018-04-22 08:00'";20;39;19;17;1;moderate
DEBB021;"'2018-04-22 09:00'";20;57;11;15;1;good
DEBB021;"'2018-04-22 10:00'";24;65;11;14;1;good
DEBB021;"'2018-04-22 11:00'";21;76;9;11;1;moderate
DEBB021;"'2018-04-22 12:00'";17;94;6;9;1;moderate
DEBB021;"'2018-04-22 13:00'";16;105;5;8;1;moderate
DEBB021;"'2018-04-22 14:00'";17;112;2;8;1;moderate
DEBB021;"'2018-04-22 15:00'";23;111;6;8;1;moderate
DEBB021;"'2018-04-22 16:00'";23;114;5;8;1;moderate
DEBB021;"'2018-04-22 17:00'";21;116;4;8;1;moderate
DEBB021;"'2018-04-22 18:00'";22;113;8;9;1;moderate
DEBB021;"'2018-04-22 19:00'";24;110;7;10;1;moderate
DEBB021;"'2018-04-22 20:00'";22;101;14;10;1;moderate
DEBB021;"'2018-04-22 21:00'";23;89;17;12;1;moderate
DEBB021;"'2018-04-22 22:00'";20;84;19;12;1;moderate
DEBB021;"'2018-04-22 23:00'";25;80;14;14;1;moderate
DEBB021;"'2018-04-22 24:00'";25;109;5;11;1;moderate
DEBB021;"'2018-04-23 01:00'";16;105;5;9;1;moderate
DEBB021;"'2018-04-23 02:00'";15;97;6;12;1;moderate
DEBB021;"'2018-04-23 03:00'";17;85;7;15;1;moderate
DEBB021;"'2018-04-23 04:00'";19;76;7;16;1;moderate
DEBB021;"'2018-04-23 05:00'";18;69;9;15;1;good
DEBB021;"'2018-04-23 06:00'";17;64;14;14;1;good
DEBB021;"'2018-04-23 07:00'";18;60;17;15;1;good
DEBB021;"'2018-04-23 08:00'";18;59;21;13;1;good
DEBB021;"'2018-04-23 09:00'";17;65;21;11;1;good
DEBB021;"'2018-04-23 10:00'";14;78;15;10;1;moderate
DEBB021;"'2018-04-23 11:00'";13;86;10;8;1;moderate
DEBB021;"'2018-04-23 12:00'";17;85;11;13;1;moderate
DEBB021;"'2018-04-23 13:00'";19;77;12;15;1;moderate
DEBB021;"'2018-04-23 14:00'";17;87;7;13;1;moderate
DEBB021;"'2018-04-23 15:00'";22;97;6;16;1;moderate
DEBB021;"'2018-04-23 16:00'";24;99;8;18;1;moderate
DEBB021;"'2018-04-23 17:00'";20;103;7;14;1;moderate
DEBB021;"'2018-04-23 18:00'";14;102;6;9;1;moderate
DEBB021;"'2018-04-23 19:00'";12;102;6;7;1;moderate
DEBB021;"'2018-04-23 20:00'";12;102;6;8;1;moderate
DEBB021;"'2018-04-23 21:00'";18;96;9;10;1;moderate
DEBB021;"'2018-04-23 22:00'";15;88;11;11;1;moderate
DEBB021;"'2018-04-23 23:00'";15;79;12;11;1;moderate
DEBB021;"'2018-04-23 24:00'";16;75;12;12;1;moderate
DEBB021;"'2018-04-24 01:00'";15;69;11;11;1;good
DEBB021;"'2018-04-24 02:00'";14;68;8;11;1;good
DEBB021;"'2018-04-24 03:00'";14;68;6;11;1;good
DEBB021;"'2018-04-24 04:00'";14;60;9;11;1;good
DEBB021;"'2018-04-24 05:00'";14;53;12;11;1;good
DEBB021;"'2018-04-24 06:00'";14;42;19;11;1;good
DEBB021;"'2018-04-24 07:00'";17;34;27;13;1;good
DEBB021;"'2018-04-24 08:00'";22;25;35;16;1;moderate
DEBB021;"'2018-04-24 09:00'";27;32;28;16;1;moderate
DEBB021;"'2018-04-24 10:00'";30;53;18;18;1;moderate
DEBB021;"'2018-04-24 11:00'";30;73;10;17;1;moderate
DEBB021;"'2018-04-24 12:00'";23;77;11;13;1;moderate
DEBB021;"'2018-04-24 13:00'";24;76;9;14;1;moderate
DEBB021;"'2018-04-24 14:00'";21;78;9;12;1;moderate
DEBB021;"'2018-04-24 15:00'";14;84;8;8;1;moderate
DEBB021;"'2018-04-24 16:00'";15;76;11;9;1;moderate
DEBB021;"'2018-04-24 17:00'";17;66;15;11;1;good
DEBB021;"'2018-04-24 18:00'";21;57;16;15;1;good
DEBB021;"'2018-04-24 19:00'";19;59;11;16;1;moderate
DEBB021;"'2018-04-24 20:00'";14;63;11;12;1;good
DEBB021;"'2018-04-24 21:00'";15;57;17;11;1;good
DEBB021;"'2018-04-24 22:00'";15;55;16;12;1;good
DEBB021;"'2018-04-24 23:00'";16;53;19;14;1;good
DEBB021;"'2018-04-24 24:00'";18;51;16;15;1;good
DEBB021;"'2018-04-25 01:00'";19;48;12;17;1;moderate
DEBB021;"'2018-04-25 02:00'";20;41;12;18;1;moderate
DEBB021;"'2018-04-25 03:00'";20;35;11;18;1;moderate
DEBB021;"'2018-04-25 04:00'";21;30;10;19;1;moderate
DEBB021;"'2018-04-25 05:00'";21;21;15;19;1;moderate
DEBB021;"'2018-04-25 06:00'";20;25;14;18;1;moderate
DEBB021;"'2018-04-25 07:00'";21;24;20;18;1;moderate
DEBB021;"'2018-04-25 08:00'";20;31;26;16;1;moderate
DEBB021;"'2018-04-25 09:00'";20;44;24;12;1;good
DEBB021;"'2018-04-25 10:00'";17;57;18;11;1;good
DEBB021;"'2018-04-25 11:00'";19;65;14;11;1;good
DEBB021;"'2018-04-25 12:00'";27;74;14;12;1;moderate
DEBB021;"'2018-04-25 13:00'";27;78;9;13;1;moderate
DEBB021;"'2018-04-25 14:00'";10;60;9;8;1;good
DEBB021;"'2018-04-25 15:00'";10;68;6;6;1;good
DEBB021;"'2018-04-25 16:00'";32;80;5;7;1;moderate
DEBB021;"'2018-04-25 17:00'";37;83;4;7;1;moderate
DEBB021;"'2018-04-25 18:00'";10;85;3;3;1;moderate
DEBB021;"'2018-04-25 19:00'";6;83;5;3;1;moderate
DEBB021;"'2018-04-25 20:00'";5;79;6;3;1;moderate
DEBB021;"'2018-04-25 21:00'";4;76;7;3;1;moderate
DEBB021;"'2018-04-25 22:00'";4;69;9;3;1;good
DEBB021;"'2018-04-25 23:00'";5;64;12;4;1;good
DEBB021;"'2018-04-25 24:00'";5;62;12;4;1;good
DEBB021;"'2018-04-26 01:00'";6;59;12;5;1;good
DEBB021;"'2018-04-26 02:00'";6;61;9;6;1;good
DEBB021;"'2018-04-26 03:00'";7;66;10;6;1;good
DEBB021;"'2018-04-26 04:00'";8;58;19;7;1;good
DEBB021;"'2018-04-26 05:00'";9;58;11;9;1;good
DEBB021;"'2018-04-26 06:00'";10;52;13;9;1;good
DEBB021;"'2018-04-26 07:00'";12;38;24;10;1;good
DEBB021;"'2018-04-26 08:00'";14;46;21;12;1;good
DEBB021;"'2018-04-26 09:00'";14;55;15;12;1;good
DEBB021;"'2018-04-26 10:00'";18;59;14;15;1;good
DEBB021;"'2018-04-26 11:00'";19;65;11;14;1;good
DEBB021;"'2018-04-26 12:00'";5;65;9;5;1;good
DEBB021;"'2018-04-26 13:00'";6;73;7;5;1;moderate
DEBB021;"'2018-04-26 14:00'";5;78;6;4;1;moderate
DEBB021;"'2018-04-26 15:00'";8;76;8;4;1;moderate
DEBB021;"'2018-04-26 16:00'";6;72;8;4;1;good
DEBB021;"'2018-04-26 17:00'";6;78;7;4;1;moderate
DEBB021;"'2018-04-26 18:00'";5;79;9;4;1;moderate
DEBB021;"'2018-04-26 19:00'";5;77;8;5;1;moderate
DEBB021;"'2018-04-26 20:00'";6;74;9;5;1;moderate
DEBB021;"'2018-04-26 21:00'";4;80;7;3;1;moderate
DEBB021;"'2018-04-26 22:00'";5;64;15;4;1;good
DEBB021;"'2018-04-26 23:00'";4;62;13;4;1;good
DEBB021;"'2018-04-26 24:00'";5;61;10;5;1;good
DEBB021;"'2018-04-27 01:00'";6;58;12;6;1;good
DEBB021;"'2018-04-27 02:00'";6;52;9;6;1;good
DEBB021;"'2018-04-27 03:00'";8;43;14;7;1;good
DEBB021;"'2018-04-27 04:00'";8;37;10;7;1;good
DEBB021;"'2018-04-27 05:00'";8;30;13;7;1;good
DEBB021;"'2018-04-27 06:00'";10;25;17;8;1;good
DEBB021;"'2018-04-27 07:00'";11;21;27;10;1;good
DEBB021;"'2018-04-27 08:00'";13;20;28;11;1;good
DEBB021;"'2018-04-27 09:00'";18;27;26;12;1;good
DEBB021;"'2018-04-27 10:00'";21;40;23;14;1;good
DEBB021;"'2018-04-27 11:00'";18;61;18;13;1;good
DEBB021;"'2018-04-27 12:00'";16;77;10;12;1;moderate
DEBB021;"'2018-04-27 13:00'";13;83;8;10;1;moderate
DEBB021;"'2018-04-27 14:00'";14;92;6;9;1;moderate
DEBB021;"'2018-04-27 15:00'";12;95;6;8;1;moderate
DEBB021;"'2018-04-27 16:00'";13;95;7;8;1;moderate
DEBB021;"'2018-04-27 17:00'";15;95;7;9;1;moderate
DEBB021;"'2018-04-27 18:00'";12;96;6;8;1;moderate
DEBB021;"'2018-04-27 19:00'";12;93;7;7;1;moderate
DEBB021;"'2018-04-27 20:00'";12;91;9;6;1;moderate
DEBB021;"'2018-04-27 21:00'";15;78;15;7;1;moderate
DEBB021;"'2018-04-27 22:00'";20;69;19;9;1;good
DEBB021;"'2018-04-27 23:00'";15;64;22;10;1;good
DEBB021;"'2018-04-27 24:00'";16;63;19;12;1;good
DEBB021;"'2018-04-28 01:00'";16;61;15;12;1;good
DEBB021;"'2018-04-28 02:00'";16;57;15;12;1;good
DEBB021;"'2018-04-28 03:00'";16;54;14;13;1;good
DEBB021;"'2018-04-28 04:00'";17;48;17;14;1;good
DEBB021;"'2018-04-28 05:00'";19;38;19;16;1;moderate
DEBB021;"'2018-04-28 06:00'";21;30;25;16;1;moderate
DEBB021;"'2018-04-28 07:00'";22;16;40;17;1;moderate
DEBB021;"'2018-04-28 08:00'";22;21;32;17;1;moderate
DEBB021;"'2018-04-28 09:00'";20;38;21;15;1;good
DEBB021;"'2018-04-28 10:00'";21;52;20;14;5;good
DEBB021;"'2018-04-28 11:00'";18;76;13;10;2;moderate
DEBB021;"'2018-04-28 12:00'";16;90;10;9;1;moderate
DEBB021;"'2018-04-28 13:00'";18;93;11;9;1;moderate
DEBB021;"'2018-04-28 14:00'";18;99;12;7;1;moderate
DEBB021;"'2018-04-28 15:00'";14;106;9;5;1;moderate
DEBB021;"'2018-04-28 16:00'";12;108;6;4;1;moderate
DEBB021;"'2018-04-28 17:00'";13;107;7;4;1;moderate
DEBB021;"'2018-04-28 18:00'";12;109;6;3;1;moderate
DEBB021;"'2018-04-28 19:00'";13;110;9;4;1;moderate
DEBB021;"'2018-04-28 20:00'";17;103;11;5;1;moderate
DEBB021;"'2018-04-28 21:00'";19;92;16;8;1;moderate
DEBB021;"'2018-04-28 22:00'";23;90;14;11;1;moderate
DEBB021;"'2018-04-28 23:00'";22;85;14;14;1;moderate
DEBB021;"'2018-04-28 24:00'";23;81;10;15;1;moderate
DEBB021;"'2018-04-29 01:00'";26;73;12;17;1;moderate
DEBB021;"'2018-04-29 02:00'";27;51;19;20;1;moderate
DEBB021;"'2018-04-29 03:00'";22;50;17;16;1;moderate
DEBB021;"'2018-04-29 04:00'";21;45;17;16;1;moderate
DEBB021;"'2018-04-29 05:00'";24;46;16;18;1;moderate
DEBB021;"'2018-04-29 06:00'";25;38;14;20;1;moderate
DEBB021;"'2018-04-29 07:00'";24;31;17;20;1;moderate
DEBB021;"'2018-04-29 08:00'";24;23;23;19;1;moderate
DEBB021;"'2018-04-29 09:00'";23;57;13;17;1;moderate
DEBB021;"'2018-04-29 10:00'";21;69;11;14;1;good
DEBB021;"'2018-04-29 11:00'";18;76;13;12;1;moderate
DEBB021;"'2018-04-29 12:00'";15;98;9;7;1;moderate
DEBB021;"'2018-04-29 13:00'";14;105;5;6;1;moderate
DEBB021;"'2018-04-29 14:00'";17;108;5;8;1;moderate
DEBB021;"'2018-04-29 15:00'";17;111;5;8;1;moderate
DEBB021;"'2018-04-29 16:00'";13;114;5;6;1;moderate
DEBB021;"'2018-04-29 17:00'";14;119;6;6;1;moderate
DEBB021;"'2018-04-29 18:00'";12;121;5;6;1;moderate
DEBB021;"'2018-04-29 19:00'";14;117;8;7;1;moderate
DEBB021;"'2018-04-29 20:00'";16;109;10;8;1;moderate
DEBB021;"'2018-04-29 21:00'";15;104;12;9;1;moderate
DEBB021;"'2018-04-29 22:00'";16;99;12;10;1;moderate
DEBB021;"'2018-04-29 23:00'";15;95;11;10;1;moderate
DEBB021;"'2018-04-29 24:00'";15;94;9;10;1;moderate
DEBB021;"'2018-04-30 01:00'";16;88;9;11;1;moderate
DEBB021;"'2018-04-30 02:00'";19;85;9;14;1;moderate
DEBB021;"'2018-04-30 03:00'";21;84;9;16;1;moderate
DEBB021;"'2018-04-30 04:00'";23;84;9;18;1;moderate
DEBB021;"'2018-04-30 05:00'";27;78;10;21;1;moderate
DEBB021;"'2018-04-30 06:00'";30;73;13;24;1;moderate
DEBB021;"'2018-04-30 07:00'";30;65;16;23;1;moderate
DEBB021;"'2018-04-30 08:00'";30;62;17;22;1;moderate
DEBB021;"'2018-04-30 09:00'";34;59;16;24;1;moderate
DEBB021;"'2018-04-30 10:00'";34;63;15;23;1;moderate
DEBB021;"'2018-04-30 11:00'";34;74;14;20;1;moderate
DEBB021;"'2018-04-30 12:00'";43;84;12;20;1;moderate
DEBB021;"'2018-04-30 13:00'";50;68;11;12;1;moderate
DEBB021;"'2018-04-30 14:00'";29;76;9;6;1;moderate
DEBB021;"'2018-04-30 15:00'";15;90;9;3;1;moderate
DEBB021;"'2018-04-30 16:00'";20;97;9;3;1;moderate
DEBB021;"'2018-04-30 17:00'";18;103;7;3;1;moderate
DEBB021;"'2018-04-30 18:00'";14;98;6;2;1;moderate
DEBB021;"'2018-04-30 19:00'";10;92;6;2;1;moderate
DEBB021;"'2018-04-30 20:00'";10;86;8;2;1;moderate
DEBB021;"'2018-04-30 21:00'";17;79;11;3;1;moderate
DEBB021;"'2018-04-30 22:00'";12;64;22;4;1;good
DEBB021;"'2018-04-30 23:00'";13;74;13;5;1;moderate
DEBB021;"'2018-04-30 24:00'";11;72;10;7;1;good
DEBB021;"'2018-05-01 01:00'";11;70;9;7;1;good
DEBB021;"'2018-05-01 02:00'";10;67;9;6;1;good
DEBB021;"'2018-05-01 03:00'";9;69;7;5;1;good
DEBB021;"'2018-05-01 04:00'";7;71;7;5;1;good
DEBB021;"'2018-05-01 05:00'";7;69;6;4;1;good
DEBB021;"'2018-05-01 06:00'";8;72;5;4;1;good
DEBB021;"'2018-05-01 07:00'";4;78;3;2;1;moderate
DEBB021;"'2018-05-01 08:00'";8;78;4;2;1;moderate
DEBB021;"'2018-05-01 09:00'";20;81;3;3;1;moderate
DEBB021;"'2018-05-01 10:00'";31;84;2;3;1;moderate
DEBB021;"'2018-05-01 11:00'";33;85;2;3;1;moderate
DEBB021;"'2018-05-01 12:00'";17;82;2;2;1;moderate
DEBB021;"'2018-05-01 13:00'";11;82;2;2;1;moderate
DEBB021;"'2018-05-01 14:00'";12;84;3;3;1;moderate
DEBB021;"'2018-05-01 15:00'";48;82;2;5;1;moderate
DEBB021;"'2018-05-01 16:00'";48;84;2;5;1;moderate
DEBB021;"'2018-05-01 17:00'";55;86;2;6;1;poor
DEBB021;"'2018-05-01 18:00'";12;89;2;3;1;moderate
DEBB021;"'2018-05-01 19:00'";6;89;4;3;1;moderate
DEBB021;"'2018-05-01 20:00'";7;89;4;3;1;moderate
DEBB021;"'2018-05-01 21:00'";8;83;7;4;1;moderate
DEBB021;"'2018-05-01 22:00'";11;72;11;5;1;good
DEBB021;"'2018-05-01 23:00'";11;62;13;6;1;good
DEBB021;"'2018-05-01 24:00'";12;60;14;6;1;good
DEBB021;"'2018-05-02 01:00'";9;46;17;6;1;good
DEBB021;"'2018-05-02 02:00'";8;40;15;6;1;good
DEBB021;"'2018-05-02 03:00'";8;45;15;7;1;good
DEBB021;"'2018-05-02 04:00'";10;24;21;8;1;good
DEBB021;"'2018-05-02 05:00'";12;6;34;10;1;moderate
DEBB021;"'2018-05-02 06:00'";12;2;37;10;1;moderate
DEBB021;"'2018-05-02 07:00'";14;2;39;11;1;moderate
DEBB021;"'2018-05-02 08:00'";21;2;53;13;1;moderate
DEBB021;"'2018-05-02 09:00'";35;14;57;15;1;moderate
DEBB021;"'2018-05-02 10:00'";30;42;32;13;1;moderate
DEBB021;"'2018-05-02 11:00'";45;56;25;13;1;moderate
DEBB021;"'2018-05-02 12:00'";31;63;18;11;1;moderate
DEBB021;"'2018-05-02 13:00'";25;67;15;9;1;good
DEBB021;"'2018-05-02 14:00'";22;70;15;8;1;good
DEBB021;"'2018-05-02 15:00'";19;70;15;6;1;good
DEBB021;"'2018-05-02 16:00'";20;67;16;7;1;good
DEBB021;"'2018-05-02 17:00'";18;70;17;8;1;good
DEBB021;"'2018-05-02 18:00'";19;76;13;6;1;moderate
DEBB021;"'2018-05-02 19:00'";17;79;11;6;1;moderate
DEBB021;"'2018-05-02 20:00'";15;76;11;7;1;moderate
DEBB021;"'2018-05-02 21:00'";16;69;16;7;1;good
DEBB021;"'2018-05-02 22:00'";16;64;20;8;1;good
DEBB021;"'2018-05-02 23:00'";16;61;20;9;1;good
DEBB021;"'2018-05-02 24:00'";16;60;19;9;1;good
DEBB021;"'2018-05-03 01:00'";17;55;19;10;1;good
DEBB021;"'2018-05-03 02:00'";16;51;18;11;1;good
DEBB021;"'2018-05-03 03:00'";16;42;18;12;1;good
DEBB021;"'2018-05-03 04:00'";16;33;21;11;1;good
DEBB021;"'2018-05-03 05:00'";17;36;19;12;1;good
DEBB021;"'2018-05-03 06:00'";20;41;17;14;1;good
DEBB021;"'2018-05-03 07:00'";22;23;36;16;1;moderate
DEBB021;"'2018-05-03 08:00'";26;22;35;17;1;moderate
DEBB021;"'2018-05-03 09:00'";27;34;28;17;1;moderate
DEBB021;"'2018-05-03 10:00'";23;53;16;15;1;good
DEBB021;"'2018-05-03 11:00'";25;61;11;16;1;moderate
DEBB021;"'2018-05-03 12:00'";25;76;11;17;1;moderate
DEBB021;"'2018-05-03 13:00'";24;90;8;16;1;moderate
DEBB021;"'2018-05-03 14:00'";21;98;6;13;1;moderate
DEBB021;"'2018-05-03 15:00'";16;97;5;9;1;moderate
DEBB021;"'2018-05-03 16:00'";19;93;7;11;1;moderate
DEBB021;"'2018-05-03 17:00'";21;92;9;12;1;moderate
DEBB021;"'2018-05-03 18:00'";15;101;6;7;1;moderate
DEBB021;"'2018-05-03 19:00'";15;104;5;5;1;moderate
DEBB021;"'2018-05-03 20:00'";12;103;5;4;1;moderate
DEBB021;"'2018-05-03 21:00'";9;100;6;4;1;moderate
DEBB021;"'2018-05-03 22:00'";8;96;5;3;1;moderate
DEBB021;"'2018-05-03 23:00'";7;92;6;4;1;moderate
DEBB021;"'2018-05-03 24:00'";7;84;10;4;1;moderate
DEBB021;"'2018-05-04 01:00'";7;77;16;4;1;moderate
DEBB021;"'2018-05-04 02:00'";6;78;10;4;1;moderate
DEBB021;"'2018-05-04 03:00'";9;70;13;5;1;good
DEBB021;"'2018-05-04 04:00'";7;64;12;5;1;good
DEBB021;"'2018-05-04 05:00'";7;55;15;6;1;good
DEBB021;"'2018-05-04 06:00'";8;43;29;6;1;good
DEBB021;"'2018-05-04 07:00'";12;36;43;7;1;moderate
DEBB021;"'2018-05-04 08:00'";10;63;21;5;1;good
DEBB021;"'2018-05-04 09:00'";11;66;20;5;1;good
DEBB021;"'2018-05-04 10:00'";10;75;19;5;1;moderate
DEBB021;"'2018-05-04 11:00'";9;92;10;4;1;moderate
DEBB021;"'2018-05-04 12:00'";12;95;8;3;1;moderate
DEBB021;"'2018-05-04 13:00'";17;98;8;4;1;moderate
DEBB021;"'2018-05-04 14:00'";15;102;6;4;1;moderate
DEBB021;"'2018-05-04 15:00'";19;105;6;3;1;moderate
DEBB021;"'2018-05-04 16:00'";17;106;7;3;1;moderate
DEBB021;"'2018-05-04 17:00'";16;108;8;4;1;moderate
DEBB021;"'2018-05-04 18:00'";9;107;6;3;1;moderate
DEBB021;"'2018-05-04 19:00'";8;104;5;3;1;moderate
DEBB021;"'2018-05-04 20:00'";10;101;6;3;1;moderate
DEBB021;"'2018-05-04 21:00'";8;98;7;4;1;moderate
DEBB021;"'2018-05-04 22:00'";9;91;7;4;1;moderate
DEBB021;"'2018-05-04 23:00'";9;86;11;5;1;moderate
DEBB021;"'2018-05-04 24:00'";9;90;7;5;1;moderate
DEBB021;"'2018-05-05 01:00'";9;85;9;6;1;moderate
DEBB021;"'2018-05-05 02:00'";7;85;7;5;1;moderate
DEBB021;"'2018-05-05 03:00'";7;80;7;5;1;moderate
DEBB021;"'2018-05-05 04:00'";7;73;10;6;1;moderate
DEBB021;"'2018-05-05 05:00'";7;64;13;6;1;good
DEBB021;"'2018-05-05 06:00'";8;58;16;7;1;good
DEBB021;"'2018-05-05 07:00'";9;55;18;8;1;good
DEBB021;"'2018-05-05 08:00'";10;60;17;7;1;good
DEBB021;"'2018-05-05 09:00'";13;76;14;7;1;moderate
DEBB021;"'2018-05-05 10:00'";14;86;11;6;1;moderate
DEBB021;"'2018-05-05 11:00'";12;96;9;5;1;moderate
DEBB021;"'2018-05-05 12:00'";11;97;9;3;1;moderate
DEBB021;"'2018-05-05 13:00'";12;99;9;3;1;moderate
DEBB021;"'2018-05-05 14:00'";9;100;9;3;1;moderate
DEBB021;"'2018-05-05 15:00'";11;103;7;3;1;moderate
DEBB021;"'2018-05-05 16:00'";16;104;7;4;1;moderate
DEBB021;"'2018-05-05 17:00'";9;106;7;4;1;moderate
DEBB021;"'2018-05-05 18:00'";11;105;6;3;1;moderate
DEBB021;"'2018-05-05 19:00'";9;103;6;3;1;moderate
DEBB021;"'2018-05-05 20:00'";10;98;7;4;1;moderate
DEBB021;"'2018-05-05 21:00'";15;93;10;5;1;moderate
DEBB021;"'2018-05-05 22:00'";18;80;16;7;1;moderate
DEBB021;"'2018-05-05 23:00'";14;76;14;8;1;moderate
DEBB021;"'2018-05-05 24:00'";14;69;15;10;1;good
DEBB021;"'2018-05-06 01:00'";11;64;12;8;1;good
DEBB021;"'2018-05-06 02:00'";11;60;12;8;1;good
DEBB021;"'2018-05-06 03:00'";10;56;14;8;1;good
DEBB021;"'2018-05-06 04:00'";10;54;13;8;1;good
DEBB021;"'2018-05-06 05:00'";10;51;14;8;1;good
DEBB021;"'2018-05-06 06:00'";10;47;14;8;1;good
DEBB021;"'2018-05-06 07:00'";9;45;15;8;1;good
DEBB021;"'2018-05-06 08:00'";11;56;12;8;1;good
DEBB021;"'2018-05-06 09:00'";12;64;9;8;1;good
DEBB021;"'2018-05-06 10:00'";17;73;8;8;1;moderate
DEBB021;"'2018-05-06 11:00'";13;84;7;6;1;moderate
DEBB021;"'2018-05-06 12:00'";13;95;7;6;1;moderate
DEBB021;"'2018-05-06 13:00'";15;99;6;5;1;moderate
DEBB021;"'2018-05-06 14:00'";12;101;5;4;1;moderate
DEBB021;"'2018-05-06 15:00'";13;100;5;4;1;moderate
DEBB021;"'2018-05-06 16:00'";10;96;3;4;1;moderate
DEBB021;"'2018-05-06 17:00'";13;96;4;4;1;moderate
DEBB021;"'2018-05-06 18:00'";8;94;4;3;1;moderate
DEBB021;"'2018-05-06 19:00'";7;90;6;3;1;moderate
DEBB021;"'2018-05-06 20:00'";9;88;5;3;1;moderate
DEBB021;"'2018-05-06 21:00'";11;80;10;4;1;moderate
DEBB021;"'2018-05-06 22:00'";11;70;15;6;1;good
DEBB021;"'2018-05-06 23:00'";12;63;14;6;1;good
DEBB021;"'2018-05-06 24:00'";10;58;12;7;1;good
DEBB021;"'2018-05-07 01:00'";10;47;16;8;1;good
DEBB021;"'2018-05-07 02:00'";11;38;28;9;1;good
DEBB021;"'2018-05-07 03:00'";11;40;20;9;1;good
DEBB021;"'2018-05-07 04:00'";11;35;19;10;1;good
DEBB021;"'2018-05-07 05:00'";11;29;22;10;1;good
DEBB021;"'2018-05-07 06:00'";14;6;48;11;1;moderate
DEBB021;"'2018-05-07 07:00'";17;4;54;12;1;moderate
DEBB021;"'2018-05-07 08:00'";20;20;48;13;1;moderate
DEBB021;"'2018-05-07 09:00'";21;47;35;10;1;moderate
DEBB021;"'2018-05-07 10:00'";25;79;20;7;1;moderate
DEBB021;"'2018-05-07 11:00'";17;90;11;5;1;moderate
DEBB021;"'2018-05-07 12:00'";29;96;10;6;1;moderate
DEBB021;"'2018-05-07 13:00'";25;103;8;6;1;moderate
DEBB021;"'2018-05-07 14:00'";26;106;8;5;1;moderate
DEBB021;"'2018-05-07 15:00'";23;108;7;5;1;moderate
DEBB021;"'2018-05-07 16:00'";25;105;7;5;1;moderate
DEBB021;"'2018-05-07 17:00'";17;102;8;3;1;moderate
DEBB021;"'2018-05-07 18:00'";17;101;7;4;1;moderate
DEBB021;"'2018-05-07 19:00'";15;99;7;4;1;moderate
DEBB021;"'2018-05-07 20:00'";12;95;7;4;1;moderate
DEBB021;"'2018-05-07 21:00'";15;90;10;5;1;moderate
DEBB021;"'2018-05-07 22:00'";17;74;20;8;1;moderate
DEBB021;"'2018-05-07 23:00'";21;61;23;9;1;good
DEBB021;"'2018-05-07 24:00'";16;60;17;9;1;good
DEBB021;"'2018-05-08 01:00'";15;53;18;10;1;good
DEBB021;"'2018-05-08 02:00'";13;47;18;10;1;good
DEBB021;"'2018-05-08 03:00'";17;42;19;15;1;good
DEBB021;"'2018-05-08 04:00'";13;43;20;10;1;good
DEBB021;"'2018-05-08 05:00'";13;46;19;10;1;good
DEBB021;"'2018-05-08 06:00'";14;34;30;11;1;good
DEBB021;"'2018-05-08 07:00'";17;27;47;12;1;moderate
DEBB021;"'2018-05-08 08:00'";25;39;36;13;1;moderate
DEBB021;"'2018-05-08 09:00'";29;55;26;12;1;moderate
DEBB021;"'2018-05-08 10:00'";28;68;21;9;1;moderate
DEBB021;"'2018-05-08 11:00'";28;86;14;7;1;moderate
DEBB021;"'2018-05-08 12:00'";31;99;8;5;1;moderate
DEBB021;"'2018-05-08 13:00'";34;105;7;6;1;moderate
DEBB021;"'2018-05-08 14:00'";42;105;10;6;1;moderate
DEBB021;"'2018-05-08 15:00'";36;109;6;5;1;moderate
DEBB021;"'2018-05-08 16:00'";34;111;9;6;1;moderate
DEBB021;"'2018-05-08 17:00'";31;108;11;5;1;moderate
DEBB021;"'2018-05-08 18:00'";28;113;10;5;1;moderate
DEBB021;"'2018-05-08 19:00'";23;116;8;4;1;moderate
DEBB021;"'2018-05-08 20:00'";20;119;8;5;1;moderate
DEBB021;"'2018-05-08 21:00'";20;114;11;6;1;moderate
DEBB021;"'2018-05-08 22:00'";21;105;15;7;1;moderate
DEBB021;"'2018-05-08 23:00'";21;97;16;8;1;moderate
DEBB021;"'2018-05-08 24:00'";22;93;15;8;1;moderate
DEBB021;"'2018-05-09 01:00'";19;89;13;8;1;moderate
DEBB021;"'2018-05-09 02:00'";19;83;13;8;1;moderate
DEBB021;"'2018-05-09 03:00'";16;75;14;8;1;moderate
DEBB021;"'2018-05-09 04:00'";17;72;13;9;1;good
DEBB021;"'2018-05-09 05:00'";17;67;15;9;1;good
DEBB021;"'2018-05-09 06:00'";21;61;19;11;1;good
DEBB021;"'2018-05-09 07:00'";28;50;31;12;1;moderate
DEBB021;"'2018-05-09 08:00'";40;54;27;13;1;moderate
DEBB021;"'2018-05-09 09:00'";36;58;31;13;3;moderate
DEBB021;"'2018-05-09 10:00'";32;67;32;11;3;moderate
DEBB021;"'2018-05-09 11:00'";33;78;30;11;1;moderate
DEBB021;"'2018-05-09 12:00'";38;94;25;10;1;moderate
DEBB021;"'2018-05-09 13:00'";46;110;10;9;1;moderate
DEBB021;"'2018-05-09 14:00'";40;110;10;9;1;moderate
DEBB021;"'2018-05-09 15:00'";59;111;10;10;1;poor
DEBB021;"'2018-05-09 16:00'";54;105;9;10;1;moderate
DEBB021;"'2018-05-09 17:00'";42;101;9;10;1;moderate
DEBB021;"'2018-05-09 18:00'";40;105;10;10;1;moderate
DEBB021;"'2018-05-09 19:00'";32;107;10;10;1;moderate
DEBB021;"'2018-05-09 20:00'";43;103;12;12;1;moderate
DEBB021;"'2018-05-09 21:00'";41;105;10;12;1;moderate
DEBB021;"'2018-05-09 22:00'";32;100;11;11;1;moderate
DEBB021;"'2018-05-09 23:00'";30;88;15;12;1;moderate
DEBB021;"'2018-05-09 24:00'";23;87;12;14;1;moderate
DEBB021;"'2018-05-10 01:00'";31;77;12;17;1;moderate
DEBB021;"'2018-05-10 02:00'";29;70;13;19;1;moderate
DEBB021;"'2018-05-10 03:00'";29;70;11;19;1;moderate
DEBB021;"'2018-05-10 04:00'";26;71;10;19;1;moderate
DEBB021;"'2018-05-10 05:00'";26;71;11;19;1;moderate
DEBB021;"'2018-05-10 06:00'";28;66;13;20;2;moderate
DEBB021;"'2018-05-10 07:00'";28;56;21;21;2;moderate
DEBB021;"'2018-05-10 08:00'";28;58;19;21;4;moderate
DEBB021;"'2018-05-10 09:00'";26;67;13;19;1;moderate
DEBB021;"'2018-05-10 10:00'";27;74;7;17;1;moderate
DEBB021;"'2018-05-10 11:00'";28;85;6;15;1;moderate
DEBB021;"'2018-05-10 12:00'";28;96;5;14;1;moderate
DEBB021;"'2018-05-10 13:00'";33;104;5;14;1;moderate
DEBB021;"'2018-05-10 14:00'";36;107;2;14;1;moderate
DEBB021;"'2018-05-10 15:00'";36;105;6;15;1;moderate
DEBB021;"'2018-05-10 16:00'";31;107;7;13;1;moderate
DEBB021;"'2018-05-10 17:00'";30;106;9;13;1;moderate
DEBB021;"'2018-05-10 18:00'";47;106;9;14;1;moderate
DEBB021;"'2018-05-10 19:00'";44;94;16;15;1;moderate
DEBB021;"'2018-05-10 20:00'";41;101;10;14;1;moderate
DEBB021;"'2018-05-10 21:00'";39;109;6;25;1;moderate
DEBB021;"'2018-05-10 22:00'";19;109;5;14;1;moderate
DEBB021;"'2018-05-10 23:00'";21;104;6;18;1;moderate
DEBB021;"'2018-05-10 24:00'";21;100;5;19;1;moderate
DEBB021;"'2018-05-11 01:00'";25;97;5;24;1;moderate
DEBB021;"'2018-05-11 02:00'";20;89;3;18;1;moderate
DEBB021;"'2018-05-11 03:00'";15;79;4;13;1;moderate
DEBB021;"'2018-05-11 04:00'";13;76;3;11;1;moderate
DEBB021;"'2018-05-11 05:00'";16;70;4;15;1;good
DEBB021;"'2018-05-11 06:00'";21;62;5;18;1;moderate
DEBB021;"'2018-05-11 07:00'";22;58;8;19;1;moderate
DEBB021;"'2018-05-11 08:00'";19;57;9;16;1;moderate
DEBB021;"'2018-05-11 09:00'";17;57;6;14;1;good
DEBB021;"'2018-05-11 10:00'";15;56;7;12;1;good
DEBB021;"'2018-05-11 11:00'";16;57;7;13;1;good
DEBB021;"'2018-05-11 12:00'";17;59;8;13;1;good
DEBB021;"'2018-05-11 13:00'";21;62;7;14;1;good
DEBB021;"'2018-05-11 14:00'";17;72;5;12;1;good
DEBB021;"'2018-05-11 15:00'";26;75;8;13;1;moderate
DEBB021;"'2018-05-11 16:00'";30;78;6;13;1;moderate
DEBB021;"'2018-05-11 17:00'";30;77;8;14;1;moderate
DEBB021;"'2018-05-11 18:00'";27;77;6;13;1;moderate
DEBB021;"'2018-05-11 19:00'";18;77;6;12;1;moderate
DEBB021;"'2018-05-11 20:00'";24;72;9;13;1;good
DEBB021;"'2018-05-11 21:00'";18;57;14;15;1;good
DEBB021;"'2018-05-11 22:00'";19;48;19;16;1;moderate
DEBB021;"'2018-05-11 23:00'";24;38;20;19;1;moderate
DEBB021;"'2018-05-11 24:00'";31;29;24;24;1;moderate
DEBB021;"'2018-05-12 01:00'";28;19;27;23;1;moderate
DEBB021;"'2018-05-12 02:00'";26;14;21;23;1;moderate
DEBB021;"'2018-05-12 03:00'";22;8;18;20;1;moderate
DEBB021;"'2018-05-12 04:00'";25;7;17;22;1;moderate
DEBB021;"'2018-05-12 05:00'";30;4;23;24;1;moderate
DEBB021;"'2018-05-12 06:00'";22;2;24;21;1;moderate
DEBB021;"'2018-05-12 07:00'";24;9;19;22;1;moderate
DEBB021;"'2018-05-12 08:00'";28;19;20;24;1;moderate
DEBB021;"'2018-05-12 09:00'";29;29;17;25;1;moderate
DEBB021;"'2018-05-12 10:00'";31;39;14;25;1;moderate
DEBB021;"'2018-05-12 11:00'";31;67;11;23;1;moderate
DEBB021;"'2018-05-12 12:00'";28;86;7;20;1;moderate
DEBB021;"'2018-05-12 13:00'";27;92;9;19;1;moderate
DEBB021;"'2018-05-12 14:00'";28;96;8;16;1;moderate
DEBB021;"'2018-05-12 15:00'";22;104;6;13;1;moderate
DEBB021;"'2018-05-12 16:00'";21;109;5;12;1;moderate
DEBB021;"'2018-05-12 17:00'";20;112;5;12;1;moderate
DEBB021;"'2018-05-12 18:00'";21;115;5;12;1;moderate
DEBB021;"'2018-05-12 19:00'";22;112;6;10;1;moderate
DEBB021;"'2018-05-12 20:00'";19;109;6;12;1;moderate
DEBB021;"'2018-05-12 21:00'";19;100;9;14;1;moderate
DEBB021;"'2018-05-12 22:00'";22;89;13;17;1;moderate
DEBB021;"'2018-05-12 23:00'";25;76;15;21;1;moderate
DEBB021;"'2018-05-12 24:00'";24;70;14;21;1;moderate
DEBB021;"'2018-05-13 01:00'";25;69;13;22;1;moderate
DEBB021;"'2018-05-13 02:00'";21;71;10;18;1;moderate
DEBB021;"'2018-05-13 03:00'";20;64;11;17;1;moderate
DEBB021;"'2018-05-13 04:00'";21;59;12;18;1;moderate
DEBB021;"'2018-05-13 05:00'";24;53;12;20;1;moderate
DEBB021;"'2018-05-13 06:00'";27;49;12;24;1;moderate
DEBB021;"'2018-05-13 07:00'";31;52;11;26;1;moderate
DEBB021;"'2018-05-13 08:00'";34;57;10;28;1;moderate
DEBB021;"'2018-05-13 09:00'";32;64;12;24;1;moderate
DEBB021;"'2018-05-13 10:00'";34;77;8;19;1;moderate
DEBB021;"'2018-05-13 11:00'";35;95;7;14;1;moderate
DEBB021;"'2018-05-13 12:00'";40;117;6;12;2;moderate
DEBB021;"'2018-05-13 13:00'";34;129;5;9;3;moderate
DEBB021;"'2018-05-13 14:00'";35;130;6;8;1;moderate
DEBB021;"'2018-05-13 15:00'";34;131;5;7;1;moderate
DEBB021;"'2018-05-13 16:00'";27;129;4;7;1;moderate
DEBB021;"'2018-05-13 17:00'";27;130;5;7;1;moderate
DEBB021;"'2018-05-13 18:00'";25;127;4;6;1;moderate
DEBB021;"'2018-05-13 19:00'";26;126;2;6;1;moderate
DEBB021;"'2018-05-13 20:00'";20;125;5;6;1;moderate
DEBB021;"'2018-05-13 21:00'";20;116;8;6;1;moderate
DEBB021;"'2018-05-13 22:00'";19;114;7;8;1;moderate
DEBB021;"'2018-05-13 23:00'";17;111;8;8;1;moderate
DEBB021;"'2018-05-13 24:00'";18;109;7;9;1;moderate
DEBB021;"'2018-05-14 01:00'";18;109;7;10;1;moderate
DEBB021;"'2018-05-14 02:00'";19;106;7;11;1;moderate
DEBB021;"'2018-05-14 03:00'";18;102;7;11;1;moderate
DEBB021;"'2018-05-14 04:00'";19;98;11;12;4;moderate
DEBB021;"'2018-05-14 05:00'";19;89;11;12;4;moderate
DEBB021;"'2018-05-14 06:00'";21;78;14;13;4;moderate
DEBB021;"'2018-05-14 07:00'";28;68;20;14;4;moderate
DEBB021;"'2018-05-14 08:00'";40;65;20;15;3;moderate
DEBB021;"'2018-05-14 09:00'";33;70;17;14;1;moderate
DEBB021;"'2018-05-14 10:00'";33;77;15;12;1;moderate
DEBB021;"'2018-05-14 11:00'";34;90;13;10;1;moderate
DEBB021;"'2018-05-14 12:00'";49;105;7;10;1;moderate
DEBB021;"'2018-05-14 13:00'";48;109;6;10;1;moderate
DEBB021;"'2018-05-14 14:00'";46;112;6;8;1;moderate
DEBB021;"'2018-05-14 15:00'";36;113;6;8;1;moderate
DEBB021;"'2018-05-14 16:00'";38;114;8;8;1;moderate
DEBB021;"'2018-05-14 17:00'";40;115;7;9;1;moderate
DEBB021;"'2018-05-14 18:00'";32;116;7;9;1;moderate
DEBB021;"'2018-05-14 19:00'";27;119;5;9;1;moderate
DEBB021;"'2018-05-14 20:00'";21;118;5;8;1;moderate
DEBB021;"'2018-05-14 21:00'";25;115;6;10;1;moderate
DEBB021;"'2018-05-14 22:00'";32;108;10;12;1;moderate
DEBB021;"'2018-05-14 23:00'";23;103;13;13;1;moderate
DEBB021;"'2018-05-14 24:00'";26;99;12;14;1;moderate
DEBB021;"'2018-05-15 01:00'";26;97;10;15;1;moderate
DEBB021;"'2018-05-15 02:00'";27;87;11;15;1;moderate
DEBB021;"'2018-05-15 03:00'";26;76;13;16;1;moderate
DEBB021;"'2018-05-15 04:00'";27;66;18;17;1;moderate
DEBB021;"'2018-05-15 05:00'";28;65;17;19;1;moderate
DEBB021;"'2018-05-15 06:00'";29;66;16;19;1;moderate
DEBB021;"'2018-05-15 07:00'";37;62;19;19;1;moderate
DEBB021;"'2018-05-15 08:00'";37;56;27;20;3;moderate
DEBB021;"'2018-05-15 09:00'";41;57;33;20;4;moderate
DEBB021;"'2018-05-15 10:00'";41;66;31;17;4;moderate
DEBB021;"'2018-05-15 11:00'";36;96;12;14;1;moderate
DEBB021;"'2018-05-15 12:00'";35;110;8;12;1;moderate
DEBB021;"'2018-05-15 13:00'";37;112;8;11;1;moderate
DEBB021;"'2018-05-15 14:00'";35;110;8;10;1;moderate
DEBB021;"'2018-05-15 15:00'";31;110;8;10;1;moderate
DEBB021;"'2018-05-15 16:00'";27;108;10;10;1;moderate
DEBB021;"'2018-05-15 17:00'";32;99;12;10;1;moderate
DEBB021;"'2018-05-15 18:00'";9;93;11;7;1;moderate
DEBB021;"'2018-05-15 19:00'";6;78;25;4;1;moderate
DEBB021;"'2018-05-15 20:00'";6;75;26;5;1;moderate
DEBB021;"'2018-05-15 21:00'";5;80;16;4;1;moderate
DEBB021;"'2018-05-15 22:00'";7;72;8;6;1;good
DEBB021;"'2018-05-15 23:00'";10;62;8;9;1;good
DEBB021;"'2018-05-15 24:00'";13;59;8;11;1;good
DEBB021;"'2018-05-16 01:00'";18;53;7;15;1;good
DEBB021;"'2018-05-16 02:00'";25;52;7;20;1;moderate
DEBB021;"'2018-05-16 03:00'";28;49;6;23;1;moderate
DEBB021;"'2018-05-16 04:00'";34;48;7;25;1;moderate
DEBB021;"'2018-05-16 05:00'";34;44;7;25;1;moderate
DEBB021;"'2018-05-16 06:00'";31;41;11;25;1;moderate
DEBB021;"'2018-05-16 07:00'";30;37;14;27;1;moderate
DEBB021;"'2018-05-16 08:00'";29;35;14;27;1;moderate
DEBB021;"'2018-05-16 09:00'";30;37;14;27;1;moderate
DEBB021;"'2018-05-16 10:00'";31;41;17;26;1;moderate
DEBB021;"'2018-05-16 11:00'";30;49;15;24;1;moderate
DEBB021;"'2018-05-16 12:00'";25;68;15;19;1;moderate
DEBB021;"'2018-05-16 13:00'";15;94;12;10;1;moderate
DEBB021;"'2018-05-16 14:00'";15;100;13;11;1;moderate
DEBB021;"'2018-05-16 15:00'";13;106;10;10;1;moderate
DEBB021;"'2018-05-16 16:00'";12;106;14;8;1;moderate
DEBB021;"'2018-05-16 17:00'";15;102;11;10;1;moderate
DEBB021;"'2018-05-16 18:00'";16;93;11;12;1;moderate
DEBB021;"'2018-05-16 19:00'";15;88;15;11;1;moderate
DEBB021;"'2018-05-16 20:00'";15;85;14;11;1;moderate
DEBB021;"'2018-05-16 21:00'";21;78;14;15;1;moderate
DEBB021;"'2018-05-16 22:00'";22;76;14;17;1;moderate
DEBB021;"'2018-05-16 23:00'";24;68;13;19;1;moderate
DEBB021;"'2018-05-16 24:00'";26;58;14;21;1;moderate
DEBB021;"'2018-05-17 01:00'";28;53;15;22;1;moderate
DEBB021;"'2018-05-17 02:00'";27;61;12;22;1;moderate
DEBB021;"'2018-05-17 03:00'";28;60;13;22;1;moderate
DEBB021;"'2018-05-17 04:00'";29;50;14;23;1;moderate
DEBB021;"'2018-05-17 05:00'";29;52;13;24;1;moderate
DEBB021;"'2018-05-17 06:00'";27;59;14;22;1;moderate
DEBB021;"'2018-05-17 07:00'";30;55;25;24;1;moderate
DEBB021;"'2018-05-17 08:00'";27;53;20;22;1;moderate
DEBB021;"'2018-05-17 09:00'";20;56;12;16;1;moderate
DEBB021;"'2018-05-17 10:00'";21;58;10;16;1;moderate
DEBB021;"'2018-05-17 11:00'";24;65;9;18;1;moderate
DEBB021;"'2018-05-17 12:00'";24;66;7;18;1;moderate
DEBB021;"'2018-05-17 13:00'";22;70;7;17;1;moderate
DEBB021;"'2018-05-17 14:00'";22;73;8;16;1;moderate
DEBB021;"'2018-05-17 15:00'";21;81;6;14;1;moderate
DEBB021;"'2018-05-17 16:00'";22;87;9;14;1;moderate
DEBB021;"'2018-05-17 17:00'";27;95;9;17;1;moderate
DEBB021;"'2018-05-17 18:00'";28;101;8;18;1;moderate
DEBB021;"'2018-05-17 19:00'";28;102;7;18;1;moderate
DEBB021;"'2018-05-17 20:00'";28;99;6;18;1;moderate
DEBB021;"'2018-05-17 21:00'";24;91;6;16;1;moderate
DEBB021;"'2018-05-17 22:00'";21;83;5;13;1;moderate
DEBB021;"'2018-05-17 23:00'";19;72;5;13;1;good
DEBB021;"'2018-05-17 24:00'";18;66;5;14;1;good
DEBB021;"'2018-05-18 01:00'";19;66;5;14;1;good
DEBB021;"'2018-05-18 02:00'";19;62;5;15;1;good
DEBB021;"'2018-05-18 03:00'";18;64;4;14;1;good
DEBB021;"'2018-05-18 04:00'";17;63;5;13;1;good
DEBB021;"'2018-05-18 05:00'";14;69;3;12;1;good
DEBB021;"'2018-05-18 06:00'";13;67;6;12;1;good
DEBB021;"'2018-05-18 07:00'";14;68;14;12;1;good
DEBB021;"'2018-05-18 08:00'";13;66;13;11;1;good
DEBB021;"'2018-05-18 09:00'";13;70;10;11;1;good
DEBB021;"'2018-05-18 10:00'";14;68;9;11;1;good
DEBB021;"'2018-05-18 11:00'";13;69;8;10;1;good
DEBB021;"'2018-05-18 12:00'";14;66;8;10;1;good
DEBB021;"'2018-05-18 13:00'";15;68;8;12;2;good
DEBB021;"'2018-05-18 14:00'";16;63;10;12;1;good
DEBB021;"'2018-05-18 15:00'";19;63;9;15;1;good
DEBB021;"'2018-05-18 16:00'";20;64;10;15;2;good
DEBB021;"'2018-05-18 17:00'";20;60;13;15;1;good
DEBB021;"'2018-05-18 18:00'";20;59;10;16;1;moderate
DEBB021;"'2018-05-18 19:00'";18;58;10;15;3;good
DEBB021;"'2018-05-18 20:00'";17;57;9;15;3;good
DEBB021;"'2018-05-18 21:00'";21;52;9;17;3;moderate
DEBB021;"'2018-05-18 22:00'";25;48;9;20;3;moderate
DEBB021;"'2018-05-18 23:00'";28;45;9;22;3;moderate
DEBB021;"'2018-05-18 24:00'";24;43;7;20;3;moderate
DEBB021;"'2018-05-19 01:00'";22;43;7;20;1;moderate
DEBB021;"'2018-05-19 02:00'";25;40;7;21;1;moderate
DEBB021;"'2018-05-19 03:00'";32;39;7;26;1;moderate
DEBB021;"'2018-05-19 04:00'";36;39;7;27;1;moderate
DEBB021;"'2018-05-19 05:00'";34;36;8;26;1;moderate
DEBB021;"'2018-05-19 06:00'";34;35;10;26;1;moderate
DEBB021;"'2018-05-19 07:00'";34;31;11;26;1;moderate
DEBB021;"'2018-05-19 08:00'";37;28;11;27;1;moderate
DEBB021;"'2018-05-19 09:00'";30;47;10;23;1;moderate
DEBB021;"'2018-05-19 10:00'";36;49;11;26;1;moderate
DEBB021;"'2018-05-19 11:00'";35;57;9;23;1;moderate
DEBB021;"'2018-05-19 12:00'";21;72;9;12;1;good
DEBB021;"'2018-05-19 13:00'";12;86;7;4;1;moderate
DEBB021;"'2018-05-19 14:00'";9;89;6;3;1;moderate
DEBB021;"'2018-05-19 15:00'";9;90;6;3;1;moderate
DEBB021;"'2018-05-19 16:00'";9;92;2;3;1;moderate
DEBB021;"'2018-05-19 17:00'";8;93;4;3;1;moderate
DEBB021;"'2018-05-19 18:00'";12;94;5;4;1;moderate
DEBB021;"'2018-05-19 19:00'";9;92;5;4;1;moderate
DEBB021;"'2018-05-19 20:00'";10;89;6;4;1;moderate
DEBB021;"'2018-05-19 21:00'";10;89;6;5;1;moderate
DEBB021;"'2018-05-19 22:00'";11;84;8;6;1;moderate
DEBB021;"'2018-05-19 23:00'";11;77;9;6;1;moderate
DEBB021;"'2018-05-19 24:00'";10;74;9;6;1;moderate
DEBB021;"'2018-05-20 01:00'";10;71;11;6;1;good
DEBB021;"'2018-05-20 02:00'";9;70;10;5;1;good
DEBB021;"'2018-05-20 03:00'";8;70;9;4;1;good
DEBB021;"'2018-05-20 04:00'";9;62;9;6;1;good
DEBB021;"'2018-05-20 05:00'";9;59;9;5;1;good
DEBB021;"'2018-05-20 06:00'";9;57;10;5;1;good
DEBB021;"'2018-05-20 07:00'";9;56;10;5;1;good
DEBB021;"'2018-05-20 08:00'";11;60;8;6;1;good
DEBB021;"'2018-05-20 09:00'";12;63;7;6;1;good
DEBB021;"'2018-05-20 10:00'";12;71;5;5;1;good
DEBB021;"'2018-05-20 11:00'";14;80;4;5;1;moderate
DEBB021;"'2018-05-20 12:00'";13;88;4;4;1;moderate
DEBB021;"'2018-05-20 13:00'";11;95;2;4;1;moderate
DEBB021;"'2018-05-20 14:00'";14;97;3;4;1;moderate
DEBB021;"'2018-05-20 15:00'";13;101;3;4;1;moderate
DEBB021;"'2018-05-20 16:00'";11;104;3;3;1;moderate
DEBB021;"'2018-05-20 17:00'";11;107;4;3;1;moderate
DEBB021;"'2018-05-20 18:00'";8;105;3;3;1;moderate
DEBB021;"'2018-05-20 19:00'";9;100;2;3;1;moderate
DEBB021;"'2018-05-20 20:00'";9;97;5;3;1;moderate
DEBB021;"'2018-05-20 21:00'";9;92;7;4;1;moderate
DEBB021;"'2018-05-20 22:00'";11;86;11;6;1;moderate
DEBB021;"'2018-05-20 23:00'";10;78;11;6;1;moderate
DEBB021;"'2018-05-20 24:00'";10;72;12;6;1;good
DEBB021;"'2018-05-21 01:00'";11;72;12;7;1;good
DEBB021;"'2018-05-21 02:00'";11;71;11;7;1;good
DEBB021;"'2018-05-21 03:00'";11;64;12;8;1;good
DEBB021;"'2018-05-21 04:00'";11;53;15;8;1;good
DEBB021;"'2018-05-21 05:00'";11;49;14;8;1;good
DEBB021;"'2018-05-21 06:00'";10;49;15;7;1;good
DEBB021;"'2018-05-21 07:00'";10;58;15;6;1;good
DEBB021;"'2018-05-21 08:00'";11;64;11;6;1;good
DEBB021;"'2018-05-21 09:00'";12;71;8;6;1;good
DEBB021;"'2018-05-21 10:00'";12;84;5;5;1;moderate
DEBB021;"'2018-05-21 11:00'";13;98;4;4;1;moderate
DEBB021;"'2018-05-21 12:00'";15;105;3;5;1;moderate
DEBB021;"'2018-05-21 13:00'";16;108;3;5;1;moderate
DEBB021;"'2018-05-21 14:00'";14;108;3;5;1;moderate
DEBB021;"'2018-05-21 15:00'";18;105;5;4;1;moderate
DEBB021;"'2018-05-21 16:00'";14;107;3;4;1;moderate
DEBB021;"'2018-05-21 17:00'";17;108;4;4;1;moderate
DEBB021;"'2018-05-21 18:00'";16;110;3;4;1;moderate
DEBB021;"'2018-05-21 19:00'";15;113;2;4;1;moderate
DEBB021;"'2018-05-21 20:00'";14;112;5;4;1;moderate
DEBB021;"'2018-05-21 21:00'";17;107;7;5;1;moderate
DEBB021;"'2018-05-21 22:00'";15;100;9;6;1;moderate
DEBB021;"'2018-05-21 23:00'";15;95;10;7;1;moderate
DEBB021;"'2018-05-21 24:00'";15;89;12;8;1;moderate
DEBB021;"'2018-05-22 01:00'";14;90;11;8;1;moderate
DEBB021;"'2018-05-22 02:00'";14;86;11;8;1;moderate
DEBB021;"'2018-05-22 03:00'";13;80;12;8;1;moderate
DEBB021;"'2018-05-22 04:00'";14;75;14;8;1;moderate
DEBB021;"'2018-05-22 05:00'";15;73;13;9;1;moderate
DEBB021;"'2018-05-22 06:00'";17;59;23;9;1;good
DEBB021;"'2018-05-22 07:00'";21;52;30;10;1;good
DEBB021;"'2018-05-22 08:00'";22;58;27;10;1;good
DEBB021;"'2018-05-22 09:00'";25;61;29;9;3;good
DEBB021;"'2018-05-22 10:00'";23;73;26;7;5;moderate
DEBB021;"'2018-05-22 11:00'";24;82;24;6;4;moderate
DEBB021;"'2018-05-22 12:00'";16;103;11;6;6;moderate
DEBB021;"'2018-05-22 13:00'";22;106;10;5;3;moderate
DEBB021;"'2018-05-22 14:00'";18;111;7;4;1;moderate
DEBB021;"'2018-05-22 15:00'";19;111;8;4;1;moderate
DEBB021;"'2018-05-22 16:00'";17;112;9;4;1;moderate
DEBB021;"'2018-05-22 17:00'";19;113;11;5;1;moderate
DEBB021;"'2018-05-22 18:00'";20;118;9;5;1;moderate
DEBB021;"'2018-05-22 19:00'";15;119;7;5;2;moderate
DEBB021;"'2018-05-22 20:00'";16;119;9;5;5;moderate
DEBB021;"'2018-05-22 21:00'";14;116;10;6;7;moderate
DEBB021;"'2018-05-22 22:00'";16;104;13;7;5;moderate
DEBB021;"'2018-05-22 23:00'";16;87;20;8;1;moderate
DEBB021;"'2018-05-22 24:00'";15;74;31;9;1;moderate
DEBB021;"'2018-05-23 01:00'";14;85;15;9;1;moderate
DEBB021;"'2018-05-23 02:00'";14;86;11;8;1;moderate
DEBB021;"'2018-05-23 03:00'";16;85;11;8;1;moderate
DEBB021;"'2018-05-23 04:00'";16;74;20;9;1;moderate
DEBB021;"'2018-05-23 05:00'";16;67;24;9;1;good
DEBB021;"'2018-05-23 06:00'";17;59;26;10;1;good
DEBB021;"'2018-05-23 07:00'";17;56;31;10;1;moderate
DEBB021;"'2018-05-23 08:00'";20;54;36;10;1;moderate
DEBB021;"'2018-05-23 09:00'";20;56;37;10;2;moderate
DEBB021;"'2018-05-23 10:00'";21;69;33;9;1;moderate
DEBB021;"'2018-05-23 11:00'";20;88;23;8;1;moderate
DEBB021;"'2018-05-23 12:00'";20;94;21;7;-;moderate
DEBB021;"'2018-05-23 13:00'";19;109;15;7;1;moderate
DEBB021;"'2018-05-23 14:00'";19;117;13;6;1;moderate
DEBB021;"'2018-05-23 15:00'";19;115;14;6;1;moderate
DEBB021;"'2018-05-23 16:00'";17;114;15;5;1;moderate
DEBB021;"'2018-05-23 17:00'";15;112;17;4;1;moderate
DEBB021;"'2018-05-23 18:00'";14;111;14;4;1;moderate
DEBB021;"'2018-05-23 19:00'";12;111;7;3;1;moderate
DEBB021;"'2018-05-23 20:00'";11;109;9;3;1;moderate
DEBB021;"'2018-05-23 21:00'";10;111;8;3;1;moderate
DEBB021;"'2018-05-23 22:00'";12;106;10;4;1;moderate
DEBB021;"'2018-05-23 23:00'";17;98;10;7;1;moderate
DEBB021;"'2018-05-23 24:00'";16;95;10;7;2;moderate
DEBB021;"'2018-05-24 01:00'";15;93;8;7;1;moderate
DEBB021;"'2018-05-24 02:00'";16;93;7;8;1;moderate
DEBB021;"'2018-05-24 03:00'";16;92;7;8;1;moderate
DEBB021;"'2018-05-24 04:00'";15;90;7;9;1;moderate
DEBB021;"'2018-05-24 05:00'";15;88;9;9;1;moderate
DEBB021;"'2018-05-24 06:00'";14;84;14;9;3;moderate
DEBB021;"'2018-05-24 07:00'";15;79;17;9;3;moderate
DEBB021;"'2018-05-24 08:00'";23;73;21;10;3;moderate
DEBB021;"'2018-05-24 09:00'";21;74;22;9;3;moderate
DEBB021;"'2018-05-24 10:00'";26;78;20;10;3;moderate
DEBB021;"'2018-05-24 11:00'";28;91;13;10;1;moderate
DEBB021;"'2018-05-24 12:00'";28;104;11;9;1;moderate
DEBB021;"'2018-05-24 13:00'";28;112;9;8;1;moderate
DEBB021;"'2018-05-24 14:00'";33;114;7;8;1;moderate
DEBB021;"'2018-05-24 15:00'";26;113;9;6;1;moderate
DEBB021;"'2018-05-24 16:00'";33;115;10;6;1;moderate
DEBB021;"'2018-05-24 17:00'";23;118;10;6;1;moderate
DEBB021;"'2018-05-24 18:00'";22;119;10;6;1;moderate
DEBB021;"'2018-05-24 19:00'";28;119;7;7;1;moderate
DEBB021;"'2018-05-24 20:00'";23;115;6;7;1;moderate
DEBB021;"'2018-05-24 21:00'";20;110;6;7;1;moderate
DEBB021;"'2018-05-24 22:00'";26;103;11;9;1;moderate
DEBB021;"'2018-05-24 23:00'";23;100;11;9;1;moderate
DEBB021;"'2018-05-24 24:00'";22;101;9;10;1;moderate
DEBB021;"'2018-05-25 01:00'";23;97;10;11;1;moderate
DEBB021;"'2018-05-25 02:00'";20;95;11;11;1;moderate
DEBB021;"'2018-05-25 03:00'";21;92;10;12;2;moderate
DEBB021;"'2018-05-25 04:00'";24;89;7;13;1;moderate
DEBB021;"'2018-05-25 05:00'";22;84;7;13;1;moderate
DEBB021;"'2018-05-25 06:00'";22;80;9;12;1;moderate
DEBB021;"'2018-05-25 07:00'";25;72;16;13;1;good
DEBB021;"'2018-05-25 08:00'";38;70;17;13;1;moderate
DEBB021;"'2018-05-25 09:00'";29;75;17;11;1;moderate
DEBB021;"'2018-05-25 10:00'";30;81;19;10;1;moderate
DEBB021;"'2018-05-25 11:00'";31;98;13;9;1;moderate
DEBB021;"'2018-05-25 12:00'";28;111;10;9;1;moderate
DEBB021;"'2018-05-25 13:00'";29;115;6;8;1;moderate
DEBB021;"'2018-05-25 14:00'";32;113;7;8;1;moderate
DEBB021;"'2018-05-25 15:00'";21;114;8;7;1;moderate
DEBB021;"'2018-05-25 16:00'";20;118;9;7;1;moderate
DEBB021;"'2018-05-25 17:00'";23;118;10;8;1;moderate
DEBB021;"'2018-05-25 18:00'";17;119;7;7;1;moderate
DEBB021;"'2018-05-25 19:00'";17;116;8;7;1;moderate
DEBB021;"'2018-05-25 20:00'";17;113;7;7;1;moderate
DEBB021;"'2018-05-25 21:00'";20;97;11;7;3;moderate
DEBB021;"'2018-05-25 22:00'";17;89;13;7;4;moderate
DEBB021;"'2018-05-25 23:00'";18;84;10;8;1;moderate
DEBB021;"'2018-05-25 24:00'";17;77;10;8;1;moderate
DEBB021;"'2018-05-26 01:00'";18;74;12;10;2;moderate
DEBB021;"'2018-05-26 02:00'";20;69;14;11;1;good
DEBB021;"'2018-05-26 03:00'";20;68;13;11;1;good
DEBB021;"'2018-05-26 04:00'";22;69;12;13;1;good
DEBB021;"'2018-05-26 05:00'";23;70;13;15;1;good
DEBB021;"'2018-05-26 06:00'";21;65;14;14;1;good
DEBB021;"'2018-05-26 07:00'";28;57;21;15;1;moderate
DEBB021;"'2018-05-26 08:00'";23;68;19;14;3;good
DEBB021;"'2018-05-26 09:00'";24;79;16;12;3;moderate
DEBB021;"'2018-05-26 10:00'";18;94;12;10;3;moderate
DEBB021;"'2018-05-26 11:00'";17;109;7;8;1;moderate
DEBB021;"'2018-05-26 12:00'";13;122;6;6;1;moderate
DEBB021;"'2018-05-26 13:00'";15;128;6;7;1;moderate
DEBB021;"'2018-05-26 14:00'";20;131;4;7;1;moderate
DEBB021;"'2018-05-26 15:00'";24;134;3;7;1;moderate
DEBB021;"'2018-05-26 16:00'";13;129;3;6;1;moderate
DEBB021;"'2018-05-26 17:00'";12;126;2;5;1;moderate
DEBB021;"'2018-05-26 18:00'";17;112;10;7;1;moderate
DEBB021;"'2018-05-26 19:00'";17;114;6;8;1;moderate
DEBB021;"'2018-05-26 20:00'";15;105;15;8;3;moderate
DEBB021;"'2018-05-26 21:00'";16;98;19;9;6;moderate
DEBB021;"'2018-05-26 22:00'";22;98;14;11;1;moderate
DEBB021;"'2018-05-26 23:00'";18;87;16;12;1;moderate
DEBB021;"'2018-05-26 24:00'";24;80;14;15;1;moderate
DEBB021;"'2018-05-27 01:00'";24;71;14;19;1;moderate
DEBB021;"'2018-05-27 02:00'";23;68;10;20;1;moderate
DEBB021;"'2018-05-27 03:00'";24;62;9;21;1;moderate
DEBB021;"'2018-05-27 04:00'";25;56;11;23;1;moderate
DEBB021;"'2018-05-27 05:00'";26;55;14;24;3;moderate
DEBB021;"'2018-05-27 06:00'";27;51;12;25;4;moderate
DEBB021;"'2018-05-27 07:00'";26;57;13;24;5;moderate
DEBB021;"'2018-05-27 08:00'";26;67;9;24;5;moderate
DEBB021;"'2018-05-27 09:00'";25;75;8;22;7;moderate
DEBB021;"'2018-05-27 10:00'";24;87;9;19;5;moderate
DEBB021;"'2018-05-27 11:00'";21;103;7;15;4;moderate
DEBB021;"'2018-05-27 12:00'";21;119;6;14;3;moderate
DEBB021;"'2018-05-27 13:00'";21;133;6;14;3;moderate
DEBB021;"'2018-05-27 14:00'";19;141;5;12;2;moderate
DEBB021;"'2018-05-27 15:00'";34;133;9;14;1;moderate
DEBB021;"'2018-05-27 16:00'";22;115;11;12;1;moderate
DEBB021;"'2018-05-27 17:00'";28;111;12;15;1;moderate
DEBB021;"'2018-05-27 18:00'";29;88;20;18;1;moderate
DEBB021;"'2018-05-27 19:00'";21;100;17;15;1;moderate
DEBB021;"'2018-05-27 20:00'";19;107;14;13;1;moderate
DEBB021;"'2018-05-27 21:00'";19;110;9;14;1;moderate
DEBB021;"'2018-05-27 22:00'";20;105;9;16;1;moderate
DEBB021;"'2018-05-27 23:00'";21;98;8;17;1;moderate
DEBB021;"'2018-05-27 24:00'";18;103;6;15;1;moderate
DEBB021;"'2018-05-28 01:00'";18;99;7;16;1;moderate
DEBB021;"'2018-05-28 02:00'";20;93;8;17;1;moderate
DEBB021;"'2018-05-28 03:00'";21;85;9;19;1;moderate
DEBB021;"'2018-05-28 04:00'";23;81;9;20;1;moderate
DEBB021;"'2018-05-28 05:00'";24;75;10;22;1;moderate
DEBB021;"'2018-05-28 06:00'";26;71;11;23;1;moderate
DEBB021;"'2018-05-28 07:00'";28;68;16;24;1;moderate
DEBB021;"'2018-05-28 08:00'";34;65;21;25;1;moderate
DEBB021;"'2018-05-28 09:00'";36;71;22;22;1;moderate
DEBB021;"'2018-05-28 10:00'";32;79;21;18;1;moderate
DEBB021;"'2018-05-28 11:00'";37;89;23;18;2;moderate
DEBB021;"'2018-05-28 12:00'";35;127;12;16;4;moderate
DEBB021;"'2018-05-28 13:00'";30;131;13;14;3;moderate
DEBB021;"'2018-05-28 14:00'";28;133;13;13;3;moderate
DEBB021;"'2018-05-28 15:00'";23;135;9;12;2;moderate
DEBB021;"'2018-05-28 16:00'";28;134;9;12;1;moderate
DEBB021;"'2018-05-28 17:00'";23;138;9;10;1;moderate
DEBB021;"'2018-05-28 18:00'";23;139;7;9;1;moderate
DEBB021;"'2018-05-28 19:00'";20;136;7;8;1;moderate
DEBB021;"'2018-05-28 20:00'";20;135;8;9;1;moderate
DEBB021;"'2018-05-28 21:00'";27;128;13;11;1;moderate
DEBB021;"'2018-05-28 22:00'";29;116;14;14;1;moderate
DEBB021;"'2018-05-28 23:00'";29;108;12;15;1;moderate
DEBB021;"'2018-05-28 24:00'";31;102;12;18;1;moderate
DEBB021;"'2018-05-29 01:00'";32;107;8;19;1;moderate
DEBB021;"'2018-05-29 02:00'";30;110;7;17;1;moderate
DEBB021;"'2018-05-29 03:00'";29;104;7;16;1;moderate
DEBB021;"'2018-05-29 04:00'";26;98;7;14;2;moderate
DEBB021;"'2018-05-29 05:00'";27;91;7;15;1;moderate
DEBB021;"'2018-05-29 06:00'";28;84;9;16;1;moderate
DEBB021;"'2018-05-29 07:00'";33;75;17;16;1;moderate
DEBB021;"'2018-05-29 08:00'";36;73;22;15;4;moderate
DEBB021;"'2018-05-29 09:00'";36;86;19;12;4;moderate
DEBB021;"'2018-05-29 10:00'";30;106;12;9;3;moderate
DEBB021;"'2018-05-29 11:00'";25;121;9;6;1;moderate
DEBB021;"'2018-05-29 12:00'";36;126;9;6;3;moderate
DEBB021;"'2018-05-29 13:00'";27;137;7;7;3;moderate
DEBB021;"'2018-05-29 14:00'";28;141;6;8;3;moderate
DEBB021;"'2018-05-29 15:00'";24;141;9;8;3;moderate
DEBB021;"'2018-05-29 16:00'";26;141;8;8;3;moderate
DEBB021;"'2018-05-29 17:00'";22;141;8;7;4;moderate
DEBB021;"'2018-05-29 18:00'";22;141;7;7;3;moderate
DEBB021;"'2018-05-29 19:00'";26;150;9;7;5;poor
DEBB021;"'2018-05-29 20:00'";24;148;8;6;5;poor
DEBB021;"'2018-05-29 21:00'";23;146;7;6;4;poor
DEBB021;"'2018-05-29 22:00'";21;138;8;6;3;moderate
DEBB021;"'2018-05-29 23:00'";22;132;8;7;1;moderate
DEBB021;"'2018-05-29 24:00'";22;127;8;7;1;moderate
DEBB021;"'2018-05-30 01:00'";21;122;7;8;1;moderate
DEBB021;"'2018-05-30 02:00'";21;117;7;9;1;moderate
DEBB021;"'2018-05-30 03:00'";22;109;8;11;1;moderate
DEBB021;"'2018-05-30 04:00'";25;100;9;13;1;moderate
DEBB021;"'2018-05-30 05:00'";27;89;12;17;2;moderate
DEBB021;"'2018-05-30 06:00'";31;81;14;20;2;moderate
DEBB021;"'2018-05-30 07:00'";34;74;22;21;2;moderate
DEBB021;"'2018-05-30 08:00'";53;71;30;22;3;moderate
DEBB021;"'2018-05-30 09:00'";44;85;22;18;2;moderate
DEBB021;"'2018-05-30 10:00'";34;103;12;16;1;moderate
DEBB021;"'2018-05-30 11:00'";33;115;9;15;1;moderate
DEBB021;"'2018-05-30 12:00'";42;114;9;13;1;moderate
DEBB021;"'2018-05-30 13:00'";32;117;7;10;1;moderate
DEBB021;"'2018-05-30 14:00'";37;122;8;10;1;moderate
DEBB021;"'2018-05-30 15:00'";36;127;10;9;1;moderate
DEBB021;"'2018-05-30 16:00'";26;136;10;8;1;moderate
DEBB021;"'2018-05-30 17:00'";22;133;12;9;1;moderate
DEBB021;"'2018-05-30 18:00'";29;116;13;13;1;moderate
DEBB021;"'2018-05-30 19:00'";31;114;12;14;1;moderate
DEBB021;"'2018-05-30 20:00'";24;120;8;12;1;moderate
DEBB021;"'2018-05-30 21:00'";28;113;11;13;1;moderate
DEBB021;"'2018-05-30 22:00'";32;100;14;17;1;moderate
DEBB021;"'2018-05-30 23:00'";32;79;26;19;1;moderate
DEBB021;"'2018-05-30 24:00'";32;76;22;21;1;moderate
DEBB021;"'2018-05-31 01:00'";34;66;21;26;1;moderate
DEBB021;"'2018-05-31 02:00'";34;56;18;28;1;moderate
DEBB021;"'2018-05-31 03:00'";32;59;15;27;1;moderate
DEBB021;"'2018-05-31 04:00'";28;66;13;24;1;moderate
DEBB021;"'2018-05-31 05:00'";26;62;13;22;1;moderate
DEBB021;"'2018-05-31 06:00'";28;56;17;24;1;moderate
DEBB021;"'2018-05-31 07:00'";32;51;22;25;1;moderate
DEBB021;"'2018-05-31 08:00'";42;54;26;25;1;moderate
DEBB021;"'2018-05-31 09:00'";40;70;23;19;1;moderate
DEBB021;"'2018-05-31 10:00'";50;86;20;17;2;moderate
DEBB021;"'2018-05-31 11:00'";75;105;20;16;4;poor
DEBB021;"'2018-05-31 12:00'";40;127;11;14;5;moderate
DEBB021;"'2018-05-31 13:00'";40;137;10;14;5;moderate
DEBB021;"'2018-05-31 14:00'";41;135;9;12;5;moderate
DEBB021;"'2018-05-31 15:00'";32;132;9;11;4;moderate
DEBB021;"'2018-05-31 16:00'";34;139;8;12;4;moderate
DEBB021;"'2018-05-31 17:00'";37;141;8;13;3;moderate
DEBB021;"'2018-05-31 18:00'";43;136;11;15;3;moderate
DEBB021;"'2018-05-31 19:00'";31;131;14;16;3;moderate
DEBB021;"'2018-05-31 20:00'";39;122;18;18;2;moderate
DEBB021;"'2018-05-31 21:00'";41;126;13;18;2;moderate
DEBB021;"'2018-05-31 22:00'";43;98;25;21;1;moderate
DEBB021;"'2018-05-31 23:00'";40;86;24;22;1;moderate
DEBB021;"'2018-05-31 24:00'";42;88;20;20;1;moderate
DEBB021;"'2018-06-01 01:00'";31;87;17;21;1;moderate
DEBB021;"'2018-06-01 02:00'";31;79;18;21;1;moderate
DEBB021;"'2018-06-01 03:00'";32;77;16;21;1;moderate
DEBB021;"'2018-06-01 04:00'";31;73;15;23;1;moderate
DEBB021;"'2018-06-01 05:00'";31;67;14;23;1;moderate
DEBB021;"'2018-06-01 06:00'";31;67;16;22;1;moderate
DEBB021;"'2018-06-01 07:00'";33;69;21;22;1;moderate
DEBB021;"'2018-06-01 08:00'";39;74;24;23;1;moderate
DEBB021;"'2018-06-01 09:00'";46;84;25;23;2;moderate
DEBB021;"'2018-06-01 10:00'";53;95;20;24;1;moderate
DEBB021;"'2018-06-01 11:00'";30;103;16;18;1;moderate
DEBB021;"'2018-06-01 12:00'";29;81;20;21;1;moderate
DEBB021;"'2018-06-01 13:00'";30;93;18;22;1;moderate
DEBB021;"'2018-06-01 14:00'";26;115;9;17;1;moderate
DEBB021;"'2018-06-01 15:00'";22;134;7;13;1;moderate
DEBB021;"'2018-06-01 16:00'";24;142;10;12;1;moderate
DEBB021;"'2018-06-01 17:00'";24;147;9;13;1;poor
DEBB021;"'2018-06-01 18:00'";25;148;7;15;1;poor
DEBB021;"'2018-06-01 19:00'";23;143;7;15;1;moderate
DEBB021;"'2018-06-01 20:00'";35;136;6;16;1;moderate
DEBB021;"'2018-06-01 21:00'";45;101;8;29;1;moderate
DEBB021;"'2018-06-01 22:00'";21;98;7;17;1;moderate
DEBB021;"'2018-06-01 23:00'";26;80;10;22;1;moderate
DEBB021;"'2018-06-01 24:00'";25;72;13;22;1;moderate
DEBB021;"'2018-06-02 01:00'";20;67;10;17;1;moderate
DEBB021;"'2018-06-02 02:00'";33;52;11;28;1;moderate
DEBB021;"'2018-06-02 03:00'";37;47;10;32;1;poor
DEBB021;"'2018-06-02 04:00'";34;38;10;29;1;moderate
DEBB021;"'2018-06-02 05:00'";33;30;14;29;1;moderate
DEBB021;"'2018-06-02 06:00'";33;32;10;28;1;moderate
DEBB021;"'2018-06-02 07:00'";32;36;13;28;1;moderate
DEBB021;"'2018-06-02 08:00'";29;38;14;25;1;moderate
DEBB021;"'2018-06-02 09:00'";29;40;13;25;1;moderate
DEBB021;"'2018-06-02 10:00'";30;47;14;24;1;moderate
DEBB021;"'2018-06-02 11:00'";33;85;8;27;1;moderate
DEBB021;"'2018-06-02 12:00'";32;97;6;26;1;moderate
DEBB021;"'2018-06-02 13:00'";29;107;7;23;1;moderate
DEBB021;"'2018-06-02 14:00'";30;110;7;24;1;moderate
DEBB021;"'2018-06-02 15:00'";30;109;5;24;1;moderate
DEBB021;"'2018-06-02 16:00'";27;107;6;22;1;moderate
DEBB021;"'2018-06-02 17:00'";23;97;7;19;1;moderate
DEBB021;"'2018-06-02 18:00'";21;95;6;18;1;moderate
DEBB021;"'2018-06-02 19:00'";24;92;6;20;1;moderate
DEBB021;"'2018-06-02 20:00'";25;93;7;22;1;moderate
DEBB021;"'2018-06-02 21:00'";24;95;6;21;1;moderate
DEBB021;"'2018-06-02 22:00'";25;94;5;22;1;moderate
DEBB021;"'2018-06-02 23:00'";25;88;5;22;1;moderate
DEBB021;"'2018-06-02 24:00'";25;82;5;23;1;moderate
DEBB021;"'2018-06-03 01:00'";26;77;5;24;1;moderate
DEBB021;"'2018-06-03 02:00'";27;75;4;25;1;moderate
DEBB021;"'2018-06-03 03:00'";29;73;4;27;1;moderate
DEBB021;"'2018-06-03 04:00'";26;64;5;25;1;moderate
DEBB021;"'2018-06-03 05:00'";26;50;6;24;1;moderate
DEBB021;"'2018-06-03 06:00'";26;43;7;25;1;moderate
DEBB021;"'2018-06-03 07:00'";25;39;7;24;1;moderate
DEBB021;"'2018-06-03 08:00'";19;41;6;19;1;moderate
DEBB021;"'2018-06-03 09:00'";13;42;6;13;1;good
DEBB021;"'2018-06-03 10:00'";13;45;7;13;1;good
DEBB021;"'2018-06-03 11:00'";16;47;7;15;1;good
DEBB021;"'2018-06-03 12:00'";22;54;7;20;1;moderate
DEBB021;"'2018-06-03 13:00'";18;61;6;17;1;moderate
DEBB021;"'2018-06-03 14:00'";13;75;3;12;1;moderate
DEBB021;"'2018-06-03 15:00'";14;89;2;12;1;moderate
DEBB021;"'2018-06-03 16:00'";13;97;2;11;1;moderate
DEBB021;"'2018-06-03 17:00'";13;100;3;11;1;moderate
DEBB021;"'2018-06-03 18:00'";15;100;3;13;1;moderate
DEBB021;"'2018-06-03 19:00'";16;100;3;13;1;moderate
DEBB021;"'2018-06-03 20:00'";17;100;5;14;1;moderate
DEBB021;"'2018-06-03 21:00'";19;93;9;16;1;moderate
DEBB021;"'2018-06-03 22:00'";21;81;12;18;1;moderate
DEBB021;"'2018-06-03 23:00'";23;67;14;21;1;moderate
DEBB021;"'2018-06-03 24:00'";22;55;14;20;1;moderate
DEBB021;"'2018-06-04 01:00'";23;49;14;21;1;moderate
DEBB021;"'2018-06-04 02:00'";23;49;12;21;1;moderate
DEBB021;"'2018-06-04 03:00'";24;48;11;22;1;moderate
DEBB021;"'2018-06-04 04:00'";24;37;12;22;1;moderate
DEBB021;"'2018-06-04 05:00'";25;34;13;23;1;moderate
DEBB021;"'2018-06-04 06:00'";27;36;16;25;1;moderate
DEBB021;"'2018-06-04 07:00'";29;32;25;26;1;moderate
DEBB021;"'2018-06-04 08:00'";31;34;32;26;1;moderate
DEBB021;"'2018-06-04 09:00'";26;69;18;21;1;moderate
DEBB021;"'2018-06-04 10:00'";23;89;11;18;1;moderate
DEBB021;"'2018-06-04 11:00'";21;-;6;16;1;moderate
DEBB021;"'2018-06-04 12:00'";20;-;6;15;1;good
DEBB021;"'2018-06-04 13:00'";17;-;5;13;1;good
DEBB021;"'2018-06-04 14:00'";17;107;6;12;1;moderate
DEBB021;"'2018-06-04 15:00'";15;112;5;11;1;moderate
DEBB021;"'2018-06-04 16:00'";17;113;4;12;1;moderate
DEBB021;"'2018-06-04 17:00'";17;115;6;12;1;moderate
DEBB021;"'2018-06-04 18:00'";18;116;6;12;1;moderate
DEBB021;"'2018-06-04 19:00'";18;119;4;13;1;moderate
DEBB021;"'2018-06-04 20:00'";14;117;5;10;1;moderate
DEBB021;"'2018-06-04 21:00'";14;113;6;9;1;moderate
DEBB021;"'2018-06-04 22:00'";18;110;6;14;1;moderate
DEBB021;"'2018-06-04 23:00'";23;97;9;19;1;moderate
DEBB021;"'2018-06-04 24:00'";25;82;8;23;1;moderate
DEBB021;"'2018-06-05 01:00'";25;75;7;23;1;moderate
DEBB021;"'2018-06-05 02:00'";25;69;6;23;1;moderate
DEBB021;"'2018-06-05 03:00'";25;69;6;23;1;moderate
DEBB021;"'2018-06-05 04:00'";24;71;5;22;1;moderate
DEBB021;"'2018-06-05 05:00'";23;69;4;21;1;moderate
DEBB021;"'2018-06-05 06:00'";23;66;5;21;1;moderate
DEBB021;"'2018-06-05 07:00'";24;63;11;21;1;moderate
DEBB021;"'2018-06-05 08:00'";21;76;8;18;1;moderate
DEBB021;"'2018-06-05 09:00'";22;80;7;19;1;moderate
DEBB021;"'2018-06-05 10:00'";25;79;8;20;1;moderate
DEBB021;"'2018-06-05 11:00'";26;83;5;21;1;moderate
DEBB021;"'2018-06-05 12:00'";29;87;4;21;1;moderate
DEBB021;"'2018-06-05 13:00'";28;91;4;20;1;moderate
DEBB021;"'2018-06-05 14:00'";26;93;2;18;1;moderate
DEBB021;"'2018-06-05 15:00'";27;91;4;20;1;moderate
DEBB021;"'2018-06-05 16:00'";28;92;3;19;1;moderate
DEBB021;"'2018-06-05 17:00'";26;96;5;17;1;moderate
DEBB021;"'2018-06-05 18:00'";26;95;5;15;1;moderate
DEBB021;"'2018-06-05 19:00'";22;96;5;14;1;moderate
DEBB021;"'2018-06-05 20:00'";23;92;8;14;1;moderate
DEBB021;"'2018-06-05 21:00'";21;89;6;13;1;moderate
DEBB021;"'2018-06-05 22:00'";13;89;5;5;1;moderate
DEBB021;"'2018-06-05 23:00'";9;86;5;4;1;moderate
DEBB021;"'2018-06-05 24:00'";7;85;3;4;1;moderate
DEBB021;"'2018-06-06 01:00'";8;78;6;4;1;moderate
DEBB021;"'2018-06-06 02:00'";8;75;6;4;1;moderate
DEBB021;"'2018-06-06 03:00'";9;74;5;4;1;moderate
DEBB021;"'2018-06-06 04:00'";11;69;5;4;1;good
DEBB021;"'2018-06-06 05:00'";14;65;5;4;1;good
DEBB021;"'2018-06-06 06:00'";14;62;6;4;1;good
DEBB021;"'2018-06-06 07:00'";12;59;9;4;1;good
DEBB021;"'2018-06-06 08:00'";13;63;8;3;1;good
DEBB021;"'2018-06-06 09:00'";15;66;10;3;1;good
DEBB021;"'2018-06-06 10:00'";15;71;9;3;1;good
DEBB021;"'2018-06-06 11:00'";18;77;7;3;1;moderate
DEBB021;"'2018-06-06 12:00'";16;82;7;3;1;moderate
DEBB021;"'2018-06-06 13:00'";20;88;6;3;1;moderate
DEBB021;"'2018-06-06 14:00'";17;92;7;3;1;moderate
DEBB021;"'2018-06-06 15:00'";17;95;7;4;1;moderate
DEBB021;"'2018-06-06 16:00'";19;97;8;4;1;moderate
DEBB021;"'2018-06-06 17:00'";21;99;8;4;1;moderate
DEBB021;"'2018-06-06 18:00'";19;99;8;4;1;moderate
DEBB021;"'2018-06-06 19:00'";17;99;7;4;1;moderate
DEBB021;"'2018-06-06 20:00'";15;98;6;3;1;moderate
DEBB021;"'2018-06-06 21:00'";16;94;7;3;1;moderate
DEBB021;"'2018-06-06 22:00'";14;90;8;3;1;moderate
DEBB021;"'2018-06-06 23:00'";14;85;8;3;1;moderate
DEBB021;"'2018-06-06 24:00'";13;81;8;3;1;moderate
DEBB021;"'2018-06-07 01:00'";13;78;8;3;1;moderate
DEBB021;"'2018-06-07 02:00'";13;76;8;4;1;moderate
DEBB021;"'2018-06-07 03:00'";12;76;7;4;1;moderate
DEBB021;"'2018-06-07 04:00'";11;75;7;4;1;moderate
DEBB021;"'2018-06-07 05:00'";11;73;7;4;1;moderate
DEBB021;"'2018-06-07 06:00'";11;70;10;4;1;good
DEBB021;"'2018-06-07 07:00'";13;64;15;4;1;good
DEBB021;"'2018-06-07 08:00'";19;62;18;5;3;good
DEBB021;"'2018-06-07 09:00'";20;66;16;6;1;good
DEBB021;"'2018-06-07 10:00'";19;75;12;6;2;moderate
DEBB021;"'2018-06-07 11:00'";20;86;9;5;1;moderate
DEBB021;"'2018-06-07 12:00'";24;97;8;5;1;moderate
DEBB021;"'2018-06-07 13:00'";26;105;10;5;1;moderate
DEBB021;"'2018-06-07 14:00'";24;115;7;5;1;moderate
DEBB021;"'2018-06-07 15:00'";22;120;9;5;1;moderate
DEBB021;"'2018-06-07 16:00'";21;122;11;5;1;moderate
DEBB021;"'2018-06-07 17:00'";16;125;8;5;1;moderate
DEBB021;"'2018-06-07 18:00'";18;126;9;5;1;moderate
DEBB021;"'2018-06-07 19:00'";14;122;7;4;1;moderate
DEBB021;"'2018-06-07 20:00'";14;119;6;4;1;moderate
DEBB021;"'2018-06-07 21:00'";16;107;11;4;1;moderate
DEBB021;"'2018-06-07 22:00'";16;103;11;5;1;moderate
DEBB021;"'2018-06-07 23:00'";19;107;10;5;3;moderate
DEBB021;"'2018-06-07 24:00'";16;105;10;5;3;moderate
DEBB021;"'2018-06-08 01:00'";16;96;12;6;3;moderate
DEBB021;"'2018-06-08 02:00'";17;88;13;6;3;moderate
DEBB021;"'2018-06-08 03:00'";17;84;14;7;3;moderate
DEBB021;"'2018-06-08 04:00'";17;82;13;7;3;moderate
DEBB021;"'2018-06-08 05:00'";17;76;16;7;3;moderate
DEBB021;"'2018-06-08 06:00'";18;70;21;7;3;good
DEBB021;"'2018-06-08 07:00'";20;70;25;8;3;good
DEBB021;"'2018-06-08 08:00'";31;72;27;9;4;moderate
DEBB021;"'2018-06-08 09:00'";32;78;27;8;6;moderate
DEBB021;"'2018-06-08 10:00'";32;91;25;7;5;moderate
DEBB021;"'2018-06-08 11:00'";26;117;19;7;4;moderate
DEBB021;"'2018-06-08 12:00'";23;129;10;5;2;moderate
DEBB021;"'2018-06-08 13:00'";19;130;9;5;1;moderate
DEBB021;"'2018-06-08 14:00'";18;137;8;5;1;moderate
DEBB021;"'2018-06-08 15:00'";14;139;8;4;1;moderate
DEBB021;"'2018-06-08 16:00'";15;137;12;3;1;moderate
DEBB021;"'2018-06-08 17:00'";11;144;10;3;1;moderate
DEBB021;"'2018-06-08 18:00'";12;153;9;3;1;poor
DEBB021;"'2018-06-08 19:00'";15;150;9;4;1;poor
DEBB021;"'2018-06-08 20:00'";14;137;9;4;1;moderate
DEBB021;"'2018-06-08 21:00'";17;123;12;5;1;moderate
DEBB021;"'2018-06-08 22:00'";21;106;18;7;1;moderate
DEBB021;"'2018-06-08 23:00'";18;98;19;7;1;moderate
DEBB021;"'2018-06-08 24:00'";15;106;13;7;2;moderate
DEBB021;"'2018-06-09 01:00'";19;102;13;8;4;moderate
DEBB021;"'2018-06-09 02:00'";22;95;12;9;4;moderate
DEBB021;"'2018-06-09 03:00'";21;89;14;9;4;moderate
DEBB021;"'2018-06-09 04:00'";21;84;13;9;4;moderate
DEBB021;"'2018-06-09 05:00'";22;81;13;11;3;moderate
DEBB021;"'2018-06-09 06:00'";22;73;16;11;2;moderate
DEBB021;"'2018-06-09 07:00'";23;70;18;11;2;good
DEBB021;"'2018-06-09 08:00'";28;87;16;11;3;moderate
DEBB021;"'2018-06-09 09:00'";29;101;13;9;3;moderate
DEBB021;"'2018-06-09 10:00'";26;118;10;8;3;moderate
DEBB021;"'2018-06-09 11:00'";25;134;8;7;4;moderate
DEBB021;"'2018-06-09 12:00'";23;145;6;6;4;poor
DEBB021;"'2018-06-09 13:00'";20;150;8;6;3;poor
DEBB021;"'2018-06-09 14:00'";16;151;7;5;2;poor
DEBB021;"'2018-06-09 15:00'";18;157;6;6;3;poor
DEBB021;"'2018-06-09 16:00'";19;161;5;6;4;poor
DEBB021;"'2018-06-09 17:00'";17;163;5;7;3;poor
DEBB021;"'2018-06-09 18:00'";17;163;6;7;3;poor
DEBB021;"'2018-06-09 19:00'";18;159;6;7;3;poor
DEBB021;"'2018-06-09 20:00'";22;152;6;8;3;poor
DEBB021;"'2018-06-09 21:00'";23;125;6;11;1;moderate
DEBB021;"'2018-06-09 22:00'";24;107;7;14;1;moderate
DEBB021;"'2018-06-09 23:00'";24;98;9;14;1;moderate
DEBB021;"'2018-06-09 24:00'";24;85;15;16;1;moderate
DEBB021;"'2018-06-10 01:00'";32;66;20;22;1;moderate
DEBB021;"'2018-06-10 02:00'";32;73;17;26;1;moderate
DEBB021;"'2018-06-10 03:00'";32;65;14;27;1;moderate
DEBB021;"'2018-06-10 04:00'";36;55;15;31;1;poor
DEBB021;"'2018-06-10 05:00'";35;47;14;31;1;poor
DEBB021;"'2018-06-10 06:00'";36;40;16;31;1;poor
DEBB021;"'2018-06-10 07:00'";42;43;16;38;1;poor
DEBB021;"'2018-06-10 08:00'";43;57;9;39;1;poor
DEBB021;"'2018-06-10 09:00'";33;73;8;26;1;moderate
DEBB021;"'2018-06-10 10:00'";28;87;6;19;1;moderate
DEBB021;"'2018-06-10 11:00'";29;97;8;15;1;moderate
DEBB021;"'2018-06-10 12:00'";25;102;10;13;1;moderate
DEBB021;"'2018-06-10 13:00'";23;106;10;12;1;moderate
DEBB021;"'2018-06-10 14:00'";28;94;19;14;1;moderate
DEBB021;"'2018-06-10 15:00'";23;84;10;16;1;moderate
DEBB021;"'2018-06-10 16:00'";17;97;6;12;1;moderate
DEBB021;"'2018-06-10 17:00'";17;111;5;12;1;moderate
DEBB021;"'2018-06-10 18:00'";20;106;7;15;1;moderate
DEBB021;"'2018-06-10 19:00'";26;97;9;20;1;moderate
DEBB021;"'2018-06-10 20:00'";30;87;10;24;1;moderate
DEBB021;"'2018-06-10 21:00'";21;91;7;17;1;moderate
DEBB021;"'2018-06-10 22:00'";21;77;9;17;1;moderate
DEBB021;"'2018-06-10 23:00'";19;87;8;15;1;moderate
DEBB021;"'2018-06-10 24:00'";21;86;7;17;1;moderate
DEBB021;"'2018-06-11 01:00'";22;77;7;18;1;moderate
DEBB021;"'2018-06-11 02:00'";22;78;7;17;1;moderate
DEBB021;"'2018-06-11 03:00'";25;73;7;19;1;moderate
DEBB021;"'2018-06-11 04:00'";23;83;6;19;1;moderate
DEBB021;"'2018-06-11 05:00'";28;80;7;24;1;moderate
DEBB021;"'2018-06-11 06:00'";30;70;8;27;1;moderate
DEBB021;"'2018-06-11 07:00'";31;64;10;28;1;moderate
DEBB021;"'2018-06-11 08:00'";30;77;11;27;1;moderate
DEBB021;"'2018-06-11 09:00'";28;84;11;24;1;moderate
DEBB021;"'2018-06-11 10:00'";26;75;7;22;1;moderate
DEBB021;"'2018-06-11 11:00'";21;81;7;17;1;moderate
DEBB021;"'2018-06-11 12:00'";17;94;6;13;1;moderate
DEBB021;"'2018-06-11 13:00'";14;92;3;11;1;moderate
DEBB021;"'2018-06-11 14:00'";13;93;2;9;1;moderate
DEBB021;"'2018-06-11 15:00'";12;97;2;8;1;moderate
DEBB021;"'2018-06-11 16:00'";12;101;4;7;1;moderate
DEBB021;"'2018-06-11 17:00'";11;103;5;7;1;moderate
DEBB021;"'2018-06-11 18:00'";10;104;3;6;1;moderate
DEBB021;"'2018-06-11 19:00'";11;102;5;7;1;moderate
DEBB021;"'2018-06-11 20:00'";13;99;5;9;1;moderate
DEBB021;"'2018-06-11 21:00'";15;90;8;10;1;moderate
DEBB021;"'2018-06-11 22:00'";17;83;8;10;1;moderate
DEBB021;"'2018-06-11 23:00'";17;72;11;10;1;good
DEBB021;"'2018-06-11 24:00'";16;68;12;10;1;good
DEBB021;"'2018-06-12 01:00'";16;66;12;10;1;good
DEBB021;"'2018-06-12 02:00'";16;67;8;10;1;good
DEBB021;"'2018-06-12 03:00'";15;66;7;10;1;good
DEBB021;"'2018-06-12 04:00'";15;66;5;10;1;good
DEBB021;"'2018-06-12 05:00'";14;64;4;10;1;good
DEBB021;"'2018-06-12 06:00'";14;61;8;10;1;good
DEBB021;"'2018-06-12 07:00'";16;60;9;11;1;good
DEBB021;"'2018-06-12 08:00'";13;64;7;10;1;good
DEBB021;"'2018-06-12 09:00'";11;69;5;7;1;good
DEBB021;"'2018-06-12 10:00'";12;71;5;8;1;good
DEBB021;"'2018-06-12 11:00'";13;69;5;9;1;good
DEBB021;"'2018-06-12 12:00'";12;70;3;8;1;good
DEBB021;"'2018-06-12 13:00'";13;72;4;9;1;good
DEBB021;"'2018-06-12 14:00'";14;74;2;9;1;moderate
DEBB021;"'2018-06-12 15:00'";16;79;2;10;1;moderate
DEBB021;"'2018-06-12 16:00'";17;83;3;10;1;moderate
DEBB021;"'2018-06-12 17:00'";16;84;5;10;1;moderate
DEBB021;"'2018-06-12 18:00'";15;87;4;9;1;moderate
DEBB021;"'2018-06-12 19:00'";13;88;4;8;1;moderate
DEBB021;"'2018-06-12 20:00'";16;86;4;11;1;moderate
DEBB021;"'2018-06-12 21:00'";19;82;5;13;1;moderate
DEBB021;"'2018-06-12 22:00'";14;77;6;10;1;moderate
DEBB021;"'2018-06-12 23:00'";13;72;8;9;1;good
DEBB021;"'2018-06-12 24:00'";14;71;7;9;1;good
DEBB021;"'2018-06-13 01:00'";13;68;6;9;1;good
DEBB021;"'2018-06-13 02:00'";11;63;7;7;1;good
DEBB021;"'2018-06-13 03:00'";9;57;6;6;1;good
DEBB021;"'2018-06-13 04:00'";8;55;5;5;1;good
DEBB021;"'2018-06-13 05:00'";8;54;5;5;1;good
DEBB021;"'2018-06-13 06:00'";8;53;6;5;1;good
DEBB021;"'2018-06-13 07:00'";9;49;11;6;1;good
DEBB021;"'2018-06-13 08:00'";10;46;13;6;1;good
DEBB021;"'2018-06-13 09:00'";11;52;8;7;1;good
DEBB021;"'2018-06-13 10:00'";6;62;5;4;1;good
DEBB021;"'2018-06-13 11:00'";5;62;5;3;1;good
DEBB021;"'2018-06-13 12:00'";5;62;4;3;1;good
DEBB021;"'2018-06-13 13:00'";6;60;6;4;1;good
DEBB021;"'2018-06-13 14:00'";8;60;6;5;1;good
DEBB021;"'2018-06-13 15:00'";7;58;7;4;1;good
DEBB021;"'2018-06-13 16:00'";7;58;7;4;1;good
DEBB021;"'2018-06-13 17:00'";12;60;6;5;1;good
DEBB021;"'2018-06-13 18:00'";11;61;7;5;1;good
DEBB021;"'2018-06-13 19:00'";12;61;7;7;1;good
DEBB021;"'2018-06-13 20:00'";13;59;8;7;1;good
DEBB021;"'2018-06-13 21:00'";14;58;7;7;1;good
DEBB021;"'2018-06-13 22:00'";14;57;9;8;1;good
DEBB021;"'2018-06-13 23:00'";12;65;6;7;1;good
DEBB021;"'2018-06-13 24:00'";10;67;3;6;1;good
DEBB021;"'2018-06-14 01:00'";10;68;2;6;1;good
DEBB021;"'2018-06-14 02:00'";9;66;2;6;1;good
DEBB021;"'2018-06-14 03:00'";9;68;2;6;1;good
DEBB021;"'2018-06-14 04:00'";8;65;3;5;1;good
DEBB021;"'2018-06-14 05:00'";9;57;7;6;1;good
DEBB021;"'2018-06-14 06:00'";11;51;12;8;1;good
DEBB021;"'2018-06-14 07:00'";12;42;19;8;1;good
DEBB021;"'2018-06-14 08:00'";14;54;13;8;1;good
DEBB021;"'2018-06-14 09:00'";13;72;6;7;1;good
DEBB021;"'2018-06-14 10:00'";13;84;2;6;1;moderate
DEBB021;"'2018-06-14 11:00'";13;86;2;7;1;moderate
DEBB021;"'2018-06-14 12:00'";15;86;2;7;1;moderate
DEBB021;"'2018-06-14 13:00'";14;87;2;7;1;moderate
DEBB021;"'2018-06-14 14:00'";14;91;2;7;1;moderate
DEBB021;"'2018-06-14 15:00'";13;95;3;6;1;moderate
DEBB021;"'2018-06-14 16:00'";12;97;2;6;1;moderate
DEBB021;"'2018-06-14 17:00'";12;97;5;5;1;moderate
DEBB021;"'2018-06-14 18:00'";12;102;5;4;1;moderate
DEBB021;"'2018-06-14 19:00'";12;105;3;5;1;moderate
DEBB021;"'2018-06-14 20:00'";12;106;5;5;1;moderate
DEBB021;"'2018-06-14 21:00'";16;97;8;6;1;moderate
DEBB021;"'2018-06-14 22:00'";22;82;11;8;1;moderate
DEBB021;"'2018-06-14 23:00'";27;59;24;11;1;good
DEBB021;"'2018-06-14 24:00'";22;33;41;12;1;moderate
DEBB021;"'2018-06-15 01:00'";18;49;22;11;1;good
DEBB021;"'2018-06-15 02:00'";16;52;17;12;1;good
DEBB021;"'2018-06-15 03:00'";22;76;8;18;1;moderate
DEBB021;"'2018-06-15 04:00'";26;80;6;22;1;moderate
DEBB021;"'2018-06-15 05:00'";27;81;6;24;1;moderate
DEBB021;"'2018-06-15 06:00'";27;77;9;25;1;moderate
DEBB021;"'2018-06-15 07:00'";29;69;18;25;1;moderate
DEBB021;"'2018-06-15 08:00'";29;71;15;23;1;moderate
DEBB021;"'2018-06-15 09:00'";28;71;10;23;1;moderate
DEBB021;"'2018-06-15 10:00'";25;74;8;19;1;moderate
DEBB021;"'2018-06-15 11:00'";23;74;8;18;1;moderate
DEBB021;"'2018-06-15 12:00'";25;73;6;18;1;moderate
DEBB021;"'2018-06-15 13:00'";15;81;5;11;1;moderate
DEBB021;"'2018-06-15 14:00'";13;87;6;8;1;moderate
DEBB021;"'2018-06-15 15:00'";15;90;6;8;1;moderate
DEBB021;"'2018-06-15 16:00'";14;95;2;7;1;moderate
DEBB021;"'2018-06-15 17:00'";17;95;5;7;1;moderate
DEBB021;"'2018-06-15 18:00'";46;85;8;10;1;moderate
DEBB021;"'2018-06-15 19:00'";20;83;9;9;1;moderate
DEBB021;"'2018-06-15 20:00'";23;80;10;9;1;moderate
DEBB021;"'2018-06-15 21:00'";20;78;9;10;1;moderate
DEBB021;"'2018-06-15 22:00'";24;72;10;11;1;good
DEBB021;"'2018-06-15 23:00'";22;67;14;11;1;good
DEBB021;"'2018-06-15 24:00'";23;54;19;15;1;good
DEBB021;"'2018-06-16 01:00'";26;43;23;17;1;moderate
DEBB021;"'2018-06-16 02:00'";23;36;28;17;1;moderate
DEBB021;"'2018-06-16 03:00'";20;39;24;15;1;good
DEBB021;"'2018-06-16 04:00'";20;37;22;16;1;moderate
DEBB021;"'2018-06-16 05:00'";20;37;18;16;1;moderate
DEBB021;"'2018-06-16 06:00'";22;43;15;19;1;moderate
DEBB021;"'2018-06-16 07:00'";26;41;19;20;1;moderate
DEBB021;"'2018-06-16 08:00'";27;48;15;18;1;moderate
DEBB021;"'2018-06-16 09:00'";23;62;11;16;1;moderate
DEBB021;"'2018-06-16 10:00'";29;80;9;13;1;moderate
DEBB021;"'2018-06-16 11:00'";23;94;7;11;1;moderate
DEBB021;"'2018-06-16 12:00'";21;99;5;8;1;moderate
DEBB021;"'2018-06-16 13:00'";20;100;3;9;1;moderate
DEBB021;"'2018-06-16 14:00'";18;100;8;9;1;moderate
DEBB021;"'2018-06-16 15:00'";25;107;4;10;1;moderate
DEBB021;"'2018-06-16 16:00'";18;111;4;10;1;moderate
DEBB021;"'2018-06-16 17:00'";19;114;6;10;1;moderate
DEBB021;"'2018-06-16 18:00'";21;112;8;11;1;moderate
DEBB021;"'2018-06-16 19:00'";24;117;6;12;2;moderate
DEBB021;"'2018-06-16 20:00'";31;114;8;13;3;moderate
DEBB021;"'2018-06-16 21:00'";35;110;11;15;4;moderate
DEBB021;"'2018-06-16 22:00'";36;85;25;18;3;moderate
DEBB021;"'2018-06-16 23:00'";36;69;30;20;3;moderate
DEBB021;"'2018-06-16 24:00'";33;59;30;23;2;moderate
DEBB021;"'2018-06-17 01:00'";36;54;30;26;1;moderate
DEBB021;"'2018-06-17 02:00'";40;69;19;25;2;moderate
DEBB021;"'2018-06-17 03:00'";33;65;17;25;1;moderate
DEBB021;"'2018-06-17 04:00'";29;68;13;24;1;moderate
DEBB021;"'2018-06-17 05:00'";32;68;12;24;1;moderate
DEBB021;"'2018-06-17 06:00'";31;59;13;25;1;moderate
DEBB021;"'2018-06-17 07:00'";31;72;10;26;1;moderate
DEBB021;"'2018-06-17 08:00'";27;83;8;23;1;moderate
DEBB021;"'2018-06-17 09:00'";24;87;6;19;1;moderate
DEBB021;"'2018-06-17 10:00'";24;100;5;17;1;moderate
DEBB021;"'2018-06-17 11:00'";16;109;2;12;1;moderate
DEBB021;"'2018-06-17 12:00'";15;104;4;9;1;moderate
DEBB021;"'2018-06-17 13:00'";18;106;2;12;1;moderate
DEBB021;"'2018-06-17 14:00'";22;106;2;14;1;moderate
DEBB021;"'2018-06-17 15:00'";23;103;2;14;1;moderate
DEBB021;"'2018-06-17 16:00'";20;105;3;13;1;moderate
DEBB021;"'2018-06-17 17:00'";15;95;2;8;1;moderate
DEBB021;"'2018-06-17 18:00'";12;93;2;5;1;moderate
DEBB021;"'2018-06-17 19:00'";10;97;2;4;1;moderate
DEBB021;"'2018-06-17 20:00'";13;100;3;7;1;moderate
DEBB021;"'2018-06-17 21:00'";16;98;3;9;1;moderate
DEBB021;"'2018-06-17 22:00'";17;95;5;11;1;moderate
DEBB021;"'2018-06-17 23:00'";20;86;6;12;1;moderate
DEBB021;"'2018-06-17 24:00'";26;71;12;12;1;good
DEBB021;"'2018-06-18 01:00'";16;76;9;11;1;moderate
DEBB021;"'2018-06-18 02:00'";18;68;9;12;1;good
DEBB021;"'2018-06-18 03:00'";18;63;12;13;1;good
DEBB021;"'2018-06-18 04:00'";18;59;13;13;1;good
DEBB021;"'2018-06-18 05:00'";17;56;15;13;1;good
DEBB021;"'2018-06-18 06:00'";17;58;12;13;1;good
DEBB021;"'2018-06-18 07:00'";19;52;16;13;1;good
DEBB021;"'2018-06-18 08:00'";25;45;22;14;1;good
DEBB021;"'2018-06-18 09:00'";26;48;21;15;1;good
DEBB021;"'2018-06-18 10:00'";29;51;19;16;1;moderate
DEBB021;"'2018-06-18 11:00'";30;59;14;18;1;moderate
DEBB021;"'2018-06-18 12:00'";33;73;10;18;1;moderate
DEBB021;"'2018-06-18 13:00'";29;85;7;16;1;moderate
DEBB021;"'2018-06-18 14:00'";26;90;6;13;1;moderate
DEBB021;"'2018-06-18 15:00'";20;89;7;9;1;moderate
DEBB021;"'2018-06-18 16:00'";24;86;7;6;1;moderate
DEBB021;"'2018-06-18 17:00'";20;84;7;5;1;moderate
DEBB021;"'2018-06-18 18:00'";15;84;8;5;1;moderate
DEBB021;"'2018-06-18 19:00'";16;83;7;7;1;moderate
DEBB021;"'2018-06-18 20:00'";11;76;3;5;1;moderate
DEBB021;"'2018-06-18 21:00'";10;74;5;6;1;moderate
DEBB021;"'2018-06-18 22:00'";14;66;8;7;1;good
DEBB021;"'2018-06-18 23:00'";21;58;11;7;1;good
DEBB021;"'2018-06-18 24:00'";14;60;7;7;1;good
DEBB021;"'2018-06-19 01:00'";11;55;10;8;1;good
DEBB021;"'2018-06-19 02:00'";11;55;10;8;1;good
DEBB021;"'2018-06-19 03:00'";12;55;7;9;1;good
DEBB021;"'2018-06-19 04:00'";11;51;12;9;1;good
DEBB021;"'2018-06-19 05:00'";12;43;18;9;1;good
DEBB021;"'2018-06-19 06:00'";11;47;11;9;1;good
DEBB021;"'2018-06-19 07:00'";12;45;15;9;1;good
DEBB021;"'2018-06-19 08:00'";16;55;10;11;1;good
DEBB021;"'2018-06-19 09:00'";20;66;6;14;1;good
DEBB021;"'2018-06-19 10:00'";23;74;6;14;1;moderate
DEBB021;"'2018-06-19 11:00'";21;85;6;11;1;moderate
DEBB021;"'2018-06-19 12:00'";20;95;4;9;1;moderate
DEBB021;"'2018-06-19 13:00'";22;95;7;9;1;moderate
DEBB021;"'2018-06-19 14:00'";19;96;5;8;1;moderate
DEBB021;"'2018-06-19 15:00'";19;97;5;8;1;moderate
DEBB021;"'2018-06-19 16:00'";20;93;6;8;1;moderate
DEBB021;"'2018-06-19 17:00'";18;83;9;8;1;moderate
DEBB021;"'2018-06-19 18:00'";18;82;7;11;1;moderate
DEBB021;"'2018-06-19 19:00'";19;82;7;11;1;moderate
DEBB021;"'2018-06-19 20:00'";17;78;6;10;1;moderate
DEBB021;"'2018-06-19 21:00'";16;71;6;10;1;good
DEBB021;"'2018-06-19 22:00'";15;68;8;11;1;good
DEBB021;"'2018-06-19 23:00'";15;64;8;11;1;good
DEBB021;"'2018-06-19 24:00'";17;55;10;13;1;good
DEBB021;"'2018-06-20 01:00'";17;49;13;14;1;good
DEBB021;"'2018-06-20 02:00'";14;47;10;12;1;good
DEBB021;"'2018-06-20 03:00'";13;43;9;11;1;good
DEBB021;"'2018-06-20 04:00'";13;32;9;11;1;good
DEBB021;"'2018-06-20 05:00'";14;29;17;12;1;good
DEBB021;"'2018-06-20 06:00'";15;32;15;12;1;good
DEBB021;"'2018-06-20 07:00'";15;35;16;12;1;good
DEBB021;"'2018-06-20 08:00'";27;28;25;13;1;good
DEBB021;"'2018-06-20 09:00'";30;28;31;15;1;moderate
DEBB021;"'2018-06-20 10:00'";26;49;16;12;1;good
DEBB021;"'2018-06-20 11:00'";26;56;11;11;1;good
DEBB021;"'2018-06-20 12:00'";25;68;7;12;1;good
DEBB021;"'2018-06-20 13:00'";25;76;7;12;1;moderate
DEBB021;"'2018-06-20 14:00'";22;83;7;10;1;moderate
DEBB021;"'2018-06-20 15:00'";25;85;10;9;1;moderate
DEBB021;"'2018-06-20 16:00'";22;93;10;8;1;moderate
DEBB021;"'2018-06-20 17:00'";20;92;9;6;1;moderate
DEBB021;"'2018-06-20 18:00'";15;99;5;7;1;moderate
DEBB021;"'2018-06-20 19:00'";16;100;6;7;1;moderate
DEBB021;"'2018-06-20 20:00'";17;101;5;8;1;moderate
DEBB021;"'2018-06-20 21:00'";19;92;6;8;1;moderate
DEBB021;"'2018-06-20 22:00'";32;74;14;10;1;moderate
DEBB021;"'2018-06-20 23:00'";36;57;26;12;1;moderate
DEBB021;"'2018-06-20 24:00'";27;59;22;12;1;good
DEBB021;"'2018-06-21 01:00'";30;43;23;13;1;moderate
DEBB021;"'2018-06-21 02:00'";16;24;34;12;1;moderate
DEBB021;"'2018-06-21 03:00'";15;25;29;12;1;good
DEBB021;"'2018-06-21 04:00'";15;29;23;12;1;good
DEBB021;"'2018-06-21 05:00'";17;35;18;14;1;good
DEBB021;"'2018-06-21 06:00'";20;42;19;16;1;moderate
DEBB021;"'2018-06-21 07:00'";22;49;22;15;1;good
DEBB021;"'2018-06-21 08:00'";23;59;19;13;1;good
DEBB021;"'2018-06-21 09:00'";26;57;20;12;1;good
DEBB021;"'2018-06-21 10:00'";24;65;15;9;1;good
DEBB021;"'2018-06-21 11:00'";28;71;13;8;1;moderate
DEBB021;"'2018-06-21 12:00'";43;93;9;9;1;moderate
DEBB021;"'2018-06-21 13:00'";53;73;7;9;1;moderate
DEBB021;"'2018-06-21 14:00'";6;55;4;2;1;good
DEBB021;"'2018-06-21 15:00'";3;62;7;2;1;good
DEBB021;"'2018-06-21 16:00'";4;66;7;3;1;good
DEBB021;"'2018-06-21 17:00'";7;76;4;3;1;moderate
DEBB021;"'2018-06-21 18:00'";12;78;2;4;1;moderate
DEBB021;"'2018-06-21 19:00'";11;76;2;4;1;moderate
DEBB021;"'2018-06-21 20:00'";11;77;2;4;1;moderate
DEBB021;"'2018-06-21 21:00'";9;80;2;4;1;moderate
DEBB021;"'2018-06-21 22:00'";7;76;2;3;1;moderate
DEBB021;"'2018-06-21 23:00'";5;71;3;3;1;good
DEBB021;"'2018-06-21 24:00'";4;66;2;3;1;good
DEBB021;"'2018-06-22 01:00'";5;63;2;3;1;good
DEBB021;"'2018-06-22 02:00'";5;61;2;3;1;good
DEBB021;"'2018-06-22 03:00'";5;56;3;3;1;good
DEBB021;"'2018-06-22 04:00'";6;54;3;4;1;good
DEBB021;"'2018-06-22 05:00'";6;52;5;4;1;good
DEBB021;"'2018-06-22 06:00'";6;52;4;4;1;good
DEBB021;"'2018-06-22 07:00'";8;48;12;4;1;good
DEBB021;"'2018-06-22 08:00'";8;50;8;4;1;good
DEBB021;"'2018-06-22 09:00'";9;52;6;4;1;good
DEBB021;"'2018-06-22 10:00'";8;55;5;4;1;good
DEBB021;"'2018-06-22 11:00'";9;57;6;4;1;good
DEBB021;"'2018-06-22 12:00'";5;58;6;3;1;good
DEBB021;"'2018-06-22 13:00'";5;55;8;4;1;good
DEBB021;"'2018-06-22 14:00'";6;57;8;4;1;good
DEBB021;"'2018-06-22 15:00'";5;63;5;3;1;good
DEBB021;"'2018-06-22 16:00'";5;69;3;3;1;good
DEBB021;"'2018-06-22 17:00'";6;73;7;3;1;moderate
DEBB021;"'2018-06-22 18:00'";7;73;6;5;1;moderate
DEBB021;"'2018-06-22 19:00'";8;75;5;5;1;moderate
DEBB021;"'2018-06-22 20:00'";11;71;6;7;1;good
DEBB021;"'2018-06-22 21:00'";14;70;2;7;1;good
DEBB021;"'2018-06-22 22:00'";12;66;2;6;1;good
DEBB021;"'2018-06-22 23:00'";11;69;2;6;1;good
DEBB021;"'2018-06-22 24:00'";9;67;2;5;1;good
DEBB021;"'2018-06-23 01:00'";6;67;2;4;1;good
DEBB021;"'2018-06-23 02:00'";5;65;2;3;1;good
DEBB021;"'2018-06-23 03:00'";6;64;2;4;1;good
DEBB021;"'2018-06-23 04:00'";7;66;2;4;1;good
DEBB021;"'2018-06-23 05:00'";9;68;2;6;1;good
DEBB021;"'2018-06-23 06:00'";12;66;2;7;1;good
DEBB021;"'2018-06-23 07:00'";15;64;4;8;1;good
DEBB021;"'2018-06-23 08:00'";15;62;3;8;1;good
DEBB021;"'2018-06-23 09:00'";9;59;5;6;1;good
DEBB021;"'2018-06-23 10:00'";5;54;4;4;1;good
DEBB021;"'2018-06-23 11:00'";3;51;3;2;1;good
DEBB021;"'2018-06-23 12:00'";4;55;3;3;1;good
DEBB021;"'2018-06-23 13:00'";3;65;3;2;1;good
DEBB021;"'2018-06-23 14:00'";4;65;2;3;1;good
DEBB021;"'2018-06-23 15:00'";5;65;2;4;1;good
DEBB021;"'2018-06-23 16:00'";5;63;3;4;1;good
DEBB021;"'2018-06-23 17:00'";6;63;2;5;1;good
DEBB021;"'2018-06-23 18:00'";8;60;2;7;1;good
DEBB021;"'2018-06-23 19:00'";7;59;2;6;1;good
DEBB021;"'2018-06-23 20:00'";6;55;2;5;1;good
DEBB021;"'2018-06-23 21:00'";4;50;2;4;1;good
DEBB021;"'2018-06-23 22:00'";4;47;2;4;1;good
DEBB021;"'2018-06-23 23:00'";6;48;2;5;1;good
DEBB021;"'2018-06-23 24:00'";6;47;2;6;1;good
DEBB021;"'2018-06-24 01:00'";6;48;2;5;1;good
DEBB021;"'2018-06-24 02:00'";5;49;2;4;1;good
DEBB021;"'2018-06-24 03:00'";5;48;2;4;1;good
DEBB021;"'2018-06-24 04:00'";4;47;2;3;1;good
DEBB021;"'2018-06-24 05:00'";4;48;2;4;1;good
DEBB021;"'2018-06-24 06:00'";9;49;2;7;1;good
DEBB021;"'2018-06-24 07:00'";12;49;2;10;1;good
DEBB021;"'2018-06-24 08:00'";12;50;2;10;1;good
DEBB021;"'2018-06-24 09:00'";11;50;2;10;1;good
DEBB021;"'2018-06-24 10:00'";11;47;4;9;1;good
DEBB021;"'2018-06-24 11:00'";8;46;5;7;1;good
DEBB021;"'2018-06-24 12:00'";8;46;5;7;1;good
DEBB021;"'2018-06-24 13:00'";8;49;5;8;1;good
DEBB021;"'2018-06-24 14:00'";6;54;2;6;1;good
DEBB021;"'2018-06-24 15:00'";6;50;5;5;1;good
DEBB021;"'2018-06-24 16:00'";8;53;4;7;1;good
DEBB021;"'2018-06-24 17:00'";6;53;3;6;1;good
DEBB021;"'2018-06-24 18:00'";8;53;5;7;1;good
DEBB021;"'2018-06-24 19:00'";9;54;4;8;1;good
DEBB021;"'2018-06-24 20:00'";10;50;6;9;1;good
DEBB021;"'2018-06-24 21:00'";6;46;6;5;1;good
DEBB021;"'2018-06-24 22:00'";5;42;5;5;1;good
DEBB021;"'2018-06-24 23:00'";6;39;6;6;1;good
DEBB021;"'2018-06-24 24:00'";7;32;8;7;1;good
DEBB021;"'2018-06-25 01:00'";7;31;6;6;1;good
DEBB021;"'2018-06-25 02:00'";9;29;5;7;1;good
DEBB021;"'2018-06-25 03:00'";10;29;4;8;1;good
DEBB021;"'2018-06-25 04:00'";14;31;3;11;1;good
DEBB021;"'2018-06-25 05:00'";13;31;5;10;1;good
DEBB021;"'2018-06-25 06:00'";14;31;6;11;1;good
DEBB021;"'2018-06-25 07:00'";15;31;8;12;1;good
DEBB021;"'2018-06-25 08:00'";17;28;11;13;1;good
DEBB021;"'2018-06-25 09:00'";20;30;12;16;1;moderate
DEBB021;"'2018-06-25 10:00'";15;37;10;13;1;good
DEBB021;"'2018-06-25 11:00'";17;43;8;13;1;good
DEBB021;"'2018-06-25 12:00'";20;57;6;14;1;good
DEBB021;"'2018-06-25 13:00'";20;64;5;13;1;good
DEBB021;"'2018-06-25 14:00'";18;73;4;10;1;moderate
DEBB021;"'2018-06-25 15:00'";16;79;3;9;1;moderate
DEBB021;"'2018-06-25 16:00'";16;82;3;9;1;moderate
DEBB021;"'2018-06-25 17:00'";18;80;6;9;1;moderate
DEBB021;"'2018-06-25 18:00'";21;74;3;11;1;moderate
DEBB021;"'2018-06-25 19:00'";15;64;4;8;1;good
DEBB021;"'2018-06-25 20:00'";15;57;2;9;1;good
DEBB021;"'2018-06-25 21:00'";19;53;4;12;1;good
DEBB021;"'2018-06-25 22:00'";19;52;6;13;1;good
DEBB021;"'2018-06-25 23:00'";20;48;7;15;1;good
DEBB021;"'2018-06-25 24:00'";21;44;7;16;1;moderate
DEBB021;"'2018-06-26 01:00'";21;46;5;16;1;moderate
DEBB021;"'2018-06-26 02:00'";21;47;6;16;1;moderate
DEBB021;"'2018-06-26 03:00'";17;44;6;14;1;good
DEBB021;"'2018-06-26 04:00'";12;40;6;11;1;good
DEBB021;"'2018-06-26 05:00'";15;36;7;13;1;good
DEBB021;"'2018-06-26 06:00'";15;32;9;13;1;good
DEBB021;"'2018-06-26 07:00'";15;38;9;12;1;good
DEBB021;"'2018-06-26 08:00'";13;44;7;11;1;good
DEBB021;"'2018-06-26 09:00'";13;43;8;11;1;good
DEBB021;"'2018-06-26 10:00'";15;44;7;12;1;good
DEBB021;"'2018-06-26 11:00'";15;48;6;12;1;good
DEBB021;"'2018-06-26 12:00'";18;50;6;13;1;good
DEBB021;"'2018-06-26 13:00'";18;50;7;13;1;good
DEBB021;"'2018-06-26 14:00'";17;54;5;12;1;good
DEBB021;"'2018-06-26 15:00'";17;61;3;11;1;good
DEBB021;"'2018-06-26 16:00'";16;68;4;10;1;good
DEBB021;"'2018-06-26 17:00'";14;73;4;8;1;moderate
DEBB021;"'2018-06-26 18:00'";10;76;2;5;1;moderate
DEBB021;"'2018-06-26 19:00'";9;73;3;5;1;moderate
DEBB021;"'2018-06-26 20:00'";11;71;4;6;1;good
DEBB021;"'2018-06-26 21:00'";12;70;6;7;1;good
DEBB021;"'2018-06-26 22:00'";8;64;6;5;1;good
DEBB021;"'2018-06-26 23:00'";4;63;3;2;1;good
DEBB021;"'2018-06-26 24:00'";4;63;3;3;1;good
DEBB021;"'2018-06-27 01:00'";5;70;2;4;1;good
DEBB021;"'2018-06-27 02:00'";6;68;2;5;1;good
DEBB021;"'2018-06-27 03:00'";6;63;2;5;1;good
DEBB021;"'2018-06-27 04:00'";6;56;2;5;1;good
DEBB021;"'2018-06-27 05:00'";7;47;6;6;1;good
DEBB021;"'2018-06-27 06:00'";8;38;10;7;1;good
DEBB021;"'2018-06-27 07:00'";9;32;14;8;1;good
DEBB021;"'2018-06-27 08:00'";10;33;17;8;1;good
DEBB021;"'2018-06-27 09:00'";10;42;20;6;1;good
DEBB021;"'2018-06-27 10:00'";10;58;15;5;1;good
DEBB021;"'2018-06-27 11:00'";10;66;12;5;1;good
DEBB021;"'2018-06-27 12:00'";10;71;11;4;1;good
DEBB021;"'2018-06-27 13:00'";9;78;8;4;1;moderate
DEBB021;"'2018-06-27 14:00'";9;82;8;4;1;moderate
DEBB021;"'2018-06-27 15:00'";8;89;7;4;1;moderate
DEBB021;"'2018-06-27 16:00'";9;91;9;4;1;moderate
DEBB021;"'2018-06-27 17:00'";9;88;12;4;1;moderate
DEBB021;"'2018-06-27 18:00'";8;89;7;4;1;moderate
DEBB021;"'2018-06-27 19:00'";9;89;5;4;1;moderate
DEBB021;"'2018-06-27 20:00'";8;90;5;4;1;moderate
DEBB021;"'2018-06-27 21:00'";9;85;5;4;1;moderate
DEBB021;"'2018-06-27 22:00'";12;74;18;5;1;moderate
DEBB021;"'2018-06-27 23:00'";12;75;9;6;1;moderate
DEBB021;"'2018-06-27 24:00'";12;74;6;6;2;moderate
DEBB021;"'2018-06-28 01:00'";12;69;10;7;7;good
DEBB021;"'2018-06-28 02:00'";12;68;8;7;12;good
DEBB021;"'2018-06-28 03:00'";10;68;5;7;9;good
DEBB021;"'2018-06-28 04:00'";10;62;9;8;8;good
DEBB021;"'2018-06-28 05:00'";11;57;11;9;9;good
DEBB021;"'2018-06-28 06:00'";11;57;8;9;5;good
DEBB021;"'2018-06-28 07:00'";12;54;8;10;5;good
DEBB021;"'2018-06-28 08:00'";12;52;13;10;4;good
DEBB021;"'2018-06-28 09:00'";13;63;9;9;4;good
DEBB021;"'2018-06-28 10:00'";14;75;9;8;3;moderate
DEBB021;"'2018-06-28 11:00'";14;87;8;7;3;moderate
DEBB021;"'2018-06-28 12:00'";15;97;5;7;3;moderate
DEBB021;"'2018-06-28 13:00'";16;101;5;7;3;moderate
DEBB021;"'2018-06-28 14:00'";14;102;5;6;1;moderate
DEBB021;"'2018-06-28 15:00'";14;102;5;6;1;moderate
DEBB021;"'2018-06-28 16:00'";17;99;8;6;1;moderate
DEBB021;"'2018-06-28 17:00'";16;98;9;6;1;moderate
DEBB021;"'2018-06-28 18:00'";19;104;5;7;1;moderate
DEBB021;"'2018-06-28 19:00'";16;105;3;6;1;moderate
DEBB021;"'2018-06-28 20:00'";15;105;2;6;1;moderate
DEBB021;"'2018-06-28 21:00'";13;105;2;5;1;moderate
DEBB021;"'2018-06-28 22:00'";13;103;2;6;1;moderate
DEBB021;"'2018-06-28 23:00'";13;99;4;7;1;moderate
DEBB021;"'2018-06-28 24:00'";14;97;2;8;1;moderate
DEBB021;"'2018-06-29 01:00'";13;93;2;7;1;moderate
DEBB021;"'2018-06-29 02:00'";11;90;2;7;1;moderate
DEBB021;"'2018-06-29 03:00'";11;89;3;7;1;moderate
DEBB021;"'2018-06-29 04:00'";9;88;2;7;1;moderate
DEBB021;"'2018-06-29 05:00'";10;78;7;8;1;moderate
DEBB021;"'2018-06-29 06:00'";13;64;12;9;1;good
DEBB021;"'2018-06-29 07:00'";13;60;18;9;1;good
DEBB021;"'2018-06-29 08:00'";17;63;20;8;1;good
DEBB021;"'2018-06-29 09:00'";14;80;15;7;1;moderate
DEBB021;"'2018-06-29 10:00'";14;97;7;6;1;moderate
DEBB021;"'2018-06-29 11:00'";12;107;4;5;1;moderate
DEBB021;"'2018-06-29 12:00'";10;108;2;4;1;moderate
DEBB021;"'2018-06-29 13:00'";17;109;6;5;1;moderate
DEBB021;"'2018-06-29 14:00'";11;112;6;5;1;moderate
DEBB021;"'2018-06-29 15:00'";12;113;5;4;1;moderate
DEBB021;"'2018-06-29 16:00'";12;111;6;3;1;moderate
DEBB021;"'2018-06-29 17:00'";12;121;6;4;1;moderate
DEBB021;"'2018-06-29 18:00'";11;109;3;4;1;moderate
DEBB021;"'2018-06-29 19:00'";19;102;3;8;1;moderate
DEBB021;"'2018-06-29 20:00'";17;92;2;7;1;moderate
DEBB021;"'2018-06-29 21:00'";14;85;2;8;1;moderate
DEBB021;"'2018-06-29 22:00'";11;79;2;6;1;moderate
DEBB021;"'2018-06-29 23:00'";11;75;2;6;1;moderate
DEBB021;"'2018-06-29 24:00'";7;71;2;3;1;good
DEBB021;"'2018-06-30 01:00'";7;66;4;3;8;good
DEBB021;"'2018-06-30 02:00'";7;63;5;3;9;good
DEBB021;"'2018-06-30 03:00'";6;59;6;2;7;good
DEBB021;"'2018-06-30 04:00'";6;58;5;2;6;good
DEBB021;"'2018-06-30 05:00'";5;55;6;2;4;good
DEBB021;"'2018-06-30 06:00'";4;56;6;2;1;good
DEBB021;"'2018-06-30 07:00'";4;52;7;2;1;good
DEBB021;"'2018-06-30 08:00'";5;54;3;0.9;1;good
DEBB021;"'2018-06-30 09:00'";5;57;2;0.9;1;good
DEBB021;"'2018-06-30 10:00'";5;60;2;0.9;1;good
DEBB021;"'2018-06-30 11:00'";8;63;2;1;1;good
DEBB021;"'2018-06-30 12:00'";8;65;2;2;1;good
DEBB021;"'2018-06-30 13:00'";6;68;2;2;1;good
DEBB021;"'2018-06-30 14:00'";7;69;4;2;1;good
DEBB021;"'2018-06-30 15:00'";7;72;2;2;1;good
DEBB021;"'2018-06-30 16:00'";6;71;2;2;1;good
DEBB021;"'2018-06-30 17:00'";6;73;2;0.9;1;moderate
DEBB021;"'2018-06-30 18:00'";5;73;3;0.9;1;moderate
DEBB021;"'2018-06-30 19:00'";7;76;2;2;1;moderate
DEBB021;"'2018-06-30 20:00'";5;76;2;1;1;moderate
DEBB021;"'2018-06-30 21:00'";6;73;2;0.9;1;moderate
DEBB021;"'2018-06-30 22:00'";7;68;4;2;1;good
DEBB021;"'2018-06-30 23:00'";8;65;5;3;-;good
DEBB021;"'2018-06-30 24:00'";7;59;9;3;-;good
DEBB021;"'2018-07-01 01:00'";5;58;6;3;-;good
DEBB021;"'2018-07-01 02:00'";4;56;6;2;-;good
DEBB021;"'2018-07-01 03:00'";5;56;3;3;-;good
DEBB021;"'2018-07-01 04:00'";5;53;5;3;-;good
DEBB021;"'2018-07-01 05:00'";4;50;5;2;-;good
DEBB021;"'2018-07-01 06:00'";4;46;6;2;-;good
DEBB021;"'2018-07-01 07:00'";4;46;7;2;-;good
DEBB021;"'2018-07-01 08:00'";3;52;5;2;-;good
DEBB021;"'2018-07-01 09:00'";2;58;3;0.9;-;good
DEBB021;"'2018-07-01 10:00'";4;64;2;0.9;-;good
DEBB021;"'2018-07-01 11:00'";4;69;2;0.9;-;good
DEBB021;"'2018-07-01 12:00'";6;69;3;0.9;-;good
DEBB021;"'2018-07-01 13:00'";4;72;2;0.9;-;good
DEBB021;"'2018-07-01 14:00'";3;74;2;0.9;-;moderate
DEBB021;"'2018-07-01 15:00'";5;78;2;0.9;-;moderate
DEBB021;"'2018-07-01 16:00'";4;79;2;0.9;-;moderate
DEBB021;"'2018-07-01 17:00'";5;78;2;0.9;-;moderate
DEBB021;"'2018-07-01 18:00'";5;78;2;0.9;-;moderate
DEBB021;"'2018-07-01 19:00'";4;79;2;0.9;-;moderate
DEBB021;"'2018-07-01 20:00'";4;78;2;1;-;moderate
DEBB021;"'2018-07-01 21:00'";4;75;2;0.9;-;moderate
DEBB021;"'2018-07-01 22:00'";4;71;2;0.9;-;good
DEBB021;"'2018-07-01 23:00'";4;67;5;0.9;-;good
DEBB021;"'2018-07-01 24:00'";3;63;5;2;-;good
DEBB021;"'2018-07-02 01:00'";3;61;5;2;-;good
DEBB021;"'2018-07-02 02:00'";4;54;8;2;-;good
DEBB021;"'2018-07-02 03:00'";3;51;7;2;-;good
DEBB021;"'2018-07-02 04:00'";3;48;8;2;-;good
DEBB021;"'2018-07-02 05:00'";3;47;6;2;-;good
DEBB021;"'2018-07-02 06:00'";3;45;7;3;-;good
DEBB021;"'2018-07-02 07:00'";4;40;11;3;-;good
DEBB021;"'2018-07-02 08:00'";6;46;12;3;-;good
DEBB021;"'2018-07-02 09:00'";5;51;15;2;-;good
DEBB021;"'2018-07-02 10:00'";6;59;11;2;-;good
DEBB021;"'2018-07-02 11:00'";6;69;8;2;-;good
DEBB021;"'2018-07-02 12:00'";9;74;7;2;-;moderate
DEBB021;"'2018-07-02 13:00'";9;78;4;2;-;moderate
DEBB021;"'2018-07-02 14:00'";6;78;2;2;1;moderate
DEBB021;"'2018-07-02 15:00'";9;78;2;2;1;moderate
DEBB021;"'2018-07-02 16:00'";10;78;3;1;1;moderate
DEBB021;"'2018-07-02 17:00'";8;82;2;2;1;moderate
DEBB021;"'2018-07-02 18:00'";8;88;2;2;1;moderate
DEBB021;"'2018-07-02 19:00'";7;90;2;2;1;moderate
DEBB021;"'2018-07-02 20:00'";8;91;2;2;1;moderate
DEBB021;"'2018-07-02 21:00'";7;90;3;2;1;moderate
DEBB021;"'2018-07-02 22:00'";8;84;6;2;1;moderate
DEBB021;"'2018-07-02 23:00'";12;72;11;4;1;good
DEBB021;"'2018-07-02 24:00'";18;61;12;6;1;good
DEBB021;"'2018-07-03 01:00'";12;48;16;5;1;good
DEBB021;"'2018-07-03 02:00'";13;46;16;5;1;good
DEBB021;"'2018-07-03 03:00'";11;46;14;5;1;good
DEBB021;"'2018-07-03 04:00'";10;51;13;5;1;good
DEBB021;"'2018-07-03 05:00'";9;49;14;4;1;good
DEBB021;"'2018-07-03 06:00'";9;44;18;4;1;good
DEBB021;"'2018-07-03 07:00'";10;51;18;4;1;good
DEBB021;"'2018-07-03 08:00'";12;50;18;4;1;good
DEBB021;"'2018-07-03 09:00'";13;65;12;4;1;good
DEBB021;"'2018-07-03 10:00'";13;78;6;3;1;moderate
DEBB021;"'2018-07-03 11:00'";12;87;2;3;1;moderate
DEBB021;"'2018-07-03 12:00'";10;93;2;2;1;moderate
DEBB021;"'2018-07-03 13:00'";10;98;2;2;1;moderate
DEBB021;"'2018-07-03 14:00'";10;99;2;3;1;moderate
DEBB021;"'2018-07-03 15:00'";10;101;2;2;1;moderate
DEBB021;"'2018-07-03 16:00'";11;104;2;3;1;moderate
DEBB021;"'2018-07-03 17:00'";9;109;2;2;1;moderate
DEBB021;"'2018-07-03 18:00'";9;113;2;2;1;moderate
DEBB021;"'2018-07-03 19:00'";9;117;3;3;1;moderate
DEBB021;"'2018-07-03 20:00'";12;115;6;5;1;moderate
DEBB021;"'2018-07-03 21:00'";13;111;8;4;1;moderate
DEBB021;"'2018-07-03 22:00'";13;102;12;4;1;moderate
DEBB021;"'2018-07-03 23:00'";25;77;17;6;1;moderate
DEBB021;"'2018-07-03 24:00'";16;90;15;6;1;moderate
DEBB021;"'2018-07-04 01:00'";13;99;7;5;1;moderate
DEBB021;"'2018-07-04 02:00'";35;91;5;6;1;moderate
DEBB021;"'2018-07-04 03:00'";14;88;5;5;1;moderate
DEBB021;"'2018-07-04 04:00'";11;79;7;6;1;moderate
DEBB021;"'2018-07-04 05:00'";11;62;11;6;1;good
DEBB021;"'2018-07-04 06:00'";13;40;26;6;1;good
DEBB021;"'2018-07-04 07:00'";21;35;40;8;1;moderate
DEBB021;"'2018-07-04 08:00'";23;39;45;9;1;moderate
DEBB021;"'2018-07-04 09:00'";31;63;38;7;4;moderate
DEBB021;"'2018-07-04 10:00'";24;89;25;5;4;moderate
DEBB021;"'2018-07-04 11:00'";18;117;10;4;4;moderate
DEBB021;"'2018-07-04 12:00'";19;134;7;4;3;moderate
DEBB021;"'2018-07-04 13:00'";13;146;6;4;4;poor
DEBB021;"'2018-07-04 14:00'";13;149;5;4;3;poor
DEBB021;"'2018-07-04 15:00'";12;154;3;3;3;poor
DEBB021;"'2018-07-04 16:00'";13;158;5;3;3;poor
DEBB021;"'2018-07-04 17:00'";20;160;6;4;3;poor
DEBB021;"'2018-07-04 18:00'";15;166;4;4;3;poor
DEBB021;"'2018-07-04 19:00'";15;171;5;4;2;poor
DEBB021;"'2018-07-04 20:00'";15;162;7;4;1;poor
DEBB021;"'2018-07-04 21:00'";18;150;12;5;1;poor
DEBB021;"'2018-07-04 22:00'";21;139;10;5;1;moderate
DEBB021;"'2018-07-04 23:00'";28;115;13;7;1;moderate
DEBB021;"'2018-07-04 24:00'";31;82;26;12;1;moderate
DEBB021;"'2018-07-05 01:00'";33;68;24;16;1;moderate
DEBB021;"'2018-07-05 02:00'";32;59;26;14;1;moderate
DEBB021;"'2018-07-05 03:00'";25;55;21;13;1;good
DEBB021;"'2018-07-05 04:00'";25;48;20;13;1;good
DEBB021;"'2018-07-05 05:00'";22;65;14;13;1;good
DEBB021;"'2018-07-05 06:00'";22;73;16;13;1;moderate
DEBB021;"'2018-07-05 07:00'";25;62;27;14;1;good
DEBB021;"'2018-07-05 08:00'";36;55;32;16;1;moderate
DEBB021;"'2018-07-05 09:00'";37;71;29;14;2;moderate
DEBB021;"'2018-07-05 10:00'";34;104;13;11;3;moderate
DEBB021;"'2018-07-05 11:00'";34;119;13;10;4;moderate
DEBB021;"'2018-07-05 12:00'";31;140;10;9;4;moderate
DEBB021;"'2018-07-05 13:00'";27;157;6;8;3;poor
DEBB021;"'2018-07-05 14:00'";28;162;7;8;3;poor
DEBB021;"'2018-07-05 15:00'";24;172;5;9;4;poor
DEBB021;"'2018-07-05 16:00'";27;165;8;9;3;poor
DEBB021;"'2018-07-05 17:00'";27;161;8;10;1;poor
DEBB021;"'2018-07-05 18:00'";24;153;5;9;1;poor
DEBB021;"'2018-07-05 19:00'";18;132;3;7;1;moderate
DEBB021;"'2018-07-05 20:00'";12;121;3;5;1;moderate
DEBB021;"'2018-07-05 21:00'";11;111;4;4;1;moderate
DEBB021;"'2018-07-05 22:00'";12;102;5;5;1;moderate
DEBB021;"'2018-07-05 23:00'";14;91;5;6;1;moderate
DEBB021;"'2018-07-05 24:00'";13;77;3;6;1;moderate
DEBB021;"'2018-07-06 01:00'";11;65;2;6;1;good
DEBB021;"'2018-07-06 02:00'";10;59;3;6;1;good
DEBB021;"'2018-07-06 03:00'";7;57;6;5;1;good
DEBB021;"'2018-07-06 04:00'";5;58;2;4;1;good
DEBB021;"'2018-07-06 05:00'";4;55;3;3;1;good
DEBB021;"'2018-07-06 06:00'";5;49;6;3;1;good
DEBB021;"'2018-07-06 07:00'";8;44;10;5;1;good
DEBB021;"'2018-07-06 08:00'";10;43;9;6;1;good
DEBB021;"'2018-07-06 09:00'";9;56;5;6;1;good
DEBB021;"'2018-07-06 10:00'";13;58;5;7;1;good
DEBB021;"'2018-07-06 11:00'";14;59;5;9;1;good
DEBB021;"'2018-07-06 12:00'";21;58;6;11;1;good
DEBB021;"'2018-07-06 13:00'";18;59;6;10;1;good
DEBB021;"'2018-07-06 14:00'";15;56;6;7;1;good
DEBB021;"'2018-07-06 15:00'";15;57;6;6;1;good
DEBB021;"'2018-07-06 16:00'";11;62;5;5;1;good
DEBB021;"'2018-07-06 17:00'";11;76;3;5;1;moderate
DEBB021;"'2018-07-06 18:00'";14;83;2;5;1;moderate
DEBB021;"'2018-07-06 19:00'";13;84;2;5;1;moderate
DEBB021;"'2018-07-06 20:00'";16;92;2;6;1;moderate
DEBB021;"'2018-07-06 21:00'";22;97;2;7;1;moderate
DEBB021;"'2018-07-06 22:00'";16;96;2;5;1;moderate
DEBB021;"'2018-07-06 23:00'";17;87;4;6;1;moderate
DEBB021;"'2018-07-06 24:00'";16;74;3;6;1;moderate
DEBB021;"'2018-07-07 01:00'";15;67;3;6;1;good
DEBB021;"'2018-07-07 02:00'";14;63;4;7;1;good
DEBB021;"'2018-07-07 03:00'";12;60;2;7;1;good
DEBB021;"'2018-07-07 04:00'";13;54;5;7;1;good
DEBB021;"'2018-07-07 05:00'";11;53;6;7;1;good
DEBB021;"'2018-07-07 06:00'";10;51;6;7;1;good
DEBB021;"'2018-07-07 07:00'";11;51;8;8;1;good
DEBB021;"'2018-07-07 08:00'";11;52;5;8;1;good
DEBB021;"'2018-07-07 09:00'";13;56;2;8;1;good
DEBB021;"'2018-07-07 10:00'";15;59;2;8;1;good
DEBB021;"'2018-07-07 11:00'";18;65;2;8;1;good
DEBB021;"'2018-07-07 12:00'";19;73;2;7;1;moderate
DEBB021;"'2018-07-07 13:00'";18;81;2;6;1;moderate
DEBB021;"'2018-07-07 14:00'";16;85;2;5;1;moderate
DEBB021;"'2018-07-07 15:00'";13;92;2;4;1;moderate
DEBB021;"'2018-07-07 16:00'";14;95;2;4;1;moderate
DEBB021;"'2018-07-07 17:00'";16;93;2;5;1;moderate
DEBB021;"'2018-07-07 18:00'";16;91;2;5;1;moderate
DEBB021;"'2018-07-07 19:00'";17;91;2;5;1;moderate
DEBB021;"'2018-07-07 20:00'";19;94;2;5;1;moderate
DEBB021;"'2018-07-07 21:00'";17;92;2;7;1;moderate
DEBB021;"'2018-07-07 22:00'";21;84;3;9;1;moderate
DEBB021;"'2018-07-07 23:00'";19;80;2;8;1;moderate
DEBB021;"'2018-07-07 24:00'";16;75;2;7;1;moderate
DEBB021;"'2018-07-08 01:00'";12;67;2;6;1;good
DEBB021;"'2018-07-08 02:00'";11;62;2;6;1;good
DEBB021;"'2018-07-08 03:00'";11;60;2;6;1;good
DEBB021;"'2018-07-08 04:00'";11;52;2;6;1;good
DEBB021;"'2018-07-08 05:00'";10;53;3;7;1;good
DEBB021;"'2018-07-08 06:00'";10;52;3;7;1;good
DEBB021;"'2018-07-08 07:00'";10;45;6;8;1;good
DEBB021;"'2018-07-08 08:00'";11;54;2;8;1;good
DEBB021;"'2018-07-08 09:00'";15;54;2;9;1;good
DEBB021;"'2018-07-08 10:00'";17;55;2;12;1;good
DEBB021;"'2018-07-08 11:00'";18;56;2;12;1;good
DEBB021;"'2018-07-08 12:00'";20;60;2;13;1;good
DEBB021;"'2018-07-08 13:00'";20;68;2;13;1;good
DEBB021;"'2018-07-08 14:00'";20;75;2;11;1;moderate
DEBB021;"'2018-07-08 15:00'";19;80;2;10;1;moderate
DEBB021;"'2018-07-08 16:00'";16;77;2;10;1;moderate
DEBB021;"'2018-07-08 17:00'";16;83;2;9;1;moderate
DEBB021;"'2018-07-08 18:00'";14;86;2;8;1;moderate
DEBB021;"'2018-07-08 19:00'";13;87;2;7;1;moderate
DEBB021;"'2018-07-08 20:00'";13;85;2;7;1;moderate
DEBB021;"'2018-07-08 21:00'";14;81;3;8;1;moderate
DEBB021;"'2018-07-08 22:00'";16;75;6;9;1;moderate
DEBB021;"'2018-07-08 23:00'";15;72;6;9;1;good
DEBB021;"'2018-07-08 24:00'";14;73;3;8;1;moderate
DEBB021;"'2018-07-09 01:00'";15;64;6;9;1;good
DEBB021;"'2018-07-09 02:00'";14;59;10;10;1;good
DEBB021;"'2018-07-09 03:00'";14;54;10;10;1;good
DEBB021;"'2018-07-09 04:00'";14;57;6;9;1;good
DEBB021;"'2018-07-09 05:00'";12;49;7;9;1;good
DEBB021;"'2018-07-09 06:00'";10;44;9;8;1;good
DEBB021;"'2018-07-09 07:00'";9;46;9;7;1;good
DEBB021;"'2018-07-09 08:00'";11;48;6;7;1;good
DEBB021;"'2018-07-09 09:00'";14;50;7;8;1;good
DEBB021;"'2018-07-09 10:00'";17;58;5;8;1;good
DEBB021;"'2018-07-09 11:00'";18;61;5;9;1;good
DEBB021;"'2018-07-09 12:00'";17;66;5;7;1;good
DEBB021;"'2018-07-09 13:00'";13;64;2;7;1;good
DEBB021;"'2018-07-09 14:00'";13;67;2;7;1;good
DEBB021;"'2018-07-09 15:00'";17;69;2;9;1;good
DEBB021;"'2018-07-09 16:00'";14;61;2;6;1;good
DEBB021;"'2018-07-09 17:00'";15;66;2;6;1;good
DEBB021;"'2018-07-09 18:00'";17;77;2;6;1;moderate
DEBB021;"'2018-07-09 19:00'";16;77;2;6;1;moderate
DEBB021;"'2018-07-09 20:00'";27;75;2;8;1;moderate
DEBB021;"'2018-07-09 21:00'";22;70;2;8;1;good
DEBB021;"'2018-07-09 22:00'";19;66;2;8;1;good
DEBB021;"'2018-07-09 23:00'";15;65;2;7;1;good
DEBB021;"'2018-07-09 24:00'";17;60;3;7;1;good
DEBB021;"'2018-07-10 01:00'";13;60;2;6;1;good
DEBB021;"'2018-07-10 02:00'";12;59;2;6;1;good
DEBB021;"'2018-07-10 03:00'";11;57;2;6;1;good
DEBB021;"'2018-07-10 04:00'";10;55;2;5;1;good
DEBB021;"'2018-07-10 05:00'";9;52;2;5;1;good
DEBB021;"'2018-07-10 06:00'";11;49;3;5;1;good
DEBB021;"'2018-07-10 07:00'";12;42;12;6;1;good
DEBB021;"'2018-07-10 08:00'";17;43;11;7;1;good
DEBB021;"'2018-07-10 09:00'";20;48;8;8;1;good
DEBB021;"'2018-07-10 10:00'";23;56;3;8;1;good
DEBB021;"'2018-07-10 11:00'";32;57;6;10;1;moderate
DEBB021;"'2018-07-10 12:00'";31;59;7;11;1;moderate
DEBB021;"'2018-07-10 13:00'";30;66;3;10;1;moderate
DEBB021;"'2018-07-10 14:00'";33;66;5;10;1;moderate
DEBB021;"'2018-07-10 15:00'";36;66;5;13;1;moderate
DEBB021;"'2018-07-10 16:00'";38;69;8;16;1;moderate
DEBB021;"'2018-07-10 17:00'";31;66;10;13;1;moderate
DEBB021;"'2018-07-10 18:00'";28;65;7;11;1;moderate
DEBB021;"'2018-07-10 19:00'";17;68;5;10;1;good
DEBB021;"'2018-07-10 20:00'";24;64;6;9;1;good
DEBB021;"'2018-07-10 21:00'";14;56;8;9;1;good
DEBB021;"'2018-07-10 22:00'";20;54;9;10;1;good
DEBB021;"'2018-07-10 23:00'";28;46;10;11;1;moderate
DEBB021;"'2018-07-10 24:00'";17;45;9;10;1;good
DEBB021;"'2018-07-11 01:00'";18;47;8;10;1;good
DEBB021;"'2018-07-11 02:00'";11;51;12;8;2;good
DEBB021;"'2018-07-11 03:00'";9;49;11;8;3;good
DEBB021;"'2018-07-11 04:00'";9;41;13;8;2;good
DEBB021;"'2018-07-11 05:00'";9;42;7;8;1;good
DEBB021;"'2018-07-11 06:00'";8;47;8;7;1;good
DEBB021;"'2018-07-11 07:00'";10;38;18;8;1;good
DEBB021;"'2018-07-11 08:00'";13;35;25;10;1;good
DEBB021;"'2018-07-11 09:00'";17;55;17;8;1;good
DEBB021;"'2018-07-11 10:00'";11;72;11;6;1;good
DEBB021;"'2018-07-11 11:00'";31;84;9;6;1;moderate
DEBB021;"'2018-07-11 12:00'";13;93;6;5;1;moderate
DEBB021;"'2018-07-11 13:00'";19;95;6;6;1;moderate
DEBB021;"'2018-07-11 14:00'";13;101;5;5;1;moderate
DEBB021;"'2018-07-11 15:00'";13;103;5;5;1;moderate
DEBB021;"'2018-07-11 16:00'";32;87;15;7;1;moderate
DEBB021;"'2018-07-11 17:00'";27;100;12;7;1;moderate
DEBB021;"'2018-07-11 18:00'";11;102;9;5;1;moderate
DEBB021;"'2018-07-11 19:00'";9;100;12;6;1;moderate
DEBB021;"'2018-07-11 20:00'";7;101;7;4;1;moderate
DEBB021;"'2018-07-11 21:00'";8;98;9;5;1;moderate
DEBB021;"'2018-07-11 22:00'";6;95;7;4;1;moderate
DEBB021;"'2018-07-11 23:00'";14;82;7;6;1;moderate
DEBB021;"'2018-07-11 24:00'";18;68;6;9;1;good
DEBB021;"'2018-07-12 01:00'";11;59;6;9;1;good
DEBB021;"'2018-07-12 02:00'";8;66;6;8;1;good
DEBB021;"'2018-07-12 03:00'";9;57;6;8;1;good
DEBB021;"'2018-07-12 04:00'";8;55;6;7;1;good
DEBB021;"'2018-07-12 05:00'";9;53;6;8;1;good
DEBB021;"'2018-07-12 06:00'";7;42;8;7;1;good
DEBB021;"'2018-07-12 07:00'";5;32;11;5;1;good
DEBB021;"'2018-07-12 08:00'";7;42;11;7;1;good
DEBB021;"'2018-07-12 09:00'";10;43;8;10;1;good
DEBB021;"'2018-07-12 10:00'";12;48;8;11;1;good
DEBB021;"'2018-07-12 11:00'";14;51;6;12;1;good
DEBB021;"'2018-07-12 12:00'";13;52;7;11;1;good
DEBB021;"'2018-07-12 13:00'";12;54;7;9;1;good
DEBB021;"'2018-07-12 14:00'";12;56;5;9;1;good
DEBB021;"'2018-07-12 15:00'";11;62;4;7;1;good
DEBB021;"'2018-07-12 16:00'";15;64;6;7;1;good
DEBB021;"'2018-07-12 17:00'";18;69;7;7;1;good
DEBB021;"'2018-07-12 18:00'";-;-;-;-;-;-;
DEBB021;"'2018-07-12 19:00'";-;-;-;-;-;-;
DEBB021;"'2018-07-12 20:00'";-;-;-;-;-;-;
DEBB021;"'2018-07-12 21:00'";18;62;9;7;1;good
DEBB021;"'2018-07-12 22:00'";17;54;11;9;1;good
DEBB021;"'2018-07-12 23:00'";20;39;21;13;1;good
DEBB021;"'2018-07-12 24:00'";14;40;13;10;1;good
DEBB021;"'2018-07-13 01:00'";14;45;12;10;1;good
DEBB021;"'2018-07-13 02:00'";15;48;11;10;1;good
DEBB021;"'2018-07-13 03:00'";16;53;8;11;1;good
DEBB021;"'2018-07-13 04:00'";15;52;9;11;1;good
DEBB021;"'2018-07-13 05:00'";14;45;10;11;1;good
DEBB021;"'2018-07-13 06:00'";18;41;13;14;1;good
DEBB021;"'2018-07-13 07:00'";20;36;17;16;1;moderate
DEBB021;"'2018-07-13 08:00'";21;33;15;17;1;moderate
DEBB021;"'2018-07-13 09:00'";22;35;13;18;1;moderate
DEBB021;"'2018-07-13 10:00'";24;41;9;18;1;moderate
DEBB021;"'2018-07-13 11:00'";28;45;12;19;1;moderate
DEBB021;"'2018-07-13 12:00'";26;54;10;17;1;moderate
DEBB021;"'2018-07-13 13:00'";21;75;7;14;1;moderate
DEBB021;"'2018-07-13 14:00'";18;86;6;11;1;moderate
DEBB021;"'2018-07-13 15:00'";17;92;6;10;2;moderate
DEBB021;"'2018-07-13 16:00'";14;97;6;8;3;moderate
DEBB021;"'2018-07-13 17:00'";12;99;6;7;3;moderate
DEBB021;"'2018-07-13 18:00'";13;104;5;8;3;moderate
DEBB021;"'2018-07-13 19:00'";13;105;6;8;2;moderate
DEBB021;"'2018-07-13 20:00'";13;103;7;8;1;moderate
DEBB021;"'2018-07-13 21:00'";12;96;8;8;1;moderate
DEBB021;"'2018-07-13 22:00'";15;94;7;9;1;moderate
DEBB021;"'2018-07-13 23:00'";15;90;9;10;1;moderate
DEBB021;"'2018-07-13 24:00'";16;77;13;12;1;moderate
DEBB021;"'2018-07-14 01:00'";15;65;19;12;1;good
DEBB021;"'2018-07-14 02:00'";16;59;20;13;1;good
DEBB021;"'2018-07-14 03:00'";17;60;12;14;1;good
DEBB021;"'2018-07-14 04:00'";17;48;11;14;1;good
DEBB021;"'2018-07-14 05:00'";17;38;11;14;1;good
DEBB021;"'2018-07-14 06:00'";15;35;11;13;1;good
DEBB021;"'2018-07-14 07:00'";15;33;10;12;1;good
DEBB021;"'2018-07-14 08:00'";15;37;7;12;1;good
DEBB021;"'2018-07-14 09:00'";15;41;5;12;1;good
DEBB021;"'2018-07-14 10:00'";15;48;5;11;1;good
DEBB021;"'2018-07-14 11:00'";15;56;4;10;1;good
DEBB021;"'2018-07-14 12:00'";11;62;4;7;1;good
DEBB021;"'2018-07-14 13:00'";10;65;5;6;1;good
DEBB021;"'2018-07-14 14:00'";11;72;5;7;1;good
DEBB021;"'2018-07-14 15:00'";11;76;5;7;1;moderate
DEBB021;"'2018-07-14 16:00'";10;82;5;6;1;moderate
DEBB021;"'2018-07-14 17:00'";9;85;5;5;1;moderate
DEBB021;"'2018-07-14 18:00'";7;87;5;4;1;moderate
DEBB021;"'2018-07-14 19:00'";9;86;5;4;1;moderate
DEBB021;"'2018-07-14 20:00'";7;84;5;4;1;moderate
DEBB021;"'2018-07-14 21:00'";8;81;6;4;1;moderate
DEBB021;"'2018-07-14 22:00'";8;74;8;5;1;moderate
DEBB021;"'2018-07-14 23:00'";7;68;7;5;1;good
DEBB021;"'2018-07-14 24:00'";7;60;7;4;1;good
DEBB021;"'2018-07-15 01:00'";6;56;7;4;1;good
DEBB021;"'2018-07-15 02:00'";6;49;8;5;1;good
DEBB021;"'2018-07-15 03:00'";6;45;9;5;1;good
DEBB021;"'2018-07-15 04:00'";6;36;10;5;1;good
DEBB021;"'2018-07-15 05:00'";8;23;14;7;1;good
DEBB021;"'2018-07-15 06:00'";8;26;14;7;1;good
DEBB021;"'2018-07-15 07:00'";7;33;12;6;1;good
DEBB021;"'2018-07-15 08:00'";8;34;9;7;1;good
DEBB021;"'2018-07-15 09:00'";6;50;4;4;1;good
DEBB021;"'2018-07-15 10:00'";6;64;2;3;1;good
DEBB021;"'2018-07-15 11:00'";7;71;2;4;1;good
DEBB021;"'2018-07-15 12:00'";6;77;2;3;1;moderate
DEBB021;"'2018-07-15 13:00'";6;82;2;3;1;moderate
DEBB021;"'2018-07-15 14:00'";6;84;2;3;1;moderate
DEBB021;"'2018-07-15 15:00'";7;86;4;3;1;moderate
DEBB021;"'2018-07-15 16:00'";7;87;3;3;1;moderate
DEBB021;"'2018-07-15 17:00'";7;87;4;3;1;moderate
DEBB021;"'2018-07-15 18:00'";6;87;3;3;1;moderate
DEBB021;"'2018-07-15 19:00'";6;87;4;3;1;moderate
DEBB021;"'2018-07-15 20:00'";6;87;5;3;1;moderate
DEBB021;"'2018-07-15 21:00'";8;82;7;3;1;moderate
DEBB021;"'2018-07-15 22:00'";14;69;11;5;1;good
DEBB021;"'2018-07-15 23:00'";13;55;15;6;1;good
DEBB021;"'2018-07-15 24:00'";15;50;16;7;1;good
DEBB021;"'2018-07-16 01:00'";12;52;15;7;1;good
DEBB021;"'2018-07-16 02:00'";11;57;11;8;1;good
DEBB021;"'2018-07-16 03:00'";12;49;13;9;1;good
DEBB021;"'2018-07-16 04:00'";13;41;14;10;1;good
DEBB021;"'2018-07-16 05:00'";12;29;15;10;1;good
DEBB021;"'2018-07-16 06:00'";13;15;21;10;1;good
DEBB021;"'2018-07-16 07:00'";14;11;30;11;1;good
DEBB021;"'2018-07-16 08:00'";16;37;21;12;2;good
DEBB021;"'2018-07-16 09:00'";15;59;22;10;3;good
DEBB021;"'2018-07-16 10:00'";13;83;9;8;3;moderate
DEBB021;"'2018-07-16 11:00'";11;97;6;7;3;moderate
DEBB021;"'2018-07-16 12:00'";11;103;7;6;2;moderate
DEBB021;"'2018-07-16 13:00'";9;105;6;5;2;moderate
DEBB021;"'2018-07-16 14:00'";9;108;5;4;3;moderate
DEBB021;"'2018-07-16 15:00'";9;112;6;4;2;moderate
DEBB021;"'2018-07-16 16:00'";9;114;6;4;3;moderate
DEBB021;"'2018-07-16 17:00'";10;113;9;4;3;moderate
DEBB021;"'2018-07-16 18:00'";8;116;7;4;3;moderate
DEBB021;"'2018-07-16 19:00'";6;113;6;4;3;moderate
DEBB021;"'2018-07-16 20:00'";8;101;9;5;3;moderate
DEBB021;"'2018-07-16 21:00'";11;91;9;6;3;moderate
DEBB021;"'2018-07-16 22:00'";20;71;16;9;3;good
DEBB021;"'2018-07-16 23:00'";19;72;18;9;3;good
DEBB021;"'2018-07-16 24:00'";21;73;15;10;2;moderate
DEBB021;"'2018-07-17 01:00'";22;57;17;12;1;good
DEBB021;"'2018-07-17 02:00'";19;49;18;12;1;good
DEBB021;"'2018-07-17 03:00'";16;54;14;12;2;good
DEBB021;"'2018-07-17 04:00'";16;49;16;12;1;good
DEBB021;"'2018-07-17 05:00'";18;37;26;14;1;good
DEBB021;"'2018-07-17 06:00'";21;33;28;16;1;moderate
DEBB021;"'2018-07-17 07:00'";22;28;31;17;1;moderate
DEBB021;"'2018-07-17 08:00'";22;24;35;17;1;moderate
DEBB021;"'2018-07-17 09:00'";25;31;31;16;1;moderate
DEBB021;"'2018-07-17 10:00'";25;43;24;15;3;good
DEBB021;"'2018-07-17 11:00'";17;67;13;10;2;good
DEBB021;"'2018-07-17 12:00'";12;88;7;7;1;moderate
DEBB021;"'2018-07-17 13:00'";14;98;6;7;2;moderate
DEBB021;"'2018-07-17 14:00'";14;102;6;7;3;moderate
DEBB021;"'2018-07-17 15:00'";16;103;6;6;3;moderate
DEBB021;"'2018-07-17 16:00'";13;106;8;6;3;moderate
DEBB021;"'2018-07-17 17:00'";12;104;7;6;2;moderate
DEBB021;"'2018-07-17 18:00'";13;104;2;6;1;moderate
DEBB021;"'2018-07-17 19:00'";13;102;2;7;1;moderate
DEBB021;"'2018-07-17 20:00'";20;93;6;12;1;moderate
DEBB021;"'2018-07-17 21:00'";21;86;7;13;1;moderate
DEBB021;"'2018-07-17 22:00'";21;82;9;14;1;moderate
DEBB021;"'2018-07-17 23:00'";22;80;9;15;1;moderate
DEBB021;"'2018-07-17 24:00'";23;74;9;17;1;moderate
DEBB021;"'2018-07-18 01:00'";26;67;11;19;1;moderate
DEBB021;"'2018-07-18 02:00'";26;61;11;19;1;moderate
DEBB021;"'2018-07-18 03:00'";27;63;9;19;1;moderate
DEBB021;"'2018-07-18 04:00'";28;59;10;21;1;moderate
DEBB021;"'2018-07-18 05:00'";28;60;10;21;1;moderate
DEBB021;"'2018-07-18 06:00'";27;57;12;21;1;moderate
DEBB021;"'2018-07-18 07:00'";24;58;14;18;1;moderate
DEBB021;"'2018-07-18 08:00'";24;83;12;17;1;moderate
DEBB021;"'2018-07-18 09:00'";20;86;8;11;1;moderate
DEBB021;"'2018-07-18 10:00'";19;81;7;11;1;moderate
DEBB021;"'2018-07-18 11:00'";17;85;5;10;-;moderate
DEBB021;"'2018-07-18 12:00'";18;91;5;10;1;moderate
DEBB021;"'2018-07-18 13:00'";19;97;5;10;1;moderate
DEBB021;"'2018-07-18 14:00'";16;100;2;9;1;moderate
DEBB021;"'2018-07-18 15:00'";18;102;2;8;1;moderate
DEBB021;"'2018-07-18 16:00'";18;107;2;9;1;moderate
DEBB021;"'2018-07-18 17:00'";18;111;6;9;1;moderate
DEBB021;"'2018-07-18 18:00'";18;120;5;9;1;moderate
DEBB021;"'2018-07-18 19:00'";16;119;3;8;1;moderate
DEBB021;"'2018-07-18 20:00'";17;116;3;8;1;moderate
DEBB021;"'2018-07-18 21:00'";22;111;4;9;1;moderate
DEBB021;"'2018-07-18 22:00'";25;103;8;11;1;moderate
DEBB021;"'2018-07-18 23:00'";27;93;11;12;1;moderate
DEBB021;"'2018-07-18 24:00'";21;86;7;9;1;moderate
DEBB021;"'2018-07-19 01:00'";17;83;5;8;1;moderate
DEBB021;"'2018-07-19 02:00'";14;79;4;7;1;moderate
DEBB021;"'2018-07-19 03:00'";12;73;4;6;1;moderate
DEBB021;"'2018-07-19 04:00'";12;66;5;6;1;good
DEBB021;"'2018-07-19 05:00'";11;60;6;6;1;good
DEBB021;"'2018-07-19 06:00'";11;56;7;6;1;good
DEBB021;"'2018-07-19 07:00'";12;50;13;6;1;good
DEBB021;"'2018-07-19 08:00'";13;53;10;7;1;good
DEBB021;"'2018-07-19 09:00'";15;66;7;8;1;good
DEBB021;"'2018-07-19 10:00'";16;74;6;9;1;moderate
DEBB021;"'2018-07-19 11:00'";19;81;5;11;1;moderate
DEBB021;"'2018-07-19 12:00'";21;91;6;11;1;moderate
DEBB021;"'2018-07-19 13:00'";20;88;8;10;1;moderate
DEBB021;"'2018-07-19 14:00'";19;95;5;9;1;moderate
DEBB021;"'2018-07-19 15:00'";18;97;5;8;1;moderate
DEBB021;"'2018-07-19 16:00'";17;98;4;6;1;moderate
DEBB021;"'2018-07-19 17:00'";16;98;6;6;1;moderate
DEBB021;"'2018-07-19 18:00'";15;102;2;5;1;moderate
DEBB021;"'2018-07-19 19:00'";13;104;2;5;1;moderate
DEBB021;"'2018-07-19 20:00'";15;104;3;5;1;moderate
DEBB021;"'2018-07-19 21:00'";16;98;4;6;1;moderate
DEBB021;"'2018-07-19 22:00'";16;90;5;7;1;moderate
DEBB021;"'2018-07-19 23:00'";20;82;7;8;1;moderate
DEBB021;"'2018-07-19 24:00'";32;68;11;10;1;moderate
DEBB021;"'2018-07-20 01:00'";23;58;13;10;1;good
DEBB021;"'2018-07-20 02:00'";19;57;12;9;1;good
DEBB021;"'2018-07-20 03:00'";17;48;16;10;1;good
DEBB021;"'2018-07-20 04:00'";14;29;20;11;1;good
DEBB021;"'2018-07-20 05:00'";14;26;20;11;1;good
DEBB021;"'2018-07-20 06:00'";15;24;22;12;1;good
DEBB021;"'2018-07-20 07:00'";18;28;30;13;1;good
DEBB021;"'2018-07-20 08:00'";22;41;24;12;1;good
DEBB021;"'2018-07-20 09:00'";24;55;20;11;1;good
DEBB021;"'2018-07-20 10:00'";24;66;15;11;1;good
DEBB021;"'2018-07-20 11:00'";25;93;7;11;1;moderate
DEBB021;"'2018-07-20 12:00'";21;109;5;9;1;moderate
DEBB021;"'2018-07-20 13:00'";19;116;3;8;1;moderate
DEBB021;"'2018-07-20 14:00'";18;121;3;8;1;moderate
DEBB021;"'2018-07-20 15:00'";18;125;2;9;1;moderate
DEBB021;"'2018-07-20 16:00'";18;124;6;9;1;moderate
DEBB021;"'2018-07-20 17:00'";18;126;5;9;1;moderate
DEBB021;"'2018-07-20 18:00'";19;128;5;9;1;moderate
DEBB021;"'2018-07-20 19:00'";19;126;3;9;1;moderate
DEBB021;"'2018-07-20 20:00'";19;123;5;9;1;moderate
DEBB021;"'2018-07-20 21:00'";18;114;7;10;1;moderate
DEBB021;"'2018-07-20 22:00'";19;100;7;9;1;moderate
DEBB021;"'2018-07-20 23:00'";16;84;10;8;1;moderate
DEBB021;"'2018-07-20 24:00'";15;76;9;8;1;moderate
DEBB021;"'2018-07-21 01:00'";15;68;11;8;1;good
DEBB021;"'2018-07-21 02:00'";14;65;11;8;1;good
DEBB021;"'2018-07-21 03:00'";14;58;13;7;1;good
DEBB021;"'2018-07-21 04:00'";13;49;15;8;1;good
DEBB021;"'2018-07-21 05:00'";11;41;15;8;1;good
DEBB021;"'2018-07-21 06:00'";12;37;17;9;1;good
DEBB021;"'2018-07-21 07:00'";13;33;19;9;1;good
DEBB021;"'2018-07-21 08:00'";13;54;15;7;1;good
DEBB021;"'2018-07-21 09:00'";18;68;12;6;1;good
DEBB021;"'2018-07-21 10:00'";19;84;7;5;1;moderate
DEBB021;"'2018-07-21 11:00'";17;95;6;5;1;moderate
DEBB021;"'2018-07-21 12:00'";15;106;5;6;1;moderate
DEBB021;"'2018-07-21 13:00'";16;118;5;7;1;moderate
DEBB021;"'2018-07-21 14:00'";17;123;6;7;1;moderate
DEBB021;"'2018-07-21 15:00'";18;129;4;8;1;moderate
DEBB021;"'2018-07-21 16:00'";17;133;4;8;1;moderate
DEBB021;"'2018-07-21 17:00'";99;130;6;17;1;"very poor"
DEBB021;"'2018-07-21 18:00'";18;127;2;8;1;moderate
DEBB021;"'2018-07-21 19:00'";23;125;4;9;1;moderate
DEBB021;"'2018-07-21 20:00'";23;114;6;10;1;moderate
DEBB021;"'2018-07-21 21:00'";23;106;8;10;1;moderate
DEBB021;"'2018-07-21 22:00'";23;91;15;12;1;moderate
DEBB021;"'2018-07-21 23:00'";22;82;16;12;1;moderate
DEBB021;"'2018-07-21 24:00'";24;77;18;13;1;moderate
DEBB021;"'2018-07-22 01:00'";26;79;14;13;1;moderate
DEBB021;"'2018-07-22 02:00'";24;80;12;13;1;moderate
DEBB021;"'2018-07-22 03:00'";23;83;9;13;1;moderate
DEBB021;"'2018-07-22 04:00'";26;78;8;13;1;moderate
DEBB021;"'2018-07-22 05:00'";22;70;11;13;1;good
DEBB021;"'2018-07-22 06:00'";23;58;14;14;1;good
DEBB021;"'2018-07-22 07:00'";23;56;14;14;1;good
DEBB021;"'2018-07-22 08:00'";21;62;11;13;1;good
DEBB021;"'2018-07-22 09:00'";22;68;13;13;1;good
DEBB021;"'2018-07-22 10:00'";23;91;7;10;1;moderate
DEBB021;"'2018-07-22 11:00'";24;102;7;9;1;moderate
DEBB021;"'2018-07-22 12:00'";20;111;7;9;1;moderate
DEBB021;"'2018-07-22 13:00'";19;116;4;9;1;moderate
DEBB021;"'2018-07-22 14:00'";18;124;4;10;1;moderate
DEBB021;"'2018-07-22 15:00'";19;135;3;11;1;moderate
DEBB021;"'2018-07-22 16:00'";21;140;2;10;1;moderate
DEBB021;"'2018-07-22 17:00'";22;143;2;11;1;moderate
DEBB021;"'2018-07-22 18:00'";25;144;4;12;1;moderate
DEBB021;"'2018-07-22 19:00'";21;142;6;12;1;moderate
DEBB021;"'2018-07-22 20:00'";25;140;5;13;1;moderate
DEBB021;"'2018-07-22 21:00'";24;133;7;15;1;moderate
DEBB021;"'2018-07-22 22:00'";23;128;7;17;1;moderate
DEBB021;"'2018-07-22 23:00'";22;121;8;18;1;moderate
DEBB021;"'2018-07-22 24:00'";24;113;8;19;1;moderate
DEBB021;"'2018-07-23 01:00'";22;107;8;19;1;moderate
DEBB021;"'2018-07-23 02:00'";20;110;6;18;1;moderate
DEBB021;"'2018-07-23 03:00'";21;109;6;19;1;moderate
DEBB021;"'2018-07-23 04:00'";22;92;9;20;1;moderate
DEBB021;"'2018-07-23 05:00'";22;80;7;20;1;moderate
DEBB021;"'2018-07-23 06:00'";21;64;10;19;1;moderate
DEBB021;"'2018-07-23 07:00'";22;51;15;18;1;moderate
DEBB021;"'2018-07-23 08:00'";19;54;11;15;1;good
DEBB021;"'2018-07-23 09:00'";18;60;8;12;1;good
DEBB021;"'2018-07-23 10:00'";14;67;6;8;1;good
DEBB021;"'2018-07-23 11:00'";10;71;2;5;1;good
DEBB021;"'2018-07-23 12:00'";11;76;2;5;1;moderate
DEBB021;"'2018-07-23 13:00'";10;80;2;4;1;moderate
DEBB021;"'2018-07-23 14:00'";9;83;2;4;1;moderate
DEBB021;"'2018-07-23 15:00'";11;89;2;4;1;moderate
DEBB021;"'2018-07-23 16:00'";12;90;2;4;1;moderate
DEBB021;"'2018-07-23 17:00'";13;91;2;5;1;moderate
DEBB021;"'2018-07-23 18:00'";11;93;2;4;1;moderate
DEBB021;"'2018-07-23 19:00'";10;94;2;4;1;moderate
DEBB021;"'2018-07-23 20:00'";10;96;2;4;1;moderate
DEBB021;"'2018-07-23 21:00'";12;92;6;5;1;moderate
DEBB021;"'2018-07-23 22:00'";15;81;12;7;1;moderate
DEBB021;"'2018-07-23 23:00'";22;69;14;8;1;good
DEBB021;"'2018-07-23 24:00'";30;57;15;9;1;moderate
DEBB021;"'2018-07-24 01:00'";18;58;11;8;1;good
DEBB021;"'2018-07-24 02:00'";15;46;12;8;1;good
DEBB021;"'2018-07-24 03:00'";15;40;14;9;1;good
DEBB021;"'2018-07-24 04:00'";13;33;15;10;1;good
DEBB021;"'2018-07-24 05:00'";13;29;17;9;1;good
DEBB021;"'2018-07-24 06:00'";13;24;21;10;1;good
DEBB021;"'2018-07-24 07:00'";16;16;38;11;1;moderate
DEBB021;"'2018-07-24 08:00'";25;35;32;11;1;moderate
DEBB021;"'2018-07-24 09:00'";26;59;22;9;1;good
DEBB021;"'2018-07-24 10:00'";16;79;10;7;1;moderate
DEBB021;"'2018-07-24 11:00'";15;87;6;6;2;moderate
DEBB021;"'2018-07-24 12:00'";15;96;3;6;2;moderate
DEBB021;"'2018-07-24 13:00'";15;103;3;6;1;moderate
DEBB021;"'2018-07-24 14:00'";17;112;8;6;1;moderate
DEBB021;"'2018-07-24 15:00'";17;119;8;6;1;moderate
DEBB021;"'2018-07-24 16:00'";16;113;5;6;1;moderate
DEBB021;"'2018-07-24 17:00'";14;95;4;5;1;moderate
DEBB021;"'2018-07-24 18:00'";12;88;4;4;1;moderate
DEBB021;"'2018-07-24 19:00'";14;80;2;4;1;moderate
DEBB021;"'2018-07-24 20:00'";11;81;2;4;1;moderate
DEBB021;"'2018-07-24 21:00'";19;74;5;5;1;moderate
DEBB021;"'2018-07-24 22:00'";28;57;15;7;1;moderate
DEBB021;"'2018-07-24 23:00'";28;36;25;8;1;moderate
DEBB021;"'2018-07-24 24:00'";25;37;19;8;1;good
DEBB021;"'2018-07-25 01:00'";22;39;20;9;1;good
DEBB021;"'2018-07-25 02:00'";21;38;18;9;1;good
DEBB021;"'2018-07-25 03:00'";20;32;20;10;1;good
DEBB021;"'2018-07-25 04:00'";16;22;24;11;1;good
DEBB021;"'2018-07-25 05:00'";15;18;21;10;1;good
DEBB021;"'2018-07-25 06:00'";14;18;18;10;1;good
DEBB021;"'2018-07-25 07:00'";16;9;28;11;1;good
DEBB021;"'2018-07-25 08:00'";23;22;31;10;1;moderate
DEBB021;"'2018-07-25 09:00'";30;40;24;7;1;moderate
DEBB021;"'2018-07-25 10:00'";28;58;16;7;1;moderate
DEBB021;"'2018-07-25 11:00'";19;81;-;6;1;moderate
DEBB021;"'2018-07-25 12:00'";19;94;-;6;1;moderate
DEBB021;"'2018-07-25 13:00'";18;105;9;6;1;moderate
DEBB021;"'2018-07-25 14:00'";15;106;4;5;1;moderate
DEBB021;"'2018-07-25 15:00'";14;105;3;4;1;moderate
DEBB021;"'2018-07-25 16:00'";12;99;6;4;1;moderate
DEBB021;"'2018-07-25 17:00'";9;92;2;3;1;moderate
DEBB021;"'2018-07-25 18:00'";13;91;2;3;1;moderate
DEBB021;"'2018-07-25 19:00'";11;89;2;3;1;moderate
DEBB021;"'2018-07-25 20:00'";13;89;2;4;1;moderate
DEBB021;"'2018-07-25 21:00'";17;84;3;4;1;moderate
DEBB021;"'2018-07-25 22:00'";30;74;9;6;1;moderate
DEBB021;"'2018-07-25 23:00'";25;73;10;7;1;moderate
DEBB021;"'2018-07-25 24:00'";29;62;14;8;1;moderate
DEBB021;"'2018-07-26 01:00'";16;51;16;7;1;good
DEBB021;"'2018-07-26 02:00'";16;47;16;7;1;good
DEBB021;"'2018-07-26 03:00'";16;45;14;7;1;good
DEBB021;"'2018-07-26 04:00'";14;45;12;7;1;good
DEBB021;"'2018-07-26 05:00'";16;42;13;8;2;good
DEBB021;"'2018-07-26 06:00'";13;40;13;9;5;good
DEBB021;"'2018-07-26 07:00'";13;44;13;10;6;good
DEBB021;"'2018-07-26 08:00'";17;49;13;10;8;good
DEBB021;"'2018-07-26 09:00'";20;53;17;9;8;good
DEBB021;"'2018-07-26 10:00'";23;71;18;9;6;good
DEBB021;"'2018-07-26 11:00'";26;85;19;10;4;moderate
DEBB021;"'2018-07-26 12:00'";26;102;13;9;4;moderate
DEBB021;"'2018-07-26 13:00'";20;118;10;7;1;moderate
DEBB021;"'2018-07-26 14:00'";18;123;7;6;1;moderate
DEBB021;"'2018-07-26 15:00'";21;120;8;6;1;moderate
DEBB021;"'2018-07-26 16:00'";18;109;6;5;1;moderate
DEBB021;"'2018-07-26 17:00'";17;115;7;6;1;moderate
DEBB021;"'2018-07-26 18:00'";18;124;7;6;1;moderate
DEBB021;"'2018-07-26 19:00'";16;110;7;5;1;moderate
DEBB021;"'2018-07-26 20:00'";16;105;7;6;1;moderate
DEBB021;"'2018-07-26 21:00'";20;98;9;7;1;moderate
DEBB021;"'2018-07-26 22:00'";19;90;10;8;1;moderate
DEBB021;"'2018-07-26 23:00'";16;80;8;7;1;moderate
DEBB021;"'2018-07-26 24:00'";13;77;6;7;1;moderate
DEBB021;"'2018-07-27 01:00'";12;77;7;6;3;moderate
DEBB021;"'2018-07-27 02:00'";15;71;10;7;6;good
DEBB021;"'2018-07-27 03:00'";18;66;11;9;5;good
DEBB021;"'2018-07-27 04:00'";21;60;13;11;4;good
DEBB021;"'2018-07-27 05:00'";22;54;14;12;3;good
DEBB021;"'2018-07-27 06:00'";19;50;16;13;2;good
DEBB021;"'2018-07-27 07:00'";21;44;20;15;1;good
DEBB021;"'2018-07-27 08:00'";28;46;23;16;1;moderate
DEBB021;"'2018-07-27 09:00'";32;60;19;13;1;moderate
DEBB021;"'2018-07-27 10:00'";34;79;13;13;1;moderate
DEBB021;"'2018-07-27 11:00'";35;98;9;13;1;moderate
DEBB021;"'2018-07-27 12:00'";32;109;9;12;1;moderate
DEBB021;"'2018-07-27 13:00'";31;111;7;11;1;moderate
DEBB021;"'2018-07-27 14:00'";22;106;6;7;1;moderate
DEBB021;"'2018-07-27 15:00'";20;110;6;6;1;moderate
DEBB021;"'2018-07-27 16:00'";13;112;6;6;1;moderate
DEBB021;"'2018-07-27 17:00'";15;110;6;6;1;moderate
DEBB021;"'2018-07-27 18:00'";20;107;4;6;1;moderate
DEBB021;"'2018-07-27 19:00'";16;103;4;6;1;moderate
DEBB021;"'2018-07-27 20:00'";19;99;4;8;1;moderate
DEBB021;"'2018-07-27 21:00'";26;94;6;10;1;moderate
DEBB021;"'2018-07-27 22:00'";37;91;9;14;1;moderate
DEBB021;"'2018-07-27 23:00'";30;86;11;14;1;moderate
DEBB021;"'2018-07-27 24:00'";26;71;15;14;1;good
DEBB021;"'2018-07-28 01:00'";25;72;12;14;1;good
DEBB021;"'2018-07-28 02:00'";21;67;13;14;1;good
DEBB021;"'2018-07-28 03:00'";20;63;12;15;1;good
DEBB021;"'2018-07-28 04:00'";18;62;12;14;1;good
DEBB021;"'2018-07-28 05:00'";17;60;12;13;1;good
DEBB021;"'2018-07-28 06:00'";19;57;12;15;1;good
DEBB021;"'2018-07-28 07:00'";21;53;13;16;1;moderate
DEBB021;"'2018-07-28 08:00'";24;57;13;17;1;moderate
DEBB021;"'2018-07-28 09:00'";24;73;10;14;1;moderate
DEBB021;"'2018-07-28 10:00'";22;85;11;10;1;moderate
DEBB021;"'2018-07-28 11:00'";23;98;9;9;1;moderate
DEBB021;"'2018-07-28 12:00'";21;108;7;9;1;moderate
DEBB021;"'2018-07-28 13:00'";31;116;5;8;1;moderate
DEBB021;"'2018-07-28 14:00'";27;119;9;8;1;moderate
DEBB021;"'2018-07-28 15:00'";21;122;8;7;1;moderate
DEBB021;"'2018-07-28 16:00'";26;129;5;7;1;moderate
DEBB021;"'2018-07-28 17:00'";28;125;4;6;1;moderate
DEBB021;"'2018-07-28 18:00'";28;129;4;7;1;moderate
DEBB021;"'2018-07-28 19:00'";29;128;7;8;1;moderate
DEBB021;"'2018-07-28 20:00'";32;135;3;13;1;moderate
DEBB021;"'2018-07-28 21:00'";24;124;6;11;1;moderate
DEBB021;"'2018-07-28 22:00'";30;116;11;13;1;moderate
DEBB021;"'2018-07-28 23:00'";25;111;10;14;1;moderate
DEBB021;"'2018-07-28 24:00'";23;103;9;14;1;moderate
DEBB021;"'2018-07-29 01:00'";21;85;9;15;1;moderate
DEBB021;"'2018-07-29 02:00'";19;93;6;15;1;moderate
DEBB021;"'2018-07-29 03:00'";5;102;2;4;1;moderate
DEBB021;"'2018-07-29 04:00'";5;87;3;4;1;moderate
DEBB021;"'2018-07-29 05:00'";6;72;3;5;1;good
DEBB021;"'2018-07-29 06:00'";7;65;9;6;1;good
DEBB021;"'2018-07-29 07:00'";8;68;7;7;1;good
DEBB021;"'2018-07-29 08:00'";10;66;8;8;1;good
DEBB021;"'2018-07-29 09:00'";14;69;5;12;1;good
DEBB021;"'2018-07-29 10:00'";17;73;2;14;1;moderate
DEBB021;"'2018-07-29 11:00'";18;78;2;13;1;moderate
DEBB021;"'2018-07-29 12:00'";16;87;3;11;1;moderate
DEBB021;"'2018-07-29 13:00'";14;97;2;9;1;moderate
DEBB021;"'2018-07-29 14:00'";14;99;2;9;1;moderate
DEBB021;"'2018-07-29 15:00'";12;103;3;7;1;moderate
DEBB021;"'2018-07-29 16:00'";11;107;3;7;1;moderate
DEBB021;"'2018-07-29 17:00'";11;110;3;6;1;moderate
DEBB021;"'2018-07-29 18:00'";10;112;3;6;1;moderate
DEBB021;"'2018-07-29 19:00'";11;112;2;6;1;moderate
DEBB021;"'2018-07-29 20:00'";13;114;5;7;1;moderate
DEBB021;"'2018-07-29 21:00'";14;106;8;8;1;moderate
DEBB021;"'2018-07-29 22:00'";17;72;22;11;1;good
DEBB021;"'2018-07-29 23:00'";16;72;20;11;1;good
DEBB021;"'2018-07-29 24:00'";15;69;19;12;1;good
DEBB021;"'2018-07-30 01:00'";16;59;21;13;1;good
DEBB021;"'2018-07-30 02:00'";16;67;15;13;1;good
DEBB021;"'2018-07-30 03:00'";16;70;13;13;1;good
DEBB021;"'2018-07-30 04:00'";17;71;12;14;1;good
DEBB021;"'2018-07-30 05:00'";17;73;12;14;1;moderate
DEBB021;"'2018-07-30 06:00'";18;70;13;15;1;good
DEBB021;"'2018-07-30 07:00'";17;71;19;14;1;good
DEBB021;"'2018-07-30 08:00'";20;61;28;15;1;good
DEBB021;"'2018-07-30 09:00'";21;61;27;15;1;good
DEBB021;"'2018-07-30 10:00'";19;79;20;12;1;moderate
DEBB021;"'2018-07-30 11:00'";20;91;16;11;1;moderate
DEBB021;"'2018-07-30 12:00'";18;101;12;10;1;moderate
DEBB021;"'2018-07-30 13:00'";14;121;9;8;1;moderate
DEBB021;"'2018-07-30 14:00'";11;121;6;5;1;moderate
DEBB021;"'2018-07-30 15:00'";11;119;6;5;1;moderate
DEBB021;"'2018-07-30 16:00'";11;120;6;5;1;moderate
DEBB021;"'2018-07-30 17:00'";9;125;4;5;1;moderate
DEBB021;"'2018-07-30 18:00'";10;129;3;5;1;moderate
DEBB021;"'2018-07-30 19:00'";11;126;7;5;1;moderate
DEBB021;"'2018-07-30 20:00'";12;122;7;6;1;moderate
DEBB021;"'2018-07-30 21:00'";13;114;9;6;1;moderate
DEBB021;"'2018-07-30 22:00'";14;100;11;7;1;moderate
DEBB021;"'2018-07-30 23:00'";16;90;12;7;1;moderate
DEBB021;"'2018-07-30 24:00'";17;80;15;8;1;moderate
DEBB021;"'2018-07-31 01:00'";15;78;14;9;1;moderate
DEBB021;"'2018-07-31 02:00'";17;79;9;10;1;moderate
DEBB021;"'2018-07-31 03:00'";17;76;9;11;1;moderate
DEBB021;"'2018-07-31 04:00'";17;71;10;12;1;good
DEBB021;"'2018-07-31 05:00'";19;67;11;13;1;good
DEBB021;"'2018-07-31 06:00'";20;59;17;14;1;good
DEBB021;"'2018-07-31 07:00'";23;44;34;15;1;moderate
DEBB021;"'2018-07-31 08:00'";25;53;34;14;1;moderate
DEBB021;"'2018-07-31 09:00'";24;72;29;11;1;good
DEBB021;"'2018-07-31 10:00'";23;84;34;10;5;moderate
DEBB021;"'2018-07-31 11:00'";23;116;18;8;4;moderate
DEBB021;"'2018-07-31 12:00'";22;131;10;8;1;moderate
DEBB021;"'2018-07-31 13:00'";16;129;8;6;1;moderate
DEBB021;"'2018-07-31 14:00'";17;147;7;6;1;poor
DEBB021;"'2018-07-31 15:00'";16;148;10;6;1;poor
DEBB021;"'2018-07-31 16:00'";17;149;7;6;1;poor
DEBB021;"'2018-07-31 17:00'";15;147;6;6;1;poor
DEBB021;"'2018-07-31 18:00'";17;142;7;6;1;moderate
DEBB021;"'2018-07-31 19:00'";14;135;6;6;1;moderate
DEBB021;"'2018-07-31 20:00'";17;125;9;6;1;moderate
DEBB021;"'2018-07-31 21:00'";17;112;12;7;1;moderate
DEBB021;"'2018-07-31 22:00'";20;102;14;9;1;moderate
DEBB021;"'2018-07-31 23:00'";22;88;18;11;1;moderate
DEBB021;"'2018-07-31 24:00'";25;84;18;13;1;moderate
DEBB021;"'2018-08-01 01:00'";23;84;18;15;1;moderate
DEBB021;"'2018-08-01 02:00'";22;81;19;15;1;moderate
DEBB021;"'2018-08-01 03:00'";32;79;13;19;1;moderate
DEBB021;"'2018-08-01 04:00'";25;66;8;19;1;moderate
DEBB021;"'2018-08-01 05:00'";21;66;6;16;1;moderate
DEBB021;"'2018-08-01 06:00'";22;65;12;17;1;moderate
DEBB021;"'2018-08-01 07:00'";22;70;17;16;1;moderate
DEBB021;"'2018-08-01 08:00'";24;58;20;19;1;moderate
DEBB021;"'2018-08-01 09:00'";19;60;10;13;1;good
DEBB021;"'2018-08-01 10:00'";17;67;8;10;1;good
DEBB021;"'2018-08-01 11:00'";16;76;8;9;1;moderate
DEBB021;"'2018-08-01 12:00'";14;75;10;7;1;moderate
DEBB021;"'2018-08-01 13:00'";13;77;10;6;1;moderate
DEBB021;"'2018-08-01 14:00'";-;-;10;-;1;"very good"
DEBB021;"'2018-08-01 15:00'";11;86;7;5;1;moderate
DEBB021;"'2018-08-01 16:00'";13;107;6;7;1;moderate
DEBB021;"'2018-08-01 17:00'";15;119;6;8;1;moderate
DEBB021;"'2018-08-01 18:00'";15;123;6;8;1;moderate
DEBB021;"'2018-08-01 19:00'";14;124;6;7;1;moderate
DEBB021;"'2018-08-01 20:00'";13;121;6;8;1;moderate
DEBB021;"'2018-08-01 21:00'";14;112;8;8;1;moderate
DEBB021;"'2018-08-01 22:00'";18;104;9;9;1;moderate
DEBB021;"'2018-08-01 23:00'";18;100;8;9;1;moderate
DEBB021;"'2018-08-01 24:00'";19;93;7;9;1;moderate
DEBB021;"'2018-08-02 01:00'";19;89;6;10;1;moderate
DEBB021;"'2018-08-02 02:00'";20;87;5;11;1;moderate
DEBB021;"'2018-08-02 03:00'";15;78;6;8;1;moderate
DEBB021;"'2018-08-02 04:00'";11;96;2;6;1;moderate
DEBB021;"'2018-08-02 05:00'";10;108;3;8;1;moderate
DEBB021;"'2018-08-02 06:00'";8;110;5;7;1;moderate
DEBB021;"'2018-08-02 07:00'";7;103;9;5;1;moderate
DEBB021;"'2018-08-02 08:00'";8;88;11;6;1;moderate
DEBB021;"'2018-08-02 09:00'";8;84;9;6;1;moderate
DEBB021;"'2018-08-02 10:00'";9;84;8;6;1;moderate
DEBB021;"'2018-08-02 11:00'";8;93;5;5;1;moderate
DEBB021;"'2018-08-02 12:00'";11;94;6;5;1;moderate
DEBB021;"'2018-08-02 13:00'";14;82;9;6;1;moderate
DEBB021;"'2018-08-02 14:00'";12;88;7;6;1;moderate
DEBB021;"'2018-08-02 15:00'";14;96;6;6;1;moderate
DEBB021;"'2018-08-02 16:00'";15;104;6;7;1;moderate
DEBB021;"'2018-08-02 17:00'";15;108;5;7;1;moderate
DEBB021;"'2018-08-02 18:00'";15;110;5;8;1;moderate
DEBB021;"'2018-08-02 19:00'";14;106;5;8;1;moderate
DEBB021;"'2018-08-02 20:00'";13;106;5;7;1;moderate
DEBB021;"'2018-08-02 21:00'";15;102;7;8;1;moderate
DEBB021;"'2018-08-02 22:00'";15;108;7;7;1;moderate
DEBB021;"'2018-08-02 23:00'";13;102;9;6;1;moderate
DEBB021;"'2018-08-02 24:00'";13;101;8;7;1;moderate
DEBB021;"'2018-08-03 01:00'";13;96;8;7;1;moderate
DEBB021;"'2018-08-03 02:00'";14;89;8;7;1;moderate
DEBB021;"'2018-08-03 03:00'";14;87;8;7;1;moderate
DEBB021;"'2018-08-03 04:00'";14;81;11;8;1;moderate
DEBB021;"'2018-08-03 05:00'";14;70;12;9;1;good
DEBB021;"'2018-08-03 06:00'";17;63;18;8;1;good
DEBB021;"'2018-08-03 07:00'";14;68;24;7;1;good
DEBB021;"'2018-08-03 08:00'";14;81;16;7;1;moderate
DEBB021;"'2018-08-03 09:00'";16;85;15;7;1;moderate
DEBB021;"'2018-08-03 10:00'";18;90;18;6;1;moderate
DEBB021;"'2018-08-03 11:00'";19;112;16;6;1;moderate
DEBB021;"'2018-08-03 12:00'";17;134;15;6;1;moderate
DEBB021;"'2018-08-03 13:00'";17;154;10;6;1;poor
DEBB021;"'2018-08-03 14:00'";17;161;7;6;1;poor
DEBB021;"'2018-08-03 15:00'";15;166;8;6;1;poor
DEBB021;"'2018-08-03 16:00'";15;169;8;6;1;poor
DEBB021;"'2018-08-03 17:00'";15;171;3;6;1;poor
DEBB021;"'2018-08-03 18:00'";18;172;3;6;1;poor
DEBB021;"'2018-08-03 19:00'";14;173;6;6;1;poor
DEBB021;"'2018-08-03 20:00'";16;168;7;7;1;poor
DEBB021;"'2018-08-03 21:00'";19;145;19;9;1;poor
DEBB021;"'2018-08-03 22:00'";26;114;24;11;1;moderate
DEBB021;"'2018-08-03 23:00'";21;93;25;12;1;moderate
DEBB021;"'2018-08-03 24:00'";21;90;23;10;1;moderate
DEBB021;"'2018-08-04 01:00'";20;87;21;11;1;moderate
DEBB021;"'2018-08-04 02:00'";21;92;17;11;1;moderate
DEBB021;"'2018-08-04 03:00'";20;91;16;11;1;moderate
DEBB021;"'2018-08-04 04:00'";18;92;12;11;1;moderate
DEBB021;"'2018-08-04 05:00'";17;85;11;11;1;moderate
DEBB021;"'2018-08-04 06:00'";20;68;18;12;1;good
DEBB021;"'2018-08-04 07:00'";24;67;21;13;1;good
DEBB021;"'2018-08-04 08:00'";23;68;19;13;1;good
DEBB021;"'2018-08-04 09:00'";23;80;17;11;1;moderate
DEBB021;"'2018-08-04 10:00'";20;101;13;8;1;moderate
DEBB021;"'2018-08-04 11:00'";21;122;11;7;1;moderate
DEBB021;"'2018-08-04 12:00'";20;145;8;7;1;poor
DEBB021;"'2018-08-04 13:00'";20;158;7;7;1;poor
DEBB021;"'2018-08-04 14:00'";21;163;5;8;1;poor
DEBB021;"'2018-08-04 15:00'";24;162;3;8;1;poor
DEBB021;"'2018-08-04 16:00'";17;163;3;8;1;poor
DEBB021;"'2018-08-04 17:00'";19;163;3;8;1;poor
DEBB021;"'2018-08-04 18:00'";19;167;4;9;1;poor
DEBB021;"'2018-08-04 19:00'";21;160;5;10;1;poor
DEBB021;"'2018-08-04 20:00'";20;147;5;10;1;poor
DEBB021;"'2018-08-04 21:00'";21;139;5;11;1;moderate
DEBB021;"'2018-08-04 22:00'";18;113;6;9;1;moderate
DEBB021;"'2018-08-04 23:00'";15;96;5;7;1;moderate
DEBB021;"'2018-08-04 24:00'";16;99;8;10;1;moderate
DEBB021;"'2018-08-05 01:00'";15;87;7;9;1;moderate
DEBB021;"'2018-08-05 02:00'";9;71;5;4;1;good
DEBB021;"'2018-08-05 03:00'";9;62;6;4;1;good
DEBB021;"'2018-08-05 04:00'";6;64;5;4;1;good
DEBB021;"'2018-08-05 05:00'";6;63;5;3;1;good
DEBB021;"'2018-08-05 06:00'";6;59;6;3;1;good
DEBB021;"'2018-08-05 07:00'";6;58;5;4;1;good
DEBB021;"'2018-08-05 08:00'";7;57;4;5;1;good
DEBB021;"'2018-08-05 09:00'";7;59;3;5;1;good
DEBB021;"'2018-08-05 10:00'";8;62;2;5;1;good
DEBB021;"'2018-08-05 11:00'";8;65;2;5;1;good
DEBB021;"'2018-08-05 12:00'";8;70;2;4;1;good
DEBB021;"'2018-08-05 13:00'";7;74;2;4;1;moderate
DEBB021;"'2018-08-05 14:00'";8;77;2;3;1;moderate
DEBB021;"'2018-08-05 15:00'";8;78;2;3;1;moderate
DEBB021;"'2018-08-05 16:00'";8;81;2;3;1;moderate
DEBB021;"'2018-08-05 17:00'";8;83;2;3;1;moderate
DEBB021;"'2018-08-05 18:00'";9;85;2;3;1;moderate
DEBB021;"'2018-08-05 19:00'";9;85;2;3;1;moderate
DEBB021;"'2018-08-05 20:00'";10;83;2;4;1;moderate
DEBB021;"'2018-08-05 21:00'";10;77;3;4;1;moderate
DEBB021;"'2018-08-05 22:00'";10;68;5;4;1;good
DEBB021;"'2018-08-05 23:00'";11;60;7;4;1;good
DEBB021;"'2018-08-05 24:00'";13;50;11;6;1;good
DEBB021;"'2018-08-06 01:00'";11;45;15;5;1;good
DEBB021;"'2018-08-06 02:00'";14;46;13;9;1;good
DEBB021;"'2018-08-06 03:00'";14;46;12;10;1;good
DEBB021;"'2018-08-06 04:00'";13;42;13;9;1;good
DEBB021;"'2018-08-06 05:00'";12;39;15;9;1;good
DEBB021;"'2018-08-06 06:00'";12;33;18;9;1;good
DEBB021;"'2018-08-06 07:00'";13;28;27;9;1;good
DEBB021;"'2018-08-06 08:00'";12;38;19;8;1;good
DEBB021;"'2018-08-06 09:00'";12;53;10;7;1;good
DEBB021;"'2018-08-06 10:00'";11;63;3;6;1;good
DEBB021;"'2018-08-06 11:00'";9;70;2;4;1;good
DEBB021;"'2018-08-06 12:00'";12;74;2;4;1;moderate
DEBB021;"'2018-08-06 13:00'";12;78;4;4;1;moderate
DEBB021;"'2018-08-06 14:00'";10;88;2;3;1;moderate
DEBB021;"'2018-08-06 15:00'";13;92;5;3;1;moderate
DEBB021;"'2018-08-06 16:00'";9;90;2;2;1;moderate
DEBB021;"'2018-08-06 17:00'";8;96;2;2;1;moderate
DEBB021;"'2018-08-06 18:00'";8;104;2;2;1;moderate
DEBB021;"'2018-08-06 19:00'";11;101;4;2;1;moderate
DEBB021;"'2018-08-06 20:00'";13;98;4;2;1;moderate
DEBB021;"'2018-08-06 21:00'";16;89;10;3;1;moderate
DEBB021;"'2018-08-06 22:00'";13;75;18;4;1;moderate
DEBB021;"'2018-08-06 23:00'";13;62;24;5;1;good
DEBB021;"'2018-08-06 24:00'";11;66;18;5;1;good
DEBB021;"'2018-08-07 01:00'";12;60;22;6;1;good
DEBB021;"'2018-08-07 02:00'";11;59;22;6;1;good
DEBB021;"'2018-08-07 03:00'";11;54;21;6;1;good
DEBB021;"'2018-08-07 04:00'";10;61;14;6;1;good
DEBB021;"'2018-08-07 05:00'";11;57;17;6;1;good
DEBB021;"'2018-08-07 06:00'";12;51;21;7;1;good
DEBB021;"'2018-08-07 07:00'";13;45;25;7;1;good
DEBB021;"'2018-08-07 08:00'";23;46;30;8;1;good
DEBB021;"'2018-08-07 09:00'";27;53;32;8;1;moderate
DEBB021;"'2018-08-07 10:00'";38;79;21;7;1;moderate
DEBB021;"'2018-08-07 11:00'";26;103;12;5;1;moderate
DEBB021;"'2018-08-07 12:00'";29;121;13;5;3;moderate
DEBB021;"'2018-08-07 13:00'";23;137;9;5;4;moderate
DEBB021;"'2018-08-07 14:00'";27;141;8;4;4;moderate
DEBB021;"'2018-08-07 15:00'";21;141;6;4;1;moderate
DEBB021;"'2018-08-07 16:00'";21;141;7;4;1;moderate
DEBB021;"'2018-08-07 17:00'";22;144;7;6;1;moderate
DEBB021;"'2018-08-07 18:00'";24;148;6;6;1;poor
DEBB021;"'2018-08-07 19:00'";22;150;6;6;1;poor
DEBB021;"'2018-08-07 20:00'";23;143;10;6;1;moderate
DEBB021;"'2018-08-07 21:00'";17;131;10;5;1;moderate
DEBB021;"'2018-08-07 22:00'";16;122;12;5;1;moderate
DEBB021;"'2018-08-07 23:00'";17;111;13;6;1;moderate
DEBB021;"'2018-08-07 24:00'";15;100;15;7;1;moderate
DEBB021;"'2018-08-08 01:00'";15;97;13;8;1;moderate
DEBB021;"'2018-08-08 02:00'";15;104;8;7;1;moderate
DEBB021;"'2018-08-08 03:00'";15;99;8;7;1;moderate
DEBB021;"'2018-08-08 04:00'";17;91;11;9;1;moderate
DEBB021;"'2018-08-08 05:00'";19;79;14;11;1;moderate
DEBB021;"'2018-08-08 06:00'";23;68;20;13;1;good
DEBB021;"'2018-08-08 07:00'";32;55;33;16;1;moderate
DEBB021;"'2018-08-08 08:00'";44;51;45;17;1;moderate
DEBB021;"'2018-08-08 09:00'";47;66;37;15;1;moderate
DEBB021;"'2018-08-08 10:00'";32;95;23;10;1;moderate
DEBB021;"'2018-08-08 11:00'";28;123;16;8;1;moderate
DEBB021;"'2018-08-08 12:00'";31;138;13;7;2;moderate
DEBB021;"'2018-08-08 13:00'";30;137;15;6;1;moderate
DEBB021;"'2018-08-08 14:00'";26;149;10;6;1;poor
DEBB021;"'2018-08-08 15:00'";30;148;10;5;1;poor
DEBB021;"'2018-08-08 16:00'";53;152;7;6;1;poor
DEBB021;"'2018-08-08 17:00'";35;153;9;7;1;poor
DEBB021;"'2018-08-08 18:00'";20;148;9;8;1;poor
DEBB021;"'2018-08-08 19:00'";20;143;9;10;1;moderate
DEBB021;"'2018-08-08 20:00'";24;145;9;11;1;poor
DEBB021;"'2018-08-08 21:00'";31;145;10;13;1;poor
DEBB021;"'2018-08-08 22:00'";36;127;18;13;1;moderate
DEBB021;"'2018-08-08 23:00'";32;128;14;14;1;moderate
DEBB021;"'2018-08-08 24:00'";28;123;10;13;1;moderate
DEBB021;"'2018-08-09 01:00'";26;116;7;13;1;moderate
DEBB021;"'2018-08-09 02:00'";28;107;7;15;1;moderate
DEBB021;"'2018-08-09 03:00'";28;97;8;16;1;moderate
DEBB021;"'2018-08-09 04:00'";33;89;10;19;1;moderate
DEBB021;"'2018-08-09 05:00'";35;89;9;21;1;moderate
DEBB021;"'2018-08-09 06:00'";34;81;12;21;1;moderate
DEBB021;"'2018-08-09 07:00'";29;81;13;20;1;moderate
DEBB021;"'2018-08-09 08:00'";28;82;12;19;1;moderate
DEBB021;"'2018-08-09 09:00'";25;88;9;14;1;moderate
DEBB021;"'2018-08-09 10:00'";23;92;12;12;1;moderate
DEBB021;"'2018-08-09 11:00'";24;103;15;12;1;moderate
DEBB021;"'2018-08-09 12:00'";29;119;12;13;1;moderate
DEBB021;"'2018-08-09 13:00'";35;136;11;13;1;moderate
DEBB021;"'2018-08-09 14:00'";35;149;9;13;1;poor
DEBB021;"'2018-08-09 15:00'";46;149;10;12;1;poor
DEBB021;"'2018-08-09 16:00'";30;143;7;10;1;moderate
DEBB021;"'2018-08-09 17:00'";29;144;7;10;1;moderate
DEBB021;"'2018-08-09 18:00'";29;150;6;11;1;poor
DEBB021;"'2018-08-09 19:00'";28;153;6;10;1;poor
DEBB021;"'2018-08-09 20:00'";25;145;7;10;1;poor
DEBB021;"'2018-08-09 21:00'";26;142;9;10;1;moderate
DEBB021;"'2018-08-09 22:00'";41;136;6;12;1;moderate
DEBB021;"'2018-08-09 23:00'";19;100;5;13;1;moderate
DEBB021;"'2018-08-09 24:00'";19;90;5;13;1;moderate
DEBB021;"'2018-08-10 01:00'";19;81;5;13;1;moderate
DEBB021;"'2018-08-10 02:00'";18;74;6;12;1;moderate
DEBB021;"'2018-08-10 03:00'";14;66;7;10;1;good
DEBB021;"'2018-08-10 04:00'";10;61;7;7;1;good
DEBB021;"'2018-08-10 05:00'";8;59;7;6;1;good
DEBB021;"'2018-08-10 06:00'";8;56;9;5;1;good
DEBB021;"'2018-08-10 07:00'";7;51;12;4;1;good
DEBB021;"'2018-08-10 08:00'";9;49;12;3;1;good
DEBB021;"'2018-08-10 09:00'";8;55;7;2;1;good
DEBB021;"'2018-08-10 10:00'";6;60;6;2;1;good
DEBB021;"'2018-08-10 11:00'";7;59;7;3;1;good
DEBB021;"'2018-08-10 12:00'";9;64;6;4;1;good
DEBB021;"'2018-08-10 13:00'";12;67;6;7;1;good
DEBB021;"'2018-08-10 14:00'";11;75;4;6;1;moderate
DEBB021;"'2018-08-10 15:00'";9;84;4;4;1;moderate
DEBB021;"'2018-08-10 16:00'";8;94;3;4;1;moderate
DEBB021;"'2018-08-10 17:00'";7;98;5;3;1;moderate
DEBB021;"'2018-08-10 18:00'";7;101;2;3;1;moderate
DEBB021;"'2018-08-10 19:00'";9;100;3;3;1;moderate
DEBB021;"'2018-08-10 20:00'";8;99;5;4;1;moderate
DEBB021;"'2018-08-10 21:00'";10;90;7;5;1;moderate
DEBB021;"'2018-08-10 22:00'";16;67;20;6;1;good
DEBB021;"'2018-08-10 23:00'";15;53;26;9;1;good
DEBB021;"'2018-08-10 24:00'";13;48;33;7;1;moderate
DEBB021;"'2018-08-11 01:00'";12;34;44;7;1;moderate
DEBB021;"'2018-08-11 02:00'";11;44;35;7;1;moderate
DEBB021;"'2018-08-11 03:00'";10;57;17;6;1;good
DEBB021;"'2018-08-11 04:00'";11;57;14;7;1;good
DEBB021;"'2018-08-11 05:00'";10;51;16;7;1;good
DEBB021;"'2018-08-11 06:00'";10;52;15;6;1;good
DEBB021;"'2018-08-11 07:00'";15;55;14;8;1;good
DEBB021;"'2018-08-11 08:00'";16;49;16;8;1;good
DEBB021;"'2018-08-11 09:00'";13;53;14;7;1;good
DEBB021;"'2018-08-11 10:00'";11;66;9;5;1;good
DEBB021;"'2018-08-11 11:00'";12;72;7;4;1;good
DEBB021;"'2018-08-11 12:00'";13;72;7;5;1;good
DEBB021;"'2018-08-11 13:00'";10;74;4;4;1;moderate
DEBB021;"'2018-08-11 14:00'";8;80;3;3;1;moderate
DEBB021;"'2018-08-11 15:00'";11;84;2;3;1;moderate
DEBB021;"'2018-08-11 16:00'";11;88;2;3;1;moderate
DEBB021;"'2018-08-11 17:00'";8;88;2;4;1;moderate
DEBB021;"'2018-08-11 18:00'";9;90;2;4;1;moderate
DEBB021;"'2018-08-11 19:00'";9;90;2;4;1;moderate
DEBB021;"'2018-08-11 20:00'";9;83;5;5;1;moderate
DEBB021;"'2018-08-11 21:00'";11;74;4;4;1;moderate
DEBB021;"'2018-08-11 22:00'";9;71;5;4;1;good
DEBB021;"'2018-08-11 23:00'";7;68;5;3;1;good
DEBB021;"'2018-08-11 24:00'";7;65;6;4;1;good
DEBB021;"'2018-08-12 01:00'";5;61;6;3;1;good
DEBB021;"'2018-08-12 02:00'";5;60;7;3;1;good
DEBB021;"'2018-08-12 03:00'";5;55;7;3;1;good
DEBB021;"'2018-08-12 04:00'";6;50;10;3;1;good
DEBB021;"'2018-08-12 05:00'";5;52;7;3;1;good
DEBB021;"'2018-08-12 06:00'";4;46;8;3;1;good
DEBB021;"'2018-08-12 07:00'";5;45;10;4;1;good
DEBB021;"'2018-08-12 08:00'";8;47;10;4;1;good
DEBB021;"'2018-08-12 09:00'";8;55;7;4;1;good
DEBB021;"'2018-08-12 10:00'";10;67;7;4;1;good
DEBB021;"'2018-08-12 11:00'";13;79;3;4;1;moderate
DEBB021;"'2018-08-12 12:00'";11;89;5;5;1;moderate
DEBB021;"'2018-08-12 13:00'";9;98;2;4;1;moderate
DEBB021;"'2018-08-12 14:00'";9;100;4;3;1;moderate
DEBB021;"'2018-08-12 15:00'";12;106;4;3;1;moderate
DEBB021;"'2018-08-12 16:00'";9;108;6;3;1;moderate
DEBB021;"'2018-08-12 17:00'";10;113;6;2;1;moderate
DEBB021;"'2018-08-12 18:00'";6;118;3;2;1;moderate
DEBB021;"'2018-08-12 19:00'";11;117;5;3;1;moderate
DEBB021;"'2018-08-12 20:00'";14;106;8;3;1;moderate
DEBB021;"'2018-08-12 21:00'";24;84;20;5;1;moderate
DEBB021;"'2018-08-12 22:00'";19;74;20;5;1;moderate
DEBB021;"'2018-08-12 23:00'";29;59;27;7;1;moderate
DEBB021;"'2018-08-12 24:00'";15;47;32;8;1;moderate
DEBB021;"'2018-08-13 01:00'";16;37;42;9;1;moderate
DEBB021;"'2018-08-13 02:00'";13;29;44;8;1;moderate
DEBB021;"'2018-08-13 03:00'";12;25;47;8;1;moderate
DEBB021;"'2018-08-13 04:00'";11;25;48;7;1;moderate
DEBB021;"'2018-08-13 05:00'";11;20;49;7;1;moderate
DEBB021;"'2018-08-13 06:00'";13;13;56;8;1;moderate
DEBB021;"'2018-08-13 07:00'";15;12;59;9;1;moderate
DEBB021;"'2018-08-13 08:00'";25;11;67;10;1;poor
DEBB021;"'2018-08-13 09:00'";33;26;57;11;1;moderate
DEBB021;"'2018-08-13 10:00'";26;43;46;8;1;moderate
DEBB021;"'2018-08-13 11:00'";24;65;38;5;1;moderate
DEBB021;"'2018-08-13 12:00'";24;101;20;4;1;moderate
DEBB021;"'2018-08-13 13:00'";18;123;6;3;1;moderate
DEBB021;"'2018-08-13 14:00'";13;134;5;3;2;moderate
DEBB021;"'2018-08-13 15:00'";15;122;7;3;1;moderate
DEBB021;"'2018-08-13 16:00'";16;112;10;3;1;moderate
DEBB021;"'2018-08-13 17:00'";25;120;8;5;1;moderate
DEBB021;"'2018-08-13 18:00'";14;100;8;4;1;moderate
DEBB021;"'2018-08-13 19:00'";10;87;7;4;1;moderate
DEBB021;"'2018-08-13 20:00'";12;83;10;4;1;moderate
DEBB021;"'2018-08-13 21:00'";8;83;7;4;1;moderate
DEBB021;"'2018-08-13 22:00'";9;78;8;4;1;moderate
DEBB021;"'2018-08-13 23:00'";11;72;8;5;1;good
DEBB021;"'2018-08-13 24:00'";13;65;11;7;1;good
DEBB021;"'2018-08-14 01:00'";26;60;11;9;1;good
DEBB021;"'2018-08-14 02:00'";18;60;10;8;1;good
DEBB021;"'2018-08-14 03:00'";9;61;7;6;1;good
DEBB021;"'2018-08-14 04:00'";7;60;6;5;1;good
DEBB021;"'2018-08-14 05:00'";7;56;7;6;1;good
DEBB021;"'2018-08-14 06:00'";8;50;12;7;1;good
DEBB021;"'2018-08-14 07:00'";11;42;18;9;1;good
DEBB021;"'2018-08-14 08:00'";14;42;17;11;1;good
DEBB021;"'2018-08-14 09:00'";15;54;9;12;1;good
DEBB021;"'2018-08-14 10:00'";15;59;7;11;1;good
DEBB021;"'2018-08-14 11:00'";16;62;7;11;1;good
DEBB021;"'2018-08-14 12:00'";17;69;6;11;1;good
DEBB021;"'2018-08-14 13:00'";20;72;9;9;1;good
DEBB021;"'2018-08-14 14:00'";18;73;7;9;1;moderate
DEBB021;"'2018-08-14 15:00'";20;66;9;9;1;good
DEBB021;"'2018-08-14 16:00'";19;66;7;6;1;good
DEBB021;"'2018-08-14 17:00'";9;67;10;4;1;good
DEBB021;"'2018-08-14 18:00'";11;66;9;5;1;good
DEBB021;"'2018-08-14 19:00'";7;57;9;6;1;good
DEBB021;"'2018-08-14 20:00'";6;61;6;5;1;good
DEBB021;"'2018-08-14 21:00'";4;59;6;4;1;good
DEBB021;"'2018-08-14 22:00'";3;58;5;3;1;good
DEBB021;"'2018-08-14 23:00'";6;54;5;5;1;good
DEBB021;"'2018-08-14 24:00'";9;51;5;7;1;good
DEBB021;"'2018-08-15 01:00'";8;46;7;6;1;good
DEBB021;"'2018-08-15 02:00'";6;49;6;5;1;good
DEBB021;"'2018-08-15 03:00'";4;59;2;3;1;good
DEBB021;"'2018-08-15 04:00'";4;59;2;3;1;good
DEBB021;"'2018-08-15 05:00'";6;58;2;4;1;good
DEBB021;"'2018-08-15 06:00'";8;51;4;6;1;good
DEBB021;"'2018-08-15 07:00'";8;45;11;6;1;good
DEBB021;"'2018-08-15 08:00'";9;43;13;6;1;good
DEBB021;"'2018-08-15 09:00'";10;49;8;6;1;good
DEBB021;"'2018-08-15 10:00'";11;56;5;6;1;good
DEBB021;"'2018-08-15 11:00'";11;64;5;5;1;good
DEBB021;"'2018-08-15 12:00'";11;69;3;5;1;good
DEBB021;"'2018-08-15 13:00'";8;74;3;4;1;moderate
DEBB021;"'2018-08-15 14:00'";9;78;3;4;1;moderate
DEBB021;"'2018-08-15 15:00'";12;86;3;6;1;moderate
DEBB021;"'2018-08-15 16:00'";15;89;5;9;1;moderate
DEBB021;"'2018-08-15 17:00'";17;88;6;9;1;moderate
DEBB021;"'2018-08-15 18:00'";16;88;6;10;1;moderate
DEBB021;"'2018-08-15 19:00'";15;86;6;9;1;moderate
DEBB021;"'2018-08-15 20:00'";11;75;7;7;1;moderate
DEBB021;"'2018-08-15 21:00'";15;72;8;7;1;good
DEBB021;"'2018-08-15 22:00'";22;61;12;8;1;good
DEBB021;"'2018-08-15 23:00'";22;43;21;9;1;good
DEBB021;"'2018-08-15 24:00'";14;34;24;10;1;good
DEBB021;"'2018-08-16 01:00'";13;25;28;10;1;good
DEBB021;"'2018-08-16 02:00'";13;25;23;11;1;good
DEBB021;"'2018-08-16 03:00'";11;29;16;10;1;good
DEBB021;"'2018-08-16 04:00'";13;17;22;11;1;good
DEBB021;"'2018-08-16 05:00'";13;11;28;11;1;good
DEBB021;"'2018-08-16 06:00'";14;4;34;11;1;moderate
DEBB021;"'2018-08-16 07:00'";15;3;38;11;1;moderate
DEBB021;"'2018-08-16 08:00'";19;5;46;13;1;moderate
DEBB021;"'2018-08-16 09:00'";30;15;47;14;1;moderate
DEBB021;"'2018-08-16 10:00'";24;45;26;9;1;good
DEBB021;"'2018-08-16 11:00'";24;75;9;9;1;moderate
DEBB021;"'2018-08-16 12:00'";24;89;5;8;1;moderate
DEBB021;"'2018-08-16 13:00'";28;95;7;8;1;moderate
DEBB021;"'2018-08-16 14:00'";28;98;6;7;1;moderate
DEBB021;"'2018-08-16 15:00'";32;101;7;7;1;moderate
DEBB021;"'2018-08-16 16:00'";28;104;6;7;1;moderate
DEBB021;"'2018-08-16 17:00'";27;109;6;7;1;moderate
DEBB021;"'2018-08-16 18:00'";24;113;5;6;1;moderate
DEBB021;"'2018-08-16 19:00'";23;114;6;6;1;moderate
DEBB021;"'2018-08-16 20:00'";25;112;9;7;1;moderate
DEBB021;"'2018-08-16 21:00'";25;105;11;9;1;moderate
DEBB021;"'2018-08-16 22:00'";29;94;15;11;1;moderate
DEBB021;"'2018-08-16 23:00'";29;78;23;13;1;moderate
DEBB021;"'2018-08-16 24:00'";27;71;22;13;1;good
DEBB021;"'2018-08-17 01:00'";21;73;18;13;1;moderate
DEBB021;"'2018-08-17 02:00'";20;73;13;13;1;moderate
DEBB021;"'2018-08-17 03:00'";21;71;12;13;1;good
DEBB021;"'2018-08-17 04:00'";20;65;13;12;1;good
DEBB021;"'2018-08-17 05:00'";19;57;15;12;1;good
DEBB021;"'2018-08-17 06:00'";21;50;22;12;1;good
DEBB021;"'2018-08-17 07:00'";24;30;44;13;1;moderate
DEBB021;"'2018-08-17 08:00'";33;24;54;14;1;moderate
DEBB021;"'2018-08-17 09:00'";34;41;45;14;1;moderate
DEBB021;"'2018-08-17 10:00'";38;58;31;11;1;moderate
DEBB021;"'2018-08-17 11:00'";30;82;22;9;1;moderate
DEBB021;"'2018-08-17 12:00'";32;100;21;8;1;moderate
DEBB021;"'2018-08-17 13:00'";33;125;15;8;3;moderate
DEBB021;"'2018-08-17 14:00'";27;147;9;8;5;poor
DEBB021;"'2018-08-17 15:00'";26;158;8;8;2;poor
DEBB021;"'2018-08-17 16:00'";26;146;8;8;1;poor
DEBB021;"'2018-08-17 17:00'";24;147;7;8;1;poor
DEBB021;"'2018-08-17 18:00'";28;151;6;9;1;poor
DEBB021;"'2018-08-17 19:00'";28;132;6;12;1;moderate
DEBB021;"'2018-08-17 20:00'";27;112;5;11;1;moderate
DEBB021;"'2018-08-17 21:00'";22;101;4;10;1;moderate
DEBB021;"'2018-08-17 22:00'";16;92;5;7;1;moderate
DEBB021;"'2018-08-17 23:00'";13;85;4;6;1;moderate
DEBB021;"'2018-08-17 24:00'";10;84;3;5;1;moderate
DEBB021;"'2018-08-18 01:00'";9;83;5;5;1;moderate
DEBB021;"'2018-08-18 02:00'";7;79;5;5;1;moderate
DEBB021;"'2018-08-18 03:00'";8;75;5;5;1;moderate
DEBB021;"'2018-08-18 04:00'";8;69;6;6;1;good
DEBB021;"'2018-08-18 05:00'";8;64;6;6;1;good
DEBB021;"'2018-08-18 06:00'";9;56;8;7;1;good
DEBB021;"'2018-08-18 07:00'";10;52;9;8;1;good
DEBB021;"'2018-08-18 08:00'";10;55;8;8;1;good
DEBB021;"'2018-08-18 09:00'";11;62;4;7;1;good
DEBB021;"'2018-08-18 10:00'";12;64;4;6;1;good
DEBB021;"'2018-08-18 11:00'";13;67;5;6;1;good
DEBB021;"'2018-08-18 12:00'";18;72;4;6;1;good
DEBB021;"'2018-08-18 13:00'";22;77;6;6;1;moderate
DEBB021;"'2018-08-18 14:00'";24;82;9;7;1;moderate
DEBB021;"'2018-08-18 15:00'";28;92;6;7;1;moderate
DEBB021;"'2018-08-18 16:00'";20;93;8;6;1;moderate
DEBB021;"'2018-08-18 17:00'";20;97;3;7;1;moderate
DEBB021;"'2018-08-18 18:00'";15;99;2;6;1;moderate
DEBB021;"'2018-08-18 19:00'";15;101;3;6;1;moderate
DEBB021;"'2018-08-18 20:00'";22;98;9;8;1;moderate
DEBB021;"'2018-08-18 21:00'";23;89;12;9;1;moderate
DEBB021;"'2018-08-18 22:00'";58;70;19;13;1;poor
DEBB021;"'2018-08-18 23:00'";35;43;37;14;1;moderate
DEBB021;"'2018-08-18 24:00'";29;19;58;16;1;moderate
DEBB021;"'2018-08-19 01:00'";25;55;22;13;1;good
DEBB021;"'2018-08-19 02:00'";16;53;17;12;1;good
DEBB021;"'2018-08-19 03:00'";19;48;18;14;1;good
DEBB021;"'2018-08-19 04:00'";20;33;23;15;1;good
DEBB021;"'2018-08-19 05:00'";18;40;22;14;1;good
DEBB021;"'2018-08-19 06:00'";19;41;20;14;1;good
DEBB021;"'2018-08-19 07:00'";19;48;17;13;1;good
DEBB021;"'2018-08-19 08:00'";20;54;14;13;1;good
DEBB021;"'2018-08-19 09:00'";22;59;13;12;1;good
DEBB021;"'2018-08-19 10:00'";24;80;8;9;1;moderate
DEBB021;"'2018-08-19 11:00'";20;97;7;7;1;moderate
DEBB021;"'2018-08-19 12:00'";23;109;7;6;1;moderate
DEBB021;"'2018-08-19 13:00'";21;121;4;7;1;moderate
DEBB021;"'2018-08-19 14:00'";19;126;2;6;1;moderate
DEBB021;"'2018-08-19 15:00'";20;126;5;5;1;moderate
DEBB021;"'2018-08-19 16:00'";13;130;3;5;1;moderate
DEBB021;"'2018-08-19 17:00'";14;134;2;5;1;moderate
DEBB021;"'2018-08-19 18:00'";15;138;2;6;1;moderate
DEBB021;"'2018-08-19 19:00'";15;139;4;6;1;moderate
DEBB021;"'2018-08-19 20:00'";15;132;8;6;1;moderate
DEBB021;"'2018-08-19 21:00'";29;105;15;8;1;moderate
DEBB021;"'2018-08-19 22:00'";33;63;38;12;1;moderate
DEBB021;"'2018-08-19 23:00'";29;57;34;13;1;moderate
DEBB021;"'2018-08-19 24:00'";25;43;37;14;1;moderate
DEBB021;"'2018-08-20 01:00'";22;51;24;14;1;good
DEBB021;"'2018-08-20 02:00'";21;61;17;14;1;good
DEBB021;"'2018-08-20 03:00'";21;64;16;14;1;good
DEBB021;"'2018-08-20 04:00'";21;70;14;15;1;good
DEBB021;"'2018-08-20 05:00'";21;68;14;15;1;good
DEBB021;"'2018-08-20 06:00'";21;65;14;16;1;moderate
DEBB021;"'2018-08-20 07:00'";28;53;25;16;1;moderate
DEBB021;"'2018-08-20 08:00'";30;55;26;17;1;moderate
DEBB021;"'2018-08-20 09:00'";24;62;22;15;1;good
DEBB021;"'2018-08-20 10:00'";24;60;15;14;1;good
DEBB021;"'2018-08-20 11:00'";19;52;10;11;1;good
DEBB021;"'2018-08-20 12:00'";18;50;11;8;1;good
DEBB021;"'2018-08-20 13:00'";15;49;8;7;1;good
DEBB021;"'2018-08-20 14:00'";14;46;6;6;1;good
DEBB021;"'2018-08-20 15:00'";14;44;7;6;1;good
DEBB021;"'2018-08-20 16:00'";16;43;7;6;1;good
DEBB021;"'2018-08-20 17:00'";15;46;8;7;1;good
DEBB021;"'2018-08-20 18:00'";17;44;8;7;1;good
DEBB021;"'2018-08-20 19:00'";12;45;7;6;1;good
DEBB021;"'2018-08-20 20:00'";12;43;8;7;1;good
DEBB021;"'2018-08-20 21:00'";12;41;9;7;1;good
DEBB021;"'2018-08-20 22:00'";12;42;8;7;1;good
DEBB021;"'2018-08-20 23:00'";9;45;6;6;1;good
DEBB021;"'2018-08-20 24:00'";6;48;5;4;1;good
DEBB021;"'2018-08-21 01:00'";6;51;3;3;1;good
DEBB021;"'2018-08-21 02:00'";5;53;2;3;1;good
DEBB021;"'2018-08-21 03:00'";5;52;2;3;1;good
DEBB021;"'2018-08-21 04:00'";6;52;2;3;1;good
DEBB021;"'2018-08-21 05:00'";8;51;2;4;1;good
DEBB021;"'2018-08-21 06:00'";9;46;5;5;1;good
DEBB021;"'2018-08-21 07:00'";9;46;8;5;1;good
DEBB021;"'2018-08-21 08:00'";12;46;9;5;1;good
DEBB021;"'2018-08-21 09:00'";12;51;7;5;1;good
DEBB021;"'2018-08-21 10:00'";12;58;5;4;1;good
DEBB021;"'2018-08-21 11:00'";11;63;2;4;1;good
DEBB021;"'2018-08-21 12:00'";14;65;2;4;1;good
DEBB021;"'2018-08-21 13:00'";15;68;2;4;1;good
DEBB021;"'2018-08-21 14:00'";14;70;2;4;1;good
DEBB021;"'2018-08-21 15:00'";16;72;2;4;1;good
DEBB021;"'2018-08-21 16:00'";14;74;2;3;1;moderate
DEBB021;"'2018-08-21 17:00'";21;76;2;4;1;moderate
DEBB021;"'2018-08-21 18:00'";17;78;2;3;1;moderate
DEBB021;"'2018-08-21 19:00'";17;79;2;3;1;moderate
DEBB021;"'2018-08-21 20:00'";16;78;4;4;1;moderate
DEBB021;"'2018-08-21 21:00'";30;65;16;5;1;moderate
DEBB021;"'2018-08-21 22:00'";26;52;21;7;1;good
DEBB021;"'2018-08-21 23:00'";24;49;16;6;1;good
DEBB021;"'2018-08-21 24:00'";20;50;14;6;1;good
DEBB021;"'2018-08-22 01:00'";16;54;10;6;1;good
DEBB021;"'2018-08-22 02:00'";12;48;12;6;1;good
DEBB021;"'2018-08-22 03:00'";8;41;14;6;1;good
DEBB021;"'2018-08-22 04:00'";14;39;19;6;1;good
DEBB021;"'2018-08-22 05:00'";16;43;14;6;1;good
DEBB021;"'2018-08-22 06:00'";18;37;21;6;1;good
DEBB021;"'2018-08-22 07:00'";22;26;34;7;1;moderate
DEBB021;"'2018-08-22 08:00'";56;31;30;9;1;poor
DEBB021;"'2018-08-22 09:00'";32;33;33;9;1;moderate
DEBB021;"'2018-08-22 10:00'";31;42;29;8;1;moderate
DEBB021;"'2018-08-22 11:00'";27;61;19;6;2;good
DEBB021;"'2018-08-22 12:00'";34;75;12;5;2;moderate
DEBB021;"'2018-08-22 13:00'";30;82;9;5;3;moderate
DEBB021;"'2018-08-22 14:00'";29;91;7;4;1;moderate
DEBB021;"'2018-08-22 15:00'";25;102;3;4;1;moderate
DEBB021;"'2018-08-22 16:00'";26;104;5;4;1;moderate
DEBB021;"'2018-08-22 17:00'";25;104;7;4;1;moderate
DEBB021;"'2018-08-22 18:00'";23;105;5;4;1;moderate
DEBB021;"'2018-08-22 19:00'";24;102;7;4;1;moderate
DEBB021;"'2018-08-22 20:00'";21;106;10;4;1;moderate
DEBB021;"'2018-08-22 21:00'";28;87;21;6;1;moderate
DEBB021;"'2018-08-22 22:00'";24;79;20;7;1;moderate
DEBB021;"'2018-08-22 23:00'";19;66;21;7;1;good
DEBB021;"'2018-08-22 24:00'";20;58;20;8;1;good
DEBB021;"'2018-08-23 01:00'";12;47;21;8;1;good
DEBB021;"'2018-08-23 02:00'";12;39;21;9;1;good
DEBB021;"'2018-08-23 03:00'";14;30;28;10;1;good
DEBB021;"'2018-08-23 04:00'";21;30;33;11;1;moderate
DEBB021;"'2018-08-23 05:00'";19;28;33;10;1;moderate
DEBB021;"'2018-08-23 06:00'";26;20;43;11;1;moderate
DEBB021;"'2018-08-23 07:00'";37;7;59;13;1;moderate
DEBB021;"'2018-08-23 08:00'";47;6;68;14;1;poor
DEBB021;"'2018-08-23 09:00'";50;14;74;19;1;poor
DEBB021;"'2018-08-23 10:00'";58;37;54;17;1;poor
DEBB021;"'2018-08-23 11:00'";50;79;30;10;1;moderate
DEBB021;"'2018-08-23 12:00'";40;115;11;8;1;moderate
DEBB021;"'2018-08-23 13:00'";49;123;12;8;1;moderate
DEBB021;"'2018-08-23 14:00'";60;131;9;8;1;poor
DEBB021;"'2018-08-23 15:00'";33;133;11;6;1;moderate
DEBB021;"'2018-08-23 16:00'";38;137;14;6;1;moderate
DEBB021;"'2018-08-23 17:00'";25;142;11;5;1;moderate
DEBB021;"'2018-08-23 18:00'";30;148;8;6;1;poor
DEBB021;"'2018-08-23 19:00'";26;151;9;6;1;poor
DEBB021;"'2018-08-23 20:00'";33;148;10;8;1;poor
DEBB021;"'2018-08-23 21:00'";40;130;6;10;1;moderate
DEBB021;"'2018-08-23 22:00'";17;118;7;9;1;moderate
DEBB021;"'2018-08-23 23:00'";13;106;10;8;1;moderate
DEBB021;"'2018-08-23 24:00'";13;94;9;9;1;moderate
DEBB021;"'2018-08-24 01:00'";13;90;8;9;1;moderate
DEBB021;"'2018-08-24 02:00'";17;73;11;11;1;moderate
DEBB021;"'2018-08-24 03:00'";18;65;12;13;1;good
DEBB021;"'2018-08-24 04:00'";30;59;13;24;1;moderate
DEBB021;"'2018-08-24 05:00'";61;56;13;54;1;"very poor"
DEBB021;"'2018-08-24 06:00'";70;46;18;63;1;"very poor"
DEBB021;"'2018-08-24 07:00'";32;47;20;26;1;moderate
DEBB021;"'2018-08-24 08:00'";33;51;19;25;1;moderate
DEBB021;"'2018-08-24 09:00'";28;51;14;22;1;moderate
DEBB021;"'2018-08-24 10:00'";27;50;12;19;1;moderate
DEBB021;"'2018-08-24 11:00'";27;51;10;17;1;moderate
DEBB021;"'2018-08-24 12:00'";26;54;9;17;1;moderate
DEBB021;"'2018-08-24 13:00'";23;54;9;11;1;good
DEBB021;"'2018-08-24 14:00'";15;72;6;8;1;good
DEBB021;"'2018-08-24 15:00'";16;78;6;10;1;moderate
DEBB021;"'2018-08-24 16:00'";18;78;7;11;1;moderate
DEBB021;"'2018-08-24 17:00'";19;83;5;10;1;moderate
DEBB021;"'2018-08-24 18:00'";29;79;6;12;1;moderate
DEBB021;"'2018-08-24 19:00'";18;76;6;11;1;moderate
DEBB021;"'2018-08-24 20:00'";15;73;7;9;1;moderate
DEBB021;"'2018-08-24 21:00'";16;65;11;9;1;good
DEBB021;"'2018-08-24 22:00'";23;59;13;9;1;good
DEBB021;"'2018-08-24 23:00'";19;60;11;8;1;good
DEBB021;"'2018-08-24 24:00'";14;55;12;8;1;good
DEBB021;"'2018-08-25 01:00'";19;52;10;9;1;good
DEBB021;"'2018-08-25 02:00'";14;57;7;7;1;good
DEBB021;"'2018-08-25 03:00'";17;57;3;6;1;good
DEBB021;"'2018-08-25 04:00'";12;52;5;5;1;good
DEBB021;"'2018-08-25 05:00'";12;44;10;6;1;good
DEBB021;"'2018-08-25 06:00'";16;38;13;9;1;good
DEBB021;"'2018-08-25 07:00'";19;24;25;13;1;good
DEBB021;"'2018-08-25 08:00'";19;22;24;14;1;good
DEBB021;"'2018-08-25 09:00'";32;29;18;16;1;moderate
DEBB021;"'2018-08-25 10:00'";37;37;15;17;1;moderate
DEBB021;"'2018-08-25 11:00'";35;54;9;14;1;moderate
DEBB021;"'2018-08-25 12:00'";32;62;10;11;1;moderate
DEBB021;"'2018-08-25 13:00'";37;64;10;9;1;moderate
DEBB021;"'2018-08-25 14:00'";67;66;12;10;1;poor
DEBB021;"'2018-08-25 15:00'";22;68;5;6;1;good
DEBB021;"'2018-08-25 16:00'";14;58;10;5;1;good
DEBB021;"'2018-08-25 17:00'";11;63;5;3;1;good
DEBB021;"'2018-08-25 18:00'";11;70;4;2;1;good
DEBB021;"'2018-08-25 19:00'";11;72;4;5;1;good
DEBB021;"'2018-08-25 20:00'";8;68;6;5;1;good
DEBB021;"'2018-08-25 21:00'";7;62;7;4;1;good
DEBB021;"'2018-08-25 22:00'";9;58;9;3;1;good
DEBB021;"'2018-08-25 23:00'";5;56;9;3;1;good
DEBB021;"'2018-08-25 24:00'";4;57;8;2;1;good
DEBB021;"'2018-08-26 01:00'";3;58;7;2;1;good
DEBB021;"'2018-08-26 02:00'";3;52;9;2;1;good
DEBB021;"'2018-08-26 03:00'";3;49;8;3;1;good
DEBB021;"'2018-08-26 04:00'";3;45;8;3;1;good
DEBB021;"'2018-08-26 05:00'";3;42;8;3;1;good
DEBB021;"'2018-08-26 06:00'";4;39;8;4;1;good
DEBB021;"'2018-08-26 07:00'";5;36;8;5;1;good
DEBB021;"'2018-08-26 08:00'";6;36;7;5;1;good
DEBB021;"'2018-08-26 09:00'";5;41;5;5;1;good
DEBB021;"'2018-08-26 10:00'";6;51;3;3;1;good
DEBB021;"'2018-08-26 11:00'";7;62;2;4;1;good
DEBB021;"'2018-08-26 12:00'";8;67;2;4;1;good
DEBB021;"'2018-08-26 13:00'";7;71;2;3;1;good
DEBB021;"'2018-08-26 14:00'";7;74;2;3;1;moderate
DEBB021;"'2018-08-26 15:00'";7;76;2;3;1;moderate
DEBB021;"'2018-08-26 16:00'";11;77;2;3;1;moderate
DEBB021;"'2018-08-26 17:00'";7;79;2;3;1;moderate
DEBB021;"'2018-08-26 18:00'";10;79;2;3;1;moderate
DEBB021;"'2018-08-26 19:00'";9;80;2;4;1;moderate
DEBB021;"'2018-08-26 20:00'";24;73;8;6;1;moderate
DEBB021;"'2018-08-26 21:00'";25;57;18;5;1;good
DEBB021;"'2018-08-26 22:00'";30;15;55;6;1;moderate
DEBB021;"'2018-08-26 23:00'";16;30;32;7;1;moderate
DEBB021;"'2018-08-26 24:00'";11;45;20;5;1;good
DEBB021;"'2018-08-27 01:00'";9;41;23;5;1;good
DEBB021;"'2018-08-27 02:00'";10;46;17;6;1;good
DEBB021;"'2018-08-27 03:00'";13;43;17;9;1;good
DEBB021;"'2018-08-27 04:00'";18;45;13;14;1;good
DEBB021;"'2018-08-27 05:00'";16;47;10;13;1;good
DEBB021;"'2018-08-27 06:00'";7;38;18;4;1;good
DEBB021;"'2018-08-27 07:00'";16;39;17;5;1;good
DEBB021;"'2018-08-27 08:00'";28;41;19;5;1;moderate
DEBB021;"'2018-08-27 09:00'";25;44;18;5;1;good
DEBB021;"'2018-08-27 10:00'";40;47;20;7;1;moderate
DEBB021;"'2018-08-27 11:00'";38;57;15;7;1;moderate
DEBB021;"'2018-08-27 12:00'";61;64;14;7;1;poor
DEBB021;"'2018-08-27 13:00'";41;65;13;6;1;moderate
DEBB021;"'2018-08-27 14:00'";49;70;10;6;1;moderate
DEBB021;"'2018-08-27 15:00'";37;70;10;5;1;moderate
DEBB021;"'2018-08-27 16:00'";33;72;9;5;1;moderate
DEBB021;"'2018-08-27 17:00'";27;72;9;5;1;good
DEBB021;"'2018-08-27 18:00'";26;73;8;4;1;moderate
DEBB021;"'2018-08-27 19:00'";21;71;9;4;1;good
DEBB021;"'2018-08-27 20:00'";12;72;7;5;1;good
DEBB021;"'2018-08-27 21:00'";15;67;8;7;1;good
DEBB021;"'2018-08-27 22:00'";12;62;9;7;1;good
DEBB021;"'2018-08-27 23:00'";10;56;9;7;1;good
DEBB021;"'2018-08-27 24:00'";11;54;7;8;1;good
DEBB021;"'2018-08-28 01:00'";10;49;6;9;1;good
DEBB021;"'2018-08-28 02:00'";11;48;6;9;1;good
DEBB021;"'2018-08-28 03:00'";11;46;6;9;1;good
DEBB021;"'2018-08-28 04:00'";11;43;6;9;1;good
DEBB021;"'2018-08-28 05:00'";12;41;6;10;1;good
DEBB021;"'2018-08-28 06:00'";12;38;8;9;1;good
DEBB021;"'2018-08-28 07:00'";12;31;18;9;1;good
DEBB021;"'2018-08-28 08:00'";12;28;21;9;1;good
DEBB021;"'2018-08-28 09:00'";13;36;15;8;1;good
DEBB021;"'2018-08-28 10:00'";13;44;10;8;1;good
DEBB021;"'2018-08-28 11:00'";14;53;6;8;1;good
DEBB021;"'2018-08-28 12:00'";14;62;5;7;1;good
DEBB021;"'2018-08-28 13:00'";14;67;3;6;1;good
DEBB021;"'2018-08-28 14:00'";12;72;2;6;1;good
DEBB021;"'2018-08-28 15:00'";15;73;2;6;1;moderate
DEBB021;"'2018-08-28 16:00'";19;73;4;7;1;moderate
DEBB021;"'2018-08-28 17:00'";33;72;7;8;1;moderate
DEBB021;"'2018-08-28 18:00'";21;76;4;7;1;moderate
DEBB021;"'2018-08-28 19:00'";23;78;2;7;1;moderate
DEBB021;"'2018-08-28 20:00'";24;71;6;7;1;good
DEBB021;"'2018-08-28 21:00'";38;48;22;9;1;moderate
DEBB021;"'2018-08-28 22:00'";33;25;39;11;1;moderate
DEBB021;"'2018-08-28 23:00'";14;30;27;10;1;good
DEBB021;"'2018-08-28 24:00'";15;15;40;11;1;moderate
DEBB021;"'2018-08-29 01:00'";16;14;42;11;1;moderate
DEBB021;"'2018-08-29 02:00'";16;12;43;11;1;moderate
DEBB021;"'2018-08-29 03:00'";15;18;35;10;1;moderate
DEBB021;"'2018-08-29 04:00'";13;20;32;10;1;moderate
DEBB021;"'2018-08-29 05:00'";13;21;30;10;1;good
DEBB021;"'2018-08-29 06:00'";13;23;29;10;1;good
DEBB021;"'2018-08-29 07:00'";14;15;39;10;1;moderate
DEBB021;"'2018-08-29 08:00'";17;7;54;12;1;moderate
DEBB021;"'2018-08-29 09:00'";28;18;46;12;1;moderate
DEBB021;"'2018-08-29 10:00'";31;42;28;11;1;moderate
DEBB021;"'2018-08-29 11:00'";33;66;18;10;1;moderate
DEBB021;"'2018-08-29 12:00'";30;80;11;9;3;moderate
DEBB021;"'2018-08-29 13:00'";31;93;7;9;1;moderate
DEBB021;"'2018-08-29 14:00'";30;101;6;9;1;moderate
DEBB021;"'2018-08-29 15:00'";38;109;7;10;1;moderate
DEBB021;"'2018-08-29 16:00'";40;117;8;10;1;moderate
DEBB021;"'2018-08-29 17:00'";41;119;8;10;1;moderate
DEBB021;"'2018-08-29 18:00'";61;122;8;10;1;poor
DEBB021;"'2018-08-29 19:00'";-;121;9;24;1;moderate
DEBB021;"'2018-08-29 20:00'";-;114;12;50;1;poor
DEBB021;"'2018-08-29 21:00'";-;102;15;33;1;poor
DEBB021;"'2018-08-29 22:00'";72;95;16;15;1;poor
DEBB021;"'2018-08-29 23:00'";32;94;13;15;1;moderate
DEBB021;"'2018-08-29 24:00'";33;97;9;15;1;moderate
DEBB021;"'2018-08-30 01:00'";32;98;8;14;1;moderate
DEBB021;"'2018-08-30 02:00'";25;92;10;15;1;moderate
DEBB021;"'2018-08-30 03:00'";26;86;10;15;1;moderate
DEBB021;"'2018-08-30 04:00'";25;78;12;15;1;moderate
DEBB021;"'2018-08-30 05:00'";25;72;15;15;2;good
DEBB021;"'2018-08-30 06:00'";28;63;21;15;1;moderate
DEBB021;"'2018-08-30 07:00'";46;51;35;18;1;moderate
DEBB021;"'2018-08-30 08:00'";31;48;33;20;1;moderate
DEBB021;"'2018-08-30 09:00'";26;54;24;19;1;moderate
DEBB021;"'2018-08-30 10:00'";25;50;19;21;1;moderate
DEBB021;"'2018-08-30 11:00'";27;44;20;25;1;moderate
DEBB021;"'2018-08-30 12:00'";27;49;16;25;1;moderate
DEBB021;"'2018-08-30 13:00'";24;72;10;22;1;moderate
DEBB021;"'2018-08-30 14:00'";15;83;8;13;1;moderate
DEBB021;"'2018-08-30 15:00'";15;84;7;13;1;moderate
DEBB021;"'2018-08-30 16:00'";16;85;10;13;1;moderate
DEBB021;"'2018-08-30 17:00'";16;88;8;14;1;moderate
DEBB021;"'2018-08-30 18:00'";15;79;11;12;1;moderate
DEBB021;"'2018-08-30 19:00'";11;72;9;10;1;good
DEBB021;"'2018-08-30 20:00'";9;68;8;9;1;good
DEBB021;"'2018-08-30 21:00'";11;61;8;11;1;good
DEBB021;"'2018-08-30 22:00'";10;60;7;9;1;good
DEBB021;"'2018-08-30 23:00'";11;57;7;9;1;good
DEBB021;"'2018-08-30 24:00'";12;49;5;9;1;good
DEBB021;"'2018-08-31 01:00'";9;47;3;7;1;good
DEBB021;"'2018-08-31 02:00'";9;43;5;6;1;good
DEBB021;"'2018-08-31 03:00'";8;43;5;6;1;good
DEBB021;"'2018-08-31 04:00'";8;43;5;6;1;good
DEBB021;"'2018-08-31 05:00'";8;40;6;6;1;good
DEBB021;"'2018-08-31 06:00'";7;36;7;5;1;good
DEBB021;"'2018-08-31 07:00'";7;31;14;5;1;good
DEBB021;"'2018-08-31 08:00'";8;29;14;6;1;good
DEBB021;"'2018-08-31 09:00'";8;32;12;6;1;good
DEBB021;"'2018-08-31 10:00'";9;35;10;6;1;good
DEBB021;"'2018-08-31 11:00'";12;43;7;7;1;good
DEBB021;"'2018-08-31 12:00'";12;49;7;7;1;good
DEBB021;"'2018-08-31 13:00'";11;58;5;7;1;good
DEBB021;"'2018-08-31 14:00'";11;63;5;6;1;good
DEBB021;"'2018-08-31 15:00'";10;68;4;6;1;good
DEBB021;"'2018-08-31 16:00'";10;70;5;5;1;good
DEBB021;"'2018-08-31 17:00'";10;73;4;5;1;moderate
DEBB021;"'2018-08-31 18:00'";11;74;4;5;1;moderate
DEBB021;"'2018-08-31 19:00'";13;72;6;7;1;good
DEBB021;"'2018-08-31 20:00'";15;65;12;9;1;good
DEBB021;"'2018-08-31 21:00'";16;55;19;9;1;good
DEBB021;"'2018-08-31 22:00'";40;43;24;12;1;moderate
DEBB021;"'2018-08-31 23:00'";45;28;30;10;1;moderate
DEBB021;"'2018-08-31 24:00'";17;24;27;9;1;good
DEBB021;"'2018-09-01 01:00'";14;16;30;10;1;good
DEBB021;"'2018-09-01 02:00'";13;22;27;9;1;good
DEBB021;"'2018-09-01 03:00'";12;25;27;8;1;good
DEBB021;"'2018-09-01 04:00'";11;26;22;8;1;good
DEBB021;"'2018-09-01 05:00'";10;28;18;8;1;good
DEBB021;"'2018-09-01 06:00'";10;23;22;8;1;good
DEBB021;"'2018-09-01 07:00'";11;19;26;8;1;good
DEBB021;"'2018-09-01 08:00'";11;24;21;8;1;good
DEBB021;"'2018-09-01 09:00'";12;29;15;9;1;good
DEBB021;"'2018-09-01 10:00'";16;41;11;10;1;good
DEBB021;"'2018-09-01 11:00'";19;48;7;11;1;good
DEBB021;"'2018-09-01 12:00'";19;63;5;10;1;good
DEBB021;"'2018-09-01 13:00'";17;76;3;9;1;moderate
DEBB021;"'2018-09-01 14:00'";17;81;6;9;1;moderate
DEBB021;"'2018-09-01 15:00'";21;89;4;8;1;moderate
DEBB021;"'2018-09-01 16:00'";15;94;3;7;1;moderate
DEBB021;"'2018-09-01 17:00'";15;96;6;6;1;moderate
DEBB021;"'2018-09-01 18:00'";19;96;7;6;1;moderate
DEBB021;"'2018-09-01 19:00'";13;90;12;6;1;moderate
DEBB021;"'2018-09-01 20:00'";15;80;13;6;1;moderate
DEBB021;"'2018-09-01 21:00'";16;67;19;8;1;good
DEBB021;"'2018-09-01 22:00'";22;65;15;9;1;good
DEBB021;"'2018-09-01 23:00'";31;62;12;10;1;moderate
DEBB021;"'2018-09-01 24:00'";19;50;17;11;1;good
DEBB021;"'2018-09-02 01:00'";18;49;14;10;1;good
DEBB021;"'2018-09-02 02:00'";17;40;17;11;1;good
DEBB021;"'2018-09-02 03:00'";10;54;10;8;1;good
DEBB021;"'2018-09-02 04:00'";6;59;7;6;1;good
DEBB021;"'2018-09-02 05:00'";7;56;7;7;1;good
DEBB021;"'2018-09-02 06:00'";8;51;7;7;1;good
DEBB021;"'2018-09-02 07:00'";9;48;7;8;1;good
DEBB021;"'2018-09-02 08:00'";10;47;6;10;1;good
DEBB021;"'2018-09-02 09:00'";17;42;11;14;1;good
DEBB021;"'2018-09-02 10:00'";11;53;7;10;1;good
DEBB021;"'2018-09-02 11:00'";10;56;11;9;1;good
DEBB021;"'2018-09-02 12:00'";11;52;14;10;1;good
DEBB021;"'2018-09-02 13:00'";8;56;9;8;1;good
DEBB021;"'2018-09-02 14:00'";9;59;7;8;1;good
DEBB021;"'2018-09-02 15:00'";8;65;9;5;1;good
DEBB021;"'2018-09-02 16:00'";13;68;15;6;1;good
DEBB021;"'2018-09-02 17:00'";17;74;13;7;1;moderate
DEBB021;"'2018-09-02 18:00'";25;76;13;8;1;moderate
DEBB021;"'2018-09-02 19:00'";18;79;11;8;1;moderate
DEBB021;"'2018-09-02 20:00'";15;76;13;8;1;moderate
DEBB021;"'2018-09-02 21:00'";15;73;13;9;1;moderate
DEBB021;"'2018-09-02 22:00'";16;75;9;10;1;moderate
DEBB021;"'2018-09-02 23:00'";14;69;14;10;1;good
DEBB021;"'2018-09-02 24:00'";15;64;15;11;1;good
DEBB021;"'2018-09-03 01:00'";15;61;12;12;1;good
DEBB021;"'2018-09-03 02:00'";15;70;7;12;1;good
DEBB021;"'2018-09-03 03:00'";16;75;6;12;1;moderate
DEBB021;"'2018-09-03 04:00'";17;72;6;13;1;good
DEBB021;"'2018-09-03 05:00'";18;68;8;13;1;good
DEBB021;"'2018-09-03 06:00'";18;62;11;14;1;good
DEBB021;"'2018-09-03 07:00'";21;55;17;14;1;good
DEBB021;"'2018-09-03 08:00'";20;51;25;14;1;good
DEBB021;"'2018-09-03 09:00'";23;49;24;14;1;good
DEBB021;"'2018-09-03 10:00'";21;53;22;14;1;good
DEBB021;"'2018-09-03 11:00'";25;57;23;14;1;good
DEBB021;"'2018-09-03 12:00'";26;76;17;12;1;moderate
DEBB021;"'2018-09-03 13:00'";33;94;12;12;1;moderate
DEBB021;"'2018-09-03 14:00'";35;105;8;12;1;moderate
DEBB021;"'2018-09-03 15:00'";25;110;7;11;1;moderate
DEBB021;"'2018-09-03 16:00'";26;112;10;11;1;moderate
DEBB021;"'2018-09-03 17:00'";25;115;11;11;1;moderate
DEBB021;"'2018-09-03 18:00'";27;113;12;11;1;moderate
DEBB021;"'2018-09-03 19:00'";21;112;10;10;1;moderate
DEBB021;"'2018-09-03 20:00'";24;106;11;11;1;moderate
DEBB021;"'2018-09-03 21:00'";23;96;10;11;1;moderate
DEBB021;"'2018-09-03 22:00'";23;85;9;10;1;moderate
DEBB021;"'2018-09-03 23:00'";20;80;10;11;1;moderate
DEBB021;"'2018-09-03 24:00'";18;73;13;12;1;moderate
DEBB021;"'2018-09-04 01:00'";18;59;18;12;3;good
DEBB021;"'2018-09-04 02:00'";15;54;16;11;4;good
DEBB021;"'2018-09-04 03:00'";15;51;15;11;5;good
DEBB021;"'2018-09-04 04:00'";15;48;13;12;4;good
DEBB021;"'2018-09-04 05:00'";15;44;13;12;4;good
DEBB021;"'2018-09-04 06:00'";15;41;14;12;3;good
DEBB021;"'2018-09-04 07:00'";17;34;22;12;1;good
DEBB021;"'2018-09-04 08:00'";17;30;26;13;1;good
DEBB021;"'2018-09-04 09:00'";17;35;28;13;1;good
DEBB021;"'2018-09-04 10:00'";21;42;27;12;1;good
DEBB021;"'2018-09-04 11:00'";24;51;25;11;1;good
DEBB021;"'2018-09-04 12:00'";25;68;23;8;4;good
DEBB021;"'2018-09-04 13:00'";23;87;15;7;3;moderate
DEBB021;"'2018-09-04 14:00'";18;106;8;6;1;moderate
DEBB021;"'2018-09-04 15:00'";21;110;6;6;1;moderate
DEBB021;"'2018-09-04 16:00'";23;109;7;6;1;moderate
DEBB021;"'2018-09-04 17:00'";18;105;9;6;1;moderate
DEBB021;"'2018-09-04 18:00'";19;104;7;6;1;moderate
DEBB021;"'2018-09-04 19:00'";19;99;9;5;1;moderate
DEBB021;"'2018-09-04 20:00'";18;92;10;5;1;moderate
DEBB021;"'2018-09-04 21:00'";25;81;14;7;1;moderate
DEBB021;"'2018-09-04 22:00'";15;75;15;7;1;moderate
DEBB021;"'2018-09-04 23:00'";15;74;13;8;1;moderate
DEBB021;"'2018-09-04 24:00'";12;68;13;8;3;good
DEBB021;"'2018-09-05 01:00'";10;68;7;8;1;good
DEBB021;"'2018-09-05 02:00'";11;69;5;9;1;good
DEBB021;"'2018-09-05 03:00'";11;65;4;9;1;good
DEBB021;"'2018-09-05 04:00'";11;57;5;10;1;good
DEBB021;"'2018-09-05 05:00'";17;49;6;13;1;good
DEBB021;"'2018-09-05 06:00'";22;35;12;16;1;moderate
DEBB021;"'2018-09-05 07:00'";21;29;17;17;1;moderate
DEBB021;"'2018-09-05 08:00'";23;33;20;20;1;moderate
DEBB021;"'2018-09-05 09:00'";28;32;24;23;1;moderate
DEBB021;"'2018-09-05 10:00'";33;34;24;25;1;moderate
DEBB021;"'2018-09-05 11:00'";31;46;18;22;1;moderate
DEBB021;"'2018-09-05 12:00'";32;58;17;17;1;moderate
DEBB021;"'2018-09-05 13:00'";26;75;15;11;1;moderate
DEBB021;"'2018-09-05 14:00'";24;90;10;10;1;moderate
DEBB021;"'2018-09-05 15:00'";31;88;14;10;1;moderate
DEBB021;"'2018-09-05 16:00'";26;96;9;8;1;moderate
DEBB021;"'2018-09-05 17:00'";33;92;16;8;1;moderate
DEBB021;"'2018-09-05 18:00'";33;96;11;8;1;moderate
DEBB021;"'2018-09-05 19:00'";24;99;10;8;1;moderate
DEBB021;"'2018-09-05 20:00'";25;92;14;9;1;moderate
DEBB021;"'2018-09-05 21:00'";22;77;21;9;1;moderate
DEBB021;"'2018-09-05 22:00'";18;72;19;10;1;good
DEBB021;"'2018-09-05 23:00'";17;70;18;10;1;good
DEBB021;"'2018-09-05 24:00'";16;71;14;10;1;good
DEBB021;"'2018-09-06 01:00'";16;72;9;11;1;good
DEBB021;"'2018-09-06 02:00'";16;70;8;12;1;good
DEBB021;"'2018-09-06 03:00'";16;66;9;12;1;good
DEBB021;"'2018-09-06 04:00'";17;64;8;13;1;good
DEBB021;"'2018-09-06 05:00'";18;62;7;14;1;good
DEBB021;"'2018-09-06 06:00'";19;55;10;15;1;good
DEBB021;"'2018-09-06 07:00'";21;43;21;16;1;moderate
DEBB021;"'2018-09-06 08:00'";24;39;27;17;1;moderate
DEBB021;"'2018-09-06 09:00'";25;41;27;18;1;moderate
DEBB021;"'2018-09-06 10:00'";30;52;19;15;1;moderate
DEBB021;"'2018-09-06 11:00'";34;62;16;13;1;moderate
DEBB021;"'2018-09-06 12:00'";34;78;11;11;1;moderate
DEBB021;"'2018-09-06 13:00'";35;89;9;10;1;moderate
DEBB021;"'2018-09-06 14:00'";30;88;15;10;1;moderate
DEBB021;"'2018-09-06 15:00'";27;98;8;10;1;moderate
DEBB021;"'2018-09-06 16:00'";29;100;10;10;1;moderate
DEBB021;"'2018-09-06 17:00'";29;100;12;10;1;moderate
DEBB021;"'2018-09-06 18:00'";41;102;8;10;1;moderate
DEBB021;"'2018-09-06 19:00'";32;96;9;11;1;moderate
DEBB021;"'2018-09-06 20:00'";33;91;8;13;1;moderate
DEBB021;"'2018-09-06 21:00'";27;87;10;12;1;moderate
DEBB021;"'2018-09-06 22:00'";20;83;10;11;1;moderate
DEBB021;"'2018-09-06 23:00'";17;81;9;11;1;moderate
DEBB021;"'2018-09-06 24:00'";18;79;7;12;1;moderate
DEBB021;"'2018-09-07 01:00'";19;78;6;14;1;moderate
DEBB021;"'2018-09-07 02:00'";20;74;8;15;1;moderate
DEBB021;"'2018-09-07 03:00'";22;72;10;16;1;moderate
DEBB021;"'2018-09-07 04:00'";23;70;8;17;1;moderate
DEBB021;"'2018-09-07 05:00'";23;62;10;17;1;moderate
DEBB021;"'2018-09-07 06:00'";24;54;15;18;1;moderate
DEBB021;"'2018-09-07 07:00'";23;35;31;19;1;moderate
DEBB021;"'2018-09-07 08:00'";24;23;38;19;1;moderate
DEBB021;"'2018-09-07 09:00'";25;28;33;20;1;moderate
DEBB021;"'2018-09-07 10:00'";24;41;29;20;1;moderate
DEBB021;"'2018-09-07 11:00'";22;49;27;20;1;moderate
DEBB021;"'2018-09-07 12:00'";26;54;23;23;1;moderate
DEBB021;"'2018-09-07 13:00'";32;55;18;28;1;moderate
DEBB021;"'2018-09-07 14:00'";32;72;10;29;1;moderate
DEBB021;"'2018-09-07 15:00'";25;86;12;19;1;moderate
DEBB021;"'2018-09-07 16:00'";24;93;10;14;1;moderate
DEBB021;"'2018-09-07 17:00'";14;100;9;11;1;moderate
DEBB021;"'2018-09-07 18:00'";10;106;6;7;1;moderate
DEBB021;"'2018-09-07 19:00'";16;103;10;10;1;moderate
DEBB021;"'2018-09-07 20:00'";18;96;15;11;1;moderate
DEBB021;"'2018-09-07 21:00'";15;84;6;7;1;moderate
DEBB021;"'2018-09-07 22:00'";7;78;6;6;1;moderate
DEBB021;"'2018-09-07 23:00'";8;70;10;7;1;good
DEBB021;"'2018-09-07 24:00'";9;63;10;8;1;good
DEBB021;"'2018-09-08 01:00'";9;61;7;7;1;good
DEBB021;"'2018-09-08 02:00'";9;60;7;6;1;good
DEBB021;"'2018-09-08 03:00'";9;57;7;6;1;good
DEBB021;"'2018-09-08 04:00'";9;48;10;6;1;good
DEBB021;"'2018-09-08 05:00'";8;44;10;6;1;good
DEBB021;"'2018-09-08 06:00'";10;38;14;8;1;good
DEBB021;"'2018-09-08 07:00'";12;33;20;9;1;good
DEBB021;"'2018-09-08 08:00'";15;34;19;10;1;good
DEBB021;"'2018-09-08 09:00'";13;45;13;8;1;good
DEBB021;"'2018-09-08 10:00'";16;54;10;6;1;good
DEBB021;"'2018-09-08 11:00'";13;69;5;5;1;good
DEBB021;"'2018-09-08 12:00'";17;72;4;5;1;good
DEBB021;"'2018-09-08 13:00'";16;75;5;5;1;moderate
DEBB021;"'2018-09-08 14:00'";44;77;8;6;1;moderate
DEBB021;"'2018-09-08 15:00'";12;83;4;5;1;moderate
DEBB021;"'2018-09-08 16:00'";12;85;5;4;1;moderate
DEBB021;"'2018-09-08 17:00'";11;88;3;4;1;moderate
DEBB021;"'2018-09-08 18:00'";14;90;5;4;1;moderate
DEBB021;"'2018-09-08 19:00'";17;87;7;4;1;moderate
DEBB021;"'2018-09-08 20:00'";19;73;14;6;1;moderate
DEBB021;"'2018-09-08 21:00'";21;50;27;9;1;good
DEBB021;"'2018-09-08 22:00'";23;29;42;12;1;moderate
DEBB021;"'2018-09-08 23:00'";31;15;56;23;1;moderate
DEBB021;"'2018-09-08 24:00'";32;19;48;24;1;moderate
DEBB021;"'2018-09-09 01:00'";30;15;49;24;1;moderate
DEBB021;"'2018-09-09 02:00'";24;25;38;18;1;moderate
DEBB021;"'2018-09-09 03:00'";19;37;25;14;1;good
DEBB021;"'2018-09-09 04:00'";16;38;23;11;1;good
DEBB021;"'2018-09-09 05:00'";14;38;21;10;1;good
DEBB021;"'2018-09-09 06:00'";13;35;20;10;1;good
DEBB021;"'2018-09-09 07:00'";14;33;20;10;1;good
DEBB021;"'2018-09-09 08:00'";29;31;21;11;1;moderate
DEBB021;"'2018-09-09 09:00'";17;36;20;10;1;good
DEBB021;"'2018-09-09 10:00'";16;54;14;9;1;good
DEBB021;"'2018-09-09 11:00'";18;74;14;7;1;moderate
DEBB021;"'2018-09-09 12:00'";15;94;8;4;1;moderate
DEBB021;"'2018-09-09 13:00'";22;99;7;4;1;moderate
DEBB021;"'2018-09-09 14:00'";15;103;6;4;1;moderate
DEBB021;"'2018-09-09 15:00'";15;106;5;4;1;moderate
DEBB021;"'2018-09-09 16:00'";12;108;5;4;1;moderate
DEBB021;"'2018-09-09 17:00'";10;111;6;3;1;moderate
DEBB021;"'2018-09-09 18:00'";14;109;6;4;1;moderate
DEBB021;"'2018-09-09 19:00'";12;106;7;4;1;moderate
DEBB021;"'2018-09-09 20:00'";21;95;13;6;1;moderate
DEBB021;"'2018-09-09 21:00'";30;50;45;9;1;moderate
DEBB021;"'2018-09-09 22:00'";24;29;55;9;1;moderate
DEBB021;"'2018-09-09 23:00'";17;36;41;8;1;moderate
DEBB021;"'2018-09-09 24:00'";12;53;21;6;1;good
DEBB021;"'2018-09-10 01:00'";11;39;27;8;1;good
DEBB021;"'2018-09-10 02:00'";11;37;25;8;1;good
DEBB021;"'2018-09-10 03:00'";10;32;25;8;1;good
DEBB021;"'2018-09-10 04:00'";10;38;21;8;1;good
DEBB021;"'2018-09-10 05:00'";12;18;35;9;1;moderate
DEBB021;"'2018-09-10 06:00'";13;8;53;9;1;moderate
DEBB021;"'2018-09-10 07:00'";14;4;58;10;1;moderate
DEBB021;"'2018-09-10 08:00'";75;2;65;15;1;poor
DEBB021;"'2018-09-10 09:00'";52;7;65;14;1;poor
DEBB021;"'2018-09-10 10:00'";44;33;46;10;1;moderate
DEBB021;"'2018-09-10 11:00'";31;63;26;7;1;moderate
DEBB021;"'2018-09-10 12:00'";27;79;22;6;1;moderate
DEBB021;"'2018-09-10 13:00'";26;100;14;5;1;moderate
DEBB021;"'2018-09-10 14:00'";38;107;12;5;1;moderate
DEBB021;"'2018-09-10 15:00'";22;100;12;4;1;moderate
DEBB021;"'2018-09-10 16:00'";29;89;18;5;1;moderate
DEBB021;"'2018-09-10 17:00'";39;84;21;6;1;moderate
DEBB021;"'2018-09-10 18:00'";43;84;21;7;1;moderate
DEBB021;"'2018-09-10 19:00'";27;82;15;6;1;moderate
DEBB021;"'2018-09-10 20:00'";22;78;16;6;1;moderate
DEBB021;"'2018-09-10 21:00'";19;73;14;7;1;moderate
DEBB021;"'2018-09-10 22:00'";23;63;18;10;1;good
DEBB021;"'2018-09-10 23:00'";18;48;23;8;1;good
DEBB021;"'2018-09-10 24:00'";18;53;17;9;1;good
DEBB021;"'2018-09-11 01:00'";16;54;15;8;1;good
DEBB021;"'2018-09-11 02:00'";14;52;13;7;1;good
DEBB021;"'2018-09-11 03:00'";15;50;12;8;1;good
DEBB021;"'2018-09-11 04:00'";15;47;11;8;1;good
DEBB021;"'2018-09-11 05:00'";16;43;12;8;1;good
DEBB021;"'2018-09-11 06:00'";15;35;16;9;1;good
DEBB021;"'2018-09-11 07:00'";26;28;26;10;1;good
DEBB021;"'2018-09-11 08:00'";51;22;36;13;1;moderate
DEBB021;"'2018-09-11 09:00'";50;27;32;12;1;moderate
DEBB021;"'2018-09-11 10:00'";31;49;16;11;1;moderate
DEBB021;"'2018-09-11 11:00'";31;64;11;11;1;moderate
DEBB021;"'2018-09-11 12:00'";34;75;10;10;1;moderate
DEBB021;"'2018-09-11 13:00'";34;81;9;9;1;moderate
DEBB021;"'2018-09-11 14:00'";29;88;8;7;1;moderate
DEBB021;"'2018-09-11 15:00'";27;92;7;7;1;moderate
DEBB021;"'2018-09-11 16:00'";21;91;7;5;1;moderate
DEBB021;"'2018-09-11 17:00'";21;88;8;4;1;moderate
DEBB021;"'2018-09-11 18:00'";27;88;8;5;1;moderate
DEBB021;"'2018-09-11 19:00'";22;90;8;4;1;moderate
DEBB021;"'2018-09-11 20:00'";44;71;32;7;1;moderate
DEBB021;"'2018-09-11 21:00'";40;78;14;7;1;moderate
DEBB021;"'2018-09-11 22:00'";27;75;12;6;1;moderate
DEBB021;"'2018-09-11 23:00'";19;73;10;5;1;moderate
DEBB021;"'2018-09-11 24:00'";15;70;7;5;1;good
DEBB021;"'2018-09-12 01:00'";15;68;6;5;1;good
DEBB021;"'2018-09-12 02:00'";14;65;7;5;1;good
DEBB021;"'2018-09-12 03:00'";13;63;8;5;1;good
DEBB021;"'2018-09-12 04:00'";11;63;8;5;1;good
DEBB021;"'2018-09-12 05:00'";12;65;9;5;1;good
DEBB021;"'2018-09-12 06:00'";14;63;11;7;1;good
DEBB021;"'2018-09-12 07:00'";20;57;19;7;1;good
DEBB021;"'2018-09-12 08:00'";42;48;32;10;1;moderate
DEBB021;"'2018-09-12 09:00'";33;56;28;8;1;moderate
DEBB021;"'2018-09-12 10:00'";19;75;14;6;1;moderate
DEBB021;"'2018-09-12 11:00'";19;78;9;5;1;moderate
DEBB021;"'2018-09-12 12:00'";20;67;9;5;1;good
DEBB021;"'2018-09-12 13:00'";19;71;8;5;1;good
DEBB021;"'2018-09-12 14:00'";18;74;6;4;1;moderate
DEBB021;"'2018-09-12 15:00'";21;79;5;4;1;moderate
DEBB021;"'2018-09-12 16:00'";20;67;6;4;1;good
DEBB021;"'2018-09-12 17:00'";31;65;8;7;1;moderate
DEBB021;"'2018-09-12 18:00'";32;61;10;10;1;moderate
DEBB021;"'2018-09-12 19:00'";24;60;9;8;1;good
DEBB021;"'2018-09-12 20:00'";13;61;8;5;1;good
DEBB021;"'2018-09-12 21:00'";13;58;6;4;1;good
DEBB021;"'2018-09-12 22:00'";5;57;5;3;1;good
DEBB021;"'2018-09-12 23:00'";3;56;3;2;1;good
DEBB021;"'2018-09-12 24:00'";2;55;2;1;1;good
DEBB021;"'2018-09-13 01:00'";3;53;2;3;1;good
DEBB021;"'2018-09-13 02:00'";3;51;2;3;1;good
DEBB021;"'2018-09-13 03:00'";3;47;3;3;1;good
DEBB021;"'2018-09-13 04:00'";3;48;2;2;1;good
DEBB021;"'2018-09-13 05:00'";3;52;2;2;1;good
DEBB021;"'2018-09-13 06:00'";3;50;2;2;1;good
DEBB021;"'2018-09-13 07:00'";3;49;9;3;1;good
DEBB021;"'2018-09-13 08:00'";4;38;21;3;1;good
DEBB021;"'2018-09-13 09:00'";5;33;28;4;1;good
DEBB021;"'2018-09-13 10:00'";6;32;29;5;1;good
DEBB021;"'2018-09-13 11:00'";6;33;29;4;1;good
DEBB021;"'2018-09-13 12:00'";5;37;25;4;1;good
DEBB021;"'2018-09-13 13:00'";7;38;23;5;1;good
DEBB021;"'2018-09-13 14:00'";12;39;23;6;1;good
DEBB021;"'2018-09-13 15:00'";14;42;19;7;1;good
DEBB021;"'2018-09-13 16:00'";15;41;19;7;1;good
DEBB021;"'2018-09-13 17:00'";12;42;20;6;1;good
DEBB021;"'2018-09-13 18:00'";10;38;24;6;1;good
DEBB021;"'2018-09-13 19:00'";10;34;22;7;1;good
DEBB021;"'2018-09-13 20:00'";10;35;14;8;1;good
DEBB021;"'2018-09-13 21:00'";9;37;13;7;1;good
DEBB021;"'2018-09-13 22:00'";9;33;12;8;1;good
DEBB021;"'2018-09-13 23:00'";9;33;13;7;1;good
DEBB021;"'2018-09-13 24:00'";9;30;16;7;1;good
DEBB021;"'2018-09-14 01:00'";9;30;12;8;1;good
DEBB021;"'2018-09-14 02:00'";12;21;14;10;1;good
DEBB021;"'2018-09-14 03:00'";12;25;13;10;1;good
DEBB021;"'2018-09-14 04:00'";13;28;11;11;1;good
DEBB021;"'2018-09-14 05:00'";13;25;11;11;1;good
DEBB021;"'2018-09-14 06:00'";11;30;10;9;1;good
DEBB021;"'2018-09-14 07:00'";10;29;15;8;1;good
DEBB021;"'2018-09-14 08:00'";10;21;23;8;1;good
DEBB021;"'2018-09-14 09:00'";11;20;19;8;1;good
DEBB021;"'2018-09-14 10:00'";13;29;11;9;1;good
DEBB021;"'2018-09-14 11:00'";20;33;10;11;1;good
DEBB021;"'2018-09-14 12:00'";23;46;8;10;1;good
DEBB021;"'2018-09-14 13:00'";25;55;6;9;1;good
DEBB021;"'2018-09-14 14:00'";26;54;10;8;1;good
DEBB021;"'2018-09-14 15:00'";19;66;4;6;1;good
DEBB021;"'2018-09-14 16:00'";19;67;8;7;1;good
DEBB021;"'2018-09-14 17:00'";17;71;6;5;1;good
DEBB021;"'2018-09-14 18:00'";22;71;6;5;1;good
DEBB021;"'2018-09-14 19:00'";28;65;8;6;1;moderate
DEBB021;"'2018-09-14 20:00'";47;53;17;8;1;moderate
DEBB021;"'2018-09-14 21:00'";43;14;54;13;1;moderate
DEBB021;"'2018-09-14 22:00'";23;10;52;16;1;moderate
DEBB021;"'2018-09-14 23:00'";23;6;53;16;1;moderate
DEBB021;"'2018-09-14 24:00'";19;11;46;11;1;moderate
DEBB021;"'2018-09-15 01:00'";14;25;29;9;1;good
DEBB021;"'2018-09-15 02:00'";14;30;20;10;1;good
DEBB021;"'2018-09-15 03:00'";14;31;17;11;1;good
DEBB021;"'2018-09-15 04:00'";14;24;17;11;1;good
DEBB021;"'2018-09-15 05:00'";14;22;18;11;1;good
DEBB021;"'2018-09-15 06:00'";15;37;16;12;1;good
DEBB021;"'2018-09-15 07:00'";21;39;18;17;1;moderate
DEBB021;"'2018-09-15 08:00'";25;35;21;18;1;moderate
DEBB021;"'2018-09-15 09:00'";25;44;14;19;1;moderate
DEBB021;"'2018-09-15 10:00'";24;55;10;15;1;good
DEBB021;"'2018-09-15 11:00'";20;63;6;11;1;good
DEBB021;"'2018-09-15 12:00'";19;64;5;9;1;good
DEBB021;"'2018-09-15 13:00'";17;67;4;6;1;good
DEBB021;"'2018-09-15 14:00'";14;68;5;5;1;good
DEBB021;"'2018-09-15 15:00'";16;69;4;5;1;good
DEBB021;"'2018-09-15 16:00'";11;70;5;4;1;good
DEBB021;"'2018-09-15 17:00'";15;68;7;5;1;good
DEBB021;"'2018-09-15 18:00'";16;65;7;6;1;good
DEBB021;"'2018-09-15 19:00'";11;67;5;5;1;good
DEBB021;"'2018-09-15 20:00'";16;64;7;7;1;good
DEBB021;"'2018-09-15 21:00'";13;60;7;6;1;good
DEBB021;"'2018-09-15 22:00'";10;60;6;5;1;good
DEBB021;"'2018-09-15 23:00'";10;60;5;6;1;good
DEBB021;"'2018-09-15 24:00'";10;50;9;6;1;good
DEBB021;"'2018-09-16 01:00'";9;42;11;7;1;good
DEBB021;"'2018-09-16 02:00'";10;31;13;7;1;good
DEBB021;"'2018-09-16 03:00'";9;26;14;7;1;good
DEBB021;"'2018-09-16 04:00'";8;33;8;6;1;good
DEBB021;"'2018-09-16 05:00'";10;35;9;8;1;good
DEBB021;"'2018-09-16 06:00'";10;21;13;8;1;good
DEBB021;"'2018-09-16 07:00'";9;23;14;8;1;good
DEBB021;"'2018-09-16 08:00'";10;30;10;8;1;good
DEBB021;"'2018-09-16 09:00'";13;31;12;9;1;good
DEBB021;"'2018-09-16 10:00'";14;48;7;8;1;good
DEBB021;"'2018-09-16 11:00'";15;59;5;7;1;good
DEBB021;"'2018-09-16 12:00'";26;66;6;8;1;good
DEBB021;"'2018-09-16 13:00'";15;72;3;7;1;good
DEBB021;"'2018-09-16 14:00'";16;77;3;7;1;moderate
DEBB021;"'2018-09-16 15:00'";31;81;3;8;1;moderate
DEBB021;"'2018-09-16 16:00'";18;86;6;8;1;moderate
DEBB021;"'2018-09-16 17:00'";22;88;6;7;1;moderate
DEBB021;"'2018-09-16 18:00'";23;84;8;8;1;moderate
DEBB021;"'2018-09-16 19:00'";56;79;8;11;1;poor
DEBB021;"'2018-09-16 20:00'";75;41;41;15;1;poor
DEBB021;"'2018-09-16 21:00'";34;10;71;14;1;poor
DEBB021;"'2018-09-16 22:00'";29;9;67;18;1;poor
DEBB021;"'2018-09-16 23:00'";28;12;57;17;1;moderate
DEBB021;"'2018-09-16 24:00'";23;15;54;17;1;moderate
DEBB021;"'2018-09-17 01:00'";21;22;43;15;1;moderate
DEBB021;"'2018-09-17 02:00'";20;18;46;15;1;moderate
DEBB021;"'2018-09-17 03:00'";19;28;37;15;1;moderate
DEBB021;"'2018-09-17 04:00'";20;17;42;16;1;moderate
DEBB021;"'2018-09-17 05:00'";18;10;44;15;1;moderate
DEBB021;"'2018-09-17 06:00'";18;2;51;15;1;moderate
DEBB021;"'2018-09-17 07:00'";20;2;57;15;1;moderate
DEBB021;"'2018-09-17 08:00'";24;2;63;17;1;poor
DEBB021;"'2018-09-17 09:00'";31;4;66;21;1;poor
DEBB021;"'2018-09-17 10:00'";76;28;53;18;3;poor
DEBB021;"'2018-09-17 11:00'";60;54;37;11;2;poor
DEBB021;"'2018-09-17 12:00'";47;81;23;8;4;moderate
DEBB021;"'2018-09-17 13:00'";33;94;14;6;3;moderate
DEBB021;"'2018-09-17 14:00'";18;103;8;4;1;moderate
DEBB021;"'2018-09-17 15:00'";16;107;6;4;1;moderate
DEBB021;"'2018-09-17 16:00'";17;106;8;4;1;moderate
DEBB021;"'2018-09-17 17:00'";35;105;18;6;1;moderate
DEBB021;"'2018-09-17 18:00'";29;110;15;5;1;moderate
DEBB021;"'2018-09-17 19:00'";57;104;17;8;1;poor
DEBB021;"'2018-09-17 20:00'";58;69;44;11;1;poor
DEBB021;"'2018-09-17 21:00'";56;23;78;13;1;poor
DEBB021;"'2018-09-17 22:00'";34;12;80;12;1;poor
DEBB021;"'2018-09-17 23:00'";42;5;83;16;1;poor
DEBB021;"'2018-09-17 24:00'";31;15;70;15;1;poor
DEBB021;"'2018-09-18 01:00'";30;27;63;14;1;poor
DEBB021;"'2018-09-18 02:00'";29;19;65;15;1;poor
DEBB021;"'2018-09-18 03:00'";29;39;43;15;1;moderate
DEBB021;"'2018-09-18 04:00'";28;46;34;16;1;moderate
DEBB021;"'2018-09-18 05:00'";27;41;37;17;1;moderate
DEBB021;"'2018-09-18 06:00'";31;34;44;18;1;moderate
DEBB021;"'2018-09-18 07:00'";33;26;50;23;1;moderate
DEBB021;"'2018-09-18 08:00'";48;8;69;30;1;poor
DEBB021;"'2018-09-18 09:00'";60;8;72;29;1;poor
DEBB021;"'2018-09-18 10:00'";60;27;52;26;1;poor
DEBB021;"'2018-09-18 11:00'";50;54;33;17;1;moderate
DEBB021;"'2018-09-18 12:00'";53;92;18;12;1;moderate
DEBB021;"'2018-09-18 13:00'";51;114;16;10;1;moderate
DEBB021;"'2018-09-18 14:00'";72;124;12;10;1;poor
DEBB021;"'2018-09-18 15:00'";72;128;11;10;1;poor
DEBB021;"'2018-09-18 16:00'";62;127;14;9;1;poor
DEBB021;"'2018-09-18 17:00'";101;126;16;12;1;"very poor"
DEBB021;"'2018-09-18 18:00'";65;132;17;9;1;poor
DEBB021;"'2018-09-18 19:00'";82;120;19;11;1;poor
DEBB021;"'2018-09-18 20:00'";96;97;34;17;1;"very poor"
DEBB021;"'2018-09-18 21:00'";60;43;77;16;1;poor
DEBB021;"'2018-09-18 22:00'";70;25;85;20;1;poor
DEBB021;"'2018-09-18 23:00'";43;31;65;18;1;poor
DEBB021;"'2018-09-18 24:00'";42;44;45;17;1;moderate
DEBB021;"'2018-09-19 01:00'";28;74;22;15;1;moderate
DEBB021;"'2018-09-19 02:00'";26;67;20;15;1;good
DEBB021;"'2018-09-19 03:00'";25;72;14;15;1;good
DEBB021;"'2018-09-19 04:00'";27;83;8;13;1;moderate
DEBB021;"'2018-09-19 05:00'";28;79;7;15;1;moderate
DEBB021;"'2018-09-19 06:00'";30;71;12;16;1;moderate
DEBB021;"'2018-09-19 07:00'";39;41;34;18;1;moderate
DEBB021;"'2018-09-19 08:00'";33;21;57;22;1;moderate
DEBB021;"'2018-09-19 09:00'";45;47;33;20;1;moderate
DEBB021;"'2018-09-19 10:00'";52;48;36;19;1;moderate
DEBB021;"'2018-09-19 11:00'";43;59;29;16;1;moderate
DEBB021;"'2018-09-19 12:00'";37;87;8;14;1;moderate
DEBB021;"'2018-09-19 13:00'";45;94;8;15;1;moderate
DEBB021;"'2018-09-19 14:00'";38;102;8;12;1;moderate
DEBB021;"'2018-09-19 15:00'";43;110;10;11;1;moderate
DEBB021;"'2018-09-19 16:00'";47;115;8;11;1;moderate
DEBB021;"'2018-09-19 17:00'";53;121;15;13;1;moderate
DEBB021;"'2018-09-19 18:00'";61;130;12;13;1;poor
DEBB021;"'2018-09-19 19:00'";95;116;20;15;1;"very poor"
DEBB021;"'2018-09-19 20:00'";75;85;36;15;1;poor
DEBB021;"'2018-09-19 21:00'";74;59;49;17;1;poor
DEBB021;"'2018-09-19 22:00'";39;74;30;13;1;moderate
DEBB021;"'2018-09-19 23:00'";35;62;33;13;1;moderate
DEBB021;"'2018-09-19 24:00'";34;68;19;13;1;moderate
DEBB021;"'2018-09-20 01:00'";31;71;13;13;1;moderate
DEBB021;"'2018-09-20 02:00'";25;67;13;13;1;good
DEBB021;"'2018-09-20 03:00'";23;69;12;13;1;good
DEBB021;"'2018-09-20 04:00'";23;68;12;12;1;good
DEBB021;"'2018-09-20 05:00'";24;63;11;12;1;good
DEBB021;"'2018-09-20 06:00'";28;51;17;14;1;moderate
DEBB021;"'2018-09-20 07:00'";22;30;40;15;1;moderate
DEBB021;"'2018-09-20 08:00'";27;20;48;19;1;moderate
DEBB021;"'2018-09-20 09:00'";39;22;48;22;1;moderate
DEBB021;"'2018-09-20 10:00'";42;56;24;15;1;moderate
DEBB021;"'2018-09-20 11:00'";37;65;17;12;1;moderate
DEBB021;"'2018-09-20 12:00'";37;76;10;11;1;moderate
DEBB021;"'2018-09-20 13:00'";31;86;9;11;1;moderate
DEBB021;"'2018-09-20 14:00'";42;92;9;10;1;moderate
DEBB021;"'2018-09-20 15:00'";61;102;8;12;1;poor
DEBB021;"'2018-09-20 16:00'";66;107;13;12;1;poor
DEBB021;"'2018-09-20 17:00'";66;103;12;11;1;poor
DEBB021;"'2018-09-20 18:00'";109;106;12;14;1;"very poor"
DEBB021;"'2018-09-20 19:00'";64;95;17;11;1;poor
DEBB021;"'2018-09-20 20:00'";174;63;39;22;1;"very poor"
DEBB021;"'2018-09-20 21:00'";82;12;91;19;1;poor
DEBB021;"'2018-09-20 22:00'";62;2;93;18;1;poor
DEBB021;"'2018-09-20 23:00'";47;2;84;18;1;poor
DEBB021;"'2018-09-20 24:00'";41;6;70;19;1;poor
DEBB021;"'2018-09-21 01:00'";41;13;55;19;1;moderate
DEBB021;"'2018-09-21 02:00'";34;18;51;17;1;moderate
DEBB021;"'2018-09-21 03:00'";26;27;38;17;1;moderate
DEBB021;"'2018-09-21 04:00'";24;34;28;17;1;moderate
DEBB021;"'2018-09-21 05:00'";24;43;22;17;1;moderate
DEBB021;"'2018-09-21 06:00'";29;45;24;17;1;moderate
DEBB021;"'2018-09-21 07:00'";26;26;44;18;1;moderate
DEBB021;"'2018-09-21 08:00'";36;50;30;16;1;moderate
DEBB021;"'2018-09-21 09:00'";29;70;20;12;1;moderate
DEBB021;"'2018-09-21 10:00'";31;77;17;11;1;moderate
DEBB021;"'2018-09-21 11:00'";45;87;15;11;1;moderate
DEBB021;"'2018-09-21 12:00'";73;97;14;12;1;poor
DEBB021;"'2018-09-21 13:00'";90;104;12;13;1;poor
DEBB021;"'2018-09-21 14:00'";147;111;10;17;1;"very poor"
DEBB021;"'2018-09-21 15:00'";178;105;10;21;1;"very poor"
DEBB021;"'2018-09-21 16:00'";-;98;13;23;1;moderate
DEBB021;"'2018-09-21 17:00'";93;83;8;16;1;"very poor"
DEBB021;"'2018-09-21 18:00'";7;66;7;5;1;good
DEBB021;"'2018-09-21 19:00'";5;62;7;4;1;good
DEBB021;"'2018-09-21 20:00'";6;53;11;5;1;good
DEBB021;"'2018-09-21 21:00'";6;46;12;6;1;good
DEBB021;"'2018-09-21 22:00'";7;44;10;6;1;good
DEBB021;"'2018-09-21 23:00'";7;42;10;6;1;good
DEBB021;"'2018-09-21 24:00'";7;44;8;5;1;good
DEBB021;"'2018-09-22 01:00'";6;46;7;4;1;good
DEBB021;"'2018-09-22 02:00'";6;45;8;4;1;good
DEBB021;"'2018-09-22 03:00'";7;42;8;5;1;good
DEBB021;"'2018-09-22 04:00'";7;39;8;6;1;good
DEBB021;"'2018-09-22 05:00'";7;39;8;6;1;good
DEBB021;"'2018-09-22 06:00'";7;40;9;5;1;good
DEBB021;"'2018-09-22 07:00'";7;42;11;4;1;good
DEBB021;"'2018-09-22 08:00'";6;42;11;4;1;good
DEBB021;"'2018-09-22 09:00'";6;47;9;4;1;good
DEBB021;"'2018-09-22 10:00'";7;53;5;5;1;good
DEBB021;"'2018-09-22 11:00'";9;52;7;5;1;good
DEBB021;"'2018-09-22 12:00'";10;55;6;5;1;good
DEBB021;"'2018-09-22 13:00'";9;57;6;5;1;good
DEBB021;"'2018-09-22 14:00'";10;58;8;6;1;good
DEBB021;"'2018-09-22 15:00'";13;62;6;7;1;good
DEBB021;"'2018-09-22 16:00'";15;64;5;7;1;good
DEBB021;"'2018-09-22 17:00'";12;61;8;5;1;good
DEBB021;"'2018-09-22 18:00'";10;62;7;5;1;good
DEBB021;"'2018-09-22 19:00'";10;56;10;5;1;good
DEBB021;"'2018-09-22 20:00'";13;52;11;5;1;good
DEBB021;"'2018-09-22 21:00'";10;52;9;6;1;good
DEBB021;"'2018-09-22 22:00'";7;54;7;5;1;good
DEBB021;"'2018-09-22 23:00'";7;56;7;6;1;good
DEBB021;"'2018-09-22 24:00'";5;53;7;5;1;good
DEBB021;"'2018-09-23 01:00'";4;48;9;4;1;good
DEBB021;"'2018-09-23 02:00'";4;44;12;4;1;good
DEBB021;"'2018-09-23 03:00'";4;45;7;4;1;good
DEBB021;"'2018-09-23 04:00'";4;43;7;4;1;good
DEBB021;"'2018-09-23 05:00'";7;39;8;7;1;good
DEBB021;"'2018-09-23 06:00'";7;37;10;7;1;good
DEBB021;"'2018-09-23 07:00'";7;38;10;7;1;good
DEBB021;"'2018-09-23 08:00'";7;39;9;7;1;good
DEBB021;"'2018-09-23 09:00'";7;40;7;7;1;good
DEBB021;"'2018-09-23 10:00'";6;46;8;6;1;good
DEBB021;"'2018-09-23 11:00'";5;52;7;4;1;good
DEBB021;"'2018-09-23 12:00'";4;55;6;3;1;good
DEBB021;"'2018-09-23 13:00'";6;56;5;3;1;good
DEBB021;"'2018-09-23 14:00'";6;50;6;4;1;good
DEBB021;"'2018-09-23 15:00'";8;40;11;7;1;good
DEBB021;"'2018-09-23 16:00'";9;38;12;8;1;good
DEBB021;"'2018-09-23 17:00'";8;38;15;8;1;good
DEBB021;"'2018-09-23 18:00'";6;43;19;6;1;good
DEBB021;"'2018-09-23 19:00'";5;45;17;5;1;good
DEBB021;"'2018-09-23 20:00'";4;53;8;4;1;good
DEBB021;"'2018-09-23 21:00'";4;58;5;4;1;good
DEBB021;"'2018-09-23 22:00'";5;56;6;4;1;good
DEBB021;"'2018-09-23 23:00'";5;55;3;4;1;good
DEBB021;"'2018-09-23 24:00'";4;54;2;4;1;good
DEBB021;"'2018-09-24 01:00'";4;51;2;4;1;good
DEBB021;"'2018-09-24 02:00'";6;45;6;6;1;good
DEBB021;"'2018-09-24 03:00'";7;42;5;6;1;good
DEBB021;"'2018-09-24 04:00'";5;45;4;4;1;good
DEBB021;"'2018-09-24 05:00'";4;49;2;3;1;good
DEBB021;"'2018-09-24 06:00'";3;51;3;3;1;good
DEBB021;"'2018-09-24 07:00'";3;49;7;2;1;good
DEBB021;"'2018-09-24 08:00'";3;51;8;2;1;good
DEBB021;"'2018-09-24 09:00'";3;55;7;3;1;good
DEBB021;"'2018-09-24 10:00'";4;60;5;3;1;good
DEBB021;"'2018-09-24 11:00'";5;65;5;3;1;good
DEBB021;"'2018-09-24 12:00'";6;68;4;3;1;good
DEBB021;"'2018-09-24 13:00'";5;73;3;3;1;moderate
DEBB021;"'2018-09-24 14:00'";5;74;4;3;1;moderate
DEBB021;"'2018-09-24 15:00'";6;71;6;3;1;good
DEBB021;"'2018-09-24 16:00'";6;69;6;3;1;good
DEBB021;"'2018-09-24 17:00'";5;72;5;3;1;good
DEBB021;"'2018-09-24 18:00'";4;73;5;2;1;moderate
DEBB021;"'2018-09-24 19:00'";4;71;5;2;1;good
DEBB021;"'2018-09-24 20:00'";4;67;6;3;1;good
DEBB021;"'2018-09-24 21:00'";3;66;5;3;1;good
DEBB021;"'2018-09-24 22:00'";4;62;5;2;1;good
DEBB021;"'2018-09-24 23:00'";4;63;5;3;1;good
DEBB021;"'2018-09-24 24:00'";6;63;5;4;1;good
DEBB021;"'2018-09-25 01:00'";4;62;3;3;1;good
DEBB021;"'2018-09-25 02:00'";4;60;3;3;1;good
DEBB021;"'2018-09-25 03:00'";4;57;4;3;1;good
DEBB021;"'2018-09-25 04:00'";4;55;4;3;1;good
DEBB021;"'2018-09-25 05:00'";4;52;5;3;1;good
DEBB021;"'2018-09-25 06:00'";5;49;7;4;1;good
DEBB021;"'2018-09-25 07:00'";5;40;15;4;1;good
DEBB021;"'2018-09-25 08:00'";6;32;23;4;1;good
DEBB021;"'2018-09-25 09:00'";6;42;14;4;1;good
DEBB021;"'2018-09-25 10:00'";6;52;8;4;1;good
DEBB021;"'2018-09-25 11:00'";8;57;6;5;1;good
DEBB021;"'2018-09-25 12:00'";8;63;5;5;1;good
DEBB021;"'2018-09-25 13:00'";7;70;4;4;1;good
DEBB021;"'2018-09-25 14:00'";6;72;3;4;1;good
DEBB021;"'2018-09-25 15:00'";6;74;4;3;1;moderate
DEBB021;"'2018-09-25 16:00'";7;74;7;3;1;moderate
DEBB021;"'2018-09-25 17:00'";6;75;7;3;1;moderate
DEBB021;"'2018-09-25 18:00'";6;76;8;3;1;moderate
DEBB021;"'2018-09-25 19:00'";9;66;15;6;1;good
DEBB021;"'2018-09-25 20:00'";11;44;29;7;1;good
DEBB021;"'2018-09-25 21:00'";12;23;46;8;1;moderate
DEBB021;"'2018-09-25 22:00'";9;29;29;7;1;good
DEBB021;"'2018-09-25 23:00'";7;34;23;5;1;good
DEBB021;"'2018-09-25 24:00'";6;40;17;5;1;good
DEBB021;"'2018-09-26 01:00'";6;35;23;5;1;good
DEBB021;"'2018-09-26 02:00'";6;36;24;5;1;good
DEBB021;"'2018-09-26 03:00'";5;40;19;4;1;good
DEBB021;"'2018-09-26 04:00'";6;41;16;4;1;good
DEBB021;"'2018-09-26 05:00'";6;39;14;5;1;good
DEBB021;"'2018-09-26 06:00'";6;37;17;5;1;good
DEBB021;"'2018-09-26 07:00'";7;28;28;5;1;good
DEBB021;"'2018-09-26 08:00'";10;25;34;7;1;moderate
DEBB021;"'2018-09-26 09:00'";13;27;35;7;1;moderate
DEBB021;"'2018-09-26 10:00'";12;33;30;6;1;good
DEBB021;"'2018-09-26 11:00'";10;43;22;5;1;good
DEBB021;"'2018-09-26 12:00'";9;56;14;4;1;good
DEBB021;"'2018-09-26 13:00'";8;65;10;4;1;good
DEBB021;"'2018-09-26 14:00'";8;71;9;4;1;good
DEBB021;"'2018-09-26 15:00'";9;-;-;4;-;"very good"
DEBB021;"'2018-09-26 16:00'";12;-;12;4;1;good
DEBB021;"'2018-09-26 17:00'";10;-;11;4;1;good
DEBB021;"'2018-09-26 18:00'";10;70;11;3;1;good
DEBB021;"'2018-09-26 19:00'";9;64;14;4;1;good
DEBB021;"'2018-09-26 20:00'";8;62;14;4;1;good
DEBB021;"'2018-09-26 21:00'";8;62;11;4;1;good
DEBB021;"'2018-09-26 22:00'";8;59;12;4;1;good
DEBB021;"'2018-09-26 23:00'";8;59;12;4;1;good
DEBB021;"'2018-09-26 24:00'";8;56;12;4;1;good
DEBB021;"'2018-09-27 01:00'";7;52;13;4;1;good
DEBB021;"'2018-09-27 02:00'";8;48;14;4;1;good
DEBB021;"'2018-09-27 03:00'";8;44;16;5;1;good
DEBB021;"'2018-09-27 04:00'";9;43;16;6;1;good
DEBB021;"'2018-09-27 05:00'";10;43;17;7;1;good
DEBB021;"'2018-09-27 06:00'";11;40;19;7;1;good
DEBB021;"'2018-09-27 07:00'";13;34;25;8;1;good
DEBB021;"'2018-09-27 08:00'";14;30;29;8;1;good
DEBB021;"'2018-09-27 09:00'";14;30;28;8;1;good
DEBB021;"'2018-09-27 10:00'";15;34;24;9;1;good
DEBB021;"'2018-09-27 11:00'";16;40;18;10;1;good
DEBB021;"'2018-09-27 12:00'";16;46;14;10;1;good
DEBB021;"'2018-09-27 13:00'";14;51;10;8;1;good
DEBB021;"'2018-09-27 14:00'";11;54;7;6;1;good
DEBB021;"'2018-09-27 15:00'";13;57;9;7;1;good
DEBB021;"'2018-09-27 16:00'";14;60;12;7;1;good
DEBB021;"'2018-09-27 17:00'";14;61;15;7;1;good
DEBB021;"'2018-09-27 18:00'";15;66;14;7;1;good
DEBB021;"'2018-09-27 19:00'";16;57;21;8;1;good
DEBB021;"'2018-09-27 20:00'";17;48;21;9;1;good
DEBB021;"'2018-09-27 21:00'";13;37;26;8;1;good
DEBB021;"'2018-09-27 22:00'";9;34;23;7;1;good
DEBB021;"'2018-09-27 23:00'";9;25;28;7;1;good
DEBB021;"'2018-09-27 24:00'";11;12;36;8;1;moderate
DEBB021;"'2018-09-28 01:00'";9;20;26;7;1;good
DEBB021;"'2018-09-28 02:00'";8;20;24;6;1;good
DEBB021;"'2018-09-28 03:00'";9;21;22;7;1;good
DEBB021;"'2018-09-28 04:00'";9;23;23;7;1;good
DEBB021;"'2018-09-28 05:00'";11;26;25;8;1;good
DEBB021;"'2018-09-28 06:00'";15;29;27;11;1;good
DEBB021;"'2018-09-28 07:00'";19;26;31;15;1;moderate
DEBB021;"'2018-09-28 08:00'";22;20;37;17;1;moderate
DEBB021;"'2018-09-28 09:00'";18;24;28;14;1;good
DEBB021;"'2018-09-28 10:00'";8;48;9;4;1;good
DEBB021;"'2018-09-28 11:00'";12;57;5;5;1;good
DEBB021;"'2018-09-28 12:00'";13;58;5;5;1;good
DEBB021;"'2018-09-28 13:00'";14;60;5;7;1;good
DEBB021;"'2018-09-28 14:00'";14;64;3;6;1;good
DEBB021;"'2018-09-28 15:00'";15;63;5;5;1;good
DEBB021;"'2018-09-28 16:00'";15;64;5;5;1;good
DEBB021;"'2018-09-28 17:00'";12;65;5;4;1;good
DEBB021;"'2018-09-28 18:00'";12;67;4;4;1;good
DEBB021;"'2018-09-28 19:00'";13;62;7;4;1;good
DEBB021;"'2018-09-28 20:00'";13;56;11;4;1;good
DEBB021;"'2018-09-28 21:00'";15;42;21;6;1;good
DEBB021;"'2018-09-28 22:00'";18;39;23;10;1;good
DEBB021;"'2018-09-28 23:00'";18;33;24;11;1;good
DEBB021;"'2018-09-28 24:00'";15;35;20;10;1;good
DEBB021;"'2018-09-29 01:00'";11;35;18;7;1;good
DEBB021;"'2018-09-29 02:00'";10;36;15;6;1;good
DEBB021;"'2018-09-29 03:00'";8;39;10;5;1;good
DEBB021;"'2018-09-29 04:00'";6;39;8;5;1;good
DEBB021;"'2018-09-29 05:00'";6;33;11;5;1;good
DEBB021;"'2018-09-29 06:00'";6;28;11;5;1;good
DEBB021;"'2018-09-29 07:00'";7;23;19;5;1;good
DEBB021;"'2018-09-29 08:00'";8;18;23;6;1;good
DEBB021;"'2018-09-29 09:00'";8;25;15;6;1;good
DEBB021;"'2018-09-29 10:00'";8;32;11;6;1;good
DEBB021;"'2018-09-29 11:00'";10;40;9;6;1;good
DEBB021;"'2018-09-29 12:00'";9;57;4;5;1;good
DEBB021;"'2018-09-29 13:00'";8;60;3;4;1;good
DEBB021;"'2018-09-29 14:00'";7;63;5;4;1;good
DEBB021;"'2018-09-29 15:00'";7;64;4;3;1;good
DEBB021;"'2018-09-29 16:00'";7;66;2;3;1;good
DEBB021;"'2018-09-29 17:00'";7;66;3;3;1;good
DEBB021;"'2018-09-29 18:00'";9;66;5;4;1;good
DEBB021;"'2018-09-29 19:00'";15;58;11;6;1;good
DEBB021;"'2018-09-29 20:00'";18;26;39;8;1;moderate
DEBB021;"'2018-09-29 21:00'";23;5;59;16;1;moderate
DEBB021;"'2018-09-29 22:00'";26;13;45;22;1;moderate
DEBB021;"'2018-09-29 23:00'";24;6;49;21;1;moderate
DEBB021;"'2018-09-29 24:00'";21;8;45;18;1;moderate
DEBB021;"'2018-09-30 01:00'";21;7;43;19;1;moderate
DEBB021;"'2018-09-30 02:00'";17;8;39;15;1;moderate
DEBB021;"'2018-09-30 03:00'";14;18;28;12;1;good
DEBB021;"'2018-09-30 04:00'";14;10;31;12;1;moderate
DEBB021;"'2018-09-30 05:00'";14;11;27;12;1;good
DEBB021;"'2018-09-30 06:00'";13;13;25;11;1;good
DEBB021;"'2018-09-30 07:00'";13;15;24;11;1;good
DEBB021;"'2018-09-30 08:00'";13;16;23;11;1;good
DEBB021;"'2018-09-30 09:00'";13;25;16;11;1;good
DEBB021;"'2018-09-30 10:00'";14;35;13;11;1;good
DEBB021;"'2018-09-30 11:00'";12;43;12;9;1;good
DEBB021;"'2018-09-30 12:00'";12;48;13;8;1;good
DEBB021;"'2018-09-30 13:00'";11;63;8;6;1;good
DEBB021;"'2018-09-30 14:00'";11;68;10;6;1;good
DEBB021;"'2018-09-30 15:00'";12;76;8;6;1;moderate
DEBB021;"'2018-09-30 16:00'";14;77;10;6;1;moderate
DEBB021;"'2018-09-30 17:00'";13;77;11;6;1;moderate
DEBB021;"'2018-09-30 18:00'";13;72;17;5;1;good
DEBB021;"'2018-09-30 19:00'";19;62;21;6;1;good
DEBB021;"'2018-09-30 20:00'";22;36;43;9;1;moderate
DEBB021;"'2018-09-30 21:00'";21;2;74;12;1;poor
DEBB021;"'2018-09-30 22:00'";19;2;67;14;1;poor
DEBB021;"'2018-09-30 23:00'";18;2;59;14;1;moderate
DEBB021;"'2018-09-30 24:00'";17;8;50;14;1;moderate
DEBB021;"'2018-10-01 01:00'";17;10;38;15;1;moderate
DEBB021;"'2018-10-01 02:00'";18;2;38;16;1;moderate
DEBB021;"'2018-10-01 03:00'";15;7;30;13;1;good
DEBB021;"'2018-10-01 04:00'";15;11;29;13;1;good
DEBB021;"'2018-10-01 05:00'";13;14;27;12;1;good
DEBB021;"'2018-10-01 06:00'";13;13;27;11;1;good
DEBB021;"'2018-10-01 07:00'";15;2;44;11;1;moderate
DEBB021;"'2018-10-01 08:00'";18;2;49;12;1;moderate
DEBB021;"'2018-10-01 09:00'";18;6;49;13;1;moderate
DEBB021;"'2018-10-01 10:00'";20;13;39;14;1;moderate
DEBB021;"'2018-10-01 11:00'";24;23;29;17;1;moderate
DEBB021;"'2018-10-01 12:00'";30;38;19;22;1;moderate
DEBB021;"'2018-10-01 13:00'";-;-;-;-;-;-;
DEBB021;"'2018-10-01 14:00'";24;45;13;21;1;moderate
DEBB021;"'2018-10-01 15:00'";17;51;10;14;1;good
DEBB021;"'2018-10-01 16:00'";13;53;10;9;1;good
DEBB021;"'2018-10-01 17:00'";6;49;15;5;1;good
DEBB021;"'2018-10-01 18:00'";5;48;14;4;1;good
DEBB021;"'2018-10-01 19:00'";6;55;10;4;1;good
DEBB021;"'2018-10-01 20:00'";8;45;15;6;1;good
DEBB021;"'2018-10-01 21:00'";4;48;9;3;1;good
DEBB021;"'2018-10-01 22:00'";4;47;8;3;1;good
DEBB021;"'2018-10-01 23:00'";5;44;7;4;1;good
DEBB021;"'2018-10-01 24:00'";4;39;8;4;1;good
DEBB021;"'2018-10-02 01:00'";3;45;5;3;1;good
DEBB021;"'2018-10-02 02:00'";3;47;5;3;1;good
DEBB021;"'2018-10-02 03:00'";3;46;5;3;1;good
DEBB021;"'2018-10-02 04:00'";3;44;6;3;1;good
DEBB021;"'2018-10-02 05:00'";4;41;7;4;1;good
DEBB021;"'2018-10-02 06:00'";5;38;9;4;1;good
DEBB021;"'2018-10-02 07:00'";7;29;20;6;1;good
DEBB021;"'2018-10-02 08:00'";8;24;26;6;1;good
DEBB021;"'2018-10-02 09:00'";8;32;20;6;1;good
DEBB021;"'2018-10-02 10:00'";8;39;15;6;1;good
DEBB021;"'2018-10-02 11:00'";11;51;10;5;1;good
DEBB021;"'2018-10-02 12:00'";13;57;9;5;1;good
DEBB021;"'2018-10-02 13:00'";11;57;9;6;1;good
DEBB021;"'2018-10-02 14:00'";12;54;10;6;1;good
DEBB021;"'2018-10-02 15:00'";7;52;11;5;1;good
DEBB021;"'2018-10-02 16:00'";6;49;11;5;1;good
DEBB021;"'2018-10-02 17:00'";5;46;15;5;1;good
DEBB021;"'2018-10-02 18:00'";4;44;11;4;1;good
DEBB021;"'2018-10-02 19:00'";3;38;14;3;1;good
DEBB021;"'2018-10-02 20:00'";3;33;14;3;1;good
DEBB021;"'2018-10-02 21:00'";4;29;15;4;1;good
DEBB021;"'2018-10-02 22:00'";5;28;14;5;1;good
DEBB021;"'2018-10-02 23:00'";7;31;13;6;1;good
DEBB021;"'2018-10-02 24:00'";8;40;8;7;1;good
DEBB021;"'2018-10-03 01:00'";9;52;5;7;1;good
DEBB021;"'2018-10-03 02:00'";9;58;3;7;1;good
DEBB021;"'2018-10-03 03:00'";8;65;2;6;1;good
DEBB021;"'2018-10-03 04:00'";8;62;2;6;1;good
DEBB021;"'2018-10-03 05:00'";8;62;2;6;1;good
DEBB021;"'2018-10-03 06:00'";8;61;2;6;1;good
DEBB021;"'2018-10-03 07:00'";9;61;2;6;1;good
DEBB021;"'2018-10-03 08:00'";8;61;2;6;1;good
DEBB021;"'2018-10-03 09:00'";9;60;2;6;1;good
DEBB021;"'2018-10-03 10:00'";8;61;2;6;1;good
DEBB021;"'2018-10-03 11:00'";7;63;2;4;1;good
DEBB021;"'2018-10-03 12:00'";10;67;2;5;1;good
DEBB021;"'2018-10-03 13:00'";11;68;2;5;1;good
DEBB021;"'2018-10-03 14:00'";10;70;2;5;1;good
DEBB021;"'2018-10-03 15:00'";5;72;2;3;1;good
DEBB021;"'2018-10-03 16:00'";8;73;2;3;1;moderate
DEBB021;"'2018-10-03 17:00'";6;75;2;3;1;moderate
DEBB021;"'2018-10-03 18:00'";6;72;2;4;1;good
DEBB021;"'2018-10-03 19:00'";7;69;5;5;1;good
DEBB021;"'2018-10-03 20:00'";6;67;5;5;1;good
DEBB021;"'2018-10-03 21:00'";6;65;5;4;1;good
DEBB021;"'2018-10-03 22:00'";6;57;8;5;1;good
DEBB021;"'2018-10-03 23:00'";7;57;7;5;1;good
DEBB021;"'2018-10-03 24:00'";6;52;7;5;1;good
DEBB021;"'2018-10-04 01:00'";5;53;6;4;1;good
DEBB021;"'2018-10-04 02:00'";5;55;5;4;1;good
DEBB021;"'2018-10-04 03:00'";5;56;4;4;1;good
DEBB021;"'2018-10-04 04:00'";4;63;2;3;1;good
DEBB021;"'2018-10-04 05:00'";5;57;4;4;1;good
DEBB021;"'2018-10-04 06:00'";7;42;12;5;1;good
DEBB021;"'2018-10-04 07:00'";9;29;24;7;1;good
DEBB021;"'2018-10-04 08:00'";10;20;35;7;1;moderate
DEBB021;"'2018-10-04 09:00'";11;29;27;8;1;good
DEBB021;"'2018-10-04 10:00'";13;36;20;8;1;good
DEBB021;"'2018-10-04 11:00'";15;38;18;8;1;good
DEBB021;"'2018-10-04 12:00'";16;40;18;8;1;good
DEBB021;"'2018-10-04 13:00'";14;42;16;8;1;good
DEBB021;"'2018-10-04 14:00'";15;44;12;9;1;good
DEBB021;"'2018-10-04 15:00'";13;44;12;9;1;good
DEBB021;"'2018-10-04 16:00'";14;41;13;10;1;good
DEBB021;"'2018-10-04 17:00'";12;40;17;8;1;good
DEBB021;"'2018-10-04 18:00'";13;31;21;7;1;good
DEBB021;"'2018-10-04 19:00'";11;30;20;7;1;good
DEBB021;"'2018-10-04 20:00'";10;25;24;8;1;good
DEBB021;"'2018-10-04 21:00'";9;27;19;8;1;good
DEBB021;"'2018-10-04 22:00'";10;24;21;9;1;good
DEBB021;"'2018-10-04 23:00'";11;22;20;9;1;good
DEBB021;"'2018-10-04 24:00'";11;22;19;9;1;good
DEBB021;"'2018-10-05 01:00'";11;21;18;9;1;good
DEBB021;"'2018-10-05 02:00'";12;17;18;10;1;good
DEBB021;"'2018-10-05 03:00'";12;18;17;10;1;good
DEBB021;"'2018-10-05 04:00'";12;15;18;10;1;good
DEBB021;"'2018-10-05 05:00'";12;19;17;10;1;good
DEBB021;"'2018-10-05 06:00'";12;21;19;10;1;good
DEBB021;"'2018-10-05 07:00'";13;17;24;10;1;good
DEBB021;"'2018-10-05 08:00'";17;9;34;12;1;moderate
DEBB021;"'2018-10-05 09:00'";21;9;35;14;1;moderate
DEBB021;"'2018-10-05 10:00'";18;17;29;13;1;good
DEBB021;"'2018-10-05 11:00'";18;29;23;10;4;good
DEBB021;"'2018-10-05 12:00'";16;43;15;9;1;good
DEBB021;"'2018-10-05 13:00'";20;53;11;10;1;good
DEBB021;"'2018-10-05 14:00'";20;63;10;11;1;good
DEBB021;"'2018-10-05 15:00'";23;69;11;11;1;good
DEBB021;"'2018-10-05 16:00'";23;76;10;12;1;moderate
DEBB021;"'2018-10-05 17:00'";23;78;10;12;1;moderate
DEBB021;"'2018-10-05 18:00'";31;73;14;12;1;moderate
DEBB021;"'2018-10-05 19:00'";30;58;24;13;1;moderate
DEBB021;"'2018-10-05 20:00'";36;36;37;16;1;moderate
DEBB021;"'2018-10-05 21:00'";34;36;37;20;1;moderate
DEBB021;"'2018-10-05 22:00'";27;28;42;19;1;moderate
DEBB021;"'2018-10-05 23:00'";28;22;45;21;1;moderate
DEBB021;"'2018-10-05 24:00'";23;33;32;18;1;moderate
DEBB021;"'2018-10-06 01:00'";22;35;26;17;1;moderate
DEBB021;"'2018-10-06 02:00'";21;33;23;16;1;moderate
DEBB021;"'2018-10-06 03:00'";21;33;22;16;1;moderate
DEBB021;"'2018-10-06 04:00'";20;29;21;16;1;moderate
DEBB021;"'2018-10-06 05:00'";19;24;24;16;1;moderate
DEBB021;"'2018-10-06 06:00'";19;21;24;16;1;moderate
DEBB021;"'2018-10-06 07:00'";20;21;29;16;1;moderate
DEBB021;"'2018-10-06 08:00'";21;18;30;17;1;moderate
DEBB021;"'2018-10-06 09:00'";20;20;29;17;1;moderate
DEBB021;"'2018-10-06 10:00'";21;38;18;16;1;moderate
DEBB021;"'2018-10-06 11:00'";21;42;17;15;1;good
DEBB021;"'2018-10-06 12:00'";21;46;16;14;1;good
DEBB021;"'2018-10-06 13:00'";23;50;20;13;1;good
DEBB021;"'2018-10-06 14:00'";22;56;22;13;1;good
DEBB021;"'2018-10-06 15:00'";18;67;20;11;1;good
DEBB021;"'2018-10-06 16:00'";16;78;16;9;1;moderate
DEBB021;"'2018-10-06 17:00'";24;79;19;9;1;moderate
DEBB021;"'2018-10-06 18:00'";52;42;52;12;1;moderate
DEBB021;"'2018-10-06 19:00'";30;18;74;13;1;poor
DEBB021;"'2018-10-06 20:00'";33;2;80;17;1;poor
DEBB021;"'2018-10-06 21:00'";27;7;73;20;1;poor
DEBB021;"'2018-10-06 22:00'";30;21;51;24;1;moderate
DEBB021;"'2018-10-06 23:00'";28;30;38;22;1;moderate
DEBB021;"'2018-10-06 24:00'";21;53;15;15;1;good
DEBB021;"'2018-10-07 01:00'";21;50;15;15;1;good
DEBB021;"'2018-10-07 02:00'";20;45;16;16;1;moderate
DEBB021;"'2018-10-07 03:00'";20;39;17;16;1;moderate
DEBB021;"'2018-10-07 04:00'";20;32;20;17;1;moderate
DEBB021;"'2018-10-07 05:00'";20;19;27;18;1;moderate
DEBB021;"'2018-10-07 06:00'";20;18;24;17;1;moderate
DEBB021;"'2018-10-07 07:00'";19;34;20;16;1;moderate
DEBB021;"'2018-10-07 08:00'";22;39;16;19;1;moderate
DEBB021;"'2018-10-07 09:00'";27;36;13;25;1;moderate
DEBB021;"'2018-10-07 10:00'";12;44;5;11;1;good
DEBB021;"'2018-10-07 11:00'";4;58;2;3;1;good
DEBB021;"'2018-10-07 12:00'";4;58;3;2;1;good
DEBB021;"'2018-10-07 13:00'";3;59;5;2;1;good
DEBB021;"'2018-10-07 14:00'";2;64;4;0.9;1;good
DEBB021;"'2018-10-07 15:00'";3;69;3;1;1;good
DEBB021;"'2018-10-07 16:00'";3;70;4;2;1;good
DEBB021;"'2018-10-07 17:00'";3;71;3;2;1;good
DEBB021;"'2018-10-07 18:00'";3;69;4;2;1;good
DEBB021;"'2018-10-07 19:00'";7;60;11;4;1;good
DEBB021;"'2018-10-07 20:00'";8;52;16;6;1;good
DEBB021;"'2018-10-07 21:00'";4;55;10;3;1;good
DEBB021;"'2018-10-07 22:00'";5;40;17;4;1;good
DEBB021;"'2018-10-07 23:00'";7;26;27;6;1;good
DEBB021;"'2018-10-07 24:00'";7;17;30;6;1;good
DEBB021;"'2018-10-08 01:00'";8;17;24;8;1;good
DEBB021;"'2018-10-08 02:00'";9;15;27;8;1;good
DEBB021;"'2018-10-08 03:00'";9;6;35;9;1;moderate
DEBB021;"'2018-10-08 04:00'";10;5;37;9;1;moderate
DEBB021;"'2018-10-08 05:00'";11;3;39;11;1;moderate
DEBB021;"'2018-10-08 06:00'";11;2;44;11;1;moderate
DEBB021;"'2018-10-08 07:00'";11;2;48;11;1;moderate
DEBB021;"'2018-10-08 08:00'";14;2;50;11;1;moderate
DEBB021;"'2018-10-08 09:00'";14;3;51;11;1;moderate
DEBB021;"'2018-10-08 10:00'";16;10;44;12;1;moderate
DEBB021;"'2018-10-08 11:00'";27;16;41;12;1;moderate
DEBB021;"'2018-10-08 12:00'";19;36;24;9;1;good
DEBB021;"'2018-10-08 13:00'";14;59;10;5;1;good
DEBB021;"'2018-10-08 14:00'";15;64;8;5;1;good
DEBB021;"'2018-10-08 15:00'";14;63;8;4;1;good
DEBB021;"'2018-10-08 16:00'";18;61;11;5;1;good
DEBB021;"'2018-10-08 17:00'";17;61;12;5;1;good
DEBB021;"'2018-10-08 18:00'";23;51;19;6;1;good
DEBB021;"'2018-10-08 19:00'";39;28;39;8;1;moderate
DEBB021;"'2018-10-08 20:00'";25;2;68;11;1;poor
DEBB021;"'2018-10-08 21:00'";17;3;62;12;1;poor
DEBB021;"'2018-10-08 22:00'";18;4;60;14;1;moderate
DEBB021;"'2018-10-08 23:00'";20;2;60;16;1;moderate
DEBB021;"'2018-10-08 24:00'";21;2;55;17;1;moderate
DEBB021;"'2018-10-09 01:00'";19;2;52;16;1;moderate
DEBB021;"'2018-10-09 02:00'";20;2;48;17;1;moderate
DEBB021;"'2018-10-09 03:00'";19;2;44;16;1;moderate
DEBB021;"'2018-10-09 04:00'";18;2;39;15;1;moderate
DEBB021;"'2018-10-09 05:00'";16;2;37;14;1;moderate
DEBB021;"'2018-10-09 06:00'";16;2;35;13;1;moderate
DEBB021;"'2018-10-09 07:00'";18;2;34;14;1;moderate
DEBB021;"'2018-10-09 08:00'";23;2;41;17;1;moderate
DEBB021;"'2018-10-09 09:00'";32;2;51;22;1;moderate
DEBB021;"'2018-10-09 10:00'";39;2;45;27;1;moderate
DEBB021;"'2018-10-09 11:00'";47;4;44;27;1;moderate
DEBB021;"'2018-10-09 12:00'";76;8;46;25;1;poor
DEBB021;"'2018-10-09 13:00'";41;19;39;17;1;moderate
DEBB021;"'2018-10-09 14:00'";30;40;26;11;1;moderate
DEBB021;"'2018-10-09 15:00'";24;52;16;11;1;good
DEBB021;"'2018-10-09 16:00'";27;52;19;16;1;moderate
DEBB021;"'2018-10-09 17:00'";54;50;25;18;1;moderate
DEBB021;"'2018-10-09 18:00'";44;43;33;17;1;moderate
DEBB021;"'2018-10-09 19:00'";63;25;49;21;1;poor
DEBB021;"'2018-10-09 20:00'";31;2;76;22;1;poor
DEBB021;"'2018-10-09 21:00'";31;2;61;22;1;poor
DEBB021;"'2018-10-09 22:00'";33;2;57;26;1;moderate
DEBB021;"'2018-10-09 23:00'";35;2;56;27;1;moderate
DEBB021;"'2018-10-09 24:00'";31;2;51;26;1;moderate
DEBB021;"'2018-10-10 01:00'";29;2;45;25;1;moderate
DEBB021;"'2018-10-10 02:00'";30;2;40;26;1;moderate
DEBB021;"'2018-10-10 03:00'";29;2;37;25;1;moderate
DEBB021;"'2018-10-10 04:00'";31;3;32;27;1;moderate
DEBB021;"'2018-10-10 05:00'";36;2;33;32;1;poor
DEBB021;"'2018-10-10 06:00'";32;2;34;30;1;moderate
DEBB021;"'2018-10-10 07:00'";29;2;35;27;1;moderate
DEBB021;"'2018-10-10 08:00'";30;2;38;27;1;moderate
DEBB021;"'2018-10-10 09:00'";33;2;45;29;1;moderate
DEBB021;"'2018-10-10 10:00'";41;2;48;33;1;poor
DEBB021;"'2018-10-10 11:00'";47;8;51;34;1;poor
DEBB021;"'2018-10-10 12:00'";45;22;53;31;1;poor
DEBB021;"'2018-10-10 13:00'";40;46;38;22;1;moderate
DEBB021;"'2018-10-10 14:00'";43;66;22;22;1;moderate
DEBB021;"'2018-10-10 15:00'";34;84;10;18;1;moderate
DEBB021;"'2018-10-10 16:00'";32;85;11;16;1;moderate
DEBB021;"'2018-10-10 17:00'";33;84;14;16;1;moderate
DEBB021;"'2018-10-10 18:00'";41;85;14;16;1;moderate
DEBB021;"'2018-10-10 19:00'";33;79;16;17;1;moderate
DEBB021;"'2018-10-10 20:00'";30;72;17;19;1;moderate
DEBB021;"'2018-10-10 21:00'";32;69;17;24;1;moderate
DEBB021;"'2018-10-10 22:00'";34;67;17;26;1;moderate
DEBB021;"'2018-10-10 23:00'";33;63;18;26;1;moderate
DEBB021;"'2018-10-10 24:00'";33;64;15;27;1;moderate
DEBB021;"'2018-10-11 01:00'";35;63;12;28;1;moderate
DEBB021;"'2018-10-11 02:00'";34;65;10;28;1;moderate
DEBB021;"'2018-10-11 03:00'";34;66;9;28;1;moderate
DEBB021;"'2018-10-11 04:00'";38;66;8;32;1;poor
DEBB021;"'2018-10-11 05:00'";39;60;10;33;1;poor
DEBB021;"'2018-10-11 06:00'";38;55;13;33;1;poor
DEBB021;"'2018-10-11 07:00'";37;52;17;32;1;poor
DEBB021;"'2018-10-11 08:00'";39;44;28;32;1;poor
DEBB021;"'2018-10-11 09:00'";40;43;34;32;1;poor
DEBB021;"'2018-10-11 10:00'";45;56;29;31;1;poor
DEBB021;"'2018-10-11 11:00'";47;71;19;28;1;moderate
DEBB021;"'2018-10-11 12:00'";60;84;12;26;1;poor
DEBB021;"'2018-10-11 13:00'";54;92;7;23;1;moderate
DEBB021;"'2018-10-11 14:00'";50;98;7;22;1;moderate
DEBB021;"'2018-10-11 15:00'";54;102;9;22;1;moderate
DEBB021;"'2018-10-11 16:00'";52;107;7;21;1;moderate
DEBB021;"'2018-10-11 17:00'";51;108;9;20;1;moderate
DEBB021;"'2018-10-11 18:00'";49;106;12;18;1;moderate
DEBB021;"'2018-10-11 19:00'";93;85;23;26;1;"very poor"
DEBB021;"'2018-10-11 20:00'";72;60;43;30;1;poor
DEBB021;"'2018-10-11 21:00'";62;52;48;29;1;poor
DEBB021;"'2018-10-11 22:00'";41;69;33;26;1;moderate
DEBB021;"'2018-10-11 23:00'";45;68;25;29;1;moderate
DEBB021;"'2018-10-11 24:00'";42;67;23;29;1;moderate
DEBB021;"'2018-10-12 01:00'";40;66;21;29;1;moderate
DEBB021;"'2018-10-12 02:00'";42;66;16;30;1;moderate
DEBB021;"'2018-10-12 03:00'";38;62;18;28;1;moderate
DEBB021;"'2018-10-12 04:00'";36;65;15;27;1;moderate
DEBB021;"'2018-10-12 05:00'";36;61;15;27;1;moderate
DEBB021;"'2018-10-12 06:00'";38;47;26;29;1;moderate
DEBB021;"'2018-10-12 07:00'";38;30;45;29;1;moderate
DEBB021;"'2018-10-12 08:00'";44;18;62;32;1;poor
DEBB021;"'2018-10-12 09:00'";47;13;74;33;1;poor
DEBB021;"'2018-10-12 10:00'";49;16;75;34;1;poor
DEBB021;"'2018-10-12 11:00'";52;35;59;29;1;moderate
DEBB021;"'2018-10-12 12:00'";47;57;32;25;1;moderate
DEBB021;"'2018-10-12 13:00'";41;65;22;21;1;moderate
DEBB021;"'2018-10-12 14:00'";44;75;17;19;1;moderate
DEBB021;"'2018-10-12 15:00'";58;82;17;19;1;poor
DEBB021;"'2018-10-12 16:00'";39;87;15;16;1;moderate
DEBB021;"'2018-10-12 17:00'";38;88;14;15;1;moderate
DEBB021;"'2018-10-12 18:00'";70;80;21;18;1;poor
DEBB021;"'2018-10-12 19:00'";115;50;48;25;1;"very poor"
DEBB021;"'2018-10-12 20:00'";51;33;66;25;1;poor
DEBB021;"'2018-10-12 21:00'";55;12;96;28;1;poor
DEBB021;"'2018-10-12 22:00'";48;11;96;34;1;poor
DEBB021;"'2018-10-12 23:00'";48;12;89;35;1;poor
DEBB021;"'2018-10-12 24:00'";41;22;75;30;1;poor
DEBB021;"'2018-10-13 01:00'";42;22;65;31;1;poor
DEBB021;"'2018-10-13 02:00'";38;26;59;29;1;moderate
DEBB021;"'2018-10-13 03:00'";38;33;46;31;1;poor
DEBB021;"'2018-10-13 04:00'";39;31;38;32;1;poor
DEBB021;"'2018-10-13 05:00'";39;29;34;33;1;poor
DEBB021;"'2018-10-13 06:00'";37;27;33;32;1;poor
DEBB021;"'2018-10-13 07:00'";36;25;34;31;1;poor
DEBB021;"'2018-10-13 08:00'";36;23;34;31;1;poor
DEBB021;"'2018-10-13 09:00'";36;25;34;31;1;poor
DEBB021;"'2018-10-13 10:00'";38;27;37;31;1;poor
DEBB021;"'2018-10-13 11:00'";42;41;30;28;1;moderate
DEBB021;"'2018-10-13 12:00'";43;54;22;24;1;moderate
DEBB021;"'2018-10-13 13:00'";51;69;18;20;1;moderate
DEBB021;"'2018-10-13 14:00'";46;81;19;18;1;moderate
DEBB021;"'2018-10-13 15:00'";58;97;12;17;1;poor
DEBB021;"'2018-10-13 16:00'";43;105;8;16;1;moderate
DEBB021;"'2018-10-13 17:00'";43;102;11;14;1;moderate
DEBB021;"'2018-10-13 18:00'";40;97;12;15;1;moderate
DEBB021;"'2018-10-13 19:00'";53;83;20;21;1;moderate
DEBB021;"'2018-10-13 20:00'";63;67;33;28;1;poor
DEBB021;"'2018-10-13 21:00'";47;64;34;26;1;moderate
DEBB021;"'2018-10-13 22:00'";40;67;27;26;1;moderate
DEBB021;"'2018-10-13 23:00'";59;60;28;32;1;poor
DEBB021;"'2018-10-13 24:00'";53;60;25;32;1;poor
DEBB021;"'2018-10-14 01:00'";42;66;18;31;1;poor
DEBB021;"'2018-10-14 02:00'";43;66;16;32;1;poor
DEBB021;"'2018-10-14 03:00'";42;70;13;33;1;poor
DEBB021;"'2018-10-14 04:00'";41;73;10;32;1;poor
DEBB021;"'2018-10-14 05:00'";40;74;7;32;1;poor
DEBB021;"'2018-10-14 06:00'";39;73;6;32;1;poor
DEBB021;"'2018-10-14 07:00'";39;68;7;31;1;poor
DEBB021;"'2018-10-14 08:00'";38;65;9;31;1;poor
DEBB021;"'2018-10-14 09:00'";37;64;10;30;1;moderate
DEBB021;"'2018-10-14 10:00'";37;67;9;28;1;moderate
DEBB021;"'2018-10-14 11:00'";42;72;9;27;1;moderate
DEBB021;"'2018-10-14 12:00'";46;78;7;24;1;moderate
DEBB021;"'2018-10-14 13:00'";40;83;5;20;1;moderate
DEBB021;"'2018-10-14 14:00'";45;93;2;19;1;moderate
DEBB021;"'2018-10-14 15:00'";66;102;2;20;1;poor
DEBB021;"'2018-10-14 16:00'";55;106;1;18;1;poor
DEBB021;"'2018-10-14 17:00'";47;105;3;18;1;moderate
DEBB021;"'2018-10-14 18:00'";38;100;4;17;1;moderate
DEBB021;"'2018-10-14 19:00'";68;80;16;24;1;poor
DEBB021;"'2018-10-14 20:00'";54;44;48;27;1;moderate
DEBB021;"'2018-10-14 21:00'";46;36;63;27;1;poor
DEBB021;"'2018-10-14 22:00'";43;63;33;26;1;moderate
DEBB021;"'2018-10-14 23:00'";39;68;21;25;1;moderate
DEBB021;"'2018-10-14 24:00'";36;70;14;23;1;moderate
DEBB021;"'2018-10-15 01:00'";34;66;13;23;1;moderate
DEBB021;"'2018-10-15 02:00'";33;61;15;22;1;moderate
DEBB021;"'2018-10-15 03:00'";31;58;15;21;1;moderate
DEBB021;"'2018-10-15 04:00'";30;59;14;20;1;moderate
DEBB021;"'2018-10-15 05:00'";29;55;16;19;1;moderate
DEBB021;"'2018-10-15 06:00'";30;48;22;19;1;moderate
DEBB021;"'2018-10-15 07:00'";33;34;35;20;1;moderate
DEBB021;"'2018-10-15 08:00'";39;14;62;22;1;poor
DEBB021;"'2018-10-15 09:00'";54;11;81;23;1;poor
DEBB021;"'2018-10-15 10:00'";67;16;77;24;1;poor
DEBB021;"'2018-10-15 11:00'";57;35;61;20;1;poor
DEBB021;"'2018-10-15 12:00'";60;55;36;17;1;poor
DEBB021;"'2018-10-15 13:00'";47;68;19;14;1;moderate
DEBB021;"'2018-10-15 14:00'";55;67;19;14;2;poor
DEBB021;"'2018-10-15 15:00'";46;72;16;14;1;moderate
DEBB021;"'2018-10-15 16:00'";60;82;13;16;1;poor
DEBB021;"'2018-10-15 17:00'";62;84;18;21;1;poor
DEBB021;"'2018-10-15 18:00'";65;80;21;22;1;poor
DEBB021;"'2018-10-15 19:00'";73;68;31;27;1;poor
DEBB021;"'2018-10-15 20:00'";59;42;51;30;1;poor
DEBB021;"'2018-10-15 21:00'";60;42;52;31;1;poor
DEBB021;"'2018-10-15 22:00'";65;35;54;33;1;poor
DEBB021;"'2018-10-15 23:00'";51;44;44;29;1;moderate
DEBB021;"'2018-10-15 24:00'";51;52;34;28;1;moderate
DEBB021;"'2018-10-16 01:00'";46;49;29;28;1;moderate
DEBB021;"'2018-10-16 02:00'";45;41;33;29;1;moderate
DEBB021;"'2018-10-16 03:00'";46;39;32;30;1;moderate
DEBB021;"'2018-10-16 04:00'";45;34;32;32;1;poor
DEBB021;"'2018-10-16 05:00'";43;32;33;32;1;poor
DEBB021;"'2018-10-16 06:00'";41;27;37;30;1;moderate
DEBB021;"'2018-10-16 07:00'";43;18;51;30;1;moderate
DEBB021;"'2018-10-16 08:00'";51;10;67;35;1;poor
DEBB021;"'2018-10-16 09:00'";52;10;72;35;1;poor
DEBB021;"'2018-10-16 10:00'";62;12;77;33;1;poor
DEBB021;"'2018-10-16 11:00'";68;15;79;32;1;poor
DEBB021;"'2018-10-16 12:00'";66;23;74;29;1;poor
DEBB021;"'2018-10-16 13:00'";64;42;55;25;2;poor
DEBB021;"'2018-10-16 14:00'";57;57;37;23;3;poor
DEBB021;"'2018-10-16 15:00'";60;59;34;23;1;poor
DEBB021;"'2018-10-16 16:00'";56;62;34;22;1;poor
DEBB021;"'2018-10-16 17:00'";56;63;35;22;1;poor
DEBB021;"'2018-10-16 18:00'";87;41;53;27;1;poor
DEBB021;"'2018-10-16 19:00'";81;19;77;29;1;poor
DEBB021;"'2018-10-16 20:00'";60;13;84;27;1;poor
DEBB021;"'2018-10-16 21:00'";52;11;78;29;1;poor
DEBB021;"'2018-10-16 22:00'";45;10;75;31;1;poor
DEBB021;"'2018-10-16 23:00'";46;10;69;33;1;poor
DEBB021;"'2018-10-16 24:00'";48;10;64;34;1;poor
DEBB021;"'2018-10-17 01:00'";43;10;57;31;1;poor
DEBB021;"'2018-10-17 02:00'";38;11;49;29;1;moderate
DEBB021;"'2018-10-17 03:00'";41;11;48;31;1;poor
DEBB021;"'2018-10-17 04:00'";48;10;50;36;1;poor
DEBB021;"'2018-10-17 05:00'";44;9;49;34;1;poor
DEBB021;"'2018-10-17 06:00'";44;9;50;32;1;poor
DEBB021;"'2018-10-17 07:00'";46;9;55;33;1;poor
DEBB021;"'2018-10-17 08:00'";54;9;58;37;1;poor
DEBB021;"'2018-10-17 09:00'";56;9;66;39;1;poor
DEBB021;"'2018-10-17 10:00'";61;10;68;41;1;poor
DEBB021;"'2018-10-17 11:00'";85;11;72;48;1;poor
DEBB021;"'2018-10-17 12:00'";99;13;76;49;1;"very poor"
DEBB021;"'2018-10-17 13:00'";85;26;72;42;1;poor
DEBB021;"'2018-10-17 14:00'";70;53;53;37;1;poor
DEBB021;"'2018-10-17 15:00'";67;74;33;34;1;poor
DEBB021;"'2018-10-17 16:00'";72;76;30;33;1;poor
DEBB021;"'2018-10-17 17:00'";83;78;27;35;1;poor
DEBB021;"'2018-10-17 18:00'";101;69;32;41;1;"very poor"
DEBB021;"'2018-10-17 19:00'";81;27;69;43;1;poor
DEBB021;"'2018-10-17 20:00'";61;11;92;40;1;poor
DEBB021;"'2018-10-17 21:00'";61;10;90;43;1;poor
DEBB021;"'2018-10-17 22:00'";61;10;79;44;1;poor
DEBB021;"'2018-10-17 23:00'";56;9;65;44;1;poor
DEBB021;"'2018-10-17 24:00'";54;10;55;44;1;poor
DEBB021;"'2018-10-18 01:00'";56;10;52;46;1;poor
DEBB021;"'2018-10-18 02:00'";49;10;44;42;1;poor
DEBB021;"'2018-10-18 03:00'";45;10;38;39;1;poor
DEBB021;"'2018-10-18 04:00'";45;10;36;40;1;poor
DEBB021;"'2018-10-18 05:00'";46;10;34;42;1;poor
DEBB021;"'2018-10-18 06:00'";46;10;35;42;1;poor
DEBB021;"'2018-10-18 07:00'";51;9;39;42;1;poor
DEBB021;"'2018-10-18 08:00'";51;9;42;41;1;poor
DEBB021;"'2018-10-18 09:00'";61;9;44;46;1;poor
DEBB021;"'2018-10-18 10:00'";59;12;48;48;1;poor
DEBB021;"'2018-10-18 11:00'";64;19;49;52;1;"very poor"
DEBB021;"'2018-10-18 12:00'";61;33;38;52;1;"very poor"
DEBB021;"'2018-10-18 13:00'";47;35;21;43;1;poor
DEBB021;"'2018-10-18 14:00'";40;33;18;36;1;poor
DEBB021;"'2018-10-18 15:00'";38;34;17;34;1;poor
DEBB021;"'2018-10-18 16:00'";46;31;18;38;1;poor
DEBB021;"'2018-10-18 17:00'";43;27;24;34;1;poor
DEBB021;"'2018-10-18 18:00'";40;28;26;29;1;moderate
DEBB021;"'2018-10-18 19:00'";30;30;21;23;1;moderate
DEBB021;"'2018-10-18 20:00'";13;32;14;12;1;good
DEBB021;"'2018-10-18 21:00'";14;41;9;13;1;good
DEBB021;"'2018-10-18 22:00'";13;46;8;12;1;good
DEBB021;"'2018-10-18 23:00'";12;48;7;10;1;good
DEBB021;"'2018-10-18 24:00'";10;53;5;8;1;good
DEBB021;"'2018-10-19 01:00'";8;59;4;6;1;good
DEBB021;"'2018-10-19 02:00'";8;60;2;6;1;good
DEBB021;"'2018-10-19 03:00'";8;59;2;6;1;good
DEBB021;"'2018-10-19 04:00'";7;61;2;5;1;good
DEBB021;"'2018-10-19 05:00'";6;60;3;5;1;good
DEBB021;"'2018-10-19 06:00'";7;54;4;5;1;good
DEBB021;"'2018-10-19 07:00'";9;45;11;7;1;good
DEBB021;"'2018-10-19 08:00'";11;34;18;8;1;good
DEBB021;"'2018-10-19 09:00'";19;28;23;14;1;good
DEBB021;"'2018-10-19 10:00'";17;31;25;12;1;good
DEBB021;"'2018-10-19 11:00'";10;39;20;8;1;good
DEBB021;"'2018-10-19 12:00'";11;50;15;8;1;good
DEBB021;"'2018-10-19 13:00'";13;61;10;8;1;good
DEBB021;"'2018-10-19 14:00'";13;67;8;7;1;good
DEBB021;"'2018-10-19 15:00'";13;70;6;6;1;good
DEBB021;"'2018-10-19 16:00'";11;70;6;5;1;good
DEBB021;"'2018-10-19 17:00'";13;61;23;6;1;good
DEBB021;"'2018-10-19 18:00'";21;63;13;7;1;good
DEBB021;"'2018-10-19 19:00'";16;53;20;8;1;good
DEBB021;"'2018-10-19 20:00'";27;24;44;12;1;moderate
DEBB021;"'2018-10-19 21:00'";25;12;61;17;1;poor
DEBB021;"'2018-10-19 22:00'";30;10;61;22;1;poor
DEBB021;"'2018-10-19 23:00'";28;10;55;21;1;moderate
DEBB021;"'2018-10-19 24:00'";22;10;45;17;1;moderate
DEBB021;"'2018-10-20 01:00'";21;10;35;16;1;moderate
DEBB021;"'2018-10-20 02:00'";21;11;31;18;1;moderate
DEBB021;"'2018-10-20 03:00'";22;14;29;19;1;moderate
DEBB021;"'2018-10-20 04:00'";19;21;24;17;1;moderate
DEBB021;"'2018-10-20 05:00'";16;27;20;15;1;good
DEBB021;"'2018-10-20 06:00'";18;22;23;15;1;good
DEBB021;"'2018-10-20 07:00'";19;11;32;16;1;moderate
DEBB021;"'2018-10-20 08:00'";19;12;32;16;1;moderate
DEBB021;"'2018-10-20 09:00'";17;15;32;14;1;moderate
DEBB021;"'2018-10-20 10:00'";18;18;33;14;1;moderate
DEBB021;"'2018-10-20 11:00'";18;27;31;14;1;moderate
DEBB021;"'2018-10-20 12:00'";21;40;25;15;1;good
DEBB021;"'2018-10-20 13:00'";17;63;11;12;1;good
DEBB021;"'2018-10-20 14:00'";13;72;9;7;1;good
DEBB021;"'2018-10-20 15:00'";20;73;7;8;1;moderate
DEBB021;"'2018-10-20 16:00'";25;74;6;8;1;moderate
DEBB021;"'2018-10-20 17:00'";18;68;8;11;1;good
DEBB021;"'2018-10-20 18:00'";21;64;9;12;1;good
DEBB021;"'2018-10-20 19:00'";23;60;11;14;1;good
DEBB021;"'2018-10-20 20:00'";30;48;19;20;1;moderate
DEBB021;"'2018-10-20 21:00'";26;45;20;19;1;moderate
DEBB021;"'2018-10-20 22:00'";24;45;18;18;1;moderate
DEBB021;"'2018-10-20 23:00'";21;48;14;17;1;moderate
DEBB021;"'2018-10-20 24:00'";20;49;12;16;1;moderate
DEBB021;"'2018-10-21 01:00'";18;50;9;14;1;good
DEBB021;"'2018-10-21 02:00'";14;51;8;12;1;good
DEBB021;"'2018-10-21 03:00'";15;50;6;12;1;good
DEBB021;"'2018-10-21 04:00'";16;44;8;12;1;good
DEBB021;"'2018-10-21 05:00'";21;34;12;16;1;moderate
DEBB021;"'2018-10-21 06:00'";16;27;15;13;1;good
DEBB021;"'2018-10-21 07:00'";16;23;16;13;1;good
DEBB021;"'2018-10-21 08:00'";16;15;21;13;1;good
DEBB021;"'2018-10-21 09:00'";17;16;21;14;1;good
DEBB021;"'2018-10-21 10:00'";17;29;18;15;1;good
DEBB021;"'2018-10-21 11:00'";21;34;16;18;1;moderate
DEBB021;"'2018-10-21 12:00'";21;35;18;16;1;moderate
DEBB021;"'2018-10-21 13:00'";15;51;12;10;1;good
DEBB021;"'2018-10-21 14:00'";12;59;9;8;1;good
DEBB021;"'2018-10-21 15:00'";14;62;6;7;1;good
DEBB021;"'2018-10-21 16:00'";16;65;5;7;1;good
DEBB021;"'2018-10-21 17:00'";22;64;6;7;1;good
DEBB021;"'2018-10-21 18:00'";46;56;13;9;1;moderate
DEBB021;"'2018-10-21 19:00'";35;37;27;10;1;moderate
DEBB021;"'2018-10-21 20:00'";19;13;53;12;1;moderate
DEBB021;"'2018-10-21 21:00'";24;11;57;17;1;moderate
DEBB021;"'2018-10-21 22:00'";23;11;55;18;1;moderate
DEBB021;"'2018-10-21 23:00'";22;12;51;19;1;moderate
DEBB021;"'2018-10-21 24:00'";17;18;43;14;1;moderate
DEBB021;"'2018-10-22 01:00'";15;21;32;13;1;moderate
DEBB021;"'2018-10-22 02:00'";12;42;18;10;1;good
DEBB021;"'2018-10-22 03:00'";12;43;13;10;1;good
DEBB021;"'2018-10-22 04:00'";13;42;11;11;1;good
DEBB021;"'2018-10-22 05:00'";14;41;11;12;1;good
DEBB021;"'2018-10-22 06:00'";15;33;16;13;1;good
DEBB021;"'2018-10-22 07:00'";19;24;26;15;1;good
DEBB021;"'2018-10-22 08:00'";20;23;31;15;1;moderate
DEBB021;"'2018-10-22 09:00'";23;18;40;17;1;moderate
DEBB021;"'2018-10-22 10:00'";25;27;35;17;1;moderate
DEBB021;"'2018-10-22 11:00'";29;31;31;17;1;moderate
DEBB021;"'2018-10-22 12:00'";28;36;24;24;1;moderate
DEBB021;"'2018-10-22 13:00'";18;33;20;18;1;moderate
DEBB021;"'2018-10-22 14:00'";4;52;11;3;1;good
DEBB021;"'2018-10-22 15:00'";5;53;10;4;1;good
DEBB021;"'2018-10-22 16:00'";6;56;8;5;1;good
DEBB021;"'2018-10-22 17:00'";7;60;8;5;1;good
DEBB021;"'2018-10-22 18:00'";10;64;9;6;1;good
DEBB021;"'2018-10-22 19:00'";10;58;13;6;1;good
DEBB021;"'2018-10-22 20:00'";14;51;15;10;1;good
DEBB021;"'2018-10-22 21:00'";15;38;23;11;1;good
DEBB021;"'2018-10-22 22:00'";13;30;25;10;1;good
DEBB021;"'2018-10-22 23:00'";13;33;19;11;1;good
DEBB021;"'2018-10-22 24:00'";13;36;19;10;1;good
DEBB021;"'2018-10-23 01:00'";9;39;14;7;1;good
DEBB021;"'2018-10-23 02:00'";9;41;10;7;1;good
DEBB021;"'2018-10-23 03:00'";8;46;8;6;1;good
DEBB021;"'2018-10-23 04:00'";8;48;8;6;1;good
DEBB021;"'2018-10-23 05:00'";7;47;7;6;1;good
DEBB021;"'2018-10-23 06:00'";8;46;8;6;1;good
DEBB021;"'2018-10-23 07:00'";7;48;13;5;1;good
DEBB021;"'2018-10-23 08:00'";8;52;11;5;1;good
DEBB021;"'2018-10-23 09:00'";9;54;9;5;1;good
DEBB021;"'2018-10-23 10:00'";9;54;9;6;1;good
DEBB021;"'2018-10-23 11:00'";8;52;9;7;1;good
DEBB021;"'2018-10-23 12:00'";11;48;12;9;1;good
DEBB021;"'2018-10-23 13:00'";14;46;13;11;1;good
DEBB021;"'2018-10-23 14:00'";15;49;10;12;1;good
DEBB021;"'2018-10-23 15:00'";13;49;8;11;1;good
DEBB021;"'2018-10-23 16:00'";10;49;8;9;1;good
DEBB021;"'2018-10-23 17:00'";7;48;7;6;1;good
DEBB021;"'2018-10-23 18:00'";5;47;7;4;1;good
DEBB021;"'2018-10-23 19:00'";3;50;5;3;1;good
DEBB021;"'2018-10-23 20:00'";2;59;2;2;1;good
DEBB021;"'2018-10-23 21:00'";2;64;2;2;1;good
DEBB021;"'2018-10-23 22:00'";2;66;2;2;1;good
DEBB021;"'2018-10-23 23:00'";3;65;2;2;1;good
DEBB021;"'2018-10-23 24:00'";3;66;2;3;1;good
DEBB021;"'2018-10-24 01:00'";3;67;2;3;1;good
DEBB021;"'2018-10-24 02:00'";4;71;2;3;1;good
DEBB021;"'2018-10-24 03:00'";5;74;2;3;1;moderate
DEBB021;"'2018-10-24 04:00'";6;76;-;4;1;moderate
DEBB021;"'2018-10-24 05:00'";6;76;2;4;1;moderate
DEBB021;"'2018-10-24 06:00'";6;75;2;4;1;moderate
DEBB021;"'2018-10-24 07:00'";8;71;2;6;1;good
DEBB021;"'2018-10-24 08:00'";7;70;2;5;1;good
DEBB021;"'2018-10-24 09:00'";5;70;2;4;1;good
DEBB021;"'2018-10-24 10:00'";6;-;-;4;-;"very good"
DEBB021;"'2018-10-24 11:00'";-;-;-;-;-;-;
DEBB021;"'2018-10-24 12:00'";6;77;2;3;1;moderate
DEBB021;"'2018-10-24 13:00'";6;75;3;4;1;moderate
DEBB021;"'2018-10-24 14:00'";7;77;4;4;1;moderate
DEBB021;"'2018-10-24 15:00'";5;80;3;3;1;moderate
DEBB021;"'2018-10-24 16:00'";5;81;5;3;1;moderate
DEBB021;"'2018-10-24 17:00'";7;77;9;4;1;moderate
DEBB021;"'2018-10-24 18:00'";8;68;15;5;1;good
DEBB021;"'2018-10-24 19:00'";11;65;15;7;1;good
DEBB021;"'2018-10-24 20:00'";11;63;14;8;1;good
DEBB021;"'2018-10-24 21:00'";16;45;27;12;1;good
DEBB021;"'2018-10-24 22:00'";10;54;13;8;1;good
DEBB021;"'2018-10-24 23:00'";10;52;12;8;1;good
DEBB021;"'2018-10-24 24:00'";8;57;6;7;1;good
DEBB021;"'2018-10-25 01:00'";7;57;3;6;1;good
DEBB021;"'2018-10-25 02:00'";7;57;2;6;1;good
DEBB021;"'2018-10-25 03:00'";5;50;2;5;1;good
DEBB021;"'2018-10-25 04:00'";6;46;2;5;1;good
DEBB021;"'2018-10-25 05:00'";3;48;2;3;1;good
DEBB021;"'2018-10-25 06:00'";2;47;3;2;1;good
DEBB021;"'2018-10-25 07:00'";3;43;6;3;1;good
DEBB021;"'2018-10-25 08:00'";3;46;8;3;1;good
DEBB021;"'2018-10-25 09:00'";4;55;6;3;1;good
DEBB021;"'2018-10-25 10:00'";6;56;7;5;1;good
DEBB021;"'2018-10-25 11:00'";5;58;6;5;1;good
DEBB021;"'2018-10-25 12:00'";5;57;7;4;1;good
DEBB021;"'2018-10-25 13:00'";4;57;6;4;1;good
DEBB021;"'2018-10-25 14:00'";5;54;7;4;1;good
DEBB021;"'2018-10-25 15:00'";5;55;9;4;1;good
DEBB021;"'2018-10-25 16:00'";3;63;6;3;1;good
DEBB021;"'2018-10-25 17:00'";4;66;7;3;1;good
DEBB021;"'2018-10-25 18:00'";7;68;8;5;1;good
DEBB021;"'2018-10-25 19:00'";9;68;8;7;1;good
DEBB021;"'2018-10-25 20:00'";9;72;6;7;1;good
DEBB021;"'2018-10-25 21:00'";10;66;6;7;1;good
DEBB021;"'2018-10-25 22:00'";8;70;3;7;1;good
DEBB021;"'2018-10-25 23:00'";8;70;3;6;1;good
DEBB021;"'2018-10-25 24:00'";10;69;2;7;1;good
DEBB021;"'2018-10-26 01:00'";9;68;2;7;1;good
DEBB021;"'2018-10-26 02:00'";10;65;2;7;1;good
DEBB021;"'2018-10-26 03:00'";9;65;2;6;1;good
DEBB021;"'2018-10-26 04:00'";9;61;4;6;1;good
DEBB021;"'2018-10-26 05:00'";9;58;6;6;1;good
DEBB021;"'2018-10-26 06:00'";10;47;11;7;1;good
DEBB021;"'2018-10-26 07:00'";11;30;32;8;1;moderate
DEBB021;"'2018-10-26 08:00'";11;25;32;8;1;moderate
DEBB021;"'2018-10-26 09:00'";11;25;28;8;1;good
DEBB021;"'2018-10-26 10:00'";8;50;14;6;1;good
DEBB021;"'2018-10-26 11:00'";6;54;13;5;1;good
DEBB021;"'2018-10-26 12:00'";6;47;17;4;1;good
DEBB021;"'2018-10-26 13:00'";7;38;18;7;1;good
DEBB021;"'2018-10-26 14:00'";10;31;14;9;1;good
DEBB021;"'2018-10-26 15:00'";12;31;15;11;1;good
DEBB021;"'2018-10-26 16:00'";13;33;15;12;1;good
DEBB021;"'2018-10-26 17:00'";14;35;19;12;1;good
DEBB021;"'2018-10-26 18:00'";11;41;15;10;1;good
DEBB021;"'2018-10-26 19:00'";17;40;11;15;1;good
DEBB021;"'2018-10-26 20:00'";21;36;12;19;1;moderate
DEBB021;"'2018-10-26 21:00'";22;33;12;20;1;moderate
DEBB021;"'2018-10-26 22:00'";21;32;13;19;1;moderate
DEBB021;"'2018-10-26 23:00'";17;34;11;16;1;moderate
DEBB021;"'2018-10-26 24:00'";16;40;9;15;1;good
DEBB021;"'2018-10-27 01:00'";17;42;8;16;1;moderate
DEBB021;"'2018-10-27 02:00'";17;40;8;16;1;moderate
DEBB021;"'2018-10-27 03:00'";15;40;7;14;1;good
DEBB021;"'2018-10-27 04:00'";10;48;7;9;1;good
DEBB021;"'2018-10-27 05:00'";6;60;4;6;1;good
DEBB021;"'2018-10-27 06:00'";7;61;3;6;1;good
DEBB021;"'2018-10-27 07:00'";8;56;7;7;1;good
DEBB021;"'2018-10-27 08:00'";7;58;8;6;1;good
DEBB021;"'2018-10-27 09:00'";7;59;6;6;1;good
DEBB021;"'2018-10-27 10:00'";6;59;6;5;1;good
DEBB021;"'2018-10-27 11:00'";5;61;6;5;1;good
DEBB021;"'2018-10-27 12:00'";5;62;6;4;1;good
DEBB021;"'2018-10-27 13:00'";5;64;5;4;1;good
DEBB021;"'2018-10-27 14:00'";6;63;7;5;1;good
DEBB021;"'2018-10-27 15:00'";4;63;5;4;1;good
DEBB021;"'2018-10-27 16:00'";5;62;5;4;1;good
DEBB021;"'2018-10-27 17:00'";4;59;6;3;1;good
DEBB021;"'2018-10-27 18:00'";5;49;8;5;1;good
DEBB021;"'2018-10-27 19:00'";7;40;16;6;1;good
DEBB021;"'2018-10-27 20:00'";9;38;16;8;1;good
DEBB021;"'2018-10-27 21:00'";9;40;10;9;1;good
DEBB021;"'2018-10-27 22:00'";6;38;10;5;1;good
DEBB021;"'2018-10-27 23:00'";7;31;14;6;1;good
DEBB021;"'2018-10-27 24:00'";5;37;9;5;1;good
DEBB021;"'2018-10-28 01:00'";6;35;9;5;1;good
DEBB021;"'2018-10-28 02:00'";6;33;8;6;1;good
DEBB021;"'2018-10-28 03:00'";6;33;7;5;1;good
DEBB021;"'2018-10-28 03:00'";5;34;5;4;1;good
DEBB021;"'2018-10-28 04:00'";4;34;5;4;1;good
DEBB021;"'2018-10-28 05:00'";4;31;5;4;1;good
DEBB021;"'2018-10-28 06:00'";4;28;6;4;1;good
DEBB021;"'2018-10-28 07:00'";4;26;8;4;1;good
DEBB021;"'2018-10-28 08:00'";5;26;10;5;1;good
DEBB021;"'2018-10-28 09:00'";8;32;9;8;1;good
DEBB021;"'2018-10-28 10:00'";9;33;9;8;1;good
DEBB021;"'2018-10-28 11:00'";6;38;7;6;1;good
DEBB021;"'2018-10-28 12:00'";4;46;6;3;1;good
DEBB021;"'2018-10-28 13:00'";4;50;5;3;1;good
DEBB021;"'2018-10-28 14:00'";3;51;5;3;1;good
DEBB021;"'2018-10-28 15:00'";3;50;6;3;1;good
DEBB021;"'2018-10-28 16:00'";4;46;9;3;1;good
DEBB021;"'2018-10-28 17:00'";4;45;10;4;1;good
DEBB021;"'2018-10-28 18:00'";4;47;7;3;1;good
DEBB021;"'2018-10-28 19:00'";4;45;7;4;1;good
DEBB021;"'2018-10-28 20:00'";5;43;8;4;1;good
DEBB021;"'2018-10-28 21:00'";5;45;6;4;1;good
DEBB021;"'2018-10-28 22:00'";5;42;7;5;1;good
DEBB021;"'2018-10-28 23:00'";5;44;6;4;1;good
DEBB021;"'2018-10-28 24:00'";5;45;2;4;1;good
DEBB021;"'2018-10-29 01:00'";4;51;2;3;1;good
DEBB021;"'2018-10-29 02:00'";2;57;2;1;1;good
DEBB021;"'2018-10-29 03:00'";2;54;2;2;1;good
DEBB021;"'2018-10-29 04:00'";3;49;2;3;1;good
DEBB021;"'2018-10-29 05:00'";5;45;2;5;1;good
DEBB021;"'2018-10-29 06:00'";5;44;3;4;1;good
DEBB021;"'2018-10-29 07:00'";4;43;7;4;1;good
DEBB021;"'2018-10-29 08:00'";4;41;11;4;1;good
DEBB021;"'2018-10-29 09:00'";8;38;11;6;1;good
DEBB021;"'2018-10-29 10:00'";8;34;11;7;1;good
DEBB021;"'2018-10-29 11:00'";8;31;11;7;1;good
DEBB021;"'2018-10-29 12:00'";8;28;10;7;1;good
DEBB021;"'2018-10-29 13:00'";9;25;10;8;1;good
DEBB021;"'2018-10-29 14:00'";10;23;10;9;1;good
DEBB021;"'2018-10-29 15:00'";11;20;12;10;1;good
DEBB021;"'2018-10-29 16:00'";9;16;14;9;1;good
DEBB021;"'2018-10-29 17:00'";9;12;16;9;1;good
DEBB021;"'2018-10-29 18:00'";8;10;15;8;1;good
DEBB021;"'2018-10-29 19:00'";8;8;16;8;1;good
DEBB021;"'2018-10-29 20:00'";11;7;14;10;1;good
DEBB021;"'2018-10-29 21:00'";15;7;14;15;1;good
DEBB021;"'2018-10-29 22:00'";20;5;15;20;1;moderate
DEBB021;"'2018-10-29 23:00'";24;2;16;24;1;moderate
DEBB021;"'2018-10-29 24:00'";26;2;16;25;1;moderate
DEBB021;"'2018-10-30 01:00'";26;2;17;25;1;moderate
DEBB021;"'2018-10-30 02:00'";29;2;18;27;1;moderate
DEBB021;"'2018-10-30 03:00'";32;5;18;32;1;poor
DEBB021;"'2018-10-30 04:00'";36;8;16;34;1;poor
DEBB021;"'2018-10-30 05:00'";35;10;15;33;1;poor
DEBB021;"'2018-10-30 06:00'";34;9;17;31;1;poor
DEBB021;"'2018-10-30 07:00'";33;7;26;29;1;moderate
DEBB021;"'2018-10-30 08:00'";33;8;34;26;1;moderate
DEBB021;"'2018-10-30 09:00'";31;18;30;22;1;moderate
DEBB021;"'2018-10-30 10:00'";23;40;11;13;1;good
DEBB021;"'2018-10-30 11:00'";22;54;9;9;1;good
DEBB021;"'2018-10-30 12:00'";28;71;9;5;1;moderate
DEBB021;"'2018-10-30 13:00'";17;68;11;4;1;good
DEBB021;"'2018-10-30 14:00'";12;61;12;4;1;good
DEBB021;"'2018-10-30 15:00'";10;52;20;4;1;good
DEBB021;"'2018-10-30 16:00'";12;38;18;6;1;good
DEBB021;"'2018-10-30 17:00'";15;25;17;5;1;good
DEBB021;"'2018-10-30 18:00'";14;39;11;2;1;good
DEBB021;"'2018-10-30 19:00'";14;35;9;2;1;good
DEBB021;"'2018-10-30 20:00'";10;31;9;2;1;good
DEBB021;"'2018-10-30 21:00'";16;35;7;2;1;good
DEBB021;"'2018-10-30 22:00'";14;37;7;3;1;good
DEBB021;"'2018-10-30 23:00'";8;40;7;2;1;good
DEBB021;"'2018-10-30 24:00'";6;43;5;2;1;good
DEBB021;"'2018-10-31 01:00'";7;46;4;3;1;good
DEBB021;"'2018-10-31 02:00'";7;46;4;3;1;good
DEBB021;"'2018-10-31 03:00'";6;45;4;4;1;good
DEBB021;"'2018-10-31 04:00'";5;45;4;4;1;good
DEBB021;"'2018-10-31 05:00'";6;44;5;5;1;good
DEBB021;"'2018-10-31 06:00'";5;41;6;4;1;good
DEBB021;"'2018-10-31 07:00'";6;41;5;5;1;good
DEBB021;"'2018-10-31 08:00'";6;41;7;5;1;good
DEBB021;"'2018-10-31 09:00'";6;42;7;6;1;good
DEBB021;"'2018-10-31 10:00'";7;44;7;6;1;good
DEBB021;"'2018-10-31 11:00'";7;47;6;6;1;good
DEBB021;"'2018-10-31 12:00'";6;50;6;5;1;good
DEBB021;"'2018-10-31 13:00'";6;51;8;5;1;good
DEBB021;"'2018-10-31 14:00'";5;59;6;4;1;good
DEBB021;"'2018-10-31 15:00'";7;60;6;5;1;good
DEBB021;"'2018-10-31 16:00'";7;58;8;5;1;good
DEBB021;"'2018-10-31 17:00'";7;48;16;5;1;good
DEBB021;"'2018-10-31 18:00'";12;28;34;9;1;moderate
DEBB021;"'2018-10-31 19:00'";20;21;43;18;1;moderate
DEBB021;"'2018-10-31 20:00'";17;23;38;15;1;moderate
DEBB021;"'2018-10-31 21:00'";17;20;42;16;1;moderate
DEBB021;"'2018-10-31 22:00'";20;20;39;18;3;moderate
DEBB021;"'2018-10-31 23:00'";18;16;38;16;1;moderate
DEBB021;"'2018-10-31 24:00'";17;11;44;15;1;moderate
DEBB021;"'2018-11-01 01:00'";16;7;45;15;1;moderate
DEBB021;"'2018-11-01 02:00'";16;8;43;15;1;moderate
DEBB021;"'2018-11-01 03:00'";15;9;38;14;1;moderate
DEBB021;"'2018-11-01 04:00'";16;9;35;14;1;moderate
DEBB021;"'2018-11-01 05:00'";18;2;39;16;1;moderate
DEBB021;"'2018-11-01 06:00'";20;2;40;18;1;moderate
DEBB021;"'2018-11-01 07:00'";24;2;41;21;1;moderate
DEBB021;"'2018-11-01 08:00'";27;2;41;23;1;moderate
DEBB021;"'2018-11-01 09:00'";31;3;41;26;1;moderate
DEBB021;"'2018-11-01 10:00'";34;6;36;28;1;moderate
DEBB021;"'2018-11-01 11:00'";34;13;30;29;1;moderate
DEBB021;"'2018-11-01 12:00'";31;17;30;25;1;moderate
DEBB021;"'2018-11-01 13:00'";27;21;29;21;1;moderate
DEBB021;"'2018-11-01 14:00'";26;19;31;19;1;moderate
DEBB021;"'2018-11-01 15:00'";32;14;38;18;1;moderate
DEBB021;"'2018-11-01 16:00'";25;9;41;17;1;moderate
DEBB021;"'2018-11-01 17:00'";28;2;51;19;1;moderate
DEBB021;"'2018-11-01 18:00'";27;2;55;20;1;moderate
DEBB021;"'2018-11-01 19:00'";26;2;51;20;1;moderate
DEBB021;"'2018-11-01 20:00'";27;2;49;22;1;moderate
DEBB021;"'2018-11-01 21:00'";26;5;43;22;1;moderate
DEBB021;"'2018-11-01 22:00'";20;17;25;17;1;moderate
DEBB021;"'2018-11-01 23:00'";18;11;30;15;1;good
DEBB021;"'2018-11-01 24:00'";17;6;32;15;1;moderate
DEBB021;"'2018-11-02 01:00'";17;6;31;15;1;moderate
DEBB021;"'2018-11-02 02:00'";16;2;31;15;1;moderate
DEBB021;"'2018-11-02 03:00'";16;3;31;14;1;moderate
DEBB021;"'2018-11-02 04:00'";15;3;30;14;1;good
DEBB021;"'2018-11-02 05:00'";13;17;21;12;1;good
DEBB021;"'2018-11-02 06:00'";13;16;21;12;1;good
DEBB021;"'2018-11-02 07:00'";14;6;31;12;1;moderate
DEBB021;"'2018-11-02 08:00'";16;7;32;13;1;moderate
DEBB021;"'2018-11-02 09:00'";17;10;33;14;1;moderate
DEBB021;"'2018-11-02 10:00'";14;24;20;12;1;good
DEBB021;"'2018-11-02 11:00'";14;24;22;12;1;good
DEBB021;"'2018-11-02 12:00'";14;29;19;11;1;good
DEBB021;"'2018-11-02 13:00'";11;39;17;8;1;good
DEBB021;"'2018-11-02 14:00'";11;41;18;7;1;good
DEBB021;"'2018-11-02 15:00'";11;36;25;6;1;good
DEBB021;"'2018-11-02 16:00'";15;31;31;6;1;moderate
DEBB021;"'2018-11-02 17:00'";19;9;59;12;1;moderate
DEBB021;"'2018-11-02 18:00'";16;16;48;12;1;moderate
DEBB021;"'2018-11-02 19:00'";15;8;49;12;1;moderate
DEBB021;"'2018-11-02 20:00'";21;2;57;16;1;moderate
DEBB021;"'2018-11-02 21:00'";24;2;49;18;1;moderate
DEBB021;"'2018-11-02 22:00'";24;2;43;20;1;moderate
DEBB021;"'2018-11-02 23:00'";20;2;37;18;1;moderate
DEBB021;"'2018-11-02 24:00'";23;2;33;20;1;moderate
DEBB021;"'2018-11-03 01:00'";22;2;33;20;1;moderate
DEBB021;"'2018-11-03 02:00'";21;2;30;20;1;moderate
DEBB021;"'2018-11-03 03:00'";21;2;31;20;1;moderate
DEBB021;"'2018-11-03 04:00'";22;2;31;21;1;moderate
DEBB021;"'2018-11-03 05:00'";21;5;30;20;1;moderate
DEBB021;"'2018-11-03 06:00'";21;6;30;20;1;moderate
DEBB021;"'2018-11-03 07:00'";22;11;22;20;1;moderate
DEBB021;"'2018-11-03 08:00'";21;10;22;19;1;moderate
DEBB021;"'2018-11-03 09:00'";21;14;20;19;1;moderate
DEBB021;"'2018-11-03 10:00'";21;18;16;19;1;moderate
DEBB021;"'2018-11-03 11:00'";24;19;15;20;1;moderate
DEBB021;"'2018-11-03 12:00'";24;22;17;20;1;moderate
DEBB021;"'2018-11-03 13:00'";24;20;21;19;1;moderate
DEBB021;"'2018-11-03 14:00'";24;26;18;19;1;moderate
DEBB021;"'2018-11-03 15:00'";22;31;17;18;1;moderate
DEBB021;"'2018-11-03 16:00'";22;32;17;15;1;good
DEBB021;"'2018-11-03 17:00'";19;32;24;11;1;good
DEBB021;"'2018-11-03 18:00'";18;21;37;13;1;moderate
DEBB021;"'2018-11-03 19:00'";21;9;45;16;1;moderate
DEBB021;"'2018-11-03 20:00'";25;4;44;20;1;moderate
DEBB021;"'2018-11-03 21:00'";21;5;36;18;1;moderate
DEBB021;"'2018-11-03 22:00'";24;2;36;21;1;moderate
DEBB021;"'2018-11-03 23:00'";27;2;39;23;1;moderate
DEBB021;"'2018-11-03 24:00'";32;2;46;28;1;moderate
DEBB021;"'2018-11-04 01:00'";30;2;43;28;1;moderate
DEBB021;"'2018-11-04 02:00'";29;7;34;26;1;moderate
DEBB021;"'2018-11-04 03:00'";27;15;23;25;1;moderate
DEBB021;"'2018-11-04 04:00'";27;15;18;25;1;moderate
DEBB021;"'2018-11-04 05:00'";27;15;16;26;1;moderate
DEBB021;"'2018-11-04 06:00'";27;17;13;26;1;moderate
DEBB021;"'2018-11-04 07:00'";26;17;13;25;1;moderate
DEBB021;"'2018-11-04 08:00'";27;19;12;26;1;moderate
DEBB021;"'2018-11-04 09:00'";28;18;12;27;1;moderate
DEBB021;"'2018-11-04 10:00'";31;19;12;29;1;moderate
DEBB021;"'2018-11-04 11:00'";31;20;11;29;1;moderate
DEBB021;"'2018-11-04 12:00'";30;20;10;29;1;moderate
DEBB021;"'2018-11-04 13:00'";31;20;10;30;1;moderate
DEBB021;"'2018-11-04 14:00'";32;17;11;31;1;poor
DEBB021;"'2018-11-04 15:00'";35;14;14;33;1;poor
DEBB021;"'2018-11-04 16:00'";37;12;14;35;1;poor
DEBB021;"'2018-11-04 17:00'";38;10;15;35;1;poor
DEBB021;"'2018-11-04 18:00'";44;7;18;39;1;poor
DEBB021;"'2018-11-04 19:00'";47;7;18;42;1;poor
DEBB021;"'2018-11-04 20:00'";42;10;18;38;1;poor
DEBB021;"'2018-11-04 21:00'";34;17;15;32;1;poor
DEBB021;"'2018-11-04 22:00'";32;23;10;30;1;moderate
DEBB021;"'2018-11-04 23:00'";29;23;9;27;1;moderate
DEBB021;"'2018-11-04 24:00'";27;21;9;26;1;moderate
DEBB021;"'2018-11-05 01:00'";29;17;10;27;1;moderate
DEBB021;"'2018-11-05 02:00'";31;15;11;30;1;moderate
DEBB021;"'2018-11-05 03:00'";37;15;12;34;1;poor
DEBB021;"'2018-11-05 04:00'";42;15;12;38;1;poor
DEBB021;"'2018-11-05 05:00'";45;16;13;40;1;poor
DEBB021;"'2018-11-05 06:00'";45;18;14;40;1;poor
DEBB021;"'2018-11-05 07:00'";43;15;21;39;1;poor
DEBB021;"'2018-11-05 08:00'";43;13;23;38;1;poor
DEBB021;"'2018-11-05 09:00'";42;13;24;37;1;poor
DEBB021;"'2018-11-05 10:00'";41;16;22;37;1;poor
DEBB021;"'2018-11-05 11:00'";41;19;21;36;1;poor
DEBB021;"'2018-11-05 12:00'";43;22;20;36;3;poor
DEBB021;"'2018-11-05 13:00'";40;25;20;34;3;poor
DEBB021;"'2018-11-05 14:00'";39;28;21;32;4;poor
DEBB021;"'2018-11-05 15:00'";41;24;27;32;5;poor
DEBB021;"'2018-11-05 16:00'";43;13;41;32;4;poor
DEBB021;"'2018-11-05 17:00'";43;3;59;33;3;poor
DEBB021;"'2018-11-05 18:00'";42;2;60;33;3;poor
DEBB021;"'2018-11-05 19:00'";35;5;56;30;4;moderate
DEBB021;"'2018-11-05 20:00'";34;12;44;29;4;moderate
DEBB021;"'2018-11-05 21:00'";33;17;35;29;3;moderate
DEBB021;"'2018-11-05 22:00'";31;24;27;27;2;moderate
DEBB021;"'2018-11-05 23:00'";31;21;30;27;3;moderate
DEBB021;"'2018-11-05 24:00'";29;29;22;26;3;moderate
DEBB021;"'2018-11-06 01:00'";29;33;18;25;3;moderate
DEBB021;"'2018-11-06 02:00'";29;33;15;26;1;moderate
DEBB021;"'2018-11-06 03:00'";29;38;12;26;1;moderate
DEBB021;"'2018-11-06 04:00'";29;38;11;26;1;moderate
DEBB021;"'2018-11-06 05:00'";28;36;10;26;1;moderate
DEBB021;"'2018-11-06 06:00'";29;29;18;26;1;moderate
DEBB021;"'2018-11-06 07:00'";29;15;32;26;1;moderate
DEBB021;"'2018-11-06 08:00'";30;9;36;27;1;moderate
DEBB021;"'2018-11-06 09:00'";34;8;40;29;1;moderate
DEBB021;"'2018-11-06 10:00'";33;14;32;28;1;moderate
DEBB021;"'2018-11-06 11:00'";32;22;22;27;1;moderate
DEBB021;"'2018-11-06 12:00'";29;30;17;23;1;moderate
DEBB021;"'2018-11-06 13:00'";23;39;13;19;3;moderate
DEBB021;"'2018-11-06 14:00'";27;39;15;19;4;moderate
DEBB021;"'2018-11-06 15:00'";25;42;17;19;3;moderate
DEBB021;"'2018-11-06 16:00'";31;38;26;23;1;moderate
DEBB021;"'2018-11-06 17:00'";34;18;42;23;1;moderate
DEBB021;"'2018-11-06 18:00'";32;8;53;25;1;moderate
DEBB021;"'2018-11-06 19:00'";33;2;59;27;1;moderate
DEBB021;"'2018-11-06 20:00'";33;2;60;28;1;moderate
DEBB021;"'2018-11-06 21:00'";33;2;58;29;1;moderate
DEBB021;"'2018-11-06 22:00'";33;2;52;29;1;moderate
DEBB021;"'2018-11-06 23:00'";32;4;49;29;1;moderate
DEBB021;"'2018-11-06 24:00'";31;6;46;29;1;moderate
DEBB021;"'2018-11-07 01:00'";31;16;33;29;1;moderate
DEBB021;"'2018-11-07 02:00'";32;17;26;30;1;moderate
DEBB021;"'2018-11-07 03:00'";33;15;26;30;1;moderate
DEBB021;"'2018-11-07 04:00'";32;15;25;30;1;moderate
DEBB021;"'2018-11-07 05:00'";33;15;25;30;1;moderate
DEBB021;"'2018-11-07 06:00'";34;7;31;31;1;poor
DEBB021;"'2018-11-07 07:00'";34;4;33;32;1;poor
DEBB021;"'2018-11-07 08:00'";34;3;37;32;1;poor
DEBB021;"'2018-11-07 09:00'";38;2;38;33;1;poor
DEBB021;"'2018-11-07 10:00'";38;6;33;34;1;poor
DEBB021;"'2018-11-07 11:00'";39;11;22;33;1;poor
DEBB021;"'2018-11-07 12:00'";34;18;16;30;1;moderate
DEBB021;"'2018-11-07 13:00'";32;21;16;28;1;moderate
DEBB021;"'2018-11-07 14:00'";32;23;17;28;1;moderate
DEBB021;"'2018-11-07 15:00'";34;21;20;27;1;moderate
DEBB021;"'2018-11-07 16:00'";36;18;27;28;1;moderate
DEBB021;"'2018-11-07 17:00'";40;5;43;30;1;moderate
DEBB021;"'2018-11-07 18:00'";43;2;55;33;1;poor
DEBB021;"'2018-11-07 19:00'";40;2;49;33;1;poor
DEBB021;"'2018-11-07 20:00'";36;2;39;30;1;moderate
DEBB021;"'2018-11-07 21:00'";41;2;41;35;1;poor
DEBB021;"'2018-11-07 22:00'";42;2;46;37;1;poor
DEBB021;"'2018-11-07 23:00'";40;2;46;37;1;poor
DEBB021;"'2018-11-07 24:00'";37;2;39;35;1;poor
DEBB021;"'2018-11-08 01:00'";35;2;36;34;1;poor
DEBB021;"'2018-11-08 02:00'";29;2;31;28;1;moderate
DEBB021;"'2018-11-08 03:00'";26;2;28;25;1;moderate
DEBB021;"'2018-11-08 04:00'";25;2;25;25;1;moderate
DEBB021;"'2018-11-08 05:00'";26;2;21;25;1;moderate
DEBB021;"'2018-11-08 06:00'";27;2;20;26;1;moderate
DEBB021;"'2018-11-08 07:00'";30;2;23;28;1;moderate
DEBB021;"'2018-11-08 08:00'";34;2;28;29;1;moderate
DEBB021;"'2018-11-08 09:00'";34;2;33;26;1;moderate
DEBB021;"'2018-11-08 10:00'";30;3;35;25;1;moderate
DEBB021;"'2018-11-08 11:00'";27;8;34;21;1;moderate
DEBB021;"'2018-11-08 12:00'";21;16;29;17;1;moderate
DEBB021;"'2018-11-08 13:00'";17;25;23;14;1;good
DEBB021;"'2018-11-08 14:00'";15;29;22;12;1;good
DEBB021;"'2018-11-08 15:00'";16;26;26;12;1;good
DEBB021;"'2018-11-08 16:00'";18;18;34;12;1;moderate
DEBB021;"'2018-11-08 17:00'";18;6;46;14;1;moderate
DEBB021;"'2018-11-08 18:00'";19;2;52;14;1;moderate
DEBB021;"'2018-11-08 19:00'";21;2;50;16;1;moderate
DEBB021;"'2018-11-08 20:00'";28;2;51;20;1;moderate
DEBB021;"'2018-11-08 21:00'";20;2;39;15;1;moderate
DEBB021;"'2018-11-08 22:00'";23;2;39;18;1;moderate
DEBB021;"'2018-11-08 23:00'";26;2;37;21;1;moderate
DEBB021;"'2018-11-08 24:00'";22;2;33;18;1;moderate
DEBB021;"'2018-11-09 01:00'";17;2;29;15;1;good
DEBB021;"'2018-11-09 02:00'";18;2;30;16;1;moderate
DEBB021;"'2018-11-09 03:00'";19;2;29;17;1;moderate
DEBB021;"'2018-11-09 04:00'";19;2;29;18;1;moderate
DEBB021;"'2018-11-09 05:00'";19;2;29;18;1;moderate
DEBB021;"'2018-11-09 06:00'";19;2;30;18;1;moderate
DEBB021;"'2018-11-09 07:00'";20;2;31;18;1;moderate
DEBB021;"'2018-11-09 08:00'";25;2;32;21;1;moderate
DEBB021;"'2018-11-09 09:00'";25;2;32;22;1;moderate
DEBB021;"'2018-11-09 10:00'";29;2;29;27;1;moderate
DEBB021;"'2018-11-09 11:00'";36;5;26;33;4;poor
DEBB021;"'2018-11-09 12:00'";35;10;22;33;7;poor
DEBB021;"'2018-11-09 13:00'";33;14;20;30;5;moderate
DEBB021;"'2018-11-09 14:00'";30;15;22;28;4;moderate
DEBB021;"'2018-11-09 15:00'";33;8;30;29;4;moderate
DEBB021;"'2018-11-09 16:00'";33;6;33;29;3;moderate
DEBB021;"'2018-11-09 17:00'";30;8;29;28;1;moderate
DEBB021;"'2018-11-09 18:00'";29;8;26;28;1;moderate
DEBB021;"'2018-11-09 19:00'";30;3;30;29;1;moderate
DEBB021;"'2018-11-09 20:00'";31;2;30;29;1;moderate
DEBB021;"'2018-11-09 21:00'";30;2;29;29;1;moderate
DEBB021;"'2018-11-09 22:00'";30;2;27;29;1;moderate
DEBB021;"'2018-11-09 23:00'";31;2;25;30;1;moderate
DEBB021;"'2018-11-09 24:00'";30;2;25;29;1;moderate
DEBB021;"'2018-11-10 01:00'";31;2;22;30;1;moderate
DEBB021;"'2018-11-10 02:00'";31;2;20;30;1;moderate
DEBB021;"'2018-11-10 03:00'";30;2;20;30;1;moderate
DEBB021;"'2018-11-10 04:00'";32;2;19;29;1;moderate
DEBB021;"'2018-11-10 05:00'";29;2;19;27;1;moderate
DEBB021;"'2018-11-10 06:00'";30;2;21;26;1;moderate
DEBB021;"'2018-11-10 07:00'";28;2;22;23;1;moderate
DEBB021;"'2018-11-10 08:00'";25;2;21;20;1;moderate
DEBB021;"'2018-11-10 09:00'";22;5;18;18;1;moderate
DEBB021;"'2018-11-10 10:00'";22;7;17;19;1;moderate
DEBB021;"'2018-11-10 11:00'";25;9;17;24;1;moderate
DEBB021;"'2018-11-10 12:00'";28;12;16;27;1;moderate
DEBB021;"'2018-11-10 13:00'";27;14;15;25;1;moderate
DEBB021;"'2018-11-10 14:00'";27;22;16;25;1;moderate
DEBB021;"'2018-11-10 15:00'";27;19;19;24;1;moderate
DEBB021;"'2018-11-10 16:00'";27;15;23;24;1;moderate
DEBB021;"'2018-11-10 17:00'";28;14;24;26;1;moderate
DEBB021;"'2018-11-10 18:00'";30;6;34;27;1;moderate
DEBB021;"'2018-11-10 19:00'";33;5;32;30;1;moderate
DEBB021;"'2018-11-10 20:00'";28;5;32;26;1;moderate
DEBB021;"'2018-11-10 21:00'";28;11;24;27;1;moderate
DEBB021;"'2018-11-10 22:00'";26;12;22;25;1;moderate
DEBB021;"'2018-11-10 23:00'";27;11;21;26;1;moderate
DEBB021;"'2018-11-10 24:00'";27;12;19;27;1;moderate
DEBB021;"'2018-11-11 01:00'";30;10;19;29;1;moderate
DEBB021;"'2018-11-11 02:00'";31;8;19;31;1;poor
DEBB021;"'2018-11-11 03:00'";32;7;19;32;1;poor
DEBB021;"'2018-11-11 04:00'";32;7;16;32;1;poor
DEBB021;"'2018-11-11 05:00'";32;7;14;32;1;poor
DEBB021;"'2018-11-11 06:00'";32;7;14;31;1;poor
DEBB021;"'2018-11-11 07:00'";30;7;14;29;1;moderate
DEBB021;"'2018-11-11 08:00'";29;7;14;27;1;moderate
DEBB021;"'2018-11-11 09:00'";25;9;13;24;1;moderate
DEBB021;"'2018-11-11 10:00'";23;11;11;23;1;moderate
DEBB021;"'2018-11-11 11:00'";21;10;14;20;1;moderate
DEBB021;"'2018-11-11 12:00'";20;10;13;20;1;moderate
DEBB021;"'2018-11-11 13:00'";20;9;14;19;1;moderate
DEBB021;"'2018-11-11 14:00'";21;9;13;20;1;moderate
DEBB021;"'2018-11-11 15:00'";19;15;12;18;1;moderate
DEBB021;"'2018-11-11 16:00'";15;21;13;14;1;good
DEBB021;"'2018-11-11 17:00'";14;17;17;13;1;good
DEBB021;"'2018-11-11 18:00'";18;11;21;17;1;moderate
DEBB021;"'2018-11-11 19:00'";14;7;24;13;1;good
DEBB021;"'2018-11-11 20:00'";9;22;14;8;1;good
DEBB021;"'2018-11-11 21:00'";8;27;12;8;1;good
DEBB021;"'2018-11-11 22:00'";9;22;14;8;1;good
DEBB021;"'2018-11-11 23:00'";10;24;11;9;1;good
DEBB021;"'2018-11-11 24:00'";11;23;11;10;1;good
DEBB021;"'2018-11-12 01:00'";11;23;11;11;1;good
DEBB021;"'2018-11-12 02:00'";12;21;11;11;1;good
DEBB021;"'2018-11-12 03:00'";12;20;11;12;1;good
DEBB021;"'2018-11-12 04:00'";12;20;11;11;1;good
DEBB021;"'2018-11-12 05:00'";12;22;11;12;1;good
DEBB021;"'2018-11-12 06:00'";13;20;14;12;1;good
DEBB021;"'2018-11-12 07:00'";13;5;29;12;1;good
DEBB021;"'2018-11-12 08:00'";15;2;38;13;1;moderate
DEBB021;"'2018-11-12 09:00'";14;4;36;12;1;moderate
DEBB021;"'2018-11-12 10:00'";13;6;34;11;1;moderate
DEBB021;"'2018-11-12 11:00'";17;7;35;12;1;moderate
DEBB021;"'2018-11-12 12:00'";13;10;32;11;1;moderate
DEBB021;"'2018-11-12 13:00'";14;18;23;11;1;good
DEBB021;"'2018-11-12 14:00'";13;27;17;10;1;good
DEBB021;"'2018-11-12 15:00'";13;29;19;10;1;good
DEBB021;"'2018-11-12 16:00'";14;23;24;10;1;good
DEBB021;"'2018-11-12 17:00'";16;17;30;12;1;good
DEBB021;"'2018-11-12 18:00'";16;23;22;13;1;good
DEBB021;"'2018-11-12 19:00'";14;24;21;12;1;good
DEBB021;"'2018-11-12 20:00'";15;22;19;12;1;good
DEBB021;"'2018-11-12 21:00'";14;19;19;12;1;good
DEBB021;"'2018-11-12 22:00'";13;18;20;12;1;good
DEBB021;"'2018-11-12 23:00'";13;17;21;11;1;good
DEBB021;"'2018-11-12 24:00'";12;17;19;11;1;good
DEBB021;"'2018-11-13 01:00'";12;18;19;10;1;good
DEBB021;"'2018-11-13 02:00'";12;15;21;11;1;good
DEBB021;"'2018-11-13 03:00'";12;14;19;10;1;good
DEBB021;"'2018-11-13 04:00'";12;5;23;10;1;good
DEBB021;"'2018-11-13 05:00'";12;2;26;11;1;good
DEBB021;"'2018-11-13 06:00'";13;2;27;11;1;good
DEBB021;"'2018-11-13 07:00'";13;2;27;11;1;good
DEBB021;"'2018-11-13 08:00'";13;2;30;12;1;good
DEBB021;"'2018-11-13 09:00'";14;2;31;12;1;moderate
DEBB021;"'2018-11-13 10:00'";13;2;35;12;1;moderate
DEBB021;"'2018-11-13 11:00'";14;2;34;13;1;moderate
DEBB021;"'2018-11-13 12:00'";14;4;34;12;1;moderate
DEBB021;"'2018-11-13 13:00'";12;21;22;11;1;good
DEBB021;"'2018-11-13 14:00'";10;26;20;9;1;good
DEBB021;"'2018-11-13 15:00'";8;35;18;7;1;good
DEBB021;"'2018-11-13 16:00'";7;27;27;6;1;good
DEBB021;"'2018-11-13 17:00'";5;39;23;4;1;good
DEBB021;"'2018-11-13 18:00'";4;48;23;4;1;good
DEBB021;"'2018-11-13 19:00'";2;64;12;2;1;good
DEBB021;"'2018-11-13 20:00'";4;50;16;4;1;good
DEBB021;"'2018-11-13 21:00'";7;40;19;6;1;good
DEBB021;"'2018-11-13 22:00'";8;36;20;7;1;good
DEBB021;"'2018-11-13 23:00'";10;37;17;9;1;good
DEBB021;"'2018-11-13 24:00'";9;39;15;8;1;good
DEBB021;"'2018-11-14 01:00'";9;38;13;8;1;good
DEBB021;"'2018-11-14 02:00'";11;39;11;10;1;good
DEBB021;"'2018-11-14 03:00'";12;35;14;10;1;good
DEBB021;"'2018-11-14 04:00'";13;31;17;11;1;good
DEBB021;"'2018-11-14 05:00'";14;26;19;12;1;good
DEBB021;"'2018-11-14 06:00'";14;26;16;12;1;good
DEBB021;"'2018-11-14 07:00'";15;17;28;13;1;good
DEBB021;"'2018-11-14 08:00'";16;15;28;14;1;good
DEBB021;"'2018-11-14 09:00'";17;10;36;14;1;moderate
DEBB021;"'2018-11-14 10:00'";18;23;26;14;1;good
DEBB021;"'2018-11-14 11:00'";20;33;17;15;1;good
DEBB021;"'2018-11-14 12:00'";20;38;17;16;1;moderate
DEBB021;"'2018-11-14 13:00'";20;44;14;16;1;moderate
DEBB021;"'2018-11-14 14:00'";21;42;17;16;1;moderate
DEBB021;"'2018-11-14 15:00'";20;34;21;16;1;moderate
DEBB021;"'2018-11-14 16:00'";21;20;35;16;1;moderate
DEBB021;"'2018-11-14 17:00'";23;2;59;18;1;moderate
DEBB021;"'2018-11-14 18:00'";27;2;55;20;1;moderate
DEBB021;"'2018-11-14 19:00'";27;2;57;21;1;moderate
DEBB021;"'2018-11-14 20:00'";25;2;56;20;1;moderate
DEBB021;"'2018-11-14 21:00'";24;2;54;20;1;moderate
DEBB021;"'2018-11-14 22:00'";20;2;50;17;1;moderate
DEBB021;"'2018-11-14 23:00'";19;2;42;17;1;moderate
DEBB021;"'2018-11-14 24:00'";18;2;38;16;1;moderate
DEBB021;"'2018-11-15 01:00'";16;2;35;15;1;moderate
DEBB021;"'2018-11-15 02:00'";14;2;30;13;1;good
DEBB021;"'2018-11-15 03:00'";14;2;29;13;1;good
DEBB021;"'2018-11-15 04:00'";14;2;28;13;1;good
DEBB021;"'2018-11-15 05:00'";16;2;26;14;1;good
DEBB021;"'2018-11-15 06:00'";19;2;28;17;1;moderate
DEBB021;"'2018-11-15 07:00'";20;2;29;18;1;moderate
DEBB021;"'2018-11-15 08:00'";19;2;35;16;1;moderate
DEBB021;"'2018-11-15 09:00'";21;2;38;17;1;moderate
DEBB021;"'2018-11-15 10:00'";22;2;34;18;1;moderate
DEBB021;"'2018-11-15 11:00'";23;2;33;18;1;moderate
DEBB021;"'2018-11-15 12:00'";22;6;31;18;2;moderate
DEBB021;"'2018-11-15 13:00'";21;12;28;17;1;moderate
DEBB021;"'2018-11-15 14:00'";20;18;25;16;1;moderate
DEBB021;"'2018-11-15 15:00'";17;26;24;14;1;good
DEBB021;"'2018-11-15 16:00'";18;21;35;15;3;moderate
DEBB021;"'2018-11-15 17:00'";20;7;51;16;2;moderate
DEBB021;"'2018-11-15 18:00'";21;10;49;17;1;moderate
DEBB021;"'2018-11-15 19:00'";18;16;39;15;1;moderate
DEBB021;"'2018-11-15 20:00'";15;24;27;13;1;good
DEBB021;"'2018-11-15 21:00'";16;23;23;15;1;good
DEBB021;"'2018-11-15 22:00'";17;24;19;16;1;moderate
DEBB021;"'2018-11-15 23:00'";21;22;19;20;1;moderate
DEBB021;"'2018-11-15 24:00'";22;20;19;22;1;moderate
DEBB021;"'2018-11-16 01:00'";23;19;17;22;1;moderate
DEBB021;"'2018-11-16 02:00'";24;18;17;24;1;moderate
DEBB021;"'2018-11-16 03:00'";25;18;16;25;1;moderate
DEBB021;"'2018-11-16 04:00'";25;17;17;24;1;moderate
DEBB021;"'2018-11-16 05:00'";25;14;20;25;1;moderate
DEBB021;"'2018-11-16 06:00'";26;9;25;25;1;moderate
DEBB021;"'2018-11-16 07:00'";27;2;35;25;1;moderate
DEBB021;"'2018-11-16 08:00'";25;2;39;24;1;moderate
DEBB021;"'2018-11-16 09:00'";27;6;40;24;1;moderate
DEBB021;"'2018-11-16 10:00'";27;15;29;24;1;moderate
DEBB021;"'2018-11-16 11:00'";27;19;26;24;1;moderate
DEBB021;"'2018-11-16 12:00'";21;34;17;18;1;moderate
DEBB021;"'2018-11-16 13:00'";14;40;16;12;2;good
DEBB021;"'2018-11-16 14:00'";12;45;12;10;1;good
DEBB021;"'2018-11-16 15:00'";12;46;12;10;1;good
DEBB021;"'2018-11-16 16:00'";13;42;15;11;1;good
DEBB021;"'2018-11-16 17:00'";15;34;21;14;1;good
DEBB021;"'2018-11-16 18:00'";17;25;27;15;1;good
DEBB021;"'2018-11-16 19:00'";19;32;18;18;1;moderate
DEBB021;"'2018-11-16 20:00'";18;36;12;18;1;moderate
DEBB021;"'2018-11-16 21:00'";18;36;9;17;1;moderate
DEBB021;"'2018-11-16 22:00'";18;33;9;18;1;moderate
DEBB021;"'2018-11-16 23:00'";18;29;10;18;1;moderate
DEBB021;"'2018-11-16 24:00'";21;21;9;21;1;moderate
DEBB021;"'2018-11-17 01:00'";24;14;13;24;1;moderate
DEBB021;"'2018-11-17 02:00'";25;13;13;24;1;moderate
DEBB021;"'2018-11-17 03:00'";26;12;13;25;1;moderate
DEBB021;"'2018-11-17 04:00'";26;11;13;26;1;moderate
DEBB021;"'2018-11-17 05:00'";27;10;13;26;1;moderate
DEBB021;"'2018-11-17 06:00'";27;9;13;27;1;moderate
DEBB021;"'2018-11-17 07:00'";27;8;15;27;1;moderate
DEBB021;"'2018-11-17 08:00'";28;6;19;28;1;moderate
DEBB021;"'2018-11-17 09:00'";29;7;17;29;1;moderate
DEBB021;"'2018-11-17 10:00'";29;11;16;29;1;moderate
DEBB021;"'2018-11-17 11:00'";28;16;13;27;1;moderate
DEBB021;"'2018-11-17 12:00'";23;28;13;22;1;moderate
DEBB021;"'2018-11-17 13:00'";22;35;14;20;1;moderate
DEBB021;"'2018-11-17 14:00'";21;36;14;20;1;moderate
DEBB021;"'2018-11-17 15:00'";22;37;13;21;1;moderate
DEBB021;"'2018-11-17 16:00'";23;32;18;22;1;moderate
DEBB021;"'2018-11-17 17:00'";24;21;30;23;1;moderate
DEBB021;"'2018-11-17 18:00'";26;12;38;25;1;moderate
DEBB021;"'2018-11-17 19:00'";29;7;43;27;1;moderate
DEBB021;"'2018-11-17 20:00'";31;10;35;29;1;moderate
DEBB021;"'2018-11-17 21:00'";35;6;35;34;1;poor
DEBB021;"'2018-11-17 22:00'";36;6;34;35;1;poor
DEBB021;"'2018-11-17 23:00'";37;2;37;36;1;poor
DEBB021;"'2018-11-17 24:00'";37;4;32;36;1;poor
DEBB021;"'2018-11-18 01:00'";36;5;32;36;1;poor
DEBB021;"'2018-11-18 02:00'";37;3;35;37;1;poor
DEBB021;"'2018-11-18 03:00'";38;5;33;37;1;poor
DEBB021;"'2018-11-18 04:00'";38;2;33;37;1;poor
DEBB021;"'2018-11-18 05:00'";37;2;33;36;1;poor
DEBB021;"'2018-11-18 06:00'";37;2;34;36;1;poor
DEBB021;"'2018-11-18 07:00'";36;2;34;36;1;poor
DEBB021;"'2018-11-18 08:00'";37;2;32;36;1;poor
DEBB021;"'2018-11-18 09:00'";36;9;25;35;1;poor
DEBB021;"'2018-11-18 10:00'";36;13;22;35;1;poor
DEBB021;"'2018-11-18 11:00'";31;25;19;30;3;moderate
DEBB021;"'2018-11-18 12:00'";25;35;17;25;6;moderate
DEBB021;"'2018-11-18 13:00'";26;32;18;25;7;moderate
DEBB021;"'2018-11-18 14:00'";26;28;19;25;4;moderate
DEBB021;"'2018-11-18 15:00'";26;25;18;25;1;moderate
DEBB021;"'2018-11-18 16:00'";25;22;20;24;1;moderate
DEBB021;"'2018-11-18 17:00'";23;24;17;23;1;moderate
DEBB021;"'2018-11-18 18:00'";21;25;14;20;1;moderate
DEBB021;"'2018-11-18 19:00'";19;24;13;18;1;moderate
DEBB021;"'2018-11-18 20:00'";16;27;12;16;1;moderate
DEBB021;"'2018-11-18 21:00'";13;31;10;13;1;good
DEBB021;"'2018-11-18 22:00'";10;35;10;10;1;good
DEBB021;"'2018-11-18 23:00'";9;36;11;9;1;good
DEBB021;"'2018-11-18 24:00'";8;40;8;7;1;good
DEBB021;"'2018-11-19 01:00'";5;41;9;5;1;good
DEBB021;"'2018-11-19 02:00'";4;39;11;4;1;good
DEBB021;"'2018-11-19 03:00'";5;41;7;5;1;good
DEBB021;"'2018-11-19 04:00'";6;39;7;6;1;good
DEBB021;"'2018-11-19 05:00'";6;38;7;5;1;good
DEBB021;"'2018-11-19 06:00'";6;36;8;5;1;good
DEBB021;"'2018-11-19 07:00'";6;32;12;6;1;good
DEBB021;"'2018-11-19 08:00'";7;30;16;6;1;good
DEBB021;"'2018-11-19 09:00'";6;29;17;6;1;good
DEBB021;"'2018-11-19 10:00'";6;30;16;6;1;good
DEBB021;"'2018-11-19 11:00'";6;30;15;6;1;good
DEBB021;"'2018-11-19 12:00'";8;32;13;7;1;good
DEBB021;"'2018-11-19 13:00'";8;31;13;7;1;good
DEBB021;"'2018-11-19 14:00'";6;34;12;6;1;good
DEBB021;"'2018-11-19 15:00'";6;32;16;6;1;good
DEBB021;"'2018-11-19 16:00'";9;29;19;8;1;good
DEBB021;"'2018-11-19 17:00'";10;27;19;10;1;good
DEBB021;"'2018-11-19 18:00'";10;23;21;10;1;good
DEBB021;"'2018-11-19 19:00'";12;22;20;12;1;good
DEBB021;"'2018-11-19 20:00'";14;25;16;13;1;good
DEBB021;"'2018-11-19 21:00'";15;24;15;15;1;good
DEBB021;"'2018-11-19 22:00'";14;32;10;14;1;good
DEBB021;"'2018-11-19 23:00'";15;37;8;14;1;good
DEBB021;"'2018-11-19 24:00'";16;33;9;16;1;moderate
DEBB021;"'2018-11-20 01:00'";18;42;6;17;1;moderate
DEBB021;"'2018-11-20 02:00'";19;49;3;18;1;moderate
DEBB021;"'2018-11-20 03:00'";17;50;3;17;1;moderate
DEBB021;"'2018-11-20 04:00'";19;46;5;18;1;moderate
DEBB021;"'2018-11-20 05:00'";17;47;4;16;1;moderate
DEBB021;"'2018-11-20 06:00'";17;44;5;16;1;moderate
DEBB021;"'2018-11-20 07:00'";18;36;9;18;1;moderate
DEBB021;"'2018-11-20 08:00'";20;32;12;19;1;moderate
DEBB021;"'2018-11-20 09:00'";19;29;14;18;1;moderate
DEBB021;"'2018-11-20 10:00'";19;30;13;18;1;moderate
DEBB021;"'2018-11-20 11:00'";20;31;13;19;1;moderate
DEBB021;"'2018-11-20 12:00'";21;32;12;20;1;moderate
DEBB021;"'2018-11-20 13:00'";24;34;12;22;1;moderate
DEBB021;"'2018-11-20 14:00'";24;36;10;23;1;moderate
DEBB021;"'2018-11-20 15:00'";25;36;13;23;1;moderate
DEBB021;"'2018-11-20 16:00'";24;36;15;23;1;moderate
DEBB021;"'2018-11-20 17:00'";25;36;15;24;1;moderate
DEBB021;"'2018-11-20 18:00'";26;39;14;25;1;moderate
DEBB021;"'2018-11-20 19:00'";24;39;13;23;1;moderate
DEBB021;"'2018-11-20 20:00'";22;41;11;21;1;moderate
DEBB021;"'2018-11-20 21:00'";23;39;11;22;1;moderate
DEBB021;"'2018-11-20 22:00'";24;38;10;23;1;moderate
DEBB021;"'2018-11-20 23:00'";25;39;9;24;1;moderate
DEBB021;"'2018-11-20 24:00'";25;40;8;25;1;moderate
DEBB021;"'2018-11-21 01:00'";27;40;8;26;1;moderate
DEBB021;"'2018-11-21 02:00'";28;39;8;28;1;moderate
DEBB021;"'2018-11-21 03:00'";28;38;8;27;1;moderate
DEBB021;"'2018-11-21 04:00'";28;35;8;28;2;moderate
DEBB021;"'2018-11-21 05:00'";31;34;10;30;4;moderate
DEBB021;"'2018-11-21 06:00'";32;32;11;32;2;poor
DEBB021;"'2018-11-21 07:00'";32;27;15;31;1;poor
DEBB021;"'2018-11-21 08:00'";32;22;20;31;1;poor
DEBB021;"'2018-11-21 09:00'";33;20;20;31;1;poor
DEBB021;"'2018-11-21 10:00'";31;21;18;30;1;moderate
DEBB021;"'2018-11-21 11:00'";30;23;15;29;-;moderate
DEBB021;"'2018-11-21 12:00'";29;23;14;29;1;moderate
DEBB021;"'2018-11-21 13:00'";31;21;16;29;1;moderate
DEBB021;"'2018-11-21 14:00'";31;20;17;30;1;moderate
DEBB021;"'2018-11-21 15:00'";30;20;18;29;1;moderate
DEBB021;"'2018-11-21 16:00'";28;18;22;27;1;moderate
DEBB021;"'2018-11-21 17:00'";27;17;25;26;1;moderate
DEBB021;"'2018-11-21 18:00'";26;22;19;26;1;moderate
DEBB021;"'2018-11-21 19:00'";27;25;16;26;1;moderate
DEBB021;"'2018-11-21 20:00'";28;21;19;27;1;moderate
DEBB021;"'2018-11-21 21:00'";28;21;18;28;1;moderate
DEBB021;"'2018-11-21 22:00'";29;26;14;29;1;moderate
DEBB021;"'2018-11-21 23:00'";30;28;12;29;1;moderate
DEBB021;"'2018-11-21 24:00'";28;32;11;28;1;moderate
DEBB021;"'2018-11-22 01:00'";28;34;10;28;1;moderate
DEBB021;"'2018-11-22 02:00'";29;32;11;28;1;moderate
DEBB021;"'2018-11-22 03:00'";28;33;10;28;1;moderate
DEBB021;"'2018-11-22 04:00'";29;31;10;29;1;moderate
DEBB021;"'2018-11-22 05:00'";30;30;10;30;1;moderate
DEBB021;"'2018-11-22 06:00'";31;29;12;30;1;moderate
DEBB021;"'2018-11-22 07:00'";31;27;15;31;1;poor
DEBB021;"'2018-11-22 08:00'";31;23;20;31;1;poor
DEBB021;"'2018-11-22 09:00'";32;23;22;31;1;poor
DEBB021;"'2018-11-22 10:00'";30;26;19;29;1;moderate
DEBB021;"'2018-11-22 11:00'";29;29;15;28;1;moderate
DEBB021;"'2018-11-22 12:00'";30;31;14;29;1;moderate
DEBB021;"'2018-11-22 13:00'";31;30;15;30;1;moderate
DEBB021;"'2018-11-22 14:00'";32;27;18;30;1;moderate
DEBB021;"'2018-11-22 15:00'";32;24;21;30;1;moderate
DEBB021;"'2018-11-22 16:00'";31;22;23;30;1;moderate
DEBB021;"'2018-11-22 17:00'";32;22;22;31;1;poor
DEBB021;"'2018-11-22 18:00'";33;22;21;32;1;poor
DEBB021;"'2018-11-22 19:00'";35;23;20;34;1;poor
DEBB021;"'2018-11-22 20:00'";33;28;15;33;1;poor
DEBB021;"'2018-11-22 21:00'";33;31;13;32;1;poor
DEBB021;"'2018-11-22 22:00'";28;35;11;27;1;moderate
DEBB021;"'2018-11-22 23:00'";24;37;10;24;1;moderate
DEBB021;"'2018-11-22 24:00'";22;36;8;21;1;moderate
DEBB021;"'2018-11-23 01:00'";20;33;9;20;1;moderate
DEBB021;"'2018-11-23 02:00'";23;33;8;22;1;moderate
DEBB021;"'2018-11-23 03:00'";26;28;10;25;1;moderate
DEBB021;"'2018-11-23 04:00'";27;24;12;26;1;moderate
DEBB021;"'2018-11-23 05:00'";30;23;12;29;1;moderate
DEBB021;"'2018-11-23 06:00'";36;19;14;34;1;poor
DEBB021;"'2018-11-23 07:00'";40;12;21;38;1;poor
DEBB021;"'2018-11-23 08:00'";43;6;26;40;1;poor
DEBB021;"'2018-11-23 09:00'";42;2;28;40;1;poor
DEBB021;"'2018-11-23 10:00'";40;4;25;39;1;poor
DEBB021;"'2018-11-23 11:00'";38;2;23;37;1;poor
DEBB021;"'2018-11-23 12:00'";36;3;21;35;1;poor
DEBB021;"'2018-11-23 13:00'";35;3;20;33;1;poor
DEBB021;"'2018-11-23 14:00'";33;3;20;32;1;poor
DEBB021;"'2018-11-23 15:00'";35;2;22;32;1;poor
DEBB021;"'2018-11-23 16:00'";35;2;23;33;1;poor
DEBB021;"'2018-11-23 17:00'";37;2;24;35;1;poor
DEBB021;"'2018-11-23 18:00'";38;2;22;37;1;poor
DEBB021;"'2018-11-23 19:00'";39;2;23;38;1;poor
DEBB021;"'2018-11-23 20:00'";38;2;23;37;1;poor
DEBB021;"'2018-11-23 21:00'";39;2;25;38;1;poor
DEBB021;"'2018-11-23 22:00'";40;2;23;39;1;poor
DEBB021;"'2018-11-23 23:00'";42;2;21;42;1;poor
DEBB021;"'2018-11-23 24:00'";47;2;21;41;1;poor
DEBB021;"'2018-11-24 01:00'";47;2;23;38;1;poor
DEBB021;"'2018-11-24 02:00'";44;2;24;35;1;poor
DEBB021;"'2018-11-24 03:00'";39;2;24;31;1;poor
DEBB021;"'2018-11-24 04:00'";35;2;23;29;1;moderate
DEBB021;"'2018-11-24 05:00'";33;2;22;27;1;moderate
DEBB021;"'2018-11-24 06:00'";32;2;22;27;1;moderate
DEBB021;"'2018-11-24 07:00'";34;2;21;28;1;moderate
DEBB021;"'2018-11-24 08:00'";33;2;22;27;1;moderate
DEBB021;"'2018-11-24 09:00'";36;2;21;28;1;moderate
DEBB021;"'2018-11-24 10:00'";28;2;23;28;1;moderate
DEBB021;"'2018-11-24 11:00'";30;2;24;30;1;moderate
DEBB021;"'2018-11-24 12:00'";32;2;25;31;1;poor
DEBB021;"'2018-11-24 13:00'";33;2;27;32;1;poor
DEBB021;"'2018-11-24 14:00'";35;2;28;33;1;poor
DEBB021;"'2018-11-24 15:00'";34;2;29;33;1;poor
DEBB021;"'2018-11-24 16:00'";34;2;29;33;1;poor
DEBB021;"'2018-11-24 17:00'";34;2;28;33;1;poor
DEBB021;"'2018-11-24 18:00'";35;2;27;34;1;poor
DEBB021;"'2018-11-24 19:00'";36;2;25;36;1;poor
DEBB021;"'2018-11-24 20:00'";37;2;24;37;1;poor
DEBB021;"'2018-11-24 21:00'";39;2;23;39;1;poor
DEBB021;"'2018-11-24 22:00'";40;2;22;39;1;poor
DEBB021;"'2018-11-24 23:00'";41;2;21;41;1;poor
DEBB021;"'2018-11-24 24:00'";41;2;20;41;1;poor
DEBB021;"'2018-11-25 01:00'";42;2;18;42;1;poor
DEBB021;"'2018-11-25 02:00'";41;2;18;40;1;poor
DEBB021;"'2018-11-25 03:00'";40;2;17;40;1;poor
DEBB021;"'2018-11-25 04:00'";39;2;16;39;1;poor
DEBB021;"'2018-11-25 05:00'";39;2;15;39;1;poor
DEBB021;"'2018-11-25 06:00'";37;2;16;36;1;poor
DEBB021;"'2018-11-25 07:00'";35;2;16;35;1;poor
DEBB021;"'2018-11-25 08:00'";34;2;16;34;1;poor
DEBB021;"'2018-11-25 09:00'";33;2;15;33;1;poor
DEBB021;"'2018-11-25 10:00'";32;2;16;32;1;poor
DEBB021;"'2018-11-25 11:00'";32;2;18;31;1;poor
DEBB021;"'2018-11-25 12:00'";31;3;17;31;1;poor
DEBB021;"'2018-11-25 13:00'";29;5;21;29;1;moderate
DEBB021;"'2018-11-25 14:00'";33;2;27;32;1;poor
DEBB021;"'2018-11-25 15:00'";40;2;28;39;1;poor
DEBB021;"'2018-11-25 16:00'";37;2;26;37;1;poor
DEBB021;"'2018-11-25 17:00'";35;2;27;35;1;poor
DEBB021;"'2018-11-25 18:00'";36;2;25;35;1;poor
DEBB021;"'2018-11-25 19:00'";37;2;24;36;1;poor
DEBB021;"'2018-11-25 20:00'";42;2;22;42;1;poor
DEBB021;"'2018-11-25 21:00'";42;2;20;42;1;poor
DEBB021;"'2018-11-25 22:00'";40;2;21;39;1;poor
DEBB021;"'2018-11-25 23:00'";31;2;23;31;1;poor
DEBB021;"'2018-11-25 24:00'";25;9;19;25;1;moderate
DEBB021;"'2018-11-26 01:00'";26;14;13;25;1;moderate
DEBB021;"'2018-11-26 02:00'";25;19;9;25;1;moderate
DEBB021;"'2018-11-26 03:00'";27;22;10;27;1;moderate
DEBB021;"'2018-11-26 04:00'";28;21;11;28;1;moderate
DEBB021;"'2018-11-26 05:00'";29;19;12;28;1;moderate
DEBB021;"'2018-11-26 06:00'";23;25;10;23;1;moderate
DEBB021;"'2018-11-26 07:00'";22;21;16;22;1;moderate
DEBB021;"'2018-11-26 08:00'";23;11;28;23;1;moderate
DEBB021;"'2018-11-26 09:00'";28;4;31;27;1;moderate
DEBB021;"'2018-11-26 10:00'";31;4;31;30;1;moderate
DEBB021;"'2018-11-26 11:00'";29;8;27;27;1;moderate
DEBB021;"'2018-11-26 12:00'";25;11;26;23;1;moderate
DEBB021;"'2018-11-26 13:00'";21;16;22;20;1;moderate
DEBB021;"'2018-11-26 14:00'";19;24;18;18;1;moderate
DEBB021;"'2018-11-26 15:00'";20;21;20;19;1;moderate
DEBB021;"'2018-11-26 16:00'";23;17;26;21;1;moderate
DEBB021;"'2018-11-26 17:00'";21;18;24;21;1;moderate
DEBB021;"'2018-11-26 18:00'";21;20;21;21;1;moderate
DEBB021;"'2018-11-26 19:00'";20;25;18;19;1;moderate
DEBB021;"'2018-11-26 20:00'";17;31;14;17;1;moderate
DEBB021;"'2018-11-26 21:00'";14;38;10;14;1;good
DEBB021;"'2018-11-26 22:00'";15;38;9;15;1;good
DEBB021;"'2018-11-26 23:00'";19;26;15;19;1;moderate
DEBB021;"'2018-11-26 24:00'";22;18;18;22;1;moderate
DEBB021;"'2018-11-27 01:00'";22;16;19;22;1;moderate
DEBB021;"'2018-11-27 02:00'";21;14;20;21;1;moderate
DEBB021;"'2018-11-27 03:00'";21;13;19;21;1;moderate
DEBB021;"'2018-11-27 04:00'";22;12;20;22;1;moderate
DEBB021;"'2018-11-27 05:00'";23;9;23;23;1;moderate
DEBB021;"'2018-11-27 06:00'";23;4;29;23;1;moderate
DEBB021;"'2018-11-27 07:00'";23;2;34;23;1;moderate
DEBB021;"'2018-11-27 08:00'";24;2;40;22;1;moderate
DEBB021;"'2018-11-27 09:00'";22;2;43;21;1;moderate
DEBB021;"'2018-11-27 10:00'";22;7;40;21;1;moderate
DEBB021;"'2018-11-27 11:00'";20;15;33;19;1;moderate
DEBB021;"'2018-11-27 12:00'";22;13;37;19;1;moderate
DEBB021;"'2018-11-27 13:00'";18;19;35;16;1;moderate
DEBB021;"'2018-11-27 14:00'";20;15;41;17;1;moderate
DEBB021;"'2018-11-27 15:00'";26;4;50;21;1;moderate
DEBB021;"'2018-11-27 16:00'";33;2;58;25;2;moderate
DEBB021;"'2018-11-27 17:00'";33;2;60;25;1;moderate
DEBB021;"'2018-11-27 18:00'";34;2;56;26;1;moderate
DEBB021;"'2018-11-27 19:00'";34;2;58;25;1;moderate
DEBB021;"'2018-11-27 20:00'";36;2;63;27;1;poor
DEBB021;"'2018-11-27 21:00'";33;2;60;25;1;moderate
DEBB021;"'2018-11-27 22:00'";29;2;62;23;2;poor
DEBB021;"'2018-11-27 23:00'";25;2;57;21;2;moderate
DEBB021;"'2018-11-27 24:00'";23;2;54;20;1;moderate
DEBB021;"'2018-11-28 01:00'";24;2;53;21;1;moderate
DEBB021;"'2018-11-28 02:00'";22;2;51;20;1;moderate
DEBB021;"'2018-11-28 03:00'";17;4;52;16;1;moderate
DEBB021;"'2018-11-28 04:00'";15;15;41;14;1;moderate
DEBB021;"'2018-11-28 05:00'";16;15;35;15;1;moderate
DEBB021;"'2018-11-28 06:00'";14;25;30;13;1;good
DEBB021;"'2018-11-28 07:00'";14;27;34;12;1;moderate
DEBB021;"'2018-11-28 08:00'";17;15;50;14;1;moderate
DEBB021;"'2018-11-28 09:00'";23;11;57;14;1;moderate
DEBB021;"'2018-11-28 10:00'";20;13;54;14;1;moderate
DEBB021;"'2018-11-28 11:00'";19;29;36;14;1;moderate
DEBB021;"'2018-11-28 12:00'";19;-;20;13;3;good
DEBB021;"'2018-11-28 13:00'";17;-;15;15;2;good
DEBB021;"'2018-11-28 14:00'";18;58;11;14;1;good
DEBB021;"'2018-11-28 15:00'";16;54;19;12;1;good
DEBB021;"'2018-11-28 16:00'";14;53;20;10;2;good
DEBB021;"'2018-11-28 17:00'";14;42;29;11;1;good
DEBB021;"'2018-11-28 18:00'";15;24;45;12;2;moderate
DEBB021;"'2018-11-28 19:00'";15;27;39;13;4;moderate
DEBB021;"'2018-11-28 20:00'";13;36;29;12;3;good
DEBB021;"'2018-11-28 21:00'";14;39;23;13;1;good
DEBB021;"'2018-11-28 22:00'";15;39;22;14;1;good
DEBB021;"'2018-11-28 23:00'";18;38;19;17;1;moderate
DEBB021;"'2018-11-28 24:00'";22;36;20;21;1;moderate
DEBB021;"'2018-11-29 01:00'";28;36;15;26;1;moderate
DEBB021;"'2018-11-29 02:00'";30;32;19;29;1;moderate
DEBB021;"'2018-11-29 03:00'";30;34;16;29;1;moderate
DEBB021;"'2018-11-29 04:00'";31;31;23;30;1;moderate
DEBB021;"'2018-11-29 05:00'";30;30;21;29;1;moderate
DEBB021;"'2018-11-29 06:00'";30;28;24;29;1;moderate
DEBB021;"'2018-11-29 07:00'";30;25;27;28;1;moderate
DEBB021;"'2018-11-29 08:00'";31;23;29;27;1;moderate
DEBB021;"'2018-11-29 09:00'";30;24;29;26;1;moderate
DEBB021;"'2018-11-29 10:00'";30;30;25;25;1;moderate
DEBB021;"'2018-11-29 11:00'";31;36;17;24;3;moderate
DEBB021;"'2018-11-29 12:00'";29;37;19;23;3;moderate
DEBB021;"'2018-11-29 13:00'";30;40;19;23;1;moderate
DEBB021;"'2018-11-29 14:00'";32;43;18;23;1;moderate
DEBB021;"'2018-11-29 15:00'";33;39;31;23;1;moderate
DEBB021;"'2018-11-29 16:00'";30;38;27;21;1;moderate
DEBB021;"'2018-11-29 17:00'";28;38;28;21;1;moderate
DEBB021;"'2018-11-29 18:00'";27;41;23;22;1;moderate
DEBB021;"'2018-11-29 19:00'";28;40;22;22;1;moderate
DEBB021;"'2018-11-29 20:00'";25;43;15;20;1;moderate
DEBB021;"'2018-11-29 21:00'";22;43;14;18;1;moderate
DEBB021;"'2018-11-29 22:00'";22;44;12;17;1;moderate
DEBB021;"'2018-11-29 23:00'";21;42;14;18;1;moderate
DEBB021;"'2018-11-29 24:00'";22;43;14;20;1;moderate
DEBB021;"'2018-11-30 01:00'";21;44;10;19;1;moderate
DEBB021;"'2018-11-30 02:00'";20;47;8;18;1;moderate
DEBB021;"'2018-11-30 03:00'";19;47;9;16;1;moderate
DEBB021;"'2018-11-30 04:00'";18;47;7;16;1;moderate
DEBB021;"'2018-11-30 05:00'";20;45;9;18;1;moderate
DEBB021;"'2018-11-30 06:00'";23;41;11;19;2;moderate
DEBB021;"'2018-11-30 07:00'";24;35;16;21;2;moderate
DEBB021;"'2018-11-30 08:00'";25;31;20;21;1;moderate
DEBB021;"'2018-11-30 09:00'";28;27;24;22;2;moderate
DEBB021;"'2018-11-30 10:00'";28;29;21;23;3;moderate
DEBB021;"'2018-11-30 11:00'";28;30;21;23;3;moderate
DEBB021;"'2018-11-30 12:00'";29;30;20;23;3;moderate
DEBB021;"'2018-11-30 13:00'";27;31;19;23;3;moderate
DEBB021;"'2018-11-30 14:00'";27;29;21;23;2;moderate
DEBB021;"'2018-11-30 15:00'";26;26;23;22;1;moderate
DEBB021;"'2018-11-30 16:00'";24;24;23;22;1;moderate
DEBB021;"'2018-11-30 17:00'";23;20;25;23;1;moderate
DEBB021;"'2018-11-30 18:00'";25;19;24;24;1;moderate
DEBB021;"'2018-11-30 19:00'";26;20;22;25;1;moderate
DEBB021;"'2018-11-30 20:00'";25;21;19;25;1;moderate
DEBB021;"'2018-11-30 21:00'";26;21;18;25;1;moderate
DEBB021;"'2018-11-30 22:00'";26;20;17;26;1;moderate
DEBB021;"'2018-11-30 23:00'";28;17;19;27;1;moderate
DEBB021;"'2018-11-30 24:00'";28;16;18;28;1;moderate
DEBB021;"'2018-12-01 01:00'";29;16;17;28;1;moderate
DEBB021;"'2018-12-01 02:00'";30;14;18;29;1;moderate
DEBB021;"'2018-12-01 03:00'";30;13;17;30;1;moderate
DEBB021;"'2018-12-01 04:00'";33;11;18;31;1;poor
DEBB021;"'2018-12-01 05:00'";35;9;19;31;1;poor
DEBB021;"'2018-12-01 06:00'";38;7;20;30;1;moderate
DEBB021;"'2018-12-01 07:00'";35;3;21;31;1;poor
DEBB021;"'2018-12-01 08:00'";32;2;22;31;1;poor
DEBB021;"'2018-12-01 09:00'";29;2;25;29;1;moderate
DEBB021;"'2018-12-01 10:00'";29;4;24;28;1;moderate
DEBB021;"'2018-12-01 11:00'";26;7;26;26;1;moderate
DEBB021;"'2018-12-01 12:00'";23;11;22;23;1;moderate
DEBB021;"'2018-12-01 13:00'";23;13;23;22;1;moderate
DEBB021;"'2018-12-01 14:00'";21;14;25;20;1;moderate
DEBB021;"'2018-12-01 15:00'";21;11;28;21;1;moderate
DEBB021;"'2018-12-01 16:00'";21;11;30;20;1;moderate
DEBB021;"'2018-12-01 17:00'";22;5;36;21;1;moderate
DEBB021;"'2018-12-01 18:00'";21;6;43;20;1;moderate
DEBB021;"'2018-12-01 19:00'";20;12;34;19;1;moderate
DEBB021;"'2018-12-01 20:00'";15;27;19;14;1;good
DEBB021;"'2018-12-01 21:00'";14;28;18;14;1;good
DEBB021;"'2018-12-01 22:00'";13;29;16;13;1;good
DEBB021;"'2018-12-01 23:00'";13;26;16;13;1;good
DEBB021;"'2018-12-01 24:00'";14;24;14;14;1;good
DEBB021;"'2018-12-02 01:00'";16;26;12;16;1;moderate
DEBB021;"'2018-12-02 02:00'";16;26;12;16;1;moderate
DEBB021;"'2018-12-02 03:00'";15;24;13;15;1;good
DEBB021;"'2018-12-02 04:00'";14;24;12;14;1;good
DEBB021;"'2018-12-02 05:00'";13;26;11;13;1;good
DEBB021;"'2018-12-02 06:00'";11;30;10;11;1;good
DEBB021;"'2018-12-02 07:00'";11;32;10;11;1;good
DEBB021;"'2018-12-02 08:00'";11;32;9;10;1;good
DEBB021;"'2018-12-02 09:00'";11;29;11;11;1;good
DEBB021;"'2018-12-02 10:00'";11;27;13;11;1;good
DEBB021;"'2018-12-02 11:00'";10;31;13;10;1;good
DEBB021;"'2018-12-02 12:00'";9;35;12;9;1;good
DEBB021;"'2018-12-02 13:00'";8;37;10;8;1;good
DEBB021;"'2018-12-02 14:00'";7;35;12;7;1;good
DEBB021;"'2018-12-02 15:00'";8;29;15;8;1;good
DEBB021;"'2018-12-02 16:00'";8;21;22;7;1;good
DEBB021;"'2018-12-02 17:00'";8;19;21;7;1;good
DEBB021;"'2018-12-02 18:00'";7;20;22;7;1;good
DEBB021;"'2018-12-02 19:00'";7;24;18;7;1;good
DEBB021;"'2018-12-02 20:00'";6;29;14;6;1;good
DEBB021;"'2018-12-02 21:00'";3;33;9;3;1;good
DEBB021;"'2018-12-02 22:00'";4;34;8;4;1;good
DEBB021;"'2018-12-02 23:00'";4;31;8;4;1;good
DEBB021;"'2018-12-02 24:00'";4;32;7;4;1;good
DEBB021;"'2018-12-03 01:00'";4;36;6;4;1;good
DEBB021;"'2018-12-03 02:00'";5;37;5;4;1;good
DEBB021;"'2018-12-03 03:00'";3;43;5;3;1;good
DEBB021;"'2018-12-03 04:00'";3;40;5;3;1;good
DEBB021;"'2018-12-03 05:00'";5;33;7;5;1;good
DEBB021;"'2018-12-03 06:00'";5;31;9;4;1;good
DEBB021;"'2018-12-03 07:00'";5;30;13;4;1;good
DEBB021;"'2018-12-03 08:00'";5;23;20;4;1;good
DEBB021;"'2018-12-03 09:00'";5;24;20;4;1;good
DEBB021;"'2018-12-03 10:00'";4;28;18;4;1;good
DEBB021;"'2018-12-03 11:00'";4;31;16;3;1;good
DEBB021;"'2018-12-03 12:00'";4;34;14;3;1;good
DEBB021;"'2018-12-03 13:00'";3;47;11;3;1;good
DEBB021;"'2018-12-03 14:00'";5;58;9;4;1;good
DEBB021;"'2018-12-03 15:00'";7;53;15;6;1;good
DEBB021;"'2018-12-03 16:00'";9;50;18;8;1;good
DEBB021;"'2018-12-03 17:00'";9;33;32;8;1;moderate
DEBB021;"'2018-12-03 18:00'";9;43;20;8;1;good
DEBB021;"'2018-12-03 19:00'";9;38;23;8;1;good
DEBB021;"'2018-12-03 20:00'";7;38;21;6;1;good
DEBB021;"'2018-12-03 21:00'";7;32;20;6;1;good
DEBB021;"'2018-12-03 22:00'";7;29;18;6;1;good
DEBB021;"'2018-12-03 23:00'";7;30;16;6;1;good
DEBB021;"'2018-12-03 24:00'";7;32;15;6;1;good
DEBB021;"'2018-12-04 01:00'";5;39;11;5;1;good
DEBB021;"'2018-12-04 02:00'";5;42;8;4;1;good
DEBB021;"'2018-12-04 03:00'";5;40;12;4;1;good
DEBB021;"'2018-12-04 04:00'";4;47;7;4;1;good
DEBB021;"'2018-12-04 05:00'";2;63;2;2;1;good
DEBB021;"'2018-12-04 06:00'";3;65;3;3;1;good
DEBB021;"'2018-12-04 07:00'";5;60;7;4;1;good
DEBB021;"'2018-12-04 08:00'";5;59;10;4;1;good
DEBB021;"'2018-12-04 09:00'";6;56;10;5;1;good
DEBB021;"'2018-12-04 10:00'";6;51;10;5;1;good
DEBB021;"'2018-12-04 11:00'";6;54;8;5;1;good
DEBB021;"'2018-12-04 12:00'";7;56;8;5;1;good
DEBB021;"'2018-12-04 13:00'";8;59;7;6;1;good
DEBB021;"'2018-12-04 14:00'";8;62;7;6;1;good
DEBB021;"'2018-12-04 15:00'";8;65;8;5;1;good
DEBB021;"'2018-12-04 16:00'";8;63;11;5;1;good
DEBB021;"'2018-12-04 17:00'";10;57;15;6;1;good
DEBB021;"'2018-12-04 18:00'";9;59;13;6;1;good
DEBB021;"'2018-12-04 19:00'";10;59;12;7;1;good
DEBB021;"'2018-12-04 20:00'";10;55;12;8;1;good
DEBB021;"'2018-12-04 21:00'";7;55;9;6;1;good
DEBB021;"'2018-12-04 22:00'";6;52;9;5;1;good
DEBB021;"'2018-12-04 23:00'";7;49;9;6;1;good
DEBB021;"'2018-12-04 24:00'";7;46;10;5;1;good
DEBB021;"'2018-12-05 01:00'";7;42;12;6;1;good
DEBB021;"'2018-12-05 02:00'";8;38;13;6;1;good
DEBB021;"'2018-12-05 03:00'";8;36;14;6;1;good
DEBB021;"'2018-12-05 04:00'";8;32;17;7;1;good
DEBB021;"'2018-12-05 05:00'";9;29;19;7;1;good
DEBB021;"'2018-12-05 06:00'";11;22;26;9;1;good
DEBB021;"'2018-12-05 07:00'";12;15;34;9;1;moderate
DEBB021;"'2018-12-05 08:00'";12;10;37;9;1;moderate
DEBB021;"'2018-12-05 09:00'";11;9;38;9;1;moderate
DEBB021;"'2018-12-05 10:00'";10;11;38;8;1;moderate
DEBB021;"'2018-12-05 11:00'";10;25;29;8;1;good
DEBB021;"'2018-12-05 12:00'";11;25;30;8;1;good
DEBB021;"'2018-12-05 13:00'";13;33;28;7;1;good
DEBB021;"'2018-12-05 14:00'";12;36;26;7;3;good
DEBB021;"'2018-12-05 15:00'";14;27;45;8;6;moderate
DEBB021;"'2018-12-05 16:00'";14;19;39;10;5;moderate
DEBB021;"'2018-12-05 17:00'";15;10;47;11;1;moderate
DEBB021;"'2018-12-05 18:00'";17;2;54;14;1;moderate
DEBB021;"'2018-12-05 19:00'";17;4;49;14;1;moderate
DEBB021;"'2018-12-05 20:00'";16;2;51;13;1;moderate
DEBB021;"'2018-12-05 21:00'";14;4;46;12;1;moderate
DEBB021;"'2018-12-05 22:00'";15;8;38;13;1;moderate
DEBB021;"'2018-12-05 23:00'";14;11;36;13;1;moderate
DEBB021;"'2018-12-05 24:00'";13;17;30;12;2;good
DEBB021;"'2018-12-06 01:00'";13;23;23;12;1;good
DEBB021;"'2018-12-06 02:00'";12;25;19;11;1;good
DEBB021;"'2018-12-06 03:00'";11;28;16;10;1;good
DEBB021;"'2018-12-06 04:00'";11;28;14;10;1;good
DEBB021;"'2018-12-06 05:00'";10;30;15;9;1;good
DEBB021;"'2018-12-06 06:00'";9;31;16;8;1;good
DEBB021;"'2018-12-06 07:00'";8;32;18;7;1;good
DEBB021;"'2018-12-06 08:00'";10;22;31;7;1;moderate
DEBB021;"'2018-12-06 09:00'";11;18;38;8;1;moderate
DEBB021;"'2018-12-06 10:00'";11;33;23;6;1;good
DEBB021;"'2018-12-06 11:00'";9;31;24;6;1;good
DEBB021;"'2018-12-06 12:00'";11;27;24;7;1;good
DEBB021;"'2018-12-06 13:00'";10;23;26;8;2;good
DEBB021;"'2018-12-06 14:00'";13;16;30;9;3;good
DEBB021;"'2018-12-06 15:00'";14;11;34;10;3;moderate
DEBB021;"'2018-12-06 16:00'";14;8;35;12;1;moderate
DEBB021;"'2018-12-06 17:00'";12;7;34;11;1;moderate
DEBB021;"'2018-12-06 18:00'";13;4;33;12;1;moderate
DEBB021;"'2018-12-06 19:00'";11;6;28;11;1;good
DEBB021;"'2018-12-06 20:00'";12;9;22;11;1;good
DEBB021;"'2018-12-06 21:00'";12;11;21;12;1;good
DEBB021;"'2018-12-06 22:00'";13;11;21;13;1;good
DEBB021;"'2018-12-06 23:00'";13;15;19;13;1;good
DEBB021;"'2018-12-06 24:00'";12;16;19;12;1;good
DEBB021;"'2018-12-07 01:00'";11;20;18;11;1;good
DEBB021;"'2018-12-07 02:00'";11;26;14;11;1;good
DEBB021;"'2018-12-07 03:00'";11;30;11;10;1;good
DEBB021;"'2018-12-07 04:00'";10;32;10;10;1;good
DEBB021;"'2018-12-07 05:00'";11;33;8;10;1;good
DEBB021;"'2018-12-07 06:00'";11;33;9;10;1;good
DEBB021;"'2018-12-07 07:00'";10;29;12;9;1;good
DEBB021;"'2018-12-07 08:00'";9;28;14;8;1;good
DEBB021;"'2018-12-07 09:00'";8;28;15;8;1;good
DEBB021;"'2018-12-07 10:00'";7;30;15;6;1;good
DEBB021;"'2018-12-07 11:00'";5;32;16;4;1;good
DEBB021;"'2018-12-07 12:00'";3;34;14;3;1;good
DEBB021;"'2018-12-07 13:00'";2;35;14;2;1;good
DEBB021;"'2018-12-07 14:00'";2;34;16;2;1;good
DEBB021;"'2018-12-07 15:00'";2;31;17;2;1;good
DEBB021;"'2018-12-07 16:00'";3;36;17;3;1;good
DEBB021;"'2018-12-07 17:00'";4;39;20;3;1;good
DEBB021;"'2018-12-07 18:00'";4;39;21;4;1;good
DEBB021;"'2018-12-07 19:00'";7;39;18;6;1;good
DEBB021;"'2018-12-07 20:00'";6;45;13;5;1;good
DEBB021;"'2018-12-07 21:00'";4;50;9;4;1;good
DEBB021;"'2018-12-07 22:00'";3;52;9;3;1;good
DEBB021;"'2018-12-07 23:00'";1;58;6;0.9;1;good
DEBB021;"'2018-12-07 24:00'";0.9;60;4;0.9;1;good
DEBB021;"'2018-12-08 01:00'";0.9;66;2;0.9;1;good
DEBB021;"'2018-12-08 02:00'";2;76;2;2;1;moderate
DEBB021;"'2018-12-08 03:00'";5;69;2;4;1;good
DEBB021;"'2018-12-08 04:00'";6;65;3;5;1;good
DEBB021;"'2018-12-08 05:00'";5;65;2;4;1;good
DEBB021;"'2018-12-08 06:00'";5;60;5;4;1;good
DEBB021;"'2018-12-08 07:00'";6;58;8;5;1;good
DEBB021;"'2018-12-08 08:00'";5;58;7;4;1;good
DEBB021;"'2018-12-08 09:00'";5;55;8;4;1;good
DEBB021;"'2018-12-08 10:00'";4;56;9;3;1;good
DEBB021;"'2018-12-08 11:00'";3;60;7;3;1;good
DEBB021;"'2018-12-08 12:00'";3;61;6;2;1;good
DEBB021;"'2018-12-08 13:00'";3;58;9;2;1;good
DEBB021;"'2018-12-08 14:00'";3;58;9;1;1;good
DEBB021;"'2018-12-08 15:00'";2;56;11;0.9;1;good
DEBB021;"'2018-12-08 16:00'";2;49;17;2;1;good
DEBB021;"'2018-12-08 17:00'";2;50;17;2;1;good
DEBB021;"'2018-12-08 18:00'";2;50;16;2;1;good
DEBB021;"'2018-12-08 19:00'";3;54;11;2;1;good
DEBB021;"'2018-12-08 20:00'";3;54;10;3;1;good
DEBB021;"'2018-12-08 21:00'";3;56;9;3;1;good
DEBB021;"'2018-12-08 22:00'";3;56;7;3;1;good
DEBB021;"'2018-12-08 23:00'";3;57;5;3;1;good
DEBB021;"'2018-12-08 24:00'";3;58;4;3;1;good
DEBB021;"'2018-12-09 01:00'";3;58;3;3;1;good
DEBB021;"'2018-12-09 02:00'";3;56;2;2;1;good
DEBB021;"'2018-12-09 03:00'";0.9;56;2;0.9;1;good
DEBB021;"'2018-12-09 04:00'";0.9;58;2;0.9;1;good
DEBB021;"'2018-12-09 05:00'";0.9;59;2;0.9;1;good
DEBB021;"'2018-12-09 06:00'";0.9;74;2;0.9;1;moderate
DEBB021;"'2018-12-09 07:00'";0.9;79;2;0.9;1;moderate
DEBB021;"'2018-12-09 08:00'";1;77;2;0.9;1;moderate
DEBB021;"'2018-12-09 09:00'";2;71;3;2;1;good
DEBB021;"'2018-12-09 10:00'";1;70;3;1;1;good
DEBB021;"'2018-12-09 11:00'";1;71;4;1;1;good
DEBB021;"'2018-12-09 12:00'";3;67;6;3;1;good
DEBB021;"'2018-12-09 13:00'";4;63;7;4;1;good
DEBB021;"'2018-12-09 14:00'";4;62;9;4;1;good
DEBB021;"'2018-12-09 15:00'";4;65;8;4;1;good
DEBB021;"'2018-12-09 16:00'";5;60;11;5;1;good
DEBB021;"'2018-12-09 17:00'";6;59;10;5;1;good
DEBB021;"'2018-12-09 18:00'";6;56;10;5;1;good
DEBB021;"'2018-12-09 19:00'";4;56;5;3;1;good
DEBB021;"'2018-12-09 20:00'";4;53;5;4;1;good
DEBB021;"'2018-12-09 21:00'";4;56;2;3;1;good
DEBB021;"'2018-12-09 22:00'";4;61;2;4;1;good
DEBB021;"'2018-12-09 23:00'";5;62;2;4;1;good
DEBB021;"'2018-12-09 24:00'";5;67;2;4;1;good
DEBB021;"'2018-12-10 01:00'";4;70;2;4;1;good
DEBB021;"'2018-12-10 02:00'";4;72;2;4;1;good
DEBB021;"'2018-12-10 03:00'";5;72;2;4;1;good
DEBB021;"'2018-12-10 04:00'";5;69;2;4;1;good
DEBB021;"'2018-12-10 05:00'";4;69;2;3;1;good
DEBB021;"'2018-12-10 06:00'";4;67;2;3;1;good
DEBB021;"'2018-12-10 07:00'";3;67;3;3;1;good
DEBB021;"'2018-12-10 08:00'";2;68;6;2;1;good
DEBB021;"'2018-12-10 09:00'";3;67;8;3;1;good
DEBB021;"'2018-12-10 10:00'";4;71;6;3;1;good
DEBB021;"'2018-12-10 11:00'";4;73;6;4;1;moderate
DEBB021;"'2018-12-10 12:00'";5;74;6;5;1;moderate
DEBB021;"'2018-12-10 13:00'";5;74;6;4;1;moderate
DEBB021;"'2018-12-10 14:00'";6;73;7;5;1;moderate
DEBB021;"'2018-12-10 15:00'";5;73;7;4;1;moderate
DEBB021;"'2018-12-10 16:00'";4;72;7;4;1;good
DEBB021;"'2018-12-10 17:00'";6;68;9;5;1;good
DEBB021;"'2018-12-10 18:00'";4;67;6;4;1;good
DEBB021;"'2018-12-10 19:00'";4;63;7;4;1;good
DEBB021;"'2018-12-10 20:00'";3;61;5;3;1;good
DEBB021;"'2018-12-10 21:00'";3;58;4;3;1;good
DEBB021;"'2018-12-10 22:00'";3;54;4;3;1;good
DEBB021;"'2018-12-10 23:00'";3;53;2;3;1;good
DEBB021;"'2018-12-10 24:00'";5;51;2;4;1;good
DEBB021;"'2018-12-11 01:00'";5;50;2;5;1;good
DEBB021;"'2018-12-11 02:00'";6;51;2;6;1;good
DEBB021;"'2018-12-11 03:00'";8;50;2;6;1;good
DEBB021;"'2018-12-11 04:00'";8;51;2;7;1;good
DEBB021;"'2018-12-11 05:00'";7;53;2;6;1;good
DEBB021;"'2018-12-11 06:00'";7;51;2;6;1;good
DEBB021;"'2018-12-11 07:00'";5;49;5;5;1;good
DEBB021;"'2018-12-11 08:00'";5;47;7;4;1;good
DEBB021;"'2018-12-11 09:00'";4;42;8;4;1;good
DEBB021;"'2018-12-11 10:00'";4;40;8;3;1;good
DEBB021;"'2018-12-11 11:00'";4;39;9;3;1;good
DEBB021;"'2018-12-11 12:00'";5;38;9;4;1;good
DEBB021;"'2018-12-11 13:00'";5;38;9;5;1;good
DEBB021;"'2018-12-11 14:00'";5;34;11;4;1;good
DEBB021;"'2018-12-11 15:00'";6;29;15;5;1;good
DEBB021;"'2018-12-11 16:00'";5;26;14;4;1;good
DEBB021;"'2018-12-11 17:00'";4;23;13;3;1;good
DEBB021;"'2018-12-11 18:00'";3;22;10;3;1;"very good"
DEBB021;"'2018-12-11 19:00'";4;21;10;3;1;"very good"
DEBB021;"'2018-12-11 20:00'";3;22;7;3;1;"very good"
DEBB021;"'2018-12-11 21:00'";4;19;8;4;1;"very good"
DEBB021;"'2018-12-11 22:00'";3;24;7;2;1;"very good"
DEBB021;"'2018-12-11 23:00'";3;20;7;3;1;"very good"
DEBB021;"'2018-12-11 24:00'";3;21;5;3;1;"very good"
DEBB021;"'2018-12-12 01:00'";3;21;5;3;1;"very good"
DEBB021;"'2018-12-12 02:00'";2;21;3;2;1;"very good"
DEBB021;"'2018-12-12 03:00'";3;21;4;3;1;"very good"
DEBB021;"'2018-12-12 04:00'";3;21;5;3;1;"very good"
DEBB021;"'2018-12-12 05:00'";4;23;4;4;1;"very good"
DEBB021;"'2018-12-12 06:00'";4;20;7;4;1;"very good"
DEBB021;"'2018-12-12 07:00'";5;21;14;5;1;good
DEBB021;"'2018-12-12 08:00'";6;14;21;6;1;good
DEBB021;"'2018-12-12 09:00'";7;9;24;6;1;good
DEBB021;"'2018-12-12 10:00'";7;12;21;7;1;good
DEBB021;"'2018-12-12 11:00'";8;13;20;7;1;good
DEBB021;"'2018-12-12 12:00'";6;20;17;6;1;good
DEBB021;"'2018-12-12 13:00'";5;29;15;5;1;good
DEBB021;"'2018-12-12 14:00'";5;35;15;4;1;good
DEBB021;"'2018-12-12 15:00'";5;33;18;5;1;good
DEBB021;"'2018-12-12 16:00'";6;28;24;6;1;good
DEBB021;"'2018-12-12 17:00'";8;19;33;8;1;moderate
DEBB021;"'2018-12-12 18:00'";11;14;37;10;1;moderate
DEBB021;"'2018-12-12 19:00'";12;10;37;11;1;moderate
DEBB021;"'2018-12-12 20:00'";13;6;39;12;1;moderate
DEBB021;"'2018-12-12 21:00'";15;2;42;14;1;moderate
DEBB021;"'2018-12-12 22:00'";17;2;41;15;1;moderate
DEBB021;"'2018-12-12 23:00'";16;4;35;15;1;moderate
DEBB021;"'2018-12-12 24:00'";16;7;29;16;1;moderate
DEBB021;"'2018-12-13 01:00'";16;13;22;15;1;good
DEBB021;"'2018-12-13 02:00'";13;20;14;13;1;good
DEBB021;"'2018-12-13 03:00'";16;17;13;16;1;moderate
DEBB021;"'2018-12-13 04:00'";18;15;14;18;1;moderate
DEBB021;"'2018-12-13 05:00'";20;12;15;20;1;moderate
DEBB021;"'2018-12-13 06:00'";20;12;15;19;1;moderate
DEBB021;"'2018-12-13 07:00'";20;12;16;20;1;moderate
DEBB021;"'2018-12-13 08:00'";20;8;21;20;1;moderate
DEBB021;"'2018-12-13 09:00'";21;3;26;20;1;moderate
DEBB021;"'2018-12-13 10:00'";21;5;27;20;1;moderate
DEBB021;"'2018-12-13 11:00'";21;6;28;20;1;moderate
DEBB021;"'2018-12-13 12:00'";22;7;27;20;1;moderate
DEBB021;"'2018-12-13 13:00'";21;5;30;19;1;moderate
DEBB021;"'2018-12-13 14:00'";19;6;28;17;1;moderate
DEBB021;"'2018-12-13 15:00'";16;8;24;15;1;good
DEBB021;"'2018-12-13 16:00'";17;8;23;16;1;moderate
DEBB021;"'2018-12-13 17:00'";17;9;24;17;1;moderate
DEBB021;"'2018-12-13 18:00'";17;10;27;16;1;moderate
DEBB021;"'2018-12-13 19:00'";17;8;29;17;1;moderate
DEBB021;"'2018-12-13 20:00'";16;15;24;15;1;good
DEBB021;"'2018-12-13 21:00'";15;19;22;14;1;good
DEBB021;"'2018-12-13 22:00'";12;30;15;12;1;good
DEBB021;"'2018-12-13 23:00'";12;30;15;12;1;good
DEBB021;"'2018-12-13 24:00'";13;27;15;13;1;good
DEBB021;"'2018-12-14 01:00'";13;27;15;13;1;good
DEBB021;"'2018-12-14 02:00'";12;32;11;12;1;good
DEBB021;"'2018-12-14 03:00'";13;30;12;13;1;good
DEBB021;"'2018-12-14 04:00'";13;33;10;13;1;good
DEBB021;"'2018-12-14 05:00'";15;34;9;14;1;good
DEBB021;"'2018-12-14 06:00'";14;35;12;13;1;good
DEBB021;"'2018-12-14 07:00'";15;27;20;14;1;good
DEBB021;"'2018-12-14 08:00'";16;20;28;14;1;good
DEBB021;"'2018-12-14 09:00'";21;16;30;19;1;moderate
DEBB021;"'2018-12-14 10:00'";21;16;28;19;1;moderate
DEBB021;"'2018-12-14 11:00'";22;19;22;20;1;moderate
DEBB021;"'2018-12-14 12:00'";21;20;21;19;1;moderate
DEBB021;"'2018-12-14 13:00'";23;17;27;20;1;moderate
DEBB021;"'2018-12-14 14:00'";19;20;23;17;1;moderate
DEBB021;"'2018-12-14 15:00'";17;22;26;15;1;good
DEBB021;"'2018-12-14 16:00'";14;20;31;12;1;moderate
DEBB021;"'2018-12-14 17:00'";15;17;34;14;1;moderate
DEBB021;"'2018-12-14 18:00'";21;10;29;20;1;moderate
DEBB021;"'2018-12-14 19:00'";23;15;19;22;1;moderate
DEBB021;"'2018-12-14 20:00'";25;17;18;24;1;moderate
DEBB021;"'2018-12-14 21:00'";26;16;20;25;1;moderate
DEBB021;"'2018-12-14 22:00'";26;15;20;26;1;moderate
DEBB021;"'2018-12-14 23:00'";26;16;17;25;1;moderate
DEBB021;"'2018-12-14 24:00'";24;21;14;24;1;moderate
DEBB021;"'2018-12-15 01:00'";24;18;16;23;1;moderate
DEBB021;"'2018-12-15 02:00'";23;18;18;22;1;moderate
DEBB021;"'2018-12-15 03:00'";21;21;16;20;1;moderate
DEBB021;"'2018-12-15 04:00'";15;32;9;15;1;good
DEBB021;"'2018-12-15 05:00'";13;35;11;13;1;good
DEBB021;"'2018-12-15 06:00'";10;41;9;10;1;good
DEBB021;"'2018-12-15 07:00'";10;43;11;10;1;good
DEBB021;"'2018-12-15 08:00'";13;35;14;12;1;good
DEBB021;"'2018-12-15 09:00'";13;30;17;12;1;good
DEBB021;"'2018-12-15 10:00'";15;22;22;14;1;good
DEBB021;"'2018-12-15 11:00'";16;18;25;15;1;good
DEBB021;"'2018-12-15 12:00'";16;17;27;15;1;good
DEBB021;"'2018-12-15 13:00'";15;16;27;15;1;good
DEBB021;"'2018-12-15 14:00'";16;13;27;16;1;moderate
DEBB021;"'2018-12-15 15:00'";16;13;19;15;1;good
DEBB021;"'2018-12-15 16:00'";17;10;25;16;1;moderate
DEBB021;"'2018-12-15 17:00'";18;6;28;17;1;moderate
DEBB021;"'2018-12-15 18:00'";21;2;30;20;1;moderate
DEBB021;"'2018-12-15 19:00'";24;2;27;23;1;moderate
DEBB021;"'2018-12-15 20:00'";26;2;25;26;1;moderate
DEBB021;"'2018-12-15 21:00'";28;4;21;28;1;moderate
DEBB021;"'2018-12-15 22:00'";26;2;19;26;1;moderate
DEBB021;"'2018-12-15 23:00'";27;4;18;27;1;moderate
DEBB021;"'2018-12-15 24:00'";28;3;16;28;1;moderate
DEBB021;"'2018-12-16 01:00'";29;2;15;29;1;moderate
DEBB021;"'2018-12-16 02:00'";30;5;14;30;1;moderate
DEBB021;"'2018-12-16 03:00'";30;7;14;30;1;moderate
DEBB021;"'2018-12-16 04:00'";30;11;13;30;1;moderate
DEBB021;"'2018-12-16 05:00'";28;17;11;28;1;moderate
DEBB021;"'2018-12-16 06:00'";23;26;10;23;1;moderate
DEBB021;"'2018-12-16 07:00'";21;32;8;21;1;moderate
DEBB021;"'2018-12-16 08:00'";22;31;8;21;1;moderate
DEBB021;"'2018-12-16 09:00'";21;30;9;21;1;moderate
DEBB021;"'2018-12-16 10:00'";21;29;11;20;1;moderate
DEBB021;"'2018-12-16 11:00'";20;29;13;20;3;moderate
DEBB021;"'2018-12-16 12:00'";19;32;14;18;4;moderate
DEBB021;"'2018-12-16 13:00'";18;36;9;17;3;moderate
DEBB021;"'2018-12-16 14:00'";17;40;7;16;1;moderate
DEBB021;"'2018-12-16 15:00'";16;40;8;16;1;moderate
DEBB021;"'2018-12-16 16:00'";17;34;13;17;1;moderate
DEBB021;"'2018-12-16 17:00'";19;30;17;19;1;moderate
DEBB021;"'2018-12-16 18:00'";21;24;23;20;1;moderate
DEBB021;"'2018-12-16 19:00'";22;24;22;21;1;moderate
DEBB021;"'2018-12-16 20:00'";21;27;18;21;1;moderate
DEBB021;"'2018-12-16 21:00'";23;29;13;22;1;moderate
DEBB021;"'2018-12-16 22:00'";23;28;12;23;1;moderate
DEBB021;"'2018-12-16 23:00'";23;25;13;23;1;moderate
DEBB021;"'2018-12-16 24:00'";25;24;13;24;1;moderate
DEBB021;"'2018-12-17 01:00'";25;21;14;24;1;moderate
DEBB021;"'2018-12-17 02:00'";25;19;14;24;1;moderate
DEBB021;"'2018-12-17 03:00'";25;20;13;24;1;moderate
DEBB021;"'2018-12-17 04:00'";25;19;14;24;1;moderate
DEBB021;"'2018-12-17 05:00'";24;16;16;24;1;moderate
DEBB021;"'2018-12-17 06:00'";25;14;17;24;1;moderate
DEBB021;"'2018-12-17 07:00'";25;9;21;24;1;moderate
DEBB021;"'2018-12-17 08:00'";24;3;27;24;1;moderate
DEBB021;"'2018-12-17 09:00'";25;2;28;24;1;moderate
DEBB021;"'2018-12-17 10:00'";30;3;29;25;1;moderate
DEBB021;"'2018-12-17 11:00'";26;6;26;25;1;moderate
DEBB021;"'2018-12-17 12:00'";29;5;30;27;1;moderate
DEBB021;"'2018-12-17 13:00'";28;6;25;27;1;moderate
DEBB021;"'2018-12-17 14:00'";27;7;26;25;1;moderate
DEBB021;"'2018-12-17 15:00'";27;7;33;27;1;moderate
DEBB021;"'2018-12-17 16:00'";24;6;33;23;1;moderate
DEBB021;"'2018-12-17 17:00'";19;11;35;18;1;moderate
DEBB021;"'2018-12-17 18:00'";22;2;40;21;1;moderate
DEBB021;"'2018-12-17 19:00'";23;2;40;22;1;moderate
DEBB021;"'2018-12-17 20:00'";22;2;41;22;1;moderate
DEBB021;"'2018-12-17 21:00'";22;2;37;22;1;moderate
DEBB021;"'2018-12-17 22:00'";23;2;34;22;1;moderate
DEBB021;"'2018-12-17 23:00'";23;2;32;22;1;moderate
DEBB021;"'2018-12-17 24:00'";22;2;30;21;1;moderate
DEBB021;"'2018-12-18 01:00'";21;2;28;20;1;moderate
DEBB021;"'2018-12-18 02:00'";21;2;28;21;1;moderate
DEBB021;"'2018-12-18 03:00'";23;2;26;22;1;moderate
DEBB021;"'2018-12-18 04:00'";19;8;23;19;1;moderate
DEBB021;"'2018-12-18 05:00'";18;12;20;18;1;moderate
DEBB021;"'2018-12-18 06:00'";18;13;19;17;1;moderate
DEBB021;"'2018-12-18 07:00'";17;7;26;17;1;moderate
DEBB021;"'2018-12-18 08:00'";17;8;28;17;1;moderate
DEBB021;"'2018-12-18 09:00'";18;8;27;17;1;moderate
DEBB021;"'2018-12-18 10:00'";17;6;32;17;1;moderate
DEBB021;"'2018-12-18 11:00'";17;7;33;16;1;moderate
DEBB021;"'2018-12-18 12:00'";18;10;31;17;1;moderate
DEBB021;"'2018-12-18 13:00'";16;17;25;16;1;moderate
DEBB021;"'2018-12-18 14:00'";17;23;21;15;1;good
DEBB021;"'2018-12-18 15:00'";19;17;27;17;1;moderate
DEBB021;"'2018-12-18 16:00'";20;10;35;18;1;moderate
DEBB021;"'2018-12-18 17:00'";20;2;48;19;1;moderate
DEBB021;"'2018-12-18 18:00'";21;2;49;19;1;moderate
DEBB021;"'2018-12-18 19:00'";19;2;44;18;1;moderate
DEBB021;"'2018-12-18 20:00'";19;2;41;18;1;moderate
DEBB021;"'2018-12-18 21:00'";18;2;39;18;1;moderate
DEBB021;"'2018-12-18 22:00'";19;2;37;18;1;moderate
DEBB021;"'2018-12-18 23:00'";18;6;31;18;1;moderate
DEBB021;"'2018-12-18 24:00'";18;8;29;18;1;moderate
DEBB021;"'2018-12-19 01:00'";21;8;26;21;1;moderate
DEBB021;"'2018-12-19 02:00'";22;7;28;22;1;moderate
DEBB021;"'2018-12-19 03:00'";21;10;24;21;1;moderate
DEBB021;"'2018-12-19 04:00'";20;14;22;19;1;moderate
DEBB021;"'2018-12-19 05:00'";19;15;20;19;1;moderate
DEBB021;"'2018-12-19 06:00'";18;15;21;18;1;moderate
DEBB021;"'2018-12-19 07:00'";18;15;27;18;1;moderate
DEBB021;"'2018-12-19 08:00'";18;14;34;18;1;moderate
DEBB021;"'2018-12-19 09:00'";19;16;33;19;1;moderate
DEBB021;"'2018-12-19 10:00'";18;21;28;18;1;moderate
DEBB021;"'2018-12-19 11:00'";18;21;30;18;1;moderate
DEBB021;"'2018-12-19 12:00'";18;26;20;17;1;moderate
DEBB021;"'2018-12-19 13:00'";17;24;23;17;1;moderate
DEBB021;"'2018-12-19 14:00'";17;23;23;16;1;moderate
DEBB021;"'2018-12-19 15:00'";17;18;32;15;1;moderate
DEBB021;"'2018-12-19 16:00'";16;18;32;15;1;moderate
DEBB021;"'2018-12-19 17:00'";16;14;34;16;1;moderate
DEBB021;"'2018-12-19 18:00'";16;14;33;16;1;moderate
DEBB021;"'2018-12-19 19:00'";16;15;31;16;1;moderate
DEBB021;"'2018-12-19 20:00'";17;15;31;17;1;moderate
DEBB021;"'2018-12-19 21:00'";19;16;25;19;1;moderate
DEBB021;"'2018-12-19 22:00'";20;15;24;20;1;moderate
DEBB021;"'2018-12-19 23:00'";21;14;24;21;1;moderate
DEBB021;"'2018-12-19 24:00'";21;14;25;21;1;moderate
DEBB021;"'2018-12-20 01:00'";22;12;25;22;1;moderate
DEBB021;"'2018-12-20 02:00'";22;13;23;22;1;moderate
DEBB021;"'2018-12-20 03:00'";22;14;20;22;1;moderate
DEBB021;"'2018-12-20 04:00'";23;14;19;23;1;moderate
DEBB021;"'2018-12-20 05:00'";24;14;20;24;1;moderate
DEBB021;"'2018-12-20 06:00'";25;13;20;24;1;moderate
DEBB021;"'2018-12-20 07:00'";24;11;24;24;1;moderate
DEBB021;"'2018-12-20 08:00'";25;11;24;24;1;moderate
DEBB021;"'2018-12-20 09:00'";28;9;28;26;1;moderate
DEBB021;"'2018-12-20 10:00'";27;10;26;25;1;moderate
DEBB021;"'2018-12-20 11:00'";25;9;26;25;1;moderate
DEBB021;"'2018-12-20 12:00'";27;11;24;25;1;moderate
DEBB021;"'2018-12-20 13:00'";24;12;23;22;1;moderate
DEBB021;"'2018-12-20 14:00'";24;10;24;22;1;moderate
DEBB021;"'2018-12-20 15:00'";21;7;30;20;1;moderate
DEBB021;"'2018-12-20 16:00'";22;3;32;20;1;moderate
DEBB021;"'2018-12-20 17:00'";23;2;35;22;1;moderate
DEBB021;"'2018-12-20 18:00'";21;2;34;20;1;moderate
DEBB021;"'2018-12-20 19:00'";17;2;34;16;1;moderate
DEBB021;"'2018-12-20 20:00'";16;2;38;15;1;moderate
DEBB021;"'2018-12-20 21:00'";15;5;36;14;1;moderate
DEBB021;"'2018-12-20 22:00'";13;9;33;13;1;moderate
DEBB021;"'2018-12-20 23:00'";12;18;24;11;1;good
DEBB021;"'2018-12-20 24:00'";11;23;20;10;1;good
DEBB021;"'2018-12-21 01:00'";9;28;17;9;1;good
DEBB021;"'2018-12-21 02:00'";8;30;14;8;1;good
DEBB021;"'2018-12-21 03:00'";8;33;12;7;1;good
DEBB021;"'2018-12-21 04:00'";7;37;10;7;1;good
DEBB021;"'2018-12-21 05:00'";5;43;9;5;1;good
DEBB021;"'2018-12-21 06:00'";6;42;10;6;1;good
DEBB021;"'2018-12-21 07:00'";5;38;15;5;1;good
DEBB021;"'2018-12-21 08:00'";8;35;16;7;1;good
DEBB021;"'2018-12-21 09:00'";7;33;17;7;1;good
DEBB021;"'2018-12-21 10:00'";6;32;17;5;1;good
DEBB021;"'2018-12-21 11:00'";6;27;22;5;1;good
DEBB021;"'2018-12-21 12:00'";5;31;21;5;1;good
DEBB021;"'2018-12-21 13:00'";4;32;21;4;1;good
DEBB021;"'2018-12-21 14:00'";3;40;17;3;1;good
DEBB021;"'2018-12-21 15:00'";4;39;17;4;1;good
DEBB021;"'2018-12-21 16:00'";4;41;15;4;1;good
DEBB021;"'2018-12-21 17:00'";3;43;15;3;1;good
DEBB021;"'2018-12-21 18:00'";3;44;15;3;1;good
DEBB021;"'2018-12-21 19:00'";3;43;15;3;1;good
DEBB021;"'2018-12-21 20:00'";3;45;10;3;1;good
DEBB021;"'2018-12-21 21:00'";3;47;9;2;1;good
DEBB021;"'2018-12-21 22:00'";4;57;9;4;1;good
DEBB021;"'2018-12-21 23:00'";5;67;6;5;1;good
DEBB021;"'2018-12-21 24:00'";5;67;5;4;1;good
DEBB021;"'2018-12-22 01:00'";3;63;4;3;1;good
DEBB021;"'2018-12-22 02:00'";3;61;5;3;1;good
DEBB021;"'2018-12-22 03:00'";1;63;2;0.9;1;good
DEBB021;"'2018-12-22 04:00'";0.9;71;2;0.9;1;good
DEBB021;"'2018-12-22 05:00'";0.9;74;2;0.9;1;moderate
DEBB021;"'2018-12-22 06:00'";0.9;73;2;0.9;1;moderate
DEBB021;"'2018-12-22 07:00'";0.9;69;2;0.9;1;good
DEBB021;"'2018-12-22 08:00'";0.9;66;6;0.9;1;good
DEBB021;"'2018-12-22 09:00'";2;66;6;2;1;good
DEBB021;"'2018-12-22 10:00'";3;64;6;3;1;good
DEBB021;"'2018-12-22 11:00'";4;60;9;4;1;good
DEBB021;"'2018-12-22 12:00'";5;55;10;4;1;good
DEBB021;"'2018-12-22 13:00'";3;47;8;3;1;good
DEBB021;"'2018-12-22 14:00'";3;43;9;3;1;good
DEBB021;"'2018-12-22 15:00'";4;38;9;4;1;good
DEBB021;"'2018-12-22 16:00'";5;37;11;4;1;good
DEBB021;"'2018-12-22 17:00'";5;31;17;5;1;good
DEBB021;"'2018-12-22 18:00'";7;26;23;7;1;good
DEBB021;"'2018-12-22 19:00'";8;19;25;8;1;good
DEBB021;"'2018-12-22 20:00'";8;15;29;7;1;good
DEBB021;"'2018-12-22 21:00'";9;18;24;8;1;good
DEBB021;"'2018-12-22 22:00'";11;16;26;10;1;good
DEBB021;"'2018-12-22 23:00'";10;19;21;10;1;good
DEBB021;"'2018-12-22 24:00'";12;15;25;12;1;good
DEBB021;"'2018-12-23 01:00'";14;13;25;14;1;good
DEBB021;"'2018-12-23 02:00'";11;17;19;11;1;good
DEBB021;"'2018-12-23 03:00'";10;23;15;10;1;good
DEBB021;"'2018-12-23 04:00'";8;32;11;8;1;good
DEBB021;"'2018-12-23 05:00'";6;41;7;6;1;good
DEBB021;"'2018-12-23 06:00'";6;47;6;6;1;good
DEBB021;"'2018-12-23 07:00'";6;49;4;6;1;good
DEBB021;"'2018-12-23 08:00'";7;49;9;7;1;good
DEBB021;"'2018-12-23 09:00'";7;47;11;7;1;good
DEBB021;"'2018-12-23 10:00'";6;48;10;6;1;good
DEBB021;"'2018-12-23 11:00'";7;49;8;7;1;good
DEBB021;"'2018-12-23 12:00'";9;48;9;8;1;good
DEBB021;"'2018-12-23 13:00'";9;46;11;9;1;good
DEBB021;"'2018-12-23 14:00'";10;47;11;9;1;good
DEBB021;"'2018-12-23 15:00'";15;39;16;14;1;good
DEBB021;"'2018-12-23 16:00'";18;35;19;17;1;moderate
DEBB021;"'2018-12-23 17:00'";9;48;11;9;1;good
DEBB021;"'2018-12-23 18:00'";12;45;14;12;1;good
DEBB021;"'2018-12-23 19:00'";13;43;14;13;1;good
DEBB021;"'2018-12-23 20:00'";13;43;12;12;1;good
DEBB021;"'2018-12-23 21:00'";11;44;10;10;1;good
DEBB021;"'2018-12-23 22:00'";10;43;9;10;1;good
DEBB021;"'2018-12-23 23:00'";11;44;7;11;1;good
DEBB021;"'2018-12-23 24:00'";9;42;8;9;1;good
DEBB021;"'2018-12-24 01:00'";7;40;7;7;1;good
DEBB021;"'2018-12-24 02:00'";7;41;4;7;1;good
DEBB021;"'2018-12-24 03:00'";4;37;6;4;1;good
DEBB021;"'2018-12-24 04:00'";5;32;7;5;1;good
DEBB021;"'2018-12-24 05:00'";5;39;2;5;1;good
DEBB021;"'2018-12-24 06:00'";5;41;2;4;1;good
DEBB021;"'2018-12-24 07:00'";4;47;3;4;1;good
DEBB021;"'2018-12-24 08:00'";3;46;2;3;1;good
DEBB021;"'2018-12-24 09:00'";3;45;2;3;1;good
DEBB021;"'2018-12-24 10:00'";3;51;3;3;1;good
DEBB021;"'2018-12-24 11:00'";4;49;6;4;1;good
DEBB021;"'2018-12-24 12:00'";4;50;5;4;1;good
DEBB021;"'2018-12-24 13:00'";4;52;5;4;1;good
DEBB021;"'2018-12-24 14:00'";4;51;5;3;1;good
DEBB021;"'2018-12-24 15:00'";4;48;7;4;1;good
DEBB021;"'2018-12-24 16:00'";4;45;7;4;1;good
DEBB021;"'2018-12-24 17:00'";5;40;9;5;1;good
DEBB021;"'2018-12-24 18:00'";6;39;8;5;1;good
DEBB021;"'2018-12-24 19:00'";6;38;7;6;1;good
DEBB021;"'2018-12-24 20:00'";7;39;6;7;1;good
DEBB021;"'2018-12-24 21:00'";7;37;6;7;1;good
DEBB021;"'2018-12-24 22:00'";8;38;6;7;1;good
DEBB021;"'2018-12-24 23:00'";9;38;7;9;1;good
DEBB021;"'2018-12-24 24:00'";9;38;8;9;1;good
DEBB021;"'2018-12-25 01:00'";10;38;6;9;1;good
DEBB021;"'2018-12-25 02:00'";10;40;5;9;1;good
DEBB021;"'2018-12-25 03:00'";9;38;6;9;1;good
DEBB021;"'2018-12-25 04:00'";7;39;5;7;1;good
DEBB021;"'2018-12-25 05:00'";5;41;3;5;1;good
DEBB021;"'2018-12-25 06:00'";3;43;2;3;1;good
DEBB021;"'2018-12-25 07:00'";3;42;4;3;1;good
DEBB021;"'2018-12-25 08:00'";3;43;6;3;1;good
DEBB021;"'2018-12-25 09:00'";3;46;4;3;1;good
DEBB021;"'2018-12-25 10:00'";4;46;5;3;1;good
DEBB021;"'2018-12-25 11:00'";4;46;5;4;1;good
DEBB021;"'2018-12-25 12:00'";4;48;5;3;1;good
DEBB021;"'2018-12-25 13:00'";4;50;5;4;1;good
DEBB021;"'2018-12-25 14:00'";4;50;6;4;1;good
DEBB021;"'2018-12-25 15:00'";4;50;6;4;1;good
DEBB021;"'2018-12-25 16:00'";5;48;7;4;1;good
DEBB021;"'2018-12-25 17:00'";6;48;7;5;1;good
DEBB021;"'2018-12-25 18:00'";6;48;6;6;1;good
DEBB021;"'2018-12-25 19:00'";6;48;6;6;1;good
DEBB021;"'2018-12-25 20:00'";5;51;5;5;1;good
DEBB021;"'2018-12-25 21:00'";4;54;4;4;1;good
DEBB021;"'2018-12-25 22:00'";4;57;3;4;1;good
DEBB021;"'2018-12-25 23:00'";5;59;2;4;1;good
DEBB021;"'2018-12-25 24:00'";6;58;2;5;1;good
DEBB021;"'2018-12-26 01:00'";7;57;2;7;1;good
DEBB021;"'2018-12-26 02:00'";8;57;2;7;1;good
DEBB021;"'2018-12-26 03:00'";9;58;2;8;1;good
DEBB021;"'2018-12-26 04:00'";13;54;5;12;1;good
DEBB021;"'2018-12-26 05:00'";13;55;4;13;1;good
DEBB021;"'2018-12-26 06:00'";16;49;5;15;1;good
DEBB021;"'2018-12-26 07:00'";16;47;7;16;1;moderate
DEBB021;"'2018-12-26 08:00'";15;49;6;14;1;good
DEBB021;"'2018-12-26 09:00'";14;49;5;13;1;good
DEBB021;"'2018-12-26 10:00'";15;43;8;15;1;good
DEBB021;"'2018-12-26 11:00'";14;41;9;14;1;good
DEBB021;"'2018-12-26 12:00'";12;40;9;12;1;good
DEBB021;"'2018-12-26 13:00'";11;36;8;11;1;good
DEBB021;"'2018-12-26 14:00'";13;32;9;13;1;good
DEBB021;"'2018-12-26 15:00'";14;29;10;14;1;good
DEBB021;"'2018-12-26 16:00'";13;26;11;13;1;good
DEBB021;"'2018-12-26 17:00'";14;25;11;14;1;good
DEBB021;"'2018-12-26 18:00'";15;24;11;15;1;good
DEBB021;"'2018-12-26 19:00'";20;21;12;18;1;moderate
DEBB021;"'2018-12-26 20:00'";24;19;11;21;1;moderate
DEBB021;"'2018-12-26 21:00'";22;19;11;21;1;moderate
DEBB021;"'2018-12-26 22:00'";21;19;12;20;1;moderate
DEBB021;"'2018-12-26 23:00'";19;20;11;19;1;moderate
DEBB021;"'2018-12-26 24:00'";18;20;12;18;1;moderate
DEBB021;"'2018-12-27 01:00'";18;18;15;18;1;moderate
DEBB021;"'2018-12-27 02:00'";17;19;15;17;1;moderate
DEBB021;"'2018-12-27 03:00'";15;22;13;15;1;good
DEBB021;"'2018-12-27 04:00'";14;27;11;14;1;good
DEBB021;"'2018-12-27 05:00'";13;31;10;13;1;good
DEBB021;"'2018-12-27 06:00'";12;35;9;12;1;good
DEBB021;"'2018-12-27 07:00'";11;35;12;11;1;good
DEBB021;"'2018-12-27 08:00'";12;35;10;12;1;good
DEBB021;"'2018-12-27 09:00'";14;31;13;14;1;good
DEBB021;"'2018-12-27 10:00'";14;30;13;14;1;good
DEBB021;"'2018-12-27 11:00'";14;28;16;14;1;good
DEBB021;"'2018-12-27 12:00'";14;28;15;14;1;good
DEBB021;"'2018-12-27 13:00'";13;31;13;13;1;good
DEBB021;"'2018-12-27 14:00'";13;33;14;12;1;good
DEBB021;"'2018-12-27 15:00'";12;34;15;12;1;good
DEBB021;"'2018-12-27 16:00'";13;34;15;12;1;good
DEBB021;"'2018-12-27 17:00'";16;34;15;13;1;good
DEBB021;"'2018-12-27 18:00'";18;33;16;14;1;good
DEBB021;"'2018-12-27 19:00'";17;32;16;15;1;good
DEBB021;"'2018-12-27 20:00'";16;33;15;14;1;good
DEBB021;"'2018-12-27 21:00'";14;35;13;13;1;good
DEBB021;"'2018-12-27 22:00'";15;34;13;14;1;good
DEBB021;"'2018-12-27 23:00'";17;31;14;16;1;moderate
DEBB021;"'2018-12-27 24:00'";17;31;13;16;1;moderate
DEBB021;"'2018-12-28 01:00'";14;32;12;13;1;good
DEBB021;"'2018-12-28 02:00'";14;34;11;13;1;good
DEBB021;"'2018-12-28 03:00'";16;34;11;14;1;good
DEBB021;"'2018-12-28 04:00'";18;33;11;16;1;moderate
DEBB021;"'2018-12-28 05:00'";17;30;12;16;1;moderate
DEBB021;"'2018-12-28 06:00'";15;30;12;15;1;good
DEBB021;"'2018-12-28 07:00'";14;30;13;14;1;good
DEBB021;"'2018-12-28 08:00'";14;27;13;14;1;good
DEBB021;"'2018-12-28 09:00'";15;24;14;15;1;good
DEBB021;"'2018-12-28 10:00'";15;24;14;15;1;good
DEBB021;"'2018-12-28 11:00'";16;23;16;15;1;good
DEBB021;"'2018-12-28 12:00'";16;25;15;15;1;good
DEBB021;"'2018-12-28 13:00'";15;27;15;15;1;good
DEBB021;"'2018-12-28 14:00'";15;28;17;15;1;good
DEBB021;"'2018-12-28 15:00'";14;31;17;14;1;good
DEBB021;"'2018-12-28 16:00'";15;29;18;15;1;good
DEBB021;"'2018-12-28 17:00'";15;28;18;15;1;good
DEBB021;"'2018-12-28 18:00'";13;35;16;13;1;good
DEBB021;"'2018-12-28 19:00'";11;47;12;10;1;good
DEBB021;"'2018-12-28 20:00'";8;52;10;7;1;good
DEBB021;"'2018-12-28 21:00'";6;53;9;6;1;good
DEBB021;"'2018-12-28 22:00'";5;53;7;5;1;good
DEBB021;"'2018-12-28 23:00'";11;39;11;11;1;good
DEBB021;"'2018-12-28 24:00'";17;23;17;17;1;moderate
DEBB021;"'2018-12-29 01:00'";18;17;21;18;1;moderate
DEBB021;"'2018-12-29 02:00'";19;19;23;18;1;moderate
DEBB021;"'2018-12-29 03:00'";22;21;23;21;1;moderate
DEBB021;"'2018-12-29 04:00'";21;20;23;20;1;moderate
DEBB021;"'2018-12-29 05:00'";21;17;25;20;1;moderate
DEBB021;"'2018-12-29 06:00'";22;13;29;21;1;moderate
DEBB021;"'2018-12-29 07:00'";21;10;35;20;1;moderate
DEBB021;"'2018-12-29 08:00'";21;7;39;20;1;moderate
DEBB021;"'2018-12-29 09:00'";20;5;42;20;1;moderate
DEBB021;"'2018-12-29 10:00'";22;7;39;21;1;moderate
DEBB021;"'2018-12-29 11:00'";21;10;37;20;1;moderate
DEBB021;"'2018-12-29 12:00'";18;12;34;18;1;moderate
DEBB021;"'2018-12-29 13:00'";20;15;31;19;1;moderate
DEBB021;"'2018-12-29 14:00'";17;22;28;17;1;moderate
DEBB021;"'2018-12-29 15:00'";17;23;29;16;1;moderate
DEBB021;"'2018-12-29 16:00'";18;18;33;17;1;moderate
DEBB021;"'2018-12-29 17:00'";15;19;31;15;1;moderate
DEBB021;"'2018-12-29 18:00'";13;18;27;12;1;good
DEBB021;"'2018-12-29 19:00'";10;18;27;10;1;good
DEBB021;"'2018-12-29 20:00'";13;24;23;12;1;good
DEBB021;"'2018-12-29 21:00'";15;19;26;14;1;good
DEBB021;"'2018-12-29 22:00'";13;20;22;13;1;good
DEBB021;"'2018-12-29 23:00'";11;26;16;11;1;good
DEBB021;"'2018-12-29 24:00'";8;29;13;8;1;good
DEBB021;"'2018-12-30 01:00'";7;29;12;7;1;good
DEBB021;"'2018-12-30 02:00'";7;33;11;7;1;good
DEBB021;"'2018-12-30 03:00'";6;42;7;6;1;good
DEBB021;"'2018-12-30 04:00'";2;56;3;2;1;good
DEBB021;"'2018-12-30 05:00'";0.9;58;2;0.9;1;good
DEBB021;"'2018-12-30 06:00'";0.9;55;2;0.9;1;good
DEBB021;"'2018-12-30 07:00'";0.9;59;2;0.9;1;good
DEBB021;"'2018-12-30 08:00'";0.9;64;2;0.9;1;good
DEBB021;"'2018-12-30 09:00'";2;69;2;1;1;good
DEBB021;"'2018-12-30 10:00'";2;68;2;2;1;good
DEBB021;"'2018-12-30 11:00'";3;70;2;3;1;good
DEBB021;"'2018-12-30 12:00'";4;70;3;3;1;good
DEBB021;"'2018-12-30 13:00'";3;72;2;3;1;good
DEBB021;"'2018-12-30 14:00'";3;73;4;3;1;moderate
DEBB021;"'2018-12-30 15:00'";4;71;5;4;1;good
DEBB021;"'2018-12-30 16:00'";5;69;6;4;1;good
DEBB021;"'2018-12-30 17:00'";6;67;7;5;1;good
DEBB021;"'2018-12-30 18:00'";6;65;7;5;1;good
DEBB021;"'2018-12-30 19:00'";7;66;6;6;1;good
DEBB021;"'2018-12-30 20:00'";9;63;7;8;1;good
DEBB021;"'2018-12-30 21:00'";8;62;6;7;1;good
DEBB021;"'2018-12-30 22:00'";9;61;6;7;1;good
DEBB021;"'2018-12-30 23:00'";9;59;7;7;1;good
DEBB021;"'2018-12-30 24:00'";9;57;6;8;1;good
DEBB021;"'2018-12-31 01:00'";8;47;13;7;1;good
DEBB021;"'2018-12-31 02:00'";9;45;12;7;1;good
DEBB021;"'2018-12-31 03:00'";10;49;6;9;1;good
DEBB021;"'2018-12-31 04:00'";13;50;5;11;1;good
DEBB021;"'2018-12-31 05:00'";13;51;4;11;1;good
DEBB021;"'2018-12-31 06:00'";18;47;6;15;1;good
DEBB021;"'2018-12-31 07:00'";17;37;13;13;1;good
DEBB021;"'2018-12-31 08:00'";19;32;16;14;1;good
DEBB021;"'2018-12-31 09:00'";16;26;21;13;1;good
DEBB021;"'2018-12-31 10:00'";16;32;15;14;1;good
DEBB021;"'2018-12-31 11:00'";18;36;11;15;1;good
DEBB021;"'2018-12-31 12:00'";14;35;14;12;1;good
DEBB021;"'2018-12-31 13:00'";13;44;10;12;1;good
DEBB021;"'2018-12-31 14:00'";13;44;10;12;1;good
DEBB021;"'2018-12-31 15:00'";12;48;9;11;1;good
DEBB021;"'2018-12-31 16:00'";15;42;10;13;1;good
DEBB021;"'2018-12-31 17:00'";16;39;12;14;1;good
DEBB021;"'2018-12-31 18:00'";25;39;11;22;1;moderate
DEBB021;"'2018-12-31 19:00'";15;36;9;15;1;good
DEBB021;"'2018-12-31 20:00'";19;25;13;18;1;moderate
DEBB021;"'2018-12-31 21:00'";21;24;12;21;1;moderate
DEBB021;"'2018-12-31 22:00'";24;32;9;23;1;moderate
DEBB021;"'2018-12-31 23:00'";19;40;7;18;1;moderate
DEBB021;"'2018-12-31 24:00'";24;44;7;22;1;moderate

"Source: German Environment Agency, https://www.umweltbundesamt.de/en/data/air/air-data/air-quality (Status: 21.07.2026). All times are given in the time valid at the time of measurement (CET or CEST)."
