"Station code";Date;"Particulate matter (PM₁₀) One hour average in µg/m³";"Ozone (O₃) One hour average in µg/m³";"Nitrogen dioxide (NO₂) One hour average in µg/m³";"Particulate matter (PM₂,₅) One hour average in µg/m³";"Sulphur dioxide (SO₂) One hour average in µg/m³";"Air quality index"
DEBB021;"'2017-01-01 01:00'";78;39;20;76;6;"very poor"
DEBB021;"'2017-01-01 02:00'";33;41;14;31;2;poor
DEBB021;"'2017-01-01 03:00'";23;41;12;22;1;moderate
DEBB021;"'2017-01-01 04:00'";19;39;11;18;1;moderate
DEBB021;"'2017-01-01 05:00'";24;35;13;23;1;moderate
DEBB021;"'2017-01-01 06:00'";27;38;13;25;1;moderate
DEBB021;"'2017-01-01 07:00'";31;34;16;29;1;moderate
DEBB021;"'2017-01-01 08:00'";30;34;17;29;1;moderate
DEBB021;"'2017-01-01 09:00'";26;32;17;25;1;moderate
DEBB021;"'2017-01-01 10:00'";23;32;16;23;1;moderate
DEBB021;"'2017-01-01 11:00'";20;39;14;19;1;moderate
DEBB021;"'2017-01-01 12:00'";16;45;14;15;1;good
DEBB021;"'2017-01-01 13:00'";16;41;17;15;1;good
DEBB021;"'2017-01-01 14:00'";16;38;18;15;1;good
DEBB021;"'2017-01-01 15:00'";17;33;21;16;1;moderate
DEBB021;"'2017-01-01 16:00'";18;31;23;17;1;moderate
DEBB021;"'2017-01-01 17:00'";19;26;27;18;1;moderate
DEBB021;"'2017-01-01 18:00'";21;17;33;20;1;moderate
DEBB021;"'2017-01-01 19:00'";21;14;37;20;1;moderate
DEBB021;"'2017-01-01 20:00'";21;12;40;20;1;moderate
DEBB021;"'2017-01-01 21:00'";23;12;39;23;1;moderate
DEBB021;"'2017-01-01 22:00'";24;8;43;24;1;moderate
DEBB021;"'2017-01-01 23:00'";27;11;37;27;1;moderate
DEBB021;"'2017-01-01 24:00'";26;17;29;26;1;moderate
DEBB021;"'2017-01-02 01:00'";28;16;29;28;1;moderate
DEBB021;"'2017-01-02 02:00'";30;15;28;30;1;moderate
DEBB021;"'2017-01-02 03:00'";31;13;27;31;1;poor
DEBB021;"'2017-01-02 04:00'";29;13;25;30;1;moderate
DEBB021;"'2017-01-02 05:00'";26;11;24;27;1;moderate
DEBB021;"'2017-01-02 06:00'";24;11;24;25;1;moderate
DEBB021;"'2017-01-02 07:00'";22;-;24;23;1;moderate
DEBB021;"'2017-01-02 08:00'";22;13;24;22;1;moderate
DEBB021;"'2017-01-02 09:00'";20;13;25;21;1;moderate
DEBB021;"'2017-01-02 10:00'";19;18;21;19;1;moderate
DEBB021;"'2017-01-02 11:00'";17;21;18;17;1;moderate
DEBB021;"'2017-01-02 12:00'";17;27;15;17;1;moderate
DEBB021;"'2017-01-02 13:00'";17;28;16;17;1;moderate
DEBB021;"'2017-01-02 14:00'";15;35;15;14;1;good
DEBB021;"'2017-01-02 15:00'";14;36;16;13;1;good
DEBB021;"'2017-01-02 16:00'";10;40;15;9;1;good
DEBB021;"'2017-01-02 17:00'";10;39;16;9;1;good
DEBB021;"'2017-01-02 18:00'";11;33;20;10;1;good
DEBB021;"'2017-01-02 19:00'";11;34;19;10;1;good
DEBB021;"'2017-01-02 20:00'";11;29;23;10;1;good
DEBB021;"'2017-01-02 21:00'";14;21;28;13;1;good
DEBB021;"'2017-01-02 22:00'";13;25;24;12;1;good
DEBB021;"'2017-01-02 23:00'";15;24;24;14;1;good
DEBB021;"'2017-01-02 24:00'";17;25;25;17;1;moderate
DEBB021;"'2017-01-03 01:00'";18;32;19;17;1;moderate
DEBB021;"'2017-01-03 02:00'";15;42;12;15;1;good
DEBB021;"'2017-01-03 03:00'";13;45;9;13;1;good
DEBB021;"'2017-01-03 04:00'";12;48;8;12;1;good
DEBB021;"'2017-01-03 05:00'";8;52;7;8;1;good
DEBB021;"'2017-01-03 06:00'";6;53;7;6;1;good
DEBB021;"'2017-01-03 07:00'";6;49;10;6;1;good
DEBB021;"'2017-01-03 08:00'";7;48;11;7;1;good
DEBB021;"'2017-01-03 09:00'";9;46;14;9;1;good
DEBB021;"'2017-01-03 10:00'";12;47;12;12;1;good
DEBB021;"'2017-01-03 11:00'";14;46;14;14;1;good
DEBB021;"'2017-01-03 12:00'";14;47;15;14;1;good
DEBB021;"'2017-01-03 13:00'";14;46;16;14;1;good
DEBB021;"'2017-01-03 14:00'";12;42;21;12;1;good
DEBB021;"'2017-01-03 15:00'";10;44;20;10;1;good
DEBB021;"'2017-01-03 16:00'";9;46;17;9;1;good
DEBB021;"'2017-01-03 17:00'";10;44;19;10;1;good
DEBB021;"'2017-01-03 18:00'";12;44;18;12;1;good
DEBB021;"'2017-01-03 19:00'";14;44;17;15;1;good
DEBB021;"'2017-01-03 20:00'";14;39;19;14;1;good
DEBB021;"'2017-01-03 21:00'";12;36;19;12;1;good
DEBB021;"'2017-01-03 22:00'";11;31;21;12;1;good
DEBB021;"'2017-01-03 23:00'";12;30;22;13;1;good
DEBB021;"'2017-01-03 24:00'";13;31;21;14;1;good
DEBB021;"'2017-01-04 01:00'";12;33;19;12;1;good
DEBB021;"'2017-01-04 02:00'";10;35;16;10;1;good
DEBB021;"'2017-01-04 03:00'";7;38;13;7;1;good
DEBB021;"'2017-01-04 04:00'";3;73;3;3;1;moderate
DEBB021;"'2017-01-04 05:00'";4;77;2;4;1;moderate
DEBB021;"'2017-01-04 06:00'";5;76;3;4;1;moderate
DEBB021;"'2017-01-04 07:00'";6;68;11;5;1;good
DEBB021;"'2017-01-04 08:00'";8;67;11;7;1;good
DEBB021;"'2017-01-04 09:00'";7;71;6;6;1;good
DEBB021;"'2017-01-04 10:00'";5;71;6;5;1;good
DEBB021;"'2017-01-04 11:00'";6;68;7;5;1;good
DEBB021;"'2017-01-04 12:00'";7;-;6;6;1;good
DEBB021;"'2017-01-04 13:00'";7;62;7;6;1;good
DEBB021;"'2017-01-04 14:00'";4;64;7;4;1;good
DEBB021;"'2017-01-04 15:00'";4;65;8;3;1;good
DEBB021;"'2017-01-04 16:00'";4;61;12;4;1;good
DEBB021;"'2017-01-04 17:00'";3;56;10;3;1;good
DEBB021;"'2017-01-04 18:00'";3;56;8;2;1;good
DEBB021;"'2017-01-04 19:00'";3;55;9;3;1;good
DEBB021;"'2017-01-04 20:00'";4;55;9;4;1;good
DEBB021;"'2017-01-04 21:00'";3;57;7;3;1;good
DEBB021;"'2017-01-04 22:00'";4;61;5;3;1;good
DEBB021;"'2017-01-04 23:00'";0.9;61;5;0.9;1;good
DEBB021;"'2017-01-04 24:00'";1;62;2;1;1;good
DEBB021;"'2017-01-05 01:00'";1;58;2;1;1;good
DEBB021;"'2017-01-05 02:00'";3;54;3;3;1;good
DEBB021;"'2017-01-05 03:00'";3;52;4;3;1;good
DEBB021;"'2017-01-05 04:00'";3;54;7;3;1;good
DEBB021;"'2017-01-05 05:00'";3;52;6;3;1;good
DEBB021;"'2017-01-05 06:00'";3;53;7;3;1;good
DEBB021;"'2017-01-05 07:00'";3;51;10;3;1;good
DEBB021;"'2017-01-05 08:00'";3;48;14;3;1;good
DEBB021;"'2017-01-05 09:00'";3;50;14;3;1;good
DEBB021;"'2017-01-05 10:00'";3;50;14;3;1;good
DEBB021;"'2017-01-05 11:00'";5;51;14;4;1;good
DEBB021;"'2017-01-05 12:00'";4;54;13;4;1;good
DEBB021;"'2017-01-05 13:00'";5;61;9;3;1;good
DEBB021;"'2017-01-05 14:00'";3;64;7;2;1;good
DEBB021;"'2017-01-05 15:00'";3;65;8;3;1;good
DEBB021;"'2017-01-05 16:00'";4;62;11;3;1;good
DEBB021;"'2017-01-05 17:00'";7;60;13;5;1;good
DEBB021;"'2017-01-05 18:00'";7;58;14;4;1;good
DEBB021;"'2017-01-05 19:00'";7;59;13;4;1;good
DEBB021;"'2017-01-05 20:00'";7;59;11;4;1;good
DEBB021;"'2017-01-05 21:00'";7;56;12;5;1;good
DEBB021;"'2017-01-05 22:00'";6;55;11;5;1;good
DEBB021;"'2017-01-05 23:00'";6;55;10;5;1;good
DEBB021;"'2017-01-05 24:00'";5;53;10;4;1;good
DEBB021;"'2017-01-06 01:00'";4;53;8;4;1;good
DEBB021;"'2017-01-06 02:00'";5;52;8;4;1;good
DEBB021;"'2017-01-06 03:00'";4;45;13;4;1;good
DEBB021;"'2017-01-06 04:00'";3;45;12;3;1;good
DEBB021;"'2017-01-06 05:00'";3;45;13;3;1;good
DEBB021;"'2017-01-06 06:00'";4;37;20;4;1;good
DEBB021;"'2017-01-06 07:00'";5;30;28;4;1;good
DEBB021;"'2017-01-06 08:00'";6;21;38;5;1;moderate
DEBB021;"'2017-01-06 09:00'";8;14;45;6;1;moderate
DEBB021;"'2017-01-06 10:00'";8;22;35;7;1;moderate
DEBB021;"'2017-01-06 11:00'";8;39;19;7;1;good
DEBB021;"'2017-01-06 12:00'";9;46;16;6;1;good
DEBB021;"'2017-01-06 13:00'";10;48;15;6;1;good
DEBB021;"'2017-01-06 14:00'";10;50;15;6;1;good
DEBB021;"'2017-01-06 15:00'";9;52;15;6;1;good
DEBB021;"'2017-01-06 16:00'";11;49;19;7;1;good
DEBB021;"'2017-01-06 17:00'";12;39;31;8;1;moderate
DEBB021;"'2017-01-06 18:00'";14;37;32;11;1;moderate
DEBB021;"'2017-01-06 19:00'";13;34;34;12;1;moderate
DEBB021;"'2017-01-06 20:00'";16;26;43;14;1;moderate
DEBB021;"'2017-01-06 21:00'";22;11;55;20;1;moderate
DEBB021;"'2017-01-06 22:00'";16;8;54;15;1;moderate
DEBB021;"'2017-01-06 23:00'";12;23;34;12;1;moderate
DEBB021;"'2017-01-06 24:00'";11;25;32;10;1;moderate
DEBB021;"'2017-01-07 01:00'";17;4;51;16;1;moderate
DEBB021;"'2017-01-07 02:00'";12;27;29;11;1;good
DEBB021;"'2017-01-07 03:00'";11;38;18;10;1;good
DEBB021;"'2017-01-07 04:00'";16;41;16;15;1;good
DEBB021;"'2017-01-07 05:00'";13;41;16;13;2;good
DEBB021;"'2017-01-07 06:00'";15;40;17;15;3;good
DEBB021;"'2017-01-07 07:00'";16;41;18;15;1;good
DEBB021;"'2017-01-07 08:00'";18;41;18;14;1;good
DEBB021;"'2017-01-07 09:00'";20;41;19;13;1;good
DEBB021;"'2017-01-07 10:00'";22;41;19;13;1;good
DEBB021;"'2017-01-07 11:00'";21;45;16;11;1;good
DEBB021;"'2017-01-07 12:00'";22;44;18;13;1;good
DEBB021;"'2017-01-07 13:00'";27;41;23;13;1;good
DEBB021;"'2017-01-07 14:00'";14;43;20;12;1;good
DEBB021;"'2017-01-07 15:00'";19;41;22;14;1;good
DEBB021;"'2017-01-07 16:00'";18;42;20;14;1;good
DEBB021;"'2017-01-07 17:00'";15;41;20;14;1;good
DEBB021;"'2017-01-07 18:00'";14;41;20;14;1;good
DEBB021;"'2017-01-07 19:00'";16;38;21;16;1;moderate
DEBB021;"'2017-01-07 20:00'";18;35;21;18;1;moderate
DEBB021;"'2017-01-07 21:00'";18;36;18;19;1;moderate
DEBB021;"'2017-01-07 22:00'";19;36;16;19;1;moderate
DEBB021;"'2017-01-07 23:00'";20;31;18;20;1;moderate
DEBB021;"'2017-01-07 24:00'";22;27;19;23;1;moderate
DEBB021;"'2017-01-08 01:00'";23;21;22;24;1;moderate
DEBB021;"'2017-01-08 02:00'";23;15;31;24;1;moderate
DEBB021;"'2017-01-08 03:00'";25;15;21;26;1;moderate
DEBB021;"'2017-01-08 04:00'";26;14;20;27;1;moderate
DEBB021;"'2017-01-08 05:00'";25;11;21;26;1;moderate
DEBB021;"'2017-01-08 06:00'";23;7;25;24;1;moderate
DEBB021;"'2017-01-08 07:00'";22;2;32;23;1;moderate
DEBB021;"'2017-01-08 08:00'";22;2;32;23;1;moderate
DEBB021;"'2017-01-08 09:00'";25;2;31;25;1;moderate
DEBB021;"'2017-01-08 10:00'";32;2;36;33;1;poor
DEBB021;"'2017-01-08 11:00'";33;4;36;33;2;poor
DEBB021;"'2017-01-08 12:00'";27;9;31;27;4;moderate
DEBB021;"'2017-01-08 13:00'";27;11;29;27;4;moderate
DEBB021;"'2017-01-08 14:00'";29;12;29;29;4;moderate
DEBB021;"'2017-01-08 15:00'";30;11;31;30;4;moderate
DEBB021;"'2017-01-08 16:00'";29;8;36;29;4;moderate
DEBB021;"'2017-01-08 17:00'";32;3;41;32;2;poor
DEBB021;"'2017-01-08 18:00'";33;5;39;33;1;poor
DEBB021;"'2017-01-08 19:00'";37;3;41;37;2;poor
DEBB021;"'2017-01-08 20:00'";43;2;44;43;2;poor
DEBB021;"'2017-01-08 21:00'";40;2;40;41;1;poor
DEBB021;"'2017-01-08 22:00'";39;4;38;39;1;poor
DEBB021;"'2017-01-08 23:00'";28;12;27;29;1;moderate
DEBB021;"'2017-01-08 24:00'";28;13;22;28;1;moderate
DEBB021;"'2017-01-09 01:00'";34;17;15;25;1;moderate
DEBB021;"'2017-01-09 02:00'";30;16;15;24;1;moderate
DEBB021;"'2017-01-09 03:00'";29;16;15;24;1;moderate
DEBB021;"'2017-01-09 04:00'";22;14;17;21;1;moderate
DEBB021;"'2017-01-09 05:00'";21;7;24;21;1;moderate
DEBB021;"'2017-01-09 06:00'";22;7;19;23;1;moderate
DEBB021;"'2017-01-09 07:00'";24;2;27;24;1;moderate
DEBB021;"'2017-01-09 08:00'";26;2;32;27;1;moderate
DEBB021;"'2017-01-09 09:00'";26;2;33;27;1;moderate
DEBB021;"'2017-01-09 10:00'";26;2;31;27;1;moderate
DEBB021;"'2017-01-09 11:00'";30;2;30;30;1;moderate
DEBB021;"'2017-01-09 12:00'";28;4;26;29;1;moderate
DEBB021;"'2017-01-09 13:00'";29;3;27;29;1;moderate
DEBB021;"'2017-01-09 14:00'";27;3;25;27;1;moderate
DEBB021;"'2017-01-09 15:00'";27;3;25;27;1;moderate
DEBB021;"'2017-01-09 16:00'";28;2;27;28;1;moderate
DEBB021;"'2017-01-09 17:00'";30;2;29;30;1;moderate
DEBB021;"'2017-01-09 18:00'";27;2;31;28;1;moderate
DEBB021;"'2017-01-09 19:00'";24;2;30;25;1;moderate
DEBB021;"'2017-01-09 20:00'";26;2;31;26;1;moderate
DEBB021;"'2017-01-09 21:00'";27;4;31;28;1;moderate
DEBB021;"'2017-01-09 22:00'";27;7;30;28;1;moderate
DEBB021;"'2017-01-09 23:00'";26;13;26;27;1;moderate
DEBB021;"'2017-01-09 24:00'";25;22;21;25;1;moderate
DEBB021;"'2017-01-10 01:00'";21;35;15;21;1;moderate
DEBB021;"'2017-01-10 02:00'";20;41;12;20;1;moderate
DEBB021;"'2017-01-10 03:00'";19;42;11;19;1;moderate
DEBB021;"'2017-01-10 04:00'";18;40;12;19;1;moderate
DEBB021;"'2017-01-10 05:00'";18;41;12;18;1;moderate
DEBB021;"'2017-01-10 06:00'";18;40;14;18;1;moderate
DEBB021;"'2017-01-10 07:00'";18;32;25;18;1;moderate
DEBB021;"'2017-01-10 08:00'";18;28;31;18;1;moderate
DEBB021;"'2017-01-10 09:00'";18;27;30;18;1;moderate
DEBB021;"'2017-01-10 10:00'";19;32;26;18;1;moderate
DEBB021;"'2017-01-10 11:00'";18;39;20;18;1;moderate
DEBB021;"'2017-01-10 12:00'";17;45;18;16;1;moderate
DEBB021;"'2017-01-10 13:00'";17;44;20;17;1;moderate
DEBB021;"'2017-01-10 14:00'";16;48;17;17;1;moderate
DEBB021;"'2017-01-10 15:00'";18;44;20;18;1;moderate
DEBB021;"'2017-01-10 16:00'";21;33;32;21;3;moderate
DEBB021;"'2017-01-10 17:00'";22;27;39;22;1;moderate
DEBB021;"'2017-01-10 18:00'";22;24;41;22;1;moderate
DEBB021;"'2017-01-10 19:00'";21;23;43;22;1;moderate
DEBB021;"'2017-01-10 20:00'";21;28;36;21;1;moderate
DEBB021;"'2017-01-10 21:00'";21;30;31;22;1;moderate
DEBB021;"'2017-01-10 22:00'";24;36;21;25;1;moderate
DEBB021;"'2017-01-10 23:00'";29;38;19;29;3;moderate
DEBB021;"'2017-01-10 24:00'";29;39;19;29;4;moderate
DEBB021;"'2017-01-11 01:00'";30;39;18;31;5;poor
DEBB021;"'2017-01-11 02:00'";29;40;17;29;5;moderate
DEBB021;"'2017-01-11 03:00'";28;41;16;28;6;moderate
DEBB021;"'2017-01-11 04:00'";27;40;16;27;7;moderate
DEBB021;"'2017-01-11 05:00'";28;38;17;28;8;moderate
DEBB021;"'2017-01-11 06:00'";30;33;24;29;9;moderate
DEBB021;"'2017-01-11 07:00'";32;32;22;30;8;moderate
DEBB021;"'2017-01-11 08:00'";31;26;31;30;7;moderate
DEBB021;"'2017-01-11 09:00'";32;29;27;30;7;moderate
DEBB021;"'2017-01-11 10:00'";31;33;25;30;6;moderate
DEBB021;"'2017-01-11 11:00'";31;38;22;29;6;moderate
DEBB021;"'2017-01-11 12:00'";30;38;24;29;6;moderate
DEBB021;"'2017-01-11 13:00'";26;40;22;26;4;moderate
DEBB021;"'2017-01-11 14:00'";23;41;21;23;3;moderate
DEBB021;"'2017-01-11 15:00'";26;39;21;24;1;moderate
DEBB021;"'2017-01-11 16:00'";20;33;25;21;1;moderate
DEBB021;"'2017-01-11 17:00'";21;26;28;21;1;moderate
DEBB021;"'2017-01-11 18:00'";14;26;27;14;1;good
DEBB021;"'2017-01-11 19:00'";9;28;25;9;1;good
DEBB021;"'2017-01-11 20:00'";8;29;25;8;1;good
DEBB021;"'2017-01-11 21:00'";9;36;21;9;1;good
DEBB021;"'2017-01-11 22:00'";8;53;15;7;1;good
DEBB021;"'2017-01-11 23:00'";7;63;12;6;1;good
DEBB021;"'2017-01-11 24:00'";9;66;9;8;1;good
DEBB021;"'2017-01-12 01:00'";9;66;7;7;1;good
DEBB021;"'2017-01-12 02:00'";8;69;6;7;1;good
DEBB021;"'2017-01-12 03:00'";8;70;5;7;1;good
DEBB021;"'2017-01-12 04:00'";8;69;5;7;1;good
DEBB021;"'2017-01-12 05:00'";6;69;6;5;1;good
DEBB021;"'2017-01-12 06:00'";6;67;8;5;1;good
DEBB021;"'2017-01-12 07:00'";6;63;12;5;1;good
DEBB021;"'2017-01-12 08:00'";8;59;14;7;1;good
DEBB021;"'2017-01-12 09:00'";9;52;21;7;1;good
DEBB021;"'2017-01-12 10:00'";10;52;21;8;1;good
DEBB021;"'2017-01-12 11:00'";14;54;18;10;1;good
DEBB021;"'2017-01-12 12:00'";12;53;18;9;1;good
DEBB021;"'2017-01-12 13:00'";13;54;19;10;1;good
DEBB021;"'2017-01-12 14:00'";14;55;17;11;1;good
DEBB021;"'2017-01-12 15:00'";15;51;20;12;1;good
DEBB021;"'2017-01-12 16:00'";14;49;22;11;1;good
DEBB021;"'2017-01-12 17:00'";12;45;23;11;1;good
DEBB021;"'2017-01-12 18:00'";11;46;21;10;1;good
DEBB021;"'2017-01-12 19:00'";13;43;23;12;1;good
DEBB021;"'2017-01-12 20:00'";13;46;18;12;1;good
DEBB021;"'2017-01-12 21:00'";11;45;19;10;1;good
DEBB021;"'2017-01-12 22:00'";12;45;16;10;1;good
DEBB021;"'2017-01-12 23:00'";11;44;16;10;1;good
DEBB021;"'2017-01-12 24:00'";10;43;16;9;1;good
DEBB021;"'2017-01-13 01:00'";11;44;13;10;1;good
DEBB021;"'2017-01-13 02:00'";10;44;12;10;1;good
DEBB021;"'2017-01-13 03:00'";10;45;13;9;1;good
DEBB021;"'2017-01-13 04:00'";13;44;13;13;1;good
DEBB021;"'2017-01-13 05:00'";11;45;14;12;1;good
DEBB021;"'2017-01-13 06:00'";8;43;19;8;1;good
DEBB021;"'2017-01-13 07:00'";10;37;23;10;1;good
DEBB021;"'2017-01-13 08:00'";5;37;22;5;1;good
DEBB021;"'2017-01-13 09:00'";2;43;18;2;1;good
DEBB021;"'2017-01-13 10:00'";2;43;15;2;1;good
DEBB021;"'2017-01-13 11:00'";4;33;23;3;1;good
DEBB021;"'2017-01-13 12:00'";3;35;19;3;1;good
DEBB021;"'2017-01-13 13:00'";4;36;14;4;1;good
DEBB021;"'2017-01-13 14:00'";5;35;15;5;1;good
DEBB021;"'2017-01-13 15:00'";7;41;15;7;1;good
DEBB021;"'2017-01-13 16:00'";8;51;14;9;1;good
DEBB021;"'2017-01-13 17:00'";7;49;14;7;1;good
DEBB021;"'2017-01-13 18:00'";7;47;14;7;1;good
DEBB021;"'2017-01-13 19:00'";13;39;17;13;1;good
DEBB021;"'2017-01-13 20:00'";13;51;13;12;1;good
DEBB021;"'2017-01-13 21:00'";11;56;12;10;1;good
DEBB021;"'2017-01-13 22:00'";13;56;12;12;1;good
DEBB021;"'2017-01-13 23:00'";15;41;24;13;1;good
DEBB021;"'2017-01-13 24:00'";13;43;15;12;1;good
DEBB021;"'2017-01-14 01:00'";11;48;12;10;1;good
DEBB021;"'2017-01-14 02:00'";11;47;12;11;1;good
DEBB021;"'2017-01-14 03:00'";13;48;12;12;1;good
DEBB021;"'2017-01-14 04:00'";11;50;10;10;1;good
DEBB021;"'2017-01-14 05:00'";10;46;12;10;1;good
DEBB021;"'2017-01-14 06:00'";10;40;17;9;1;good
DEBB021;"'2017-01-14 07:00'";9;37;17;9;1;good
DEBB021;"'2017-01-14 08:00'";10;32;22;9;1;good
DEBB021;"'2017-01-14 09:00'";12;28;23;12;1;good
DEBB021;"'2017-01-14 10:00'";16;26;24;14;1;good
DEBB021;"'2017-01-14 11:00'";17;31;19;17;1;moderate
DEBB021;"'2017-01-14 12:00'";19;34;17;19;1;moderate
DEBB021;"'2017-01-14 13:00'";17;35;16;18;1;moderate
DEBB021;"'2017-01-14 14:00'";16;44;12;15;1;good
DEBB021;"'2017-01-14 15:00'";12;55;11;10;1;good
DEBB021;"'2017-01-14 16:00'";9;65;9;7;1;good
DEBB021;"'2017-01-14 17:00'";7;66;9;6;1;good
DEBB021;"'2017-01-14 18:00'";7;65;9;6;1;good
DEBB021;"'2017-01-14 19:00'";8;58;13;7;1;good
DEBB021;"'2017-01-14 20:00'";8;59;11;8;1;good
DEBB021;"'2017-01-14 21:00'";6;64;7;6;1;good
DEBB021;"'2017-01-14 22:00'";7;63;7;6;1;good
DEBB021;"'2017-01-14 23:00'";8;60;9;8;1;good
DEBB021;"'2017-01-14 24:00'";12;54;11;12;1;good
DEBB021;"'2017-01-15 01:00'";9;58;7;9;1;good
DEBB021;"'2017-01-15 02:00'";8;61;5;7;1;good
DEBB021;"'2017-01-15 03:00'";7;62;5;6;1;good
DEBB021;"'2017-01-15 04:00'";6;65;2;5;1;good
DEBB021;"'2017-01-15 05:00'";6;65;4;5;1;good
DEBB021;"'2017-01-15 06:00'";6;62;5;6;1;good
DEBB021;"'2017-01-15 07:00'";7;58;5;7;1;good
DEBB021;"'2017-01-15 08:00'";7;56;5;7;1;good
DEBB021;"'2017-01-15 09:00'";7;56;5;7;1;good
DEBB021;"'2017-01-15 10:00'";7;54;7;7;1;good
DEBB021;"'2017-01-15 11:00'";6;51;8;7;1;good
DEBB021;"'2017-01-15 12:00'";7;49;9;7;1;good
DEBB021;"'2017-01-15 13:00'";8;49;8;8;1;good
DEBB021;"'2017-01-15 14:00'";8;45;10;8;1;good
DEBB021;"'2017-01-15 15:00'";8;44;10;8;1;good
DEBB021;"'2017-01-15 16:00'";8;42;10;8;1;good
DEBB021;"'2017-01-15 17:00'";9;39;12;9;1;good
DEBB021;"'2017-01-15 18:00'";9;42;10;9;1;good
DEBB021;"'2017-01-15 19:00'";7;48;8;7;1;good
DEBB021;"'2017-01-15 20:00'";7;49;8;7;1;good
DEBB021;"'2017-01-15 21:00'";8;48;7;8;1;good
DEBB021;"'2017-01-15 22:00'";8;46;8;8;1;good
DEBB021;"'2017-01-15 23:00'";6;47;8;6;1;good
DEBB021;"'2017-01-15 24:00'";5;52;6;5;1;good
DEBB021;"'2017-01-16 01:00'";5;54;5;4;1;good
DEBB021;"'2017-01-16 02:00'";4;52;6;4;1;good
DEBB021;"'2017-01-16 03:00'";5;51;6;5;1;good
DEBB021;"'2017-01-16 04:00'";5;51;7;4;1;good
DEBB021;"'2017-01-16 05:00'";6;48;8;6;1;good
DEBB021;"'2017-01-16 06:00'";7;42;12;7;1;good
DEBB021;"'2017-01-16 07:00'";9;32;22;9;1;good
DEBB021;"'2017-01-16 08:00'";13;16;38;13;1;moderate
DEBB021;"'2017-01-16 09:00'";14;15;37;13;1;moderate
DEBB021;"'2017-01-16 10:00'";16;25;25;15;1;good
DEBB021;"'2017-01-16 11:00'";18;28;21;17;1;moderate
DEBB021;"'2017-01-16 12:00'";17;34;16;16;1;moderate
DEBB021;"'2017-01-16 13:00'";15;36;17;15;1;good
DEBB021;"'2017-01-16 14:00'";17;37;18;17;1;moderate
DEBB021;"'2017-01-16 15:00'";15;40;19;15;1;good
DEBB021;"'2017-01-16 16:00'";18;33;27;17;1;moderate
DEBB021;"'2017-01-16 17:00'";14;28;36;14;1;moderate
DEBB021;"'2017-01-16 18:00'";17;20;39;16;1;moderate
DEBB021;"'2017-01-16 19:00'";21;17;39;21;1;moderate
DEBB021;"'2017-01-16 20:00'";14;25;32;14;1;moderate
DEBB021;"'2017-01-16 21:00'";11;37;24;11;1;good
DEBB021;"'2017-01-16 22:00'";12;41;20;11;1;good
DEBB021;"'2017-01-16 23:00'";9;44;16;9;1;good
DEBB021;"'2017-01-16 24:00'";11;46;12;10;1;good
DEBB021;"'2017-01-17 01:00'";12;41;14;12;1;good
DEBB021;"'2017-01-17 02:00'";13;41;11;13;1;good
DEBB021;"'2017-01-17 03:00'";15;38;13;15;1;good
DEBB021;"'2017-01-17 04:00'";17;34;14;17;1;moderate
DEBB021;"'2017-01-17 05:00'";19;29;18;19;1;moderate
DEBB021;"'2017-01-17 06:00'";19;24;22;19;1;moderate
DEBB021;"'2017-01-17 07:00'";20;14;32;20;1;moderate
DEBB021;"'2017-01-17 08:00'";22;3;46;22;1;moderate
DEBB021;"'2017-01-17 09:00'";25;3;50;25;1;moderate
DEBB021;"'2017-01-17 10:00'";24;9;41;24;1;moderate
DEBB021;"'2017-01-17 11:00'";25;17;34;24;1;moderate
DEBB021;"'2017-01-17 12:00'";22;30;24;20;1;moderate
DEBB021;"'2017-01-17 13:00'";18;37;21;17;1;moderate
DEBB021;"'2017-01-17 14:00'";18;37;22;17;1;moderate
DEBB021;"'2017-01-17 15:00'";17;36;21;17;1;moderate
DEBB021;"'2017-01-17 16:00'";14;40;21;14;1;good
DEBB021;"'2017-01-17 17:00'";24;21;41;23;1;moderate
DEBB021;"'2017-01-17 18:00'";22;13;50;21;1;moderate
DEBB021;"'2017-01-17 19:00'";23;14;45;22;1;moderate
DEBB021;"'2017-01-17 20:00'";27;5;55;27;1;moderate
DEBB021;"'2017-01-17 21:00'";31;5;53;30;1;moderate
DEBB021;"'2017-01-17 22:00'";32;2;49;32;1;poor
DEBB021;"'2017-01-17 23:00'";45;2;45;33;1;poor
DEBB021;"'2017-01-17 24:00'";31;2;43;30;1;moderate
DEBB021;"'2017-01-18 01:00'";25;2;42;26;1;moderate
DEBB021;"'2017-01-18 02:00'";22;2;40;22;1;moderate
DEBB021;"'2017-01-18 03:00'";22;7;33;22;1;moderate
DEBB021;"'2017-01-18 04:00'";19;2;41;19;1;moderate
DEBB021;"'2017-01-18 05:00'";21;3;42;20;1;moderate
DEBB021;"'2017-01-18 06:00'";22;8;35;20;1;moderate
DEBB021;"'2017-01-18 07:00'";21;9;34;21;1;moderate
DEBB021;"'2017-01-18 08:00'";23;5;44;23;1;moderate
DEBB021;"'2017-01-18 09:00'";21;14;33;20;1;moderate
DEBB021;"'2017-01-18 10:00'";17;19;30;18;1;moderate
DEBB021;"'2017-01-18 11:00'";22;18;31;21;1;moderate
DEBB021;"'2017-01-18 12:00'";22;20;29;21;1;moderate
DEBB021;"'2017-01-18 13:00'";23;22;27;22;1;moderate
DEBB021;"'2017-01-18 14:00'";27;24;25;25;1;moderate
DEBB021;"'2017-01-18 15:00'";22;20;33;22;1;moderate
DEBB021;"'2017-01-18 16:00'";21;20;31;21;1;moderate
DEBB021;"'2017-01-18 17:00'";22;15;36;22;1;moderate
DEBB021;"'2017-01-18 18:00'";30;17;35;30;1;moderate
DEBB021;"'2017-01-18 19:00'";29;27;25;29;1;moderate
DEBB021;"'2017-01-18 20:00'";25;32;22;25;1;moderate
DEBB021;"'2017-01-18 21:00'";24;37;16;24;1;moderate
DEBB021;"'2017-01-18 22:00'";24;39;14;24;1;moderate
DEBB021;"'2017-01-18 23:00'";24;39;14;25;1;moderate
DEBB021;"'2017-01-18 24:00'";25;39;13;25;1;moderate
DEBB021;"'2017-01-19 01:00'";25;41;11;25;1;moderate
DEBB021;"'2017-01-19 02:00'";24;43;9;25;1;moderate
DEBB021;"'2017-01-19 03:00'";23;41;10;23;2;moderate
DEBB021;"'2017-01-19 04:00'";23;39;11;23;3;moderate
DEBB021;"'2017-01-19 05:00'";25;34;13;25;2;moderate
DEBB021;"'2017-01-19 06:00'";24;33;14;24;1;moderate
DEBB021;"'2017-01-19 07:00'";24;31;19;25;1;moderate
DEBB021;"'2017-01-19 08:00'";25;29;23;25;1;moderate
DEBB021;"'2017-01-19 09:00'";25;29;25;25;1;moderate
DEBB021;"'2017-01-19 10:00'";26;29;24;26;1;moderate
DEBB021;"'2017-01-19 11:00'";32;28;25;29;1;moderate
DEBB021;"'2017-01-19 12:00'";34;30;25;29;1;moderate
DEBB021;"'2017-01-19 13:00'";31;29;30;29;1;moderate
DEBB021;"'2017-01-19 14:00'";40;29;26;30;1;moderate
DEBB021;"'2017-01-19 15:00'";34;25;34;29;1;moderate
DEBB021;"'2017-01-19 16:00'";32;25;31;29;1;moderate
DEBB021;"'2017-01-19 17:00'";30;22;33;29;1;moderate
DEBB021;"'2017-01-19 18:00'";30;18;35;29;1;moderate
DEBB021;"'2017-01-19 19:00'";30;16;38;29;1;moderate
DEBB021;"'2017-01-19 20:00'";35;16;37;35;1;poor
DEBB021;"'2017-01-19 21:00'";33;12;41;33;1;poor
DEBB021;"'2017-01-19 22:00'";34;8;45;34;1;poor
DEBB021;"'2017-01-19 23:00'";33;9;40;34;1;poor
DEBB021;"'2017-01-19 24:00'";33;7;41;33;1;poor
DEBB021;"'2017-01-20 01:00'";32;7;41;32;1;poor
DEBB021;"'2017-01-20 02:00'";31;7;40;31;1;poor
DEBB021;"'2017-01-20 03:00'";30;6;43;31;1;poor
DEBB021;"'2017-01-20 04:00'";30;6;42;30;3;moderate
DEBB021;"'2017-01-20 05:00'";30;6;43;30;3;moderate
DEBB021;"'2017-01-20 06:00'";31;2;48;31;4;poor
DEBB021;"'2017-01-20 07:00'";32;2;47;31;3;poor
DEBB021;"'2017-01-20 08:00'";33;2;49;32;3;poor
DEBB021;"'2017-01-20 09:00'";34;2;51;32;4;poor
DEBB021;"'2017-01-20 10:00'";37;6;48;33;4;poor
DEBB021;"'2017-01-20 11:00'";46;8;48;33;5;poor
DEBB021;"'2017-01-20 12:00'";44;9;47;33;4;poor
DEBB021;"'2017-01-20 13:00'";34;13;42;32;4;poor
DEBB021;"'2017-01-20 14:00'";34;12;43;32;3;poor
DEBB021;"'2017-01-20 15:00'";33;12;44;32;3;poor
DEBB021;"'2017-01-20 16:00'";38;5;51;36;3;poor
DEBB021;"'2017-01-20 17:00'";33;2;55;33;1;poor
DEBB021;"'2017-01-20 18:00'";34;2;57;34;1;poor
DEBB021;"'2017-01-20 19:00'";40;2;57;40;1;poor
DEBB021;"'2017-01-20 20:00'";46;2;56;46;2;poor
DEBB021;"'2017-01-20 21:00'";47;2;55;46;3;poor
DEBB021;"'2017-01-20 22:00'";44;2;55;42;3;poor
DEBB021;"'2017-01-20 23:00'";42;2;56;40;2;poor
DEBB021;"'2017-01-20 24:00'";39;2;54;37;1;poor
DEBB021;"'2017-01-21 01:00'";37;2;53;36;1;poor
DEBB021;"'2017-01-21 02:00'";34;2;53;33;1;poor
DEBB021;"'2017-01-21 03:00'";32;2;51;31;1;poor
DEBB021;"'2017-01-21 04:00'";31;2;51;30;1;moderate
DEBB021;"'2017-01-21 05:00'";29;2;47;29;1;moderate
DEBB021;"'2017-01-21 06:00'";29;8;39;29;1;moderate
DEBB021;"'2017-01-21 07:00'";29;9;39;29;1;moderate
DEBB021;"'2017-01-21 08:00'";29;7;39;29;1;moderate
DEBB021;"'2017-01-21 09:00'";28;9;36;28;1;moderate
DEBB021;"'2017-01-21 10:00'";25;14;29;25;1;moderate
DEBB021;"'2017-01-21 11:00'";22;22;26;22;1;moderate
DEBB021;"'2017-01-21 12:00'";19;21;33;19;1;moderate
DEBB021;"'2017-01-21 13:00'";16;29;25;16;1;moderate
DEBB021;"'2017-01-21 14:00'";13;36;23;13;1;good
DEBB021;"'2017-01-21 15:00'";14;35;26;14;1;good
DEBB021;"'2017-01-21 16:00'";15;33;25;15;1;good
DEBB021;"'2017-01-21 17:00'";17;27;28;17;1;moderate
DEBB021;"'2017-01-21 18:00'";20;19;34;20;1;moderate
DEBB021;"'2017-01-21 19:00'";21;17;34;21;1;moderate
DEBB021;"'2017-01-21 20:00'";29;5;45;29;1;moderate
DEBB021;"'2017-01-21 21:00'";32;6;45;32;1;poor
DEBB021;"'2017-01-21 22:00'";33;9;41;33;1;poor
DEBB021;"'2017-01-21 23:00'";34;8;41;34;1;poor
DEBB021;"'2017-01-21 24:00'";30;10;39;30;1;moderate
DEBB021;"'2017-01-22 01:00'";33;7;40;33;1;poor
DEBB021;"'2017-01-22 02:00'";29;16;32;30;1;moderate
DEBB021;"'2017-01-22 03:00'";25;30;19;26;1;moderate
DEBB021;"'2017-01-22 04:00'";23;30;17;23;2;moderate
DEBB021;"'2017-01-22 05:00'";24;36;14;25;3;moderate
DEBB021;"'2017-01-22 06:00'";25;39;12;25;3;moderate
DEBB021;"'2017-01-22 07:00'";24;37;16;25;5;moderate
DEBB021;"'2017-01-22 08:00'";25;33;19;26;8;moderate
DEBB021;"'2017-01-22 09:00'";28;34;16;29;6;moderate
DEBB021;"'2017-01-22 10:00'";29;31;16;29;6;moderate
DEBB021;"'2017-01-22 11:00'";30;32;16;31;6;poor
DEBB021;"'2017-01-22 12:00'";32;35;16;32;6;poor
DEBB021;"'2017-01-22 13:00'";32;40;18;31;5;poor
DEBB021;"'2017-01-22 14:00'";33;47;19;30;5;moderate
DEBB021;"'2017-01-22 15:00'";33;48;20;31;5;poor
DEBB021;"'2017-01-22 16:00'";36;45;21;31;5;poor
DEBB021;"'2017-01-22 17:00'";34;35;27;32;4;poor
DEBB021;"'2017-01-22 18:00'";34;28;32;34;4;poor
DEBB021;"'2017-01-22 19:00'";39;21;38;40;4;poor
DEBB021;"'2017-01-22 20:00'";41;17;35;42;2;poor
DEBB021;"'2017-01-22 21:00'";43;15;34;44;1;poor
DEBB021;"'2017-01-22 22:00'";44;14;33;45;1;poor
DEBB021;"'2017-01-22 23:00'";46;18;28;47;1;poor
DEBB021;"'2017-01-22 24:00'";48;27;21;49;2;poor
DEBB021;"'2017-01-23 01:00'";49;32;18;50;3;poor
DEBB021;"'2017-01-23 02:00'";49;31;20;50;3;poor
DEBB021;"'2017-01-23 03:00'";50;24;30;51;3;"very poor"
DEBB021;"'2017-01-23 04:00'";49;28;25;51;3;"very poor"
DEBB021;"'2017-01-23 05:00'";49;32;21;51;4;"very poor"
DEBB021;"'2017-01-23 06:00'";50;29;23;51;3;"very poor"
DEBB021;"'2017-01-23 07:00'";49;29;24;50;4;poor
DEBB021;"'2017-01-23 08:00'";50;25;26;51;4;"very poor"
DEBB021;"'2017-01-23 09:00'";50;24;25;51;4;"very poor"
DEBB021;"'2017-01-23 10:00'";50;9;34;51;2;"very poor"
DEBB021;"'2017-01-23 11:00'";54;10;34;53;1;"very poor"
DEBB021;"'2017-01-23 12:00'";55;10;35;54;1;"very poor"
DEBB021;"'2017-01-23 13:00'";56;9;35;55;1;"very poor"
DEBB021;"'2017-01-23 14:00'";33;26;20;33;1;poor
DEBB021;"'2017-01-23 15:00'";30;28;20;30;2;moderate
DEBB021;"'2017-01-23 16:00'";28;28;20;29;1;moderate
DEBB021;"'2017-01-23 17:00'";24;27;23;25;1;moderate
DEBB021;"'2017-01-23 18:00'";25;26;23;25;1;moderate
DEBB021;"'2017-01-23 19:00'";28;29;20;29;1;moderate
DEBB021;"'2017-01-23 20:00'";31;20;28;31;1;poor
DEBB021;"'2017-01-23 21:00'";29;17;29;29;1;moderate
DEBB021;"'2017-01-23 22:00'";27;18;25;27;1;moderate
DEBB021;"'2017-01-23 23:00'";24;22;19;24;1;moderate
DEBB021;"'2017-01-23 24:00'";23;26;16;23;1;moderate
DEBB021;"'2017-01-24 01:00'";23;24;17;23;1;moderate
DEBB021;"'2017-01-24 02:00'";22;24;16;22;1;moderate
DEBB021;"'2017-01-24 03:00'";23;22;17;23;1;moderate
DEBB021;"'2017-01-24 04:00'";25;17;21;25;1;moderate
DEBB021;"'2017-01-24 05:00'";24;14;23;25;1;moderate
DEBB021;"'2017-01-24 06:00'";24;10;26;25;1;moderate
DEBB021;"'2017-01-24 07:00'";25;6;30;26;1;moderate
DEBB021;"'2017-01-24 08:00'";27;2;33;27;1;moderate
DEBB021;"'2017-01-24 09:00'";30;4;31;29;1;moderate
DEBB021;"'2017-01-24 10:00'";35;6;30;34;1;poor
DEBB021;"'2017-01-24 11:00'";41;7;28;40;1;poor
DEBB021;"'2017-01-24 12:00'";50;8;26;50;1;poor
DEBB021;"'2017-01-24 13:00'";52;8;25;51;1;"very poor"
DEBB021;"'2017-01-24 14:00'";49;9;23;48;1;poor
DEBB021;"'2017-01-24 15:00'";52;12;23;48;1;poor
DEBB021;"'2017-01-24 16:00'";39;18;24;39;1;poor
DEBB021;"'2017-01-24 17:00'";41;22;26;41;1;poor
DEBB021;"'2017-01-24 18:00'";41;22;25;40;1;poor
DEBB021;"'2017-01-24 19:00'";49;20;26;39;1;poor
DEBB021;"'2017-01-24 20:00'";45;20;24;36;1;poor
DEBB021;"'2017-01-24 21:00'";45;18;23;37;1;poor
DEBB021;"'2017-01-24 22:00'";52;16;24;41;1;poor
DEBB021;"'2017-01-24 23:00'";56;13;27;43;1;poor
DEBB021;"'2017-01-24 24:00'";50;17;20;40;1;poor
DEBB021;"'2017-01-25 01:00'";29;18;19;30;1;moderate
DEBB021;"'2017-01-25 02:00'";30;17;19;31;1;poor
DEBB021;"'2017-01-25 03:00'";29;19;18;29;1;moderate
DEBB021;"'2017-01-25 04:00'";28;19;19;29;1;moderate
DEBB021;"'2017-01-25 05:00'";27;17;20;28;1;moderate
DEBB021;"'2017-01-25 06:00'";29;16;21;29;1;moderate
DEBB021;"'2017-01-25 07:00'";28;12;24;28;1;moderate
DEBB021;"'2017-01-25 08:00'";32;8;28;33;1;poor
DEBB021;"'2017-01-25 09:00'";34;8;29;34;1;poor
DEBB021;"'2017-01-25 10:00'";34;11;25;34;1;poor
DEBB021;"'2017-01-25 11:00'";36;15;22;35;1;poor
DEBB021;"'2017-01-25 12:00'";35;17;20;35;1;poor
DEBB021;"'2017-01-25 13:00'";35;17;21;35;1;poor
DEBB021;"'2017-01-25 14:00'";35;18;19;35;1;poor
DEBB021;"'2017-01-25 15:00'";33;18;20;33;1;poor
DEBB021;"'2017-01-25 16:00'";29;16;22;29;1;moderate
DEBB021;"'2017-01-25 17:00'";32;11;27;32;1;poor
DEBB021;"'2017-01-25 18:00'";32;10;24;32;1;poor
DEBB021;"'2017-01-25 19:00'";36;6;27;37;1;poor
DEBB021;"'2017-01-25 20:00'";38;5;28;38;1;poor
DEBB021;"'2017-01-25 21:00'";38;4;29;37;1;poor
DEBB021;"'2017-01-25 22:00'";37;2;31;36;1;poor
DEBB021;"'2017-01-25 23:00'";39;2;34;39;1;poor
DEBB021;"'2017-01-25 24:00'";39;2;37;39;1;poor
DEBB021;"'2017-01-26 01:00'";37;2;36;38;1;poor
DEBB021;"'2017-01-26 02:00'";41;2;33;38;1;poor
DEBB021;"'2017-01-26 03:00'";31;2;32;31;1;poor
DEBB021;"'2017-01-26 04:00'";26;2;31;27;1;moderate
DEBB021;"'2017-01-26 05:00'";24;2;32;25;1;moderate
DEBB021;"'2017-01-26 06:00'";19;4;31;20;1;moderate
DEBB021;"'2017-01-26 07:00'";18;5;33;18;1;moderate
DEBB021;"'2017-01-26 08:00'";20;2;35;20;1;moderate
DEBB021;"'2017-01-26 09:00'";22;2;35;22;1;moderate
DEBB021;"'2017-01-26 10:00'";22;12;27;23;1;moderate
DEBB021;"'2017-01-26 11:00'";23;19;24;24;1;moderate
DEBB021;"'2017-01-26 12:00'";21;31;22;21;1;moderate
DEBB021;"'2017-01-26 13:00'";23;38;20;22;1;moderate
DEBB021;"'2017-01-26 14:00'";23;37;20;21;3;moderate
DEBB021;"'2017-01-26 15:00'";21;40;22;20;4;moderate
DEBB021;"'2017-01-26 16:00'";24;31;28;22;5;moderate
DEBB021;"'2017-01-26 17:00'";25;20;39;24;5;moderate
DEBB021;"'2017-01-26 18:00'";28;13;44;28;3;moderate
DEBB021;"'2017-01-26 19:00'";30;12;44;30;3;moderate
DEBB021;"'2017-01-26 20:00'";31;12;43;32;3;poor
DEBB021;"'2017-01-26 21:00'";33;14;39;34;1;poor
DEBB021;"'2017-01-26 22:00'";35;15;38;36;2;poor
DEBB021;"'2017-01-26 23:00'";37;18;34;38;3;poor
DEBB021;"'2017-01-26 24:00'";38;19;32;39;3;poor
DEBB021;"'2017-01-27 01:00'";37;23;28;38;3;poor
DEBB021;"'2017-01-27 02:00'";36;26;25;37;3;poor
DEBB021;"'2017-01-27 03:00'";34;28;23;35;3;poor
DEBB021;"'2017-01-27 04:00'";32;29;24;32;3;poor
DEBB021;"'2017-01-27 05:00'";29;30;25;29;3;moderate
DEBB021;"'2017-01-27 06:00'";26;28;31;27;3;moderate
DEBB021;"'2017-01-27 07:00'";24;24;37;25;3;moderate
DEBB021;"'2017-01-27 08:00'";24;18;47;24;3;moderate
DEBB021;"'2017-01-27 09:00'";25;14;56;25;3;moderate
DEBB021;"'2017-01-27 10:00'";25;28;40;24;3;moderate
DEBB021;"'2017-01-27 11:00'";27;43;23;23;3;moderate
DEBB021;"'2017-01-27 12:00'";31;48;21;24;3;moderate
DEBB021;"'2017-01-27 13:00'";29;52;18;23;4;moderate
DEBB021;"'2017-01-27 14:00'";32;54;20;24;4;moderate
DEBB021;"'2017-01-27 15:00'";31;53;22;24;5;moderate
DEBB021;"'2017-01-27 16:00'";30;52;24;25;5;moderate
DEBB021;"'2017-01-27 17:00'";37;36;41;26;4;moderate
DEBB021;"'2017-01-27 18:00'";57;4;80;30;4;poor
DEBB021;"'2017-01-27 19:00'";53;2;82;32;3;poor
DEBB021;"'2017-01-27 20:00'";58;2;89;43;3;poor
DEBB021;"'2017-01-27 21:00'";50;2;81;46;3;poor
DEBB021;"'2017-01-27 22:00'";47;2;84;43;3;poor
DEBB021;"'2017-01-27 23:00'";41;2;79;37;1;poor
DEBB021;"'2017-01-27 24:00'";38;2;72;36;1;poor
DEBB021;"'2017-01-28 01:00'";39;7;62;38;1;poor
DEBB021;"'2017-01-28 02:00'";41;11;56;40;1;poor
DEBB021;"'2017-01-28 03:00'";40;18;45;40;1;poor
DEBB021;"'2017-01-28 04:00'";39;15;48;39;1;poor
DEBB021;"'2017-01-28 05:00'";40;18;42;40;1;poor
DEBB021;"'2017-01-28 06:00'";42;30;35;42;1;poor
DEBB021;"'2017-01-28 07:00'";43;32;32;44;1;poor
DEBB021;"'2017-01-28 08:00'";45;26;37;46;1;poor
DEBB021;"'2017-01-28 09:00'";47;31;32;48;2;poor
DEBB021;"'2017-01-28 10:00'";47;35;31;48;3;poor
DEBB021;"'2017-01-28 11:00'";47;44;25;48;3;poor
DEBB021;"'2017-01-28 12:00'";49;52;17;48;4;poor
DEBB021;"'2017-01-28 13:00'";51;54;18;48;4;poor
DEBB021;"'2017-01-28 14:00'";46;55;22;46;4;poor
DEBB021;"'2017-01-28 15:00'";48;56;21;46;4;poor
DEBB021;"'2017-01-28 16:00'";49;56;22;48;4;poor
DEBB021;"'2017-01-28 17:00'";50;50;28;48;4;poor
DEBB021;"'2017-01-28 18:00'";53;39;38;50;3;poor
DEBB021;"'2017-01-28 19:00'";56;29;47;53;3;"very poor"
DEBB021;"'2017-01-28 20:00'";53;31;39;53;3;"very poor"
DEBB021;"'2017-01-28 21:00'";48;36;32;48;3;poor
DEBB021;"'2017-01-28 22:00'";45;37;27;45;4;poor
DEBB021;"'2017-01-28 23:00'";45;33;28;46;4;poor
DEBB021;"'2017-01-28 24:00'";47;27;30;48;4;poor
DEBB021;"'2017-01-29 01:00'";47;24;31;47;3;poor
DEBB021;"'2017-01-29 02:00'";45;23;32;46;3;poor
DEBB021;"'2017-01-29 03:00'";45;22;30;45;3;poor
DEBB021;"'2017-01-29 04:00'";43;22;30;44;3;poor
DEBB021;"'2017-01-29 05:00'";42;22;28;42;3;poor
DEBB021;"'2017-01-29 06:00'";41;24;28;41;2;poor
DEBB021;"'2017-01-29 07:00'";41;19;31;41;1;poor
DEBB021;"'2017-01-29 08:00'";41;24;28;42;3;poor
DEBB021;"'2017-01-29 09:00'";41;20;30;41;2;poor
DEBB021;"'2017-01-29 10:00'";40;24;27;41;3;poor
DEBB021;"'2017-01-29 11:00'";39;30;28;39;4;poor
DEBB021;"'2017-01-29 12:00'";38;34;30;36;4;poor
DEBB021;"'2017-01-29 13:00'";38;44;24;33;4;poor
DEBB021;"'2017-01-29 14:00'";34;48;26;29;4;moderate
DEBB021;"'2017-01-29 15:00'";32;49;27;27;4;moderate
DEBB021;"'2017-01-29 16:00'";31;49;26;27;4;moderate
DEBB021;"'2017-01-29 17:00'";30;50;26;27;5;moderate
DEBB021;"'2017-01-29 18:00'";30;47;30;27;5;moderate
DEBB021;"'2017-01-29 19:00'";30;46;30;28;4;moderate
DEBB021;"'2017-01-29 20:00'";32;41;32;29;5;moderate
DEBB021;"'2017-01-29 21:00'";32;42;28;30;4;moderate
DEBB021;"'2017-01-29 22:00'";33;39;28;32;4;poor
DEBB021;"'2017-01-29 23:00'";33;30;35;33;3;poor
DEBB021;"'2017-01-29 24:00'";33;30;29;33;2;poor
DEBB021;"'2017-01-30 01:00'";35;26;31;35;1;poor
DEBB021;"'2017-01-30 02:00'";35;7;45;35;1;poor
DEBB021;"'2017-01-30 03:00'";38;15;38;39;1;poor
DEBB021;"'2017-01-30 04:00'";40;18;32;40;1;poor
DEBB021;"'2017-01-30 05:00'";40;14;36;40;1;poor
DEBB021;"'2017-01-30 06:00'";42;7;43;42;1;poor
DEBB021;"'2017-01-30 07:00'";45;2;49;46;1;poor
DEBB021;"'2017-01-30 08:00'";50;2;56;50;2;poor
DEBB021;"'2017-01-30 09:00'";48;7;50;48;3;poor
DEBB021;"'2017-01-30 10:00'";42;14;44;42;4;poor
DEBB021;"'2017-01-30 11:00'";41;18;43;41;4;poor
DEBB021;"'2017-01-30 12:00'";41;25;37;40;4;poor
DEBB021;"'2017-01-30 13:00'";35;30;31;35;5;poor
DEBB021;"'2017-01-30 14:00'";32;38;32;32;7;poor
DEBB021;"'2017-01-30 15:00'";33;39;33;33;6;poor
DEBB021;"'2017-01-30 16:00'";35;42;33;35;6;poor
DEBB021;"'2017-01-30 17:00'";37;42;31;37;4;poor
DEBB021;"'2017-01-30 18:00'";37;42;30;38;2;poor
DEBB021;"'2017-01-30 19:00'";34;49;25;35;1;poor
DEBB021;"'2017-01-30 20:00'";33;48;24;34;1;poor
DEBB021;"'2017-01-30 21:00'";33;45;25;34;1;poor
DEBB021;"'2017-01-30 22:00'";34;43;24;35;2;poor
DEBB021;"'2017-01-30 23:00'";38;40;25;38;3;poor
DEBB021;"'2017-01-30 24:00'";40;35;27;41;3;poor
DEBB021;"'2017-01-31 01:00'";39;35;26;40;3;poor
DEBB021;"'2017-01-31 02:00'";39;35;23;40;3;poor
DEBB021;"'2017-01-31 03:00'";37;35;21;38;3;poor
DEBB021;"'2017-01-31 04:00'";36;30;25;37;3;poor
DEBB021;"'2017-01-31 05:00'";34;28;24;35;3;poor
DEBB021;"'2017-01-31 06:00'";34;23;28;34;3;poor
DEBB021;"'2017-01-31 07:00'";33;17;33;33;3;poor
DEBB021;"'2017-01-31 08:00'";34;11;38;34;3;poor
DEBB021;"'2017-01-31 09:00'";37;10;39;37;2;poor
DEBB021;"'2017-01-31 10:00'";40;14;33;40;2;poor
DEBB021;"'2017-01-31 11:00'";40;15;33;40;3;poor
DEBB021;"'2017-01-31 12:00'";40;17;31;41;4;poor
DEBB021;"'2017-01-31 13:00'";41;15;33;41;4;poor
DEBB021;"'2017-01-31 14:00'";43;15;36;43;4;poor
DEBB021;"'2017-01-31 15:00'";40;17;33;40;4;poor
DEBB021;"'2017-01-31 16:00'";42;15;35;42;4;poor
DEBB021;"'2017-01-31 17:00'";46;13;39;45;3;poor
DEBB021;"'2017-01-31 18:00'";43;10;42;44;3;poor
DEBB021;"'2017-01-31 19:00'";48;8;44;48;3;poor
DEBB021;"'2017-01-31 20:00'";51;16;33;52;3;"very poor"
DEBB021;"'2017-01-31 21:00'";50;18;30;51;3;"very poor"
DEBB021;"'2017-01-31 22:00'";53;18;30;54;3;"very poor"
DEBB021;"'2017-01-31 23:00'";49;16;30;50;3;poor
DEBB021;"'2017-01-31 24:00'";54;16;28;54;3;"very poor"
DEBB021;"'2017-02-01 01:00'";54;12;31;55;3;"very poor"
DEBB021;"'2017-02-01 02:00'";56;10;34;57;4;"very poor"
DEBB021;"'2017-02-01 03:00'";58;9;33;57;4;"very poor"
DEBB021;"'2017-02-01 04:00'";64;8;36;64;4;"very poor"
DEBB021;"'2017-02-01 05:00'";65;11;33;62;6;"very poor"
DEBB021;"'2017-02-01 06:00'";72;8;35;67;5;"very poor"
DEBB021;"'2017-02-01 07:00'";74;13;35;74;5;"very poor"
DEBB021;"'2017-02-01 08:00'";79;12;38;79;4;"very poor"
DEBB021;"'2017-02-01 09:00'";82;11;37;82;3;"very poor"
DEBB021;"'2017-02-01 10:00'";75;17;33;76;4;"very poor"
DEBB021;"'2017-02-01 11:00'";75;-;-;75;3;"very poor"
DEBB021;"'2017-02-01 12:00'";73;12;28;73;2;"very poor"
DEBB021;"'2017-02-01 13:00'";67;15;25;67;2;"very poor"
DEBB021;"'2017-02-01 14:00'";58;18;27;60;3;"very poor"
DEBB021;"'2017-02-01 15:00'";51;25;26;52;4;"very poor"
DEBB021;"'2017-02-01 16:00'";48;27;32;49;5;poor
DEBB021;"'2017-02-01 17:00'";49;26;34;49;5;poor
DEBB021;"'2017-02-01 18:00'";49;23;38;50;4;poor
DEBB021;"'2017-02-01 19:00'";51;15;48;52;5;"very poor"
DEBB021;"'2017-02-01 20:00'";56;11;52;57;6;"very poor"
DEBB021;"'2017-02-01 21:00'";54;12;50;55;6;"very poor"
DEBB021;"'2017-02-01 22:00'";53;15;44;55;6;"very poor"
DEBB021;"'2017-02-01 23:00'";54;20;36;55;5;"very poor"
DEBB021;"'2017-02-01 24:00'";53;23;32;55;5;"very poor"
DEBB021;"'2017-02-02 01:00'";55;21;31;56;5;"very poor"
DEBB021;"'2017-02-02 02:00'";56;21;30;57;5;"very poor"
DEBB021;"'2017-02-02 03:00'";56;17;33;57;5;"very poor"
DEBB021;"'2017-02-02 04:00'";54;16;31;56;6;"very poor"
DEBB021;"'2017-02-02 05:00'";51;9;39;53;7;"very poor"
DEBB021;"'2017-02-02 06:00'";51;4;45;53;7;"very poor"
DEBB021;"'2017-02-02 07:00'";52;2;48;53;7;"very poor"
DEBB021;"'2017-02-02 08:00'";51;2;49;52;7;"very poor"
DEBB021;"'2017-02-02 09:00'";50;5;47;51;6;"very poor"
DEBB021;"'2017-02-02 10:00'";50;11;41;51;6;"very poor"
DEBB021;"'2017-02-02 11:00'";46;18;37;46;6;poor
DEBB021;"'2017-02-02 12:00'";45;19;38;46;6;poor
DEBB021;"'2017-02-02 13:00'";46;20;39;46;5;poor
DEBB021;"'2017-02-02 14:00'";47;17;42;48;5;poor
DEBB021;"'2017-02-02 15:00'";47;16;44;47;4;poor
DEBB021;"'2017-02-02 16:00'";45;14;46;46;4;poor
DEBB021;"'2017-02-02 17:00'";47;11;51;48;4;poor
DEBB021;"'2017-02-02 18:00'";47;10;53;48;4;poor
DEBB021;"'2017-02-02 19:00'";44;11;47;45;4;poor
DEBB021;"'2017-02-02 20:00'";42;14;43;43;4;poor
DEBB021;"'2017-02-02 21:00'";40;13;38;41;3;poor
DEBB021;"'2017-02-02 22:00'";38;14;35;39;2;poor
DEBB021;"'2017-02-02 23:00'";35;17;30;36;1;poor
DEBB021;"'2017-02-02 24:00'";37;18;25;36;1;poor
DEBB021;"'2017-02-03 01:00'";42;17;24;37;1;poor
DEBB021;"'2017-02-03 02:00'";50;17;23;39;1;poor
DEBB021;"'2017-02-03 03:00'";52;17;24;39;1;poor
DEBB021;"'2017-02-03 04:00'";48;17;22;38;2;poor
DEBB021;"'2017-02-03 05:00'";44;15;24;39;1;poor
DEBB021;"'2017-02-03 06:00'";39;12;27;40;1;poor
DEBB021;"'2017-02-03 07:00'";41;9;32;42;1;poor
DEBB021;"'2017-02-03 08:00'";45;7;36;46;1;poor
DEBB021;"'2017-02-03 09:00'";49;7;36;50;1;poor
DEBB021;"'2017-02-03 10:00'";53;10;34;54;2;"very poor"
DEBB021;"'2017-02-03 11:00'";57;11;33;58;3;"very poor"
DEBB021;"'2017-02-03 12:00'";58;12;34;59;3;"very poor"
DEBB021;"'2017-02-03 13:00'";58;9;38;59;2;"very poor"
DEBB021;"'2017-02-03 14:00'";58;11;39;59;3;"very poor"
DEBB021;"'2017-02-03 15:00'";57;7;45;58;1;"very poor"
DEBB021;"'2017-02-03 16:00'";56;6;46;57;1;"very poor"
DEBB021;"'2017-02-03 17:00'";54;3;48;54;1;"very poor"
DEBB021;"'2017-02-03 18:00'";52;2;51;52;1;"very poor"
DEBB021;"'2017-02-03 19:00'";51;2;51;51;1;"very poor"
DEBB021;"'2017-02-03 20:00'";50;2;48;51;1;"very poor"
DEBB021;"'2017-02-03 21:00'";49;2;47;49;1;poor
DEBB021;"'2017-02-03 22:00'";48;2;46;48;1;poor
DEBB021;"'2017-02-03 23:00'";46;2;43;47;1;poor
DEBB021;"'2017-02-03 24:00'";45;2;45;45;1;poor
DEBB021;"'2017-02-04 01:00'";44;2;43;44;1;poor
DEBB021;"'2017-02-04 02:00'";43;3;39;44;1;poor
DEBB021;"'2017-02-04 03:00'";43;3;38;44;1;poor
DEBB021;"'2017-02-04 04:00'";47;2;38;46;1;poor
DEBB021;"'2017-02-04 05:00'";59;2;37;48;1;poor
DEBB021;"'2017-02-04 06:00'";55;5;35;46;1;poor
DEBB021;"'2017-02-04 07:00'";51;7;33;43;1;poor
DEBB021;"'2017-02-04 08:00'";46;7;34;38;1;poor
DEBB021;"'2017-02-04 09:00'";46;9;34;37;1;poor
DEBB021;"'2017-02-04 10:00'";44;13;27;35;1;poor
DEBB021;"'2017-02-04 11:00'";36;17;26;34;1;poor
DEBB021;"'2017-02-04 12:00'";32;20;26;33;1;poor
DEBB021;"'2017-02-04 13:00'";32;21;28;33;1;poor
DEBB021;"'2017-02-04 14:00'";33;16;34;33;1;poor
DEBB021;"'2017-02-04 15:00'";35;15;36;33;1;poor
DEBB021;"'2017-02-04 16:00'";44;14;36;33;1;poor
DEBB021;"'2017-02-04 17:00'";44;13;38;32;1;poor
DEBB021;"'2017-02-04 18:00'";34;10;41;29;1;moderate
DEBB021;"'2017-02-04 19:00'";34;13;37;28;1;moderate
DEBB021;"'2017-02-04 20:00'";37;16;33;30;1;moderate
DEBB021;"'2017-02-04 21:00'";40;16;31;31;1;poor
DEBB021;"'2017-02-04 22:00'";43;14;33;33;1;poor
DEBB021;"'2017-02-04 23:00'";49;12;37;37;1;poor
DEBB021;"'2017-02-04 24:00'";45;12;39;36;1;poor
DEBB021;"'2017-02-05 01:00'";46;13;37;38;1;poor
DEBB021;"'2017-02-05 02:00'";51;14;33;42;1;poor
DEBB021;"'2017-02-05 03:00'";61;10;34;47;1;poor
DEBB021;"'2017-02-05 04:00'";65;7;32;55;1;"very poor"
DEBB021;"'2017-02-05 05:00'";58;7;29;59;1;"very poor"
DEBB021;"'2017-02-05 06:00'";61;6;28;62;1;"very poor"
DEBB021;"'2017-02-05 07:00'";66;6;28;65;1;"very poor"
DEBB021;"'2017-02-05 08:00'";81;6;26;64;1;"very poor"
DEBB021;"'2017-02-05 09:00'";70;8;23;59;1;"very poor"
DEBB021;"'2017-02-05 10:00'";59;9;22;56;1;"very poor"
DEBB021;"'2017-02-05 11:00'";49;10;23;50;1;poor
DEBB021;"'2017-02-05 12:00'";49;12;23;50;1;poor
DEBB021;"'2017-02-05 13:00'";51;11;26;52;1;"very poor"
DEBB021;"'2017-02-05 14:00'";54;11;27;55;1;"very poor"
DEBB021;"'2017-02-05 15:00'";55;10;29;56;1;"very poor"
DEBB021;"'2017-02-05 16:00'";54;7;33;55;1;"very poor"
DEBB021;"'2017-02-05 17:00'";55;2;37;55;1;"very poor"
DEBB021;"'2017-02-05 18:00'";49;2;35;49;2;poor
DEBB021;"'2017-02-05 19:00'";42;3;32;43;1;poor
DEBB021;"'2017-02-05 20:00'";43;3;31;44;1;poor
DEBB021;"'2017-02-05 21:00'";45;7;25;44;1;poor
DEBB021;"'2017-02-05 22:00'";50;5;26;47;1;poor
DEBB021;"'2017-02-05 23:00'";46;5;27;46;1;poor
DEBB021;"'2017-02-05 24:00'";37;8;24;38;1;poor
DEBB021;"'2017-02-06 01:00'";41;10;22;42;1;poor
DEBB021;"'2017-02-06 02:00'";45;13;19;46;2;poor
DEBB021;"'2017-02-06 03:00'";41;14;20;42;5;poor
DEBB021;"'2017-02-06 04:00'";34;17;17;35;4;poor
DEBB021;"'2017-02-06 05:00'";41;17;18;42;5;poor
DEBB021;"'2017-02-06 06:00'";50;24;18;52;5;"very poor"
DEBB021;"'2017-02-06 07:00'";50;24;21;51;4;"very poor"
DEBB021;"'2017-02-06 08:00'";45;22;29;46;4;poor
DEBB021;"'2017-02-06 09:00'";42;25;33;43;4;poor
DEBB021;"'2017-02-06 10:00'";37;32;30;38;3;poor
DEBB021;"'2017-02-06 11:00'";34;39;27;34;1;poor
DEBB021;"'2017-02-06 12:00'";29;42;27;29;1;moderate
DEBB021;"'2017-02-06 13:00'";24;46;24;24;1;moderate
DEBB021;"'2017-02-06 14:00'";22;50;21;22;1;moderate
DEBB021;"'2017-02-06 15:00'";21;52;22;20;1;moderate
DEBB021;"'2017-02-06 16:00'";20;52;22;19;1;moderate
DEBB021;"'2017-02-06 17:00'";20;48;25;20;1;moderate
DEBB021;"'2017-02-06 18:00'";21;46;26;21;1;moderate
DEBB021;"'2017-02-06 19:00'";21;48;22;21;1;moderate
DEBB021;"'2017-02-06 20:00'";21;53;17;21;1;moderate
DEBB021;"'2017-02-06 21:00'";22;50;17;23;1;moderate
DEBB021;"'2017-02-06 22:00'";23;45;20;24;1;moderate
DEBB021;"'2017-02-06 23:00'";24;44;19;24;1;moderate
DEBB021;"'2017-02-06 24:00'";25;42;19;26;1;moderate
DEBB021;"'2017-02-07 01:00'";27;41;18;27;2;moderate
DEBB021;"'2017-02-07 02:00'";27;41;16;28;3;moderate
DEBB021;"'2017-02-07 03:00'";27;43;14;28;4;moderate
DEBB021;"'2017-02-07 04:00'";27;46;13;27;5;moderate
DEBB021;"'2017-02-07 05:00'";28;44;13;29;5;moderate
DEBB021;"'2017-02-07 06:00'";27;44;15;28;6;moderate
DEBB021;"'2017-02-07 07:00'";26;38;21;26;4;moderate
DEBB021;"'2017-02-07 08:00'";24;41;23;23;3;moderate
DEBB021;"'2017-02-07 09:00'";22;43;23;22;3;moderate
DEBB021;"'2017-02-07 10:00'";21;47;19;20;2;moderate
DEBB021;"'2017-02-07 11:00'";18;50;18;17;1;moderate
DEBB021;"'2017-02-07 12:00'";21;53;18;16;1;moderate
DEBB021;"'2017-02-07 13:00'";17;56;16;15;1;good
DEBB021;"'2017-02-07 14:00'";16;56;19;15;1;good
DEBB021;"'2017-02-07 15:00'";18;49;24;16;3;moderate
DEBB021;"'2017-02-07 16:00'";19;42;27;18;3;moderate
DEBB021;"'2017-02-07 17:00'";21;39;30;20;3;moderate
DEBB021;"'2017-02-07 18:00'";22;37;28;21;1;moderate
DEBB021;"'2017-02-07 19:00'";24;35;27;23;1;moderate
DEBB021;"'2017-02-07 20:00'";28;33;22;28;1;moderate
DEBB021;"'2017-02-07 21:00'";33;28;22;32;1;poor
DEBB021;"'2017-02-07 22:00'";37;25;21;37;1;poor
DEBB021;"'2017-02-07 23:00'";35;35;15;36;1;poor
DEBB021;"'2017-02-07 24:00'";34;41;11;34;1;poor
DEBB021;"'2017-02-08 01:00'";33;42;10;34;1;poor
DEBB021;"'2017-02-08 02:00'";34;42;9;35;1;poor
DEBB021;"'2017-02-08 03:00'";30;48;8;31;1;poor
DEBB021;"'2017-02-08 04:00'";31;50;8;32;1;poor
DEBB021;"'2017-02-08 05:00'";31;54;7;31;1;poor
DEBB021;"'2017-02-08 06:00'";32;52;9;33;1;poor
DEBB021;"'2017-02-08 07:00'";37;46;13;37;1;poor
DEBB021;"'2017-02-08 08:00'";39;42;18;38;1;poor
DEBB021;"'2017-02-08 09:00'";40;38;22;38;1;poor
DEBB021;"'2017-02-08 10:00'";39;42;19;38;1;poor
DEBB021;"'2017-02-08 11:00'";39;42;20;36;1;poor
DEBB021;"'2017-02-08 12:00'";41;42;20;37;1;poor
DEBB021;"'2017-02-08 13:00'";42;40;22;39;1;poor
DEBB021;"'2017-02-08 14:00'";40;40;24;36;3;poor
DEBB021;"'2017-02-08 15:00'";41;36;29;37;5;poor
DEBB021;"'2017-02-08 16:00'";42;33;32;37;5;poor
DEBB021;"'2017-02-08 17:00'";43;29;33;39;4;poor
DEBB021;"'2017-02-08 18:00'";43;30;30;39;3;poor
DEBB021;"'2017-02-08 19:00'";41;31;29;39;3;poor
DEBB021;"'2017-02-08 20:00'";39;35;24;38;4;poor
DEBB021;"'2017-02-08 21:00'";38;38;20;37;4;poor
DEBB021;"'2017-02-08 22:00'";38;38;19;37;4;poor
DEBB021;"'2017-02-08 23:00'";40;37;18;38;4;poor
DEBB021;"'2017-02-08 24:00'";41;39;16;41;4;poor
DEBB021;"'2017-02-09 01:00'";41;41;14;40;4;poor
DEBB021;"'2017-02-09 02:00'";41;41;13;40;4;poor
DEBB021;"'2017-02-09 03:00'";42;41;12;41;4;poor
DEBB021;"'2017-02-09 04:00'";43;41;12;41;4;poor
DEBB021;"'2017-02-09 05:00'";43;40;13;42;4;poor
DEBB021;"'2017-02-09 06:00'";44;38;15;42;5;poor
DEBB021;"'2017-02-09 07:00'";45;34;18;43;4;poor
DEBB021;"'2017-02-09 08:00'";49;25;28;45;5;poor
DEBB021;"'2017-02-09 09:00'";53;23;29;48;5;poor
DEBB021;"'2017-02-09 10:00'";55;27;26;50;5;poor
DEBB021;"'2017-02-09 11:00'";60;28;27;51;5;"very poor"
DEBB021;"'2017-02-09 12:00'";58;33;23;51;6;"very poor"
DEBB021;"'2017-02-09 13:00'";60;38;24;52;8;"very poor"
DEBB021;"'2017-02-09 14:00'";50;42;20;45;8;poor
DEBB021;"'2017-02-09 15:00'";50;40;25;43;7;poor
DEBB021;"'2017-02-09 16:00'";46;39;30;41;7;poor
DEBB021;"'2017-02-09 17:00'";44;44;27;40;6;poor
DEBB021;"'2017-02-09 18:00'";48;35;33;43;6;poor
DEBB021;"'2017-02-09 19:00'";49;33;34;46;7;poor
DEBB021;"'2017-02-09 20:00'";47;33;30;45;7;poor
DEBB021;"'2017-02-09 21:00'";48;36;25;43;9;poor
DEBB021;"'2017-02-09 22:00'";48;36;22;46;9;poor
DEBB021;"'2017-02-09 23:00'";47;43;17;46;9;poor
DEBB021;"'2017-02-09 24:00'";53;42;15;52;8;"very poor"
DEBB021;"'2017-02-10 01:00'";56;37;17;55;8;"very poor"
DEBB021;"'2017-02-10 02:00'";59;33;21;57;7;"very poor"
DEBB021;"'2017-02-10 03:00'";60;33;19;59;7;"very poor"
DEBB021;"'2017-02-10 04:00'";60;35;18;59;7;"very poor"
DEBB021;"'2017-02-10 05:00'";61;36;18;61;7;"very poor"
DEBB021;"'2017-02-10 06:00'";62;34;19;62;7;"very poor"
DEBB021;"'2017-02-10 07:00'";63;31;24;62;7;"very poor"
DEBB021;"'2017-02-10 08:00'";61;31;23;61;7;"very poor"
DEBB021;"'2017-02-10 09:00'";62;27;27;60;8;"very poor"
DEBB021;"'2017-02-10 10:00'";65;28;27;61;9;"very poor"
DEBB021;"'2017-02-10 11:00'";66;30;25;60;10;"very poor"
DEBB021;"'2017-02-10 12:00'";67;34;22;61;9;"very poor"
DEBB021;"'2017-02-10 13:00'";78;37;25;63;10;"very poor"
DEBB021;"'2017-02-10 14:00'";80;40;28;66;10;"very poor"
DEBB021;"'2017-02-10 15:00'";71;43;34;66;10;"very poor"
DEBB021;"'2017-02-10 16:00'";69;46;31;65;10;"very poor"
DEBB021;"'2017-02-10 17:00'";70;49;31;66;10;"very poor"
DEBB021;"'2017-02-10 18:00'";71;49;31;68;11;"very poor"
DEBB021;"'2017-02-10 19:00'";70;51;27;69;10;"very poor"
DEBB021;"'2017-02-10 20:00'";69;51;23;68;9;"very poor"
DEBB021;"'2017-02-10 21:00'";68;50;22;67;9;"very poor"
DEBB021;"'2017-02-10 22:00'";67;51;20;66;8;"very poor"
DEBB021;"'2017-02-10 23:00'";67;50;21;66;9;"very poor"
DEBB021;"'2017-02-10 24:00'";65;47;21;65;10;"very poor"
DEBB021;"'2017-02-11 01:00'";63;42;23;62;10;"very poor"
DEBB021;"'2017-02-11 02:00'";62;41;23;61;11;"very poor"
DEBB021;"'2017-02-11 03:00'";61;44;21;60;11;"very poor"
DEBB021;"'2017-02-11 04:00'";60;48;19;59;12;"very poor"
DEBB021;"'2017-02-11 05:00'";58;49;19;56;12;"very poor"
DEBB021;"'2017-02-11 06:00'";54;49;19;52;13;"very poor"
DEBB021;"'2017-02-11 07:00'";52;49;20;50;13;poor
DEBB021;"'2017-02-11 08:00'";50;50;19;47;13;poor
DEBB021;"'2017-02-11 09:00'";48;51;20;45;12;poor
DEBB021;"'2017-02-11 10:00'";46;53;20;42;11;poor
DEBB021;"'2017-02-11 11:00'";48;52;22;41;12;poor
DEBB021;"'2017-02-11 12:00'";53;53;23;41;12;poor
DEBB021;"'2017-02-11 13:00'";50;51;24;42;12;poor
DEBB021;"'2017-02-11 14:00'";52;48;27;44;12;poor
DEBB021;"'2017-02-11 15:00'";54;49;27;46;12;poor
DEBB021;"'2017-02-11 16:00'";55;50;27;49;12;poor
DEBB021;"'2017-02-11 17:00'";56;52;26;50;12;poor
DEBB021;"'2017-02-11 18:00'";56;53;26;51;12;"very poor"
DEBB021;"'2017-02-11 19:00'";57;53;25;53;13;"very poor"
DEBB021;"'2017-02-11 20:00'";58;54;22;54;15;"very poor"
DEBB021;"'2017-02-11 21:00'";65;57;19;54;14;"very poor"
DEBB021;"'2017-02-11 22:00'";59;57;19;55;14;"very poor"
DEBB021;"'2017-02-11 23:00'";59;56;19;55;13;"very poor"
DEBB021;"'2017-02-11 24:00'";59;56;18;55;11;"very poor"
DEBB021;"'2017-02-12 01:00'";59;54;18;57;10;"very poor"
DEBB021;"'2017-02-12 02:00'";59;53;17;57;10;"very poor"
DEBB021;"'2017-02-12 03:00'";60;56;17;59;11;"very poor"
DEBB021;"'2017-02-12 04:00'";59;60;15;58;11;"very poor"
DEBB021;"'2017-02-12 05:00'";56;61;14;56;9;"very poor"
DEBB021;"'2017-02-12 06:00'";53;60;14;53;9;"very poor"
DEBB021;"'2017-02-12 07:00'";51;55;15;51;8;"very poor"
DEBB021;"'2017-02-12 08:00'";51;51;17;51;8;"very poor"
DEBB021;"'2017-02-12 09:00'";53;50;17;53;8;"very poor"
DEBB021;"'2017-02-12 10:00'";55;49;17;54;9;"very poor"
DEBB021;"'2017-02-12 11:00'";57;47;19;55;9;"very poor"
DEBB021;"'2017-02-12 12:00'";58;47;20;57;9;"very poor"
DEBB021;"'2017-02-12 13:00'";61;48;20;58;9;"very poor"
DEBB021;"'2017-02-12 14:00'";62;50;20;60;9;"very poor"
DEBB021;"'2017-02-12 15:00'";62;49;22;60;9;"very poor"
DEBB021;"'2017-02-12 16:00'";64;46;26;60;9;"very poor"
DEBB021;"'2017-02-12 17:00'";61;45;26;59;10;"very poor"
DEBB021;"'2017-02-12 18:00'";59;44;26;57;10;"very poor"
DEBB021;"'2017-02-12 19:00'";60;44;24;59;10;"very poor"
DEBB021;"'2017-02-12 20:00'";63;48;19;63;12;"very poor"
DEBB021;"'2017-02-12 21:00'";66;48;18;65;12;"very poor"
DEBB021;"'2017-02-12 22:00'";67;49;18;66;12;"very poor"
DEBB021;"'2017-02-12 23:00'";67;48;18;66;11;"very poor"
DEBB021;"'2017-02-12 24:00'";65;48;17;64;11;"very poor"
DEBB021;"'2017-02-13 01:00'";63;45;17;62;10;"very poor"
DEBB021;"'2017-02-13 02:00'";57;42;18;56;9;"very poor"
DEBB021;"'2017-02-13 03:00'";54;33;23;54;6;"very poor"
DEBB021;"'2017-02-13 04:00'";52;33;21;53;5;"very poor"
DEBB021;"'2017-02-13 05:00'";51;35;20;52;5;"very poor"
DEBB021;"'2017-02-13 06:00'";50;38;18;51;5;"very poor"
DEBB021;"'2017-02-13 07:00'";51;32;25;51;4;"very poor"
DEBB021;"'2017-02-13 08:00'";52;24;34;51;4;"very poor"
DEBB021;"'2017-02-13 09:00'";54;21;39;53;5;"very poor"
DEBB021;"'2017-02-13 10:00'";59;28;32;55;7;"very poor"
DEBB021;"'2017-02-13 11:00'";63;35;29;56;8;"very poor"
DEBB021;"'2017-02-13 12:00'";66;44;27;57;8;"very poor"
DEBB021;"'2017-02-13 13:00'";64;49;28;55;9;"very poor"
DEBB021;"'2017-02-13 14:00'";62;52;28;50;8;poor
DEBB021;"'2017-02-13 15:00'";65;42;40;51;9;"very poor"
DEBB021;"'2017-02-13 16:00'";69;33;50;50;9;poor
DEBB021;"'2017-02-13 17:00'";63;36;49;48;8;poor
DEBB021;"'2017-02-13 18:00'";62;31;52;51;7;"very poor"
DEBB021;"'2017-02-13 19:00'";62;25;54;54;7;"very poor"
DEBB021;"'2017-02-13 20:00'";65;29;48;60;7;"very poor"
DEBB021;"'2017-02-13 21:00'";62;33;42;59;7;"very poor"
DEBB021;"'2017-02-13 22:00'";61;35;36;59;6;"very poor"
DEBB021;"'2017-02-13 23:00'";61;38;31;60;6;"very poor"
DEBB021;"'2017-02-13 24:00'";61;41;26;60;6;"very poor"
DEBB021;"'2017-02-14 01:00'";62;31;33;62;6;"very poor"
DEBB021;"'2017-02-14 02:00'";64;29;32;63;5;"very poor"
DEBB021;"'2017-02-14 03:00'";65;29;28;65;5;"very poor"
DEBB021;"'2017-02-14 04:00'";66;20;36;66;5;"very poor"
DEBB021;"'2017-02-14 05:00'";67;20;34;67;4;"very poor"
DEBB021;"'2017-02-14 06:00'";71;9;45;70;4;"very poor"
DEBB021;"'2017-02-14 07:00'";72;3;47;72;3;"very poor"
DEBB021;"'2017-02-14 08:00'";73;3;46;73;2;"very poor"
DEBB021;"'2017-02-14 09:00'";71;9;41;69;1;"very poor"
DEBB021;"'2017-02-14 10:00'";70;15;38;68;3;"very poor"
DEBB021;"'2017-02-14 11:00'";73;20;35;69;4;"very poor"
DEBB021;"'2017-02-14 12:00'";76;22;37;67;5;"very poor"
DEBB021;"'2017-02-14 13:00'";78;26;40;64;6;"very poor"
DEBB021;"'2017-02-14 14:00'";70;30;38;59;7;"very poor"
DEBB021;"'2017-02-14 15:00'";75;25;53;57;7;"very poor"
DEBB021;"'2017-02-14 16:00'";70;23;55;53;7;"very poor"
DEBB021;"'2017-02-14 17:00'";64;16;63;51;11;"very poor"
DEBB021;"'2017-02-14 18:00'";71;4;79;54;14;"very poor"
DEBB021;"'2017-02-14 19:00'";71;2;79;58;11;"very poor"
DEBB021;"'2017-02-14 20:00'";64;2;75;56;6;"very poor"
DEBB021;"'2017-02-14 21:00'";64;2;69;60;4;"very poor"
DEBB021;"'2017-02-14 22:00'";63;3;66;61;3;"very poor"
DEBB021;"'2017-02-14 23:00'";63;5;63;62;3;"very poor"
DEBB021;"'2017-02-14 24:00'";66;4;62;66;3;"very poor"
DEBB021;"'2017-02-15 01:00'";74;6;58;73;3;"very poor"
DEBB021;"'2017-02-15 02:00'";67;5;60;67;3;"very poor"
DEBB021;"'2017-02-15 03:00'";69;6;57;69;3;"very poor"
DEBB021;"'2017-02-15 04:00'";70;5;55;70;3;"very poor"
DEBB021;"'2017-02-15 05:00'";70;6;52;71;3;"very poor"
DEBB021;"'2017-02-15 06:00'";72;2;55;72;3;"very poor"
DEBB021;"'2017-02-15 07:00'";74;2;57;73;2;"very poor"
DEBB021;"'2017-02-15 08:00'";77;2;64;75;3;"very poor"
DEBB021;"'2017-02-15 09:00'";83;3;72;79;4;"very poor"
DEBB021;"'2017-02-15 10:00'";82;9;66;77;4;"very poor"
DEBB021;"'2017-02-15 11:00'";76;19;55;65;7;"very poor"
DEBB021;"'2017-02-15 12:00'";79;30;48;61;8;"very poor"
DEBB021;"'2017-02-15 13:00'";69;48;36;53;8;"very poor"
DEBB021;"'2017-02-15 14:00'";54;56;31;45;8;poor
DEBB021;"'2017-02-15 15:00'";51;53;40;41;8;poor
DEBB021;"'2017-02-15 16:00'";53;51;45;39;9;poor
DEBB021;"'2017-02-15 17:00'";65;42;51;40;8;poor
DEBB021;"'2017-02-15 18:00'";67;7;99;43;7;poor
DEBB021;"'2017-02-15 19:00'";78;2;114;47;7;"very poor"
DEBB021;"'2017-02-15 20:00'";97;2;114;52;6;"very poor"
DEBB021;"'2017-02-15 21:00'";85;2;98;52;4;"very poor"
DEBB021;"'2017-02-15 22:00'";73;2;93;54;4;"very poor"
DEBB021;"'2017-02-15 23:00'";68;2;93;55;4;"very poor"
DEBB021;"'2017-02-15 24:00'";57;2;74;51;3;"very poor"
DEBB021;"'2017-02-16 01:00'";53;2;66;48;3;poor
DEBB021;"'2017-02-16 02:00'";49;2;59;47;1;poor
DEBB021;"'2017-02-16 03:00'";51;2;63;50;1;poor
DEBB021;"'2017-02-16 04:00'";50;2;54;49;1;poor
DEBB021;"'2017-02-16 05:00'";48;2;50;47;1;poor
DEBB021;"'2017-02-16 06:00'";51;2;54;49;1;poor
DEBB021;"'2017-02-16 07:00'";53;2;56;51;1;"very poor"
DEBB021;"'2017-02-16 08:00'";58;2;67;53;2;"very poor"
DEBB021;"'2017-02-16 09:00'";73;2;84;59;3;"very poor"
DEBB021;"'2017-02-16 10:00'";79;2;89;58;4;"very poor"
DEBB021;"'2017-02-16 11:00'";55;13;53;47;4;poor
DEBB021;"'2017-02-16 12:00'";49;28;36;43;7;poor
DEBB021;"'2017-02-16 13:00'";46;37;29;41;8;poor
DEBB021;"'2017-02-16 14:00'";46;42;27;40;7;poor
DEBB021;"'2017-02-16 15:00'";41;47;26;36;6;poor
DEBB021;"'2017-02-16 16:00'";37;50;28;31;5;poor
DEBB021;"'2017-02-16 17:00'";35;39;41;28;5;moderate
DEBB021;"'2017-02-16 18:00'";35;26;54;30;5;moderate
DEBB021;"'2017-02-16 19:00'";32;22;55;29;5;moderate
DEBB021;"'2017-02-16 20:00'";30;26;42;29;4;moderate
DEBB021;"'2017-02-16 21:00'";28;34;29;27;3;moderate
DEBB021;"'2017-02-16 22:00'";26;38;24;26;3;moderate
DEBB021;"'2017-02-16 23:00'";25;38;23;25;2;moderate
DEBB021;"'2017-02-16 24:00'";24;36;21;24;1;moderate
DEBB021;"'2017-02-17 01:00'";23;36;23;23;1;moderate
DEBB021;"'2017-02-17 02:00'";26;32;24;25;1;moderate
DEBB021;"'2017-02-17 03:00'";32;23;25;32;1;poor
DEBB021;"'2017-02-17 04:00'";37;22;25;36;1;poor
DEBB021;"'2017-02-17 05:00'";37;23;25;37;1;poor
DEBB021;"'2017-02-17 06:00'";38;18;32;37;1;poor
DEBB021;"'2017-02-17 07:00'";38;13;37;37;1;poor
DEBB021;"'2017-02-17 08:00'";39;11;36;38;1;poor
DEBB021;"'2017-02-17 09:00'";40;12;34;37;1;poor
DEBB021;"'2017-02-17 10:00'";35;20;33;33;1;poor
DEBB021;"'2017-02-17 11:00'";32;26;34;30;1;moderate
DEBB021;"'2017-02-17 12:00'";29;41;22;28;1;moderate
DEBB021;"'2017-02-17 13:00'";29;40;22;28;1;moderate
DEBB021;"'2017-02-17 14:00'";28;38;22;28;1;moderate
DEBB021;"'2017-02-17 15:00'";26;34;24;26;1;moderate
DEBB021;"'2017-02-17 16:00'";22;30;25;22;1;moderate
DEBB021;"'2017-02-17 17:00'";20;27;25;20;1;moderate
DEBB021;"'2017-02-17 18:00'";20;24;26;21;1;moderate
DEBB021;"'2017-02-17 19:00'";20;24;24;20;1;moderate
DEBB021;"'2017-02-17 20:00'";19;23;23;20;1;moderate
DEBB021;"'2017-02-17 21:00'";21;28;17;21;1;moderate
DEBB021;"'2017-02-17 22:00'";18;30;16;19;1;moderate
DEBB021;"'2017-02-17 23:00'";18;28;16;18;1;moderate
DEBB021;"'2017-02-17 24:00'";18;26;17;18;1;moderate
DEBB021;"'2017-02-18 01:00'";13;42;8;13;1;good
DEBB021;"'2017-02-18 02:00'";12;48;6;12;1;good
DEBB021;"'2017-02-18 03:00'";12;48;7;12;1;good
DEBB021;"'2017-02-18 04:00'";12;49;7;12;1;good
DEBB021;"'2017-02-18 05:00'";11;50;8;11;1;good
DEBB021;"'2017-02-18 06:00'";10;51;7;10;1;good
DEBB021;"'2017-02-18 07:00'";10;41;13;10;1;good
DEBB021;"'2017-02-18 08:00'";12;38;16;11;1;good
DEBB021;"'2017-02-18 09:00'";13;35;17;12;1;good
DEBB021;"'2017-02-18 10:00'";14;36;15;13;1;good
DEBB021;"'2017-02-18 11:00'";14;38;16;13;1;good
DEBB021;"'2017-02-18 12:00'";13;45;15;12;1;good
DEBB021;"'2017-02-18 13:00'";14;49;16;13;1;good
DEBB021;"'2017-02-18 14:00'";12;52;15;11;1;good
DEBB021;"'2017-02-18 15:00'";11;58;13;10;1;good
DEBB021;"'2017-02-18 16:00'";9;56;14;9;1;good
DEBB021;"'2017-02-18 17:00'";12;47;21;11;1;good
DEBB021;"'2017-02-18 18:00'";11;51;18;11;1;good
DEBB021;"'2017-02-18 19:00'";10;55;15;10;1;good
DEBB021;"'2017-02-18 20:00'";30;44;23;27;2;moderate
DEBB021;"'2017-02-18 21:00'";17;45;19;16;1;moderate
DEBB021;"'2017-02-18 22:00'";16;47;18;16;1;moderate
DEBB021;"'2017-02-18 23:00'";18;50;15;17;1;moderate
DEBB021;"'2017-02-18 24:00'";17;46;15;17;1;moderate
DEBB021;"'2017-02-19 01:00'";18;45;12;17;1;moderate
DEBB021;"'2017-02-19 02:00'";17;41;14;17;1;moderate
DEBB021;"'2017-02-19 03:00'";16;42;11;16;1;moderate
DEBB021;"'2017-02-19 04:00'";15;45;10;15;1;good
DEBB021;"'2017-02-19 05:00'";14;46;9;14;1;good
DEBB021;"'2017-02-19 06:00'";17;43;10;17;1;moderate
DEBB021;"'2017-02-19 07:00'";21;37;11;21;1;moderate
DEBB021;"'2017-02-19 08:00'";20;31;13;20;1;moderate
DEBB021;"'2017-02-19 09:00'";21;31;13;21;1;moderate
DEBB021;"'2017-02-19 10:00'";23;35;12;23;1;moderate
DEBB021;"'2017-02-19 11:00'";24;38;14;24;1;moderate
DEBB021;"'2017-02-19 12:00'";25;41;14;25;1;moderate
DEBB021;"'2017-02-19 13:00'";24;47;12;24;1;moderate
DEBB021;"'2017-02-19 14:00'";23;54;10;23;1;moderate
DEBB021;"'2017-02-19 15:00'";23;52;14;22;1;moderate
DEBB021;"'2017-02-19 16:00'";21;53;13;21;1;moderate
DEBB021;"'2017-02-19 17:00'";18;54;17;18;1;moderate
DEBB021;"'2017-02-19 18:00'";15;57;15;15;1;good
DEBB021;"'2017-02-19 19:00'";13;61;11;13;1;good
DEBB021;"'2017-02-19 20:00'";11;59;12;11;1;good
DEBB021;"'2017-02-19 21:00'";11;56;15;11;1;good
DEBB021;"'2017-02-19 22:00'";15;45;19;15;1;good
DEBB021;"'2017-02-19 23:00'";20;36;20;21;1;moderate
DEBB021;"'2017-02-19 24:00'";27;32;18;27;1;moderate
DEBB021;"'2017-02-20 01:00'";28;32;15;29;1;moderate
DEBB021;"'2017-02-20 02:00'";28;27;19;28;1;moderate
DEBB021;"'2017-02-20 03:00'";27;31;13;28;1;moderate
DEBB021;"'2017-02-20 04:00'";27;33;12;28;1;moderate
DEBB021;"'2017-02-20 05:00'";30;27;17;31;1;poor
DEBB021;"'2017-02-20 06:00'";29;29;16;29;1;moderate
DEBB021;"'2017-02-20 07:00'";23;29;23;23;1;moderate
DEBB021;"'2017-02-20 08:00'";20;28;22;20;1;moderate
DEBB021;"'2017-02-20 09:00'";20;29;19;18;1;moderate
DEBB021;"'2017-02-20 10:00'";19;36;16;19;1;moderate
DEBB021;"'2017-02-20 11:00'";17;46;15;16;1;moderate
DEBB021;"'2017-02-20 12:00'";17;52;14;15;1;good
DEBB021;"'2017-02-20 13:00'";16;53;12;15;1;good
DEBB021;"'2017-02-20 14:00'";18;49;13;17;1;moderate
DEBB021;"'2017-02-20 15:00'";17;47;14;17;1;moderate
DEBB021;"'2017-02-20 16:00'";13;48;15;13;1;good
DEBB021;"'2017-02-20 17:00'";11;46;15;11;1;good
DEBB021;"'2017-02-20 18:00'";8;39;23;8;1;good
DEBB021;"'2017-02-20 19:00'";8;38;20;8;1;good
DEBB021;"'2017-02-20 20:00'";10;35;20;10;1;good
DEBB021;"'2017-02-20 21:00'";13;32;18;13;1;good
DEBB021;"'2017-02-20 22:00'";14;29;18;15;1;good
DEBB021;"'2017-02-20 23:00'";14;28;17;14;1;good
DEBB021;"'2017-02-20 24:00'";13;27;17;13;1;good
DEBB021;"'2017-02-21 01:00'";10;25;15;11;1;good
DEBB021;"'2017-02-21 02:00'";7;29;12;8;1;good
DEBB021;"'2017-02-21 03:00'";3;51;6;3;1;good
DEBB021;"'2017-02-21 04:00'";2;55;5;2;1;good
DEBB021;"'2017-02-21 05:00'";3;54;5;3;1;good
DEBB021;"'2017-02-21 06:00'";5;45;8;4;1;good
DEBB021;"'2017-02-21 07:00'";6;38;14;6;1;good
DEBB021;"'2017-02-21 08:00'";7;31;21;6;1;good
DEBB021;"'2017-02-21 09:00'";7;39;20;6;1;good
DEBB021;"'2017-02-21 10:00'";6;52;15;6;1;good
DEBB021;"'2017-02-21 11:00'";6;60;10;6;1;good
DEBB021;"'2017-02-21 12:00'";4;66;7;4;1;good
DEBB021;"'2017-02-21 13:00'";4;74;7;4;1;moderate
DEBB021;"'2017-02-21 14:00'";7;77;5;5;1;moderate
DEBB021;"'2017-02-21 15:00'";7;75;7;5;1;moderate
DEBB021;"'2017-02-21 16:00'";8;70;9;6;1;good
DEBB021;"'2017-02-21 17:00'";7;70;10;6;1;good
DEBB021;"'2017-02-21 18:00'";7;66;11;6;1;good
DEBB021;"'2017-02-21 19:00'";9;61;13;8;1;good
DEBB021;"'2017-02-21 20:00'";10;61;11;9;1;good
DEBB021;"'2017-02-21 21:00'";12;50;21;10;1;good
DEBB021;"'2017-02-21 22:00'";11;41;28;9;1;good
DEBB021;"'2017-02-21 23:00'";10;46;21;8;1;good
DEBB021;"'2017-02-21 24:00'";10;49;13;8;1;good
DEBB021;"'2017-02-22 01:00'";10;49;12;9;1;good
DEBB021;"'2017-02-22 02:00'";10;49;11;8;1;good
DEBB021;"'2017-02-22 03:00'";11;49;9;9;1;good
DEBB021;"'2017-02-22 04:00'";15;49;9;14;1;good
DEBB021;"'2017-02-22 05:00'";18;44;11;17;1;moderate
DEBB021;"'2017-02-22 06:00'";18;35;12;18;1;moderate
DEBB021;"'2017-02-22 07:00'";15;30;15;15;1;good
DEBB021;"'2017-02-22 08:00'";12;28;17;11;1;good
DEBB021;"'2017-02-22 09:00'";8;39;17;7;1;good
DEBB021;"'2017-02-22 10:00'";7;53;11;7;1;good
DEBB021;"'2017-02-22 11:00'";4;53;12;4;1;good
DEBB021;"'2017-02-22 12:00'";3;54;11;2;1;good
DEBB021;"'2017-02-22 13:00'";2;54;12;2;1;good
DEBB021;"'2017-02-22 14:00'";2;53;13;2;1;good
DEBB021;"'2017-02-22 15:00'";2;55;12;2;1;good
DEBB021;"'2017-02-22 16:00'";2;61;11;1;1;good
DEBB021;"'2017-02-22 17:00'";2;67;10;2;1;good
DEBB021;"'2017-02-22 18:00'";2;79;7;2;1;moderate
DEBB021;"'2017-02-22 19:00'";2;84;7;2;1;moderate
DEBB021;"'2017-02-22 20:00'";2;94;4;2;1;moderate
DEBB021;"'2017-02-22 21:00'";2;92;6;2;1;moderate
DEBB021;"'2017-02-22 22:00'";2;87;7;2;1;moderate
DEBB021;"'2017-02-22 23:00'";3;81;8;3;1;moderate
DEBB021;"'2017-02-22 24:00'";5;77;8;4;1;moderate
DEBB021;"'2017-02-23 01:00'";6;72;7;5;1;good
DEBB021;"'2017-02-23 02:00'";6;69;7;6;1;good
DEBB021;"'2017-02-23 03:00'";9;65;8;8;1;good
DEBB021;"'2017-02-23 04:00'";12;64;8;11;1;good
DEBB021;"'2017-02-23 05:00'";11;63;9;11;1;good
DEBB021;"'2017-02-23 06:00'";10;63;10;10;1;good
DEBB021;"'2017-02-23 07:00'";11;56;17;10;1;good
DEBB021;"'2017-02-23 08:00'";14;40;31;12;1;moderate
DEBB021;"'2017-02-23 09:00'";11;50;27;9;1;good
DEBB021;"'2017-02-23 10:00'";7;62;21;5;1;good
DEBB021;"'2017-02-23 11:00'";5;60;25;4;1;good
DEBB021;"'2017-02-23 12:00'";6;55;25;5;1;good
DEBB021;"'2017-02-23 13:00'";7;45;29;7;1;good
DEBB021;"'2017-02-23 14:00'";6;48;25;6;1;good
DEBB021;"'2017-02-23 15:00'";8;39;26;7;1;good
DEBB021;"'2017-02-23 16:00'";10;46;16;10;1;good
DEBB021;"'2017-02-23 17:00'";12;43;19;12;1;good
DEBB021;"'2017-02-23 18:00'";13;41;20;13;1;good
DEBB021;"'2017-02-23 19:00'";13;45;16;13;1;good
DEBB021;"'2017-02-23 20:00'";11;51;10;11;1;good
DEBB021;"'2017-02-23 21:00'";6;58;9;6;1;good
DEBB021;"'2017-02-23 22:00'";4;63;9;3;1;good
DEBB021;"'2017-02-23 23:00'";3;71;7;2;1;good
DEBB021;"'2017-02-23 24:00'";3;74;6;2;1;moderate
DEBB021;"'2017-02-24 01:00'";4;75;4;3;1;moderate
DEBB021;"'2017-02-24 02:00'";4;73;4;3;1;moderate
DEBB021;"'2017-02-24 03:00'";3;72;4;3;1;good
DEBB021;"'2017-02-24 04:00'";3;70;5;3;1;good
DEBB021;"'2017-02-24 05:00'";0.9;70;5;0.9;1;good
DEBB021;"'2017-02-24 06:00'";0.9;65;6;0.9;1;good
DEBB021;"'2017-02-24 07:00'";0.9;60;12;0.9;1;good
DEBB021;"'2017-02-24 08:00'";4;59;17;4;1;good
DEBB021;"'2017-02-24 09:00'";3;63;12;3;1;good
DEBB021;"'2017-02-24 10:00'";2;64;9;2;1;good
DEBB021;"'2017-02-24 11:00'";0.9;66;9;0.9;1;good
DEBB021;"'2017-02-24 12:00'";0.9;67;10;0.9;1;good
DEBB021;"'2017-02-24 13:00'";1;66;10;0.9;1;good
DEBB021;"'2017-02-24 14:00'";0.9;71;8;0.9;1;good
DEBB021;"'2017-02-24 15:00'";2;73;8;1;1;moderate
DEBB021;"'2017-02-24 16:00'";2;74;10;1;1;moderate
DEBB021;"'2017-02-24 17:00'";2;73;10;0.9;1;moderate
DEBB021;"'2017-02-24 18:00'";4;65;16;4;1;good
DEBB021;"'2017-02-24 19:00'";7;51;29;5;1;good
DEBB021;"'2017-02-24 20:00'";4;56;17;3;1;good
DEBB021;"'2017-02-24 21:00'";6;56;17;5;1;good
DEBB021;"'2017-02-24 22:00'";6;57;13;5;1;good
DEBB021;"'2017-02-24 23:00'";5;62;11;4;1;good
DEBB021;"'2017-02-24 24:00'";6;60;10;5;1;good
DEBB021;"'2017-02-25 01:00'";6;61;8;6;1;good
DEBB021;"'2017-02-25 02:00'";6;58;9;5;1;good
DEBB021;"'2017-02-25 03:00'";7;56;10;6;1;good
DEBB021;"'2017-02-25 04:00'";8;56;8;7;1;good
DEBB021;"'2017-02-25 05:00'";9;52;10;9;1;good
DEBB021;"'2017-02-25 06:00'";11;48;11;11;1;good
DEBB021;"'2017-02-25 07:00'";12;47;14;11;1;good
DEBB021;"'2017-02-25 08:00'";12;46;16;11;1;good
DEBB021;"'2017-02-25 09:00'";11;50;13;10;1;good
DEBB021;"'2017-02-25 10:00'";12;53;13;10;1;good
DEBB021;"'2017-02-25 11:00'";12;62;12;8;1;good
DEBB021;"'2017-02-25 12:00'";13;64;15;8;1;good
DEBB021;"'2017-02-25 13:00'";12;65;21;7;1;good
DEBB021;"'2017-02-25 14:00'";11;68;15;7;1;good
DEBB021;"'2017-02-25 15:00'";13;67;14;10;2;good
DEBB021;"'2017-02-25 16:00'";14;66;14;12;1;good
DEBB021;"'2017-02-25 17:00'";15;67;12;13;1;good
DEBB021;"'2017-02-25 18:00'";18;58;17;16;1;moderate
DEBB021;"'2017-02-25 19:00'";18;55;18;16;1;moderate
DEBB021;"'2017-02-25 20:00'";18;56;16;17;1;moderate
DEBB021;"'2017-02-25 21:00'";16;61;11;15;1;good
DEBB021;"'2017-02-25 22:00'";11;66;9;11;1;good
DEBB021;"'2017-02-25 23:00'";9;65;10;9;1;good
DEBB021;"'2017-02-25 24:00'";9;64;9;9;1;good
DEBB021;"'2017-02-26 01:00'";10;61;8;10;1;good
DEBB021;"'2017-02-26 02:00'";10;61;8;9;1;good
DEBB021;"'2017-02-26 03:00'";8;62;7;8;1;good
DEBB021;"'2017-02-26 04:00'";8;63;7;8;1;good
DEBB021;"'2017-02-26 05:00'";7;62;7;7;1;good
DEBB021;"'2017-02-26 06:00'";7;63;7;7;1;good
DEBB021;"'2017-02-26 07:00'";6;64;7;6;1;good
DEBB021;"'2017-02-26 08:00'";7;64;8;7;1;good
DEBB021;"'2017-02-26 09:00'";8;64;7;8;1;good
DEBB021;"'2017-02-26 10:00'";9;60;9;9;1;good
DEBB021;"'2017-02-26 11:00'";11;61;9;10;1;good
DEBB021;"'2017-02-26 12:00'";11;60;10;11;1;good
DEBB021;"'2017-02-26 13:00'";12;61;10;11;1;good
DEBB021;"'2017-02-26 14:00'";13;67;10;11;1;good
DEBB021;"'2017-02-26 15:00'";12;69;10;10;1;good
DEBB021;"'2017-02-26 16:00'";12;68;11;10;1;good
DEBB021;"'2017-02-26 17:00'";10;68;13;8;1;good
DEBB021;"'2017-02-26 18:00'";12;65;16;11;1;good
DEBB021;"'2017-02-26 19:00'";8;60;18;7;1;good
DEBB021;"'2017-02-26 20:00'";9;61;15;8;1;good
DEBB021;"'2017-02-26 21:00'";10;59;13;9;1;good
DEBB021;"'2017-02-26 22:00'";9;58;13;8;1;good
DEBB021;"'2017-02-26 23:00'";10;58;12;9;1;good
DEBB021;"'2017-02-26 24:00'";10;61;10;9;1;good
DEBB021;"'2017-02-27 01:00'";10;63;9;9;1;good
DEBB021;"'2017-02-27 02:00'";10;65;8;9;1;good
DEBB021;"'2017-02-27 03:00'";10;63;9;9;1;good
DEBB021;"'2017-02-27 04:00'";10;61;9;8;1;good
DEBB021;"'2017-02-27 05:00'";10;59;10;8;1;good
DEBB021;"'2017-02-27 06:00'";9;56;14;8;1;good
DEBB021;"'2017-02-27 07:00'";9;46;24;8;1;good
DEBB021;"'2017-02-27 08:00'";11;40;30;9;1;good
DEBB021;"'2017-02-27 09:00'";13;39;29;11;1;good
DEBB021;"'2017-02-27 10:00'";12;51;19;9;1;good
DEBB021;"'2017-02-27 11:00'";13;61;15;8;1;good
DEBB021;"'2017-02-27 12:00'";18;72;11;7;1;good
DEBB021;"'2017-02-27 13:00'";11;64;13;9;1;good
DEBB021;"'2017-02-27 14:00'";14;67;12;10;1;good
DEBB021;"'2017-02-27 15:00'";13;68;13;8;1;good
DEBB021;"'2017-02-27 16:00'";10;72;12;7;1;good
DEBB021;"'2017-02-27 17:00'";11;69;16;8;1;good
DEBB021;"'2017-02-27 18:00'";12;66;21;6;1;good
DEBB021;"'2017-02-27 19:00'";12;58;24;8;1;good
DEBB021;"'2017-02-27 20:00'";13;52;26;10;1;good
DEBB021;"'2017-02-27 21:00'";13;54;20;11;1;good
DEBB021;"'2017-02-27 22:00'";13;50;21;11;1;good
DEBB021;"'2017-02-27 23:00'";13;50;18;12;1;good
DEBB021;"'2017-02-27 24:00'";12;53;14;11;1;good
DEBB021;"'2017-02-28 01:00'";11;58;11;10;1;good
DEBB021;"'2017-02-28 02:00'";12;60;11;10;1;good
DEBB021;"'2017-02-28 03:00'";13;61;10;11;1;good
DEBB021;"'2017-02-28 04:00'";9;70;7;7;1;good
DEBB021;"'2017-02-28 05:00'";2;79;4;2;1;moderate
DEBB021;"'2017-02-28 06:00'";0.9;79;5;0.9;1;moderate
DEBB021;"'2017-02-28 07:00'";3;77;10;0.9;1;moderate
DEBB021;"'2017-02-28 08:00'";3;83;11;0.9;1;moderate
DEBB021;"'2017-02-28 09:00'";4;86;12;0.9;1;moderate
DEBB021;"'2017-02-28 10:00'";6;83;12;0.9;1;moderate
DEBB021;"'2017-02-28 11:00'";8;81;13;2;1;moderate
DEBB021;"'2017-02-28 12:00'";10;79;12;3;1;moderate
DEBB021;"'2017-02-28 13:00'";9;80;10;3;1;moderate
DEBB021;"'2017-02-28 14:00'";16;83;9;3;1;moderate
DEBB021;"'2017-02-28 15:00'";14;82;11;3;1;moderate
DEBB021;"'2017-02-28 16:00'";16;82;11;3;1;moderate
DEBB021;"'2017-02-28 17:00'";4;79;13;2;1;moderate
DEBB021;"'2017-02-28 18:00'";5;73;15;3;1;moderate
DEBB021;"'2017-02-28 19:00'";5;70;15;3;1;good
DEBB021;"'2017-02-28 20:00'";3;72;11;3;1;good
DEBB021;"'2017-02-28 21:00'";4;71;10;3;1;good
DEBB021;"'2017-02-28 22:00'";5;71;8;4;1;good
DEBB021;"'2017-02-28 23:00'";4;74;7;4;1;moderate
DEBB021;"'2017-02-28 24:00'";6;66;8;6;1;good
DEBB021;"'2017-03-01 01:00'";7;60;6;7;1;good
DEBB021;"'2017-03-01 02:00'";3;76;6;3;1;moderate
DEBB021;"'2017-03-01 03:00'";3;76;5;3;1;moderate
DEBB021;"'2017-03-01 04:00'";6;74;6;6;1;moderate
DEBB021;"'2017-03-01 05:00'";7;68;9;7;1;good
DEBB021;"'2017-03-01 06:00'";6;68;7;7;1;good
DEBB021;"'2017-03-01 07:00'";7;60;13;7;1;good
DEBB021;"'2017-03-01 08:00'";8;58;15;7;1;good
DEBB021;"'2017-03-01 09:00'";5;65;13;4;1;good
DEBB021;"'2017-03-01 10:00'";5;64;13;4;1;good
DEBB021;"'2017-03-01 11:00'";7;53;26;5;1;good
DEBB021;"'2017-03-01 12:00'";8;67;10;4;1;good
DEBB021;"'2017-03-01 13:00'";6;61;12;5;1;good
DEBB021;"'2017-03-01 14:00'";7;60;12;5;1;good
DEBB021;"'2017-03-01 15:00'";9;47;24;7;1;good
DEBB021;"'2017-03-01 16:00'";7;50;20;6;1;good
DEBB021;"'2017-03-01 17:00'";6;49;22;6;1;good
DEBB021;"'2017-03-01 18:00'";6;45;25;6;1;good
DEBB021;"'2017-03-01 19:00'";8;37;30;8;1;good
DEBB021;"'2017-03-01 20:00'";12;35;30;12;1;good
DEBB021;"'2017-03-01 21:00'";13;32;32;14;1;moderate
DEBB021;"'2017-03-01 22:00'";11;37;20;11;1;good
DEBB021;"'2017-03-01 23:00'";12;37;18;12;1;good
DEBB021;"'2017-03-01 24:00'";13;28;22;14;1;good
DEBB021;"'2017-03-02 01:00'";12;35;15;12;1;good
DEBB021;"'2017-03-02 02:00'";10;39;12;10;1;good
DEBB021;"'2017-03-02 03:00'";10;36;12;10;1;good
DEBB021;"'2017-03-02 04:00'";8;47;8;8;1;good
DEBB021;"'2017-03-02 05:00'";6;55;7;6;1;good
DEBB021;"'2017-03-02 06:00'";6;53;9;6;1;good
DEBB021;"'2017-03-02 07:00'";7;46;13;7;1;good
DEBB021;"'2017-03-02 08:00'";7;43;18;7;1;good
DEBB021;"'2017-03-02 09:00'";7;45;19;6;1;good
DEBB021;"'2017-03-02 10:00'";5;63;15;4;1;good
DEBB021;"'2017-03-02 11:00'";7;64;15;5;1;good
DEBB021;"'2017-03-02 12:00'";8;74;9;6;1;moderate
DEBB021;"'2017-03-02 13:00'";9;73;11;7;1;moderate
DEBB021;"'2017-03-02 14:00'";8;75;10;6;1;moderate
DEBB021;"'2017-03-02 15:00'";8;69;13;4;1;good
DEBB021;"'2017-03-02 16:00'";4;64;15;4;1;good
DEBB021;"'2017-03-02 17:00'";4;60;18;4;1;good
DEBB021;"'2017-03-02 18:00'";5;61;16;5;1;good
DEBB021;"'2017-03-02 19:00'";6;57;17;6;1;good
DEBB021;"'2017-03-02 20:00'";6;59;15;6;1;good
DEBB021;"'2017-03-02 21:00'";8;61;13;8;1;good
DEBB021;"'2017-03-02 22:00'";9;56;18;9;1;good
DEBB021;"'2017-03-02 23:00'";11;55;16;11;1;good
DEBB021;"'2017-03-02 24:00'";11;62;9;11;1;good
DEBB021;"'2017-03-03 01:00'";9;67;7;8;1;good
DEBB021;"'2017-03-03 02:00'";10;64;7;10;1;good
DEBB021;"'2017-03-03 03:00'";10;65;7;9;1;good
DEBB021;"'2017-03-03 04:00'";10;58;9;10;1;good
DEBB021;"'2017-03-03 05:00'";11;57;9;10;1;good
DEBB021;"'2017-03-03 06:00'";9;55;11;9;1;good
DEBB021;"'2017-03-03 07:00'";9;46;21;9;1;good
DEBB021;"'2017-03-03 08:00'";13;39;26;11;1;good
DEBB021;"'2017-03-03 09:00'";16;43;23;12;1;good
DEBB021;"'2017-03-03 10:00'";16;51;18;12;1;good
DEBB021;"'2017-03-03 11:00'";18;58;18;11;1;good
DEBB021;"'2017-03-03 12:00'";16;66;15;10;1;good
DEBB021;"'2017-03-03 13:00'";13;72;14;8;1;good
DEBB021;"'2017-03-03 14:00'";13;74;14;8;1;moderate
DEBB021;"'2017-03-03 15:00'";12;74;13;7;1;moderate
DEBB021;"'2017-03-03 16:00'";10;76;15;6;1;moderate
DEBB021;"'2017-03-03 17:00'";12;67;20;7;4;good
DEBB021;"'2017-03-03 18:00'";15;53;34;8;1;moderate
DEBB021;"'2017-03-03 19:00'";20;43;41;12;1;moderate
DEBB021;"'2017-03-03 20:00'";21;12;77;13;1;poor
DEBB021;"'2017-03-03 21:00'";19;30;46;14;1;moderate
DEBB021;"'2017-03-03 22:00'";16;44;25;12;1;good
DEBB021;"'2017-03-03 23:00'";17;43;25;12;1;good
DEBB021;"'2017-03-03 24:00'";17;36;30;12;1;good
DEBB021;"'2017-03-04 01:00'";16;40;24;11;1;good
DEBB021;"'2017-03-04 02:00'";15;40;22;11;1;good
DEBB021;"'2017-03-04 03:00'";15;34;27;11;1;good
DEBB021;"'2017-03-04 04:00'";15;31;25;11;1;good
DEBB021;"'2017-03-04 05:00'";14;35;22;11;1;good
DEBB021;"'2017-03-04 06:00'";13;28;30;11;1;good
DEBB021;"'2017-03-04 07:00'";13;24;32;10;1;moderate
DEBB021;"'2017-03-04 08:00'";14;24;33;11;1;moderate
DEBB021;"'2017-03-04 09:00'";18;27;29;14;2;good
DEBB021;"'2017-03-04 10:00'";17;40;20;13;3;good
DEBB021;"'2017-03-04 11:00'";14;52;14;10;4;good
DEBB021;"'2017-03-04 12:00'";12;60;13;9;5;good
DEBB021;"'2017-03-04 13:00'";13;65;12;9;5;good
DEBB021;"'2017-03-04 14:00'";12;69;12;10;5;good
DEBB021;"'2017-03-04 15:00'";10;76;11;7;4;moderate
DEBB021;"'2017-03-04 16:00'";12;81;10;10;1;moderate
DEBB021;"'2017-03-04 17:00'";12;77;14;10;1;moderate
DEBB021;"'2017-03-04 18:00'";16;60;27;12;1;good
DEBB021;"'2017-03-04 19:00'";20;48;39;17;1;moderate
DEBB021;"'2017-03-04 20:00'";21;56;30;18;3;moderate
DEBB021;"'2017-03-04 21:00'";22;50;33;20;5;moderate
DEBB021;"'2017-03-04 22:00'";23;47;34;21;5;moderate
DEBB021;"'2017-03-04 23:00'";25;50;28;23;4;moderate
DEBB021;"'2017-03-04 24:00'";26;48;28;24;4;moderate
DEBB021;"'2017-03-05 01:00'";23;49;24;21;4;moderate
DEBB021;"'2017-03-05 02:00'";24;52;18;22;4;moderate
DEBB021;"'2017-03-05 03:00'";23;57;11;22;3;moderate
DEBB021;"'2017-03-05 04:00'";19;56;13;17;2;moderate
DEBB021;"'2017-03-05 05:00'";6;72;11;6;1;good
DEBB021;"'2017-03-05 06:00'";4;70;8;3;1;good
DEBB021;"'2017-03-05 07:00'";3;69;6;3;1;good
DEBB021;"'2017-03-05 08:00'";2;67;5;2;1;good
DEBB021;"'2017-03-05 09:00'";3;65;5;3;1;good
DEBB021;"'2017-03-05 10:00'";5;65;7;4;1;good
DEBB021;"'2017-03-05 11:00'";9;75;5;8;1;moderate
DEBB021;"'2017-03-05 12:00'";7;75;6;6;1;moderate
DEBB021;"'2017-03-05 13:00'";5;77;5;4;1;moderate
DEBB021;"'2017-03-05 14:00'";5;76;5;4;1;moderate
DEBB021;"'2017-03-05 15:00'";5;74;6;4;1;moderate
DEBB021;"'2017-03-05 16:00'";6;72;7;5;1;good
DEBB021;"'2017-03-05 17:00'";6;71;8;5;1;good
DEBB021;"'2017-03-05 18:00'";5;72;9;4;1;good
DEBB021;"'2017-03-05 19:00'";7;62;15;6;1;good
DEBB021;"'2017-03-05 20:00'";9;53;21;9;1;good
DEBB021;"'2017-03-05 21:00'";12;47;24;11;1;good
DEBB021;"'2017-03-05 22:00'";12;35;36;11;1;moderate
DEBB021;"'2017-03-05 23:00'";11;35;33;11;1;moderate
DEBB021;"'2017-03-05 24:00'";14;26;36;13;1;moderate
DEBB021;"'2017-03-06 01:00'";13;33;26;13;1;good
DEBB021;"'2017-03-06 02:00'";13;32;26;13;1;good
DEBB021;"'2017-03-06 03:00'";15;24;33;13;1;moderate
DEBB021;"'2017-03-06 04:00'";14;17;36;14;1;moderate
DEBB021;"'2017-03-06 05:00'";13;11;43;13;1;moderate
DEBB021;"'2017-03-06 06:00'";13;7;45;13;1;moderate
DEBB021;"'2017-03-06 07:00'";14;3;50;13;1;moderate
DEBB021;"'2017-03-06 08:00'";15;3;57;13;1;moderate
DEBB021;"'2017-03-06 09:00'";16;6;58;13;1;moderate
DEBB021;"'2017-03-06 10:00'";23;11;55;13;1;moderate
DEBB021;"'2017-03-06 11:00'";18;20;40;12;1;moderate
DEBB021;"'2017-03-06 12:00'";15;22;38;12;1;moderate
DEBB021;"'2017-03-06 13:00'";10;40;25;9;1;good
DEBB021;"'2017-03-06 14:00'";11;44;23;10;1;good
DEBB021;"'2017-03-06 15:00'";12;44;23;11;1;good
DEBB021;"'2017-03-06 16:00'";13;44;20;12;1;good
DEBB021;"'2017-03-06 17:00'";6;39;38;6;1;moderate
DEBB021;"'2017-03-06 18:00'";4;39;44;4;1;moderate
DEBB021;"'2017-03-06 19:00'";7;43;24;7;1;good
DEBB021;"'2017-03-06 20:00'";13;33;26;13;1;good
DEBB021;"'2017-03-06 21:00'";15;40;21;15;1;good
DEBB021;"'2017-03-06 22:00'";11;61;11;11;1;good
DEBB021;"'2017-03-06 23:00'";9;62;9;9;1;good
DEBB021;"'2017-03-06 24:00'";9;54;6;9;1;good
DEBB021;"'2017-03-07 01:00'";15;47;5;15;1;good
DEBB021;"'2017-03-07 02:00'";21;47;4;22;1;moderate
DEBB021;"'2017-03-07 03:00'";19;49;2;19;1;moderate
DEBB021;"'2017-03-07 04:00'";10;51;2;10;1;good
DEBB021;"'2017-03-07 05:00'";5;55;2;5;1;good
DEBB021;"'2017-03-07 06:00'";5;56;3;5;1;good
DEBB021;"'2017-03-07 07:00'";10;54;9;10;1;good
DEBB021;"'2017-03-07 08:00'";11;52;13;11;1;good
DEBB021;"'2017-03-07 09:00'";9;49;19;9;1;good
DEBB021;"'2017-03-07 10:00'";6;56;12;6;1;good
DEBB021;"'2017-03-07 11:00'";7;56;12;7;1;good
DEBB021;"'2017-03-07 12:00'";9;57;11;8;1;good
DEBB021;"'2017-03-07 13:00'";8;57;12;7;1;good
DEBB021;"'2017-03-07 14:00'";8;57;11;7;1;good
DEBB021;"'2017-03-07 15:00'";7;59;10;6;1;good
DEBB021;"'2017-03-07 16:00'";8;58;11;7;1;good
DEBB021;"'2017-03-07 17:00'";9;57;13;8;1;good
DEBB021;"'2017-03-07 18:00'";9;56;15;9;1;good
DEBB021;"'2017-03-07 19:00'";11;49;18;10;1;good
DEBB021;"'2017-03-07 20:00'";13;50;14;12;1;good
DEBB021;"'2017-03-07 21:00'";12;44;20;12;1;good
DEBB021;"'2017-03-07 22:00'";12;42;19;11;1;good
DEBB021;"'2017-03-07 23:00'";11;38;18;11;1;good
DEBB021;"'2017-03-07 24:00'";12;41;16;11;1;good
DEBB021;"'2017-03-08 01:00'";12;42;11;12;1;good
DEBB021;"'2017-03-08 02:00'";14;43;7;13;1;good
DEBB021;"'2017-03-08 03:00'";15;40;9;14;1;good
DEBB021;"'2017-03-08 04:00'";15;34;11;14;1;good
DEBB021;"'2017-03-08 05:00'";15;32;10;15;1;good
DEBB021;"'2017-03-08 06:00'";18;26;15;18;1;moderate
DEBB021;"'2017-03-08 07:00'";21;16;25;20;1;moderate
DEBB021;"'2017-03-08 08:00'";22;18;22;21;1;moderate
DEBB021;"'2017-03-08 09:00'";27;17;24;25;1;moderate
DEBB021;"'2017-03-08 10:00'";26;20;20;24;1;moderate
DEBB021;"'2017-03-08 11:00'";23;35;13;20;1;moderate
DEBB021;"'2017-03-08 12:00'";17;50;13;15;1;good
DEBB021;"'2017-03-08 13:00'";20;57;11;18;1;moderate
DEBB021;"'2017-03-08 14:00'";22;60;13;21;1;moderate
DEBB021;"'2017-03-08 15:00'";23;62;13;20;1;moderate
DEBB021;"'2017-03-08 16:00'";23;61;14;19;1;moderate
DEBB021;"'2017-03-08 17:00'";23;62;15;20;1;moderate
DEBB021;"'2017-03-08 18:00'";25;58;19;20;1;moderate
DEBB021;"'2017-03-08 19:00'";24;59;16;20;1;moderate
DEBB021;"'2017-03-08 20:00'";19;61;13;18;1;moderate
DEBB021;"'2017-03-08 21:00'";17;60;11;17;1;moderate
DEBB021;"'2017-03-08 22:00'";14;62;9;14;1;good
DEBB021;"'2017-03-08 23:00'";12;64;8;12;1;good
DEBB021;"'2017-03-08 24:00'";13;60;8;13;1;good
DEBB021;"'2017-03-09 01:00'";13;56;8;13;1;good
DEBB021;"'2017-03-09 02:00'";10;54;10;10;1;good
DEBB021;"'2017-03-09 03:00'";13;48;9;13;1;good
DEBB021;"'2017-03-09 04:00'";17;42;10;17;1;moderate
DEBB021;"'2017-03-09 05:00'";18;41;8;18;1;moderate
DEBB021;"'2017-03-09 06:00'";17;38;10;18;1;moderate
DEBB021;"'2017-03-09 07:00'";17;28;19;17;1;moderate
DEBB021;"'2017-03-09 08:00'";16;22;24;16;1;moderate
DEBB021;"'2017-03-09 09:00'";16;23;21;16;1;moderate
DEBB021;"'2017-03-09 10:00'";15;29;20;15;1;good
DEBB021;"'2017-03-09 11:00'";13;48;12;12;1;good
DEBB021;"'2017-03-09 12:00'";15;56;10;12;1;good
DEBB021;"'2017-03-09 13:00'";16;58;10;13;1;good
DEBB021;"'2017-03-09 14:00'";12;61;9;9;1;good
DEBB021;"'2017-03-09 15:00'";10;62;9;8;1;good
DEBB021;"'2017-03-09 16:00'";13;56;14;10;1;good
DEBB021;"'2017-03-09 17:00'";15;55;15;12;1;good
DEBB021;"'2017-03-09 18:00'";17;42;27;13;1;good
DEBB021;"'2017-03-09 19:00'";20;36;29;15;1;good
DEBB021;"'2017-03-09 20:00'";18;35;31;14;1;moderate
DEBB021;"'2017-03-09 21:00'";10;55;15;9;1;good
DEBB021;"'2017-03-09 22:00'";9;60;11;9;1;good
DEBB021;"'2017-03-09 23:00'";10;65;7;10;1;good
DEBB021;"'2017-03-09 24:00'";9;70;5;9;1;good
DEBB021;"'2017-03-10 01:00'";9;66;5;10;1;good
DEBB021;"'2017-03-10 02:00'";8;61;5;9;1;good
DEBB021;"'2017-03-10 03:00'";9;62;5;10;1;good
DEBB021;"'2017-03-10 04:00'";6;70;2;6;1;good
DEBB021;"'2017-03-10 05:00'";6;69;2;6;1;good
DEBB021;"'2017-03-10 06:00'";9;65;5;9;1;good
DEBB021;"'2017-03-10 07:00'";11;58;11;11;1;good
DEBB021;"'2017-03-10 08:00'";9;60;13;8;1;good
DEBB021;"'2017-03-10 09:00'";6;67;12;4;1;good
DEBB021;"'2017-03-10 10:00'";5;70;10;4;1;good
DEBB021;"'2017-03-10 11:00'";7;69;10;6;1;good
DEBB021;"'2017-03-10 12:00'";10;74;9;7;1;moderate
DEBB021;"'2017-03-10 13:00'";7;78;6;6;1;moderate
DEBB021;"'2017-03-10 14:00'";9;77;7;6;1;moderate
DEBB021;"'2017-03-10 15:00'";8;76;7;6;1;moderate
DEBB021;"'2017-03-10 16:00'";9;77;8;7;1;moderate
DEBB021;"'2017-03-10 17:00'";9;74;12;7;1;moderate
DEBB021;"'2017-03-10 18:00'";9;72;13;6;1;good
DEBB021;"'2017-03-10 19:00'";12;66;16;9;1;good
DEBB021;"'2017-03-10 20:00'";14;65;14;11;1;good
DEBB021;"'2017-03-10 21:00'";15;64;11;12;1;good
DEBB021;"'2017-03-10 22:00'";16;61;12;12;1;good
DEBB021;"'2017-03-10 23:00'";14;62;11;11;1;good
DEBB021;"'2017-03-10 24:00'";10;65;9;8;1;good
DEBB021;"'2017-03-11 01:00'";11;61;10;9;1;good
DEBB021;"'2017-03-11 02:00'";11;55;14;9;1;good
DEBB021;"'2017-03-11 03:00'";10;46;20;8;1;good
DEBB021;"'2017-03-11 04:00'";10;45;19;8;1;good
DEBB021;"'2017-03-11 05:00'";10;37;24;8;1;good
DEBB021;"'2017-03-11 06:00'";11;32;26;9;1;good
DEBB021;"'2017-03-11 07:00'";13;27;30;10;1;good
DEBB021;"'2017-03-11 08:00'";14;21;34;11;1;moderate
DEBB021;"'2017-03-11 09:00'";15;40;17;13;1;good
DEBB021;"'2017-03-11 10:00'";17;46;14;15;1;good
DEBB021;"'2017-03-11 11:00'";20;49;12;17;1;moderate
DEBB021;"'2017-03-11 12:00'";16;55;11;14;1;good
DEBB021;"'2017-03-11 13:00'";15;55;12;14;1;good
DEBB021;"'2017-03-11 14:00'";14;57;11;12;1;good
DEBB021;"'2017-03-11 15:00'";14;61;9;11;1;good
DEBB021;"'2017-03-11 16:00'";13;64;10;11;1;good
DEBB021;"'2017-03-11 17:00'";15;61;12;12;1;good
DEBB021;"'2017-03-11 18:00'";15;58;17;12;1;good
DEBB021;"'2017-03-11 19:00'";19;46;24;17;1;moderate
DEBB021;"'2017-03-11 20:00'";25;35;27;22;1;moderate
DEBB021;"'2017-03-11 21:00'";21;29;28;19;1;moderate
DEBB021;"'2017-03-11 22:00'";24;16;36;21;1;moderate
DEBB021;"'2017-03-11 23:00'";25;14;45;23;1;moderate
DEBB021;"'2017-03-11 24:00'";29;12;43;27;1;moderate
DEBB021;"'2017-03-12 01:00'";31;7;45;29;1;moderate
DEBB021;"'2017-03-12 02:00'";30;6;39;28;1;moderate
DEBB021;"'2017-03-12 03:00'";35;2;44;34;1;poor
DEBB021;"'2017-03-12 04:00'";33;4;42;32;1;poor
DEBB021;"'2017-03-12 05:00'";31;9;37;30;1;moderate
DEBB021;"'2017-03-12 06:00'";29;11;32;29;1;moderate
DEBB021;"'2017-03-12 07:00'";27;13;31;27;1;moderate
DEBB021;"'2017-03-12 08:00'";27;19;27;27;1;moderate
DEBB021;"'2017-03-12 09:00'";27;30;18;27;1;moderate
DEBB021;"'2017-03-12 10:00'";23;45;10;23;1;moderate
DEBB021;"'2017-03-12 11:00'";20;52;7;20;1;moderate
DEBB021;"'2017-03-12 12:00'";20;57;6;20;1;moderate
DEBB021;"'2017-03-12 13:00'";21;51;7;22;1;moderate
DEBB021;"'2017-03-12 14:00'";22;48;9;22;1;moderate
DEBB021;"'2017-03-12 15:00'";24;50;11;25;1;moderate
DEBB021;"'2017-03-12 16:00'";23;55;8;23;1;moderate
DEBB021;"'2017-03-12 17:00'";24;51;11;24;2;moderate
DEBB021;"'2017-03-12 18:00'";26;45;13;26;1;moderate
DEBB021;"'2017-03-12 19:00'";28;40;15;28;1;moderate
DEBB021;"'2017-03-12 20:00'";30;30;22;31;1;poor
DEBB021;"'2017-03-12 21:00'";29;28;22;29;1;moderate
DEBB021;"'2017-03-12 22:00'";29;22;27;29;1;moderate
DEBB021;"'2017-03-12 23:00'";28;15;34;29;1;moderate
DEBB021;"'2017-03-12 24:00'";28;14;33;29;1;moderate
DEBB021;"'2017-03-13 01:00'";27;10;34;27;1;moderate
DEBB021;"'2017-03-13 02:00'";24;15;29;25;1;moderate
DEBB021;"'2017-03-13 03:00'";24;9;36;25;1;moderate
DEBB021;"'2017-03-13 04:00'";25;9;35;25;1;moderate
DEBB021;"'2017-03-13 05:00'";25;9;31;25;1;moderate
DEBB021;"'2017-03-13 06:00'";25;7;33;25;1;moderate
DEBB021;"'2017-03-13 07:00'";26;2;42;26;1;moderate
DEBB021;"'2017-03-13 08:00'";30;2;47;28;1;moderate
DEBB021;"'2017-03-13 09:00'";35;6;45;32;1;poor
DEBB021;"'2017-03-13 10:00'";38;15;37;35;1;poor
DEBB021;"'2017-03-13 11:00'";39;34;22;34;3;poor
DEBB021;"'2017-03-13 12:00'";31;55;12;28;1;moderate
DEBB021;"'2017-03-13 13:00'";25;67;8;23;1;moderate
DEBB021;"'2017-03-13 14:00'";22;75;9;21;2;moderate
DEBB021;"'2017-03-13 15:00'";25;69;13;23;4;moderate
DEBB021;"'2017-03-13 16:00'";26;66;17;23;8;moderate
DEBB021;"'2017-03-13 17:00'";27;61;20;24;6;moderate
DEBB021;"'2017-03-13 18:00'";30;53;27;26;4;moderate
DEBB021;"'2017-03-13 19:00'";33;40;40;27;3;moderate
DEBB021;"'2017-03-13 20:00'";32;28;49;27;3;moderate
DEBB021;"'2017-03-13 21:00'";36;21;53;33;3;poor
DEBB021;"'2017-03-13 22:00'";38;9;56;32;1;poor
DEBB021;"'2017-03-13 23:00'";35;5;53;31;1;poor
DEBB021;"'2017-03-13 24:00'";34;2;50;30;1;moderate
DEBB021;"'2017-03-14 01:00'";30;4;42;29;1;moderate
DEBB021;"'2017-03-14 02:00'";28;8;40;27;1;moderate
DEBB021;"'2017-03-14 03:00'";29;6;41;27;1;moderate
DEBB021;"'2017-03-14 04:00'";28;5;43;27;1;moderate
DEBB021;"'2017-03-14 05:00'";32;11;37;30;1;moderate
DEBB021;"'2017-03-14 06:00'";32;8;39;31;1;poor
DEBB021;"'2017-03-14 07:00'";37;9;35;34;1;poor
DEBB021;"'2017-03-14 08:00'";39;13;26;37;1;poor
DEBB021;"'2017-03-14 09:00'";38;16;23;36;1;poor
DEBB021;"'2017-03-14 10:00'";26;29;18;25;1;moderate
DEBB021;"'2017-03-14 11:00'";24;41;14;21;1;moderate
DEBB021;"'2017-03-14 12:00'";25;46;14;22;1;moderate
DEBB021;"'2017-03-14 13:00'";23;53;11;21;1;moderate
DEBB021;"'2017-03-14 14:00'";22;57;12;16;1;moderate
DEBB021;"'2017-03-14 15:00'";18;66;13;13;1;good
DEBB021;"'2017-03-14 16:00'";18;71;13;13;1;good
DEBB021;"'2017-03-14 17:00'";20;65;20;14;1;good
DEBB021;"'2017-03-14 18:00'";21;61;21;15;1;good
DEBB021;"'2017-03-14 19:00'";25;44;36;18;1;moderate
DEBB021;"'2017-03-14 20:00'";23;43;30;18;1;moderate
DEBB021;"'2017-03-14 21:00'";23;46;24;20;1;moderate
DEBB021;"'2017-03-14 22:00'";27;45;23;23;1;moderate
DEBB021;"'2017-03-14 23:00'";33;42;25;29;1;moderate
DEBB021;"'2017-03-14 24:00'";42;45;20;38;1;poor
DEBB021;"'2017-03-15 01:00'";43;46;16;39;1;poor
DEBB021;"'2017-03-15 02:00'";39;44;16;36;1;poor
DEBB021;"'2017-03-15 03:00'";31;47;13;29;1;moderate
DEBB021;"'2017-03-15 04:00'";24;51;9;22;1;moderate
DEBB021;"'2017-03-15 05:00'";18;53;7;17;1;moderate
DEBB021;"'2017-03-15 06:00'";17;52;7;17;1;moderate
DEBB021;"'2017-03-15 07:00'";20;45;13;18;1;moderate
DEBB021;"'2017-03-15 08:00'";23;43;15;21;1;moderate
DEBB021;"'2017-03-15 09:00'";25;45;13;22;1;moderate
DEBB021;"'2017-03-15 10:00'";23;54;9;20;1;moderate
DEBB021;"'2017-03-15 11:00'";22;59;8;17;1;moderate
DEBB021;"'2017-03-15 12:00'";17;66;6;13;1;good
DEBB021;"'2017-03-15 13:00'";15;71;5;10;1;good
DEBB021;"'2017-03-15 14:00'";13;73;5;10;1;moderate
DEBB021;"'2017-03-15 15:00'";13;73;5;9;1;moderate
DEBB021;"'2017-03-15 16:00'";12;72;8;7;1;good
DEBB021;"'2017-03-15 17:00'";11;70;8;7;1;good
DEBB021;"'2017-03-15 18:00'";11;65;11;7;1;good
DEBB021;"'2017-03-15 19:00'";13;61;13;9;1;good
DEBB021;"'2017-03-15 20:00'";16;55;16;11;1;good
DEBB021;"'2017-03-15 21:00'";15;53;16;11;1;good
DEBB021;"'2017-03-15 22:00'";15;52;13;11;1;good
DEBB021;"'2017-03-15 23:00'";17;49;12;12;1;good
DEBB021;"'2017-03-15 24:00'";18;45;15;14;1;good
DEBB021;"'2017-03-16 01:00'";18;42;15;15;1;good
DEBB021;"'2017-03-16 02:00'";15;41;14;12;1;good
DEBB021;"'2017-03-16 03:00'";13;42;12;11;1;good
DEBB021;"'2017-03-16 04:00'";12;41;12;10;1;good
DEBB021;"'2017-03-16 05:00'";13;38;14;10;1;good
DEBB021;"'2017-03-16 06:00'";13;37;15;10;1;good
DEBB021;"'2017-03-16 07:00'";12;35;20;10;1;good
DEBB021;"'2017-03-16 08:00'";14;35;22;11;1;good
DEBB021;"'2017-03-16 09:00'";18;43;18;12;1;good
DEBB021;"'2017-03-16 10:00'";18;55;12;13;1;good
DEBB021;"'2017-03-16 11:00'";20;61;10;13;1;good
DEBB021;"'2017-03-16 12:00'";18;67;8;12;1;good
DEBB021;"'2017-03-16 13:00'";13;72;7;9;1;good
DEBB021;"'2017-03-16 14:00'";14;75;5;7;1;moderate
DEBB021;"'2017-03-16 15:00'";13;78;5;9;1;moderate
DEBB021;"'2017-03-16 16:00'";15;78;7;9;1;moderate
DEBB021;"'2017-03-16 17:00'";16;78;11;10;1;moderate
DEBB021;"'2017-03-16 18:00'";19;68;21;11;1;good
DEBB021;"'2017-03-16 19:00'";21;49;38;11;1;moderate
DEBB021;"'2017-03-16 20:00'";22;41;42;13;1;moderate
DEBB021;"'2017-03-16 21:00'";22;37;41;15;1;moderate
DEBB021;"'2017-03-16 22:00'";22;45;30;15;1;good
DEBB021;"'2017-03-16 23:00'";26;25;47;19;1;moderate
DEBB021;"'2017-03-16 24:00'";24;8;63;19;1;poor
DEBB021;"'2017-03-17 01:00'";21;28;37;16;1;moderate
DEBB021;"'2017-03-17 02:00'";21;42;21;16;1;moderate
DEBB021;"'2017-03-17 03:00'";21;46;14;16;1;moderate
DEBB021;"'2017-03-17 04:00'";21;47;13;17;2;moderate
DEBB021;"'2017-03-17 05:00'";24;42;16;19;6;moderate
DEBB021;"'2017-03-17 06:00'";27;35;23;21;6;moderate
DEBB021;"'2017-03-17 07:00'";32;32;30;24;4;moderate
DEBB021;"'2017-03-17 08:00'";36;23;41;26;3;moderate
DEBB021;"'2017-03-17 09:00'";37;25;37;28;2;moderate
DEBB021;"'2017-03-17 10:00'";42;38;22;36;3;poor
DEBB021;"'2017-03-17 11:00'";41;47;15;36;1;poor
DEBB021;"'2017-03-17 12:00'";37;46;15;35;1;poor
DEBB021;"'2017-03-17 13:00'";22;51;11;21;1;moderate
DEBB021;"'2017-03-17 14:00'";24;52;10;23;1;moderate
DEBB021;"'2017-03-17 15:00'";14;68;9;13;1;good
DEBB021;"'2017-03-17 16:00'";9;76;10;7;1;moderate
DEBB021;"'2017-03-17 17:00'";10;73;12;7;1;moderate
DEBB021;"'2017-03-17 18:00'";8;74;9;6;1;moderate
DEBB021;"'2017-03-17 19:00'";11;68;11;8;1;good
DEBB021;"'2017-03-17 20:00'";13;61;16;9;1;good
DEBB021;"'2017-03-17 21:00'";11;62;16;8;1;good
DEBB021;"'2017-03-17 22:00'";13;59;18;9;1;good
DEBB021;"'2017-03-17 23:00'";12;57;19;9;1;good
DEBB021;"'2017-03-17 24:00'";12;58;14;9;1;good
DEBB021;"'2017-03-18 01:00'";11;59;10;9;1;good
DEBB021;"'2017-03-18 02:00'";11;59;11;9;1;good
DEBB021;"'2017-03-18 03:00'";12;64;8;9;1;good
DEBB021;"'2017-03-18 04:00'";15;58;8;15;1;good
DEBB021;"'2017-03-18 05:00'";14;60;6;14;1;good
DEBB021;"'2017-03-18 06:00'";12;58;7;12;1;good
DEBB021;"'2017-03-18 07:00'";15;55;9;15;1;good
DEBB021;"'2017-03-18 08:00'";13;53;9;14;1;good
DEBB021;"'2017-03-18 09:00'";8;58;7;8;1;good
DEBB021;"'2017-03-18 10:00'";4;57;8;4;1;good
DEBB021;"'2017-03-18 11:00'";2;54;10;2;1;good
DEBB021;"'2017-03-18 12:00'";3;58;7;3;1;good
DEBB021;"'2017-03-18 13:00'";4;77;2;3;1;moderate
DEBB021;"'2017-03-18 14:00'";3;87;2;2;1;moderate
DEBB021;"'2017-03-18 15:00'";4;91;2;3;1;moderate
DEBB021;"'2017-03-18 16:00'";3;96;3;3;1;moderate
DEBB021;"'2017-03-18 17:00'";4;94;5;4;1;moderate
DEBB021;"'2017-03-18 18:00'";4;91;5;3;1;moderate
DEBB021;"'2017-03-18 19:00'";4;85;6;3;1;moderate
DEBB021;"'2017-03-18 20:00'";5;84;6;4;1;moderate
DEBB021;"'2017-03-18 21:00'";6;83;5;5;1;moderate
DEBB021;"'2017-03-18 22:00'";5;82;5;4;1;moderate
DEBB021;"'2017-03-18 23:00'";5;79;4;4;1;moderate
DEBB021;"'2017-03-18 24:00'";6;76;3;5;1;moderate
DEBB021;"'2017-03-19 01:00'";6;77;2;5;1;moderate
DEBB021;"'2017-03-19 02:00'";7;74;4;5;1;moderate
DEBB021;"'2017-03-19 03:00'";8;71;3;6;1;good
DEBB021;"'2017-03-19 04:00'";8;67;5;6;1;good
DEBB021;"'2017-03-19 05:00'";8;59;9;6;1;good
DEBB021;"'2017-03-19 06:00'";8;53;12;6;1;good
DEBB021;"'2017-03-19 07:00'";7;50;11;6;1;good
DEBB021;"'2017-03-19 08:00'";8;48;10;6;1;good
DEBB021;"'2017-03-19 09:00'";8;54;6;6;1;good
DEBB021;"'2017-03-19 10:00'";8;56;7;6;1;good
DEBB021;"'2017-03-19 11:00'";9;66;8;5;1;good
DEBB021;"'2017-03-19 12:00'";6;71;5;4;1;good
DEBB021;"'2017-03-19 13:00'";5;69;9;5;1;good
DEBB021;"'2017-03-19 14:00'";5;69;8;5;1;good
DEBB021;"'2017-03-19 15:00'";5;67;10;5;1;good
DEBB021;"'2017-03-19 16:00'";5;66;8;5;1;good
DEBB021;"'2017-03-19 17:00'";5;64;8;5;1;good
DEBB021;"'2017-03-19 18:00'";5;57;12;5;1;good
DEBB021;"'2017-03-19 19:00'";7;43;19;7;1;good
DEBB021;"'2017-03-19 20:00'";11;37;19;11;1;good
DEBB021;"'2017-03-19 21:00'";14;50;9;13;1;good
DEBB021;"'2017-03-19 22:00'";12;53;8;11;1;good
DEBB021;"'2017-03-19 23:00'";15;54;8;15;1;good
DEBB021;"'2017-03-19 24:00'";16;57;7;16;1;moderate
DEBB021;"'2017-03-20 01:00'";14;57;6;14;1;good
DEBB021;"'2017-03-20 02:00'";14;58;5;14;1;good
DEBB021;"'2017-03-20 03:00'";14;57;6;14;1;good
DEBB021;"'2017-03-20 04:00'";15;59;5;15;1;good
DEBB021;"'2017-03-20 05:00'";13;58;5;13;1;good
DEBB021;"'2017-03-20 06:00'";14;53;8;14;1;good
DEBB021;"'2017-03-20 07:00'";13;46;15;13;1;good
DEBB021;"'2017-03-20 08:00'";12;39;22;11;1;good
DEBB021;"'2017-03-20 09:00'";9;37;24;9;1;good
DEBB021;"'2017-03-20 10:00'";7;42;16;7;1;good
DEBB021;"'2017-03-20 11:00'";7;44;15;6;1;good
DEBB021;"'2017-03-20 12:00'";7;41;19;6;1;good
DEBB021;"'2017-03-20 13:00'";5;50;12;5;1;good
DEBB021;"'2017-03-20 14:00'";6;49;15;5;1;good
DEBB021;"'2017-03-20 15:00'";8;51;13;4;1;good
DEBB021;"'2017-03-20 16:00'";9;54;12;4;1;good
DEBB021;"'2017-03-20 17:00'";6;56;11;4;1;good
DEBB021;"'2017-03-20 18:00'";6;51;15;4;1;good
DEBB021;"'2017-03-20 19:00'";7;50;14;5;1;good
DEBB021;"'2017-03-20 20:00'";8;48;16;6;1;good
DEBB021;"'2017-03-20 21:00'";9;49;13;8;1;good
DEBB021;"'2017-03-20 22:00'";12;49;12;10;1;good
DEBB021;"'2017-03-20 23:00'";13;50;10;11;1;good
DEBB021;"'2017-03-20 24:00'";14;52;8;12;1;good
DEBB021;"'2017-03-21 01:00'";13;52;7;12;1;good
DEBB021;"'2017-03-21 02:00'";11;52;8;10;1;good
DEBB021;"'2017-03-21 03:00'";10;54;7;9;1;good
DEBB021;"'2017-03-21 04:00'";9;57;6;8;1;good
DEBB021;"'2017-03-21 05:00'";8;57;5;7;1;good
DEBB021;"'2017-03-21 06:00'";8;56;7;7;1;good
DEBB021;"'2017-03-21 07:00'";9;54;11;7;1;good
DEBB021;"'2017-03-21 08:00'";9;54;14;7;1;good
DEBB021;"'2017-03-21 09:00'";4;58;16;3;1;good
DEBB021;"'2017-03-21 10:00'";7;51;17;6;1;good
DEBB021;"'2017-03-21 11:00'";9;67;12;4;1;good
DEBB021;"'2017-03-21 12:00'";9;70;14;4;1;good
DEBB021;"'2017-03-21 13:00'";5;70;12;3;1;good
DEBB021;"'2017-03-21 14:00'";6;69;13;3;1;good
DEBB021;"'2017-03-21 15:00'";5;69;11;4;1;good
DEBB021;"'2017-03-21 16:00'";8;67;13;6;1;good
DEBB021;"'2017-03-21 17:00'";8;63;15;7;1;good
DEBB021;"'2017-03-21 18:00'";10;61;17;8;1;good
DEBB021;"'2017-03-21 19:00'";11;59;21;10;1;good
DEBB021;"'2017-03-21 20:00'";9;59;17;9;1;good
DEBB021;"'2017-03-21 21:00'";11;58;17;10;1;good
DEBB021;"'2017-03-21 22:00'";12;43;26;11;1;good
DEBB021;"'2017-03-21 23:00'";11;53;15;10;1;good
DEBB021;"'2017-03-21 24:00'";9;58;10;8;1;good
DEBB021;"'2017-03-22 01:00'";8;58;8;7;1;good
DEBB021;"'2017-03-22 02:00'";8;59;7;6;1;good
DEBB021;"'2017-03-22 03:00'";8;50;11;6;1;good
DEBB021;"'2017-03-22 04:00'";7;51;12;5;1;good
DEBB021;"'2017-03-22 05:00'";7;30;15;6;1;good
DEBB021;"'2017-03-22 06:00'";7;14;29;6;1;good
DEBB021;"'2017-03-22 07:00'";8;2;39;7;1;moderate
DEBB021;"'2017-03-22 08:00'";12;3;52;9;1;moderate
DEBB021;"'2017-03-22 09:00'";14;11;56;10;1;moderate
DEBB021;"'2017-03-22 10:00'";12;39;37;8;1;moderate
DEBB021;"'2017-03-22 11:00'";11;63;20;6;1;good
DEBB021;"'2017-03-22 12:00'";9;71;11;6;1;good
DEBB021;"'2017-03-22 13:00'";10;67;16;7;1;good
DEBB021;"'2017-03-22 14:00'";10;71;10;7;1;good
DEBB021;"'2017-03-22 15:00'";10;66;19;7;1;good
DEBB021;"'2017-03-22 16:00'";10;72;14;6;1;good
DEBB021;"'2017-03-22 17:00'";10;72;14;6;1;good
DEBB021;"'2017-03-22 18:00'";9;71;14;6;1;good
DEBB021;"'2017-03-22 19:00'";11;63;18;8;1;good
DEBB021;"'2017-03-22 20:00'";13;52;25;9;1;good
DEBB021;"'2017-03-22 21:00'";11;57;19;8;1;good
DEBB021;"'2017-03-22 22:00'";10;60;14;8;1;good
DEBB021;"'2017-03-22 23:00'";10;62;11;7;1;good
DEBB021;"'2017-03-22 24:00'";10;63;10;8;1;good
DEBB021;"'2017-03-23 01:00'";13;61;9;11;1;good
DEBB021;"'2017-03-23 02:00'";17;59;9;15;1;good
DEBB021;"'2017-03-23 03:00'";19;58;8;18;1;moderate
DEBB021;"'2017-03-23 04:00'";20;60;6;19;1;moderate
DEBB021;"'2017-03-23 05:00'";21;61;7;20;1;moderate
DEBB021;"'2017-03-23 06:00'";25;55;9;24;1;moderate
DEBB021;"'2017-03-23 07:00'";26;48;16;25;1;moderate
DEBB021;"'2017-03-23 08:00'";28;38;24;26;1;moderate
DEBB021;"'2017-03-23 09:00'";28;31;29;27;1;moderate
DEBB021;"'2017-03-23 10:00'";27;29;32;25;1;moderate
DEBB021;"'2017-03-23 11:00'";27;25;39;24;3;moderate
DEBB021;"'2017-03-23 12:00'";28;23;39;26;2;moderate
DEBB021;"'2017-03-23 13:00'";25;32;31;23;1;moderate
DEBB021;"'2017-03-23 14:00'";25;38;27;21;1;moderate
DEBB021;"'2017-03-23 15:00'";22;42;27;19;2;moderate
DEBB021;"'2017-03-23 16:00'";20;40;31;18;1;moderate
DEBB021;"'2017-03-23 17:00'";17;38;30;16;1;moderate
DEBB021;"'2017-03-23 18:00'";16;38;27;14;1;good
DEBB021;"'2017-03-23 19:00'";15;34;31;13;1;moderate
DEBB021;"'2017-03-23 20:00'";14;42;22;13;1;good
DEBB021;"'2017-03-23 21:00'";14;39;23;13;1;good
DEBB021;"'2017-03-23 22:00'";16;40;24;14;1;good
DEBB021;"'2017-03-23 23:00'";14;51;14;12;2;good
DEBB021;"'2017-03-23 24:00'";13;54;11;11;3;good
DEBB021;"'2017-03-24 01:00'";12;56;9;10;1;good
DEBB021;"'2017-03-24 02:00'";12;55;9;10;1;good
DEBB021;"'2017-03-24 03:00'";12;51;11;10;1;good
DEBB021;"'2017-03-24 04:00'";12;49;11;10;1;good
DEBB021;"'2017-03-24 05:00'";12;47;10;11;2;good
DEBB021;"'2017-03-24 06:00'";12;41;16;11;3;good
DEBB021;"'2017-03-24 07:00'";13;25;35;11;1;moderate
DEBB021;"'2017-03-24 08:00'";15;27;36;12;1;moderate
DEBB021;"'2017-03-24 09:00'";14;43;23;11;2;good
DEBB021;"'2017-03-24 10:00'";15;54;28;12;3;good
DEBB021;"'2017-03-24 11:00'";14;69;28;10;3;good
DEBB021;"'2017-03-24 12:00'";13;82;20;10;1;moderate
DEBB021;"'2017-03-24 13:00'";12;88;12;8;1;moderate
DEBB021;"'2017-03-24 14:00'";10;89;11;7;2;moderate
DEBB021;"'2017-03-24 15:00'";10;90;10;7;1;moderate
DEBB021;"'2017-03-24 16:00'";9;90;12;7;2;moderate
DEBB021;"'2017-03-24 17:00'";8;90;12;6;1;moderate
DEBB021;"'2017-03-24 18:00'";8;89;10;6;1;moderate
DEBB021;"'2017-03-24 19:00'";8;81;17;6;1;moderate
DEBB021;"'2017-03-24 20:00'";12;67;28;9;1;good
DEBB021;"'2017-03-24 21:00'";11;69;20;8;1;good
DEBB021;"'2017-03-24 22:00'";16;48;34;12;1;moderate
DEBB021;"'2017-03-24 23:00'";21;17;61;16;1;poor
DEBB021;"'2017-03-24 24:00'";18;9;62;14;1;poor
DEBB021;"'2017-03-25 01:00'";15;27;41;12;1;moderate
DEBB021;"'2017-03-25 02:00'";18;12;45;15;1;moderate
DEBB021;"'2017-03-25 03:00'";19;2;50;17;1;moderate
DEBB021;"'2017-03-25 04:00'";20;2;47;18;1;moderate
DEBB021;"'2017-03-25 05:00'";18;5;42;16;1;moderate
DEBB021;"'2017-03-25 06:00'";18;4;40;16;1;moderate
DEBB021;"'2017-03-25 07:00'";19;5;42;16;1;moderate
DEBB021;"'2017-03-25 08:00'";18;15;41;16;1;moderate
DEBB021;"'2017-03-25 09:00'";16;32;29;14;1;good
DEBB021;"'2017-03-25 10:00'";14;59;15;11;1;good
DEBB021;"'2017-03-25 11:00'";9;71;7;7;1;good
DEBB021;"'2017-03-25 12:00'";4;78;5;3;1;moderate
DEBB021;"'2017-03-25 13:00'";9;83;6;7;1;moderate
DEBB021;"'2017-03-25 14:00'";9;85;7;8;1;moderate
DEBB021;"'2017-03-25 15:00'";8;86;5;7;1;moderate
DEBB021;"'2017-03-25 16:00'";7;86;6;6;1;moderate
DEBB021;"'2017-03-25 17:00'";7;85;6;6;1;moderate
DEBB021;"'2017-03-25 18:00'";9;82;8;8;1;moderate
DEBB021;"'2017-03-25 19:00'";7;79;10;6;1;moderate
DEBB021;"'2017-03-25 20:00'";8;75;10;7;1;moderate
DEBB021;"'2017-03-25 21:00'";11;70;11;11;1;good
DEBB021;"'2017-03-25 22:00'";14;65;15;13;1;good
DEBB021;"'2017-03-25 23:00'";16;62;14;14;1;good
DEBB021;"'2017-03-25 24:00'";14;62;9;13;1;good
DEBB021;"'2017-03-26 01:00'";16;55;14;15;1;good
DEBB021;"'2017-03-26 02:00'";18;44;17;16;1;moderate
DEBB021;"'2017-03-26 04:00'";21;14;35;19;1;moderate
DEBB021;"'2017-03-26 05:00'";21;8;37;19;1;moderate
DEBB021;"'2017-03-26 06:00'";20;4;39;19;1;moderate
DEBB021;"'2017-03-26 07:00'";19;2;35;18;1;moderate
DEBB021;"'2017-03-26 08:00'";22;7;28;19;1;moderate
DEBB021;"'2017-03-26 09:00'";20;21;21;19;1;moderate
DEBB021;"'2017-03-26 10:00'";21;39;15;20;1;moderate
DEBB021;"'2017-03-26 11:00'";23;57;15;20;1;moderate
DEBB021;"'2017-03-26 12:00'";17;76;7;15;1;moderate
DEBB021;"'2017-03-26 13:00'";17;77;7;14;1;moderate
DEBB021;"'2017-03-26 14:00'";15;79;8;13;1;moderate
DEBB021;"'2017-03-26 15:00'";13;82;8;11;1;moderate
DEBB021;"'2017-03-26 16:00'";11;86;7;9;1;moderate
DEBB021;"'2017-03-26 17:00'";11;87;7;9;1;moderate
DEBB021;"'2017-03-26 18:00'";9;88;7;7;1;moderate
DEBB021;"'2017-03-26 19:00'";7;87;7;5;1;moderate
DEBB021;"'2017-03-26 20:00'";11;76;16;6;1;moderate
DEBB021;"'2017-03-26 21:00'";13;48;40;10;1;moderate
DEBB021;"'2017-03-26 22:00'";14;47;30;11;1;good
DEBB021;"'2017-03-26 23:00'";23;17;52;17;1;moderate
DEBB021;"'2017-03-26 24:00'";16;34;29;13;1;good
DEBB021;"'2017-03-27 01:00'";14;44;18;12;1;good
DEBB021;"'2017-03-27 02:00'";13;29;25;11;1;good
DEBB021;"'2017-03-27 03:00'";11;32;19;10;1;good
DEBB021;"'2017-03-27 04:00'";12;20;32;10;1;moderate
DEBB021;"'2017-03-27 05:00'";17;6;40;14;1;moderate
DEBB021;"'2017-03-27 06:00'";17;2;43;15;1;moderate
DEBB021;"'2017-03-27 07:00'";17;2;48;13;1;moderate
DEBB021;"'2017-03-27 08:00'";20;2;61;14;1;poor
DEBB021;"'2017-03-27 09:00'";22;12;60;13;1;moderate
DEBB021;"'2017-03-27 10:00'";26;25;50;14;1;moderate
DEBB021;"'2017-03-27 11:00'";16;49;32;10;1;moderate
DEBB021;"'2017-03-27 12:00'";12;73;15;8;2;moderate
DEBB021;"'2017-03-27 13:00'";11;81;11;7;3;moderate
DEBB021;"'2017-03-27 14:00'";10;87;9;6;3;moderate
DEBB021;"'2017-03-27 15:00'";13;92;7;6;2;moderate
DEBB021;"'2017-03-27 16:00'";9;95;7;6;1;moderate
DEBB021;"'2017-03-27 17:00'";9;98;8;6;1;moderate
DEBB021;"'2017-03-27 18:00'";13;94;10;8;1;moderate
DEBB021;"'2017-03-27 19:00'";13;92;12;9;1;moderate
DEBB021;"'2017-03-27 20:00'";15;82;19;10;1;moderate
DEBB021;"'2017-03-27 21:00'";23;48;47;13;1;moderate
DEBB021;"'2017-03-27 22:00'";29;13;75;14;1;poor
DEBB021;"'2017-03-27 23:00'";14;49;32;10;1;moderate
DEBB021;"'2017-03-27 24:00'";15;48;29;11;1;good
DEBB021;"'2017-03-28 01:00'";17;41;29;13;1;good
DEBB021;"'2017-03-28 02:00'";19;38;30;15;1;good
DEBB021;"'2017-03-28 03:00'";19;32;31;15;1;moderate
DEBB021;"'2017-03-28 04:00'";16;34;23;14;1;good
DEBB021;"'2017-03-28 05:00'";18;24;33;15;1;moderate
DEBB021;"'2017-03-28 06:00'";23;6;49;18;1;moderate
DEBB021;"'2017-03-28 07:00'";26;2;66;19;1;poor
DEBB021;"'2017-03-28 08:00'";27;2;68;20;1;poor
DEBB021;"'2017-03-28 09:00'";50;4;71;23;1;poor
DEBB021;"'2017-03-28 10:00'";49;18;60;24;4;moderate
DEBB021;"'2017-03-28 11:00'";37;43;33;24;5;moderate
DEBB021;"'2017-03-28 12:00'";39;65;20;24;4;moderate
DEBB021;"'2017-03-28 13:00'";33;78;17;21;3;moderate
DEBB021;"'2017-03-28 14:00'";28;88;11;15;1;moderate
DEBB021;"'2017-03-28 15:00'";22;91;12;12;1;moderate
DEBB021;"'2017-03-28 16:00'";22;95;13;11;1;moderate
DEBB021;"'2017-03-28 17:00'";18;97;14;8;1;moderate
DEBB021;"'2017-03-28 18:00'";19;96;13;12;1;moderate
DEBB021;"'2017-03-28 19:00'";25;90;15;16;1;moderate
DEBB021;"'2017-03-28 20:00'";31;68;33;17;1;moderate
DEBB021;"'2017-03-28 21:00'";24;76;23;13;1;moderate
DEBB021;"'2017-03-28 22:00'";22;62;30;14;1;good
DEBB021;"'2017-03-28 23:00'";27;58;29;18;1;moderate
DEBB021;"'2017-03-28 24:00'";26;53;28;19;1;moderate
DEBB021;"'2017-03-29 01:00'";26;52;28;20;1;moderate
DEBB021;"'2017-03-29 02:00'";31;50;29;23;1;moderate
DEBB021;"'2017-03-29 03:00'";29;53;26;22;2;moderate
DEBB021;"'2017-03-29 04:00'";29;52;24;23;1;moderate
DEBB021;"'2017-03-29 05:00'";30;49;22;24;1;moderate
DEBB021;"'2017-03-29 06:00'";33;43;24;26;1;moderate
DEBB021;"'2017-03-29 07:00'";40;27;44;29;1;moderate
DEBB021;"'2017-03-29 08:00'";53;27;50;35;3;poor
DEBB021;"'2017-03-29 09:00'";61;44;37;36;3;poor
DEBB021;"'2017-03-29 10:00'";40;58;24;28;1;moderate
DEBB021;"'2017-03-29 11:00'";33;62;19;22;1;moderate
DEBB021;"'2017-03-29 12:00'";36;-;-;22;1;moderate
DEBB021;"'2017-03-29 13:00'";27;72;10;18;1;moderate
DEBB021;"'2017-03-29 14:00'";20;74;10;14;1;moderate
DEBB021;"'2017-03-29 15:00'";25;69;13;17;1;moderate
DEBB021;"'2017-03-29 16:00'";17;69;13;15;1;good
DEBB021;"'2017-03-29 17:00'";17;64;16;17;1;moderate
DEBB021;"'2017-03-29 18:00'";21;60;17;21;1;moderate
DEBB021;"'2017-03-29 19:00'";22;56;17;21;1;moderate
DEBB021;"'2017-03-29 20:00'";23;52;17;23;1;moderate
DEBB021;"'2017-03-29 21:00'";23;48;15;23;1;moderate
DEBB021;"'2017-03-29 22:00'";20;47;13;21;1;moderate
DEBB021;"'2017-03-29 23:00'";18;47;11;18;1;moderate
DEBB021;"'2017-03-29 24:00'";19;45;10;19;1;moderate
DEBB021;"'2017-03-30 01:00'";24;43;10;24;1;moderate
DEBB021;"'2017-03-30 02:00'";26;43;8;26;1;moderate
DEBB021;"'2017-03-30 03:00'";28;41;9;27;1;moderate
DEBB021;"'2017-03-30 04:00'";29;38;9;27;1;moderate
DEBB021;"'2017-03-30 05:00'";29;36;10;27;1;moderate
DEBB021;"'2017-03-30 06:00'";30;31;15;27;1;moderate
DEBB021;"'2017-03-30 07:00'";32;19;30;29;1;moderate
DEBB021;"'2017-03-30 08:00'";31;23;27;29;1;moderate
DEBB021;"'2017-03-30 09:00'";35;20;32;31;1;poor
DEBB021;"'2017-03-30 10:00'";34;20;26;31;1;poor
DEBB021;"'2017-03-30 11:00'";34;18;27;30;1;moderate
DEBB021;"'2017-03-30 12:00'";35;25;21;31;1;poor
DEBB021;"'2017-03-30 13:00'";40;39;16;34;1;poor
DEBB021;"'2017-03-30 14:00'";40;43;18;34;1;poor
DEBB021;"'2017-03-30 15:00'";36;49;15;31;1;poor
DEBB021;"'2017-03-30 16:00'";23;66;10;20;1;moderate
DEBB021;"'2017-03-30 17:00'";20;71;12;16;1;moderate
DEBB021;"'2017-03-30 18:00'";19;74;13;14;1;moderate
DEBB021;"'2017-03-30 19:00'";20;73;12;15;1;moderate
DEBB021;"'2017-03-30 20:00'";19;62;17;15;1;good
DEBB021;"'2017-03-30 21:00'";18;62;15;15;1;good
DEBB021;"'2017-03-30 22:00'";21;65;12;16;1;moderate
DEBB021;"'2017-03-30 23:00'";22;66;9;18;1;moderate
DEBB021;"'2017-03-30 24:00'";22;66;8;18;1;moderate
DEBB021;"'2017-03-31 01:00'";22;64;8;19;1;moderate
DEBB021;"'2017-03-31 02:00'";22;59;10;19;1;moderate
DEBB021;"'2017-03-31 03:00'";22;52;11;19;1;moderate
DEBB021;"'2017-03-31 04:00'";21;52;10;18;1;moderate
DEBB021;"'2017-03-31 05:00'";22;55;11;19;1;moderate
DEBB021;"'2017-03-31 06:00'";23;30;22;20;1;moderate
DEBB021;"'2017-03-31 07:00'";26;11;45;21;1;moderate
DEBB021;"'2017-03-31 08:00'";30;4;53;24;1;moderate
DEBB021;"'2017-03-31 09:00'";30;11;41;24;1;moderate
DEBB021;"'2017-03-31 10:00'";24;32;25;18;1;moderate
DEBB021;"'2017-03-31 11:00'";19;52;16;14;2;good
DEBB021;"'2017-03-31 12:00'";20;61;13;14;2;good
DEBB021;"'2017-03-31 13:00'";48;75;14;22;1;moderate
DEBB021;"'2017-03-31 14:00'";45;83;14;21;1;moderate
DEBB021;"'2017-03-31 15:00'";21;92;12;14;1;moderate
DEBB021;"'2017-03-31 16:00'";19;99;12;13;1;moderate
DEBB021;"'2017-03-31 17:00'";20;104;12;12;1;moderate
DEBB021;"'2017-03-31 18:00'";18;105;10;11;1;moderate
DEBB021;"'2017-03-31 19:00'";18;99;17;10;1;moderate
DEBB021;"'2017-03-31 20:00'";18;91;18;11;1;moderate
DEBB021;"'2017-03-31 21:00'";21;78;21;13;1;moderate
DEBB021;"'2017-03-31 22:00'";20;77;20;14;1;moderate
DEBB021;"'2017-03-31 23:00'";23;59;32;16;1;moderate
DEBB021;"'2017-03-31 24:00'";22;74;17;15;1;moderate
DEBB021;"'2017-04-01 01:00'";25;56;24;19;1;moderate
DEBB021;"'2017-04-01 02:00'";27;41;30;22;1;moderate
DEBB021;"'2017-04-01 03:00'";25;40;25;21;1;moderate
DEBB021;"'2017-04-01 04:00'";24;40;22;19;1;moderate
DEBB021;"'2017-04-01 05:00'";23;38;20;19;1;moderate
DEBB021;"'2017-04-01 06:00'";24;29;25;20;1;moderate
DEBB021;"'2017-04-01 07:00'";26;21;33;21;1;moderate
DEBB021;"'2017-04-01 08:00'";28;13;42;22;1;moderate
DEBB021;"'2017-04-01 09:00'";28;36;28;21;1;moderate
DEBB021;"'2017-04-01 10:00'";28;45;21;21;1;moderate
DEBB021;"'2017-04-01 11:00'";31;54;20;21;1;moderate
DEBB021;"'2017-04-01 12:00'";30;58;18;21;1;moderate
DEBB021;"'2017-04-01 13:00'";32;71;15;22;1;moderate
DEBB021;"'2017-04-01 14:00'";34;85;14;24;1;moderate
DEBB021;"'2017-04-01 15:00'";34;98;11;25;1;moderate
DEBB021;"'2017-04-01 16:00'";31;114;7;22;1;moderate
DEBB021;"'2017-04-01 17:00'";27;118;7;19;1;moderate
DEBB021;"'2017-04-01 18:00'";31;116;8;23;1;moderate
DEBB021;"'2017-04-01 19:00'";36;106;13;27;1;moderate
DEBB021;"'2017-04-01 20:00'";39;90;23;29;1;moderate
DEBB021;"'2017-04-01 21:00'";35;92;18;25;1;moderate
DEBB021;"'2017-04-01 22:00'";41;90;14;32;1;poor
DEBB021;"'2017-04-01 23:00'";47;83;14;39;4;poor
DEBB021;"'2017-04-01 24:00'";43;76;14;38;4;poor
DEBB021;"'2017-04-02 01:00'";44;71;14;38;4;poor
DEBB021;"'2017-04-02 02:00'";39;71;12;35;4;poor
DEBB021;"'2017-04-02 03:00'";24;83;3;22;1;moderate
DEBB021;"'2017-04-02 04:00'";19;80;3;17;1;moderate
DEBB021;"'2017-04-02 05:00'";20;76;2;19;1;moderate
DEBB021;"'2017-04-02 06:00'";20;69;3;19;1;moderate
DEBB021;"'2017-04-02 07:00'";20;63;5;19;1;moderate
DEBB021;"'2017-04-02 08:00'";19;64;5;18;1;moderate
DEBB021;"'2017-04-02 09:00'";20;63;5;20;1;moderate
DEBB021;"'2017-04-02 10:00'";20;66;5;20;1;moderate
DEBB021;"'2017-04-02 11:00'";20;74;3;20;1;moderate
DEBB021;"'2017-04-02 12:00'";14;89;2;14;1;moderate
DEBB021;"'2017-04-02 13:00'";10;96;2;10;1;moderate
DEBB021;"'2017-04-02 14:00'";13;91;3;13;1;moderate
DEBB021;"'2017-04-02 15:00'";17;93;2;17;1;moderate
DEBB021;"'2017-04-02 16:00'";25;88;2;24;1;moderate
DEBB021;"'2017-04-02 17:00'";21;82;2;20;1;moderate
DEBB021;"'2017-04-02 18:00'";10;88;2;9;1;moderate
DEBB021;"'2017-04-02 19:00'";7;89;2;6;1;moderate
DEBB021;"'2017-04-02 20:00'";12;82;8;9;1;moderate
DEBB021;"'2017-04-02 21:00'";13;73;14;11;1;moderate
DEBB021;"'2017-04-02 22:00'";17;53;26;13;1;good
DEBB021;"'2017-04-02 23:00'";18;42;28;15;1;good
DEBB021;"'2017-04-02 24:00'";17;42;21;14;1;good
DEBB021;"'2017-04-03 01:00'";17;41;14;15;1;good
DEBB021;"'2017-04-03 02:00'";21;32;16;18;1;moderate
DEBB021;"'2017-04-03 03:00'";23;23;21;21;1;moderate
DEBB021;"'2017-04-03 04:00'";24;20;23;21;1;moderate
DEBB021;"'2017-04-03 05:00'";26;23;22;24;1;moderate
DEBB021;"'2017-04-03 06:00'";26;29;21;24;1;moderate
DEBB021;"'2017-04-03 07:00'";20;39;16;19;1;moderate
DEBB021;"'2017-04-03 08:00'";22;47;16;19;1;moderate
DEBB021;"'2017-04-03 09:00'";19;57;14;17;1;moderate
DEBB021;"'2017-04-03 10:00'";18;67;8;16;1;moderate
DEBB021;"'2017-04-03 11:00'";17;68;8;16;1;moderate
DEBB021;"'2017-04-03 12:00'";16;70;8;14;1;good
DEBB021;"'2017-04-03 13:00'";14;70;8;13;1;good
DEBB021;"'2017-04-03 14:00'";14;69;7;12;1;good
DEBB021;"'2017-04-03 15:00'";15;66;9;13;1;good
DEBB021;"'2017-04-03 16:00'";12;68;9;11;1;good
DEBB021;"'2017-04-03 17:00'";13;67;13;11;1;good
DEBB021;"'2017-04-03 18:00'";10;71;9;9;1;good
DEBB021;"'2017-04-03 19:00'";8;72;9;8;1;good
DEBB021;"'2017-04-03 20:00'";8;72;8;7;1;good
DEBB021;"'2017-04-03 21:00'";8;69;8;7;1;good
DEBB021;"'2017-04-03 22:00'";8;69;7;7;1;good
DEBB021;"'2017-04-03 23:00'";9;65;8;8;1;good
DEBB021;"'2017-04-03 24:00'";11;59;11;10;1;good
DEBB021;"'2017-04-04 01:00'";11;40;16;10;1;good
DEBB021;"'2017-04-04 02:00'";11;43;10;10;1;good
DEBB021;"'2017-04-04 03:00'";12;40;12;11;1;good
DEBB021;"'2017-04-04 04:00'";13;41;9;12;1;good
DEBB021;"'2017-04-04 05:00'";16;43;8;16;1;moderate
DEBB021;"'2017-04-04 06:00'";21;37;13;20;1;moderate
DEBB021;"'2017-04-04 07:00'";27;29;18;25;2;moderate
DEBB021;"'2017-04-04 08:00'";29;15;32;26;3;moderate
DEBB021;"'2017-04-04 09:00'";34;21;34;30;7;moderate
DEBB021;"'2017-04-04 10:00'";32;42;31;28;5;moderate
DEBB021;"'2017-04-04 11:00'";28;60;20;23;1;moderate
DEBB021;"'2017-04-04 12:00'";35;51;25;29;1;moderate
DEBB021;"'2017-04-04 13:00'";36;55;18;29;3;moderate
DEBB021;"'2017-04-04 14:00'";30;65;13;25;5;moderate
DEBB021;"'2017-04-04 15:00'";24;70;12;20;3;moderate
DEBB021;"'2017-04-04 16:00'";25;70;14;20;1;moderate
DEBB021;"'2017-04-04 17:00'";32;56;24;23;3;moderate
DEBB021;"'2017-04-04 18:00'";42;41;32;32;10;poor
DEBB021;"'2017-04-04 19:00'";31;31;31;25;5;moderate
DEBB021;"'2017-04-04 20:00'";28;26;32;23;2;moderate
DEBB021;"'2017-04-04 21:00'";28;27;27;23;1;moderate
DEBB021;"'2017-04-04 22:00'";30;28;22;24;1;moderate
DEBB021;"'2017-04-04 23:00'";29;26;19;25;1;moderate
DEBB021;"'2017-04-04 24:00'";29;28;18;25;1;moderate
DEBB021;"'2017-04-05 01:00'";31;28;18;27;1;moderate
DEBB021;"'2017-04-05 02:00'";32;32;16;29;1;moderate
DEBB021;"'2017-04-05 03:00'";35;30;14;30;1;moderate
DEBB021;"'2017-04-05 04:00'";34;22;18;30;1;moderate
DEBB021;"'2017-04-05 05:00'";34;20;17;31;1;poor
DEBB021;"'2017-04-05 06:00'";35;16;20;31;1;poor
DEBB021;"'2017-04-05 07:00'";38;9;27;32;1;poor
DEBB021;"'2017-04-05 08:00'";40;6;31;33;1;poor
DEBB021;"'2017-04-05 09:00'";44;6;32;35;1;poor
DEBB021;"'2017-04-05 10:00'";45;14;25;37;1;poor
DEBB021;"'2017-04-05 11:00'";37;39;16;31;4;poor
DEBB021;"'2017-04-05 12:00'";26;62;10;21;1;moderate
DEBB021;"'2017-04-05 13:00'";24;78;7;20;1;moderate
DEBB021;"'2017-04-05 14:00'";19;88;6;15;1;moderate
DEBB021;"'2017-04-05 15:00'";24;90;6;20;1;moderate
DEBB021;"'2017-04-05 16:00'";33;83;9;28;1;moderate
DEBB021;"'2017-04-05 17:00'";18;58;15;16;1;moderate
DEBB021;"'2017-04-05 18:00'";19;62;15;16;1;moderate
DEBB021;"'2017-04-05 19:00'";12;74;9;8;1;moderate
DEBB021;"'2017-04-05 20:00'";10;77;7;7;1;moderate
DEBB021;"'2017-04-05 21:00'";9;80;6;6;1;moderate
DEBB021;"'2017-04-05 22:00'";8;81;5;5;1;moderate
DEBB021;"'2017-04-05 23:00'";8;80;2;5;1;moderate
DEBB021;"'2017-04-05 24:00'";10;80;3;6;1;moderate
DEBB021;"'2017-04-06 01:00'";10;82;2;7;1;moderate
DEBB021;"'2017-04-06 02:00'";9;80;2;6;1;moderate
DEBB021;"'2017-04-06 03:00'";6;78;2;6;1;moderate
DEBB021;"'2017-04-06 04:00'";7;76;2;6;1;moderate
DEBB021;"'2017-04-06 05:00'";8;73;2;7;1;moderate
DEBB021;"'2017-04-06 06:00'";9;73;2;7;1;moderate
DEBB021;"'2017-04-06 07:00'";10;70;7;8;1;good
DEBB021;"'2017-04-06 08:00'";10;63;11;8;1;good
DEBB021;"'2017-04-06 09:00'";10;65;9;8;1;good
DEBB021;"'2017-04-06 10:00'";11;67;7;8;1;good
DEBB021;"'2017-04-06 11:00'";9;70;5;7;1;good
DEBB021;"'2017-04-06 12:00'";9;75;3;6;1;moderate
DEBB021;"'2017-04-06 13:00'";9;80;2;6;1;moderate
DEBB021;"'2017-04-06 14:00'";8;85;2;4;1;moderate
DEBB021;"'2017-04-06 15:00'";7;86;5;4;1;moderate
DEBB021;"'2017-04-06 16:00'";7;88;5;4;1;moderate
DEBB021;"'2017-04-06 17:00'";7;88;7;4;1;moderate
DEBB021;"'2017-04-06 18:00'";10;87;9;7;1;moderate
DEBB021;"'2017-04-06 19:00'";13;86;9;8;1;moderate
DEBB021;"'2017-04-06 20:00'";14;88;7;9;1;moderate
DEBB021;"'2017-04-06 21:00'";15;84;7;10;1;moderate
DEBB021;"'2017-04-06 22:00'";12;80;6;8;1;moderate
DEBB021;"'2017-04-06 23:00'";9;72;5;7;1;good
DEBB021;"'2017-04-06 24:00'";11;70;3;9;1;good
DEBB021;"'2017-04-07 01:00'";11;73;2;9;1;moderate
DEBB021;"'2017-04-07 02:00'";9;76;2;8;1;moderate
DEBB021;"'2017-04-07 03:00'";8;75;2;7;1;moderate
DEBB021;"'2017-04-07 04:00'";8;75;2;7;1;moderate
DEBB021;"'2017-04-07 05:00'";10;75;2;8;1;moderate
DEBB021;"'2017-04-07 06:00'";11;72;2;9;1;good
DEBB021;"'2017-04-07 07:00'";13;66;9;11;1;good
DEBB021;"'2017-04-07 08:00'";13;62;11;11;1;good
DEBB021;"'2017-04-07 09:00'";11;56;13;11;1;good
DEBB021;"'2017-04-07 10:00'";13;59;9;12;1;good
DEBB021;"'2017-04-07 11:00'";13;60;9;11;1;good
DEBB021;"'2017-04-07 12:00'";14;61;9;12;1;good
DEBB021;"'2017-04-07 13:00'";15;59;10;13;1;good
DEBB021;"'2017-04-07 14:00'";17;58;10;15;1;good
DEBB021;"'2017-04-07 15:00'";18;56;12;16;1;moderate
DEBB021;"'2017-04-07 16:00'";19;55;13;15;1;good
DEBB021;"'2017-04-07 17:00'";12;55;14;9;1;good
DEBB021;"'2017-04-07 18:00'";9;56;9;7;1;good
DEBB021;"'2017-04-07 19:00'";5;55;8;5;1;good
DEBB021;"'2017-04-07 20:00'";5;56;7;5;1;good
DEBB021;"'2017-04-07 21:00'";8;57;7;8;1;good
DEBB021;"'2017-04-07 22:00'";9;57;7;9;1;good
DEBB021;"'2017-04-07 23:00'";10;58;6;10;1;good
DEBB021;"'2017-04-07 24:00'";10;59;5;10;1;good
DEBB021;"'2017-04-08 01:00'";11;61;3;10;1;good
DEBB021;"'2017-04-08 02:00'";11;61;2;11;1;good
DEBB021;"'2017-04-08 03:00'";11;59;2;11;1;good
DEBB021;"'2017-04-08 04:00'";11;57;2;11;1;good
DEBB021;"'2017-04-08 05:00'";12;55;2;12;1;good
DEBB021;"'2017-04-08 06:00'";12;54;3;12;1;good
DEBB021;"'2017-04-08 07:00'";13;48;6;13;1;good
DEBB021;"'2017-04-08 08:00'";11;45;7;11;1;good
DEBB021;"'2017-04-08 09:00'";12;50;6;12;1;good
DEBB021;"'2017-04-08 10:00'";13;51;6;12;1;good
DEBB021;"'2017-04-08 11:00'";10;51;6;10;1;good
DEBB021;"'2017-04-08 12:00'";9;56;4;9;1;good
DEBB021;"'2017-04-08 13:00'";9;62;5;8;1;good
DEBB021;"'2017-04-08 14:00'";9;66;5;8;1;good
DEBB021;"'2017-04-08 15:00'";8;69;2;7;1;good
DEBB021;"'2017-04-08 16:00'";8;68;5;6;1;good
DEBB021;"'2017-04-08 17:00'";8;67;4;7;1;good
DEBB021;"'2017-04-08 18:00'";7;69;5;6;1;good
DEBB021;"'2017-04-08 19:00'";8;67;7;6;1;good
DEBB021;"'2017-04-08 20:00'";13;63;9;10;1;good
DEBB021;"'2017-04-08 21:00'";16;57;14;14;1;good
DEBB021;"'2017-04-08 22:00'";17;50;18;16;1;moderate
DEBB021;"'2017-04-08 23:00'";22;39;23;18;1;moderate
DEBB021;"'2017-04-08 24:00'";15;50;12;14;1;good
DEBB021;"'2017-04-09 01:00'";17;46;12;14;1;good
DEBB021;"'2017-04-09 02:00'";19;28;23;17;1;moderate
DEBB021;"'2017-04-09 03:00'";19;12;23;17;1;moderate
DEBB021;"'2017-04-09 04:00'";19;10;26;17;1;moderate
DEBB021;"'2017-04-09 05:00'";18;10;26;16;1;moderate
DEBB021;"'2017-04-09 06:00'";18;2;28;16;1;moderate
DEBB021;"'2017-04-09 07:00'";17;5;26;16;1;moderate
DEBB021;"'2017-04-09 08:00'";18;11;23;16;1;moderate
DEBB021;"'2017-04-09 09:00'";19;15;24;18;2;moderate
DEBB021;"'2017-04-09 10:00'";19;28;19;16;1;moderate
DEBB021;"'2017-04-09 11:00'";22;60;7;20;1;moderate
DEBB021;"'2017-04-09 12:00'";28;79;3;26;1;moderate
DEBB021;"'2017-04-09 13:00'";29;83;2;26;1;moderate
DEBB021;"'2017-04-09 14:00'";29;85;3;25;1;moderate
DEBB021;"'2017-04-09 15:00'";27;89;3;23;1;moderate
DEBB021;"'2017-04-09 16:00'";26;90;3;21;1;moderate
DEBB021;"'2017-04-09 17:00'";24;91;2;19;1;moderate
DEBB021;"'2017-04-09 18:00'";23;90;4;18;1;moderate
DEBB021;"'2017-04-09 19:00'";31;87;4;20;1;moderate
DEBB021;"'2017-04-09 20:00'";24;81;11;18;1;moderate
DEBB021;"'2017-04-09 21:00'";25;71;16;19;1;moderate
DEBB021;"'2017-04-09 22:00'";30;53;24;24;1;moderate
DEBB021;"'2017-04-09 23:00'";36;32;39;28;1;moderate
DEBB021;"'2017-04-09 24:00'";36;15;51;30;1;moderate
DEBB021;"'2017-04-10 01:00'";31;18;45;27;1;moderate
DEBB021;"'2017-04-10 02:00'";27;18;40;25;1;moderate
DEBB021;"'2017-04-10 03:00'";23;23;37;22;1;moderate
DEBB021;"'2017-04-10 04:00'";23;19;39;22;1;moderate
DEBB021;"'2017-04-10 05:00'";26;19;33;24;1;moderate
DEBB021;"'2017-04-10 06:00'";29;17;37;27;1;moderate
DEBB021;"'2017-04-10 07:00'";35;18;42;31;1;poor
DEBB021;"'2017-04-10 08:00'";39;34;28;35;1;poor
DEBB021;"'2017-04-10 09:00'";40;40;25;33;1;poor
DEBB021;"'2017-04-10 10:00'";36;48;22;29;1;moderate
DEBB021;"'2017-04-10 11:00'";35;73;16;24;1;moderate
DEBB021;"'2017-04-10 12:00'";33;95;10;24;3;moderate
DEBB021;"'2017-04-10 13:00'";37;97;10;25;2;moderate
DEBB021;"'2017-04-10 14:00'";42;102;6;31;1;poor
DEBB021;"'2017-04-10 15:00'";40;91;8;31;1;poor
DEBB021;"'2017-04-10 16:00'";31;84;7;21;1;moderate
DEBB021;"'2017-04-10 17:00'";18;82;5;11;1;moderate
DEBB021;"'2017-04-10 18:00'";15;84;5;9;1;moderate
DEBB021;"'2017-04-10 19:00'";10;89;5;6;1;moderate
DEBB021;"'2017-04-10 20:00'";10;84;5;6;1;moderate
DEBB021;"'2017-04-10 21:00'";8;75;3;4;1;moderate
DEBB021;"'2017-04-10 22:00'";6;76;2;3;1;moderate
DEBB021;"'2017-04-10 23:00'";6;73;3;4;1;moderate
DEBB021;"'2017-04-10 24:00'";7;68;5;4;1;good
DEBB021;"'2017-04-11 01:00'";5;67;2;4;1;good
DEBB021;"'2017-04-11 02:00'";6;66;2;4;1;good
DEBB021;"'2017-04-11 03:00'";6;64;2;4;1;good
DEBB021;"'2017-04-11 04:00'";6;64;2;4;1;good
DEBB021;"'2017-04-11 05:00'";6;63;2;5;1;good
DEBB021;"'2017-04-11 06:00'";6;63;2;5;1;good
DEBB021;"'2017-04-11 07:00'";8;58;8;6;1;good
DEBB021;"'2017-04-11 08:00'";8;57;9;6;1;good
DEBB021;"'2017-04-11 09:00'";11;61;7;7;1;good
DEBB021;"'2017-04-11 10:00'";10;61;7;6;1;good
DEBB021;"'2017-04-11 11:00'";8;63;5;5;1;good
DEBB021;"'2017-04-11 12:00'";8;63;6;5;1;good
DEBB021;"'2017-04-11 13:00'";11;65;6;6;1;good
DEBB021;"'2017-04-11 14:00'";12;67;6;6;1;good
DEBB021;"'2017-04-11 15:00'";7;69;6;5;1;good
DEBB021;"'2017-04-11 16:00'";4;70;9;3;1;good
DEBB021;"'2017-04-11 17:00'";6;64;11;5;1;good
DEBB021;"'2017-04-11 18:00'";5;74;6;4;1;moderate
DEBB021;"'2017-04-11 19:00'";6;77;6;5;1;moderate
DEBB021;"'2017-04-11 20:00'";6;76;7;4;1;moderate
DEBB021;"'2017-04-11 21:00'";7;68;11;5;1;good
DEBB021;"'2017-04-11 22:00'";8;61;17;5;1;good
DEBB021;"'2017-04-11 23:00'";8;59;13;5;1;good
DEBB021;"'2017-04-11 24:00'";12;49;13;8;1;good
DEBB021;"'2017-04-12 01:00'";11;45;13;9;1;good
DEBB021;"'2017-04-12 02:00'";14;46;8;13;1;good
DEBB021;"'2017-04-12 03:00'";19;44;9;18;1;moderate
DEBB021;"'2017-04-12 04:00'";20;41;8;19;1;moderate
DEBB021;"'2017-04-12 05:00'";22;37;12;21;1;moderate
DEBB021;"'2017-04-12 06:00'";25;34;17;23;1;moderate
DEBB021;"'2017-04-12 07:00'";27;29;25;25;1;moderate
DEBB021;"'2017-04-12 08:00'";29;28;24;27;1;moderate
DEBB021;"'2017-04-12 09:00'";28;34;25;25;1;moderate
DEBB021;"'2017-04-12 10:00'";30;36;20;28;1;moderate
DEBB021;"'2017-04-12 11:00'";37;40;17;31;1;poor
DEBB021;"'2017-04-12 12:00'";36;49;16;29;1;moderate
DEBB021;"'2017-04-12 13:00'";29;62;12;25;1;moderate
DEBB021;"'2017-04-12 14:00'";31;65;11;27;1;moderate
DEBB021;"'2017-04-12 15:00'";35;70;10;30;1;moderate
DEBB021;"'2017-04-12 16:00'";36;67;14;32;1;poor
DEBB021;"'2017-04-12 17:00'";35;58;19;32;1;poor
DEBB021;"'2017-04-12 18:00'";32;55;19;29;1;moderate
DEBB021;"'2017-04-12 19:00'";28;56;17;27;1;moderate
DEBB021;"'2017-04-12 20:00'";26;58;16;25;1;moderate
DEBB021;"'2017-04-12 21:00'";30;46;19;30;1;moderate
DEBB021;"'2017-04-12 22:00'";24;49;14;24;1;moderate
DEBB021;"'2017-04-12 23:00'";17;52;10;17;1;moderate
DEBB021;"'2017-04-12 24:00'";10;57;7;11;1;good
DEBB021;"'2017-04-13 01:00'";9;61;5;10;1;good
DEBB021;"'2017-04-13 02:00'";9;60;5;9;1;good
DEBB021;"'2017-04-13 03:00'";6;67;3;6;1;good
DEBB021;"'2017-04-13 04:00'";5;70;2;5;1;good
DEBB021;"'2017-04-13 05:00'";7;66;2;7;1;good
DEBB021;"'2017-04-13 06:00'";8;62;3;8;1;good
DEBB021;"'2017-04-13 07:00'";8;56;12;8;1;good
DEBB021;"'2017-04-13 08:00'";7;58;11;6;1;good
DEBB021;"'2017-04-13 09:00'";6;61;9;5;1;good
DEBB021;"'2017-04-13 10:00'";8;67;5;6;1;good
DEBB021;"'2017-04-13 11:00'";8;70;5;6;1;good
DEBB021;"'2017-04-13 12:00'";7;75;6;5;1;moderate
DEBB021;"'2017-04-13 13:00'";9;77;4;5;1;moderate
DEBB021;"'2017-04-13 14:00'";6;80;5;4;1;moderate
DEBB021;"'2017-04-13 15:00'";7;77;7;4;1;moderate
DEBB021;"'2017-04-13 16:00'";8;80;6;4;1;moderate
DEBB021;"'2017-04-13 17:00'";7;81;6;4;1;moderate
DEBB021;"'2017-04-13 18:00'";5;81;7;3;1;moderate
DEBB021;"'2017-04-13 19:00'";5;81;5;4;1;moderate
DEBB021;"'2017-04-13 20:00'";4;81;5;3;1;moderate
DEBB021;"'2017-04-13 21:00'";5;78;6;4;1;moderate
DEBB021;"'2017-04-13 22:00'";5;74;6;4;1;moderate
DEBB021;"'2017-04-13 23:00'";5;76;3;4;1;moderate
DEBB021;"'2017-04-13 24:00'";5;76;2;4;1;moderate
DEBB021;"'2017-04-14 01:00'";5;74;2;4;1;moderate
DEBB021;"'2017-04-14 02:00'";5;73;2;4;1;moderate
DEBB021;"'2017-04-14 03:00'";6;71;2;5;1;good
DEBB021;"'2017-04-14 04:00'";6;69;2;5;1;good
DEBB021;"'2017-04-14 05:00'";7;65;3;5;1;good
DEBB021;"'2017-04-14 06:00'";7;61;6;6;1;good
DEBB021;"'2017-04-14 07:00'";8;59;6;7;1;good
DEBB021;"'2017-04-14 08:00'";8;59;7;7;1;good
DEBB021;"'2017-04-14 09:00'";8;64;3;7;1;good
DEBB021;"'2017-04-14 10:00'";8;69;2;7;1;good
DEBB021;"'2017-04-14 11:00'";6;76;2;5;1;moderate
DEBB021;"'2017-04-14 12:00'";5;79;2;4;1;moderate
DEBB021;"'2017-04-14 13:00'";4;82;2;3;1;moderate
DEBB021;"'2017-04-14 14:00'";4;83;2;3;1;moderate
DEBB021;"'2017-04-14 15:00'";3;85;2;3;1;moderate
DEBB021;"'2017-04-14 16:00'";4;85;4;3;1;moderate
DEBB021;"'2017-04-14 17:00'";5;85;3;4;1;moderate
DEBB021;"'2017-04-14 18:00'";6;81;7;5;1;moderate
DEBB021;"'2017-04-14 19:00'";8;78;9;6;1;moderate
DEBB021;"'2017-04-14 20:00'";8;79;7;6;1;moderate
DEBB021;"'2017-04-14 21:00'";14;78;6;12;1;moderate
DEBB021;"'2017-04-14 22:00'";20;71;7;18;1;moderate
DEBB021;"'2017-04-14 23:00'";22;67;7;21;1;moderate
DEBB021;"'2017-04-14 24:00'";27;59;10;26;1;moderate
DEBB021;"'2017-04-15 01:00'";27;57;9;25;1;moderate
DEBB021;"'2017-04-15 02:00'";24;57;9;23;1;moderate
DEBB021;"'2017-04-15 03:00'";26;52;10;25;1;moderate
DEBB021;"'2017-04-15 04:00'";30;49;11;28;1;moderate
DEBB021;"'2017-04-15 05:00'";30;47;9;29;1;moderate
DEBB021;"'2017-04-15 06:00'";33;40;13;31;1;poor
DEBB021;"'2017-04-15 07:00'";35;33;18;32;1;poor
DEBB021;"'2017-04-15 08:00'";36;33;16;32;1;poor
DEBB021;"'2017-04-15 09:00'";34;35;16;31;1;poor
DEBB021;"'2017-04-15 10:00'";34;39;16;31;1;poor
DEBB021;"'2017-04-15 11:00'";31;44;18;31;1;poor
DEBB021;"'2017-04-15 12:00'";32;46;15;31;1;poor
DEBB021;"'2017-04-15 13:00'";32;44;16;31;1;poor
DEBB021;"'2017-04-15 14:00'";27;44;15;27;1;moderate
DEBB021;"'2017-04-15 15:00'";20;51;11;20;1;moderate
DEBB021;"'2017-04-15 16:00'";7;80;6;6;1;moderate
DEBB021;"'2017-04-15 17:00'";6;82;3;6;1;moderate
DEBB021;"'2017-04-15 18:00'";6;89;2;5;1;moderate
DEBB021;"'2017-04-15 19:00'";6;89;2;5;1;moderate
DEBB021;"'2017-04-15 20:00'";7;86;4;6;1;moderate
DEBB021;"'2017-04-15 21:00'";8;82;6;7;1;moderate
DEBB021;"'2017-04-15 22:00'";6;83;4;5;1;moderate
DEBB021;"'2017-04-15 23:00'";10;78;2;9;1;moderate
DEBB021;"'2017-04-15 24:00'";15;73;3;14;1;moderate
DEBB021;"'2017-04-16 01:00'";13;72;3;12;1;good
DEBB021;"'2017-04-16 02:00'";23;72;3;21;1;moderate
DEBB021;"'2017-04-16 03:00'";30;67;5;29;1;moderate
DEBB021;"'2017-04-16 04:00'";27;64;5;26;1;moderate
DEBB021;"'2017-04-16 05:00'";19;64;4;18;1;moderate
DEBB021;"'2017-04-16 06:00'";13;64;4;12;1;good
DEBB021;"'2017-04-16 07:00'";10;65;5;9;1;good
DEBB021;"'2017-04-16 08:00'";7;68;3;7;1;good
DEBB021;"'2017-04-16 09:00'";6;73;2;5;1;moderate
DEBB021;"'2017-04-16 10:00'";5;72;3;4;1;good
DEBB021;"'2017-04-16 11:00'";4;74;2;3;1;moderate
DEBB021;"'2017-04-16 12:00'";3;70;4;3;1;good
DEBB021;"'2017-04-16 13:00'";3;71;3;3;1;good
DEBB021;"'2017-04-16 14:00'";3;71;2;3;1;good
DEBB021;"'2017-04-16 15:00'";3;68;4;3;1;good
DEBB021;"'2017-04-16 16:00'";2;72;2;2;1;good
DEBB021;"'2017-04-16 17:00'";2;73;2;2;1;moderate
DEBB021;"'2017-04-16 18:00'";3;74;3;2;1;moderate
DEBB021;"'2017-04-16 19:00'";3;74;4;3;1;moderate
DEBB021;"'2017-04-16 20:00'";3;62;11;3;1;good
DEBB021;"'2017-04-16 21:00'";3;65;10;3;1;good
DEBB021;"'2017-04-16 22:00'";4;66;7;4;1;good
DEBB021;"'2017-04-16 23:00'";6;53;15;6;1;good
DEBB021;"'2017-04-16 24:00'";8;43;12;8;1;good
DEBB021;"'2017-04-17 01:00'";7;51;8;7;1;good
DEBB021;"'2017-04-17 02:00'";5;66;5;5;1;good
DEBB021;"'2017-04-17 03:00'";5;54;6;5;1;good
DEBB021;"'2017-04-17 04:00'";5;54;5;5;1;good
DEBB021;"'2017-04-17 05:00'";8;53;5;8;1;good
DEBB021;"'2017-04-17 06:00'";12;51;6;12;1;good
DEBB021;"'2017-04-17 07:00'";15;46;8;15;1;good
DEBB021;"'2017-04-17 08:00'";17;49;7;17;1;moderate
DEBB021;"'2017-04-17 09:00'";18;57;5;17;1;moderate
DEBB021;"'2017-04-17 10:00'";15;69;3;13;1;good
DEBB021;"'2017-04-17 11:00'";10;81;2;7;1;moderate
DEBB021;"'2017-04-17 12:00'";8;82;3;6;1;moderate
DEBB021;"'2017-04-17 13:00'";6;87;2;5;1;moderate
DEBB021;"'2017-04-17 14:00'";7;82;4;6;1;moderate
DEBB021;"'2017-04-17 15:00'";5;81;6;4;1;moderate
DEBB021;"'2017-04-17 16:00'";4;85;2;3;1;moderate
DEBB021;"'2017-04-17 17:00'";3;85;2;3;1;moderate
DEBB021;"'2017-04-17 18:00'";3;84;2;2;1;moderate
DEBB021;"'2017-04-17 19:00'";4;76;6;3;1;moderate
DEBB021;"'2017-04-17 20:00'";4;73;9;3;1;moderate
DEBB021;"'2017-04-17 21:00'";5;73;8;4;1;moderate
DEBB021;"'2017-04-17 22:00'";4;63;11;4;1;good
DEBB021;"'2017-04-17 23:00'";3;68;9;3;1;good
DEBB021;"'2017-04-17 24:00'";4;63;10;4;1;good
DEBB021;"'2017-04-18 01:00'";4;67;5;4;1;good
DEBB021;"'2017-04-18 02:00'";2;71;3;2;1;good
DEBB021;"'2017-04-18 03:00'";6;53;6;6;1;good
DEBB021;"'2017-04-18 04:00'";9;48;6;9;1;good
DEBB021;"'2017-04-18 05:00'";13;41;9;13;1;good
DEBB021;"'2017-04-18 06:00'";13;38;10;13;1;good
DEBB021;"'2017-04-18 07:00'";14;48;13;14;1;good
DEBB021;"'2017-04-18 08:00'";17;49;16;17;1;moderate
DEBB021;"'2017-04-18 09:00'";20;51;14;20;1;moderate
DEBB021;"'2017-04-18 10:00'";17;54;14;16;1;moderate
DEBB021;"'2017-04-18 11:00'";15;56;16;15;1;good
DEBB021;"'2017-04-18 12:00'";19;61;13;18;1;moderate
DEBB021;"'2017-04-18 13:00'";18;66;10;17;1;moderate
DEBB021;"'2017-04-18 14:00'";14;73;8;13;1;moderate
DEBB021;"'2017-04-18 15:00'";12;77;7;12;1;moderate
DEBB021;"'2017-04-18 16:00'";14;76;10;13;1;moderate
DEBB021;"'2017-04-18 17:00'";12;81;7;11;1;moderate
DEBB021;"'2017-04-18 18:00'";10;81;5;9;1;moderate
DEBB021;"'2017-04-18 19:00'";7;84;4;6;1;moderate
DEBB021;"'2017-04-18 20:00'";6;85;4;5;1;moderate
DEBB021;"'2017-04-18 21:00'";6;81;5;5;1;moderate
DEBB021;"'2017-04-18 22:00'";6;80;5;5;1;moderate
DEBB021;"'2017-04-18 23:00'";6;78;5;5;1;moderate
DEBB021;"'2017-04-18 24:00'";6;77;2;6;1;moderate
DEBB021;"'2017-04-19 01:00'";6;78;2;6;1;moderate
DEBB021;"'2017-04-19 02:00'";6;77;2;6;1;moderate
DEBB021;"'2017-04-19 03:00'";8;73;5;8;1;moderate
DEBB021;"'2017-04-19 04:00'";9;70;9;9;2;good
DEBB021;"'2017-04-19 05:00'";9;65;12;8;3;good
DEBB021;"'2017-04-19 06:00'";8;65;10;8;1;good
DEBB021;"'2017-04-19 07:00'";8;59;15;7;1;good
DEBB021;"'2017-04-19 08:00'";8;62;14;7;2;good
DEBB021;"'2017-04-19 09:00'";6;71;10;5;1;good
DEBB021;"'2017-04-19 10:00'";5;76;9;4;1;moderate
DEBB021;"'2017-04-19 11:00'";4;81;7;3;1;moderate
DEBB021;"'2017-04-19 12:00'";4;82;5;3;1;moderate
DEBB021;"'2017-04-19 13:00'";4;82;4;3;1;moderate
DEBB021;"'2017-04-19 14:00'";4;80;8;4;1;moderate
DEBB021;"'2017-04-19 15:00'";5;84;4;3;1;moderate
DEBB021;"'2017-04-19 16:00'";4;84;7;3;1;moderate
DEBB021;"'2017-04-19 17:00'";5;83;8;4;1;moderate
DEBB021;"'2017-04-19 18:00'";4;89;5;4;1;moderate
DEBB021;"'2017-04-19 19:00'";4;90;5;4;1;moderate
DEBB021;"'2017-04-19 20:00'";5;88;5;4;1;moderate
DEBB021;"'2017-04-19 21:00'";5;85;6;5;1;moderate
DEBB021;"'2017-04-19 22:00'";5;81;6;5;1;moderate
DEBB021;"'2017-04-19 23:00'";6;79;5;5;1;moderate
DEBB021;"'2017-04-19 24:00'";6;76;5;5;1;moderate
DEBB021;"'2017-04-20 01:00'";6;73;6;6;1;moderate
DEBB021;"'2017-04-20 02:00'";8;72;5;7;1;good
DEBB021;"'2017-04-20 03:00'";6;63;8;6;1;good
DEBB021;"'2017-04-20 04:00'";7;59;9;7;1;good
DEBB021;"'2017-04-20 05:00'";7;57;11;7;2;good
DEBB021;"'2017-04-20 06:00'";7;54;14;6;1;good
DEBB021;"'2017-04-20 07:00'";8;37;34;7;1;moderate
DEBB021;"'2017-04-20 08:00'";10;38;36;9;1;moderate
DEBB021;"'2017-04-20 09:00'";10;49;27;8;1;good
DEBB021;"'2017-04-20 10:00'";5;80;8;4;1;moderate
DEBB021;"'2017-04-20 11:00'";6;84;7;6;1;moderate
DEBB021;"'2017-04-20 12:00'";12;84;7;8;1;moderate
DEBB021;"'2017-04-20 13:00'";10;86;6;8;1;moderate
DEBB021;"'2017-04-20 14:00'";10;88;6;9;1;moderate
DEBB021;"'2017-04-20 15:00'";11;93;5;9;1;moderate
DEBB021;"'2017-04-20 16:00'";12;94;6;10;1;moderate
DEBB021;"'2017-04-20 17:00'";12;90;9;10;1;moderate
DEBB021;"'2017-04-20 18:00'";10;91;6;9;1;moderate
DEBB021;"'2017-04-20 19:00'";10;91;7;9;1;moderate
DEBB021;"'2017-04-20 20:00'";11;90;8;10;1;moderate
DEBB021;"'2017-04-20 21:00'";18;71;17;11;1;good
DEBB021;"'2017-04-20 22:00'";16;59;27;13;1;good
DEBB021;"'2017-04-20 23:00'";12;66;17;11;1;good
DEBB021;"'2017-04-20 24:00'";13;67;17;11;1;good
DEBB021;"'2017-04-21 01:00'";15;71;11;13;1;good
DEBB021;"'2017-04-21 02:00'";15;68;11;14;1;good
DEBB021;"'2017-04-21 03:00'";16;70;9;14;1;good
DEBB021;"'2017-04-21 04:00'";17;68;12;14;1;good
DEBB021;"'2017-04-21 05:00'";16;64;16;14;1;good
DEBB021;"'2017-04-21 06:00'";17;62;15;15;1;good
DEBB021;"'2017-04-21 07:00'";20;49;30;16;1;moderate
DEBB021;"'2017-04-21 08:00'";25;44;36;18;1;moderate
DEBB021;"'2017-04-21 09:00'";30;55;18;24;1;moderate
DEBB021;"'2017-04-21 10:00'";36;60;16;29;1;moderate
DEBB021;"'2017-04-21 11:00'";32;65;13;27;1;moderate
DEBB021;"'2017-04-21 12:00'";35;66;13;29;1;moderate
DEBB021;"'2017-04-21 13:00'";32;69;11;27;1;moderate
DEBB021;"'2017-04-21 14:00'";28;73;9;22;1;moderate
DEBB021;"'2017-04-21 15:00'";27;72;9;20;1;moderate
DEBB021;"'2017-04-21 16:00'";24;72;10;19;1;moderate
DEBB021;"'2017-04-21 17:00'";21;71;11;16;1;moderate
DEBB021;"'2017-04-21 18:00'";20;78;8;16;1;moderate
DEBB021;"'2017-04-21 19:00'";27;72;13;21;1;moderate
DEBB021;"'2017-04-21 20:00'";33;64;16;28;1;moderate
DEBB021;"'2017-04-21 21:00'";40;55;19;34;1;poor
DEBB021;"'2017-04-21 22:00'";42;46;21;39;1;poor
DEBB021;"'2017-04-21 23:00'";26;52;11;24;1;moderate
DEBB021;"'2017-04-21 24:00'";16;55;7;14;1;good
DEBB021;"'2017-04-22 01:00'";10;59;4;7;1;good
DEBB021;"'2017-04-22 02:00'";6;62;2;5;1;good
DEBB021;"'2017-04-22 03:00'";2;82;2;1;1;moderate
DEBB021;"'2017-04-22 04:00'";3;78;2;3;1;moderate
DEBB021;"'2017-04-22 05:00'";4;78;2;4;1;moderate
DEBB021;"'2017-04-22 06:00'";6;78;2;5;1;moderate
DEBB021;"'2017-04-22 07:00'";8;72;5;6;1;good
DEBB021;"'2017-04-22 08:00'";8;70;6;7;1;good
DEBB021;"'2017-04-22 09:00'";9;71;7;7;1;good
DEBB021;"'2017-04-22 10:00'";10;73;5;7;1;moderate
DEBB021;"'2017-04-22 11:00'";7;76;5;5;1;moderate
DEBB021;"'2017-04-22 12:00'";8;80;4;5;1;moderate
DEBB021;"'2017-04-22 13:00'";8;80;3;6;1;moderate
DEBB021;"'2017-04-22 14:00'";9;84;3;6;1;moderate
DEBB021;"'2017-04-22 15:00'";9;85;2;6;1;moderate
DEBB021;"'2017-04-22 16:00'";10;87;2;5;1;moderate
DEBB021;"'2017-04-22 17:00'";8;85;3;5;1;moderate
DEBB021;"'2017-04-22 18:00'";9;84;3;5;1;moderate
DEBB021;"'2017-04-22 19:00'";7;80;2;5;1;moderate
DEBB021;"'2017-04-22 20:00'";5;74;6;4;1;moderate
DEBB021;"'2017-04-22 21:00'";5;71;5;4;1;good
DEBB021;"'2017-04-22 22:00'";5;72;2;4;1;good
DEBB021;"'2017-04-22 23:00'";5;68;5;4;1;good
DEBB021;"'2017-04-22 24:00'";5;69;2;4;1;good
DEBB021;"'2017-04-23 01:00'";6;72;2;5;1;good
DEBB021;"'2017-04-23 02:00'";8;71;2;6;1;good
DEBB021;"'2017-04-23 03:00'";9;71;2;7;1;good
DEBB021;"'2017-04-23 04:00'";8;69;2;6;1;good
DEBB021;"'2017-04-23 05:00'";8;69;2;7;1;good
DEBB021;"'2017-04-23 06:00'";8;66;2;7;1;good
DEBB021;"'2017-04-23 07:00'";6;65;2;6;1;good
DEBB021;"'2017-04-23 08:00'";6;63;2;5;1;good
DEBB021;"'2017-04-23 09:00'";6;63;3;5;1;good
DEBB021;"'2017-04-23 10:00'";7;63;2;6;1;good
DEBB021;"'2017-04-23 11:00'";6;64;4;6;1;good
DEBB021;"'2017-04-23 12:00'";6;68;3;5;1;good
DEBB021;"'2017-04-23 13:00'";8;76;2;6;1;moderate
DEBB021;"'2017-04-23 14:00'";14;78;3;11;1;moderate
DEBB021;"'2017-04-23 15:00'";10;78;4;8;1;moderate
DEBB021;"'2017-04-23 16:00'";9;81;2;6;1;moderate
DEBB021;"'2017-04-23 17:00'";10;85;2;7;1;moderate
DEBB021;"'2017-04-23 18:00'";12;86;2;8;1;moderate
DEBB021;"'2017-04-23 19:00'";5;84;6;4;1;moderate
DEBB021;"'2017-04-23 20:00'";7;77;13;5;1;moderate
DEBB021;"'2017-04-23 21:00'";6;71;14;4;1;good
DEBB021;"'2017-04-23 22:00'";7;68;26;6;1;good
DEBB021;"'2017-04-23 23:00'";5;73;6;4;1;moderate
DEBB021;"'2017-04-23 24:00'";5;72;5;4;1;good
DEBB021;"'2017-04-24 01:00'";5;72;5;4;1;good
DEBB021;"'2017-04-24 02:00'";4;72;5;3;1;good
DEBB021;"'2017-04-24 03:00'";5;70;4;3;1;good
DEBB021;"'2017-04-24 04:00'";5;64;8;4;1;good
DEBB021;"'2017-04-24 05:00'";6;58;9;5;1;good
DEBB021;"'2017-04-24 06:00'";7;51;20;5;1;good
DEBB021;"'2017-04-24 07:00'";8;44;26;6;1;good
DEBB021;"'2017-04-24 08:00'";8;43;26;6;1;good
DEBB021;"'2017-04-24 09:00'";12;50;21;8;3;good
DEBB021;"'2017-04-24 10:00'";9;64;13;5;1;good
DEBB021;"'2017-04-24 11:00'";9;73;10;5;1;moderate
DEBB021;"'2017-04-24 12:00'";9;76;9;5;1;moderate
DEBB021;"'2017-04-24 13:00'";9;81;6;5;1;moderate
DEBB021;"'2017-04-24 14:00'";12;82;7;6;1;moderate
DEBB021;"'2017-04-24 15:00'";17;83;8;8;1;moderate
DEBB021;"'2017-04-24 16:00'";14;89;7;7;1;moderate
DEBB021;"'2017-04-24 17:00'";12;91;8;8;1;moderate
DEBB021;"'2017-04-24 18:00'";14;88;8;10;1;moderate
DEBB021;"'2017-04-24 19:00'";15;82;12;10;1;moderate
DEBB021;"'2017-04-24 20:00'";14;79;16;10;1;moderate
DEBB021;"'2017-04-24 21:00'";13;77;13;9;1;moderate
DEBB021;"'2017-04-24 22:00'";14;75;13;11;1;moderate
DEBB021;"'2017-04-24 23:00'";19;68;15;15;1;good
DEBB021;"'2017-04-24 24:00'";25;62;11;20;1;moderate
DEBB021;"'2017-04-25 01:00'";23;58;11;20;1;moderate
DEBB021;"'2017-04-25 02:00'";19;55;10;16;1;moderate
DEBB021;"'2017-04-25 03:00'";22;48;13;19;1;moderate
DEBB021;"'2017-04-25 04:00'";20;46;12;17;1;moderate
DEBB021;"'2017-04-25 05:00'";22;45;13;19;1;moderate
DEBB021;"'2017-04-25 06:00'";28;39;18;21;1;moderate
DEBB021;"'2017-04-25 07:00'";34;18;45;22;1;moderate
DEBB021;"'2017-04-25 08:00'";29;30;29;20;1;moderate
DEBB021;"'2017-04-25 09:00'";22;36;18;19;1;moderate
DEBB021;"'2017-04-25 10:00'";4;51;13;4;1;good
DEBB021;"'2017-04-25 11:00'";3;60;10;3;1;good
DEBB021;"'2017-04-25 12:00'";4;69;9;4;1;good
DEBB021;"'2017-04-25 13:00'";6;78;6;6;1;moderate
DEBB021;"'2017-04-25 14:00'";14;73;11;9;1;moderate
DEBB021;"'2017-04-25 15:00'";11;76;10;7;1;moderate
DEBB021;"'2017-04-25 16:00'";11;86;7;7;1;moderate
DEBB021;"'2017-04-25 17:00'";9;84;7;6;1;moderate
DEBB021;"'2017-04-25 18:00'";12;80;7;6;1;moderate
DEBB021;"'2017-04-25 19:00'";9;79;7;5;1;moderate
DEBB021;"'2017-04-25 20:00'";5;78;8;4;1;moderate
DEBB021;"'2017-04-25 21:00'";4;77;8;3;1;moderate
DEBB021;"'2017-04-25 22:00'";3;76;8;3;1;moderate
DEBB021;"'2017-04-25 23:00'";4;72;8;3;1;good
DEBB021;"'2017-04-25 24:00'";3;69;8;3;1;good
DEBB021;"'2017-04-26 01:00'";3;70;7;3;1;good
DEBB021;"'2017-04-26 02:00'";3;62;9;3;1;good
DEBB021;"'2017-04-26 03:00'";4;51;17;4;1;good
DEBB021;"'2017-04-26 04:00'";4;46;18;4;1;good
DEBB021;"'2017-04-26 05:00'";5;41;23;4;1;good
DEBB021;"'2017-04-26 06:00'";6;30;29;5;1;good
DEBB021;"'2017-04-26 07:00'";8;23;33;6;1;moderate
DEBB021;"'2017-04-26 08:00'";12;23;34;10;1;moderate
DEBB021;"'2017-04-26 09:00'";16;35;26;13;1;good
DEBB021;"'2017-04-26 10:00'";17;58;14;13;3;good
DEBB021;"'2017-04-26 11:00'";16;70;11;12;1;good
DEBB021;"'2017-04-26 12:00'";12;78;7;9;1;moderate
DEBB021;"'2017-04-26 13:00'";8;83;6;5;1;moderate
DEBB021;"'2017-04-26 14:00'";8;82;6;5;1;moderate
DEBB021;"'2017-04-26 15:00'";7;89;3;4;1;moderate
DEBB021;"'2017-04-26 16:00'";7;87;6;3;1;moderate
DEBB021;"'2017-04-26 17:00'";10;87;7;4;1;moderate
DEBB021;"'2017-04-26 18:00'";8;87;7;4;1;moderate
DEBB021;"'2017-04-26 19:00'";7;88;6;4;1;moderate
DEBB021;"'2017-04-26 20:00'";8;86;8;5;1;moderate
DEBB021;"'2017-04-26 21:00'";9;72;15;5;1;good
DEBB021;"'2017-04-26 22:00'";9;54;25;6;1;good
DEBB021;"'2017-04-26 23:00'";10;36;37;7;1;moderate
DEBB021;"'2017-04-26 24:00'";11;28;40;8;1;moderate
DEBB021;"'2017-04-27 01:00'";11;35;30;9;1;good
DEBB021;"'2017-04-27 02:00'";8;43;21;7;1;good
DEBB021;"'2017-04-27 03:00'";6;45;17;5;1;good
DEBB021;"'2017-04-27 04:00'";6;35;21;6;1;good
DEBB021;"'2017-04-27 05:00'";6;31;27;5;1;good
DEBB021;"'2017-04-27 06:00'";6;25;30;6;1;good
DEBB021;"'2017-04-27 07:00'";9;17;43;8;1;moderate
DEBB021;"'2017-04-27 08:00'";11;18;47;9;1;moderate
DEBB021;"'2017-04-27 09:00'";11;38;32;8;1;moderate
DEBB021;"'2017-04-27 10:00'";15;53;19;10;1;good
DEBB021;"'2017-04-27 11:00'";19;69;8;14;1;good
DEBB021;"'2017-04-27 12:00'";17;-;5;13;1;good
DEBB021;"'2017-04-27 13:00'";13;84;5;9;1;moderate
DEBB021;"'2017-04-27 14:00'";12;86;5;7;1;moderate
DEBB021;"'2017-04-27 15:00'";12;87;5;8;1;moderate
DEBB021;"'2017-04-27 16:00'";13;88;7;9;1;moderate
DEBB021;"'2017-04-27 17:00'";13;85;10;8;1;moderate
DEBB021;"'2017-04-27 18:00'";11;87;7;6;1;moderate
DEBB021;"'2017-04-27 19:00'";8;85;6;4;1;moderate
DEBB021;"'2017-04-27 20:00'";9;78;9;4;1;moderate
DEBB021;"'2017-04-27 21:00'";11;67;17;4;1;good
DEBB021;"'2017-04-27 22:00'";9;43;33;5;1;moderate
DEBB021;"'2017-04-27 23:00'";13;16;54;8;1;moderate
DEBB021;"'2017-04-27 24:00'";12;36;34;9;1;moderate
DEBB021;"'2017-04-28 01:00'";15;50;16;13;1;good
DEBB021;"'2017-04-28 02:00'";17;38;25;16;1;moderate
DEBB021;"'2017-04-28 03:00'";19;29;30;18;1;moderate
DEBB021;"'2017-04-28 04:00'";19;37;20;18;1;moderate
DEBB021;"'2017-04-28 05:00'";19;25;24;18;1;moderate
DEBB021;"'2017-04-28 06:00'";19;3;47;17;1;moderate
DEBB021;"'2017-04-28 07:00'";24;3;55;19;1;moderate
DEBB021;"'2017-04-28 08:00'";27;12;55;23;1;moderate
DEBB021;"'2017-04-28 09:00'";28;52;17;25;3;moderate
DEBB021;"'2017-04-28 10:00'";23;60;16;19;1;moderate
DEBB021;"'2017-04-28 11:00'";23;70;21;16;1;moderate
DEBB021;"'2017-04-28 12:00'";25;76;17;16;1;moderate
DEBB021;"'2017-04-28 13:00'";29;80;17;18;1;moderate
DEBB021;"'2017-04-28 14:00'";26;82;14;17;1;moderate
DEBB021;"'2017-04-28 15:00'";30;83;13;17;1;moderate
DEBB021;"'2017-04-28 16:00'";27;81;15;18;1;moderate
DEBB021;"'2017-04-28 17:00'";31;77;18;18;1;moderate
DEBB021;"'2017-04-28 18:00'";31;80;16;17;1;moderate
DEBB021;"'2017-04-28 19:00'";23;92;6;16;1;moderate
DEBB021;"'2017-04-28 20:00'";23;85;11;16;1;moderate
DEBB021;"'2017-04-28 21:00'";26;67;22;18;1;moderate
DEBB021;"'2017-04-28 22:00'";26;60;25;20;1;moderate
DEBB021;"'2017-04-28 23:00'";29;57;24;22;1;moderate
DEBB021;"'2017-04-28 24:00'";25;56;22;20;1;moderate
DEBB021;"'2017-04-29 01:00'";23;46;25;19;1;moderate
DEBB021;"'2017-04-29 02:00'";21;51;22;17;1;moderate
DEBB021;"'2017-04-29 03:00'";19;55;13;17;1;moderate
DEBB021;"'2017-04-29 04:00'";21;58;7;20;1;moderate
DEBB021;"'2017-04-29 05:00'";23;47;13;23;1;moderate
DEBB021;"'2017-04-29 06:00'";26;39;13;26;1;moderate
DEBB021;"'2017-04-29 07:00'";26;34;16;27;1;moderate
DEBB021;"'2017-04-29 08:00'";22;42;11;22;1;moderate
DEBB021;"'2017-04-29 09:00'";17;56;7;15;1;good
DEBB021;"'2017-04-29 10:00'";12;75;5;9;1;moderate
DEBB021;"'2017-04-29 11:00'";8;87;5;5;1;moderate
DEBB021;"'2017-04-29 12:00'";7;94;5;4;1;moderate
DEBB021;"'2017-04-29 13:00'";8;94;5;4;1;moderate
DEBB021;"'2017-04-29 14:00'";8;92;8;5;1;moderate
DEBB021;"'2017-04-29 15:00'";6;93;4;4;1;moderate
DEBB021;"'2017-04-29 16:00'";6;94;4;4;1;moderate
DEBB021;"'2017-04-29 17:00'";6;93;4;4;1;moderate
DEBB021;"'2017-04-29 18:00'";6;87;4;4;1;moderate
DEBB021;"'2017-04-29 19:00'";6;87;4;4;1;moderate
DEBB021;"'2017-04-29 20:00'";4;80;7;3;1;moderate
DEBB021;"'2017-04-29 21:00'";6;74;8;4;1;moderate
DEBB021;"'2017-04-29 22:00'";9;55;19;8;1;good
DEBB021;"'2017-04-29 23:00'";16;23;46;14;1;moderate
DEBB021;"'2017-04-29 24:00'";20;16;43;17;1;moderate
DEBB021;"'2017-04-30 01:00'";22;5;50;20;1;moderate
DEBB021;"'2017-04-30 02:00'";25;6;44;23;1;moderate
DEBB021;"'2017-04-30 03:00'";30;2;43;29;1;moderate
DEBB021;"'2017-04-30 04:00'";23;5;37;22;1;moderate
DEBB021;"'2017-04-30 05:00'";20;4;40;20;1;moderate
DEBB021;"'2017-04-30 06:00'";18;18;32;18;1;moderate
DEBB021;"'2017-04-30 07:00'";15;33;26;14;1;good
DEBB021;"'2017-04-30 08:00'";13;51;13;13;1;good
DEBB021;"'2017-04-30 09:00'";12;63;9;12;1;good
DEBB021;"'2017-04-30 10:00'";10;75;5;8;1;moderate
DEBB021;"'2017-04-30 11:00'";8;82;3;7;1;moderate
DEBB021;"'2017-04-30 12:00'";8;85;3;7;1;moderate
DEBB021;"'2017-04-30 13:00'";9;92;2;5;1;moderate
DEBB021;"'2017-04-30 14:00'";10;93;2;6;1;moderate
DEBB021;"'2017-04-30 15:00'";11;94;2;6;1;moderate
DEBB021;"'2017-04-30 16:00'";13;96;2;6;1;moderate
DEBB021;"'2017-04-30 17:00'";13;97;2;7;1;moderate
DEBB021;"'2017-04-30 18:00'";16;95;2;9;1;moderate
DEBB021;"'2017-04-30 19:00'";17;93;2;10;1;moderate
DEBB021;"'2017-04-30 20:00'";15;91;3;11;1;moderate
DEBB021;"'2017-04-30 21:00'";14;88;5;12;1;moderate
DEBB021;"'2017-04-30 22:00'";13;86;5;12;1;moderate
DEBB021;"'2017-04-30 23:00'";16;83;4;15;1;moderate
DEBB021;"'2017-04-30 24:00'";19;80;4;18;1;moderate
DEBB021;"'2017-05-01 01:00'";18;78;3;17;1;moderate
DEBB021;"'2017-05-01 02:00'";18;77;3;17;1;moderate
DEBB021;"'2017-05-01 03:00'";17;76;2;17;1;moderate
DEBB021;"'2017-05-01 04:00'";17;74;2;17;1;moderate
DEBB021;"'2017-05-01 05:00'";17;72;2;17;1;moderate
DEBB021;"'2017-05-01 06:00'";18;69;4;18;1;moderate
DEBB021;"'2017-05-01 07:00'";19;66;5;19;1;moderate
DEBB021;"'2017-05-01 08:00'";23;64;6;22;2;moderate
DEBB021;"'2017-05-01 09:00'";26;62;6;25;3;moderate
DEBB021;"'2017-05-01 10:00'";28;66;6;26;3;moderate
DEBB021;"'2017-05-01 11:00'";34;76;5;27;3;moderate
DEBB021;"'2017-05-01 12:00'";28;84;5;24;1;moderate
DEBB021;"'2017-05-01 13:00'";31;93;4;21;1;moderate
DEBB021;"'2017-05-01 14:00'";35;97;2;21;1;moderate
DEBB021;"'2017-05-01 15:00'";30;95;5;21;1;moderate
DEBB021;"'2017-05-01 16:00'";26;99;2;19;1;moderate
DEBB021;"'2017-05-01 17:00'";24;97;4;16;1;moderate
DEBB021;"'2017-05-01 18:00'";22;95;5;15;1;moderate
DEBB021;"'2017-05-01 19:00'";21;94;5;15;1;moderate
DEBB021;"'2017-05-01 20:00'";21;92;5;15;1;moderate
DEBB021;"'2017-05-01 21:00'";21;92;5;16;1;moderate
DEBB021;"'2017-05-01 22:00'";21;90;5;15;1;moderate
DEBB021;"'2017-05-01 23:00'";20;89;5;15;1;moderate
DEBB021;"'2017-05-01 24:00'";18;90;4;15;1;moderate
DEBB021;"'2017-05-02 01:00'";19;88;5;16;1;moderate
DEBB021;"'2017-05-02 02:00'";18;86;5;16;1;moderate
DEBB021;"'2017-05-02 03:00'";16;81;7;13;3;moderate
DEBB021;"'2017-05-02 04:00'";14;78;6;11;3;moderate
DEBB021;"'2017-05-02 05:00'";15;75;7;11;3;moderate
DEBB021;"'2017-05-02 06:00'";13;73;8;10;3;moderate
DEBB021;"'2017-05-02 07:00'";14;67;13;11;3;good
DEBB021;"'2017-05-02 08:00'";17;59;20;11;3;good
DEBB021;"'2017-05-02 09:00'";21;59;19;13;3;good
DEBB021;"'2017-05-02 10:00'";22;59;16;13;3;good
DEBB021;"'2017-05-02 11:00'";27;58;15;15;4;good
DEBB021;"'2017-05-02 12:00'";33;62;13;17;5;moderate
DEBB021;"'2017-05-02 13:00'";26;65;11;16;2;moderate
DEBB021;"'2017-05-02 14:00'";20;64;12;14;1;good
DEBB021;"'2017-05-02 15:00'";18;56;18;14;1;good
DEBB021;"'2017-05-02 16:00'";17;54;20;14;1;good
DEBB021;"'2017-05-02 17:00'";19;56;19;15;1;good
DEBB021;"'2017-05-02 18:00'";20;62;14;15;1;good
DEBB021;"'2017-05-02 19:00'";22;63;11;18;1;moderate
DEBB021;"'2017-05-02 20:00'";22;62;9;19;1;moderate
DEBB021;"'2017-05-02 21:00'";22;62;8;20;1;moderate
DEBB021;"'2017-05-02 22:00'";23;60;7;22;1;moderate
DEBB021;"'2017-05-02 23:00'";26;57;7;24;1;moderate
DEBB021;"'2017-05-02 24:00'";28;54;7;27;1;moderate
DEBB021;"'2017-05-03 01:00'";30;52;7;29;1;moderate
DEBB021;"'2017-05-03 02:00'";31;49;7;29;1;moderate
DEBB021;"'2017-05-03 03:00'";32;43;9;31;1;poor
DEBB021;"'2017-05-03 04:00'";33;40;8;32;1;poor
DEBB021;"'2017-05-03 05:00'";35;38;8;33;1;poor
DEBB021;"'2017-05-03 06:00'";38;36;10;35;1;poor
DEBB021;"'2017-05-03 07:00'";38;29;25;35;1;poor
DEBB021;"'2017-05-03 08:00'";34;34;22;31;1;poor
DEBB021;"'2017-05-03 09:00'";33;33;22;31;1;poor
DEBB021;"'2017-05-03 10:00'";33;35;22;30;1;moderate
DEBB021;"'2017-05-03 11:00'";30;44;19;27;1;moderate
DEBB021;"'2017-05-03 12:00'";31;55;13;27;1;moderate
DEBB021;"'2017-05-03 13:00'";33;59;17;29;1;moderate
DEBB021;"'2017-05-03 14:00'";32;69;15;29;1;moderate
DEBB021;"'2017-05-03 15:00'";25;81;10;23;1;moderate
DEBB021;"'2017-05-03 16:00'";20;83;9;17;1;moderate
DEBB021;"'2017-05-03 17:00'";21;76;10;17;1;moderate
DEBB021;"'2017-05-03 18:00'";22;69;10;18;1;moderate
DEBB021;"'2017-05-03 19:00'";23;68;11;19;1;moderate
DEBB021;"'2017-05-03 20:00'";19;67;13;16;1;moderate
DEBB021;"'2017-05-03 21:00'";19;65;11;16;1;moderate
DEBB021;"'2017-05-03 22:00'";18;64;12;15;1;good
DEBB021;"'2017-05-03 23:00'";18;63;12;14;1;good
DEBB021;"'2017-05-03 24:00'";14;75;6;11;1;moderate
DEBB021;"'2017-05-04 01:00'";13;76;3;11;1;moderate
DEBB021;"'2017-05-04 02:00'";13;74;4;11;1;moderate
DEBB021;"'2017-05-04 03:00'";13;73;3;11;1;moderate
DEBB021;"'2017-05-04 04:00'";12;66;4;11;1;good
DEBB021;"'2017-05-04 05:00'";12;58;8;10;1;good
DEBB021;"'2017-05-04 06:00'";11;56;13;10;1;good
DEBB021;"'2017-05-04 07:00'";11;50;23;10;1;good
DEBB021;"'2017-05-04 08:00'";11;43;28;10;1;good
DEBB021;"'2017-05-04 09:00'";11;40;30;10;1;good
DEBB021;"'2017-05-04 10:00'";11;45;23;10;1;good
DEBB021;"'2017-05-04 11:00'";11;45;21;10;1;good
DEBB021;"'2017-05-04 12:00'";10;48;18;9;1;good
DEBB021;"'2017-05-04 13:00'";11;48;16;10;1;good
DEBB021;"'2017-05-04 14:00'";9;50;14;8;1;good
DEBB021;"'2017-05-04 15:00'";7;51;16;6;1;good
DEBB021;"'2017-05-04 16:00'";6;52;17;6;1;good
DEBB021;"'2017-05-04 17:00'";5;50;20;5;1;good
DEBB021;"'2017-05-04 18:00'";5;53;13;5;1;good
DEBB021;"'2017-05-04 19:00'";6;50;14;5;1;good
DEBB021;"'2017-05-04 20:00'";7;48;12;6;1;good
DEBB021;"'2017-05-04 21:00'";6;49;10;6;1;good
DEBB021;"'2017-05-04 22:00'";6;46;11;6;1;good
DEBB021;"'2017-05-04 23:00'";6;44;13;6;1;good
DEBB021;"'2017-05-04 24:00'";6;50;9;6;1;good
DEBB021;"'2017-05-05 01:00'";7;53;7;7;1;good
DEBB021;"'2017-05-05 02:00'";7;56;5;7;1;good
DEBB021;"'2017-05-05 03:00'";10;58;2;10;1;good
DEBB021;"'2017-05-05 04:00'";13;57;3;12;1;good
DEBB021;"'2017-05-05 05:00'";15;56;2;13;1;good
DEBB021;"'2017-05-05 06:00'";18;50;8;15;1;good
DEBB021;"'2017-05-05 07:00'";20;45;14;16;1;moderate
DEBB021;"'2017-05-05 08:00'";21;39;22;17;1;moderate
DEBB021;"'2017-05-05 09:00'";21;40;16;17;1;moderate
DEBB021;"'2017-05-05 10:00'";17;41;16;17;1;moderate
DEBB021;"'2017-05-05 11:00'";18;41;16;17;1;moderate
DEBB021;"'2017-05-05 12:00'";20;40;17;19;1;moderate
DEBB021;"'2017-05-05 13:00'";23;43;16;21;1;moderate
DEBB021;"'2017-05-05 14:00'";21;48;13;20;1;moderate
DEBB021;"'2017-05-05 15:00'";22;50;13;21;1;moderate
DEBB021;"'2017-05-05 16:00'";22;45;17;20;1;moderate
DEBB021;"'2017-05-05 17:00'";24;42;19;21;1;moderate
DEBB021;"'2017-05-05 18:00'";23;39;21;21;1;moderate
DEBB021;"'2017-05-05 19:00'";23;40;18;21;1;moderate
DEBB021;"'2017-05-05 20:00'";24;40;17;22;1;moderate
DEBB021;"'2017-05-05 21:00'";23;41;15;22;1;moderate
DEBB021;"'2017-05-05 22:00'";22;33;17;21;1;moderate
DEBB021;"'2017-05-05 23:00'";24;28;20;23;1;moderate
DEBB021;"'2017-05-05 24:00'";22;30;13;21;1;moderate
DEBB021;"'2017-05-06 01:00'";22;26;13;21;1;moderate
DEBB021;"'2017-05-06 02:00'";22;24;13;21;1;moderate
DEBB021;"'2017-05-06 03:00'";21;21;12;20;1;moderate
DEBB021;"'2017-05-06 04:00'";23;20;11;21;1;moderate
DEBB021;"'2017-05-06 05:00'";25;19;11;23;1;moderate
DEBB021;"'2017-05-06 06:00'";34;15;13;27;1;moderate
DEBB021;"'2017-05-06 07:00'";30;17;17;24;1;moderate
DEBB021;"'2017-05-06 08:00'";23;20;20;21;1;moderate
DEBB021;"'2017-05-06 09:00'";25;29;17;24;1;moderate
DEBB021;"'2017-05-06 10:00'";24;33;19;22;1;moderate
DEBB021;"'2017-05-06 11:00'";23;36;22;21;1;moderate
DEBB021;"'2017-05-06 12:00'";20;56;14;18;1;moderate
DEBB021;"'2017-05-06 13:00'";19;70;10;17;1;moderate
DEBB021;"'2017-05-06 14:00'";19;72;13;17;1;moderate
DEBB021;"'2017-05-06 15:00'";19;79;10;17;1;moderate
DEBB021;"'2017-05-06 16:00'";20;82;10;18;1;moderate
DEBB021;"'2017-05-06 17:00'";19;83;10;18;1;moderate
DEBB021;"'2017-05-06 18:00'";17;85;8;16;1;moderate
DEBB021;"'2017-05-06 19:00'";14;82;8;13;1;moderate
DEBB021;"'2017-05-06 20:00'";13;80;10;12;1;moderate
DEBB021;"'2017-05-06 21:00'";15;73;16;14;1;moderate
DEBB021;"'2017-05-06 22:00'";26;53;23;25;1;moderate
DEBB021;"'2017-05-06 23:00'";29;34;30;27;1;moderate
DEBB021;"'2017-05-06 24:00'";28;35;20;27;1;moderate
DEBB021;"'2017-05-07 01:00'";24;44;14;22;1;moderate
DEBB021;"'2017-05-07 02:00'";21;47;12;19;1;moderate
DEBB021;"'2017-05-07 03:00'";19;47;11;18;1;moderate
DEBB021;"'2017-05-07 04:00'";17;45;9;16;1;moderate
DEBB021;"'2017-05-07 05:00'";14;46;6;13;1;good
DEBB021;"'2017-05-07 06:00'";14;43;6;13;1;good
DEBB021;"'2017-05-07 07:00'";15;43;8;14;1;good
DEBB021;"'2017-05-07 08:00'";14;44;7;13;1;good
DEBB021;"'2017-05-07 09:00'";14;53;6;13;1;good
DEBB021;"'2017-05-07 10:00'";12;71;4;11;1;good
DEBB021;"'2017-05-07 11:00'";10;76;3;10;1;moderate
DEBB021;"'2017-05-07 12:00'";10;84;2;10;1;moderate
DEBB021;"'2017-05-07 13:00'";10;82;2;10;1;moderate
DEBB021;"'2017-05-07 14:00'";12;80;4;10;1;moderate
DEBB021;"'2017-05-07 15:00'";13;86;2;11;1;moderate
DEBB021;"'2017-05-07 16:00'";13;94;2;10;1;moderate
DEBB021;"'2017-05-07 17:00'";11;98;2;8;1;moderate
DEBB021;"'2017-05-07 18:00'";10;97;2;7;1;moderate
DEBB021;"'2017-05-07 19:00'";9;98;2;6;1;moderate
DEBB021;"'2017-05-07 20:00'";7;83;2;4;1;moderate
DEBB021;"'2017-05-07 21:00'";6;73;3;4;1;moderate
DEBB021;"'2017-05-07 22:00'";4;67;5;3;1;good
DEBB021;"'2017-05-07 23:00'";4;64;8;2;1;good
DEBB021;"'2017-05-07 24:00'";4;64;9;3;1;good
DEBB021;"'2017-05-08 01:00'";4;68;8;3;1;good
DEBB021;"'2017-05-08 02:00'";4;51;15;3;1;good
DEBB021;"'2017-05-08 03:00'";5;41;17;4;1;good
DEBB021;"'2017-05-08 04:00'";5;42;12;4;1;good
DEBB021;"'2017-05-08 05:00'";5;20;27;4;1;good
DEBB021;"'2017-05-08 06:00'";6;22;30;5;1;good
DEBB021;"'2017-05-08 07:00'";7;25;36;5;1;moderate
DEBB021;"'2017-05-08 08:00'";6;31;35;5;1;moderate
DEBB021;"'2017-05-08 09:00'";8;27;32;7;1;moderate
DEBB021;"'2017-05-08 10:00'";20;40;13;18;1;moderate
DEBB021;"'2017-05-08 11:00'";14;53;8;13;1;good
DEBB021;"'2017-05-08 12:00'";13;57;9;12;1;good
DEBB021;"'2017-05-08 13:00'";17;54;10;15;1;good
DEBB021;"'2017-05-08 14:00'";16;52;11;14;1;good
DEBB021;"'2017-05-08 15:00'";13;50;9;11;1;good
DEBB021;"'2017-05-08 16:00'";5;47;11;4;1;good
DEBB021;"'2017-05-08 17:00'";5;55;14;4;1;good
DEBB021;"'2017-05-08 18:00'";5;66;7;4;1;good
DEBB021;"'2017-05-08 19:00'";3;69;6;3;1;good
DEBB021;"'2017-05-08 20:00'";3;72;4;2;1;good
DEBB021;"'2017-05-08 21:00'";5;71;3;3;1;good
DEBB021;"'2017-05-08 22:00'";6;70;3;4;1;good
DEBB021;"'2017-05-08 23:00'";5;71;2;4;1;good
DEBB021;"'2017-05-08 24:00'";4;69;2;3;1;good
DEBB021;"'2017-05-09 01:00'";4;64;3;4;1;good
DEBB021;"'2017-05-09 02:00'";4;59;4;4;1;good
DEBB021;"'2017-05-09 03:00'";4;57;3;4;1;good
DEBB021;"'2017-05-09 04:00'";4;55;5;4;1;good
DEBB021;"'2017-05-09 05:00'";4;52;6;4;1;good
DEBB021;"'2017-05-09 06:00'";5;39;17;5;1;good
DEBB021;"'2017-05-09 07:00'";5;34;31;4;1;moderate
DEBB021;"'2017-05-09 08:00'";7;36;29;5;3;good
DEBB021;"'2017-05-09 09:00'";11;46;22;6;8;good
DEBB021;"'2017-05-09 10:00'";8;61;13;5;10;good
DEBB021;"'2017-05-09 11:00'";7;66;10;4;5;good
DEBB021;"'2017-05-09 12:00'";8;74;6;6;2;moderate
DEBB021;"'2017-05-09 13:00'";6;75;9;5;1;moderate
DEBB021;"'2017-05-09 14:00'";8;74;11;4;1;moderate
DEBB021;"'2017-05-09 15:00'";6;82;6;4;1;moderate
DEBB021;"'2017-05-09 16:00'";5;80;8;4;1;moderate
DEBB021;"'2017-05-09 17:00'";6;78;13;5;1;moderate
DEBB021;"'2017-05-09 18:00'";7;77;11;5;1;moderate
DEBB021;"'2017-05-09 19:00'";7;77;8;5;1;moderate
DEBB021;"'2017-05-09 20:00'";6;67;12;5;1;good
DEBB021;"'2017-05-09 21:00'";7;65;12;5;1;good
DEBB021;"'2017-05-09 22:00'";7;60;14;6;1;good
DEBB021;"'2017-05-09 23:00'";7;52;16;6;1;good
DEBB021;"'2017-05-09 24:00'";8;51;11;7;1;good
DEBB021;"'2017-05-10 01:00'";8;53;7;8;1;good
DEBB021;"'2017-05-10 02:00'";10;50;8;8;1;good
DEBB021;"'2017-05-10 03:00'";11;51;7;9;1;good
DEBB021;"'2017-05-10 04:00'";12;49;8;9;1;good
DEBB021;"'2017-05-10 05:00'";11;45;12;10;1;good
DEBB021;"'2017-05-10 06:00'";11;37;22;9;1;good
DEBB021;"'2017-05-10 07:00'";12;30;33;10;1;moderate
DEBB021;"'2017-05-10 08:00'";20;30;32;11;1;moderate
DEBB021;"'2017-05-10 09:00'";13;60;12;8;1;good
DEBB021;"'2017-05-10 10:00'";12;76;6;8;1;moderate
DEBB021;"'2017-05-10 11:00'";15;78;6;8;2;moderate
DEBB021;"'2017-05-10 12:00'";13;78;6;8;1;moderate
DEBB021;"'2017-05-10 13:00'";15;78;7;9;1;moderate
DEBB021;"'2017-05-10 14:00'";17;78;6;10;1;moderate
DEBB021;"'2017-05-10 15:00'";15;78;6;9;1;moderate
DEBB021;"'2017-05-10 16:00'";17;79;7;10;1;moderate
DEBB021;"'2017-05-10 17:00'";23;80;8;11;1;moderate
DEBB021;"'2017-05-10 18:00'";16;84;5;11;1;moderate
DEBB021;"'2017-05-10 19:00'";15;82;5;10;1;moderate
DEBB021;"'2017-05-10 20:00'";13;80;6;9;1;moderate
DEBB021;"'2017-05-10 21:00'";12;75;9;9;1;moderate
DEBB021;"'2017-05-10 22:00'";11;61;17;9;1;good
DEBB021;"'2017-05-10 23:00'";11;45;25;9;1;good
DEBB021;"'2017-05-10 24:00'";11;40;22;10;1;good
DEBB021;"'2017-05-11 01:00'";15;25;29;12;1;good
DEBB021;"'2017-05-11 02:00'";13;9;33;12;1;moderate
DEBB021;"'2017-05-11 03:00'";12;11;30;11;1;good
DEBB021;"'2017-05-11 04:00'";10;19;20;9;1;good
DEBB021;"'2017-05-11 05:00'";10;14;21;9;1;good
DEBB021;"'2017-05-11 06:00'";11;23;18;10;1;good
DEBB021;"'2017-05-11 07:00'";14;8;35;12;1;moderate
DEBB021;"'2017-05-11 08:00'";15;10;49;12;1;moderate
DEBB021;"'2017-05-11 09:00'";18;27;43;11;1;moderate
DEBB021;"'2017-05-11 10:00'";13;60;15;9;1;good
DEBB021;"'2017-05-11 11:00'";19;67;12;12;1;good
DEBB021;"'2017-05-11 12:00'";29;67;15;15;1;moderate
DEBB021;"'2017-05-11 13:00'";24;76;10;16;1;moderate
DEBB021;"'2017-05-11 14:00'";26;89;9;17;1;moderate
DEBB021;"'2017-05-11 15:00'";26;98;7;14;1;moderate
DEBB021;"'2017-05-11 16:00'";22;109;8;13;1;moderate
DEBB021;"'2017-05-11 17:00'";22;110;9;12;1;moderate
DEBB021;"'2017-05-11 18:00'";21;112;7;12;1;moderate
DEBB021;"'2017-05-11 19:00'";23;114;8;11;1;moderate
DEBB021;"'2017-05-11 20:00'";17;113;8;10;1;moderate
DEBB021;"'2017-05-11 21:00'";21;105;13;11;1;moderate
DEBB021;"'2017-05-11 22:00'";20;93;14;13;3;moderate
DEBB021;"'2017-05-11 23:00'";19;87;11;14;2;moderate
DEBB021;"'2017-05-11 24:00'";26;90;7;19;1;moderate
DEBB021;"'2017-05-12 01:00'";27;89;7;22;1;moderate
DEBB021;"'2017-05-12 02:00'";27;82;7;23;1;moderate
DEBB021;"'2017-05-12 03:00'";29;74;7;25;1;moderate
DEBB021;"'2017-05-12 04:00'";31;68;8;28;1;moderate
DEBB021;"'2017-05-12 05:00'";33;59;10;30;1;moderate
DEBB021;"'2017-05-12 06:00'";34;50;12;32;1;poor
DEBB021;"'2017-05-12 07:00'";37;45;16;34;1;poor
DEBB021;"'2017-05-12 08:00'";40;39;21;36;2;poor
DEBB021;"'2017-05-12 09:00'";43;40;20;35;3;poor
DEBB021;"'2017-05-12 10:00'";43;39;23;34;4;poor
DEBB021;"'2017-05-12 11:00'";44;45;26;32;3;poor
DEBB021;"'2017-05-12 12:00'";37;63;20;26;2;moderate
DEBB021;"'2017-05-12 13:00'";35;83;15;21;3;moderate
DEBB021;"'2017-05-12 14:00'";32;101;10;18;3;moderate
DEBB021;"'2017-05-12 15:00'";26;112;10;16;2;moderate
DEBB021;"'2017-05-12 16:00'";26;118;10;15;3;moderate
DEBB021;"'2017-05-12 17:00'";32;120;10;14;3;moderate
DEBB021;"'2017-05-12 18:00'";23;121;8;13;1;moderate
DEBB021;"'2017-05-12 19:00'";23;118;8;15;1;moderate
DEBB021;"'2017-05-12 20:00'";43;110;6;13;1;moderate
DEBB021;"'2017-05-12 21:00'";13;100;8;11;1;moderate
DEBB021;"'2017-05-12 22:00'";12;91;9;11;1;moderate
DEBB021;"'2017-05-12 23:00'";15;76;13;13;1;moderate
DEBB021;"'2017-05-12 24:00'";17;66;16;15;1;good
DEBB021;"'2017-05-13 01:00'";19;58;16;17;1;moderate
DEBB021;"'2017-05-13 02:00'";16;62;13;15;1;good
DEBB021;"'2017-05-13 03:00'";17;54;12;16;1;moderate
DEBB021;"'2017-05-13 04:00'";18;52;10;17;1;moderate
DEBB021;"'2017-05-13 05:00'";19;44;13;18;1;moderate
DEBB021;"'2017-05-13 06:00'";22;35;18;21;1;moderate
DEBB021;"'2017-05-13 07:00'";26;22;30;24;1;moderate
DEBB021;"'2017-05-13 08:00'";30;38;27;26;1;moderate
DEBB021;"'2017-05-13 09:00'";33;48;18;29;1;moderate
DEBB021;"'2017-05-13 10:00'";35;51;14;31;1;poor
DEBB021;"'2017-05-13 11:00'";37;47;19;34;1;poor
DEBB021;"'2017-05-13 12:00'";38;46;17;35;1;poor
DEBB021;"'2017-05-13 13:00'";40;45;19;37;1;poor
DEBB021;"'2017-05-13 14:00'";42;47;18;38;1;poor
DEBB021;"'2017-05-13 15:00'";40;50;18;37;1;poor
DEBB021;"'2017-05-13 16:00'";35;69;9;33;1;poor
DEBB021;"'2017-05-13 17:00'";27;80;7;26;1;moderate
DEBB021;"'2017-05-13 18:00'";26;78;10;24;1;moderate
DEBB021;"'2017-05-13 19:00'";26;84;8;24;1;moderate
DEBB021;"'2017-05-13 20:00'";27;76;11;25;1;moderate
DEBB021;"'2017-05-13 21:00'";27;57;21;26;1;moderate
DEBB021;"'2017-05-13 22:00'";34;40;26;32;1;poor
DEBB021;"'2017-05-13 23:00'";39;23;35;37;1;poor
DEBB021;"'2017-05-13 24:00'";44;21;33;42;1;poor
DEBB021;"'2017-05-14 01:00'";43;30;18;42;1;poor
DEBB021;"'2017-05-14 02:00'";40;10;28;39;1;poor
DEBB021;"'2017-05-14 03:00'";40;12;20;39;1;poor
DEBB021;"'2017-05-14 04:00'";40;15;15;39;1;poor
DEBB021;"'2017-05-14 05:00'";38;14;13;37;1;poor
DEBB021;"'2017-05-14 06:00'";37;11;11;36;1;poor
DEBB021;"'2017-05-14 07:00'";32;20;10;31;1;poor
DEBB021;"'2017-05-14 08:00'";24;39;9;23;1;moderate
DEBB021;"'2017-05-14 09:00'";15;62;5;15;1;good
DEBB021;"'2017-05-14 10:00'";15;74;5;15;1;moderate
DEBB021;"'2017-05-14 11:00'";18;80;4;17;1;moderate
DEBB021;"'2017-05-14 12:00'";16;86;4;15;1;moderate
DEBB021;"'2017-05-14 13:00'";14;91;2;13;1;moderate
DEBB021;"'2017-05-14 14:00'";11;91;2;10;1;moderate
DEBB021;"'2017-05-14 15:00'";12;88;3;10;1;moderate
DEBB021;"'2017-05-14 16:00'";9;78;6;7;1;moderate
DEBB021;"'2017-05-14 17:00'";7;74;8;6;1;moderate
DEBB021;"'2017-05-14 18:00'";8;72;8;7;1;good
DEBB021;"'2017-05-14 19:00'";4;82;3;4;1;moderate
DEBB021;"'2017-05-14 20:00'";5;83;5;4;1;moderate
DEBB021;"'2017-05-14 21:00'";5;72;8;4;1;good
DEBB021;"'2017-05-14 22:00'";6;49;18;6;1;good
DEBB021;"'2017-05-14 23:00'";10;21;34;8;1;moderate
DEBB021;"'2017-05-14 24:00'";9;22;28;8;1;good
DEBB021;"'2017-05-15 01:00'";11;15;29;10;1;good
DEBB021;"'2017-05-15 02:00'";12;9;28;11;1;good
DEBB021;"'2017-05-15 03:00'";11;7;29;10;1;good
DEBB021;"'2017-05-15 04:00'";11;14;21;10;1;good
DEBB021;"'2017-05-15 05:00'";11;16;20;11;1;good
DEBB021;"'2017-05-15 06:00'";13;15;24;12;1;good
DEBB021;"'2017-05-15 07:00'";15;14;34;14;1;moderate
DEBB021;"'2017-05-15 08:00'";16;37;22;14;1;good
DEBB021;"'2017-05-15 09:00'";16;62;10;14;1;good
DEBB021;"'2017-05-15 10:00'";20;59;9;18;1;moderate
DEBB021;"'2017-05-15 11:00'";26;62;9;25;1;moderate
DEBB021;"'2017-05-15 12:00'";23;67;8;21;1;moderate
DEBB021;"'2017-05-15 13:00'";19;77;6;18;1;moderate
DEBB021;"'2017-05-15 14:00'";16;82;4;14;1;moderate
DEBB021;"'2017-05-15 15:00'";14;86;2;10;1;moderate
DEBB021;"'2017-05-15 16:00'";11;89;3;8;1;moderate
DEBB021;"'2017-05-15 17:00'";10;91;5;6;1;moderate
DEBB021;"'2017-05-15 18:00'";8;95;4;4;1;moderate
DEBB021;"'2017-05-15 19:00'";6;95;4;4;1;moderate
DEBB021;"'2017-05-15 20:00'";6;89;6;4;1;moderate
DEBB021;"'2017-05-15 21:00'";10;84;10;6;1;moderate
DEBB021;"'2017-05-15 22:00'";11;71;14;8;1;good
DEBB021;"'2017-05-15 23:00'";14;51;22;11;1;good
DEBB021;"'2017-05-15 24:00'";16;32;28;13;1;good
DEBB021;"'2017-05-16 01:00'";12;27;23;10;1;good
DEBB021;"'2017-05-16 02:00'";14;21;22;12;1;good
DEBB021;"'2017-05-16 03:00'";12;24;17;10;1;good
DEBB021;"'2017-05-16 04:00'";12;12;25;11;1;good
DEBB021;"'2017-05-16 05:00'";14;2;32;12;1;moderate
DEBB021;"'2017-05-16 06:00'";14;2;34;12;1;moderate
DEBB021;"'2017-05-16 07:00'";18;3;42;13;1;moderate
DEBB021;"'2017-05-16 08:00'";25;8;55;16;1;moderate
DEBB021;"'2017-05-16 09:00'";24;42;31;13;1;moderate
DEBB021;"'2017-05-16 10:00'";13;72;12;7;1;good
DEBB021;"'2017-05-16 11:00'";18;78;13;8;1;moderate
DEBB021;"'2017-05-16 12:00'";14;82;12;7;1;moderate
DEBB021;"'2017-05-16 13:00'";14;86;9;8;1;moderate
DEBB021;"'2017-05-16 14:00'";13;88;11;7;1;moderate
DEBB021;"'2017-05-16 15:00'";11;90;13;7;1;moderate
DEBB021;"'2017-05-16 16:00'";13;89;13;8;1;moderate
DEBB021;"'2017-05-16 17:00'";16;86;16;9;1;moderate
DEBB021;"'2017-05-16 18:00'";15;87;15;9;1;moderate
DEBB021;"'2017-05-16 19:00'";17;83;16;11;1;moderate
DEBB021;"'2017-05-16 20:00'";15;85;14;10;1;moderate
DEBB021;"'2017-05-16 21:00'";14;80;15;9;1;moderate
DEBB021;"'2017-05-16 22:00'";13;79;13;9;1;moderate
DEBB021;"'2017-05-16 23:00'";13;72;16;10;1;good
DEBB021;"'2017-05-16 24:00'";14;58;21;11;1;good
DEBB021;"'2017-05-17 01:00'";15;47;24;12;1;good
DEBB021;"'2017-05-17 02:00'";15;54;16;12;1;good
DEBB021;"'2017-05-17 03:00'";15;57;11;12;1;good
DEBB021;"'2017-05-17 04:00'";16;58;10;13;1;good
DEBB021;"'2017-05-17 05:00'";17;54;12;13;1;good
DEBB021;"'2017-05-17 06:00'";15;43;22;12;1;good
DEBB021;"'2017-05-17 07:00'";19;32;37;14;1;moderate
DEBB021;"'2017-05-17 08:00'";32;34;36;18;1;moderate
DEBB021;"'2017-05-17 09:00'";27;55;25;16;1;moderate
DEBB021;"'2017-05-17 10:00'";23;77;18;12;1;moderate
DEBB021;"'2017-05-17 11:00'";19;81;11;8;1;moderate
DEBB021;"'2017-05-17 12:00'";16;90;8;7;1;moderate
DEBB021;"'2017-05-17 13:00'";22;100;7;8;3;moderate
DEBB021;"'2017-05-17 14:00'";17;103;7;8;2;moderate
DEBB021;"'2017-05-17 15:00'";16;104;7;7;1;moderate
DEBB021;"'2017-05-17 16:00'";18;105;9;7;1;moderate
DEBB021;"'2017-05-17 17:00'";21;109;8;8;1;moderate
DEBB021;"'2017-05-17 18:00'";21;106;11;8;1;moderate
DEBB021;"'2017-05-17 19:00'";18;104;8;8;1;moderate
DEBB021;"'2017-05-17 20:00'";21;105;8;9;1;moderate
DEBB021;"'2017-05-17 21:00'";19;104;11;11;1;moderate
DEBB021;"'2017-05-17 22:00'";21;89;18;12;3;moderate
DEBB021;"'2017-05-17 23:00'";20;78;15;13;2;moderate
DEBB021;"'2017-05-17 24:00'";15;81;11;11;1;moderate
DEBB021;"'2017-05-18 01:00'";16;83;9;10;1;moderate
DEBB021;"'2017-05-18 02:00'";18;80;9;12;1;moderate
DEBB021;"'2017-05-18 03:00'";21;72;12;14;1;good
DEBB021;"'2017-05-18 04:00'";22;67;12;16;1;moderate
DEBB021;"'2017-05-18 05:00'";24;62;16;18;1;moderate
DEBB021;"'2017-05-18 06:00'";26;55;24;20;1;moderate
DEBB021;"'2017-05-18 07:00'";30;45;35;21;1;moderate
DEBB021;"'2017-05-18 08:00'";40;58;26;22;1;moderate
DEBB021;"'2017-05-18 09:00'";37;77;17;19;1;moderate
DEBB021;"'2017-05-18 10:00'";34;101;10;15;2;moderate
DEBB021;"'2017-05-18 11:00'";35;105;11;14;1;moderate
DEBB021;"'2017-05-18 12:00'";36;111;10;12;1;moderate
DEBB021;"'2017-05-18 13:00'";31;113;11;11;1;moderate
DEBB021;"'2017-05-18 14:00'";30;111;12;10;1;moderate
DEBB021;"'2017-05-18 15:00'";33;113;8;10;1;moderate
DEBB021;"'2017-05-18 16:00'";27;109;8;9;1;moderate
DEBB021;"'2017-05-18 17:00'";27;109;9;9;1;moderate
DEBB021;"'2017-05-18 18:00'";22;106;9;9;1;moderate
DEBB021;"'2017-05-18 19:00'";26;107;8;9;1;moderate
DEBB021;"'2017-05-18 20:00'";27;103;10;9;1;moderate
DEBB021;"'2017-05-18 21:00'";36;97;17;13;1;moderate
DEBB021;"'2017-05-18 22:00'";30;80;24;16;1;moderate
DEBB021;"'2017-05-18 23:00'";28;64;30;17;1;moderate
DEBB021;"'2017-05-18 24:00'";28;75;16;17;1;moderate
DEBB021;"'2017-05-19 01:00'";29;68;12;17;1;moderate
DEBB021;"'2017-05-19 02:00'";24;52;17;18;1;moderate
DEBB021;"'2017-05-19 03:00'";27;53;22;20;1;moderate
DEBB021;"'2017-05-19 04:00'";29;42;29;22;1;moderate
DEBB021;"'2017-05-19 05:00'";30;50;22;23;1;moderate
DEBB021;"'2017-05-19 06:00'";32;37;32;24;1;moderate
DEBB021;"'2017-05-19 07:00'";42;36;35;28;1;moderate
DEBB021;"'2017-05-19 08:00'";47;43;36;29;1;moderate
DEBB021;"'2017-05-19 09:00'";43;68;20;25;1;moderate
DEBB021;"'2017-05-19 10:00'";41;75;24;22;1;moderate
DEBB021;"'2017-05-19 11:00'";49;96;19;19;1;moderate
DEBB021;"'2017-05-19 12:00'";40;114;14;16;1;moderate
DEBB021;"'2017-05-19 13:00'";48;120;13;16;1;moderate
DEBB021;"'2017-05-19 14:00'";38;125;13;13;1;moderate
DEBB021;"'2017-05-19 15:00'";28;126;8;11;1;moderate
DEBB021;"'2017-05-19 16:00'";29;121;10;9;1;moderate
DEBB021;"'2017-05-19 17:00'";28;122;10;9;1;moderate
DEBB021;"'2017-05-19 18:00'";22;126;6;9;1;moderate
DEBB021;"'2017-05-19 19:00'";30;126;9;10;1;moderate
DEBB021;"'2017-05-19 20:00'";32;123;11;13;1;moderate
DEBB021;"'2017-05-19 21:00'";31;106;17;15;1;moderate
DEBB021;"'2017-05-19 22:00'";36;86;23;17;1;moderate
DEBB021;"'2017-05-19 23:00'";52;74;12;24;1;moderate
DEBB021;"'2017-05-19 24:00'";32;48;9;23;1;moderate
DEBB021;"'2017-05-20 01:00'";18;49;8;13;1;good
DEBB021;"'2017-05-20 02:00'";12;50;7;9;1;good
DEBB021;"'2017-05-20 03:00'";8;66;3;6;1;good
DEBB021;"'2017-05-20 04:00'";5;68;2;4;1;good
DEBB021;"'2017-05-20 05:00'";4;62;4;4;1;good
DEBB021;"'2017-05-20 06:00'";6;60;4;5;1;good
DEBB021;"'2017-05-20 07:00'";6;66;5;5;1;good
DEBB021;"'2017-05-20 08:00'";6;74;6;5;1;moderate
DEBB021;"'2017-05-20 09:00'";14;73;4;11;1;moderate
DEBB021;"'2017-05-20 10:00'";18;76;4;15;1;moderate
DEBB021;"'2017-05-20 11:00'";19;80;5;14;1;moderate
DEBB021;"'2017-05-20 12:00'";23;83;5;16;1;moderate
DEBB021;"'2017-05-20 13:00'";21;82;5;16;1;moderate
DEBB021;"'2017-05-20 14:00'";23;83;7;17;1;moderate
DEBB021;"'2017-05-20 15:00'";21;87;4;16;1;moderate
DEBB021;"'2017-05-20 16:00'";19;92;2;15;1;moderate
DEBB021;"'2017-05-20 17:00'";17;92;4;14;1;moderate
DEBB021;"'2017-05-20 18:00'";16;93;2;12;1;moderate
DEBB021;"'2017-05-20 19:00'";17;92;3;12;1;moderate
DEBB021;"'2017-05-20 20:00'";14;92;4;10;1;moderate
DEBB021;"'2017-05-20 21:00'";17;86;6;11;1;moderate
DEBB021;"'2017-05-20 22:00'";21;73;11;13;1;moderate
DEBB021;"'2017-05-20 23:00'";23;61;19;16;1;moderate
DEBB021;"'2017-05-20 24:00'";17;72;9;13;1;good
DEBB021;"'2017-05-21 01:00'";17;70;8;13;1;good
DEBB021;"'2017-05-21 02:00'";19;58;11;16;1;moderate
DEBB021;"'2017-05-21 03:00'";20;50;13;17;1;moderate
DEBB021;"'2017-05-21 04:00'";21;46;13;19;1;moderate
DEBB021;"'2017-05-21 05:00'";21;45;12;19;1;moderate
DEBB021;"'2017-05-21 06:00'";20;44;12;18;1;moderate
DEBB021;"'2017-05-21 07:00'";19;48;13;17;1;moderate
DEBB021;"'2017-05-21 08:00'";17;69;7;16;1;moderate
DEBB021;"'2017-05-21 09:00'";13;82;3;11;1;moderate
DEBB021;"'2017-05-21 10:00'";13;94;2;11;1;moderate
DEBB021;"'2017-05-21 11:00'";15;97;2;12;1;moderate
DEBB021;"'2017-05-21 12:00'";16;99;2;10;1;moderate
DEBB021;"'2017-05-21 13:00'";11;102;2;9;1;moderate
DEBB021;"'2017-05-21 14:00'";11;104;2;7;1;moderate
DEBB021;"'2017-05-21 15:00'";10;104;2;6;1;moderate
DEBB021;"'2017-05-21 16:00'";9;106;2;5;1;moderate
DEBB021;"'2017-05-21 17:00'";10;107;2;5;1;moderate
DEBB021;"'2017-05-21 18:00'";9;106;3;5;1;moderate
DEBB021;"'2017-05-21 19:00'";9;107;2;6;1;moderate
DEBB021;"'2017-05-21 20:00'";8;105;3;5;1;moderate
DEBB021;"'2017-05-21 21:00'";9;100;5;5;1;moderate
DEBB021;"'2017-05-21 22:00'";9;94;5;6;1;moderate
DEBB021;"'2017-05-21 23:00'";10;86;6;6;1;moderate
DEBB021;"'2017-05-21 24:00'";11;77;7;7;1;moderate
DEBB021;"'2017-05-22 01:00'";9;73;8;6;1;moderate
DEBB021;"'2017-05-22 02:00'";9;68;13;7;1;good
DEBB021;"'2017-05-22 03:00'";11;57;17;9;1;good
DEBB021;"'2017-05-22 04:00'";14;46;21;11;1;good
DEBB021;"'2017-05-22 05:00'";12;47;18;11;1;good
DEBB021;"'2017-05-22 06:00'";14;29;27;12;1;good
DEBB021;"'2017-05-22 07:00'";18;14;46;14;1;moderate
DEBB021;"'2017-05-22 08:00'";28;25;54;13;1;moderate
DEBB021;"'2017-05-22 09:00'";37;54;38;13;1;moderate
DEBB021;"'2017-05-22 10:00'";22;82;17;10;1;moderate
DEBB021;"'2017-05-22 11:00'";20;93;11;9;1;moderate
DEBB021;"'2017-05-22 12:00'";24;98;11;10;1;moderate
DEBB021;"'2017-05-22 13:00'";23;100;13;11;1;moderate
DEBB021;"'2017-05-22 14:00'";18;111;8;11;1;moderate
DEBB021;"'2017-05-22 15:00'";19;118;6;9;1;moderate
DEBB021;"'2017-05-22 16:00'";19;122;7;9;1;moderate
DEBB021;"'2017-05-22 17:00'";18;124;8;8;1;moderate
DEBB021;"'2017-05-22 18:00'";20;125;7;7;1;moderate
DEBB021;"'2017-05-22 19:00'";19;124;6;7;1;moderate
DEBB021;"'2017-05-22 20:00'";20;126;7;7;1;moderate
DEBB021;"'2017-05-22 21:00'";19;117;11;8;1;moderate
DEBB021;"'2017-05-22 22:00'";17;103;12;8;1;moderate
DEBB021;"'2017-05-22 23:00'";22;82;18;10;1;moderate
DEBB021;"'2017-05-22 24:00'";16;72;20;10;1;good
DEBB021;"'2017-05-23 01:00'";16;68;16;12;1;good
DEBB021;"'2017-05-23 02:00'";17;53;22;13;1;good
DEBB021;"'2017-05-23 03:00'";19;49;26;15;1;good
DEBB021;"'2017-05-23 04:00'";20;41;27;16;1;moderate
DEBB021;"'2017-05-23 05:00'";21;52;21;18;1;moderate
DEBB021;"'2017-05-23 06:00'";23;47;24;19;1;moderate
DEBB021;"'2017-05-23 07:00'";33;32;44;22;1;moderate
DEBB021;"'2017-05-23 08:00'";52;38;40;23;1;moderate
DEBB021;"'2017-05-23 09:00'";46;53;28;21;1;moderate
DEBB021;"'2017-05-23 10:00'";32;80;17;17;1;moderate
DEBB021;"'2017-05-23 11:00'";30;96;13;16;1;moderate
DEBB021;"'2017-05-23 12:00'";25;116;7;12;1;moderate
DEBB021;"'2017-05-23 13:00'";28;120;7;10;1;moderate
DEBB021;"'2017-05-23 14:00'";21;128;5;9;1;moderate
DEBB021;"'2017-05-23 15:00'";20;130;5;9;1;moderate
DEBB021;"'2017-05-23 16:00'";21;130;6;10;1;moderate
DEBB021;"'2017-05-23 17:00'";25;133;7;10;1;moderate
DEBB021;"'2017-05-23 18:00'";21;138;6;11;1;moderate
DEBB021;"'2017-05-23 19:00'";22;133;8;12;1;moderate
DEBB021;"'2017-05-23 20:00'";59;129;8;19;1;poor
DEBB021;"'2017-05-23 21:00'";18;114;6;13;1;moderate
DEBB021;"'2017-05-23 22:00'";17;94;8;14;1;moderate
DEBB021;"'2017-05-23 23:00'";19;88;8;16;1;moderate
DEBB021;"'2017-05-23 24:00'";17;87;6;15;1;moderate
DEBB021;"'2017-05-24 01:00'";9;75;2;6;1;moderate
DEBB021;"'2017-05-24 02:00'";9;67;2;7;1;good
DEBB021;"'2017-05-24 03:00'";9;71;2;7;1;good
DEBB021;"'2017-05-24 04:00'";9;70;2;7;1;good
DEBB021;"'2017-05-24 05:00'";8;71;2;6;1;good
DEBB021;"'2017-05-24 06:00'";8;69;2;5;1;good
DEBB021;"'2017-05-24 07:00'";8;64;8;6;1;good
DEBB021;"'2017-05-24 08:00'";9;60;9;6;1;good
DEBB021;"'2017-05-24 09:00'";9;60;8;6;1;good
DEBB021;"'2017-05-24 10:00'";10;58;9;7;1;good
DEBB021;"'2017-05-24 11:00'";10;59;9;7;1;good
DEBB021;"'2017-05-24 12:00'";10;60;9;7;1;good
DEBB021;"'2017-05-24 13:00'";14;59;9;9;1;good
DEBB021;"'2017-05-24 14:00'";11;68;6;7;1;good
DEBB021;"'2017-05-24 15:00'";10;75;5;4;1;moderate
DEBB021;"'2017-05-24 16:00'";9;77;6;4;1;moderate
DEBB021;"'2017-05-24 17:00'";9;73;9;4;1;moderate
DEBB021;"'2017-05-24 18:00'";9;67;10;4;1;good
DEBB021;"'2017-05-24 19:00'";9;67;10;5;1;good
DEBB021;"'2017-05-24 20:00'";10;65;10;6;1;good
DEBB021;"'2017-05-24 21:00'";10;67;7;6;1;good
DEBB021;"'2017-05-24 22:00'";11;60;10;7;1;good
DEBB021;"'2017-05-24 23:00'";12;56;11;7;1;good
DEBB021;"'2017-05-24 24:00'";10;57;9;6;1;good
DEBB021;"'2017-05-25 01:00'";9;58;8;6;1;good
DEBB021;"'2017-05-25 02:00'";8;53;9;6;1;good
DEBB021;"'2017-05-25 03:00'";8;49;9;6;1;good
DEBB021;"'2017-05-25 04:00'";8;47;9;7;1;good
DEBB021;"'2017-05-25 05:00'";9;44;9;8;1;good
DEBB021;"'2017-05-25 06:00'";10;39;11;8;1;good
DEBB021;"'2017-05-25 07:00'";11;42;10;9;1;good
DEBB021;"'2017-05-25 08:00'";14;51;6;13;1;good
DEBB021;"'2017-05-25 09:00'";15;56;3;14;1;good
DEBB021;"'2017-05-25 10:00'";13;63;2;11;1;good
DEBB021;"'2017-05-25 11:00'";10;69;2;9;1;good
DEBB021;"'2017-05-25 12:00'";13;67;3;11;1;good
DEBB021;"'2017-05-25 13:00'";12;65;2;10;1;good
DEBB021;"'2017-05-25 14:00'";10;64;2;8;1;good
DEBB021;"'2017-05-25 15:00'";11;65;3;9;1;good
DEBB021;"'2017-05-25 16:00'";11;71;2;9;1;good
DEBB021;"'2017-05-25 17:00'";10;80;2;8;1;moderate
DEBB021;"'2017-05-25 18:00'";10;83;2;8;1;moderate
DEBB021;"'2017-05-25 19:00'";9;85;2;7;1;moderate
DEBB021;"'2017-05-25 20:00'";10;82;4;8;1;moderate
DEBB021;"'2017-05-25 21:00'";9;78;6;6;1;moderate
DEBB021;"'2017-05-25 22:00'";13;68;11;8;1;good
DEBB021;"'2017-05-25 23:00'";17;53;17;13;1;good
DEBB021;"'2017-05-25 24:00'";18;48;19;14;1;good
DEBB021;"'2017-05-26 01:00'";23;33;23;19;1;moderate
DEBB021;"'2017-05-26 02:00'";21;25;23;19;1;moderate
DEBB021;"'2017-05-26 03:00'";14;42;13;12;1;good
DEBB021;"'2017-05-26 04:00'";13;42;9;11;1;good
DEBB021;"'2017-05-26 05:00'";12;38;8;11;1;good
DEBB021;"'2017-05-26 06:00'";12;32;9;10;1;good
DEBB021;"'2017-05-26 07:00'";13;31;11;12;1;good
DEBB021;"'2017-05-26 08:00'";15;37;9;14;1;good
DEBB021;"'2017-05-26 09:00'";16;40;7;15;1;good
DEBB021;"'2017-05-26 10:00'";20;41;8;18;1;moderate
DEBB021;"'2017-05-26 11:00'";19;44;7;17;1;moderate
DEBB021;"'2017-05-26 12:00'";21;51;5;16;1;moderate
DEBB021;"'2017-05-26 13:00'";19;59;3;14;1;good
DEBB021;"'2017-05-26 14:00'";17;64;2;12;1;good
DEBB021;"'2017-05-26 15:00'";15;68;3;11;1;good
DEBB021;"'2017-05-26 16:00'";13;74;2;9;1;moderate
DEBB021;"'2017-05-26 17:00'";15;76;6;8;1;moderate
DEBB021;"'2017-05-26 18:00'";11;76;3;7;1;moderate
DEBB021;"'2017-05-26 19:00'";9;77;3;6;1;moderate
DEBB021;"'2017-05-26 20:00'";9;75;2;6;1;moderate
DEBB021;"'2017-05-26 21:00'";10;72;4;6;1;good
DEBB021;"'2017-05-26 22:00'";11;63;8;7;1;good
DEBB021;"'2017-05-26 23:00'";13;50;15;9;1;good
DEBB021;"'2017-05-26 24:00'";17;45;18;14;1;good
DEBB021;"'2017-05-27 01:00'";16;42;12;14;1;good
DEBB021;"'2017-05-27 02:00'";16;28;15;14;1;good
DEBB021;"'2017-05-27 03:00'";16;18;19;15;1;good
DEBB021;"'2017-05-27 04:00'";17;12;24;16;1;moderate
DEBB021;"'2017-05-27 05:00'";16;24;21;14;1;good
DEBB021;"'2017-05-27 06:00'";15;24;23;13;1;good
DEBB021;"'2017-05-27 07:00'";14;35;17;11;2;good
DEBB021;"'2017-05-27 08:00'";13;43;14;10;1;good
DEBB021;"'2017-05-27 09:00'";16;52;11;8;2;good
DEBB021;"'2017-05-27 10:00'";26;57;15;7;4;good
DEBB021;"'2017-05-27 11:00'";18;68;8;5;3;good
DEBB021;"'2017-05-27 12:00'";35;76;5;6;1;moderate
DEBB021;"'2017-05-27 13:00'";20;77;7;4;2;moderate
DEBB021;"'2017-05-27 14:00'";20;81;10;3;1;moderate
DEBB021;"'2017-05-27 15:00'";19;87;5;3;1;moderate
DEBB021;"'2017-05-27 16:00'";13;94;6;3;1;moderate
DEBB021;"'2017-05-27 17:00'";20;95;5;4;1;moderate
DEBB021;"'2017-05-27 18:00'";15;92;6;3;1;moderate
DEBB021;"'2017-05-27 19:00'";15;93;3;4;1;moderate
DEBB021;"'2017-05-27 20:00'";15;94;5;5;1;moderate
DEBB021;"'2017-05-27 21:00'";14;85;8;5;1;moderate
DEBB021;"'2017-05-27 22:00'";17;70;16;8;1;good
DEBB021;"'2017-05-27 23:00'";19;64;14;9;1;good
DEBB021;"'2017-05-27 24:00'";16;53;22;11;1;good
DEBB021;"'2017-05-28 01:00'";13;64;16;8;1;good
DEBB021;"'2017-05-28 02:00'";13;66;13;9;1;good
DEBB021;"'2017-05-28 03:00'";14;72;10;9;1;good
DEBB021;"'2017-05-28 04:00'";13;68;9;10;1;good
DEBB021;"'2017-05-28 05:00'";14;66;11;10;1;good
DEBB021;"'2017-05-28 06:00'";15;62;11;11;1;good
DEBB021;"'2017-05-28 07:00'";15;60;9;12;1;good
DEBB021;"'2017-05-28 08:00'";13;63;8;9;2;good
DEBB021;"'2017-05-28 09:00'";13;73;8;7;4;moderate
DEBB021;"'2017-05-28 10:00'";15;85;8;6;4;moderate
DEBB021;"'2017-05-28 11:00'";21;91;8;6;2;moderate
DEBB021;"'2017-05-28 12:00'";16;100;7;6;1;moderate
DEBB021;"'2017-05-28 13:00'";23;105;7;6;1;moderate
DEBB021;"'2017-05-28 14:00'";15;109;8;6;1;moderate
DEBB021;"'2017-05-28 15:00'";14;114;10;6;1;moderate
DEBB021;"'2017-05-28 16:00'";14;122;7;6;1;moderate
DEBB021;"'2017-05-28 17:00'";14;122;10;6;1;moderate
DEBB021;"'2017-05-28 18:00'";19;123;6;8;1;moderate
DEBB021;"'2017-05-28 19:00'";17;128;5;8;1;moderate
DEBB021;"'2017-05-28 20:00'";16;124;7;9;1;moderate
DEBB021;"'2017-05-28 21:00'";19;120;10;11;1;moderate
DEBB021;"'2017-05-28 22:00'";23;105;16;13;1;moderate
DEBB021;"'2017-05-28 23:00'";28;86;15;16;1;moderate
DEBB021;"'2017-05-28 24:00'";24;77;15;17;1;moderate
DEBB021;"'2017-05-29 01:00'";23;78;13;19;1;moderate
DEBB021;"'2017-05-29 02:00'";26;66;14;21;1;moderate
DEBB021;"'2017-05-29 03:00'";25;60;16;21;1;moderate
DEBB021;"'2017-05-29 04:00'";21;68;13;18;1;moderate
DEBB021;"'2017-05-29 05:00'";20;69;11;16;1;moderate
DEBB021;"'2017-05-29 06:00'";19;63;14;16;1;moderate
DEBB021;"'2017-05-29 07:00'";23;60;20;16;1;moderate
DEBB021;"'2017-05-29 08:00'";28;60;22;16;1;moderate
DEBB021;"'2017-05-29 09:00'";23;81;16;11;1;moderate
DEBB021;"'2017-05-29 10:00'";16;96;9;9;1;moderate
DEBB021;"'2017-05-29 11:00'";20;107;6;10;1;moderate
DEBB021;"'2017-05-29 12:00'";20;114;6;11;1;moderate
DEBB021;"'2017-05-29 13:00'";21;119;5;11;1;moderate
DEBB021;"'2017-05-29 14:00'";18;121;4;8;1;moderate
DEBB021;"'2017-05-29 15:00'";19;122;4;8;1;moderate
DEBB021;"'2017-05-29 16:00'";20;121;6;8;1;moderate
DEBB021;"'2017-05-29 17:00'";23;121;6;9;1;moderate
DEBB021;"'2017-05-29 18:00'";22;120;5;9;1;moderate
DEBB021;"'2017-05-29 19:00'";16;121;5;8;1;moderate
DEBB021;"'2017-05-29 20:00'";20;114;5;9;1;moderate
DEBB021;"'2017-05-29 21:00'";23;106;8;9;1;moderate
DEBB021;"'2017-05-29 22:00'";23;96;7;10;1;moderate
DEBB021;"'2017-05-29 23:00'";23;77;13;12;1;moderate
DEBB021;"'2017-05-29 24:00'";20;66;17;12;1;good
DEBB021;"'2017-05-30 01:00'";16;66;16;11;1;good
DEBB021;"'2017-05-30 02:00'";14;69;11;10;1;good
DEBB021;"'2017-05-30 03:00'";15;74;10;10;5;moderate
DEBB021;"'2017-05-30 04:00'";14;74;9;11;5;moderate
DEBB021;"'2017-05-30 05:00'";14;72;8;11;4;good
DEBB021;"'2017-05-30 06:00'";15;66;15;11;5;good
DEBB021;"'2017-05-30 07:00'";22;59;25;12;6;good
DEBB021;"'2017-05-30 08:00'";33;59;30;15;5;moderate
DEBB021;"'2017-05-30 09:00'";42;73;22;18;5;moderate
DEBB021;"'2017-05-30 10:00'";63;85;16;21;3;poor
DEBB021;"'2017-05-30 11:00'";43;109;18;22;1;moderate
DEBB021;"'2017-05-30 12:00'";49;141;11;19;1;moderate
DEBB021;"'2017-05-30 13:00'";54;123;9;28;1;moderate
DEBB021;"'2017-05-30 14:00'";28;77;11;23;1;moderate
DEBB021;"'2017-05-30 15:00'";23;62;12;18;1;moderate
DEBB021;"'2017-05-30 16:00'";23;85;14;14;1;moderate
DEBB021;"'2017-05-30 17:00'";15;117;7;11;1;moderate
DEBB021;"'2017-05-30 18:00'";21;113;9;16;1;moderate
DEBB021;"'2017-05-30 19:00'";27;102;11;20;1;moderate
DEBB021;"'2017-05-30 20:00'";32;83;15;23;1;moderate
DEBB021;"'2017-05-30 21:00'";33;77;14;25;1;moderate
DEBB021;"'2017-05-30 22:00'";28;82;15;24;1;moderate
DEBB021;"'2017-05-30 23:00'";24;91;9;20;1;moderate
DEBB021;"'2017-05-30 24:00'";18;92;5;16;1;moderate
DEBB021;"'2017-05-31 01:00'";21;82;5;19;1;moderate
DEBB021;"'2017-05-31 02:00'";21;78;5;20;1;moderate
DEBB021;"'2017-05-31 03:00'";21;74;5;20;1;moderate
DEBB021;"'2017-05-31 04:00'";20;69;6;19;1;moderate
DEBB021;"'2017-05-31 05:00'";23;56;8;21;1;moderate
DEBB021;"'2017-05-31 06:00'";18;54;7;16;1;moderate
DEBB021;"'2017-05-31 07:00'";17;58;9;14;1;good
DEBB021;"'2017-05-31 08:00'";18;62;10;14;1;good
DEBB021;"'2017-05-31 09:00'";20;63;8;16;1;moderate
DEBB021;"'2017-05-31 10:00'";18;70;7;14;1;good
DEBB021;"'2017-05-31 11:00'";16;75;7;10;1;moderate
DEBB021;"'2017-05-31 12:00'";20;77;8;11;1;moderate
DEBB021;"'2017-05-31 13:00'";17;79;6;9;1;moderate
DEBB021;"'2017-05-31 14:00'";18;85;5;9;1;moderate
DEBB021;"'2017-05-31 15:00'";20;88;6;10;1;moderate
DEBB021;"'2017-05-31 16:00'";18;91;6;8;1;moderate
DEBB021;"'2017-05-31 17:00'";16;92;6;5;1;moderate
DEBB021;"'2017-05-31 18:00'";12;93;5;4;1;moderate
DEBB021;"'2017-05-31 19:00'";12;94;5;4;1;moderate
DEBB021;"'2017-05-31 20:00'";10;93;4;4;1;moderate
DEBB021;"'2017-05-31 21:00'";12;87;6;4;1;moderate
DEBB021;"'2017-05-31 22:00'";13;82;7;6;1;moderate
DEBB021;"'2017-05-31 23:00'";13;76;7;7;1;moderate
DEBB021;"'2017-05-31 24:00'";14;72;6;8;1;good
DEBB021;"'2017-06-01 01:00'";13;70;6;9;1;good
DEBB021;"'2017-06-01 02:00'";12;68;5;8;1;good
DEBB021;"'2017-06-01 03:00'";12;66;4;8;1;good
DEBB021;"'2017-06-01 04:00'";12;66;3;8;1;good
DEBB021;"'2017-06-01 05:00'";11;66;3;8;1;good
DEBB021;"'2017-06-01 06:00'";13;61;7;9;1;good
DEBB021;"'2017-06-01 07:00'";15;56;13;10;1;good
DEBB021;"'2017-06-01 08:00'";17;64;10;10;1;good
DEBB021;"'2017-06-01 09:00'";17;69;5;10;1;good
DEBB021;"'2017-06-01 10:00'";18;70;5;11;1;good
DEBB021;"'2017-06-01 11:00'";19;73;6;11;1;moderate
DEBB021;"'2017-06-01 12:00'";19;79;4;10;1;moderate
DEBB021;"'2017-06-01 13:00'";19;83;5;9;1;moderate
DEBB021;"'2017-06-01 14:00'";14;87;5;6;1;moderate
DEBB021;"'2017-06-01 15:00'";13;90;4;5;1;moderate
DEBB021;"'2017-06-01 16:00'";14;91;5;5;1;moderate
DEBB021;"'2017-06-01 17:00'";14;92;6;5;1;moderate
DEBB021;"'2017-06-01 18:00'";13;93;4;5;1;moderate
DEBB021;"'2017-06-01 19:00'";11;93;5;5;1;moderate
DEBB021;"'2017-06-01 20:00'";10;92;4;5;1;moderate
DEBB021;"'2017-06-01 21:00'";11;86;6;6;1;moderate
DEBB021;"'2017-06-01 22:00'";21;71;12;8;1;good
DEBB021;"'2017-06-01 23:00'";21;55;21;11;1;good
DEBB021;"'2017-06-01 24:00'";20;34;35;12;1;moderate
DEBB021;"'2017-06-02 01:00'";19;20;41;13;1;moderate
DEBB021;"'2017-06-02 02:00'";15;25;26;12;1;good
DEBB021;"'2017-06-02 03:00'";17;22;24;15;1;good
DEBB021;"'2017-06-02 04:00'";20;15;27;18;1;moderate
DEBB021;"'2017-06-02 05:00'";16;14;28;14;1;good
DEBB021;"'2017-06-02 06:00'";15;16;28;12;1;good
DEBB021;"'2017-06-02 07:00'";17;31;33;12;1;moderate
DEBB021;"'2017-06-02 08:00'";29;49;20;11;1;moderate
DEBB021;"'2017-06-02 09:00'";29;50;28;11;1;moderate
DEBB021;"'2017-06-02 10:00'";28;77;10;8;1;moderate
DEBB021;"'2017-06-02 11:00'";22;93;6;7;1;moderate
DEBB021;"'2017-06-02 12:00'";22;98;7;8;1;moderate
DEBB021;"'2017-06-02 13:00'";24;102;7;8;1;moderate
DEBB021;"'2017-06-02 14:00'";24;101;6;6;1;moderate
DEBB021;"'2017-06-02 15:00'";14;97;4;4;1;moderate
DEBB021;"'2017-06-02 16:00'";15;96;3;3;1;moderate
DEBB021;"'2017-06-02 17:00'";12;94;6;3;1;moderate
DEBB021;"'2017-06-02 18:00'";9;98;4;2;1;moderate
DEBB021;"'2017-06-02 19:00'";8;99;4;2;1;moderate
DEBB021;"'2017-06-02 20:00'";10;99;5;2;1;moderate
DEBB021;"'2017-06-02 21:00'";16;88;10;3;1;moderate
DEBB021;"'2017-06-02 22:00'";13;73;11;4;1;moderate
DEBB021;"'2017-06-02 23:00'";12;71;11;5;1;good
DEBB021;"'2017-06-02 24:00'";12;72;10;6;1;good
DEBB021;"'2017-06-03 01:00'";9;68;9;5;1;good
DEBB021;"'2017-06-03 02:00'";11;61;11;6;2;good
DEBB021;"'2017-06-03 03:00'";10;55;12;7;1;good
DEBB021;"'2017-06-03 04:00'";10;54;11;7;1;good
DEBB021;"'2017-06-03 05:00'";10;56;9;6;1;good
DEBB021;"'2017-06-03 06:00'";14;53;11;7;1;good
DEBB021;"'2017-06-03 07:00'";13;51;12;7;1;good
DEBB021;"'2017-06-03 08:00'";19;51;17;8;4;good
DEBB021;"'2017-06-03 09:00'";20;55;16;8;4;good
DEBB021;"'2017-06-03 10:00'";24;63;12;8;3;good
DEBB021;"'2017-06-03 11:00'";35;71;11;8;2;moderate
DEBB021;"'2017-06-03 12:00'";33;65;16;10;1;moderate
DEBB021;"'2017-06-03 13:00'";19;46;29;12;1;good
DEBB021;"'2017-06-03 14:00'";18;44;29;13;1;good
DEBB021;"'2017-06-03 15:00'";16;58;18;12;1;good
DEBB021;"'2017-06-03 16:00'";15;64;16;12;1;good
DEBB021;"'2017-06-03 17:00'";17;69;15;11;1;good
DEBB021;"'2017-06-03 18:00'";17;82;12;9;1;moderate
DEBB021;"'2017-06-03 19:00'";16;95;9;8;1;moderate
DEBB021;"'2017-06-03 20:00'";19;86;15;10;1;moderate
DEBB021;"'2017-06-03 21:00'";18;73;20;10;1;moderate
DEBB021;"'2017-06-03 22:00'";21;66;22;13;1;good
DEBB021;"'2017-06-03 23:00'";20;86;12;16;1;moderate
DEBB021;"'2017-06-03 24:00'";17;92;8;15;1;moderate
DEBB021;"'2017-06-04 01:00'";17;87;8;15;1;moderate
DEBB021;"'2017-06-04 02:00'";21;79;9;20;1;moderate
DEBB021;"'2017-06-04 03:00'";25;62;11;23;1;moderate
DEBB021;"'2017-06-04 04:00'";27;54;9;26;1;moderate
DEBB021;"'2017-06-04 05:00'";32;48;9;31;1;poor
DEBB021;"'2017-06-04 06:00'";33;47;8;33;1;poor
DEBB021;"'2017-06-04 07:00'";35;46;8;34;1;poor
DEBB021;"'2017-06-04 08:00'";36;50;8;34;1;poor
DEBB021;"'2017-06-04 09:00'";34;53;7;34;1;poor
DEBB021;"'2017-06-04 10:00'";24;66;8;22;1;moderate
DEBB021;"'2017-06-04 11:00'";19;67;8;18;1;moderate
DEBB021;"'2017-06-04 12:00'";17;60;9;16;1;moderate
DEBB021;"'2017-06-04 13:00'";12;68;6;12;1;good
DEBB021;"'2017-06-04 14:00'";9;76;4;8;1;moderate
DEBB021;"'2017-06-04 15:00'";9;83;2;8;1;moderate
DEBB021;"'2017-06-04 16:00'";11;84;3;10;1;moderate
DEBB021;"'2017-06-04 17:00'";13;80;3;11;1;moderate
DEBB021;"'2017-06-04 18:00'";15;75;3;11;1;moderate
DEBB021;"'2017-06-04 19:00'";11;82;2;7;1;moderate
DEBB021;"'2017-06-04 20:00'";10;80;2;6;1;moderate
DEBB021;"'2017-06-04 21:00'";14;77;3;9;1;moderate
DEBB021;"'2017-06-04 22:00'";13;76;5;8;1;moderate
DEBB021;"'2017-06-04 23:00'";12;69;7;7;1;good
DEBB021;"'2017-06-04 24:00'";15;52;13;10;1;good
DEBB021;"'2017-06-05 01:00'";16;39;14;12;1;good
DEBB021;"'2017-06-05 02:00'";20;27;16;16;1;moderate
DEBB021;"'2017-06-05 03:00'";17;28;11;13;1;good
DEBB021;"'2017-06-05 04:00'";16;28;12;13;1;good
DEBB021;"'2017-06-05 05:00'";15;37;11;12;1;good
DEBB021;"'2017-06-05 06:00'";16;39;9;13;1;good
DEBB021;"'2017-06-05 07:00'";16;49;7;12;1;good
DEBB021;"'2017-06-05 08:00'";13;63;4;9;1;good
DEBB021;"'2017-06-05 09:00'";10;70;2;6;1;good
DEBB021;"'2017-06-05 10:00'";10;76;2;6;1;moderate
DEBB021;"'2017-06-05 11:00'";11;81;2;6;1;moderate
DEBB021;"'2017-06-05 12:00'";12;87;3;7;1;moderate
DEBB021;"'2017-06-05 13:00'";13;92;2;8;1;moderate
DEBB021;"'2017-06-05 14:00'";13;92;2;7;1;moderate
DEBB021;"'2017-06-05 15:00'";13;93;2;8;1;moderate
DEBB021;"'2017-06-05 16:00'";14;92;2;8;1;moderate
DEBB021;"'2017-06-05 17:00'";14;91;5;8;1;moderate
DEBB021;"'2017-06-05 18:00'";17;89;7;11;1;moderate
DEBB021;"'2017-06-05 19:00'";17;76;9;15;1;moderate
DEBB021;"'2017-06-05 20:00'";12;78;5;11;1;moderate
DEBB021;"'2017-06-05 21:00'";15;68;11;14;1;good
DEBB021;"'2017-06-05 22:00'";17;64;13;15;1;good
DEBB021;"'2017-06-05 23:00'";18;58;15;16;1;moderate
DEBB021;"'2017-06-05 24:00'";18;54;12;16;1;moderate
DEBB021;"'2017-06-06 01:00'";19;45;14;17;1;moderate
DEBB021;"'2017-06-06 02:00'";23;37;16;20;1;moderate
DEBB021;"'2017-06-06 03:00'";25;33;17;22;1;moderate
DEBB021;"'2017-06-06 04:00'";25;34;14;21;1;moderate
DEBB021;"'2017-06-06 05:00'";27;31;13;22;1;moderate
DEBB021;"'2017-06-06 06:00'";28;27;17;22;1;moderate
DEBB021;"'2017-06-06 07:00'";29;28;19;23;1;moderate
DEBB021;"'2017-06-06 08:00'";34;28;22;27;1;moderate
DEBB021;"'2017-06-06 09:00'";35;32;25;26;1;moderate
DEBB021;"'2017-06-06 10:00'";30;46;18;22;1;moderate
DEBB021;"'2017-06-06 11:00'";29;59;13;20;1;moderate
DEBB021;"'2017-06-06 12:00'";28;65;13;20;1;moderate
DEBB021;"'2017-06-06 13:00'";26;85;10;17;1;moderate
DEBB021;"'2017-06-06 14:00'";22;95;9;15;1;moderate
DEBB021;"'2017-06-06 15:00'";21;99;9;14;1;moderate
DEBB021;"'2017-06-06 16:00'";17;101;10;10;1;moderate
DEBB021;"'2017-06-06 17:00'";15;96;13;7;1;moderate
DEBB021;"'2017-06-06 18:00'";15;95;12;7;1;moderate
DEBB021;"'2017-06-06 19:00'";9;75;11;7;1;moderate
DEBB021;"'2017-06-06 20:00'";11;61;13;8;1;good
DEBB021;"'2017-06-06 21:00'";10;62;10;7;1;good
DEBB021;"'2017-06-06 22:00'";7;66;6;5;1;good
DEBB021;"'2017-06-06 23:00'";5;71;6;4;1;good
DEBB021;"'2017-06-06 24:00'";6;60;8;4;1;good
DEBB021;"'2017-06-07 01:00'";6;49;8;4;1;good
DEBB021;"'2017-06-07 02:00'";7;46;7;5;1;good
DEBB021;"'2017-06-07 03:00'";7;42;6;5;1;good
DEBB021;"'2017-06-07 04:00'";7;43;5;5;1;good
DEBB021;"'2017-06-07 05:00'";8;53;4;4;1;good
DEBB021;"'2017-06-07 06:00'";6;47;7;4;1;good
DEBB021;"'2017-06-07 07:00'";6;43;10;4;1;good
DEBB021;"'2017-06-07 08:00'";10;43;15;4;1;good
DEBB021;"'2017-06-07 09:00'";14;50;10;5;1;good
DEBB021;"'2017-06-07 10:00'";15;54;7;5;1;good
DEBB021;"'2017-06-07 11:00'";16;54;9;5;1;good
DEBB021;"'2017-06-07 12:00'";12;52;10;5;1;good
DEBB021;"'2017-06-07 13:00'";12;55;9;5;1;good
DEBB021;"'2017-06-07 14:00'";14;59;7;5;1;good
DEBB021;"'2017-06-07 15:00'";14;62;6;4;1;good
DEBB021;"'2017-06-07 16:00'";11;62;9;4;1;good
DEBB021;"'2017-06-07 17:00'";14;66;7;5;1;good
DEBB021;"'2017-06-07 18:00'";12;68;6;4;1;good
DEBB021;"'2017-06-07 19:00'";12;67;5;4;1;good
DEBB021;"'2017-06-07 20:00'";9;72;3;4;1;good
DEBB021;"'2017-06-07 21:00'";5;60;10;3;1;good
DEBB021;"'2017-06-07 22:00'";6;62;7;4;1;good
DEBB021;"'2017-06-07 23:00'";6;62;6;5;1;good
DEBB021;"'2017-06-07 24:00'";8;58;5;6;1;good
DEBB021;"'2017-06-08 01:00'";8;56;5;6;1;good
DEBB021;"'2017-06-08 02:00'";8;53;5;6;1;good
DEBB021;"'2017-06-08 03:00'";9;49;6;7;1;good
DEBB021;"'2017-06-08 04:00'";8;47;6;6;1;good
DEBB021;"'2017-06-08 05:00'";7;45;6;5;1;good
DEBB021;"'2017-06-08 06:00'";9;43;8;6;1;good
DEBB021;"'2017-06-08 07:00'";12;37;17;7;1;good
DEBB021;"'2017-06-08 08:00'";17;33;19;7;1;good
DEBB021;"'2017-06-08 09:00'";17;43;13;7;1;good
DEBB021;"'2017-06-08 10:00'";15;57;9;8;1;good
DEBB021;"'2017-06-08 11:00'";17;52;13;8;1;good
DEBB021;"'2017-06-08 12:00'";19;57;12;7;1;good
DEBB021;"'2017-06-08 13:00'";10;70;8;5;1;good
DEBB021;"'2017-06-08 14:00'";13;65;8;7;1;good
DEBB021;"'2017-06-08 15:00'";17;61;13;8;1;good
DEBB021;"'2017-06-08 16:00'";15;62;13;8;1;good
DEBB021;"'2017-06-08 17:00'";15;69;11;8;1;good
DEBB021;"'2017-06-08 18:00'";13;75;8;7;1;moderate
DEBB021;"'2017-06-08 19:00'";14;77;7;7;1;moderate
DEBB021;"'2017-06-08 20:00'";14;74;10;7;1;moderate
DEBB021;"'2017-06-08 21:00'";15;67;14;8;1;good
DEBB021;"'2017-06-08 22:00'";16;56;19;9;1;good
DEBB021;"'2017-06-08 23:00'";16;49;22;10;1;good
DEBB021;"'2017-06-08 24:00'";15;49;20;10;1;good
DEBB021;"'2017-06-09 01:00'";14;52;15;9;1;good
DEBB021;"'2017-06-09 02:00'";14;47;16;10;1;good
DEBB021;"'2017-06-09 03:00'";13;45;14;10;1;good
DEBB021;"'2017-06-09 04:00'";13;41;13;10;1;good
DEBB021;"'2017-06-09 05:00'";14;35;16;11;1;good
DEBB021;"'2017-06-09 06:00'";15;29;24;12;1;good
DEBB021;"'2017-06-09 07:00'";17;22;34;13;1;moderate
DEBB021;"'2017-06-09 08:00'";40;26;32;15;1;moderate
DEBB021;"'2017-06-09 09:00'";23;37;27;10;1;good
DEBB021;"'2017-06-09 10:00'";19;56;18;9;1;good
DEBB021;"'2017-06-09 11:00'";19;78;14;7;1;moderate
DEBB021;"'2017-06-09 12:00'";17;94;11;6;1;moderate
DEBB021;"'2017-06-09 13:00'";13;96;10;4;1;moderate
DEBB021;"'2017-06-09 14:00'";16;92;11;4;1;moderate
DEBB021;"'2017-06-09 15:00'";13;91;12;3;1;moderate
DEBB021;"'2017-06-09 16:00'";14;95;12;4;1;moderate
DEBB021;"'2017-06-09 17:00'";16;95;11;3;1;moderate
DEBB021;"'2017-06-09 18:00'";13;101;11;3;1;moderate
DEBB021;"'2017-06-09 19:00'";26;98;12;5;1;moderate
DEBB021;"'2017-06-09 20:00'";41;82;9;11;1;moderate
DEBB021;"'2017-06-09 21:00'";8;85;6;3;1;moderate
DEBB021;"'2017-06-09 22:00'";3;85;4;2;1;moderate
DEBB021;"'2017-06-09 23:00'";3;79;5;2;1;moderate
DEBB021;"'2017-06-09 24:00'";4;79;5;3;1;moderate
DEBB021;"'2017-06-10 01:00'";4;69;10;3;1;good
DEBB021;"'2017-06-10 02:00'";4;66;9;3;1;good
DEBB021;"'2017-06-10 03:00'";4;55;10;4;1;good
DEBB021;"'2017-06-10 04:00'";8;50;12;7;1;good
DEBB021;"'2017-06-10 05:00'";12;44;9;10;1;good
DEBB021;"'2017-06-10 06:00'";14;45;8;12;1;good
DEBB021;"'2017-06-10 07:00'";15;49;7;12;1;good
DEBB021;"'2017-06-10 08:00'";16;56;5;12;1;good
DEBB021;"'2017-06-10 09:00'";16;63;2;11;1;good
DEBB021;"'2017-06-10 10:00'";17;70;2;11;1;good
DEBB021;"'2017-06-10 11:00'";15;79;2;10;1;moderate
DEBB021;"'2017-06-10 12:00'";16;81;2;10;1;moderate
DEBB021;"'2017-06-10 13:00'";17;84;2;9;1;moderate
DEBB021;"'2017-06-10 14:00'";18;87;3;9;1;moderate
DEBB021;"'2017-06-10 15:00'";13;91;3;7;1;moderate
DEBB021;"'2017-06-10 16:00'";12;93;3;7;1;moderate
DEBB021;"'2017-06-10 17:00'";11;94;2;6;1;moderate
DEBB021;"'2017-06-10 18:00'";12;93;2;6;1;moderate
DEBB021;"'2017-06-10 19:00'";11;90;2;6;1;moderate
DEBB021;"'2017-06-10 20:00'";10;90;3;6;1;moderate
DEBB021;"'2017-06-10 21:00'";14;87;6;9;1;moderate
DEBB021;"'2017-06-10 22:00'";16;76;10;9;1;moderate
DEBB021;"'2017-06-10 23:00'";25;53;18;13;1;good
DEBB021;"'2017-06-10 24:00'";21;38;28;16;1;moderate
DEBB021;"'2017-06-11 01:00'";22;31;24;17;1;moderate
DEBB021;"'2017-06-11 02:00'";22;29;22;18;1;moderate
DEBB021;"'2017-06-11 03:00'";23;22;28;20;1;moderate
DEBB021;"'2017-06-11 04:00'";20;8;43;18;1;moderate
DEBB021;"'2017-06-11 05:00'";18;32;17;15;1;good
DEBB021;"'2017-06-11 06:00'";17;27;14;15;1;good
DEBB021;"'2017-06-11 07:00'";22;23;21;19;1;moderate
DEBB021;"'2017-06-11 08:00'";21;44;17;17;1;moderate
DEBB021;"'2017-06-11 09:00'";17;75;6;12;1;moderate
DEBB021;"'2017-06-11 10:00'";16;87;5;9;1;moderate
DEBB021;"'2017-06-11 11:00'";11;96;3;6;1;moderate
DEBB021;"'2017-06-11 12:00'";10;99;4;5;2;moderate
DEBB021;"'2017-06-11 13:00'";11;103;3;5;2;moderate
DEBB021;"'2017-06-11 14:00'";11;101;6;5;1;moderate
DEBB021;"'2017-06-11 15:00'";10;102;4;4;1;moderate
DEBB021;"'2017-06-11 16:00'";9;107;5;4;1;moderate
DEBB021;"'2017-06-11 17:00'";11;108;5;4;1;moderate
DEBB021;"'2017-06-11 18:00'";11;103;7;5;1;moderate
DEBB021;"'2017-06-11 19:00'";9;99;9;4;1;moderate
DEBB021;"'2017-06-11 20:00'";13;98;11;5;1;moderate
DEBB021;"'2017-06-11 21:00'";12;91;12;6;1;moderate
DEBB021;"'2017-06-11 22:00'";12;90;11;6;1;moderate
DEBB021;"'2017-06-11 23:00'";13;79;11;7;1;moderate
DEBB021;"'2017-06-11 24:00'";10;62;9;8;1;good
DEBB021;"'2017-06-12 01:00'";14;36;14;11;1;good
DEBB021;"'2017-06-12 02:00'";10;45;13;8;1;good
DEBB021;"'2017-06-12 03:00'";10;43;8;9;1;good
DEBB021;"'2017-06-12 04:00'";10;36;7;9;1;good
DEBB021;"'2017-06-12 05:00'";14;32;14;12;1;good
DEBB021;"'2017-06-12 06:00'";19;25;23;17;1;moderate
DEBB021;"'2017-06-12 07:00'";22;42;19;18;1;moderate
DEBB021;"'2017-06-12 08:00'";21;52;14;16;1;moderate
DEBB021;"'2017-06-12 09:00'";16;53;10;10;1;good
DEBB021;"'2017-06-12 10:00'";15;57;8;9;1;good
DEBB021;"'2017-06-12 11:00'";19;72;6;8;1;good
DEBB021;"'2017-06-12 12:00'";16;85;6;7;1;moderate
DEBB021;"'2017-06-12 13:00'";16;88;3;7;1;moderate
DEBB021;"'2017-06-12 14:00'";19;84;4;8;1;moderate
DEBB021;"'2017-06-12 15:00'";18;85;5;8;1;moderate
DEBB021;"'2017-06-12 16:00'";21;83;6;9;1;moderate
DEBB021;"'2017-06-12 17:00'";22;87;4;8;1;moderate
DEBB021;"'2017-06-12 18:00'";15;82;3;7;1;moderate
DEBB021;"'2017-06-12 19:00'";17;81;4;8;1;moderate
DEBB021;"'2017-06-12 20:00'";18;75;5;10;1;moderate
DEBB021;"'2017-06-12 21:00'";17;73;5;10;1;moderate
DEBB021;"'2017-06-12 22:00'";19;69;6;12;1;good
DEBB021;"'2017-06-12 23:00'";17;66;6;11;1;good
DEBB021;"'2017-06-12 24:00'";12;69;3;8;1;good
DEBB021;"'2017-06-13 01:00'";11;68;2;7;1;good
DEBB021;"'2017-06-13 02:00'";11;68;2;7;1;good
DEBB021;"'2017-06-13 03:00'";10;70;2;7;1;good
DEBB021;"'2017-06-13 04:00'";12;67;3;8;1;good
DEBB021;"'2017-06-13 05:00'";11;67;2;8;1;good
DEBB021;"'2017-06-13 06:00'";13;64;6;9;1;good
DEBB021;"'2017-06-13 07:00'";15;58;10;9;1;good
DEBB021;"'2017-06-13 08:00'";16;61;8;9;1;good
DEBB021;"'2017-06-13 09:00'";16;60;9;9;1;good
DEBB021;"'2017-06-13 10:00'";14;64;6;7;1;good
DEBB021;"'2017-06-13 11:00'";19;63;7;7;1;good
DEBB021;"'2017-06-13 12:00'";16;64;6;8;1;good
DEBB021;"'2017-06-13 13:00'";15;67;5;7;1;good
DEBB021;"'2017-06-13 14:00'";17;71;4;7;1;good
DEBB021;"'2017-06-13 15:00'";20;69;6;7;1;good
DEBB021;"'2017-06-13 16:00'";15;71;6;7;1;good
DEBB021;"'2017-06-13 17:00'";13;70;6;7;1;good
DEBB021;"'2017-06-13 18:00'";13;69;5;7;1;good
DEBB021;"'2017-06-13 19:00'";14;65;6;8;1;good
DEBB021;"'2017-06-13 20:00'";12;64;5;9;1;good
DEBB021;"'2017-06-13 21:00'";11;64;3;8;1;good
DEBB021;"'2017-06-13 22:00'";12;60;5;8;1;good
DEBB021;"'2017-06-13 23:00'";11;56;7;8;1;good
DEBB021;"'2017-06-13 24:00'";10;56;5;8;1;good
DEBB021;"'2017-06-14 01:00'";12;56;5;10;1;good
DEBB021;"'2017-06-14 02:00'";12;54;4;10;1;good
DEBB021;"'2017-06-14 03:00'";13;51;2;11;1;good
DEBB021;"'2017-06-14 04:00'";13;48;3;11;1;good
DEBB021;"'2017-06-14 05:00'";13;44;4;11;1;good
DEBB021;"'2017-06-14 06:00'";14;38;9;12;1;good
DEBB021;"'2017-06-14 07:00'";15;37;11;13;1;good
DEBB021;"'2017-06-14 08:00'";15;48;7;12;1;good
DEBB021;"'2017-06-14 09:00'";16;52;5;12;1;good
DEBB021;"'2017-06-14 10:00'";15;54;4;11;1;good
DEBB021;"'2017-06-14 11:00'";14;58;4;9;1;good
DEBB021;"'2017-06-14 12:00'";13;61;2;9;1;good
DEBB021;"'2017-06-14 13:00'";12;65;2;8;1;good
DEBB021;"'2017-06-14 14:00'";13;68;2;9;1;good
DEBB021;"'2017-06-14 15:00'";13;69;2;8;1;good
DEBB021;"'2017-06-14 16:00'";13;69;3;7;1;good
DEBB021;"'2017-06-14 17:00'";11;70;5;7;1;good
DEBB021;"'2017-06-14 18:00'";11;74;2;6;1;moderate
DEBB021;"'2017-06-14 19:00'";9;76;2;6;1;moderate
DEBB021;"'2017-06-14 20:00'";8;77;3;5;1;moderate
DEBB021;"'2017-06-14 21:00'";9;74;4;5;1;moderate
DEBB021;"'2017-06-14 22:00'";12;64;12;7;1;good
DEBB021;"'2017-06-14 23:00'";13;54;14;7;1;good
DEBB021;"'2017-06-14 24:00'";12;52;9;7;1;good
DEBB021;"'2017-06-15 01:00'";11;36;12;8;1;good
DEBB021;"'2017-06-15 02:00'";12;26;17;10;1;good
DEBB021;"'2017-06-15 03:00'";10;21;18;8;1;good
DEBB021;"'2017-06-15 04:00'";11;15;24;10;1;good
DEBB021;"'2017-06-15 05:00'";12;12;30;10;1;good
DEBB021;"'2017-06-15 06:00'";13;14;32;10;1;moderate
DEBB021;"'2017-06-15 07:00'";15;10;41;11;1;moderate
DEBB021;"'2017-06-15 08:00'";32;20;42;13;1;moderate
DEBB021;"'2017-06-15 09:00'";36;39;27;11;1;moderate
DEBB021;"'2017-06-15 10:00'";25;66;10;9;1;good
DEBB021;"'2017-06-15 11:00'";30;75;10;9;1;moderate
DEBB021;"'2017-06-15 12:00'";20;83;6;8;1;moderate
DEBB021;"'2017-06-15 13:00'";24;87;7;7;1;moderate
DEBB021;"'2017-06-15 14:00'";18;94;6;7;1;moderate
DEBB021;"'2017-06-15 15:00'";23;97;6;7;1;moderate
DEBB021;"'2017-06-15 16:00'";29;100;7;7;1;moderate
DEBB021;"'2017-06-15 17:00'";22;102;6;6;1;moderate
DEBB021;"'2017-06-15 18:00'";25;97;14;7;1;moderate
DEBB021;"'2017-06-15 19:00'";23;98;10;8;1;moderate
DEBB021;"'2017-06-15 20:00'";18;99;9;7;1;moderate
DEBB021;"'2017-06-15 21:00'";26;91;12;8;1;moderate
DEBB021;"'2017-06-15 22:00'";24;81;18;10;1;moderate
DEBB021;"'2017-06-15 23:00'";21;78;20;12;1;moderate
DEBB021;"'2017-06-15 24:00'";30;88;10;15;1;moderate
DEBB021;"'2017-06-16 01:00'";12;92;2;10;1;moderate
DEBB021;"'2017-06-16 02:00'";8;74;3;7;1;moderate
DEBB021;"'2017-06-16 03:00'";10;71;8;9;1;good
DEBB021;"'2017-06-16 04:00'";19;61;9;18;1;moderate
DEBB021;"'2017-06-16 05:00'";22;58;12;20;1;moderate
DEBB021;"'2017-06-16 06:00'";25;62;7;22;1;moderate
DEBB021;"'2017-06-16 07:00'";28;62;13;23;1;moderate
DEBB021;"'2017-06-16 08:00'";24;60;10;20;1;moderate
DEBB021;"'2017-06-16 09:00'";21;61;8;17;1;moderate
DEBB021;"'2017-06-16 10:00'";16;60;9;13;1;good
DEBB021;"'2017-06-16 11:00'";14;75;6;11;1;moderate
DEBB021;"'2017-06-16 12:00'";16;80;5;11;1;moderate
DEBB021;"'2017-06-16 13:00'";14;81;4;9;1;moderate
DEBB021;"'2017-06-16 14:00'";14;77;5;9;1;moderate
DEBB021;"'2017-06-16 15:00'";9;73;6;6;1;moderate
DEBB021;"'2017-06-16 16:00'";5;69;7;4;1;good
DEBB021;"'2017-06-16 17:00'";7;69;6;5;1;good
DEBB021;"'2017-06-16 18:00'";8;67;5;5;1;good
DEBB021;"'2017-06-16 19:00'";9;66;2;5;1;good
DEBB021;"'2017-06-16 20:00'";10;65;2;6;1;good
DEBB021;"'2017-06-16 21:00'";11;62;2;7;1;good
DEBB021;"'2017-06-16 22:00'";12;59;2;7;1;good
DEBB021;"'2017-06-16 23:00'";12;60;2;8;1;good
DEBB021;"'2017-06-16 24:00'";12;54;2;8;1;good
DEBB021;"'2017-06-17 01:00'";11;53;2;8;1;good
DEBB021;"'2017-06-17 02:00'";10;52;2;7;1;good
DEBB021;"'2017-06-17 03:00'";9;50;2;7;1;good
DEBB021;"'2017-06-17 04:00'";9;51;2;7;1;good
DEBB021;"'2017-06-17 05:00'";10;47;2;8;1;good
DEBB021;"'2017-06-17 06:00'";10;48;2;8;1;good
DEBB021;"'2017-06-17 07:00'";10;48;3;8;1;good
DEBB021;"'2017-06-17 08:00'";11;46;5;9;1;good
DEBB021;"'2017-06-17 09:00'";11;50;2;8;1;good
DEBB021;"'2017-06-17 10:00'";10;53;2;7;1;good
DEBB021;"'2017-06-17 11:00'";10;56;2;7;1;good
DEBB021;"'2017-06-17 12:00'";9;61;2;6;1;good
DEBB021;"'2017-06-17 13:00'";10;63;2;6;1;good
DEBB021;"'2017-06-17 14:00'";11;67;2;6;1;good
DEBB021;"'2017-06-17 15:00'";10;71;2;6;1;good
DEBB021;"'2017-06-17 16:00'";9;74;2;5;1;moderate
DEBB021;"'2017-06-17 17:00'";8;74;2;5;1;moderate
DEBB021;"'2017-06-17 18:00'";9;75;2;5;1;moderate
DEBB021;"'2017-06-17 19:00'";9;76;2;5;1;moderate
DEBB021;"'2017-06-17 20:00'";8;76;3;5;1;moderate
DEBB021;"'2017-06-17 21:00'";10;72;4;6;1;good
DEBB021;"'2017-06-17 22:00'";13;62;10;8;1;good
DEBB021;"'2017-06-17 23:00'";14;60;10;10;1;good
DEBB021;"'2017-06-17 24:00'";13;55;11;9;1;good
DEBB021;"'2017-06-18 01:00'";14;52;10;11;1;good
DEBB021;"'2017-06-18 02:00'";11;53;7;8;1;good
DEBB021;"'2017-06-18 03:00'";13;33;12;10;1;good
DEBB021;"'2017-06-18 04:00'";13;35;11;10;1;good
DEBB021;"'2017-06-18 05:00'";14;36;10;12;1;good
DEBB021;"'2017-06-18 06:00'";13;36;8;11;1;good
DEBB021;"'2017-06-18 07:00'";14;34;7;12;1;good
DEBB021;"'2017-06-18 08:00'";15;41;6;12;1;good
DEBB021;"'2017-06-18 09:00'";13;51;2;11;1;good
DEBB021;"'2017-06-18 10:00'";12;60;2;10;1;good
DEBB021;"'2017-06-18 11:00'";12;65;2;9;1;good
DEBB021;"'2017-06-18 12:00'";12;68;2;9;1;good
DEBB021;"'2017-06-18 13:00'";10;71;2;8;1;good
DEBB021;"'2017-06-18 14:00'";10;78;2;8;1;moderate
DEBB021;"'2017-06-18 15:00'";8;78;2;6;1;moderate
DEBB021;"'2017-06-18 16:00'";9;76;2;7;1;moderate
DEBB021;"'2017-06-18 17:00'";7;75;2;5;1;moderate
DEBB021;"'2017-06-18 18:00'";7;69;2;5;1;good
DEBB021;"'2017-06-18 19:00'";6;66;2;5;1;good
DEBB021;"'2017-06-18 20:00'";6;64;2;5;1;good
DEBB021;"'2017-06-18 21:00'";8;62;3;6;1;good
DEBB021;"'2017-06-18 22:00'";11;53;9;8;1;good
DEBB021;"'2017-06-18 23:00'";12;37;15;10;1;good
DEBB021;"'2017-06-18 24:00'";14;22;23;12;1;good
DEBB021;"'2017-06-19 01:00'";15;19;19;14;1;good
DEBB021;"'2017-06-19 02:00'";15;11;19;13;1;good
DEBB021;"'2017-06-19 03:00'";14;9;18;13;1;good
DEBB021;"'2017-06-19 04:00'";14;3;15;12;1;good
DEBB021;"'2017-06-19 05:00'";13;2;12;12;1;good
DEBB021;"'2017-06-19 06:00'";14;3;15;13;1;good
DEBB021;"'2017-06-19 07:00'";17;7;22;14;1;good
DEBB021;"'2017-06-19 08:00'";17;11;31;13;1;moderate
DEBB021;"'2017-06-19 09:00'";15;32;22;8;1;good
DEBB021;"'2017-06-19 10:00'";13;56;10;7;1;good
DEBB021;"'2017-06-19 11:00'";14;68;9;7;1;good
DEBB021;"'2017-06-19 12:00'";16;76;7;8;1;moderate
DEBB021;"'2017-06-19 13:00'";15;80;6;7;1;moderate
DEBB021;"'2017-06-19 14:00'";14;86;3;7;1;moderate
DEBB021;"'2017-06-19 15:00'";16;85;2;6;1;moderate
DEBB021;"'2017-06-19 16:00'";12;89;4;5;1;moderate
DEBB021;"'2017-06-19 17:00'";15;90;5;5;1;moderate
DEBB021;"'2017-06-19 18:00'";13;90;3;5;1;moderate
DEBB021;"'2017-06-19 19:00'";10;89;4;5;1;moderate
DEBB021;"'2017-06-19 20:00'";11;92;7;5;1;moderate
DEBB021;"'2017-06-19 21:00'";15;93;11;6;1;moderate
DEBB021;"'2017-06-19 22:00'";18;80;13;8;1;moderate
DEBB021;"'2017-06-19 23:00'";18;69;19;11;1;good
DEBB021;"'2017-06-19 24:00'";20;43;28;14;1;good
DEBB021;"'2017-06-20 01:00'";19;42;21;16;1;moderate
DEBB021;"'2017-06-20 02:00'";21;45;18;18;1;moderate
DEBB021;"'2017-06-20 03:00'";22;42;16;21;1;moderate
DEBB021;"'2017-06-20 04:00'";24;32;18;22;1;moderate
DEBB021;"'2017-06-20 05:00'";25;18;21;23;1;moderate
DEBB021;"'2017-06-20 06:00'";26;18;26;24;1;moderate
DEBB021;"'2017-06-20 07:00'";31;26;43;24;1;moderate
DEBB021;"'2017-06-20 08:00'";28;56;26;20;1;moderate
DEBB021;"'2017-06-20 09:00'";28;67;21;15;1;moderate
DEBB021;"'2017-06-20 10:00'";23;87;12;11;1;moderate
DEBB021;"'2017-06-20 11:00'";20;108;10;10;1;moderate
DEBB021;"'2017-06-20 12:00'";21;113;9;10;1;moderate
DEBB021;"'2017-06-20 13:00'";23;114;9;12;1;moderate
DEBB021;"'2017-06-20 14:00'";21;119;6;11;1;moderate
DEBB021;"'2017-06-20 15:00'";19;114;5;9;1;moderate
DEBB021;"'2017-06-20 16:00'";19;101;7;8;1;moderate
DEBB021;"'2017-06-20 17:00'";17;92;7;6;1;moderate
DEBB021;"'2017-06-20 18:00'";14;82;5;5;1;moderate
DEBB021;"'2017-06-20 19:00'";14;76;5;5;1;moderate
DEBB021;"'2017-06-20 20:00'";11;75;5;5;1;moderate
DEBB021;"'2017-06-20 21:00'";10;72;5;4;1;good
DEBB021;"'2017-06-20 22:00'";11;70;6;5;1;good
DEBB021;"'2017-06-20 23:00'";10;70;4;5;1;good
DEBB021;"'2017-06-20 24:00'";10;74;2;5;1;moderate
DEBB021;"'2017-06-21 01:00'";10;73;2;5;1;moderate
DEBB021;"'2017-06-21 02:00'";10;70;3;5;1;good
DEBB021;"'2017-06-21 03:00'";12;68;2;5;1;good
DEBB021;"'2017-06-21 04:00'";12;65;4;6;1;good
DEBB021;"'2017-06-21 05:00'";12;59;5;6;1;good
DEBB021;"'2017-06-21 06:00'";14;55;8;8;1;good
DEBB021;"'2017-06-21 07:00'";15;54;9;8;1;good
DEBB021;"'2017-06-21 08:00'";17;53;10;8;1;good
DEBB021;"'2017-06-21 09:00'";19;56;7;8;1;good
DEBB021;"'2017-06-21 10:00'";18;64;5;8;1;good
DEBB021;"'2017-06-21 11:00'";-;69;4;8;1;good
DEBB021;"'2017-06-21 12:00'";20;71;2;7;1;good
DEBB021;"'2017-06-21 13:00'";16;73;3;6;1;moderate
DEBB021;"'2017-06-21 14:00'";15;75;3;6;1;moderate
DEBB021;"'2017-06-21 15:00'";19;78;2;6;1;moderate
DEBB021;"'2017-06-21 16:00'";15;77;4;5;1;moderate
DEBB021;"'2017-06-21 17:00'";15;77;3;4;1;moderate
DEBB021;"'2017-06-21 18:00'";11;77;2;3;1;moderate
DEBB021;"'2017-06-21 19:00'";9;78;2;3;1;moderate
DEBB021;"'2017-06-21 20:00'";10;78;3;3;1;moderate
DEBB021;"'2017-06-21 21:00'";19;73;7;4;1;moderate
DEBB021;"'2017-06-21 22:00'";17;56;16;5;1;good
DEBB021;"'2017-06-21 23:00'";21;42;21;7;1;good
DEBB021;"'2017-06-21 24:00'";19;32;28;8;1;good
DEBB021;"'2017-06-22 01:00'";15;35;24;7;1;good
DEBB021;"'2017-06-22 02:00'";15;28;25;7;1;good
DEBB021;"'2017-06-22 03:00'";18;31;23;8;1;good
DEBB021;"'2017-06-22 04:00'";15;31;22;8;1;good
DEBB021;"'2017-06-22 05:00'";15;27;27;8;1;good
DEBB021;"'2017-06-22 06:00'";21;17;34;10;1;moderate
DEBB021;"'2017-06-22 07:00'";22;20;35;11;1;moderate
DEBB021;"'2017-06-22 08:00'";54;26;35;17;1;moderate
DEBB021;"'2017-06-22 09:00'";46;47;25;8;1;moderate
DEBB021;"'2017-06-22 10:00'";33;74;14;6;1;moderate
DEBB021;"'2017-06-22 11:00'";38;91;14;7;1;moderate
DEBB021;"'2017-06-22 12:00'";28;109;9;7;1;moderate
DEBB021;"'2017-06-22 13:00'";59;114;9;9;1;poor
DEBB021;"'2017-06-22 14:00'";39;110;13;8;1;moderate
DEBB021;"'2017-06-22 15:00'";49;95;24;12;1;moderate
DEBB021;"'2017-06-22 16:00'";17;81;16;13;1;moderate
DEBB021;"'2017-06-22 17:00'";15;74;19;12;1;moderate
DEBB021;"'2017-06-22 18:00'";15;68;19;13;1;good
DEBB021;"'2017-06-22 19:00'";18;68;16;15;1;good
DEBB021;"'2017-06-22 20:00'";20;68;12;16;1;moderate
DEBB021;"'2017-06-22 21:00'";19;75;15;15;1;moderate
DEBB021;"'2017-06-22 22:00'";21;89;8;17;1;moderate
DEBB021;"'2017-06-22 23:00'";18;103;6;15;1;moderate
DEBB021;"'2017-06-22 24:00'";13;107;2;11;1;moderate
DEBB021;"'2017-06-23 01:00'";15;85;8;12;1;moderate
DEBB021;"'2017-06-23 02:00'";17;79;5;14;1;moderate
DEBB021;"'2017-06-23 03:00'";23;74;5;20;1;moderate
DEBB021;"'2017-06-23 04:00'";16;84;5;14;1;moderate
DEBB021;"'2017-06-23 05:00'";14;85;4;12;1;moderate
DEBB021;"'2017-06-23 06:00'";23;70;7;20;1;moderate
DEBB021;"'2017-06-23 07:00'";31;60;8;27;1;moderate
DEBB021;"'2017-06-23 08:00'";29;56;11;26;1;moderate
DEBB021;"'2017-06-23 09:00'";24;63;9;20;1;moderate
DEBB021;"'2017-06-23 10:00'";22;68;6;18;1;moderate
DEBB021;"'2017-06-23 11:00'";20;71;5;15;1;good
DEBB021;"'2017-06-23 12:00'";19;75;5;12;1;moderate
DEBB021;"'2017-06-23 13:00'";14;83;2;8;1;moderate
DEBB021;"'2017-06-23 14:00'";14;86;4;8;1;moderate
DEBB021;"'2017-06-23 15:00'";13;87;4;8;1;moderate
DEBB021;"'2017-06-23 16:00'";13;87;6;8;1;moderate
DEBB021;"'2017-06-23 17:00'";13;90;6;8;1;moderate
DEBB021;"'2017-06-23 18:00'";13;86;5;8;1;moderate
DEBB021;"'2017-06-23 19:00'";13;87;4;9;1;moderate
DEBB021;"'2017-06-23 20:00'";15;83;7;10;1;moderate
DEBB021;"'2017-06-23 21:00'";17;78;8;12;1;moderate
DEBB021;"'2017-06-23 22:00'";23;83;10;17;1;moderate
DEBB021;"'2017-06-23 23:00'";25;80;11;19;1;moderate
DEBB021;"'2017-06-23 24:00'";25;77;11;20;1;moderate
DEBB021;"'2017-06-24 01:00'";20;75;7;15;1;moderate
DEBB021;"'2017-06-24 02:00'";19;70;6;14;1;good
DEBB021;"'2017-06-24 03:00'";18;65;5;14;1;good
DEBB021;"'2017-06-24 04:00'";19;62;6;15;1;good
DEBB021;"'2017-06-24 05:00'";12;77;2;9;1;moderate
DEBB021;"'2017-06-24 06:00'";11;73;3;8;1;moderate
DEBB021;"'2017-06-24 07:00'";14;68;6;10;1;good
DEBB021;"'2017-06-24 08:00'";16;65;9;12;1;good
DEBB021;"'2017-06-24 09:00'";21;67;9;14;1;good
DEBB021;"'2017-06-24 10:00'";25;62;10;16;1;moderate
DEBB021;"'2017-06-24 11:00'";27;60;14;17;1;moderate
DEBB021;"'2017-06-24 12:00'";30;71;11;18;1;moderate
DEBB021;"'2017-06-24 13:00'";29;79;9;18;1;moderate
DEBB021;"'2017-06-24 14:00'";28;79;10;17;1;moderate
DEBB021;"'2017-06-24 15:00'";21;82;6;13;1;moderate
DEBB021;"'2017-06-24 16:00'";21;85;6;13;1;moderate
DEBB021;"'2017-06-24 17:00'";16;80;6;10;1;moderate
DEBB021;"'2017-06-24 18:00'";13;71;4;9;1;good
DEBB021;"'2017-06-24 19:00'";13;69;4;10;1;good
DEBB021;"'2017-06-24 20:00'";15;71;4;11;1;good
DEBB021;"'2017-06-24 21:00'";16;73;4;12;1;moderate
DEBB021;"'2017-06-24 22:00'";18;71;5;13;1;good
DEBB021;"'2017-06-24 23:00'";19;65;7;14;1;good
DEBB021;"'2017-06-24 24:00'";20;61;8;15;1;good
DEBB021;"'2017-06-25 01:00'";18;55;9;14;1;good
DEBB021;"'2017-06-25 02:00'";17;54;7;13;1;good
DEBB021;"'2017-06-25 03:00'";16;53;6;14;1;good
DEBB021;"'2017-06-25 04:00'";15;51;5;13;1;good
DEBB021;"'2017-06-25 05:00'";14;46;5;12;1;good
DEBB021;"'2017-06-25 06:00'";11;44;4;10;1;good
DEBB021;"'2017-06-25 07:00'";11;41;6;10;1;good
DEBB021;"'2017-06-25 08:00'";11;42;5;10;1;good
DEBB021;"'2017-06-25 09:00'";12;43;5;10;1;good
DEBB021;"'2017-06-25 10:00'";12;47;6;9;1;good
DEBB021;"'2017-06-25 11:00'";12;49;5;10;1;good
DEBB021;"'2017-06-25 12:00'";12;48;7;10;1;good
DEBB021;"'2017-06-25 13:00'";7;54;3;6;1;good
DEBB021;"'2017-06-25 14:00'";6;59;3;4;1;good
DEBB021;"'2017-06-25 15:00'";5;56;4;5;1;good
DEBB021;"'2017-06-25 16:00'";6;59;4;6;1;good
DEBB021;"'2017-06-25 17:00'";7;64;2;6;1;good
DEBB021;"'2017-06-25 18:00'";8;64;2;7;1;good
DEBB021;"'2017-06-25 19:00'";7;58;3;6;1;good
DEBB021;"'2017-06-25 20:00'";8;54;6;7;1;good
DEBB021;"'2017-06-25 21:00'";9;50;7;8;1;good
DEBB021;"'2017-06-25 22:00'";10;49;6;8;1;good
DEBB021;"'2017-06-25 23:00'";11;47;6;10;1;good
DEBB021;"'2017-06-25 24:00'";11;46;4;10;1;good
DEBB021;"'2017-06-26 01:00'";9;46;2;8;1;good
DEBB021;"'2017-06-26 02:00'";10;41;2;9;1;good
DEBB021;"'2017-06-26 03:00'";10;43;2;8;1;good
DEBB021;"'2017-06-26 04:00'";10;40;5;9;1;good
DEBB021;"'2017-06-26 05:00'";10;41;4;9;1;good
DEBB021;"'2017-06-26 06:00'";9;38;6;9;1;good
DEBB021;"'2017-06-26 07:00'";10;29;13;10;1;good
DEBB021;"'2017-06-26 08:00'";14;25;17;12;1;good
DEBB021;"'2017-06-26 09:00'";7;43;12;6;1;good
DEBB021;"'2017-06-26 10:00'";4;53;8;4;1;good
DEBB021;"'2017-06-26 11:00'";6;56;6;4;1;good
DEBB021;"'2017-06-26 12:00'";7;65;2;5;1;good
DEBB021;"'2017-06-26 13:00'";9;69;2;6;1;good
DEBB021;"'2017-06-26 14:00'";10;70;2;6;1;good
DEBB021;"'2017-06-26 15:00'";10;72;2;7;1;good
DEBB021;"'2017-06-26 16:00'";11;72;3;7;1;good
DEBB021;"'2017-06-26 17:00'";12;74;6;8;1;moderate
DEBB021;"'2017-06-26 18:00'";12;75;4;9;1;moderate
DEBB021;"'2017-06-26 19:00'";13;75;5;9;1;moderate
DEBB021;"'2017-06-26 20:00'";13;75;5;9;1;moderate
DEBB021;"'2017-06-26 21:00'";14;73;7;10;1;moderate
DEBB021;"'2017-06-26 22:00'";15;65;10;11;1;good
DEBB021;"'2017-06-26 23:00'";13;65;7;9;1;good
DEBB021;"'2017-06-26 24:00'";13;62;6;7;1;good
DEBB021;"'2017-06-27 01:00'";10;53;7;6;1;good
DEBB021;"'2017-06-27 02:00'";9;49;8;6;1;good
DEBB021;"'2017-06-27 03:00'";8;50;6;6;1;good
DEBB021;"'2017-06-27 04:00'";8;46;6;6;1;good
DEBB021;"'2017-06-27 05:00'";9;39;8;6;1;good
DEBB021;"'2017-06-27 06:00'";9;25;18;7;1;good
DEBB021;"'2017-06-27 07:00'";13;37;17;7;1;good
DEBB021;"'2017-06-27 08:00'";14;50;7;8;1;good
DEBB021;"'2017-06-27 09:00'";16;50;6;9;1;good
DEBB021;"'2017-06-27 10:00'";14;53;7;8;1;good
DEBB021;"'2017-06-27 11:00'";13;58;7;8;1;good
DEBB021;"'2017-06-27 12:00'";15;62;7;8;1;good
DEBB021;"'2017-06-27 13:00'";16;70;9;8;1;good
DEBB021;"'2017-06-27 14:00'";15;75;9;8;1;moderate
DEBB021;"'2017-06-27 15:00'";15;84;8;8;1;moderate
DEBB021;"'2017-06-27 16:00'";15;93;9;8;1;moderate
DEBB021;"'2017-06-27 17:00'";16;100;11;8;1;moderate
DEBB021;"'2017-06-27 18:00'";19;101;12;9;1;moderate
DEBB021;"'2017-06-27 19:00'";21;101;14;9;1;moderate
DEBB021;"'2017-06-27 20:00'";19;103;11;7;1;moderate
DEBB021;"'2017-06-27 21:00'";17;95;12;8;1;moderate
DEBB021;"'2017-06-27 22:00'";17;80;20;9;1;moderate
DEBB021;"'2017-06-27 23:00'";30;66;19;19;2;moderate
DEBB021;"'2017-06-27 24:00'";43;56;20;29;2;moderate
DEBB021;"'2017-06-28 01:00'";15;61;11;10;1;good
DEBB021;"'2017-06-28 02:00'";15;60;9;10;1;good
DEBB021;"'2017-06-28 03:00'";15;60;8;10;2;good
DEBB021;"'2017-06-28 04:00'";13;60;6;9;1;good
DEBB021;"'2017-06-28 05:00'";12;56;9;9;3;good
DEBB021;"'2017-06-28 06:00'";13;52;12;9;3;good
DEBB021;"'2017-06-28 07:00'";16;49;15;10;2;good
DEBB021;"'2017-06-28 08:00'";20;49;16;13;2;good
DEBB021;"'2017-06-28 09:00'";22;57;15;14;1;good
DEBB021;"'2017-06-28 10:00'";22;73;11;13;1;moderate
DEBB021;"'2017-06-28 11:00'";20;84;9;13;1;moderate
DEBB021;"'2017-06-28 12:00'";23;93;11;13;1;moderate
DEBB021;"'2017-06-28 13:00'";22;104;9;13;1;moderate
DEBB021;"'2017-06-28 14:00'";21;88;9;11;1;moderate
DEBB021;"'2017-06-28 15:00'";18;92;10;11;1;moderate
DEBB021;"'2017-06-28 16:00'";29;67;23;18;1;moderate
DEBB021;"'2017-06-28 17:00'";24;48;29;18;1;moderate
DEBB021;"'2017-06-28 18:00'";14;66;12;12;1;good
DEBB021;"'2017-06-28 19:00'";10;63;15;9;1;good
DEBB021;"'2017-06-28 20:00'";15;54;15;13;1;good
DEBB021;"'2017-06-28 21:00'";12;69;6;10;1;good
DEBB021;"'2017-06-28 22:00'";15;51;10;13;1;good
DEBB021;"'2017-06-28 23:00'";20;34;14;17;1;moderate
DEBB021;"'2017-06-28 24:00'";24;20;20;22;1;moderate
DEBB021;"'2017-06-29 01:00'";26;9;23;23;1;moderate
DEBB021;"'2017-06-29 02:00'";27;10;21;24;1;moderate
DEBB021;"'2017-06-29 03:00'";29;10;19;28;1;moderate
DEBB021;"'2017-06-29 04:00'";31;10;21;28;1;moderate
DEBB021;"'2017-06-29 05:00'";36;15;20;30;1;moderate
DEBB021;"'2017-06-29 06:00'";26;21;17;22;1;moderate
DEBB021;"'2017-06-29 07:00'";31;23;15;25;1;moderate
DEBB021;"'2017-06-29 08:00'";28;26;15;25;1;moderate
DEBB021;"'2017-06-29 09:00'";33;37;14;29;1;moderate
DEBB021;"'2017-06-29 10:00'";32;47;14;28;1;moderate
DEBB021;"'2017-06-29 11:00'";34;57;12;31;1;poor
DEBB021;"'2017-06-29 12:00'";42;63;12;36;1;poor
DEBB021;"'2017-06-29 13:00'";41;69;11;35;1;poor
DEBB021;"'2017-06-29 14:00'";27;65;11;25;1;moderate
DEBB021;"'2017-06-29 15:00'";15;65;13;14;1;good
DEBB021;"'2017-06-29 16:00'";17;54;13;17;1;moderate
DEBB021;"'2017-06-29 17:00'";17;64;11;17;1;moderate
DEBB021;"'2017-06-29 18:00'";15;68;10;15;1;good
DEBB021;"'2017-06-29 19:00'";16;69;7;15;1;good
DEBB021;"'2017-06-29 20:00'";11;82;6;11;1;moderate
DEBB021;"'2017-06-29 21:00'";9;75;7;9;1;moderate
DEBB021;"'2017-06-29 22:00'";7;49;11;7;1;good
DEBB021;"'2017-06-29 23:00'";10;48;10;10;1;good
DEBB021;"'2017-06-29 24:00'";11;48;8;11;1;good
DEBB021;"'2017-06-30 01:00'";10;47;7;10;1;good
DEBB021;"'2017-06-30 02:00'";9;47;6;8;1;good
DEBB021;"'2017-06-30 03:00'";8;56;3;8;1;good
DEBB021;"'2017-06-30 04:00'";8;55;4;8;1;good
DEBB021;"'2017-06-30 05:00'";8;60;2;8;1;good
DEBB021;"'2017-06-30 06:00'";7;68;2;6;1;good
DEBB021;"'2017-06-30 07:00'";4;69;6;4;1;good
DEBB021;"'2017-06-30 08:00'";4;62;10;4;1;good
DEBB021;"'2017-06-30 09:00'";6;63;9;6;1;good
DEBB021;"'2017-06-30 10:00'";8;63;8;8;1;good
DEBB021;"'2017-06-30 11:00'";14;57;11;13;1;good
DEBB021;"'2017-06-30 12:00'";16;58;10;15;1;good
DEBB021;"'2017-06-30 13:00'";22;49;12;19;1;moderate
DEBB021;"'2017-06-30 14:00'";28;57;9;20;1;moderate
DEBB021;"'2017-06-30 15:00'";27;65;8;19;1;moderate
DEBB021;"'2017-06-30 16:00'";25;61;9;15;1;good
DEBB021;"'2017-06-30 17:00'";19;59;12;15;1;good
DEBB021;"'2017-06-30 18:00'";16;59;12;13;1;good
DEBB021;"'2017-06-30 19:00'";16;56;10;13;1;good
DEBB021;"'2017-06-30 20:00'";7;68;8;6;1;good
DEBB021;"'2017-06-30 21:00'";10;64;7;8;1;good
DEBB021;"'2017-06-30 22:00'";9;64;6;8;1;good
DEBB021;"'2017-06-30 23:00'";7;52;12;6;1;good
DEBB021;"'2017-06-30 24:00'";6;52;9;5;1;good
DEBB021;"'2017-07-01 01:00'";11;39;12;9;1;good
DEBB021;"'2017-07-01 02:00'";12;35;11;11;1;good
DEBB021;"'2017-07-01 03:00'";14;36;9;12;1;good
DEBB021;"'2017-07-01 04:00'";16;34;9;14;1;good
DEBB021;"'2017-07-01 05:00'";17;46;7;15;1;good
DEBB021;"'2017-07-01 06:00'";19;40;9;17;1;moderate
DEBB021;"'2017-07-01 07:00'";20;41;10;17;1;moderate
DEBB021;"'2017-07-01 08:00'";17;47;10;15;1;good
DEBB021;"'2017-07-01 09:00'";16;50;8;13;1;good
DEBB021;"'2017-07-01 10:00'";10;57;7;7;1;good
DEBB021;"'2017-07-01 11:00'";16;53;8;10;1;good
DEBB021;"'2017-07-01 12:00'";16;54;8;9;1;good
DEBB021;"'2017-07-01 13:00'";10;56;11;9;1;good
DEBB021;"'2017-07-01 14:00'";12;51;10;10;1;good
DEBB021;"'2017-07-01 15:00'";11;56;6;9;1;good
DEBB021;"'2017-07-01 16:00'";9;60;6;7;1;good
DEBB021;"'2017-07-01 17:00'";7;61;6;6;1;good
DEBB021;"'2017-07-01 18:00'";6;57;7;6;1;good
DEBB021;"'2017-07-01 19:00'";8;48;11;7;1;good
DEBB021;"'2017-07-01 20:00'";8;47;9;8;1;good
DEBB021;"'2017-07-01 21:00'";5;47;4;5;1;good
DEBB021;"'2017-07-01 22:00'";5;45;3;5;1;good
DEBB021;"'2017-07-01 23:00'";9;42;2;7;1;good
DEBB021;"'2017-07-01 24:00'";12;41;2;9;1;good
DEBB021;"'2017-07-02 01:00'";16;38;2;12;1;good
DEBB021;"'2017-07-02 02:00'";21;34;3;15;1;good
DEBB021;"'2017-07-02 03:00'";29;32;4;21;1;moderate
DEBB021;"'2017-07-02 04:00'";29;35;3;21;1;moderate
DEBB021;"'2017-07-02 05:00'";26;45;2;19;1;moderate
DEBB021;"'2017-07-02 06:00'";24;53;2;18;1;moderate
DEBB021;"'2017-07-02 07:00'";21;57;2;16;1;moderate
DEBB021;"'2017-07-02 08:00'";23;57;2;18;1;moderate
DEBB021;"'2017-07-02 09:00'";19;58;2;14;1;good
DEBB021;"'2017-07-02 10:00'";17;60;2;12;1;good
DEBB021;"'2017-07-02 11:00'";15;62;2;10;1;good
DEBB021;"'2017-07-02 12:00'";14;66;2;9;1;good
DEBB021;"'2017-07-02 13:00'";13;72;2;9;1;good
DEBB021;"'2017-07-02 14:00'";17;70;3;12;1;good
DEBB021;"'2017-07-02 15:00'";17;71;5;13;1;good
DEBB021;"'2017-07-02 16:00'";18;66;7;15;1;good
DEBB021;"'2017-07-02 17:00'";17;67;5;13;1;good
DEBB021;"'2017-07-02 18:00'";11;60;7;10;1;good
DEBB021;"'2017-07-02 19:00'";11;57;5;9;1;good
DEBB021;"'2017-07-02 20:00'";9;55;5;8;1;good
DEBB021;"'2017-07-02 21:00'";9;53;5;6;1;good
DEBB021;"'2017-07-02 22:00'";9;48;5;7;1;good
DEBB021;"'2017-07-02 23:00'";11;51;2;7;1;good
DEBB021;"'2017-07-02 24:00'";11;54;2;6;1;good
DEBB021;"'2017-07-03 01:00'";9;50;2;5;1;good
DEBB021;"'2017-07-03 02:00'";10;48;2;5;1;good
DEBB021;"'2017-07-03 03:00'";7;44;2;5;1;good
DEBB021;"'2017-07-03 04:00'";8;42;2;5;1;good
DEBB021;"'2017-07-03 05:00'";7;38;3;5;1;good
DEBB021;"'2017-07-03 06:00'";8;34;8;6;1;good
DEBB021;"'2017-07-03 07:00'";9;32;11;6;1;good
DEBB021;"'2017-07-03 08:00'";11;35;9;7;1;good
DEBB021;"'2017-07-03 09:00'";13;42;6;8;1;good
DEBB021;"'2017-07-03 10:00'";11;48;4;6;1;good
DEBB021;"'2017-07-03 11:00'";10;52;2;6;1;good
DEBB021;"'2017-07-03 12:00'";9;57;2;5;2;good
DEBB021;"'2017-07-03 13:00'";8;61;2;5;1;good
DEBB021;"'2017-07-03 14:00'";9;65;2;5;1;good
DEBB021;"'2017-07-03 15:00'";12;72;4;6;1;good
DEBB021;"'2017-07-03 16:00'";11;74;6;6;1;moderate
DEBB021;"'2017-07-03 17:00'";9;77;7;5;1;moderate
DEBB021;"'2017-07-03 18:00'";9;78;4;4;1;moderate
DEBB021;"'2017-07-03 19:00'";10;82;3;5;1;moderate
DEBB021;"'2017-07-03 20:00'";10;82;5;6;1;moderate
DEBB021;"'2017-07-03 21:00'";10;76;8;5;1;moderate
DEBB021;"'2017-07-03 22:00'";11;64;14;6;1;good
DEBB021;"'2017-07-03 23:00'";12;59;14;8;1;good
DEBB021;"'2017-07-03 24:00'";11;74;7;6;1;moderate
DEBB021;"'2017-07-04 01:00'";12;79;7;7;1;moderate
DEBB021;"'2017-07-04 02:00'";13;77;6;9;1;moderate
DEBB021;"'2017-07-04 03:00'";12;71;5;10;1;good
DEBB021;"'2017-07-04 04:00'";13;61;6;11;1;good
DEBB021;"'2017-07-04 05:00'";15;53;6;12;1;good
DEBB021;"'2017-07-04 06:00'";17;46;8;14;1;good
DEBB021;"'2017-07-04 07:00'";18;45;9;14;1;good
DEBB021;"'2017-07-04 08:00'";16;48;7;13;1;good
DEBB021;"'2017-07-04 09:00'";14;54;6;10;1;good
DEBB021;"'2017-07-04 10:00'";13;59;5;8;1;good
DEBB021;"'2017-07-04 11:00'";9;61;2;6;1;good
DEBB021;"'2017-07-04 12:00'";10;60;2;5;1;good
DEBB021;"'2017-07-04 13:00'";9;59;2;5;1;good
DEBB021;"'2017-07-04 14:00'";9;60;2;4;1;good
DEBB021;"'2017-07-04 15:00'";9;64;2;4;1;good
DEBB021;"'2017-07-04 16:00'";9;65;2;4;1;good
DEBB021;"'2017-07-04 17:00'";9;67;3;4;1;good
DEBB021;"'2017-07-04 18:00'";9;69;2;4;1;good
DEBB021;"'2017-07-04 19:00'";9;70;2;4;1;good
DEBB021;"'2017-07-04 20:00'";8;70;2;4;1;good
DEBB021;"'2017-07-04 21:00'";8;67;2;4;1;good
DEBB021;"'2017-07-04 22:00'";10;59;7;5;1;good
DEBB021;"'2017-07-04 23:00'";11;46;13;6;1;good
DEBB021;"'2017-07-04 24:00'";11;36;17;6;1;good
DEBB021;"'2017-07-05 01:00'";10;29;15;7;1;good
DEBB021;"'2017-07-05 02:00'";9;28;11;7;1;good
DEBB021;"'2017-07-05 03:00'";10;22;13;7;1;good
DEBB021;"'2017-07-05 04:00'";9;26;13;7;1;good
DEBB021;"'2017-07-05 05:00'";9;19;21;7;1;good
DEBB021;"'2017-07-05 06:00'";10;18;24;7;1;good
DEBB021;"'2017-07-05 07:00'";11;22;27;7;1;good
DEBB021;"'2017-07-05 08:00'";12;23;29;7;1;good
DEBB021;"'2017-07-05 09:00'";11;34;15;8;1;good
DEBB021;"'2017-07-05 10:00'";10;39;14;8;1;good
DEBB021;"'2017-07-05 11:00'";11;41;19;8;1;good
DEBB021;"'2017-07-05 12:00'";13;59;9;8;1;good
DEBB021;"'2017-07-05 13:00'";13;69;6;8;1;good
DEBB021;"'2017-07-05 14:00'";14;74;3;8;1;moderate
DEBB021;"'2017-07-05 15:00'";13;74;3;7;1;moderate
DEBB021;"'2017-07-05 16:00'";12;72;3;6;1;good
DEBB021;"'2017-07-05 17:00'";9;71;4;6;1;good
DEBB021;"'2017-07-05 18:00'";6;70;4;4;1;good
DEBB021;"'2017-07-05 19:00'";5;72;2;3;1;good
DEBB021;"'2017-07-05 20:00'";4;71;2;3;1;good
DEBB021;"'2017-07-05 21:00'";5;68;5;3;1;good
DEBB021;"'2017-07-05 22:00'";6;60;7;4;1;good
DEBB021;"'2017-07-05 23:00'";10;40;18;8;1;good
DEBB021;"'2017-07-05 24:00'";10;24;25;8;1;good
DEBB021;"'2017-07-06 01:00'";10;14;27;9;1;good
DEBB021;"'2017-07-06 02:00'";11;6;27;9;1;good
DEBB021;"'2017-07-06 03:00'";10;2;24;9;1;good
DEBB021;"'2017-07-06 04:00'";8;13;15;7;1;good
DEBB021;"'2017-07-06 05:00'";8;11;19;7;1;good
DEBB021;"'2017-07-06 06:00'";11;3;22;9;1;good
DEBB021;"'2017-07-06 07:00'";10;5;29;8;1;good
DEBB021;"'2017-07-06 08:00'";11;12;41;7;1;moderate
DEBB021;"'2017-07-06 09:00'";12;27;34;6;1;moderate
DEBB021;"'2017-07-06 10:00'";14;34;29;6;1;good
DEBB021;"'2017-07-06 11:00'";10;61;13;5;1;good
DEBB021;"'2017-07-06 12:00'";9;76;7;5;1;moderate
DEBB021;"'2017-07-06 13:00'";11;80;4;5;1;moderate
DEBB021;"'2017-07-06 14:00'";8;86;6;4;1;moderate
DEBB021;"'2017-07-06 15:00'";8;92;5;4;1;moderate
DEBB021;"'2017-07-06 16:00'";12;97;6;4;1;moderate
DEBB021;"'2017-07-06 17:00'";9;95;5;5;1;moderate
DEBB021;"'2017-07-06 18:00'";10;98;5;5;1;moderate
DEBB021;"'2017-07-06 19:00'";10;94;6;5;1;moderate
DEBB021;"'2017-07-06 20:00'";10;91;5;6;1;moderate
DEBB021;"'2017-07-06 21:00'";13;80;11;6;1;moderate
DEBB021;"'2017-07-06 22:00'";15;69;17;8;1;good
DEBB021;"'2017-07-06 23:00'";16;59;21;10;1;good
DEBB021;"'2017-07-06 24:00'";18;50;23;12;1;good
DEBB021;"'2017-07-07 01:00'";17;45;22;12;1;good
DEBB021;"'2017-07-07 02:00'";16;49;16;13;1;good
DEBB021;"'2017-07-07 03:00'";16;49;13;13;1;good
DEBB021;"'2017-07-07 04:00'";16;47;12;13;1;good
DEBB021;"'2017-07-07 05:00'";16;45;14;13;1;good
DEBB021;"'2017-07-07 06:00'";16;42;18;13;1;good
DEBB021;"'2017-07-07 07:00'";21;35;27;14;1;good
DEBB021;"'2017-07-07 08:00'";28;25;33;17;1;moderate
DEBB021;"'2017-07-07 09:00'";28;16;42;22;1;moderate
DEBB021;"'2017-07-07 10:00'";31;19;37;24;1;moderate
DEBB021;"'2017-07-07 11:00'";37;21;33;29;1;moderate
DEBB021;"'2017-07-07 12:00'";44;23;36;32;1;poor
DEBB021;"'2017-07-07 13:00'";51;67;17;26;1;moderate
DEBB021;"'2017-07-07 14:00'";21;107;8;15;1;moderate
DEBB021;"'2017-07-07 15:00'";18;120;7;12;1;moderate
DEBB021;"'2017-07-07 16:00'";14;126;8;8;1;moderate
DEBB021;"'2017-07-07 17:00'";14;125;7;8;1;moderate
DEBB021;"'2017-07-07 18:00'";11;123;5;6;1;moderate
DEBB021;"'2017-07-07 19:00'";13;114;6;8;1;moderate
DEBB021;"'2017-07-07 20:00'";7;108;3;5;1;moderate
DEBB021;"'2017-07-07 21:00'";7;101;7;6;1;moderate
DEBB021;"'2017-07-07 22:00'";11;92;11;9;1;moderate
DEBB021;"'2017-07-07 23:00'";13;73;17;12;1;moderate
DEBB021;"'2017-07-07 24:00'";14;74;13;13;1;moderate
DEBB021;"'2017-07-08 01:00'";16;50;24;15;1;good
DEBB021;"'2017-07-08 02:00'";20;37;24;18;1;moderate
DEBB021;"'2017-07-08 03:00'";22;41;20;20;1;moderate
DEBB021;"'2017-07-08 04:00'";26;45;15;24;1;moderate
DEBB021;"'2017-07-08 05:00'";30;41;14;28;1;moderate
DEBB021;"'2017-07-08 06:00'";33;51;12;31;1;poor
DEBB021;"'2017-07-08 07:00'";34;58;13;32;1;poor
DEBB021;"'2017-07-08 08:00'";38;59;8;33;1;poor
DEBB021;"'2017-07-08 09:00'";36;67;8;30;1;moderate
DEBB021;"'2017-07-08 10:00'";30;75;6;24;1;moderate
DEBB021;"'2017-07-08 11:00'";32;72;5;25;1;moderate
DEBB021;"'2017-07-08 12:00'";25;83;6;19;1;moderate
DEBB021;"'2017-07-08 13:00'";24;80;6;17;1;moderate
DEBB021;"'2017-07-08 14:00'";19;89;6;14;1;moderate
DEBB021;"'2017-07-08 15:00'";12;91;2;10;1;moderate
DEBB021;"'2017-07-08 16:00'";11;88;2;8;1;moderate
DEBB021;"'2017-07-08 17:00'";10;88;2;7;1;moderate
DEBB021;"'2017-07-08 18:00'";9;87;2;6;1;moderate
DEBB021;"'2017-07-08 19:00'";11;83;5;7;1;moderate
DEBB021;"'2017-07-08 20:00'";13;68;5;11;1;good
DEBB021;"'2017-07-08 21:00'";15;58;7;12;1;good
DEBB021;"'2017-07-08 22:00'";16;49;8;13;1;good
DEBB021;"'2017-07-08 23:00'";17;38;11;15;1;good
DEBB021;"'2017-07-08 24:00'";21;32;16;19;1;moderate
DEBB021;"'2017-07-09 01:00'";23;29;15;20;1;moderate
DEBB021;"'2017-07-09 02:00'";21;32;9;18;1;moderate
DEBB021;"'2017-07-09 03:00'";22;34;6;18;1;moderate
DEBB021;"'2017-07-09 04:00'";21;36;4;16;1;moderate
DEBB021;"'2017-07-09 05:00'";19;34;4;14;1;good
DEBB021;"'2017-07-09 06:00'";18;28;5;13;1;good
DEBB021;"'2017-07-09 07:00'";16;36;2;12;1;good
DEBB021;"'2017-07-09 08:00'";14;44;2;11;1;good
DEBB021;"'2017-07-09 09:00'";15;46;2;11;1;good
DEBB021;"'2017-07-09 10:00'";15;50;2;10;1;good
DEBB021;"'2017-07-09 11:00'";13;54;2;9;1;good
DEBB021;"'2017-07-09 12:00'";15;55;2;9;1;good
DEBB021;"'2017-07-09 13:00'";14;58;2;9;1;good
DEBB021;"'2017-07-09 14:00'";13;63;2;8;1;good
DEBB021;"'2017-07-09 15:00'";12;67;2;8;1;good
DEBB021;"'2017-07-09 16:00'";13;76;2;8;1;moderate
DEBB021;"'2017-07-09 17:00'";15;84;2;9;1;moderate
DEBB021;"'2017-07-09 18:00'";14;80;2;8;1;moderate
DEBB021;"'2017-07-09 19:00'";14;79;2;8;1;moderate
DEBB021;"'2017-07-09 20:00'";11;79;2;7;1;moderate
DEBB021;"'2017-07-09 21:00'";10;70;5;6;1;good
DEBB021;"'2017-07-09 22:00'";14;56;9;9;1;good
DEBB021;"'2017-07-09 23:00'";14;50;7;10;1;good
DEBB021;"'2017-07-09 24:00'";12;46;7;9;1;good
DEBB021;"'2017-07-10 01:00'";13;39;14;10;1;good
DEBB021;"'2017-07-10 02:00'";15;45;12;10;1;good
DEBB021;"'2017-07-10 03:00'";12;55;5;8;1;good
DEBB021;"'2017-07-10 04:00'";11;56;6;7;1;good
DEBB021;"'2017-07-10 05:00'";11;52;8;7;1;good
DEBB021;"'2017-07-10 06:00'";12;47;12;8;2;good
DEBB021;"'2017-07-10 07:00'";13;40;16;9;3;good
DEBB021;"'2017-07-10 08:00'";15;35;21;10;2;good
DEBB021;"'2017-07-10 09:00'";20;35;22;11;1;good
DEBB021;"'2017-07-10 10:00'";19;34;26;12;1;good
DEBB021;"'2017-07-10 11:00'";24;19;37;15;1;moderate
DEBB021;"'2017-07-10 12:00'";20;16;35;17;1;moderate
DEBB021;"'2017-07-10 13:00'";20;29;23;18;1;moderate
DEBB021;"'2017-07-10 14:00'";23;27;26;21;1;moderate
DEBB021;"'2017-07-10 15:00'";21;36;22;19;1;moderate
DEBB021;"'2017-07-10 16:00'";16;52;12;15;1;good
DEBB021;"'2017-07-10 17:00'";15;69;10;14;1;good
DEBB021;"'2017-07-10 18:00'";17;67;10;16;1;moderate
DEBB021;"'2017-07-10 19:00'";20;48;17;19;1;moderate
DEBB021;"'2017-07-10 20:00'";21;56;11;20;1;moderate
DEBB021;"'2017-07-10 21:00'";21;58;7;20;1;moderate
DEBB021;"'2017-07-10 22:00'";21;48;8;20;1;moderate
DEBB021;"'2017-07-10 23:00'";19;46;4;18;1;moderate
DEBB021;"'2017-07-10 24:00'";20;49;2;18;1;moderate
DEBB021;"'2017-07-11 01:00'";17;44;2;14;1;good
DEBB021;"'2017-07-11 02:00'";19;38;2;15;1;good
DEBB021;"'2017-07-11 03:00'";20;37;2;15;1;good
DEBB021;"'2017-07-11 04:00'";16;47;2;12;1;good
DEBB021;"'2017-07-11 05:00'";14;55;2;11;1;good
DEBB021;"'2017-07-11 06:00'";15;52;2;11;1;good
DEBB021;"'2017-07-11 07:00'";16;49;7;12;1;good
DEBB021;"'2017-07-11 08:00'";15;51;7;12;1;good
DEBB021;"'2017-07-11 09:00'";15;52;6;12;1;good
DEBB021;"'2017-07-11 10:00'";16;52;7;12;1;good
DEBB021;"'2017-07-11 11:00'";15;59;5;11;1;good
DEBB021;"'2017-07-11 12:00'";16;61;9;10;1;good
DEBB021;"'2017-07-11 13:00'";12;78;7;8;1;moderate
DEBB021;"'2017-07-11 14:00'";17;83;7;11;1;moderate
DEBB021;"'2017-07-11 15:00'";17;89;6;12;1;moderate
DEBB021;"'2017-07-11 16:00'";21;83;13;17;1;moderate
DEBB021;"'2017-07-11 17:00'";18;74;12;15;1;moderate
DEBB021;"'2017-07-11 18:00'";16;81;9;12;1;moderate
DEBB021;"'2017-07-11 19:00'";16;74;10;12;1;moderate
DEBB021;"'2017-07-11 20:00'";18;68;11;14;1;good
DEBB021;"'2017-07-11 21:00'";21;76;9;15;1;moderate
DEBB021;"'2017-07-11 22:00'";23;82;9;17;1;moderate
DEBB021;"'2017-07-11 23:00'";26;66;16;20;1;moderate
DEBB021;"'2017-07-11 24:00'";26;56;15;22;1;moderate
DEBB021;"'2017-07-12 01:00'";27;49;15;22;1;moderate
DEBB021;"'2017-07-12 02:00'";26;49;9;21;1;moderate
DEBB021;"'2017-07-12 03:00'";23;57;6;20;1;moderate
DEBB021;"'2017-07-12 04:00'";23;49;6;19;1;moderate
DEBB021;"'2017-07-12 05:00'";23;40;7;20;1;moderate
DEBB021;"'2017-07-12 06:00'";24;24;16;21;1;moderate
DEBB021;"'2017-07-12 07:00'";25;24;19;22;1;moderate
DEBB021;"'2017-07-12 08:00'";24;36;15;21;1;moderate
DEBB021;"'2017-07-12 09:00'";21;39;17;17;1;moderate
DEBB021;"'2017-07-12 10:00'";20;49;11;13;1;good
DEBB021;"'2017-07-12 11:00'";21;54;9;11;1;good
DEBB021;"'2017-07-12 12:00'";15;53;14;9;1;good
DEBB021;"'2017-07-12 13:00'";17;46;17;11;1;good
DEBB021;"'2017-07-12 14:00'";16;47;14;12;1;good
DEBB021;"'2017-07-12 15:00'";14;53;12;12;1;good
DEBB021;"'2017-07-12 16:00'";15;42;16;13;1;good
DEBB021;"'2017-07-12 17:00'";14;45;12;12;1;good
DEBB021;"'2017-07-12 18:00'";12;42;12;10;1;good
DEBB021;"'2017-07-12 19:00'";9;39;11;8;1;good
DEBB021;"'2017-07-12 20:00'";9;43;9;8;1;good
DEBB021;"'2017-07-12 21:00'";6;53;5;5;1;good
DEBB021;"'2017-07-12 22:00'";5;56;2;5;1;good
DEBB021;"'2017-07-12 23:00'";4;57;2;4;1;good
DEBB021;"'2017-07-12 24:00'";6;55;2;5;1;good
DEBB021;"'2017-07-13 01:00'";11;46;2;8;1;good
DEBB021;"'2017-07-13 02:00'";12;42;2;8;1;good
DEBB021;"'2017-07-13 03:00'";11;44;2;8;1;good
DEBB021;"'2017-07-13 04:00'";11;43;2;8;1;good
DEBB021;"'2017-07-13 05:00'";11;43;2;8;1;good
DEBB021;"'2017-07-13 06:00'";12;42;2;8;1;good
DEBB021;"'2017-07-13 07:00'";12;40;5;8;1;good
DEBB021;"'2017-07-13 08:00'";11;43;6;8;1;good
DEBB021;"'2017-07-13 09:00'";12;47;3;7;1;good
DEBB021;"'2017-07-13 10:00'";11;52;3;6;1;good
DEBB021;"'2017-07-13 11:00'";10;55;4;6;1;good
DEBB021;"'2017-07-13 12:00'";10;59;2;5;1;good
DEBB021;"'2017-07-13 13:00'";12;63;2;7;1;good
DEBB021;"'2017-07-13 14:00'";12;64;2;7;1;good
DEBB021;"'2017-07-13 15:00'";13;64;5;7;1;good
DEBB021;"'2017-07-13 16:00'";13;68;4;8;1;good
DEBB021;"'2017-07-13 17:00'";15;70;6;8;1;good
DEBB021;"'2017-07-13 18:00'";14;71;5;8;1;good
DEBB021;"'2017-07-13 19:00'";14;73;3;8;1;moderate
DEBB021;"'2017-07-13 20:00'";14;71;4;8;1;good
DEBB021;"'2017-07-13 21:00'";15;70;6;9;1;good
DEBB021;"'2017-07-13 22:00'";15;66;8;9;1;good
DEBB021;"'2017-07-13 23:00'";16;57;11;11;1;good
DEBB021;"'2017-07-13 24:00'";16;55;10;11;1;good
DEBB021;"'2017-07-14 01:00'";13;56;7;9;1;good
DEBB021;"'2017-07-14 02:00'";13;40;12;9;1;good
DEBB021;"'2017-07-14 03:00'";13;17;19;10;1;good
DEBB021;"'2017-07-14 04:00'";12;12;20;10;1;good
DEBB021;"'2017-07-14 05:00'";12;6;21;9;1;good
DEBB021;"'2017-07-14 06:00'";12;2;23;9;1;good
DEBB021;"'2017-07-14 07:00'";15;5;27;11;1;good
DEBB021;"'2017-07-14 08:00'";17;12;26;12;1;good
DEBB021;"'2017-07-14 09:00'";15;33;20;9;1;good
DEBB021;"'2017-07-14 10:00'";14;54;13;7;1;good
DEBB021;"'2017-07-14 11:00'";14;60;12;7;1;good
DEBB021;"'2017-07-14 12:00'";14;70;7;7;1;good
DEBB021;"'2017-07-14 13:00'";14;73;6;7;1;moderate
DEBB021;"'2017-07-14 14:00'";15;78;2;8;1;moderate
DEBB021;"'2017-07-14 15:00'";15;75;7;8;1;moderate
DEBB021;"'2017-07-14 16:00'";14;80;5;8;1;moderate
DEBB021;"'2017-07-14 17:00'";15;82;10;8;1;moderate
DEBB021;"'2017-07-14 18:00'";13;92;3;7;1;moderate
DEBB021;"'2017-07-14 19:00'";13;91;2;7;1;moderate
DEBB021;"'2017-07-14 20:00'";15;95;2;9;1;moderate
DEBB021;"'2017-07-14 21:00'";20;82;12;13;1;moderate
DEBB021;"'2017-07-14 22:00'";25;51;27;20;1;moderate
DEBB021;"'2017-07-14 23:00'";22;50;22;17;1;moderate
DEBB021;"'2017-07-14 24:00'";23;25;34;20;1;moderate
DEBB021;"'2017-07-15 01:00'";21;41;18;17;1;moderate
DEBB021;"'2017-07-15 02:00'";22;27;25;18;1;moderate
DEBB021;"'2017-07-15 03:00'";22;41;16;19;1;moderate
DEBB021;"'2017-07-15 04:00'";19;56;8;16;1;moderate
DEBB021;"'2017-07-15 05:00'";21;51;3;18;1;moderate
DEBB021;"'2017-07-15 06:00'";20;56;5;19;1;moderate
DEBB021;"'2017-07-15 07:00'";19;63;5;18;1;moderate
DEBB021;"'2017-07-15 08:00'";19;65;5;17;1;moderate
DEBB021;"'2017-07-15 09:00'";21;65;3;18;1;moderate
DEBB021;"'2017-07-15 10:00'";20;67;3;17;1;moderate
DEBB021;"'2017-07-15 11:00'";17;77;2;13;1;moderate
DEBB021;"'2017-07-15 12:00'";16;77;2;13;1;moderate
DEBB021;"'2017-07-15 13:00'";17;76;9;14;1;moderate
DEBB021;"'2017-07-15 14:00'";18;79;3;13;1;moderate
DEBB021;"'2017-07-15 15:00'";17;83;2;12;1;moderate
DEBB021;"'2017-07-15 16:00'";16;84;2;12;1;moderate
DEBB021;"'2017-07-15 17:00'";14;87;2;10;1;moderate
DEBB021;"'2017-07-15 18:00'";9;81;2;6;1;moderate
DEBB021;"'2017-07-15 19:00'";9;73;2;6;1;moderate
DEBB021;"'2017-07-15 20:00'";9;69;2;6;1;good
DEBB021;"'2017-07-15 21:00'";8;74;7;7;1;moderate
DEBB021;"'2017-07-15 22:00'";9;70;6;7;1;good
DEBB021;"'2017-07-15 23:00'";10;66;8;8;1;good
DEBB021;"'2017-07-15 24:00'";10;66;6;9;1;good
DEBB021;"'2017-07-16 01:00'";12;60;7;12;1;good
DEBB021;"'2017-07-16 02:00'";15;51;9;14;1;good
DEBB021;"'2017-07-16 03:00'";16;44;7;15;1;good
DEBB021;"'2017-07-16 04:00'";16;44;5;15;1;good
DEBB021;"'2017-07-16 05:00'";17;34;7;16;1;moderate
DEBB021;"'2017-07-16 06:00'";17;29;10;14;1;good
DEBB021;"'2017-07-16 07:00'";17;31;8;14;1;good
DEBB021;"'2017-07-16 08:00'";17;38;6;14;1;good
DEBB021;"'2017-07-16 09:00'";15;50;3;12;1;good
DEBB021;"'2017-07-16 10:00'";13;58;2;9;1;good
DEBB021;"'2017-07-16 11:00'";14;63;2;9;1;good
DEBB021;"'2017-07-16 12:00'";11;68;3;7;1;good
DEBB021;"'2017-07-16 13:00'";10;72;4;6;1;good
DEBB021;"'2017-07-16 14:00'";10;71;5;5;1;good
DEBB021;"'2017-07-16 15:00'";8;69;6;4;1;good
DEBB021;"'2017-07-16 16:00'";8;71;5;4;1;good
DEBB021;"'2017-07-16 17:00'";10;74;6;5;1;moderate
DEBB021;"'2017-07-16 18:00'";13;80;5;8;1;moderate
DEBB021;"'2017-07-16 19:00'";14;75;8;10;1;moderate
DEBB021;"'2017-07-16 20:00'";14;74;7;10;1;moderate
DEBB021;"'2017-07-16 21:00'";14;72;7;10;1;good
DEBB021;"'2017-07-16 22:00'";13;72;4;10;1;good
DEBB021;"'2017-07-16 23:00'";12;64;3;11;1;good
DEBB021;"'2017-07-16 24:00'";13;54;3;11;1;good
DEBB021;"'2017-07-17 01:00'";14;50;5;12;1;good
DEBB021;"'2017-07-17 02:00'";16;48;4;16;1;moderate
DEBB021;"'2017-07-17 03:00'";16;40;5;16;1;moderate
DEBB021;"'2017-07-17 04:00'";17;33;2;15;1;good
DEBB021;"'2017-07-17 05:00'";15;32;2;12;1;good
DEBB021;"'2017-07-17 06:00'";14;33;2;10;1;good
DEBB021;"'2017-07-17 07:00'";14;32;8;10;1;good
DEBB021;"'2017-07-17 08:00'";14;35;6;10;1;good
DEBB021;"'2017-07-17 09:00'";13;40;6;8;1;good
DEBB021;"'2017-07-17 10:00'";10;50;3;7;1;good
DEBB021;"'2017-07-17 11:00'";10;56;2;6;1;good
DEBB021;"'2017-07-17 12:00'";10;59;2;6;1;good
DEBB021;"'2017-07-17 13:00'";9;61;2;6;1;good
DEBB021;"'2017-07-17 14:00'";9;64;2;5;1;good
DEBB021;"'2017-07-17 15:00'";9;65;2;5;1;good
DEBB021;"'2017-07-17 16:00'";9;68;2;5;1;good
DEBB021;"'2017-07-17 17:00'";9;70;2;5;1;good
DEBB021;"'2017-07-17 18:00'";9;72;2;5;1;good
DEBB021;"'2017-07-17 19:00'";9;73;2;5;1;moderate
DEBB021;"'2017-07-17 20:00'";10;73;2;6;1;moderate
DEBB021;"'2017-07-17 21:00'";10;70;5;6;1;good
DEBB021;"'2017-07-17 22:00'";11;63;8;8;1;good
DEBB021;"'2017-07-17 23:00'";13;40;18;10;1;good
DEBB021;"'2017-07-17 24:00'";14;30;23;11;1;good
DEBB021;"'2017-07-18 01:00'";16;24;17;13;1;good
DEBB021;"'2017-07-18 02:00'";16;25;14;13;1;good
DEBB021;"'2017-07-18 03:00'";16;18;13;13;1;good
DEBB021;"'2017-07-18 04:00'";16;13;18;13;1;good
DEBB021;"'2017-07-18 05:00'";13;23;13;10;1;good
DEBB021;"'2017-07-18 06:00'";13;27;14;10;1;good
DEBB021;"'2017-07-18 07:00'";14;25;17;10;1;good
DEBB021;"'2017-07-18 08:00'";12;38;10;8;1;good
DEBB021;"'2017-07-18 09:00'";14;46;5;8;1;good
DEBB021;"'2017-07-18 10:00'";15;50;5;8;1;good
DEBB021;"'2017-07-18 11:00'";16;62;3;8;1;good
DEBB021;"'2017-07-18 12:00'";15;70;3;8;1;good
DEBB021;"'2017-07-18 13:00'";17;72;3;8;1;good
DEBB021;"'2017-07-18 14:00'";16;75;2;8;1;moderate
DEBB021;"'2017-07-18 15:00'";16;75;2;8;1;moderate
DEBB021;"'2017-07-18 16:00'";16;75;3;7;1;moderate
DEBB021;"'2017-07-18 17:00'";15;76;3;7;3;moderate
DEBB021;"'2017-07-18 18:00'";12;78;3;6;1;moderate
DEBB021;"'2017-07-18 19:00'";12;87;2;6;1;moderate
DEBB021;"'2017-07-18 20:00'";12;92;3;6;1;moderate
DEBB021;"'2017-07-18 21:00'";16;78;7;8;1;moderate
DEBB021;"'2017-07-18 22:00'";17;67;9;9;1;good
DEBB021;"'2017-07-18 23:00'";26;52;12;11;1;good
DEBB021;"'2017-07-18 24:00'";20;43;11;12;1;good
DEBB021;"'2017-07-19 01:00'";18;32;13;14;1;good
DEBB021;"'2017-07-19 02:00'";18;35;14;13;1;good
DEBB021;"'2017-07-19 03:00'";17;38;12;13;1;good
DEBB021;"'2017-07-19 04:00'";18;37;10;14;2;good
DEBB021;"'2017-07-19 05:00'";17;33;10;13;1;good
DEBB021;"'2017-07-19 06:00'";16;30;13;13;1;good
DEBB021;"'2017-07-19 07:00'";18;24;17;14;1;good
DEBB021;"'2017-07-19 08:00'";20;30;16;15;2;good
DEBB021;"'2017-07-19 09:00'";39;39;18;14;1;moderate
DEBB021;"'2017-07-19 10:00'";22;51;14;11;1;good
DEBB021;"'2017-07-19 11:00'";21;67;11;10;1;good
DEBB021;"'2017-07-19 12:00'";22;82;9;9;1;moderate
DEBB021;"'2017-07-19 13:00'";21;94;8;9;1;moderate
DEBB021;"'2017-07-19 14:00'";22;99;8;10;1;moderate
DEBB021;"'2017-07-19 15:00'";23;105;6;10;1;moderate
DEBB021;"'2017-07-19 16:00'";24;109;6;9;1;moderate
DEBB021;"'2017-07-19 17:00'";21;108;6;9;1;moderate
DEBB021;"'2017-07-19 18:00'";19;113;5;9;1;moderate
DEBB021;"'2017-07-19 19:00'";19;112;5;10;1;moderate
DEBB021;"'2017-07-19 20:00'";19;108;7;10;1;moderate
DEBB021;"'2017-07-19 21:00'";22;100;10;12;1;moderate
DEBB021;"'2017-07-19 22:00'";25;91;12;14;1;moderate
DEBB021;"'2017-07-19 23:00'";25;88;7;15;1;moderate
DEBB021;"'2017-07-19 24:00'";26;86;6;15;1;moderate
DEBB021;"'2017-07-20 01:00'";30;91;4;18;1;moderate
DEBB021;"'2017-07-20 02:00'";18;87;4;14;1;moderate
DEBB021;"'2017-07-20 03:00'";18;79;3;15;1;moderate
DEBB021;"'2017-07-20 04:00'";18;70;6;15;1;good
DEBB021;"'2017-07-20 05:00'";18;59;8;15;1;good
DEBB021;"'2017-07-20 06:00'";23;47;12;21;1;moderate
DEBB021;"'2017-07-20 07:00'";25;41;16;22;1;moderate
DEBB021;"'2017-07-20 08:00'";23;48;19;18;1;moderate
DEBB021;"'2017-07-20 09:00'";17;65;13;12;1;good
DEBB021;"'2017-07-20 10:00'";16;77;10;11;1;moderate
DEBB021;"'2017-07-20 11:00'";17;84;10;11;1;moderate
DEBB021;"'2017-07-20 12:00'";19;89;7;12;1;moderate
DEBB021;"'2017-07-20 13:00'";19;95;9;12;1;moderate
DEBB021;"'2017-07-20 14:00'";26;107;8;13;1;moderate
DEBB021;"'2017-07-20 15:00'";27;117;6;15;1;moderate
DEBB021;"'2017-07-20 16:00'";28;113;12;16;1;moderate
DEBB021;"'2017-07-20 17:00'";28;100;14;17;1;moderate
DEBB021;"'2017-07-20 18:00'";25;95;10;16;1;moderate
DEBB021;"'2017-07-20 19:00'";25;84;11;18;1;moderate
DEBB021;"'2017-07-20 20:00'";23;81;9;16;1;moderate
DEBB021;"'2017-07-20 21:00'";18;79;11;13;1;moderate
DEBB021;"'2017-07-20 22:00'";17;74;8;13;1;moderate
DEBB021;"'2017-07-20 23:00'";20;60;9;16;1;moderate
DEBB021;"'2017-07-20 24:00'";21;52;14;17;1;moderate
DEBB021;"'2017-07-21 01:00'";23;48;7;18;1;moderate
DEBB021;"'2017-07-21 02:00'";24;39;14;19;1;moderate
DEBB021;"'2017-07-21 03:00'";24;35;14;19;1;moderate
DEBB021;"'2017-07-21 04:00'";23;30;17;19;1;moderate
DEBB021;"'2017-07-21 05:00'";24;27;10;20;1;moderate
DEBB021;"'2017-07-21 06:00'";25;23;14;21;1;moderate
DEBB021;"'2017-07-21 07:00'";23;31;15;19;1;moderate
DEBB021;"'2017-07-21 08:00'";21;39;10;16;1;moderate
DEBB021;"'2017-07-21 09:00'";20;43;7;14;1;good
DEBB021;"'2017-07-21 10:00'";20;44;5;14;1;good
DEBB021;"'2017-07-21 11:00'";21;47;4;14;1;good
DEBB021;"'2017-07-21 12:00'";20;52;4;13;1;good
DEBB021;"'2017-07-21 13:00'";16;60;2;11;1;good
DEBB021;"'2017-07-21 14:00'";17;67;3;10;1;good
DEBB021;"'2017-07-21 15:00'";14;74;3;9;1;moderate
DEBB021;"'2017-07-21 16:00'";13;77;2;6;1;moderate
DEBB021;"'2017-07-21 17:00'";14;76;5;7;1;moderate
DEBB021;"'2017-07-21 18:00'";13;80;2;6;1;moderate
DEBB021;"'2017-07-21 19:00'";13;82;2;7;1;moderate
DEBB021;"'2017-07-21 20:00'";15;83;2;7;1;moderate
DEBB021;"'2017-07-21 21:00'";14;75;7;7;1;moderate
DEBB021;"'2017-07-21 22:00'";16;68;7;9;1;good
DEBB021;"'2017-07-21 23:00'";20;52;16;10;1;good
DEBB021;"'2017-07-21 24:00'";20;50;15;13;1;good
DEBB021;"'2017-07-22 01:00'";20;56;8;14;1;good
DEBB021;"'2017-07-22 02:00'";18;55;5;15;1;good
DEBB021;"'2017-07-22 03:00'";18;51;6;15;1;good
DEBB021;"'2017-07-22 04:00'";18;47;6;15;1;good
DEBB021;"'2017-07-22 05:00'";16;47;4;13;1;good
DEBB021;"'2017-07-22 06:00'";15;43;6;13;1;good
DEBB021;"'2017-07-22 07:00'";14;47;5;12;1;good
DEBB021;"'2017-07-22 08:00'";15;49;4;12;1;good
DEBB021;"'2017-07-22 09:00'";15;52;5;11;1;good
DEBB021;"'2017-07-22 10:00'";16;61;3;12;1;good
DEBB021;"'2017-07-22 11:00'";18;71;4;12;1;good
DEBB021;"'2017-07-22 12:00'";18;75;5;12;1;moderate
DEBB021;"'2017-07-22 13:00'";20;81;5;11;1;moderate
DEBB021;"'2017-07-22 14:00'";21;91;7;12;1;moderate
DEBB021;"'2017-07-22 15:00'";23;71;17;15;1;good
DEBB021;"'2017-07-22 16:00'";20;70;7;17;1;moderate
DEBB021;"'2017-07-22 17:00'";12;72;7;11;1;good
DEBB021;"'2017-07-22 18:00'";7;73;11;7;1;moderate
DEBB021;"'2017-07-22 19:00'";8;78;9;7;1;moderate
DEBB021;"'2017-07-22 20:00'";7;72;12;6;1;good
DEBB021;"'2017-07-22 21:00'";10;68;9;9;1;good
DEBB021;"'2017-07-22 22:00'";12;56;10;11;1;good
DEBB021;"'2017-07-22 23:00'";14;50;12;12;1;good
DEBB021;"'2017-07-22 24:00'";16;42;15;14;1;good
DEBB021;"'2017-07-23 01:00'";22;42;10;19;1;moderate
DEBB021;"'2017-07-23 02:00'";24;45;5;21;1;moderate
DEBB021;"'2017-07-23 03:00'";27;42;3;23;1;moderate
DEBB021;"'2017-07-23 04:00'";28;40;2;24;1;moderate
DEBB021;"'2017-07-23 05:00'";26;37;2;24;1;moderate
DEBB021;"'2017-07-23 06:00'";27;35;5;25;1;moderate
DEBB021;"'2017-07-23 07:00'";25;36;7;24;1;moderate
DEBB021;"'2017-07-23 08:00'";24;39;6;22;1;moderate
DEBB021;"'2017-07-23 09:00'";18;59;3;17;1;moderate
DEBB021;"'2017-07-23 10:00'";13;65;2;12;1;good
DEBB021;"'2017-07-23 11:00'";13;58;7;12;1;good
DEBB021;"'2017-07-23 12:00'";16;59;7;14;1;good
DEBB021;"'2017-07-23 13:00'";12;67;3;9;1;good
DEBB021;"'2017-07-23 14:00'";9;62;9;6;1;good
DEBB021;"'2017-07-23 15:00'";8;70;4;5;1;good
DEBB021;"'2017-07-23 16:00'";9;70;2;5;1;good
DEBB021;"'2017-07-23 17:00'";7;77;2;5;1;moderate
DEBB021;"'2017-07-23 18:00'";7;79;2;4;1;moderate
DEBB021;"'2017-07-23 19:00'";8;78;2;5;1;moderate
DEBB021;"'2017-07-23 20:00'";11;70;6;7;1;good
DEBB021;"'2017-07-23 21:00'";11;60;9;7;1;good
DEBB021;"'2017-07-23 22:00'";12;51;11;9;1;good
DEBB021;"'2017-07-23 23:00'";14;20;34;11;1;moderate
DEBB021;"'2017-07-23 24:00'";12;18;29;9;1;good
DEBB021;"'2017-07-24 01:00'";12;29;10;9;1;good
DEBB021;"'2017-07-24 02:00'";11;24;12;9;1;good
DEBB021;"'2017-07-24 03:00'";11;26;11;9;1;good
DEBB021;"'2017-07-24 04:00'";10;34;9;7;1;good
DEBB021;"'2017-07-24 05:00'";9;27;12;7;1;good
DEBB021;"'2017-07-24 06:00'";10;13;21;8;1;good
DEBB021;"'2017-07-24 07:00'";12;20;22;9;1;good
DEBB021;"'2017-07-24 08:00'";14;31;20;9;1;good
DEBB021;"'2017-07-24 09:00'";19;18;29;11;1;good
DEBB021;"'2017-07-24 10:00'";14;28;26;8;1;good
DEBB021;"'2017-07-24 11:00'";10;55;9;6;1;good
DEBB021;"'2017-07-24 12:00'";9;68;5;4;1;good
DEBB021;"'2017-07-24 13:00'";8;72;3;4;1;good
DEBB021;"'2017-07-24 14:00'";8;74;2;3;1;moderate
DEBB021;"'2017-07-24 15:00'";9;76;2;4;1;moderate
DEBB021;"'2017-07-24 16:00'";9;77;5;4;1;moderate
DEBB021;"'2017-07-24 17:00'";10;80;7;4;1;moderate
DEBB021;"'2017-07-24 18:00'";9;76;7;4;1;moderate
DEBB021;"'2017-07-24 19:00'";10;75;7;4;1;moderate
DEBB021;"'2017-07-24 20:00'";10;71;10;5;1;good
DEBB021;"'2017-07-24 21:00'";11;68;9;6;1;good
DEBB021;"'2017-07-24 22:00'";10;58;8;8;1;good
DEBB021;"'2017-07-24 23:00'";12;52;10;10;1;good
DEBB021;"'2017-07-24 24:00'";11;53;5;9;1;good
DEBB021;"'2017-07-25 01:00'";9;65;3;8;1;good
DEBB021;"'2017-07-25 02:00'";7;62;3;6;1;good
DEBB021;"'2017-07-25 03:00'";6;57;2;6;1;good
DEBB021;"'2017-07-25 04:00'";7;49;2;7;1;good
DEBB021;"'2017-07-25 05:00'";10;60;2;10;1;good
DEBB021;"'2017-07-25 06:00'";9;58;5;9;1;good
DEBB021;"'2017-07-25 07:00'";9;52;11;8;1;good
DEBB021;"'2017-07-25 08:00'";9;44;11;9;1;good
DEBB021;"'2017-07-25 09:00'";7;42;10;7;1;good
DEBB021;"'2017-07-25 10:00'";7;50;10;6;1;good
DEBB021;"'2017-07-25 11:00'";7;53;10;6;1;good
DEBB021;"'2017-07-25 12:00'";6;58;8;5;1;good
DEBB021;"'2017-07-25 13:00'";6;63;7;5;1;good
DEBB021;"'2017-07-25 14:00'";7;71;2;5;1;good
DEBB021;"'2017-07-25 15:00'";7;73;5;6;1;moderate
DEBB021;"'2017-07-25 16:00'";7;72;5;6;1;good
DEBB021;"'2017-07-25 17:00'";9;61;12;7;1;good
DEBB021;"'2017-07-25 18:00'";9;59;8;7;1;good
DEBB021;"'2017-07-25 19:00'";9;57;7;8;1;good
DEBB021;"'2017-07-25 20:00'";10;58;6;8;1;good
DEBB021;"'2017-07-25 21:00'";10;59;6;8;1;good
DEBB021;"'2017-07-25 22:00'";14;48;8;11;1;good
DEBB021;"'2017-07-25 23:00'";15;44;5;11;1;good
DEBB021;"'2017-07-25 24:00'";19;38;5;14;1;good
DEBB021;"'2017-07-26 01:00'";17;42;3;12;1;good
DEBB021;"'2017-07-26 02:00'";16;39;2;12;1;good
DEBB021;"'2017-07-26 03:00'";16;38;2;12;1;good
DEBB021;"'2017-07-26 04:00'";18;36;2;13;1;good
DEBB021;"'2017-07-26 05:00'";19;31;3;14;1;good
DEBB021;"'2017-07-26 06:00'";18;28;6;14;1;good
DEBB021;"'2017-07-26 07:00'";17;23;13;13;1;good
DEBB021;"'2017-07-26 08:00'";13;24;16;11;1;good
DEBB021;"'2017-07-26 09:00'";7;31;15;6;1;good
DEBB021;"'2017-07-26 10:00'";3;44;9;3;1;good
DEBB021;"'2017-07-26 11:00'";7;46;6;6;1;good
DEBB021;"'2017-07-26 12:00'";9;44;6;8;1;good
DEBB021;"'2017-07-26 13:00'";9;42;6;8;1;good
DEBB021;"'2017-07-26 14:00'";6;43;5;6;1;good
DEBB021;"'2017-07-26 15:00'";6;45;4;6;1;good
DEBB021;"'2017-07-26 16:00'";8;44;6;7;1;good
DEBB021;"'2017-07-26 17:00'";11;47;5;10;1;good
DEBB021;"'2017-07-26 18:00'";11;46;4;10;1;good
DEBB021;"'2017-07-26 19:00'";12;45;6;10;1;good
DEBB021;"'2017-07-26 20:00'";14;44;5;12;1;good
DEBB021;"'2017-07-26 21:00'";15;45;5;12;1;good
DEBB021;"'2017-07-26 22:00'";17;42;5;13;1;good
DEBB021;"'2017-07-26 23:00'";19;35;7;14;1;good
DEBB021;"'2017-07-26 24:00'";21;34;6;14;1;good
DEBB021;"'2017-07-27 01:00'";21;32;5;14;1;good
DEBB021;"'2017-07-27 02:00'";20;36;2;14;1;good
DEBB021;"'2017-07-27 03:00'";18;34;2;13;1;good
DEBB021;"'2017-07-27 04:00'";17;29;3;12;1;good
DEBB021;"'2017-07-27 05:00'";17;23;9;12;1;good
DEBB021;"'2017-07-27 06:00'";16;21;10;12;1;good
DEBB021;"'2017-07-27 07:00'";15;14;30;11;1;good
DEBB021;"'2017-07-27 08:00'";16;28;19;12;1;good
DEBB021;"'2017-07-27 09:00'";19;38;11;14;1;good
DEBB021;"'2017-07-27 10:00'";17;53;9;12;1;good
DEBB021;"'2017-07-27 11:00'";16;65;7;11;1;good
DEBB021;"'2017-07-27 12:00'";17;72;9;11;1;good
DEBB021;"'2017-07-27 13:00'";21;77;10;14;1;moderate
DEBB021;"'2017-07-27 14:00'";24;66;14;17;1;moderate
DEBB021;"'2017-07-27 15:00'";18;53;13;15;1;good
DEBB021;"'2017-07-27 16:00'";19;50;12;15;1;good
DEBB021;"'2017-07-27 17:00'";15;57;8;12;1;good
DEBB021;"'2017-07-27 18:00'";15;64;8;11;1;good
DEBB021;"'2017-07-27 19:00'";14;62;7;11;1;good
DEBB021;"'2017-07-27 20:00'";15;58;8;10;1;good
DEBB021;"'2017-07-27 21:00'";13;61;7;9;1;good
DEBB021;"'2017-07-27 22:00'";5;82;6;4;1;moderate
DEBB021;"'2017-07-27 23:00'";5;64;8;4;1;good
DEBB021;"'2017-07-27 24:00'";8;46;9;6;1;good
DEBB021;"'2017-07-28 01:00'";8;45;7;6;1;good
DEBB021;"'2017-07-28 02:00'";7;50;6;6;1;good
DEBB021;"'2017-07-28 03:00'";9;43;5;7;1;good
DEBB021;"'2017-07-28 04:00'";12;38;6;9;1;good
DEBB021;"'2017-07-28 05:00'";17;30;12;13;1;good
DEBB021;"'2017-07-28 06:00'";22;27;15;16;1;moderate
DEBB021;"'2017-07-28 07:00'";26;24;21;19;1;moderate
DEBB021;"'2017-07-28 08:00'";26;33;18;20;1;moderate
DEBB021;"'2017-07-28 09:00'";25;43;12;16;1;moderate
DEBB021;"'2017-07-28 10:00'";17;54;6;10;1;good
DEBB021;"'2017-07-28 11:00'";14;64;2;8;1;good
DEBB021;"'2017-07-28 12:00'";16;68;4;9;1;good
DEBB021;"'2017-07-28 13:00'";18;70;4;11;1;good
DEBB021;"'2017-07-28 14:00'";23;73;4;14;1;moderate
DEBB021;"'2017-07-28 15:00'";23;80;5;15;1;moderate
DEBB021;"'2017-07-28 16:00'";23;80;6;15;1;moderate
DEBB021;"'2017-07-28 17:00'";14;78;6;8;1;moderate
DEBB021;"'2017-07-28 18:00'";12;77;4;6;1;moderate
DEBB021;"'2017-07-28 19:00'";11;81;2;6;1;moderate
DEBB021;"'2017-07-28 20:00'";13;81;3;8;1;moderate
DEBB021;"'2017-07-28 21:00'";14;70;6;9;1;good
DEBB021;"'2017-07-28 22:00'";13;66;5;9;1;good
DEBB021;"'2017-07-28 23:00'";12;56;6;9;1;good
DEBB021;"'2017-07-28 24:00'";14;34;27;12;1;good
DEBB021;"'2017-07-29 01:00'";15;41;8;12;1;good
DEBB021;"'2017-07-29 02:00'";16;43;9;12;1;good
DEBB021;"'2017-07-29 03:00'";18;37;10;15;1;good
DEBB021;"'2017-07-29 04:00'";19;37;7;14;1;good
DEBB021;"'2017-07-29 05:00'";20;34;8;15;1;good
DEBB021;"'2017-07-29 06:00'";22;33;8;16;1;moderate
DEBB021;"'2017-07-29 07:00'";20;31;11;14;1;good
DEBB021;"'2017-07-29 08:00'";17;32;9;12;1;good
DEBB021;"'2017-07-29 09:00'";16;31;9;11;1;good
DEBB021;"'2017-07-29 10:00'";13;34;10;9;1;good
DEBB021;"'2017-07-29 11:00'";12;51;6;7;1;good
DEBB021;"'2017-07-29 12:00'";15;70;6;7;1;good
DEBB021;"'2017-07-29 13:00'";13;72;6;6;1;good
DEBB021;"'2017-07-29 14:00'";13;68;6;6;1;good
DEBB021;"'2017-07-29 15:00'";14;72;6;6;1;good
DEBB021;"'2017-07-29 16:00'";16;72;3;6;1;good
DEBB021;"'2017-07-29 17:00'";17;71;4;7;1;good
DEBB021;"'2017-07-29 18:00'";20;66;9;7;1;good
DEBB021;"'2017-07-29 19:00'";21;72;7;9;1;good
DEBB021;"'2017-07-29 20:00'";24;70;9;9;1;good
DEBB021;"'2017-07-29 21:00'";21;56;17;9;1;good
DEBB021;"'2017-07-29 22:00'";21;50;19;10;1;good
DEBB021;"'2017-07-29 23:00'";27;48;17;15;1;good
DEBB021;"'2017-07-29 24:00'";28;47;15;17;1;moderate
DEBB021;"'2017-07-30 01:00'";25;44;13;16;1;moderate
DEBB021;"'2017-07-30 02:00'";23;29;20;17;1;moderate
DEBB021;"'2017-07-30 03:00'";22;29;14;16;1;moderate
DEBB021;"'2017-07-30 04:00'";20;30;12;15;1;good
DEBB021;"'2017-07-30 05:00'";19;28;9;14;1;good
DEBB021;"'2017-07-30 06:00'";19;26;10;14;1;good
DEBB021;"'2017-07-30 07:00'";17;33;7;13;1;good
DEBB021;"'2017-07-30 08:00'";16;39;6;12;1;good
DEBB021;"'2017-07-30 09:00'";16;54;3;10;1;good
DEBB021;"'2017-07-30 10:00'";29;66;7;10;1;moderate
DEBB021;"'2017-07-30 11:00'";13;83;2;8;1;moderate
DEBB021;"'2017-07-30 12:00'";13;87;2;7;1;moderate
DEBB021;"'2017-07-30 13:00'";14;88;6;7;1;moderate
DEBB021;"'2017-07-30 14:00'";13;86;8;6;1;moderate
DEBB021;"'2017-07-30 15:00'";13;92;7;5;1;moderate
DEBB021;"'2017-07-30 16:00'";13;97;6;5;1;moderate
DEBB021;"'2017-07-30 17:00'";14;96;6;5;1;moderate
DEBB021;"'2017-07-30 18:00'";19;80;7;7;1;moderate
DEBB021;"'2017-07-30 19:00'";16;78;8;6;1;moderate
DEBB021;"'2017-07-30 20:00'";18;79;5;6;1;moderate
DEBB021;"'2017-07-30 21:00'";16;75;6;6;1;moderate
DEBB021;"'2017-07-30 22:00'";16;67;7;6;1;good
DEBB021;"'2017-07-30 23:00'";16;62;7;7;1;good
DEBB021;"'2017-07-30 24:00'";17;53;6;7;1;good
DEBB021;"'2017-07-31 01:00'";16;44;9;8;1;good
DEBB021;"'2017-07-31 02:00'";15;42;12;7;1;good
DEBB021;"'2017-07-31 03:00'";15;49;5;7;1;good
DEBB021;"'2017-07-31 04:00'";15;50;6;7;1;good
DEBB021;"'2017-07-31 05:00'";13;46;6;8;1;good
DEBB021;"'2017-07-31 06:00'";12;30;14;9;1;good
DEBB021;"'2017-07-31 07:00'";14;26;18;10;1;good
DEBB021;"'2017-07-31 08:00'";18;25;23;12;1;good
DEBB021;"'2017-07-31 09:00'";20;42;15;11;1;good
DEBB021;"'2017-07-31 10:00'";19;57;9;10;1;good
DEBB021;"'2017-07-31 11:00'";17;69;7;10;1;good
DEBB021;"'2017-07-31 12:00'";17;80;5;10;1;moderate
DEBB021;"'2017-07-31 13:00'";15;81;6;7;1;moderate
DEBB021;"'2017-07-31 14:00'";10;87;3;5;1;moderate
DEBB021;"'2017-07-31 15:00'";10;88;4;4;1;moderate
DEBB021;"'2017-07-31 16:00'";12;88;7;4;1;moderate
DEBB021;"'2017-07-31 17:00'";30;88;8;5;1;moderate
DEBB021;"'2017-07-31 18:00'";13;79;9;5;1;moderate
DEBB021;"'2017-07-31 19:00'";14;81;6;6;1;moderate
DEBB021;"'2017-07-31 20:00'";16;82;9;6;1;moderate
DEBB021;"'2017-07-31 21:00'";16;72;12;8;1;good
DEBB021;"'2017-07-31 22:00'";19;62;13;10;1;good
DEBB021;"'2017-07-31 23:00'";18;59;13;10;1;good
DEBB021;"'2017-07-31 24:00'";22;54;13;12;1;good
DEBB021;"'2017-08-01 01:00'";23;44;15;13;1;good
DEBB021;"'2017-08-01 02:00'";20;37;15;15;1;good
DEBB021;"'2017-08-01 03:00'";21;32;15;15;1;good
DEBB021;"'2017-08-01 04:00'";21;26;18;15;1;good
DEBB021;"'2017-08-01 05:00'";25;29;16;16;1;moderate
DEBB021;"'2017-08-01 06:00'";23;26;15;17;1;moderate
DEBB021;"'2017-08-01 07:00'";21;25;25;17;1;moderate
DEBB021;"'2017-08-01 08:00'";13;54;16;11;1;good
DEBB021;"'2017-08-01 09:00'";11;57;17;8;1;good
DEBB021;"'2017-08-01 10:00'";9;60;18;6;1;good
DEBB021;"'2017-08-01 11:00'";10;63;14;6;1;good
DEBB021;"'2017-08-01 12:00'";8;76;8;5;1;moderate
DEBB021;"'2017-08-01 13:00'";9;77;8;5;1;moderate
DEBB021;"'2017-08-01 14:00'";9;80;5;6;1;moderate
DEBB021;"'2017-08-01 15:00'";11;87;4;7;1;moderate
DEBB021;"'2017-08-01 16:00'";12;93;5;8;1;moderate
DEBB021;"'2017-08-01 17:00'";12;95;8;8;1;moderate
DEBB021;"'2017-08-01 18:00'";11;103;8;7;1;moderate
DEBB021;"'2017-08-01 19:00'";9;99;9;5;1;moderate
DEBB021;"'2017-08-01 20:00'";9;96;7;6;1;moderate
DEBB021;"'2017-08-01 21:00'";11;88;7;6;1;moderate
DEBB021;"'2017-08-01 22:00'";8;-;-;5;4;"very good"
DEBB021;"'2017-08-01 23:00'";8;81;10;6;1;moderate
DEBB021;"'2017-08-01 24:00'";8;85;5;6;1;moderate
DEBB021;"'2017-08-02 01:00'";8;79;7;6;1;moderate
DEBB021;"'2017-08-02 02:00'";8;72;8;7;1;good
DEBB021;"'2017-08-02 03:00'";10;65;8;8;1;good
DEBB021;"'2017-08-02 04:00'";10;59;8;9;1;good
DEBB021;"'2017-08-02 05:00'";12;49;10;10;1;good
DEBB021;"'2017-08-02 06:00'";14;38;14;12;1;good
DEBB021;"'2017-08-02 07:00'";17;30;19;14;1;good
DEBB021;"'2017-08-02 08:00'";21;41;14;18;1;moderate
DEBB021;"'2017-08-02 09:00'";25;54;11;18;3;moderate
DEBB021;"'2017-08-02 10:00'";28;65;10;17;3;moderate
DEBB021;"'2017-08-02 11:00'";20;78;9;13;2;moderate
DEBB021;"'2017-08-02 12:00'";24;62;9;12;1;good
DEBB021;"'2017-08-02 13:00'";21;63;9;13;1;good
DEBB021;"'2017-08-02 14:00'";21;72;6;14;1;good
DEBB021;"'2017-08-02 15:00'";19;77;6;13;1;moderate
DEBB021;"'2017-08-02 16:00'";19;80;7;13;1;moderate
DEBB021;"'2017-08-02 17:00'";16;83;7;10;1;moderate
DEBB021;"'2017-08-02 18:00'";14;90;7;8;1;moderate
DEBB021;"'2017-08-02 19:00'";16;87;7;9;1;moderate
DEBB021;"'2017-08-02 20:00'";17;79;12;11;1;moderate
DEBB021;"'2017-08-02 21:00'";20;81;8;12;1;moderate
DEBB021;"'2017-08-02 22:00'";18;76;9;12;1;moderate
DEBB021;"'2017-08-02 23:00'";17;70;9;13;1;good
DEBB021;"'2017-08-02 24:00'";19;58;17;14;1;good
DEBB021;"'2017-08-03 01:00'";19;58;18;15;1;good
DEBB021;"'2017-08-03 02:00'";20;54;16;15;1;good
DEBB021;"'2017-08-03 03:00'";21;51;16;17;1;moderate
DEBB021;"'2017-08-03 04:00'";23;53;14;19;1;moderate
DEBB021;"'2017-08-03 05:00'";23;45;14;19;1;moderate
DEBB021;"'2017-08-03 06:00'";24;37;16;21;1;moderate
DEBB021;"'2017-08-03 07:00'";26;24;31;21;1;moderate
DEBB021;"'2017-08-03 08:00'";30;16;40;22;1;moderate
DEBB021;"'2017-08-03 09:00'";30;11;50;20;1;moderate
DEBB021;"'2017-08-03 10:00'";28;22;40;17;1;moderate
DEBB021;"'2017-08-03 11:00'";24;32;34;14;1;moderate
DEBB021;"'2017-08-03 12:00'";26;42;23;16;1;moderate
DEBB021;"'2017-08-03 13:00'";24;52;12;16;1;moderate
DEBB021;"'2017-08-03 14:00'";20;59;14;13;1;good
DEBB021;"'2017-08-03 15:00'";21;69;10;14;1;good
DEBB021;"'2017-08-03 16:00'";21;72;13;13;1;good
DEBB021;"'2017-08-03 17:00'";22;74;18;13;1;moderate
DEBB021;"'2017-08-03 18:00'";17;69;13;10;1;good
DEBB021;"'2017-08-03 19:00'";15;51;14;12;1;good
DEBB021;"'2017-08-03 20:00'";17;36;21;14;1;good
DEBB021;"'2017-08-03 21:00'";17;46;11;12;1;good
DEBB021;"'2017-08-03 22:00'";14;57;6;8;1;good
DEBB021;"'2017-08-03 23:00'";10;58;5;6;1;good
DEBB021;"'2017-08-03 24:00'";13;39;12;9;1;good
DEBB021;"'2017-08-04 01:00'";14;31;14;11;1;good
DEBB021;"'2017-08-04 02:00'";16;26;14;12;1;good
DEBB021;"'2017-08-04 03:00'";16;25;11;12;1;good
DEBB021;"'2017-08-04 04:00'";16;28;9;11;1;good
DEBB021;"'2017-08-04 05:00'";17;33;9;13;1;good
DEBB021;"'2017-08-04 06:00'";18;24;13;14;1;good
DEBB021;"'2017-08-04 07:00'";19;21;28;14;1;good
DEBB021;"'2017-08-04 08:00'";21;36;23;12;1;good
DEBB021;"'2017-08-04 09:00'";23;46;16;11;1;good
DEBB021;"'2017-08-04 10:00'";19;55;10;10;1;good
DEBB021;"'2017-08-04 11:00'";19;62;9;10;1;good
DEBB021;"'2017-08-04 12:00'";17;74;6;8;1;moderate
DEBB021;"'2017-08-04 13:00'";15;77;6;8;1;moderate
DEBB021;"'2017-08-04 14:00'";13;80;5;7;1;moderate
DEBB021;"'2017-08-04 15:00'";14;83;4;7;1;moderate
DEBB021;"'2017-08-04 16:00'";15;81;5;7;1;moderate
DEBB021;"'2017-08-04 17:00'";14;80;2;5;1;moderate
DEBB021;"'2017-08-04 18:00'";10;82;2;4;1;moderate
DEBB021;"'2017-08-04 19:00'";9;80;2;4;1;moderate
DEBB021;"'2017-08-04 20:00'";9;78;2;4;1;moderate
DEBB021;"'2017-08-04 21:00'";11;73;6;5;1;moderate
DEBB021;"'2017-08-04 22:00'";11;69;6;5;1;good
DEBB021;"'2017-08-04 23:00'";14;58;11;7;1;good
DEBB021;"'2017-08-04 24:00'";15;56;10;7;1;good
DEBB021;"'2017-08-05 01:00'";14;53;12;7;1;good
DEBB021;"'2017-08-05 02:00'";15;53;12;8;1;good
DEBB021;"'2017-08-05 03:00'";18;50;14;9;1;good
DEBB021;"'2017-08-05 04:00'";17;49;11;8;1;good
DEBB021;"'2017-08-05 05:00'";16;46;12;7;1;good
DEBB021;"'2017-08-05 06:00'";15;50;9;7;1;good
DEBB021;"'2017-08-05 07:00'";16;44;13;7;1;good
DEBB021;"'2017-08-05 08:00'";16;43;18;7;1;good
DEBB021;"'2017-08-05 09:00'";13;53;9;6;1;good
DEBB021;"'2017-08-05 10:00'";10;65;5;5;1;good
DEBB021;"'2017-08-05 11:00'";11;69;5;5;1;good
DEBB021;"'2017-08-05 12:00'";12;69;6;6;1;good
DEBB021;"'2017-08-05 13:00'";12;68;6;6;1;good
DEBB021;"'2017-08-05 14:00'";10;62;7;7;1;good
DEBB021;"'2017-08-05 15:00'";10;60;6;8;1;good
DEBB021;"'2017-08-05 16:00'";5;64;5;4;1;good
DEBB021;"'2017-08-05 17:00'";4;60;5;4;1;good
DEBB021;"'2017-08-05 18:00'";4;62;4;4;1;good
DEBB021;"'2017-08-05 19:00'";6;60;5;5;1;good
DEBB021;"'2017-08-05 20:00'";6;60;6;6;1;good
DEBB021;"'2017-08-05 21:00'";5;65;3;5;1;good
DEBB021;"'2017-08-05 22:00'";4;59;6;4;1;good
DEBB021;"'2017-08-05 23:00'";9;47;9;8;1;good
DEBB021;"'2017-08-05 24:00'";10;37;11;9;1;good
DEBB021;"'2017-08-06 01:00'";11;37;9;10;1;good
DEBB021;"'2017-08-06 02:00'";13;35;8;11;1;good
DEBB021;"'2017-08-06 03:00'";15;36;6;13;1;good
DEBB021;"'2017-08-06 04:00'";15;40;3;12;1;good
DEBB021;"'2017-08-06 05:00'";16;43;2;13;1;good
DEBB021;"'2017-08-06 06:00'";18;37;4;15;1;good
DEBB021;"'2017-08-06 07:00'";18;35;4;14;1;good
DEBB021;"'2017-08-06 08:00'";15;41;3;12;1;good
DEBB021;"'2017-08-06 09:00'";11;51;2;8;1;good
DEBB021;"'2017-08-06 10:00'";9;58;2;6;1;good
DEBB021;"'2017-08-06 11:00'";7;64;2;5;1;good
DEBB021;"'2017-08-06 12:00'";6;68;2;4;1;good
DEBB021;"'2017-08-06 13:00'";6;71;2;4;1;good
DEBB021;"'2017-08-06 14:00'";5;72;2;3;1;good
DEBB021;"'2017-08-06 15:00'";5;72;2;3;1;good
DEBB021;"'2017-08-06 16:00'";5;73;2;3;1;moderate
DEBB021;"'2017-08-06 17:00'";4;74;2;3;1;moderate
DEBB021;"'2017-08-06 18:00'";5;75;2;3;1;moderate
DEBB021;"'2017-08-06 19:00'";5;76;2;3;1;moderate
DEBB021;"'2017-08-06 20:00'";5;74;2;3;1;moderate
DEBB021;"'2017-08-06 21:00'";8;64;8;5;1;good
DEBB021;"'2017-08-06 22:00'";10;53;11;6;1;good
DEBB021;"'2017-08-06 23:00'";10;41;13;7;1;good
DEBB021;"'2017-08-06 24:00'";10;31;14;9;1;good
DEBB021;"'2017-08-07 01:00'";12;28;14;10;1;good
DEBB021;"'2017-08-07 02:00'";14;28;11;12;1;good
DEBB021;"'2017-08-07 03:00'";11;23;14;9;1;good
DEBB021;"'2017-08-07 04:00'";12;10;24;10;1;good
DEBB021;"'2017-08-07 05:00'";11;10;22;10;1;good
DEBB021;"'2017-08-07 06:00'";11;5;26;9;1;good
DEBB021;"'2017-08-07 07:00'";12;6;27;10;1;good
DEBB021;"'2017-08-07 08:00'";13;8;35;10;1;moderate
DEBB021;"'2017-08-07 09:00'";14;23;32;8;1;moderate
DEBB021;"'2017-08-07 10:00'";9;63;8;4;1;good
DEBB021;"'2017-08-07 11:00'";9;75;6;4;1;moderate
DEBB021;"'2017-08-07 12:00'";8;80;4;3;1;moderate
DEBB021;"'2017-08-07 13:00'";13;81;6;4;1;moderate
DEBB021;"'2017-08-07 14:00'";9;83;2;3;1;moderate
DEBB021;"'2017-08-07 15:00'";9;84;3;3;1;moderate
DEBB021;"'2017-08-07 16:00'";10;87;2;3;1;moderate
DEBB021;"'2017-08-07 17:00'";9;89;3;3;1;moderate
DEBB021;"'2017-08-07 18:00'";9;90;2;3;1;moderate
DEBB021;"'2017-08-07 19:00'";8;91;2;4;1;moderate
DEBB021;"'2017-08-07 20:00'";11;90;6;4;1;moderate
DEBB021;"'2017-08-07 21:00'";14;86;9;6;1;moderate
DEBB021;"'2017-08-07 22:00'";13;77;13;8;1;moderate
DEBB021;"'2017-08-07 23:00'";16;65;18;9;1;good
DEBB021;"'2017-08-07 24:00'";15;59;17;10;1;good
DEBB021;"'2017-08-08 01:00'";15;52;16;11;1;good
DEBB021;"'2017-08-08 02:00'";16;48;16;12;1;good
DEBB021;"'2017-08-08 03:00'";16;50;11;11;1;good
DEBB021;"'2017-08-08 04:00'";17;48;12;11;1;good
DEBB021;"'2017-08-08 05:00'";16;46;12;11;1;good
DEBB021;"'2017-08-08 06:00'";18;44;14;11;1;good
DEBB021;"'2017-08-08 07:00'";22;35;25;13;1;good
DEBB021;"'2017-08-08 08:00'";26;39;26;14;1;good
DEBB021;"'2017-08-08 09:00'";27;54;17;14;1;good
DEBB021;"'2017-08-08 10:00'";27;59;15;13;1;good
DEBB021;"'2017-08-08 11:00'";24;-;20;11;1;good
DEBB021;"'2017-08-08 12:00'";21;86;10;8;-;moderate
DEBB021;"'2017-08-08 13:00'";23;94;7;8;1;moderate
DEBB021;"'2017-08-08 14:00'";22;100;10;10;1;moderate
DEBB021;"'2017-08-08 15:00'";24;107;7;9;1;moderate
DEBB021;"'2017-08-08 16:00'";25;111;5;9;1;moderate
DEBB021;"'2017-08-08 17:00'";24;110;6;8;1;moderate
DEBB021;"'2017-08-08 18:00'";22;109;6;8;1;moderate
DEBB021;"'2017-08-08 19:00'";21;110;5;7;1;moderate
DEBB021;"'2017-08-08 20:00'";22;108;6;8;1;moderate
DEBB021;"'2017-08-08 21:00'";21;96;11;9;1;moderate
DEBB021;"'2017-08-08 22:00'";23;88;12;10;1;moderate
DEBB021;"'2017-08-08 23:00'";25;81;16;11;1;moderate
DEBB021;"'2017-08-08 24:00'";25;81;13;12;1;moderate
DEBB021;"'2017-08-09 01:00'";24;84;7;13;1;moderate
DEBB021;"'2017-08-09 02:00'";25;82;9;13;1;moderate
DEBB021;"'2017-08-09 03:00'";26;75;12;14;1;moderate
DEBB021;"'2017-08-09 04:00'";24;76;6;16;1;moderate
DEBB021;"'2017-08-09 05:00'";20;65;7;16;1;moderate
DEBB021;"'2017-08-09 06:00'";20;55;10;17;1;moderate
DEBB021;"'2017-08-09 07:00'";21;47;17;17;1;moderate
DEBB021;"'2017-08-09 08:00'";17;59;16;13;1;good
DEBB021;"'2017-08-09 09:00'";17;74;7;13;1;moderate
DEBB021;"'2017-08-09 10:00'";14;86;6;10;1;moderate
DEBB021;"'2017-08-09 11:00'";13;87;7;9;1;moderate
DEBB021;"'2017-08-09 12:00'";14;94;7;8;1;moderate
DEBB021;"'2017-08-09 13:00'";14;97;6;8;1;moderate
DEBB021;"'2017-08-09 14:00'";12;97;8;5;1;moderate
DEBB021;"'2017-08-09 15:00'";12;95;11;4;1;moderate
DEBB021;"'2017-08-09 16:00'";10;97;9;3;1;moderate
DEBB021;"'2017-08-09 17:00'";13;98;8;3;1;moderate
DEBB021;"'2017-08-09 18:00'";12;99;6;2;1;moderate
DEBB021;"'2017-08-09 19:00'";10;98;5;2;1;moderate
DEBB021;"'2017-08-09 20:00'";10;97;6;3;1;moderate
DEBB021;"'2017-08-09 21:00'";15;94;8;4;1;moderate
DEBB021;"'2017-08-09 22:00'";13;94;6;5;1;moderate
DEBB021;"'2017-08-09 23:00'";16;91;5;6;1;moderate
DEBB021;"'2017-08-09 24:00'";17;86;3;7;1;moderate
DEBB021;"'2017-08-10 01:00'";15;87;4;8;1;moderate
DEBB021;"'2017-08-10 02:00'";17;91;2;9;1;moderate
DEBB021;"'2017-08-10 03:00'";17;90;2;12;1;moderate
DEBB021;"'2017-08-10 04:00'";17;75;4;14;1;moderate
DEBB021;"'2017-08-10 05:00'";18;70;3;16;1;moderate
DEBB021;"'2017-08-10 06:00'";19;66;7;17;1;moderate
DEBB021;"'2017-08-10 07:00'";20;64;12;18;1;moderate
DEBB021;"'2017-08-10 08:00'";24;46;19;20;1;moderate
DEBB021;"'2017-08-10 09:00'";25;47;19;19;1;moderate
DEBB021;"'2017-08-10 10:00'";21;56;13;18;1;moderate
DEBB021;"'2017-08-10 11:00'";23;64;8;19;1;moderate
DEBB021;"'2017-08-10 12:00'";22;72;9;18;1;moderate
DEBB021;"'2017-08-10 13:00'";19;89;7;15;1;moderate
DEBB021;"'2017-08-10 14:00'";13;99;4;9;1;moderate
DEBB021;"'2017-08-10 15:00'";11;103;3;8;1;moderate
DEBB021;"'2017-08-10 16:00'";10;104;4;7;1;moderate
DEBB021;"'2017-08-10 17:00'";12;102;6;8;1;moderate
DEBB021;"'2017-08-10 18:00'";13;102;4;8;1;moderate
DEBB021;"'2017-08-10 19:00'";13;95;6;8;1;moderate
DEBB021;"'2017-08-10 20:00'";13;93;6;7;1;moderate
DEBB021;"'2017-08-10 21:00'";16;89;7;8;1;moderate
DEBB021;"'2017-08-10 22:00'";18;88;12;9;1;moderate
DEBB021;"'2017-08-10 23:00'";19;90;9;9;1;moderate
DEBB021;"'2017-08-10 24:00'";18;95;3;9;1;moderate
DEBB021;"'2017-08-11 01:00'";15;93;2;9;1;moderate
DEBB021;"'2017-08-11 02:00'";14;81;7;11;1;moderate
DEBB021;"'2017-08-11 03:00'";14;80;9;13;1;moderate
DEBB021;"'2017-08-11 04:00'";13;79;8;12;1;moderate
DEBB021;"'2017-08-11 05:00'";15;79;4;14;1;moderate
DEBB021;"'2017-08-11 06:00'";19;69;8;18;1;moderate
DEBB021;"'2017-08-11 07:00'";20;63;12;19;1;moderate
DEBB021;"'2017-08-11 08:00'";24;53;17;22;-;moderate
DEBB021;"'2017-08-11 09:00'";29;47;21;25;-;moderate
DEBB021;"'2017-08-11 10:00'";35;30;32;29;1;moderate
DEBB021;"'2017-08-11 11:00'";34;39;20;29;1;moderate
DEBB021;"'2017-08-11 12:00'";26;45;14;23;1;moderate
DEBB021;"'2017-08-11 13:00'";20;49;12;18;1;moderate
DEBB021;"'2017-08-11 14:00'";20;60;8;19;1;moderate
DEBB021;"'2017-08-11 15:00'";21;56;12;19;1;moderate
DEBB021;"'2017-08-11 16:00'";15;66;10;13;1;good
DEBB021;"'2017-08-11 17:00'";13;73;8;12;1;moderate
DEBB021;"'2017-08-11 18:00'";13;65;10;12;1;good
DEBB021;"'2017-08-11 19:00'";13;59;9;12;1;good
DEBB021;"'2017-08-11 20:00'";13;53;11;12;1;good
DEBB021;"'2017-08-11 21:00'";13;44;12;12;1;good
DEBB021;"'2017-08-11 22:00'";14;41;9;13;1;good
DEBB021;"'2017-08-11 23:00'";16;35;11;14;1;good
DEBB021;"'2017-08-11 24:00'";17;36;8;14;1;good
DEBB021;"'2017-08-12 01:00'";13;42;6;10;1;good
DEBB021;"'2017-08-12 02:00'";6;44;6;5;1;good
DEBB021;"'2017-08-12 03:00'";2;45;3;2;1;good
DEBB021;"'2017-08-12 04:00'";1;42;3;0.9;1;good
DEBB021;"'2017-08-12 05:00'";0.9;42;2;0.9;1;good
DEBB021;"'2017-08-12 06:00'";0.9;43;2;0.9;1;good
DEBB021;"'2017-08-12 07:00'";0.9;48;4;0.9;1;good
DEBB021;"'2017-08-12 08:00'";0.9;52;4;0.9;1;good
DEBB021;"'2017-08-12 09:00'";3;55;2;3;1;good
DEBB021;"'2017-08-12 10:00'";4;61;2;4;1;good
DEBB021;"'2017-08-12 11:00'";7;60;5;7;1;good
DEBB021;"'2017-08-12 12:00'";9;59;6;8;1;good
DEBB021;"'2017-08-12 13:00'";10;63;7;9;1;good
DEBB021;"'2017-08-12 14:00'";12;66;6;10;1;good
DEBB021;"'2017-08-12 15:00'";12;71;8;10;1;good
DEBB021;"'2017-08-12 16:00'";11;70;7;9;1;good
DEBB021;"'2017-08-12 17:00'";11;70;8;8;1;good
DEBB021;"'2017-08-12 18:00'";11;71;10;9;1;good
DEBB021;"'2017-08-12 19:00'";10;68;12;8;1;good
DEBB021;"'2017-08-12 20:00'";11;68;8;9;1;good
DEBB021;"'2017-08-12 21:00'";9;68;3;8;1;good
DEBB021;"'2017-08-12 22:00'";6;63;2;5;1;good
DEBB021;"'2017-08-12 23:00'";7;54;2;6;1;good
DEBB021;"'2017-08-12 24:00'";6;49;2;6;1;good
DEBB021;"'2017-08-13 01:00'";6;42;2;6;1;good
DEBB021;"'2017-08-13 02:00'";7;36;3;6;1;good
DEBB021;"'2017-08-13 03:00'";7;35;2;6;1;good
DEBB021;"'2017-08-13 04:00'";7;30;5;6;1;good
DEBB021;"'2017-08-13 05:00'";7;31;4;6;1;good
DEBB021;"'2017-08-13 06:00'";8;33;2;7;1;good
DEBB021;"'2017-08-13 07:00'";9;30;4;8;1;good
DEBB021;"'2017-08-13 08:00'";10;26;6;8;1;good
DEBB021;"'2017-08-13 09:00'";12;35;3;10;1;good
DEBB021;"'2017-08-13 10:00'";13;47;2;11;1;good
DEBB021;"'2017-08-13 11:00'";10;54;2;8;1;good
DEBB021;"'2017-08-13 12:00'";8;60;2;6;1;good
DEBB021;"'2017-08-13 13:00'";6;62;2;4;1;good
DEBB021;"'2017-08-13 14:00'";6;62;2;4;1;good
DEBB021;"'2017-08-13 15:00'";6;61;2;4;1;good
DEBB021;"'2017-08-13 16:00'";6;63;2;5;1;good
DEBB021;"'2017-08-13 17:00'";6;62;2;4;1;good
DEBB021;"'2017-08-13 18:00'";7;62;2;5;1;good
DEBB021;"'2017-08-13 19:00'";9;61;3;6;1;good
DEBB021;"'2017-08-13 20:00'";10;55;7;7;1;good
DEBB021;"'2017-08-13 21:00'";10;56;5;7;1;good
DEBB021;"'2017-08-13 22:00'";11;49;8;8;1;good
DEBB021;"'2017-08-13 23:00'";11;43;8;9;1;good
DEBB021;"'2017-08-13 24:00'";13;38;10;11;1;good
DEBB021;"'2017-08-14 01:00'";14;28;12;12;1;good
DEBB021;"'2017-08-14 02:00'";15;20;15;13;1;good
DEBB021;"'2017-08-14 03:00'";13;18;16;11;1;good
DEBB021;"'2017-08-14 04:00'";13;26;9;11;1;good
DEBB021;"'2017-08-14 05:00'";14;25;9;11;1;good
DEBB021;"'2017-08-14 06:00'";14;23;12;11;1;good
DEBB021;"'2017-08-14 07:00'";15;14;20;12;1;good
DEBB021;"'2017-08-14 08:00'";14;20;23;11;1;good
DEBB021;"'2017-08-14 09:00'";12;37;18;8;1;good
DEBB021;"'2017-08-14 10:00'";12;47;16;7;1;good
DEBB021;"'2017-08-14 11:00'";11;58;10;7;1;good
DEBB021;"'2017-08-14 12:00'";10;67;7;6;1;good
DEBB021;"'2017-08-14 13:00'";10;72;6;6;1;good
DEBB021;"'2017-08-14 14:00'";10;80;5;5;1;moderate
DEBB021;"'2017-08-14 15:00'";9;86;5;5;1;moderate
DEBB021;"'2017-08-14 16:00'";9;87;5;5;1;moderate
DEBB021;"'2017-08-14 17:00'";10;83;5;6;1;moderate
DEBB021;"'2017-08-14 18:00'";9;77;6;5;1;moderate
DEBB021;"'2017-08-14 19:00'";8;78;4;5;1;moderate
DEBB021;"'2017-08-14 20:00'";8;74;5;5;1;moderate
DEBB021;"'2017-08-14 21:00'";12;65;9;7;1;good
DEBB021;"'2017-08-14 22:00'";15;55;15;10;1;good
DEBB021;"'2017-08-14 23:00'";16;55;14;12;1;good
DEBB021;"'2017-08-14 24:00'";16;50;12;13;1;good
DEBB021;"'2017-08-15 01:00'";15;46;12;13;1;good
DEBB021;"'2017-08-15 02:00'";16;46;10;13;1;good
DEBB021;"'2017-08-15 03:00'";15;44;9;13;1;good
DEBB021;"'2017-08-15 04:00'";16;41;9;14;1;good
DEBB021;"'2017-08-15 05:00'";16;40;9;15;1;good
DEBB021;"'2017-08-15 06:00'";18;35;14;16;1;moderate
DEBB021;"'2017-08-15 07:00'";19;28;19;16;1;moderate
DEBB021;"'2017-08-15 08:00'";20;29;21;17;1;moderate
DEBB021;"'2017-08-15 09:00'";21;37;16;16;1;moderate
DEBB021;"'2017-08-15 10:00'";19;48;11;13;1;good
DEBB021;"'2017-08-15 11:00'";17;60;9;11;1;good
DEBB021;"'2017-08-15 12:00'";17;76;7;11;1;moderate
DEBB021;"'2017-08-15 13:00'";17;87;7;10;1;moderate
DEBB021;"'2017-08-15 14:00'";15;99;5;8;1;moderate
DEBB021;"'2017-08-15 15:00'";14;102;5;7;1;moderate
DEBB021;"'2017-08-15 16:00'";15;105;6;7;1;moderate
DEBB021;"'2017-08-15 17:00'";17;105;7;7;1;moderate
DEBB021;"'2017-08-15 18:00'";13;104;6;7;1;moderate
DEBB021;"'2017-08-15 19:00'";15;102;8;7;1;moderate
DEBB021;"'2017-08-15 20:00'";15;93;13;7;1;moderate
DEBB021;"'2017-08-15 21:00'";19;85;13;9;1;moderate
DEBB021;"'2017-08-15 22:00'";18;74;17;10;1;moderate
DEBB021;"'2017-08-15 23:00'";21;63;20;13;1;good
DEBB021;"'2017-08-15 24:00'";24;58;19;14;1;good
DEBB021;"'2017-08-16 01:00'";20;59;13;14;1;good
DEBB021;"'2017-08-16 02:00'";20;57;13;15;1;good
DEBB021;"'2017-08-16 03:00'";20;62;7;11;1;good
DEBB021;"'2017-08-16 04:00'";23;57;8;11;1;good
DEBB021;"'2017-08-16 05:00'";23;55;7;11;1;good
DEBB021;"'2017-08-16 06:00'";17;53;10;11;1;good
DEBB021;"'2017-08-16 07:00'";13;60;13;10;1;good
DEBB021;"'2017-08-16 08:00'";11;65;9;9;1;good
DEBB021;"'2017-08-16 09:00'";13;59;11;11;1;good
DEBB021;"'2017-08-16 10:00'";15;47;19;13;1;good
DEBB021;"'2017-08-16 11:00'";-;43;19;-;1;good
DEBB021;"'2017-08-16 12:00'";17;45;16;15;1;good
DEBB021;"'2017-08-16 13:00'";18;57;10;16;1;moderate
DEBB021;"'2017-08-16 14:00'";18;72;6;16;1;moderate
DEBB021;"'2017-08-16 15:00'";15;80;5;13;1;moderate
DEBB021;"'2017-08-16 16:00'";14;86;4;12;1;moderate
DEBB021;"'2017-08-16 17:00'";14;87;4;12;1;moderate
DEBB021;"'2017-08-16 18:00'";16;85;4;14;1;moderate
DEBB021;"'2017-08-16 19:00'";16;89;2;13;1;moderate
DEBB021;"'2017-08-16 20:00'";16;81;4;13;1;moderate
DEBB021;"'2017-08-16 21:00'";21;59;14;16;1;moderate
DEBB021;"'2017-08-16 22:00'";25;25;34;21;1;moderate
DEBB021;"'2017-08-16 23:00'";26;16;34;22;1;moderate
DEBB021;"'2017-08-16 24:00'";28;11;30;23;1;moderate
DEBB021;"'2017-08-17 01:00'";30;7;29;24;1;moderate
DEBB021;"'2017-08-17 02:00'";32;6;25;24;1;moderate
DEBB021;"'2017-08-17 03:00'";30;6;22;23;1;moderate
DEBB021;"'2017-08-17 04:00'";28;5;22;21;1;moderate
DEBB021;"'2017-08-17 05:00'";25;5;23;20;1;moderate
DEBB021;"'2017-08-17 06:00'";24;4;23;21;1;moderate
DEBB021;"'2017-08-17 07:00'";30;6;24;27;1;moderate
DEBB021;"'2017-08-17 08:00'";36;8;32;31;1;poor
DEBB021;"'2017-08-17 09:00'";26;19;33;22;1;moderate
DEBB021;"'2017-08-17 10:00'";22;41;23;17;1;moderate
DEBB021;"'2017-08-17 11:00'";16;75;7;13;1;moderate
DEBB021;"'2017-08-17 12:00'";16;88;8;13;1;moderate
DEBB021;"'2017-08-17 13:00'";14;94;6;10;1;moderate
DEBB021;"'2017-08-17 14:00'";13;94;5;10;1;moderate
DEBB021;"'2017-08-17 15:00'";13;92;7;9;1;moderate
DEBB021;"'2017-08-17 16:00'";13;92;8;9;1;moderate
DEBB021;"'2017-08-17 17:00'";13;93;11;9;1;moderate
DEBB021;"'2017-08-17 18:00'";14;89;17;9;1;moderate
DEBB021;"'2017-08-17 19:00'";14;96;13;10;1;moderate
DEBB021;"'2017-08-17 20:00'";16;96;13;10;1;moderate
DEBB021;"'2017-08-17 21:00'";16;87;11;12;1;moderate
DEBB021;"'2017-08-17 22:00'";17;63;17;15;1;good
DEBB021;"'2017-08-17 23:00'";17;50;13;14;1;good
DEBB021;"'2017-08-17 24:00'";17;45;10;14;1;good
DEBB021;"'2017-08-18 01:00'";15;56;6;13;1;good
DEBB021;"'2017-08-18 02:00'";16;57;7;13;1;good
DEBB021;"'2017-08-18 03:00'";17;44;8;13;1;good
DEBB021;"'2017-08-18 04:00'";19;37;9;14;1;good
DEBB021;"'2017-08-18 05:00'";22;29;8;17;1;moderate
DEBB021;"'2017-08-18 06:00'";23;19;11;18;1;moderate
DEBB021;"'2017-08-18 07:00'";25;10;24;19;1;moderate
DEBB021;"'2017-08-18 08:00'";24;17;27;19;1;moderate
DEBB021;"'2017-08-18 09:00'";21;39;14;16;1;moderate
DEBB021;"'2017-08-18 10:00'";13;48;11;9;1;good
DEBB021;"'2017-08-18 11:00'";10;52;11;6;1;good
DEBB021;"'2017-08-18 12:00'";9;58;8;5;1;good
DEBB021;"'2017-08-18 13:00'";6;62;8;4;1;good
DEBB021;"'2017-08-18 14:00'";7;61;11;4;1;good
DEBB021;"'2017-08-18 15:00'";9;58;16;5;1;good
DEBB021;"'2017-08-18 16:00'";10;73;11;5;1;moderate
DEBB021;"'2017-08-18 17:00'";13;75;16;6;1;moderate
DEBB021;"'2017-08-18 18:00'";12;78;10;7;1;moderate
DEBB021;"'2017-08-18 19:00'";13;73;11;7;1;moderate
DEBB021;"'2017-08-18 20:00'";13;66;11;8;1;good
DEBB021;"'2017-08-18 21:00'";9;55;7;7;1;good
DEBB021;"'2017-08-18 22:00'";8;48;7;7;1;good
DEBB021;"'2017-08-18 23:00'";7;44;6;6;1;good
DEBB021;"'2017-08-18 24:00'";7;50;3;6;1;good
DEBB021;"'2017-08-19 01:00'";7;59;2;5;1;good
DEBB021;"'2017-08-19 02:00'";9;52;4;7;1;good
DEBB021;"'2017-08-19 03:00'";11;46;5;8;1;good
DEBB021;"'2017-08-19 04:00'";10;49;6;8;1;good
DEBB021;"'2017-08-19 05:00'";10;45;5;7;1;good
DEBB021;"'2017-08-19 06:00'";12;41;6;9;1;good
DEBB021;"'2017-08-19 07:00'";11;42;9;8;1;good
DEBB021;"'2017-08-19 08:00'";8;47;8;6;1;good
DEBB021;"'2017-08-19 09:00'";10;46;8;7;1;good
DEBB021;"'2017-08-19 10:00'";11;47;6;7;1;good
DEBB021;"'2017-08-19 11:00'";12;50;6;8;1;good
DEBB021;"'2017-08-19 12:00'";12;58;7;7;1;good
DEBB021;"'2017-08-19 13:00'";11;60;6;7;1;good
DEBB021;"'2017-08-19 14:00'";10;64;7;6;1;good
DEBB021;"'2017-08-19 15:00'";7;70;5;4;1;good
DEBB021;"'2017-08-19 16:00'";7;73;2;5;1;moderate
DEBB021;"'2017-08-19 17:00'";7;71;3;4;1;good
DEBB021;"'2017-08-19 18:00'";6;70;2;3;1;good
DEBB021;"'2017-08-19 19:00'";6;70;2;4;1;good
DEBB021;"'2017-08-19 20:00'";7;64;7;4;1;good
DEBB021;"'2017-08-19 21:00'";7;57;6;4;1;good
DEBB021;"'2017-08-19 22:00'";10;47;10;7;1;good
DEBB021;"'2017-08-19 23:00'";10;45;9;7;1;good
DEBB021;"'2017-08-19 24:00'";8;52;6;6;1;good
DEBB021;"'2017-08-20 01:00'";8;50;7;6;1;good
DEBB021;"'2017-08-20 02:00'";9;46;7;7;1;good
DEBB021;"'2017-08-20 03:00'";8;47;7;7;1;good
DEBB021;"'2017-08-20 04:00'";9;40;9;8;1;good
DEBB021;"'2017-08-20 05:00'";9;38;9;8;1;good
DEBB021;"'2017-08-20 06:00'";8;37;7;7;1;good
DEBB021;"'2017-08-20 07:00'";9;28;9;8;1;good
DEBB021;"'2017-08-20 08:00'";9;32;5;8;1;good
DEBB021;"'2017-08-20 09:00'";9;42;5;7;1;good
DEBB021;"'2017-08-20 10:00'";8;54;2;6;1;good
DEBB021;"'2017-08-20 11:00'";9;58;6;6;1;good
DEBB021;"'2017-08-20 12:00'";8;68;3;6;1;good
DEBB021;"'2017-08-20 13:00'";8;67;2;6;1;good
DEBB021;"'2017-08-20 14:00'";7;70;2;5;1;good
DEBB021;"'2017-08-20 15:00'";7;75;2;5;1;moderate
DEBB021;"'2017-08-20 16:00'";8;76;2;6;1;moderate
DEBB021;"'2017-08-20 17:00'";9;77;2;6;1;moderate
DEBB021;"'2017-08-20 18:00'";9;73;3;6;1;moderate
DEBB021;"'2017-08-20 19:00'";10;74;3;8;1;moderate
DEBB021;"'2017-08-20 20:00'";9;64;4;6;1;good
DEBB021;"'2017-08-20 21:00'";6;60;3;4;1;good
DEBB021;"'2017-08-20 22:00'";4;58;2;4;1;good
DEBB021;"'2017-08-20 23:00'";3;56;2;3;1;good
DEBB021;"'2017-08-20 24:00'";5;49;3;4;1;good
DEBB021;"'2017-08-21 01:00'";5;45;6;5;1;good
DEBB021;"'2017-08-21 02:00'";5;41;7;4;1;good
DEBB021;"'2017-08-21 03:00'";5;40;6;4;1;good
DEBB021;"'2017-08-21 04:00'";5;37;6;5;1;good
DEBB021;"'2017-08-21 05:00'";6;37;6;5;1;good
DEBB021;"'2017-08-21 06:00'";6;33;10;5;1;good
DEBB021;"'2017-08-21 07:00'";8;31;15;6;1;good
DEBB021;"'2017-08-21 08:00'";9;36;10;8;1;good
DEBB021;"'2017-08-21 09:00'";10;39;9;8;1;good
DEBB021;"'2017-08-21 10:00'";10;45;6;8;1;good
DEBB021;"'2017-08-21 11:00'";10;52;5;7;1;good
DEBB021;"'2017-08-21 12:00'";8;59;4;6;1;good
DEBB021;"'2017-08-21 13:00'";9;62;3;6;1;good
DEBB021;"'2017-08-21 14:00'";8;65;2;5;1;good
DEBB021;"'2017-08-21 15:00'";8;67;2;5;1;good
DEBB021;"'2017-08-21 16:00'";7;69;3;4;1;good
DEBB021;"'2017-08-21 17:00'";7;65;5;5;1;good
DEBB021;"'2017-08-21 18:00'";6;63;4;4;1;good
DEBB021;"'2017-08-21 19:00'";6;64;2;4;1;good
DEBB021;"'2017-08-21 20:00'";7;61;5;5;1;good
DEBB021;"'2017-08-21 21:00'";7;58;5;6;1;good
DEBB021;"'2017-08-21 22:00'";7;59;2;6;1;good
DEBB021;"'2017-08-21 23:00'";6;57;2;5;1;good
DEBB021;"'2017-08-21 24:00'";7;53;2;6;1;good
DEBB021;"'2017-08-22 01:00'";6;49;3;5;1;good
DEBB021;"'2017-08-22 02:00'";7;42;5;6;1;good
DEBB021;"'2017-08-22 03:00'";7;40;5;6;1;good
DEBB021;"'2017-08-22 04:00'";7;42;3;6;1;good
DEBB021;"'2017-08-22 05:00'";7;41;5;6;1;good
DEBB021;"'2017-08-22 06:00'";9;34;7;7;1;good
DEBB021;"'2017-08-22 07:00'";10;25;20;8;1;good
DEBB021;"'2017-08-22 08:00'";11;25;16;8;1;good
DEBB021;"'2017-08-22 09:00'";10;35;11;7;1;good
DEBB021;"'2017-08-22 10:00'";9;49;7;5;1;good
DEBB021;"'2017-08-22 11:00'";7;55;7;4;1;good
DEBB021;"'2017-08-22 12:00'";7;60;4;5;1;good
DEBB021;"'2017-08-22 13:00'";7;62;3;5;1;good
DEBB021;"'2017-08-22 14:00'";6;65;2;4;1;good
DEBB021;"'2017-08-22 15:00'";7;67;2;4;1;good
DEBB021;"'2017-08-22 16:00'";6;69;2;4;1;good
DEBB021;"'2017-08-22 17:00'";6;69;4;3;1;good
DEBB021;"'2017-08-22 18:00'";7;71;4;4;1;good
DEBB021;"'2017-08-22 19:00'";6;72;2;4;1;good
DEBB021;"'2017-08-22 20:00'";9;62;10;5;1;good
DEBB021;"'2017-08-22 21:00'";11;46;15;7;1;good
DEBB021;"'2017-08-22 22:00'";16;30;24;11;1;good
DEBB021;"'2017-08-22 23:00'";17;11;34;12;1;moderate
DEBB021;"'2017-08-22 24:00'";13;8;31;10;1;moderate
DEBB021;"'2017-08-23 01:00'";12;8;22;9;1;good
DEBB021;"'2017-08-23 02:00'";11;9;20;9;1;good
DEBB021;"'2017-08-23 03:00'";10;10;19;9;1;good
DEBB021;"'2017-08-23 04:00'";10;9;20;8;1;good
DEBB021;"'2017-08-23 05:00'";11;11;22;9;1;good
DEBB021;"'2017-08-23 06:00'";12;10;25;10;1;good
DEBB021;"'2017-08-23 07:00'";15;7;32;11;1;moderate
DEBB021;"'2017-08-23 08:00'";16;10;32;12;1;moderate
DEBB021;"'2017-08-23 09:00'";15;17;22;12;1;good
DEBB021;"'2017-08-23 10:00'";13;27;17;9;1;good
DEBB021;"'2017-08-23 11:00'";8;56;9;5;1;good
DEBB021;"'2017-08-23 12:00'";8;71;6;5;1;good
DEBB021;"'2017-08-23 13:00'";8;78;4;5;1;moderate
DEBB021;"'2017-08-23 14:00'";9;83;2;5;1;moderate
DEBB021;"'2017-08-23 15:00'";9;87;2;5;1;moderate
DEBB021;"'2017-08-23 16:00'";14;90;2;5;1;moderate
DEBB021;"'2017-08-23 17:00'";9;92;3;4;1;moderate
DEBB021;"'2017-08-23 18:00'";8;94;2;4;1;moderate
DEBB021;"'2017-08-23 19:00'";7;94;2;4;1;moderate
DEBB021;"'2017-08-23 20:00'";11;86;4;5;1;moderate
DEBB021;"'2017-08-23 21:00'";17;56;20;8;1;good
DEBB021;"'2017-08-23 22:00'";13;19;45;9;1;moderate
DEBB021;"'2017-08-23 23:00'";15;8;50;11;1;moderate
DEBB021;"'2017-08-23 24:00'";20;6;43;15;1;moderate
DEBB021;"'2017-08-24 01:00'";18;5;38;13;1;moderate
DEBB021;"'2017-08-24 02:00'";17;7;33;13;1;moderate
DEBB021;"'2017-08-24 03:00'";14;2;32;11;1;moderate
DEBB021;"'2017-08-24 04:00'";13;2;34;11;1;moderate
DEBB021;"'2017-08-24 05:00'";12;2;32;10;1;moderate
DEBB021;"'2017-08-24 06:00'";13;2;32;11;1;moderate
DEBB021;"'2017-08-24 07:00'";20;2;33;17;1;moderate
DEBB021;"'2017-08-24 08:00'";25;7;38;19;1;moderate
DEBB021;"'2017-08-24 09:00'";24;12;44;18;1;moderate
DEBB021;"'2017-08-24 10:00'";23;27;35;13;1;moderate
DEBB021;"'2017-08-24 11:00'";19;56;19;8;1;good
DEBB021;"'2017-08-24 12:00'";26;61;19;12;1;good
DEBB021;"'2017-08-24 13:00'";21;59;18;13;1;good
DEBB021;"'2017-08-24 14:00'";18;67;10;12;1;good
DEBB021;"'2017-08-24 15:00'";22;73;9;16;1;moderate
DEBB021;"'2017-08-24 16:00'";25;71;12;20;1;moderate
DEBB021;"'2017-08-24 17:00'";25;64;14;22;1;moderate
DEBB021;"'2017-08-24 18:00'";27;65;9;23;1;moderate
DEBB021;"'2017-08-24 19:00'";30;66;10;25;1;moderate
DEBB021;"'2017-08-24 20:00'";33;59;15;27;1;moderate
DEBB021;"'2017-08-24 21:00'";37;33;31;28;1;moderate
DEBB021;"'2017-08-24 22:00'";43;27;25;31;1;poor
DEBB021;"'2017-08-24 23:00'";35;25;19;30;1;moderate
DEBB021;"'2017-08-24 24:00'";31;18;22;28;1;moderate
DEBB021;"'2017-08-25 01:00'";32;19;21;29;1;moderate
DEBB021;"'2017-08-25 02:00'";26;28;14;24;1;moderate
DEBB021;"'2017-08-25 03:00'";25;28;14;23;1;moderate
DEBB021;"'2017-08-25 04:00'";25;24;14;23;1;moderate
DEBB021;"'2017-08-25 05:00'";27;18;16;24;1;moderate
DEBB021;"'2017-08-25 06:00'";30;19;18;25;1;moderate
DEBB021;"'2017-08-25 07:00'";31;11;28;25;1;moderate
DEBB021;"'2017-08-25 08:00'";29;17;25;24;1;moderate
DEBB021;"'2017-08-25 09:00'";29;17;27;23;1;moderate
DEBB021;"'2017-08-25 10:00'";23;33;14;18;1;moderate
DEBB021;"'2017-08-25 11:00'";24;48;11;18;1;moderate
DEBB021;"'2017-08-25 12:00'";22;58;10;16;1;moderate
DEBB021;"'2017-08-25 13:00'";19;66;6;13;1;good
DEBB021;"'2017-08-25 14:00'";15;74;5;10;1;moderate
DEBB021;"'2017-08-25 15:00'";12;77;5;7;1;moderate
DEBB021;"'2017-08-25 16:00'";11;83;3;6;1;moderate
DEBB021;"'2017-08-25 17:00'";7;84;3;5;1;moderate
DEBB021;"'2017-08-25 18:00'";7;85;3;5;1;moderate
DEBB021;"'2017-08-25 19:00'";8;83;6;5;1;moderate
DEBB021;"'2017-08-25 20:00'";12;71;12;7;1;good
DEBB021;"'2017-08-25 21:00'";16;46;25;10;1;good
DEBB021;"'2017-08-25 22:00'";16;25;32;12;1;moderate
DEBB021;"'2017-08-25 23:00'";16;17;36;13;1;moderate
DEBB021;"'2017-08-25 24:00'";18;13;35;15;1;moderate
DEBB021;"'2017-08-26 01:00'";23;6;34;18;1;moderate
DEBB021;"'2017-08-26 02:00'";26;6;37;19;1;moderate
DEBB021;"'2017-08-26 03:00'";21;10;25;18;1;moderate
DEBB021;"'2017-08-26 04:00'";23;5;27;20;1;moderate
DEBB021;"'2017-08-26 05:00'";22;4;29;18;1;moderate
DEBB021;"'2017-08-26 06:00'";22;3;32;19;1;moderate
DEBB021;"'2017-08-26 07:00'";21;5;35;17;1;moderate
DEBB021;"'2017-08-26 08:00'";19;15;29;16;1;moderate
DEBB021;"'2017-08-26 09:00'";18;30;23;13;1;good
DEBB021;"'2017-08-26 10:00'";18;36;20;12;1;good
DEBB021;"'2017-08-26 11:00'";14;47;15;9;1;good
DEBB021;"'2017-08-26 12:00'";15;56;11;7;1;good
DEBB021;"'2017-08-26 13:00'";15;61;10;8;1;good
DEBB021;"'2017-08-26 14:00'";22;72;10;11;1;good
DEBB021;"'2017-08-26 15:00'";22;85;7;12;1;moderate
DEBB021;"'2017-08-26 16:00'";23;91;8;14;1;moderate
DEBB021;"'2017-08-26 17:00'";21;99;7;14;1;moderate
DEBB021;"'2017-08-26 18:00'";25;96;9;15;1;moderate
DEBB021;"'2017-08-26 19:00'";32;94;8;24;1;moderate
DEBB021;"'2017-08-26 20:00'";27;79;17;19;1;moderate
DEBB021;"'2017-08-26 21:00'";26;55;21;21;1;moderate
DEBB021;"'2017-08-26 22:00'";30;51;25;25;1;moderate
DEBB021;"'2017-08-26 23:00'";33;46;22;28;1;moderate
DEBB021;"'2017-08-26 24:00'";38;42;24;32;1;poor
DEBB021;"'2017-08-27 01:00'";40;38;22;35;1;poor
DEBB021;"'2017-08-27 02:00'";41;29;19;36;1;poor
DEBB021;"'2017-08-27 03:00'";36;34;16;32;1;poor
DEBB021;"'2017-08-27 04:00'";35;32;13;32;1;poor
DEBB021;"'2017-08-27 05:00'";34;34;11;31;1;poor
DEBB021;"'2017-08-27 06:00'";33;43;7;31;1;poor
DEBB021;"'2017-08-27 07:00'";31;45;6;28;1;moderate
DEBB021;"'2017-08-27 08:00'";28;50;6;25;1;moderate
DEBB021;"'2017-08-27 09:00'";26;56;5;23;1;moderate
DEBB021;"'2017-08-27 10:00'";22;67;3;18;1;moderate
DEBB021;"'2017-08-27 11:00'";16;79;2;12;1;moderate
DEBB021;"'2017-08-27 12:00'";16;90;3;12;1;moderate
DEBB021;"'2017-08-27 13:00'";16;92;2;12;1;moderate
DEBB021;"'2017-08-27 14:00'";12;91;2;8;1;moderate
DEBB021;"'2017-08-27 15:00'";11;83;2;7;1;moderate
DEBB021;"'2017-08-27 16:00'";9;78;2;6;1;moderate
DEBB021;"'2017-08-27 17:00'";7;76;2;5;1;moderate
DEBB021;"'2017-08-27 18:00'";5;77;2;4;1;moderate
DEBB021;"'2017-08-27 19:00'";6;79;2;4;1;moderate
DEBB021;"'2017-08-27 20:00'";8;75;6;5;1;moderate
DEBB021;"'2017-08-27 21:00'";10;68;8;7;1;good
DEBB021;"'2017-08-27 22:00'";10;62;9;7;1;good
DEBB021;"'2017-08-27 23:00'";10;51;11;7;1;good
DEBB021;"'2017-08-27 24:00'";12;35;14;9;1;good
DEBB021;"'2017-08-28 01:00'";11;29;16;9;1;good
DEBB021;"'2017-08-28 02:00'";9;36;11;8;1;good
DEBB021;"'2017-08-28 03:00'";8;36;7;7;1;good
DEBB021;"'2017-08-28 04:00'";9;30;8;7;1;good
DEBB021;"'2017-08-28 05:00'";9;22;12;7;1;good
DEBB021;"'2017-08-28 06:00'";9;20;18;8;1;good
DEBB021;"'2017-08-28 07:00'";11;9;30;8;1;good
DEBB021;"'2017-08-28 08:00'";12;16;26;9;1;good
DEBB021;"'2017-08-28 09:00'";12;24;19;9;1;good
DEBB021;"'2017-08-28 10:00'";14;34;17;8;1;good
DEBB021;"'2017-08-28 11:00'";12;60;10;6;1;good
DEBB021;"'2017-08-28 12:00'";12;62;8;5;1;good
DEBB021;"'2017-08-28 13:00'";9;71;3;4;1;good
DEBB021;"'2017-08-28 14:00'";7;75;2;3;1;moderate
DEBB021;"'2017-08-28 15:00'";9;78;2;3;1;moderate
DEBB021;"'2017-08-28 16:00'";8;84;2;2;1;moderate
DEBB021;"'2017-08-28 17:00'";5;85;2;2;1;moderate
DEBB021;"'2017-08-28 18:00'";8;85;2;2;1;moderate
DEBB021;"'2017-08-28 19:00'";8;82;2;2;1;moderate
DEBB021;"'2017-08-28 20:00'";15;71;7;3;1;good
DEBB021;"'2017-08-28 21:00'";24;44;24;6;1;good
DEBB021;"'2017-08-28 22:00'";10;32;23;6;1;good
DEBB021;"'2017-08-28 23:00'";11;25;23;8;1;good
DEBB021;"'2017-08-28 24:00'";14;17;33;11;1;moderate
DEBB021;"'2017-08-29 01:00'";14;9;37;11;1;moderate
DEBB021;"'2017-08-29 02:00'";13;6;36;10;1;moderate
DEBB021;"'2017-08-29 03:00'";11;7;41;9;1;moderate
DEBB021;"'2017-08-29 04:00'";12;7;41;10;1;moderate
DEBB021;"'2017-08-29 05:00'";16;8;34;13;1;moderate
DEBB021;"'2017-08-29 06:00'";15;5;37;13;1;moderate
DEBB021;"'2017-08-29 07:00'";17;2;40;13;1;moderate
DEBB021;"'2017-08-29 08:00'";22;6;43;16;1;moderate
DEBB021;"'2017-08-29 09:00'";24;18;39;18;1;moderate
DEBB021;"'2017-08-29 10:00'";22;38;27;11;1;good
DEBB021;"'2017-08-29 11:00'";18;62;16;8;1;good
DEBB021;"'2017-08-29 12:00'";21;83;11;8;1;moderate
DEBB021;"'2017-08-29 13:00'";22;91;8;9;1;moderate
DEBB021;"'2017-08-29 14:00'";17;99;6;7;2;moderate
DEBB021;"'2017-08-29 15:00'";18;101;8;6;3;moderate
DEBB021;"'2017-08-29 16:00'";15;102;7;6;5;moderate
DEBB021;"'2017-08-29 17:00'";17;104;10;6;6;moderate
DEBB021;"'2017-08-29 18:00'";17;104;6;5;4;moderate
DEBB021;"'2017-08-29 19:00'";18;100;6;6;3;moderate
DEBB021;"'2017-08-29 20:00'";30;82;14;10;1;moderate
DEBB021;"'2017-08-29 21:00'";33;44;42;13;1;moderate
DEBB021;"'2017-08-29 22:00'";35;19;59;19;1;moderate
DEBB021;"'2017-08-29 23:00'";29;19;48;22;1;moderate
DEBB021;"'2017-08-29 24:00'";32;17;51;23;1;moderate
DEBB021;"'2017-08-30 01:00'";30;35;35;22;1;moderate
DEBB021;"'2017-08-30 02:00'";28;40;28;22;1;moderate
DEBB021;"'2017-08-30 03:00'";27;30;31;22;1;moderate
DEBB021;"'2017-08-30 04:00'";28;29;27;23;1;moderate
DEBB021;"'2017-08-30 05:00'";29;34;22;24;1;moderate
DEBB021;"'2017-08-30 06:00'";30;28;25;25;1;moderate
DEBB021;"'2017-08-30 07:00'";32;21;31;26;1;moderate
DEBB021;"'2017-08-30 08:00'";35;18;33;26;1;moderate
DEBB021;"'2017-08-30 09:00'";34;23;32;24;1;moderate
DEBB021;"'2017-08-30 10:00'";32;35;25;18;1;moderate
DEBB021;"'2017-08-30 11:00'";24;60;15;13;1;good
DEBB021;"'2017-08-30 12:00'";23;84;12;11;4;moderate
DEBB021;"'2017-08-30 13:00'";24;100;11;10;3;moderate
DEBB021;"'2017-08-30 14:00'";27;113;11;10;3;moderate
DEBB021;"'2017-08-30 15:00'";25;111;20;10;1;moderate
DEBB021;"'2017-08-30 16:00'";29;103;27;10;1;moderate
DEBB021;"'2017-08-30 17:00'";27;120;13;9;1;moderate
DEBB021;"'2017-08-30 18:00'";26;122;9;9;1;moderate
DEBB021;"'2017-08-30 19:00'";50;110;14;11;1;moderate
DEBB021;"'2017-08-30 20:00'";81;103;18;15;1;poor
DEBB021;"'2017-08-30 21:00'";76;97;18;16;1;poor
DEBB021;"'2017-08-30 22:00'";28;95;13;13;1;moderate
DEBB021;"'2017-08-30 23:00'";25;98;12;13;1;moderate
DEBB021;"'2017-08-30 24:00'";22;97;9;12;1;moderate
DEBB021;"'2017-08-31 01:00'";23;98;9;12;2;moderate
DEBB021;"'2017-08-31 02:00'";22;90;11;13;3;moderate
DEBB021;"'2017-08-31 03:00'";24;82;10;14;3;moderate
DEBB021;"'2017-08-31 04:00'";25;77;8;15;1;moderate
DEBB021;"'2017-08-31 05:00'";25;69;11;15;1;good
DEBB021;"'2017-08-31 06:00'";25;60;12;15;1;good
DEBB021;"'2017-08-31 07:00'";30;52;18;17;1;moderate
DEBB021;"'2017-08-31 08:00'";26;47;24;18;1;moderate
DEBB021;"'2017-08-31 09:00'";26;53;21;17;1;moderate
DEBB021;"'2017-08-31 10:00'";28;65;14;14;1;moderate
DEBB021;"'2017-08-31 11:00'";25;78;11;12;1;moderate
DEBB021;"'2017-08-31 12:00'";27;86;10;13;1;moderate
DEBB021;"'2017-08-31 13:00'";27;84;12;11;1;moderate
DEBB021;"'2017-08-31 14:00'";27;87;8;9;1;moderate
DEBB021;"'2017-08-31 15:00'";27;79;8;12;1;moderate
DEBB021;"'2017-08-31 16:00'";13;58;13;11;1;good
DEBB021;"'2017-08-31 17:00'";7;59;11;6;1;good
DEBB021;"'2017-08-31 18:00'";5;58;7;4;1;good
DEBB021;"'2017-08-31 19:00'";5;58;10;5;1;good
DEBB021;"'2017-08-31 20:00'";6;61;9;5;1;good
DEBB021;"'2017-08-31 21:00'";6;58;8;6;1;good
DEBB021;"'2017-08-31 22:00'";6;54;8;5;1;good
DEBB021;"'2017-08-31 23:00'";5;59;5;4;1;good
DEBB021;"'2017-08-31 24:00'";5;56;5;4;1;good
DEBB021;"'2017-09-01 01:00'";7;53;3;6;1;good
DEBB021;"'2017-09-01 02:00'";11;48;5;9;1;good
DEBB021;"'2017-09-01 03:00'";10;46;5;9;1;good
DEBB021;"'2017-09-01 04:00'";9;46;5;8;1;good
DEBB021;"'2017-09-01 05:00'";8;44;5;7;1;good
DEBB021;"'2017-09-01 06:00'";8;40;7;7;1;good
DEBB021;"'2017-09-01 07:00'";8;29;15;6;1;good
DEBB021;"'2017-09-01 08:00'";8;22;24;6;1;good
DEBB021;"'2017-09-01 09:00'";10;31;15;7;1;good
DEBB021;"'2017-09-01 10:00'";10;39;12;7;1;good
DEBB021;"'2017-09-01 11:00'";8;45;8;6;1;good
DEBB021;"'2017-09-01 12:00'";7;54;6;4;1;good
DEBB021;"'2017-09-01 13:00'";6;59;5;4;1;good
DEBB021;"'2017-09-01 14:00'";8;57;8;5;1;good
DEBB021;"'2017-09-01 15:00'";9;55;10;5;1;good
DEBB021;"'2017-09-01 16:00'";7;58;10;4;1;good
DEBB021;"'2017-09-01 17:00'";10;56;12;6;1;good
DEBB021;"'2017-09-01 18:00'";13;52;13;7;1;good
DEBB021;"'2017-09-01 19:00'";12;50;13;7;1;good
DEBB021;"'2017-09-01 20:00'";12;46;17;8;1;good
DEBB021;"'2017-09-01 21:00'";16;34;24;12;1;good
DEBB021;"'2017-09-01 22:00'";17;37;19;13;1;good
DEBB021;"'2017-09-01 23:00'";14;35;17;12;1;good
DEBB021;"'2017-09-01 24:00'";12;33;14;10;1;good
DEBB021;"'2017-09-02 01:00'";11;32;13;10;1;good
DEBB021;"'2017-09-02 02:00'";10;35;9;9;1;good
DEBB021;"'2017-09-02 03:00'";9;37;7;8;1;good
DEBB021;"'2017-09-02 04:00'";8;35;7;7;1;good
DEBB021;"'2017-09-02 05:00'";8;36;7;7;1;good
DEBB021;"'2017-09-02 06:00'";9;32;10;8;1;good
DEBB021;"'2017-09-02 07:00'";9;25;12;8;1;good
DEBB021;"'2017-09-02 08:00'";11;23;16;9;1;good
DEBB021;"'2017-09-02 09:00'";10;35;10;8;1;good
DEBB021;"'2017-09-02 10:00'";10;53;7;7;1;good
DEBB021;"'2017-09-02 11:00'";8;63;4;5;1;good
DEBB021;"'2017-09-02 12:00'";8;69;2;4;1;good
DEBB021;"'2017-09-02 13:00'";7;74;2;4;1;moderate
DEBB021;"'2017-09-02 14:00'";6;75;3;3;1;moderate
DEBB021;"'2017-09-02 15:00'";5;71;4;3;1;good
DEBB021;"'2017-09-02 16:00'";7;69;6;3;1;good
DEBB021;"'2017-09-02 17:00'";6;73;3;3;1;moderate
DEBB021;"'2017-09-02 18:00'";6;73;3;3;1;moderate
DEBB021;"'2017-09-02 19:00'";5;67;7;3;1;good
DEBB021;"'2017-09-02 20:00'";12;58;12;6;1;good
DEBB021;"'2017-09-02 21:00'";9;57;11;7;1;good
DEBB021;"'2017-09-02 22:00'";8;60;6;6;1;good
DEBB021;"'2017-09-02 23:00'";8;52;8;7;1;good
DEBB021;"'2017-09-02 24:00'";9;43;11;8;1;good
DEBB021;"'2017-09-03 01:00'";10;39;10;9;1;good
DEBB021;"'2017-09-03 02:00'";11;32;12;10;1;good
DEBB021;"'2017-09-03 03:00'";12;29;11;11;1;good
DEBB021;"'2017-09-03 04:00'";11;25;12;11;1;good
DEBB021;"'2017-09-03 05:00'";11;26;10;10;1;good
DEBB021;"'2017-09-03 06:00'";10;25;9;9;1;good
DEBB021;"'2017-09-03 07:00'";9;20;12;8;1;good
DEBB021;"'2017-09-03 08:00'";9;23;10;8;1;good
DEBB021;"'2017-09-03 09:00'";8;26;8;8;1;good
DEBB021;"'2017-09-03 10:00'";9;35;6;8;1;good
DEBB021;"'2017-09-03 11:00'";8;50;3;7;1;good
DEBB021;"'2017-09-03 12:00'";7;67;2;4;1;good
DEBB021;"'2017-09-03 13:00'";5;73;2;4;1;moderate
DEBB021;"'2017-09-03 14:00'";6;75;2;4;1;moderate
DEBB021;"'2017-09-03 15:00'";6;74;2;3;1;moderate
DEBB021;"'2017-09-03 16:00'";7;74;4;3;1;moderate
DEBB021;"'2017-09-03 17:00'";6;75;4;3;1;moderate
DEBB021;"'2017-09-03 18:00'";5;74;2;3;1;moderate
DEBB021;"'2017-09-03 19:00'";3;73;2;2;1;moderate
DEBB021;"'2017-09-03 20:00'";8;61;9;3;1;good
DEBB021;"'2017-09-03 21:00'";7;50;14;4;1;good
DEBB021;"'2017-09-03 22:00'";5;47;13;4;1;good
DEBB021;"'2017-09-03 23:00'";7;30;21;6;1;good
DEBB021;"'2017-09-03 24:00'";9;19;23;8;1;good
DEBB021;"'2017-09-04 01:00'";7;13;21;7;1;good
DEBB021;"'2017-09-04 02:00'";7;25;15;6;1;good
DEBB021;"'2017-09-04 03:00'";7;23;16;6;1;good
DEBB021;"'2017-09-04 04:00'";8;16;23;7;1;good
DEBB021;"'2017-09-04 05:00'";8;11;24;7;1;good
DEBB021;"'2017-09-04 06:00'";9;5;27;8;1;good
DEBB021;"'2017-09-04 07:00'";11;5;32;9;1;moderate
DEBB021;"'2017-09-04 08:00'";14;8;33;11;1;moderate
DEBB021;"'2017-09-04 09:00'";12;20;23;10;1;good
DEBB021;"'2017-09-04 10:00'";11;38;16;7;1;good
DEBB021;"'2017-09-04 11:00'";11;57;10;5;1;good
DEBB021;"'2017-09-04 12:00'";10;71;5;5;1;good
DEBB021;"'2017-09-04 13:00'";10;78;3;6;1;moderate
DEBB021;"'2017-09-04 14:00'";9;82;2;6;1;moderate
DEBB021;"'2017-09-04 15:00'";9;85;2;6;1;moderate
DEBB021;"'2017-09-04 16:00'";9;86;3;6;1;moderate
DEBB021;"'2017-09-04 17:00'";9;86;6;6;1;moderate
DEBB021;"'2017-09-04 18:00'";10;89;5;6;1;moderate
DEBB021;"'2017-09-04 19:00'";11;89;5;7;1;moderate
DEBB021;"'2017-09-04 20:00'";11;83;9;7;1;moderate
DEBB021;"'2017-09-04 21:00'";18;70;14;10;1;good
DEBB021;"'2017-09-04 22:00'";18;56;19;12;1;good
DEBB021;"'2017-09-04 23:00'";19;35;31;15;1;moderate
DEBB021;"'2017-09-04 24:00'";18;41;20;15;1;good
DEBB021;"'2017-09-05 01:00'";15;33;20;12;1;good
DEBB021;"'2017-09-05 02:00'";16;34;21;14;1;good
DEBB021;"'2017-09-05 03:00'";18;31;21;15;1;good
DEBB021;"'2017-09-05 04:00'";15;23;21;13;1;good
DEBB021;"'2017-09-05 05:00'";16;19;24;14;1;good
DEBB021;"'2017-09-05 06:00'";17;21;30;15;1;good
DEBB021;"'2017-09-05 07:00'";23;12;42;18;1;moderate
DEBB021;"'2017-09-05 08:00'";24;24;33;20;1;moderate
DEBB021;"'2017-09-05 09:00'";26;31;31;21;1;moderate
DEBB021;"'2017-09-05 10:00'";24;49;18;18;1;moderate
DEBB021;"'2017-09-05 11:00'";21;77;8;15;1;moderate
DEBB021;"'2017-09-05 12:00'";25;87;11;19;1;moderate
DEBB021;"'2017-09-05 13:00'";25;104;5;19;1;moderate
DEBB021;"'2017-09-05 14:00'";21;109;3;16;1;moderate
DEBB021;"'2017-09-05 15:00'";16;110;4;12;1;moderate
DEBB021;"'2017-09-05 16:00'";16;110;4;11;1;moderate
DEBB021;"'2017-09-05 17:00'";18;111;5;11;1;moderate
DEBB021;"'2017-09-05 18:00'";17;111;7;10;1;moderate
DEBB021;"'2017-09-05 19:00'";25;91;19;11;1;moderate
DEBB021;"'2017-09-05 20:00'";31;73;22;14;1;moderate
DEBB021;"'2017-09-05 21:00'";34;29;51;18;1;moderate
DEBB021;"'2017-09-05 22:00'";25;15;58;18;1;moderate
DEBB021;"'2017-09-05 23:00'";27;18;53;22;1;moderate
DEBB021;"'2017-09-05 24:00'";28;16;51;23;1;moderate
DEBB021;"'2017-09-06 01:00'";28;16;46;24;1;moderate
DEBB021;"'2017-09-06 02:00'";28;13;50;23;1;moderate
DEBB021;"'2017-09-06 03:00'";28;32;38;23;1;moderate
DEBB021;"'2017-09-06 04:00'";28;34;29;24;1;moderate
DEBB021;"'2017-09-06 05:00'";28;28;30;24;1;moderate
DEBB021;"'2017-09-06 06:00'";27;21;36;23;1;moderate
DEBB021;"'2017-09-06 07:00'";29;11;44;22;1;moderate
DEBB021;"'2017-09-06 08:00'";35;5;49;24;1;moderate
DEBB021;"'2017-09-06 09:00'";34;6;43;24;1;moderate
DEBB021;"'2017-09-06 10:00'";29;9;34;20;1;moderate
DEBB021;"'2017-09-06 11:00'";24;13;26;19;1;moderate
DEBB021;"'2017-09-06 12:00'";19;29;17;16;1;moderate
DEBB021;"'2017-09-06 13:00'";12;37;14;10;1;good
DEBB021;"'2017-09-06 14:00'";13;43;10;9;1;good
DEBB021;"'2017-09-06 15:00'";14;56;8;8;1;good
DEBB021;"'2017-09-06 16:00'";12;55;15;7;1;good
DEBB021;"'2017-09-06 17:00'";6;54;14;5;1;good
DEBB021;"'2017-09-06 18:00'";7;53;7;6;1;good
DEBB021;"'2017-09-06 19:00'";4;59;5;3;1;good
DEBB021;"'2017-09-06 20:00'";6;70;2;3;1;good
DEBB021;"'2017-09-06 21:00'";8;70;2;4;1;good
DEBB021;"'2017-09-06 22:00'";7;66;2;4;1;good
DEBB021;"'2017-09-06 23:00'";6;65;2;4;1;good
DEBB021;"'2017-09-06 24:00'";5;63;2;4;1;good
DEBB021;"'2017-09-07 01:00'";5;59;2;4;1;good
DEBB021;"'2017-09-07 02:00'";5;60;2;4;1;good
DEBB021;"'2017-09-07 03:00'";6;59;2;5;1;good
DEBB021;"'2017-09-07 04:00'";6;56;2;5;1;good
DEBB021;"'2017-09-07 05:00'";7;53;3;6;1;good
DEBB021;"'2017-09-07 06:00'";8;50;5;6;1;good
DEBB021;"'2017-09-07 07:00'";8;46;9;7;1;good
DEBB021;"'2017-09-07 08:00'";11;42;12;9;1;good
DEBB021;"'2017-09-07 09:00'";12;41;12;10;1;good
DEBB021;"'2017-09-07 10:00'";10;51;7;8;1;good
DEBB021;"'2017-09-07 11:00'";11;53;6;8;1;good
DEBB021;"'2017-09-07 12:00'";12;56;5;7;1;good
DEBB021;"'2017-09-07 13:00'";13;60;3;7;1;good
DEBB021;"'2017-09-07 14:00'";11;61;5;6;1;good
DEBB021;"'2017-09-07 15:00'";13;53;8;7;1;good
DEBB021;"'2017-09-07 16:00'";7;45;13;6;1;good
DEBB021;"'2017-09-07 17:00'";6;40;17;5;1;good
DEBB021;"'2017-09-07 18:00'";6;37;20;6;1;good
DEBB021;"'2017-09-07 19:00'";8;39;16;7;1;good
DEBB021;"'2017-09-07 20:00'";8;54;8;7;1;good
DEBB021;"'2017-09-07 21:00'";10;52;10;8;1;good
DEBB021;"'2017-09-07 22:00'";11;48;12;9;1;good
DEBB021;"'2017-09-07 23:00'";11;47;13;9;1;good
DEBB021;"'2017-09-07 24:00'";11;45;15;9;1;good
DEBB021;"'2017-09-08 01:00'";12;45;12;10;1;good
DEBB021;"'2017-09-08 02:00'";15;44;10;12;1;good
DEBB021;"'2017-09-08 03:00'";17;41;8;14;1;good
DEBB021;"'2017-09-08 04:00'";19;36;9;15;1;good
DEBB021;"'2017-09-08 05:00'";19;34;8;15;1;good
DEBB021;"'2017-09-08 06:00'";20;31;12;16;1;moderate
DEBB021;"'2017-09-08 07:00'";20;24;20;16;1;moderate
DEBB021;"'2017-09-08 08:00'";18;19;23;14;1;good
DEBB021;"'2017-09-08 09:00'";17;23;19;13;1;good
DEBB021;"'2017-09-08 10:00'";17;27;15;13;1;good
DEBB021;"'2017-09-08 11:00'";20;30;-;13;3;good
DEBB021;"'2017-09-08 12:00'";20;36;-;13;1;good
DEBB021;"'2017-09-08 13:00'";18;41;14;12;1;good
DEBB021;"'2017-09-08 14:00'";18;47;14;11;1;good
DEBB021;"'2017-09-08 15:00'";15;52;13;9;1;good
DEBB021;"'2017-09-08 16:00'";14;47;17;10;1;good
DEBB021;"'2017-09-08 17:00'";14;49;16;10;1;good
DEBB021;"'2017-09-08 18:00'";13;53;11;10;1;good
DEBB021;"'2017-09-08 19:00'";13;46;15;10;1;good
DEBB021;"'2017-09-08 20:00'";14;41;17;11;1;good
DEBB021;"'2017-09-08 21:00'";13;45;11;11;1;good
DEBB021;"'2017-09-08 22:00'";13;41;11;10;1;good
DEBB021;"'2017-09-08 23:00'";13;39;10;10;1;good
DEBB021;"'2017-09-08 24:00'";13;41;10;10;1;good
DEBB021;"'2017-09-09 01:00'";13;47;7;10;1;good
DEBB021;"'2017-09-09 02:00'";13;48;6;10;1;good
DEBB021;"'2017-09-09 03:00'";14;45;7;11;1;good
DEBB021;"'2017-09-09 04:00'";14;45;7;11;1;good
DEBB021;"'2017-09-09 05:00'";15;44;7;12;1;good
DEBB021;"'2017-09-09 06:00'";15;46;7;11;1;good
DEBB021;"'2017-09-09 07:00'";14;47;7;12;1;good
DEBB021;"'2017-09-09 08:00'";17;45;8;14;1;good
DEBB021;"'2017-09-09 09:00'";16;43;9;13;1;good
DEBB021;"'2017-09-09 10:00'";15;39;12;12;1;good
DEBB021;"'2017-09-09 11:00'";14;30;20;12;1;good
DEBB021;"'2017-09-09 12:00'";12;33;19;10;1;good
DEBB021;"'2017-09-09 13:00'";11;33;20;10;1;good
DEBB021;"'2017-09-09 14:00'";12;42;18;10;1;good
DEBB021;"'2017-09-09 15:00'";11;43;14;10;1;good
DEBB021;"'2017-09-09 16:00'";9;43;15;8;1;good
DEBB021;"'2017-09-09 17:00'";7;52;10;5;1;good
DEBB021;"'2017-09-09 18:00'";6;55;12;4;1;good
DEBB021;"'2017-09-09 19:00'";7;48;12;5;1;good
DEBB021;"'2017-09-09 20:00'";7;40;15;6;1;good
DEBB021;"'2017-09-09 21:00'";7;36;17;6;1;good
DEBB021;"'2017-09-09 22:00'";8;35;16;7;1;good
DEBB021;"'2017-09-09 23:00'";8;35;16;7;1;good
DEBB021;"'2017-09-09 24:00'";8;41;9;7;1;good
DEBB021;"'2017-09-10 01:00'";7;39;11;7;1;good
DEBB021;"'2017-09-10 02:00'";7;34;13;7;1;good
DEBB021;"'2017-09-10 03:00'";7;39;9;6;1;good
DEBB021;"'2017-09-10 04:00'";7;39;8;6;1;good
DEBB021;"'2017-09-10 05:00'";7;36;8;6;1;good
DEBB021;"'2017-09-10 06:00'";7;34;7;6;1;good
DEBB021;"'2017-09-10 07:00'";8;26;10;7;1;good
DEBB021;"'2017-09-10 08:00'";8;28;11;7;1;good
DEBB021;"'2017-09-10 09:00'";8;33;7;7;1;good
DEBB021;"'2017-09-10 10:00'";7;37;7;7;1;good
DEBB021;"'2017-09-10 11:00'";8;45;5;7;2;good
DEBB021;"'2017-09-10 12:00'";8;53;4;7;1;good
DEBB021;"'2017-09-10 13:00'";8;66;2;7;1;good
DEBB021;"'2017-09-10 14:00'";7;71;2;7;1;good
DEBB021;"'2017-09-10 15:00'";6;74;2;6;1;moderate
DEBB021;"'2017-09-10 16:00'";5;76;2;4;1;moderate
DEBB021;"'2017-09-10 17:00'";5;74;4;4;1;moderate
DEBB021;"'2017-09-10 18:00'";5;72;5;4;1;good
DEBB021;"'2017-09-10 19:00'";4;63;10;3;1;good
DEBB021;"'2017-09-10 20:00'";6;55;9;4;1;good
DEBB021;"'2017-09-10 21:00'";7;48;11;5;1;good
DEBB021;"'2017-09-10 22:00'";6;50;11;5;1;good
DEBB021;"'2017-09-10 23:00'";6;44;13;5;1;good
DEBB021;"'2017-09-10 24:00'";5;49;8;4;1;good
DEBB021;"'2017-09-11 01:00'";8;33;16;7;1;good
DEBB021;"'2017-09-11 02:00'";7;30;15;6;1;good
DEBB021;"'2017-09-11 03:00'";5;44;7;5;1;good
DEBB021;"'2017-09-11 04:00'";6;41;6;5;1;good
DEBB021;"'2017-09-11 05:00'";6;32;7;5;1;good
DEBB021;"'2017-09-11 06:00'";7;25;10;6;1;good
DEBB021;"'2017-09-11 07:00'";7;21;16;6;1;good
DEBB021;"'2017-09-11 08:00'";7;24;16;6;1;good
DEBB021;"'2017-09-11 09:00'";6;37;11;5;1;good
DEBB021;"'2017-09-11 10:00'";6;35;13;5;1;good
DEBB021;"'2017-09-11 11:00'";7;43;10;4;1;good
DEBB021;"'2017-09-11 12:00'";8;50;8;4;1;good
DEBB021;"'2017-09-11 13:00'";10;55;7;4;1;good
DEBB021;"'2017-09-11 14:00'";8;55;9;4;1;good
DEBB021;"'2017-09-11 15:00'";9;54;9;4;1;good
DEBB021;"'2017-09-11 16:00'";7;50;10;4;1;good
DEBB021;"'2017-09-11 17:00'";8;45;13;4;1;good
DEBB021;"'2017-09-11 18:00'";9;43;12;4;1;good
DEBB021;"'2017-09-11 19:00'";7;43;11;3;1;good
DEBB021;"'2017-09-11 20:00'";6;43;9;3;1;good
DEBB021;"'2017-09-11 21:00'";7;39;12;4;1;good
DEBB021;"'2017-09-11 22:00'";7;38;10;4;1;good
DEBB021;"'2017-09-11 23:00'";4;45;7;3;1;good
DEBB021;"'2017-09-11 24:00'";4;48;6;3;1;good
DEBB021;"'2017-09-12 01:00'";4;46;6;3;1;good
DEBB021;"'2017-09-12 02:00'";4;47;6;3;1;good
DEBB021;"'2017-09-12 03:00'";4;48;5;3;1;good
DEBB021;"'2017-09-12 04:00'";4;46;6;3;1;good
DEBB021;"'2017-09-12 05:00'";5;41;7;4;1;good
DEBB021;"'2017-09-12 06:00'";5;38;9;4;1;good
DEBB021;"'2017-09-12 07:00'";6;32;16;5;1;good
DEBB021;"'2017-09-12 08:00'";7;30;18;5;1;good
DEBB021;"'2017-09-12 09:00'";7;34;14;5;1;good
DEBB021;"'2017-09-12 10:00'";8;34;14;5;1;good
DEBB021;"'2017-09-12 11:00'";9;40;11;5;1;good
DEBB021;"'2017-09-12 12:00'";9;48;8;5;1;good
DEBB021;"'2017-09-12 13:00'";10;49;9;5;1;good
DEBB021;"'2017-09-12 14:00'";12;49;13;6;1;good
DEBB021;"'2017-09-12 15:00'";10;51;11;5;1;good
DEBB021;"'2017-09-12 16:00'";7;38;19;5;1;good
DEBB021;"'2017-09-12 17:00'";7;48;16;5;1;good
DEBB021;"'2017-09-12 18:00'";9;54;11;5;1;good
DEBB021;"'2017-09-12 19:00'";7;59;10;5;1;good
DEBB021;"'2017-09-12 20:00'";7;44;12;5;1;good
DEBB021;"'2017-09-12 21:00'";8;41;13;6;1;good
DEBB021;"'2017-09-12 22:00'";11;45;12;7;1;good
DEBB021;"'2017-09-12 23:00'";6;50;12;5;1;good
DEBB021;"'2017-09-12 24:00'";6;46;14;5;1;good
DEBB021;"'2017-09-13 01:00'";5;43;11;5;1;good
DEBB021;"'2017-09-13 02:00'";5;46;6;5;1;good
DEBB021;"'2017-09-13 03:00'";6;43;6;5;1;good
DEBB021;"'2017-09-13 04:00'";6;40;5;5;1;good
DEBB021;"'2017-09-13 05:00'";5;41;6;4;1;good
DEBB021;"'2017-09-13 06:00'";5;38;7;4;1;good
DEBB021;"'2017-09-13 07:00'";5;34;10;4;1;good
DEBB021;"'2017-09-13 08:00'";5;32;13;5;1;good
DEBB021;"'2017-09-13 09:00'";6;33;14;5;1;good
DEBB021;"'2017-09-13 10:00'";6;32;15;5;1;good
DEBB021;"'2017-09-13 11:00'";5;40;12;4;1;good
DEBB021;"'2017-09-13 12:00'";5;42;9;4;1;good
DEBB021;"'2017-09-13 13:00'";6;46;8;3;1;good
DEBB021;"'2017-09-13 14:00'";9;52;10;2;1;good
DEBB021;"'2017-09-13 15:00'";7;53;8;0.9;1;good
DEBB021;"'2017-09-13 16:00'";12;62;6;3;1;good
DEBB021;"'2017-09-13 17:00'";11;66;5;3;1;good
DEBB021;"'2017-09-13 18:00'";9;68;9;4;1;good
DEBB021;"'2017-09-13 19:00'";17;74;8;5;1;moderate
DEBB021;"'2017-09-13 20:00'";18;69;12;6;1;good
DEBB021;"'2017-09-13 21:00'";11;70;8;4;1;good
DEBB021;"'2017-09-13 22:00'";8;67;6;3;1;good
DEBB021;"'2017-09-13 23:00'";5;64;2;2;1;good
DEBB021;"'2017-09-13 24:00'";4;66;4;2;1;good
DEBB021;"'2017-09-14 01:00'";4;64;2;2;1;good
DEBB021;"'2017-09-14 02:00'";4;60;2;3;1;good
DEBB021;"'2017-09-14 03:00'";6;60;2;4;1;good
DEBB021;"'2017-09-14 04:00'";7;58;3;5;1;good
DEBB021;"'2017-09-14 05:00'";5;52;2;4;1;good
DEBB021;"'2017-09-14 06:00'";4;48;5;4;1;good
DEBB021;"'2017-09-14 07:00'";4;47;8;3;1;good
DEBB021;"'2017-09-14 08:00'";4;39;13;3;1;good
DEBB021;"'2017-09-14 09:00'";6;37;16;4;1;good
DEBB021;"'2017-09-14 10:00'";6;42;14;4;1;good
DEBB021;"'2017-09-14 11:00'";10;47;12;5;1;good
DEBB021;"'2017-09-14 12:00'";12;46;11;5;1;good
DEBB021;"'2017-09-14 13:00'";8;45;13;4;1;good
DEBB021;"'2017-09-14 14:00'";6;42;14;5;1;good
DEBB021;"'2017-09-14 15:00'";6;55;10;3;1;good
DEBB021;"'2017-09-14 16:00'";2;63;10;0.9;1;good
DEBB021;"'2017-09-14 17:00'";3;65;8;2;1;good
DEBB021;"'2017-09-14 18:00'";2;58;13;0.9;1;good
DEBB021;"'2017-09-14 19:00'";3;52;14;3;1;good
DEBB021;"'2017-09-14 20:00'";4;48;12;4;1;good
DEBB021;"'2017-09-14 21:00'";5;42;11;4;1;good
DEBB021;"'2017-09-14 22:00'";4;45;9;3;1;good
DEBB021;"'2017-09-14 23:00'";3;52;7;2;1;good
DEBB021;"'2017-09-14 24:00'";2;54;4;0.9;1;good
DEBB021;"'2017-09-15 01:00'";2;52;5;2;1;good
DEBB021;"'2017-09-15 02:00'";0.9;50;3;0.9;1;good
DEBB021;"'2017-09-15 03:00'";4;45;4;4;1;good
DEBB021;"'2017-09-15 04:00'";8;45;5;7;1;good
DEBB021;"'2017-09-15 05:00'";8;47;2;8;1;good
DEBB021;"'2017-09-15 06:00'";7;50;3;6;1;good
DEBB021;"'2017-09-15 07:00'";7;53;7;6;1;good
DEBB021;"'2017-09-15 08:00'";9;46;11;7;1;good
DEBB021;"'2017-09-15 09:00'";10;45;11;8;1;good
DEBB021;"'2017-09-15 10:00'";10;51;7;7;1;good
DEBB021;"'2017-09-15 11:00'";10;53;7;6;1;good
DEBB021;"'2017-09-15 12:00'";11;57;7;7;1;good
DEBB021;"'2017-09-15 13:00'";14;61;7;10;1;good
DEBB021;"'2017-09-15 14:00'";18;60;9;13;1;good
DEBB021;"'2017-09-15 15:00'";13;62;9;11;1;good
DEBB021;"'2017-09-15 16:00'";11;61;10;8;1;good
DEBB021;"'2017-09-15 17:00'";5;55;16;4;1;good
DEBB021;"'2017-09-15 18:00'";4;51;15;3;1;good
DEBB021;"'2017-09-15 19:00'";7;38;25;5;1;good
DEBB021;"'2017-09-15 20:00'";8;35;24;6;1;good
DEBB021;"'2017-09-15 21:00'";10;38;16;8;1;good
DEBB021;"'2017-09-15 22:00'";11;31;18;9;1;good
DEBB021;"'2017-09-15 23:00'";10;30;16;8;1;good
DEBB021;"'2017-09-15 24:00'";8;33;14;7;1;good
DEBB021;"'2017-09-16 01:00'";8;29;15;7;1;good
DEBB021;"'2017-09-16 02:00'";7;32;13;6;1;good
DEBB021;"'2017-09-16 03:00'";8;29;11;7;1;good
DEBB021;"'2017-09-16 04:00'";7;25;13;6;1;good
DEBB021;"'2017-09-16 05:00'";8;27;11;7;1;good
DEBB021;"'2017-09-16 06:00'";10;22;13;8;1;good
DEBB021;"'2017-09-16 07:00'";10;17;16;9;1;good
DEBB021;"'2017-09-16 08:00'";11;14;17;9;1;good
DEBB021;"'2017-09-16 09:00'";9;19;16;8;1;good
DEBB021;"'2017-09-16 10:00'";8;25;12;7;1;good
DEBB021;"'2017-09-16 11:00'";6;38;10;5;1;good
DEBB021;"'2017-09-16 12:00'";6;52;8;5;1;good
DEBB021;"'2017-09-16 13:00'";5;56;8;4;1;good
DEBB021;"'2017-09-16 14:00'";6;59;11;5;1;good
DEBB021;"'2017-09-16 15:00'";5;64;8;4;1;good
DEBB021;"'2017-09-16 16:00'";5;69;6;4;1;good
DEBB021;"'2017-09-16 17:00'";6;66;9;4;1;good
DEBB021;"'2017-09-16 18:00'";5;66;9;4;1;good
DEBB021;"'2017-09-16 19:00'";7;62;11;5;1;good
DEBB021;"'2017-09-16 20:00'";11;46;17;8;1;good
DEBB021;"'2017-09-16 21:00'";15;35;22;13;1;good
DEBB021;"'2017-09-16 22:00'";23;25;27;21;1;moderate
DEBB021;"'2017-09-16 23:00'";26;23;25;24;1;moderate
DEBB021;"'2017-09-16 24:00'";22;17;24;20;1;moderate
DEBB021;"'2017-09-17 01:00'";23;11;27;21;1;moderate
DEBB021;"'2017-09-17 02:00'";22;5;27;20;1;moderate
DEBB021;"'2017-09-17 03:00'";22;3;23;20;1;moderate
DEBB021;"'2017-09-17 04:00'";18;8;16;17;1;moderate
DEBB021;"'2017-09-17 05:00'";17;8;14;16;1;moderate
DEBB021;"'2017-09-17 06:00'";17;2;15;16;1;moderate
DEBB021;"'2017-09-17 07:00'";16;3;15;15;1;good
DEBB021;"'2017-09-17 08:00'";18;2;12;16;1;moderate
DEBB021;"'2017-09-17 09:00'";18;5;14;17;1;moderate
DEBB021;"'2017-09-17 10:00'";16;12;15;15;1;good
DEBB021;"'2017-09-17 11:00'";15;21;11;14;1;good
DEBB021;"'2017-09-17 12:00'";12;45;10;10;1;good
DEBB021;"'2017-09-17 13:00'";11;59;9;9;1;good
DEBB021;"'2017-09-17 14:00'";6;78;3;5;1;moderate
DEBB021;"'2017-09-17 15:00'";6;80;5;4;1;moderate
DEBB021;"'2017-09-17 16:00'";7;76;8;5;1;moderate
DEBB021;"'2017-09-17 17:00'";7;82;6;5;1;moderate
DEBB021;"'2017-09-17 18:00'";6;85;5;4;1;moderate
DEBB021;"'2017-09-17 19:00'";8;73;10;6;1;moderate
DEBB021;"'2017-09-17 20:00'";12;38;34;9;1;moderate
DEBB021;"'2017-09-17 21:00'";15;5;57;12;1;moderate
DEBB021;"'2017-09-17 22:00'";17;16;32;15;1;moderate
DEBB021;"'2017-09-17 23:00'";8;53;10;8;1;good
DEBB021;"'2017-09-17 24:00'";6;50;8;6;1;good
DEBB021;"'2017-09-18 01:00'";6;43;12;6;1;good
DEBB021;"'2017-09-18 02:00'";6;42;10;5;1;good
DEBB021;"'2017-09-18 03:00'";7;43;9;6;1;good
DEBB021;"'2017-09-18 04:00'";7;33;9;6;1;good
DEBB021;"'2017-09-18 05:00'";8;23;16;7;1;good
DEBB021;"'2017-09-18 06:00'";9;26;19;8;1;good
DEBB021;"'2017-09-18 07:00'";10;21;25;10;1;good
DEBB021;"'2017-09-18 08:00'";14;9;38;12;1;moderate
DEBB021;"'2017-09-18 09:00'";15;19;27;14;1;good
DEBB021;"'2017-09-18 10:00'";15;35;16;13;1;good
DEBB021;"'2017-09-18 11:00'";15;45;12;12;1;good
DEBB021;"'2017-09-18 12:00'";10;57;9;9;1;good
DEBB021;"'2017-09-18 13:00'";9;68;7;7;1;good
DEBB021;"'2017-09-18 14:00'";6;77;6;5;1;moderate
DEBB021;"'2017-09-18 15:00'";5;79;6;4;1;moderate
DEBB021;"'2017-09-18 16:00'";5;78;8;4;1;moderate
DEBB021;"'2017-09-18 17:00'";5;78;8;4;1;moderate
DEBB021;"'2017-09-18 18:00'";6;75;9;4;1;moderate
DEBB021;"'2017-09-18 19:00'";8;61;17;5;1;good
DEBB021;"'2017-09-18 20:00'";12;34;33;8;1;moderate
DEBB021;"'2017-09-18 21:00'";12;9;45;10;1;moderate
DEBB021;"'2017-09-18 22:00'";14;10;30;11;1;good
DEBB021;"'2017-09-18 23:00'";14;16;21;11;1;good
DEBB021;"'2017-09-18 24:00'";14;18;17;11;1;good
DEBB021;"'2017-09-19 01:00'";14;22;14;12;1;good
DEBB021;"'2017-09-19 02:00'";14;17;14;12;1;good
DEBB021;"'2017-09-19 03:00'";13;8;22;11;1;good
DEBB021;"'2017-09-19 04:00'";15;2;23;13;1;good
DEBB021;"'2017-09-19 05:00'";14;5;21;12;1;good
DEBB021;"'2017-09-19 06:00'";15;3;25;13;1;good
DEBB021;"'2017-09-19 07:00'";17;2;34;15;1;moderate
DEBB021;"'2017-09-19 08:00'";20;3;33;16;1;moderate
DEBB021;"'2017-09-19 09:00'";21;10;27;17;1;moderate
DEBB021;"'2017-09-19 10:00'";18;27;16;16;1;moderate
DEBB021;"'2017-09-19 11:00'";16;38;12;13;1;good
DEBB021;"'2017-09-19 12:00'";17;54;7;14;1;good
DEBB021;"'2017-09-19 13:00'";12;62;7;11;1;good
DEBB021;"'2017-09-19 14:00'";10;69;7;6;1;good
DEBB021;"'2017-09-19 15:00'";11;68;9;6;1;good
DEBB021;"'2017-09-19 16:00'";7;73;7;5;1;moderate
DEBB021;"'2017-09-19 17:00'";7;66;13;5;1;good
DEBB021;"'2017-09-19 18:00'";9;59;14;6;1;good
DEBB021;"'2017-09-19 19:00'";10;54;17;7;1;good
DEBB021;"'2017-09-19 20:00'";16;48;18;11;1;good
DEBB021;"'2017-09-19 21:00'";18;39;24;13;1;good
DEBB021;"'2017-09-19 22:00'";16;34;23;13;1;good
DEBB021;"'2017-09-19 23:00'";18;26;22;16;1;moderate
DEBB021;"'2017-09-19 24:00'";20;24;21;18;1;moderate
DEBB021;"'2017-09-20 01:00'";18;19;19;16;1;moderate
DEBB021;"'2017-09-20 02:00'";20;18;18;18;1;moderate
DEBB021;"'2017-09-20 03:00'";21;22;14;19;1;moderate
DEBB021;"'2017-09-20 04:00'";22;15;16;21;1;moderate
DEBB021;"'2017-09-20 05:00'";24;14;16;23;1;moderate
DEBB021;"'2017-09-20 06:00'";26;11;22;24;1;moderate
DEBB021;"'2017-09-20 07:00'";30;9;31;27;1;moderate
DEBB021;"'2017-09-20 08:00'";30;8;33;26;1;moderate
DEBB021;"'2017-09-20 09:00'";30;11;36;25;1;moderate
DEBB021;"'2017-09-20 10:00'";25;25;18;22;1;moderate
DEBB021;"'2017-09-20 11:00'";20;40;11;17;1;moderate
DEBB021;"'2017-09-20 12:00'";15;51;9;12;1;good
DEBB021;"'2017-09-20 13:00'";8;61;6;6;1;good
DEBB021;"'2017-09-20 14:00'";6;51;15;5;1;good
DEBB021;"'2017-09-20 15:00'";8;62;7;6;1;good
DEBB021;"'2017-09-20 16:00'";6;72;5;4;1;good
DEBB021;"'2017-09-20 17:00'";5;71;7;3;1;good
DEBB021;"'2017-09-20 18:00'";5;69;6;3;1;good
DEBB021;"'2017-09-20 19:00'";8;61;9;4;1;good
DEBB021;"'2017-09-20 20:00'";11;43;21;6;1;good
DEBB021;"'2017-09-20 21:00'";10;27;28;7;1;good
DEBB021;"'2017-09-20 22:00'";10;32;16;8;1;good
DEBB021;"'2017-09-20 23:00'";10;32;19;7;1;good
DEBB021;"'2017-09-20 24:00'";11;32;18;9;1;good
DEBB021;"'2017-09-21 01:00'";11;29;15;8;1;good
DEBB021;"'2017-09-21 02:00'";12;30;14;10;1;good
DEBB021;"'2017-09-21 03:00'";16;24;18;14;1;good
DEBB021;"'2017-09-21 04:00'";19;24;14;16;1;moderate
DEBB021;"'2017-09-21 05:00'";21;25;14;19;1;moderate
DEBB021;"'2017-09-21 06:00'";21;16;20;19;1;moderate
DEBB021;"'2017-09-21 07:00'";22;9;25;20;1;moderate
DEBB021;"'2017-09-21 08:00'";26;6;30;23;2;moderate
DEBB021;"'2017-09-21 09:00'";28;12;24;25;1;moderate
DEBB021;"'2017-09-21 10:00'";28;22;16;24;1;moderate
DEBB021;"'2017-09-21 11:00'";26;40;11;22;1;moderate
DEBB021;"'2017-09-21 12:00'";26;50;9;21;1;moderate
DEBB021;"'2017-09-21 13:00'";26;56;7;20;1;moderate
DEBB021;"'2017-09-21 14:00'";22;62;7;18;1;moderate
DEBB021;"'2017-09-21 15:00'";21;61;7;17;1;moderate
DEBB021;"'2017-09-21 16:00'";25;55;9;20;1;moderate
DEBB021;"'2017-09-21 17:00'";21;62;9;15;1;good
DEBB021;"'2017-09-21 18:00'";22;60;11;16;1;moderate
DEBB021;"'2017-09-21 19:00'";28;51;15;21;1;moderate
DEBB021;"'2017-09-21 20:00'";32;42;19;25;1;moderate
DEBB021;"'2017-09-21 21:00'";34;32;24;28;1;moderate
DEBB021;"'2017-09-21 22:00'";34;24;28;27;1;moderate
DEBB021;"'2017-09-21 23:00'";32;15;29;27;1;moderate
DEBB021;"'2017-09-21 24:00'";36;9;30;31;1;poor
DEBB021;"'2017-09-22 01:00'";33;19;21;29;1;moderate
DEBB021;"'2017-09-22 02:00'";30;20;16;26;1;moderate
DEBB021;"'2017-09-22 03:00'";28;21;15;25;1;moderate
DEBB021;"'2017-09-22 04:00'";27;19;13;24;1;moderate
DEBB021;"'2017-09-22 05:00'";24;25;12;21;1;moderate
DEBB021;"'2017-09-22 06:00'";23;21;14;19;1;moderate
DEBB021;"'2017-09-22 07:00'";23;10;26;19;1;moderate
DEBB021;"'2017-09-22 08:00'";25;2;33;21;1;moderate
DEBB021;"'2017-09-22 09:00'";25;13;23;20;1;moderate
DEBB021;"'2017-09-22 10:00'";16;29;19;14;1;good
DEBB021;"'2017-09-22 11:00'";10;54;9;8;1;good
DEBB021;"'2017-09-22 12:00'";8;62;6;6;1;good
DEBB021;"'2017-09-22 13:00'";18;73;4;13;1;moderate
DEBB021;"'2017-09-22 14:00'";14;75;4;11;1;moderate
DEBB021;"'2017-09-22 15:00'";14;73;6;10;1;moderate
DEBB021;"'2017-09-22 16:00'";12;76;4;7;1;moderate
DEBB021;"'2017-09-22 17:00'";8;73;7;4;1;moderate
DEBB021;"'2017-09-22 18:00'";6;73;5;3;1;moderate
DEBB021;"'2017-09-22 19:00'";13;60;12;5;1;good
DEBB021;"'2017-09-22 20:00'";13;24;36;7;1;moderate
DEBB021;"'2017-09-22 21:00'";14;7;41;11;1;moderate
DEBB021;"'2017-09-22 22:00'";19;2;40;15;1;moderate
DEBB021;"'2017-09-22 23:00'";26;2;40;21;1;moderate
DEBB021;"'2017-09-22 24:00'";28;2;38;24;1;moderate
DEBB021;"'2017-09-23 01:00'";35;3;32;31;1;poor
DEBB021;"'2017-09-23 02:00'";33;2;29;29;1;moderate
DEBB021;"'2017-09-23 03:00'";31;2;25;27;1;moderate
DEBB021;"'2017-09-23 04:00'";29;2;22;26;1;moderate
DEBB021;"'2017-09-23 05:00'";25;2;22;22;1;moderate
DEBB021;"'2017-09-23 06:00'";23;2;21;21;1;moderate
DEBB021;"'2017-09-23 07:00'";25;2;20;22;1;moderate
DEBB021;"'2017-09-23 08:00'";23;2;24;20;1;moderate
DEBB021;"'2017-09-23 09:00'";24;5;23;19;1;moderate
DEBB021;"'2017-09-23 10:00'";21;14;26;17;1;moderate
DEBB021;"'2017-09-23 11:00'";15;27;26;13;5;good
DEBB021;"'2017-09-23 12:00'";14;38;16;10;1;good
DEBB021;"'2017-09-23 13:00'";10;57;8;7;1;good
DEBB021;"'2017-09-23 14:00'";10;60;8;8;1;good
DEBB021;"'2017-09-23 15:00'";12;59;6;8;1;good
DEBB021;"'2017-09-23 16:00'";12;56;6;9;1;good
DEBB021;"'2017-09-23 17:00'";11;55;6;8;1;good
DEBB021;"'2017-09-23 18:00'";11;54;6;9;1;good
DEBB021;"'2017-09-23 19:00'";17;51;11;14;1;good
DEBB021;"'2017-09-23 20:00'";25;40;16;21;1;moderate
DEBB021;"'2017-09-23 21:00'";18;34;13;16;1;moderate
DEBB021;"'2017-09-23 22:00'";19;36;14;18;1;moderate
DEBB021;"'2017-09-23 23:00'";18;40;11;18;1;moderate
DEBB021;"'2017-09-23 24:00'";18;40;9;17;1;moderate
DEBB021;"'2017-09-24 01:00'";16;43;6;16;1;moderate
DEBB021;"'2017-09-24 02:00'";14;39;3;14;1;good
DEBB021;"'2017-09-24 03:00'";12;35;2;12;1;good
DEBB021;"'2017-09-24 04:00'";9;33;2;9;1;good
DEBB021;"'2017-09-24 05:00'";8;33;2;8;1;good
DEBB021;"'2017-09-24 06:00'";7;33;2;7;1;good
DEBB021;"'2017-09-24 07:00'";6;35;2;6;1;good
DEBB021;"'2017-09-24 08:00'";5;36;3;5;1;good
DEBB021;"'2017-09-24 09:00'";7;30;5;6;1;good
DEBB021;"'2017-09-24 10:00'";10;21;8;8;1;good
DEBB021;"'2017-09-24 11:00'";23;15;12;19;1;moderate
DEBB021;"'2017-09-24 12:00'";28;19;11;24;1;moderate
DEBB021;"'2017-09-24 13:00'";33;22;9;28;1;moderate
DEBB021;"'2017-09-24 14:00'";34;29;8;29;1;moderate
DEBB021;"'2017-09-24 15:00'";32;26;9;28;1;moderate
DEBB021;"'2017-09-24 16:00'";30;25;10;27;1;moderate
DEBB021;"'2017-09-24 17:00'";37;27;10;30;1;moderate
DEBB021;"'2017-09-24 18:00'";34;32;11;28;1;moderate
DEBB021;"'2017-09-24 19:00'";36;26;16;29;1;moderate
DEBB021;"'2017-09-24 20:00'";40;16;26;33;1;poor
DEBB021;"'2017-09-24 21:00'";36;14;20;30;1;moderate
DEBB021;"'2017-09-24 22:00'";34;16;19;28;1;moderate
DEBB021;"'2017-09-24 23:00'";33;20;20;27;1;moderate
DEBB021;"'2017-09-24 24:00'";34;18;17;28;1;moderate
DEBB021;"'2017-09-25 01:00'";36;19;14;28;1;moderate
DEBB021;"'2017-09-25 02:00'";36;12;14;29;1;moderate
DEBB021;"'2017-09-25 03:00'";36;11;15;29;1;moderate
DEBB021;"'2017-09-25 04:00'";37;12;13;29;1;moderate
DEBB021;"'2017-09-25 05:00'";38;12;12;29;1;moderate
DEBB021;"'2017-09-25 06:00'";38;14;11;30;1;moderate
DEBB021;"'2017-09-25 07:00'";39;10;16;30;1;moderate
DEBB021;"'2017-09-25 08:00'";40;8;19;30;1;moderate
DEBB021;"'2017-09-25 09:00'";45;12;21;34;1;poor
DEBB021;"'2017-09-25 10:00'";49;13;22;36;1;poor
DEBB021;"'2017-09-25 11:00'";49;15;19;35;1;poor
DEBB021;"'2017-09-25 12:00'";44;22;14;34;1;poor
DEBB021;"'2017-09-25 13:00'";37;26;14;29;1;moderate
DEBB021;"'2017-09-25 14:00'";27;38;13;23;1;moderate
DEBB021;"'2017-09-25 15:00'";29;26;18;24;1;moderate
DEBB021;"'2017-09-25 16:00'";26;22;19;21;1;moderate
DEBB021;"'2017-09-25 17:00'";24;18;20;20;1;moderate
DEBB021;"'2017-09-25 18:00'";25;17;21;20;1;moderate
DEBB021;"'2017-09-25 19:00'";25;16;23;21;1;moderate
DEBB021;"'2017-09-25 20:00'";20;20;19;17;1;moderate
DEBB021;"'2017-09-25 21:00'";22;17;21;18;1;moderate
DEBB021;"'2017-09-25 22:00'";23;26;12;19;1;moderate
DEBB021;"'2017-09-25 23:00'";23;28;9;19;1;moderate
DEBB021;"'2017-09-25 24:00'";24;28;8;19;1;moderate
DEBB021;"'2017-09-26 01:00'";25;26;8;20;1;moderate
DEBB021;"'2017-09-26 02:00'";26;26;7;20;1;moderate
DEBB021;"'2017-09-26 03:00'";26;24;7;20;1;moderate
DEBB021;"'2017-09-26 04:00'";27;21;7;22;1;moderate
DEBB021;"'2017-09-26 05:00'";30;20;8;24;1;moderate
DEBB021;"'2017-09-26 06:00'";34;18;10;28;1;moderate
DEBB021;"'2017-09-26 07:00'";36;16;13;30;1;moderate
DEBB021;"'2017-09-26 08:00'";37;14;17;31;1;poor
DEBB021;"'2017-09-26 09:00'";37;14;18;30;1;moderate
DEBB021;"'2017-09-26 10:00'";35;18;18;29;2;moderate
DEBB021;"'2017-09-26 11:00'";34;23;15;28;3;moderate
DEBB021;"'2017-09-26 12:00'";33;25;15;27;3;moderate
DEBB021;"'2017-09-26 13:00'";33;30;14;26;2;moderate
DEBB021;"'2017-09-26 14:00'";31;40;12;23;1;moderate
DEBB021;"'2017-09-26 15:00'";28;44;10;21;1;moderate
DEBB021;"'2017-09-26 16:00'";28;48;10;22;1;moderate
DEBB021;"'2017-09-26 17:00'";29;49;13;23;1;moderate
DEBB021;"'2017-09-26 18:00'";29;47;12;23;1;moderate
DEBB021;"'2017-09-26 19:00'";28;40;12;23;1;moderate
DEBB021;"'2017-09-26 20:00'";29;34;11;24;1;moderate
DEBB021;"'2017-09-26 21:00'";30;32;10;25;1;moderate
DEBB021;"'2017-09-26 22:00'";29;33;9;25;1;moderate
DEBB021;"'2017-09-26 23:00'";30;33;8;26;1;moderate
DEBB021;"'2017-09-26 24:00'";32;33;8;28;1;moderate
DEBB021;"'2017-09-27 01:00'";33;31;7;29;1;moderate
DEBB021;"'2017-09-27 02:00'";36;27;8;32;1;poor
DEBB021;"'2017-09-27 03:00'";37;25;7;32;1;poor
DEBB021;"'2017-09-27 04:00'";37;22;8;33;1;poor
DEBB021;"'2017-09-27 05:00'";38;21;8;33;1;poor
DEBB021;"'2017-09-27 06:00'";38;17;10;33;1;poor
DEBB021;"'2017-09-27 07:00'";38;13;15;33;1;poor
DEBB021;"'2017-09-27 08:00'";38;7;21;33;1;poor
DEBB021;"'2017-09-27 09:00'";41;8;22;34;1;poor
DEBB021;"'2017-09-27 10:00'";41;11;22;35;1;poor
DEBB021;"'2017-09-27 11:00'";41;20;16;35;1;poor
DEBB021;"'2017-09-27 12:00'";47;20;17;38;1;poor
DEBB021;"'2017-09-27 13:00'";58;-;15;44;1;poor
DEBB021;"'2017-09-27 14:00'";66;22;16;47;-;poor
DEBB021;"'2017-09-27 15:00'";64;28;17;43;1;poor
DEBB021;"'2017-09-27 16:00'";56;50;12;34;1;poor
DEBB021;"'2017-09-27 17:00'";47;51;12;30;3;moderate
DEBB021;"'2017-09-27 18:00'";45;51;12;29;1;moderate
DEBB021;"'2017-09-27 19:00'";44;45;15;30;1;moderate
DEBB021;"'2017-09-27 20:00'";41;39;19;29;1;moderate
DEBB021;"'2017-09-27 21:00'";36;45;14;26;1;moderate
DEBB021;"'2017-09-27 22:00'";37;47;11;27;1;moderate
DEBB021;"'2017-09-27 23:00'";37;46;10;27;1;moderate
DEBB021;"'2017-09-27 24:00'";39;45;10;29;1;moderate
DEBB021;"'2017-09-28 01:00'";39;43;10;29;1;moderate
DEBB021;"'2017-09-28 02:00'";38;40;9;28;1;moderate
DEBB021;"'2017-09-28 03:00'";39;38;9;29;1;moderate
DEBB021;"'2017-09-28 04:00'";40;34;10;30;1;moderate
DEBB021;"'2017-09-28 05:00'";41;31;11;31;1;poor
DEBB021;"'2017-09-28 06:00'";39;29;13;29;1;moderate
DEBB021;"'2017-09-28 07:00'";34;32;14;25;1;moderate
DEBB021;"'2017-09-28 08:00'";33;28;19;24;1;moderate
DEBB021;"'2017-09-28 09:00'";34;28;20;25;1;moderate
DEBB021;"'2017-09-28 10:00'";33;30;18;24;1;moderate
DEBB021;"'2017-09-28 11:00'";36;32;15;25;2;moderate
DEBB021;"'2017-09-28 12:00'";38;36;13;24;1;moderate
DEBB021;"'2017-09-28 13:00'";39;41;13;25;2;moderate
DEBB021;"'2017-09-28 14:00'";39;44;16;24;2;moderate
DEBB021;"'2017-09-28 15:00'";40;49;13;25;1;moderate
DEBB021;"'2017-09-28 16:00'";40;46;17;26;2;moderate
DEBB021;"'2017-09-28 17:00'";43;51;16;27;1;moderate
DEBB021;"'2017-09-28 18:00'";45;46;23;29;1;moderate
DEBB021;"'2017-09-28 19:00'";42;40;20;29;1;moderate
DEBB021;"'2017-09-28 20:00'";41;42;17;29;1;moderate
DEBB021;"'2017-09-28 21:00'";41;38;19;30;1;moderate
DEBB021;"'2017-09-28 22:00'";42;39;17;31;1;poor
DEBB021;"'2017-09-28 23:00'";44;35;17;32;1;poor
DEBB021;"'2017-09-28 24:00'";44;32;16;33;1;poor
DEBB021;"'2017-09-29 01:00'";44;32;14;33;1;poor
DEBB021;"'2017-09-29 02:00'";44;32;12;33;1;poor
DEBB021;"'2017-09-29 03:00'";44;30;11;34;1;poor
DEBB021;"'2017-09-29 04:00'";45;25;13;34;1;poor
DEBB021;"'2017-09-29 05:00'";45;22;15;34;1;poor
DEBB021;"'2017-09-29 06:00'";45;20;18;34;1;poor
DEBB021;"'2017-09-29 07:00'";45;18;24;34;1;poor
DEBB021;"'2017-09-29 08:00'";44;15;29;33;1;poor
DEBB021;"'2017-09-29 09:00'";47;16;28;36;1;poor
DEBB021;"'2017-09-29 10:00'";42;23;22;31;1;poor
DEBB021;"'2017-09-29 11:00'";41;34;16;29;1;moderate
DEBB021;"'2017-09-29 12:00'";41;43;14;28;2;moderate
DEBB021;"'2017-09-29 13:00'";38;51;15;25;1;moderate
DEBB021;"'2017-09-29 14:00'";36;61;13;22;1;moderate
DEBB021;"'2017-09-29 15:00'";36;73;12;22;2;moderate
DEBB021;"'2017-09-29 16:00'";33;78;12;21;3;moderate
DEBB021;"'2017-09-29 17:00'";32;73;15;21;6;moderate
DEBB021;"'2017-09-29 18:00'";31;76;14;20;5;moderate
DEBB021;"'2017-09-29 19:00'";38;65;18;26;4;moderate
DEBB021;"'2017-09-29 20:00'";44;69;11;32;1;poor
DEBB021;"'2017-09-29 21:00'";43;62;11;32;1;poor
DEBB021;"'2017-09-29 22:00'";41;57;12;31;1;poor
DEBB021;"'2017-09-29 23:00'";39;52;12;30;1;moderate
DEBB021;"'2017-09-29 24:00'";37;47;13;29;1;moderate
DEBB021;"'2017-09-30 01:00'";36;45;13;28;1;moderate
DEBB021;"'2017-09-30 02:00'";36;40;14;28;1;moderate
DEBB021;"'2017-09-30 03:00'";37;36;13;29;1;moderate
DEBB021;"'2017-09-30 04:00'";39;31;15;31;1;poor
DEBB021;"'2017-09-30 05:00'";40;27;16;32;1;poor
DEBB021;"'2017-09-30 06:00'";41;23;17;33;1;poor
DEBB021;"'2017-09-30 07:00'";42;18;19;34;1;poor
DEBB021;"'2017-09-30 08:00'";43;16;20;34;1;poor
DEBB021;"'2017-09-30 09:00'";41;20;18;34;1;poor
DEBB021;"'2017-09-30 10:00'";40;28;16;32;1;poor
DEBB021;"'2017-09-30 11:00'";37;42;15;29;1;moderate
DEBB021;"'2017-09-30 12:00'";35;57;11;27;1;moderate
DEBB021;"'2017-09-30 13:00'";32;69;10;22;1;moderate
DEBB021;"'2017-09-30 14:00'";28;75;14;18;1;moderate
DEBB021;"'2017-09-30 15:00'";27;82;8;18;1;moderate
DEBB021;"'2017-09-30 16:00'";26;89;6;16;1;moderate
DEBB021;"'2017-09-30 17:00'";26;87;8;16;1;moderate
DEBB021;"'2017-09-30 18:00'";25;83;9;16;1;moderate
DEBB021;"'2017-09-30 19:00'";25;76;13;17;5;moderate
DEBB021;"'2017-09-30 20:00'";27;68;17;19;4;moderate
DEBB021;"'2017-09-30 21:00'";32;63;17;24;1;moderate
DEBB021;"'2017-09-30 22:00'";31;64;12;23;1;moderate
DEBB021;"'2017-09-30 23:00'";28;66;9;21;1;moderate
DEBB021;"'2017-09-30 24:00'";29;63;9;21;1;moderate
DEBB021;"'2017-10-01 01:00'";29;59;9;21;2;moderate
DEBB021;"'2017-10-01 02:00'";30;56;9;22;3;moderate
DEBB021;"'2017-10-01 03:00'";30;56;8;22;2;moderate
DEBB021;"'2017-10-01 04:00'";31;51;8;23;1;moderate
DEBB021;"'2017-10-01 05:00'";32;49;9;24;1;moderate
DEBB021;"'2017-10-01 06:00'";34;46;8;25;1;moderate
DEBB021;"'2017-10-01 07:00'";33;38;10;25;1;moderate
DEBB021;"'2017-10-01 08:00'";33;35;11;26;1;moderate
DEBB021;"'2017-10-01 09:00'";30;37;11;23;1;moderate
DEBB021;"'2017-10-01 10:00'";7;41;7;6;1;good
DEBB021;"'2017-10-01 11:00'";9;42;9;9;1;good
DEBB021;"'2017-10-01 12:00'";3;43;8;3;1;good
DEBB021;"'2017-10-01 13:00'";5;44;8;5;1;good
DEBB021;"'2017-10-01 14:00'";8;46;7;8;1;good
DEBB021;"'2017-10-01 15:00'";7;50;6;7;1;good
DEBB021;"'2017-10-01 16:00'";7;46;9;7;1;good
DEBB021;"'2017-10-01 17:00'";7;44;8;7;1;good
DEBB021;"'2017-10-01 18:00'";10;39;10;8;1;good
DEBB021;"'2017-10-01 19:00'";12;35;12;9;1;good
DEBB021;"'2017-10-01 20:00'";12;32;11;10;1;good
DEBB021;"'2017-10-01 21:00'";13;26;9;10;1;good
DEBB021;"'2017-10-01 22:00'";14;20;10;10;1;good
DEBB021;"'2017-10-01 23:00'";14;16;10;11;1;good
DEBB021;"'2017-10-01 24:00'";13;17;9;11;1;good
DEBB021;"'2017-10-02 01:00'";12;15;10;10;1;good
DEBB021;"'2017-10-02 02:00'";14;16;9;12;1;good
DEBB021;"'2017-10-02 03:00'";15;21;6;13;1;good
DEBB021;"'2017-10-02 04:00'";15;18;8;12;1;good
DEBB021;"'2017-10-02 05:00'";13;16;8;11;1;good
DEBB021;"'2017-10-02 06:00'";15;11;10;13;1;good
DEBB021;"'2017-10-02 07:00'";16;13;13;14;1;good
DEBB021;"'2017-10-02 08:00'";16;15;16;14;1;good
DEBB021;"'2017-10-02 09:00'";16;23;10;13;1;good
DEBB021;"'2017-10-02 10:00'";14;29;10;12;1;good
DEBB021;"'2017-10-02 11:00'";13;31;11;11;1;good
DEBB021;"'2017-10-02 12:00'";12;40;10;8;1;good
DEBB021;"'2017-10-02 13:00'";11;44;12;7;1;good
DEBB021;"'2017-10-02 14:00'";9;38;14;8;1;good
DEBB021;"'2017-10-02 15:00'";9;37;15;8;1;good
DEBB021;"'2017-10-02 16:00'";9;38;15;7;1;good
DEBB021;"'2017-10-02 17:00'";8;36;15;7;1;good
DEBB021;"'2017-10-02 18:00'";7;34;15;6;1;good
DEBB021;"'2017-10-02 19:00'";7;33;13;6;1;good
DEBB021;"'2017-10-02 20:00'";7;30;13;6;1;good
DEBB021;"'2017-10-02 21:00'";8;28;12;6;1;good
DEBB021;"'2017-10-02 22:00'";8;27;12;6;1;good
DEBB021;"'2017-10-02 23:00'";9;24;11;7;1;good
DEBB021;"'2017-10-02 24:00'";10;21;10;7;1;good
DEBB021;"'2017-10-03 01:00'";11;21;9;8;1;good
DEBB021;"'2017-10-03 02:00'";12;24;7;9;1;good
DEBB021;"'2017-10-03 03:00'";13;42;5;11;1;good
DEBB021;"'2017-10-03 04:00'";13;48;5;11;1;good
DEBB021;"'2017-10-03 05:00'";14;45;4;11;1;good
DEBB021;"'2017-10-03 06:00'";13;44;4;11;1;good
DEBB021;"'2017-10-03 07:00'";12;47;4;9;1;good
DEBB021;"'2017-10-03 08:00'";11;44;6;9;1;good
DEBB021;"'2017-10-03 09:00'";11;45;5;9;1;good
DEBB021;"'2017-10-03 10:00'";12;44;6;9;1;good
DEBB021;"'2017-10-03 11:00'";12;48;6;10;1;good
DEBB021;"'2017-10-03 12:00'";12;52;3;10;1;good
DEBB021;"'2017-10-03 13:00'";11;56;4;9;1;good
DEBB021;"'2017-10-03 14:00'";10;56;5;8;1;good
DEBB021;"'2017-10-03 15:00'";9;64;2;6;1;good
DEBB021;"'2017-10-03 16:00'";8;66;2;6;1;good
DEBB021;"'2017-10-03 17:00'";9;64;3;6;1;good
DEBB021;"'2017-10-03 18:00'";7;66;5;5;1;good
DEBB021;"'2017-10-03 19:00'";7;60;9;6;1;good
DEBB021;"'2017-10-03 20:00'";7;56;7;6;1;good
DEBB021;"'2017-10-03 21:00'";9;48;11;7;1;good
DEBB021;"'2017-10-03 22:00'";7;48;8;5;1;good
DEBB021;"'2017-10-03 23:00'";5;50;6;4;1;good
DEBB021;"'2017-10-03 24:00'";5;49;6;4;1;good
DEBB021;"'2017-10-04 01:00'";5;46;8;4;1;good
DEBB021;"'2017-10-04 02:00'";5;48;7;4;1;good
DEBB021;"'2017-10-04 03:00'";5;46;8;4;1;good
DEBB021;"'2017-10-04 04:00'";7;44;9;5;1;good
DEBB021;"'2017-10-04 05:00'";8;45;7;6;1;good
DEBB021;"'2017-10-04 06:00'";8;43;9;6;1;good
DEBB021;"'2017-10-04 07:00'";9;43;11;7;1;good
DEBB021;"'2017-10-04 08:00'";10;41;15;7;1;good
DEBB021;"'2017-10-04 09:00'";11;38;17;8;1;good
DEBB021;"'2017-10-04 10:00'";10;40;15;7;1;good
DEBB021;"'2017-10-04 11:00'";13;46;11;8;1;good
DEBB021;"'2017-10-04 12:00'";13;45;11;8;1;good
DEBB021;"'2017-10-04 13:00'";14;50;10;9;1;good
DEBB021;"'2017-10-04 14:00'";13;55;10;9;1;good
DEBB021;"'2017-10-04 15:00'";12;54;12;8;1;good
DEBB021;"'2017-10-04 16:00'";13;51;14;8;1;good
DEBB021;"'2017-10-04 17:00'";13;49;15;8;1;good
DEBB021;"'2017-10-04 18:00'";12;51;14;8;1;good
DEBB021;"'2017-10-04 19:00'";12;50;15;8;1;good
DEBB021;"'2017-10-04 20:00'";12;49;14;9;1;good
DEBB021;"'2017-10-04 21:00'";12;50;12;9;1;good
DEBB021;"'2017-10-04 22:00'";12;51;11;9;1;good
DEBB021;"'2017-10-04 23:00'";13;50;12;10;1;good
DEBB021;"'2017-10-04 24:00'";13;50;11;10;1;good
DEBB021;"'2017-10-05 01:00'";13;50;10;10;1;good
DEBB021;"'2017-10-05 02:00'";12;51;9;9;1;good
DEBB021;"'2017-10-05 03:00'";10;52;8;8;1;good
DEBB021;"'2017-10-05 04:00'";10;53;7;7;1;good
DEBB021;"'2017-10-05 05:00'";11;52;7;9;1;good
DEBB021;"'2017-10-05 06:00'";12;50;8;9;1;good
DEBB021;"'2017-10-05 07:00'";11;43;11;9;1;good
DEBB021;"'2017-10-05 08:00'";11;38;13;10;1;good
DEBB021;"'2017-10-05 09:00'";11;36;14;10;1;good
DEBB021;"'2017-10-05 10:00'";7;38;15;6;1;good
DEBB021;"'2017-10-05 11:00'";4;35;18;4;1;good
DEBB021;"'2017-10-05 12:00'";3;34;18;3;1;good
DEBB021;"'2017-10-05 13:00'";3;35;16;2;1;good
DEBB021;"'2017-10-05 14:00'";1;41;11;0.9;1;good
DEBB021;"'2017-10-05 15:00'";3;41;10;2;1;good
DEBB021;"'2017-10-05 16:00'";8;47;8;3;1;good
DEBB021;"'2017-10-05 17:00'";4;61;2;2;1;good
DEBB021;"'2017-10-05 18:00'";4;68;2;0.9;1;good
DEBB021;"'2017-10-05 19:00'";2;69;2;1;1;good
DEBB021;"'2017-10-05 20:00'";2;64;2;2;1;good
DEBB021;"'2017-10-05 21:00'";3;60;2;2;1;good
DEBB021;"'2017-10-05 22:00'";3;60;2;3;1;good
DEBB021;"'2017-10-05 23:00'";4;62;2;3;1;good
DEBB021;"'2017-10-05 24:00'";4;61;2;4;1;good
DEBB021;"'2017-10-06 01:00'";6;61;2;5;1;good
DEBB021;"'2017-10-06 02:00'";5;63;2;4;1;good
DEBB021;"'2017-10-06 03:00'";5;62;2;4;1;good
DEBB021;"'2017-10-06 04:00'";5;60;2;4;1;good
DEBB021;"'2017-10-06 05:00'";4;59;2;4;1;good
DEBB021;"'2017-10-06 06:00'";4;58;2;3;1;good
DEBB021;"'2017-10-06 07:00'";4;54;6;4;1;good
DEBB021;"'2017-10-06 08:00'";4;53;7;4;1;good
DEBB021;"'2017-10-06 09:00'";4;52;8;4;1;good
DEBB021;"'2017-10-06 10:00'";5;51;8;4;1;good
DEBB021;"'2017-10-06 11:00'";6;53;8;5;1;good
DEBB021;"'2017-10-06 12:00'";4;55;6;4;1;good
DEBB021;"'2017-10-06 13:00'";4;56;6;4;1;good
DEBB021;"'2017-10-06 14:00'";4;57;6;3;1;good
DEBB021;"'2017-10-06 15:00'";4;58;5;4;1;good
DEBB021;"'2017-10-06 16:00'";4;57;6;4;1;good
DEBB021;"'2017-10-06 17:00'";5;57;7;4;1;good
DEBB021;"'2017-10-06 18:00'";5;57;7;4;1;good
DEBB021;"'2017-10-06 19:00'";9;48;12;8;1;good
DEBB021;"'2017-10-06 20:00'";10;43;12;9;1;good
DEBB021;"'2017-10-06 21:00'";9;41;11;8;1;good
DEBB021;"'2017-10-06 22:00'";9;38;9;8;1;good
DEBB021;"'2017-10-06 23:00'";9;37;8;8;1;good
DEBB021;"'2017-10-06 24:00'";9;38;6;8;1;good
DEBB021;"'2017-10-07 01:00'";8;39;6;7;1;good
DEBB021;"'2017-10-07 02:00'";9;42;5;6;1;good
DEBB021;"'2017-10-07 03:00'";8;46;2;6;1;good
DEBB021;"'2017-10-07 04:00'";9;46;2;7;1;good
DEBB021;"'2017-10-07 05:00'";9;48;2;7;1;good
DEBB021;"'2017-10-07 06:00'";8;48;2;6;1;good
DEBB021;"'2017-10-07 07:00'";7;43;8;6;1;good
DEBB021;"'2017-10-07 08:00'";8;44;8;6;1;good
DEBB021;"'2017-10-07 09:00'";8;43;9;6;1;good
DEBB021;"'2017-10-07 10:00'";6;48;6;5;1;good
DEBB021;"'2017-10-07 11:00'";6;52;6;5;1;good
DEBB021;"'2017-10-07 12:00'";5;57;6;4;1;good
DEBB021;"'2017-10-07 13:00'";6;57;9;4;1;good
DEBB021;"'2017-10-07 14:00'";9;55;10;6;1;good
DEBB021;"'2017-10-07 15:00'";9;58;9;7;1;good
DEBB021;"'2017-10-07 16:00'";8;53;10;7;1;good
DEBB021;"'2017-10-07 17:00'";11;44;11;9;1;good
DEBB021;"'2017-10-07 18:00'";9;46;10;8;1;good
DEBB021;"'2017-10-07 19:00'";8;47;9;7;1;good
DEBB021;"'2017-10-07 20:00'";6;48;6;6;1;good
DEBB021;"'2017-10-07 21:00'";6;47;6;6;1;good
DEBB021;"'2017-10-07 22:00'";7;46;5;6;1;good
DEBB021;"'2017-10-07 23:00'";5;46;5;5;1;good
DEBB021;"'2017-10-07 24:00'";4;45;5;4;1;good
DEBB021;"'2017-10-08 01:00'";4;44;5;4;1;good
DEBB021;"'2017-10-08 02:00'";2;44;3;2;1;good
DEBB021;"'2017-10-08 03:00'";2;42;4;0.9;1;good
DEBB021;"'2017-10-08 04:00'";2;40;5;0.9;1;good
DEBB021;"'2017-10-08 05:00'";3;38;5;2;1;good
DEBB021;"'2017-10-08 06:00'";4;39;4;4;1;good
DEBB021;"'2017-10-08 07:00'";4;40;2;4;1;good
DEBB021;"'2017-10-08 08:00'";4;43;3;3;1;good
DEBB021;"'2017-10-08 09:00'";2;56;2;1;1;good
DEBB021;"'2017-10-08 10:00'";2;56;4;0.9;1;good
DEBB021;"'2017-10-08 11:00'";2;59;2;2;1;good
DEBB021;"'2017-10-08 12:00'";4;63;3;3;1;good
DEBB021;"'2017-10-08 13:00'";5;66;2;3;1;good
DEBB021;"'2017-10-08 14:00'";5;70;2;3;1;good
DEBB021;"'2017-10-08 15:00'";3;74;2;2;1;moderate
DEBB021;"'2017-10-08 16:00'";3;74;2;2;1;moderate
DEBB021;"'2017-10-08 17:00'";3;72;2;2;1;good
DEBB021;"'2017-10-08 18:00'";4;67;5;2;1;good
DEBB021;"'2017-10-08 19:00'";5;64;8;3;1;good
DEBB021;"'2017-10-08 20:00'";5;60;11;4;1;good
DEBB021;"'2017-10-08 21:00'";8;53;14;5;1;good
DEBB021;"'2017-10-08 22:00'";10;51;15;8;1;good
DEBB021;"'2017-10-08 23:00'";8;43;17;6;1;good
DEBB021;"'2017-10-08 24:00'";6;41;10;4;1;good
DEBB021;"'2017-10-09 01:00'";7;32;15;6;1;good
DEBB021;"'2017-10-09 02:00'";7;26;21;5;1;good
DEBB021;"'2017-10-09 03:00'";6;26;19;5;1;good
DEBB021;"'2017-10-09 04:00'";7;24;16;5;1;good
DEBB021;"'2017-10-09 05:00'";7;26;12;5;1;good
DEBB021;"'2017-10-09 06:00'";8;19;17;6;1;good
DEBB021;"'2017-10-09 07:00'";9;9;30;7;1;good
DEBB021;"'2017-10-09 08:00'";11;6;35;9;1;moderate
DEBB021;"'2017-10-09 09:00'";14;12;28;11;1;good
DEBB021;"'2017-10-09 10:00'";15;27;14;14;1;good
DEBB021;"'2017-10-09 11:00'";13;35;12;12;1;good
DEBB021;"'2017-10-09 12:00'";8;50;8;7;1;good
DEBB021;"'2017-10-09 13:00'";5;60;5;4;1;good
DEBB021;"'2017-10-09 14:00'";5;67;6;3;1;good
DEBB021;"'2017-10-09 15:00'";5;67;6;4;1;good
DEBB021;"'2017-10-09 16:00'";7;61;7;5;1;good
DEBB021;"'2017-10-09 17:00'";4;68;8;3;1;good
DEBB021;"'2017-10-09 18:00'";5;62;12;4;1;good
DEBB021;"'2017-10-09 19:00'";5;52;18;5;1;good
DEBB021;"'2017-10-09 20:00'";7;34;26;6;1;good
DEBB021;"'2017-10-09 21:00'";8;32;22;7;1;good
DEBB021;"'2017-10-09 22:00'";10;28;22;8;1;good
DEBB021;"'2017-10-09 23:00'";11;26;21;9;1;good
DEBB021;"'2017-10-09 24:00'";9;30;16;8;1;good
DEBB021;"'2017-10-10 01:00'";10;34;12;9;1;good
DEBB021;"'2017-10-10 02:00'";10;34;9;10;1;good
DEBB021;"'2017-10-10 03:00'";14;28;11;13;1;good
DEBB021;"'2017-10-10 04:00'";16;22;12;16;1;moderate
DEBB021;"'2017-10-10 05:00'";15;21;12;15;1;good
DEBB021;"'2017-10-10 06:00'";13;22;13;13;1;good
DEBB021;"'2017-10-10 07:00'";12;23;17;12;1;good
DEBB021;"'2017-10-10 08:00'";11;25;21;10;1;good
DEBB021;"'2017-10-10 09:00'";8;31;29;7;1;good
DEBB021;"'2017-10-10 10:00'";8;29;26;7;1;good
DEBB021;"'2017-10-10 11:00'";10;22;28;9;1;good
DEBB021;"'2017-10-10 12:00'";16;22;21;14;1;good
DEBB021;"'2017-10-10 13:00'";18;27;19;16;1;moderate
DEBB021;"'2017-10-10 14:00'";19;29;19;17;1;moderate
DEBB021;"'2017-10-10 15:00'";18;28;17;15;1;good
DEBB021;"'2017-10-10 16:00'";18;23;19;15;1;good
DEBB021;"'2017-10-10 17:00'";16;20;22;14;1;good
DEBB021;"'2017-10-10 18:00'";14;18;23;12;1;good
DEBB021;"'2017-10-10 19:00'";14;18;22;11;1;good
DEBB021;"'2017-10-10 20:00'";16;22;20;13;1;good
DEBB021;"'2017-10-10 21:00'";17;25;15;14;1;good
DEBB021;"'2017-10-10 22:00'";19;33;13;17;1;moderate
DEBB021;"'2017-10-10 23:00'";20;35;11;18;1;moderate
DEBB021;"'2017-10-10 24:00'";18;34;10;17;1;moderate
DEBB021;"'2017-10-11 01:00'";14;34;9;13;1;good
DEBB021;"'2017-10-11 02:00'";12;34;9;11;1;good
DEBB021;"'2017-10-11 03:00'";12;37;8;10;1;good
DEBB021;"'2017-10-11 04:00'";14;40;7;12;1;good
DEBB021;"'2017-10-11 05:00'";16;36;7;15;1;good
DEBB021;"'2017-10-11 06:00'";15;30;8;13;1;good
DEBB021;"'2017-10-11 07:00'";16;26;13;13;1;good
DEBB021;"'2017-10-11 08:00'";17;21;19;13;1;good
DEBB021;"'2017-10-11 09:00'";16;19;22;12;1;good
DEBB021;"'2017-10-11 10:00'";13;24;21;10;1;good
DEBB021;"'2017-10-11 11:00'";13;34;14;8;1;good
DEBB021;"'2017-10-11 12:00'";10;44;8;7;1;good
DEBB021;"'2017-10-11 13:00'";8;38;13;7;1;good
DEBB021;"'2017-10-11 14:00'";11;32;17;8;1;good
DEBB021;"'2017-10-11 15:00'";9;43;10;7;1;good
DEBB021;"'2017-10-11 16:00'";10;47;9;7;1;good
DEBB021;"'2017-10-11 17:00'";10;39;16;7;1;good
DEBB021;"'2017-10-11 18:00'";11;41;13;8;1;good
DEBB021;"'2017-10-11 19:00'";10;39;11;7;1;good
DEBB021;"'2017-10-11 20:00'";10;35;12;7;1;good
DEBB021;"'2017-10-11 21:00'";11;32;13;8;1;good
DEBB021;"'2017-10-11 22:00'";13;34;10;10;1;good
DEBB021;"'2017-10-11 23:00'";12;36;8;9;1;good
DEBB021;"'2017-10-11 24:00'";10;45;4;7;1;good
DEBB021;"'2017-10-12 01:00'";9;49;2;6;1;good
DEBB021;"'2017-10-12 02:00'";9;47;3;6;1;good
DEBB021;"'2017-10-12 03:00'";8;46;2;5;1;good
DEBB021;"'2017-10-12 04:00'";7;45;4;5;1;good
DEBB021;"'2017-10-12 05:00'";7;41;6;5;1;good
DEBB021;"'2017-10-12 06:00'";7;41;6;5;1;good
DEBB021;"'2017-10-12 07:00'";7;41;9;5;1;good
DEBB021;"'2017-10-12 08:00'";7;39;12;5;1;good
DEBB021;"'2017-10-12 09:00'";8;37;12;6;1;good
DEBB021;"'2017-10-12 10:00'";6;36;12;5;1;good
DEBB021;"'2017-10-12 11:00'";6;47;8;4;1;good
DEBB021;"'2017-10-12 12:00'";7;57;5;5;1;good
DEBB021;"'2017-10-12 13:00'";7;53;6;5;1;good
DEBB021;"'2017-10-12 14:00'";7;59;4;5;1;good
DEBB021;"'2017-10-12 15:00'";7;65;3;5;1;good
DEBB021;"'2017-10-12 16:00'";9;63;5;5;1;good
DEBB021;"'2017-10-12 17:00'";8;62;6;5;1;good
DEBB021;"'2017-10-12 18:00'";8;60;7;5;1;good
DEBB021;"'2017-10-12 19:00'";8;56;9;5;1;good
DEBB021;"'2017-10-12 20:00'";10;51;12;7;1;good
DEBB021;"'2017-10-12 21:00'";11;43;15;7;1;good
DEBB021;"'2017-10-12 22:00'";9;47;10;6;1;good
DEBB021;"'2017-10-12 23:00'";8;47;9;6;1;good
DEBB021;"'2017-10-12 24:00'";8;51;7;5;1;good
DEBB021;"'2017-10-13 01:00'";8;50;6;6;1;good
DEBB021;"'2017-10-13 02:00'";7;49;7;5;1;good
DEBB021;"'2017-10-13 03:00'";8;44;10;6;1;good
DEBB021;"'2017-10-13 04:00'";9;38;12;7;1;good
DEBB021;"'2017-10-13 05:00'";8;40;10;6;1;good
DEBB021;"'2017-10-13 06:00'";9;34;15;7;1;good
DEBB021;"'2017-10-13 07:00'";10;20;27;7;1;good
DEBB021;"'2017-10-13 08:00'";12;13;35;8;1;moderate
DEBB021;"'2017-10-13 09:00'";12;14;31;9;1;moderate
DEBB021;"'2017-10-13 10:00'";15;21;22;11;1;good
DEBB021;"'2017-10-13 11:00'";17;29;15;12;1;good
DEBB021;"'2017-10-13 12:00'";17;41;11;12;1;good
DEBB021;"'2017-10-13 13:00'";16;50;9;11;1;good
DEBB021;"'2017-10-13 14:00'";15;59;9;11;1;good
DEBB021;"'2017-10-13 15:00'";18;55;11;13;1;good
DEBB021;"'2017-10-13 16:00'";18;53;12;13;1;good
DEBB021;"'2017-10-13 17:00'";19;52;15;14;1;good
DEBB021;"'2017-10-13 18:00'";19;52;14;14;1;good
DEBB021;"'2017-10-13 19:00'";18;44;21;13;1;good
DEBB021;"'2017-10-13 20:00'";28;13;49;21;1;moderate
DEBB021;"'2017-10-13 21:00'";32;12;39;25;1;moderate
DEBB021;"'2017-10-13 22:00'";34;13;27;26;1;moderate
DEBB021;"'2017-10-13 23:00'";31;11;30;24;1;moderate
DEBB021;"'2017-10-13 24:00'";28;16;23;22;1;moderate
DEBB021;"'2017-10-14 01:00'";25;22;15;19;1;moderate
DEBB021;"'2017-10-14 02:00'";24;23;13;19;1;moderate
DEBB021;"'2017-10-14 03:00'";24;22;14;20;1;moderate
DEBB021;"'2017-10-14 04:00'";22;24;11;19;1;moderate
DEBB021;"'2017-10-14 05:00'";20;25;10;17;1;moderate
DEBB021;"'2017-10-14 06:00'";18;24;12;15;1;good
DEBB021;"'2017-10-14 07:00'";18;22;13;15;1;good
DEBB021;"'2017-10-14 08:00'";18;19;14;15;1;good
DEBB021;"'2017-10-14 09:00'";17;20;12;14;1;good
DEBB021;"'2017-10-14 10:00'";15;27;9;12;1;good
DEBB021;"'2017-10-14 11:00'";15;25;13;12;1;good
DEBB021;"'2017-10-14 12:00'";16;30;13;13;1;good
DEBB021;"'2017-10-14 13:00'";18;37;9;15;1;good
DEBB021;"'2017-10-14 14:00'";18;39;10;15;1;good
DEBB021;"'2017-10-14 15:00'";16;45;8;13;1;good
DEBB021;"'2017-10-14 16:00'";17;44;9;14;1;good
DEBB021;"'2017-10-14 17:00'";18;43;9;15;1;good
DEBB021;"'2017-10-14 18:00'";22;35;15;17;1;moderate
DEBB021;"'2017-10-14 19:00'";25;9;41;20;1;moderate
DEBB021;"'2017-10-14 20:00'";29;5;44;23;1;moderate
DEBB021;"'2017-10-14 21:00'";30;17;21;24;1;moderate
DEBB021;"'2017-10-14 22:00'";35;20;19;30;1;moderate
DEBB021;"'2017-10-14 23:00'";24;20;21;20;1;moderate
DEBB021;"'2017-10-14 24:00'";22;23;17;19;1;moderate
DEBB021;"'2017-10-15 01:00'";26;12;20;22;1;moderate
DEBB021;"'2017-10-15 02:00'";29;3;24;24;1;moderate
DEBB021;"'2017-10-15 03:00'";27;10;14;22;1;moderate
DEBB021;"'2017-10-15 04:00'";26;13;8;21;1;moderate
DEBB021;"'2017-10-15 05:00'";25;13;8;20;1;moderate
DEBB021;"'2017-10-15 06:00'";23;7;11;19;1;moderate
DEBB021;"'2017-10-15 07:00'";21;6;11;18;1;moderate
DEBB021;"'2017-10-15 08:00'";21;2;13;18;1;moderate
DEBB021;"'2017-10-15 09:00'";20;2;13;17;1;moderate
DEBB021;"'2017-10-15 10:00'";20;10;15;18;1;moderate
DEBB021;"'2017-10-15 11:00'";22;24;11;18;1;moderate
DEBB021;"'2017-10-15 12:00'";25;37;11;21;1;moderate
DEBB021;"'2017-10-15 13:00'";21;45;10;16;1;moderate
DEBB021;"'2017-10-15 14:00'";21;55;10;16;1;moderate
DEBB021;"'2017-10-15 15:00'";17;56;10;12;1;good
DEBB021;"'2017-10-15 16:00'";14;61;8;9;1;good
DEBB021;"'2017-10-15 17:00'";14;66;6;9;1;good
DEBB021;"'2017-10-15 18:00'";14;59;13;9;1;good
DEBB021;"'2017-10-15 19:00'";17;43;21;12;1;good
DEBB021;"'2017-10-15 20:00'";18;38;19;14;1;good
DEBB021;"'2017-10-15 21:00'";22;24;23;18;1;moderate
DEBB021;"'2017-10-15 22:00'";23;12;29;19;1;moderate
DEBB021;"'2017-10-15 23:00'";21;11;31;18;1;moderate
DEBB021;"'2017-10-15 24:00'";20;11;28;17;1;moderate
DEBB021;"'2017-10-16 01:00'";18;20;18;15;1;good
DEBB021;"'2017-10-16 02:00'";17;22;17;14;1;good
DEBB021;"'2017-10-16 03:00'";18;21;15;15;1;good
DEBB021;"'2017-10-16 04:00'";18;23;15;15;1;good
DEBB021;"'2017-10-16 05:00'";18;23;14;14;1;good
DEBB021;"'2017-10-16 06:00'";19;14;19;15;1;good
DEBB021;"'2017-10-16 07:00'";20;3;30;15;1;good
DEBB021;"'2017-10-16 08:00'";19;3;35;15;1;moderate
DEBB021;"'2017-10-16 09:00'";21;4;36;16;1;moderate
DEBB021;"'2017-10-16 10:00'";20;19;26;15;1;good
DEBB021;"'2017-10-16 11:00'";20;27;22;15;1;good
DEBB021;"'2017-10-16 12:00'";23;38;22;15;1;good
DEBB021;"'2017-10-16 13:00'";23;57;14;15;1;good
DEBB021;"'2017-10-16 14:00'";22;65;16;14;1;good
DEBB021;"'2017-10-16 15:00'";23;77;11;14;1;moderate
DEBB021;"'2017-10-16 16:00'";24;72;17;14;1;good
DEBB021;"'2017-10-16 17:00'";27;54;33;16;1;moderate
DEBB021;"'2017-10-16 18:00'";29;43;33;17;1;moderate
DEBB021;"'2017-10-16 19:00'";29;44;26;20;1;moderate
DEBB021;"'2017-10-16 20:00'";31;48;20;23;1;moderate
DEBB021;"'2017-10-16 21:00'";33;43;19;25;1;moderate
DEBB021;"'2017-10-16 22:00'";33;40;17;24;1;moderate
DEBB021;"'2017-10-16 23:00'";33;32;21;25;1;moderate
DEBB021;"'2017-10-16 24:00'";33;34;15;24;1;moderate
DEBB021;"'2017-10-17 01:00'";33;22;20;25;1;moderate
DEBB021;"'2017-10-17 02:00'";31;18;21;23;1;moderate
DEBB021;"'2017-10-17 03:00'";30;33;13;21;1;moderate
DEBB021;"'2017-10-17 04:00'";28;41;10;21;1;moderate
DEBB021;"'2017-10-17 05:00'";30;37;13;22;1;moderate
DEBB021;"'2017-10-17 06:00'";32;26;18;23;1;moderate
DEBB021;"'2017-10-17 07:00'";32;13;30;23;1;moderate
DEBB021;"'2017-10-17 08:00'";34;9;39;24;1;moderate
DEBB021;"'2017-10-17 09:00'";34;10;39;24;1;moderate
DEBB021;"'2017-10-17 10:00'";30;24;30;22;1;moderate
DEBB021;"'2017-10-17 11:00'";31;31;26;20;1;moderate
DEBB021;"'2017-10-17 12:00'";30;45;21;18;1;moderate
DEBB021;"'2017-10-17 13:00'";27;62;13;17;2;moderate
DEBB021;"'2017-10-17 14:00'";29;67;13;18;3;moderate
DEBB021;"'2017-10-17 15:00'";30;73;13;18;3;moderate
DEBB021;"'2017-10-17 16:00'";28;74;14;18;3;moderate
DEBB021;"'2017-10-17 17:00'";30;67;20;19;3;moderate
DEBB021;"'2017-10-17 18:00'";36;55;30;21;2;moderate
DEBB021;"'2017-10-17 19:00'";43;8;77;26;1;poor
DEBB021;"'2017-10-17 20:00'";37;4;75;26;1;poor
DEBB021;"'2017-10-17 21:00'";41;4;68;30;1;poor
DEBB021;"'2017-10-17 22:00'";44;3;57;33;1;poor
DEBB021;"'2017-10-17 23:00'";45;2;43;33;1;poor
DEBB021;"'2017-10-17 24:00'";42;2;29;31;1;poor
DEBB021;"'2017-10-18 01:00'";41;2;22;31;1;poor
DEBB021;"'2017-10-18 02:00'";38;2;19;29;1;moderate
DEBB021;"'2017-10-18 03:00'";37;2;13;28;1;moderate
DEBB021;"'2017-10-18 04:00'";35;2;11;27;1;moderate
DEBB021;"'2017-10-18 05:00'";35;2;11;28;1;moderate
DEBB021;"'2017-10-18 06:00'";35;2;10;28;1;moderate
DEBB021;"'2017-10-18 07:00'";32;2;15;28;1;moderate
DEBB021;"'2017-10-18 08:00'";33;2;23;29;1;moderate
DEBB021;"'2017-10-18 09:00'";33;2;36;31;1;poor
DEBB021;"'2017-10-18 10:00'";22;2;31;22;1;moderate
DEBB021;"'2017-10-18 11:00'";24;6;20;23;1;moderate
DEBB021;"'2017-10-18 12:00'";31;9;22;29;1;moderate
DEBB021;"'2017-10-18 13:00'";46;10;33;37;1;poor
DEBB021;"'2017-10-18 14:00'";41;18;32;33;2;poor
DEBB021;"'2017-10-18 15:00'";44;19;45;32;3;poor
DEBB021;"'2017-10-18 16:00'";39;26;40;27;1;moderate
DEBB021;"'2017-10-18 17:00'";58;30;37;26;2;poor
DEBB021;"'2017-10-18 18:00'";43;21;46;27;2;moderate
DEBB021;"'2017-10-18 19:00'";40;4;60;28;1;moderate
DEBB021;"'2017-10-18 20:00'";37;2;48;28;1;moderate
DEBB021;"'2017-10-18 21:00'";41;2;42;31;1;poor
DEBB021;"'2017-10-18 22:00'";36;2;38;27;1;moderate
DEBB021;"'2017-10-18 23:00'";40;2;40;32;1;poor
DEBB021;"'2017-10-18 24:00'";40;2;38;33;1;poor
DEBB021;"'2017-10-19 01:00'";39;2;40;32;1;poor
DEBB021;"'2017-10-19 02:00'";39;2;35;33;1;poor
DEBB021;"'2017-10-19 03:00'";37;2;30;31;1;poor
DEBB021;"'2017-10-19 04:00'";37;2;24;30;1;moderate
DEBB021;"'2017-10-19 05:00'";36;2;22;30;1;moderate
DEBB021;"'2017-10-19 06:00'";34;2;20;29;1;moderate
DEBB021;"'2017-10-19 07:00'";35;2;22;29;1;moderate
DEBB021;"'2017-10-19 08:00'";38;2;26;31;1;poor
DEBB021;"'2017-10-19 09:00'";37;2;23;29;1;moderate
DEBB021;"'2017-10-19 10:00'";38;2;24;30;1;moderate
DEBB021;"'2017-10-19 11:00'";40;3;27;32;1;poor
DEBB021;"'2017-10-19 12:00'";39;5;28;33;1;poor
DEBB021;"'2017-10-19 13:00'";39;7;28;36;1;poor
DEBB021;"'2017-10-19 14:00'";44;9;31;42;1;poor
DEBB021;"'2017-10-19 15:00'";45;11;27;42;1;poor
DEBB021;"'2017-10-19 16:00'";45;13;28;42;1;poor
DEBB021;"'2017-10-19 17:00'";46;17;29;43;1;poor
DEBB021;"'2017-10-19 18:00'";49;14;34;45;1;poor
DEBB021;"'2017-10-19 19:00'";54;8;33;46;1;poor
DEBB021;"'2017-10-19 20:00'";52;4;34;48;1;poor
DEBB021;"'2017-10-19 21:00'";53;2;36;49;1;poor
DEBB021;"'2017-10-19 22:00'";52;2;37;48;1;poor
DEBB021;"'2017-10-19 23:00'";51;3;36;46;1;poor
DEBB021;"'2017-10-19 24:00'";49;5;31;45;1;poor
DEBB021;"'2017-10-20 01:00'";46;8;24;41;1;poor
DEBB021;"'2017-10-20 02:00'";42;8;21;38;1;poor
DEBB021;"'2017-10-20 03:00'";38;7;21;34;1;poor
DEBB021;"'2017-10-20 04:00'";36;6;20;32;1;poor
DEBB021;"'2017-10-20 05:00'";35;4;21;31;1;poor
DEBB021;"'2017-10-20 06:00'";33;2;23;30;1;moderate
DEBB021;"'2017-10-20 07:00'";34;2;27;30;1;moderate
DEBB021;"'2017-10-20 08:00'";36;2;34;31;1;poor
DEBB021;"'2017-10-20 09:00'";41;2;33;32;1;poor
DEBB021;"'2017-10-20 10:00'";36;5;32;30;1;moderate
DEBB021;"'2017-10-20 11:00'";32;13;27;27;1;moderate
DEBB021;"'2017-10-20 12:00'";30;20;25;24;1;moderate
DEBB021;"'2017-10-20 13:00'";30;19;31;22;1;moderate
DEBB021;"'2017-10-20 14:00'";29;19;29;20;1;moderate
DEBB021;"'2017-10-20 15:00'";31;10;42;23;1;moderate
DEBB021;"'2017-10-20 16:00'";27;12;39;21;1;moderate
DEBB021;"'2017-10-20 17:00'";26;11;44;20;1;moderate
DEBB021;"'2017-10-20 18:00'";26;9;38;21;1;moderate
DEBB021;"'2017-10-20 19:00'";27;9;37;21;1;moderate
DEBB021;"'2017-10-20 20:00'";28;10;34;22;1;moderate
DEBB021;"'2017-10-20 21:00'";32;6;35;26;1;moderate
DEBB021;"'2017-10-20 22:00'";27;21;22;22;1;moderate
DEBB021;"'2017-10-20 23:00'";-;-;-;-;-;-;
DEBB021;"'2017-10-20 24:00'";-;-;-;-;-;-;
DEBB021;"'2017-10-21 01:00'";-;-;-;-;-;-;
DEBB021;"'2017-10-21 02:00'";-;-;-;-;-;-;
DEBB021;"'2017-10-21 03:00'";-;-;-;-;-;-;
DEBB021;"'2017-10-21 04:00'";-;-;-;-;-;-;
DEBB021;"'2017-10-21 05:00'";-;-;-;-;-;-;
DEBB021;"'2017-10-21 06:00'";-;-;-;-;-;-;
DEBB021;"'2017-10-21 07:00'";-;-;-;-;-;-;
DEBB021;"'2017-10-21 08:00'";-;-;-;-;-;-;
DEBB021;"'2017-10-21 09:00'";-;-;-;-;-;-;
DEBB021;"'2017-10-21 10:00'";-;-;-;-;-;-;
DEBB021;"'2017-10-21 11:00'";-;-;-;-;-;-;
DEBB021;"'2017-10-21 12:00'";-;-;-;-;-;-;
DEBB021;"'2017-10-21 13:00'";-;-;-;-;-;-;
DEBB021;"'2017-10-21 14:00'";-;-;-;-;-;-;
DEBB021;"'2017-10-21 15:00'";-;-;-;-;-;-;
DEBB021;"'2017-10-21 16:00'";-;-;-;-;-;-;
DEBB021;"'2017-10-21 17:00'";-;-;-;-;-;-;
DEBB021;"'2017-10-21 18:00'";-;-;-;-;-;-;
DEBB021;"'2017-10-21 19:00'";-;-;-;-;-;-;
DEBB021;"'2017-10-21 20:00'";-;-;-;-;-;-;
DEBB021;"'2017-10-21 21:00'";-;-;-;-;-;-;
DEBB021;"'2017-10-21 22:00'";-;-;-;-;-;-;
DEBB021;"'2017-10-21 23:00'";-;-;-;-;-;-;
DEBB021;"'2017-10-21 24:00'";-;-;-;-;-;-;
DEBB021;"'2017-10-22 01:00'";-;-;-;-;-;-;
DEBB021;"'2017-10-22 02:00'";-;-;-;-;-;-;
DEBB021;"'2017-10-22 03:00'";-;-;-;-;-;-;
DEBB021;"'2017-10-22 04:00'";-;-;-;-;-;-;
DEBB021;"'2017-10-22 05:00'";-;-;-;-;-;-;
DEBB021;"'2017-10-22 06:00'";-;-;-;-;-;-;
DEBB021;"'2017-10-22 07:00'";-;-;-;-;-;-;
DEBB021;"'2017-10-22 08:00'";-;-;-;-;-;-;
DEBB021;"'2017-10-22 09:00'";-;-;-;-;-;-;
DEBB021;"'2017-10-22 10:00'";-;-;-;-;-;-;
DEBB021;"'2017-10-22 11:00'";-;-;-;-;-;-;
DEBB021;"'2017-10-22 12:00'";-;-;-;-;-;-;
DEBB021;"'2017-10-22 13:00'";-;-;-;-;-;-;
DEBB021;"'2017-10-22 14:00'";-;-;-;-;-;-;
DEBB021;"'2017-10-22 15:00'";-;-;-;-;-;-;
DEBB021;"'2017-10-22 16:00'";-;-;-;-;-;-;
DEBB021;"'2017-10-22 17:00'";-;-;-;-;-;-;
DEBB021;"'2017-10-22 18:00'";-;-;-;-;-;-;
DEBB021;"'2017-10-22 19:00'";-;-;-;-;-;-;
DEBB021;"'2017-10-22 20:00'";-;-;-;-;-;-;
DEBB021;"'2017-10-22 21:00'";-;-;-;-;-;-;
DEBB021;"'2017-10-22 22:00'";-;-;-;-;-;-;
DEBB021;"'2017-10-22 23:00'";-;-;-;-;-;-;
DEBB021;"'2017-10-22 24:00'";-;-;-;-;-;-;
DEBB021;"'2017-10-23 01:00'";-;-;-;-;-;-;
DEBB021;"'2017-10-23 02:00'";-;-;-;-;-;-;
DEBB021;"'2017-10-23 03:00'";-;-;-;-;-;-;
DEBB021;"'2017-10-23 04:00'";-;-;-;-;-;-;
DEBB021;"'2017-10-23 05:00'";-;-;-;-;-;-;
DEBB021;"'2017-10-23 06:00'";-;-;-;-;-;-;
DEBB021;"'2017-10-23 07:00'";-;-;-;-;-;-;
DEBB021;"'2017-10-23 08:00'";-;-;-;-;-;-;
DEBB021;"'2017-10-23 09:00'";-;-;-;-;-;-;
DEBB021;"'2017-10-23 10:00'";-;-;-;-;-;-;
DEBB021;"'2017-10-23 11:00'";-;-;-;-;-;-;
DEBB021;"'2017-10-23 12:00'";-;-;-;-;-;-;
DEBB021;"'2017-10-23 13:00'";-;-;-;-;-;-;
DEBB021;"'2017-10-23 14:00'";-;-;-;-;-;-;
DEBB021;"'2017-10-23 15:00'";-;-;-;-;-;-;
DEBB021;"'2017-10-23 16:00'";18;-;16;16;0.5;moderate
DEBB021;"'2017-10-23 17:00'";18;48;21;16;0.5;moderate
DEBB021;"'2017-10-23 18:00'";19;41;26;16;0.3;moderate
DEBB021;"'2017-10-23 19:00'";19;37;29;17;0.4;moderate
DEBB021;"'2017-10-23 20:00'";22;28;31;19;0.3;moderate
DEBB021;"'2017-10-23 21:00'";23;26;27;20;0.3;moderate
DEBB021;"'2017-10-23 22:00'";22;27;21;20;0.3;moderate
DEBB021;"'2017-10-23 23:00'";21;20;27;19;0.2;moderate
DEBB021;"'2017-10-23 24:00'";20;23;21;18;0.1;moderate
DEBB021;"'2017-10-24 01:00'";21;21;19;18;0.1;moderate
DEBB021;"'2017-10-24 02:00'";22;15;20;19;0.2;moderate
DEBB021;"'2017-10-24 03:00'";19;13;17;17;0.1;moderate
DEBB021;"'2017-10-24 04:00'";17;14;17;14;0.1;good
DEBB021;"'2017-10-24 05:00'";17;17;14;15;0.1;good
DEBB021;"'2017-10-24 06:00'";20;14;18;17;0.8;moderate
DEBB021;"'2017-10-24 07:00'";14;14;20;13;1;good
DEBB021;"'2017-10-24 08:00'";16;2;22;14;1;good
DEBB021;"'2017-10-24 09:00'";21;2;24;15;1;good
DEBB021;"'2017-10-24 10:00'";16;9;20;12;1;good
DEBB021;"'2017-10-24 11:00'";14;16;15;12;1;good
DEBB021;"'2017-10-24 12:00'";12;19;15;11;1;good
DEBB021;"'2017-10-24 13:00'";8;33;11;6;1;good
DEBB021;"'2017-10-24 14:00'";10;41;10;8;1;good
DEBB021;"'2017-10-24 15:00'";14;49;9;12;1;good
DEBB021;"'2017-10-24 16:00'";18;47;12;15;1;good
DEBB021;"'2017-10-24 17:00'";24;34;18;20;1;moderate
DEBB021;"'2017-10-24 18:00'";22;27;22;18;1;moderate
DEBB021;"'2017-10-24 19:00'";18;26;20;15;1;good
DEBB021;"'2017-10-24 20:00'";15;26;17;12;1;good
DEBB021;"'2017-10-24 21:00'";12;26;15;10;1;good
DEBB021;"'2017-10-24 22:00'";8;23;12;7;1;good
DEBB021;"'2017-10-24 23:00'";12;20;14;11;1;good
DEBB021;"'2017-10-24 24:00'";9;21;12;8;1;good
DEBB021;"'2017-10-25 01:00'";10;22;11;9;1;good
DEBB021;"'2017-10-25 02:00'";11;22;9;10;1;good
DEBB021;"'2017-10-25 03:00'";11;23;8;10;1;good
DEBB021;"'2017-10-25 04:00'";12;23;8;11;1;good
DEBB021;"'2017-10-25 05:00'";12;21;8;11;1;good
DEBB021;"'2017-10-25 06:00'";12;19;9;11;1;good
DEBB021;"'2017-10-25 07:00'";13;16;12;11;1;good
DEBB021;"'2017-10-25 08:00'";14;12;16;11;1;good
DEBB021;"'2017-10-25 09:00'";17;15;15;13;1;good
DEBB021;"'2017-10-25 10:00'";16;16;15;11;1;good
DEBB021;"'2017-10-25 11:00'";15;19;14;11;1;good
DEBB021;"'2017-10-25 12:00'";13;20;12;9;1;good
DEBB021;"'2017-10-25 13:00'";11;21;10;8;1;good
DEBB021;"'2017-10-25 14:00'";8;24;12;6;1;good
DEBB021;"'2017-10-25 15:00'";8;34;10;5;1;good
DEBB021;"'2017-10-25 16:00'";10;38;11;8;1;good
DEBB021;"'2017-10-25 17:00'";14;43;12;11;1;good
DEBB021;"'2017-10-25 18:00'";14;43;12;11;1;good
DEBB021;"'2017-10-25 19:00'";12;49;9;11;1;good
DEBB021;"'2017-10-25 20:00'";12;46;9;11;1;good
DEBB021;"'2017-10-25 21:00'";13;42;9;12;1;good
DEBB021;"'2017-10-25 22:00'";13;41;8;12;1;good
DEBB021;"'2017-10-25 23:00'";15;40;8;14;1;good
DEBB021;"'2017-10-25 24:00'";11;47;7;10;1;good
DEBB021;"'2017-10-26 01:00'";12;41;8;10;1;good
DEBB021;"'2017-10-26 02:00'";10;48;5;9;1;good
DEBB021;"'2017-10-26 03:00'";11;43;5;9;1;good
DEBB021;"'2017-10-26 04:00'";13;39;7;11;1;good
DEBB021;"'2017-10-26 05:00'";12;41;7;10;1;good
DEBB021;"'2017-10-26 06:00'";13;37;10;11;1;good
DEBB021;"'2017-10-26 07:00'";14;34;13;12;1;good
DEBB021;"'2017-10-26 08:00'";13;35;16;11;1;good
DEBB021;"'2017-10-26 09:00'";13;35;18;11;1;good
DEBB021;"'2017-10-26 10:00'";12;43;12;10;1;good
DEBB021;"'2017-10-26 11:00'";11;46;10;10;1;good
DEBB021;"'2017-10-26 12:00'";16;43;11;14;1;good
DEBB021;"'2017-10-26 13:00'";14;49;10;11;1;good
DEBB021;"'2017-10-26 14:00'";15;50;11;13;1;good
DEBB021;"'2017-10-26 15:00'";18;48;12;15;1;good
DEBB021;"'2017-10-26 16:00'";18;47;12;15;1;good
DEBB021;"'2017-10-26 17:00'";16;45;15;14;1;good
DEBB021;"'2017-10-26 18:00'";17;45;13;15;1;good
DEBB021;"'2017-10-26 19:00'";17;43;14;15;1;good
DEBB021;"'2017-10-26 20:00'";19;39;14;17;1;moderate
DEBB021;"'2017-10-26 21:00'";18;43;10;17;1;moderate
DEBB021;"'2017-10-26 22:00'";17;44;9;16;1;moderate
DEBB021;"'2017-10-26 23:00'";19;40;10;17;1;moderate
DEBB021;"'2017-10-26 24:00'";16;43;8;15;1;good
DEBB021;"'2017-10-27 01:00'";18;40;8;17;1;moderate
DEBB021;"'2017-10-27 02:00'";12;53;6;11;1;good
DEBB021;"'2017-10-27 03:00'";9;55;5;8;1;good
DEBB021;"'2017-10-27 04:00'";8;56;3;7;1;good
DEBB021;"'2017-10-27 05:00'";7;57;2;6;1;good
DEBB021;"'2017-10-27 06:00'";6;54;4;6;1;good
DEBB021;"'2017-10-27 07:00'";7;48;8;6;1;good
DEBB021;"'2017-10-27 08:00'";7;43;12;6;1;good
DEBB021;"'2017-10-27 09:00'";7;44;10;6;1;good
DEBB021;"'2017-10-27 10:00'";5;49;8;5;1;good
DEBB021;"'2017-10-27 11:00'";5;53;8;5;1;good
DEBB021;"'2017-10-27 12:00'";5;57;7;4;1;good
DEBB021;"'2017-10-27 13:00'";5;58;7;4;1;good
DEBB021;"'2017-10-27 14:00'";5;55;7;4;1;good
DEBB021;"'2017-10-27 15:00'";4;53;7;3;1;good
DEBB021;"'2017-10-27 16:00'";3;50;8;2;1;good
DEBB021;"'2017-10-27 17:00'";3;50;6;2;1;good
DEBB021;"'2017-10-27 18:00'";3;49;8;3;1;good
DEBB021;"'2017-10-27 19:00'";4;51;6;3;1;good
DEBB021;"'2017-10-27 20:00'";6;47;8;5;1;good
DEBB021;"'2017-10-27 21:00'";5;48;7;4;1;good
DEBB021;"'2017-10-27 22:00'";5;43;8;4;1;good
DEBB021;"'2017-10-27 23:00'";6;38;10;5;1;good
DEBB021;"'2017-10-27 24:00'";5;40;8;5;1;good
DEBB021;"'2017-10-28 01:00'";5;45;6;4;1;good
DEBB021;"'2017-10-28 02:00'";5;48;4;4;1;good
DEBB021;"'2017-10-28 03:00'";4;56;2;4;1;good
DEBB021;"'2017-10-28 04:00'";4;56;2;4;1;good
DEBB021;"'2017-10-28 05:00'";4;59;2;4;1;good
DEBB021;"'2017-10-28 06:00'";4;58;2;4;1;good
DEBB021;"'2017-10-28 07:00'";4;57;3;3;1;good
DEBB021;"'2017-10-28 08:00'";3;58;2;3;1;good
DEBB021;"'2017-10-28 09:00'";4;55;3;3;1;good
DEBB021;"'2017-10-28 10:00'";5;55;2;4;1;good
DEBB021;"'2017-10-28 11:00'";6;53;5;5;1;good
DEBB021;"'2017-10-28 12:00'";8;51;6;7;1;good
DEBB021;"'2017-10-28 13:00'";9;50;6;8;1;good
DEBB021;"'2017-10-28 14:00'";9;51;6;7;1;good
DEBB021;"'2017-10-28 15:00'";8;53;6;7;1;good
DEBB021;"'2017-10-28 16:00'";8;52;6;7;1;good
DEBB021;"'2017-10-28 17:00'";7;55;6;6;1;good
DEBB021;"'2017-10-28 18:00'";7;56;5;6;1;good
DEBB021;"'2017-10-28 19:00'";8;54;6;7;1;good
DEBB021;"'2017-10-28 20:00'";9;53;7;7;1;good
DEBB021;"'2017-10-28 21:00'";9;50;7;8;1;good
DEBB021;"'2017-10-28 22:00'";8;50;7;8;1;good
DEBB021;"'2017-10-28 23:00'";8;46;7;7;1;good
DEBB021;"'2017-10-28 24:00'";13;40;7;14;1;good
DEBB021;"'2017-10-29 01:00'";8;37;7;8;1;good
DEBB021;"'2017-10-29 02:00'";3;41;6;3;1;good
DEBB021;"'2017-10-29 03:00'";1;50;3;1;1;good
DEBB021;"'2017-10-29 03:00'";0.9;57;2;0.9;1;good
DEBB021;"'2017-10-29 04:00'";1;61;2;0.9;1;good
DEBB021;"'2017-10-29 05:00'";0.9;70;2;0.9;1;good
DEBB021;"'2017-10-29 06:00'";3;76;2;2;1;moderate
DEBB021;"'2017-10-29 07:00'";6;79;2;4;1;moderate
DEBB021;"'2017-10-29 08:00'";6;75;2;5;1;moderate
DEBB021;"'2017-10-29 09:00'";4;72;2;4;1;good
DEBB021;"'2017-10-29 10:00'";1;70;2;1;1;good
DEBB021;"'2017-10-29 11:00'";0.9;71;2;0.9;1;good
DEBB021;"'2017-10-29 12:00'";0.9;71;2;0.9;1;good
DEBB021;"'2017-10-29 13:00'";0.9;72;2;0.9;1;good
DEBB021;"'2017-10-29 14:00'";0.9;69;3;0.9;1;good
DEBB021;"'2017-10-29 15:00'";0.9;66;3;0.9;1;good
DEBB021;"'2017-10-29 16:00'";0.9;70;2;0.9;1;good
DEBB021;"'2017-10-29 17:00'";1;68;2;0.9;1;good
DEBB021;"'2017-10-29 18:00'";3;63;4;3;1;good
DEBB021;"'2017-10-29 19:00'";5;56;6;4;1;good
DEBB021;"'2017-10-29 20:00'";4;62;3;3;1;good
DEBB021;"'2017-10-29 21:00'";4;55;3;3;1;good
DEBB021;"'2017-10-29 22:00'";5;55;2;4;1;good
DEBB021;"'2017-10-29 23:00'";5;54;2;4;1;good
DEBB021;"'2017-10-29 24:00'";5;53;2;4;1;good
DEBB021;"'2017-10-30 01:00'";5;53;2;4;1;good
DEBB021;"'2017-10-30 02:00'";6;53;2;5;1;good
DEBB021;"'2017-10-30 03:00'";7;53;2;6;1;good
DEBB021;"'2017-10-30 04:00'";8;53;2;6;1;good
DEBB021;"'2017-10-30 05:00'";6;55;2;5;1;good
DEBB021;"'2017-10-30 06:00'";5;55;2;4;1;good
DEBB021;"'2017-10-30 07:00'";6;48;7;5;1;good
DEBB021;"'2017-10-30 08:00'";6;45;8;5;1;good
DEBB021;"'2017-10-30 09:00'";5;45;8;4;1;good
DEBB021;"'2017-10-30 10:00'";4;50;5;4;1;good
DEBB021;"'2017-10-30 11:00'";4;54;4;3;1;good
DEBB021;"'2017-10-30 12:00'";3;61;5;2;1;good
DEBB021;"'2017-10-30 13:00'";3;68;2;2;1;good
DEBB021;"'2017-10-30 14:00'";3;66;3;3;1;good
DEBB021;"'2017-10-30 15:00'";5;59;6;3;1;good
DEBB021;"'2017-10-30 16:00'";4;60;8;3;1;good
DEBB021;"'2017-10-30 17:00'";5;56;11;4;1;good
DEBB021;"'2017-10-30 18:00'";6;52;11;5;1;good
DEBB021;"'2017-10-30 19:00'";9;50;12;8;1;good
DEBB021;"'2017-10-30 20:00'";8;48;12;7;1;good
DEBB021;"'2017-10-30 21:00'";10;40;16;8;1;good
DEBB021;"'2017-10-30 22:00'";14;34;19;13;1;good
DEBB021;"'2017-10-30 23:00'";37;28;22;36;1;poor
DEBB021;"'2017-10-30 24:00'";24;29;18;23;1;moderate
DEBB021;"'2017-10-31 01:00'";12;36;10;11;1;good
DEBB021;"'2017-10-31 02:00'";7;41;7;6;1;good
DEBB021;"'2017-10-31 03:00'";6;44;5;5;1;good
DEBB021;"'2017-10-31 04:00'";6;43;5;5;1;good
DEBB021;"'2017-10-31 05:00'";6;45;5;6;1;good
DEBB021;"'2017-10-31 06:00'";6;47;4;6;1;good
DEBB021;"'2017-10-31 07:00'";7;49;2;7;1;good
DEBB021;"'2017-10-31 08:00'";8;47;4;7;1;good
DEBB021;"'2017-10-31 09:00'";9;45;4;8;1;good
DEBB021;"'2017-10-31 10:00'";10;43;5;9;1;good
DEBB021;"'2017-10-31 11:00'";8;49;4;8;1;good
DEBB021;"'2017-10-31 12:00'";8;52;5;8;1;good
DEBB021;"'2017-10-31 13:00'";6;55;5;6;1;good
DEBB021;"'2017-10-31 14:00'";6;57;5;6;1;good
DEBB021;"'2017-10-31 15:00'";4;61;5;4;1;good
DEBB021;"'2017-10-31 16:00'";5;57;7;5;1;good
DEBB021;"'2017-10-31 17:00'";9;51;11;8;1;good
DEBB021;"'2017-10-31 18:00'";11;44;15;10;1;good
DEBB021;"'2017-10-31 19:00'";10;46;13;9;1;good
DEBB021;"'2017-10-31 20:00'";10;44;14;8;1;good
DEBB021;"'2017-10-31 21:00'";11;43;9;9;1;good
DEBB021;"'2017-10-31 22:00'";13;41;10;12;1;good
DEBB021;"'2017-10-31 23:00'";13;39;8;12;1;good
DEBB021;"'2017-10-31 24:00'";13;39;6;12;1;good
DEBB021;"'2017-11-01 01:00'";15;38;6;13;1;good
DEBB021;"'2017-11-01 02:00'";17;35;10;15;1;good
DEBB021;"'2017-11-01 03:00'";21;38;7;19;1;moderate
DEBB021;"'2017-11-01 04:00'";22;36;8;21;1;moderate
DEBB021;"'2017-11-01 05:00'";20;33;9;19;1;moderate
DEBB021;"'2017-11-01 06:00'";16;30;11;16;1;moderate
DEBB021;"'2017-11-01 07:00'";12;25;17;12;1;good
DEBB021;"'2017-11-01 08:00'";12;19;22;11;1;good
DEBB021;"'2017-11-01 09:00'";14;17;22;12;1;good
DEBB021;"'2017-11-01 10:00'";8;18;20;8;1;good
DEBB021;"'2017-11-01 11:00'";9;16;21;9;1;good
DEBB021;"'2017-11-01 12:00'";14;18;18;14;1;good
DEBB021;"'2017-11-01 13:00'";17;19;17;17;1;moderate
DEBB021;"'2017-11-01 14:00'";17;20;17;17;1;moderate
DEBB021;"'2017-11-01 15:00'";18;22;17;18;1;moderate
DEBB021;"'2017-11-01 16:00'";18;22;18;18;1;moderate
DEBB021;"'2017-11-01 17:00'";21;23;16;21;1;moderate
DEBB021;"'2017-11-01 18:00'";23;20;20;22;1;moderate
DEBB021;"'2017-11-01 19:00'";23;17;23;22;1;moderate
DEBB021;"'2017-11-01 20:00'";24;15;22;23;1;moderate
DEBB021;"'2017-11-01 21:00'";22;19;16;20;1;moderate
DEBB021;"'2017-11-01 22:00'";20;20;16;19;1;moderate
DEBB021;"'2017-11-01 23:00'";18;20;11;16;1;moderate
DEBB021;"'2017-11-01 24:00'";17;18;12;15;1;good
DEBB021;"'2017-11-02 01:00'";17;21;9;15;1;good
DEBB021;"'2017-11-02 02:00'";17;23;10;15;1;good
DEBB021;"'2017-11-02 03:00'";14;33;9;13;1;good
DEBB021;"'2017-11-02 04:00'";10;51;6;9;1;good
DEBB021;"'2017-11-02 05:00'";10;47;9;10;1;good
DEBB021;"'2017-11-02 06:00'";10;42;11;9;1;good
DEBB021;"'2017-11-02 07:00'";12;29;22;11;1;good
DEBB021;"'2017-11-02 08:00'";13;7;47;11;1;moderate
DEBB021;"'2017-11-02 09:00'";15;6;42;13;1;moderate
DEBB021;"'2017-11-02 10:00'";18;13;26;15;1;good
DEBB021;"'2017-11-02 11:00'";22;13;26;16;1;moderate
DEBB021;"'2017-11-02 12:00'";18;20;21;14;1;good
DEBB021;"'2017-11-02 13:00'";20;24;19;16;1;moderate
DEBB021;"'2017-11-02 14:00'";21;26;19;18;1;moderate
DEBB021;"'2017-11-02 15:00'";23;26;20;19;1;moderate
DEBB021;"'2017-11-02 16:00'";21;30;19;19;1;moderate
DEBB021;"'2017-11-02 17:00'";21;25;24;19;1;moderate
DEBB021;"'2017-11-02 18:00'";20;31;20;19;1;moderate
DEBB021;"'2017-11-02 19:00'";20;32;18;19;1;moderate
DEBB021;"'2017-11-02 20:00'";21;31;16;20;1;moderate
DEBB021;"'2017-11-02 21:00'";21;32;15;20;1;moderate
DEBB021;"'2017-11-02 22:00'";26;29;14;25;1;moderate
DEBB021;"'2017-11-02 23:00'";27;28;13;26;1;moderate
DEBB021;"'2017-11-02 24:00'";27;26;12;26;1;moderate
DEBB021;"'2017-11-03 01:00'";26;29;10;25;1;moderate
DEBB021;"'2017-11-03 02:00'";23;32;9;22;1;moderate
DEBB021;"'2017-11-03 03:00'";23;32;8;21;1;moderate
DEBB021;"'2017-11-03 04:00'";19;36;7;18;1;moderate
DEBB021;"'2017-11-03 05:00'";21;31;8;20;1;moderate
DEBB021;"'2017-11-03 06:00'";22;27;11;21;1;moderate
DEBB021;"'2017-11-03 07:00'";21;29;12;20;1;moderate
DEBB021;"'2017-11-03 08:00'";22;27;15;20;1;moderate
DEBB021;"'2017-11-03 09:00'";17;34;11;16;1;moderate
DEBB021;"'2017-11-03 10:00'";17;40;11;14;1;good
DEBB021;"'2017-11-03 11:00'";13;46;12;12;1;good
DEBB021;"'2017-11-03 12:00'";17;46;11;14;1;good
DEBB021;"'2017-11-03 13:00'";16;51;11;13;1;good
DEBB021;"'2017-11-03 14:00'";11;57;9;9;1;good
DEBB021;"'2017-11-03 15:00'";12;60;9;10;1;good
DEBB021;"'2017-11-03 16:00'";13;54;15;11;1;good
DEBB021;"'2017-11-03 17:00'";17;35;31;13;1;moderate
DEBB021;"'2017-11-03 18:00'";21;2;58;16;1;moderate
DEBB021;"'2017-11-03 19:00'";30;2;58;24;1;moderate
DEBB021;"'2017-11-03 20:00'";20;5;50;18;1;moderate
DEBB021;"'2017-11-03 21:00'";19;5;43;17;1;moderate
DEBB021;"'2017-11-03 22:00'";22;2;40;20;1;moderate
DEBB021;"'2017-11-03 23:00'";23;2;37;22;1;moderate
DEBB021;"'2017-11-03 24:00'";24;2;32;22;1;moderate
DEBB021;"'2017-11-04 01:00'";24;6;25;23;1;moderate
DEBB021;"'2017-11-04 02:00'";23;7;22;23;1;moderate
DEBB021;"'2017-11-04 03:00'";22;7;20;22;1;moderate
DEBB021;"'2017-11-04 04:00'";21;4;22;21;1;moderate
DEBB021;"'2017-11-04 05:00'";22;2;22;21;1;moderate
DEBB021;"'2017-11-04 06:00'";22;6;22;21;1;moderate
DEBB021;"'2017-11-04 07:00'";23;3;24;21;1;moderate
DEBB021;"'2017-11-04 08:00'";24;4;23;22;1;moderate
DEBB021;"'2017-11-04 09:00'";24;10;19;23;1;moderate
DEBB021;"'2017-11-04 10:00'";24;15;16;23;1;moderate
DEBB021;"'2017-11-04 11:00'";24;21;15;23;1;moderate
DEBB021;"'2017-11-04 12:00'";24;28;13;22;1;moderate
DEBB021;"'2017-11-04 13:00'";23;34;14;22;3;moderate
DEBB021;"'2017-11-04 14:00'";21;38;12;20;5;moderate
DEBB021;"'2017-11-04 15:00'";21;40;12;19;3;moderate
DEBB021;"'2017-11-04 16:00'";21;36;15;20;1;moderate
DEBB021;"'2017-11-04 17:00'";25;31;16;23;1;moderate
DEBB021;"'2017-11-04 18:00'";26;25;21;24;1;moderate
DEBB021;"'2017-11-04 19:00'";27;22;24;25;1;moderate
DEBB021;"'2017-11-04 20:00'";26;20;25;25;1;moderate
DEBB021;"'2017-11-04 21:00'";24;21;22;23;1;moderate
DEBB021;"'2017-11-04 22:00'";24;22;20;22;1;moderate
DEBB021;"'2017-11-04 23:00'";24;22;19;23;1;moderate
DEBB021;"'2017-11-04 24:00'";25;21;17;23;1;moderate
DEBB021;"'2017-11-05 01:00'";24;24;14;23;1;moderate
DEBB021;"'2017-11-05 02:00'";24;21;16;23;1;moderate
DEBB021;"'2017-11-05 03:00'";25;20;14;24;1;moderate
DEBB021;"'2017-11-05 04:00'";26;18;14;25;1;moderate
DEBB021;"'2017-11-05 05:00'";25;23;12;25;1;moderate
DEBB021;"'2017-11-05 06:00'";26;21;13;25;1;moderate
DEBB021;"'2017-11-05 07:00'";25;21;10;24;1;moderate
DEBB021;"'2017-11-05 08:00'";24;22;10;24;1;moderate
DEBB021;"'2017-11-05 09:00'";23;22;11;23;1;moderate
DEBB021;"'2017-11-05 10:00'";23;21;12;23;1;moderate
DEBB021;"'2017-11-05 11:00'";24;22;12;23;1;moderate
DEBB021;"'2017-11-05 12:00'";24;23;13;23;1;moderate
DEBB021;"'2017-11-05 13:00'";24;22;15;23;1;moderate
DEBB021;"'2017-11-05 14:00'";23;25;13;21;1;moderate
DEBB021;"'2017-11-05 15:00'";22;24;17;20;1;moderate
DEBB021;"'2017-11-05 16:00'";23;22;18;22;1;moderate
DEBB021;"'2017-11-05 17:00'";24;16;16;24;1;moderate
DEBB021;"'2017-11-05 18:00'";4;56;6;4;1;good
DEBB021;"'2017-11-05 19:00'";3;62;5;3;1;good
DEBB021;"'2017-11-05 20:00'";4;57;6;4;1;good
DEBB021;"'2017-11-05 21:00'";7;51;6;7;1;good
DEBB021;"'2017-11-05 22:00'";8;47;5;8;1;good
DEBB021;"'2017-11-05 23:00'";10;44;4;9;1;good
DEBB021;"'2017-11-05 24:00'";11;44;5;11;1;good
DEBB021;"'2017-11-06 01:00'";9;45;3;8;1;good
DEBB021;"'2017-11-06 02:00'";8;46;3;7;1;good
DEBB021;"'2017-11-06 03:00'";9;44;4;8;1;good
DEBB021;"'2017-11-06 04:00'";10;42;4;8;1;good
DEBB021;"'2017-11-06 05:00'";9;41;5;8;1;good
DEBB021;"'2017-11-06 06:00'";9;38;8;8;1;good
DEBB021;"'2017-11-06 07:00'";10;31;14;8;1;good
DEBB021;"'2017-11-06 08:00'";11;22;23;9;1;good
DEBB021;"'2017-11-06 09:00'";12;23;21;11;1;good
DEBB021;"'2017-11-06 10:00'";14;29;14;12;1;good
DEBB021;"'2017-11-06 11:00'";14;34;11;13;1;good
DEBB021;"'2017-11-06 12:00'";15;37;9;14;1;good
DEBB021;"'2017-11-06 13:00'";15;41;9;14;1;good
DEBB021;"'2017-11-06 14:00'";11;48;7;10;1;good
DEBB021;"'2017-11-06 15:00'";7;55;8;6;1;good
DEBB021;"'2017-11-06 16:00'";7;45;18;6;1;good
DEBB021;"'2017-11-06 17:00'";9;27;36;8;1;moderate
DEBB021;"'2017-11-06 18:00'";13;19;38;11;1;moderate
DEBB021;"'2017-11-06 19:00'";17;20;29;16;1;moderate
DEBB021;"'2017-11-06 20:00'";21;10;32;20;1;moderate
DEBB021;"'2017-11-06 21:00'";24;9;29;22;1;moderate
DEBB021;"'2017-11-06 22:00'";24;20;12;20;1;moderate
DEBB021;"'2017-11-06 23:00'";22;23;8;18;1;moderate
DEBB021;"'2017-11-06 24:00'";21;23;8;16;1;moderate
DEBB021;"'2017-11-07 01:00'";19;24;8;16;1;moderate
DEBB021;"'2017-11-07 02:00'";17;24;8;15;1;good
DEBB021;"'2017-11-07 03:00'";14;22;9;12;1;good
DEBB021;"'2017-11-07 04:00'";10;20;10;10;1;good
DEBB021;"'2017-11-07 05:00'";8;20;10;7;1;good
DEBB021;"'2017-11-07 06:00'";7;17;12;7;1;good
DEBB021;"'2017-11-07 07:00'";7;11;18;7;1;good
DEBB021;"'2017-11-07 08:00'";8;8;23;9;1;good
DEBB021;"'2017-11-07 09:00'";9;9;25;9;1;good
DEBB021;"'2017-11-07 10:00'";14;9;33;14;1;moderate
DEBB021;"'2017-11-07 11:00'";17;10;38;16;1;moderate
DEBB021;"'2017-11-07 12:00'";19;9;46;16;1;moderate
DEBB021;"'2017-11-07 13:00'";8;38;23;6;1;good
DEBB021;"'2017-11-07 14:00'";7;46;16;5;1;good
DEBB021;"'2017-11-07 15:00'";7;45;19;5;1;good
DEBB021;"'2017-11-07 16:00'";8;38;26;7;1;good
DEBB021;"'2017-11-07 17:00'";10;31;29;8;1;good
DEBB021;"'2017-11-07 18:00'";10;31;27;8;1;good
DEBB021;"'2017-11-07 19:00'";11;35;20;10;1;good
DEBB021;"'2017-11-07 20:00'";15;38;12;14;1;good
DEBB021;"'2017-11-07 21:00'";22;32;12;20;1;moderate
DEBB021;"'2017-11-07 22:00'";26;28;12;25;1;moderate
DEBB021;"'2017-11-07 23:00'";31;25;11;29;1;moderate
DEBB021;"'2017-11-07 24:00'";34;23;11;32;1;poor
DEBB021;"'2017-11-08 01:00'";35;22;10;32;1;poor
DEBB021;"'2017-11-08 02:00'";37;22;9;34;1;poor
DEBB021;"'2017-11-08 03:00'";37;21;10;35;1;poor
DEBB021;"'2017-11-08 04:00'";37;19;11;35;1;poor
DEBB021;"'2017-11-08 05:00'";37;16;14;36;1;poor
DEBB021;"'2017-11-08 06:00'";38;10;16;36;1;poor
DEBB021;"'2017-11-08 07:00'";39;7;21;37;1;poor
DEBB021;"'2017-11-08 08:00'";40;7;25;38;1;poor
DEBB021;"'2017-11-08 09:00'";37;19;20;36;1;poor
DEBB021;"'2017-11-08 10:00'";34;25;18;33;1;poor
DEBB021;"'2017-11-08 11:00'";32;30;15;31;3;poor
DEBB021;"'2017-11-08 12:00'";32;31;13;31;4;poor
DEBB021;"'2017-11-08 13:00'";32;31;14;31;3;poor
DEBB021;"'2017-11-08 14:00'";31;29;16;30;1;moderate
DEBB021;"'2017-11-08 15:00'";32;33;12;31;1;poor
DEBB021;"'2017-11-08 16:00'";34;24;20;32;1;poor
DEBB021;"'2017-11-08 17:00'";34;20;23;33;1;poor
DEBB021;"'2017-11-08 18:00'";34;22;18;33;1;poor
DEBB021;"'2017-11-08 19:00'";35;24;16;34;1;poor
DEBB021;"'2017-11-08 20:00'";36;28;12;35;1;poor
DEBB021;"'2017-11-08 21:00'";35;30;10;35;1;poor
DEBB021;"'2017-11-08 22:00'";36;31;9;35;1;poor
DEBB021;"'2017-11-08 23:00'";37;31;9;36;1;poor
DEBB021;"'2017-11-08 24:00'";37;32;8;37;1;poor
DEBB021;"'2017-11-09 01:00'";37;34;6;36;1;poor
DEBB021;"'2017-11-09 02:00'";37;34;6;37;1;poor
DEBB021;"'2017-11-09 03:00'";35;37;5;35;1;poor
DEBB021;"'2017-11-09 04:00'";34;40;3;34;1;poor
DEBB021;"'2017-11-09 05:00'";33;40;4;33;1;poor
DEBB021;"'2017-11-09 06:00'";33;37;8;32;1;poor
DEBB021;"'2017-11-09 07:00'";34;36;11;33;1;poor
DEBB021;"'2017-11-09 08:00'";32;38;8;31;1;poor
DEBB021;"'2017-11-09 09:00'";31;36;11;30;1;moderate
DEBB021;"'2017-11-09 10:00'";33;30;16;31;1;poor
DEBB021;"'2017-11-09 11:00'";37;25;20;33;1;poor
DEBB021;"'2017-11-09 12:00'";38;26;18;35;1;poor
DEBB021;"'2017-11-09 13:00'";36;28;16;34;1;poor
DEBB021;"'2017-11-09 14:00'";38;25;19;34;1;poor
DEBB021;"'2017-11-09 15:00'";36;24;14;33;1;poor
DEBB021;"'2017-11-09 16:00'";39;12;24;34;1;poor
DEBB021;"'2017-11-09 17:00'";43;5;28;37;1;poor
DEBB021;"'2017-11-09 18:00'";43;3;26;40;1;poor
DEBB021;"'2017-11-09 19:00'";44;7;25;42;1;poor
DEBB021;"'2017-11-09 20:00'";46;6;28;44;1;poor
DEBB021;"'2017-11-09 21:00'";44;12;26;43;1;poor
DEBB021;"'2017-11-09 22:00'";42;15;22;40;1;poor
DEBB021;"'2017-11-09 23:00'";37;20;17;36;1;poor
DEBB021;"'2017-11-09 24:00'";33;23;15;33;1;poor
DEBB021;"'2017-11-10 01:00'";30;26;12;30;1;moderate
DEBB021;"'2017-11-10 02:00'";28;26;11;28;1;moderate
DEBB021;"'2017-11-10 03:00'";25;28;10;25;1;moderate
DEBB021;"'2017-11-10 04:00'";21;32;9;21;1;moderate
DEBB021;"'2017-11-10 05:00'";19;31;9;19;1;moderate
DEBB021;"'2017-11-10 06:00'";20;25;14;20;1;moderate
DEBB021;"'2017-11-10 07:00'";20;16;24;20;1;moderate
DEBB021;"'2017-11-10 08:00'";21;13;26;20;1;moderate
DEBB021;"'2017-11-10 09:00'";20;15;23;19;1;moderate
DEBB021;"'2017-11-10 10:00'";17;16;21;17;1;moderate
DEBB021;"'2017-11-10 11:00'";18;21;17;15;1;good
DEBB021;"'2017-11-10 12:00'";18;22;17;15;1;good
DEBB021;"'2017-11-10 13:00'";15;19;20;13;1;good
DEBB021;"'2017-11-10 14:00'";13;20;18;12;1;good
DEBB021;"'2017-11-10 15:00'";11;22;17;11;1;good
DEBB021;"'2017-11-10 16:00'";9;23;18;8;1;good
DEBB021;"'2017-11-10 17:00'";8;24;17;8;1;good
DEBB021;"'2017-11-10 18:00'";7;26;15;7;1;good
DEBB021;"'2017-11-10 19:00'";6;25;15;6;1;good
DEBB021;"'2017-11-10 20:00'";5;49;10;5;1;good
DEBB021;"'2017-11-10 21:00'";5;57;7;5;1;good
DEBB021;"'2017-11-10 22:00'";4;64;3;4;1;good
DEBB021;"'2017-11-10 23:00'";5;60;6;5;1;good
DEBB021;"'2017-11-10 24:00'";3;68;2;3;1;good
DEBB021;"'2017-11-11 01:00'";4;65;2;4;1;good
DEBB021;"'2017-11-11 02:00'";3;67;2;3;1;good
DEBB021;"'2017-11-11 03:00'";4;68;2;4;1;good
DEBB021;"'2017-11-11 04:00'";4;67;2;4;1;good
DEBB021;"'2017-11-11 05:00'";5;67;2;4;1;good
DEBB021;"'2017-11-11 06:00'";5;66;2;4;1;good
DEBB021;"'2017-11-11 07:00'";5;64;3;5;1;good
DEBB021;"'2017-11-11 08:00'";5;58;9;4;1;good
DEBB021;"'2017-11-11 09:00'";6;56;9;5;1;good
DEBB021;"'2017-11-11 10:00'";6;56;9;5;1;good
DEBB021;"'2017-11-11 11:00'";6;59;7;5;1;good
DEBB021;"'2017-11-11 12:00'";7;57;9;7;1;good
DEBB021;"'2017-11-11 13:00'";8;55;10;7;1;good
DEBB021;"'2017-11-11 14:00'";8;53;11;7;1;good
DEBB021;"'2017-11-11 15:00'";6;54;11;6;1;good
DEBB021;"'2017-11-11 16:00'";5;46;15;5;1;good
DEBB021;"'2017-11-11 17:00'";6;43;15;6;1;good
DEBB021;"'2017-11-11 18:00'";7;41;17;7;1;good
DEBB021;"'2017-11-11 19:00'";7;46;16;7;1;good
DEBB021;"'2017-11-11 20:00'";8;49;12;8;1;good
DEBB021;"'2017-11-11 21:00'";7;56;8;7;1;good
DEBB021;"'2017-11-11 22:00'";7;58;9;7;1;good
DEBB021;"'2017-11-11 23:00'";10;46;11;10;1;good
DEBB021;"'2017-11-11 24:00'";11;49;6;11;1;good
DEBB021;"'2017-11-12 01:00'";11;53;4;11;1;good
DEBB021;"'2017-11-12 02:00'";11;51;6;11;1;good
DEBB021;"'2017-11-12 03:00'";10;52;3;10;1;good
DEBB021;"'2017-11-12 04:00'";11;50;5;11;1;good
DEBB021;"'2017-11-12 05:00'";12;48;6;12;1;good
DEBB021;"'2017-11-12 06:00'";12;46;7;12;1;good
DEBB021;"'2017-11-12 07:00'";12;43;9;11;1;good
DEBB021;"'2017-11-12 08:00'";11;42;9;11;1;good
DEBB021;"'2017-11-12 09:00'";9;46;9;9;1;good
DEBB021;"'2017-11-12 10:00'";9;46;10;8;1;good
DEBB021;"'2017-11-12 11:00'";8;44;13;7;1;good
DEBB021;"'2017-11-12 12:00'";7;45;10;6;1;good
DEBB021;"'2017-11-12 13:00'";7;47;9;6;1;good
DEBB021;"'2017-11-12 14:00'";8;49;9;6;1;good
DEBB021;"'2017-11-12 15:00'";10;38;17;9;1;good
DEBB021;"'2017-11-12 16:00'";10;37;13;9;1;good
DEBB021;"'2017-11-12 17:00'";11;34;13;10;1;good
DEBB021;"'2017-11-12 18:00'";14;23;23;12;1;good
DEBB021;"'2017-11-12 19:00'";17;21;24;15;1;good
DEBB021;"'2017-11-12 20:00'";20;15;28;18;1;moderate
DEBB021;"'2017-11-12 21:00'";23;11;31;22;1;moderate
DEBB021;"'2017-11-12 22:00'";24;7;31;23;1;moderate
DEBB021;"'2017-11-12 23:00'";23;8;28;22;1;moderate
DEBB021;"'2017-11-12 24:00'";19;18;20;19;1;moderate
DEBB021;"'2017-11-13 01:00'";10;42;5;10;1;good
DEBB021;"'2017-11-13 02:00'";7;47;2;7;1;good
DEBB021;"'2017-11-13 03:00'";10;41;5;10;1;good
DEBB021;"'2017-11-13 04:00'";12;35;7;12;1;good
DEBB021;"'2017-11-13 05:00'";13;32;7;13;1;good
DEBB021;"'2017-11-13 06:00'";13;33;7;13;1;good
DEBB021;"'2017-11-13 07:00'";13;27;14;13;1;good
DEBB021;"'2017-11-13 08:00'";14;23;20;14;1;good
DEBB021;"'2017-11-13 09:00'";13;31;16;13;1;good
DEBB021;"'2017-11-13 10:00'";11;39;10;11;1;good
DEBB021;"'2017-11-13 11:00'";10;40;10;9;1;good
DEBB021;"'2017-11-13 12:00'";10;39;11;10;1;good
DEBB021;"'2017-11-13 13:00'";9;40;10;9;1;good
DEBB021;"'2017-11-13 14:00'";8;42;8;8;1;good
DEBB021;"'2017-11-13 15:00'";7;40;10;6;1;good
DEBB021;"'2017-11-13 16:00'";6;38;11;5;1;good
DEBB021;"'2017-11-13 17:00'";7;31;18;6;1;good
DEBB021;"'2017-11-13 18:00'";10;27;18;9;1;good
DEBB021;"'2017-11-13 19:00'";13;24;19;12;1;good
DEBB021;"'2017-11-13 20:00'";10;25;17;10;1;good
DEBB021;"'2017-11-13 21:00'";9;24;16;8;1;good
DEBB021;"'2017-11-13 22:00'";10;19;19;10;1;good
DEBB021;"'2017-11-13 23:00'";14;12;23;13;1;good
DEBB021;"'2017-11-13 24:00'";12;15;20;12;1;good
DEBB021;"'2017-11-14 01:00'";11;11;20;10;1;good
DEBB021;"'2017-11-14 02:00'";12;10;18;11;1;good
DEBB021;"'2017-11-14 03:00'";14;9;16;13;1;good
DEBB021;"'2017-11-14 04:00'";14;6;21;14;1;good
DEBB021;"'2017-11-14 05:00'";14;2;23;14;1;good
DEBB021;"'2017-11-14 06:00'";15;2;21;14;1;good
DEBB021;"'2017-11-14 07:00'";17;2;26;15;1;good
DEBB021;"'2017-11-14 08:00'";21;3;33;17;1;moderate
DEBB021;"'2017-11-14 09:00'";22;8;27;19;1;moderate
DEBB021;"'2017-11-14 10:00'";17;13;23;17;1;moderate
DEBB021;"'2017-11-14 11:00'";20;16;22;18;1;moderate
DEBB021;"'2017-11-14 12:00'";20;18;21;17;1;moderate
DEBB021;"'2017-11-14 13:00'";17;23;19;15;1;good
DEBB021;"'2017-11-14 14:00'";12;33;19;10;1;good
DEBB021;"'2017-11-14 15:00'";10;38;19;6;1;good
DEBB021;"'2017-11-14 16:00'";9;42;17;6;1;good
DEBB021;"'2017-11-14 17:00'";7;40;20;6;1;good
DEBB021;"'2017-11-14 18:00'";7;39;18;6;1;good
DEBB021;"'2017-11-14 19:00'";8;39;17;6;1;good
DEBB021;"'2017-11-14 20:00'";8;42;13;7;1;good
DEBB021;"'2017-11-14 21:00'";9;39;14;8;1;good
DEBB021;"'2017-11-14 22:00'";9;39;12;8;1;good
DEBB021;"'2017-11-14 23:00'";12;36;12;11;1;good
DEBB021;"'2017-11-14 24:00'";15;31;15;14;1;good
DEBB021;"'2017-11-15 01:00'";14;28;15;13;1;good
DEBB021;"'2017-11-15 02:00'";14;23;17;13;1;good
DEBB021;"'2017-11-15 03:00'";16;21;18;15;1;good
DEBB021;"'2017-11-15 04:00'";17;18;18;15;1;good
DEBB021;"'2017-11-15 05:00'";16;19;13;15;1;good
DEBB021;"'2017-11-15 06:00'";17;16;15;16;1;moderate
DEBB021;"'2017-11-15 07:00'";18;9;23;17;1;moderate
DEBB021;"'2017-11-15 08:00'";20;7;26;18;1;moderate
DEBB021;"'2017-11-15 09:00'";20;7;24;18;1;moderate
DEBB021;"'2017-11-15 10:00'";19;10;22;17;1;moderate
DEBB021;"'2017-11-15 11:00'";19;12;20;16;1;moderate
DEBB021;"'2017-11-15 12:00'";16;12;21;14;1;good
DEBB021;"'2017-11-15 13:00'";15;13;21;13;1;good
DEBB021;"'2017-11-15 14:00'";17;13;20;14;1;good
DEBB021;"'2017-11-15 15:00'";12;15;21;11;1;good
DEBB021;"'2017-11-15 16:00'";15;8;31;13;1;moderate
DEBB021;"'2017-11-15 17:00'";13;6;32;12;1;moderate
DEBB021;"'2017-11-15 18:00'";14;3;33;14;1;moderate
DEBB021;"'2017-11-15 19:00'";18;5;27;16;1;moderate
DEBB021;"'2017-11-15 20:00'";18;3;28;17;1;moderate
DEBB021;"'2017-11-15 21:00'";20;5;28;19;1;moderate
DEBB021;"'2017-11-15 22:00'";22;7;27;21;1;moderate
DEBB021;"'2017-11-15 23:00'";23;7;25;22;1;moderate
DEBB021;"'2017-11-15 24:00'";25;6;24;23;1;moderate
DEBB021;"'2017-11-16 01:00'";27;6;22;24;1;moderate
DEBB021;"'2017-11-16 02:00'";32;6;22;24;1;moderate
DEBB021;"'2017-11-16 03:00'";32;7;19;25;1;moderate
DEBB021;"'2017-11-16 04:00'";29;6;19;26;1;moderate
DEBB021;"'2017-11-16 05:00'";25;6;19;24;1;moderate
DEBB021;"'2017-11-16 06:00'";26;6;20;25;1;moderate
DEBB021;"'2017-11-16 07:00'";32;2;22;27;1;moderate
DEBB021;"'2017-11-16 08:00'";29;2;23;23;1;moderate
DEBB021;"'2017-11-16 09:00'";21;2;21;20;1;moderate
DEBB021;"'2017-11-16 10:00'";20;4;20;20;1;moderate
DEBB021;"'2017-11-16 11:00'";25;10;19;24;1;moderate
DEBB021;"'2017-11-16 12:00'";27;13;20;25;1;moderate
DEBB021;"'2017-11-16 13:00'";23;14;17;22;1;moderate
DEBB021;"'2017-11-16 14:00'";25;15;18;23;1;moderate
DEBB021;"'2017-11-16 15:00'";26;12;24;24;1;moderate
DEBB021;"'2017-11-16 16:00'";23;12;23;22;1;moderate
DEBB021;"'2017-11-16 17:00'";21;15;22;21;1;moderate
DEBB021;"'2017-11-16 18:00'";23;8;31;22;1;moderate
DEBB021;"'2017-11-16 19:00'";23;6;32;22;1;moderate
DEBB021;"'2017-11-16 20:00'";25;3;30;23;1;moderate
DEBB021;"'2017-11-16 21:00'";23;6;28;22;3;moderate
DEBB021;"'2017-11-16 22:00'";22;13;24;22;4;moderate
DEBB021;"'2017-11-16 23:00'";23;12;23;23;4;moderate
DEBB021;"'2017-11-16 24:00'";24;13;18;23;2;moderate
DEBB021;"'2017-11-17 01:00'";22;17;12;22;1;moderate
DEBB021;"'2017-11-17 02:00'";20;19;9;20;1;moderate
DEBB021;"'2017-11-17 03:00'";19;20;8;19;1;moderate
DEBB021;"'2017-11-17 04:00'";18;16;13;18;1;moderate
DEBB021;"'2017-11-17 05:00'";19;14;15;19;1;moderate
DEBB021;"'2017-11-17 06:00'";21;11;18;21;1;moderate
DEBB021;"'2017-11-17 07:00'";21;10;21;20;1;moderate
DEBB021;"'2017-11-17 08:00'";20;11;28;19;1;moderate
DEBB021;"'2017-11-17 09:00'";19;12;34;16;1;moderate
DEBB021;"'2017-11-17 10:00'";15;27;18;14;1;good
DEBB021;"'2017-11-17 11:00'";12;45;11;10;1;good
DEBB021;"'2017-11-17 12:00'";12;58;8;9;1;good
DEBB021;"'2017-11-17 13:00'";16;65;10;9;1;good
DEBB021;"'2017-11-17 14:00'";14;67;8;9;1;good
DEBB021;"'2017-11-17 15:00'";13;67;9;8;1;good
DEBB021;"'2017-11-17 16:00'";15;58;18;9;1;good
DEBB021;"'2017-11-17 17:00'";19;25;54;10;1;moderate
DEBB021;"'2017-11-17 18:00'";16;20;43;11;1;moderate
DEBB021;"'2017-11-17 19:00'";17;21;36;13;1;moderate
DEBB021;"'2017-11-17 20:00'";18;18;35;13;1;moderate
DEBB021;"'2017-11-17 21:00'";17;16;37;13;1;moderate
DEBB021;"'2017-11-17 22:00'";16;19;33;12;1;moderate
DEBB021;"'2017-11-17 23:00'";15;28;23;12;1;good
DEBB021;"'2017-11-17 24:00'";14;31;18;11;1;good
DEBB021;"'2017-11-18 01:00'";15;30;16;12;1;good
DEBB021;"'2017-11-18 02:00'";15;24;20;12;1;good
DEBB021;"'2017-11-18 03:00'";13;36;13;10;1;good
DEBB021;"'2017-11-18 04:00'";11;43;10;9;1;good
DEBB021;"'2017-11-18 05:00'";10;43;8;8;1;good
DEBB021;"'2017-11-18 06:00'";9;42;11;7;1;good
DEBB021;"'2017-11-18 07:00'";9;41;12;7;1;good
DEBB021;"'2017-11-18 08:00'";10;38;13;8;1;good
DEBB021;"'2017-11-18 09:00'";10;41;11;9;1;good
DEBB021;"'2017-11-18 10:00'";12;41;12;10;1;good
DEBB021;"'2017-11-18 11:00'";12;42;13;11;1;good
DEBB021;"'2017-11-18 12:00'";12;44;12;11;1;good
DEBB021;"'2017-11-18 13:00'";12;48;11;10;1;good
DEBB021;"'2017-11-18 14:00'";12;52;9;10;1;good
DEBB021;"'2017-11-18 15:00'";11;53;9;9;1;good
DEBB021;"'2017-11-18 16:00'";9;52;10;8;1;good
DEBB021;"'2017-11-18 17:00'";9;51;11;8;1;good
DEBB021;"'2017-11-18 18:00'";9;46;13;9;1;good
DEBB021;"'2017-11-18 19:00'";10;43;15;11;1;good
DEBB021;"'2017-11-18 20:00'";10;46;13;11;1;good
DEBB021;"'2017-11-18 21:00'";12;49;10;13;1;good
DEBB021;"'2017-11-18 22:00'";11;50;9;11;1;good
DEBB021;"'2017-11-18 23:00'";9;52;7;9;1;good
DEBB021;"'2017-11-18 24:00'";9;53;7;9;1;good
DEBB021;"'2017-11-19 01:00'";7;51;7;7;1;good
DEBB021;"'2017-11-19 02:00'";7;50;6;7;1;good
DEBB021;"'2017-11-19 03:00'";7;50;4;6;1;good
DEBB021;"'2017-11-19 04:00'";6;51;5;5;1;good
DEBB021;"'2017-11-19 05:00'";6;53;4;5;1;good
DEBB021;"'2017-11-19 06:00'";6;56;3;5;1;good
DEBB021;"'2017-11-19 07:00'";7;56;4;6;1;good
DEBB021;"'2017-11-19 08:00'";6;55;5;6;1;good
DEBB021;"'2017-11-19 09:00'";6;54;5;6;1;good
DEBB021;"'2017-11-19 10:00'";5;57;3;5;1;good
DEBB021;"'2017-11-19 11:00'";4;58;2;4;1;good
DEBB021;"'2017-11-19 12:00'";4;58;3;4;1;good
DEBB021;"'2017-11-19 13:00'";3;59;3;3;1;good
DEBB021;"'2017-11-19 14:00'";3;60;2;3;1;good
DEBB021;"'2017-11-19 15:00'";3;59;3;3;1;good
DEBB021;"'2017-11-19 16:00'";3;61;5;3;1;good
DEBB021;"'2017-11-19 17:00'";3;61;5;3;1;good
DEBB021;"'2017-11-19 18:00'";3;65;2;3;1;good
DEBB021;"'2017-11-19 19:00'";3;63;2;3;1;good
DEBB021;"'2017-11-19 20:00'";3;64;2;3;1;good
DEBB021;"'2017-11-19 21:00'";4;60;3;4;1;good
DEBB021;"'2017-11-19 22:00'";4;62;2;3;1;good
DEBB021;"'2017-11-19 23:00'";3;61;2;3;1;good
DEBB021;"'2017-11-19 24:00'";4;60;2;3;1;good
DEBB021;"'2017-11-20 01:00'";4;58;2;3;1;good
DEBB021;"'2017-11-20 02:00'";4;55;4;3;1;good
DEBB021;"'2017-11-20 03:00'";3;53;5;3;1;good
DEBB021;"'2017-11-20 04:00'";4;48;7;4;1;good
DEBB021;"'2017-11-20 05:00'";4;49;5;4;1;good
DEBB021;"'2017-11-20 06:00'";3;52;3;3;1;good
DEBB021;"'2017-11-20 07:00'";4;50;8;4;1;good
DEBB021;"'2017-11-20 08:00'";5;50;10;5;1;good
DEBB021;"'2017-11-20 09:00'";7;46;13;7;1;good
DEBB021;"'2017-11-20 10:00'";7;44;11;6;1;good
DEBB021;"'2017-11-20 11:00'";6;48;8;6;1;good
DEBB021;"'2017-11-20 12:00'";8;49;9;7;1;good
DEBB021;"'2017-11-20 13:00'";6;49;10;6;1;good
DEBB021;"'2017-11-20 14:00'";6;48;12;6;1;good
DEBB021;"'2017-11-20 15:00'";4;50;11;4;1;good
DEBB021;"'2017-11-20 16:00'";3;43;13;3;1;good
DEBB021;"'2017-11-20 17:00'";4;33;16;4;1;good
DEBB021;"'2017-11-20 18:00'";15;31;19;15;1;good
DEBB021;"'2017-11-20 19:00'";20;22;26;21;1;moderate
DEBB021;"'2017-11-20 20:00'";20;19;27;20;1;moderate
DEBB021;"'2017-11-20 21:00'";16;29;21;16;1;moderate
DEBB021;"'2017-11-20 22:00'";13;31;15;13;1;good
DEBB021;"'2017-11-20 23:00'";14;24;16;15;1;good
DEBB021;"'2017-11-20 24:00'";11;30;10;11;1;good
DEBB021;"'2017-11-21 01:00'";13;28;10;13;1;good
DEBB021;"'2017-11-21 02:00'";13;26;10;14;1;good
DEBB021;"'2017-11-21 03:00'";13;26;9;13;1;good
DEBB021;"'2017-11-21 04:00'";13;26;8;13;1;good
DEBB021;"'2017-11-21 05:00'";13;23;9;13;1;good
DEBB021;"'2017-11-21 06:00'";13;19;11;14;1;good
DEBB021;"'2017-11-21 07:00'";14;10;23;14;1;good
DEBB021;"'2017-11-21 08:00'";13;5;30;13;1;good
DEBB021;"'2017-11-21 09:00'";13;6;25;13;1;good
DEBB021;"'2017-11-21 10:00'";14;5;28;14;1;good
DEBB021;"'2017-11-21 11:00'";14;7;26;14;1;good
DEBB021;"'2017-11-21 12:00'";12;7;25;12;1;good
DEBB021;"'2017-11-21 13:00'";9;8;24;9;1;good
DEBB021;"'2017-11-21 14:00'";9;8;22;9;1;good
DEBB021;"'2017-11-21 15:00'";9;6;25;9;1;good
DEBB021;"'2017-11-21 16:00'";12;3;28;10;1;good
DEBB021;"'2017-11-21 17:00'";10;2;30;10;1;good
DEBB021;"'2017-11-21 18:00'";10;2;28;10;1;good
DEBB021;"'2017-11-21 19:00'";11;2;27;11;1;good
DEBB021;"'2017-11-21 20:00'";9;2;26;9;1;good
DEBB021;"'2017-11-21 21:00'";7;2;25;7;1;good
DEBB021;"'2017-11-21 22:00'";5;2;23;5;1;good
DEBB021;"'2017-11-21 23:00'";5;2;22;5;1;good
DEBB021;"'2017-11-21 24:00'";5;2;21;5;1;good
DEBB021;"'2017-11-22 01:00'";4;2;20;4;1;good
DEBB021;"'2017-11-22 02:00'";6;2;19;6;1;good
DEBB021;"'2017-11-22 03:00'";10;22;12;9;1;good
DEBB021;"'2017-11-22 04:00'";7;35;6;7;1;good
DEBB021;"'2017-11-22 05:00'";10;36;5;10;1;good
DEBB021;"'2017-11-22 06:00'";14;37;5;13;1;good
DEBB021;"'2017-11-22 07:00'";13;36;8;12;1;good
DEBB021;"'2017-11-22 08:00'";12;33;12;12;1;good
DEBB021;"'2017-11-22 09:00'";13;29;15;12;1;good
DEBB021;"'2017-11-22 10:00'";13;29;14;11;1;good
DEBB021;"'2017-11-22 11:00'";13;29;14;11;1;good
DEBB021;"'2017-11-22 12:00'";13;31;13;10;1;good
DEBB021;"'2017-11-22 13:00'";12;34;11;10;1;good
DEBB021;"'2017-11-22 14:00'";13;35;12;11;1;good
DEBB021;"'2017-11-22 15:00'";13;33;14;11;1;good
DEBB021;"'2017-11-22 16:00'";13;31;17;11;1;good
DEBB021;"'2017-11-22 17:00'";12;28;20;11;1;good
DEBB021;"'2017-11-22 18:00'";13;30;17;12;1;good
DEBB021;"'2017-11-22 19:00'";15;24;20;13;1;good
DEBB021;"'2017-11-22 20:00'";14;20;22;13;1;good
DEBB021;"'2017-11-22 21:00'";15;17;18;14;1;good
DEBB021;"'2017-11-22 22:00'";17;12;20;15;1;good
DEBB021;"'2017-11-22 23:00'";18;13;18;16;1;moderate
DEBB021;"'2017-11-22 24:00'";17;16;17;16;1;moderate
DEBB021;"'2017-11-23 01:00'";16;22;13;15;1;good
DEBB021;"'2017-11-23 02:00'";15;23;13;13;1;good
DEBB021;"'2017-11-23 03:00'";15;20;13;13;1;good
DEBB021;"'2017-11-23 04:00'";13;22;12;11;1;good
DEBB021;"'2017-11-23 05:00'";13;21;13;11;1;good
DEBB021;"'2017-11-23 06:00'";12;17;17;9;1;good
DEBB021;"'2017-11-23 07:00'";10;20;18;8;1;good
DEBB021;"'2017-11-23 08:00'";10;14;26;8;1;good
DEBB021;"'2017-11-23 09:00'";9;15;26;7;1;good
DEBB021;"'2017-11-23 10:00'";9;21;20;7;1;good
DEBB021;"'2017-11-23 11:00'";9;22;20;7;1;good
DEBB021;"'2017-11-23 12:00'";10;23;22;7;1;good
DEBB021;"'2017-11-23 13:00'";10;25;22;7;1;good
DEBB021;"'2017-11-23 14:00'";10;29;25;7;1;good
DEBB021;"'2017-11-23 15:00'";10;26;32;7;1;moderate
DEBB021;"'2017-11-23 16:00'";10;31;28;7;1;good
DEBB021;"'2017-11-23 17:00'";11;32;28;7;1;good
DEBB021;"'2017-11-23 18:00'";11;39;20;8;1;good
DEBB021;"'2017-11-23 19:00'";11;39;20;8;1;good
DEBB021;"'2017-11-23 20:00'";12;40;18;9;1;good
DEBB021;"'2017-11-23 21:00'";11;41;16;9;1;good
DEBB021;"'2017-11-23 22:00'";10;39;16;8;1;good
DEBB021;"'2017-11-23 23:00'";11;36;18;9;1;good
DEBB021;"'2017-11-23 24:00'";11;35;17;9;1;good
DEBB021;"'2017-11-24 01:00'";11;36;14;9;1;good
DEBB021;"'2017-11-24 02:00'";11;31;15;9;1;good
DEBB021;"'2017-11-24 03:00'";11;31;15;9;1;good
DEBB021;"'2017-11-24 04:00'";10;36;12;8;1;good
DEBB021;"'2017-11-24 05:00'";10;30;13;9;1;good
DEBB021;"'2017-11-24 06:00'";13;15;26;11;1;good
DEBB021;"'2017-11-24 07:00'";15;8;31;12;1;moderate
DEBB021;"'2017-11-24 08:00'";15;8;34;12;1;moderate
DEBB021;"'2017-11-24 09:00'";14;13;30;12;1;good
DEBB021;"'2017-11-24 10:00'";14;23;23;11;1;good
DEBB021;"'2017-11-24 11:00'";13;34;18;10;1;good
DEBB021;"'2017-11-24 12:00'";14;46;15;10;1;good
DEBB021;"'2017-11-24 13:00'";12;50;14;9;1;good
DEBB021;"'2017-11-24 14:00'";12;44;15;9;1;good
DEBB021;"'2017-11-24 15:00'";5;42;14;4;1;good
DEBB021;"'2017-11-24 16:00'";7;39;16;7;1;good
DEBB021;"'2017-11-24 17:00'";7;40;22;7;1;good
DEBB021;"'2017-11-24 18:00'";12;40;16;11;1;good
DEBB021;"'2017-11-24 19:00'";11;34;19;11;1;good
DEBB021;"'2017-11-24 20:00'";15;28;25;15;1;good
DEBB021;"'2017-11-24 21:00'";14;26;21;14;1;good
DEBB021;"'2017-11-24 22:00'";15;22;22;15;1;good
DEBB021;"'2017-11-24 23:00'";16;15;27;15;1;good
DEBB021;"'2017-11-24 24:00'";14;20;17;13;1;good
DEBB021;"'2017-11-25 01:00'";14;12;25;14;1;good
DEBB021;"'2017-11-25 02:00'";15;11;24;15;1;good
DEBB021;"'2017-11-25 03:00'";15;6;26;15;1;good
DEBB021;"'2017-11-25 04:00'";15;2;29;15;1;good
DEBB021;"'2017-11-25 05:00'";14;4;24;14;1;good
DEBB021;"'2017-11-25 06:00'";14;7;23;14;1;good
DEBB021;"'2017-11-25 07:00'";15;2;32;14;1;moderate
DEBB021;"'2017-11-25 08:00'";15;2;37;15;1;moderate
DEBB021;"'2017-11-25 09:00'";11;17;29;11;1;good
DEBB021;"'2017-11-25 10:00'";11;19;30;11;1;good
DEBB021;"'2017-11-25 11:00'";8;26;20;8;1;good
DEBB021;"'2017-11-25 12:00'";4;28;16;4;1;good
DEBB021;"'2017-11-25 13:00'";3;42;10;3;1;good
DEBB021;"'2017-11-25 14:00'";0.9;43;8;0.9;1;good
DEBB021;"'2017-11-25 15:00'";0.9;46;7;0.9;1;good
DEBB021;"'2017-11-25 16:00'";0.9;51;8;0.9;1;good
DEBB021;"'2017-11-25 17:00'";2;53;11;2;1;good
DEBB021;"'2017-11-25 18:00'";6;49;13;6;1;good
DEBB021;"'2017-11-25 19:00'";8;40;15;8;1;good
DEBB021;"'2017-11-25 20:00'";11;41;9;11;1;good
DEBB021;"'2017-11-25 21:00'";13;37;8;13;1;good
DEBB021;"'2017-11-25 22:00'";14;30;11;13;1;good
DEBB021;"'2017-11-25 23:00'";16;22;15;15;1;good
DEBB021;"'2017-11-25 24:00'";18;21;18;18;1;moderate
DEBB021;"'2017-11-26 01:00'";19;21;18;19;1;moderate
DEBB021;"'2017-11-26 02:00'";20;22;17;19;1;moderate
DEBB021;"'2017-11-26 03:00'";21;22;17;21;1;moderate
DEBB021;"'2017-11-26 04:00'";22;25;12;22;1;moderate
DEBB021;"'2017-11-26 05:00'";22;28;11;22;1;moderate
DEBB021;"'2017-11-26 06:00'";19;30;11;19;1;moderate
DEBB021;"'2017-11-26 07:00'";19;33;8;19;1;moderate
DEBB021;"'2017-11-26 08:00'";20;31;8;20;1;moderate
DEBB021;"'2017-11-26 09:00'";17;31;11;17;1;moderate
DEBB021;"'2017-11-26 10:00'";15;34;7;15;1;good
DEBB021;"'2017-11-26 11:00'";14;37;8;14;1;good
DEBB021;"'2017-11-26 12:00'";13;39;8;13;1;good
DEBB021;"'2017-11-26 13:00'";13;42;6;13;1;good
DEBB021;"'2017-11-26 14:00'";11;42;7;11;1;good
DEBB021;"'2017-11-26 15:00'";10;39;9;9;1;good
DEBB021;"'2017-11-26 16:00'";8;40;10;8;1;good
DEBB021;"'2017-11-26 17:00'";7;40;10;7;1;good
DEBB021;"'2017-11-26 18:00'";7;39;9;7;1;good
DEBB021;"'2017-11-26 19:00'";9;35;9;9;1;good
DEBB021;"'2017-11-26 20:00'";8;35;9;8;1;good
DEBB021;"'2017-11-26 21:00'";8;37;8;8;1;good
DEBB021;"'2017-11-26 22:00'";9;37;8;9;1;good
DEBB021;"'2017-11-26 23:00'";10;38;8;10;1;good
DEBB021;"'2017-11-26 24:00'";11;38;8;11;1;good
DEBB021;"'2017-11-27 01:00'";11;40;7;11;1;good
DEBB021;"'2017-11-27 02:00'";12;41;7;12;1;good
DEBB021;"'2017-11-27 03:00'";12;41;6;12;1;good
DEBB021;"'2017-11-27 04:00'";12;41;7;12;1;good
DEBB021;"'2017-11-27 05:00'";11;41;8;10;1;good
DEBB021;"'2017-11-27 06:00'";10;39;10;9;1;good
DEBB021;"'2017-11-27 07:00'";11;30;14;11;1;good
DEBB021;"'2017-11-27 08:00'";14;25;19;13;1;good
DEBB021;"'2017-11-27 09:00'";14;26;21;13;1;good
DEBB021;"'2017-11-27 10:00'";12;30;20;11;1;good
DEBB021;"'2017-11-27 11:00'";10;34;16;9;1;good
DEBB021;"'2017-11-27 12:00'";9;37;14;8;1;good
DEBB021;"'2017-11-27 13:00'";8;46;10;7;1;good
DEBB021;"'2017-11-27 14:00'";7;44;15;5;1;good
DEBB021;"'2017-11-27 15:00'";6;47;13;5;1;good
DEBB021;"'2017-11-27 16:00'";6;45;15;5;1;good
DEBB021;"'2017-11-27 17:00'";6;44;15;5;1;good
DEBB021;"'2017-11-27 18:00'";5;42;16;5;1;good
DEBB021;"'2017-11-27 19:00'";5;41;13;5;1;good
DEBB021;"'2017-11-27 20:00'";4;39;12;4;1;good
DEBB021;"'2017-11-27 21:00'";2;39;11;2;1;good
DEBB021;"'2017-11-27 22:00'";2;40;9;1;1;good
DEBB021;"'2017-11-27 23:00'";2;40;8;1;1;good
DEBB021;"'2017-11-27 24:00'";0.9;42;6;0.9;1;good
DEBB021;"'2017-11-28 01:00'";0.9;42;5;0.9;1;good
DEBB021;"'2017-11-28 02:00'";0.9;42;5;0.9;1;good
DEBB021;"'2017-11-28 03:00'";0.9;44;4;0.9;1;good
DEBB021;"'2017-11-28 04:00'";0.9;44;3;0.9;1;good
DEBB021;"'2017-11-28 05:00'";0.9;46;4;0.9;1;good
DEBB021;"'2017-11-28 06:00'";0.9;47;5;0.9;1;good
DEBB021;"'2017-11-28 07:00'";2;42;11;1;1;good
DEBB021;"'2017-11-28 08:00'";1;38;16;0.9;1;good
DEBB021;"'2017-11-28 09:00'";3;32;18;3;1;good
DEBB021;"'2017-11-28 10:00'";3;36;15;3;1;good
DEBB021;"'2017-11-28 11:00'";2;38;14;2;1;good
DEBB021;"'2017-11-28 12:00'";2;41;12;2;1;good
DEBB021;"'2017-11-28 13:00'";3;40;13;2;1;good
DEBB021;"'2017-11-28 14:00'";4;46;11;3;1;good
DEBB021;"'2017-11-28 15:00'";4;40;16;3;1;good
DEBB021;"'2017-11-28 16:00'";4;38;20;3;1;good
DEBB021;"'2017-11-28 17:00'";4;34;23;3;1;good
DEBB021;"'2017-11-28 18:00'";4;37;19;3;1;good
DEBB021;"'2017-11-28 19:00'";5;40;17;4;1;good
DEBB021;"'2017-11-28 20:00'";5;39;18;5;1;good
DEBB021;"'2017-11-28 21:00'";5;43;13;4;1;good
DEBB021;"'2017-11-28 22:00'";6;43;12;5;1;good
DEBB021;"'2017-11-28 23:00'";7;43;10;7;1;good
DEBB021;"'2017-11-28 24:00'";8;41;10;8;1;good
DEBB021;"'2017-11-29 01:00'";8;42;9;8;1;good
DEBB021;"'2017-11-29 02:00'";8;39;10;8;1;good
DEBB021;"'2017-11-29 03:00'";8;39;9;8;1;good
DEBB021;"'2017-11-29 04:00'";8;37;11;8;1;good
DEBB021;"'2017-11-29 05:00'";9;32;13;8;1;good
DEBB021;"'2017-11-29 06:00'";10;27;17;9;1;good
DEBB021;"'2017-11-29 07:00'";11;17;25;11;1;good
DEBB021;"'2017-11-29 08:00'";13;15;29;12;1;good
DEBB021;"'2017-11-29 09:00'";15;12;32;13;1;moderate
DEBB021;"'2017-11-29 10:00'";15;19;26;14;1;good
DEBB021;"'2017-11-29 11:00'";15;25;24;14;1;good
DEBB021;"'2017-11-29 12:00'";15;29;21;13;1;good
DEBB021;"'2017-11-29 13:00'";14;31;17;12;1;good
DEBB021;"'2017-11-29 14:00'";12;36;17;11;1;good
DEBB021;"'2017-11-29 15:00'";14;26;24;13;1;good
DEBB021;"'2017-11-29 16:00'";17;16;38;14;1;moderate
DEBB021;"'2017-11-29 17:00'";22;6;48;18;1;moderate
DEBB021;"'2017-11-29 18:00'";20;7;41;19;1;moderate
DEBB021;"'2017-11-29 19:00'";21;6;41;20;1;moderate
DEBB021;"'2017-11-29 20:00'";23;2;43;21;1;moderate
DEBB021;"'2017-11-29 21:00'";25;2;43;23;1;moderate
DEBB021;"'2017-11-29 22:00'";25;2;46;23;1;moderate
DEBB021;"'2017-11-29 23:00'";26;2;41;24;1;moderate
DEBB021;"'2017-11-29 24:00'";23;2;39;22;1;moderate
DEBB021;"'2017-11-30 01:00'";23;2;36;23;1;moderate
DEBB021;"'2017-11-30 02:00'";23;3;31;23;1;moderate
DEBB021;"'2017-11-30 03:00'";22;2;28;22;1;moderate
DEBB021;"'2017-11-30 04:00'";20;2;27;20;1;moderate
DEBB021;"'2017-11-30 05:00'";21;2;25;21;1;moderate
DEBB021;"'2017-11-30 06:00'";20;2;24;21;1;moderate
DEBB021;"'2017-11-30 07:00'";20;2;26;20;1;moderate
DEBB021;"'2017-11-30 08:00'";19;2;31;20;1;moderate
DEBB021;"'2017-11-30 09:00'";21;2;27;20;1;moderate
DEBB021;"'2017-11-30 10:00'";23;3;27;21;1;moderate
DEBB021;"'2017-11-30 11:00'";26;8;24;26;1;moderate
DEBB021;"'2017-11-30 12:00'";27;16;22;26;3;moderate
DEBB021;"'2017-11-30 13:00'";26;18;23;25;4;moderate
DEBB021;"'2017-11-30 14:00'";30;15;25;29;3;moderate
DEBB021;"'2017-11-30 15:00'";29;15;25;29;1;moderate
DEBB021;"'2017-11-30 16:00'";27;12;28;26;1;moderate
DEBB021;"'2017-11-30 17:00'";24;13;30;24;1;moderate
DEBB021;"'2017-11-30 18:00'";22;19;24;22;2;moderate
DEBB021;"'2017-11-30 19:00'";21;20;21;21;1;moderate
DEBB021;"'2017-11-30 20:00'";23;22;21;22;1;moderate
DEBB021;"'2017-11-30 21:00'";21;23;20;21;1;moderate
DEBB021;"'2017-11-30 22:00'";21;22;21;21;1;moderate
DEBB021;"'2017-11-30 23:00'";18;29;15;18;1;moderate
DEBB021;"'2017-11-30 24:00'";21;25;16;21;1;moderate
DEBB021;"'2017-12-01 01:00'";24;6;28;24;1;moderate
DEBB021;"'2017-12-01 02:00'";27;2;30;27;1;moderate
DEBB021;"'2017-12-01 03:00'";27;2;27;27;1;moderate
DEBB021;"'2017-12-01 04:00'";27;2;27;27;1;moderate
DEBB021;"'2017-12-01 05:00'";28;2;28;28;1;moderate
DEBB021;"'2017-12-01 06:00'";26;2;25;26;1;moderate
DEBB021;"'2017-12-01 07:00'";26;2;22;25;1;moderate
DEBB021;"'2017-12-01 08:00'";27;2;24;26;1;moderate
DEBB021;"'2017-12-01 09:00'";27;2;23;26;1;moderate
DEBB021;"'2017-12-01 10:00'";26;6;20;26;1;moderate
DEBB021;"'2017-12-01 11:00'";25;8;22;24;1;moderate
DEBB021;"'2017-12-01 12:00'";24;13;19;24;1;moderate
DEBB021;"'2017-12-01 13:00'";22;17;18;21;1;moderate
DEBB021;"'2017-12-01 14:00'";21;18;17;20;1;moderate
DEBB021;"'2017-12-01 15:00'";19;17;19;19;1;moderate
DEBB021;"'2017-12-01 16:00'";20;10;27;19;1;moderate
DEBB021;"'2017-12-01 17:00'";22;6;30;22;1;moderate
DEBB021;"'2017-12-01 18:00'";21;12;26;21;1;moderate
DEBB021;"'2017-12-01 19:00'";23;8;29;23;1;moderate
DEBB021;"'2017-12-01 20:00'";24;3;32;24;1;moderate
DEBB021;"'2017-12-01 21:00'";26;2;32;26;1;moderate
DEBB021;"'2017-12-01 22:00'";24;4;31;24;1;moderate
DEBB021;"'2017-12-01 23:00'";24;6;28;24;1;moderate
DEBB021;"'2017-12-01 24:00'";23;2;31;23;1;moderate
DEBB021;"'2017-12-02 01:00'";23;2;31;23;1;moderate
DEBB021;"'2017-12-02 02:00'";22;3;24;22;1;moderate
DEBB021;"'2017-12-02 03:00'";19;9;16;19;1;moderate
DEBB021;"'2017-12-02 04:00'";18;12;11;18;1;moderate
DEBB021;"'2017-12-02 05:00'";16;16;9;16;1;moderate
DEBB021;"'2017-12-02 06:00'";16;16;11;16;1;moderate
DEBB021;"'2017-12-02 07:00'";17;17;11;17;1;moderate
DEBB021;"'2017-12-02 08:00'";18;15;13;18;1;moderate
DEBB021;"'2017-12-02 09:00'";18;14;14;18;1;moderate
DEBB021;"'2017-12-02 10:00'";19;17;15;19;1;moderate
DEBB021;"'2017-12-02 11:00'";21;15;17;21;1;moderate
DEBB021;"'2017-12-02 12:00'";18;17;16;18;1;moderate
DEBB021;"'2017-12-02 13:00'";19;18;17;19;1;moderate
DEBB021;"'2017-12-02 14:00'";17;21;16;18;1;moderate
DEBB021;"'2017-12-02 15:00'";19;18;19;19;1;moderate
DEBB021;"'2017-12-02 16:00'";21;16;21;21;1;moderate
DEBB021;"'2017-12-02 17:00'";23;11;29;23;1;moderate
DEBB021;"'2017-12-02 18:00'";23;5;31;23;1;moderate
DEBB021;"'2017-12-02 19:00'";20;4;28;20;1;moderate
DEBB021;"'2017-12-02 20:00'";23;11;23;23;1;moderate
DEBB021;"'2017-12-02 21:00'";21;19;17;21;1;moderate
DEBB021;"'2017-12-02 22:00'";20;22;13;20;1;moderate
DEBB021;"'2017-12-02 23:00'";20;21;13;21;1;moderate
DEBB021;"'2017-12-02 24:00'";20;18;14;20;1;moderate
DEBB021;"'2017-12-03 01:00'";19;15;13;19;1;moderate
DEBB021;"'2017-12-03 02:00'";19;13;12;20;1;moderate
DEBB021;"'2017-12-03 03:00'";19;11;13;19;1;moderate
DEBB021;"'2017-12-03 04:00'";20;9;13;20;1;moderate
DEBB021;"'2017-12-03 05:00'";19;11;11;19;1;moderate
DEBB021;"'2017-12-03 06:00'";20;13;10;20;1;moderate
DEBB021;"'2017-12-03 07:00'";23;11;13;23;1;moderate
DEBB021;"'2017-12-03 08:00'";26;8;17;27;1;moderate
DEBB021;"'2017-12-03 09:00'";26;9;17;26;1;moderate
DEBB021;"'2017-12-03 10:00'";24;15;14;24;1;moderate
DEBB021;"'2017-12-03 11:00'";20;23;11;21;1;moderate
DEBB021;"'2017-12-03 12:00'";19;25;12;19;1;moderate
DEBB021;"'2017-12-03 13:00'";16;29;12;16;1;moderate
DEBB021;"'2017-12-03 14:00'";15;28;13;15;1;good
DEBB021;"'2017-12-03 15:00'";14;26;15;14;1;good
DEBB021;"'2017-12-03 16:00'";14;23;20;14;1;good
DEBB021;"'2017-12-03 17:00'";14;22;19;15;1;good
DEBB021;"'2017-12-03 18:00'";14;21;17;14;1;good
DEBB021;"'2017-12-03 19:00'";15;17;18;15;1;good
DEBB021;"'2017-12-03 20:00'";17;13;22;17;1;moderate
DEBB021;"'2017-12-03 21:00'";19;11;24;19;1;moderate
DEBB021;"'2017-12-03 22:00'";18;13;22;19;1;moderate
DEBB021;"'2017-12-03 23:00'";20;13;21;20;1;moderate
DEBB021;"'2017-12-03 24:00'";18;14;20;19;1;moderate
DEBB021;"'2017-12-04 01:00'";17;17;18;18;1;moderate
DEBB021;"'2017-12-04 02:00'";19;18;18;19;1;moderate
DEBB021;"'2017-12-04 03:00'";17;20;16;17;1;moderate
DEBB021;"'2017-12-04 04:00'";16;21;15;16;1;moderate
DEBB021;"'2017-12-04 05:00'";14;30;11;15;1;good
DEBB021;"'2017-12-04 06:00'";11;41;8;11;1;good
DEBB021;"'2017-12-04 07:00'";9;41;10;9;1;good
DEBB021;"'2017-12-04 08:00'";7;43;14;7;1;good
DEBB021;"'2017-12-04 09:00'";5;44;15;5;1;good
DEBB021;"'2017-12-04 10:00'";6;47;13;5;1;good
DEBB021;"'2017-12-04 11:00'";6;52;10;5;1;good
DEBB021;"'2017-12-04 12:00'";5;-;9;4;1;"very good"
DEBB021;"'2017-12-04 13:00'";2;64;8;2;1;good
DEBB021;"'2017-12-04 14:00'";5;60;10;4;1;good
DEBB021;"'2017-12-04 15:00'";4;-;10;4;1;"very good"
DEBB021;"'2017-12-04 16:00'";5;55;14;4;1;good
DEBB021;"'2017-12-04 17:00'";8;47;21;7;1;good
DEBB021;"'2017-12-04 18:00'";8;44;22;6;1;good
DEBB021;"'2017-12-04 19:00'";10;43;20;8;1;good
DEBB021;"'2017-12-04 20:00'";11;41;22;9;1;good
DEBB021;"'2017-12-04 21:00'";9;39;22;8;1;good
DEBB021;"'2017-12-04 22:00'";7;45;13;6;1;good
DEBB021;"'2017-12-04 23:00'";7;48;9;6;1;good
DEBB021;"'2017-12-04 24:00'";8;45;9;7;1;good
DEBB021;"'2017-12-05 01:00'";8;44;9;7;1;good
DEBB021;"'2017-12-05 02:00'";6;50;8;6;1;good
DEBB021;"'2017-12-05 03:00'";6;50;7;6;1;good
DEBB021;"'2017-12-05 04:00'";7;45;7;7;1;good
DEBB021;"'2017-12-05 05:00'";7;43;10;7;1;good
DEBB021;"'2017-12-05 06:00'";6;50;6;6;1;good
DEBB021;"'2017-12-05 07:00'";5;49;8;5;1;good
DEBB021;"'2017-12-05 08:00'";5;-;9;5;1;"very good"
DEBB021;"'2017-12-05 09:00'";3;44;11;3;1;good
DEBB021;"'2017-12-05 10:00'";2;44;11;2;1;good
DEBB021;"'2017-12-05 11:00'";5;53;8;5;1;good
DEBB021;"'2017-12-05 12:00'";6;50;10;6;1;good
DEBB021;"'2017-12-05 13:00'";6;48;10;6;1;good
DEBB021;"'2017-12-05 14:00'";8;46;11;8;1;good
DEBB021;"'2017-12-05 15:00'";10;45;12;10;1;good
DEBB021;"'2017-12-05 16:00'";11;43;14;11;1;good
DEBB021;"'2017-12-05 17:00'";11;42;14;11;1;good
DEBB021;"'2017-12-05 18:00'";13;44;14;12;1;good
DEBB021;"'2017-12-05 19:00'";17;39;16;17;1;moderate
DEBB021;"'2017-12-05 20:00'";17;40;16;17;1;moderate
DEBB021;"'2017-12-05 21:00'";17;38;16;17;1;moderate
DEBB021;"'2017-12-05 22:00'";17;39;14;17;1;moderate
DEBB021;"'2017-12-05 23:00'";19;36;15;19;1;moderate
DEBB021;"'2017-12-05 24:00'";19;37;14;19;1;moderate
DEBB021;"'2017-12-06 01:00'";13;45;10;13;1;good
DEBB021;"'2017-12-06 02:00'";12;52;7;12;1;good
DEBB021;"'2017-12-06 03:00'";14;50;7;14;1;good
DEBB021;"'2017-12-06 04:00'";14;50;6;14;1;good
DEBB021;"'2017-12-06 05:00'";14;49;6;14;1;good
DEBB021;"'2017-12-06 06:00'";14;47;7;14;1;good
DEBB021;"'2017-12-06 07:00'";15;45;11;15;1;good
DEBB021;"'2017-12-06 08:00'";17;46;11;17;1;moderate
DEBB021;"'2017-12-06 09:00'";21;42;13;21;1;moderate
DEBB021;"'2017-12-06 10:00'";21;43;13;21;1;moderate
DEBB021;"'2017-12-06 11:00'";21;46;12;20;1;moderate
DEBB021;"'2017-12-06 12:00'";20;46;12;20;1;moderate
DEBB021;"'2017-12-06 13:00'";20;47;12;19;1;moderate
DEBB021;"'2017-12-06 14:00'";20;45;12;20;1;moderate
DEBB021;"'2017-12-06 15:00'";20;45;12;20;1;moderate
DEBB021;"'2017-12-06 16:00'";19;46;13;19;1;moderate
DEBB021;"'2017-12-06 17:00'";21;45;15;21;1;moderate
DEBB021;"'2017-12-06 18:00'";16;49;14;16;1;moderate
DEBB021;"'2017-12-06 19:00'";14;52;13;14;1;good
DEBB021;"'2017-12-06 20:00'";11;55;11;11;1;good
DEBB021;"'2017-12-06 21:00'";11;51;14;10;1;good
DEBB021;"'2017-12-06 22:00'";11;53;12;10;1;good
DEBB021;"'2017-12-06 23:00'";10;57;9;10;1;good
DEBB021;"'2017-12-06 24:00'";10;58;8;10;1;good
DEBB021;"'2017-12-07 01:00'";9;56;10;9;1;good
DEBB021;"'2017-12-07 02:00'";9;55;11;9;1;good
DEBB021;"'2017-12-07 03:00'";9;60;6;8;1;good
DEBB021;"'2017-12-07 04:00'";9;63;4;9;1;good
DEBB021;"'2017-12-07 05:00'";11;59;5;10;1;good
DEBB021;"'2017-12-07 06:00'";10;54;6;10;1;good
DEBB021;"'2017-12-07 07:00'";12;40;14;12;1;good
DEBB021;"'2017-12-07 08:00'";14;33;19;14;1;good
DEBB021;"'2017-12-07 09:00'";14;40;16;13;1;good
DEBB021;"'2017-12-07 10:00'";12;50;13;12;1;good
DEBB021;"'2017-12-07 11:00'";13;50;13;12;1;good
DEBB021;"'2017-12-07 12:00'";13;50;12;12;1;good
DEBB021;"'2017-12-07 13:00'";12;49;12;12;1;good
DEBB021;"'2017-12-07 14:00'";12;50;12;11;1;good
DEBB021;"'2017-12-07 15:00'";13;46;17;12;1;good
DEBB021;"'2017-12-07 16:00'";13;40;23;12;1;good
DEBB021;"'2017-12-07 17:00'";14;35;25;13;1;good
DEBB021;"'2017-12-07 18:00'";15;33;23;14;1;good
DEBB021;"'2017-12-07 19:00'";14;37;20;14;1;good
DEBB021;"'2017-12-07 20:00'";13;42;15;12;1;good
DEBB021;"'2017-12-07 21:00'";12;40;16;12;1;good
DEBB021;"'2017-12-07 22:00'";12;43;15;11;1;good
DEBB021;"'2017-12-07 23:00'";12;45;12;12;1;good
DEBB021;"'2017-12-07 24:00'";12;46;10;12;1;good
DEBB021;"'2017-12-08 01:00'";13;47;8;13;1;good
DEBB021;"'2017-12-08 02:00'";12;48;6;12;1;good
DEBB021;"'2017-12-08 03:00'";10;48;6;10;1;good
DEBB021;"'2017-12-08 04:00'";7;46;6;7;1;good
DEBB021;"'2017-12-08 05:00'";6;41;7;6;1;good
DEBB021;"'2017-12-08 06:00'";6;36;10;6;1;good
DEBB021;"'2017-12-08 07:00'";7;30;17;6;1;good
DEBB021;"'2017-12-08 08:00'";8;28;22;7;1;good
DEBB021;"'2017-12-08 09:00'";9;29;23;8;1;good
DEBB021;"'2017-12-08 10:00'";9;38;15;8;1;good
DEBB021;"'2017-12-08 11:00'";8;46;13;7;1;good
DEBB021;"'2017-12-08 12:00'";6;51;11;5;1;good
DEBB021;"'2017-12-08 13:00'";6;57;9;6;1;good
DEBB021;"'2017-12-08 14:00'";8;54;12;7;1;good
DEBB021;"'2017-12-08 15:00'";9;56;13;7;1;good
DEBB021;"'2017-12-08 16:00'";10;52;18;7;1;good
DEBB021;"'2017-12-08 17:00'";7;52;18;6;1;good
DEBB021;"'2017-12-08 18:00'";3;52;20;3;1;good
DEBB021;"'2017-12-08 19:00'";5;48;17;5;1;good
DEBB021;"'2017-12-08 20:00'";8;43;15;8;1;good
DEBB021;"'2017-12-08 21:00'";9;43;15;10;1;good
DEBB021;"'2017-12-08 22:00'";11;48;11;11;1;good
DEBB021;"'2017-12-08 23:00'";10;52;10;10;1;good
DEBB021;"'2017-12-08 24:00'";10;45;13;10;1;good
DEBB021;"'2017-12-09 01:00'";9;48;8;9;1;good
DEBB021;"'2017-12-09 02:00'";7;49;7;7;1;good
DEBB021;"'2017-12-09 03:00'";6;47;8;6;1;good
DEBB021;"'2017-12-09 04:00'";6;48;7;6;1;good
DEBB021;"'2017-12-09 05:00'";7;49;6;7;1;good
DEBB021;"'2017-12-09 06:00'";9;47;7;9;1;good
DEBB021;"'2017-12-09 07:00'";10;45;8;10;1;good
DEBB021;"'2017-12-09 08:00'";10;47;9;9;1;good
DEBB021;"'2017-12-09 09:00'";6;56;8;6;1;good
DEBB021;"'2017-12-09 10:00'";6;57;8;5;1;good
DEBB021;"'2017-12-09 11:00'";6;51;11;6;1;good
DEBB021;"'2017-12-09 12:00'";9;46;14;9;1;good
DEBB021;"'2017-12-09 13:00'";9;40;16;9;1;good
DEBB021;"'2017-12-09 14:00'";9;43;13;9;1;good
DEBB021;"'2017-12-09 15:00'";11;43;18;10;1;good
DEBB021;"'2017-12-09 16:00'";10;44;13;10;1;good
DEBB021;"'2017-12-09 17:00'";14;38;22;13;1;good
DEBB021;"'2017-12-09 18:00'";15;35;32;15;1;moderate
DEBB021;"'2017-12-09 19:00'";15;33;30;14;1;good
DEBB021;"'2017-12-09 20:00'";16;36;16;15;1;good
DEBB021;"'2017-12-09 21:00'";16;38;15;16;1;moderate
DEBB021;"'2017-12-09 22:00'";14;35;13;14;1;good
DEBB021;"'2017-12-09 23:00'";13;32;13;13;1;good
DEBB021;"'2017-12-09 24:00'";13;33;12;13;1;good
DEBB021;"'2017-12-10 01:00'";13;33;11;14;1;good
DEBB021;"'2017-12-10 02:00'";12;34;9;12;1;good
DEBB021;"'2017-12-10 03:00'";12;36;8;12;1;good
DEBB021;"'2017-12-10 04:00'";10;40;6;10;1;good
DEBB021;"'2017-12-10 05:00'";7;43;5;7;1;good
DEBB021;"'2017-12-10 06:00'";5;48;5;5;1;good
DEBB021;"'2017-12-10 07:00'";6;50;4;6;1;good
DEBB021;"'2017-12-10 08:00'";8;50;6;8;1;good
DEBB021;"'2017-12-10 09:00'";6;49;6;6;1;good
DEBB021;"'2017-12-10 10:00'";5;51;6;5;1;good
DEBB021;"'2017-12-10 11:00'";5;55;7;5;1;good
DEBB021;"'2017-12-10 12:00'";5;55;8;5;1;good
DEBB021;"'2017-12-10 13:00'";6;52;13;6;1;good
DEBB021;"'2017-12-10 14:00'";6;54;12;5;1;good
DEBB021;"'2017-12-10 15:00'";5;54;14;5;1;good
DEBB021;"'2017-12-10 16:00'";7;49;18;6;1;good
DEBB021;"'2017-12-10 17:00'";8;45;21;7;1;good
DEBB021;"'2017-12-10 18:00'";18;49;14;9;1;good
DEBB021;"'2017-12-10 19:00'";8;49;13;8;1;good
DEBB021;"'2017-12-10 20:00'";9;48;13;9;1;good
DEBB021;"'2017-12-10 21:00'";8;49;15;8;1;good
DEBB021;"'2017-12-10 22:00'";8;50;13;8;1;good
DEBB021;"'2017-12-10 23:00'";8;52;8;8;1;good
DEBB021;"'2017-12-10 24:00'";8;51;8;8;1;good
DEBB021;"'2017-12-11 01:00'";7;47;8;7;1;good
DEBB021;"'2017-12-11 02:00'";6;43;10;6;1;good
DEBB021;"'2017-12-11 03:00'";4;49;7;4;1;good
DEBB021;"'2017-12-11 04:00'";3;54;5;3;1;good
DEBB021;"'2017-12-11 05:00'";3;50;9;3;1;good
DEBB021;"'2017-12-11 06:00'";2;50;9;2;1;good
DEBB021;"'2017-12-11 07:00'";4;44;11;4;1;good
DEBB021;"'2017-12-11 08:00'";9;38;15;10;1;good
DEBB021;"'2017-12-11 09:00'";12;33;20;12;1;good
DEBB021;"'2017-12-11 10:00'";16;27;26;16;1;moderate
DEBB021;"'2017-12-11 11:00'";18;26;26;18;1;moderate
DEBB021;"'2017-12-11 12:00'";17;20;31;17;-;moderate
DEBB021;"'2017-12-11 13:00'";19;11;44;18;1;moderate
DEBB021;"'2017-12-11 14:00'";16;12;39;16;1;moderate
DEBB021;"'2017-12-11 15:00'";18;7;-;18;1;moderate
DEBB021;"'2017-12-11 16:00'";19;2;55;18;1;moderate
DEBB021;"'2017-12-11 17:00'";17;2;51;17;1;moderate
DEBB021;"'2017-12-11 18:00'";17;4;47;16;1;moderate
DEBB021;"'2017-12-11 19:00'";16;5;41;15;1;moderate
DEBB021;"'2017-12-11 20:00'";14;3;41;14;1;moderate
DEBB021;"'2017-12-11 21:00'";14;9;33;14;1;moderate
DEBB021;"'2017-12-11 22:00'";13;20;19;13;1;good
DEBB021;"'2017-12-11 23:00'";13;23;17;13;1;good
DEBB021;"'2017-12-11 24:00'";12;27;15;12;1;good
DEBB021;"'2017-12-12 01:00'";9;33;14;9;1;good
DEBB021;"'2017-12-12 02:00'";5;43;12;5;1;good
DEBB021;"'2017-12-12 03:00'";3;52;7;3;1;good
DEBB021;"'2017-12-12 04:00'";3;54;6;3;1;good
DEBB021;"'2017-12-12 05:00'";2;56;5;2;1;good
DEBB021;"'2017-12-12 06:00'";2;55;7;2;1;good
DEBB021;"'2017-12-12 07:00'";2;47;12;2;1;good
DEBB021;"'2017-12-12 08:00'";1;42;9;0.9;1;good
DEBB021;"'2017-12-12 09:00'";0.9;36;10;0.9;1;good
DEBB021;"'2017-12-12 10:00'";4;14;20;4;1;good
DEBB021;"'2017-12-12 11:00'";5;20;17;4;1;good
DEBB021;"'2017-12-12 12:00'";5;31;14;5;1;good
DEBB021;"'2017-12-12 13:00'";7;43;11;8;1;good
DEBB021;"'2017-12-12 14:00'";8;49;11;8;1;good
DEBB021;"'2017-12-12 15:00'";9;45;15;9;1;good
DEBB021;"'2017-12-12 16:00'";9;41;18;9;1;good
DEBB021;"'2017-12-12 17:00'";8;35;22;8;1;good
DEBB021;"'2017-12-12 18:00'";7;34;21;7;1;good
DEBB021;"'2017-12-12 19:00'";7;36;15;8;1;good
DEBB021;"'2017-12-12 20:00'";9;42;10;9;1;good
DEBB021;"'2017-12-12 21:00'";11;38;13;12;1;good
DEBB021;"'2017-12-12 22:00'";12;34;15;12;1;good
DEBB021;"'2017-12-12 23:00'";9;36;14;9;1;good
DEBB021;"'2017-12-12 24:00'";11;37;12;11;1;good
DEBB021;"'2017-12-13 01:00'";12;33;13;12;1;good
DEBB021;"'2017-12-13 02:00'";13;35;11;13;1;good
DEBB021;"'2017-12-13 03:00'";14;44;10;13;1;good
DEBB021;"'2017-12-13 04:00'";15;36;11;15;1;good
DEBB021;"'2017-12-13 05:00'";13;32;11;12;1;good
DEBB021;"'2017-12-13 06:00'";12;31;12;12;1;good
DEBB021;"'2017-12-13 07:00'";12;24;20;12;1;good
DEBB021;"'2017-12-13 08:00'";15;16;28;15;1;good
DEBB021;"'2017-12-13 09:00'";16;16;28;15;1;good
DEBB021;"'2017-12-13 10:00'";13;26;22;12;1;good
DEBB021;"'2017-12-13 11:00'";11;36;16;11;1;good
DEBB021;"'2017-12-13 12:00'";10;38;16;9;1;good
DEBB021;"'2017-12-13 13:00'";10;41;15;8;1;good
DEBB021;"'2017-12-13 14:00'";9;42;15;7;1;good
DEBB021;"'2017-12-13 15:00'";9;41;17;7;1;good
DEBB021;"'2017-12-13 16:00'";8;35;22;7;1;good
DEBB021;"'2017-12-13 17:00'";6;37;21;5;1;good
DEBB021;"'2017-12-13 18:00'";5;44;16;5;1;good
DEBB021;"'2017-12-13 19:00'";6;46;13;5;1;good
DEBB021;"'2017-12-13 20:00'";7;43;13;7;1;good
DEBB021;"'2017-12-13 21:00'";7;41;14;7;1;good
DEBB021;"'2017-12-13 22:00'";7;42;12;7;1;good
DEBB021;"'2017-12-13 23:00'";7;41;12;7;1;good
DEBB021;"'2017-12-13 24:00'";7;39;11;8;1;good
DEBB021;"'2017-12-14 01:00'";6;38;10;6;1;good
DEBB021;"'2017-12-14 02:00'";4;39;9;4;1;good
DEBB021;"'2017-12-14 03:00'";3;43;8;3;1;good
DEBB021;"'2017-12-14 04:00'";3;47;7;3;1;good
DEBB021;"'2017-12-14 05:00'";2;49;6;2;1;good
DEBB021;"'2017-12-14 06:00'";0.9;51;6;0.9;1;good
DEBB021;"'2017-12-14 07:00'";0.9;48;9;0.9;1;good
DEBB021;"'2017-12-14 08:00'";2;47;13;2;1;good
DEBB021;"'2017-12-14 09:00'";4;37;23;4;1;good
DEBB021;"'2017-12-14 10:00'";4;31;28;4;1;good
DEBB021;"'2017-12-14 11:00'";5;39;21;4;1;good
DEBB021;"'2017-12-14 12:00'";6;47;16;5;1;good
DEBB021;"'2017-12-14 13:00'";4;59;13;4;1;good
DEBB021;"'2017-12-14 14:00'";4;58;15;4;1;good
DEBB021;"'2017-12-14 15:00'";5;55;16;4;1;good
DEBB021;"'2017-12-14 16:00'";4;46;24;4;1;good
DEBB021;"'2017-12-14 17:00'";4;50;19;4;1;good
DEBB021;"'2017-12-14 18:00'";6;51;17;6;1;good
DEBB021;"'2017-12-14 19:00'";6;40;25;6;1;good
DEBB021;"'2017-12-14 20:00'";5;53;15;5;1;good
DEBB021;"'2017-12-14 21:00'";5;53;16;5;1;good
DEBB021;"'2017-12-14 22:00'";4;49;14;4;1;good
DEBB021;"'2017-12-14 23:00'";4;45;14;4;1;good
DEBB021;"'2017-12-14 24:00'";4;52;10;3;1;good
DEBB021;"'2017-12-15 01:00'";3;51;9;3;1;good
DEBB021;"'2017-12-15 02:00'";3;49;9;3;1;good
DEBB021;"'2017-12-15 03:00'";6;47;8;6;1;good
DEBB021;"'2017-12-15 04:00'";7;38;10;7;1;good
DEBB021;"'2017-12-15 05:00'";8;31;13;8;1;good
DEBB021;"'2017-12-15 06:00'";-;-;-;-;-;-;
DEBB021;"'2017-12-15 07:00'";8;17;28;8;1;good
DEBB021;"'2017-12-15 08:00'";8;2;47;8;1;moderate
DEBB021;"'2017-12-15 09:00'";9;2;52;8;1;moderate
DEBB021;"'2017-12-15 10:00'";10;3;46;9;1;moderate
DEBB021;"'2017-12-15 11:00'";12;7;40;11;1;moderate
DEBB021;"'2017-12-15 12:00'";16;10;35;15;1;moderate
DEBB021;"'2017-12-15 13:00'";16;18;27;15;1;good
DEBB021;"'2017-12-15 14:00'";16;22;27;16;1;moderate
DEBB021;"'2017-12-15 15:00'";20;27;24;20;1;moderate
DEBB021;"'2017-12-15 16:00'";20;29;27;20;1;moderate
DEBB021;"'2017-12-15 17:00'";22;23;32;21;1;moderate
DEBB021;"'2017-12-15 18:00'";24;10;43;23;1;moderate
DEBB021;"'2017-12-15 19:00'";22;10;38;21;1;moderate
DEBB021;"'2017-12-15 20:00'";23;11;37;22;1;moderate
DEBB021;"'2017-12-15 21:00'";23;23;26;22;1;moderate
DEBB021;"'2017-12-15 22:00'";22;16;35;21;1;moderate
DEBB021;"'2017-12-15 23:00'";22;19;30;21;1;moderate
DEBB021;"'2017-12-15 24:00'";22;18;27;21;1;moderate
DEBB021;"'2017-12-16 01:00'";21;20;21;20;1;moderate
DEBB021;"'2017-12-16 02:00'";19;19;20;19;1;moderate
DEBB021;"'2017-12-16 03:00'";19;13;23;19;1;moderate
DEBB021;"'2017-12-16 04:00'";20;10;23;19;1;moderate
DEBB021;"'2017-12-16 05:00'";19;14;20;19;1;moderate
DEBB021;"'2017-12-16 06:00'";19;15;21;19;1;moderate
DEBB021;"'2017-12-16 07:00'";21;16;24;21;1;moderate
DEBB021;"'2017-12-16 08:00'";24;14;26;23;1;moderate
DEBB021;"'2017-12-16 09:00'";25;12;28;24;1;moderate
DEBB021;"'2017-12-16 10:00'";26;14;26;25;1;moderate
DEBB021;"'2017-12-16 11:00'";27;17;27;26;1;moderate
DEBB021;"'2017-12-16 12:00'";24;21;25;24;1;moderate
DEBB021;"'2017-12-16 13:00'";23;28;19;23;1;moderate
DEBB021;"'2017-12-16 14:00'";21;35;15;21;1;moderate
DEBB021;"'2017-12-16 15:00'";20;35;17;20;1;moderate
DEBB021;"'2017-12-16 16:00'";20;31;22;19;1;moderate
DEBB021;"'2017-12-16 17:00'";20;32;21;20;1;moderate
DEBB021;"'2017-12-16 18:00'";21;30;24;21;1;moderate
DEBB021;"'2017-12-16 19:00'";18;37;18;17;1;moderate
DEBB021;"'2017-12-16 20:00'";19;34;19;19;1;moderate
DEBB021;"'2017-12-16 21:00'";18;35;17;17;1;moderate
DEBB021;"'2017-12-16 22:00'";16;33;17;16;1;moderate
DEBB021;"'2017-12-16 23:00'";15;35;13;15;1;good
DEBB021;"'2017-12-16 24:00'";14;38;10;14;1;good
DEBB021;"'2017-12-17 01:00'";10;45;7;10;1;good
DEBB021;"'2017-12-17 02:00'";8;49;5;8;1;good
DEBB021;"'2017-12-17 03:00'";7;49;4;7;1;good
DEBB021;"'2017-12-17 04:00'";7;47;5;7;1;good
DEBB021;"'2017-12-17 05:00'";6;48;5;7;1;good
DEBB021;"'2017-12-17 06:00'";7;49;4;7;1;good
DEBB021;"'2017-12-17 07:00'";5;56;3;5;1;good
DEBB021;"'2017-12-17 08:00'";7;50;5;7;1;good
DEBB021;"'2017-12-17 09:00'";7;49;6;7;1;good
DEBB021;"'2017-12-17 10:00'";6;42;10;6;1;good
DEBB021;"'2017-12-17 11:00'";9;40;10;9;1;good
DEBB021;"'2017-12-17 12:00'";9;36;9;9;1;good
DEBB021;"'2017-12-17 13:00'";8;36;7;8;1;good
DEBB021;"'2017-12-17 14:00'";7;34;8;6;1;good
DEBB021;"'2017-12-17 15:00'";6;31;11;6;1;good
DEBB021;"'2017-12-17 16:00'";6;30;14;6;1;good
DEBB021;"'2017-12-17 17:00'";7;26;21;7;1;good
DEBB021;"'2017-12-17 18:00'";9;28;17;8;1;good
DEBB021;"'2017-12-17 19:00'";9;27;14;9;1;good
DEBB021;"'2017-12-17 20:00'";11;23;15;11;1;good
DEBB021;"'2017-12-17 21:00'";11;21;16;11;1;good
DEBB021;"'2017-12-17 22:00'";11;17;19;11;1;good
DEBB021;"'2017-12-17 23:00'";10;18;16;10;1;good
DEBB021;"'2017-12-17 24:00'";9;17;13;9;1;good
DEBB021;"'2017-12-18 01:00'";9;18;11;9;1;good
DEBB021;"'2017-12-18 02:00'";8;16;15;8;1;good
DEBB021;"'2017-12-18 03:00'";7;23;13;7;1;good
DEBB021;"'2017-12-18 04:00'";8;12;18;8;1;good
DEBB021;"'2017-12-18 05:00'";8;14;15;8;1;good
DEBB021;"'2017-12-18 06:00'";9;11;17;9;1;good
DEBB021;"'2017-12-18 07:00'";9;7;22;9;1;good
DEBB021;"'2017-12-18 08:00'";10;2;28;10;1;good
DEBB021;"'2017-12-18 09:00'";12;2;33;11;1;moderate
DEBB021;"'2017-12-18 10:00'";12;3;36;12;1;moderate
DEBB021;"'2017-12-18 11:00'";13;9;28;13;1;good
DEBB021;"'2017-12-18 12:00'";15;14;27;14;1;good
DEBB021;"'2017-12-18 13:00'";13;23;17;13;1;good
DEBB021;"'2017-12-18 14:00'";11;30;12;11;1;good
DEBB021;"'2017-12-18 15:00'";12;25;16;11;1;good
DEBB021;"'2017-12-18 16:00'";12;14;28;12;1;good
DEBB021;"'2017-12-18 17:00'";15;2;42;14;1;moderate
DEBB021;"'2017-12-18 18:00'";17;2;48;16;1;moderate
DEBB021;"'2017-12-18 19:00'";17;2;44;16;1;moderate
DEBB021;"'2017-12-18 20:00'";19;2;45;18;1;moderate
DEBB021;"'2017-12-18 21:00'";21;2;43;20;1;moderate
DEBB021;"'2017-12-18 22:00'";19;2;33;19;1;moderate
DEBB021;"'2017-12-18 23:00'";20;2;30;20;1;moderate
DEBB021;"'2017-12-18 24:00'";20;2;29;20;1;moderate
DEBB021;"'2017-12-19 01:00'";21;2;30;21;1;moderate
DEBB021;"'2017-12-19 02:00'";21;2;29;21;1;moderate
DEBB021;"'2017-12-19 03:00'";21;2;28;21;1;moderate
DEBB021;"'2017-12-19 04:00'";22;4;27;22;1;moderate
DEBB021;"'2017-12-19 05:00'";23;7;25;23;1;moderate
DEBB021;"'2017-12-19 06:00'";23;8;26;23;1;moderate
DEBB021;"'2017-12-19 07:00'";22;8;30;22;1;moderate
DEBB021;"'2017-12-19 08:00'";22;6;34;22;1;moderate
DEBB021;"'2017-12-19 09:00'";25;5;34;23;1;moderate
DEBB021;"'2017-12-19 10:00'";26;8;30;25;1;moderate
DEBB021;"'2017-12-19 11:00'";28;10;25;27;1;moderate
DEBB021;"'2017-12-19 12:00'";27;10;25;26;1;moderate
DEBB021;"'2017-12-19 13:00'";21;10;26;21;1;moderate
DEBB021;"'2017-12-19 14:00'";15;9;25;15;1;good
DEBB021;"'2017-12-19 15:00'";15;9;26;15;1;good
DEBB021;"'2017-12-19 16:00'";13;8;30;13;1;good
DEBB021;"'2017-12-19 17:00'";18;7;30;17;1;moderate
DEBB021;"'2017-12-19 18:00'";18;6;32;17;1;moderate
DEBB021;"'2017-12-19 19:00'";20;5;34;19;1;moderate
DEBB021;"'2017-12-19 20:00'";19;2;37;19;1;moderate
DEBB021;"'2017-12-19 21:00'";20;2;37;20;1;moderate
DEBB021;"'2017-12-19 22:00'";18;3;35;18;1;moderate
DEBB021;"'2017-12-19 23:00'";21;2;36;21;1;moderate
DEBB021;"'2017-12-19 24:00'";16;2;33;16;1;moderate
DEBB021;"'2017-12-20 01:00'";14;3;26;14;1;good
DEBB021;"'2017-12-20 02:00'";14;5;25;14;1;good
DEBB021;"'2017-12-20 03:00'";13;2;28;13;1;good
DEBB021;"'2017-12-20 04:00'";13;2;28;12;1;good
DEBB021;"'2017-12-20 05:00'";14;2;29;12;1;good
DEBB021;"'2017-12-20 06:00'";10;2;30;10;1;good
DEBB021;"'2017-12-20 07:00'";11;2;32;11;1;moderate
DEBB021;"'2017-12-20 08:00'";10;2;35;10;1;moderate
DEBB021;"'2017-12-20 09:00'";12;2;38;11;1;moderate
DEBB021;"'2017-12-20 10:00'";13;4;35;12;1;moderate
DEBB021;"'2017-12-20 11:00'";15;5;31;13;1;moderate
DEBB021;"'2017-12-20 12:00'";13;8;25;11;1;good
DEBB021;"'2017-12-20 13:00'";11;8;30;11;1;good
DEBB021;"'2017-12-20 14:00'";11;17;24;11;1;good
DEBB021;"'2017-12-20 15:00'";13;15;26;12;1;good
DEBB021;"'2017-12-20 16:00'";18;10;33;15;1;moderate
DEBB021;"'2017-12-20 17:00'";20;8;36;18;1;moderate
DEBB021;"'2017-12-20 18:00'";23;5;38;20;1;moderate
DEBB021;"'2017-12-20 19:00'";21;5;36;20;1;moderate
DEBB021;"'2017-12-20 20:00'";21;2;37;20;1;moderate
DEBB021;"'2017-12-20 21:00'";21;2;34;21;1;moderate
DEBB021;"'2017-12-20 22:00'";21;2;33;20;1;moderate
DEBB021;"'2017-12-20 23:00'";20;2;33;20;1;moderate
DEBB021;"'2017-12-20 24:00'";18;2;34;18;1;moderate
DEBB021;"'2017-12-21 01:00'";13;2;33;13;1;moderate
DEBB021;"'2017-12-21 02:00'";10;2;32;10;1;moderate
DEBB021;"'2017-12-21 03:00'";9;2;33;9;1;moderate
DEBB021;"'2017-12-21 04:00'";6;2;38;6;1;moderate
DEBB021;"'2017-12-21 05:00'";6;2;39;6;1;moderate
DEBB021;"'2017-12-21 06:00'";9;2;36;9;1;moderate
DEBB021;"'2017-12-21 07:00'";8;2;33;9;1;moderate
DEBB021;"'2017-12-21 08:00'";6;5;25;6;1;good
DEBB021;"'2017-12-21 09:00'";6;10;20;6;1;good
DEBB021;"'2017-12-21 10:00'";7;16;15;7;1;good
DEBB021;"'2017-12-21 11:00'";7;21;13;7;1;good
DEBB021;"'2017-12-21 12:00'";9;24;15;9;1;good
DEBB021;"'2017-12-21 13:00'";10;25;15;9;1;good
DEBB021;"'2017-12-21 14:00'";11;26;15;11;1;good
DEBB021;"'2017-12-21 15:00'";12;27;15;11;1;good
DEBB021;"'2017-12-21 16:00'";10;23;21;10;1;good
DEBB021;"'2017-12-21 17:00'";9;28;19;9;1;good
DEBB021;"'2017-12-21 18:00'";11;34;16;11;1;good
DEBB021;"'2017-12-21 19:00'";11;40;13;10;1;good
DEBB021;"'2017-12-21 20:00'";10;48;10;10;1;good
DEBB021;"'2017-12-21 21:00'";12;46;11;12;1;good
DEBB021;"'2017-12-21 22:00'";16;38;14;16;1;moderate
DEBB021;"'2017-12-21 23:00'";17;47;11;17;1;moderate
DEBB021;"'2017-12-21 24:00'";13;56;6;13;1;good
DEBB021;"'2017-12-22 01:00'";9;58;3;9;1;good
DEBB021;"'2017-12-22 02:00'";8;60;2;8;1;good
DEBB021;"'2017-12-22 03:00'";10;53;5;10;1;good
DEBB021;"'2017-12-22 04:00'";12;48;6;12;1;good
DEBB021;"'2017-12-22 05:00'";13;44;6;13;1;good
DEBB021;"'2017-12-22 06:00'";13;43;7;13;1;good
DEBB021;"'2017-12-22 07:00'";12;46;9;12;1;good
DEBB021;"'2017-12-22 08:00'";11;45;11;11;1;good
DEBB021;"'2017-12-22 09:00'";12;42;15;11;1;good
DEBB021;"'2017-12-22 10:00'";12;42;15;12;1;good
DEBB021;"'2017-12-22 11:00'";12;43;13;11;1;good
DEBB021;"'2017-12-22 12:00'";11;43;12;10;1;good
DEBB021;"'2017-12-22 13:00'";12;44;11;11;1;good
DEBB021;"'2017-12-22 14:00'";12;42;12;12;1;good
DEBB021;"'2017-12-22 15:00'";13;42;13;12;1;good
DEBB021;"'2017-12-22 16:00'";9;46;14;9;1;good
DEBB021;"'2017-12-22 17:00'";9;46;15;8;1;good
DEBB021;"'2017-12-22 18:00'";9;45;14;8;1;good
DEBB021;"'2017-12-22 19:00'";11;41;15;10;1;good
DEBB021;"'2017-12-22 20:00'";11;45;11;10;1;good
DEBB021;"'2017-12-22 21:00'";12;41;12;11;1;good
DEBB021;"'2017-12-22 22:00'";10;43;9;9;1;good
DEBB021;"'2017-12-22 23:00'";10;42;9;9;1;good
DEBB021;"'2017-12-22 24:00'";10;40;8;10;1;good
DEBB021;"'2017-12-23 01:00'";11;39;8;11;1;good
DEBB021;"'2017-12-23 02:00'";11;41;9;11;1;good
DEBB021;"'2017-12-23 03:00'";10;47;6;10;1;good
DEBB021;"'2017-12-23 04:00'";13;44;7;13;1;good
DEBB021;"'2017-12-23 05:00'";13;45;8;14;1;good
DEBB021;"'2017-12-23 06:00'";13;46;9;13;1;good
DEBB021;"'2017-12-23 07:00'";13;45;10;14;1;good
DEBB021;"'2017-12-23 08:00'";16;43;9;17;1;moderate
DEBB021;"'2017-12-23 09:00'";15;43;9;15;1;good
DEBB021;"'2017-12-23 10:00'";13;36;11;13;1;good
DEBB021;"'2017-12-23 11:00'";14;29;13;14;1;good
DEBB021;"'2017-12-23 12:00'";9;30;12;9;1;good
DEBB021;"'2017-12-23 13:00'";6;35;10;6;1;good
DEBB021;"'2017-12-23 14:00'";6;38;8;6;1;good
DEBB021;"'2017-12-23 15:00'";7;41;8;7;1;good
DEBB021;"'2017-12-23 16:00'";11;43;9;11;1;good
DEBB021;"'2017-12-23 17:00'";17;40;10;18;1;moderate
DEBB021;"'2017-12-23 18:00'";24;36;13;24;1;moderate
DEBB021;"'2017-12-23 19:00'";26;38;11;26;1;moderate
DEBB021;"'2017-12-23 20:00'";22;44;9;23;1;moderate
DEBB021;"'2017-12-23 21:00'";20;43;8;20;1;moderate
DEBB021;"'2017-12-23 22:00'";17;44;7;17;1;moderate
DEBB021;"'2017-12-23 23:00'";14;46;6;15;1;good
DEBB021;"'2017-12-23 24:00'";16;48;5;17;1;moderate
DEBB021;"'2017-12-24 01:00'";18;46;6;18;1;moderate
DEBB021;"'2017-12-24 02:00'";18;43;7;18;1;moderate
DEBB021;"'2017-12-24 03:00'";15;44;6;15;1;good
DEBB021;"'2017-12-24 04:00'";15;45;5;15;1;good
DEBB021;"'2017-12-24 05:00'";14;50;4;14;1;good
DEBB021;"'2017-12-24 06:00'";13;52;3;14;1;good
DEBB021;"'2017-12-24 07:00'";13;53;2;14;1;good
DEBB021;"'2017-12-24 08:00'";14;53;2;14;1;good
DEBB021;"'2017-12-24 09:00'";15;52;2;16;1;moderate
DEBB021;"'2017-12-24 10:00'";16;52;2;16;1;moderate
DEBB021;"'2017-12-24 11:00'";15;53;2;15;1;good
DEBB021;"'2017-12-24 12:00'";13;54;2;14;1;good
DEBB021;"'2017-12-24 13:00'";12;54;4;13;1;good
DEBB021;"'2017-12-24 14:00'";11;56;4;11;1;good
DEBB021;"'2017-12-24 15:00'";10;56;5;10;1;good
DEBB021;"'2017-12-24 16:00'";8;57;5;8;1;good
DEBB021;"'2017-12-24 17:00'";7;57;6;7;1;good
DEBB021;"'2017-12-24 18:00'";5;54;6;5;1;good
DEBB021;"'2017-12-24 19:00'";4;55;5;4;1;good
DEBB021;"'2017-12-24 20:00'";5;54;5;5;1;good
DEBB021;"'2017-12-24 21:00'";7;53;6;7;1;good
DEBB021;"'2017-12-24 22:00'";8;53;6;9;1;good
DEBB021;"'2017-12-24 23:00'";9;54;5;9;1;good
DEBB021;"'2017-12-24 24:00'";8;54;6;8;1;good
DEBB021;"'2017-12-25 01:00'";7;56;3;7;1;good
DEBB021;"'2017-12-25 02:00'";7;57;2;7;1;good
DEBB021;"'2017-12-25 03:00'";6;58;2;6;1;good
DEBB021;"'2017-12-25 04:00'";6;57;2;6;1;good
DEBB021;"'2017-12-25 05:00'";5;56;2;5;1;good
DEBB021;"'2017-12-25 06:00'";8;50;2;7;1;good
DEBB021;"'2017-12-25 07:00'";7;47;5;6;1;good
DEBB021;"'2017-12-25 08:00'";5;48;4;5;1;good
DEBB021;"'2017-12-25 09:00'";4;49;4;4;1;good
DEBB021;"'2017-12-25 10:00'";3;56;4;3;1;good
DEBB021;"'2017-12-25 11:00'";3;49;5;3;1;good
DEBB021;"'2017-12-25 12:00'";4;42;7;4;1;good
DEBB021;"'2017-12-25 13:00'";4;50;7;4;1;good
DEBB021;"'2017-12-25 14:00'";3;47;8;3;1;good
DEBB021;"'2017-12-25 15:00'";3;44;8;3;1;good
DEBB021;"'2017-12-25 16:00'";3;44;9;2;1;good
DEBB021;"'2017-12-25 17:00'";2;40;12;2;1;good
DEBB021;"'2017-12-25 18:00'";1;41;9;0.9;1;good
DEBB021;"'2017-12-25 19:00'";2;46;7;2;1;good
DEBB021;"'2017-12-25 20:00'";3;48;7;3;1;good
DEBB021;"'2017-12-25 21:00'";3;49;6;3;1;good
DEBB021;"'2017-12-25 22:00'";5;46;6;5;1;good
DEBB021;"'2017-12-25 23:00'";6;41;7;7;1;good
DEBB021;"'2017-12-25 24:00'";8;33;12;9;1;good
DEBB021;"'2017-12-26 01:00'";11;28;14;11;1;good
DEBB021;"'2017-12-26 02:00'";11;29;8;11;1;good
DEBB021;"'2017-12-26 03:00'";13;26;8;13;1;good
DEBB021;"'2017-12-26 04:00'";13;23;12;13;1;good
DEBB021;"'2017-12-26 05:00'";12;26;9;12;1;good
DEBB021;"'2017-12-26 06:00'";11;22;14;12;1;good
DEBB021;"'2017-12-26 07:00'";12;22;13;12;1;good
DEBB021;"'2017-12-26 08:00'";12;34;8;12;1;good
DEBB021;"'2017-12-26 09:00'";13;33;8;13;1;good
DEBB021;"'2017-12-26 10:00'";12;34;9;12;1;good
DEBB021;"'2017-12-26 11:00'";12;30;12;12;1;good
DEBB021;"'2017-12-26 12:00'";10;38;11;10;1;good
DEBB021;"'2017-12-26 13:00'";8;50;7;7;1;good
DEBB021;"'2017-12-26 14:00'";8;47;11;7;1;good
DEBB021;"'2017-12-26 15:00'";7;45;12;7;1;good
DEBB021;"'2017-12-26 16:00'";8;42;12;8;1;good
DEBB021;"'2017-12-26 17:00'";5;38;12;5;1;good
DEBB021;"'2017-12-26 18:00'";5;54;9;5;1;good
DEBB021;"'2017-12-26 19:00'";4;56;11;4;1;good
DEBB021;"'2017-12-26 20:00'";3;57;7;3;1;good
DEBB021;"'2017-12-26 21:00'";3;55;9;3;1;good
DEBB021;"'2017-12-26 22:00'";3;53;7;3;1;good
DEBB021;"'2017-12-26 23:00'";2;54;6;2;1;good
DEBB021;"'2017-12-26 24:00'";3;51;6;3;1;good
DEBB021;"'2017-12-27 01:00'";3;49;6;3;1;good
DEBB021;"'2017-12-27 02:00'";3;48;6;3;1;good
DEBB021;"'2017-12-27 03:00'";3;46;6;3;1;good
DEBB021;"'2017-12-27 04:00'";3;43;7;3;1;good
DEBB021;"'2017-12-27 05:00'";4;43;6;3;1;good
DEBB021;"'2017-12-27 06:00'";4;38;8;4;1;good
DEBB021;"'2017-12-27 07:00'";4;22;27;4;1;good
DEBB021;"'2017-12-27 08:00'";4;21;28;4;1;good
DEBB021;"'2017-12-27 09:00'";6;16;32;6;1;moderate
DEBB021;"'2017-12-27 10:00'";9;19;30;9;1;good
DEBB021;"'2017-12-27 11:00'";10;24;28;9;1;good
DEBB021;"'2017-12-27 12:00'";9;31;23;9;1;good
DEBB021;"'2017-12-27 13:00'";12;26;23;11;1;good
DEBB021;"'2017-12-27 14:00'";11;27;21;11;1;good
DEBB021;"'2017-12-27 15:00'";12;23;26;11;1;good
DEBB021;"'2017-12-27 16:00'";12;18;31;11;1;moderate
DEBB021;"'2017-12-27 17:00'";13;13;36;12;1;moderate
DEBB021;"'2017-12-27 18:00'";15;8;40;14;1;moderate
DEBB021;"'2017-12-27 19:00'";17;11;34;16;1;moderate
DEBB021;"'2017-12-27 20:00'";19;7;38;19;1;moderate
DEBB021;"'2017-12-27 21:00'";20;10;30;20;1;moderate
DEBB021;"'2017-12-27 22:00'";20;18;19;20;1;moderate
DEBB021;"'2017-12-27 23:00'";19;17;18;19;1;moderate
DEBB021;"'2017-12-27 24:00'";20;15;18;20;1;moderate
DEBB021;"'2017-12-28 01:00'";20;7;27;20;1;moderate
DEBB021;"'2017-12-28 02:00'";20;2;28;20;1;moderate
DEBB021;"'2017-12-28 03:00'";20;2;25;20;1;moderate
DEBB021;"'2017-12-28 04:00'";19;2;24;19;1;moderate
DEBB021;"'2017-12-28 05:00'";19;2;24;19;1;moderate
DEBB021;"'2017-12-28 06:00'";19;5;26;19;1;moderate
DEBB021;"'2017-12-28 07:00'";19;2;32;18;1;moderate
DEBB021;"'2017-12-28 08:00'";18;4;32;18;1;moderate
DEBB021;"'2017-12-28 09:00'";16;14;25;16;1;moderate
DEBB021;"'2017-12-28 10:00'";14;27;17;14;1;good
DEBB021;"'2017-12-28 11:00'";10;37;14;10;1;good
DEBB021;"'2017-12-28 12:00'";6;51;9;6;1;good
DEBB021;"'2017-12-28 13:00'";6;55;8;6;1;good
DEBB021;"'2017-12-28 14:00'";7;54;8;7;1;good
DEBB021;"'2017-12-28 15:00'";8;52;9;7;1;good
DEBB021;"'2017-12-28 16:00'";8;52;9;7;1;good
DEBB021;"'2017-12-28 17:00'";9;48;11;8;1;good
DEBB021;"'2017-12-28 18:00'";9;45;12;7;1;good
DEBB021;"'2017-12-28 19:00'";9;45;14;7;1;good
DEBB021;"'2017-12-28 20:00'";10;37;20;8;1;good
DEBB021;"'2017-12-28 21:00'";10;34;23;8;1;good
DEBB021;"'2017-12-28 22:00'";9;37;19;8;1;good
DEBB021;"'2017-12-28 23:00'";11;38;16;10;1;good
DEBB021;"'2017-12-28 24:00'";13;38;14;12;1;good
DEBB021;"'2017-12-29 01:00'";16;37;13;16;1;moderate
DEBB021;"'2017-12-29 02:00'";18;37;12;17;1;moderate
DEBB021;"'2017-12-29 03:00'";16;38;10;16;1;moderate
DEBB021;"'2017-12-29 04:00'";15;38;10;15;1;good
DEBB021;"'2017-12-29 05:00'";15;38;10;14;1;good
DEBB021;"'2017-12-29 06:00'";14;38;11;13;1;good
DEBB021;"'2017-12-29 07:00'";14;32;15;13;1;good
DEBB021;"'2017-12-29 08:00'";15;29;16;14;1;good
DEBB021;"'2017-12-29 09:00'";14;31;14;13;1;good
DEBB021;"'2017-12-29 10:00'";14;32;14;13;1;good
DEBB021;"'2017-12-29 11:00'";14;32;15;12;1;good
DEBB021;"'2017-12-29 12:00'";13;33;18;11;1;good
DEBB021;"'2017-12-29 13:00'";12;38;14;10;1;good
DEBB021;"'2017-12-29 14:00'";12;38;14;10;1;good
DEBB021;"'2017-12-29 15:00'";10;40;17;9;1;good
DEBB021;"'2017-12-29 16:00'";9;39;20;8;1;good
DEBB021;"'2017-12-29 17:00'";9;35;18;8;1;good
DEBB021;"'2017-12-29 18:00'";9;36;18;8;1;good
DEBB021;"'2017-12-29 19:00'";9;38;16;8;1;good
DEBB021;"'2017-12-29 20:00'";11;39;13;11;1;good
DEBB021;"'2017-12-29 21:00'";11;38;12;10;1;good
DEBB021;"'2017-12-29 22:00'";11;36;13;11;1;good
DEBB021;"'2017-12-29 23:00'";12;33;13;11;1;good
DEBB021;"'2017-12-29 24:00'";10;37;10;10;1;good
DEBB021;"'2017-12-30 01:00'";9;39;9;9;1;good
DEBB021;"'2017-12-30 02:00'";9;38;9;9;1;good
DEBB021;"'2017-12-30 03:00'";10;36;10;10;1;good
DEBB021;"'2017-12-30 04:00'";11;34;10;11;1;good
DEBB021;"'2017-12-30 05:00'";10;33;10;10;1;good
DEBB021;"'2017-12-30 06:00'";9;36;9;9;1;good
DEBB021;"'2017-12-30 07:00'";9;36;9;9;1;good
DEBB021;"'2017-12-30 08:00'";10;34;10;10;1;good
DEBB021;"'2017-12-30 09:00'";11;34;10;11;1;good
DEBB021;"'2017-12-30 10:00'";10;33;11;11;1;good
DEBB021;"'2017-12-30 11:00'";9;35;11;9;1;good
DEBB021;"'2017-12-30 12:00'";8;40;11;8;1;good
DEBB021;"'2017-12-30 13:00'";7;38;16;7;1;good
DEBB021;"'2017-12-30 14:00'";7;46;12;7;1;good
DEBB021;"'2017-12-30 15:00'";6;53;11;6;1;good
DEBB021;"'2017-12-30 16:00'";5;57;10;5;1;good
DEBB021;"'2017-12-30 17:00'";4;57;10;4;1;good
DEBB021;"'2017-12-30 18:00'";5;57;8;5;1;good
DEBB021;"'2017-12-30 19:00'";4;51;10;4;1;good
DEBB021;"'2017-12-30 20:00'";5;48;10;5;1;good
DEBB021;"'2017-12-30 21:00'";7;50;8;7;1;good
DEBB021;"'2017-12-30 22:00'";8;52;6;8;1;good
DEBB021;"'2017-12-30 23:00'";8;53;6;8;1;good
DEBB021;"'2017-12-30 24:00'";4;72;2;4;1;good
DEBB021;"'2017-12-31 01:00'";4;73;2;4;1;moderate
DEBB021;"'2017-12-31 02:00'";4;74;2;4;1;moderate
DEBB021;"'2017-12-31 03:00'";5;75;2;5;1;moderate
DEBB021;"'2017-12-31 04:00'";6;75;2;5;1;moderate
DEBB021;"'2017-12-31 05:00'";6;73;3;5;1;moderate
DEBB021;"'2017-12-31 06:00'";7;67;4;6;1;good
DEBB021;"'2017-12-31 07:00'";9;61;7;7;1;good
DEBB021;"'2017-12-31 08:00'";9;59;7;7;1;good
DEBB021;"'2017-12-31 09:00'";10;57;8;8;1;good
DEBB021;"'2017-12-31 10:00'";9;56;7;7;1;good
DEBB021;"'2017-12-31 11:00'";9;48;9;9;1;good
DEBB021;"'2017-12-31 12:00'";8;41;13;8;1;good
DEBB021;"'2017-12-31 13:00'";6;47;8;6;1;good
DEBB021;"'2017-12-31 14:00'";4;49;7;4;1;good
DEBB021;"'2017-12-31 15:00'";5;51;5;4;1;good
DEBB021;"'2017-12-31 16:00'";4;54;5;3;1;good
DEBB021;"'2017-12-31 17:00'";4;56;4;4;1;good
DEBB021;"'2017-12-31 18:00'";5;58;3;5;1;good
DEBB021;"'2017-12-31 19:00'";6;59;3;5;1;good
DEBB021;"'2017-12-31 20:00'";6;57;4;6;1;good
DEBB021;"'2017-12-31 21:00'";7;55;5;7;1;good
DEBB021;"'2017-12-31 22:00'";11;53;6;11;1;good
DEBB021;"'2017-12-31 23:00'";7;55;5;7;1;good
DEBB021;"'2017-12-31 24:00'";12;56;4;10;3;good

"Source: German Environment Agency, https://www.umweltbundesamt.de/en/data/air/air-data/air-quality (Status: 21.07.2026). All times are given in the time valid at the time of measurement (CET or CEST)."
