"Station code";Date;"Particulate matter (PM₁₀) One hour average in µg/m³";"Ozone (O₃) One hour average in µg/m³";"Nitrogen dioxide (NO₂) One hour average in µg/m³";"Particulate matter (PM₂,₅) One hour average in µg/m³";"Sulphur dioxide (SO₂) One hour average in µg/m³";"Air quality index"
DEBB021;"'2020-01-01 01:00'";154;25;40;129;22;"very poor"
DEBB021;"'2020-01-01 02:00'";61;44;22;51;5;"very poor"
DEBB021;"'2020-01-01 03:00'";24;54;11;19;1;moderate
DEBB021;"'2020-01-01 04:00'";19;54;8;15;1;good
DEBB021;"'2020-01-01 05:00'";18;55;8;13;1;good
DEBB021;"'2020-01-01 06:00'";16;54;9;12;1;good
DEBB021;"'2020-01-01 07:00'";14;50;9;12;1;good
DEBB021;"'2020-01-01 08:00'";16;47;10;13;1;good
DEBB021;"'2020-01-01 09:00'";18;38;14;14;1;good
DEBB021;"'2020-01-01 10:00'";18;36;16;15;1;good
DEBB021;"'2020-01-01 11:00'";19;41;13;16;1;moderate
DEBB021;"'2020-01-01 12:00'";23;47;11;18;1;moderate
DEBB021;"'2020-01-01 13:00'";23;47;11;19;1;moderate
DEBB021;"'2020-01-01 14:00'";19;58;9;15;1;good
DEBB021;"'2020-01-01 15:00'";15;62;10;11;1;good
DEBB021;"'2020-01-01 16:00'";16;51;18;12;1;good
DEBB021;"'2020-01-01 17:00'";18;36;30;14;1;good
DEBB021;"'2020-01-01 18:00'";18;30;31;14;1;moderate
DEBB021;"'2020-01-01 19:00'";18;22;38;15;1;moderate
DEBB021;"'2020-01-01 20:00'";20;21;33;17;1;moderate
DEBB021;"'2020-01-01 21:00'";22;17;32;20;1;moderate
DEBB021;"'2020-01-01 22:00'";26;7;40;23;1;moderate
DEBB021;"'2020-01-01 23:00'";25;5;35;22;1;moderate
DEBB021;"'2020-01-01 24:00'";24;2;38;22;1;moderate
DEBB021;"'2020-01-02 01:00'";22;6;31;21;1;moderate
DEBB021;"'2020-01-02 02:00'";19;19;17;18;1;moderate
DEBB021;"'2020-01-02 03:00'";19;13;23;17;1;moderate
DEBB021;"'2020-01-02 04:00'";21;2;31;19;1;moderate
DEBB021;"'2020-01-02 05:00'";19;7;26;18;1;moderate
DEBB021;"'2020-01-02 06:00'";19;4;28;18;1;moderate
DEBB021;"'2020-01-02 07:00'";21;2;33;19;1;moderate
DEBB021;"'2020-01-02 08:00'";20;2;36;18;1;moderate
DEBB021;"'2020-01-02 09:00'";21;2;37;19;1;moderate
DEBB021;"'2020-01-02 10:00'";22;4;36;20;1;moderate
DEBB021;"'2020-01-02 11:00'";20;8;32;18;1;moderate
DEBB021;"'2020-01-02 12:00'";17;14;28;15;1;good
DEBB021;"'2020-01-02 13:00'";16;13;31;14;1;moderate
DEBB021;"'2020-01-02 14:00'";14;22;31;11;1;moderate
DEBB021;"'2020-01-02 15:00'";13;26;30;10;1;good
DEBB021;"'2020-01-02 16:00'";11;30;30;9;1;good
DEBB021;"'2020-01-02 17:00'";12;27;33;9;1;moderate
DEBB021;"'2020-01-02 18:00'";16;8;49;11;1;moderate
DEBB021;"'2020-01-02 19:00'";18;2;60;12;1;moderate
DEBB021;"'2020-01-02 20:00'";18;3;55;14;1;moderate
DEBB021;"'2020-01-02 21:00'";17;13;37;15;1;moderate
DEBB021;"'2020-01-02 22:00'";19;18;28;18;1;moderate
DEBB021;"'2020-01-02 23:00'";21;17;24;19;1;moderate
DEBB021;"'2020-01-02 24:00'";19;19;25;18;1;moderate
DEBB021;"'2020-01-03 01:00'";15;31;16;14;1;good
DEBB021;"'2020-01-03 02:00'";13;33;14;13;1;good
DEBB021;"'2020-01-03 03:00'";12;38;12;11;1;good
DEBB021;"'2020-01-03 04:00'";12;38;12;11;1;good
DEBB021;"'2020-01-03 05:00'";10;36;14;10;1;good
DEBB021;"'2020-01-03 06:00'";9;39;12;8;1;good
DEBB021;"'2020-01-03 07:00'";7;41;12;7;1;good
DEBB021;"'2020-01-03 08:00'";7;42;11;6;1;good
DEBB021;"'2020-01-03 09:00'";7;39;13;7;1;good
DEBB021;"'2020-01-03 10:00'";8;35;15;7;1;good
DEBB021;"'2020-01-03 11:00'";8;32;16;8;1;good
DEBB021;"'2020-01-03 12:00'";8;33;15;8;1;good
DEBB021;"'2020-01-03 13:00'";8;35;15;7;1;good
DEBB021;"'2020-01-03 14:00'";7;36;17;7;1;good
DEBB021;"'2020-01-03 15:00'";8;39;15;7;1;good
DEBB021;"'2020-01-03 16:00'";8;40;14;7;1;good
DEBB021;"'2020-01-03 17:00'";9;40;14;8;1;good
DEBB021;"'2020-01-03 18:00'";11;40;13;9;1;good
DEBB021;"'2020-01-03 19:00'";10;41;12;9;1;good
DEBB021;"'2020-01-03 20:00'";9;42;10;8;1;good
DEBB021;"'2020-01-03 21:00'";8;41;10;7;1;good
DEBB021;"'2020-01-03 22:00'";9;38;12;8;1;good
DEBB021;"'2020-01-03 23:00'";5;46;8;5;1;good
DEBB021;"'2020-01-03 24:00'";2;79;2;2;1;moderate
DEBB021;"'2020-01-04 01:00'";4;77;2;3;1;moderate
DEBB021;"'2020-01-04 02:00'";6;72;5;5;1;good
DEBB021;"'2020-01-04 03:00'";8;68;5;6;1;good
DEBB021;"'2020-01-04 04:00'";8;67;5;7;1;good
DEBB021;"'2020-01-04 05:00'";9;66;5;7;1;good
DEBB021;"'2020-01-04 06:00'";8;67;4;6;1;good
DEBB021;"'2020-01-04 07:00'";8;66;6;6;1;good
DEBB021;"'2020-01-04 08:00'";8;63;9;6;1;good
DEBB021;"'2020-01-04 09:00'";9;63;8;7;1;good
DEBB021;"'2020-01-04 10:00'";9;61;9;7;1;good
DEBB021;"'2020-01-04 11:00'";9;58;12;7;1;good
DEBB021;"'2020-01-04 12:00'";8;59;11;7;1;good
DEBB021;"'2020-01-04 13:00'";7;58;11;7;1;good
DEBB021;"'2020-01-04 14:00'";6;59;10;6;1;good
DEBB021;"'2020-01-04 15:00'";5;62;8;5;1;good
DEBB021;"'2020-01-04 16:00'";3;70;7;2;1;good
DEBB021;"'2020-01-04 17:00'";3;76;6;2;1;moderate
DEBB021;"'2020-01-04 18:00'";4;75;7;3;1;moderate
DEBB021;"'2020-01-04 19:00'";5;76;6;4;1;moderate
DEBB021;"'2020-01-04 20:00'";8;75;6;6;1;moderate
DEBB021;"'2020-01-04 21:00'";8;75;5;6;1;moderate
DEBB021;"'2020-01-04 22:00'";8;74;5;6;1;moderate
DEBB021;"'2020-01-04 23:00'";8;71;5;6;1;good
DEBB021;"'2020-01-04 24:00'";8;68;5;6;1;good
DEBB021;"'2020-01-05 01:00'";8;66;5;6;1;good
DEBB021;"'2020-01-05 02:00'";8;63;5;6;1;good
DEBB021;"'2020-01-05 03:00'";8;59;7;6;1;good
DEBB021;"'2020-01-05 04:00'";8;57;6;6;1;good
DEBB021;"'2020-01-05 05:00'";8;54;7;6;1;good
DEBB021;"'2020-01-05 06:00'";9;49;10;6;1;good
DEBB021;"'2020-01-05 07:00'";8;45;12;6;1;good
DEBB021;"'2020-01-05 08:00'";8;40;15;6;1;good
DEBB021;"'2020-01-05 09:00'";8;39;14;6;1;good
DEBB021;"'2020-01-05 10:00'";8;38;16;6;1;good
DEBB021;"'2020-01-05 11:00'";9;37;17;7;1;good
DEBB021;"'2020-01-05 12:00'";12;35;20;10;1;good
DEBB021;"'2020-01-05 13:00'";11;37;20;8;1;good
DEBB021;"'2020-01-05 14:00'";12;37;20;8;1;good
DEBB021;"'2020-01-05 15:00'";11;38;20;7;1;good
DEBB021;"'2020-01-05 16:00'";10;41;18;7;1;good
DEBB021;"'2020-01-05 17:00'";11;34;25;8;1;good
DEBB021;"'2020-01-05 18:00'";11;29;28;8;1;good
DEBB021;"'2020-01-05 19:00'";11;37;22;8;1;good
DEBB021;"'2020-01-05 20:00'";10;42;21;8;1;good
DEBB021;"'2020-01-05 21:00'";10;41;21;7;1;good
DEBB021;"'2020-01-05 22:00'";9;37;22;7;1;good
DEBB021;"'2020-01-05 23:00'";8;42;17;7;1;good
DEBB021;"'2020-01-05 24:00'";7;49;10;7;1;good
DEBB021;"'2020-01-06 01:00'";8;47;11;7;1;good
DEBB021;"'2020-01-06 02:00'";9;43;16;8;1;good
DEBB021;"'2020-01-06 03:00'";9;50;9;8;1;good
DEBB021;"'2020-01-06 04:00'";9;50;7;9;1;good
DEBB021;"'2020-01-06 05:00'";10;46;7;10;1;good
DEBB021;"'2020-01-06 06:00'";12;44;9;11;1;good
DEBB021;"'2020-01-06 07:00'";12;38;15;12;1;good
DEBB021;"'2020-01-06 08:00'";16;40;15;12;1;good
DEBB021;"'2020-01-06 09:00'";15;40;16;13;1;good
DEBB021;"'2020-01-06 10:00'";14;42;18;12;1;good
DEBB021;"'2020-01-06 11:00'";12;51;14;10;1;good
DEBB021;"'2020-01-06 12:00'";14;-;-;12;-;good
DEBB021;"'2020-01-06 13:00'";13;49;12;10;1;good
DEBB021;"'2020-01-06 14:00'";12;55;13;10;1;good
DEBB021;"'2020-01-06 15:00'";14;54;14;12;1;good
DEBB021;"'2020-01-06 16:00'";16;47;18;13;1;good
DEBB021;"'2020-01-06 17:00'";16;46;18;13;1;good
DEBB021;"'2020-01-06 18:00'";14;45;18;13;1;good
DEBB021;"'2020-01-06 19:00'";14;47;17;12;1;good
DEBB021;"'2020-01-06 20:00'";12;46;18;11;1;good
DEBB021;"'2020-01-06 21:00'";12;53;11;11;1;good
DEBB021;"'2020-01-06 22:00'";13;51;14;11;1;good
DEBB021;"'2020-01-06 23:00'";12;47;11;11;1;good
DEBB021;"'2020-01-06 24:00'";13;36;12;12;1;good
DEBB021;"'2020-01-07 01:00'";13;32;12;12;1;good
DEBB021;"'2020-01-07 02:00'";14;30;13;13;1;good
DEBB021;"'2020-01-07 03:00'";14;29;12;13;1;good
DEBB021;"'2020-01-07 04:00'";15;27;12;14;1;good
DEBB021;"'2020-01-07 05:00'";16;21;14;15;1;good
DEBB021;"'2020-01-07 06:00'";15;17;19;14;1;good
DEBB021;"'2020-01-07 07:00'";14;15;25;13;1;good
DEBB021;"'2020-01-07 08:00'";15;9;38;14;1;moderate
DEBB021;"'2020-01-07 09:00'";17;11;35;15;1;moderate
DEBB021;"'2020-01-07 10:00'";19;15;28;16;1;moderate
DEBB021;"'2020-01-07 11:00'";20;15;27;18;1;moderate
DEBB021;"'2020-01-07 12:00'";20;11;32;18;1;moderate
DEBB021;"'2020-01-07 13:00'";16;14;27;15;1;good
DEBB021;"'2020-01-07 14:00'";19;14;25;17;1;moderate
DEBB021;"'2020-01-07 15:00'";19;12;28;17;1;moderate
DEBB021;"'2020-01-07 16:00'";19;9;34;17;1;moderate
DEBB021;"'2020-01-07 17:00'";17;10;33;16;1;moderate
DEBB021;"'2020-01-07 18:00'";18;14;30;16;1;moderate
DEBB021;"'2020-01-07 19:00'";18;11;33;16;1;moderate
DEBB021;"'2020-01-07 20:00'";16;21;21;15;1;good
DEBB021;"'2020-01-07 21:00'";15;24;19;14;1;good
DEBB021;"'2020-01-07 22:00'";14;23;19;13;1;good
DEBB021;"'2020-01-07 23:00'";15;20;17;14;1;good
DEBB021;"'2020-01-07 24:00'";16;18;17;15;1;good
DEBB021;"'2020-01-08 01:00'";16;18;17;15;1;good
DEBB021;"'2020-01-08 02:00'";14;21;15;13;1;good
DEBB021;"'2020-01-08 03:00'";12;25;14;11;1;good
DEBB021;"'2020-01-08 04:00'";11;30;12;10;1;good
DEBB021;"'2020-01-08 05:00'";12;33;12;11;1;good
DEBB021;"'2020-01-08 06:00'";11;36;12;11;1;good
DEBB021;"'2020-01-08 07:00'";10;38;13;9;1;good
DEBB021;"'2020-01-08 08:00'";10;37;16;9;1;good
DEBB021;"'2020-01-08 09:00'";8;41;15;7;1;good
DEBB021;"'2020-01-08 10:00'";8;42;15;6;1;good
DEBB021;"'2020-01-08 11:00'";7;44;14;6;1;good
DEBB021;"'2020-01-08 12:00'";7;45;14;6;1;good
DEBB021;"'2020-01-08 13:00'";7;42;15;6;1;good
DEBB021;"'2020-01-08 14:00'";7;39;16;6;1;good
DEBB021;"'2020-01-08 15:00'";7;37;16;6;1;good
DEBB021;"'2020-01-08 16:00'";6;34;17;5;1;good
DEBB021;"'2020-01-08 17:00'";6;31;17;5;1;good
DEBB021;"'2020-01-08 18:00'";5;31;16;4;1;good
DEBB021;"'2020-01-08 19:00'";4;30;16;3;1;good
DEBB021;"'2020-01-08 20:00'";4;29;14;3;1;good
DEBB021;"'2020-01-08 21:00'";5;29;13;4;1;good
DEBB021;"'2020-01-08 22:00'";5;27;12;5;1;good
DEBB021;"'2020-01-08 23:00'";5;24;13;5;1;good
DEBB021;"'2020-01-08 24:00'";6;24;12;5;1;good
DEBB021;"'2020-01-09 01:00'";8;23;11;7;1;good
DEBB021;"'2020-01-09 02:00'";10;20;11;9;1;good
DEBB021;"'2020-01-09 03:00'";11;18;11;10;1;good
DEBB021;"'2020-01-09 04:00'";11;18;11;10;1;good
DEBB021;"'2020-01-09 05:00'";11;16;12;10;1;good
DEBB021;"'2020-01-09 06:00'";11;15;14;10;1;good
DEBB021;"'2020-01-09 07:00'";10;13;18;10;1;good
DEBB021;"'2020-01-09 08:00'";13;8;23;12;1;good
DEBB021;"'2020-01-09 09:00'";14;6;24;13;1;good
DEBB021;"'2020-01-09 10:00'";11;9;21;10;1;good
DEBB021;"'2020-01-09 11:00'";12;9;20;11;1;good
DEBB021;"'2020-01-09 12:00'";12;11;18;10;1;good
DEBB021;"'2020-01-09 13:00'";8;13;18;7;1;good
DEBB021;"'2020-01-09 14:00'";6;11;20;5;1;good
DEBB021;"'2020-01-09 15:00'";5;13;22;4;1;good
DEBB021;"'2020-01-09 16:00'";4;13;25;3;1;good
DEBB021;"'2020-01-09 17:00'";3;16;24;3;1;good
DEBB021;"'2020-01-09 18:00'";5;20;21;5;1;good
DEBB021;"'2020-01-09 19:00'";8;21;22;8;1;good
DEBB021;"'2020-01-09 20:00'";9;24;19;8;1;good
DEBB021;"'2020-01-09 21:00'";9;27;17;8;1;good
DEBB021;"'2020-01-09 22:00'";11;27;17;10;1;good
DEBB021;"'2020-01-09 23:00'";13;29;15;11;1;good
DEBB021;"'2020-01-09 24:00'";12;33;12;11;1;good
DEBB021;"'2020-01-10 01:00'";13;34;11;12;1;good
DEBB021;"'2020-01-10 02:00'";15;35;10;13;1;good
DEBB021;"'2020-01-10 03:00'";14;37;9;13;1;good
DEBB021;"'2020-01-10 04:00'";10;39;9;9;1;good
DEBB021;"'2020-01-10 05:00'";7;43;7;6;1;good
DEBB021;"'2020-01-10 06:00'";6;43;9;5;1;good
DEBB021;"'2020-01-10 07:00'";6;42;12;5;1;good
DEBB021;"'2020-01-10 08:00'";6;40;13;5;1;good
DEBB021;"'2020-01-10 09:00'";7;37;17;6;1;good
DEBB021;"'2020-01-10 10:00'";7;39;13;6;1;good
DEBB021;"'2020-01-10 11:00'";8;38;15;6;1;good
DEBB021;"'2020-01-10 12:00'";6;42;15;5;1;good
DEBB021;"'2020-01-10 13:00'";4;58;10;3;1;good
DEBB021;"'2020-01-10 14:00'";6;56;11;4;1;good
DEBB021;"'2020-01-10 15:00'";7;52;17;4;1;good
DEBB021;"'2020-01-10 16:00'";6;51;18;4;1;good
DEBB021;"'2020-01-10 17:00'";4;53;13;3;1;good
DEBB021;"'2020-01-10 18:00'";4;52;14;3;1;good
DEBB021;"'2020-01-10 19:00'";5;54;13;4;1;good
DEBB021;"'2020-01-10 20:00'";7;58;10;6;1;good
DEBB021;"'2020-01-10 21:00'";5;54;6;4;1;good
DEBB021;"'2020-01-10 22:00'";4;51;5;4;1;good
DEBB021;"'2020-01-10 23:00'";6;48;6;5;1;good
DEBB021;"'2020-01-10 24:00'";5;50;6;4;1;good
DEBB021;"'2020-01-11 01:00'";2;58;2;2;1;good
DEBB021;"'2020-01-11 02:00'";2;58;5;2;1;good
DEBB021;"'2020-01-11 03:00'";3;58;5;3;1;good
DEBB021;"'2020-01-11 04:00'";5;59;5;4;1;good
DEBB021;"'2020-01-11 05:00'";5;59;4;4;1;good
DEBB021;"'2020-01-11 06:00'";3;60;4;3;1;good
DEBB021;"'2020-01-11 07:00'";3;58;6;2;1;good
DEBB021;"'2020-01-11 08:00'";2;67;4;2;1;good
DEBB021;"'2020-01-11 09:00'";3;66;8;2;1;good
DEBB021;"'2020-01-11 10:00'";5;61;10;4;1;good
DEBB021;"'2020-01-11 11:00'";8;57;11;6;1;good
DEBB021;"'2020-01-11 12:00'";8;58;9;5;1;good
DEBB021;"'2020-01-11 13:00'";9;65;9;7;1;good
DEBB021;"'2020-01-11 14:00'";7;66;12;4;1;good
DEBB021;"'2020-01-11 15:00'";7;64;14;4;1;good
DEBB021;"'2020-01-11 16:00'";6;65;13;4;1;good
DEBB021;"'2020-01-11 17:00'";6;60;15;5;1;good
DEBB021;"'2020-01-11 18:00'";6;54;16;5;1;good
DEBB021;"'2020-01-11 19:00'";8;56;14;6;1;good
DEBB021;"'2020-01-11 20:00'";10;54;14;9;1;good
DEBB021;"'2020-01-11 21:00'";9;55;11;7;1;good
DEBB021;"'2020-01-11 22:00'";10;53;11;8;1;good
DEBB021;"'2020-01-11 23:00'";10;52;10;9;1;good
DEBB021;"'2020-01-11 24:00'";10;51;10;9;1;good
DEBB021;"'2020-01-12 01:00'";10;52;9;9;1;good
DEBB021;"'2020-01-12 02:00'";10;52;9;9;1;good
DEBB021;"'2020-01-12 03:00'";10;52;8;9;1;good
DEBB021;"'2020-01-12 04:00'";11;51;8;10;1;good
DEBB021;"'2020-01-12 05:00'";11;50;8;10;1;good
DEBB021;"'2020-01-12 06:00'";12;48;8;11;1;good
DEBB021;"'2020-01-12 07:00'";12;47;8;11;1;good
DEBB021;"'2020-01-12 08:00'";11;49;7;10;1;good
DEBB021;"'2020-01-12 09:00'";11;48;9;10;1;good
DEBB021;"'2020-01-12 10:00'";11;49;9;10;1;good
DEBB021;"'2020-01-12 11:00'";11;50;9;10;1;good
DEBB021;"'2020-01-12 12:00'";11;52;9;10;1;good
DEBB021;"'2020-01-12 13:00'";11;55;7;10;1;good
DEBB021;"'2020-01-12 14:00'";11;55;8;10;1;good
DEBB021;"'2020-01-12 15:00'";10;54;10;9;1;good
DEBB021;"'2020-01-12 16:00'";10;55;8;9;1;good
DEBB021;"'2020-01-12 17:00'";10;52;10;9;1;good
DEBB021;"'2020-01-12 18:00'";9;53;9;9;1;good
DEBB021;"'2020-01-12 19:00'";8;56;7;7;1;good
DEBB021;"'2020-01-12 20:00'";7;56;7;7;1;good
DEBB021;"'2020-01-12 21:00'";7;56;6;6;1;good
DEBB021;"'2020-01-12 22:00'";6;55;6;5;1;good
DEBB021;"'2020-01-12 23:00'";6;55;6;6;1;good
DEBB021;"'2020-01-12 24:00'";6;56;5;5;1;good
DEBB021;"'2020-01-13 01:00'";6;55;5;5;1;good
DEBB021;"'2020-01-13 02:00'";6;53;6;5;1;good
DEBB021;"'2020-01-13 03:00'";6;52;6;5;1;good
DEBB021;"'2020-01-13 04:00'";6;52;7;6;1;good
DEBB021;"'2020-01-13 05:00'";6;55;6;6;1;good
DEBB021;"'2020-01-13 06:00'";7;48;12;6;1;good
DEBB021;"'2020-01-13 07:00'";8;40;13;7;1;good
DEBB021;"'2020-01-13 08:00'";9;34;17;8;1;good
DEBB021;"'2020-01-13 09:00'";11;26;23;9;1;good
DEBB021;"'2020-01-13 10:00'";11;22;26;9;1;good
DEBB021;"'2020-01-13 11:00'";9;24;24;8;1;good
DEBB021;"'2020-01-13 12:00'";9;31;19;8;1;good
DEBB021;"'2020-01-13 13:00'";9;35;17;8;1;good
DEBB021;"'2020-01-13 14:00'";7;44;12;6;1;good
DEBB021;"'2020-01-13 15:00'";7;47;12;5;1;good
DEBB021;"'2020-01-13 16:00'";7;45;16;5;1;good
DEBB021;"'2020-01-13 17:00'";7;34;21;6;1;good
DEBB021;"'2020-01-13 18:00'";11;22;31;9;1;moderate
DEBB021;"'2020-01-13 19:00'";11;22;28;9;1;good
DEBB021;"'2020-01-13 20:00'";9;33;17;8;1;good
DEBB021;"'2020-01-13 21:00'";10;35;13;9;1;good
DEBB021;"'2020-01-13 22:00'";12;27;16;11;1;good
DEBB021;"'2020-01-13 23:00'";13;20;18;13;1;good
DEBB021;"'2020-01-13 24:00'";13;19;17;13;1;good
DEBB021;"'2020-01-14 01:00'";13;19;15;12;1;good
DEBB021;"'2020-01-14 02:00'";12;22;13;11;1;good
DEBB021;"'2020-01-14 03:00'";12;23;13;11;1;good
DEBB021;"'2020-01-14 04:00'";12;25;12;11;1;good
DEBB021;"'2020-01-14 05:00'";13;30;11;12;1;good
DEBB021;"'2020-01-14 06:00'";13;31;12;12;1;good
DEBB021;"'2020-01-14 07:00'";13;26;19;12;1;good
DEBB021;"'2020-01-14 08:00'";11;31;18;10;1;good
DEBB021;"'2020-01-14 09:00'";9;37;17;8;1;good
DEBB021;"'2020-01-14 10:00'";8;39;17;7;1;good
DEBB021;"'2020-01-14 11:00'";8;39;18;7;1;good
DEBB021;"'2020-01-14 12:00'";7;40;17;7;1;good
DEBB021;"'2020-01-14 13:00'";7;45;15;6;1;good
DEBB021;"'2020-01-14 14:00'";7;47;15;5;1;good
DEBB021;"'2020-01-14 15:00'";6;45;17;5;1;good
DEBB021;"'2020-01-14 16:00'";6;44;19;4;1;good
DEBB021;"'2020-01-14 17:00'";5;45;20;4;1;good
DEBB021;"'2020-01-14 18:00'";5;47;18;4;1;good
DEBB021;"'2020-01-14 19:00'";5;48;16;4;1;good
DEBB021;"'2020-01-14 20:00'";5;49;15;4;1;good
DEBB021;"'2020-01-14 21:00'";5;48;14;4;1;good
DEBB021;"'2020-01-14 22:00'";6;50;14;5;1;good
DEBB021;"'2020-01-14 23:00'";6;50;13;5;1;good
DEBB021;"'2020-01-14 24:00'";5;50;12;5;1;good
DEBB021;"'2020-01-15 01:00'";5;51;11;4;1;good
DEBB021;"'2020-01-15 02:00'";5;50;11;4;1;good
DEBB021;"'2020-01-15 03:00'";5;51;10;4;1;good
DEBB021;"'2020-01-15 04:00'";5;53;9;4;1;good
DEBB021;"'2020-01-15 05:00'";5;53;9;4;1;good
DEBB021;"'2020-01-15 06:00'";5;52;12;4;1;good
DEBB021;"'2020-01-15 07:00'";5;53;13;4;1;good
DEBB021;"'2020-01-15 08:00'";7;52;14;5;1;good
DEBB021;"'2020-01-15 09:00'";7;50;16;5;1;good
DEBB021;"'2020-01-15 10:00'";6;51;15;5;1;good
DEBB021;"'2020-01-15 11:00'";8;51;15;5;1;good
DEBB021;"'2020-01-15 12:00'";7;48;17;5;1;good
DEBB021;"'2020-01-15 13:00'";8;51;16;5;1;good
DEBB021;"'2020-01-15 14:00'";8;51;17;5;1;good
DEBB021;"'2020-01-15 15:00'";8;50;19;6;1;good
DEBB021;"'2020-01-15 16:00'";8;52;18;6;1;good
DEBB021;"'2020-01-15 17:00'";9;46;21;7;1;good
DEBB021;"'2020-01-15 18:00'";10;42;22;7;1;good
DEBB021;"'2020-01-15 19:00'";11;33;22;9;1;good
DEBB021;"'2020-01-15 20:00'";11;34;22;9;1;good
DEBB021;"'2020-01-15 21:00'";10;40;20;8;1;good
DEBB021;"'2020-01-15 22:00'";9;42;18;7;1;good
DEBB021;"'2020-01-15 23:00'";8;44;17;7;1;good
DEBB021;"'2020-01-15 24:00'";8;48;15;6;1;good
DEBB021;"'2020-01-16 01:00'";7;49;14;6;1;good
DEBB021;"'2020-01-16 02:00'";7;51;12;6;1;good
DEBB021;"'2020-01-16 03:00'";6;54;11;5;1;good
DEBB021;"'2020-01-16 04:00'";3;66;7;3;1;good
DEBB021;"'2020-01-16 05:00'";2;70;8;1;1;good
DEBB021;"'2020-01-16 06:00'";3;53;19;2;1;good
DEBB021;"'2020-01-16 07:00'";5;31;43;3;1;moderate
DEBB021;"'2020-01-16 08:00'";6;26;42;4;1;moderate
DEBB021;"'2020-01-16 09:00'";9;22;45;6;1;moderate
DEBB021;"'2020-01-16 10:00'";7;35;30;5;1;good
DEBB021;"'2020-01-16 11:00'";7;42;24;5;1;good
DEBB021;"'2020-01-16 12:00'";8;52;21;4;1;good
DEBB021;"'2020-01-16 13:00'";7;63;13;4;1;good
DEBB021;"'2020-01-16 14:00'";5;65;13;3;1;good
DEBB021;"'2020-01-16 15:00'";6;65;15;3;1;good
DEBB021;"'2020-01-16 16:00'";10;46;29;4;1;good
DEBB021;"'2020-01-16 17:00'";13;23;46;7;1;moderate
DEBB021;"'2020-01-16 18:00'";14;8;63;10;1;poor
DEBB021;"'2020-01-16 19:00'";14;4;68;11;1;poor
DEBB021;"'2020-01-16 20:00'";13;10;51;11;1;moderate
DEBB021;"'2020-01-16 21:00'";16;6;48;14;1;moderate
DEBB021;"'2020-01-16 22:00'";17;6;44;15;1;moderate
DEBB021;"'2020-01-16 23:00'";18;9;37;16;1;moderate
DEBB021;"'2020-01-16 24:00'";19;9;32;17;1;moderate
DEBB021;"'2020-01-17 01:00'";20;8;31;18;1;moderate
DEBB021;"'2020-01-17 02:00'";20;12;26;19;1;moderate
DEBB021;"'2020-01-17 03:00'";20;12;25;19;1;moderate
DEBB021;"'2020-01-17 04:00'";21;13;24;20;1;moderate
DEBB021;"'2020-01-17 05:00'";23;10;24;21;1;moderate
DEBB021;"'2020-01-17 06:00'";26;3;33;24;1;moderate
DEBB021;"'2020-01-17 07:00'";28;2;37;26;1;moderate
DEBB021;"'2020-01-17 08:00'";28;2;37;25;1;moderate
DEBB021;"'2020-01-17 09:00'";29;2;37;26;1;moderate
DEBB021;"'2020-01-17 10:00'";30;4;35;27;1;moderate
DEBB021;"'2020-01-17 11:00'";30;11;33;28;1;moderate
DEBB021;"'2020-01-17 12:00'";27;25;29;25;1;moderate
DEBB021;"'2020-01-17 13:00'";20;41;18;18;1;moderate
DEBB021;"'2020-01-17 14:00'";18;44;15;16;1;moderate
DEBB021;"'2020-01-17 15:00'";16;53;15;14;1;good
DEBB021;"'2020-01-17 16:00'";16;58;15;14;1;good
DEBB021;"'2020-01-17 17:00'";17;50;24;16;1;moderate
DEBB021;"'2020-01-17 18:00'";20;40;27;18;1;moderate
DEBB021;"'2020-01-17 19:00'";22;33;30;20;1;moderate
DEBB021;"'2020-01-17 20:00'";22;30;27;21;1;moderate
DEBB021;"'2020-01-17 21:00'";22;26;22;21;1;moderate
DEBB021;"'2020-01-17 22:00'";22;21;24;20;1;moderate
DEBB021;"'2020-01-17 23:00'";20;23;23;18;1;moderate
DEBB021;"'2020-01-17 24:00'";18;28;19;17;1;moderate
DEBB021;"'2020-01-18 01:00'";17;34;14;15;1;good
DEBB021;"'2020-01-18 02:00'";16;35;13;15;1;good
DEBB021;"'2020-01-18 03:00'";15;34;14;14;1;good
DEBB021;"'2020-01-18 04:00'";14;37;14;13;1;good
DEBB021;"'2020-01-18 05:00'";10;51;10;10;1;good
DEBB021;"'2020-01-18 06:00'";9;55;11;8;1;good
DEBB021;"'2020-01-18 07:00'";9;52;14;8;1;good
DEBB021;"'2020-01-18 08:00'";10;42;22;8;1;good
DEBB021;"'2020-01-18 09:00'";9;39;26;7;1;good
DEBB021;"'2020-01-18 10:00'";8;42;21;6;1;good
DEBB021;"'2020-01-18 11:00'";8;45;21;6;1;good
DEBB021;"'2020-01-18 12:00'";8;53;15;6;1;good
DEBB021;"'2020-01-18 13:00'";8;56;13;5;1;good
DEBB021;"'2020-01-18 14:00'";8;53;17;6;1;good
DEBB021;"'2020-01-18 15:00'";7;55;17;5;1;good
DEBB021;"'2020-01-18 16:00'";5;65;12;4;1;good
DEBB021;"'2020-01-18 17:00'";7;55;20;5;1;good
DEBB021;"'2020-01-18 18:00'";7;52;19;5;1;good
DEBB021;"'2020-01-18 19:00'";7;48;19;6;1;good
DEBB021;"'2020-01-18 20:00'";9;45;22;8;1;good
DEBB021;"'2020-01-18 21:00'";10;50;17;9;1;good
DEBB021;"'2020-01-18 22:00'";9;51;16;8;1;good
DEBB021;"'2020-01-18 23:00'";9;47;20;9;1;good
DEBB021;"'2020-01-18 24:00'";11;42;21;10;1;good
DEBB021;"'2020-01-19 01:00'";14;46;13;13;1;good
DEBB021;"'2020-01-19 02:00'";15;45;12;14;1;good
DEBB021;"'2020-01-19 03:00'";15;43;12;14;1;good
DEBB021;"'2020-01-19 04:00'";15;44;10;13;1;good
DEBB021;"'2020-01-19 05:00'";14;46;9;13;1;good
DEBB021;"'2020-01-19 06:00'";14;45;9;12;1;good
DEBB021;"'2020-01-19 07:00'";13;45;9;12;1;good
DEBB021;"'2020-01-19 08:00'";13;45;9;11;1;good
DEBB021;"'2020-01-19 09:00'";13;50;8;11;1;good
DEBB021;"'2020-01-19 10:00'";12;59;7;10;1;good
DEBB021;"'2020-01-19 11:00'";12;57;7;10;1;good
DEBB021;"'2020-01-19 12:00'";13;58;7;11;1;good
DEBB021;"'2020-01-19 13:00'";14;58;7;12;1;good
DEBB021;"'2020-01-19 14:00'";15;58;8;12;1;good
DEBB021;"'2020-01-19 15:00'";15;57;8;11;1;good
DEBB021;"'2020-01-19 16:00'";13;57;11;10;1;good
DEBB021;"'2020-01-19 17:00'";12;57;11;9;1;good
DEBB021;"'2020-01-19 18:00'";11;62;10;8;1;good
DEBB021;"'2020-01-19 19:00'";14;53;14;11;1;good
DEBB021;"'2020-01-19 20:00'";14;51;13;11;1;good
DEBB021;"'2020-01-19 21:00'";15;47;15;11;1;good
DEBB021;"'2020-01-19 22:00'";14;45;15;11;1;good
DEBB021;"'2020-01-19 23:00'";13;48;12;10;1;good
DEBB021;"'2020-01-19 24:00'";13;43;17;10;1;good
DEBB021;"'2020-01-20 01:00'";11;47;12;9;1;good
DEBB021;"'2020-01-20 02:00'";12;48;11;9;1;good
DEBB021;"'2020-01-20 03:00'";13;43;12;10;1;good
DEBB021;"'2020-01-20 04:00'";13;43;11;10;1;good
DEBB021;"'2020-01-20 05:00'";13;37;14;10;1;good
DEBB021;"'2020-01-20 06:00'";13;29;19;10;1;good
DEBB021;"'2020-01-20 07:00'";14;16;33;11;1;moderate
DEBB021;"'2020-01-20 08:00'";15;9;41;12;1;moderate
DEBB021;"'2020-01-20 09:00'";16;9;38;12;1;moderate
DEBB021;"'2020-01-20 10:00'";16;17;29;13;1;good
DEBB021;"'2020-01-20 11:00'";17;22;26;13;1;good
DEBB021;"'2020-01-20 12:00'";13;38;20;11;1;good
DEBB021;"'2020-01-20 13:00'";13;44;16;11;1;good
DEBB021;"'2020-01-20 14:00'";15;51;15;12;1;good
DEBB021;"'2020-01-20 15:00'";15;52;15;12;1;good
DEBB021;"'2020-01-20 16:00'";12;52;18;10;1;good
DEBB021;"'2020-01-20 17:00'";11;46;18;8;1;good
DEBB021;"'2020-01-20 18:00'";9;49;16;7;1;good
DEBB021;"'2020-01-20 19:00'";8;44;18;7;1;good
DEBB021;"'2020-01-20 20:00'";9;42;17;8;1;good
DEBB021;"'2020-01-20 21:00'";11;38;18;10;1;good
DEBB021;"'2020-01-20 22:00'";12;38;15;11;1;good
DEBB021;"'2020-01-20 23:00'";13;34;17;12;1;good
DEBB021;"'2020-01-20 24:00'";13;36;16;12;1;good
DEBB021;"'2020-01-21 01:00'";13;38;14;12;1;good
DEBB021;"'2020-01-21 02:00'";12;44;11;10;1;good
DEBB021;"'2020-01-21 03:00'";11;45;10;10;1;good
DEBB021;"'2020-01-21 04:00'";11;42;11;10;1;good
DEBB021;"'2020-01-21 05:00'";11;44;10;9;1;good
DEBB021;"'2020-01-21 06:00'";10;41;14;9;1;good
DEBB021;"'2020-01-21 07:00'";10;36;20;8;1;good
DEBB021;"'2020-01-21 08:00'";11;31;27;9;1;good
DEBB021;"'2020-01-21 09:00'";11;22;40;8;1;moderate
DEBB021;"'2020-01-21 10:00'";10;35;26;8;1;good
DEBB021;"'2020-01-21 11:00'";10;42;21;8;1;good
DEBB021;"'2020-01-21 12:00'";11;47;17;9;2;good
DEBB021;"'2020-01-21 13:00'";11;50;16;9;4;good
DEBB021;"'2020-01-21 14:00'";12;49;16;9;4;good
DEBB021;"'2020-01-21 15:00'";13;46;19;10;3;good
DEBB021;"'2020-01-21 16:00'";12;40;23;10;3;good
DEBB021;"'2020-01-21 17:00'";14;24;39;11;3;moderate
DEBB021;"'2020-01-21 18:00'";13;27;32;10;3;moderate
DEBB021;"'2020-01-21 19:00'";12;28;29;11;3;good
DEBB021;"'2020-01-21 20:00'";14;26;32;12;4;moderate
DEBB021;"'2020-01-21 21:00'";14;26;29;12;3;good
DEBB021;"'2020-01-21 22:00'";13;25;29;11;3;good
DEBB021;"'2020-01-21 23:00'";14;25;27;13;1;good
DEBB021;"'2020-01-21 24:00'";18;26;24;16;1;moderate
DEBB021;"'2020-01-22 01:00'";21;27;23;19;1;moderate
DEBB021;"'2020-01-22 02:00'";24;25;24;23;1;moderate
DEBB021;"'2020-01-22 03:00'";25;23;24;23;1;moderate
DEBB021;"'2020-01-22 04:00'";27;22;25;25;1;moderate
DEBB021;"'2020-01-22 05:00'";28;24;23;26;1;moderate
DEBB021;"'2020-01-22 06:00'";28;26;21;26;1;moderate
DEBB021;"'2020-01-22 07:00'";27;28;20;25;1;moderate
DEBB021;"'2020-01-22 08:00'";25;27;22;23;1;moderate
DEBB021;"'2020-01-22 09:00'";23;27;22;21;1;moderate
DEBB021;"'2020-01-22 10:00'";20;29;19;19;1;moderate
DEBB021;"'2020-01-22 11:00'";16;31;18;15;1;good
DEBB021;"'2020-01-22 12:00'";15;32;17;14;1;good
DEBB021;"'2020-01-22 13:00'";14;31;17;13;1;good
DEBB021;"'2020-01-22 14:00'";13;31;17;12;1;good
DEBB021;"'2020-01-22 15:00'";12;31;18;11;1;good
DEBB021;"'2020-01-22 16:00'";13;29;23;11;1;good
DEBB021;"'2020-01-22 17:00'";6;50;18;6;1;good
DEBB021;"'2020-01-22 18:00'";4;70;10;3;1;good
DEBB021;"'2020-01-22 19:00'";7;63;15;5;1;good
DEBB021;"'2020-01-22 20:00'";7;60;15;6;1;good
DEBB021;"'2020-01-22 21:00'";8;60;15;6;1;good
DEBB021;"'2020-01-22 22:00'";6;60;14;5;1;good
DEBB021;"'2020-01-22 23:00'";8;42;18;7;1;good
DEBB021;"'2020-01-22 24:00'";10;29;21;9;1;good
DEBB021;"'2020-01-23 01:00'";11;22;22;10;1;good
DEBB021;"'2020-01-23 02:00'";12;13;25;11;1;good
DEBB021;"'2020-01-23 03:00'";12;15;18;11;1;good
DEBB021;"'2020-01-23 04:00'";12;16;15;11;1;good
DEBB021;"'2020-01-23 05:00'";12;9;21;11;1;good
DEBB021;"'2020-01-23 06:00'";12;9;24;11;1;good
DEBB021;"'2020-01-23 07:00'";17;10;27;13;1;good
DEBB021;"'2020-01-23 08:00'";21;7;32;15;1;moderate
DEBB021;"'2020-01-23 09:00'";20;7;36;15;1;moderate
DEBB021;"'2020-01-23 10:00'";18;9;36;15;1;moderate
DEBB021;"'2020-01-23 11:00'";18;14;33;15;1;moderate
DEBB021;"'2020-01-23 12:00'";17;19;27;15;1;good
DEBB021;"'2020-01-23 13:00'";15;40;18;11;1;good
DEBB021;"'2020-01-23 14:00'";12;63;12;8;1;good
DEBB021;"'2020-01-23 15:00'";13;60;14;8;1;good
DEBB021;"'2020-01-23 16:00'";14;54;19;9;1;good
DEBB021;"'2020-01-23 17:00'";13;52;22;9;1;good
DEBB021;"'2020-01-23 18:00'";14;48;24;9;1;good
DEBB021;"'2020-01-23 19:00'";16;39;31;11;1;moderate
DEBB021;"'2020-01-23 20:00'";15;36;30;12;1;good
DEBB021;"'2020-01-23 21:00'";15;32;31;13;1;moderate
DEBB021;"'2020-01-23 22:00'";19;29;31;17;1;moderate
DEBB021;"'2020-01-23 23:00'";19;25;31;17;1;moderate
DEBB021;"'2020-01-23 24:00'";18;28;26;17;1;moderate
DEBB021;"'2020-01-24 01:00'";21;25;26;19;1;moderate
DEBB021;"'2020-01-24 02:00'";22;25;23;20;1;moderate
DEBB021;"'2020-01-24 03:00'";22;22;21;21;1;moderate
DEBB021;"'2020-01-24 04:00'";23;18;24;21;1;moderate
DEBB021;"'2020-01-24 05:00'";22;7;30;21;1;moderate
DEBB021;"'2020-01-24 06:00'";21;2;33;20;1;moderate
DEBB021;"'2020-01-24 07:00'";24;2;38;22;1;moderate
DEBB021;"'2020-01-24 08:00'";24;2;41;22;1;moderate
DEBB021;"'2020-01-24 09:00'";28;4;37;24;1;moderate
DEBB021;"'2020-01-24 10:00'";29;10;28;26;1;moderate
DEBB021;"'2020-01-24 11:00'";31;16;25;28;1;moderate
DEBB021;"'2020-01-24 12:00'";31;19;25;27;1;moderate
DEBB021;"'2020-01-24 13:00'";27;27;19;25;1;moderate
DEBB021;"'2020-01-24 14:00'";28;28;20;25;1;moderate
DEBB021;"'2020-01-24 15:00'";25;29;21;22;1;moderate
DEBB021;"'2020-01-24 16:00'";26;20;27;25;1;moderate
DEBB021;"'2020-01-24 17:00'";27;13;28;25;1;moderate
DEBB021;"'2020-01-24 18:00'";28;10;31;26;1;moderate
DEBB021;"'2020-01-24 19:00'";29;12;30;27;1;moderate
DEBB021;"'2020-01-24 20:00'";30;10;30;29;1;moderate
DEBB021;"'2020-01-24 21:00'";29;10;30;27;1;moderate
DEBB021;"'2020-01-24 22:00'";27;10;32;26;1;moderate
DEBB021;"'2020-01-24 23:00'";25;11;33;24;1;moderate
DEBB021;"'2020-01-24 24:00'";23;15;28;22;1;moderate
DEBB021;"'2020-01-25 01:00'";22;15;25;21;1;moderate
DEBB021;"'2020-01-25 02:00'";20;19;21;19;1;moderate
DEBB021;"'2020-01-25 03:00'";15;26;17;15;1;good
DEBB021;"'2020-01-25 04:00'";13;26;20;13;1;good
DEBB021;"'2020-01-25 05:00'";14;26;20;14;1;good
DEBB021;"'2020-01-25 06:00'";13;31;13;13;1;good
DEBB021;"'2020-01-25 07:00'";12;32;15;11;1;good
DEBB021;"'2020-01-25 08:00'";14;26;18;13;1;good
DEBB021;"'2020-01-25 09:00'";14;29;17;13;1;good
DEBB021;"'2020-01-25 10:00'";13;29;16;12;1;good
DEBB021;"'2020-01-25 11:00'";12;28;16;11;1;good
DEBB021;"'2020-01-25 12:00'";12;25;22;12;1;good
DEBB021;"'2020-01-25 13:00'";14;26;16;14;1;good
DEBB021;"'2020-01-25 14:00'";14;27;18;13;1;good
DEBB021;"'2020-01-25 15:00'";14;26;18;14;1;good
DEBB021;"'2020-01-25 16:00'";16;22;22;15;1;good
DEBB021;"'2020-01-25 17:00'";15;21;20;14;1;good
DEBB021;"'2020-01-25 18:00'";17;19;21;16;1;moderate
DEBB021;"'2020-01-25 19:00'";16;18;22;15;1;good
DEBB021;"'2020-01-25 20:00'";14;22;20;13;1;good
DEBB021;"'2020-01-25 21:00'";15;25;16;15;1;good
DEBB021;"'2020-01-25 22:00'";18;27;13;17;1;moderate
DEBB021;"'2020-01-25 23:00'";16;29;12;15;1;good
DEBB021;"'2020-01-25 24:00'";13;31;10;12;1;good
DEBB021;"'2020-01-26 01:00'";15;32;10;14;1;good
DEBB021;"'2020-01-26 02:00'";21;28;12;20;1;moderate
DEBB021;"'2020-01-26 03:00'";17;27;12;16;1;moderate
DEBB021;"'2020-01-26 04:00'";12;26;12;12;1;good
DEBB021;"'2020-01-26 05:00'";14;28;13;13;1;good
DEBB021;"'2020-01-26 06:00'";17;27;17;16;1;moderate
DEBB021;"'2020-01-26 07:00'";13;35;12;13;1;good
DEBB021;"'2020-01-26 08:00'";13;34;12;12;1;good
DEBB021;"'2020-01-26 09:00'";15;27;15;14;1;good
DEBB021;"'2020-01-26 10:00'";18;27;15;16;1;moderate
DEBB021;"'2020-01-26 11:00'";17;27;16;16;1;moderate
DEBB021;"'2020-01-26 12:00'";16;26;19;15;1;good
DEBB021;"'2020-01-26 13:00'";16;31;14;15;1;good
DEBB021;"'2020-01-26 14:00'";16;30;15;14;1;good
DEBB021;"'2020-01-26 15:00'";17;26;17;16;1;moderate
DEBB021;"'2020-01-26 16:00'";18;22;18;17;1;moderate
DEBB021;"'2020-01-26 17:00'";16;20;18;15;1;good
DEBB021;"'2020-01-26 18:00'";18;13;22;16;1;moderate
DEBB021;"'2020-01-26 19:00'";18;14;19;15;1;good
DEBB021;"'2020-01-26 20:00'";20;10;22;16;1;moderate
DEBB021;"'2020-01-26 21:00'";19;11;18;17;1;moderate
DEBB021;"'2020-01-26 22:00'";19;6;23;18;1;moderate
DEBB021;"'2020-01-26 23:00'";22;3;24;20;1;moderate
DEBB021;"'2020-01-26 24:00'";24;2;25;22;1;moderate
DEBB021;"'2020-01-27 01:00'";24;2;26;22;1;moderate
DEBB021;"'2020-01-27 02:00'";24;2;27;21;1;moderate
DEBB021;"'2020-01-27 03:00'";24;2;27;22;1;moderate
DEBB021;"'2020-01-27 04:00'";24;8;25;22;1;moderate
DEBB021;"'2020-01-27 05:00'";25;5;25;22;1;moderate
DEBB021;"'2020-01-27 06:00'";25;14;20;23;1;moderate
DEBB021;"'2020-01-27 07:00'";26;13;27;23;1;moderate
DEBB021;"'2020-01-27 08:00'";27;2;39;24;1;moderate
DEBB021;"'2020-01-27 09:00'";24;19;26;21;1;moderate
DEBB021;"'2020-01-27 10:00'";24;23;25;20;1;moderate
DEBB021;"'2020-01-27 11:00'";22;26;23;19;1;moderate
DEBB021;"'2020-01-27 12:00'";21;34;20;17;1;moderate
DEBB021;"'2020-01-27 13:00'";21;39;20;16;1;moderate
DEBB021;"'2020-01-27 14:00'";23;41;19;15;1;good
DEBB021;"'2020-01-27 15:00'";19;44;19;13;1;good
DEBB021;"'2020-01-27 16:00'";21;38;22;13;1;good
DEBB021;"'2020-01-27 17:00'";18;36;24;13;1;good
DEBB021;"'2020-01-27 18:00'";17;36;24;12;1;good
DEBB021;"'2020-01-27 19:00'";15;41;19;11;1;good
DEBB021;"'2020-01-27 20:00'";15;41;17;10;1;good
DEBB021;"'2020-01-27 21:00'";15;39;16;12;1;good
DEBB021;"'2020-01-27 22:00'";17;35;17;13;1;good
DEBB021;"'2020-01-27 23:00'";16;38;14;13;1;good
DEBB021;"'2020-01-27 24:00'";18;35;14;14;1;good
DEBB021;"'2020-01-28 01:00'";19;32;14;15;1;good
DEBB021;"'2020-01-28 02:00'";19;34;13;15;1;good
DEBB021;"'2020-01-28 03:00'";15;36;12;12;1;good
DEBB021;"'2020-01-28 04:00'";12;40;11;10;1;good
DEBB021;"'2020-01-28 05:00'";11;43;10;9;1;good
DEBB021;"'2020-01-28 06:00'";9;46;10;7;1;good
DEBB021;"'2020-01-28 07:00'";6;49;11;5;1;good
DEBB021;"'2020-01-28 08:00'";4;49;14;3;1;good
DEBB021;"'2020-01-28 09:00'";3;46;17;2;1;good
DEBB021;"'2020-01-28 10:00'";2;47;16;1;1;good
DEBB021;"'2020-01-28 11:00'";3;53;13;2;1;good
DEBB021;"'2020-01-28 12:00'";3;59;12;1;1;good
DEBB021;"'2020-01-28 13:00'";3;54;16;2;1;good
DEBB021;"'2020-01-28 14:00'";2;56;15;1;1;good
DEBB021;"'2020-01-28 15:00'";2;63;15;1;1;good
DEBB021;"'2020-01-28 16:00'";3;69;13;2;1;good
DEBB021;"'2020-01-28 17:00'";3;66;16;2;1;good
DEBB021;"'2020-01-28 18:00'";4;65;15;3;1;good
DEBB021;"'2020-01-28 19:00'";3;65;16;3;1;good
DEBB021;"'2020-01-28 20:00'";4;66;14;4;1;good
DEBB021;"'2020-01-28 21:00'";4;67;13;4;1;good
DEBB021;"'2020-01-28 22:00'";5;69;10;5;1;good
DEBB021;"'2020-01-28 23:00'";6;71;9;5;1;good
DEBB021;"'2020-01-28 24:00'";6;70;9;5;1;good
DEBB021;"'2020-01-29 01:00'";7;66;10;6;1;good
DEBB021;"'2020-01-29 02:00'";6;66;9;6;1;good
DEBB021;"'2020-01-29 03:00'";6;65;9;6;1;good
DEBB021;"'2020-01-29 04:00'";7;64;8;6;1;good
DEBB021;"'2020-01-29 05:00'";6;63;9;6;1;good
DEBB021;"'2020-01-29 06:00'";6;64;10;5;1;good
DEBB021;"'2020-01-29 07:00'";5;62;12;4;1;good
DEBB021;"'2020-01-29 08:00'";5;58;16;4;1;good
DEBB021;"'2020-01-29 09:00'";6;58;15;5;1;good
DEBB021;"'2020-01-29 10:00'";7;57;15;5;1;good
DEBB021;"'2020-01-29 11:00'";8;58;13;6;1;good
DEBB021;"'2020-01-29 12:00'";10;60;12;8;-;good
DEBB021;"'2020-01-29 13:00'";7;62;11;6;1;good
DEBB021;"'2020-01-29 14:00'";7;63;12;5;1;good
DEBB021;"'2020-01-29 15:00'";7;64;12;5;1;good
DEBB021;"'2020-01-29 16:00'";6;64;13;4;1;good
DEBB021;"'2020-01-29 17:00'";6;61;14;5;1;good
DEBB021;"'2020-01-29 18:00'";6;58;15;5;1;good
DEBB021;"'2020-01-29 19:00'";6;55;14;6;1;good
DEBB021;"'2020-01-29 20:00'";5;55;12;4;1;good
DEBB021;"'2020-01-29 21:00'";3;57;9;3;1;good
DEBB021;"'2020-01-29 22:00'";5;62;7;4;1;good
DEBB021;"'2020-01-29 23:00'";8;61;8;7;1;good
DEBB021;"'2020-01-29 24:00'";9;61;8;8;1;good
DEBB021;"'2020-01-30 01:00'";9;60;9;8;1;good
DEBB021;"'2020-01-30 02:00'";9;52;14;8;1;good
DEBB021;"'2020-01-30 03:00'";9;55;12;7;1;good
DEBB021;"'2020-01-30 04:00'";8;57;7;7;1;good
DEBB021;"'2020-01-30 05:00'";8;57;7;7;1;good
DEBB021;"'2020-01-30 06:00'";8;55;9;7;1;good
DEBB021;"'2020-01-30 07:00'";8;53;12;7;1;good
DEBB021;"'2020-01-30 08:00'";7;56;12;5;1;good
DEBB021;"'2020-01-30 09:00'";8;58;13;5;1;good
DEBB021;"'2020-01-30 10:00'";7;59;14;5;1;good
DEBB021;"'2020-01-30 11:00'";6;61;14;5;1;good
DEBB021;"'2020-01-30 12:00'";8;66;11;6;1;good
DEBB021;"'2020-01-30 13:00'";6;67;10;5;1;good
DEBB021;"'2020-01-30 14:00'";5;71;9;4;1;good
DEBB021;"'2020-01-30 15:00'";6;69;12;4;1;good
DEBB021;"'2020-01-30 16:00'";9;63;16;5;1;good
DEBB021;"'2020-01-30 17:00'";9;60;17;4;1;good
DEBB021;"'2020-01-30 18:00'";6;61;14;4;1;good
DEBB021;"'2020-01-30 19:00'";8;55;17;5;1;good
DEBB021;"'2020-01-30 20:00'";6;54;15;4;1;good
DEBB021;"'2020-01-30 21:00'";6;56;13;5;1;good
DEBB021;"'2020-01-30 22:00'";7;56;12;6;1;good
DEBB021;"'2020-01-30 23:00'";6;55;12;5;1;good
DEBB021;"'2020-01-30 24:00'";6;58;10;5;1;good
DEBB021;"'2020-01-31 01:00'";5;58;8;5;1;good
DEBB021;"'2020-01-31 02:00'";5;57;7;4;1;good
DEBB021;"'2020-01-31 03:00'";4;55;6;3;1;good
DEBB021;"'2020-01-31 04:00'";2;50;7;1;1;good
DEBB021;"'2020-01-31 05:00'";0.8;45;8;1;1;good
DEBB021;"'2020-01-31 06:00'";3;44;9;3;1;good
DEBB021;"'2020-01-31 07:00'";5;49;10;4;1;good
DEBB021;"'2020-01-31 08:00'";6;55;10;6;1;good
DEBB021;"'2020-01-31 09:00'";7;54;11;6;1;good
DEBB021;"'2020-01-31 10:00'";6;58;10;5;1;good
DEBB021;"'2020-01-31 11:00'";6;69;8;4;1;good
DEBB021;"'2020-01-31 12:00'";7;74;7;5;1;moderate
DEBB021;"'2020-01-31 13:00'";8;70;8;6;1;good
DEBB021;"'2020-01-31 14:00'";9;65;9;7;1;good
DEBB021;"'2020-01-31 15:00'";10;61;11;8;1;good
DEBB021;"'2020-01-31 16:00'";10;55;14;7;1;good
DEBB021;"'2020-01-31 17:00'";8;50;21;6;1;good
DEBB021;"'2020-01-31 18:00'";10;40;32;8;1;moderate
DEBB021;"'2020-01-31 19:00'";11;43;26;9;1;good
DEBB021;"'2020-01-31 20:00'";11;46;18;9;1;good
DEBB021;"'2020-01-31 21:00'";11;45;17;10;1;good
DEBB021;"'2020-01-31 22:00'";9;43;17;8;1;good
DEBB021;"'2020-01-31 23:00'";7;44;18;6;1;good
DEBB021;"'2020-01-31 24:00'";6;48;12;5;1;good
DEBB021;"'2020-02-01 01:00'";6;44;14;5;1;good
DEBB021;"'2020-02-01 02:00'";4;52;7;3;1;good
DEBB021;"'2020-02-01 03:00'";3;56;6;2;1;good
DEBB021;"'2020-02-01 04:00'";2;55;7;2;1;good
DEBB021;"'2020-02-01 05:00'";2;56;5;1;1;good
DEBB021;"'2020-02-01 06:00'";2;53;6;1;1;good
DEBB021;"'2020-02-01 07:00'";1;51;7;1;1;good
DEBB021;"'2020-02-01 08:00'";2;50;7;1;1;good
DEBB021;"'2020-02-01 09:00'";2;49;8;1;1;good
DEBB021;"'2020-02-01 10:00'";2;53;7;1;1;good
DEBB021;"'2020-02-01 11:00'";2;52;8;1;1;good
DEBB021;"'2020-02-01 12:00'";2;51;9;1;1;good
DEBB021;"'2020-02-01 13:00'";2;51;8;1;1;good
DEBB021;"'2020-02-01 14:00'";2;50;9;2;1;good
DEBB021;"'2020-02-01 15:00'";2;49;8;1;1;good
DEBB021;"'2020-02-01 16:00'";3;47;10;2;1;good
DEBB021;"'2020-02-01 17:00'";4;44;12;3;1;good
DEBB021;"'2020-02-01 18:00'";1;47;10;1;1;good
DEBB021;"'2020-02-01 19:00'";3;48;11;2;1;good
DEBB021;"'2020-02-01 20:00'";5;53;9;5;1;good
DEBB021;"'2020-02-01 21:00'";6;60;9;5;1;good
DEBB021;"'2020-02-01 22:00'";6;65;7;5;1;good
DEBB021;"'2020-02-01 23:00'";7;64;8;5;1;good
DEBB021;"'2020-02-01 24:00'";7;68;7;5;1;good
DEBB021;"'2020-02-02 01:00'";7;71;7;6;1;good
DEBB021;"'2020-02-02 02:00'";8;71;7;6;1;good
DEBB021;"'2020-02-02 03:00'";8;71;6;6;1;good
DEBB021;"'2020-02-02 04:00'";8;72;6;6;1;good
DEBB021;"'2020-02-02 05:00'";7;71;5;5;1;good
DEBB021;"'2020-02-02 06:00'";6;72;5;5;1;good
DEBB021;"'2020-02-02 07:00'";6;70;6;5;1;good
DEBB021;"'2020-02-02 08:00'";7;67;7;6;1;good
DEBB021;"'2020-02-02 09:00'";7;67;6;6;1;good
DEBB021;"'2020-02-02 10:00'";7;66;7;6;1;good
DEBB021;"'2020-02-02 11:00'";7;67;7;6;1;good
DEBB021;"'2020-02-02 12:00'";7;67;8;6;1;good
DEBB021;"'2020-02-02 13:00'";8;66;8;7;1;good
DEBB021;"'2020-02-02 14:00'";7;66;8;6;1;good
DEBB021;"'2020-02-02 15:00'";5;66;11;4;1;good
DEBB021;"'2020-02-02 16:00'";3;66;9;3;1;good
DEBB021;"'2020-02-02 17:00'";3;66;13;3;1;good
DEBB021;"'2020-02-02 18:00'";4;65;13;4;1;good
DEBB021;"'2020-02-02 19:00'";5;60;15;5;1;good
DEBB021;"'2020-02-02 20:00'";6;58;13;5;1;good
DEBB021;"'2020-02-02 21:00'";7;58;13;6;1;good
DEBB021;"'2020-02-02 22:00'";5;64;8;4;1;good
DEBB021;"'2020-02-02 23:00'";4;65;8;3;1;good
DEBB021;"'2020-02-02 24:00'";3;67;6;3;1;good
DEBB021;"'2020-02-03 01:00'";5;58;7;4;1;good
DEBB021;"'2020-02-03 02:00'";4;59;6;4;1;good
DEBB021;"'2020-02-03 03:00'";5;53;10;4;1;good
DEBB021;"'2020-02-03 04:00'";5;52;9;4;1;good
DEBB021;"'2020-02-03 05:00'";6;51;9;5;1;good
DEBB021;"'2020-02-03 06:00'";6;50;10;6;1;good
DEBB021;"'2020-02-03 07:00'";6;49;12;6;1;good
DEBB021;"'2020-02-03 08:00'";5;46;19;5;1;good
DEBB021;"'2020-02-03 09:00'";5;36;30;4;1;good
DEBB021;"'2020-02-03 10:00'";6;40;26;5;1;good
DEBB021;"'2020-02-03 11:00'";7;53;15;6;1;good
DEBB021;"'2020-02-03 12:00'";8;62;10;7;1;good
DEBB021;"'2020-02-03 13:00'";9;63;9;7;1;good
DEBB021;"'2020-02-03 14:00'";11;61;11;9;1;good
DEBB021;"'2020-02-03 15:00'";8;64;11;6;1;good
DEBB021;"'2020-02-03 16:00'";3;66;10;3;1;good
DEBB021;"'2020-02-03 17:00'";3;64;10;3;1;good
DEBB021;"'2020-02-03 18:00'";5;62;11;4;1;good
DEBB021;"'2020-02-03 19:00'";5;65;10;5;1;good
DEBB021;"'2020-02-03 20:00'";5;65;10;4;1;good
DEBB021;"'2020-02-03 21:00'";6;64;9;5;1;good
DEBB021;"'2020-02-03 22:00'";5;63;8;4;1;good
DEBB021;"'2020-02-03 23:00'";6;61;10;5;1;good
DEBB021;"'2020-02-03 24:00'";6;62;9;5;1;good
DEBB021;"'2020-02-04 01:00'";6;55;12;5;1;good
DEBB021;"'2020-02-04 02:00'";6;54;13;5;1;good
DEBB021;"'2020-02-04 03:00'";6;58;10;5;1;good
DEBB021;"'2020-02-04 04:00'";5;69;7;4;1;good
DEBB021;"'2020-02-04 05:00'";4;67;7;3;1;good
DEBB021;"'2020-02-04 06:00'";5;61;9;4;1;good
DEBB021;"'2020-02-04 07:00'";6;56;12;5;1;good
DEBB021;"'2020-02-04 08:00'";7;54;13;6;1;good
DEBB021;"'2020-02-04 09:00'";9;55;14;6;1;good
DEBB021;"'2020-02-04 10:00'";8;58;11;6;1;good
DEBB021;"'2020-02-04 11:00'";6;63;9;5;1;good
DEBB021;"'2020-02-04 12:00'";7;67;8;5;1;good
DEBB021;"'2020-02-04 13:00'";6;70;7;4;1;good
DEBB021;"'2020-02-04 14:00'";5;71;7;3;1;good
DEBB021;"'2020-02-04 15:00'";3;72;7;2;1;good
DEBB021;"'2020-02-04 16:00'";3;72;7;2;1;good
DEBB021;"'2020-02-04 17:00'";3;71;8;3;1;good
DEBB021;"'2020-02-04 18:00'";5;70;9;4;1;good
DEBB021;"'2020-02-04 19:00'";5;68;9;4;1;good
DEBB021;"'2020-02-04 20:00'";5;68;8;5;1;good
DEBB021;"'2020-02-04 21:00'";5;71;6;4;1;good
DEBB021;"'2020-02-04 22:00'";2;69;3;2;1;good
DEBB021;"'2020-02-04 23:00'";0.8;65;2;1;1;good
DEBB021;"'2020-02-04 24:00'";0.8;64;2;1;1;good
DEBB021;"'2020-02-05 01:00'";2;65;2;1;1;good
DEBB021;"'2020-02-05 02:00'";2;64;2;1;1;good
DEBB021;"'2020-02-05 03:00'";2;60;2;2;1;good
DEBB021;"'2020-02-05 04:00'";0.8;54;2;1;1;good
DEBB021;"'2020-02-05 05:00'";0.8;57;2;1;1;good
DEBB021;"'2020-02-05 06:00'";0.8;60;5;1;1;good
DEBB021;"'2020-02-05 07:00'";0.8;57;7;1;1;good
DEBB021;"'2020-02-05 08:00'";0.8;59;9;1;1;good
DEBB021;"'2020-02-05 09:00'";0.8;53;14;1;1;good
DEBB021;"'2020-02-05 10:00'";0.8;59;8;1;1;good
DEBB021;"'2020-02-05 11:00'";1;59;7;1;1;good
DEBB021;"'2020-02-05 12:00'";2;61;7;1;1;good
DEBB021;"'2020-02-05 13:00'";3;63;6;2;1;good
DEBB021;"'2020-02-05 14:00'";4;65;6;3;1;good
DEBB021;"'2020-02-05 15:00'";4;64;6;3;1;good
DEBB021;"'2020-02-05 16:00'";5;59;8;4;1;good
DEBB021;"'2020-02-05 17:00'";6;55;12;4;1;good
DEBB021;"'2020-02-05 18:00'";8;46;18;6;1;good
DEBB021;"'2020-02-05 19:00'";9;34;28;7;1;good
DEBB021;"'2020-02-05 20:00'";8;40;18;6;1;good
DEBB021;"'2020-02-05 21:00'";8;40;18;6;1;good
DEBB021;"'2020-02-05 22:00'";8;36;21;6;1;good
DEBB021;"'2020-02-05 23:00'";7;39;17;5;1;good
DEBB021;"'2020-02-05 24:00'";7;39;17;5;1;good
DEBB021;"'2020-02-06 01:00'";8;38;17;6;1;good
DEBB021;"'2020-02-06 02:00'";10;39;16;8;1;good
DEBB021;"'2020-02-06 03:00'";12;40;15;10;1;good
DEBB021;"'2020-02-06 04:00'";14;44;13;12;1;good
DEBB021;"'2020-02-06 05:00'";13;47;11;12;1;good
DEBB021;"'2020-02-06 06:00'";12;49;12;10;1;good
DEBB021;"'2020-02-06 07:00'";11;51;13;9;1;good
DEBB021;"'2020-02-06 08:00'";12;49;15;9;1;good
DEBB021;"'2020-02-06 09:00'";14;48;15;10;1;good
DEBB021;"'2020-02-06 10:00'";13;48;16;11;1;good
DEBB021;"'2020-02-06 11:00'";14;50;14;11;1;good
DEBB021;"'2020-02-06 12:00'";12;53;13;10;1;good
DEBB021;"'2020-02-06 13:00'";11;58;10;9;1;good
DEBB021;"'2020-02-06 14:00'";8;65;10;7;1;good
DEBB021;"'2020-02-06 15:00'";9;60;13;8;1;good
DEBB021;"'2020-02-06 16:00'";7;60;15;6;1;good
DEBB021;"'2020-02-06 17:00'";8;61;11;7;1;good
DEBB021;"'2020-02-06 18:00'";8;60;11;7;1;good
DEBB021;"'2020-02-06 19:00'";10;58;10;9;1;good
DEBB021;"'2020-02-06 20:00'";10;57;11;9;1;good
DEBB021;"'2020-02-06 21:00'";12;55;10;11;1;good
DEBB021;"'2020-02-06 22:00'";14;51;11;13;1;good
DEBB021;"'2020-02-06 23:00'";17;47;11;15;1;good
DEBB021;"'2020-02-06 24:00'";18;44;12;16;1;moderate
DEBB021;"'2020-02-07 01:00'";19;43;11;17;1;moderate
DEBB021;"'2020-02-07 02:00'";18;44;11;16;1;moderate
DEBB021;"'2020-02-07 03:00'";18;43;10;16;1;moderate
DEBB021;"'2020-02-07 04:00'";18;40;11;16;1;moderate
DEBB021;"'2020-02-07 05:00'";17;39;11;15;1;good
DEBB021;"'2020-02-07 06:00'";17;37;12;15;1;good
DEBB021;"'2020-02-07 07:00'";17;31;18;15;1;good
DEBB021;"'2020-02-07 08:00'";16;24;26;14;1;good
DEBB021;"'2020-02-07 09:00'";17;27;23;14;1;good
DEBB021;"'2020-02-07 10:00'";16;32;19;13;1;good
DEBB021;"'2020-02-07 11:00'";15;38;17;13;1;good
DEBB021;"'2020-02-07 12:00'";14;42;17;12;1;good
DEBB021;"'2020-02-07 13:00'";14;42;15;12;1;good
DEBB021;"'2020-02-07 14:00'";12;39;22;10;1;good
DEBB021;"'2020-02-07 15:00'";9;59;15;8;1;good
DEBB021;"'2020-02-07 16:00'";10;49;21;8;1;good
DEBB021;"'2020-02-07 17:00'";10;42;24;8;1;good
DEBB021;"'2020-02-07 18:00'";10;43;22;8;1;good
DEBB021;"'2020-02-07 19:00'";13;24;38;11;1;moderate
DEBB021;"'2020-02-07 20:00'";16;15;40;14;1;moderate
DEBB021;"'2020-02-07 21:00'";15;20;35;13;1;moderate
DEBB021;"'2020-02-07 22:00'";14;27;27;13;1;good
DEBB021;"'2020-02-07 23:00'";14;33;19;12;1;good
DEBB021;"'2020-02-07 24:00'";13;45;12;12;1;good
DEBB021;"'2020-02-08 01:00'";14;47;9;13;1;good
DEBB021;"'2020-02-08 02:00'";13;44;10;12;1;good
DEBB021;"'2020-02-08 03:00'";13;38;12;12;1;good
DEBB021;"'2020-02-08 04:00'";13;30;15;12;1;good
DEBB021;"'2020-02-08 05:00'";16;23;15;15;1;good
DEBB021;"'2020-02-08 06:00'";19;23;11;17;1;moderate
DEBB021;"'2020-02-08 07:00'";18;20;13;16;1;moderate
DEBB021;"'2020-02-08 08:00'";16;19;14;15;1;good
DEBB021;"'2020-02-08 09:00'";17;19;15;15;1;good
DEBB021;"'2020-02-08 10:00'";17;26;13;15;1;good
DEBB021;"'2020-02-08 11:00'";15;39;11;14;1;good
DEBB021;"'2020-02-08 12:00'";13;49;10;12;1;good
DEBB021;"'2020-02-08 13:00'";12;55;9;10;1;good
DEBB021;"'2020-02-08 14:00'";11;57;11;10;1;good
DEBB021;"'2020-02-08 15:00'";10;57;11;9;1;good
DEBB021;"'2020-02-08 16:00'";10;54;12;9;1;good
DEBB021;"'2020-02-08 17:00'";11;49;15;10;1;good
DEBB021;"'2020-02-08 18:00'";11;42;21;10;1;good
DEBB021;"'2020-02-08 19:00'";17;36;24;15;1;good
DEBB021;"'2020-02-08 20:00'";20;35;25;18;1;moderate
DEBB021;"'2020-02-08 21:00'";12;42;17;11;1;good
DEBB021;"'2020-02-08 22:00'";12;43;14;11;1;good
DEBB021;"'2020-02-08 23:00'";13;39;16;12;1;good
DEBB021;"'2020-02-08 24:00'";14;38;15;13;1;good
DEBB021;"'2020-02-09 01:00'";15;37;14;13;1;good
DEBB021;"'2020-02-09 02:00'";16;36;15;14;1;good
DEBB021;"'2020-02-09 03:00'";17;39;13;15;1;good
DEBB021;"'2020-02-09 04:00'";18;39;12;16;1;moderate
DEBB021;"'2020-02-09 05:00'";18;37;12;15;1;good
DEBB021;"'2020-02-09 06:00'";18;37;12;16;1;moderate
DEBB021;"'2020-02-09 07:00'";18;35;13;16;1;moderate
DEBB021;"'2020-02-09 08:00'";19;37;13;17;1;moderate
DEBB021;"'2020-02-09 09:00'";19;42;13;16;1;moderate
DEBB021;"'2020-02-09 10:00'";18;48;11;15;1;good
DEBB021;"'2020-02-09 11:00'";18;51;11;16;1;moderate
DEBB021;"'2020-02-09 12:00'";17;55;11;15;1;good
DEBB021;"'2020-02-09 13:00'";15;65;9;12;1;good
DEBB021;"'2020-02-09 14:00'";12;70;9;9;1;good
DEBB021;"'2020-02-09 15:00'";11;71;8;8;1;good
DEBB021;"'2020-02-09 16:00'";9;74;7;7;1;moderate
DEBB021;"'2020-02-09 17:00'";8;75;7;6;1;moderate
DEBB021;"'2020-02-09 18:00'";9;73;8;6;1;moderate
DEBB021;"'2020-02-09 19:00'";8;75;7;5;1;moderate
DEBB021;"'2020-02-09 20:00'";8;77;6;5;1;moderate
DEBB021;"'2020-02-09 21:00'";8;78;6;4;1;moderate
DEBB021;"'2020-02-09 22:00'";7;77;5;4;1;moderate
DEBB021;"'2020-02-09 23:00'";7;77;5;4;1;moderate
DEBB021;"'2020-02-09 24:00'";7;76;3;4;1;moderate
DEBB021;"'2020-02-10 01:00'";7;75;2;3;1;moderate
DEBB021;"'2020-02-10 02:00'";8;74;2;3;1;moderate
DEBB021;"'2020-02-10 03:00'";6;73;2;3;1;moderate
DEBB021;"'2020-02-10 04:00'";1;82;2;1;1;moderate
DEBB021;"'2020-02-10 05:00'";0.8;89;2;1;1;moderate
DEBB021;"'2020-02-10 06:00'";0.8;78;6;1;1;moderate
DEBB021;"'2020-02-10 07:00'";1;72;8;1;1;good
DEBB021;"'2020-02-10 08:00'";3;60;15;2;1;good
DEBB021;"'2020-02-10 09:00'";5;62;10;4;1;good
DEBB021;"'2020-02-10 10:00'";5;62;11;4;1;good
DEBB021;"'2020-02-10 11:00'";3;61;11;2;1;good
DEBB021;"'2020-02-10 12:00'";0.8;67;8;1;1;good
DEBB021;"'2020-02-10 13:00'";1;68;8;1;1;good
DEBB021;"'2020-02-10 14:00'";0.8;77;6;1;1;moderate
DEBB021;"'2020-02-10 15:00'";2;80;5;1;1;moderate
DEBB021;"'2020-02-10 16:00'";3;79;6;2;1;moderate
DEBB021;"'2020-02-10 17:00'";3;77;7;2;1;moderate
DEBB021;"'2020-02-10 18:00'";2;73;10;2;1;moderate
DEBB021;"'2020-02-10 19:00'";3;72;12;2;1;good
DEBB021;"'2020-02-10 20:00'";3;72;10;2;1;good
DEBB021;"'2020-02-10 21:00'";4;72;8;3;1;good
DEBB021;"'2020-02-10 22:00'";5;68;9;4;1;good
DEBB021;"'2020-02-10 23:00'";5;68;6;4;1;good
DEBB021;"'2020-02-10 24:00'";3;69;6;3;1;good
DEBB021;"'2020-02-11 01:00'";0.8;72;5;1;1;good
DEBB021;"'2020-02-11 02:00'";0.8;73;3;1;1;moderate
DEBB021;"'2020-02-11 03:00'";0.8;82;2;1;1;moderate
DEBB021;"'2020-02-11 04:00'";0.8;79;3;1;1;moderate
DEBB021;"'2020-02-11 05:00'";0.8;78;2;1;1;moderate
DEBB021;"'2020-02-11 06:00'";1;75;5;1;1;moderate
DEBB021;"'2020-02-11 07:00'";3;75;6;2;1;moderate
DEBB021;"'2020-02-11 08:00'";3;71;10;2;1;good
DEBB021;"'2020-02-11 09:00'";4;71;10;3;1;good
DEBB021;"'2020-02-11 10:00'";5;70;10;4;1;good
DEBB021;"'2020-02-11 11:00'";7;71;10;5;1;good
DEBB021;"'2020-02-11 12:00'";7;72;10;5;1;good
DEBB021;"'2020-02-11 13:00'";7;72;10;5;1;good
DEBB021;"'2020-02-11 14:00'";8;73;10;5;1;moderate
DEBB021;"'2020-02-11 15:00'";7;74;9;4;1;moderate
DEBB021;"'2020-02-11 16:00'";7;71;12;4;1;good
DEBB021;"'2020-02-11 17:00'";5;71;11;4;1;good
DEBB021;"'2020-02-11 18:00'";3;71;11;3;1;good
DEBB021;"'2020-02-11 19:00'";4;68;12;3;1;good
DEBB021;"'2020-02-11 20:00'";4;72;9;3;1;good
DEBB021;"'2020-02-11 21:00'";5;69;10;4;1;good
DEBB021;"'2020-02-11 22:00'";4;70;8;3;1;good
DEBB021;"'2020-02-11 23:00'";4;71;8;3;1;good
DEBB021;"'2020-02-11 24:00'";3;74;6;3;1;moderate
DEBB021;"'2020-02-12 01:00'";3;74;6;3;1;moderate
DEBB021;"'2020-02-12 02:00'";4;72;6;4;1;good
DEBB021;"'2020-02-12 03:00'";5;71;6;4;1;good
DEBB021;"'2020-02-12 04:00'";6;70;6;5;1;good
DEBB021;"'2020-02-12 05:00'";6;69;7;4;1;good
DEBB021;"'2020-02-12 06:00'";6;69;7;4;1;good
DEBB021;"'2020-02-12 07:00'";6;66;10;4;1;good
DEBB021;"'2020-02-12 08:00'";7;64;12;5;1;good
DEBB021;"'2020-02-12 09:00'";7;65;12;5;1;good
DEBB021;"'2020-02-12 10:00'";6;68;10;5;1;good
DEBB021;"'2020-02-12 11:00'";7;68;10;5;1;good
DEBB021;"'2020-02-12 12:00'";7;70;9;5;1;good
DEBB021;"'2020-02-12 13:00'";6;72;8;5;1;good
DEBB021;"'2020-02-12 14:00'";6;74;7;4;1;moderate
DEBB021;"'2020-02-12 15:00'";7;74;7;4;1;moderate
DEBB021;"'2020-02-12 16:00'";6;73;8;4;1;moderate
DEBB021;"'2020-02-12 17:00'";5;73;9;4;1;moderate
DEBB021;"'2020-02-12 18:00'";6;68;12;4;1;good
DEBB021;"'2020-02-12 19:00'";5;68;11;4;1;good
DEBB021;"'2020-02-12 20:00'";5;67;10;4;1;good
DEBB021;"'2020-02-12 21:00'";5;66;10;4;1;good
DEBB021;"'2020-02-12 22:00'";5;67;9;4;1;good
DEBB021;"'2020-02-12 23:00'";5;65;10;4;1;good
DEBB021;"'2020-02-12 24:00'";5;63;10;4;1;good
DEBB021;"'2020-02-13 01:00'";5;65;9;4;1;good
DEBB021;"'2020-02-13 02:00'";5;66;8;4;1;good
DEBB021;"'2020-02-13 03:00'";6;64;8;5;1;good
DEBB021;"'2020-02-13 04:00'";6;64;8;6;1;good
DEBB021;"'2020-02-13 05:00'";8;57;12;7;1;good
DEBB021;"'2020-02-13 06:00'";8;56;11;7;1;good
DEBB021;"'2020-02-13 07:00'";9;50;15;7;1;good
DEBB021;"'2020-02-13 08:00'";9;46;16;7;1;good
DEBB021;"'2020-02-13 09:00'";9;43;20;7;1;good
DEBB021;"'2020-02-13 10:00'";8;46;18;7;1;good
DEBB021;"'2020-02-13 11:00'";8;50;15;6;1;good
DEBB021;"'2020-02-13 12:00'";9;56;14;6;1;good
DEBB021;"'2020-02-13 13:00'";8;57;13;5;2;good
DEBB021;"'2020-02-13 14:00'";8;54;15;5;1;good
DEBB021;"'2020-02-13 15:00'";8;55;16;5;2;good
DEBB021;"'2020-02-13 16:00'";7;56;16;5;1;good
DEBB021;"'2020-02-13 17:00'";7;56;16;4;1;good
DEBB021;"'2020-02-13 18:00'";5;61;13;5;1;good
DEBB021;"'2020-02-13 19:00'";6;50;21;5;1;good
DEBB021;"'2020-02-13 20:00'";7;50;19;7;1;good
DEBB021;"'2020-02-13 21:00'";7;54;12;6;1;good
DEBB021;"'2020-02-13 22:00'";7;55;11;7;1;good
DEBB021;"'2020-02-13 23:00'";8;55;11;7;1;good
DEBB021;"'2020-02-13 24:00'";9;51;11;8;1;good
DEBB021;"'2020-02-14 01:00'";10;49;10;9;1;good
DEBB021;"'2020-02-14 02:00'";11;41;15;10;1;good
DEBB021;"'2020-02-14 03:00'";12;36;18;11;1;good
DEBB021;"'2020-02-14 04:00'";12;36;15;11;1;good
DEBB021;"'2020-02-14 05:00'";13;31;18;12;1;good
DEBB021;"'2020-02-14 06:00'";14;21;24;13;1;good
DEBB021;"'2020-02-14 07:00'";14;12;34;13;1;moderate
DEBB021;"'2020-02-14 08:00'";15;6;41;14;1;moderate
DEBB021;"'2020-02-14 09:00'";18;10;38;15;1;moderate
DEBB021;"'2020-02-14 10:00'";18;17;31;16;1;moderate
DEBB021;"'2020-02-14 11:00'";19;24;23;17;1;moderate
DEBB021;"'2020-02-14 12:00'";20;27;23;18;1;moderate
DEBB021;"'2020-02-14 13:00'";20;32;17;19;1;moderate
DEBB021;"'2020-02-14 14:00'";21;30;18;19;1;moderate
DEBB021;"'2020-02-14 15:00'";16;30;17;15;1;good
DEBB021;"'2020-02-14 16:00'";15;32;17;14;1;good
DEBB021;"'2020-02-14 17:00'";16;28;21;15;1;good
DEBB021;"'2020-02-14 18:00'";17;19;27;16;1;moderate
DEBB021;"'2020-02-14 19:00'";18;15;30;17;1;moderate
DEBB021;"'2020-02-14 20:00'";24;9;37;22;1;moderate
DEBB021;"'2020-02-14 21:00'";20;4;34;18;1;moderate
DEBB021;"'2020-02-14 22:00'";18;6;27;17;1;moderate
DEBB021;"'2020-02-14 23:00'";17;4;27;16;1;moderate
DEBB021;"'2020-02-14 24:00'";17;2;29;16;1;moderate
DEBB021;"'2020-02-15 01:00'";18;2;31;17;1;moderate
DEBB021;"'2020-02-15 02:00'";14;9;28;13;1;good
DEBB021;"'2020-02-15 03:00'";14;13;24;13;1;good
DEBB021;"'2020-02-15 04:00'";13;27;14;12;1;good
DEBB021;"'2020-02-15 05:00'";13;19;17;13;1;good
DEBB021;"'2020-02-15 06:00'";14;23;17;13;1;good
DEBB021;"'2020-02-15 07:00'";14;24;17;13;1;good
DEBB021;"'2020-02-15 08:00'";14;19;18;13;1;good
DEBB021;"'2020-02-15 09:00'";14;22;17;13;1;good
DEBB021;"'2020-02-15 10:00'";12;35;12;11;1;good
DEBB021;"'2020-02-15 11:00'";12;40;11;11;1;good
DEBB021;"'2020-02-15 12:00'";12;44;12;11;1;good
DEBB021;"'2020-02-15 13:00'";12;48;12;10;1;good
DEBB021;"'2020-02-15 14:00'";10;56;12;8;1;good
DEBB021;"'2020-02-15 15:00'";8;58;11;6;1;good
DEBB021;"'2020-02-15 16:00'";7;59;11;6;1;good
DEBB021;"'2020-02-15 17:00'";7;58;11;6;1;good
DEBB021;"'2020-02-15 18:00'";7;54;14;6;1;good
DEBB021;"'2020-02-15 19:00'";9;49;15;7;1;good
DEBB021;"'2020-02-15 20:00'";8;50;13;7;1;good
DEBB021;"'2020-02-15 21:00'";8;50;11;7;1;good
DEBB021;"'2020-02-15 22:00'";8;50;11;7;1;good
DEBB021;"'2020-02-15 23:00'";8;49;12;8;1;good
DEBB021;"'2020-02-15 24:00'";8;49;11;7;1;good
DEBB021;"'2020-02-16 01:00'";8;48;10;7;1;good
DEBB021;"'2020-02-16 02:00'";7;48;10;6;1;good
DEBB021;"'2020-02-16 03:00'";6;48;10;6;1;good
DEBB021;"'2020-02-16 04:00'";5;49;10;5;1;good
DEBB021;"'2020-02-16 05:00'";5;49;9;5;1;good
DEBB021;"'2020-02-16 06:00'";5;51;9;4;1;good
DEBB021;"'2020-02-16 07:00'";4;55;8;4;1;good
DEBB021;"'2020-02-16 08:00'";4;56;8;4;1;good
DEBB021;"'2020-02-16 09:00'";4;58;8;4;1;good
DEBB021;"'2020-02-16 10:00'";5;59;8;4;1;good
DEBB021;"'2020-02-16 11:00'";5;61;7;4;1;good
DEBB021;"'2020-02-16 12:00'";4;57;9;4;1;good
DEBB021;"'2020-02-16 13:00'";5;57;9;4;1;good
DEBB021;"'2020-02-16 14:00'";4;62;8;3;1;good
DEBB021;"'2020-02-16 15:00'";3;65;7;3;1;good
DEBB021;"'2020-02-16 16:00'";4;66;7;3;1;good
DEBB021;"'2020-02-16 17:00'";4;68;7;3;1;good
DEBB021;"'2020-02-16 18:00'";4;68;7;3;1;good
DEBB021;"'2020-02-16 19:00'";4;67;7;3;1;good
DEBB021;"'2020-02-16 20:00'";4;67;7;3;1;good
DEBB021;"'2020-02-16 21:00'";5;67;7;3;1;good
DEBB021;"'2020-02-16 22:00'";5;67;7;4;1;good
DEBB021;"'2020-02-16 23:00'";5;66;7;3;1;good
DEBB021;"'2020-02-16 24:00'";5;66;6;3;1;good
DEBB021;"'2020-02-17 01:00'";2;84;2;1;1;moderate
DEBB021;"'2020-02-17 02:00'";0.8;96;2;1;1;moderate
DEBB021;"'2020-02-17 03:00'";0.8;96;2;1;1;moderate
DEBB021;"'2020-02-17 04:00'";0.8;99;2;1;1;moderate
DEBB021;"'2020-02-17 05:00'";0.8;96;2;1;1;moderate
DEBB021;"'2020-02-17 06:00'";0.8;92;3;1;1;moderate
DEBB021;"'2020-02-17 07:00'";1;87;7;1;1;moderate
DEBB021;"'2020-02-17 08:00'";3;82;8;2;1;moderate
DEBB021;"'2020-02-17 09:00'";5;76;12;3;1;moderate
DEBB021;"'2020-02-17 10:00'";5;76;11;3;1;moderate
DEBB021;"'2020-02-17 11:00'";5;77;9;3;1;moderate
DEBB021;"'2020-02-17 12:00'";7;76;9;3;1;moderate
DEBB021;"'2020-02-17 13:00'";5;75;9;3;1;moderate
DEBB021;"'2020-02-17 14:00'";5;76;8;3;1;moderate
DEBB021;"'2020-02-17 15:00'";5;76;7;3;1;moderate
DEBB021;"'2020-02-17 16:00'";5;74;8;3;1;moderate
DEBB021;"'2020-02-17 17:00'";4;74;8;2;1;moderate
DEBB021;"'2020-02-17 18:00'";3;72;10;2;1;good
DEBB021;"'2020-02-17 19:00'";3;72;9;2;1;good
DEBB021;"'2020-02-17 20:00'";2;72;10;2;1;good
DEBB021;"'2020-02-17 21:00'";2;73;9;2;1;moderate
DEBB021;"'2020-02-17 22:00'";2;71;9;2;1;good
DEBB021;"'2020-02-17 23:00'";2;70;8;2;1;good
DEBB021;"'2020-02-17 24:00'";2;70;7;2;1;good
DEBB021;"'2020-02-18 01:00'";2;71;5;2;1;good
DEBB021;"'2020-02-18 02:00'";3;69;6;2;1;good
DEBB021;"'2020-02-18 03:00'";2;67;5;2;1;good
DEBB021;"'2020-02-18 04:00'";2;64;5;2;1;good
DEBB021;"'2020-02-18 05:00'";2;62;8;2;1;good
DEBB021;"'2020-02-18 06:00'";2;62;8;2;1;good
DEBB021;"'2020-02-18 07:00'";3;60;11;3;1;good
DEBB021;"'2020-02-18 08:00'";3;56;14;3;1;good
DEBB021;"'2020-02-18 09:00'";3;60;12;2;1;good
DEBB021;"'2020-02-18 10:00'";2;63;9;2;1;good
DEBB021;"'2020-02-18 11:00'";4;68;7;3;1;good
DEBB021;"'2020-02-18 12:00'";5;66;9;4;1;good
DEBB021;"'2020-02-18 13:00'";6;67;9;5;1;good
DEBB021;"'2020-02-18 14:00'";6;70;7;5;1;good
DEBB021;"'2020-02-18 15:00'";6;69;8;5;1;good
DEBB021;"'2020-02-18 16:00'";7;66;11;5;1;good
DEBB021;"'2020-02-18 17:00'";7;66;12;5;1;good
DEBB021;"'2020-02-18 18:00'";8;63;15;5;1;good
DEBB021;"'2020-02-18 19:00'";6;63;13;4;1;good
DEBB021;"'2020-02-18 20:00'";4;64;10;3;1;good
DEBB021;"'2020-02-18 21:00'";3;67;7;3;1;good
DEBB021;"'2020-02-18 22:00'";3;67;6;2;1;good
DEBB021;"'2020-02-18 23:00'";3;64;6;2;1;good
DEBB021;"'2020-02-18 24:00'";3;63;5;3;1;good
DEBB021;"'2020-02-19 01:00'";4;64;5;3;1;good
DEBB021;"'2020-02-19 02:00'";4;63;5;3;1;good
DEBB021;"'2020-02-19 03:00'";4;62;6;4;1;good
DEBB021;"'2020-02-19 04:00'";5;62;6;4;1;good
DEBB021;"'2020-02-19 05:00'";5;61;7;4;1;good
DEBB021;"'2020-02-19 06:00'";5;58;8;4;1;good
DEBB021;"'2020-02-19 07:00'";5;57;10;4;1;good
DEBB021;"'2020-02-19 08:00'";4;57;11;4;1;good
DEBB021;"'2020-02-19 09:00'";4;53;14;4;1;good
DEBB021;"'2020-02-19 10:00'";3;57;12;3;1;good
DEBB021;"'2020-02-19 11:00'";2;60;11;2;1;good
DEBB021;"'2020-02-19 12:00'";4;60;10;4;1;good
DEBB021;"'2020-02-19 13:00'";6;66;8;5;1;good
DEBB021;"'2020-02-19 14:00'";3;70;7;3;1;good
DEBB021;"'2020-02-19 15:00'";4;73;6;3;1;moderate
DEBB021;"'2020-02-19 16:00'";3;71;8;2;1;good
DEBB021;"'2020-02-19 17:00'";3;63;11;3;1;good
DEBB021;"'2020-02-19 18:00'";4;62;10;4;1;good
DEBB021;"'2020-02-19 19:00'";4;64;8;3;1;good
DEBB021;"'2020-02-19 20:00'";5;65;7;4;1;good
DEBB021;"'2020-02-19 21:00'";6;59;9;6;1;good
DEBB021;"'2020-02-19 22:00'";7;59;8;6;1;good
DEBB021;"'2020-02-19 23:00'";8;58;7;7;1;good
DEBB021;"'2020-02-19 24:00'";8;58;7;6;1;good
DEBB021;"'2020-02-20 01:00'";9;61;7;7;1;good
DEBB021;"'2020-02-20 02:00'";9;56;9;7;1;good
DEBB021;"'2020-02-20 03:00'";10;54;10;8;1;good
DEBB021;"'2020-02-20 04:00'";10;52;11;7;1;good
DEBB021;"'2020-02-20 05:00'";10;50;9;8;1;good
DEBB021;"'2020-02-20 06:00'";11;42;14;9;1;good
DEBB021;"'2020-02-20 07:00'";12;37;18;10;1;good
DEBB021;"'2020-02-20 08:00'";11;37;19;9;1;good
DEBB021;"'2020-02-20 09:00'";10;36;20;8;1;good
DEBB021;"'2020-02-20 10:00'";9;39;17;7;3;good
DEBB021;"'2020-02-20 11:00'";9;38;19;7;3;good
DEBB021;"'2020-02-20 12:00'";10;44;16;8;1;good
DEBB021;"'2020-02-20 13:00'";10;45;16;9;1;good
DEBB021;"'2020-02-20 14:00'";11;41;17;10;1;good
DEBB021;"'2020-02-20 15:00'";11;40;17;10;1;good
DEBB021;"'2020-02-20 16:00'";12;37;17;11;1;good
DEBB021;"'2020-02-20 17:00'";10;36;19;9;1;good
DEBB021;"'2020-02-20 18:00'";8;37;18;7;1;good
DEBB021;"'2020-02-20 19:00'";6;42;15;6;1;good
DEBB021;"'2020-02-20 20:00'";5;47;13;5;1;good
DEBB021;"'2020-02-20 21:00'";5;51;13;5;1;good
DEBB021;"'2020-02-20 22:00'";5;53;10;5;1;good
DEBB021;"'2020-02-20 23:00'";5;57;9;4;1;good
DEBB021;"'2020-02-20 24:00'";4;62;8;4;1;good
DEBB021;"'2020-02-21 01:00'";3;72;6;3;1;good
DEBB021;"'2020-02-21 02:00'";3;75;5;2;1;moderate
DEBB021;"'2020-02-21 03:00'";2;77;4;1;1;moderate
DEBB021;"'2020-02-21 04:00'";0.8;84;2;1;1;moderate
DEBB021;"'2020-02-21 05:00'";2;79;2;1;1;moderate
DEBB021;"'2020-02-21 06:00'";4;73;3;3;1;moderate
DEBB021;"'2020-02-21 07:00'";5;69;7;4;1;good
DEBB021;"'2020-02-21 08:00'";6;63;11;4;1;good
DEBB021;"'2020-02-21 09:00'";6;61;10;5;1;good
DEBB021;"'2020-02-21 10:00'";8;61;9;6;1;good
DEBB021;"'2020-02-21 11:00'";9;62;9;6;1;good
DEBB021;"'2020-02-21 12:00'";9;62;9;6;1;good
DEBB021;"'2020-02-21 13:00'";8;64;9;6;1;good
DEBB021;"'2020-02-21 14:00'";8;67;8;6;1;good
DEBB021;"'2020-02-21 15:00'";7;69;8;5;1;good
DEBB021;"'2020-02-21 16:00'";8;70;8;5;1;good
DEBB021;"'2020-02-21 17:00'";9;63;16;6;1;good
DEBB021;"'2020-02-21 18:00'";9;58;17;6;1;good
DEBB021;"'2020-02-21 19:00'";8;57;16;6;1;good
DEBB021;"'2020-02-21 20:00'";8;57;13;5;1;good
DEBB021;"'2020-02-21 21:00'";7;57;12;5;1;good
DEBB021;"'2020-02-21 22:00'";7;56;11;5;1;good
DEBB021;"'2020-02-21 23:00'";6;58;9;5;1;good
DEBB021;"'2020-02-21 24:00'";6;59;7;5;1;good
DEBB021;"'2020-02-22 01:00'";6;62;6;4;1;good
DEBB021;"'2020-02-22 02:00'";5;64;5;4;1;good
DEBB021;"'2020-02-22 03:00'";5;65;5;4;1;good
DEBB021;"'2020-02-22 04:00'";5;65;5;4;1;good
DEBB021;"'2020-02-22 05:00'";6;63;5;4;1;good
DEBB021;"'2020-02-22 06:00'";6;63;7;5;1;good
DEBB021;"'2020-02-22 07:00'";7;62;8;5;1;good
DEBB021;"'2020-02-22 08:00'";8;60;8;6;1;good
DEBB021;"'2020-02-22 09:00'";8;59;8;6;1;good
DEBB021;"'2020-02-22 10:00'";7;60;8;5;1;good
DEBB021;"'2020-02-22 11:00'";6;62;8;4;1;good
DEBB021;"'2020-02-22 12:00'";6;65;8;4;1;good
DEBB021;"'2020-02-22 13:00'";6;70;6;4;1;good
DEBB021;"'2020-02-22 14:00'";5;71;8;4;1;good
DEBB021;"'2020-02-22 15:00'";5;71;7;3;1;good
DEBB021;"'2020-02-22 16:00'";4;72;7;3;1;good
DEBB021;"'2020-02-22 17:00'";5;71;7;3;1;good
DEBB021;"'2020-02-22 18:00'";5;69;8;3;1;good
DEBB021;"'2020-02-22 19:00'";5;68;8;4;1;good
DEBB021;"'2020-02-22 20:00'";4;79;4;3;1;moderate
DEBB021;"'2020-02-22 21:00'";2;85;2;2;1;moderate
DEBB021;"'2020-02-22 22:00'";2;86;2;2;1;moderate
DEBB021;"'2020-02-22 23:00'";3;84;4;2;1;moderate
DEBB021;"'2020-02-22 24:00'";2;83;2;2;1;moderate
DEBB021;"'2020-02-23 01:00'";2;81;3;2;1;moderate
DEBB021;"'2020-02-23 02:00'";3;78;3;2;1;moderate
DEBB021;"'2020-02-23 03:00'";3;78;4;3;1;moderate
DEBB021;"'2020-02-23 04:00'";3;76;4;3;1;moderate
DEBB021;"'2020-02-23 05:00'";3;77;2;3;1;moderate
DEBB021;"'2020-02-23 06:00'";4;77;2;3;1;moderate
DEBB021;"'2020-02-23 07:00'";4;76;5;3;1;moderate
DEBB021;"'2020-02-23 08:00'";3;77;4;3;1;moderate
DEBB021;"'2020-02-23 09:00'";2;80;3;2;1;moderate
DEBB021;"'2020-02-23 10:00'";0.8;79;4;1;1;moderate
DEBB021;"'2020-02-23 11:00'";2;71;8;2;1;good
DEBB021;"'2020-02-23 12:00'";3;67;14;2;1;good
DEBB021;"'2020-02-23 13:00'";2;69;8;2;1;good
DEBB021;"'2020-02-23 14:00'";2;63;10;2;1;good
DEBB021;"'2020-02-23 15:00'";3;56;12;3;1;good
DEBB021;"'2020-02-23 16:00'";4;49;17;3;1;good
DEBB021;"'2020-02-23 17:00'";4;49;15;3;1;good
DEBB021;"'2020-02-23 18:00'";2;57;12;2;1;good
DEBB021;"'2020-02-23 19:00'";4;60;9;4;1;good
DEBB021;"'2020-02-23 20:00'";2;74;5;2;1;moderate
DEBB021;"'2020-02-23 21:00'";0.8;75;5;1;1;moderate
DEBB021;"'2020-02-23 22:00'";0.8;79;5;1;1;moderate
DEBB021;"'2020-02-23 23:00'";0.8;84;2;1;1;moderate
DEBB021;"'2020-02-23 24:00'";1;84;2;1;1;moderate
DEBB021;"'2020-02-24 01:00'";3;83;2;2;1;moderate
DEBB021;"'2020-02-24 02:00'";4;80;2;3;1;moderate
DEBB021;"'2020-02-24 03:00'";6;77;2;4;1;moderate
DEBB021;"'2020-02-24 04:00'";7;74;2;5;1;moderate
DEBB021;"'2020-02-24 05:00'";6;73;2;5;1;moderate
DEBB021;"'2020-02-24 06:00'";7;71;5;5;1;good
DEBB021;"'2020-02-24 07:00'";7;64;9;5;1;good
DEBB021;"'2020-02-24 08:00'";7;63;10;6;1;good
DEBB021;"'2020-02-24 09:00'";9;64;10;6;1;good
DEBB021;"'2020-02-24 10:00'";8;64;9;6;1;good
DEBB021;"'2020-02-24 11:00'";9;61;11;6;1;good
DEBB021;"'2020-02-24 12:00'";11;59;13;6;1;good
DEBB021;"'2020-02-24 13:00'";10;63;11;6;1;good
DEBB021;"'2020-02-24 14:00'";8;67;12;5;1;good
DEBB021;"'2020-02-24 15:00'";8;67;11;4;1;good
DEBB021;"'2020-02-24 16:00'";7;66;11;4;1;good
DEBB021;"'2020-02-24 17:00'";8;62;12;5;1;good
DEBB021;"'2020-02-24 18:00'";7;62;11;4;1;good
DEBB021;"'2020-02-24 19:00'";4;65;10;3;1;good
DEBB021;"'2020-02-24 20:00'";4;68;8;3;1;good
DEBB021;"'2020-02-24 21:00'";4;66;7;4;1;good
DEBB021;"'2020-02-24 22:00'";5;59;7;4;1;good
DEBB021;"'2020-02-24 23:00'";5;50;9;5;1;good
DEBB021;"'2020-02-24 24:00'";5;46;9;5;1;good
DEBB021;"'2020-02-25 01:00'";4;44;7;4;1;good
DEBB021;"'2020-02-25 02:00'";5;42;6;4;1;good
DEBB021;"'2020-02-25 03:00'";4;41;7;4;1;good
DEBB021;"'2020-02-25 04:00'";3;46;5;3;1;good
DEBB021;"'2020-02-25 05:00'";2;51;5;2;1;good
DEBB021;"'2020-02-25 06:00'";2;51;6;2;1;good
DEBB021;"'2020-02-25 07:00'";2;56;11;2;1;good
DEBB021;"'2020-02-25 08:00'";3;56;18;3;1;good
DEBB021;"'2020-02-25 09:00'";5;52;18;4;1;good
DEBB021;"'2020-02-25 10:00'";4;62;11;3;1;good
DEBB021;"'2020-02-25 11:00'";6;54;17;5;1;good
DEBB021;"'2020-02-25 12:00'";7;55;19;6;1;good
DEBB021;"'2020-02-25 13:00'";6;66;12;5;1;good
DEBB021;"'2020-02-25 14:00'";6;72;10;4;1;good
DEBB021;"'2020-02-25 15:00'";6;76;10;4;1;moderate
DEBB021;"'2020-02-25 16:00'";7;73;11;5;1;moderate
DEBB021;"'2020-02-25 17:00'";5;74;10;4;1;moderate
DEBB021;"'2020-02-25 18:00'";4;72;12;3;1;good
DEBB021;"'2020-02-25 19:00'";4;70;15;3;1;good
DEBB021;"'2020-02-25 20:00'";6;66;17;4;1;good
DEBB021;"'2020-02-25 21:00'";6;68;11;5;1;good
DEBB021;"'2020-02-25 22:00'";7;66;14;6;1;good
DEBB021;"'2020-02-25 23:00'";7;61;14;6;1;good
DEBB021;"'2020-02-25 24:00'";8;58;11;6;1;good
DEBB021;"'2020-02-26 01:00'";7;57;12;6;1;good
DEBB021;"'2020-02-26 02:00'";4;75;7;4;1;moderate
DEBB021;"'2020-02-26 03:00'";5;65;10;4;1;good
DEBB021;"'2020-02-26 04:00'";6;64;6;6;1;good
DEBB021;"'2020-02-26 05:00'";7;62;8;6;1;good
DEBB021;"'2020-02-26 06:00'";6;57;13;6;1;good
DEBB021;"'2020-02-26 07:00'";7;51;15;6;1;good
DEBB021;"'2020-02-26 08:00'";8;46;21;7;1;good
DEBB021;"'2020-02-26 09:00'";7;49;19;7;1;good
DEBB021;"'2020-02-26 10:00'";6;49;22;6;1;good
DEBB021;"'2020-02-26 11:00'";4;53;20;4;1;good
DEBB021;"'2020-02-26 12:00'";4;48;22;4;1;good
DEBB021;"'2020-02-26 13:00'";4;53;16;4;1;good
DEBB021;"'2020-02-26 14:00'";6;57;14;6;1;good
DEBB021;"'2020-02-26 15:00'";9;57;14;8;1;good
DEBB021;"'2020-02-26 16:00'";11;50;18;10;1;good
DEBB021;"'2020-02-26 17:00'";10;49;21;9;1;good
DEBB021;"'2020-02-26 18:00'";9;57;16;8;1;good
DEBB021;"'2020-02-26 19:00'";10;58;15;9;1;good
DEBB021;"'2020-02-26 20:00'";8;61;12;8;1;good
DEBB021;"'2020-02-26 21:00'";5;68;8;4;1;good
DEBB021;"'2020-02-26 22:00'";5;67;8;5;1;good
DEBB021;"'2020-02-26 23:00'";7;65;7;7;1;good
DEBB021;"'2020-02-26 24:00'";8;66;7;8;1;good
DEBB021;"'2020-02-27 01:00'";8;65;6;7;1;good
DEBB021;"'2020-02-27 02:00'";6;66;6;6;1;good
DEBB021;"'2020-02-27 03:00'";5;67;5;5;1;good
DEBB021;"'2020-02-27 04:00'";7;64;5;7;1;good
DEBB021;"'2020-02-27 05:00'";7;64;6;6;1;good
DEBB021;"'2020-02-27 06:00'";5;65;7;5;1;good
DEBB021;"'2020-02-27 07:00'";4;63;11;4;1;good
DEBB021;"'2020-02-27 08:00'";7;50;21;6;1;good
DEBB021;"'2020-02-27 09:00'";9;50;20;8;1;good
DEBB021;"'2020-02-27 10:00'";8;56;17;7;1;good
DEBB021;"'2020-02-27 11:00'";10;60;14;9;1;good
DEBB021;"'2020-02-27 12:00'";10;67;10;8;1;good
DEBB021;"'2020-02-27 13:00'";9;65;11;8;1;good
DEBB021;"'2020-02-27 14:00'";10;68;10;8;1;good
DEBB021;"'2020-02-27 15:00'";9;69;11;8;1;good
DEBB021;"'2020-02-27 16:00'";11;65;13;8;1;good
DEBB021;"'2020-02-27 17:00'";9;63;14;7;1;good
DEBB021;"'2020-02-27 18:00'";11;50;23;8;1;good
DEBB021;"'2020-02-27 19:00'";11;27;43;8;1;moderate
DEBB021;"'2020-02-27 20:00'";10;24;38;9;1;moderate
DEBB021;"'2020-02-27 21:00'";11;23;39;10;1;moderate
DEBB021;"'2020-02-27 22:00'";9;53;17;8;1;good
DEBB021;"'2020-02-27 23:00'";7;63;11;6;1;good
DEBB021;"'2020-02-27 24:00'";8;62;12;7;1;good
DEBB021;"'2020-02-28 01:00'";12;50;15;11;1;good
DEBB021;"'2020-02-28 02:00'";13;46;14;12;1;good
DEBB021;"'2020-02-28 03:00'";12;48;13;11;1;good
DEBB021;"'2020-02-28 04:00'";10;51;10;10;1;good
DEBB021;"'2020-02-28 05:00'";11;50;10;10;1;good
DEBB021;"'2020-02-28 06:00'";12;44;11;11;1;good
DEBB021;"'2020-02-28 07:00'";12;44;13;11;1;good
DEBB021;"'2020-02-28 08:00'";9;47;14;9;1;good
DEBB021;"'2020-02-28 09:00'";8;57;11;7;1;good
DEBB021;"'2020-02-28 10:00'";9;63;12;8;1;good
DEBB021;"'2020-02-28 11:00'";7;66;10;6;1;good
DEBB021;"'2020-02-28 12:00'";7;71;7;5;1;good
DEBB021;"'2020-02-28 13:00'";7;75;6;5;1;moderate
DEBB021;"'2020-02-28 14:00'";7;77;7;5;1;moderate
DEBB021;"'2020-02-28 15:00'";6;78;6;4;1;moderate
DEBB021;"'2020-02-28 16:00'";6;77;8;4;1;moderate
DEBB021;"'2020-02-28 17:00'";6;72;12;4;1;good
DEBB021;"'2020-02-28 18:00'";8;63;19;6;1;good
DEBB021;"'2020-02-28 19:00'";8;58;21;6;1;good
DEBB021;"'2020-02-28 20:00'";10;56;18;7;1;good
DEBB021;"'2020-02-28 21:00'";10;57;15;8;1;good
DEBB021;"'2020-02-28 22:00'";11;58;13;9;1;good
DEBB021;"'2020-02-28 23:00'";11;61;11;9;1;good
DEBB021;"'2020-02-28 24:00'";10;60;10;9;1;good
DEBB021;"'2020-02-29 01:00'";11;61;9;10;1;good
DEBB021;"'2020-02-29 02:00'";12;63;8;10;1;good
DEBB021;"'2020-02-29 03:00'";11;64;8;10;1;good
DEBB021;"'2020-02-29 04:00'";7;76;5;6;1;moderate
DEBB021;"'2020-02-29 05:00'";4;76;4;4;1;moderate
DEBB021;"'2020-02-29 06:00'";4;73;5;4;1;moderate
DEBB021;"'2020-02-29 07:00'";5;70;6;5;1;good
DEBB021;"'2020-02-29 08:00'";7;62;11;6;1;good
DEBB021;"'2020-02-29 09:00'";6;63;8;5;1;good
DEBB021;"'2020-02-29 10:00'";6;58;10;5;1;good
DEBB021;"'2020-02-29 11:00'";7;54;10;6;1;good
DEBB021;"'2020-02-29 12:00'";9;55;10;6;1;good
DEBB021;"'2020-02-29 13:00'";14;58;9;7;1;good
DEBB021;"'2020-02-29 14:00'";22;58;10;9;1;good
DEBB021;"'2020-02-29 15:00'";29;57;10;11;1;moderate
DEBB021;"'2020-02-29 16:00'";25;59;8;11;1;good
DEBB021;"'2020-02-29 17:00'";19;56;10;10;1;good
DEBB021;"'2020-02-29 18:00'";18;57;9;10;1;good
DEBB021;"'2020-02-29 19:00'";21;55;10;12;1;good
DEBB021;"'2020-02-29 20:00'";19;51;12;11;1;good
DEBB021;"'2020-02-29 21:00'";15;57;10;9;1;good
DEBB021;"'2020-02-29 22:00'";8;69;9;5;1;good
DEBB021;"'2020-02-29 23:00'";3;81;8;2;1;moderate
DEBB021;"'2020-02-29 24:00'";3;80;8;2;1;moderate
DEBB021;"'2020-03-01 01:00'";3;78;5;2;1;moderate
DEBB021;"'2020-03-01 02:00'";3;75;5;2;1;moderate
DEBB021;"'2020-03-01 03:00'";3;76;3;2;1;moderate
DEBB021;"'2020-03-01 04:00'";3;78;2;2;1;moderate
DEBB021;"'2020-03-01 05:00'";2;79;2;1;1;moderate
DEBB021;"'2020-03-01 06:00'";2;77;2;1;1;moderate
DEBB021;"'2020-03-01 07:00'";3;72;5;2;1;good
DEBB021;"'2020-03-01 08:00'";3;70;6;2;1;good
DEBB021;"'2020-03-01 09:00'";2;72;5;2;1;good
DEBB021;"'2020-03-01 10:00'";3;69;7;2;1;good
DEBB021;"'2020-03-01 11:00'";3;69;6;2;1;good
DEBB021;"'2020-03-01 12:00'";3;75;6;2;1;moderate
DEBB021;"'2020-03-01 13:00'";3;78;4;2;1;moderate
DEBB021;"'2020-03-01 14:00'";2;75;7;1;1;moderate
DEBB021;"'2020-03-01 15:00'";0.8;77;5;1;1;moderate
DEBB021;"'2020-03-01 16:00'";1;73;6;1;1;moderate
DEBB021;"'2020-03-01 17:00'";0.8;76;6;1;1;moderate
DEBB021;"'2020-03-01 18:00'";1;72;9;1;1;good
DEBB021;"'2020-03-01 19:00'";3;64;14;2;1;good
DEBB021;"'2020-03-01 20:00'";3;67;11;2;1;good
DEBB021;"'2020-03-01 21:00'";3;66;9;2;1;good
DEBB021;"'2020-03-01 22:00'";3;66;8;2;1;good
DEBB021;"'2020-03-01 23:00'";3;58;9;3;1;good
DEBB021;"'2020-03-01 24:00'";3;54;9;3;1;good
DEBB021;"'2020-03-02 01:00'";3;48;13;3;1;good
DEBB021;"'2020-03-02 02:00'";3;46;13;3;1;good
DEBB021;"'2020-03-02 03:00'";3;48;10;3;1;good
DEBB021;"'2020-03-02 04:00'";3;50;9;3;1;good
DEBB021;"'2020-03-02 05:00'";3;54;7;3;1;good
DEBB021;"'2020-03-02 06:00'";3;52;10;3;1;good
DEBB021;"'2020-03-02 07:00'";3;46;16;3;1;good
DEBB021;"'2020-03-02 08:00'";3;48;18;2;1;good
DEBB021;"'2020-03-02 09:00'";4;51;15;3;1;good
DEBB021;"'2020-03-02 10:00'";2;71;8;1;1;good
DEBB021;"'2020-03-02 11:00'";2;74;8;2;1;moderate
DEBB021;"'2020-03-02 12:00'";8;67;10;7;1;good
DEBB021;"'2020-03-02 13:00'";15;66;9;13;1;good
DEBB021;"'2020-03-02 14:00'";15;71;9;13;1;good
DEBB021;"'2020-03-02 15:00'";11;77;7;9;1;moderate
DEBB021;"'2020-03-02 16:00'";12;67;14;9;1;good
DEBB021;"'2020-03-02 17:00'";11;67;13;9;1;good
DEBB021;"'2020-03-02 18:00'";13;56;20;10;1;good
DEBB021;"'2020-03-02 19:00'";13;45;28;10;1;good
DEBB021;"'2020-03-02 20:00'";11;49;21;10;1;good
DEBB021;"'2020-03-02 21:00'";12;47;19;11;1;good
DEBB021;"'2020-03-02 22:00'";13;45;18;11;1;good
DEBB021;"'2020-03-02 23:00'";13;45;17;12;1;good
DEBB021;"'2020-03-02 24:00'";12;46;17;11;1;good
DEBB021;"'2020-03-03 01:00'";11;49;14;10;1;good
DEBB021;"'2020-03-03 02:00'";9;53;11;8;1;good
DEBB021;"'2020-03-03 03:00'";9;53;11;8;1;good
DEBB021;"'2020-03-03 04:00'";8;56;9;8;1;good
DEBB021;"'2020-03-03 05:00'";8;57;9;8;1;good
DEBB021;"'2020-03-03 06:00'";9;45;17;8;1;good
DEBB021;"'2020-03-03 07:00'";9;38;28;9;1;good
DEBB021;"'2020-03-03 08:00'";11;22;36;10;1;moderate
DEBB021;"'2020-03-03 09:00'";12;27;26;10;1;good
DEBB021;"'2020-03-03 10:00'";13;30;19;11;1;good
DEBB021;"'2020-03-03 11:00'";13;38;15;11;1;good
DEBB021;"'2020-03-03 12:00'";12;44;15;11;1;good
DEBB021;"'2020-03-03 13:00'";13;41;15;12;1;good
DEBB021;"'2020-03-03 14:00'";10;41;15;9;1;good
DEBB021;"'2020-03-03 15:00'";3;38;14;3;1;good
DEBB021;"'2020-03-03 16:00'";2;58;13;2;1;good
DEBB021;"'2020-03-03 17:00'";4;75;10;4;1;moderate
DEBB021;"'2020-03-03 18:00'";5;72;11;4;1;good
DEBB021;"'2020-03-03 19:00'";5;69;13;5;1;good
DEBB021;"'2020-03-03 20:00'";8;56;19;7;1;good
DEBB021;"'2020-03-03 21:00'";10;40;28;9;1;good
DEBB021;"'2020-03-03 22:00'";12;37;26;10;1;good
DEBB021;"'2020-03-03 23:00'";9;51;15;8;1;good
DEBB021;"'2020-03-03 24:00'";8;55;12;7;1;good
DEBB021;"'2020-03-04 01:00'";8;55;12;7;1;good
DEBB021;"'2020-03-04 02:00'";9;53;13;8;1;good
DEBB021;"'2020-03-04 03:00'";12;50;13;10;1;good
DEBB021;"'2020-03-04 04:00'";15;45;15;14;1;good
DEBB021;"'2020-03-04 05:00'";17;46;15;16;1;moderate
DEBB021;"'2020-03-04 06:00'";18;38;26;17;1;moderate
DEBB021;"'2020-03-04 07:00'";19;36;28;18;1;moderate
DEBB021;"'2020-03-04 08:00'";22;30;24;19;1;moderate
DEBB021;"'2020-03-04 09:00'";21;34;21;18;1;moderate
DEBB021;"'2020-03-04 10:00'";19;41;21;16;2;moderate
DEBB021;"'2020-03-04 11:00'";18;47;19;15;1;good
DEBB021;"'2020-03-04 12:00'";17;58;12;14;2;good
DEBB021;"'2020-03-04 13:00'";15;64;11;13;1;good
DEBB021;"'2020-03-04 14:00'";13;73;9;11;1;moderate
DEBB021;"'2020-03-04 15:00'";12;73;11;10;1;moderate
DEBB021;"'2020-03-04 16:00'";12;70;12;10;1;good
DEBB021;"'2020-03-04 17:00'";10;75;10;8;1;moderate
DEBB021;"'2020-03-04 18:00'";10;65;17;8;1;good
DEBB021;"'2020-03-04 19:00'";11;53;23;9;1;good
DEBB021;"'2020-03-04 20:00'";11;48;22;9;1;good
DEBB021;"'2020-03-04 21:00'";11;49;15;10;1;good
DEBB021;"'2020-03-04 22:00'";12;45;15;11;1;good
DEBB021;"'2020-03-04 23:00'";13;36;18;11;1;good
DEBB021;"'2020-03-04 24:00'";13;33;18;12;1;good
DEBB021;"'2020-03-05 01:00'";13;33;15;12;1;good
DEBB021;"'2020-03-05 02:00'";15;28;17;14;1;good
DEBB021;"'2020-03-05 03:00'";15;26;17;14;1;good
DEBB021;"'2020-03-05 04:00'";16;20;18;15;1;good
DEBB021;"'2020-03-05 05:00'";16;12;22;15;1;good
DEBB021;"'2020-03-05 06:00'";17;8;25;16;1;moderate
DEBB021;"'2020-03-05 07:00'";18;2;31;17;1;moderate
DEBB021;"'2020-03-05 08:00'";20;5;29;17;1;moderate
DEBB021;"'2020-03-05 09:00'";20;7;27;17;1;moderate
DEBB021;"'2020-03-05 10:00'";20;16;21;17;1;moderate
DEBB021;"'2020-03-05 11:00'";17;32;16;15;1;good
DEBB021;"'2020-03-05 12:00'";14;54;11;11;1;good
DEBB021;"'2020-03-05 13:00'";10;74;8;8;1;moderate
DEBB021;"'2020-03-05 14:00'";7;80;8;5;2;moderate
DEBB021;"'2020-03-05 15:00'";6;82;7;5;1;moderate
DEBB021;"'2020-03-05 16:00'";7;79;10;5;1;moderate
DEBB021;"'2020-03-05 17:00'";8;75;14;6;2;moderate
DEBB021;"'2020-03-05 18:00'";7;72;16;5;1;good
DEBB021;"'2020-03-05 19:00'";7;66;18;6;2;good
DEBB021;"'2020-03-05 20:00'";9;60;18;7;4;good
DEBB021;"'2020-03-05 21:00'";10;59;17;8;4;good
DEBB021;"'2020-03-05 22:00'";10;62;13;9;1;good
DEBB021;"'2020-03-05 23:00'";11;63;11;10;2;good
DEBB021;"'2020-03-05 24:00'";13;58;13;12;4;good
DEBB021;"'2020-03-06 01:00'";15;58;13;13;4;good
DEBB021;"'2020-03-06 02:00'";16;57;12;14;3;good
DEBB021;"'2020-03-06 03:00'";16;56;10;15;2;good
DEBB021;"'2020-03-06 04:00'";15;57;10;14;1;good
DEBB021;"'2020-03-06 05:00'";14;60;9;13;1;good
DEBB021;"'2020-03-06 06:00'";14;59;12;13;1;good
DEBB021;"'2020-03-06 07:00'";15;54;15;14;1;good
DEBB021;"'2020-03-06 08:00'";16;48;20;15;1;good
DEBB021;"'2020-03-06 09:00'";16;45;21;15;1;good
DEBB021;"'2020-03-06 10:00'";15;44;20;14;1;good
DEBB021;"'2020-03-06 11:00'";14;40;23;13;1;good
DEBB021;"'2020-03-06 12:00'";11;38;24;10;1;good
DEBB021;"'2020-03-06 13:00'";12;38;22;11;1;good
DEBB021;"'2020-03-06 14:00'";14;33;25;13;1;good
DEBB021;"'2020-03-06 15:00'";16;30;25;14;1;good
DEBB021;"'2020-03-06 16:00'";17;21;31;16;1;moderate
DEBB021;"'2020-03-06 17:00'";13;22;30;12;1;good
DEBB021;"'2020-03-06 18:00'";11;18;34;10;1;moderate
DEBB021;"'2020-03-06 19:00'";14;16;30;13;1;good
DEBB021;"'2020-03-06 20:00'";11;13;29;10;1;good
DEBB021;"'2020-03-06 21:00'";9;13;29;8;1;good
DEBB021;"'2020-03-06 22:00'";19;22;20;17;1;moderate
DEBB021;"'2020-03-06 23:00'";26;34;10;24;1;moderate
DEBB021;"'2020-03-06 24:00'";18;36;10;17;1;moderate
DEBB021;"'2020-03-07 01:00'";17;39;9;17;1;moderate
DEBB021;"'2020-03-07 02:00'";15;43;8;14;1;good
DEBB021;"'2020-03-07 03:00'";15;46;7;14;1;good
DEBB021;"'2020-03-07 04:00'";18;46;7;17;1;moderate
DEBB021;"'2020-03-07 05:00'";16;51;6;16;1;moderate
DEBB021;"'2020-03-07 06:00'";16;62;6;15;1;good
DEBB021;"'2020-03-07 07:00'";14;67;7;13;1;good
DEBB021;"'2020-03-07 08:00'";17;68;7;16;1;moderate
DEBB021;"'2020-03-07 09:00'";19;67;7;18;1;moderate
DEBB021;"'2020-03-07 10:00'";19;66;7;18;1;moderate
DEBB021;"'2020-03-07 11:00'";18;64;7;17;1;moderate
DEBB021;"'2020-03-07 12:00'";19;63;9;18;1;moderate
DEBB021;"'2020-03-07 13:00'";19;69;7;18;1;moderate
DEBB021;"'2020-03-07 14:00'";17;73;7;16;1;moderate
DEBB021;"'2020-03-07 15:00'";16;78;6;15;1;moderate
DEBB021;"'2020-03-07 16:00'";17;77;8;16;1;moderate
DEBB021;"'2020-03-07 17:00'";20;75;9;19;1;moderate
DEBB021;"'2020-03-07 18:00'";21;77;9;20;1;moderate
DEBB021;"'2020-03-07 19:00'";21;74;12;20;2;moderate
DEBB021;"'2020-03-07 20:00'";23;56;26;20;1;moderate
DEBB021;"'2020-03-07 21:00'";22;46;32;20;1;moderate
DEBB021;"'2020-03-07 22:00'";19;47;29;17;1;moderate
DEBB021;"'2020-03-07 23:00'";19;48;21;16;1;moderate
DEBB021;"'2020-03-07 24:00'";17;51;13;15;1;good
DEBB021;"'2020-03-08 01:00'";17;46;15;15;1;good
DEBB021;"'2020-03-08 02:00'";16;46;13;14;1;good
DEBB021;"'2020-03-08 03:00'";14;50;11;13;1;good
DEBB021;"'2020-03-08 04:00'";14;50;9;13;1;good
DEBB021;"'2020-03-08 05:00'";14;50;9;13;1;good
DEBB021;"'2020-03-08 06:00'";15;48;9;13;1;good
DEBB021;"'2020-03-08 07:00'";17;35;16;16;1;moderate
DEBB021;"'2020-03-08 08:00'";16;43;12;14;1;good
DEBB021;"'2020-03-08 09:00'";14;50;10;13;3;good
DEBB021;"'2020-03-08 10:00'";14;51;11;12;3;good
DEBB021;"'2020-03-08 11:00'";14;53;10;12;3;good
DEBB021;"'2020-03-08 12:00'";15;52;11;13;2;good
DEBB021;"'2020-03-08 13:00'";16;53;10;14;2;good
DEBB021;"'2020-03-08 14:00'";16;57;9;14;2;good
DEBB021;"'2020-03-08 15:00'";16;61;9;14;1;good
DEBB021;"'2020-03-08 16:00'";15;63;8;13;1;good
DEBB021;"'2020-03-08 17:00'";15;60;11;13;1;good
DEBB021;"'2020-03-08 18:00'";14;56;12;12;1;good
DEBB021;"'2020-03-08 19:00'";13;54;13;12;1;good
DEBB021;"'2020-03-08 20:00'";12;55;13;11;1;good
DEBB021;"'2020-03-08 21:00'";10;60;10;9;1;good
DEBB021;"'2020-03-08 22:00'";9;60;10;8;1;good
DEBB021;"'2020-03-08 23:00'";9;59;10;8;1;good
DEBB021;"'2020-03-08 24:00'";9;59;8;8;1;good
DEBB021;"'2020-03-09 01:00'";9;57;8;8;1;good
DEBB021;"'2020-03-09 02:00'";9;56;8;8;1;good
DEBB021;"'2020-03-09 03:00'";10;56;8;9;1;good
DEBB021;"'2020-03-09 04:00'";10;57;8;9;1;good
DEBB021;"'2020-03-09 05:00'";10;54;8;9;1;good
DEBB021;"'2020-03-09 06:00'";10;52;10;9;1;good
DEBB021;"'2020-03-09 07:00'";11;45;17;10;1;good
DEBB021;"'2020-03-09 08:00'";13;34;25;11;1;good
DEBB021;"'2020-03-09 09:00'";14;30;27;12;1;good
DEBB021;"'2020-03-09 10:00'";14;33;23;12;1;good
DEBB021;"'2020-03-09 11:00'";12;34;23;11;1;good
DEBB021;"'2020-03-09 12:00'";14;41;20;11;1;good
DEBB021;"'2020-03-09 13:00'";14;49;17;12;1;good
DEBB021;"'2020-03-09 14:00'";14;53;14;12;1;good
DEBB021;"'2020-03-09 15:00'";13;52;16;11;1;good
DEBB021;"'2020-03-09 16:00'";12;56;16;10;1;good
DEBB021;"'2020-03-09 17:00'";8;71;10;7;1;good
DEBB021;"'2020-03-09 18:00'";10;62;17;8;1;good
DEBB021;"'2020-03-09 19:00'";13;43;31;9;1;moderate
DEBB021;"'2020-03-09 20:00'";11;44;24;9;1;good
DEBB021;"'2020-03-09 21:00'";12;39;26;10;1;good
DEBB021;"'2020-03-09 22:00'";11;40;24;9;1;good
DEBB021;"'2020-03-09 23:00'";9;49;15;8;1;good
DEBB021;"'2020-03-09 24:00'";8;52;13;7;1;good
DEBB021;"'2020-03-10 01:00'";9;50;11;8;1;good
DEBB021;"'2020-03-10 02:00'";9;49;11;8;1;good
DEBB021;"'2020-03-10 03:00'";9;47;11;8;1;good
DEBB021;"'2020-03-10 04:00'";8;51;9;7;1;good
DEBB021;"'2020-03-10 05:00'";8;46;11;7;1;good
DEBB021;"'2020-03-10 06:00'";8;43;12;8;1;good
DEBB021;"'2020-03-10 07:00'";6;43;13;6;1;good
DEBB021;"'2020-03-10 08:00'";7;39;17;5;1;good
DEBB021;"'2020-03-10 09:00'";7;43;15;6;1;good
DEBB021;"'2020-03-10 10:00'";7;53;12;6;1;good
DEBB021;"'2020-03-10 11:00'";5;60;10;4;1;good
DEBB021;"'2020-03-10 12:00'";4;58;11;4;1;good
DEBB021;"'2020-03-10 13:00'";3;58;11;2;1;good
DEBB021;"'2020-03-10 14:00'";1;56;13;1;1;good
DEBB021;"'2020-03-10 15:00'";0.8;52;14;1;1;good
DEBB021;"'2020-03-10 16:00'";2;54;13;2;1;good
DEBB021;"'2020-03-10 17:00'";2;54;13;2;1;good
DEBB021;"'2020-03-10 18:00'";2;52;14;2;1;good
DEBB021;"'2020-03-10 19:00'";2;50;13;1;1;good
DEBB021;"'2020-03-10 20:00'";3;48;13;3;1;good
DEBB021;"'2020-03-10 21:00'";5;47;11;4;1;good
DEBB021;"'2020-03-10 22:00'";5;47;10;5;1;good
DEBB021;"'2020-03-10 23:00'";6;46;9;5;1;good
DEBB021;"'2020-03-10 24:00'";4;44;8;4;1;good
DEBB021;"'2020-03-11 01:00'";3;47;8;3;1;good
DEBB021;"'2020-03-11 02:00'";2;73;3;2;1;moderate
DEBB021;"'2020-03-11 03:00'";3;78;2;2;1;moderate
DEBB021;"'2020-03-11 04:00'";3;73;3;3;1;moderate
DEBB021;"'2020-03-11 05:00'";4;70;4;3;1;good
DEBB021;"'2020-03-11 06:00'";4;69;6;4;1;good
DEBB021;"'2020-03-11 07:00'";4;69;7;3;1;good
DEBB021;"'2020-03-11 08:00'";5;69;9;3;1;good
DEBB021;"'2020-03-11 09:00'";6;68;8;4;1;good
DEBB021;"'2020-03-11 10:00'";6;68;8;4;1;good
DEBB021;"'2020-03-11 11:00'";6;69;7;4;1;good
DEBB021;"'2020-03-11 12:00'";5;74;7;3;1;moderate
DEBB021;"'2020-03-11 13:00'";5;75;6;3;1;moderate
DEBB021;"'2020-03-11 14:00'";5;75;7;3;1;moderate
DEBB021;"'2020-03-11 15:00'";5;77;7;3;1;moderate
DEBB021;"'2020-03-11 16:00'";5;76;7;4;1;moderate
DEBB021;"'2020-03-11 17:00'";6;71;11;4;1;good
DEBB021;"'2020-03-11 18:00'";6;68;15;5;1;good
DEBB021;"'2020-03-11 19:00'";6;63;18;4;1;good
DEBB021;"'2020-03-11 20:00'";4;62;14;3;1;good
DEBB021;"'2020-03-11 21:00'";5;61;15;4;1;good
DEBB021;"'2020-03-11 22:00'";6;60;14;5;1;good
DEBB021;"'2020-03-11 23:00'";6;61;10;6;1;good
DEBB021;"'2020-03-11 24:00'";7;57;10;6;1;good
DEBB021;"'2020-03-12 01:00'";7;52;9;6;1;good
DEBB021;"'2020-03-12 02:00'";8;44;9;8;1;good
DEBB021;"'2020-03-12 03:00'";6;45;8;6;1;good
DEBB021;"'2020-03-12 04:00'";3;51;5;3;1;good
DEBB021;"'2020-03-12 05:00'";3;54;4;2;1;good
DEBB021;"'2020-03-12 06:00'";3;56;4;2;1;good
DEBB021;"'2020-03-12 07:00'";3;57;6;2;1;good
DEBB021;"'2020-03-12 08:00'";3;59;6;2;1;good
DEBB021;"'2020-03-12 09:00'";3;61;6;2;1;good
DEBB021;"'2020-03-12 10:00'";0.8;77;6;1;1;moderate
DEBB021;"'2020-03-12 11:00'";2;80;7;1;1;moderate
DEBB021;"'2020-03-12 12:00'";2;89;5;1;1;moderate
DEBB021;"'2020-03-12 13:00'";3;85;6;2;1;moderate
DEBB021;"'2020-03-12 14:00'";4;85;5;2;1;moderate
DEBB021;"'2020-03-12 15:00'";4;84;5;2;1;moderate
DEBB021;"'2020-03-12 16:00'";4;83;5;2;1;moderate
DEBB021;"'2020-03-12 17:00'";4;78;6;3;1;moderate
DEBB021;"'2020-03-12 18:00'";4;79;6;2;1;moderate
DEBB021;"'2020-03-12 19:00'";4;73;9;3;1;moderate
DEBB021;"'2020-03-12 20:00'";6;57;22;3;1;good
DEBB021;"'2020-03-12 21:00'";5;63;12;3;1;good
DEBB021;"'2020-03-12 22:00'";6;62;12;3;1;good
DEBB021;"'2020-03-12 23:00'";5;62;11;3;1;good
DEBB021;"'2020-03-12 24:00'";3;72;7;2;1;good
DEBB021;"'2020-03-13 01:00'";3;73;6;2;1;moderate
DEBB021;"'2020-03-13 02:00'";3;74;6;3;1;moderate
DEBB021;"'2020-03-13 03:00'";4;64;11;3;1;good
DEBB021;"'2020-03-13 04:00'";5;63;10;3;1;good
DEBB021;"'2020-03-13 05:00'";5;63;10;4;1;good
DEBB021;"'2020-03-13 06:00'";5;61;8;3;1;good
DEBB021;"'2020-03-13 07:00'";5;58;10;3;1;good
DEBB021;"'2020-03-13 08:00'";6;60;11;4;1;good
DEBB021;"'2020-03-13 09:00'";6;64;11;4;1;good
DEBB021;"'2020-03-13 10:00'";6;70;7;4;1;good
DEBB021;"'2020-03-13 11:00'";6;70;9;4;1;good
DEBB021;"'2020-03-13 12:00'";5;75;8;3;1;moderate
DEBB021;"'2020-03-13 13:00'";4;74;6;3;1;moderate
DEBB021;"'2020-03-13 14:00'";4;72;7;3;1;good
DEBB021;"'2020-03-13 15:00'";3;72;7;2;1;good
DEBB021;"'2020-03-13 16:00'";2;68;10;2;1;good
DEBB021;"'2020-03-13 17:00'";2;71;6;1;1;good
DEBB021;"'2020-03-13 18:00'";2;73;6;1;1;moderate
DEBB021;"'2020-03-13 19:00'";2;72;7;2;1;good
DEBB021;"'2020-03-13 20:00'";3;72;6;2;1;good
DEBB021;"'2020-03-13 21:00'";7;75;5;5;1;moderate
DEBB021;"'2020-03-13 22:00'";10;81;5;7;1;moderate
DEBB021;"'2020-03-13 23:00'";13;83;5;9;1;moderate
DEBB021;"'2020-03-13 24:00'";13;81;5;9;1;moderate
DEBB021;"'2020-03-14 01:00'";15;80;5;10;1;moderate
DEBB021;"'2020-03-14 02:00'";15;77;6;10;1;moderate
DEBB021;"'2020-03-14 03:00'";14;75;6;9;1;moderate
DEBB021;"'2020-03-14 04:00'";14;67;10;9;1;good
DEBB021;"'2020-03-14 05:00'";14;59;14;10;1;good
DEBB021;"'2020-03-14 06:00'";14;48;17;10;1;good
DEBB021;"'2020-03-14 07:00'";14;34;27;9;1;good
DEBB021;"'2020-03-14 08:00'";14;33;23;9;1;good
DEBB021;"'2020-03-14 09:00'";14;43;21;10;1;good
DEBB021;"'2020-03-14 10:00'";9;72;10;5;1;good
DEBB021;"'2020-03-14 11:00'";6;83;6;3;1;moderate
DEBB021;"'2020-03-14 12:00'";5;82;8;3;1;moderate
DEBB021;"'2020-03-14 13:00'";5;82;9;3;1;moderate
DEBB021;"'2020-03-14 14:00'";5;84;8;3;1;moderate
DEBB021;"'2020-03-14 15:00'";5;85;7;3;1;moderate
DEBB021;"'2020-03-14 16:00'";5;82;9;4;1;moderate
DEBB021;"'2020-03-14 17:00'";6;83;10;4;1;moderate
DEBB021;"'2020-03-14 18:00'";6;83;10;4;1;moderate
DEBB021;"'2020-03-14 19:00'";13;63;23;10;1;good
DEBB021;"'2020-03-14 20:00'";13;56;27;10;1;good
DEBB021;"'2020-03-14 21:00'";17;52;26;14;2;good
DEBB021;"'2020-03-14 22:00'";21;48;27;19;1;moderate
DEBB021;"'2020-03-14 23:00'";17;52;23;15;1;good
DEBB021;"'2020-03-14 24:00'";15;54;19;14;1;good
DEBB021;"'2020-03-15 01:00'";14;48;22;12;2;good
DEBB021;"'2020-03-15 02:00'";12;50;17;11;2;good
DEBB021;"'2020-03-15 03:00'";10;56;12;9;1;good
DEBB021;"'2020-03-15 04:00'";8;60;8;7;1;good
DEBB021;"'2020-03-15 05:00'";7;60;7;6;1;good
DEBB021;"'2020-03-15 06:00'";8;57;8;7;3;good
DEBB021;"'2020-03-15 07:00'";8;54;9;7;3;good
DEBB021;"'2020-03-15 08:00'";8;55;10;7;4;good
DEBB021;"'2020-03-15 09:00'";9;64;8;8;5;good
DEBB021;"'2020-03-15 10:00'";10;69;7;9;4;good
DEBB021;"'2020-03-15 11:00'";11;73;6;9;4;moderate
DEBB021;"'2020-03-15 12:00'";11;76;6;10;4;moderate
DEBB021;"'2020-03-15 13:00'";12;80;6;10;4;moderate
DEBB021;"'2020-03-15 14:00'";11;85;5;10;4;moderate
DEBB021;"'2020-03-15 15:00'";8;88;4;7;3;moderate
DEBB021;"'2020-03-15 16:00'";5;88;4;4;3;moderate
DEBB021;"'2020-03-15 17:00'";5;84;6;4;4;moderate
DEBB021;"'2020-03-15 18:00'";6;80;7;5;3;moderate
DEBB021;"'2020-03-15 19:00'";8;75;10;6;3;moderate
DEBB021;"'2020-03-15 20:00'";10;71;10;8;3;good
DEBB021;"'2020-03-15 21:00'";10;71;10;9;3;good
DEBB021;"'2020-03-15 22:00'";11;72;9;10;3;good
DEBB021;"'2020-03-15 23:00'";11;74;8;10;4;moderate
DEBB021;"'2020-03-15 24:00'";11;72;8;10;5;good
DEBB021;"'2020-03-16 01:00'";12;69;8;11;5;good
DEBB021;"'2020-03-16 02:00'";13;66;9;11;5;good
DEBB021;"'2020-03-16 03:00'";13;65;9;12;5;good
DEBB021;"'2020-03-16 04:00'";13;64;8;12;4;good
DEBB021;"'2020-03-16 05:00'";13;62;8;11;4;good
DEBB021;"'2020-03-16 06:00'";12;57;12;11;4;good
DEBB021;"'2020-03-16 07:00'";14;52;16;11;4;good
DEBB021;"'2020-03-16 08:00'";13;47;21;10;4;good
DEBB021;"'2020-03-16 09:00'";13;48;20;10;5;good
DEBB021;"'2020-03-16 10:00'";12;52;16;10;5;good
DEBB021;"'2020-03-16 11:00'";11;57;15;9;4;good
DEBB021;"'2020-03-16 12:00'";12;61;13;8;4;good
DEBB021;"'2020-03-16 13:00'";10;73;11;7;3;moderate
DEBB021;"'2020-03-16 14:00'";8;89;7;6;2;moderate
DEBB021;"'2020-03-16 15:00'";8;90;7;6;3;moderate
DEBB021;"'2020-03-16 16:00'";7;89;8;5;3;moderate
DEBB021;"'2020-03-16 17:00'";9;82;11;6;3;moderate
DEBB021;"'2020-03-16 18:00'";10;77;14;7;3;moderate
DEBB021;"'2020-03-16 19:00'";14;62;25;10;3;good
DEBB021;"'2020-03-16 20:00'";18;24;58;12;3;moderate
DEBB021;"'2020-03-16 21:00'";20;20;54;15;3;moderate
DEBB021;"'2020-03-16 22:00'";22;15;53;17;3;moderate
DEBB021;"'2020-03-16 23:00'";22;5;54;18;1;moderate
DEBB021;"'2020-03-16 24:00'";19;17;36;15;1;moderate
DEBB021;"'2020-03-17 01:00'";18;22;24;15;1;good
DEBB021;"'2020-03-17 02:00'";16;29;20;14;1;good
DEBB021;"'2020-03-17 03:00'";18;2;41;15;1;moderate
DEBB021;"'2020-03-17 04:00'";18;18;26;16;1;moderate
DEBB021;"'2020-03-17 05:00'";19;21;21;17;1;moderate
DEBB021;"'2020-03-17 06:00'";19;3;36;16;1;moderate
DEBB021;"'2020-03-17 07:00'";23;5;49;19;3;moderate
DEBB021;"'2020-03-17 08:00'";26;5;52;20;3;moderate
DEBB021;"'2020-03-17 09:00'";32;2;56;22;4;moderate
DEBB021;"'2020-03-17 10:00'";25;15;41;20;3;moderate
DEBB021;"'2020-03-17 11:00'";26;35;28;21;3;moderate
DEBB021;"'2020-03-17 12:00'";22;63;11;18;3;moderate
DEBB021;"'2020-03-17 13:00'";19;70;8;16;3;moderate
DEBB021;"'2020-03-17 14:00'";18;77;7;15;3;moderate
DEBB021;"'2020-03-17 15:00'";15;85;6;12;1;moderate
DEBB021;"'2020-03-17 16:00'";13;85;8;10;1;moderate
DEBB021;"'2020-03-17 17:00'";12;82;10;9;2;moderate
DEBB021;"'2020-03-17 18:00'";12;78;11;8;3;moderate
DEBB021;"'2020-03-17 19:00'";11;70;16;8;3;good
DEBB021;"'2020-03-17 20:00'";17;57;25;13;3;good
DEBB021;"'2020-03-17 21:00'";19;49;29;14;3;good
DEBB021;"'2020-03-17 22:00'";18;49;26;13;3;good
DEBB021;"'2020-03-17 23:00'";13;56;18;10;3;good
DEBB021;"'2020-03-17 24:00'";14;58;15;11;1;good
DEBB021;"'2020-03-18 01:00'";14;55;16;10;3;good
DEBB021;"'2020-03-18 02:00'";13;49;18;10;2;good
DEBB021;"'2020-03-18 03:00'";13;50;16;10;3;good
DEBB021;"'2020-03-18 04:00'";17;44;16;14;1;good
DEBB021;"'2020-03-18 05:00'";19;40;17;17;1;moderate
DEBB021;"'2020-03-18 06:00'";23;29;24;20;1;moderate
DEBB021;"'2020-03-18 07:00'";28;19;30;24;1;moderate
DEBB021;"'2020-03-18 08:00'";30;22;28;25;2;moderate
DEBB021;"'2020-03-18 09:00'";26;33;24;21;3;moderate
DEBB021;"'2020-03-18 10:00'";17;56;16;14;3;good
DEBB021;"'2020-03-18 11:00'";13;69;13;10;3;good
DEBB021;"'2020-03-18 12:00'";11;75;11;8;2;moderate
DEBB021;"'2020-03-18 13:00'";9;84;9;5;1;moderate
DEBB021;"'2020-03-18 14:00'";8;87;8;5;1;moderate
DEBB021;"'2020-03-18 15:00'";10;90;8;7;1;moderate
DEBB021;"'2020-03-18 16:00'";11;91;8;8;1;moderate
DEBB021;"'2020-03-18 17:00'";11;92;8;8;1;moderate
DEBB021;"'2020-03-18 18:00'";13;90;9;9;2;moderate
DEBB021;"'2020-03-18 19:00'";15;77;14;11;2;moderate
DEBB021;"'2020-03-18 20:00'";20;50;35;13;2;moderate
DEBB021;"'2020-03-18 21:00'";21;59;25;15;2;good
DEBB021;"'2020-03-18 22:00'";18;60;19;14;1;good
DEBB021;"'2020-03-18 23:00'";16;60;19;12;1;good
DEBB021;"'2020-03-18 24:00'";15;62;17;12;1;good
DEBB021;"'2020-03-19 01:00'";16;63;14;13;1;good
DEBB021;"'2020-03-19 02:00'";16;63;12;13;1;good
DEBB021;"'2020-03-19 03:00'";17;59;12;14;1;good
DEBB021;"'2020-03-19 04:00'";17;57;11;14;3;good
DEBB021;"'2020-03-19 05:00'";19;51;17;15;3;good
DEBB021;"'2020-03-19 06:00'";20;51;15;16;3;moderate
DEBB021;"'2020-03-19 07:00'";21;46;19;17;3;moderate
DEBB021;"'2020-03-19 08:00'";25;39;25;17;3;moderate
DEBB021;"'2020-03-19 09:00'";24;38;24;17;4;moderate
DEBB021;"'2020-03-19 10:00'";22;41;23;16;4;moderate
DEBB021;"'2020-03-19 11:00'";19;59;12;14;3;good
DEBB021;"'2020-03-19 12:00'";18;66;7;14;3;good
DEBB021;"'2020-03-19 13:00'";19;64;7;15;1;good
DEBB021;"'2020-03-19 14:00'";19;57;7;15;1;good
DEBB021;"'2020-03-19 15:00'";23;56;7;15;1;good
DEBB021;"'2020-03-19 16:00'";15;62;6;12;1;good
DEBB021;"'2020-03-19 17:00'";11;61;7;10;1;good
DEBB021;"'2020-03-19 18:00'";10;55;9;8;1;good
DEBB021;"'2020-03-19 19:00'";8;55;10;6;1;good
DEBB021;"'2020-03-19 20:00'";7;57;9;5;1;good
DEBB021;"'2020-03-19 21:00'";9;53;12;7;1;good
DEBB021;"'2020-03-19 22:00'";9;58;10;7;1;good
DEBB021;"'2020-03-19 23:00'";9;55;11;8;1;good
DEBB021;"'2020-03-19 24:00'";9;52;12;8;1;good
DEBB021;"'2020-03-20 01:00'";9;54;12;8;3;good
DEBB021;"'2020-03-20 02:00'";10;49;14;8;3;good
DEBB021;"'2020-03-20 03:00'";10;47;13;8;3;good
DEBB021;"'2020-03-20 04:00'";10;47;13;9;1;good
DEBB021;"'2020-03-20 05:00'";11;44;12;9;1;good
DEBB021;"'2020-03-20 06:00'";12;39;16;10;1;good
DEBB021;"'2020-03-20 07:00'";14;36;19;11;2;good
DEBB021;"'2020-03-20 08:00'";14;40;23;11;3;good
DEBB021;"'2020-03-20 09:00'";11;48;25;8;1;good
DEBB021;"'2020-03-20 10:00'";14;39;33;9;2;moderate
DEBB021;"'2020-03-20 11:00'";14;45;32;9;4;moderate
DEBB021;"'2020-03-20 12:00'";15;54;24;10;5;good
DEBB021;"'2020-03-20 13:00'";17;54;20;11;7;good
DEBB021;"'2020-03-20 14:00'";15;54;17;11;7;good
DEBB021;"'2020-03-20 15:00'";14;61;11;10;4;good
DEBB021;"'2020-03-20 16:00'";13;66;12;10;3;good
DEBB021;"'2020-03-20 17:00'";9;73;8;6;1;moderate
DEBB021;"'2020-03-20 18:00'";3;83;6;2;1;moderate
DEBB021;"'2020-03-20 19:00'";3;78;8;2;1;moderate
DEBB021;"'2020-03-20 20:00'";7;68;8;5;1;good
DEBB021;"'2020-03-20 21:00'";9;64;8;7;1;good
DEBB021;"'2020-03-20 22:00'";10;61;7;8;1;good
DEBB021;"'2020-03-20 23:00'";9;65;6;8;1;good
DEBB021;"'2020-03-20 24:00'";8;65;5;7;1;good
DEBB021;"'2020-03-21 01:00'";8;66;6;6;1;good
DEBB021;"'2020-03-21 02:00'";8;65;8;7;1;good
DEBB021;"'2020-03-21 03:00'";10;62;8;8;3;good
DEBB021;"'2020-03-21 04:00'";10;61;8;9;5;good
DEBB021;"'2020-03-21 05:00'";12;59;7;10;4;good
DEBB021;"'2020-03-21 06:00'";5;62;5;5;2;good
DEBB021;"'2020-03-21 07:00'";6;56;9;5;4;good
DEBB021;"'2020-03-21 08:00'";5;57;8;4;4;good
DEBB021;"'2020-03-21 09:00'";3;64;6;3;3;good
DEBB021;"'2020-03-21 10:00'";4;65;6;3;2;good
DEBB021;"'2020-03-21 11:00'";3;69;5;2;1;good
DEBB021;"'2020-03-21 12:00'";3;72;4;2;1;good
DEBB021;"'2020-03-21 13:00'";3;75;5;2;1;moderate
DEBB021;"'2020-03-21 14:00'";4;75;5;3;1;moderate
DEBB021;"'2020-03-21 15:00'";4;77;5;3;1;moderate
DEBB021;"'2020-03-21 16:00'";4;80;5;3;1;moderate
DEBB021;"'2020-03-21 17:00'";5;81;5;3;3;moderate
DEBB021;"'2020-03-21 18:00'";4;79;6;3;3;moderate
DEBB021;"'2020-03-21 19:00'";4;77;6;3;1;moderate
DEBB021;"'2020-03-21 20:00'";4;76;6;3;1;moderate
DEBB021;"'2020-03-21 21:00'";6;72;8;4;1;good
DEBB021;"'2020-03-21 22:00'";5;66;10;4;3;good
DEBB021;"'2020-03-21 23:00'";4;68;7;3;2;good
DEBB021;"'2020-03-21 24:00'";3;67;7;3;3;good
DEBB021;"'2020-03-22 01:00'";3;66;8;2;2;good
DEBB021;"'2020-03-22 02:00'";3;68;8;2;2;good
DEBB021;"'2020-03-22 03:00'";3;67;7;3;3;good
DEBB021;"'2020-03-22 04:00'";4;63;9;3;3;good
DEBB021;"'2020-03-22 05:00'";5;58;12;4;4;good
DEBB021;"'2020-03-22 06:00'";5;56;13;4;5;good
DEBB021;"'2020-03-22 07:00'";6;53;15;5;4;good
DEBB021;"'2020-03-22 08:00'";6;58;12;5;4;good
DEBB021;"'2020-03-22 09:00'";4;74;7;3;3;moderate
DEBB021;"'2020-03-22 10:00'";3;81;5;2;3;moderate
DEBB021;"'2020-03-22 11:00'";3;80;3;2;1;moderate
DEBB021;"'2020-03-22 12:00'";3;80;3;2;1;moderate
DEBB021;"'2020-03-22 13:00'";4;80;2;3;1;moderate
DEBB021;"'2020-03-22 14:00'";4;80;2;3;1;moderate
DEBB021;"'2020-03-22 15:00'";3;81;3;3;1;moderate
DEBB021;"'2020-03-22 16:00'";3;81;2;2;1;moderate
DEBB021;"'2020-03-22 17:00'";3;80;2;2;1;moderate
DEBB021;"'2020-03-22 18:00'";3;78;4;2;3;moderate
DEBB021;"'2020-03-22 19:00'";3;75;6;2;2;moderate
DEBB021;"'2020-03-22 20:00'";5;70;9;4;1;good
DEBB021;"'2020-03-22 21:00'";7;63;14;5;3;good
DEBB021;"'2020-03-22 22:00'";8;58;17;7;3;good
DEBB021;"'2020-03-22 23:00'";9;54;20;7;5;good
DEBB021;"'2020-03-22 24:00'";12;43;28;10;5;good
DEBB021;"'2020-03-23 01:00'";11;47;22;9;3;good
DEBB021;"'2020-03-23 02:00'";10;48;18;9;3;good
DEBB021;"'2020-03-23 03:00'";10;44;23;9;4;good
DEBB021;"'2020-03-23 04:00'";10;40;26;8;3;good
DEBB021;"'2020-03-23 05:00'";9;42;22;8;3;good
DEBB021;"'2020-03-23 06:00'";9;33;32;8;4;moderate
DEBB021;"'2020-03-23 07:00'";12;30;35;8;5;moderate
DEBB021;"'2020-03-23 08:00'";11;36;33;8;6;moderate
DEBB021;"'2020-03-23 09:00'";11;49;22;8;5;good
DEBB021;"'2020-03-23 10:00'";11;57;17;8;4;good
DEBB021;"'2020-03-23 11:00'";8;71;9;5;3;good
DEBB021;"'2020-03-23 12:00'";9;74;8;6;3;moderate
DEBB021;"'2020-03-23 13:00'";9;77;7;6;3;moderate
DEBB021;"'2020-03-23 14:00'";8;82;5;5;1;moderate
DEBB021;"'2020-03-23 15:00'";8;84;6;5;2;moderate
DEBB021;"'2020-03-23 16:00'";10;83;8;6;3;moderate
DEBB021;"'2020-03-23 17:00'";10;83;9;6;3;moderate
DEBB021;"'2020-03-23 18:00'";10;82;9;6;3;moderate
DEBB021;"'2020-03-23 19:00'";10;79;11;6;3;moderate
DEBB021;"'2020-03-23 20:00'";12;70;16;8;5;good
DEBB021;"'2020-03-23 21:00'";15;64;20;11;5;good
DEBB021;"'2020-03-23 22:00'";16;60;22;12;5;good
DEBB021;"'2020-03-23 23:00'";16;44;34;12;4;moderate
DEBB021;"'2020-03-23 24:00'";16;34;40;13;4;moderate
DEBB021;"'2020-03-24 01:00'";14;46;26;11;4;good
DEBB021;"'2020-03-24 02:00'";15;46;25;11;3;good
DEBB021;"'2020-03-24 03:00'";14;49;21;10;3;good
DEBB021;"'2020-03-24 04:00'";15;41;27;10;3;good
DEBB021;"'2020-03-24 05:00'";15;47;21;11;3;good
DEBB021;"'2020-03-24 06:00'";16;25;42;12;3;moderate
DEBB021;"'2020-03-24 07:00'";18;17;51;13;3;moderate
DEBB021;"'2020-03-24 08:00'";26;25;47;15;4;moderate
DEBB021;"'2020-03-24 09:00'";26;46;28;17;4;moderate
DEBB021;"'2020-03-24 10:00'";25;65;17;16;5;moderate
DEBB021;"'2020-03-24 11:00'";20;82;8;14;5;moderate
DEBB021;"'2020-03-24 12:00'";19;85;8;13;4;moderate
DEBB021;"'2020-03-24 13:00'";16;90;7;12;3;moderate
DEBB021;"'2020-03-24 14:00'";15;92;6;12;3;moderate
DEBB021;"'2020-03-24 15:00'";16;96;6;12;3;moderate
DEBB021;"'2020-03-24 16:00'";17;97;6;12;3;moderate
DEBB021;"'2020-03-24 17:00'";18;96;8;12;3;moderate
DEBB021;"'2020-03-24 18:00'";16;94;9;11;3;moderate
DEBB021;"'2020-03-24 19:00'";16;88;13;11;3;moderate
DEBB021;"'2020-03-24 20:00'";21;81;17;15;4;moderate
DEBB021;"'2020-03-24 21:00'";26;71;21;19;4;moderate
DEBB021;"'2020-03-24 22:00'";23;65;23;17;3;moderate
DEBB021;"'2020-03-24 23:00'";22;62;24;17;4;moderate
DEBB021;"'2020-03-24 24:00'";24;57;25;18;4;moderate
DEBB021;"'2020-03-25 01:00'";24;66;17;18;4;moderate
DEBB021;"'2020-03-25 02:00'";23;69;14;18;4;moderate
DEBB021;"'2020-03-25 03:00'";25;65;16;19;4;moderate
DEBB021;"'2020-03-25 04:00'";25;65;14;19;4;moderate
DEBB021;"'2020-03-25 05:00'";26;62;15;20;4;moderate
DEBB021;"'2020-03-25 06:00'";26;57;20;20;4;moderate
DEBB021;"'2020-03-25 07:00'";28;55;23;20;5;moderate
DEBB021;"'2020-03-25 08:00'";28;57;23;21;5;moderate
DEBB021;"'2020-03-25 09:00'";26;65;21;19;7;moderate
DEBB021;"'2020-03-25 10:00'";24;81;13;18;5;moderate
DEBB021;"'2020-03-25 11:00'";23;88;10;17;6;moderate
DEBB021;"'2020-03-25 12:00'";22;93;8;17;5;moderate
DEBB021;"'2020-03-25 13:00'";22;98;8;16;4;moderate
DEBB021;"'2020-03-25 14:00'";22;102;7;15;4;moderate
DEBB021;"'2020-03-25 15:00'";20;105;8;14;5;moderate
DEBB021;"'2020-03-25 16:00'";20;105;8;14;4;moderate
DEBB021;"'2020-03-25 17:00'";18;105;8;12;4;moderate
DEBB021;"'2020-03-25 18:00'";22;102;10;15;4;moderate
DEBB021;"'2020-03-25 19:00'";23;100;10;15;4;moderate
DEBB021;"'2020-03-25 20:00'";25;97;11;16;4;moderate
DEBB021;"'2020-03-25 21:00'";27;93;12;17;4;moderate
DEBB021;"'2020-03-25 22:00'";28;88;14;19;4;moderate
DEBB021;"'2020-03-25 23:00'";29;88;12;19;4;moderate
DEBB021;"'2020-03-25 24:00'";29;85;11;19;4;moderate
DEBB021;"'2020-03-26 01:00'";29;83;11;20;4;moderate
DEBB021;"'2020-03-26 02:00'";29;80;11;20;4;moderate
DEBB021;"'2020-03-26 03:00'";30;79;12;21;4;moderate
DEBB021;"'2020-03-26 04:00'";30;74;13;21;5;moderate
DEBB021;"'2020-03-26 05:00'";29;70;15;21;5;moderate
DEBB021;"'2020-03-26 06:00'";29;68;14;22;5;moderate
DEBB021;"'2020-03-26 07:00'";30;61;20;23;5;moderate
DEBB021;"'2020-03-26 08:00'";30;62;19;23;5;moderate
DEBB021;"'2020-03-26 09:00'";34;64;18;24;6;moderate
DEBB021;"'2020-03-26 10:00'";37;66;17;25;7;moderate
DEBB021;"'2020-03-26 11:00'";36;76;16;26;9;moderate
DEBB021;"'2020-03-26 12:00'";33;86;14;24;7;moderate
DEBB021;"'2020-03-26 13:00'";29;94;10;21;5;moderate
DEBB021;"'2020-03-26 14:00'";29;97;9;21;5;moderate
DEBB021;"'2020-03-26 15:00'";29;99;9;21;5;moderate
DEBB021;"'2020-03-26 16:00'";27;101;10;20;5;moderate
DEBB021;"'2020-03-26 17:00'";26;102;10;18;4;moderate
DEBB021;"'2020-03-26 18:00'";26;99;11;19;5;moderate
DEBB021;"'2020-03-26 19:00'";27;92;13;20;5;moderate
DEBB021;"'2020-03-26 20:00'";26;89;12;20;4;moderate
DEBB021;"'2020-03-26 21:00'";27;88;12;21;4;moderate
DEBB021;"'2020-03-26 22:00'";28;87;12;21;4;moderate
DEBB021;"'2020-03-26 23:00'";32;83;12;23;4;moderate
DEBB021;"'2020-03-26 24:00'";34;77;14;24;5;moderate
DEBB021;"'2020-03-27 01:00'";35;72;16;25;6;moderate
DEBB021;"'2020-03-27 02:00'";35;70;16;25;7;moderate
DEBB021;"'2020-03-27 03:00'";35;66;17;25;7;moderate
DEBB021;"'2020-03-27 04:00'";37;66;17;26;7;moderate
DEBB021;"'2020-03-27 05:00'";37;60;21;27;7;moderate
DEBB021;"'2020-03-27 06:00'";40;57;22;29;7;moderate
DEBB021;"'2020-03-27 07:00'";43;51;27;31;8;poor
DEBB021;"'2020-03-27 08:00'";45;48;32;33;9;poor
DEBB021;"'2020-03-27 09:00'";50;55;28;34;10;poor
DEBB021;"'2020-03-27 10:00'";51;61;27;35;10;poor
DEBB021;"'2020-03-27 11:00'";51;73;24;34;10;poor
DEBB021;"'2020-03-27 12:00'";46;88;18;31;9;poor
DEBB021;"'2020-03-27 13:00'";46;93;17;31;9;poor
DEBB021;"'2020-03-27 14:00'";45;100;17;30;9;moderate
DEBB021;"'2020-03-27 15:00'";44;106;17;29;7;moderate
DEBB021;"'2020-03-27 16:00'";40;112;13;27;6;moderate
DEBB021;"'2020-03-27 17:00'";41;113;12;27;6;moderate
DEBB021;"'2020-03-27 18:00'";40;111;11;26;6;moderate
DEBB021;"'2020-03-27 19:00'";42;106;14;28;6;moderate
DEBB021;"'2020-03-27 20:00'";46;96;20;33;6;poor
DEBB021;"'2020-03-27 21:00'";48;91;21;36;6;poor
DEBB021;"'2020-03-27 22:00'";45;96;17;34;6;poor
DEBB021;"'2020-03-27 23:00'";43;95;16;34;6;poor
DEBB021;"'2020-03-27 24:00'";44;93;15;35;6;poor
DEBB021;"'2020-03-28 01:00'";43;92;12;35;6;poor
DEBB021;"'2020-03-28 02:00'";44;86;13;36;6;poor
DEBB021;"'2020-03-28 03:00'";45;77;14;39;4;poor
DEBB021;"'2020-03-28 04:00'";46;72;13;40;3;poor
DEBB021;"'2020-03-28 05:00'";47;69;12;42;3;poor
DEBB021;"'2020-03-28 06:00'";46;62;12;41;2;poor
DEBB021;"'2020-03-28 07:00'";47;58;13;43;1;poor
DEBB021;"'2020-03-28 08:00'";48;58;13;43;3;poor
DEBB021;"'2020-03-28 09:00'";47;67;11;42;3;poor
DEBB021;"'2020-03-28 10:00'";48;72;11;42;3;poor
DEBB021;"'2020-03-28 11:00'";50;78;11;43;4;poor
DEBB021;"'2020-03-28 12:00'";53;93;10;44;4;poor
DEBB021;"'2020-03-28 13:00'";49;110;9;41;4;poor
DEBB021;"'2020-03-28 14:00'";45;126;8;36;4;poor
DEBB021;"'2020-03-28 15:00'";45;131;8;35;4;poor
DEBB021;"'2020-03-28 16:00'";43;131;7;34;4;poor
DEBB021;"'2020-03-28 17:00'";43;128;7;33;4;poor
DEBB021;"'2020-03-28 18:00'";42;123;8;32;4;poor
DEBB021;"'2020-03-28 19:00'";38;111;11;28;3;moderate
DEBB021;"'2020-03-28 20:00'";31;98;10;25;3;moderate
DEBB021;"'2020-03-28 21:00'";31;92;10;25;3;moderate
DEBB021;"'2020-03-28 22:00'";29;88;10;24;3;moderate
DEBB021;"'2020-03-28 23:00'";27;87;9;23;3;moderate
DEBB021;"'2020-03-28 24:00'";24;90;8;21;3;moderate
DEBB021;"'2020-03-29 01:00'";23;83;8;20;3;moderate
DEBB021;"'2020-03-29 02:00'";20;75;8;19;1;moderate
DEBB021;"'2020-03-29 04:00'";21;72;7;19;1;moderate
DEBB021;"'2020-03-29 05:00'";19;70;7;17;1;moderate
DEBB021;"'2020-03-29 06:00'";17;68;7;15;1;good
DEBB021;"'2020-03-29 07:00'";14;64;8;12;1;good
DEBB021;"'2020-03-29 08:00'";9;65;7;8;1;good
DEBB021;"'2020-03-29 09:00'";7;63;7;5;1;good
DEBB021;"'2020-03-29 10:00'";9;58;7;7;1;good
DEBB021;"'2020-03-29 11:00'";19;66;7;16;1;moderate
DEBB021;"'2020-03-29 12:00'";19;84;6;16;1;moderate
DEBB021;"'2020-03-29 13:00'";5;81;5;5;1;moderate
DEBB021;"'2020-03-29 14:00'";0.8;78;4;1;1;moderate
DEBB021;"'2020-03-29 15:00'";0.8;80;4;1;1;moderate
DEBB021;"'2020-03-29 16:00'";0.8;81;4;1;1;moderate
DEBB021;"'2020-03-29 17:00'";2;82;4;1;1;moderate
DEBB021;"'2020-03-29 18:00'";3;81;4;2;1;moderate
DEBB021;"'2020-03-29 19:00'";3;80;5;2;1;moderate
DEBB021;"'2020-03-29 20:00'";3;81;5;2;1;moderate
DEBB021;"'2020-03-29 21:00'";4;79;6;3;1;moderate
DEBB021;"'2020-03-29 22:00'";3;78;6;3;1;moderate
DEBB021;"'2020-03-29 23:00'";3;76;6;2;1;moderate
DEBB021;"'2020-03-29 24:00'";3;73;6;2;1;moderate
DEBB021;"'2020-03-30 01:00'";2;69;7;1;1;good
DEBB021;"'2020-03-30 02:00'";2;64;9;1;1;good
DEBB021;"'2020-03-30 03:00'";2;63;8;2;1;good
DEBB021;"'2020-03-30 04:00'";3;57;11;2;1;good
DEBB021;"'2020-03-30 05:00'";3;55;11;2;1;good
DEBB021;"'2020-03-30 06:00'";3;49;19;2;1;good
DEBB021;"'2020-03-30 07:00'";4;35;29;3;2;good
DEBB021;"'2020-03-30 08:00'";5;35;33;4;3;moderate
DEBB021;"'2020-03-30 09:00'";8;45;23;4;3;good
DEBB021;"'2020-03-30 10:00'";6;57;17;3;4;good
DEBB021;"'2020-03-30 11:00'";6;71;11;3;3;good
DEBB021;"'2020-03-30 12:00'";6;77;8;3;3;moderate
DEBB021;"'2020-03-30 13:00'";6;75;9;3;3;moderate
DEBB021;"'2020-03-30 14:00'";10;72;10;4;3;good
DEBB021;"'2020-03-30 15:00'";6;67;12;4;2;good
DEBB021;"'2020-03-30 16:00'";5;66;13;4;1;good
DEBB021;"'2020-03-30 17:00'";6;62;13;5;1;good
DEBB021;"'2020-03-30 18:00'";7;60;14;6;1;good
DEBB021;"'2020-03-30 19:00'";7;59;13;6;2;good
DEBB021;"'2020-03-30 20:00'";7;63;12;7;1;good
DEBB021;"'2020-03-30 21:00'";9;60;13;8;1;good
DEBB021;"'2020-03-30 22:00'";10;57;13;9;1;good
DEBB021;"'2020-03-30 23:00'";12;51;14;11;1;good
DEBB021;"'2020-03-30 24:00'";11;54;10;11;2;good
DEBB021;"'2020-03-31 01:00'";12;59;7;11;1;good
DEBB021;"'2020-03-31 02:00'";9;61;6;9;1;good
DEBB021;"'2020-03-31 03:00'";7;59;7;7;2;good
DEBB021;"'2020-03-31 04:00'";7;53;10;7;3;good
DEBB021;"'2020-03-31 05:00'";5;56;9;5;3;good
DEBB021;"'2020-03-31 06:00'";5;53;12;4;3;good
DEBB021;"'2020-03-31 07:00'";4;44;21;4;3;good
DEBB021;"'2020-03-31 08:00'";6;44;23;5;3;good
DEBB021;"'2020-03-31 09:00'";5;56;16;4;3;good
DEBB021;"'2020-03-31 10:00'";4;61;15;3;4;good
DEBB021;"'2020-03-31 11:00'";4;-;15;3;5;good
DEBB021;"'2020-03-31 12:00'";3;-;10;2;4;"very good"
DEBB021;"'2020-03-31 13:00'";3;-;7;2;1;"very good"
DEBB021;"'2020-03-31 14:00'";2;82;6;2;1;moderate
DEBB021;"'2020-03-31 15:00'";2;85;5;1;1;moderate
DEBB021;"'2020-03-31 16:00'";3;85;5;2;1;moderate
DEBB021;"'2020-03-31 17:00'";3;84;5;2;1;moderate
DEBB021;"'2020-03-31 18:00'";3;84;5;2;1;moderate
DEBB021;"'2020-03-31 19:00'";3;85;5;2;1;moderate
DEBB021;"'2020-03-31 20:00'";3;79;9;3;1;moderate
DEBB021;"'2020-03-31 21:00'";6;68;15;4;2;good
DEBB021;"'2020-03-31 22:00'";9;52;23;7;3;good
DEBB021;"'2020-03-31 23:00'";8;49;22;7;2;good
DEBB021;"'2020-03-31 24:00'";6;56;13;5;2;good
DEBB021;"'2020-04-01 01:00'";5;58;14;4;1;good
DEBB021;"'2020-04-01 02:00'";4;62;12;3;1;good
DEBB021;"'2020-04-01 03:00'";4;65;10;3;1;good
DEBB021;"'2020-04-01 04:00'";4;65;9;3;1;good
DEBB021;"'2020-04-01 05:00'";4;67;8;3;1;good
DEBB021;"'2020-04-01 06:00'";4;67;9;3;1;good
DEBB021;"'2020-04-01 07:00'";6;60;17;3;1;good
DEBB021;"'2020-04-01 08:00'";6;48;34;4;1;moderate
DEBB021;"'2020-04-01 09:00'";9;60;22;5;1;good
DEBB021;"'2020-04-01 10:00'";8;68;13;6;1;good
DEBB021;"'2020-04-01 11:00'";10;75;9;7;1;moderate
DEBB021;"'2020-04-01 12:00'";11;82;7;8;1;moderate
DEBB021;"'2020-04-01 13:00'";12;83;6;10;1;moderate
DEBB021;"'2020-04-01 14:00'";13;83;7;10;1;moderate
DEBB021;"'2020-04-01 15:00'";14;86;7;10;1;moderate
DEBB021;"'2020-04-01 16:00'";13;88;6;10;1;moderate
DEBB021;"'2020-04-01 17:00'";11;89;6;8;1;moderate
DEBB021;"'2020-04-01 18:00'";7;88;6;5;1;moderate
DEBB021;"'2020-04-01 19:00'";4;88;5;4;1;moderate
DEBB021;"'2020-04-01 20:00'";4;86;8;4;1;moderate
DEBB021;"'2020-04-01 21:00'";5;78;12;4;1;moderate
DEBB021;"'2020-04-01 22:00'";8;72;15;7;1;good
DEBB021;"'2020-04-01 23:00'";7;74;11;6;1;moderate
DEBB021;"'2020-04-01 24:00'";6;72;11;5;1;good
DEBB021;"'2020-04-02 01:00'";6;63;16;5;1;good
DEBB021;"'2020-04-02 02:00'";6;66;12;5;1;good
DEBB021;"'2020-04-02 03:00'";7;63;12;6;1;good
DEBB021;"'2020-04-02 04:00'";8;64;10;7;1;good
DEBB021;"'2020-04-02 05:00'";9;63;10;7;1;good
DEBB021;"'2020-04-02 06:00'";10;57;15;8;1;good
DEBB021;"'2020-04-02 07:00'";12;50;22;9;1;good
DEBB021;"'2020-04-02 08:00'";13;49;21;10;1;good
DEBB021;"'2020-04-02 09:00'";14;54;18;11;1;good
DEBB021;"'2020-04-02 10:00'";14;60;14;11;1;good
DEBB021;"'2020-04-02 11:00'";13;68;11;10;1;good
DEBB021;"'2020-04-02 12:00'";10;78;9;7;1;moderate
DEBB021;"'2020-04-02 13:00'";8;86;7;6;1;moderate
DEBB021;"'2020-04-02 14:00'";7;89;7;5;1;moderate
DEBB021;"'2020-04-02 15:00'";8;89;8;5;1;moderate
DEBB021;"'2020-04-02 16:00'";8;95;5;5;1;moderate
DEBB021;"'2020-04-02 17:00'";9;96;6;6;1;moderate
DEBB021;"'2020-04-02 18:00'";9;97;5;7;1;moderate
DEBB021;"'2020-04-02 19:00'";17;89;7;14;1;moderate
DEBB021;"'2020-04-02 20:00'";24;81;8;19;1;moderate
DEBB021;"'2020-04-02 21:00'";26;74;11;21;1;moderate
DEBB021;"'2020-04-02 22:00'";28;65;18;23;1;moderate
DEBB021;"'2020-04-02 23:00'";23;70;16;20;1;moderate
DEBB021;"'2020-04-02 24:00'";19;72;13;17;1;moderate
DEBB021;"'2020-04-03 01:00'";18;74;9;15;1;moderate
DEBB021;"'2020-04-03 02:00'";18;74;8;16;1;moderate
DEBB021;"'2020-04-03 03:00'";19;71;8;16;1;moderate
DEBB021;"'2020-04-03 04:00'";17;66;8;16;1;moderate
DEBB021;"'2020-04-03 05:00'";10;71;6;9;1;good
DEBB021;"'2020-04-03 06:00'";7;78;6;5;1;moderate
DEBB021;"'2020-04-03 07:00'";8;80;8;5;1;moderate
DEBB021;"'2020-04-03 08:00'";11;83;10;6;1;moderate
DEBB021;"'2020-04-03 09:00'";11;84;7;6;1;moderate
DEBB021;"'2020-04-03 10:00'";10;82;7;6;1;moderate
DEBB021;"'2020-04-03 11:00'";10;83;5;5;1;moderate
DEBB021;"'2020-04-03 12:00'";8;84;5;5;1;moderate
DEBB021;"'2020-04-03 13:00'";7;84;5;4;1;moderate
DEBB021;"'2020-04-03 14:00'";7;85;4;3;1;moderate
DEBB021;"'2020-04-03 15:00'";7;84;3;3;1;moderate
DEBB021;"'2020-04-03 16:00'";7;89;5;4;1;moderate
DEBB021;"'2020-04-03 17:00'";9;94;5;4;1;moderate
DEBB021;"'2020-04-03 18:00'";9;96;5;5;1;moderate
DEBB021;"'2020-04-03 19:00'";9;89;6;5;1;moderate
DEBB021;"'2020-04-03 20:00'";9;81;9;5;1;moderate
DEBB021;"'2020-04-03 21:00'";10;75;12;6;1;moderate
DEBB021;"'2020-04-03 22:00'";12;68;16;8;1;good
DEBB021;"'2020-04-03 23:00'";13;61;22;8;1;good
DEBB021;"'2020-04-03 24:00'";12;64;17;8;1;good
DEBB021;"'2020-04-04 01:00'";12;61;19;8;1;good
DEBB021;"'2020-04-04 02:00'";10;62;15;7;1;good
DEBB021;"'2020-04-04 03:00'";10;64;14;6;1;good
DEBB021;"'2020-04-04 04:00'";9;65;13;6;1;good
DEBB021;"'2020-04-04 05:00'";9;64;11;6;1;good
DEBB021;"'2020-04-04 06:00'";9;63;10;5;1;good
DEBB021;"'2020-04-04 07:00'";9;61;13;5;1;good
DEBB021;"'2020-04-04 08:00'";10;62;14;5;1;good
DEBB021;"'2020-04-04 09:00'";10;71;11;5;1;good
DEBB021;"'2020-04-04 10:00'";9;82;6;5;1;moderate
DEBB021;"'2020-04-04 11:00'";9;89;3;5;1;moderate
DEBB021;"'2020-04-04 12:00'";9;92;4;6;1;moderate
DEBB021;"'2020-04-04 13:00'";10;95;2;6;1;moderate
DEBB021;"'2020-04-04 14:00'";9;97;2;6;1;moderate
DEBB021;"'2020-04-04 15:00'";9;99;2;5;1;moderate
DEBB021;"'2020-04-04 16:00'";7;99;2;5;1;moderate
DEBB021;"'2020-04-04 17:00'";7;99;2;4;1;moderate
DEBB021;"'2020-04-04 18:00'";6;98;2;3;1;moderate
DEBB021;"'2020-04-04 19:00'";6;96;3;3;1;moderate
DEBB021;"'2020-04-04 20:00'";7;93;3;3;1;moderate
DEBB021;"'2020-04-04 21:00'";10;85;9;6;1;moderate
DEBB021;"'2020-04-04 22:00'";11;68;14;7;1;good
DEBB021;"'2020-04-04 23:00'";24;41;30;18;1;moderate
DEBB021;"'2020-04-04 24:00'";36;23;46;30;1;moderate
DEBB021;"'2020-04-05 01:00'";32;20;42;26;1;moderate
DEBB021;"'2020-04-05 02:00'";26;16;46;21;1;moderate
DEBB021;"'2020-04-05 03:00'";23;38;32;19;1;moderate
DEBB021;"'2020-04-05 04:00'";24;35;34;20;1;moderate
DEBB021;"'2020-04-05 05:00'";24;32;38;21;1;moderate
DEBB021;"'2020-04-05 06:00'";21;41;27;18;1;moderate
DEBB021;"'2020-04-05 07:00'";20;36;31;17;1;moderate
DEBB021;"'2020-04-05 08:00'";19;48;21;15;1;good
DEBB021;"'2020-04-05 09:00'";18;60;15;14;1;good
DEBB021;"'2020-04-05 10:00'";19;78;8;14;1;moderate
DEBB021;"'2020-04-05 11:00'";19;86;6;14;1;moderate
DEBB021;"'2020-04-05 12:00'";20;94;5;14;1;moderate
DEBB021;"'2020-04-05 13:00'";19;98;4;14;1;moderate
DEBB021;"'2020-04-05 14:00'";19;102;4;14;1;moderate
DEBB021;"'2020-04-05 15:00'";19;103;4;13;1;moderate
DEBB021;"'2020-04-05 16:00'";19;107;4;14;1;moderate
DEBB021;"'2020-04-05 17:00'";19;108;5;13;1;moderate
DEBB021;"'2020-04-05 18:00'";18;108;5;13;1;moderate
DEBB021;"'2020-04-05 19:00'";18;106;6;11;1;moderate
DEBB021;"'2020-04-05 20:00'";18;99;7;11;1;moderate
DEBB021;"'2020-04-05 21:00'";17;96;8;12;1;moderate
DEBB021;"'2020-04-05 22:00'";19;96;10;14;1;moderate
DEBB021;"'2020-04-05 23:00'";19;93;11;15;2;moderate
DEBB021;"'2020-04-05 24:00'";18;93;10;15;2;moderate
DEBB021;"'2020-04-06 01:00'";18;92;8;14;2;moderate
DEBB021;"'2020-04-06 02:00'";18;89;8;14;3;moderate
DEBB021;"'2020-04-06 03:00'";18;86;8;14;3;moderate
DEBB021;"'2020-04-06 04:00'";18;82;10;15;3;moderate
DEBB021;"'2020-04-06 05:00'";19;74;13;15;3;moderate
DEBB021;"'2020-04-06 06:00'";20;67;20;16;4;moderate
DEBB021;"'2020-04-06 07:00'";22;61;23;17;4;moderate
DEBB021;"'2020-04-06 08:00'";25;54;29;18;4;moderate
DEBB021;"'2020-04-06 09:00'";30;58;26;19;6;moderate
DEBB021;"'2020-04-06 10:00'";31;76;17;18;4;moderate
DEBB021;"'2020-04-06 11:00'";28;86;12;17;3;moderate
DEBB021;"'2020-04-06 12:00'";25;93;9;16;2;moderate
DEBB021;"'2020-04-06 13:00'";25;108;7;14;1;moderate
DEBB021;"'2020-04-06 14:00'";25;113;7;14;1;moderate
DEBB021;"'2020-04-06 15:00'";26;117;7;14;1;moderate
DEBB021;"'2020-04-06 16:00'";28;124;7;15;1;moderate
DEBB021;"'2020-04-06 17:00'";29;127;8;15;1;moderate
DEBB021;"'2020-04-06 18:00'";27;129;7;15;1;moderate
DEBB021;"'2020-04-06 19:00'";29;128;7;15;1;moderate
DEBB021;"'2020-04-06 20:00'";31;122;11;17;1;moderate
DEBB021;"'2020-04-06 21:00'";37;105;18;20;1;moderate
DEBB021;"'2020-04-06 22:00'";44;73;32;26;1;moderate
DEBB021;"'2020-04-06 23:00'";40;43;51;25;1;moderate
DEBB021;"'2020-04-06 24:00'";43;42;51;28;1;moderate
DEBB021;"'2020-04-07 01:00'";41;52;40;26;1;moderate
DEBB021;"'2020-04-07 02:00'";39;66;27;25;1;moderate
DEBB021;"'2020-04-07 03:00'";38;57;26;25;1;moderate
DEBB021;"'2020-04-07 04:00'";35;54;24;24;1;moderate
DEBB021;"'2020-04-07 05:00'";36;49;25;24;1;moderate
DEBB021;"'2020-04-07 06:00'";33;50;27;22;1;moderate
DEBB021;"'2020-04-07 07:00'";33;24;60;22;1;moderate
DEBB021;"'2020-04-07 08:00'";32;45;42;21;2;moderate
DEBB021;"'2020-04-07 09:00'";29;70;19;20;1;moderate
DEBB021;"'2020-04-07 10:00'";29;76;12;22;1;moderate
DEBB021;"'2020-04-07 11:00'";23;82;9;19;1;moderate
DEBB021;"'2020-04-07 12:00'";18;86;7;14;1;moderate
DEBB021;"'2020-04-07 13:00'";17;91;6;13;1;moderate
DEBB021;"'2020-04-07 14:00'";14;96;5;10;1;moderate
DEBB021;"'2020-04-07 15:00'";13;98;5;9;1;moderate
DEBB021;"'2020-04-07 16:00'";12;99;5;7;1;moderate
DEBB021;"'2020-04-07 17:00'";11;99;5;6;1;moderate
DEBB021;"'2020-04-07 18:00'";12;99;5;6;1;moderate
DEBB021;"'2020-04-07 19:00'";14;98;5;7;1;moderate
DEBB021;"'2020-04-07 20:00'";12;91;8;6;1;moderate
DEBB021;"'2020-04-07 21:00'";10;91;6;5;1;moderate
DEBB021;"'2020-04-07 22:00'";11;84;8;5;1;moderate
DEBB021;"'2020-04-07 23:00'";11;79;10;6;1;moderate
DEBB021;"'2020-04-07 24:00'";12;74;11;6;1;moderate
DEBB021;"'2020-04-08 01:00'";11;74;10;6;3;moderate
DEBB021;"'2020-04-08 02:00'";10;71;9;6;4;good
DEBB021;"'2020-04-08 03:00'";10;65;11;6;3;good
DEBB021;"'2020-04-08 04:00'";10;58;14;6;3;good
DEBB021;"'2020-04-08 05:00'";9;60;13;6;1;good
DEBB021;"'2020-04-08 06:00'";10;56;17;6;1;good
DEBB021;"'2020-04-08 07:00'";11;51;21;6;3;good
DEBB021;"'2020-04-08 08:00'";13;46;29;7;3;good
DEBB021;"'2020-04-08 09:00'";17;55;21;7;3;good
DEBB021;"'2020-04-08 10:00'";20;59;19;8;4;good
DEBB021;"'2020-04-08 11:00'";21;64;17;9;9;good
DEBB021;"'2020-04-08 12:00'";30;70;17;10;9;moderate
DEBB021;"'2020-04-08 13:00'";26;87;12;11;6;moderate
DEBB021;"'2020-04-08 14:00'";28;109;9;13;6;moderate
DEBB021;"'2020-04-08 15:00'";27;125;7;13;4;moderate
DEBB021;"'2020-04-08 16:00'";26;130;6;12;3;moderate
DEBB021;"'2020-04-08 17:00'";25;132;6;12;3;moderate
DEBB021;"'2020-04-08 18:00'";25;134;6;12;2;moderate
DEBB021;"'2020-04-08 19:00'";27;132;7;12;1;moderate
DEBB021;"'2020-04-08 20:00'";39;117;13;13;2;moderate
DEBB021;"'2020-04-08 21:00'";37;83;33;16;1;moderate
DEBB021;"'2020-04-08 22:00'";38;46;52;19;1;moderate
DEBB021;"'2020-04-08 23:00'";37;44;41;19;1;moderate
DEBB021;"'2020-04-08 24:00'";33;56;27;19;1;moderate
DEBB021;"'2020-04-09 01:00'";30;64;19;18;1;moderate
DEBB021;"'2020-04-09 02:00'";30;59;18;18;1;moderate
DEBB021;"'2020-04-09 03:00'";33;50;26;21;1;moderate
DEBB021;"'2020-04-09 04:00'";32;57;23;21;1;moderate
DEBB021;"'2020-04-09 05:00'";30;31;37;20;1;moderate
DEBB021;"'2020-04-09 06:00'";31;34;38;20;1;moderate
DEBB021;"'2020-04-09 07:00'";31;29;48;20;1;moderate
DEBB021;"'2020-04-09 08:00'";30;54;33;19;1;moderate
DEBB021;"'2020-04-09 09:00'";27;71;22;17;1;moderate
DEBB021;"'2020-04-09 10:00'";18;86;11;11;1;moderate
DEBB021;"'2020-04-09 11:00'";15;91;7;8;1;moderate
DEBB021;"'2020-04-09 12:00'";13;92;5;7;1;moderate
DEBB021;"'2020-04-09 13:00'";11;96;4;5;1;moderate
DEBB021;"'2020-04-09 14:00'";9;96;4;5;1;moderate
DEBB021;"'2020-04-09 15:00'";10;95;3;4;1;moderate
DEBB021;"'2020-04-09 16:00'";8;95;3;3;1;moderate
DEBB021;"'2020-04-09 17:00'";8;96;3;3;1;moderate
DEBB021;"'2020-04-09 18:00'";8;96;4;4;1;moderate
DEBB021;"'2020-04-09 19:00'";9;94;5;5;1;moderate
DEBB021;"'2020-04-09 20:00'";12;92;6;7;1;moderate
DEBB021;"'2020-04-09 21:00'";13;87;7;7;1;moderate
DEBB021;"'2020-04-09 22:00'";12;86;5;7;1;moderate
DEBB021;"'2020-04-09 23:00'";9;83;5;6;1;moderate
DEBB021;"'2020-04-09 24:00'";6;84;5;4;1;moderate
DEBB021;"'2020-04-10 01:00'";6;81;6;4;1;moderate
DEBB021;"'2020-04-10 02:00'";6;74;8;4;1;moderate
DEBB021;"'2020-04-10 03:00'";7;61;12;4;1;good
DEBB021;"'2020-04-10 04:00'";8;53;14;5;1;good
DEBB021;"'2020-04-10 05:00'";8;51;15;5;1;good
DEBB021;"'2020-04-10 06:00'";7;42;16;5;1;good
DEBB021;"'2020-04-10 07:00'";7;26;27;5;1;good
DEBB021;"'2020-04-10 08:00'";8;41;19;6;1;good
DEBB021;"'2020-04-10 09:00'";9;62;9;5;1;good
DEBB021;"'2020-04-10 10:00'";8;72;7;5;1;good
DEBB021;"'2020-04-10 11:00'";8;78;7;5;1;moderate
DEBB021;"'2020-04-10 12:00'";10;84;5;5;1;moderate
DEBB021;"'2020-04-10 13:00'";10;90;2;7;1;moderate
DEBB021;"'2020-04-10 14:00'";10;92;2;6;1;moderate
DEBB021;"'2020-04-10 15:00'";9;94;2;6;1;moderate
DEBB021;"'2020-04-10 16:00'";10;95;2;6;1;moderate
DEBB021;"'2020-04-10 17:00'";10;95;2;6;1;moderate
DEBB021;"'2020-04-10 18:00'";11;93;2;6;1;moderate
DEBB021;"'2020-04-10 19:00'";10;91;2;5;1;moderate
DEBB021;"'2020-04-10 20:00'";10;85;5;6;1;moderate
DEBB021;"'2020-04-10 21:00'";12;76;8;7;1;moderate
DEBB021;"'2020-04-10 22:00'";11;74;7;7;1;moderate
DEBB021;"'2020-04-10 23:00'";12;75;6;7;1;moderate
DEBB021;"'2020-04-10 24:00'";12;78;5;8;1;moderate
DEBB021;"'2020-04-11 01:00'";12;74;6;8;1;moderate
DEBB021;"'2020-04-11 02:00'";13;71;7;8;1;good
DEBB021;"'2020-04-11 03:00'";13;70;6;9;1;good
DEBB021;"'2020-04-11 04:00'";13;65;8;9;1;good
DEBB021;"'2020-04-11 05:00'";13;59;10;9;1;good
DEBB021;"'2020-04-11 06:00'";13;40;22;9;1;good
DEBB021;"'2020-04-11 07:00'";12;52;15;9;1;good
DEBB021;"'2020-04-11 08:00'";14;50;16;10;1;good
DEBB021;"'2020-04-11 09:00'";16;62;12;10;1;good
DEBB021;"'2020-04-11 10:00'";19;75;9;10;1;moderate
DEBB021;"'2020-04-11 11:00'";18;84;7;11;1;moderate
DEBB021;"'2020-04-11 12:00'";17;88;6;10;1;moderate
DEBB021;"'2020-04-11 13:00'";16;87;8;10;2;moderate
DEBB021;"'2020-04-11 14:00'";15;91;7;10;1;moderate
DEBB021;"'2020-04-11 15:00'";16;95;8;10;1;moderate
DEBB021;"'2020-04-11 16:00'";17;97;9;10;1;moderate
DEBB021;"'2020-04-11 17:00'";19;98;10;11;1;moderate
DEBB021;"'2020-04-11 18:00'";22;100;10;11;1;moderate
DEBB021;"'2020-04-11 19:00'";17;102;9;10;1;moderate
DEBB021;"'2020-04-11 20:00'";23;103;8;10;1;moderate
DEBB021;"'2020-04-11 21:00'";25;86;17;15;1;moderate
DEBB021;"'2020-04-11 22:00'";37;66;27;26;2;moderate
DEBB021;"'2020-04-11 23:00'";71;36;52;57;4;"very poor"
DEBB021;"'2020-04-11 24:00'";59;38;46;48;3;poor
DEBB021;"'2020-04-12 01:00'";45;36;39;36;1;poor
DEBB021;"'2020-04-12 02:00'";33;47;29;27;1;moderate
DEBB021;"'2020-04-12 03:00'";28;53;19;23;1;moderate
DEBB021;"'2020-04-12 04:00'";25;48;19;21;1;moderate
DEBB021;"'2020-04-12 05:00'";27;43;19;21;1;moderate
DEBB021;"'2020-04-12 06:00'";26;39;19;21;1;moderate
DEBB021;"'2020-04-12 07:00'";24;36;21;20;1;moderate
DEBB021;"'2020-04-12 08:00'";21;44;17;17;1;moderate
DEBB021;"'2020-04-12 09:00'";21;50;13;16;1;moderate
DEBB021;"'2020-04-12 10:00'";20;60;11;15;2;good
DEBB021;"'2020-04-12 11:00'";18;76;9;11;3;moderate
DEBB021;"'2020-04-12 12:00'";14;91;7;8;1;moderate
DEBB021;"'2020-04-12 13:00'";10;98;6;6;1;moderate
DEBB021;"'2020-04-12 14:00'";8;101;5;4;1;moderate
DEBB021;"'2020-04-12 15:00'";7;109;4;4;1;moderate
DEBB021;"'2020-04-12 16:00'";8;112;4;4;1;moderate
DEBB021;"'2020-04-12 17:00'";9;118;4;5;1;moderate
DEBB021;"'2020-04-12 18:00'";10;119;3;5;1;moderate
DEBB021;"'2020-04-12 19:00'";11;119;5;6;1;moderate
DEBB021;"'2020-04-12 20:00'";12;113;7;7;1;moderate
DEBB021;"'2020-04-12 21:00'";18;95;15;10;1;moderate
DEBB021;"'2020-04-12 22:00'";23;76;19;14;1;moderate
DEBB021;"'2020-04-12 23:00'";23;79;16;15;1;moderate
DEBB021;"'2020-04-12 24:00'";29;73;18;22;1;moderate
DEBB021;"'2020-04-13 01:00'";26;77;15;20;1;moderate
DEBB021;"'2020-04-13 02:00'";19;74;12;15;1;moderate
DEBB021;"'2020-04-13 03:00'";18;74;10;13;1;moderate
DEBB021;"'2020-04-13 04:00'";17;70;13;13;1;good
DEBB021;"'2020-04-13 05:00'";13;77;6;11;1;moderate
DEBB021;"'2020-04-13 06:00'";9;69;6;8;1;good
DEBB021;"'2020-04-13 07:00'";5;67;5;4;1;good
DEBB021;"'2020-04-13 08:00'";4;68;4;3;1;good
DEBB021;"'2020-04-13 09:00'";4;67;4;3;1;good
DEBB021;"'2020-04-13 10:00'";11;74;2;6;1;moderate
DEBB021;"'2020-04-13 11:00'";10;64;2;6;1;good
DEBB021;"'2020-04-13 12:00'";8;63;2;5;1;good
DEBB021;"'2020-04-13 13:00'";8;65;2;4;1;good
DEBB021;"'2020-04-13 14:00'";7;67;2;4;1;good
DEBB021;"'2020-04-13 15:00'";7;71;2;4;1;good
DEBB021;"'2020-04-13 16:00'";7;71;2;4;1;good
DEBB021;"'2020-04-13 17:00'";6;71;2;3;1;good
DEBB021;"'2020-04-13 18:00'";5;69;2;2;1;good
DEBB021;"'2020-04-13 19:00'";5;70;2;2;1;good
DEBB021;"'2020-04-13 20:00'";8;67;5;3;1;good
DEBB021;"'2020-04-13 21:00'";8;62;6;4;1;good
DEBB021;"'2020-04-13 22:00'";8;52;12;4;1;good
DEBB021;"'2020-04-13 23:00'";11;60;7;4;1;good
DEBB021;"'2020-04-13 24:00'";12;76;2;5;1;moderate
DEBB021;"'2020-04-14 01:00'";10;80;2;5;1;moderate
DEBB021;"'2020-04-14 02:00'";10;78;2;5;1;moderate
DEBB021;"'2020-04-14 03:00'";9;77;2;5;1;moderate
DEBB021;"'2020-04-14 04:00'";11;69;4;5;1;good
DEBB021;"'2020-04-14 05:00'";9;66;7;5;1;good
DEBB021;"'2020-04-14 06:00'";9;66;8;5;1;good
DEBB021;"'2020-04-14 07:00'";8;56;13;6;1;good
DEBB021;"'2020-04-14 08:00'";10;57;12;5;1;good
DEBB021;"'2020-04-14 09:00'";9;65;9;5;1;good
DEBB021;"'2020-04-14 10:00'";7;70;6;4;1;good
DEBB021;"'2020-04-14 11:00'";6;81;5;3;1;moderate
DEBB021;"'2020-04-14 12:00'";4;-;4;2;1;"very good"
DEBB021;"'2020-04-14 13:00'";4;86;4;2;1;moderate
DEBB021;"'2020-04-14 14:00'";5;88;2;2;1;moderate
DEBB021;"'2020-04-14 15:00'";5;88;2;2;1;moderate
DEBB021;"'2020-04-14 16:00'";5;91;2;2;1;moderate
DEBB021;"'2020-04-14 17:00'";7;93;4;3;1;moderate
DEBB021;"'2020-04-14 18:00'";9;93;5;4;1;moderate
DEBB021;"'2020-04-14 19:00'";8;95;5;4;1;moderate
DEBB021;"'2020-04-14 20:00'";12;89;6;6;1;moderate
DEBB021;"'2020-04-14 21:00'";11;89;6;7;1;moderate
DEBB021;"'2020-04-14 22:00'";13;85;7;8;1;moderate
DEBB021;"'2020-04-14 23:00'";12;83;7;7;1;moderate
DEBB021;"'2020-04-14 24:00'";11;82;7;7;1;moderate
DEBB021;"'2020-04-15 01:00'";11;80;6;7;1;moderate
DEBB021;"'2020-04-15 02:00'";9;79;5;6;1;moderate
DEBB021;"'2020-04-15 03:00'";7;79;3;5;1;moderate
DEBB021;"'2020-04-15 04:00'";7;79;4;5;1;moderate
DEBB021;"'2020-04-15 05:00'";7;77;4;5;1;moderate
DEBB021;"'2020-04-15 06:00'";8;73;7;6;1;moderate
DEBB021;"'2020-04-15 07:00'";8;73;10;6;1;moderate
DEBB021;"'2020-04-15 08:00'";9;71;11;6;1;good
DEBB021;"'2020-04-15 09:00'";10;79;8;7;1;moderate
DEBB021;"'2020-04-15 10:00'";11;81;7;8;1;moderate
DEBB021;"'2020-04-15 11:00'";13;85;6;9;1;moderate
DEBB021;"'2020-04-15 12:00'";14;88;6;10;1;moderate
DEBB021;"'2020-04-15 13:00'";15;90;5;10;1;moderate
DEBB021;"'2020-04-15 14:00'";16;93;5;9;1;moderate
DEBB021;"'2020-04-15 15:00'";16;96;4;9;1;moderate
DEBB021;"'2020-04-15 16:00'";15;98;5;8;1;moderate
DEBB021;"'2020-04-15 17:00'";14;101;4;8;1;moderate
DEBB021;"'2020-04-15 18:00'";14;102;4;8;1;moderate
DEBB021;"'2020-04-15 19:00'";15;103;5;8;1;moderate
DEBB021;"'2020-04-15 20:00'";15;100;6;8;1;moderate
DEBB021;"'2020-04-15 21:00'";16;88;13;8;1;moderate
DEBB021;"'2020-04-15 22:00'";16;84;15;8;1;moderate
DEBB021;"'2020-04-15 23:00'";18;78;19;9;1;moderate
DEBB021;"'2020-04-15 24:00'";18;84;10;9;1;moderate
DEBB021;"'2020-04-16 01:00'";19;77;14;9;1;moderate
DEBB021;"'2020-04-16 02:00'";18;74;15;9;1;moderate
DEBB021;"'2020-04-16 03:00'";17;73;13;9;1;moderate
DEBB021;"'2020-04-16 04:00'";19;73;12;10;1;moderate
DEBB021;"'2020-04-16 05:00'";18;68;15;11;1;good
DEBB021;"'2020-04-16 06:00'";19;52;22;11;1;good
DEBB021;"'2020-04-16 07:00'";21;42;36;12;1;moderate
DEBB021;"'2020-04-16 08:00'";23;50;35;13;1;moderate
DEBB021;"'2020-04-16 09:00'";23;76;19;14;1;moderate
DEBB021;"'2020-04-16 10:00'";20;89;12;13;2;moderate
DEBB021;"'2020-04-16 11:00'";17;96;7;11;1;moderate
DEBB021;"'2020-04-16 12:00'";16;99;6;10;1;moderate
DEBB021;"'2020-04-16 13:00'";16;104;6;10;1;moderate
DEBB021;"'2020-04-16 14:00'";19;107;5;10;1;moderate
DEBB021;"'2020-04-16 15:00'";18;110;5;9;1;moderate
DEBB021;"'2020-04-16 16:00'";18;111;5;9;1;moderate
DEBB021;"'2020-04-16 17:00'";16;107;5;8;1;moderate
DEBB021;"'2020-04-16 18:00'";15;105;4;7;1;moderate
DEBB021;"'2020-04-16 19:00'";14;104;5;7;1;moderate
DEBB021;"'2020-04-16 20:00'";12;99;6;6;1;moderate
DEBB021;"'2020-04-16 21:00'";16;86;12;9;1;moderate
DEBB021;"'2020-04-16 22:00'";18;82;12;10;1;moderate
DEBB021;"'2020-04-16 23:00'";20;74;16;11;1;moderate
DEBB021;"'2020-04-16 24:00'";15;74;10;9;1;moderate
DEBB021;"'2020-04-17 01:00'";12;79;8;7;1;moderate
DEBB021;"'2020-04-17 02:00'";13;73;9;8;1;moderate
DEBB021;"'2020-04-17 03:00'";13;66;10;9;1;good
DEBB021;"'2020-04-17 04:00'";10;63;11;8;1;good
DEBB021;"'2020-04-17 05:00'";11;57;12;8;1;good
DEBB021;"'2020-04-17 06:00'";12;47;20;9;1;good
DEBB021;"'2020-04-17 07:00'";13;39;27;9;1;good
DEBB021;"'2020-04-17 08:00'";15;52;20;9;1;good
DEBB021;"'2020-04-17 09:00'";15;73;9;7;1;moderate
DEBB021;"'2020-04-17 10:00'";17;78;10;8;2;moderate
DEBB021;"'2020-04-17 11:00'";14;88;9;8;2;moderate
DEBB021;"'2020-04-17 12:00'";16;90;8;9;1;moderate
DEBB021;"'2020-04-17 13:00'";16;94;8;8;1;moderate
DEBB021;"'2020-04-17 14:00'";15;100;7;8;1;moderate
DEBB021;"'2020-04-17 15:00'";15;107;5;8;1;moderate
DEBB021;"'2020-04-17 16:00'";15;109;6;8;1;moderate
DEBB021;"'2020-04-17 17:00'";16;111;5;7;1;moderate
DEBB021;"'2020-04-17 18:00'";20;109;3;7;1;moderate
DEBB021;"'2020-04-17 19:00'";18;105;4;6;1;moderate
DEBB021;"'2020-04-17 20:00'";14;97;7;5;1;moderate
DEBB021;"'2020-04-17 21:00'";16;90;9;7;1;moderate
DEBB021;"'2020-04-17 22:00'";15;86;9;6;1;moderate
DEBB021;"'2020-04-17 23:00'";13;77;12;6;1;moderate
DEBB021;"'2020-04-17 24:00'";12;78;10;5;1;moderate
DEBB021;"'2020-04-18 01:00'";10;79;9;5;4;moderate
DEBB021;"'2020-04-18 02:00'";8;78;7;4;2;moderate
DEBB021;"'2020-04-18 03:00'";8;76;7;3;1;moderate
DEBB021;"'2020-04-18 04:00'";7;72;7;3;2;good
DEBB021;"'2020-04-18 05:00'";8;68;9;4;1;good
DEBB021;"'2020-04-18 06:00'";9;61;13;4;1;good
DEBB021;"'2020-04-18 07:00'";10;61;13;4;1;good
DEBB021;"'2020-04-18 08:00'";12;60;15;5;2;good
DEBB021;"'2020-04-18 09:00'";14;65;11;6;2;good
DEBB021;"'2020-04-18 10:00'";16;69;10;6;4;good
DEBB021;"'2020-04-18 11:00'";16;74;10;7;4;moderate
DEBB021;"'2020-04-18 12:00'";15;84;10;7;2;moderate
DEBB021;"'2020-04-18 13:00'";15;97;9;7;2;moderate
DEBB021;"'2020-04-18 14:00'";16;103;7;7;2;moderate
DEBB021;"'2020-04-18 15:00'";14;110;5;6;1;moderate
DEBB021;"'2020-04-18 16:00'";14;115;5;6;1;moderate
DEBB021;"'2020-04-18 17:00'";13;114;5;5;1;moderate
DEBB021;"'2020-04-18 18:00'";15;111;5;5;1;moderate
DEBB021;"'2020-04-18 19:00'";13;105;5;4;1;moderate
DEBB021;"'2020-04-18 20:00'";13;100;6;4;1;moderate
DEBB021;"'2020-04-18 21:00'";11;93;8;4;1;moderate
DEBB021;"'2020-04-18 22:00'";11;90;9;5;1;moderate
DEBB021;"'2020-04-18 23:00'";14;81;8;5;3;moderate
DEBB021;"'2020-04-18 24:00'";9;78;7;4;2;moderate
DEBB021;"'2020-04-19 01:00'";6;81;6;3;1;moderate
DEBB021;"'2020-04-19 02:00'";6;81;6;2;1;moderate
DEBB021;"'2020-04-19 03:00'";6;80;5;3;1;moderate
DEBB021;"'2020-04-19 04:00'";6;77;5;3;1;moderate
DEBB021;"'2020-04-19 05:00'";7;74;6;3;1;moderate
DEBB021;"'2020-04-19 06:00'";9;72;5;4;1;good
DEBB021;"'2020-04-19 07:00'";8;75;5;3;1;moderate
DEBB021;"'2020-04-19 08:00'";7;77;5;3;1;moderate
DEBB021;"'2020-04-19 09:00'";7;81;5;3;1;moderate
DEBB021;"'2020-04-19 10:00'";12;86;3;3;1;moderate
DEBB021;"'2020-04-19 11:00'";8;86;2;2;1;moderate
DEBB021;"'2020-04-19 12:00'";6;87;2;2;1;moderate
DEBB021;"'2020-04-19 13:00'";7;89;2;2;1;moderate
DEBB021;"'2020-04-19 14:00'";7;88;2;2;1;moderate
DEBB021;"'2020-04-19 15:00'";7;89;2;2;1;moderate
DEBB021;"'2020-04-19 16:00'";7;91;2;2;1;moderate
DEBB021;"'2020-04-19 17:00'";6;92;2;2;1;moderate
DEBB021;"'2020-04-19 18:00'";8;89;2;2;1;moderate
DEBB021;"'2020-04-19 19:00'";7;89;3;2;1;moderate
DEBB021;"'2020-04-19 20:00'";6;89;4;2;1;moderate
DEBB021;"'2020-04-19 21:00'";6;87;5;3;1;moderate
DEBB021;"'2020-04-19 22:00'";6;84;8;3;1;moderate
DEBB021;"'2020-04-19 23:00'";6;81;7;3;1;moderate
DEBB021;"'2020-04-19 24:00'";4;79;6;3;1;moderate
DEBB021;"'2020-04-20 01:00'";4;76;7;2;2;moderate
DEBB021;"'2020-04-20 02:00'";4;74;8;2;1;moderate
DEBB021;"'2020-04-20 03:00'";4;72;7;3;1;good
DEBB021;"'2020-04-20 04:00'";4;72;7;2;1;good
DEBB021;"'2020-04-20 05:00'";4;70;8;3;1;good
DEBB021;"'2020-04-20 06:00'";5;65;11;3;2;good
DEBB021;"'2020-04-20 07:00'";7;55;20;4;2;good
DEBB021;"'2020-04-20 08:00'";8;57;21;3;4;good
DEBB021;"'2020-04-20 09:00'";12;66;14;4;2;good
DEBB021;"'2020-04-20 10:00'";9;79;8;3;1;moderate
DEBB021;"'2020-04-20 11:00'";7;84;7;2;1;moderate
DEBB021;"'2020-04-20 12:00'";9;86;6;2;1;moderate
DEBB021;"'2020-04-20 13:00'";12;90;6;3;1;moderate
DEBB021;"'2020-04-20 14:00'";12;94;6;4;1;moderate
DEBB021;"'2020-04-20 15:00'";12;96;5;4;1;moderate
DEBB021;"'2020-04-20 16:00'";13;97;6;4;1;moderate
DEBB021;"'2020-04-20 17:00'";13;98;6;4;1;moderate
DEBB021;"'2020-04-20 18:00'";14;99;6;5;1;moderate
DEBB021;"'2020-04-20 19:00'";12;100;6;5;1;moderate
DEBB021;"'2020-04-20 20:00'";11;100;5;5;1;moderate
DEBB021;"'2020-04-20 21:00'";11;96;6;5;1;moderate
DEBB021;"'2020-04-20 22:00'";10;91;8;5;1;moderate
DEBB021;"'2020-04-20 23:00'";10;83;10;5;1;moderate
DEBB021;"'2020-04-20 24:00'";11;80;11;5;1;moderate
DEBB021;"'2020-04-21 01:00'";10;76;12;5;1;moderate
DEBB021;"'2020-04-21 02:00'";8;75;9;4;1;moderate
DEBB021;"'2020-04-21 03:00'";8;75;9;4;2;moderate
DEBB021;"'2020-04-21 04:00'";9;72;9;5;3;good
DEBB021;"'2020-04-21 05:00'";9;71;8;5;3;good
DEBB021;"'2020-04-21 06:00'";9;67;10;5;3;good
DEBB021;"'2020-04-21 07:00'";10;63;15;6;3;good
DEBB021;"'2020-04-21 08:00'";11;62;18;6;5;good
DEBB021;"'2020-04-21 09:00'";12;67;14;6;4;good
DEBB021;"'2020-04-21 10:00'";14;78;10;6;2;moderate
DEBB021;"'2020-04-21 11:00'";18;87;7;6;1;moderate
DEBB021;"'2020-04-21 12:00'";18;91;5;6;1;moderate
DEBB021;"'2020-04-21 13:00'";16;94;5;6;1;moderate
DEBB021;"'2020-04-21 14:00'";19;95;5;9;1;moderate
DEBB021;"'2020-04-21 15:00'";22;97;6;9;1;moderate
DEBB021;"'2020-04-21 16:00'";24;101;5;9;1;moderate
DEBB021;"'2020-04-21 17:00'";30;105;6;11;1;moderate
DEBB021;"'2020-04-21 18:00'";27;105;6;11;1;moderate
DEBB021;"'2020-04-21 19:00'";25;103;6;10;1;moderate
DEBB021;"'2020-04-21 20:00'";22;101;6;8;1;moderate
DEBB021;"'2020-04-21 21:00'";17;97;8;7;2;moderate
DEBB021;"'2020-04-21 22:00'";18;98;7;7;1;moderate
DEBB021;"'2020-04-21 23:00'";19;96;6;8;1;moderate
DEBB021;"'2020-04-21 24:00'";20;94;7;8;1;moderate
DEBB021;"'2020-04-22 01:00'";25;92;8;14;1;moderate
DEBB021;"'2020-04-22 02:00'";19;84;12;9;1;moderate
DEBB021;"'2020-04-22 03:00'";15;71;12;8;1;good
DEBB021;"'2020-04-22 04:00'";13;65;12;6;1;good
DEBB021;"'2020-04-22 05:00'";12;61;12;6;1;good
DEBB021;"'2020-04-22 06:00'";11;52;18;6;1;good
DEBB021;"'2020-04-22 07:00'";11;47;23;6;1;good
DEBB021;"'2020-04-22 08:00'";15;52;23;7;4;good
DEBB021;"'2020-04-22 09:00'";20;61;20;8;5;good
DEBB021;"'2020-04-22 10:00'";23;63;20;9;4;good
DEBB021;"'2020-04-22 11:00'";21;69;19;9;4;good
DEBB021;"'2020-04-22 12:00'";23;83;15;8;2;moderate
DEBB021;"'2020-04-22 13:00'";22;97;8;7;1;moderate
DEBB021;"'2020-04-22 14:00'";19;104;6;6;1;moderate
DEBB021;"'2020-04-22 15:00'";18;107;6;5;1;moderate
DEBB021;"'2020-04-22 16:00'";18;108;7;5;1;moderate
DEBB021;"'2020-04-22 17:00'";16;112;6;5;1;moderate
DEBB021;"'2020-04-22 18:00'";17;112;6;5;1;moderate
DEBB021;"'2020-04-22 19:00'";18;110;6;6;1;moderate
DEBB021;"'2020-04-22 20:00'";20;107;7;6;1;moderate
DEBB021;"'2020-04-22 21:00'";16;102;8;6;1;moderate
DEBB021;"'2020-04-22 22:00'";15;95;11;6;1;moderate
DEBB021;"'2020-04-22 23:00'";16;93;11;7;3;moderate
DEBB021;"'2020-04-22 24:00'";17;93;9;8;1;moderate
DEBB021;"'2020-04-23 01:00'";19;88;10;8;1;moderate
DEBB021;"'2020-04-23 02:00'";17;72;14;8;1;good
DEBB021;"'2020-04-23 03:00'";17;60;17;9;1;good
DEBB021;"'2020-04-23 04:00'";16;56;17;9;1;good
DEBB021;"'2020-04-23 05:00'";14;50;18;9;1;good
DEBB021;"'2020-04-23 06:00'";14;42;21;10;1;good
DEBB021;"'2020-04-23 07:00'";16;22;38;11;1;moderate
DEBB021;"'2020-04-23 08:00'";30;26;50;12;2;moderate
DEBB021;"'2020-04-23 09:00'";31;56;31;13;3;moderate
DEBB021;"'2020-04-23 10:00'";28;73;24;13;5;moderate
DEBB021;"'2020-04-23 11:00'";25;96;11;10;2;moderate
DEBB021;"'2020-04-23 12:00'";20;103;6;7;1;moderate
DEBB021;"'2020-04-23 13:00'";21;108;6;7;1;moderate
DEBB021;"'2020-04-23 14:00'";20;112;6;6;1;moderate
DEBB021;"'2020-04-23 15:00'";27;117;5;6;1;moderate
DEBB021;"'2020-04-23 16:00'";18;120;5;5;1;moderate
DEBB021;"'2020-04-23 17:00'";18;122;5;5;1;moderate
DEBB021;"'2020-04-23 18:00'";19;121;5;5;1;moderate
DEBB021;"'2020-04-23 19:00'";18;119;5;5;1;moderate
DEBB021;"'2020-04-23 20:00'";19;117;6;6;1;moderate
DEBB021;"'2020-04-23 21:00'";21;98;16;7;1;moderate
DEBB021;"'2020-04-23 22:00'";36;69;23;10;1;moderate
DEBB021;"'2020-04-23 23:00'";32;50;28;12;1;moderate
DEBB021;"'2020-04-23 24:00'";24;68;13;9;1;good
DEBB021;"'2020-04-24 01:00'";19;47;19;12;1;good
DEBB021;"'2020-04-24 02:00'";19;42;21;12;1;good
DEBB021;"'2020-04-24 03:00'";27;9;50;15;1;moderate
DEBB021;"'2020-04-24 04:00'";20;34;24;12;1;good
DEBB021;"'2020-04-24 05:00'";22;29;27;13;1;good
DEBB021;"'2020-04-24 06:00'";18;34;25;11;1;good
DEBB021;"'2020-04-24 07:00'";31;15;39;14;1;moderate
DEBB021;"'2020-04-24 08:00'";39;46;37;14;1;moderate
DEBB021;"'2020-04-24 09:00'";36;52;34;14;1;moderate
DEBB021;"'2020-04-24 10:00'";31;63;29;13;1;moderate
DEBB021;"'2020-04-24 11:00'";32;97;16;13;2;moderate
DEBB021;"'2020-04-24 12:00'";30;116;11;13;4;moderate
DEBB021;"'2020-04-24 13:00'";30;126;9;13;4;moderate
DEBB021;"'2020-04-24 14:00'";25;132;7;11;1;moderate
DEBB021;"'2020-04-24 15:00'";29;140;6;12;1;moderate
DEBB021;"'2020-04-24 16:00'";31;141;7;14;1;moderate
DEBB021;"'2020-04-24 17:00'";30;142;6;12;1;moderate
DEBB021;"'2020-04-24 18:00'";25;141;6;9;1;moderate
DEBB021;"'2020-04-24 19:00'";18;122;4;5;1;moderate
DEBB021;"'2020-04-24 20:00'";22;112;4;4;1;moderate
DEBB021;"'2020-04-24 21:00'";17;106;5;4;1;moderate
DEBB021;"'2020-04-24 22:00'";8;101;3;3;1;moderate
DEBB021;"'2020-04-24 23:00'";11;97;4;5;1;moderate
DEBB021;"'2020-04-24 24:00'";16;92;4;7;1;moderate
DEBB021;"'2020-04-25 01:00'";15;87;5;9;1;moderate
DEBB021;"'2020-04-25 02:00'";13;85;3;9;1;moderate
DEBB021;"'2020-04-25 03:00'";10;87;2;7;1;moderate
DEBB021;"'2020-04-25 04:00'";9;88;2;6;1;moderate
DEBB021;"'2020-04-25 05:00'";11;88;2;5;1;moderate
DEBB021;"'2020-04-25 06:00'";8;86;2;5;1;moderate
DEBB021;"'2020-04-25 07:00'";8;86;5;5;1;moderate
DEBB021;"'2020-04-25 08:00'";9;81;5;6;1;moderate
DEBB021;"'2020-04-25 09:00'";11;78;5;7;1;moderate
DEBB021;"'2020-04-25 10:00'";12;82;4;8;1;moderate
DEBB021;"'2020-04-25 11:00'";9;91;4;5;1;moderate
DEBB021;"'2020-04-25 12:00'";7;96;3;3;1;moderate
DEBB021;"'2020-04-25 13:00'";5;99;2;2;1;moderate
DEBB021;"'2020-04-25 14:00'";4;100;2;2;1;moderate
DEBB021;"'2020-04-25 15:00'";5;102;2;2;1;moderate
DEBB021;"'2020-04-25 16:00'";5;102;2;2;1;moderate
DEBB021;"'2020-04-25 17:00'";7;101;2;2;1;moderate
DEBB021;"'2020-04-25 18:00'";6;101;3;2;1;moderate
DEBB021;"'2020-04-25 19:00'";6;101;3;2;1;moderate
DEBB021;"'2020-04-25 20:00'";9;97;6;5;1;moderate
DEBB021;"'2020-04-25 21:00'";12;88;11;6;1;moderate
DEBB021;"'2020-04-25 22:00'";14;81;12;8;1;moderate
DEBB021;"'2020-04-25 23:00'";14;78;13;8;1;moderate
DEBB021;"'2020-04-25 24:00'";13;78;10;8;1;moderate
DEBB021;"'2020-04-26 01:00'";11;77;8;6;1;moderate
DEBB021;"'2020-04-26 02:00'";7;83;5;4;1;moderate
DEBB021;"'2020-04-26 03:00'";6;85;5;3;1;moderate
DEBB021;"'2020-04-26 04:00'";6;83;4;3;1;moderate
DEBB021;"'2020-04-26 05:00'";6;76;6;3;1;moderate
DEBB021;"'2020-04-26 06:00'";5;63;9;4;1;good
DEBB021;"'2020-04-26 07:00'";6;44;13;4;1;good
DEBB021;"'2020-04-26 08:00'";8;40;17;6;1;good
DEBB021;"'2020-04-26 09:00'";8;67;10;5;1;good
DEBB021;"'2020-04-26 10:00'";5;89;5;3;1;moderate
DEBB021;"'2020-04-26 11:00'";5;99;2;2;1;moderate
DEBB021;"'2020-04-26 12:00'";6;101;3;3;1;moderate
DEBB021;"'2020-04-26 13:00'";7;102;2;3;1;moderate
DEBB021;"'2020-04-26 14:00'";7;104;2;3;1;moderate
DEBB021;"'2020-04-26 15:00'";6;105;2;3;1;moderate
DEBB021;"'2020-04-26 16:00'";8;106;2;3;1;moderate
DEBB021;"'2020-04-26 17:00'";10;108;2;4;1;moderate
DEBB021;"'2020-04-26 18:00'";10;111;2;5;1;moderate
DEBB021;"'2020-04-26 19:00'";11;113;2;5;1;moderate
DEBB021;"'2020-04-26 20:00'";12;110;5;6;1;moderate
DEBB021;"'2020-04-26 21:00'";15;98;7;6;1;moderate
DEBB021;"'2020-04-26 22:00'";23;74;15;8;1;moderate
DEBB021;"'2020-04-26 23:00'";22;64;16;10;1;good
DEBB021;"'2020-04-26 24:00'";21;50;18;11;1;good
DEBB021;"'2020-04-27 01:00'";14;54;13;9;1;good
DEBB021;"'2020-04-27 02:00'";14;62;9;10;1;good
DEBB021;"'2020-04-27 03:00'";13;47;14;9;1;good
DEBB021;"'2020-04-27 04:00'";16;30;21;12;1;good
DEBB021;"'2020-04-27 05:00'";15;24;23;11;1;good
DEBB021;"'2020-04-27 06:00'";16;28;21;11;1;good
DEBB021;"'2020-04-27 07:00'";18;11;34;12;1;moderate
DEBB021;"'2020-04-27 08:00'";23;20;37;14;1;moderate
DEBB021;"'2020-04-27 09:00'";32;37;35;14;1;moderate
DEBB021;"'2020-04-27 10:00'";21;73;21;13;1;moderate
DEBB021;"'2020-04-27 11:00'";26;97;13;12;5;moderate
DEBB021;"'2020-04-27 12:00'";16;109;8;8;4;moderate
DEBB021;"'2020-04-27 13:00'";18;113;7;7;2;moderate
DEBB021;"'2020-04-27 14:00'";15;118;7;6;1;moderate
DEBB021;"'2020-04-27 15:00'";18;122;5;6;1;moderate
DEBB021;"'2020-04-27 16:00'";15;129;5;6;1;moderate
DEBB021;"'2020-04-27 17:00'";17;126;6;6;1;moderate
DEBB021;"'2020-04-27 18:00'";17;126;6;6;1;moderate
DEBB021;"'2020-04-27 19:00'";24;125;6;6;1;moderate
DEBB021;"'2020-04-27 20:00'";29;122;7;7;1;moderate
DEBB021;"'2020-04-27 21:00'";18;110;9;8;1;moderate
DEBB021;"'2020-04-27 22:00'";22;95;13;9;1;moderate
DEBB021;"'2020-04-27 23:00'";22;66;23;10;1;good
DEBB021;"'2020-04-27 24:00'";23;57;24;12;1;good
DEBB021;"'2020-04-28 01:00'";26;51;30;14;1;good
DEBB021;"'2020-04-28 02:00'";19;80;13;10;1;moderate
DEBB021;"'2020-04-28 03:00'";19;66;14;11;1;good
DEBB021;"'2020-04-28 04:00'";18;65;12;11;1;good
DEBB021;"'2020-04-28 05:00'";22;68;11;12;1;good
DEBB021;"'2020-04-28 06:00'";18;58;16;12;1;good
DEBB021;"'2020-04-28 07:00'";26;39;33;14;1;moderate
DEBB021;"'2020-04-28 08:00'";46;35;43;16;1;moderate
DEBB021;"'2020-04-28 09:00'";31;83;24;14;1;moderate
DEBB021;"'2020-04-28 10:00'";30;109;15;14;1;moderate
DEBB021;"'2020-04-28 11:00'";33;120;13;15;4;moderate
DEBB021;"'2020-04-28 12:00'";33;136;11;16;4;moderate
DEBB021;"'2020-04-28 13:00'";30;146;9;15;4;poor
DEBB021;"'2020-04-28 14:00'";31;150;9;15;4;poor
DEBB021;"'2020-04-28 15:00'";31;155;8;14;4;poor
DEBB021;"'2020-04-28 16:00'";31;154;8;14;3;poor
DEBB021;"'2020-04-28 17:00'";30;151;9;13;3;poor
DEBB021;"'2020-04-28 18:00'";30;148;8;13;3;poor
DEBB021;"'2020-04-28 19:00'";27;135;8;12;1;moderate
DEBB021;"'2020-04-28 20:00'";24;128;7;11;1;moderate
DEBB021;"'2020-04-28 21:00'";18;113;6;9;1;moderate
DEBB021;"'2020-04-28 22:00'";26;101;8;14;1;moderate
DEBB021;"'2020-04-28 23:00'";26;90;9;17;2;moderate
DEBB021;"'2020-04-28 24:00'";24;82;10;15;3;moderate
DEBB021;"'2020-04-29 01:00'";19;72;10;14;1;good
DEBB021;"'2020-04-29 02:00'";16;71;10;12;1;good
DEBB021;"'2020-04-29 03:00'";10;81;7;8;1;moderate
DEBB021;"'2020-04-29 04:00'";7;82;6;6;1;moderate
DEBB021;"'2020-04-29 05:00'";7;72;6;6;1;good
DEBB021;"'2020-04-29 06:00'";6;69;7;5;1;good
DEBB021;"'2020-04-29 07:00'";6;64;12;5;1;good
DEBB021;"'2020-04-29 08:00'";6;65;12;5;1;good
DEBB021;"'2020-04-29 09:00'";7;69;9;5;1;good
DEBB021;"'2020-04-29 10:00'";8;65;12;6;1;good
DEBB021;"'2020-04-29 11:00'";12;64;11;9;1;good
DEBB021;"'2020-04-29 12:00'";14;68;10;11;1;good
DEBB021;"'2020-04-29 13:00'";17;75;11;14;1;moderate
DEBB021;"'2020-04-29 14:00'";22;81;7;19;1;moderate
DEBB021;"'2020-04-29 15:00'";22;85;7;19;1;moderate
DEBB021;"'2020-04-29 16:00'";24;89;6;19;1;moderate
DEBB021;"'2020-04-29 17:00'";21;88;9;17;1;moderate
DEBB021;"'2020-04-29 18:00'";11;78;10;9;1;moderate
DEBB021;"'2020-04-29 19:00'";10;67;19;8;1;good
DEBB021;"'2020-04-29 20:00'";8;65;12;7;1;good
DEBB021;"'2020-04-29 21:00'";7;60;14;6;1;good
DEBB021;"'2020-04-29 22:00'";9;52;13;8;1;good
DEBB021;"'2020-04-29 23:00'";7;61;10;6;1;good
DEBB021;"'2020-04-29 24:00'";6;56;8;5;1;good
DEBB021;"'2020-04-30 01:00'";6;53;7;5;1;good
DEBB021;"'2020-04-30 02:00'";7;48;7;6;1;good
DEBB021;"'2020-04-30 03:00'";7;46;7;6;1;good
DEBB021;"'2020-04-30 04:00'";6;52;6;5;1;good
DEBB021;"'2020-04-30 05:00'";7;50;8;5;1;good
DEBB021;"'2020-04-30 06:00'";6;47;9;5;1;good
DEBB021;"'2020-04-30 07:00'";6;47;11;5;1;good
DEBB021;"'2020-04-30 08:00'";7;38;15;6;1;good
DEBB021;"'2020-04-30 09:00'";8;41;14;6;1;good
DEBB021;"'2020-04-30 10:00'";9;44;12;7;1;good
DEBB021;"'2020-04-30 11:00'";9;50;12;6;1;good
DEBB021;"'2020-04-30 12:00'";7;62;11;5;1;good
DEBB021;"'2020-04-30 13:00'";5;72;8;3;1;good
DEBB021;"'2020-04-30 14:00'";5;64;10;4;1;good
DEBB021;"'2020-04-30 15:00'";5;59;11;4;1;good
DEBB021;"'2020-04-30 16:00'";6;61;9;4;1;good
DEBB021;"'2020-04-30 17:00'";5;74;7;3;1;moderate
DEBB021;"'2020-04-30 18:00'";4;83;6;2;1;moderate
DEBB021;"'2020-04-30 19:00'";4;93;5;2;1;moderate
DEBB021;"'2020-04-30 20:00'";4;87;6;2;1;moderate
DEBB021;"'2020-04-30 21:00'";4;74;8;2;1;moderate
DEBB021;"'2020-04-30 22:00'";4;69;8;3;1;good
DEBB021;"'2020-04-30 23:00'";4;69;7;3;1;good
DEBB021;"'2020-04-30 24:00'";3;70;7;2;1;good
DEBB021;"'2020-05-01 01:00'";2;70;5;2;1;good
DEBB021;"'2020-05-01 02:00'";2;71;4;1;1;good
DEBB021;"'2020-05-01 03:00'";0.8;77;2;1;1;moderate
DEBB021;"'2020-05-01 04:00'";1;75;2;1;1;moderate
DEBB021;"'2020-05-01 05:00'";0.8;73;2;1;1;moderate
DEBB021;"'2020-05-01 06:00'";2;66;3;1;1;good
DEBB021;"'2020-05-01 07:00'";3;55;6;2;1;good
DEBB021;"'2020-05-01 08:00'";3;53;7;2;1;good
DEBB021;"'2020-05-01 09:00'";3;62;5;2;1;good
DEBB021;"'2020-05-01 10:00'";2;69;3;2;1;good
DEBB021;"'2020-05-01 11:00'";2;78;2;2;1;moderate
DEBB021;"'2020-05-01 12:00'";2;75;3;1;1;moderate
DEBB021;"'2020-05-01 13:00'";3;78;3;2;1;moderate
DEBB021;"'2020-05-01 14:00'";3;80;2;2;1;moderate
DEBB021;"'2020-05-01 15:00'";3;80;2;2;1;moderate
DEBB021;"'2020-05-01 16:00'";2;87;2;1;1;moderate
DEBB021;"'2020-05-01 17:00'";3;89;4;1;1;moderate
DEBB021;"'2020-05-01 18:00'";3;86;6;2;1;moderate
DEBB021;"'2020-05-01 19:00'";3;86;5;2;1;moderate
DEBB021;"'2020-05-01 20:00'";3;80;6;3;1;moderate
DEBB021;"'2020-05-01 21:00'";3;77;7;2;1;moderate
DEBB021;"'2020-05-01 22:00'";3;82;5;2;1;moderate
DEBB021;"'2020-05-01 23:00'";3;78;5;2;1;moderate
DEBB021;"'2020-05-01 24:00'";3;71;5;2;1;good
DEBB021;"'2020-05-02 01:00'";4;65;5;3;1;good
DEBB021;"'2020-05-02 02:00'";4;61;5;3;1;good
DEBB021;"'2020-05-02 03:00'";4;55;6;3;1;good
DEBB021;"'2020-05-02 04:00'";5;53;6;4;1;good
DEBB021;"'2020-05-02 05:00'";6;51;7;5;1;good
DEBB021;"'2020-05-02 06:00'";5;47;8;5;1;good
DEBB021;"'2020-05-02 07:00'";6;39;13;5;1;good
DEBB021;"'2020-05-02 08:00'";7;42;11;5;1;good
DEBB021;"'2020-05-02 09:00'";7;56;9;6;1;good
DEBB021;"'2020-05-02 10:00'";9;64;8;8;1;good
DEBB021;"'2020-05-02 11:00'";13;66;7;11;1;good
DEBB021;"'2020-05-02 12:00'";14;75;8;12;1;moderate
DEBB021;"'2020-05-02 13:00'";11;80;6;9;1;moderate
DEBB021;"'2020-05-02 14:00'";10;80;6;9;1;moderate
DEBB021;"'2020-05-02 15:00'";8;82;7;7;1;moderate
DEBB021;"'2020-05-02 16:00'";8;85;8;7;1;moderate
DEBB021;"'2020-05-02 17:00'";5;85;5;5;1;moderate
DEBB021;"'2020-05-02 18:00'";6;78;7;5;1;moderate
DEBB021;"'2020-05-02 19:00'";8;73;8;7;1;moderate
DEBB021;"'2020-05-02 20:00'";10;67;8;9;1;good
DEBB021;"'2020-05-02 21:00'";11;60;9;10;1;good
DEBB021;"'2020-05-02 22:00'";7;72;7;6;1;good
DEBB021;"'2020-05-02 23:00'";7;66;6;6;1;good
DEBB021;"'2020-05-02 24:00'";7;63;5;6;1;good
DEBB021;"'2020-05-03 01:00'";6;62;5;6;1;good
DEBB021;"'2020-05-03 02:00'";6;63;5;6;1;good
DEBB021;"'2020-05-03 03:00'";7;62;6;6;1;good
DEBB021;"'2020-05-03 04:00'";8;61;8;7;1;good
DEBB021;"'2020-05-03 05:00'";8;55;8;8;1;good
DEBB021;"'2020-05-03 06:00'";10;52;7;9;1;good
DEBB021;"'2020-05-03 07:00'";11;54;6;10;1;good
DEBB021;"'2020-05-03 08:00'";11;56;5;10;1;good
DEBB021;"'2020-05-03 09:00'";11;60;5;10;1;good
DEBB021;"'2020-05-03 10:00'";10;73;4;9;1;moderate
DEBB021;"'2020-05-03 11:00'";10;76;3;9;1;moderate
DEBB021;"'2020-05-03 12:00'";8;78;2;7;1;moderate
DEBB021;"'2020-05-03 13:00'";6;81;2;6;1;moderate
DEBB021;"'2020-05-03 14:00'";6;82;3;5;1;moderate
DEBB021;"'2020-05-03 15:00'";5;83;2;5;1;moderate
DEBB021;"'2020-05-03 16:00'";6;83;3;5;1;moderate
DEBB021;"'2020-05-03 17:00'";6;84;4;5;1;moderate
DEBB021;"'2020-05-03 18:00'";5;87;4;5;1;moderate
DEBB021;"'2020-05-03 19:00'";6;86;5;5;1;moderate
DEBB021;"'2020-05-03 20:00'";8;79;6;7;1;moderate
DEBB021;"'2020-05-03 21:00'";8;61;10;8;1;good
DEBB021;"'2020-05-03 22:00'";11;43;19;10;1;good
DEBB021;"'2020-05-03 23:00'";12;17;33;11;1;moderate
DEBB021;"'2020-05-03 24:00'";10;30;16;9;1;good
DEBB021;"'2020-05-04 01:00'";11;34;11;10;1;good
DEBB021;"'2020-05-04 02:00'";12;31;11;11;1;good
DEBB021;"'2020-05-04 03:00'";11;19;13;10;1;good
DEBB021;"'2020-05-04 04:00'";13;14;15;12;1;good
DEBB021;"'2020-05-04 05:00'";12;11;14;11;1;good
DEBB021;"'2020-05-04 06:00'";12;14;19;11;1;good
DEBB021;"'2020-05-04 07:00'";15;2;31;12;1;moderate
DEBB021;"'2020-05-04 08:00'";16;3;33;13;1;moderate
DEBB021;"'2020-05-04 09:00'";18;16;30;15;1;good
DEBB021;"'2020-05-04 10:00'";17;35;23;14;1;good
DEBB021;"'2020-05-04 11:00'";18;28;25;15;1;good
DEBB021;"'2020-05-04 12:00'";16;33;22;14;1;good
DEBB021;"'2020-05-04 13:00'";16;38;17;15;1;good
DEBB021;"'2020-05-04 14:00'";12;60;11;11;1;good
DEBB021;"'2020-05-04 15:00'";10;70;11;9;1;good
DEBB021;"'2020-05-04 16:00'";7;77;8;7;1;moderate
DEBB021;"'2020-05-04 17:00'";7;71;11;7;1;good
DEBB021;"'2020-05-04 18:00'";8;73;7;7;1;moderate
DEBB021;"'2020-05-04 19:00'";9;74;10;8;1;moderate
DEBB021;"'2020-05-04 20:00'";10;64;13;9;1;good
DEBB021;"'2020-05-04 21:00'";11;49;17;9;1;good
DEBB021;"'2020-05-04 22:00'";12;41;19;11;1;good
DEBB021;"'2020-05-04 23:00'";8;60;12;6;1;good
DEBB021;"'2020-05-04 24:00'";7;57;11;5;1;good
DEBB021;"'2020-05-05 01:00'";9;35;18;6;1;good
DEBB021;"'2020-05-05 02:00'";7;30;19;5;1;good
DEBB021;"'2020-05-05 03:00'";7;31;18;5;1;good
DEBB021;"'2020-05-05 04:00'";6;31;17;4;1;good
DEBB021;"'2020-05-05 05:00'";5;43;18;3;1;good
DEBB021;"'2020-05-05 06:00'";5;54;13;4;1;good
DEBB021;"'2020-05-05 07:00'";7;50;15;5;1;good
DEBB021;"'2020-05-05 08:00'";6;56;13;4;1;good
DEBB021;"'2020-05-05 09:00'";5;66;10;4;1;good
DEBB021;"'2020-05-05 10:00'";4;79;6;3;1;moderate
DEBB021;"'2020-05-05 11:00'";3;85;5;2;1;moderate
DEBB021;"'2020-05-05 12:00'";3;90;4;2;1;moderate
DEBB021;"'2020-05-05 13:00'";6;86;6;2;1;moderate
DEBB021;"'2020-05-05 14:00'";3;87;6;2;1;moderate
DEBB021;"'2020-05-05 15:00'";2;88;4;1;1;moderate
DEBB021;"'2020-05-05 16:00'";4;89;5;2;1;moderate
DEBB021;"'2020-05-05 17:00'";2;89;5;1;1;moderate
DEBB021;"'2020-05-05 18:00'";2;89;5;1;1;moderate
DEBB021;"'2020-05-05 19:00'";3;91;5;2;1;moderate
DEBB021;"'2020-05-05 20:00'";3;86;5;2;1;moderate
DEBB021;"'2020-05-05 21:00'";3;78;7;3;1;moderate
DEBB021;"'2020-05-05 22:00'";4;71;12;3;1;good
DEBB021;"'2020-05-05 23:00'";4;67;11;4;1;good
DEBB021;"'2020-05-05 24:00'";5;66;9;4;1;good
DEBB021;"'2020-05-06 01:00'";5;66;8;4;1;good
DEBB021;"'2020-05-06 02:00'";4;53;13;3;1;good
DEBB021;"'2020-05-06 03:00'";4;51;13;3;1;good
DEBB021;"'2020-05-06 04:00'";4;62;9;3;1;good
DEBB021;"'2020-05-06 05:00'";4;64;7;3;1;good
DEBB021;"'2020-05-06 06:00'";4;61;9;3;1;good
DEBB021;"'2020-05-06 07:00'";4;55;14;3;1;good
DEBB021;"'2020-05-06 08:00'";4;56;11;3;1;good
DEBB021;"'2020-05-06 09:00'";4;63;10;3;1;good
DEBB021;"'2020-05-06 10:00'";4;67;7;3;1;good
DEBB021;"'2020-05-06 11:00'";5;74;6;3;1;moderate
DEBB021;"'2020-05-06 12:00'";4;82;6;3;1;moderate
DEBB021;"'2020-05-06 13:00'";4;93;4;3;1;moderate
DEBB021;"'2020-05-06 14:00'";5;97;4;3;1;moderate
DEBB021;"'2020-05-06 15:00'";5;100;4;3;1;moderate
DEBB021;"'2020-05-06 16:00'";5;101;5;3;1;moderate
DEBB021;"'2020-05-06 17:00'";6;104;5;3;1;moderate
DEBB021;"'2020-05-06 18:00'";6;107;5;3;1;moderate
DEBB021;"'2020-05-06 19:00'";9;102;7;5;1;moderate
DEBB021;"'2020-05-06 20:00'";9;102;7;5;1;moderate
DEBB021;"'2020-05-06 21:00'";7;100;7;4;1;moderate
DEBB021;"'2020-05-06 22:00'";6;96;7;3;1;moderate
DEBB021;"'2020-05-06 23:00'";7;89;7;3;1;moderate
DEBB021;"'2020-05-06 24:00'";7;84;7;4;1;moderate
DEBB021;"'2020-05-07 01:00'";7;80;7;5;1;moderate
DEBB021;"'2020-05-07 02:00'";8;77;8;6;1;moderate
DEBB021;"'2020-05-07 03:00'";9;76;7;7;1;moderate
DEBB021;"'2020-05-07 04:00'";9;77;6;8;1;moderate
DEBB021;"'2020-05-07 05:00'";9;80;5;8;1;moderate
DEBB021;"'2020-05-07 06:00'";9;83;7;8;1;moderate
DEBB021;"'2020-05-07 07:00'";10;79;11;8;1;moderate
DEBB021;"'2020-05-07 08:00'";11;78;10;9;1;moderate
DEBB021;"'2020-05-07 09:00'";12;76;9;9;1;moderate
DEBB021;"'2020-05-07 10:00'";12;79;8;9;1;moderate
DEBB021;"'2020-05-07 11:00'";12;84;6;10;1;moderate
DEBB021;"'2020-05-07 12:00'";14;81;8;11;1;moderate
DEBB021;"'2020-05-07 13:00'";14;86;5;11;1;moderate
DEBB021;"'2020-05-07 14:00'";14;89;5;11;1;moderate
DEBB021;"'2020-05-07 15:00'";15;93;4;12;1;moderate
DEBB021;"'2020-05-07 16:00'";17;96;5;13;1;moderate
DEBB021;"'2020-05-07 17:00'";18;100;5;13;1;moderate
DEBB021;"'2020-05-07 18:00'";19;104;5;13;1;moderate
DEBB021;"'2020-05-07 19:00'";18;104;6;13;1;moderate
DEBB021;"'2020-05-07 20:00'";18;101;7;14;1;moderate
DEBB021;"'2020-05-07 21:00'";18;83;13;13;1;moderate
DEBB021;"'2020-05-07 22:00'";18;66;18;14;1;good
DEBB021;"'2020-05-07 23:00'";17;63;16;13;1;good
DEBB021;"'2020-05-07 24:00'";16;58;14;13;1;good
DEBB021;"'2020-05-08 01:00'";16;52;13;13;1;good
DEBB021;"'2020-05-08 02:00'";17;44;19;14;1;good
DEBB021;"'2020-05-08 03:00'";18;16;32;15;1;moderate
DEBB021;"'2020-05-08 04:00'";19;11;31;16;1;moderate
DEBB021;"'2020-05-08 05:00'";20;6;30;17;1;moderate
DEBB021;"'2020-05-08 06:00'";21;8;28;18;1;moderate
DEBB021;"'2020-05-08 07:00'";20;20;28;17;1;moderate
DEBB021;"'2020-05-08 08:00'";24;11;41;19;1;moderate
DEBB021;"'2020-05-08 09:00'";29;34;45;17;1;moderate
DEBB021;"'2020-05-08 10:00'";23;70;23;14;1;good
DEBB021;"'2020-05-08 11:00'";19;92;11;12;1;moderate
DEBB021;"'2020-05-08 12:00'";16;108;8;10;1;moderate
DEBB021;"'2020-05-08 13:00'";18;115;8;10;1;moderate
DEBB021;"'2020-05-08 14:00'";18;126;9;10;1;moderate
DEBB021;"'2020-05-08 15:00'";16;135;7;9;1;moderate
DEBB021;"'2020-05-08 16:00'";16;138;7;9;1;moderate
DEBB021;"'2020-05-08 17:00'";17;136;7;9;1;moderate
DEBB021;"'2020-05-08 18:00'";13;131;6;7;1;moderate
DEBB021;"'2020-05-08 19:00'";9;128;5;6;1;moderate
DEBB021;"'2020-05-08 20:00'";11;123;7;7;1;moderate
DEBB021;"'2020-05-08 21:00'";11;118;9;7;1;moderate
DEBB021;"'2020-05-08 22:00'";15;104;14;9;1;moderate
DEBB021;"'2020-05-08 23:00'";15;95;13;10;1;moderate
DEBB021;"'2020-05-08 24:00'";14;89;12;10;1;moderate
DEBB021;"'2020-05-09 01:00'";15;76;15;12;1;moderate
DEBB021;"'2020-05-09 02:00'";17;51;22;14;1;good
DEBB021;"'2020-05-09 03:00'";19;12;49;16;1;moderate
DEBB021;"'2020-05-09 04:00'";19;19;35;16;1;moderate
DEBB021;"'2020-05-09 05:00'";18;23;26;15;1;good
DEBB021;"'2020-05-09 06:00'";18;19;28;15;1;good
DEBB021;"'2020-05-09 07:00'";20;13;32;16;1;moderate
DEBB021;"'2020-05-09 08:00'";20;29;31;15;1;moderate
DEBB021;"'2020-05-09 09:00'";16;72;23;11;3;good
DEBB021;"'2020-05-09 10:00'";13;98;10;8;3;moderate
DEBB021;"'2020-05-09 11:00'";13;107;6;6;1;moderate
DEBB021;"'2020-05-09 12:00'";12;109;6;6;1;moderate
DEBB021;"'2020-05-09 13:00'";10;114;7;5;1;moderate
DEBB021;"'2020-05-09 14:00'";8;114;6;4;1;moderate
DEBB021;"'2020-05-09 15:00'";9;115;6;4;1;moderate
DEBB021;"'2020-05-09 16:00'";7;116;5;3;1;moderate
DEBB021;"'2020-05-09 17:00'";8;113;5;3;1;moderate
DEBB021;"'2020-05-09 18:00'";7;110;5;3;1;moderate
DEBB021;"'2020-05-09 19:00'";8;110;6;3;1;moderate
DEBB021;"'2020-05-09 20:00'";8;104;7;4;1;moderate
DEBB021;"'2020-05-09 21:00'";9;93;11;4;1;moderate
DEBB021;"'2020-05-09 22:00'";16;74;20;10;1;moderate
DEBB021;"'2020-05-09 23:00'";19;61;25;14;1;good
DEBB021;"'2020-05-09 24:00'";15;69;19;11;2;good
DEBB021;"'2020-05-10 01:00'";16;73;15;12;3;moderate
DEBB021;"'2020-05-10 02:00'";15;76;12;12;2;moderate
DEBB021;"'2020-05-10 03:00'";15;69;13;12;1;good
DEBB021;"'2020-05-10 04:00'";15;59;16;12;1;good
DEBB021;"'2020-05-10 05:00'";14;59;13;12;1;good
DEBB021;"'2020-05-10 06:00'";14;61;12;11;1;good
DEBB021;"'2020-05-10 07:00'";15;60;15;11;1;good
DEBB021;"'2020-05-10 08:00'";16;69;11;11;1;good
DEBB021;"'2020-05-10 09:00'";15;81;10;11;3;moderate
DEBB021;"'2020-05-10 10:00'";16;91;9;11;3;moderate
DEBB021;"'2020-05-10 11:00'";17;100;9;11;3;moderate
DEBB021;"'2020-05-10 12:00'";19;109;8;11;3;moderate
DEBB021;"'2020-05-10 13:00'";16;128;8;10;3;moderate
DEBB021;"'2020-05-10 14:00'";14;133;6;9;2;moderate
DEBB021;"'2020-05-10 15:00'";14;133;6;9;1;moderate
DEBB021;"'2020-05-10 16:00'";13;132;6;8;1;moderate
DEBB021;"'2020-05-10 17:00'";14;128;6;7;1;moderate
DEBB021;"'2020-05-10 18:00'";12;125;8;8;1;moderate
DEBB021;"'2020-05-10 19:00'";16;99;12;13;1;moderate
DEBB021;"'2020-05-10 20:00'";16;95;9;14;1;moderate
DEBB021;"'2020-05-10 21:00'";17;91;10;15;1;moderate
DEBB021;"'2020-05-10 22:00'";19;74;14;17;1;moderate
DEBB021;"'2020-05-10 23:00'";21;66;15;19;1;moderate
DEBB021;"'2020-05-10 24:00'";21;54;17;19;1;moderate
DEBB021;"'2020-05-11 01:00'";22;49;16;19;1;moderate
DEBB021;"'2020-05-11 02:00'";21;57;12;18;1;moderate
DEBB021;"'2020-05-11 03:00'";16;60;7;12;1;good
DEBB021;"'2020-05-11 04:00'";8;73;3;6;1;moderate
DEBB021;"'2020-05-11 05:00'";5;69;3;4;1;good
DEBB021;"'2020-05-11 06:00'";5;67;5;4;1;good
DEBB021;"'2020-05-11 07:00'";5;62;8;3;1;good
DEBB021;"'2020-05-11 08:00'";5;71;8;3;1;good
DEBB021;"'2020-05-11 09:00'";4;70;9;3;1;good
DEBB021;"'2020-05-11 10:00'";4;62;10;3;1;good
DEBB021;"'2020-05-11 11:00'";4;54;10;3;1;good
DEBB021;"'2020-05-11 12:00'";4;56;10;3;1;good
DEBB021;"'2020-05-11 13:00'";2;75;8;2;1;moderate
DEBB021;"'2020-05-11 14:00'";2;74;8;1;1;moderate
DEBB021;"'2020-05-11 15:00'";3;69;8;2;1;good
DEBB021;"'2020-05-11 16:00'";2;64;7;2;1;good
DEBB021;"'2020-05-11 17:00'";0.8;63;6;1;1;good
DEBB021;"'2020-05-11 18:00'";1;62;5;1;1;good
DEBB021;"'2020-05-11 19:00'";2;56;5;2;1;good
DEBB021;"'2020-05-11 20:00'";2;57;5;2;1;good
DEBB021;"'2020-05-11 21:00'";3;57;5;2;1;good
DEBB021;"'2020-05-11 22:00'";3;48;8;3;1;good
DEBB021;"'2020-05-11 23:00'";4;44;9;3;1;good
DEBB021;"'2020-05-11 24:00'";4;44;8;2;1;good
DEBB021;"'2020-05-12 01:00'";4;32;15;2;1;good
DEBB021;"'2020-05-12 02:00'";3;34;7;2;1;good
DEBB021;"'2020-05-12 03:00'";3;36;10;2;1;good
DEBB021;"'2020-05-12 04:00'";3;40;8;2;1;good
DEBB021;"'2020-05-12 05:00'";3;32;17;3;1;good
DEBB021;"'2020-05-12 06:00'";5;23;20;3;1;good
DEBB021;"'2020-05-12 07:00'";4;29;18;3;1;good
DEBB021;"'2020-05-12 08:00'";6;32;13;3;1;good
DEBB021;"'2020-05-12 09:00'";7;35;10;4;1;good
DEBB021;"'2020-05-12 10:00'";8;42;7;4;1;good
DEBB021;"'2020-05-12 11:00'";7;48;6;4;1;good
DEBB021;"'2020-05-12 12:00'";7;65;5;3;1;good
DEBB021;"'2020-05-12 13:00'";6;67;6;4;1;good
DEBB021;"'2020-05-12 14:00'";6;73;5;4;1;moderate
DEBB021;"'2020-05-12 15:00'";7;77;6;4;1;moderate
DEBB021;"'2020-05-12 16:00'";9;78;7;5;1;moderate
DEBB021;"'2020-05-12 17:00'";8;85;6;5;1;moderate
DEBB021;"'2020-05-12 18:00'";8;86;6;5;1;moderate
DEBB021;"'2020-05-12 19:00'";8;86;7;5;1;moderate
DEBB021;"'2020-05-12 20:00'";7;85;8;5;1;moderate
DEBB021;"'2020-05-12 21:00'";7;81;11;5;1;moderate
DEBB021;"'2020-05-12 22:00'";7;81;8;5;1;moderate
DEBB021;"'2020-05-12 23:00'";8;78;8;5;1;moderate
DEBB021;"'2020-05-12 24:00'";8;70;12;6;1;good
DEBB021;"'2020-05-13 01:00'";8;63;8;6;1;good
DEBB021;"'2020-05-13 02:00'";8;57;15;6;1;good
DEBB021;"'2020-05-13 03:00'";8;57;12;6;1;good
DEBB021;"'2020-05-13 04:00'";8;55;8;6;1;good
DEBB021;"'2020-05-13 05:00'";8;52;8;6;1;good
DEBB021;"'2020-05-13 06:00'";9;42;13;7;1;good
DEBB021;"'2020-05-13 07:00'";10;34;21;8;1;good
DEBB021;"'2020-05-13 08:00'";10;30;20;8;1;good
DEBB021;"'2020-05-13 09:00'";12;33;20;9;1;good
DEBB021;"'2020-05-13 10:00'";13;51;14;9;1;good
DEBB021;"'2020-05-13 11:00'";10;79;7;7;1;moderate
DEBB021;"'2020-05-13 12:00'";11;89;6;8;1;moderate
DEBB021;"'2020-05-13 13:00'";10;93;6;7;1;moderate
DEBB021;"'2020-05-13 14:00'";9;97;6;7;1;moderate
DEBB021;"'2020-05-13 15:00'";9;98;6;6;1;moderate
DEBB021;"'2020-05-13 16:00'";9;100;5;7;1;moderate
DEBB021;"'2020-05-13 17:00'";9;97;7;6;1;moderate
DEBB021;"'2020-05-13 18:00'";9;100;6;6;1;moderate
DEBB021;"'2020-05-13 19:00'";8;97;6;6;1;moderate
DEBB021;"'2020-05-13 20:00'";8;99;6;6;1;moderate
DEBB021;"'2020-05-13 21:00'";9;88;10;7;1;moderate
DEBB021;"'2020-05-13 22:00'";9;74;13;6;1;moderate
DEBB021;"'2020-05-13 23:00'";8;73;12;6;1;moderate
DEBB021;"'2020-05-13 24:00'";7;69;8;5;2;good
DEBB021;"'2020-05-14 01:00'";8;60;12;6;5;good
DEBB021;"'2020-05-14 02:00'";8;58;13;7;6;good
DEBB021;"'2020-05-14 03:00'";8;55;13;7;9;good
DEBB021;"'2020-05-14 04:00'";5;61;7;5;5;good
DEBB021;"'2020-05-14 05:00'";5;59;7;4;2;good
DEBB021;"'2020-05-14 06:00'";5;54;9;4;1;good
DEBB021;"'2020-05-14 07:00'";5;56;13;4;1;good
DEBB021;"'2020-05-14 08:00'";5;61;10;4;1;good
DEBB021;"'2020-05-14 09:00'";4;72;8;3;1;good
DEBB021;"'2020-05-14 10:00'";5;73;7;4;1;moderate
DEBB021;"'2020-05-14 11:00'";4;74;6;3;1;moderate
DEBB021;"'2020-05-14 12:00'";3;81;5;2;1;moderate
DEBB021;"'2020-05-14 13:00'";4;83;5;3;1;moderate
DEBB021;"'2020-05-14 14:00'";5;87;5;4;1;moderate
DEBB021;"'2020-05-14 15:00'";5;89;6;3;1;moderate
DEBB021;"'2020-05-14 16:00'";4;93;5;3;1;moderate
DEBB021;"'2020-05-14 17:00'";4;94;6;3;1;moderate
DEBB021;"'2020-05-14 18:00'";5;94;5;3;1;moderate
DEBB021;"'2020-05-14 19:00'";5;95;5;3;1;moderate
DEBB021;"'2020-05-14 20:00'";5;94;5;3;1;moderate
DEBB021;"'2020-05-14 21:00'";5;87;8;3;1;moderate
DEBB021;"'2020-05-14 22:00'";6;75;14;4;1;moderate
DEBB021;"'2020-05-14 23:00'";5;80;7;3;1;moderate
DEBB021;"'2020-05-14 24:00'";5;75;8;4;1;moderate
DEBB021;"'2020-05-15 01:00'";6;66;11;4;1;good
DEBB021;"'2020-05-15 02:00'";6;59;13;4;1;good
DEBB021;"'2020-05-15 03:00'";5;49;14;4;1;good
DEBB021;"'2020-05-15 04:00'";5;33;18;4;1;good
DEBB021;"'2020-05-15 05:00'";6;28;21;5;1;good
DEBB021;"'2020-05-15 06:00'";6;31;21;5;1;good
DEBB021;"'2020-05-15 07:00'";8;24;34;6;1;moderate
DEBB021;"'2020-05-15 08:00'";9;45;34;6;1;moderate
DEBB021;"'2020-05-15 09:00'";7;82;13;4;1;moderate
DEBB021;"'2020-05-15 10:00'";6;97;7;4;1;moderate
DEBB021;"'2020-05-15 11:00'";6;98;6;4;1;moderate
DEBB021;"'2020-05-15 12:00'";9;100;5;5;1;moderate
DEBB021;"'2020-05-15 13:00'";7;101;5;4;1;moderate
DEBB021;"'2020-05-15 14:00'";8;105;4;5;1;moderate
DEBB021;"'2020-05-15 15:00'";9;104;4;5;1;moderate
DEBB021;"'2020-05-15 16:00'";8;102;5;5;1;moderate
DEBB021;"'2020-05-15 17:00'";8;101;5;5;1;moderate
DEBB021;"'2020-05-15 18:00'";9;101;5;4;1;moderate
DEBB021;"'2020-05-15 19:00'";6;95;5;3;1;moderate
DEBB021;"'2020-05-15 20:00'";7;88;5;4;1;moderate
DEBB021;"'2020-05-15 21:00'";8;83;6;4;1;moderate
DEBB021;"'2020-05-15 22:00'";7;82;7;4;1;moderate
DEBB021;"'2020-05-15 23:00'";8;78;9;5;1;moderate
DEBB021;"'2020-05-15 24:00'";7;78;7;4;1;moderate
DEBB021;"'2020-05-16 01:00'";7;77;6;5;1;moderate
DEBB021;"'2020-05-16 02:00'";7;75;6;5;1;moderate
DEBB021;"'2020-05-16 03:00'";7;74;6;5;1;moderate
DEBB021;"'2020-05-16 04:00'";6;73;7;4;1;moderate
DEBB021;"'2020-05-16 05:00'";5;73;8;4;1;moderate
DEBB021;"'2020-05-16 06:00'";6;77;7;3;1;moderate
DEBB021;"'2020-05-16 07:00'";5;75;7;4;1;moderate
DEBB021;"'2020-05-16 08:00'";7;71;7;5;1;good
DEBB021;"'2020-05-16 09:00'";5;80;5;3;1;moderate
DEBB021;"'2020-05-16 10:00'";5;86;2;3;1;moderate
DEBB021;"'2020-05-16 11:00'";5;90;2;3;1;moderate
DEBB021;"'2020-05-16 12:00'";6;92;2;3;1;moderate
DEBB021;"'2020-05-16 13:00'";5;94;3;3;1;moderate
DEBB021;"'2020-05-16 14:00'";8;96;5;3;1;moderate
DEBB021;"'2020-05-16 15:00'";7;98;5;4;1;moderate
DEBB021;"'2020-05-16 16:00'";7;97;4;4;1;moderate
DEBB021;"'2020-05-16 17:00'";8;97;4;4;1;moderate
DEBB021;"'2020-05-16 18:00'";7;96;4;4;1;moderate
DEBB021;"'2020-05-16 19:00'";8;96;6;4;1;moderate
DEBB021;"'2020-05-16 20:00'";7;93;7;4;1;moderate
DEBB021;"'2020-05-16 21:00'";9;86;12;5;1;moderate
DEBB021;"'2020-05-16 22:00'";10;80;9;6;1;moderate
DEBB021;"'2020-05-16 23:00'";7;79;9;5;1;moderate
DEBB021;"'2020-05-16 24:00'";9;76;9;7;1;moderate
DEBB021;"'2020-05-17 01:00'";10;78;7;6;1;moderate
DEBB021;"'2020-05-17 02:00'";7;81;8;6;1;moderate
DEBB021;"'2020-05-17 03:00'";8;75;10;6;1;moderate
DEBB021;"'2020-05-17 04:00'";9;75;9;7;1;moderate
DEBB021;"'2020-05-17 05:00'";8;75;10;7;1;moderate
DEBB021;"'2020-05-17 06:00'";8;74;12;7;1;moderate
DEBB021;"'2020-05-17 07:00'";8;70;10;7;1;good
DEBB021;"'2020-05-17 08:00'";9;69;7;8;1;good
DEBB021;"'2020-05-17 09:00'";6;78;4;5;1;moderate
DEBB021;"'2020-05-17 10:00'";5;81;2;4;1;moderate
DEBB021;"'2020-05-17 11:00'";5;85;2;4;1;moderate
DEBB021;"'2020-05-17 12:00'";5;88;2;4;1;moderate
DEBB021;"'2020-05-17 13:00'";5;89;2;4;1;moderate
DEBB021;"'2020-05-17 14:00'";4;89;2;3;1;moderate
DEBB021;"'2020-05-17 15:00'";3;90;2;2;1;moderate
DEBB021;"'2020-05-17 16:00'";4;91;2;3;1;moderate
DEBB021;"'2020-05-17 17:00'";5;92;2;3;1;moderate
DEBB021;"'2020-05-17 18:00'";5;93;3;3;1;moderate
DEBB021;"'2020-05-17 19:00'";5;95;3;3;1;moderate
DEBB021;"'2020-05-17 20:00'";5;95;4;3;1;moderate
DEBB021;"'2020-05-17 21:00'";5;92;5;3;1;moderate
DEBB021;"'2020-05-17 22:00'";5;88;7;3;1;moderate
DEBB021;"'2020-05-17 23:00'";5;83;8;3;1;moderate
DEBB021;"'2020-05-17 24:00'";4;81;8;3;1;moderate
DEBB021;"'2020-05-18 01:00'";4;82;7;3;1;moderate
DEBB021;"'2020-05-18 02:00'";4;79;8;3;1;moderate
DEBB021;"'2020-05-18 03:00'";5;77;8;3;1;moderate
DEBB021;"'2020-05-18 04:00'";6;73;8;4;1;moderate
DEBB021;"'2020-05-18 05:00'";7;69;11;5;1;good
DEBB021;"'2020-05-18 06:00'";8;61;17;6;1;good
DEBB021;"'2020-05-18 07:00'";10;54;24;6;1;good
DEBB021;"'2020-05-18 08:00'";12;62;19;7;1;good
DEBB021;"'2020-05-18 09:00'";13;77;10;8;1;moderate
DEBB021;"'2020-05-18 10:00'";10;83;7;6;1;moderate
DEBB021;"'2020-05-18 11:00'";9;90;5;5;1;moderate
DEBB021;"'2020-05-18 12:00'";9;95;5;5;1;moderate
DEBB021;"'2020-05-18 13:00'";10;101;6;5;1;moderate
DEBB021;"'2020-05-18 14:00'";11;110;5;6;1;moderate
DEBB021;"'2020-05-18 15:00'";12;116;6;6;1;moderate
DEBB021;"'2020-05-18 16:00'";14;123;6;7;3;moderate
DEBB021;"'2020-05-18 17:00'";13;124;7;6;3;moderate
DEBB021;"'2020-05-18 18:00'";14;124;6;6;1;moderate
DEBB021;"'2020-05-18 19:00'";14;123;6;6;1;moderate
DEBB021;"'2020-05-18 20:00'";13;120;7;7;1;moderate
DEBB021;"'2020-05-18 21:00'";17;107;12;9;1;moderate
DEBB021;"'2020-05-18 22:00'";18;88;19;8;1;moderate
DEBB021;"'2020-05-18 23:00'";17;73;24;10;1;moderate
DEBB021;"'2020-05-18 24:00'";17;48;33;11;1;moderate
DEBB021;"'2020-05-19 01:00'";15;51;25;10;1;good
DEBB021;"'2020-05-19 02:00'";14;56;18;10;1;good
DEBB021;"'2020-05-19 03:00'";16;19;39;12;1;moderate
DEBB021;"'2020-05-19 04:00'";18;24;29;14;1;good
DEBB021;"'2020-05-19 05:00'";17;46;20;13;1;good
DEBB021;"'2020-05-19 06:00'";18;52;16;14;1;good
DEBB021;"'2020-05-19 07:00'";19;52;17;15;1;good
DEBB021;"'2020-05-19 08:00'";21;57;15;17;1;moderate
DEBB021;"'2020-05-19 09:00'";20;64;11;15;1;good
DEBB021;"'2020-05-19 10:00'";14;73;7;11;1;moderate
DEBB021;"'2020-05-19 11:00'";13;75;7;10;1;moderate
DEBB021;"'2020-05-19 12:00'";12;81;6;8;1;moderate
DEBB021;"'2020-05-19 13:00'";11;84;6;6;1;moderate
DEBB021;"'2020-05-19 14:00'";8;85;5;5;1;moderate
DEBB021;"'2020-05-19 15:00'";7;88;5;4;1;moderate
DEBB021;"'2020-05-19 16:00'";8;91;5;4;1;moderate
DEBB021;"'2020-05-19 17:00'";8;92;5;4;1;moderate
DEBB021;"'2020-05-19 18:00'";7;93;3;4;1;moderate
DEBB021;"'2020-05-19 19:00'";9;91;5;5;1;moderate
DEBB021;"'2020-05-19 20:00'";10;89;5;7;1;moderate
DEBB021;"'2020-05-19 21:00'";7;83;6;4;1;moderate
DEBB021;"'2020-05-19 22:00'";9;77;8;5;1;moderate
DEBB021;"'2020-05-19 23:00'";16;68;11;8;1;good
DEBB021;"'2020-05-19 24:00'";9;58;11;5;1;good
DEBB021;"'2020-05-20 01:00'";7;47;14;5;1;good
DEBB021;"'2020-05-20 02:00'";8;62;8;6;1;good
DEBB021;"'2020-05-20 03:00'";10;59;9;8;1;good
DEBB021;"'2020-05-20 04:00'";12;50;13;10;1;good
DEBB021;"'2020-05-20 05:00'";11;52;12;9;1;good
DEBB021;"'2020-05-20 06:00'";10;51;11;8;1;good
DEBB021;"'2020-05-20 07:00'";8;61;11;6;1;good
DEBB021;"'2020-05-20 08:00'";10;62;10;6;1;good
DEBB021;"'2020-05-20 09:00'";12;59;12;6;1;good
DEBB021;"'2020-05-20 10:00'";12;66;8;6;1;good
DEBB021;"'2020-05-20 11:00'";8;81;5;4;1;moderate
DEBB021;"'2020-05-20 12:00'";5;92;3;2;1;moderate
DEBB021;"'2020-05-20 13:00'";6;94;3;3;1;moderate
DEBB021;"'2020-05-20 14:00'";7;96;4;3;1;moderate
DEBB021;"'2020-05-20 15:00'";7;97;2;2;1;moderate
DEBB021;"'2020-05-20 16:00'";6;98;3;2;1;moderate
DEBB021;"'2020-05-20 17:00'";9;99;5;2;1;moderate
DEBB021;"'2020-05-20 18:00'";7;100;4;2;1;moderate
DEBB021;"'2020-05-20 19:00'";7;100;3;3;1;moderate
DEBB021;"'2020-05-20 20:00'";10;98;5;3;1;moderate
DEBB021;"'2020-05-20 21:00'";9;93;6;3;1;moderate
DEBB021;"'2020-05-20 22:00'";7;86;6;3;1;moderate
DEBB021;"'2020-05-20 23:00'";5;84;5;3;1;moderate
DEBB021;"'2020-05-20 24:00'";6;81;6;3;1;moderate
DEBB021;"'2020-05-21 01:00'";8;74;8;5;1;moderate
DEBB021;"'2020-05-21 02:00'";8;68;9;5;1;good
DEBB021;"'2020-05-21 03:00'";8;58;10;6;1;good
DEBB021;"'2020-05-21 04:00'";9;54;10;7;1;good
DEBB021;"'2020-05-21 05:00'";7;49;13;6;1;good
DEBB021;"'2020-05-21 06:00'";8;47;15;6;1;good
DEBB021;"'2020-05-21 07:00'";7;53;12;6;4;good
DEBB021;"'2020-05-21 08:00'";8;59;11;6;9;good
DEBB021;"'2020-05-21 09:00'";7;67;10;5;8;good
DEBB021;"'2020-05-21 10:00'";8;81;6;5;4;moderate
DEBB021;"'2020-05-21 11:00'";9;90;4;5;1;moderate
DEBB021;"'2020-05-21 12:00'";8;95;4;5;1;moderate
DEBB021;"'2020-05-21 13:00'";9;100;4;4;1;moderate
DEBB021;"'2020-05-21 14:00'";8;105;3;4;1;moderate
DEBB021;"'2020-05-21 15:00'";7;109;3;3;1;moderate
DEBB021;"'2020-05-21 16:00'";7;111;2;3;1;moderate
DEBB021;"'2020-05-21 17:00'";10;113;2;3;1;moderate
DEBB021;"'2020-05-21 18:00'";7;115;2;3;1;moderate
DEBB021;"'2020-05-21 19:00'";9;114;5;3;1;moderate
DEBB021;"'2020-05-21 20:00'";11;112;5;4;1;moderate
DEBB021;"'2020-05-21 21:00'";13;104;6;4;1;moderate
DEBB021;"'2020-05-21 22:00'";14;94;8;6;1;moderate
DEBB021;"'2020-05-21 23:00'";14;87;10;6;1;moderate
DEBB021;"'2020-05-21 24:00'";10;79;11;6;1;moderate
DEBB021;"'2020-05-22 01:00'";13;71;15;7;1;good
DEBB021;"'2020-05-22 02:00'";11;67;15;8;1;good
DEBB021;"'2020-05-22 03:00'";12;62;16;9;1;good
DEBB021;"'2020-05-22 04:00'";12;60;16;8;1;good
DEBB021;"'2020-05-22 05:00'";12;61;14;8;1;good
DEBB021;"'2020-05-22 06:00'";13;50;21;8;1;good
DEBB021;"'2020-05-22 07:00'";15;50;25;8;1;good
DEBB021;"'2020-05-22 08:00'";19;55;19;8;1;good
DEBB021;"'2020-05-22 09:00'";18;68;13;7;1;good
DEBB021;"'2020-05-22 10:00'";17;77;11;6;1;moderate
DEBB021;"'2020-05-22 11:00'";23;91;10;7;1;moderate
DEBB021;"'2020-05-22 12:00'";20;106;7;5;1;moderate
DEBB021;"'2020-05-22 13:00'";18;110;6;5;1;moderate
DEBB021;"'2020-05-22 14:00'";15;109;6;4;1;moderate
DEBB021;"'2020-05-22 15:00'";20;109;6;4;1;moderate
DEBB021;"'2020-05-22 16:00'";17;110;6;4;1;moderate
DEBB021;"'2020-05-22 17:00'";20;109;6;5;1;moderate
DEBB021;"'2020-05-22 18:00'";19;107;8;5;1;moderate
DEBB021;"'2020-05-22 19:00'";22;105;8;6;1;moderate
DEBB021;"'2020-05-22 20:00'";16;102;9;6;1;moderate
DEBB021;"'2020-05-22 21:00'";15;98;10;6;1;moderate
DEBB021;"'2020-05-22 22:00'";16;94;10;7;1;moderate
DEBB021;"'2020-05-22 23:00'";14;84;11;8;1;moderate
DEBB021;"'2020-05-22 24:00'";11;82;7;8;1;moderate
DEBB021;"'2020-05-23 01:00'";12;75;8;9;1;moderate
DEBB021;"'2020-05-23 02:00'";15;66;9;12;1;good
DEBB021;"'2020-05-23 03:00'";15;56;9;13;1;good
DEBB021;"'2020-05-23 04:00'";16;53;7;14;1;good
DEBB021;"'2020-05-23 05:00'";18;48;8;16;1;moderate
DEBB021;"'2020-05-23 06:00'";19;39;8;17;1;moderate
DEBB021;"'2020-05-23 07:00'";21;27;13;18;1;moderate
DEBB021;"'2020-05-23 08:00'";21;40;12;18;1;moderate
DEBB021;"'2020-05-23 09:00'";23;50;9;19;1;moderate
DEBB021;"'2020-05-23 10:00'";23;58;8;18;1;moderate
DEBB021;"'2020-05-23 11:00'";23;56;8;18;1;moderate
DEBB021;"'2020-05-23 12:00'";19;70;7;13;1;good
DEBB021;"'2020-05-23 13:00'";17;78;7;10;1;moderate
DEBB021;"'2020-05-23 14:00'";17;80;7;11;1;moderate
DEBB021;"'2020-05-23 15:00'";17;87;6;11;1;moderate
DEBB021;"'2020-05-23 16:00'";16;91;6;10;1;moderate
DEBB021;"'2020-05-23 17:00'";20;85;7;12;1;moderate
DEBB021;"'2020-05-23 18:00'";20;86;7;12;1;moderate
DEBB021;"'2020-05-23 19:00'";20;83;7;12;1;moderate
DEBB021;"'2020-05-23 20:00'";13;81;7;6;1;moderate
DEBB021;"'2020-05-23 21:00'";8;77;8;6;1;moderate
DEBB021;"'2020-05-23 22:00'";7;76;8;5;1;moderate
DEBB021;"'2020-05-23 23:00'";8;71;7;6;1;good
DEBB021;"'2020-05-23 24:00'";8;67;9;6;1;good
DEBB021;"'2020-05-24 01:00'";5;79;5;3;1;moderate
DEBB021;"'2020-05-24 02:00'";5;70;6;4;1;good
DEBB021;"'2020-05-24 03:00'";7;54;7;5;1;good
DEBB021;"'2020-05-24 04:00'";7;49;6;6;1;good
DEBB021;"'2020-05-24 05:00'";8;50;6;6;1;good
DEBB021;"'2020-05-24 06:00'";9;55;7;7;1;good
DEBB021;"'2020-05-24 07:00'";10;52;7;7;1;good
DEBB021;"'2020-05-24 08:00'";10;60;6;6;1;good
DEBB021;"'2020-05-24 09:00'";12;67;5;6;1;good
DEBB021;"'2020-05-24 10:00'";14;71;5;7;1;good
DEBB021;"'2020-05-24 11:00'";14;72;5;8;1;good
DEBB021;"'2020-05-24 12:00'";13;71;5;8;1;good
DEBB021;"'2020-05-24 13:00'";12;76;4;8;1;moderate
DEBB021;"'2020-05-24 14:00'";7;75;4;4;1;moderate
DEBB021;"'2020-05-24 15:00'";4;80;4;3;1;moderate
DEBB021;"'2020-05-24 16:00'";5;75;3;4;1;moderate
DEBB021;"'2020-05-24 17:00'";7;72;3;5;1;good
DEBB021;"'2020-05-24 18:00'";6;77;4;5;1;moderate
DEBB021;"'2020-05-24 19:00'";9;76;5;6;1;moderate
DEBB021;"'2020-05-24 20:00'";8;77;4;5;1;moderate
DEBB021;"'2020-05-24 21:00'";8;72;5;6;1;good
DEBB021;"'2020-05-24 22:00'";6;70;6;4;1;good
DEBB021;"'2020-05-24 23:00'";6;62;7;5;1;good
DEBB021;"'2020-05-24 24:00'";7;57;7;6;1;good
DEBB021;"'2020-05-25 01:00'";7;57;6;6;1;good
DEBB021;"'2020-05-25 02:00'";5;55;7;5;1;good
DEBB021;"'2020-05-25 03:00'";5;61;5;4;1;good
DEBB021;"'2020-05-25 04:00'";5;62;4;4;1;good
DEBB021;"'2020-05-25 05:00'";6;58;5;5;1;good
DEBB021;"'2020-05-25 06:00'";6;61;5;5;1;good
DEBB021;"'2020-05-25 07:00'";6;60;7;5;1;good
DEBB021;"'2020-05-25 08:00'";6;61;7;5;1;good
DEBB021;"'2020-05-25 09:00'";5;63;8;4;1;good
DEBB021;"'2020-05-25 10:00'";4;72;3;3;1;good
DEBB021;"'2020-05-25 11:00'";4;73;5;2;1;moderate
DEBB021;"'2020-05-25 12:00'";3;71;5;2;1;good
DEBB021;"'2020-05-25 13:00'";3;68;5;3;1;good
DEBB021;"'2020-05-25 14:00'";4;62;7;3;-;good
DEBB021;"'2020-05-25 15:00'";5;63;6;4;1;good
DEBB021;"'2020-05-25 16:00'";7;63;5;5;1;good
DEBB021;"'2020-05-25 17:00'";8;60;6;6;1;good
DEBB021;"'2020-05-25 18:00'";8;63;5;6;1;good
DEBB021;"'2020-05-25 19:00'";8;65;5;6;1;good
DEBB021;"'2020-05-25 20:00'";7;67;5;6;1;good
DEBB021;"'2020-05-25 21:00'";8;63;6;7;1;good
DEBB021;"'2020-05-25 22:00'";8;55;7;6;1;good
DEBB021;"'2020-05-25 23:00'";8;51;8;6;1;good
DEBB021;"'2020-05-25 24:00'";8;48;11;7;1;good
DEBB021;"'2020-05-26 01:00'";8;56;7;7;1;good
DEBB021;"'2020-05-26 02:00'";8;52;7;7;1;good
DEBB021;"'2020-05-26 03:00'";9;42;7;7;1;good
DEBB021;"'2020-05-26 04:00'";9;31;12;7;1;good
DEBB021;"'2020-05-26 05:00'";10;24;15;9;1;good
DEBB021;"'2020-05-26 06:00'";12;25;12;10;1;good
DEBB021;"'2020-05-26 07:00'";13;28;14;11;1;good
DEBB021;"'2020-05-26 08:00'";13;38;12;11;1;good
DEBB021;"'2020-05-26 09:00'";13;58;9;10;1;good
DEBB021;"'2020-05-26 10:00'";9;72;6;7;1;good
DEBB021;"'2020-05-26 11:00'";7;76;5;5;1;moderate
DEBB021;"'2020-05-26 12:00'";6;79;5;5;1;moderate
DEBB021;"'2020-05-26 13:00'";6;83;4;4;1;moderate
DEBB021;"'2020-05-26 14:00'";6;83;5;4;1;moderate
DEBB021;"'2020-05-26 15:00'";6;84;5;4;1;moderate
DEBB021;"'2020-05-26 16:00'";7;85;3;4;1;moderate
DEBB021;"'2020-05-26 17:00'";5;88;3;3;1;moderate
DEBB021;"'2020-05-26 18:00'";6;88;2;3;1;moderate
DEBB021;"'2020-05-26 19:00'";5;89;3;3;1;moderate
DEBB021;"'2020-05-26 20:00'";4;87;3;3;1;moderate
DEBB021;"'2020-05-26 21:00'";5;82;5;3;1;moderate
DEBB021;"'2020-05-26 22:00'";6;69;11;4;1;good
DEBB021;"'2020-05-26 23:00'";6;58;13;4;1;good
DEBB021;"'2020-05-26 24:00'";6;55;12;5;1;good
DEBB021;"'2020-05-27 01:00'";7;48;14;5;1;good
DEBB021;"'2020-05-27 02:00'";7;27;20;6;1;good
DEBB021;"'2020-05-27 03:00'";8;23;21;7;1;good
DEBB021;"'2020-05-27 04:00'";9;19;22;7;1;good
DEBB021;"'2020-05-27 05:00'";8;7;27;6;1;good
DEBB021;"'2020-05-27 06:00'";8;7;24;7;1;good
DEBB021;"'2020-05-27 07:00'";10;9;28;8;1;good
DEBB021;"'2020-05-27 08:00'";13;33;37;8;4;moderate
DEBB021;"'2020-05-27 09:00'";14;58;25;7;7;good
DEBB021;"'2020-05-27 10:00'";8;87;11;5;3;moderate
DEBB021;"'2020-05-27 11:00'";7;93;8;4;1;moderate
DEBB021;"'2020-05-27 12:00'";6;97;5;4;1;moderate
DEBB021;"'2020-05-27 13:00'";8;99;6;5;1;moderate
DEBB021;"'2020-05-27 14:00'";9;104;5;6;1;moderate
DEBB021;"'2020-05-27 15:00'";8;103;6;6;1;moderate
DEBB021;"'2020-05-27 16:00'";9;106;4;6;1;moderate
DEBB021;"'2020-05-27 17:00'";9;106;5;6;1;moderate
DEBB021;"'2020-05-27 18:00'";11;109;5;7;1;moderate
DEBB021;"'2020-05-27 19:00'";11;112;5;8;1;moderate
DEBB021;"'2020-05-27 20:00'";11;116;7;7;1;moderate
DEBB021;"'2020-05-27 21:00'";12;110;9;8;1;moderate
DEBB021;"'2020-05-27 22:00'";12;103;9;8;1;moderate
DEBB021;"'2020-05-27 23:00'";11;97;5;7;1;moderate
DEBB021;"'2020-05-27 24:00'";7;89;2;5;1;moderate
DEBB021;"'2020-05-28 01:00'";6;72;3;4;1;good
DEBB021;"'2020-05-28 02:00'";9;78;2;7;1;moderate
DEBB021;"'2020-05-28 03:00'";9;77;5;6;1;moderate
DEBB021;"'2020-05-28 04:00'";8;71;6;6;1;good
DEBB021;"'2020-05-28 05:00'";8;61;7;6;1;good
DEBB021;"'2020-05-28 06:00'";8;57;9;6;1;good
DEBB021;"'2020-05-28 07:00'";8;54;10;6;1;good
DEBB021;"'2020-05-28 08:00'";10;53;9;7;1;good
DEBB021;"'2020-05-28 09:00'";10;61;6;7;1;good
DEBB021;"'2020-05-28 10:00'";9;66;5;5;1;good
DEBB021;"'2020-05-28 11:00'";8;70;5;5;1;good
DEBB021;"'2020-05-28 12:00'";9;73;4;5;1;moderate
DEBB021;"'2020-05-28 13:00'";7;78;3;4;1;moderate
DEBB021;"'2020-05-28 14:00'";8;80;5;4;1;moderate
DEBB021;"'2020-05-28 15:00'";7;83;4;3;1;moderate
DEBB021;"'2020-05-28 16:00'";8;83;5;3;1;moderate
DEBB021;"'2020-05-28 17:00'";8;84;6;3;1;moderate
DEBB021;"'2020-05-28 18:00'";7;89;4;3;1;moderate
DEBB021;"'2020-05-28 19:00'";8;87;4;3;1;moderate
DEBB021;"'2020-05-28 20:00'";7;87;2;3;1;moderate
DEBB021;"'2020-05-28 21:00'";6;84;2;3;1;moderate
DEBB021;"'2020-05-28 22:00'";5;81;3;3;1;moderate
DEBB021;"'2020-05-28 23:00'";4;78;5;2;1;moderate
DEBB021;"'2020-05-28 24:00'";3;75;4;2;1;moderate
DEBB021;"'2020-05-29 01:00'";3;71;4;2;1;good
DEBB021;"'2020-05-29 02:00'";4;63;9;3;1;good
DEBB021;"'2020-05-29 03:00'";3;62;8;3;2;good
DEBB021;"'2020-05-29 04:00'";4;55;9;3;3;good
DEBB021;"'2020-05-29 05:00'";5;51;11;4;5;good
DEBB021;"'2020-05-29 06:00'";5;50;12;4;10;good
DEBB021;"'2020-05-29 07:00'";5;48;14;4;12;good
DEBB021;"'2020-05-29 08:00'";6;50;15;4;7;good
DEBB021;"'2020-05-29 09:00'";13;56;16;4;4;good
DEBB021;"'2020-05-29 10:00'";10;62;13;3;2;good
DEBB021;"'2020-05-29 11:00'";6;68;13;3;1;good
DEBB021;"'2020-05-29 12:00'";8;74;10;2;3;moderate
DEBB021;"'2020-05-29 13:00'";8;84;6;3;3;moderate
DEBB021;"'2020-05-29 14:00'";5;86;5;2;3;moderate
DEBB021;"'2020-05-29 15:00'";6;86;5;3;4;moderate
DEBB021;"'2020-05-29 16:00'";7;87;5;3;1;moderate
DEBB021;"'2020-05-29 17:00'";6;87;6;2;1;moderate
DEBB021;"'2020-05-29 18:00'";6;87;5;3;1;moderate
DEBB021;"'2020-05-29 19:00'";8;86;5;3;1;moderate
DEBB021;"'2020-05-29 20:00'";8;84;7;4;1;moderate
DEBB021;"'2020-05-29 21:00'";9;81;8;5;1;moderate
DEBB021;"'2020-05-29 22:00'";13;71;14;8;1;good
DEBB021;"'2020-05-29 23:00'";10;79;9;6;1;moderate
DEBB021;"'2020-05-29 24:00'";7;89;6;5;1;moderate
DEBB021;"'2020-05-30 01:00'";7;88;5;5;1;moderate
DEBB021;"'2020-05-30 02:00'";7;83;6;5;1;moderate
DEBB021;"'2020-05-30 03:00'";7;75;7;5;1;moderate
DEBB021;"'2020-05-30 04:00'";6;68;8;5;2;good
DEBB021;"'2020-05-30 05:00'";6;60;10;5;3;good
DEBB021;"'2020-05-30 06:00'";5;55;11;4;3;good
DEBB021;"'2020-05-30 07:00'";6;51;13;4;5;good
DEBB021;"'2020-05-30 08:00'";5;59;8;3;3;good
DEBB021;"'2020-05-30 09:00'";5;66;6;3;4;good
DEBB021;"'2020-05-30 10:00'";4;73;5;2;2;moderate
DEBB021;"'2020-05-30 11:00'";9;79;2;2;1;moderate
DEBB021;"'2020-05-30 12:00'";8;81;5;2;1;moderate
DEBB021;"'2020-05-30 13:00'";6;81;4;2;1;moderate
DEBB021;"'2020-05-30 14:00'";15;84;3;3;1;moderate
DEBB021;"'2020-05-30 15:00'";13;84;2;3;1;moderate
DEBB021;"'2020-05-30 16:00'";11;82;2;2;1;moderate
DEBB021;"'2020-05-30 17:00'";10;84;2;2;1;moderate
DEBB021;"'2020-05-30 18:00'";12;82;2;2;1;moderate
DEBB021;"'2020-05-30 19:00'";10;80;2;3;1;moderate
DEBB021;"'2020-05-30 20:00'";8;80;2;2;1;moderate
DEBB021;"'2020-05-30 21:00'";7;78;2;2;1;moderate
DEBB021;"'2020-05-30 22:00'";6;75;2;3;1;moderate
DEBB021;"'2020-05-30 23:00'";5;74;4;3;1;moderate
DEBB021;"'2020-05-30 24:00'";5;73;3;3;1;moderate
DEBB021;"'2020-05-31 01:00'";5;69;4;3;1;good
DEBB021;"'2020-05-31 02:00'";5;67;4;3;1;good
DEBB021;"'2020-05-31 03:00'";4;66;4;3;1;good
DEBB021;"'2020-05-31 04:00'";4;65;3;3;1;good
DEBB021;"'2020-05-31 05:00'";4;59;5;3;1;good
DEBB021;"'2020-05-31 06:00'";4;56;5;3;1;good
DEBB021;"'2020-05-31 07:00'";3;58;3;3;1;good
DEBB021;"'2020-05-31 08:00'";3;59;2;2;1;good
DEBB021;"'2020-05-31 09:00'";4;62;2;2;1;good
DEBB021;"'2020-05-31 10:00'";4;63;2;2;1;good
DEBB021;"'2020-05-31 11:00'";6;65;2;2;1;good
DEBB021;"'2020-05-31 12:00'";7;69;2;2;1;good
DEBB021;"'2020-05-31 13:00'";8;74;2;3;1;moderate
DEBB021;"'2020-05-31 14:00'";15;82;2;4;1;moderate
DEBB021;"'2020-05-31 15:00'";16;88;2;4;1;moderate
DEBB021;"'2020-05-31 16:00'";14;90;2;3;1;moderate
DEBB021;"'2020-05-31 17:00'";15;89;2;4;1;moderate
DEBB021;"'2020-05-31 18:00'";13;85;2;4;1;moderate
DEBB021;"'2020-05-31 19:00'";15;84;2;4;1;moderate
DEBB021;"'2020-05-31 20:00'";14;83;2;4;1;moderate
DEBB021;"'2020-05-31 21:00'";14;78;2;4;1;moderate
DEBB021;"'2020-05-31 22:00'";11;75;2;3;1;moderate
DEBB021;"'2020-05-31 23:00'";10;72;2;3;1;good
DEBB021;"'2020-05-31 24:00'";9;70;2;3;1;good
DEBB021;"'2020-06-01 01:00'";7;70;2;3;1;good
DEBB021;"'2020-06-01 02:00'";7;67;3;3;1;good
DEBB021;"'2020-06-01 03:00'";6;63;5;4;1;good
DEBB021;"'2020-06-01 04:00'";5;60;6;4;1;good
DEBB021;"'2020-06-01 05:00'";6;55;8;4;2;good
DEBB021;"'2020-06-01 06:00'";6;54;7;4;2;good
DEBB021;"'2020-06-01 07:00'";6;52;8;5;4;good
DEBB021;"'2020-06-01 08:00'";7;53;9;5;5;good
DEBB021;"'2020-06-01 09:00'";9;58;7;5;5;good
DEBB021;"'2020-06-01 10:00'";10;59;8;5;6;good
DEBB021;"'2020-06-01 11:00'";12;71;3;5;3;good
DEBB021;"'2020-06-01 12:00'";14;78;5;4;3;moderate
DEBB021;"'2020-06-01 13:00'";14;83;4;3;3;moderate
DEBB021;"'2020-06-01 14:00'";11;86;3;3;2;moderate
DEBB021;"'2020-06-01 15:00'";11;93;3;3;1;moderate
DEBB021;"'2020-06-01 16:00'";11;99;3;2;1;moderate
DEBB021;"'2020-06-01 17:00'";9;101;4;2;2;moderate
DEBB021;"'2020-06-01 18:00'";12;94;5;3;2;moderate
DEBB021;"'2020-06-01 19:00'";10;88;5;2;1;moderate
DEBB021;"'2020-06-01 20:00'";14;90;5;3;3;moderate
DEBB021;"'2020-06-01 21:00'";12;84;6;3;3;moderate
DEBB021;"'2020-06-01 22:00'";10;75;8;3;4;moderate
DEBB021;"'2020-06-01 23:00'";9;70;9;3;4;good
DEBB021;"'2020-06-01 24:00'";10;68;7;3;2;good
DEBB021;"'2020-06-02 01:00'";6;66;6;2;1;good
DEBB021;"'2020-06-02 02:00'";5;63;7;2;1;good
DEBB021;"'2020-06-02 03:00'";5;60;9;2;1;good
DEBB021;"'2020-06-02 04:00'";4;63;6;2;1;good
DEBB021;"'2020-06-02 05:00'";5;61;6;2;1;good
DEBB021;"'2020-06-02 06:00'";5;49;13;3;1;good
DEBB021;"'2020-06-02 07:00'";6;43;19;3;1;good
DEBB021;"'2020-06-02 08:00'";8;53;16;3;1;good
DEBB021;"'2020-06-02 09:00'";10;64;12;3;1;good
DEBB021;"'2020-06-02 10:00'";9;79;7;2;1;moderate
DEBB021;"'2020-06-02 11:00'";12;85;7;3;1;moderate
DEBB021;"'2020-06-02 12:00'";12;93;5;3;1;moderate
DEBB021;"'2020-06-02 13:00'";9;94;5;3;1;moderate
DEBB021;"'2020-06-02 14:00'";10;93;4;3;1;moderate
DEBB021;"'2020-06-02 15:00'";9;88;3;3;1;moderate
DEBB021;"'2020-06-02 16:00'";9;83;4;2;1;moderate
DEBB021;"'2020-06-02 17:00'";12;81;3;3;1;moderate
DEBB021;"'2020-06-02 18:00'";11;86;3;3;1;moderate
DEBB021;"'2020-06-02 19:00'";8;89;2;2;1;moderate
DEBB021;"'2020-06-02 20:00'";7;88;2;2;1;moderate
DEBB021;"'2020-06-02 21:00'";8;84;5;2;1;moderate
DEBB021;"'2020-06-02 22:00'";8;80;6;3;1;moderate
DEBB021;"'2020-06-02 23:00'";7;76;6;3;1;moderate
DEBB021;"'2020-06-02 24:00'";8;71;6;3;1;good
DEBB021;"'2020-06-03 01:00'";8;67;6;3;1;good
DEBB021;"'2020-06-03 02:00'";8;64;6;4;1;good
DEBB021;"'2020-06-03 03:00'";9;56;8;4;1;good
DEBB021;"'2020-06-03 04:00'";8;50;11;5;1;good
DEBB021;"'2020-06-03 05:00'";8;40;11;5;1;good
DEBB021;"'2020-06-03 06:00'";10;42;16;7;1;good
DEBB021;"'2020-06-03 07:00'";12;47;19;7;1;good
DEBB021;"'2020-06-03 08:00'";15;58;16;6;1;good
DEBB021;"'2020-06-03 09:00'";15;67;13;5;1;good
DEBB021;"'2020-06-03 10:00'";11;69;13;5;1;good
DEBB021;"'2020-06-03 11:00'";8;77;10;4;1;moderate
DEBB021;"'2020-06-03 12:00'";10;79;14;4;2;moderate
DEBB021;"'2020-06-03 13:00'";11;91;11;3;1;moderate
DEBB021;"'2020-06-03 14:00'";12;103;8;4;1;moderate
DEBB021;"'2020-06-03 15:00'";12;110;7;4;1;moderate
DEBB021;"'2020-06-03 16:00'";11;110;7;3;1;moderate
DEBB021;"'2020-06-03 17:00'";13;111;7;4;1;moderate
DEBB021;"'2020-06-03 18:00'";16;108;7;4;1;moderate
DEBB021;"'2020-06-03 19:00'";18;100;8;4;1;moderate
DEBB021;"'2020-06-03 20:00'";24;96;8;5;1;moderate
DEBB021;"'2020-06-03 21:00'";37;99;7;6;1;moderate
DEBB021;"'2020-06-03 22:00'";11;100;7;6;1;moderate
DEBB021;"'2020-06-03 23:00'";9;95;7;5;1;moderate
DEBB021;"'2020-06-03 24:00'";8;94;5;4;1;moderate
DEBB021;"'2020-06-04 01:00'";10;81;8;5;1;moderate
DEBB021;"'2020-06-04 02:00'";9;72;11;5;1;good
DEBB021;"'2020-06-04 03:00'";10;65;12;6;1;good
DEBB021;"'2020-06-04 04:00'";12;56;15;7;1;good
DEBB021;"'2020-06-04 05:00'";14;48;17;9;1;good
DEBB021;"'2020-06-04 06:00'";16;41;19;12;1;good
DEBB021;"'2020-06-04 07:00'";16;38;25;11;1;good
DEBB021;"'2020-06-04 08:00'";23;50;22;11;1;good
DEBB021;"'2020-06-04 09:00'";26;63;19;10;1;good
DEBB021;"'2020-06-04 10:00'";32;70;17;9;1;moderate
DEBB021;"'2020-06-04 11:00'";28;89;9;9;1;moderate
DEBB021;"'2020-06-04 12:00'";21;101;8;6;1;moderate
DEBB021;"'2020-06-04 13:00'";25;107;8;6;2;moderate
DEBB021;"'2020-06-04 14:00'";30;115;7;6;1;moderate
DEBB021;"'2020-06-04 15:00'";25;112;7;5;1;moderate
DEBB021;"'2020-06-04 16:00'";23;107;10;6;1;moderate
DEBB021;"'2020-06-04 17:00'";14;100;11;7;1;moderate
DEBB021;"'2020-06-04 18:00'";14;88;13;9;1;moderate
DEBB021;"'2020-06-04 19:00'";21;88;9;12;1;moderate
DEBB021;"'2020-06-04 20:00'";13;95;8;10;1;moderate
DEBB021;"'2020-06-04 21:00'";16;82;9;13;1;moderate
DEBB021;"'2020-06-04 22:00'";19;68;10;15;1;good
DEBB021;"'2020-06-04 23:00'";18;67;9;15;1;good
DEBB021;"'2020-06-04 24:00'";18;73;8;16;1;moderate
DEBB021;"'2020-06-05 01:00'";12;86;6;10;1;moderate
DEBB021;"'2020-06-05 02:00'";14;78;7;12;1;moderate
DEBB021;"'2020-06-05 03:00'";17;69;8;15;1;good
DEBB021;"'2020-06-05 04:00'";19;64;7;16;1;moderate
DEBB021;"'2020-06-05 05:00'";13;68;6;11;1;good
DEBB021;"'2020-06-05 06:00'";10;70;5;8;1;good
DEBB021;"'2020-06-05 07:00'";10;65;9;8;1;good
DEBB021;"'2020-06-05 08:00'";11;61;9;9;1;good
DEBB021;"'2020-06-05 09:00'";3;76;9;3;1;moderate
DEBB021;"'2020-06-05 10:00'";3;74;7;3;1;moderate
DEBB021;"'2020-06-05 11:00'";5;78;6;3;1;moderate
DEBB021;"'2020-06-05 12:00'";6;81;6;4;1;moderate
DEBB021;"'2020-06-05 13:00'";6;84;6;4;1;moderate
DEBB021;"'2020-06-05 14:00'";5;84;7;4;1;moderate
DEBB021;"'2020-06-05 15:00'";4;75;8;3;1;moderate
DEBB021;"'2020-06-05 16:00'";5;78;6;3;1;moderate
DEBB021;"'2020-06-05 17:00'";7;83;6;4;1;moderate
DEBB021;"'2020-06-05 18:00'";7;86;5;4;1;moderate
DEBB021;"'2020-06-05 19:00'";8;88;5;4;1;moderate
DEBB021;"'2020-06-05 20:00'";4;83;7;3;1;moderate
DEBB021;"'2020-06-05 21:00'";5;75;9;3;1;moderate
DEBB021;"'2020-06-05 22:00'";6;78;6;4;1;moderate
DEBB021;"'2020-06-05 23:00'";6;68;6;5;1;good
DEBB021;"'2020-06-05 24:00'";7;65;6;5;1;good
DEBB021;"'2020-06-06 01:00'";4;66;5;3;1;good
DEBB021;"'2020-06-06 02:00'";3;73;4;2;1;moderate
DEBB021;"'2020-06-06 03:00'";3;71;3;2;1;good
DEBB021;"'2020-06-06 04:00'";2;69;2;1;1;good
DEBB021;"'2020-06-06 05:00'";2;67;2;1;1;good
DEBB021;"'2020-06-06 06:00'";2;61;3;1;1;good
DEBB021;"'2020-06-06 07:00'";4;55;7;3;1;good
DEBB021;"'2020-06-06 08:00'";6;57;6;5;1;good
DEBB021;"'2020-06-06 09:00'";6;63;5;4;1;good
DEBB021;"'2020-06-06 10:00'";6;68;5;4;1;good
DEBB021;"'2020-06-06 11:00'";5;73;5;3;1;moderate
DEBB021;"'2020-06-06 12:00'";5;77;4;3;1;moderate
DEBB021;"'2020-06-06 13:00'";6;81;5;2;1;moderate
DEBB021;"'2020-06-06 14:00'";6;85;6;3;1;moderate
DEBB021;"'2020-06-06 15:00'";6;87;5;3;1;moderate
DEBB021;"'2020-06-06 16:00'";8;84;5;4;1;moderate
DEBB021;"'2020-06-06 17:00'";6;87;5;3;1;moderate
DEBB021;"'2020-06-06 18:00'";6;87;5;3;1;moderate
DEBB021;"'2020-06-06 19:00'";7;72;12;5;1;good
DEBB021;"'2020-06-06 20:00'";4;73;7;3;1;moderate
DEBB021;"'2020-06-06 21:00'";3;72;8;2;1;good
DEBB021;"'2020-06-06 22:00'";3;70;7;2;1;good
DEBB021;"'2020-06-06 23:00'";5;59;10;4;1;good
DEBB021;"'2020-06-06 24:00'";8;48;11;7;1;good
DEBB021;"'2020-06-07 01:00'";8;43;11;7;1;good
DEBB021;"'2020-06-07 02:00'";6;40;10;6;1;good
DEBB021;"'2020-06-07 03:00'";6;38;10;5;1;good
DEBB021;"'2020-06-07 04:00'";6;37;10;5;1;good
DEBB021;"'2020-06-07 05:00'";6;35;9;5;1;good
DEBB021;"'2020-06-07 06:00'";6;32;9;5;1;good
DEBB021;"'2020-06-07 07:00'";7;30;10;5;1;good
DEBB021;"'2020-06-07 08:00'";7;31;9;5;1;good
DEBB021;"'2020-06-07 09:00'";6;35;7;5;1;good
DEBB021;"'2020-06-07 10:00'";7;35;8;5;1;good
DEBB021;"'2020-06-07 11:00'";7;35;8;5;1;good
DEBB021;"'2020-06-07 12:00'";6;42;7;5;1;good
DEBB021;"'2020-06-07 13:00'";5;67;5;3;1;good
DEBB021;"'2020-06-07 14:00'";4;86;3;3;1;moderate
DEBB021;"'2020-06-07 15:00'";4;87;5;3;1;moderate
DEBB021;"'2020-06-07 16:00'";5;85;6;3;1;moderate
DEBB021;"'2020-06-07 17:00'";6;82;6;4;1;moderate
DEBB021;"'2020-06-07 18:00'";6;80;8;3;1;moderate
DEBB021;"'2020-06-07 19:00'";7;77;7;4;1;moderate
DEBB021;"'2020-06-07 20:00'";7;75;7;4;1;moderate
DEBB021;"'2020-06-07 21:00'";7;69;9;4;1;good
DEBB021;"'2020-06-07 22:00'";8;64;11;5;1;good
DEBB021;"'2020-06-07 23:00'";10;57;15;8;1;good
DEBB021;"'2020-06-07 24:00'";9;61;12;7;1;good
DEBB021;"'2020-06-08 01:00'";7;68;8;5;1;good
DEBB021;"'2020-06-08 02:00'";6;64;10;4;1;good
DEBB021;"'2020-06-08 03:00'";6;63;7;5;1;good
DEBB021;"'2020-06-08 04:00'";6;54;9;5;1;good
DEBB021;"'2020-06-08 05:00'";6;36;11;5;1;good
DEBB021;"'2020-06-08 06:00'";7;29;23;6;1;good
DEBB021;"'2020-06-08 07:00'";8;39;21;7;1;good
DEBB021;"'2020-06-08 08:00'";9;39;23;6;1;good
DEBB021;"'2020-06-08 09:00'";8;55;15;5;1;good
DEBB021;"'2020-06-08 10:00'";6;76;6;4;1;moderate
DEBB021;"'2020-06-08 11:00'";6;87;4;4;1;moderate
DEBB021;"'2020-06-08 12:00'";8;92;5;6;1;moderate
DEBB021;"'2020-06-08 13:00'";8;97;-;5;1;moderate
DEBB021;"'2020-06-08 14:00'";7;99;5;4;1;moderate
DEBB021;"'2020-06-08 15:00'";7;101;5;4;1;moderate
DEBB021;"'2020-06-08 16:00'";7;103;5;4;1;moderate
DEBB021;"'2020-06-08 17:00'";7;104;5;4;1;moderate
DEBB021;"'2020-06-08 18:00'";8;105;5;4;1;moderate
DEBB021;"'2020-06-08 19:00'";7;108;5;5;1;moderate
DEBB021;"'2020-06-08 20:00'";8;104;6;5;1;moderate
DEBB021;"'2020-06-08 21:00'";9;93;9;6;1;moderate
DEBB021;"'2020-06-08 22:00'";10;80;13;6;1;moderate
DEBB021;"'2020-06-08 23:00'";9;76;11;5;1;moderate
DEBB021;"'2020-06-08 24:00'";8;74;10;5;1;moderate
DEBB021;"'2020-06-09 01:00'";8;68;11;6;1;good
DEBB021;"'2020-06-09 02:00'";7;66;11;6;1;good
DEBB021;"'2020-06-09 03:00'";7;65;10;5;1;good
DEBB021;"'2020-06-09 04:00'";7;61;10;6;1;good
DEBB021;"'2020-06-09 05:00'";8;57;11;7;1;good
DEBB021;"'2020-06-09 06:00'";9;50;14;8;1;good
DEBB021;"'2020-06-09 07:00'";11;46;18;8;2;good
DEBB021;"'2020-06-09 08:00'";12;38;24;9;5;good
DEBB021;"'2020-06-09 09:00'";14;37;25;8;4;good
DEBB021;"'2020-06-09 10:00'";15;44;26;7;2;good
DEBB021;"'2020-06-09 11:00'";10;61;20;5;1;good
DEBB021;"'2020-06-09 12:00'";10;79;14;5;1;moderate
DEBB021;"'2020-06-09 13:00'";11;93;9;5;1;moderate
DEBB021;"'2020-06-09 14:00'";9;96;9;4;1;moderate
DEBB021;"'2020-06-09 15:00'";8;94;9;4;1;moderate
DEBB021;"'2020-06-09 16:00'";8;94;8;3;1;moderate
DEBB021;"'2020-06-09 17:00'";12;93;9;4;1;moderate
DEBB021;"'2020-06-09 18:00'";7;94;7;4;1;moderate
DEBB021;"'2020-06-09 19:00'";8;93;7;4;1;moderate
DEBB021;"'2020-06-09 20:00'";6;91;8;3;1;moderate
DEBB021;"'2020-06-09 21:00'";8;97;6;3;1;moderate
DEBB021;"'2020-06-09 22:00'";7;97;5;3;1;moderate
DEBB021;"'2020-06-09 23:00'";5;96;4;3;1;moderate
DEBB021;"'2020-06-09 24:00'";4;94;2;3;1;moderate
DEBB021;"'2020-06-10 01:00'";4;93;3;3;1;moderate
DEBB021;"'2020-06-10 02:00'";4;94;2;3;1;moderate
DEBB021;"'2020-06-10 03:00'";4;93;2;3;1;moderate
DEBB021;"'2020-06-10 04:00'";5;87;4;4;1;moderate
DEBB021;"'2020-06-10 05:00'";7;80;6;6;1;moderate
DEBB021;"'2020-06-10 06:00'";9;73;8;7;1;moderate
DEBB021;"'2020-06-10 07:00'";9;71;8;7;1;good
DEBB021;"'2020-06-10 08:00'";10;68;12;8;1;good
DEBB021;"'2020-06-10 09:00'";12;65;14;9;1;good
DEBB021;"'2020-06-10 10:00'";15;68;15;9;1;good
DEBB021;"'2020-06-10 11:00'";15;77;13;7;1;moderate
DEBB021;"'2020-06-10 12:00'";11;88;-;6;1;moderate
DEBB021;"'2020-06-10 13:00'";11;99;8;5;1;moderate
DEBB021;"'2020-06-10 14:00'";10;111;6;5;1;moderate
DEBB021;"'2020-06-10 15:00'";8;111;5;3;1;moderate
DEBB021;"'2020-06-10 16:00'";9;107;6;3;1;moderate
DEBB021;"'2020-06-10 17:00'";8;102;6;3;1;moderate
DEBB021;"'2020-06-10 18:00'";11;102;6;3;1;moderate
DEBB021;"'2020-06-10 19:00'";9;102;4;3;1;moderate
DEBB021;"'2020-06-10 20:00'";8;98;4;4;1;moderate
DEBB021;"'2020-06-10 21:00'";8;93;5;5;1;moderate
DEBB021;"'2020-06-10 22:00'";8;90;4;5;1;moderate
DEBB021;"'2020-06-10 23:00'";9;83;6;6;1;moderate
DEBB021;"'2020-06-10 24:00'";8;80;5;6;1;moderate
DEBB021;"'2020-06-11 01:00'";8;78;5;7;1;moderate
DEBB021;"'2020-06-11 02:00'";11;76;4;9;1;moderate
DEBB021;"'2020-06-11 03:00'";11;72;3;9;1;good
DEBB021;"'2020-06-11 04:00'";9;67;2;8;1;good
DEBB021;"'2020-06-11 05:00'";10;58;3;9;1;good
DEBB021;"'2020-06-11 06:00'";13;49;6;11;1;good
DEBB021;"'2020-06-11 07:00'";14;40;10;13;1;good
DEBB021;"'2020-06-11 08:00'";14;28;14;13;1;good
DEBB021;"'2020-06-11 09:00'";18;27;19;16;1;moderate
DEBB021;"'2020-06-11 10:00'";23;31;18;20;1;moderate
DEBB021;"'2020-06-11 11:00'";27;32;19;23;1;moderate
DEBB021;"'2020-06-11 12:00'";28;33;21;24;1;moderate
DEBB021;"'2020-06-11 13:00'";27;32;22;23;1;moderate
DEBB021;"'2020-06-11 14:00'";25;37;18;22;1;moderate
DEBB021;"'2020-06-11 15:00'";30;38;18;24;1;moderate
DEBB021;"'2020-06-11 16:00'";29;46;15;23;1;moderate
DEBB021;"'2020-06-11 17:00'";26;49;13;20;1;moderate
DEBB021;"'2020-06-11 18:00'";25;56;11;20;1;moderate
DEBB021;"'2020-06-11 19:00'";21;64;7;17;1;moderate
DEBB021;"'2020-06-11 20:00'";20;68;7;17;1;moderate
DEBB021;"'2020-06-11 21:00'";23;61;9;19;1;moderate
DEBB021;"'2020-06-11 22:00'";23;47;12;19;1;moderate
DEBB021;"'2020-06-11 23:00'";22;42;12;18;1;moderate
DEBB021;"'2020-06-11 24:00'";17;46;7;14;1;good
DEBB021;"'2020-06-12 01:00'";17;49;7;13;1;good
DEBB021;"'2020-06-12 02:00'";19;52;6;15;1;good
DEBB021;"'2020-06-12 03:00'";19;55;7;16;1;moderate
DEBB021;"'2020-06-12 04:00'";19;52;7;16;1;moderate
DEBB021;"'2020-06-12 05:00'";18;48;7;15;1;good
DEBB021;"'2020-06-12 06:00'";19;48;8;14;1;good
DEBB021;"'2020-06-12 07:00'";16;43;9;13;1;good
DEBB021;"'2020-06-12 08:00'";17;39;10;15;1;good
DEBB021;"'2020-06-12 09:00'";17;35;13;15;1;good
DEBB021;"'2020-06-12 10:00'";20;32;15;17;1;moderate
DEBB021;"'2020-06-12 11:00'";15;36;17;12;1;good
DEBB021;"'2020-06-12 12:00'";15;51;19;11;1;good
DEBB021;"'2020-06-12 13:00'";16;83;13;12;1;moderate
DEBB021;"'2020-06-12 14:00'";16;104;12;12;1;moderate
DEBB021;"'2020-06-12 15:00'";16;110;12;11;1;moderate
DEBB021;"'2020-06-12 16:00'";17;96;15;12;1;moderate
DEBB021;"'2020-06-12 17:00'";13;101;9;10;1;moderate
DEBB021;"'2020-06-12 18:00'";13;99;11;10;1;moderate
DEBB021;"'2020-06-12 19:00'";12;96;10;9;1;moderate
DEBB021;"'2020-06-12 20:00'";12;96;9;9;1;moderate
DEBB021;"'2020-06-12 21:00'";13;103;8;10;1;moderate
DEBB021;"'2020-06-12 22:00'";14;97;8;10;1;moderate
DEBB021;"'2020-06-12 23:00'";15;85;7;11;1;moderate
DEBB021;"'2020-06-12 24:00'";16;75;7;12;1;moderate
DEBB021;"'2020-06-13 01:00'";18;69;8;14;1;good
DEBB021;"'2020-06-13 02:00'";19;62;9;15;1;good
DEBB021;"'2020-06-13 03:00'";19;55;9;16;1;moderate
DEBB021;"'2020-06-13 04:00'";19;49;9;16;1;moderate
DEBB021;"'2020-06-13 05:00'";19;43;9;17;1;moderate
DEBB021;"'2020-06-13 06:00'";20;38;9;17;1;moderate
DEBB021;"'2020-06-13 07:00'";21;37;10;18;1;moderate
DEBB021;"'2020-06-13 08:00'";21;39;10;18;1;moderate
DEBB021;"'2020-06-13 09:00'";23;43;11;19;1;moderate
DEBB021;"'2020-06-13 10:00'";23;49;11;19;1;moderate
DEBB021;"'2020-06-13 11:00'";23;72;9;18;1;moderate
DEBB021;"'2020-06-13 12:00'";23;109;9;17;1;moderate
DEBB021;"'2020-06-13 13:00'";24;141;9;16;1;moderate
DEBB021;"'2020-06-13 14:00'";25;148;8;16;1;poor
DEBB021;"'2020-06-13 15:00'";27;121;11;16;1;moderate
DEBB021;"'2020-06-13 16:00'";22;97;16;15;1;moderate
DEBB021;"'2020-06-13 17:00'";15;104;6;10;1;moderate
DEBB021;"'2020-06-13 18:00'";18;101;6;12;1;moderate
DEBB021;"'2020-06-13 19:00'";18;90;9;13;1;moderate
DEBB021;"'2020-06-13 20:00'";19;95;7;14;1;moderate
DEBB021;"'2020-06-13 21:00'";17;96;6;14;1;moderate
DEBB021;"'2020-06-13 22:00'";15;93;8;12;1;moderate
DEBB021;"'2020-06-13 23:00'";15;84;9;12;1;moderate
DEBB021;"'2020-06-13 24:00'";16;74;7;12;1;moderate
DEBB021;"'2020-06-14 01:00'";18;65;7;13;1;good
DEBB021;"'2020-06-14 02:00'";18;76;5;13;1;moderate
DEBB021;"'2020-06-14 03:00'";17;68;6;12;1;good
DEBB021;"'2020-06-14 04:00'";22;59;8;16;1;moderate
DEBB021;"'2020-06-14 05:00'";19;56;5;15;1;good
DEBB021;"'2020-06-14 06:00'";16;44;5;12;1;good
DEBB021;"'2020-06-14 07:00'";25;38;5;18;1;moderate
DEBB021;"'2020-06-14 08:00'";23;39;6;16;1;moderate
DEBB021;"'2020-06-14 09:00'";21;42;6;15;1;good
DEBB021;"'2020-06-14 10:00'";22;42;6;17;1;moderate
DEBB021;"'2020-06-14 11:00'";22;45;6;16;1;moderate
DEBB021;"'2020-06-14 12:00'";21;56;5;14;1;good
DEBB021;"'2020-06-14 13:00'";20;69;5;12;1;good
DEBB021;"'2020-06-14 14:00'";16;79;4;10;1;moderate
DEBB021;"'2020-06-14 15:00'";15;80;5;9;1;moderate
DEBB021;"'2020-06-14 16:00'";13;90;4;8;1;moderate
DEBB021;"'2020-06-14 17:00'";13;95;3;8;1;moderate
DEBB021;"'2020-06-14 18:00'";11;103;5;7;1;moderate
DEBB021;"'2020-06-14 19:00'";11;102;6;7;1;moderate
DEBB021;"'2020-06-14 20:00'";10;97;7;6;1;moderate
DEBB021;"'2020-06-14 21:00'";11;89;9;6;1;moderate
DEBB021;"'2020-06-14 22:00'";12;75;14;7;1;moderate
DEBB021;"'2020-06-14 23:00'";14;69;9;8;1;good
DEBB021;"'2020-06-14 24:00'";16;65;6;8;1;good
DEBB021;"'2020-06-15 01:00'";16;61;6;8;1;good
DEBB021;"'2020-06-15 02:00'";15;56;7;8;1;good
DEBB021;"'2020-06-15 03:00'";14;52;9;9;1;good
DEBB021;"'2020-06-15 04:00'";13;51;11;8;1;good
DEBB021;"'2020-06-15 05:00'";12;51;11;8;1;good
DEBB021;"'2020-06-15 06:00'";12;45;15;9;1;good
DEBB021;"'2020-06-15 07:00'";14;46;17;9;1;good
DEBB021;"'2020-06-15 08:00'";15;48;15;8;1;good
DEBB021;"'2020-06-15 09:00'";15;55;13;7;1;good
DEBB021;"'2020-06-15 10:00'";15;61;17;7;3;good
DEBB021;"'2020-06-15 11:00'";15;79;11;7;1;moderate
DEBB021;"'2020-06-15 12:00'";14;92;7;7;1;moderate
DEBB021;"'2020-06-15 13:00'";13;96;7;6;1;moderate
DEBB021;"'2020-06-15 14:00'";13;95;5;6;1;moderate
DEBB021;"'2020-06-15 15:00'";11;96;5;5;1;moderate
DEBB021;"'2020-06-15 16:00'";10;100;5;4;1;moderate
DEBB021;"'2020-06-15 17:00'";9;104;5;4;1;moderate
DEBB021;"'2020-06-15 18:00'";9;109;4;4;1;moderate
DEBB021;"'2020-06-15 19:00'";10;104;5;5;1;moderate
DEBB021;"'2020-06-15 20:00'";11;98;6;5;1;moderate
DEBB021;"'2020-06-15 21:00'";10;93;6;5;1;moderate
DEBB021;"'2020-06-15 22:00'";10;86;6;6;1;moderate
DEBB021;"'2020-06-15 23:00'";11;79;7;6;1;moderate
DEBB021;"'2020-06-15 24:00'";11;69;9;6;1;good
DEBB021;"'2020-06-16 01:00'";11;63;9;6;1;good
DEBB021;"'2020-06-16 02:00'";10;57;10;6;1;good
DEBB021;"'2020-06-16 03:00'";10;55;10;6;1;good
DEBB021;"'2020-06-16 04:00'";10;42;13;7;1;good
DEBB021;"'2020-06-16 05:00'";11;35;15;8;1;good
DEBB021;"'2020-06-16 06:00'";11;19;22;8;1;good
DEBB021;"'2020-06-16 07:00'";11;34;15;8;1;good
DEBB021;"'2020-06-16 08:00'";14;50;14;8;1;good
DEBB021;"'2020-06-16 09:00'";16;57;17;7;1;good
DEBB021;"'2020-06-16 10:00'";14;71;15;6;1;good
DEBB021;"'2020-06-16 11:00'";11;88;12;5;1;moderate
DEBB021;"'2020-06-16 12:00'";11;104;7;5;1;moderate
DEBB021;"'2020-06-16 13:00'";13;112;5;6;1;moderate
DEBB021;"'2020-06-16 14:00'";12;117;4;6;1;moderate
DEBB021;"'2020-06-16 15:00'";11;120;3;6;1;moderate
DEBB021;"'2020-06-16 16:00'";12;120;4;6;1;moderate
DEBB021;"'2020-06-16 17:00'";13;120;5;6;1;moderate
DEBB021;"'2020-06-16 18:00'";14;123;4;7;1;moderate
DEBB021;"'2020-06-16 19:00'";12;127;4;7;1;moderate
DEBB021;"'2020-06-16 20:00'";11;130;3;7;1;moderate
DEBB021;"'2020-06-16 21:00'";16;124;5;7;1;moderate
DEBB021;"'2020-06-16 22:00'";54;102;10;10;1;moderate
DEBB021;"'2020-06-16 23:00'";21;66;25;12;1;good
DEBB021;"'2020-06-16 24:00'";20;45;28;14;1;good
DEBB021;"'2020-06-17 01:00'";21;40;25;16;1;moderate
DEBB021;"'2020-06-17 02:00'";21;38;23;16;1;moderate
DEBB021;"'2020-06-17 03:00'";19;48;18;15;1;good
DEBB021;"'2020-06-17 04:00'";18;42;15;14;1;good
DEBB021;"'2020-06-17 05:00'";18;31;15;15;1;good
DEBB021;"'2020-06-17 06:00'";19;26;17;16;1;moderate
DEBB021;"'2020-06-17 07:00'";20;31;19;16;1;moderate
DEBB021;"'2020-06-17 08:00'";18;44;24;12;1;good
DEBB021;"'2020-06-17 09:00'";16;64;24;9;2;good
DEBB021;"'2020-06-17 10:00'";14;88;19;8;3;moderate
DEBB021;"'2020-06-17 11:00'";12;116;12;6;1;moderate
DEBB021;"'2020-06-17 12:00'";13;130;10;6;1;moderate
DEBB021;"'2020-06-17 13:00'";12;135;10;6;1;moderate
DEBB021;"'2020-06-17 14:00'";14;142;8;6;1;moderate
DEBB021;"'2020-06-17 15:00'";13;146;7;6;1;poor
DEBB021;"'2020-06-17 16:00'";12;147;6;6;1;poor
DEBB021;"'2020-06-17 17:00'";13;144;7;6;1;moderate
DEBB021;"'2020-06-17 18:00'";14;143;7;6;1;moderate
DEBB021;"'2020-06-17 19:00'";13;136;7;5;1;moderate
DEBB021;"'2020-06-17 20:00'";19;125;7;6;1;moderate
DEBB021;"'2020-06-17 21:00'";14;114;10;7;1;moderate
DEBB021;"'2020-06-17 22:00'";16;105;11;8;1;moderate
DEBB021;"'2020-06-17 23:00'";16;108;10;9;4;moderate
DEBB021;"'2020-06-17 24:00'";17;111;6;9;4;moderate
DEBB021;"'2020-06-18 01:00'";16;105;5;9;3;moderate
DEBB021;"'2020-06-18 02:00'";16;100;6;10;3;moderate
DEBB021;"'2020-06-18 03:00'";16;95;6;10;4;moderate
DEBB021;"'2020-06-18 04:00'";17;91;6;11;4;moderate
DEBB021;"'2020-06-18 05:00'";18;85;8;12;3;moderate
DEBB021;"'2020-06-18 06:00'";18;81;9;12;3;moderate
DEBB021;"'2020-06-18 07:00'";18;77;13;12;3;moderate
DEBB021;"'2020-06-18 08:00'";21;67;18;13;3;good
DEBB021;"'2020-06-18 09:00'";24;58;27;14;4;good
DEBB021;"'2020-06-18 10:00'";26;59;28;14;4;good
DEBB021;"'2020-06-18 11:00'";27;60;27;15;5;good
DEBB021;"'2020-06-18 12:00'";32;62;28;16;6;moderate
DEBB021;"'2020-06-18 13:00'";33;70;26;16;7;moderate
DEBB021;"'2020-06-18 14:00'";32;106;16;14;6;moderate
DEBB021;"'2020-06-18 15:00'";24;114;11;14;5;moderate
DEBB021;"'2020-06-18 16:00'";23;106;14;15;4;moderate
DEBB021;"'2020-06-18 17:00'";19;91;18;15;1;moderate
DEBB021;"'2020-06-18 18:00'";18;95;14;16;1;moderate
DEBB021;"'2020-06-18 19:00'";18;96;14;15;1;moderate
DEBB021;"'2020-06-18 20:00'";21;76;14;17;1;moderate
DEBB021;"'2020-06-18 21:00'";27;66;14;22;1;moderate
DEBB021;"'2020-06-18 22:00'";23;76;9;19;1;moderate
DEBB021;"'2020-06-18 23:00'";16;81;7;14;1;moderate
DEBB021;"'2020-06-18 24:00'";17;73;6;14;1;moderate
DEBB021;"'2020-06-19 01:00'";19;60;7;15;1;good
DEBB021;"'2020-06-19 02:00'";21;60;6;17;1;moderate
DEBB021;"'2020-06-19 03:00'";24;67;5;19;1;moderate
DEBB021;"'2020-06-19 04:00'";19;65;5;14;1;good
DEBB021;"'2020-06-19 05:00'";14;68;5;10;1;good
DEBB021;"'2020-06-19 06:00'";13;63;6;10;1;good
DEBB021;"'2020-06-19 07:00'";14;62;9;10;1;good
DEBB021;"'2020-06-19 08:00'";14;70;10;10;1;good
DEBB021;"'2020-06-19 09:00'";18;77;9;13;1;moderate
DEBB021;"'2020-06-19 10:00'";17;67;10;14;1;good
DEBB021;"'2020-06-19 11:00'";13;59;8;11;1;good
DEBB021;"'2020-06-19 12:00'";12;72;7;10;1;good
DEBB021;"'2020-06-19 13:00'";14;83;6;10;1;moderate
DEBB021;"'2020-06-19 14:00'";17;79;8;11;1;moderate
DEBB021;"'2020-06-19 15:00'";17;74;11;13;1;moderate
DEBB021;"'2020-06-19 16:00'";15;73;12;11;1;moderate
DEBB021;"'2020-06-19 17:00'";13;78;9;11;1;moderate
DEBB021;"'2020-06-19 18:00'";12;80;7;10;1;moderate
DEBB021;"'2020-06-19 19:00'";15;74;9;12;1;moderate
DEBB021;"'2020-06-19 20:00'";14;77;6;12;1;moderate
DEBB021;"'2020-06-19 21:00'";15;79;6;13;1;moderate
DEBB021;"'2020-06-19 22:00'";16;76;7;14;1;moderate
DEBB021;"'2020-06-19 23:00'";17;72;8;14;1;good
DEBB021;"'2020-06-19 24:00'";14;75;6;12;1;moderate
DEBB021;"'2020-06-20 01:00'";13;73;6;11;1;moderate
DEBB021;"'2020-06-20 02:00'";15;69;6;13;1;good
DEBB021;"'2020-06-20 03:00'";15;65;7;12;1;good
DEBB021;"'2020-06-20 04:00'";10;68;7;8;1;good
DEBB021;"'2020-06-20 05:00'";9;72;7;7;1;good
DEBB021;"'2020-06-20 06:00'";9;70;8;7;1;good
DEBB021;"'2020-06-20 07:00'";8;68;8;6;1;good
DEBB021;"'2020-06-20 08:00'";6;82;6;5;1;moderate
DEBB021;"'2020-06-20 09:00'";6;85;4;4;1;moderate
DEBB021;"'2020-06-20 10:00'";6;81;5;4;1;moderate
DEBB021;"'2020-06-20 11:00'";8;86;3;4;1;moderate
DEBB021;"'2020-06-20 12:00'";7;91;2;3;1;moderate
DEBB021;"'2020-06-20 13:00'";7;91;2;4;1;moderate
DEBB021;"'2020-06-20 14:00'";7;89;4;4;1;moderate
DEBB021;"'2020-06-20 15:00'";5;89;3;3;1;moderate
DEBB021;"'2020-06-20 16:00'";4;87;3;3;1;moderate
DEBB021;"'2020-06-20 17:00'";5;81;5;4;1;moderate
DEBB021;"'2020-06-20 18:00'";8;77;6;6;1;moderate
DEBB021;"'2020-06-20 19:00'";10;74;5;8;1;moderate
DEBB021;"'2020-06-20 20:00'";12;70;7;9;1;good
DEBB021;"'2020-06-20 21:00'";12;67;9;9;1;good
DEBB021;"'2020-06-20 22:00'";10;69;5;7;1;good
DEBB021;"'2020-06-20 23:00'";10;72;3;6;1;good
DEBB021;"'2020-06-20 24:00'";9;79;2;5;1;moderate
DEBB021;"'2020-06-21 01:00'";6;84;2;4;1;moderate
DEBB021;"'2020-06-21 02:00'";5;85;2;4;1;moderate
DEBB021;"'2020-06-21 03:00'";4;80;2;4;1;moderate
DEBB021;"'2020-06-21 04:00'";4;82;2;3;1;moderate
DEBB021;"'2020-06-21 05:00'";4;77;2;3;1;moderate
DEBB021;"'2020-06-21 06:00'";6;63;3;4;1;good
DEBB021;"'2020-06-21 07:00'";7;56;4;5;1;good
DEBB021;"'2020-06-21 08:00'";7;55;3;5;1;good
DEBB021;"'2020-06-21 09:00'";7;56;3;6;1;good
DEBB021;"'2020-06-21 10:00'";8;62;2;6;1;good
DEBB021;"'2020-06-21 11:00'";9;66;2;7;1;good
DEBB021;"'2020-06-21 12:00'";8;72;2;6;1;good
DEBB021;"'2020-06-21 13:00'";8;74;2;6;1;moderate
DEBB021;"'2020-06-21 14:00'";8;78;2;5;1;moderate
DEBB021;"'2020-06-21 15:00'";8;83;2;5;1;moderate
DEBB021;"'2020-06-21 16:00'";7;88;2;5;1;moderate
DEBB021;"'2020-06-21 17:00'";8;90;2;5;1;moderate
DEBB021;"'2020-06-21 18:00'";7;95;2;4;1;moderate
DEBB021;"'2020-06-21 19:00'";7;96;2;4;1;moderate
DEBB021;"'2020-06-21 20:00'";7;97;2;4;1;moderate
DEBB021;"'2020-06-21 21:00'";8;91;6;5;1;moderate
DEBB021;"'2020-06-21 22:00'";7;85;7;4;1;moderate
DEBB021;"'2020-06-21 23:00'";7;80;6;4;1;moderate
DEBB021;"'2020-06-21 24:00'";7;72;5;5;1;good
DEBB021;"'2020-06-22 01:00'";9;57;7;6;1;good
DEBB021;"'2020-06-22 02:00'";11;37;15;8;1;good
DEBB021;"'2020-06-22 03:00'";10;30;16;8;1;good
DEBB021;"'2020-06-22 04:00'";10;23;23;7;1;good
DEBB021;"'2020-06-22 05:00'";10;4;38;7;1;moderate
DEBB021;"'2020-06-22 06:00'";10;7;24;8;1;good
DEBB021;"'2020-06-22 07:00'";11;18;21;8;1;good
DEBB021;"'2020-06-22 08:00'";9;46;16;6;1;good
DEBB021;"'2020-06-22 09:00'";9;59;14;5;1;good
DEBB021;"'2020-06-22 10:00'";11;70;11;7;1;good
DEBB021;"'2020-06-22 11:00'";12;88;6;6;1;moderate
DEBB021;"'2020-06-22 12:00'";11;90;6;5;1;moderate
DEBB021;"'2020-06-22 13:00'";7;91;5;3;1;moderate
DEBB021;"'2020-06-22 14:00'";6;89;3;3;1;moderate
DEBB021;"'2020-06-22 15:00'";7;89;3;3;1;moderate
DEBB021;"'2020-06-22 16:00'";7;98;3;4;1;moderate
DEBB021;"'2020-06-22 17:00'";7;103;4;4;1;moderate
DEBB021;"'2020-06-22 18:00'";8;107;4;4;1;moderate
DEBB021;"'2020-06-22 19:00'";8;98;4;3;1;moderate
DEBB021;"'2020-06-22 20:00'";7;89;3;3;1;moderate
DEBB021;"'2020-06-22 21:00'";6;84;3;3;1;moderate
DEBB021;"'2020-06-22 22:00'";6;81;4;4;1;moderate
DEBB021;"'2020-06-22 23:00'";8;74;6;5;1;moderate
DEBB021;"'2020-06-22 24:00'";8;70;5;5;1;good
DEBB021;"'2020-06-23 01:00'";8;71;5;4;1;good
DEBB021;"'2020-06-23 02:00'";8;63;5;5;1;good
DEBB021;"'2020-06-23 03:00'";6;65;6;4;1;good
DEBB021;"'2020-06-23 04:00'";7;62;5;5;1;good
DEBB021;"'2020-06-23 05:00'";10;47;9;6;1;good
DEBB021;"'2020-06-23 06:00'";9;38;15;7;1;good
DEBB021;"'2020-06-23 07:00'";9;48;13;6;1;good
DEBB021;"'2020-06-23 08:00'";8;54;10;5;1;good
DEBB021;"'2020-06-23 09:00'";7;62;6;4;1;good
DEBB021;"'2020-06-23 10:00'";8;69;5;4;1;good
DEBB021;"'2020-06-23 11:00'";8;74;3;4;1;moderate
DEBB021;"'2020-06-23 12:00'";9;78;3;4;1;moderate
DEBB021;"'2020-06-23 13:00'";7;81;4;3;1;moderate
DEBB021;"'2020-06-23 14:00'";7;85;2;3;1;moderate
DEBB021;"'2020-06-23 15:00'";8;90;2;3;1;moderate
DEBB021;"'2020-06-23 16:00'";8;93;2;3;1;moderate
DEBB021;"'2020-06-23 17:00'";10;96;4;3;1;moderate
DEBB021;"'2020-06-23 18:00'";8;96;2;3;1;moderate
DEBB021;"'2020-06-23 19:00'";7;93;2;3;1;moderate
DEBB021;"'2020-06-23 20:00'";6;91;2;3;1;moderate
DEBB021;"'2020-06-23 21:00'";7;87;2;4;1;moderate
DEBB021;"'2020-06-23 22:00'";8;81;5;4;1;moderate
DEBB021;"'2020-06-23 23:00'";10;76;5;5;1;moderate
DEBB021;"'2020-06-23 24:00'";8;71;5;4;1;good
DEBB021;"'2020-06-24 01:00'";8;65;6;5;1;good
DEBB021;"'2020-06-24 02:00'";8;56;8;6;1;good
DEBB021;"'2020-06-24 03:00'";8;45;9;6;1;good
DEBB021;"'2020-06-24 04:00'";8;39;10;6;1;good
DEBB021;"'2020-06-24 05:00'";9;31;12;6;1;good
DEBB021;"'2020-06-24 06:00'";9;29;15;7;1;good
DEBB021;"'2020-06-24 07:00'";10;33;18;7;1;good
DEBB021;"'2020-06-24 08:00'";12;50;15;7;1;good
DEBB021;"'2020-06-24 09:00'";11;75;6;6;1;moderate
DEBB021;"'2020-06-24 10:00'";13;84;5;6;1;moderate
DEBB021;"'2020-06-24 11:00'";15;92;5;7;1;moderate
DEBB021;"'2020-06-24 12:00'";12;95;6;6;1;moderate
DEBB021;"'2020-06-24 13:00'";12;94;5;6;1;moderate
DEBB021;"'2020-06-24 14:00'";11;91;5;6;1;moderate
DEBB021;"'2020-06-24 15:00'";12;89;7;6;1;moderate
DEBB021;"'2020-06-24 16:00'";12;89;7;6;1;moderate
DEBB021;"'2020-06-24 17:00'";14;87;8;6;2;moderate
DEBB021;"'2020-06-24 18:00'";17;90;6;6;2;moderate
DEBB021;"'2020-06-24 19:00'";14;93;5;6;1;moderate
DEBB021;"'2020-06-24 20:00'";18;92;6;6;1;moderate
DEBB021;"'2020-06-24 21:00'";15;88;7;7;1;moderate
DEBB021;"'2020-06-24 22:00'";19;75;10;8;1;moderate
DEBB021;"'2020-06-24 23:00'";16;75;8;8;1;moderate
DEBB021;"'2020-06-24 24:00'";14;78;5;7;1;moderate
DEBB021;"'2020-06-25 01:00'";14;75;4;8;1;moderate
DEBB021;"'2020-06-25 02:00'";15;70;5;9;1;good
DEBB021;"'2020-06-25 03:00'";15;68;5;10;1;good
DEBB021;"'2020-06-25 04:00'";15;65;6;10;1;good
DEBB021;"'2020-06-25 05:00'";15;64;6;10;1;good
DEBB021;"'2020-06-25 06:00'";16;60;8;10;1;good
DEBB021;"'2020-06-25 07:00'";16;57;10;10;1;good
DEBB021;"'2020-06-25 08:00'";19;52;15;10;2;good
DEBB021;"'2020-06-25 09:00'";19;59;12;10;1;good
DEBB021;"'2020-06-25 10:00'";21;51;21;12;1;good
DEBB021;"'2020-06-25 11:00'";24;46;26;13;1;good
DEBB021;"'2020-06-25 12:00'";28;70;8;12;1;moderate
DEBB021;"'2020-06-25 13:00'";27;84;7;11;1;moderate
DEBB021;"'2020-06-25 14:00'";26;94;6;12;1;moderate
DEBB021;"'2020-06-25 15:00'";21;100;7;9;1;moderate
DEBB021;"'2020-06-25 16:00'";17;105;4;8;1;moderate
DEBB021;"'2020-06-25 17:00'";20;108;5;8;1;moderate
DEBB021;"'2020-06-25 18:00'";16;112;5;8;1;moderate
DEBB021;"'2020-06-25 19:00'";16;113;4;8;1;moderate
DEBB021;"'2020-06-25 20:00'";15;110;7;7;1;moderate
DEBB021;"'2020-06-25 21:00'";16;110;5;8;1;moderate
DEBB021;"'2020-06-25 22:00'";57;100;7;12;1;poor
DEBB021;"'2020-06-25 23:00'";22;92;9;11;1;moderate
DEBB021;"'2020-06-25 24:00'";20;85;9;13;1;moderate
DEBB021;"'2020-06-26 01:00'";24;81;8;15;1;moderate
DEBB021;"'2020-06-26 02:00'";26;79;8;17;1;moderate
DEBB021;"'2020-06-26 03:00'";26;77;8;19;1;moderate
DEBB021;"'2020-06-26 04:00'";29;72;8;22;1;moderate
DEBB021;"'2020-06-26 05:00'";30;62;9;24;1;moderate
DEBB021;"'2020-06-26 06:00'";31;54;15;25;1;moderate
DEBB021;"'2020-06-26 07:00'";31;54;19;24;1;moderate
DEBB021;"'2020-06-26 08:00'";28;62;17;19;1;moderate
DEBB021;"'2020-06-26 09:00'";24;74;13;14;4;moderate
DEBB021;"'2020-06-26 10:00'";21;90;9;11;2;moderate
DEBB021;"'2020-06-26 11:00'";21;106;7;11;1;moderate
DEBB021;"'2020-06-26 12:00'";21;116;5;11;1;moderate
DEBB021;"'2020-06-26 13:00'";18;121;6;10;1;moderate
DEBB021;"'2020-06-26 14:00'";17;124;6;10;1;moderate
DEBB021;"'2020-06-26 15:00'";20;98;6;11;1;moderate
DEBB021;"'2020-06-26 16:00'";13;66;21;10;1;good
DEBB021;"'2020-06-26 17:00'";11;72;11;9;1;good
DEBB021;"'2020-06-26 18:00'";11;74;12;9;1;moderate
DEBB021;"'2020-06-26 19:00'";13;88;15;9;1;moderate
DEBB021;"'2020-06-26 20:00'";13;94;15;10;1;moderate
DEBB021;"'2020-06-26 21:00'";13;97;10;9;1;moderate
DEBB021;"'2020-06-26 22:00'";12;88;10;9;1;moderate
DEBB021;"'2020-06-26 23:00'";13;76;13;10;1;moderate
DEBB021;"'2020-06-26 24:00'";17;62;15;13;1;good
DEBB021;"'2020-06-27 01:00'";19;59;12;14;1;good
DEBB021;"'2020-06-27 02:00'";21;50;13;17;1;moderate
DEBB021;"'2020-06-27 03:00'";22;44;12;17;1;moderate
DEBB021;"'2020-06-27 04:00'";23;37;13;18;1;moderate
DEBB021;"'2020-06-27 05:00'";23;35;13;19;1;moderate
DEBB021;"'2020-06-27 06:00'";25;26;16;20;1;moderate
DEBB021;"'2020-06-27 07:00'";27;37;14;22;1;moderate
DEBB021;"'2020-06-27 08:00'";26;48;12;21;1;moderate
DEBB021;"'2020-06-27 09:00'";18;65;12;15;1;good
DEBB021;"'2020-06-27 10:00'";14;99;8;11;1;moderate
DEBB021;"'2020-06-27 11:00'";14;118;6;10;1;moderate
DEBB021;"'2020-06-27 12:00'";14;130;6;10;1;moderate
DEBB021;"'2020-06-27 13:00'";14;132;7;10;1;moderate
DEBB021;"'2020-06-27 14:00'";14;136;6;10;1;moderate
DEBB021;"'2020-06-27 15:00'";12;135;5;8;1;moderate
DEBB021;"'2020-06-27 16:00'";9;139;4;6;1;moderate
DEBB021;"'2020-06-27 17:00'";10;138;5;6;1;moderate
DEBB021;"'2020-06-27 18:00'";11;140;7;7;1;moderate
DEBB021;"'2020-06-27 19:00'";13;137;6;8;1;moderate
DEBB021;"'2020-06-27 20:00'";14;126;6;8;1;moderate
DEBB021;"'2020-06-27 21:00'";16;117;7;9;1;moderate
DEBB021;"'2020-06-27 22:00'";17;102;11;10;1;moderate
DEBB021;"'2020-06-27 23:00'";18;86;15;12;1;moderate
DEBB021;"'2020-06-27 24:00'";22;79;13;14;1;moderate
DEBB021;"'2020-06-28 01:00'";22;78;9;15;1;moderate
DEBB021;"'2020-06-28 02:00'";20;74;8;16;1;moderate
DEBB021;"'2020-06-28 03:00'";19;72;7;15;1;good
DEBB021;"'2020-06-28 04:00'";17;71;7;13;1;good
DEBB021;"'2020-06-28 05:00'";15;68;6;12;1;good
DEBB021;"'2020-06-28 06:00'";15;66;6;12;1;good
DEBB021;"'2020-06-28 07:00'";14;66;6;11;1;good
DEBB021;"'2020-06-28 08:00'";13;72;6;10;1;good
DEBB021;"'2020-06-28 09:00'";12;81;5;8;1;moderate
DEBB021;"'2020-06-28 10:00'";12;87;6;7;1;moderate
DEBB021;"'2020-06-28 11:00'";11;88;7;7;1;moderate
DEBB021;"'2020-06-28 12:00'";10;82;4;6;1;moderate
DEBB021;"'2020-06-28 13:00'";9;68;5;6;1;good
DEBB021;"'2020-06-28 14:00'";8;55;6;6;1;good
DEBB021;"'2020-06-28 15:00'";8;60;6;6;1;good
DEBB021;"'2020-06-28 16:00'";7;63;5;5;1;good
DEBB021;"'2020-06-28 17:00'";5;68;3;4;1;good
DEBB021;"'2020-06-28 18:00'";6;62;4;4;1;good
DEBB021;"'2020-06-28 19:00'";11;62;5;6;1;good
DEBB021;"'2020-06-28 20:00'";11;59;6;7;1;good
DEBB021;"'2020-06-28 21:00'";12;57;7;7;1;good
DEBB021;"'2020-06-28 22:00'";9;59;9;5;1;good
DEBB021;"'2020-06-28 23:00'";7;56;6;4;1;good
DEBB021;"'2020-06-28 24:00'";7;57;5;4;1;good
DEBB021;"'2020-06-29 01:00'";6;55;5;4;1;good
DEBB021;"'2020-06-29 02:00'";6;51;6;4;1;good
DEBB021;"'2020-06-29 03:00'";6;47;7;4;1;good
DEBB021;"'2020-06-29 04:00'";7;41;8;5;1;good
DEBB021;"'2020-06-29 05:00'";8;34;11;5;1;good
DEBB021;"'2020-06-29 06:00'";9;27;9;7;1;good
DEBB021;"'2020-06-29 07:00'";9;25;22;7;1;good
DEBB021;"'2020-06-29 08:00'";9;41;15;6;1;good
DEBB021;"'2020-06-29 09:00'";7;52;10;5;1;good
DEBB021;"'2020-06-29 10:00'";7;65;8;4;1;good
DEBB021;"'2020-06-29 11:00'";9;79;6;5;1;moderate
DEBB021;"'2020-06-29 12:00'";9;89;6;5;1;moderate
DEBB021;"'2020-06-29 13:00'";9;92;7;6;1;moderate
DEBB021;"'2020-06-29 14:00'";9;91;6;6;1;moderate
DEBB021;"'2020-06-29 15:00'";9;86;6;5;1;moderate
DEBB021;"'2020-06-29 16:00'";5;80;8;3;1;moderate
DEBB021;"'2020-06-29 17:00'";3;86;7;2;1;moderate
DEBB021;"'2020-06-29 18:00'";4;89;7;2;1;moderate
DEBB021;"'2020-06-29 19:00'";4;87;6;2;1;moderate
DEBB021;"'2020-06-29 20:00'";5;81;9;3;1;moderate
DEBB021;"'2020-06-29 21:00'";7;83;7;4;1;moderate
DEBB021;"'2020-06-29 22:00'";4;84;6;3;1;moderate
DEBB021;"'2020-06-29 23:00'";5;68;9;4;1;good
DEBB021;"'2020-06-29 24:00'";4;65;10;3;1;good
DEBB021;"'2020-06-30 01:00'";5;62;10;4;1;good
DEBB021;"'2020-06-30 02:00'";6;53;13;5;1;good
DEBB021;"'2020-06-30 03:00'";6;56;12;4;1;good
DEBB021;"'2020-06-30 04:00'";9;65;14;5;1;good
DEBB021;"'2020-06-30 05:00'";9;66;9;5;1;good
DEBB021;"'2020-06-30 06:00'";10;65;11;5;1;good
DEBB021;"'2020-06-30 07:00'";10;65;12;5;1;good
DEBB021;"'2020-06-30 08:00'";12;69;11;5;1;good
DEBB021;"'2020-06-30 09:00'";13;74;8;6;1;moderate
DEBB021;"'2020-06-30 10:00'";12;77;7;6;1;moderate
DEBB021;"'2020-06-30 11:00'";12;80;5;6;1;moderate
DEBB021;"'2020-06-30 12:00'";12;81;6;5;1;moderate
DEBB021;"'2020-06-30 13:00'";11;83;6;5;1;moderate
DEBB021;"'2020-06-30 14:00'";14;86;5;5;1;moderate
DEBB021;"'2020-06-30 15:00'";14;89;5;4;1;moderate
DEBB021;"'2020-06-30 16:00'";12;91;5;4;1;moderate
DEBB021;"'2020-06-30 17:00'";12;91;6;4;1;moderate
DEBB021;"'2020-06-30 18:00'";13;91;5;4;1;moderate
DEBB021;"'2020-06-30 19:00'";13;90;5;4;1;moderate
DEBB021;"'2020-06-30 20:00'";13;96;5;5;1;moderate
DEBB021;"'2020-06-30 21:00'";12;93;6;5;1;moderate
DEBB021;"'2020-06-30 22:00'";11;83;13;4;1;moderate
DEBB021;"'2020-06-30 23:00'";10;79;12;4;1;moderate
DEBB021;"'2020-06-30 24:00'";10;80;11;4;1;moderate
DEBB021;"'2020-07-01 01:00'";9;75;7;4;1;moderate
DEBB021;"'2020-07-01 02:00'";9;73;7;4;1;moderate
DEBB021;"'2020-07-01 03:00'";9;72;6;4;1;good
DEBB021;"'2020-07-01 04:00'";8;74;5;4;1;moderate
DEBB021;"'2020-07-01 05:00'";8;72;5;4;1;good
DEBB021;"'2020-07-01 06:00'";7;67;5;4;1;good
DEBB021;"'2020-07-01 07:00'";7;59;7;4;1;good
DEBB021;"'2020-07-01 08:00'";8;55;8;4;1;good
DEBB021;"'2020-07-01 09:00'";9;54;7;4;1;good
DEBB021;"'2020-07-01 10:00'";8;50;7;3;1;good
DEBB021;"'2020-07-01 11:00'";6;48;6;4;1;good
DEBB021;"'2020-07-01 12:00'";6;43;8;5;1;good
DEBB021;"'2020-07-01 13:00'";6;44;9;5;1;good
DEBB021;"'2020-07-01 14:00'";3;44;7;3;1;good
DEBB021;"'2020-07-01 15:00'";5;48;7;4;1;good
DEBB021;"'2020-07-01 16:00'";7;49;7;4;1;good
DEBB021;"'2020-07-01 17:00'";5;57;6;3;1;good
DEBB021;"'2020-07-01 18:00'";4;64;6;2;1;good
DEBB021;"'2020-07-01 19:00'";3;63;5;2;1;good
DEBB021;"'2020-07-01 20:00'";3;63;5;2;1;good
DEBB021;"'2020-07-01 21:00'";5;57;9;3;1;good
DEBB021;"'2020-07-01 22:00'";5;50;7;4;1;good
DEBB021;"'2020-07-01 23:00'";5;43;7;4;1;good
DEBB021;"'2020-07-01 24:00'";6;31;8;5;1;good
DEBB021;"'2020-07-02 01:00'";5;40;7;4;1;good
DEBB021;"'2020-07-02 02:00'";6;33;7;5;1;good
DEBB021;"'2020-07-02 03:00'";7;25;15;5;1;good
DEBB021;"'2020-07-02 04:00'";8;25;9;5;1;good
DEBB021;"'2020-07-02 05:00'";10;22;12;7;1;good
DEBB021;"'2020-07-02 06:00'";12;23;12;9;1;good
DEBB021;"'2020-07-02 07:00'";14;25;12;10;1;good
DEBB021;"'2020-07-02 08:00'";13;39;9;9;1;good
DEBB021;"'2020-07-02 09:00'";11;56;6;7;1;good
DEBB021;"'2020-07-02 10:00'";9;66;6;5;1;good
DEBB021;"'2020-07-02 11:00'";10;70;7;6;1;good
DEBB021;"'2020-07-02 12:00'";10;70;7;6;1;good
DEBB021;"'2020-07-02 13:00'";11;68;9;6;1;good
DEBB021;"'2020-07-02 14:00'";11;72;6;6;1;good
DEBB021;"'2020-07-02 15:00'";12;78;5;8;1;moderate
DEBB021;"'2020-07-02 16:00'";13;84;5;8;1;moderate
DEBB021;"'2020-07-02 17:00'";13;86;5;8;1;moderate
DEBB021;"'2020-07-02 18:00'";10;86;5;6;1;moderate
DEBB021;"'2020-07-02 19:00'";9;89;3;6;1;moderate
DEBB021;"'2020-07-02 20:00'";10;88;6;7;1;moderate
DEBB021;"'2020-07-02 21:00'";12;85;7;8;1;moderate
DEBB021;"'2020-07-02 22:00'";13;72;12;9;1;good
DEBB021;"'2020-07-02 23:00'";9;70;9;6;1;good
DEBB021;"'2020-07-02 24:00'";10;65;8;7;1;good
DEBB021;"'2020-07-03 01:00'";8;61;6;6;1;good
DEBB021;"'2020-07-03 02:00'";8;53;8;7;1;good
DEBB021;"'2020-07-03 03:00'";6;56;7;5;1;good
DEBB021;"'2020-07-03 04:00'";7;53;10;6;1;good
DEBB021;"'2020-07-03 05:00'";8;49;9;7;1;good
DEBB021;"'2020-07-03 06:00'";10;48;8;9;1;good
DEBB021;"'2020-07-03 07:00'";11;45;11;9;1;good
DEBB021;"'2020-07-03 08:00'";10;49;9;8;1;good
DEBB021;"'2020-07-03 09:00'";9;60;5;7;1;good
DEBB021;"'2020-07-03 10:00'";8;69;5;6;1;good
DEBB021;"'2020-07-03 11:00'";8;74;5;5;1;moderate
DEBB021;"'2020-07-03 12:00'";9;77;6;6;1;moderate
DEBB021;"'2020-07-03 13:00'";9;78;6;6;1;moderate
DEBB021;"'2020-07-03 14:00'";10;83;6;6;1;moderate
DEBB021;"'2020-07-03 15:00'";13;87;5;8;1;moderate
DEBB021;"'2020-07-03 16:00'";12;92;5;7;1;moderate
DEBB021;"'2020-07-03 17:00'";9;95;5;5;1;moderate
DEBB021;"'2020-07-03 18:00'";10;97;5;6;1;moderate
DEBB021;"'2020-07-03 19:00'";10;100;5;7;1;moderate
DEBB021;"'2020-07-03 20:00'";10;99;5;7;1;moderate
DEBB021;"'2020-07-03 21:00'";10;97;6;6;1;moderate
DEBB021;"'2020-07-03 22:00'";11;92;7;8;1;moderate
DEBB021;"'2020-07-03 23:00'";11;79;11;8;1;moderate
DEBB021;"'2020-07-03 24:00'";12;73;15;9;1;moderate
DEBB021;"'2020-07-04 01:00'";12;73;8;9;1;moderate
DEBB021;"'2020-07-04 02:00'";12;68;8;9;1;good
DEBB021;"'2020-07-04 03:00'";11;66;7;9;1;good
DEBB021;"'2020-07-04 04:00'";12;64;8;9;1;good
DEBB021;"'2020-07-04 05:00'";12;67;8;9;1;good
DEBB021;"'2020-07-04 06:00'";12;62;8;9;1;good
DEBB021;"'2020-07-04 07:00'";11;63;11;9;1;good
DEBB021;"'2020-07-04 08:00'";10;67;9;7;1;good
DEBB021;"'2020-07-04 09:00'";9;74;5;6;1;moderate
DEBB021;"'2020-07-04 10:00'";9;77;4;5;1;moderate
DEBB021;"'2020-07-04 11:00'";8;79;3;4;1;moderate
DEBB021;"'2020-07-04 12:00'";9;81;6;4;1;moderate
DEBB021;"'2020-07-04 13:00'";8;84;5;4;1;moderate
DEBB021;"'2020-07-04 14:00'";14;88;6;5;1;moderate
DEBB021;"'2020-07-04 15:00'";10;88;5;4;1;moderate
DEBB021;"'2020-07-04 16:00'";11;88;5;4;1;moderate
DEBB021;"'2020-07-04 17:00'";11;88;5;4;1;moderate
DEBB021;"'2020-07-04 18:00'";13;87;6;4;1;moderate
DEBB021;"'2020-07-04 19:00'";11;89;6;4;1;moderate
DEBB021;"'2020-07-04 20:00'";12;91;7;5;1;moderate
DEBB021;"'2020-07-04 21:00'";11;96;6;5;1;moderate
DEBB021;"'2020-07-04 22:00'";11;92;5;5;1;moderate
DEBB021;"'2020-07-04 23:00'";11;86;5;5;1;moderate
DEBB021;"'2020-07-04 24:00'";10;83;5;5;1;moderate
DEBB021;"'2020-07-05 01:00'";11;79;5;5;1;moderate
DEBB021;"'2020-07-05 02:00'";11;72;6;6;1;good
DEBB021;"'2020-07-05 03:00'";10;66;5;6;1;good
DEBB021;"'2020-07-05 04:00'";11;61;6;6;1;good
DEBB021;"'2020-07-05 05:00'";9;62;5;5;1;good
DEBB021;"'2020-07-05 06:00'";8;59;5;4;1;good
DEBB021;"'2020-07-05 07:00'";7;55;3;3;1;good
DEBB021;"'2020-07-05 08:00'";6;53;3;3;1;good
DEBB021;"'2020-07-05 09:00'";5;51;2;3;1;good
DEBB021;"'2020-07-05 10:00'";5;51;2;2;1;good
DEBB021;"'2020-07-05 11:00'";6;51;2;2;1;good
DEBB021;"'2020-07-05 12:00'";6;50;3;2;1;good
DEBB021;"'2020-07-05 13:00'";7;53;2;3;1;good
DEBB021;"'2020-07-05 14:00'";8;58;2;3;1;good
DEBB021;"'2020-07-05 15:00'";9;56;2;3;1;good
DEBB021;"'2020-07-05 16:00'";8;57;2;3;1;good
DEBB021;"'2020-07-05 17:00'";8;56;2;2;1;good
DEBB021;"'2020-07-05 18:00'";8;56;3;3;1;good
DEBB021;"'2020-07-05 19:00'";6;48;4;3;1;good
DEBB021;"'2020-07-05 20:00'";3;43;4;2;1;good
DEBB021;"'2020-07-05 21:00'";2;48;4;1;1;good
DEBB021;"'2020-07-05 22:00'";2;43;4;1;1;good
DEBB021;"'2020-07-05 23:00'";2;40;4;2;1;good
DEBB021;"'2020-07-05 24:00'";3;37;5;2;1;good
DEBB021;"'2020-07-06 01:00'";2;37;2;2;1;good
DEBB021;"'2020-07-06 02:00'";3;40;2;2;1;good
DEBB021;"'2020-07-06 03:00'";3;37;5;2;1;good
DEBB021;"'2020-07-06 04:00'";4;38;6;3;1;good
DEBB021;"'2020-07-06 05:00'";6;45;7;3;1;good
DEBB021;"'2020-07-06 06:00'";8;57;5;4;1;good
DEBB021;"'2020-07-06 07:00'";10;55;8;4;1;good
DEBB021;"'2020-07-06 08:00'";10;56;7;5;1;good
DEBB021;"'2020-07-06 09:00'";12;62;6;5;1;good
DEBB021;"'2020-07-06 10:00'";12;65;6;6;1;good
DEBB021;"'2020-07-06 11:00'";13;66;5;7;1;good
DEBB021;"'2020-07-06 12:00'";14;68;5;7;1;good
DEBB021;"'2020-07-06 13:00'";13;70;2;6;1;good
DEBB021;"'2020-07-06 14:00'";13;70;2;6;1;good
DEBB021;"'2020-07-06 15:00'";15;63;5;6;1;good
DEBB021;"'2020-07-06 16:00'";9;61;5;4;1;good
DEBB021;"'2020-07-06 17:00'";6;65;3;3;1;good
DEBB021;"'2020-07-06 18:00'";4;66;3;2;1;good
DEBB021;"'2020-07-06 19:00'";5;67;3;3;1;good
DEBB021;"'2020-07-06 20:00'";4;63;3;3;1;good
DEBB021;"'2020-07-06 21:00'";4;62;5;2;1;good
DEBB021;"'2020-07-06 22:00'";3;64;4;2;1;good
DEBB021;"'2020-07-06 23:00'";3;64;2;2;1;good
DEBB021;"'2020-07-06 24:00'";3;58;3;2;1;good
DEBB021;"'2020-07-07 01:00'";3;53;5;2;1;good
DEBB021;"'2020-07-07 02:00'";4;51;5;3;1;good
DEBB021;"'2020-07-07 03:00'";5;51;2;4;1;good
DEBB021;"'2020-07-07 04:00'";4;46;5;3;1;good
DEBB021;"'2020-07-07 05:00'";5;44;5;4;1;good
DEBB021;"'2020-07-07 06:00'";5;41;7;4;1;good
DEBB021;"'2020-07-07 07:00'";7;41;7;5;1;good
DEBB021;"'2020-07-07 08:00'";8;42;7;5;1;good
DEBB021;"'2020-07-07 09:00'";9;50;5;5;1;good
DEBB021;"'2020-07-07 10:00'";8;55;3;5;1;good
DEBB021;"'2020-07-07 11:00'";8;57;5;4;1;good
DEBB021;"'2020-07-07 12:00'";8;64;5;4;1;good
DEBB021;"'2020-07-07 13:00'";8;67;3;4;1;good
DEBB021;"'2020-07-07 14:00'";8;70;2;5;1;good
DEBB021;"'2020-07-07 15:00'";10;73;3;5;1;moderate
DEBB021;"'2020-07-07 16:00'";8;78;3;4;1;moderate
DEBB021;"'2020-07-07 17:00'";9;79;5;4;1;moderate
DEBB021;"'2020-07-07 18:00'";8;82;3;4;1;moderate
DEBB021;"'2020-07-07 19:00'";7;82;4;4;1;moderate
DEBB021;"'2020-07-07 20:00'";8;80;5;4;1;moderate
DEBB021;"'2020-07-07 21:00'";8;75;10;4;1;moderate
DEBB021;"'2020-07-07 22:00'";7;80;5;3;1;moderate
DEBB021;"'2020-07-07 23:00'";3;78;6;2;1;moderate
DEBB021;"'2020-07-07 24:00'";4;74;6;3;1;moderate
DEBB021;"'2020-07-08 01:00'";4;67;3;3;1;good
DEBB021;"'2020-07-08 02:00'";4;62;2;3;1;good
DEBB021;"'2020-07-08 03:00'";4;58;4;3;1;good
DEBB021;"'2020-07-08 04:00'";4;55;6;3;1;good
DEBB021;"'2020-07-08 05:00'";5;49;9;4;1;good
DEBB021;"'2020-07-08 06:00'";7;43;12;6;1;good
DEBB021;"'2020-07-08 07:00'";10;38;12;8;1;good
DEBB021;"'2020-07-08 08:00'";12;33;13;10;1;good
DEBB021;"'2020-07-08 09:00'";8;42;11;6;1;good
DEBB021;"'2020-07-08 10:00'";6;54;8;4;1;good
DEBB021;"'2020-07-08 11:00'";6;64;6;4;1;good
DEBB021;"'2020-07-08 12:00'";9;65;7;4;1;good
DEBB021;"'2020-07-08 13:00'";10;64;8;5;1;good
DEBB021;"'2020-07-08 14:00'";8;69;6;5;1;good
DEBB021;"'2020-07-08 15:00'";8;68;7;4;1;good
DEBB021;"'2020-07-08 16:00'";7;71;6;3;1;good
DEBB021;"'2020-07-08 17:00'";6;76;6;4;1;moderate
DEBB021;"'2020-07-08 18:00'";6;78;6;4;1;moderate
DEBB021;"'2020-07-08 19:00'";6;78;6;4;1;moderate
DEBB021;"'2020-07-08 20:00'";8;76;7;6;1;moderate
DEBB021;"'2020-07-08 21:00'";9;71;8;7;1;good
DEBB021;"'2020-07-08 22:00'";9;57;12;7;1;good
DEBB021;"'2020-07-08 23:00'";9;49;12;8;1;good
DEBB021;"'2020-07-08 24:00'";11;46;15;9;1;good
DEBB021;"'2020-07-09 01:00'";12;42;14;10;1;good
DEBB021;"'2020-07-09 02:00'";9;42;10;7;1;good
DEBB021;"'2020-07-09 03:00'";8;37;10;7;1;good
DEBB021;"'2020-07-09 04:00'";8;25;13;7;1;good
DEBB021;"'2020-07-09 05:00'";11;26;10;9;1;good
DEBB021;"'2020-07-09 06:00'";13;20;13;12;1;good
DEBB021;"'2020-07-09 07:00'";15;19;16;13;1;good
DEBB021;"'2020-07-09 08:00'";17;22;15;14;1;good
DEBB021;"'2020-07-09 09:00'";18;31;15;14;1;good
DEBB021;"'2020-07-09 10:00'";17;37;10;12;1;good
DEBB021;"'2020-07-09 11:00'";12;49;9;7;1;good
DEBB021;"'2020-07-09 12:00'";9;52;7;5;1;good
DEBB021;"'2020-07-09 13:00'";13;51;9;8;1;good
DEBB021;"'2020-07-09 14:00'";18;43;12;14;1;good
DEBB021;"'2020-07-09 15:00'";19;37;13;15;1;good
DEBB021;"'2020-07-09 16:00'";12;35;9;10;1;good
DEBB021;"'2020-07-09 17:00'";6;30;9;5;1;good
DEBB021;"'2020-07-09 18:00'";6;32;10;5;1;good
DEBB021;"'2020-07-09 19:00'";6;31;10;5;1;good
DEBB021;"'2020-07-09 20:00'";9;27;12;7;1;good
DEBB021;"'2020-07-09 21:00'";10;27;10;7;1;good
DEBB021;"'2020-07-09 22:00'";6;31;7;4;1;good
DEBB021;"'2020-07-09 23:00'";4;26;8;3;1;good
DEBB021;"'2020-07-09 24:00'";5;18;12;4;1;good
DEBB021;"'2020-07-10 01:00'";4;23;10;3;1;"very good"
DEBB021;"'2020-07-10 02:00'";4;16;9;3;1;"very good"
DEBB021;"'2020-07-10 03:00'";3;16;10;2;1;"very good"
DEBB021;"'2020-07-10 04:00'";6;13;9;4;1;"very good"
DEBB021;"'2020-07-10 05:00'";8;8;11;6;1;good
DEBB021;"'2020-07-10 06:00'";12;5;13;8;1;good
DEBB021;"'2020-07-10 07:00'";16;8;13;11;1;good
DEBB021;"'2020-07-10 08:00'";14;16;13;10;1;good
DEBB021;"'2020-07-10 09:00'";12;19;14;8;1;good
DEBB021;"'2020-07-10 10:00'";8;29;11;6;1;good
DEBB021;"'2020-07-10 11:00'";6;37;13;4;1;good
DEBB021;"'2020-07-10 12:00'";8;41;9;5;1;good
DEBB021;"'2020-07-10 13:00'";12;51;9;7;1;good
DEBB021;"'2020-07-10 14:00'";14;60;11;8;1;good
DEBB021;"'2020-07-10 15:00'";14;65;10;8;1;good
DEBB021;"'2020-07-10 16:00'";10;73;5;5;1;moderate
DEBB021;"'2020-07-10 17:00'";11;68;4;6;1;good
DEBB021;"'2020-07-10 18:00'";6;60;5;3;1;good
DEBB021;"'2020-07-10 19:00'";6;59;7;5;1;good
DEBB021;"'2020-07-10 20:00'";3;69;5;2;1;good
DEBB021;"'2020-07-10 21:00'";2;67;4;1;1;good
DEBB021;"'2020-07-10 22:00'";2;65;4;2;1;good
DEBB021;"'2020-07-10 23:00'";2;63;4;2;1;good
DEBB021;"'2020-07-10 24:00'";4;58;7;3;1;good
DEBB021;"'2020-07-11 01:00'";3;54;6;2;1;good
DEBB021;"'2020-07-11 02:00'";4;46;9;3;1;good
DEBB021;"'2020-07-11 03:00'";4;48;6;3;1;good
DEBB021;"'2020-07-11 04:00'";5;44;6;4;1;good
DEBB021;"'2020-07-11 05:00'";6;38;9;4;1;good
DEBB021;"'2020-07-11 06:00'";5;41;7;4;1;good
DEBB021;"'2020-07-11 07:00'";6;42;8;4;1;good
DEBB021;"'2020-07-11 08:00'";6;47;6;4;1;good
DEBB021;"'2020-07-11 09:00'";5;56;2;3;1;good
DEBB021;"'2020-07-11 10:00'";5;62;2;3;1;good
DEBB021;"'2020-07-11 11:00'";4;66;2;3;1;good
DEBB021;"'2020-07-11 12:00'";5;67;2;3;1;good
DEBB021;"'2020-07-11 13:00'";4;69;2;3;1;good
DEBB021;"'2020-07-11 14:00'";3;69;3;2;1;good
DEBB021;"'2020-07-11 15:00'";4;69;4;2;1;good
DEBB021;"'2020-07-11 16:00'";4;72;3;2;1;good
DEBB021;"'2020-07-11 17:00'";4;74;2;2;1;moderate
DEBB021;"'2020-07-11 18:00'";4;74;2;2;1;moderate
DEBB021;"'2020-07-11 19:00'";5;73;2;3;1;moderate
DEBB021;"'2020-07-11 20:00'";4;73;3;3;1;moderate
DEBB021;"'2020-07-11 21:00'";4;70;5;3;1;good
DEBB021;"'2020-07-11 22:00'";8;59;11;6;1;good
DEBB021;"'2020-07-11 23:00'";8;55;12;6;1;good
DEBB021;"'2020-07-11 24:00'";8;47;16;6;1;good
DEBB021;"'2020-07-12 01:00'";7;46;12;6;1;good
DEBB021;"'2020-07-12 02:00'";7;44;13;6;1;good
DEBB021;"'2020-07-12 03:00'";6;43;10;5;1;good
DEBB021;"'2020-07-12 04:00'";6;38;10;5;1;good
DEBB021;"'2020-07-12 05:00'";6;32;11;5;1;good
DEBB021;"'2020-07-12 06:00'";5;25;16;4;1;good
DEBB021;"'2020-07-12 07:00'";5;32;11;4;1;good
DEBB021;"'2020-07-12 08:00'";4;47;8;3;1;good
DEBB021;"'2020-07-12 09:00'";3;55;6;2;1;good
DEBB021;"'2020-07-12 10:00'";3;60;5;2;1;good
DEBB021;"'2020-07-12 11:00'";2;64;5;1;1;good
DEBB021;"'2020-07-12 12:00'";3;66;5;2;1;good
DEBB021;"'2020-07-12 13:00'";4;68;5;2;1;good
DEBB021;"'2020-07-12 14:00'";3;71;2;2;1;good
DEBB021;"'2020-07-12 15:00'";3;73;2;2;1;moderate
DEBB021;"'2020-07-12 16:00'";4;75;2;2;1;moderate
DEBB021;"'2020-07-12 17:00'";4;76;2;2;1;moderate
DEBB021;"'2020-07-12 18:00'";5;75;2;3;1;moderate
DEBB021;"'2020-07-12 19:00'";6;76;2;3;1;moderate
DEBB021;"'2020-07-12 20:00'";6;75;3;4;1;moderate
DEBB021;"'2020-07-12 21:00'";6;73;5;4;1;moderate
DEBB021;"'2020-07-12 22:00'";6;68;5;4;1;good
DEBB021;"'2020-07-12 23:00'";7;63;6;4;1;good
DEBB021;"'2020-07-12 24:00'";8;54;7;4;1;good
DEBB021;"'2020-07-13 01:00'";7;45;9;4;1;good
DEBB021;"'2020-07-13 02:00'";7;16;28;6;1;good
DEBB021;"'2020-07-13 03:00'";7;13;23;6;1;good
DEBB021;"'2020-07-13 04:00'";8;22;11;6;1;good
DEBB021;"'2020-07-13 05:00'";8;9;19;6;1;good
DEBB021;"'2020-07-13 06:00'";8;2;24;6;1;good
DEBB021;"'2020-07-13 07:00'";9;10;25;7;1;good
DEBB021;"'2020-07-13 08:00'";10;26;24;7;1;good
DEBB021;"'2020-07-13 09:00'";9;44;16;5;1;good
DEBB021;"'2020-07-13 10:00'";8;65;6;4;1;good
DEBB021;"'2020-07-13 11:00'";7;75;3;4;1;moderate
DEBB021;"'2020-07-13 12:00'";7;82;3;4;1;moderate
DEBB021;"'2020-07-13 13:00'";7;84;3;3;1;moderate
DEBB021;"'2020-07-13 14:00'";6;86;2;3;1;moderate
DEBB021;"'2020-07-13 15:00'";7;88;3;3;1;moderate
DEBB021;"'2020-07-13 16:00'";8;91;3;4;1;moderate
DEBB021;"'2020-07-13 17:00'";7;94;4;4;1;moderate
DEBB021;"'2020-07-13 18:00'";7;97;2;4;1;moderate
DEBB021;"'2020-07-13 19:00'";7;99;2;3;1;moderate
DEBB021;"'2020-07-13 20:00'";7;99;2;3;1;moderate
DEBB021;"'2020-07-13 21:00'";10;92;5;4;1;moderate
DEBB021;"'2020-07-13 22:00'";11;73;11;5;1;moderate
DEBB021;"'2020-07-13 23:00'";10;61;12;5;1;good
DEBB021;"'2020-07-13 24:00'";9;53;12;6;1;good
DEBB021;"'2020-07-14 01:00'";10;43;19;7;1;good
DEBB021;"'2020-07-14 02:00'";12;37;23;8;1;good
DEBB021;"'2020-07-14 03:00'";12;40;19;9;1;good
DEBB021;"'2020-07-14 04:00'";12;39;19;9;1;good
DEBB021;"'2020-07-14 05:00'";13;38;19;9;1;good
DEBB021;"'2020-07-14 06:00'";14;33;21;10;1;good
DEBB021;"'2020-07-14 07:00'";16;26;28;12;1;good
DEBB021;"'2020-07-14 08:00'";20;28;28;10;1;good
DEBB021;"'2020-07-14 09:00'";24;42;22;8;1;good
DEBB021;"'2020-07-14 10:00'";19;65;14;6;1;good
DEBB021;"'2020-07-14 11:00'";14;90;8;4;1;moderate
DEBB021;"'2020-07-14 12:00'";13;108;6;3;2;moderate
DEBB021;"'2020-07-14 13:00'";12;108;6;3;1;moderate
DEBB021;"'2020-07-14 14:00'";12;104;5;3;1;moderate
DEBB021;"'2020-07-14 15:00'";13;105;5;3;-;moderate
DEBB021;"'2020-07-14 16:00'";14;110;5;3;1;moderate
DEBB021;"'2020-07-14 17:00'";14;111;6;3;1;moderate
DEBB021;"'2020-07-14 18:00'";17;112;7;4;1;moderate
DEBB021;"'2020-07-14 19:00'";17;111;7;4;1;moderate
DEBB021;"'2020-07-14 20:00'";13;113;5;4;1;moderate
DEBB021;"'2020-07-14 21:00'";135;105;8;10;1;"very poor"
DEBB021;"'2020-07-14 22:00'";83;99;10;10;1;poor
DEBB021;"'2020-07-14 23:00'";20;102;6;8;1;moderate
DEBB021;"'2020-07-14 24:00'";15;105;6;8;1;moderate
DEBB021;"'2020-07-15 01:00'";13;99;6;8;1;moderate
DEBB021;"'2020-07-15 02:00'";10;93;5;6;1;moderate
DEBB021;"'2020-07-15 03:00'";10;86;5;7;1;moderate
DEBB021;"'2020-07-15 04:00'";10;81;6;7;1;moderate
DEBB021;"'2020-07-15 05:00'";10;76;8;8;1;moderate
DEBB021;"'2020-07-15 06:00'";10;66;8;8;1;good
DEBB021;"'2020-07-15 07:00'";9;60;14;7;1;good
DEBB021;"'2020-07-15 08:00'";9;67;12;8;1;good
DEBB021;"'2020-07-15 09:00'";9;74;10;8;1;moderate
DEBB021;"'2020-07-15 10:00'";11;71;8;10;1;good
DEBB021;"'2020-07-15 11:00'";10;72;8;10;1;good
DEBB021;"'2020-07-15 12:00'";10;74;7;9;1;moderate
DEBB021;"'2020-07-15 13:00'";10;74;7;9;1;moderate
DEBB021;"'2020-07-15 14:00'";10;72;8;9;1;good
DEBB021;"'2020-07-15 15:00'";9;64;9;8;1;good
DEBB021;"'2020-07-15 16:00'";10;63;9;9;1;good
DEBB021;"'2020-07-15 17:00'";10;64;9;9;1;good
DEBB021;"'2020-07-15 18:00'";11;61;7;9;1;good
DEBB021;"'2020-07-15 19:00'";12;58;6;10;1;good
DEBB021;"'2020-07-15 20:00'";12;54;7;10;1;good
DEBB021;"'2020-07-15 21:00'";14;45;9;11;1;good
DEBB021;"'2020-07-15 22:00'";10;43;9;8;1;good
DEBB021;"'2020-07-15 23:00'";13;32;13;9;1;good
DEBB021;"'2020-07-15 24:00'";13;31;8;9;1;good
DEBB021;"'2020-07-16 01:00'";13;32;7;11;1;good
DEBB021;"'2020-07-16 02:00'";16;29;7;12;1;good
DEBB021;"'2020-07-16 03:00'";18;27;7;13;1;good
DEBB021;"'2020-07-16 04:00'";19;26;8;12;1;good
DEBB021;"'2020-07-16 05:00'";19;29;7;12;1;good
DEBB021;"'2020-07-16 06:00'";17;26;12;11;1;good
DEBB021;"'2020-07-16 07:00'";16;23;13;10;1;good
DEBB021;"'2020-07-16 08:00'";14;27;13;9;1;good
DEBB021;"'2020-07-16 09:00'";13;30;10;9;1;good
DEBB021;"'2020-07-16 10:00'";10;39;9;7;1;good
DEBB021;"'2020-07-16 11:00'";7;51;7;5;1;good
DEBB021;"'2020-07-16 12:00'";6;61;5;4;1;good
DEBB021;"'2020-07-16 13:00'";7;64;5;3;1;good
DEBB021;"'2020-07-16 14:00'";7;60;6;4;1;good
DEBB021;"'2020-07-16 15:00'";5;66;2;2;1;good
DEBB021;"'2020-07-16 16:00'";7;64;4;2;1;good
DEBB021;"'2020-07-16 17:00'";4;70;2;1;1;good
DEBB021;"'2020-07-16 18:00'";3;71;2;2;1;good
DEBB021;"'2020-07-16 19:00'";4;69;3;2;1;good
DEBB021;"'2020-07-16 20:00'";4;69;2;3;1;good
DEBB021;"'2020-07-16 21:00'";4;66;3;3;1;good
DEBB021;"'2020-07-16 22:00'";4;64;6;3;1;good
DEBB021;"'2020-07-16 23:00'";6;56;9;4;1;good
DEBB021;"'2020-07-16 24:00'";7;49;11;5;1;good
DEBB021;"'2020-07-17 01:00'";6;39;13;4;1;good
DEBB021;"'2020-07-17 02:00'";5;33;12;4;1;good
DEBB021;"'2020-07-17 03:00'";5;26;16;4;1;good
DEBB021;"'2020-07-17 04:00'";6;24;15;4;1;good
DEBB021;"'2020-07-17 05:00'";6;21;14;5;1;good
DEBB021;"'2020-07-17 06:00'";6;17;18;5;1;good
DEBB021;"'2020-07-17 07:00'";7;24;13;5;1;good
DEBB021;"'2020-07-17 08:00'";6;36;11;5;1;good
DEBB021;"'2020-07-17 09:00'";7;48;7;5;1;good
DEBB021;"'2020-07-17 10:00'";7;56;5;5;1;good
DEBB021;"'2020-07-17 11:00'";6;60;5;4;1;good
DEBB021;"'2020-07-17 12:00'";5;62;6;3;1;good
DEBB021;"'2020-07-17 13:00'";6;54;10;5;1;good
DEBB021;"'2020-07-17 14:00'";7;56;8;5;1;good
DEBB021;"'2020-07-17 15:00'";7;63;6;5;1;good
DEBB021;"'2020-07-17 16:00'";8;65;8;5;1;good
DEBB021;"'2020-07-17 17:00'";8;63;10;6;1;good
DEBB021;"'2020-07-17 18:00'";9;47;15;7;1;good
DEBB021;"'2020-07-17 19:00'";10;65;11;8;1;good
DEBB021;"'2020-07-17 20:00'";13;57;16;10;1;good
DEBB021;"'2020-07-17 21:00'";16;43;23;12;1;good
DEBB021;"'2020-07-17 22:00'";16;38;24;13;1;good
DEBB021;"'2020-07-17 23:00'";13;46;16;10;1;good
DEBB021;"'2020-07-17 24:00'";14;23;21;11;1;good
DEBB021;"'2020-07-18 01:00'";13;19;22;11;1;good
DEBB021;"'2020-07-18 02:00'";14;21;15;11;1;good
DEBB021;"'2020-07-18 03:00'";14;21;13;12;1;good
DEBB021;"'2020-07-18 04:00'";15;30;10;12;1;good
DEBB021;"'2020-07-18 05:00'";16;28;10;13;1;good
DEBB021;"'2020-07-18 06:00'";17;19;11;15;1;good
DEBB021;"'2020-07-18 07:00'";19;22;12;16;1;moderate
DEBB021;"'2020-07-18 08:00'";20;26;11;17;1;moderate
DEBB021;"'2020-07-18 09:00'";20;44;12;16;1;moderate
DEBB021;"'2020-07-18 10:00'";15;64;10;11;1;good
DEBB021;"'2020-07-18 11:00'";12;85;6;8;1;moderate
DEBB021;"'2020-07-18 12:00'";11;97;5;8;1;moderate
DEBB021;"'2020-07-18 13:00'";11;106;6;8;1;moderate
DEBB021;"'2020-07-18 14:00'";11;117;6;8;1;moderate
DEBB021;"'2020-07-18 15:00'";11;120;5;7;1;moderate
DEBB021;"'2020-07-18 16:00'";9;122;4;6;1;moderate
DEBB021;"'2020-07-18 17:00'";9;118;5;6;1;moderate
DEBB021;"'2020-07-18 18:00'";10;114;5;6;1;moderate
DEBB021;"'2020-07-18 19:00'";9;113;5;6;1;moderate
DEBB021;"'2020-07-18 20:00'";10;113;6;6;1;moderate
DEBB021;"'2020-07-18 21:00'";10;109;6;7;1;moderate
DEBB021;"'2020-07-18 22:00'";15;79;17;11;1;moderate
DEBB021;"'2020-07-18 23:00'";18;49;24;14;1;good
DEBB021;"'2020-07-18 24:00'";18;39;24;15;1;good
DEBB021;"'2020-07-19 01:00'";18;39;18;15;1;good
DEBB021;"'2020-07-19 02:00'";19;35;15;16;1;moderate
DEBB021;"'2020-07-19 03:00'";20;35;14;17;1;moderate
DEBB021;"'2020-07-19 04:00'";23;8;37;19;1;moderate
DEBB021;"'2020-07-19 05:00'";23;19;16;20;1;moderate
DEBB021;"'2020-07-19 06:00'";24;14;16;21;1;moderate
DEBB021;"'2020-07-19 07:00'";27;8;27;24;1;moderate
DEBB021;"'2020-07-19 08:00'";29;34;17;24;1;moderate
DEBB021;"'2020-07-19 09:00'";23;54;13;17;1;moderate
DEBB021;"'2020-07-19 10:00'";17;94;6;11;1;moderate
DEBB021;"'2020-07-19 11:00'";11;114;3;8;1;moderate
DEBB021;"'2020-07-19 12:00'";10;115;2;7;1;moderate
DEBB021;"'2020-07-19 13:00'";11;117;2;8;1;moderate
DEBB021;"'2020-07-19 14:00'";11;121;4;8;1;moderate
DEBB021;"'2020-07-19 15:00'";10;123;4;7;1;moderate
DEBB021;"'2020-07-19 16:00'";11;120;6;8;1;moderate
DEBB021;"'2020-07-19 17:00'";11;121;5;8;1;moderate
DEBB021;"'2020-07-19 18:00'";10;124;3;8;1;moderate
DEBB021;"'2020-07-19 19:00'";11;121;3;7;1;moderate
DEBB021;"'2020-07-19 20:00'";11;123;7;7;1;moderate
DEBB021;"'2020-07-19 21:00'";15;114;9;8;1;moderate
DEBB021;"'2020-07-19 22:00'";16;103;6;11;1;moderate
DEBB021;"'2020-07-19 23:00'";15;101;5;11;1;moderate
DEBB021;"'2020-07-19 24:00'";16;92;8;13;1;moderate
DEBB021;"'2020-07-20 01:00'";17;82;10;14;1;moderate
DEBB021;"'2020-07-20 02:00'";18;71;11;16;1;moderate
DEBB021;"'2020-07-20 03:00'";19;67;8;17;1;moderate
DEBB021;"'2020-07-20 04:00'";20;65;6;17;1;moderate
DEBB021;"'2020-07-20 05:00'";22;60;7;19;1;moderate
DEBB021;"'2020-07-20 06:00'";22;53;9;20;1;moderate
DEBB021;"'2020-07-20 07:00'";26;40;22;22;1;moderate
DEBB021;"'2020-07-20 08:00'";30;48;21;22;1;moderate
DEBB021;"'2020-07-20 09:00'";27;59;16;19;1;moderate
DEBB021;"'2020-07-20 10:00'";24;72;9;16;1;moderate
DEBB021;"'2020-07-20 11:00'";18;71;5;11;-;good
DEBB021;"'2020-07-20 12:00'";9;89;6;5;1;moderate
DEBB021;"'2020-07-20 13:00'";10;102;5;5;1;moderate
DEBB021;"'2020-07-20 14:00'";10;101;4;6;1;moderate
DEBB021;"'2020-07-20 15:00'";9;81;4;6;1;moderate
DEBB021;"'2020-07-20 16:00'";7;66;4;4;1;good
DEBB021;"'2020-07-20 17:00'";4;65;3;3;1;good
DEBB021;"'2020-07-20 18:00'";4;70;2;2;1;good
DEBB021;"'2020-07-20 19:00'";4;68;2;2;1;good
DEBB021;"'2020-07-20 20:00'";4;70;2;2;1;good
DEBB021;"'2020-07-20 21:00'";5;70;5;3;1;good
DEBB021;"'2020-07-20 22:00'";8;52;18;5;1;good
DEBB021;"'2020-07-20 23:00'";10;48;13;6;1;good
DEBB021;"'2020-07-20 24:00'";9;27;25;6;1;good
DEBB021;"'2020-07-21 01:00'";8;26;24;6;1;good
DEBB021;"'2020-07-21 02:00'";7;40;10;5;1;good
DEBB021;"'2020-07-21 03:00'";5;38;12;4;1;good
DEBB021;"'2020-07-21 04:00'";5;37;11;3;1;good
DEBB021;"'2020-07-21 05:00'";5;37;9;3;1;good
DEBB021;"'2020-07-21 06:00'";5;32;12;4;1;good
DEBB021;"'2020-07-21 07:00'";6;31;14;3;1;good
DEBB021;"'2020-07-21 08:00'";5;42;7;3;1;good
DEBB021;"'2020-07-21 09:00'";6;48;6;3;1;good
DEBB021;"'2020-07-21 10:00'";6;56;3;3;1;good
DEBB021;"'2020-07-21 11:00'";5;62;2;3;1;good
DEBB021;"'2020-07-21 12:00'";5;64;2;2;1;good
DEBB021;"'2020-07-21 13:00'";4;64;2;2;1;good
DEBB021;"'2020-07-21 14:00'";6;68;2;2;1;good
DEBB021;"'2020-07-21 15:00'";4;73;2;2;1;moderate
DEBB021;"'2020-07-21 16:00'";5;75;2;2;1;moderate
DEBB021;"'2020-07-21 17:00'";5;76;3;2;1;moderate
DEBB021;"'2020-07-21 18:00'";4;78;2;2;1;moderate
DEBB021;"'2020-07-21 19:00'";4;79;2;2;1;moderate
DEBB021;"'2020-07-21 20:00'";5;79;2;2;1;moderate
DEBB021;"'2020-07-21 21:00'";10;78;3;3;1;moderate
DEBB021;"'2020-07-21 22:00'";13;72;6;4;1;good
DEBB021;"'2020-07-21 23:00'";11;66;6;3;1;good
DEBB021;"'2020-07-21 24:00'";11;60;7;3;1;good
DEBB021;"'2020-07-22 01:00'";9;54;10;3;1;good
DEBB021;"'2020-07-22 02:00'";6;54;6;3;1;good
DEBB021;"'2020-07-22 03:00'";4;37;19;3;1;good
DEBB021;"'2020-07-22 04:00'";4;43;13;2;1;good
DEBB021;"'2020-07-22 05:00'";3;34;20;2;1;good
DEBB021;"'2020-07-22 06:00'";3;36;11;2;1;good
DEBB021;"'2020-07-22 07:00'";3;36;11;2;1;good
DEBB021;"'2020-07-22 08:00'";4;39;10;2;1;good
DEBB021;"'2020-07-22 09:00'";4;52;4;1;1;good
DEBB021;"'2020-07-22 10:00'";4;62;2;1;1;good
DEBB021;"'2020-07-22 11:00'";5;71;2;2;1;good
DEBB021;"'2020-07-22 12:00'";6;77;2;3;1;moderate
DEBB021;"'2020-07-22 13:00'";6;80;3;3;1;moderate
DEBB021;"'2020-07-22 14:00'";7;83;2;3;1;moderate
DEBB021;"'2020-07-22 15:00'";5;85;3;3;1;moderate
DEBB021;"'2020-07-22 16:00'";6;86;2;3;1;moderate
DEBB021;"'2020-07-22 17:00'";7;89;2;3;1;moderate
DEBB021;"'2020-07-22 18:00'";7;91;4;3;1;moderate
DEBB021;"'2020-07-22 19:00'";7;90;5;3;1;moderate
DEBB021;"'2020-07-22 20:00'";8;88;5;4;1;moderate
DEBB021;"'2020-07-22 21:00'";8;80;8;4;1;moderate
DEBB021;"'2020-07-22 22:00'";8;74;6;3;1;moderate
DEBB021;"'2020-07-22 23:00'";8;71;5;4;1;good
DEBB021;"'2020-07-22 24:00'";8;66;6;3;1;good
DEBB021;"'2020-07-23 01:00'";8;62;6;4;1;good
DEBB021;"'2020-07-23 02:00'";7;61;7;4;1;good
DEBB021;"'2020-07-23 03:00'";8;46;6;5;1;good
DEBB021;"'2020-07-23 04:00'";5;42;5;4;1;good
DEBB021;"'2020-07-23 05:00'";4;46;5;3;1;good
DEBB021;"'2020-07-23 06:00'";6;27;13;5;1;good
DEBB021;"'2020-07-23 07:00'";7;21;20;6;1;good
DEBB021;"'2020-07-23 08:00'";7;32;16;6;1;good
DEBB021;"'2020-07-23 09:00'";9;34;13;7;1;good
DEBB021;"'2020-07-23 10:00'";8;53;8;6;1;good
DEBB021;"'2020-07-23 11:00'";6;67;5;4;1;good
DEBB021;"'2020-07-23 12:00'";6;74;5;4;1;moderate
DEBB021;"'2020-07-23 13:00'";6;77;3;3;1;moderate
DEBB021;"'2020-07-23 14:00'";5;82;2;3;1;moderate
DEBB021;"'2020-07-23 15:00'";5;85;3;3;1;moderate
DEBB021;"'2020-07-23 16:00'";4;85;2;1;1;moderate
DEBB021;"'2020-07-23 17:00'";4;85;3;2;1;moderate
DEBB021;"'2020-07-23 18:00'";6;86;3;2;1;moderate
DEBB021;"'2020-07-23 19:00'";4;86;2;2;1;moderate
DEBB021;"'2020-07-23 20:00'";4;86;3;1;1;moderate
DEBB021;"'2020-07-23 21:00'";9;78;6;2;1;moderate
DEBB021;"'2020-07-23 22:00'";38;58;14;5;1;moderate
DEBB021;"'2020-07-23 23:00'";11;38;24;5;1;good
DEBB021;"'2020-07-23 24:00'";9;35;21;6;1;good
DEBB021;"'2020-07-24 01:00'";8;42;16;5;1;good
DEBB021;"'2020-07-24 02:00'";8;40;18;4;1;good
DEBB021;"'2020-07-24 03:00'";7;44;16;4;1;good
DEBB021;"'2020-07-24 04:00'";11;42;16;5;1;good
DEBB021;"'2020-07-24 05:00'";11;52;12;5;1;good
DEBB021;"'2020-07-24 06:00'";9;40;17;5;1;good
DEBB021;"'2020-07-24 07:00'";10;34;25;6;1;good
DEBB021;"'2020-07-24 08:00'";16;52;19;6;1;good
DEBB021;"'2020-07-24 09:00'";18;62;17;6;1;good
DEBB021;"'2020-07-24 10:00'";19;77;14;6;3;moderate
DEBB021;"'2020-07-24 11:00'";18;97;10;5;2;moderate
DEBB021;"'2020-07-24 12:00'";15;106;9;4;1;moderate
DEBB021;"'2020-07-24 13:00'";11;106;8;3;1;moderate
DEBB021;"'2020-07-24 14:00'";13;113;7;4;1;moderate
DEBB021;"'2020-07-24 15:00'";14;125;8;4;1;moderate
DEBB021;"'2020-07-24 16:00'";14;126;6;4;1;moderate
DEBB021;"'2020-07-24 17:00'";15;120;4;4;1;moderate
DEBB021;"'2020-07-24 18:00'";18;119;5;5;1;moderate
DEBB021;"'2020-07-24 19:00'";19;122;6;7;1;moderate
DEBB021;"'2020-07-24 20:00'";11;98;6;5;1;moderate
DEBB021;"'2020-07-24 21:00'";10;96;5;5;1;moderate
DEBB021;"'2020-07-24 22:00'";10;89;6;5;1;moderate
DEBB021;"'2020-07-24 23:00'";13;78;8;5;1;moderate
DEBB021;"'2020-07-24 24:00'";15;70;9;7;1;good
DEBB021;"'2020-07-25 01:00'";13;62;9;7;1;good
DEBB021;"'2020-07-25 02:00'";11;55;11;8;1;good
DEBB021;"'2020-07-25 03:00'";12;47;12;9;1;good
DEBB021;"'2020-07-25 04:00'";12;36;14;9;1;good
DEBB021;"'2020-07-25 05:00'";12;29;17;9;1;good
DEBB021;"'2020-07-25 06:00'";13;31;16;10;1;good
DEBB021;"'2020-07-25 07:00'";14;34;16;11;1;good
DEBB021;"'2020-07-25 08:00'";12;43;11;9;1;good
DEBB021;"'2020-07-25 09:00'";8;58;6;6;1;good
DEBB021;"'2020-07-25 10:00'";7;64;5;5;1;good
DEBB021;"'2020-07-25 11:00'";10;64;6;5;1;good
DEBB021;"'2020-07-25 12:00'";10;72;7;6;1;good
DEBB021;"'2020-07-25 13:00'";12;81;4;7;1;moderate
DEBB021;"'2020-07-25 14:00'";13;83;6;7;1;moderate
DEBB021;"'2020-07-25 15:00'";10;88;5;7;1;moderate
DEBB021;"'2020-07-25 16:00'";13;92;3;7;1;moderate
DEBB021;"'2020-07-25 17:00'";11;94;3;6;1;moderate
DEBB021;"'2020-07-25 18:00'";14;95;3;6;1;moderate
DEBB021;"'2020-07-25 19:00'";12;98;4;6;1;moderate
DEBB021;"'2020-07-25 20:00'";14;96;4;6;1;moderate
DEBB021;"'2020-07-25 21:00'";17;91;6;7;1;moderate
DEBB021;"'2020-07-25 22:00'";19;72;16;10;1;good
DEBB021;"'2020-07-25 23:00'";25;54;21;14;1;good
DEBB021;"'2020-07-25 24:00'";24;57;18;16;1;moderate
DEBB021;"'2020-07-26 01:00'";22;63;15;14;1;good
DEBB021;"'2020-07-26 02:00'";22;51;19;17;1;moderate
DEBB021;"'2020-07-26 03:00'";20;54;16;16;1;moderate
DEBB021;"'2020-07-26 04:00'";23;54;13;17;1;moderate
DEBB021;"'2020-07-26 05:00'";20;49;12;16;1;moderate
DEBB021;"'2020-07-26 06:00'";22;53;10;17;1;moderate
DEBB021;"'2020-07-26 07:00'";24;52;9;18;1;moderate
DEBB021;"'2020-07-26 08:00'";25;51;9;19;1;moderate
DEBB021;"'2020-07-26 09:00'";22;55;9;17;1;moderate
DEBB021;"'2020-07-26 10:00'";10;69;6;8;1;good
DEBB021;"'2020-07-26 11:00'";7;60;7;6;1;good
DEBB021;"'2020-07-26 12:00'";7;56;7;6;1;good
DEBB021;"'2020-07-26 13:00'";6;64;5;5;1;good
DEBB021;"'2020-07-26 14:00'";7;72;5;5;1;good
DEBB021;"'2020-07-26 15:00'";3;71;4;2;1;good
DEBB021;"'2020-07-26 16:00'";3;66;7;2;1;good
DEBB021;"'2020-07-26 17:00'";2;72;3;2;1;good
DEBB021;"'2020-07-26 18:00'";4;76;2;3;1;moderate
DEBB021;"'2020-07-26 19:00'";5;81;3;4;1;moderate
DEBB021;"'2020-07-26 20:00'";4;80;5;4;1;moderate
DEBB021;"'2020-07-26 21:00'";5;69;6;4;1;good
DEBB021;"'2020-07-26 22:00'";6;57;9;5;1;good
DEBB021;"'2020-07-26 23:00'";7;48;10;6;1;good
DEBB021;"'2020-07-26 24:00'";7;49;11;6;1;good
DEBB021;"'2020-07-27 01:00'";8;47;10;7;1;good
DEBB021;"'2020-07-27 02:00'";9;30;12;7;1;good
DEBB021;"'2020-07-27 03:00'";9;16;17;7;1;good
DEBB021;"'2020-07-27 04:00'";9;23;10;7;1;good
DEBB021;"'2020-07-27 05:00'";9;14;10;8;1;good
DEBB021;"'2020-07-27 06:00'";10;9;11;8;1;good
DEBB021;"'2020-07-27 07:00'";11;5;16;8;1;good
DEBB021;"'2020-07-27 08:00'";12;17;19;9;1;good
DEBB021;"'2020-07-27 09:00'";11;36;19;9;1;good
DEBB021;"'2020-07-27 10:00'";9;59;12;6;1;good
DEBB021;"'2020-07-27 11:00'";8;75;7;5;1;moderate
DEBB021;"'2020-07-27 12:00'";7;83;6;4;1;moderate
DEBB021;"'2020-07-27 13:00'";8;89;6;5;1;moderate
DEBB021;"'2020-07-27 14:00'";8;87;5;4;1;moderate
DEBB021;"'2020-07-27 15:00'";8;87;6;4;1;moderate
DEBB021;"'2020-07-27 16:00'";7;88;5;4;1;moderate
DEBB021;"'2020-07-27 17:00'";8;87;7;4;1;moderate
DEBB021;"'2020-07-27 18:00'";8;90;6;4;1;moderate
DEBB021;"'2020-07-27 19:00'";8;78;9;5;1;moderate
DEBB021;"'2020-07-27 20:00'";7;58;20;5;1;good
DEBB021;"'2020-07-27 21:00'";6;59;13;5;1;good
DEBB021;"'2020-07-27 22:00'";6;51;16;5;1;good
DEBB021;"'2020-07-27 23:00'";7;46;17;6;1;good
DEBB021;"'2020-07-27 24:00'";8;51;16;6;1;good
DEBB021;"'2020-07-28 01:00'";9;55;14;7;1;good
DEBB021;"'2020-07-28 02:00'";10;55;13;7;1;good
DEBB021;"'2020-07-28 03:00'";11;56;11;9;1;good
DEBB021;"'2020-07-28 04:00'";13;54;10;9;1;good
DEBB021;"'2020-07-28 05:00'";13;49;12;10;1;good
DEBB021;"'2020-07-28 06:00'";12;48;12;8;1;good
DEBB021;"'2020-07-28 07:00'";10;48;13;7;1;good
DEBB021;"'2020-07-28 08:00'";10;53;16;6;1;good
DEBB021;"'2020-07-28 09:00'";10;63;13;5;1;good
DEBB021;"'2020-07-28 10:00'";9;73;8;4;1;moderate
DEBB021;"'2020-07-28 11:00'";9;77;8;4;1;moderate
DEBB021;"'2020-07-28 12:00'";9;85;7;4;1;moderate
DEBB021;"'2020-07-28 13:00'";9;86;6;4;1;moderate
DEBB021;"'2020-07-28 14:00'";10;90;6;5;1;moderate
DEBB021;"'2020-07-28 15:00'";11;91;5;5;1;moderate
DEBB021;"'2020-07-28 16:00'";11;91;4;6;1;moderate
DEBB021;"'2020-07-28 17:00'";8;88;5;4;1;moderate
DEBB021;"'2020-07-28 18:00'";11;84;4;4;1;moderate
DEBB021;"'2020-07-28 19:00'";11;83;3;5;1;moderate
DEBB021;"'2020-07-28 20:00'";11;83;4;7;1;moderate
DEBB021;"'2020-07-28 21:00'";12;78;5;7;1;moderate
DEBB021;"'2020-07-28 22:00'";11;72;6;6;1;good
DEBB021;"'2020-07-28 23:00'";13;71;6;6;1;good
DEBB021;"'2020-07-28 24:00'";9;76;5;4;1;moderate
DEBB021;"'2020-07-29 01:00'";8;76;5;4;1;moderate
DEBB021;"'2020-07-29 02:00'";8;70;6;4;1;good
DEBB021;"'2020-07-29 03:00'";8;64;7;4;1;good
DEBB021;"'2020-07-29 04:00'";8;59;8;4;1;good
DEBB021;"'2020-07-29 05:00'";8;57;7;5;1;good
DEBB021;"'2020-07-29 06:00'";8;51;9;5;1;good
DEBB021;"'2020-07-29 07:00'";9;45;15;5;1;good
DEBB021;"'2020-07-29 08:00'";11;46;16;7;1;good
DEBB021;"'2020-07-29 09:00'";11;58;9;5;1;good
DEBB021;"'2020-07-29 10:00'";9;69;6;4;1;good
DEBB021;"'2020-07-29 11:00'";10;71;7;4;1;good
DEBB021;"'2020-07-29 12:00'";10;60;6;4;1;good
DEBB021;"'2020-07-29 13:00'";11;79;5;4;1;moderate
DEBB021;"'2020-07-29 14:00'";12;80;8;4;1;moderate
DEBB021;"'2020-07-29 15:00'";10;85;5;4;1;moderate
DEBB021;"'2020-07-29 16:00'";11;89;3;3;1;moderate
DEBB021;"'2020-07-29 17:00'";11;93;5;3;1;moderate
DEBB021;"'2020-07-29 18:00'";9;95;5;3;1;moderate
DEBB021;"'2020-07-29 19:00'";9;93;5;4;1;moderate
DEBB021;"'2020-07-29 20:00'";9;90;5;4;1;moderate
DEBB021;"'2020-07-29 21:00'";10;86;6;4;1;moderate
DEBB021;"'2020-07-29 22:00'";12;80;8;5;1;moderate
DEBB021;"'2020-07-29 23:00'";12;74;7;5;1;moderate
DEBB021;"'2020-07-29 24:00'";18;61;12;6;1;good
DEBB021;"'2020-07-30 01:00'";12;59;9;5;1;good
DEBB021;"'2020-07-30 02:00'";10;49;14;5;1;good
DEBB021;"'2020-07-30 03:00'";9;18;40;6;1;moderate
DEBB021;"'2020-07-30 04:00'";8;38;14;5;1;good
DEBB021;"'2020-07-30 05:00'";9;41;13;5;1;good
DEBB021;"'2020-07-30 06:00'";7;36;16;5;1;good
DEBB021;"'2020-07-30 07:00'";9;35;22;6;1;good
DEBB021;"'2020-07-30 08:00'";11;48;13;5;1;good
DEBB021;"'2020-07-30 09:00'";8;61;7;4;1;good
DEBB021;"'2020-07-30 10:00'";8;69;4;4;1;good
DEBB021;"'2020-07-30 11:00'";10;74;4;5;1;moderate
DEBB021;"'2020-07-30 12:00'";9;79;4;5;1;moderate
DEBB021;"'2020-07-30 13:00'";10;82;4;4;1;moderate
DEBB021;"'2020-07-30 14:00'";9;84;3;4;1;moderate
DEBB021;"'2020-07-30 15:00'";9;84;2;3;1;moderate
DEBB021;"'2020-07-30 16:00'";9;80;2;3;1;moderate
DEBB021;"'2020-07-30 17:00'";12;82;3;3;1;moderate
DEBB021;"'2020-07-30 18:00'";9;85;2;3;1;moderate
DEBB021;"'2020-07-30 19:00'";10;84;5;3;1;moderate
DEBB021;"'2020-07-30 20:00'";11;80;6;4;1;moderate
DEBB021;"'2020-07-30 21:00'";16;78;7;4;1;moderate
DEBB021;"'2020-07-30 22:00'";17;69;11;5;1;good
DEBB021;"'2020-07-30 23:00'";12;63;12;5;1;good
DEBB021;"'2020-07-30 24:00'";13;61;9;6;1;good
DEBB021;"'2020-07-31 01:00'";15;53;13;6;1;good
DEBB021;"'2020-07-31 02:00'";14;40;18;7;1;good
DEBB021;"'2020-07-31 03:00'";15;38;19;7;1;good
DEBB021;"'2020-07-31 04:00'";14;40;19;7;1;good
DEBB021;"'2020-07-31 05:00'";12;41;19;7;1;good
DEBB021;"'2020-07-31 06:00'";10;19;37;6;1;moderate
DEBB021;"'2020-07-31 07:00'";12;35;25;8;1;good
DEBB021;"'2020-07-31 08:00'";15;44;22;8;1;good
DEBB021;"'2020-07-31 09:00'";9;74;9;5;1;moderate
DEBB021;"'2020-07-31 10:00'";10;84;5;5;1;moderate
DEBB021;"'2020-07-31 11:00'";11;90;4;6;1;moderate
DEBB021;"'2020-07-31 12:00'";11;94;4;5;1;moderate
DEBB021;"'2020-07-31 13:00'";11;94;4;4;1;moderate
DEBB021;"'2020-07-31 14:00'";10;95;3;4;1;moderate
DEBB021;"'2020-07-31 15:00'";10;99;4;4;1;moderate
DEBB021;"'2020-07-31 16:00'";10;100;4;3;1;moderate
DEBB021;"'2020-07-31 17:00'";10;100;3;3;1;moderate
DEBB021;"'2020-07-31 18:00'";9;99;2;3;1;moderate
DEBB021;"'2020-07-31 19:00'";10;103;2;4;1;moderate
DEBB021;"'2020-07-31 20:00'";13;101;3;4;1;moderate
DEBB021;"'2020-07-31 21:00'";16;91;7;5;1;moderate
DEBB021;"'2020-07-31 22:00'";27;71;15;7;1;good
DEBB021;"'2020-07-31 23:00'";26;64;13;7;1;good
DEBB021;"'2020-07-31 24:00'";19;58;12;7;1;good
DEBB021;"'2020-08-01 01:00'";16;57;13;7;1;good
DEBB021;"'2020-08-01 02:00'";17;56;12;8;1;good
DEBB021;"'2020-08-01 03:00'";11;55;12;8;1;good
DEBB021;"'2020-08-01 04:00'";11;51;13;8;1;good
DEBB021;"'2020-08-01 05:00'";12;48;11;8;1;good
DEBB021;"'2020-08-01 06:00'";12;46;11;8;1;good
DEBB021;"'2020-08-01 07:00'";13;43;12;9;1;good
DEBB021;"'2020-08-01 08:00'";19;47;11;9;1;good
DEBB021;"'2020-08-01 09:00'";22;52;11;9;2;good
DEBB021;"'2020-08-01 10:00'";22;62;10;7;2;good
DEBB021;"'2020-08-01 11:00'";19;81;7;6;1;moderate
DEBB021;"'2020-08-01 12:00'";17;94;3;5;1;moderate
DEBB021;"'2020-08-01 13:00'";19;99;4;4;1;moderate
DEBB021;"'2020-08-01 14:00'";18;102;5;4;1;moderate
DEBB021;"'2020-08-01 15:00'";16;109;3;4;1;moderate
DEBB021;"'2020-08-01 16:00'";16;112;3;4;1;moderate
DEBB021;"'2020-08-01 17:00'";16;113;5;4;1;moderate
DEBB021;"'2020-08-01 18:00'";13;117;3;3;1;moderate
DEBB021;"'2020-08-01 19:00'";13;113;7;4;1;moderate
DEBB021;"'2020-08-01 20:00'";19;104;8;5;1;moderate
DEBB021;"'2020-08-01 21:00'";16;97;9;5;1;moderate
DEBB021;"'2020-08-01 22:00'";16;90;12;6;1;moderate
DEBB021;"'2020-08-01 23:00'";14;80;12;6;1;moderate
DEBB021;"'2020-08-01 24:00'";13;73;13;6;1;moderate
DEBB021;"'2020-08-02 01:00'";12;73;9;5;1;moderate
DEBB021;"'2020-08-02 02:00'";13;72;7;5;1;good
DEBB021;"'2020-08-02 03:00'";10;70;7;4;1;good
DEBB021;"'2020-08-02 04:00'";11;67;7;5;1;good
DEBB021;"'2020-08-02 05:00'";11;62;7;5;1;good
DEBB021;"'2020-08-02 06:00'";11;57;9;5;1;good
DEBB021;"'2020-08-02 07:00'";14;57;10;5;1;good
DEBB021;"'2020-08-02 08:00'";17;58;10;5;1;good
DEBB021;"'2020-08-02 09:00'";17;64;9;6;1;good
DEBB021;"'2020-08-02 10:00'";16;75;9;6;1;moderate
DEBB021;"'2020-08-02 11:00'";16;70;9;7;1;good
DEBB021;"'2020-08-02 12:00'";13;63;7;10;1;good
DEBB021;"'2020-08-02 13:00'";14;57;8;11;1;good
DEBB021;"'2020-08-02 14:00'";12;59;9;10;1;good
DEBB021;"'2020-08-02 15:00'";13;60;10;11;1;good
DEBB021;"'2020-08-02 16:00'";15;70;8;13;1;good
DEBB021;"'2020-08-02 17:00'";16;75;7;14;1;moderate
DEBB021;"'2020-08-02 18:00'";17;74;6;15;1;moderate
DEBB021;"'2020-08-02 19:00'";17;74;7;15;1;moderate
DEBB021;"'2020-08-02 20:00'";13;64;8;11;1;good
DEBB021;"'2020-08-02 21:00'";10;50;9;8;1;good
DEBB021;"'2020-08-02 22:00'";8;45;7;7;1;good
DEBB021;"'2020-08-02 23:00'";9;35;13;7;1;good
DEBB021;"'2020-08-02 24:00'";10;28;12;8;1;good
DEBB021;"'2020-08-03 01:00'";10;31;10;8;1;good
DEBB021;"'2020-08-03 02:00'";11;27;10;9;1;good
DEBB021;"'2020-08-03 03:00'";10;43;6;9;1;good
DEBB021;"'2020-08-03 04:00'";9;50;4;7;1;good
DEBB021;"'2020-08-03 05:00'";8;52;3;6;1;good
DEBB021;"'2020-08-03 06:00'";8;49;5;6;1;good
DEBB021;"'2020-08-03 07:00'";8;48;6;6;1;good
DEBB021;"'2020-08-03 08:00'";8;44;8;6;1;good
DEBB021;"'2020-08-03 09:00'";11;43;8;8;1;good
DEBB021;"'2020-08-03 10:00'";11;45;7;8;1;good
DEBB021;"'2020-08-03 11:00'";10;49;6;8;1;good
DEBB021;"'2020-08-03 12:00'";9;57;6;7;1;good
DEBB021;"'2020-08-03 13:00'";9;64;3;6;1;good
DEBB021;"'2020-08-03 14:00'";7;70;2;4;1;good
DEBB021;"'2020-08-03 15:00'";7;73;3;4;1;moderate
DEBB021;"'2020-08-03 16:00'";7;76;2;3;1;moderate
DEBB021;"'2020-08-03 17:00'";6;77;3;3;1;moderate
DEBB021;"'2020-08-03 18:00'";6;78;2;3;1;moderate
DEBB021;"'2020-08-03 19:00'";7;77;3;3;1;moderate
DEBB021;"'2020-08-03 20:00'";8;75;5;3;1;moderate
DEBB021;"'2020-08-03 21:00'";7;68;7;4;1;good
DEBB021;"'2020-08-03 22:00'";7;63;8;4;1;good
DEBB021;"'2020-08-03 23:00'";6;65;5;4;1;good
DEBB021;"'2020-08-03 24:00'";6;63;5;4;1;good
DEBB021;"'2020-08-04 01:00'";7;57;6;4;1;good
DEBB021;"'2020-08-04 02:00'";8;52;7;5;1;good
DEBB021;"'2020-08-04 03:00'";6;49;7;4;1;good
DEBB021;"'2020-08-04 04:00'";6;44;8;5;1;good
DEBB021;"'2020-08-04 05:00'";7;38;11;5;1;good
DEBB021;"'2020-08-04 06:00'";7;34;13;5;1;good
DEBB021;"'2020-08-04 07:00'";7;30;17;5;1;good
DEBB021;"'2020-08-04 08:00'";6;36;14;5;1;good
DEBB021;"'2020-08-04 09:00'";7;46;10;4;1;good
DEBB021;"'2020-08-04 10:00'";8;57;7;3;1;good
DEBB021;"'2020-08-04 11:00'";9;63;6;3;1;good
DEBB021;"'2020-08-04 12:00'";9;69;5;3;1;good
DEBB021;"'2020-08-04 13:00'";9;71;4;3;1;good
DEBB021;"'2020-08-04 14:00'";9;73;5;3;1;moderate
DEBB021;"'2020-08-04 15:00'";9;75;4;3;1;moderate
DEBB021;"'2020-08-04 16:00'";10;76;5;3;1;moderate
DEBB021;"'2020-08-04 17:00'";10;80;4;3;1;moderate
DEBB021;"'2020-08-04 18:00'";10;77;5;3;1;moderate
DEBB021;"'2020-08-04 19:00'";10;76;6;3;1;moderate
DEBB021;"'2020-08-04 20:00'";10;72;8;4;1;good
DEBB021;"'2020-08-04 21:00'";12;67;9;4;1;good
DEBB021;"'2020-08-04 22:00'";24;53;14;7;1;good
DEBB021;"'2020-08-04 23:00'";38;29;26;11;1;moderate
DEBB021;"'2020-08-04 24:00'";15;23;26;10;1;good
DEBB021;"'2020-08-05 01:00'";13;11;35;9;1;moderate
DEBB021;"'2020-08-05 02:00'";10;16;21;7;1;good
DEBB021;"'2020-08-05 03:00'";10;2;30;8;1;good
DEBB021;"'2020-08-05 04:00'";9;11;19;6;1;good
DEBB021;"'2020-08-05 05:00'";9;8;20;6;1;good
DEBB021;"'2020-08-05 06:00'";9;7;23;6;1;good
DEBB021;"'2020-08-05 07:00'";10;4;28;7;1;good
DEBB021;"'2020-08-05 08:00'";13;9;32;8;1;moderate
DEBB021;"'2020-08-05 09:00'";22;39;22;7;1;good
DEBB021;"'2020-08-05 10:00'";13;69;8;4;1;good
DEBB021;"'2020-08-05 11:00'";15;83;8;4;1;moderate
DEBB021;"'2020-08-05 12:00'";14;97;7;4;1;moderate
DEBB021;"'2020-08-05 13:00'";15;101;6;4;1;moderate
DEBB021;"'2020-08-05 14:00'";15;104;4;3;1;moderate
DEBB021;"'2020-08-05 15:00'";18;108;5;3;1;moderate
DEBB021;"'2020-08-05 16:00'";13;111;5;3;1;moderate
DEBB021;"'2020-08-05 17:00'";15;115;6;3;1;moderate
DEBB021;"'2020-08-05 18:00'";16;121;6;3;1;moderate
DEBB021;"'2020-08-05 19:00'";14;123;6;3;1;moderate
DEBB021;"'2020-08-05 20:00'";17;120;6;4;1;moderate
DEBB021;"'2020-08-05 21:00'";36;104;8;7;1;moderate
DEBB021;"'2020-08-05 22:00'";32;82;17;8;1;moderate
DEBB021;"'2020-08-05 23:00'";19;74;21;8;1;moderate
DEBB021;"'2020-08-05 24:00'";16;72;16;8;1;good
DEBB021;"'2020-08-06 01:00'";14;64;19;8;1;good
DEBB021;"'2020-08-06 02:00'";14;66;17;9;1;good
DEBB021;"'2020-08-06 03:00'";14;68;13;9;1;good
DEBB021;"'2020-08-06 04:00'";13;64;13;10;1;good
DEBB021;"'2020-08-06 05:00'";14;53;16;9;1;good
DEBB021;"'2020-08-06 06:00'";14;44;23;10;1;good
DEBB021;"'2020-08-06 07:00'";18;32;34;10;1;moderate
DEBB021;"'2020-08-06 08:00'";27;28;41;10;1;moderate
DEBB021;"'2020-08-06 09:00'";32;51;27;9;1;moderate
DEBB021;"'2020-08-06 10:00'";21;70;19;6;3;good
DEBB021;"'2020-08-06 11:00'";20;87;15;5;5;moderate
DEBB021;"'2020-08-06 12:00'";23;108;6;5;1;moderate
DEBB021;"'2020-08-06 13:00'";20;114;6;5;1;moderate
DEBB021;"'2020-08-06 14:00'";19;114;6;4;1;moderate
DEBB021;"'2020-08-06 15:00'";19;115;5;3;1;moderate
DEBB021;"'2020-08-06 16:00'";14;117;5;3;1;moderate
DEBB021;"'2020-08-06 17:00'";16;117;5;3;1;moderate
DEBB021;"'2020-08-06 18:00'";16;121;6;3;1;moderate
DEBB021;"'2020-08-06 19:00'";19;118;5;3;1;moderate
DEBB021;"'2020-08-06 20:00'";18;115;6;3;1;moderate
DEBB021;"'2020-08-06 21:00'";30;106;10;5;1;moderate
DEBB021;"'2020-08-06 22:00'";39;80;19;7;1;moderate
DEBB021;"'2020-08-06 23:00'";31;68;21;7;1;moderate
DEBB021;"'2020-08-06 24:00'";20;68;22;7;1;good
DEBB021;"'2020-08-07 01:00'";19;68;18;8;1;good
DEBB021;"'2020-08-07 02:00'";19;61;19;9;1;good
DEBB021;"'2020-08-07 03:00'";17;60;18;10;1;good
DEBB021;"'2020-08-07 04:00'";18;63;15;11;1;good
DEBB021;"'2020-08-07 05:00'";21;47;20;11;1;good
DEBB021;"'2020-08-07 06:00'";17;41;23;12;1;good
DEBB021;"'2020-08-07 07:00'";20;34;32;13;1;moderate
DEBB021;"'2020-08-07 08:00'";32;44;33;12;1;moderate
DEBB021;"'2020-08-07 09:00'";33;63;24;10;1;moderate
DEBB021;"'2020-08-07 10:00'";29;76;25;9;1;moderate
DEBB021;"'2020-08-07 11:00'";28;109;19;9;1;moderate
DEBB021;"'2020-08-07 12:00'";26;129;13;9;1;moderate
DEBB021;"'2020-08-07 13:00'";30;132;8;10;1;moderate
DEBB021;"'2020-08-07 14:00'";32;137;9;11;1;moderate
DEBB021;"'2020-08-07 15:00'";28;134;7;10;1;moderate
DEBB021;"'2020-08-07 16:00'";28;136;8;10;1;moderate
DEBB021;"'2020-08-07 17:00'";28;145;6;10;1;poor
DEBB021;"'2020-08-07 18:00'";29;148;6;10;1;poor
DEBB021;"'2020-08-07 19:00'";28;144;5;11;1;moderate
DEBB021;"'2020-08-07 20:00'";37;134;5;13;1;moderate
DEBB021;"'2020-08-07 21:00'";46;113;17;15;1;moderate
DEBB021;"'2020-08-07 22:00'";52;85;27;17;1;moderate
DEBB021;"'2020-08-07 23:00'";45;77;25;19;1;moderate
DEBB021;"'2020-08-07 24:00'";33;73;20;19;1;moderate
DEBB021;"'2020-08-08 01:00'";30;63;19;21;1;moderate
DEBB021;"'2020-08-08 02:00'";28;60;16;20;1;moderate
DEBB021;"'2020-08-08 03:00'";28;46;14;21;1;moderate
DEBB021;"'2020-08-08 04:00'";32;48;20;24;1;moderate
DEBB021;"'2020-08-08 05:00'";36;47;24;28;1;moderate
DEBB021;"'2020-08-08 06:00'";39;37;27;30;1;moderate
DEBB021;"'2020-08-08 07:00'";41;41;27;31;1;poor
DEBB021;"'2020-08-08 08:00'";46;57;21;30;1;moderate
DEBB021;"'2020-08-08 09:00'";51;76;18;27;1;moderate
DEBB021;"'2020-08-08 10:00'";46;98;16;23;1;moderate
DEBB021;"'2020-08-08 11:00'";43;132;12;19;1;moderate
DEBB021;"'2020-08-08 12:00'";39;154;7;15;1;poor
DEBB021;"'2020-08-08 13:00'";28;159;6;13;1;poor
DEBB021;"'2020-08-08 14:00'";30;166;7;13;3;poor
DEBB021;"'2020-08-08 15:00'";26;167;6;12;2;poor
DEBB021;"'2020-08-08 16:00'";28;170;5;12;1;poor
DEBB021;"'2020-08-08 17:00'";24;167;3;11;1;poor
DEBB021;"'2020-08-08 18:00'";22;159;3;10;1;poor
DEBB021;"'2020-08-08 19:00'";21;154;6;10;1;poor
DEBB021;"'2020-08-08 20:00'";31;165;8;13;1;poor
DEBB021;"'2020-08-08 21:00'";61;135;14;20;1;poor
DEBB021;"'2020-08-08 22:00'";66;100;24;23;1;poor
DEBB021;"'2020-08-08 23:00'";65;53;52;24;1;poor
DEBB021;"'2020-08-08 24:00'";43;82;25;24;1;moderate
DEBB021;"'2020-08-09 01:00'";46;76;22;25;1;moderate
DEBB021;"'2020-08-09 02:00'";42;66;20;26;1;moderate
DEBB021;"'2020-08-09 03:00'";38;56;19;27;1;moderate
DEBB021;"'2020-08-09 04:00'";37;48;20;29;1;moderate
DEBB021;"'2020-08-09 05:00'";43;37;29;32;1;poor
DEBB021;"'2020-08-09 06:00'";45;36;26;33;1;poor
DEBB021;"'2020-08-09 07:00'";42;46;22;33;1;poor
DEBB021;"'2020-08-09 08:00'";41;57;18;31;1;poor
DEBB021;"'2020-08-09 09:00'";37;78;14;27;1;moderate
DEBB021;"'2020-08-09 10:00'";43;92;15;24;1;moderate
DEBB021;"'2020-08-09 11:00'";34;117;10;18;1;moderate
DEBB021;"'2020-08-09 12:00'";36;135;9;16;1;moderate
DEBB021;"'2020-08-09 13:00'";27;144;6;12;1;moderate
DEBB021;"'2020-08-09 14:00'";25;147;6;10;1;poor
DEBB021;"'2020-08-09 15:00'";23;154;6;10;1;poor
DEBB021;"'2020-08-09 16:00'";22;157;5;10;1;poor
DEBB021;"'2020-08-09 17:00'";21;157;3;10;1;poor
DEBB021;"'2020-08-09 18:00'";42;153;6;14;1;poor
DEBB021;"'2020-08-09 19:00'";29;144;7;14;1;moderate
DEBB021;"'2020-08-09 20:00'";28;139;6;14;1;moderate
DEBB021;"'2020-08-09 21:00'";26;128;8;15;1;moderate
DEBB021;"'2020-08-09 22:00'";24;119;8;15;1;moderate
DEBB021;"'2020-08-09 23:00'";21;114;7;15;1;moderate
DEBB021;"'2020-08-09 24:00'";22;102;9;16;1;moderate
DEBB021;"'2020-08-10 01:00'";21;89;10;15;1;moderate
DEBB021;"'2020-08-10 02:00'";20;85;9;15;1;moderate
DEBB021;"'2020-08-10 03:00'";21;83;9;16;1;moderate
DEBB021;"'2020-08-10 04:00'";21;84;8;15;1;moderate
DEBB021;"'2020-08-10 05:00'";23;80;8;16;1;moderate
DEBB021;"'2020-08-10 06:00'";23;75;12;15;1;moderate
DEBB021;"'2020-08-10 07:00'";24;66;19;15;1;good
DEBB021;"'2020-08-10 08:00'";31;62;23;15;1;moderate
DEBB021;"'2020-08-10 09:00'";32;67;20;16;1;moderate
DEBB021;"'2020-08-10 10:00'";26;99;9;13;1;moderate
DEBB021;"'2020-08-10 11:00'";31;112;8;10;1;moderate
DEBB021;"'2020-08-10 12:00'";22;121;6;8;1;moderate
DEBB021;"'2020-08-10 13:00'";25;122;7;9;1;moderate
DEBB021;"'2020-08-10 14:00'";29;120;10;9;1;moderate
DEBB021;"'2020-08-10 15:00'";27;129;7;8;1;moderate
DEBB021;"'2020-08-10 16:00'";25;132;5;9;1;moderate
DEBB021;"'2020-08-10 17:00'";31;131;7;10;1;moderate
DEBB021;"'2020-08-10 18:00'";20;131;8;10;1;moderate
DEBB021;"'2020-08-10 19:00'";19;123;12;11;1;moderate
DEBB021;"'2020-08-10 20:00'";21;119;13;12;1;moderate
DEBB021;"'2020-08-10 21:00'";21;105;14;13;1;moderate
DEBB021;"'2020-08-10 22:00'";23;93;13;15;1;moderate
DEBB021;"'2020-08-10 23:00'";22;81;15;15;1;moderate
DEBB021;"'2020-08-10 24:00'";23;64;18;16;1;moderate
DEBB021;"'2020-08-11 01:00'";22;66;15;16;1;moderate
DEBB021;"'2020-08-11 02:00'";22;66;13;16;1;moderate
DEBB021;"'2020-08-11 03:00'";22;69;11;16;1;moderate
DEBB021;"'2020-08-11 04:00'";20;76;9;14;1;moderate
DEBB021;"'2020-08-11 05:00'";21;75;10;15;1;moderate
DEBB021;"'2020-08-11 06:00'";21;71;12;14;2;good
DEBB021;"'2020-08-11 07:00'";28;62;19;15;3;moderate
DEBB021;"'2020-08-11 08:00'";37;60;20;15;3;moderate
DEBB021;"'2020-08-11 09:00'";34;67;16;14;3;moderate
DEBB021;"'2020-08-11 10:00'";36;76;15;13;3;moderate
DEBB021;"'2020-08-11 11:00'";35;94;13;12;1;moderate
DEBB021;"'2020-08-11 12:00'";34;112;13;12;1;moderate
DEBB021;"'2020-08-11 13:00'";35;119;7;10;1;moderate
DEBB021;"'2020-08-11 14:00'";30;116;6;8;1;moderate
DEBB021;"'2020-08-11 15:00'";28;110;8;6;1;moderate
DEBB021;"'2020-08-11 16:00'";23;112;6;5;1;moderate
DEBB021;"'2020-08-11 17:00'";23;116;7;6;1;moderate
DEBB021;"'2020-08-11 18:00'";29;119;5;6;1;moderate
DEBB021;"'2020-08-11 19:00'";24;121;6;7;1;moderate
DEBB021;"'2020-08-11 20:00'";19;114;6;8;1;moderate
DEBB021;"'2020-08-11 21:00'";20;107;8;8;1;moderate
DEBB021;"'2020-08-11 22:00'";20;106;9;8;1;moderate
DEBB021;"'2020-08-11 23:00'";18;104;7;8;1;moderate
DEBB021;"'2020-08-11 24:00'";16;96;7;8;1;moderate
DEBB021;"'2020-08-12 01:00'";15;88;7;8;1;moderate
DEBB021;"'2020-08-12 02:00'";18;81;7;8;1;moderate
DEBB021;"'2020-08-12 03:00'";17;77;8;9;1;moderate
DEBB021;"'2020-08-12 04:00'";19;71;9;9;1;good
DEBB021;"'2020-08-12 05:00'";20;69;9;10;1;good
DEBB021;"'2020-08-12 06:00'";23;65;11;10;1;good
DEBB021;"'2020-08-12 07:00'";26;59;14;10;1;good
DEBB021;"'2020-08-12 08:00'";30;57;17;9;1;moderate
DEBB021;"'2020-08-12 09:00'";34;61;16;8;3;moderate
DEBB021;"'2020-08-12 10:00'";39;68;17;8;3;moderate
DEBB021;"'2020-08-12 11:00'";38;87;14;7;2;moderate
DEBB021;"'2020-08-12 12:00'";34;109;9;7;1;moderate
DEBB021;"'2020-08-12 13:00'";38;115;6;6;1;moderate
DEBB021;"'2020-08-12 14:00'";30;117;6;5;1;moderate
DEBB021;"'2020-08-12 15:00'";29;119;6;5;1;moderate
DEBB021;"'2020-08-12 16:00'";26;123;6;4;1;moderate
DEBB021;"'2020-08-12 17:00'";22;125;6;4;1;moderate
DEBB021;"'2020-08-12 18:00'";29;126;7;4;1;moderate
DEBB021;"'2020-08-12 19:00'";22;128;7;4;1;moderate
DEBB021;"'2020-08-12 20:00'";18;125;9;4;1;moderate
DEBB021;"'2020-08-12 21:00'";21;113;13;4;1;moderate
DEBB021;"'2020-08-12 22:00'";20;103;13;5;1;moderate
DEBB021;"'2020-08-12 23:00'";20;93;16;6;4;moderate
DEBB021;"'2020-08-12 24:00'";19;93;13;6;5;moderate
DEBB021;"'2020-08-13 01:00'";18;94;10;6;1;moderate
DEBB021;"'2020-08-13 02:00'";17;90;8;7;1;moderate
DEBB021;"'2020-08-13 03:00'";17;88;8;7;1;moderate
DEBB021;"'2020-08-13 04:00'";16;88;7;7;1;moderate
DEBB021;"'2020-08-13 05:00'";17;85;7;7;1;moderate
DEBB021;"'2020-08-13 06:00'";17;78;11;7;1;moderate
DEBB021;"'2020-08-13 07:00'";26;67;18;8;1;good
DEBB021;"'2020-08-13 08:00'";30;63;22;9;1;moderate
DEBB021;"'2020-08-13 09:00'";38;72;19;9;2;moderate
DEBB021;"'2020-08-13 10:00'";45;76;20;10;1;moderate
DEBB021;"'2020-08-13 11:00'";54;91;18;11;2;moderate
DEBB021;"'2020-08-13 12:00'";41;115;14;11;4;moderate
DEBB021;"'2020-08-13 13:00'";45;130;16;12;6;moderate
DEBB021;"'2020-08-13 14:00'";42;145;10;11;4;poor
DEBB021;"'2020-08-13 15:00'";44;146;9;11;4;poor
DEBB021;"'2020-08-13 16:00'";51;130;13;13;3;moderate
DEBB021;"'2020-08-13 17:00'";50;121;15;14;1;moderate
DEBB021;"'2020-08-13 18:00'";101;109;23;17;1;"very poor"
DEBB021;"'2020-08-13 19:00'";37;114;23;13;1;moderate
DEBB021;"'2020-08-13 20:00'";34;115;16;14;1;moderate
DEBB021;"'2020-08-13 21:00'";39;101;19;14;1;moderate
DEBB021;"'2020-08-13 22:00'";38;90;20;14;1;moderate
DEBB021;"'2020-08-13 23:00'";30;87;19;15;1;moderate
DEBB021;"'2020-08-13 24:00'";26;92;15;14;1;moderate
DEBB021;"'2020-08-14 01:00'";22;96;11;13;1;moderate
DEBB021;"'2020-08-14 02:00'";24;87;11;14;1;moderate
DEBB021;"'2020-08-14 03:00'";24;79;11;13;1;moderate
DEBB021;"'2020-08-14 04:00'";22;70;13;12;1;good
DEBB021;"'2020-08-14 05:00'";20;74;11;10;1;moderate
DEBB021;"'2020-08-14 06:00'";19;79;11;10;3;moderate
DEBB021;"'2020-08-14 07:00'";22;80;16;10;1;moderate
DEBB021;"'2020-08-14 08:00'";22;90;20;10;1;moderate
DEBB021;"'2020-08-14 09:00'";31;79;24;12;1;moderate
DEBB021;"'2020-08-14 10:00'";35;85;25;12;2;moderate
DEBB021;"'2020-08-14 11:00'";26;113;12;11;1;moderate
DEBB021;"'2020-08-14 12:00'";26;125;9;10;1;moderate
DEBB021;"'2020-08-14 13:00'";25;136;7;11;1;moderate
DEBB021;"'2020-08-14 14:00'";26;134;7;10;1;moderate
DEBB021;"'2020-08-14 15:00'";27;139;6;8;1;moderate
DEBB021;"'2020-08-14 16:00'";28;142;6;8;1;moderate
DEBB021;"'2020-08-14 17:00'";35;138;7;8;1;moderate
DEBB021;"'2020-08-14 18:00'";24;135;7;7;1;moderate
DEBB021;"'2020-08-14 19:00'";29;133;8;8;1;moderate
DEBB021;"'2020-08-14 20:00'";30;128;8;9;1;moderate
DEBB021;"'2020-08-14 21:00'";36;120;10;12;1;moderate
DEBB021;"'2020-08-14 22:00'";29;113;11;11;1;moderate
DEBB021;"'2020-08-14 23:00'";24;105;14;11;2;moderate
DEBB021;"'2020-08-14 24:00'";37;89;19;13;2;moderate
DEBB021;"'2020-08-15 01:00'";28;78;19;13;1;moderate
DEBB021;"'2020-08-15 02:00'";23;68;21;14;1;good
DEBB021;"'2020-08-15 03:00'";28;66;19;16;1;moderate
DEBB021;"'2020-08-15 04:00'";25;71;15;17;2;moderate
DEBB021;"'2020-08-15 05:00'";23;70;15;17;1;moderate
DEBB021;"'2020-08-15 06:00'";24;71;14;18;1;moderate
DEBB021;"'2020-08-15 07:00'";26;59;20;20;1;moderate
DEBB021;"'2020-08-15 08:00'";24;63;18;18;1;moderate
DEBB021;"'2020-08-15 09:00'";20;103;11;14;1;moderate
DEBB021;"'2020-08-15 10:00'";18;119;10;11;1;moderate
DEBB021;"'2020-08-15 11:00'";18;140;6;9;1;moderate
DEBB021;"'2020-08-15 12:00'";17;150;7;9;1;poor
DEBB021;"'2020-08-15 13:00'";20;165;7;11;3;poor
DEBB021;"'2020-08-15 14:00'";28;166;8;11;6;poor
DEBB021;"'2020-08-15 15:00'";35;163;6;11;4;poor
DEBB021;"'2020-08-15 16:00'";27;162;5;10;4;poor
DEBB021;"'2020-08-15 17:00'";23;158;6;10;1;poor
DEBB021;"'2020-08-15 18:00'";23;157;5;9;1;poor
DEBB021;"'2020-08-15 19:00'";24;156;6;9;1;poor
DEBB021;"'2020-08-15 20:00'";57;142;8;13;1;poor
DEBB021;"'2020-08-15 21:00'";63;130;11;15;1;poor
DEBB021;"'2020-08-15 22:00'";73;118;13;18;1;poor
DEBB021;"'2020-08-15 23:00'";62;105;14;18;1;poor
DEBB021;"'2020-08-15 24:00'";42;80;23;20;1;moderate
DEBB021;"'2020-08-16 01:00'";40;74;22;21;1;moderate
DEBB021;"'2020-08-16 02:00'";30;83;17;21;1;moderate
DEBB021;"'2020-08-16 03:00'";30;81;15;22;1;moderate
DEBB021;"'2020-08-16 04:00'";29;79;13;24;1;moderate
DEBB021;"'2020-08-16 05:00'";29;80;10;23;1;moderate
DEBB021;"'2020-08-16 06:00'";26;77;10;21;1;moderate
DEBB021;"'2020-08-16 07:00'";27;72;11;22;1;moderate
DEBB021;"'2020-08-16 08:00'";27;75;10;20;1;moderate
DEBB021;"'2020-08-16 09:00'";26;86;8;16;1;moderate
DEBB021;"'2020-08-16 10:00'";31;100;8;12;2;moderate
DEBB021;"'2020-08-16 11:00'";24;107;6;8;2;moderate
DEBB021;"'2020-08-16 12:00'";22;115;5;6;1;moderate
DEBB021;"'2020-08-16 13:00'";19;115;3;6;1;moderate
DEBB021;"'2020-08-16 14:00'";30;111;2;6;1;moderate
DEBB021;"'2020-08-16 15:00'";15;112;2;4;1;moderate
DEBB021;"'2020-08-16 16:00'";17;114;3;4;1;moderate
DEBB021;"'2020-08-16 17:00'";16;114;2;5;1;moderate
DEBB021;"'2020-08-16 18:00'";26;117;2;5;1;moderate
DEBB021;"'2020-08-16 19:00'";16;117;2;5;1;moderate
DEBB021;"'2020-08-16 20:00'";16;113;5;5;1;moderate
DEBB021;"'2020-08-16 21:00'";18;104;9;5;1;moderate
DEBB021;"'2020-08-16 22:00'";19;98;9;6;1;moderate
DEBB021;"'2020-08-16 23:00'";13;97;10;6;1;moderate
DEBB021;"'2020-08-16 24:00'";16;95;10;7;1;moderate
DEBB021;"'2020-08-17 01:00'";17;90;9;8;1;moderate
DEBB021;"'2020-08-17 02:00'";17;83;10;10;1;moderate
DEBB021;"'2020-08-17 03:00'";18;79;10;11;1;moderate
DEBB021;"'2020-08-17 04:00'";21;76;11;12;1;moderate
DEBB021;"'2020-08-17 05:00'";22;76;10;13;1;moderate
DEBB021;"'2020-08-17 06:00'";23;67;16;14;1;good
DEBB021;"'2020-08-17 07:00'";30;57;24;16;1;moderate
DEBB021;"'2020-08-17 08:00'";44;61;25;17;1;moderate
DEBB021;"'2020-08-17 09:00'";36;69;25;14;1;moderate
DEBB021;"'2020-08-17 10:00'";39;79;24;12;2;moderate
DEBB021;"'2020-08-17 11:00'";44;98;18;11;4;moderate
DEBB021;"'2020-08-17 12:00'";40;117;10;9;2;moderate
DEBB021;"'2020-08-17 13:00'";37;115;8;8;2;moderate
DEBB021;"'2020-08-17 14:00'";32;128;5;8;1;moderate
DEBB021;"'2020-08-17 15:00'";33;133;5;9;1;moderate
DEBB021;"'2020-08-17 16:00'";25;137;5;8;1;moderate
DEBB021;"'2020-08-17 17:00'";66;139;6;12;1;poor
DEBB021;"'2020-08-17 18:00'";169;138;5;25;1;"very poor"
DEBB021;"'2020-08-17 19:00'";23;133;8;7;1;moderate
DEBB021;"'2020-08-17 20:00'";25;129;10;9;1;moderate
DEBB021;"'2020-08-17 21:00'";24;121;9;12;1;moderate
DEBB021;"'2020-08-17 22:00'";25;115;10;12;1;moderate
DEBB021;"'2020-08-17 23:00'";29;111;10;12;1;moderate
DEBB021;"'2020-08-17 24:00'";18;106;9;11;1;moderate
DEBB021;"'2020-08-18 01:00'";17;101;8;11;1;moderate
DEBB021;"'2020-08-18 02:00'";15;94;9;10;1;moderate
DEBB021;"'2020-08-18 03:00'";12;93;7;9;1;moderate
DEBB021;"'2020-08-18 04:00'";12;95;6;10;1;moderate
DEBB021;"'2020-08-18 05:00'";12;90;8;10;1;moderate
DEBB021;"'2020-08-18 06:00'";12;82;8;11;1;moderate
DEBB021;"'2020-08-18 07:00'";11;82;10;10;1;moderate
DEBB021;"'2020-08-18 08:00'";11;80;13;9;1;moderate
DEBB021;"'2020-08-18 09:00'";9;90;12;7;1;moderate
DEBB021;"'2020-08-18 10:00'";9;89;10;7;1;moderate
DEBB021;"'2020-08-18 11:00'";9;87;13;7;1;moderate
DEBB021;"'2020-08-18 12:00'";8;101;7;7;1;moderate
DEBB021;"'2020-08-18 13:00'";8;114;6;6;1;moderate
DEBB021;"'2020-08-18 14:00'";10;121;5;5;1;moderate
DEBB021;"'2020-08-18 15:00'";10;122;5;5;1;moderate
DEBB021;"'2020-08-18 16:00'";7;120;6;4;1;moderate
DEBB021;"'2020-08-18 17:00'";9;117;6;4;1;moderate
DEBB021;"'2020-08-18 18:00'";8;109;9;5;1;moderate
DEBB021;"'2020-08-18 19:00'";9;107;8;6;1;moderate
DEBB021;"'2020-08-18 20:00'";12;102;7;8;1;moderate
DEBB021;"'2020-08-18 21:00'";7;100;5;4;1;moderate
DEBB021;"'2020-08-18 22:00'";5;93;6;4;1;moderate
DEBB021;"'2020-08-18 23:00'";9;83;8;7;1;moderate
DEBB021;"'2020-08-18 24:00'";12;73;9;10;1;moderate
DEBB021;"'2020-08-19 01:00'";12;67;8;10;1;good
DEBB021;"'2020-08-19 02:00'";11;65;7;9;1;good
DEBB021;"'2020-08-19 03:00'";10;59;7;9;1;good
DEBB021;"'2020-08-19 04:00'";10;56;7;8;1;good
DEBB021;"'2020-08-19 05:00'";10;50;8;9;1;good
DEBB021;"'2020-08-19 06:00'";11;40;10;10;1;good
DEBB021;"'2020-08-19 07:00'";13;31;16;10;1;good
DEBB021;"'2020-08-19 08:00'";15;34;15;11;1;good
DEBB021;"'2020-08-19 09:00'";14;52;12;11;1;good
DEBB021;"'2020-08-19 10:00'";12;71;7;8;1;good
DEBB021;"'2020-08-19 11:00'";14;90;6;7;1;moderate
DEBB021;"'2020-08-19 12:00'";12;102;5;5;1;moderate
DEBB021;"'2020-08-19 13:00'";15;106;4;6;1;moderate
DEBB021;"'2020-08-19 14:00'";13;107;5;6;1;moderate
DEBB021;"'2020-08-19 15:00'";11;111;4;5;1;moderate
DEBB021;"'2020-08-19 16:00'";15;109;5;5;1;moderate
DEBB021;"'2020-08-19 17:00'";19;110;6;6;1;moderate
DEBB021;"'2020-08-19 18:00'";15;111;6;6;1;moderate
DEBB021;"'2020-08-19 19:00'";27;115;5;6;1;moderate
DEBB021;"'2020-08-19 20:00'";24;109;6;6;1;moderate
DEBB021;"'2020-08-19 21:00'";39;93;13;7;1;moderate
DEBB021;"'2020-08-19 22:00'";23;75;19;8;1;moderate
DEBB021;"'2020-08-19 23:00'";22;44;34;10;1;moderate
DEBB021;"'2020-08-19 24:00'";19;52;27;11;1;good
DEBB021;"'2020-08-20 01:00'";17;59;23;11;1;good
DEBB021;"'2020-08-20 02:00'";15;45;28;11;1;good
DEBB021;"'2020-08-20 03:00'";14;51;22;11;1;good
DEBB021;"'2020-08-20 04:00'";13;44;21;11;1;good
DEBB021;"'2020-08-20 05:00'";14;41;21;11;1;good
DEBB021;"'2020-08-20 06:00'";15;35;24;12;1;good
DEBB021;"'2020-08-20 07:00'";18;28;36;13;1;moderate
DEBB021;"'2020-08-20 08:00'";24;28;36;16;1;moderate
DEBB021;"'2020-08-20 09:00'";33;39;31;18;1;moderate
DEBB021;"'2020-08-20 10:00'";32;57;22;15;1;moderate
DEBB021;"'2020-08-20 11:00'";30;86;12;11;1;moderate
DEBB021;"'2020-08-20 12:00'";22;100;10;6;5;moderate
DEBB021;"'2020-08-20 13:00'";24;109;8;4;2;moderate
DEBB021;"'2020-08-20 14:00'";23;110;8;4;1;moderate
DEBB021;"'2020-08-20 15:00'";23;112;9;4;1;moderate
DEBB021;"'2020-08-20 16:00'";52;116;8;5;1;moderate
DEBB021;"'2020-08-20 17:00'";23;114;12;4;1;moderate
DEBB021;"'2020-08-20 18:00'";29;108;14;4;1;moderate
DEBB021;"'2020-08-20 19:00'";19;98;7;3;1;moderate
DEBB021;"'2020-08-20 20:00'";39;91;7;4;1;moderate
DEBB021;"'2020-08-20 21:00'";38;80;12;6;1;moderate
DEBB021;"'2020-08-20 22:00'";33;37;41;7;1;moderate
DEBB021;"'2020-08-20 23:00'";28;32;37;6;1;moderate
DEBB021;"'2020-08-20 24:00'";24;24;39;7;1;moderate
DEBB021;"'2020-08-21 01:00'";11;20;35;7;1;moderate
DEBB021;"'2020-08-21 02:00'";11;19;35;7;1;moderate
DEBB021;"'2020-08-21 03:00'";15;25;35;7;1;moderate
DEBB021;"'2020-08-21 04:00'";15;33;30;8;1;good
DEBB021;"'2020-08-21 05:00'";15;35;27;10;1;good
DEBB021;"'2020-08-21 06:00'";16;33;27;11;1;good
DEBB021;"'2020-08-21 07:00'";17;26;33;11;1;moderate
DEBB021;"'2020-08-21 08:00'";34;26;37;11;1;moderate
DEBB021;"'2020-08-21 09:00'";30;50;23;8;1;moderate
DEBB021;"'2020-08-21 10:00'";25;83;14;6;1;moderate
DEBB021;"'2020-08-21 11:00'";24;101;13;5;1;moderate
DEBB021;"'2020-08-21 12:00'";26;115;11;5;1;moderate
DEBB021;"'2020-08-21 13:00'";31;122;8;4;1;moderate
DEBB021;"'2020-08-21 14:00'";36;126;7;4;1;moderate
DEBB021;"'2020-08-21 15:00'";22;135;7;3;1;moderate
DEBB021;"'2020-08-21 16:00'";25;141;7;4;1;moderate
DEBB021;"'2020-08-21 17:00'";45;143;9;5;1;moderate
DEBB021;"'2020-08-21 18:00'";106;141;9;9;1;"very poor"
DEBB021;"'2020-08-21 19:00'";28;130;12;5;1;moderate
DEBB021;"'2020-08-21 20:00'";23;119;9;6;1;moderate
DEBB021;"'2020-08-21 21:00'";22;109;10;8;1;moderate
DEBB021;"'2020-08-21 22:00'";20;97;10;7;1;moderate
DEBB021;"'2020-08-21 23:00'";19;90;9;6;1;moderate
DEBB021;"'2020-08-21 24:00'";46;81;11;9;1;moderate
DEBB021;"'2020-08-22 01:00'";23;72;14;8;1;good
DEBB021;"'2020-08-22 02:00'";30;66;14;10;1;moderate
DEBB021;"'2020-08-22 03:00'";25;67;13;10;1;good
DEBB021;"'2020-08-22 04:00'";19;66;12;10;1;good
DEBB021;"'2020-08-22 05:00'";20;66;14;11;1;good
DEBB021;"'2020-08-22 06:00'";18;71;14;11;1;good
DEBB021;"'2020-08-22 07:00'";17;66;14;10;1;good
DEBB021;"'2020-08-22 08:00'";15;61;15;10;1;good
DEBB021;"'2020-08-22 09:00'";15;56;12;11;1;good
DEBB021;"'2020-08-22 10:00'";15;55;11;12;1;good
DEBB021;"'2020-08-22 11:00'";13;64;9;11;1;good
DEBB021;"'2020-08-22 12:00'";12;74;10;9;1;moderate
DEBB021;"'2020-08-22 13:00'";12;85;8;8;1;moderate
DEBB021;"'2020-08-22 14:00'";11;91;9;7;1;moderate
DEBB021;"'2020-08-22 15:00'";11;89;9;7;1;moderate
DEBB021;"'2020-08-22 16:00'";11;87;8;6;1;moderate
DEBB021;"'2020-08-22 17:00'";11;86;8;6;1;moderate
DEBB021;"'2020-08-22 18:00'";10;88;7;5;1;moderate
DEBB021;"'2020-08-22 19:00'";9;78;8;7;1;moderate
DEBB021;"'2020-08-22 20:00'";9;60;12;7;1;good
DEBB021;"'2020-08-22 21:00'";12;41;18;9;1;good
DEBB021;"'2020-08-22 22:00'";16;30;23;12;1;good
DEBB021;"'2020-08-22 23:00'";17;34;21;12;1;good
DEBB021;"'2020-08-22 24:00'";15;40;18;11;1;good
DEBB021;"'2020-08-23 01:00'";11;64;14;7;1;good
DEBB021;"'2020-08-23 02:00'";9;71;8;5;1;good
DEBB021;"'2020-08-23 03:00'";7;56;10;5;1;good
DEBB021;"'2020-08-23 04:00'";7;55;10;5;1;good
DEBB021;"'2020-08-23 05:00'";7;58;9;5;1;good
DEBB021;"'2020-08-23 06:00'";8;55;9;6;1;good
DEBB021;"'2020-08-23 07:00'";8;52;9;6;1;good
DEBB021;"'2020-08-23 08:00'";8;54;8;5;1;good
DEBB021;"'2020-08-23 09:00'";10;57;8;6;1;good
DEBB021;"'2020-08-23 10:00'";9;62;7;5;1;good
DEBB021;"'2020-08-23 11:00'";6;76;2;3;1;moderate
DEBB021;"'2020-08-23 12:00'";5;82;2;3;1;moderate
DEBB021;"'2020-08-23 13:00'";5;87;2;2;1;moderate
DEBB021;"'2020-08-23 14:00'";6;88;2;3;1;moderate
DEBB021;"'2020-08-23 15:00'";7;87;3;3;1;moderate
DEBB021;"'2020-08-23 16:00'";6;88;3;3;1;moderate
DEBB021;"'2020-08-23 17:00'";5;88;3;3;1;moderate
DEBB021;"'2020-08-23 18:00'";6;91;2;3;1;moderate
DEBB021;"'2020-08-23 19:00'";7;93;5;4;1;moderate
DEBB021;"'2020-08-23 20:00'";9;88;6;6;1;moderate
DEBB021;"'2020-08-23 21:00'";10;79;7;7;1;moderate
DEBB021;"'2020-08-23 22:00'";10;76;6;6;1;moderate
DEBB021;"'2020-08-23 23:00'";7;71;5;4;1;good
DEBB021;"'2020-08-23 24:00'";6;69;5;4;1;good
DEBB021;"'2020-08-24 01:00'";5;74;5;4;1;moderate
DEBB021;"'2020-08-24 02:00'";4;63;6;3;1;good
DEBB021;"'2020-08-24 03:00'";5;62;5;3;1;good
DEBB021;"'2020-08-24 04:00'";5;59;6;4;1;good
DEBB021;"'2020-08-24 05:00'";5;55;6;4;1;good
DEBB021;"'2020-08-24 06:00'";6;48;9;5;1;good
DEBB021;"'2020-08-24 07:00'";8;40;15;7;1;good
DEBB021;"'2020-08-24 08:00'";9;40;13;7;1;good
DEBB021;"'2020-08-24 09:00'";10;49;11;7;1;good
DEBB021;"'2020-08-24 10:00'";8;65;7;5;1;good
DEBB021;"'2020-08-24 11:00'";7;73;6;4;1;moderate
DEBB021;"'2020-08-24 12:00'";9;70;6;5;1;good
DEBB021;"'2020-08-24 13:00'";11;69;7;6;1;good
DEBB021;"'2020-08-24 14:00'";11;73;6;6;1;moderate
DEBB021;"'2020-08-24 15:00'";14;74;6;6;1;moderate
DEBB021;"'2020-08-24 16:00'";13;77;6;6;1;moderate
DEBB021;"'2020-08-24 17:00'";11;74;7;5;1;moderate
DEBB021;"'2020-08-24 18:00'";10;74;7;4;1;moderate
DEBB021;"'2020-08-24 19:00'";12;77;7;5;1;moderate
DEBB021;"'2020-08-24 20:00'";12;82;5;5;1;moderate
DEBB021;"'2020-08-24 21:00'";11;73;6;5;1;moderate
DEBB021;"'2020-08-24 22:00'";7;68;6;6;1;good
DEBB021;"'2020-08-24 23:00'";7;63;8;6;1;good
DEBB021;"'2020-08-24 24:00'";6;63;7;5;1;good
DEBB021;"'2020-08-25 01:00'";6;67;8;4;1;good
DEBB021;"'2020-08-25 02:00'";7;58;10;5;1;good
DEBB021;"'2020-08-25 03:00'";7;54;9;6;1;good
DEBB021;"'2020-08-25 04:00'";8;55;9;7;1;good
DEBB021;"'2020-08-25 05:00'";10;55;8;8;1;good
DEBB021;"'2020-08-25 06:00'";12;50;11;10;1;good
DEBB021;"'2020-08-25 07:00'";14;40;18;11;1;good
DEBB021;"'2020-08-25 08:00'";13;41;16;10;1;good
DEBB021;"'2020-08-25 09:00'";12;50;9;10;1;good
DEBB021;"'2020-08-25 10:00'";11;56;6;8;1;good
DEBB021;"'2020-08-25 11:00'";10;62;5;6;1;good
DEBB021;"'2020-08-25 12:00'";7;69;5;4;1;good
DEBB021;"'2020-08-25 13:00'";7;76;3;4;1;moderate
DEBB021;"'2020-08-25 14:00'";7;80;3;3;1;moderate
DEBB021;"'2020-08-25 15:00'";10;85;5;4;1;moderate
DEBB021;"'2020-08-25 16:00'";12;87;7;4;1;moderate
DEBB021;"'2020-08-25 17:00'";16;89;9;5;1;moderate
DEBB021;"'2020-08-25 18:00'";18;92;10;6;1;moderate
DEBB021;"'2020-08-25 19:00'";19;92;9;6;1;moderate
DEBB021;"'2020-08-25 20:00'";21;88;9;6;1;moderate
DEBB021;"'2020-08-25 21:00'";16;76;12;6;1;moderate
DEBB021;"'2020-08-25 22:00'";13;74;12;5;1;moderate
DEBB021;"'2020-08-25 23:00'";10;81;8;4;1;moderate
DEBB021;"'2020-08-25 24:00'";8;74;8;4;1;moderate
DEBB021;"'2020-08-26 01:00'";5;69;7;3;1;good
DEBB021;"'2020-08-26 02:00'";7;60;9;4;1;good
DEBB021;"'2020-08-26 03:00'";7;60;8;4;1;good
DEBB021;"'2020-08-26 04:00'";7;64;8;4;1;good
DEBB021;"'2020-08-26 05:00'";7;66;8;4;1;good
DEBB021;"'2020-08-26 06:00'";6;52;11;5;1;good
DEBB021;"'2020-08-26 07:00'";7;42;17;5;1;good
DEBB021;"'2020-08-26 08:00'";7;56;9;3;1;good
DEBB021;"'2020-08-26 09:00'";8;62;8;3;1;good
DEBB021;"'2020-08-26 10:00'";12;62;8;4;1;good
DEBB021;"'2020-08-26 11:00'";8;61;7;3;1;good
DEBB021;"'2020-08-26 12:00'";5;54;9;3;1;good
DEBB021;"'2020-08-26 13:00'";4;55;8;3;1;good
DEBB021;"'2020-08-26 14:00'";4;56;7;3;1;good
DEBB021;"'2020-08-26 15:00'";4;56;7;3;1;good
DEBB021;"'2020-08-26 16:00'";6;57;7;3;1;good
DEBB021;"'2020-08-26 17:00'";8;56;7;3;1;good
DEBB021;"'2020-08-26 18:00'";6;61;6;3;1;good
DEBB021;"'2020-08-26 19:00'";8;62;6;3;1;good
DEBB021;"'2020-08-26 20:00'";8;63;6;3;1;good
DEBB021;"'2020-08-26 21:00'";6;63;6;2;1;good
DEBB021;"'2020-08-26 22:00'";3;59;6;2;1;good
DEBB021;"'2020-08-26 23:00'";3;57;6;2;1;good
DEBB021;"'2020-08-26 24:00'";2;55;6;1;1;good
DEBB021;"'2020-08-27 01:00'";0.8;57;4;1;1;good
DEBB021;"'2020-08-27 02:00'";0.8;61;2;1;1;good
DEBB021;"'2020-08-27 03:00'";0.8;61;2;1;1;good
DEBB021;"'2020-08-27 04:00'";1;63;2;1;1;good
DEBB021;"'2020-08-27 05:00'";2;63;2;1;1;good
DEBB021;"'2020-08-27 06:00'";2;64;2;1;1;good
DEBB021;"'2020-08-27 07:00'";3;62;5;2;1;good
DEBB021;"'2020-08-27 08:00'";4;61;5;3;1;good
DEBB021;"'2020-08-27 09:00'";5;65;5;3;1;good
DEBB021;"'2020-08-27 10:00'";5;69;3;3;1;good
DEBB021;"'2020-08-27 11:00'";5;69;5;3;1;good
DEBB021;"'2020-08-27 12:00'";6;74;4;3;1;moderate
DEBB021;"'2020-08-27 13:00'";5;78;2;3;1;moderate
DEBB021;"'2020-08-27 14:00'";5;80;3;3;1;moderate
DEBB021;"'2020-08-27 15:00'";6;82;3;3;1;moderate
DEBB021;"'2020-08-27 16:00'";8;79;5;4;1;moderate
DEBB021;"'2020-08-27 17:00'";6;79;5;3;1;moderate
DEBB021;"'2020-08-27 18:00'";7;84;3;4;1;moderate
DEBB021;"'2020-08-27 19:00'";8;81;5;4;1;moderate
DEBB021;"'2020-08-27 20:00'";11;77;8;7;1;moderate
DEBB021;"'2020-08-27 21:00'";10;61;16;7;1;good
DEBB021;"'2020-08-27 22:00'";9;38;27;6;1;good
DEBB021;"'2020-08-27 23:00'";9;26;32;7;1;moderate
DEBB021;"'2020-08-27 24:00'";8;31;23;6;1;good
DEBB021;"'2020-08-28 01:00'";7;35;19;6;1;good
DEBB021;"'2020-08-28 02:00'";8;20;28;6;1;good
DEBB021;"'2020-08-28 03:00'";8;24;27;6;1;good
DEBB021;"'2020-08-28 04:00'";7;27;22;5;1;good
DEBB021;"'2020-08-28 05:00'";7;30;21;5;1;good
DEBB021;"'2020-08-28 06:00'";7;26;24;5;1;good
DEBB021;"'2020-08-28 07:00'";7;44;13;5;1;good
DEBB021;"'2020-08-28 08:00'";8;32;24;6;1;good
DEBB021;"'2020-08-28 09:00'";8;34;19;6;1;good
DEBB021;"'2020-08-28 10:00'";6;40;14;5;1;good
DEBB021;"'2020-08-28 11:00'";6;47;13;5;1;good
DEBB021;"'2020-08-28 12:00'";9;66;11;5;1;good
DEBB021;"'2020-08-28 13:00'";9;69;10;6;1;good
DEBB021;"'2020-08-28 14:00'";11;69;13;7;1;good
DEBB021;"'2020-08-28 15:00'";10;77;10;7;1;moderate
DEBB021;"'2020-08-28 16:00'";9;86;8;5;1;moderate
DEBB021;"'2020-08-28 17:00'";8;85;8;5;1;moderate
DEBB021;"'2020-08-28 18:00'";8;85;9;4;1;moderate
DEBB021;"'2020-08-28 19:00'";8;77;12;5;1;moderate
DEBB021;"'2020-08-28 20:00'";9;66;17;5;1;good
DEBB021;"'2020-08-28 21:00'";10;47;27;6;1;good
DEBB021;"'2020-08-28 22:00'";10;43;26;7;1;good
DEBB021;"'2020-08-28 23:00'";13;32;33;10;1;moderate
DEBB021;"'2020-08-28 24:00'";13;32;31;10;1;moderate
DEBB021;"'2020-08-29 01:00'";11;42;22;9;1;good
DEBB021;"'2020-08-29 02:00'";9;45;15;8;1;good
DEBB021;"'2020-08-29 03:00'";9;51;11;7;1;good
DEBB021;"'2020-08-29 04:00'";6;55;9;5;1;good
DEBB021;"'2020-08-29 05:00'";7;39;18;6;1;good
DEBB021;"'2020-08-29 06:00'";7;45;10;6;1;good
DEBB021;"'2020-08-29 07:00'";8;32;18;7;1;good
DEBB021;"'2020-08-29 08:00'";10;28;20;8;1;good
DEBB021;"'2020-08-29 09:00'";9;38;11;7;1;good
DEBB021;"'2020-08-29 10:00'";8;46;9;6;1;good
DEBB021;"'2020-08-29 11:00'";8;54;8;5;1;good
DEBB021;"'2020-08-29 12:00'";7;61;7;5;1;good
DEBB021;"'2020-08-29 13:00'";6;72;6;3;1;good
DEBB021;"'2020-08-29 14:00'";6;78;6;3;1;moderate
DEBB021;"'2020-08-29 15:00'";6;78;6;3;1;moderate
DEBB021;"'2020-08-29 16:00'";5;82;4;2;1;moderate
DEBB021;"'2020-08-29 17:00'";6;81;7;2;1;moderate
DEBB021;"'2020-08-29 18:00'";6;84;6;3;1;moderate
DEBB021;"'2020-08-29 19:00'";9;78;9;3;1;moderate
DEBB021;"'2020-08-29 20:00'";11;71;10;4;1;good
DEBB021;"'2020-08-29 21:00'";18;53;20;7;1;good
DEBB021;"'2020-08-29 22:00'";17;34;29;10;1;good
DEBB021;"'2020-08-29 23:00'";21;12;46;15;1;moderate
DEBB021;"'2020-08-29 24:00'";27;10;44;21;1;moderate
DEBB021;"'2020-08-30 01:00'";26;8;41;21;1;moderate
DEBB021;"'2020-08-30 02:00'";27;14;32;24;2;moderate
DEBB021;"'2020-08-30 03:00'";23;11;32;20;2;moderate
DEBB021;"'2020-08-30 04:00'";20;5;34;17;1;moderate
DEBB021;"'2020-08-30 05:00'";17;11;29;15;1;good
DEBB021;"'2020-08-30 06:00'";15;10;27;12;1;good
DEBB021;"'2020-08-30 07:00'";17;9;25;14;1;good
DEBB021;"'2020-08-30 08:00'";20;16;21;17;1;moderate
DEBB021;"'2020-08-30 09:00'";21;20;20;18;1;moderate
DEBB021;"'2020-08-30 10:00'";19;28;22;16;1;moderate
DEBB021;"'2020-08-30 11:00'";14;51;18;10;1;good
DEBB021;"'2020-08-30 12:00'";10;74;12;7;1;moderate
DEBB021;"'2020-08-30 13:00'";9;89;9;5;1;moderate
DEBB021;"'2020-08-30 14:00'";9;89;9;5;1;moderate
DEBB021;"'2020-08-30 15:00'";9;93;7;5;1;moderate
DEBB021;"'2020-08-30 16:00'";10;94;9;6;1;moderate
DEBB021;"'2020-08-30 17:00'";9;86;10;6;1;moderate
DEBB021;"'2020-08-30 18:00'";12;64;10;10;1;good
DEBB021;"'2020-08-30 19:00'";11;53;16;9;1;good
DEBB021;"'2020-08-30 20:00'";11;59;11;9;1;good
DEBB021;"'2020-08-30 21:00'";10;69;10;9;1;good
DEBB021;"'2020-08-30 22:00'";9;60;11;8;1;good
DEBB021;"'2020-08-30 23:00'";6;67;8;6;1;good
DEBB021;"'2020-08-30 24:00'";6;68;6;5;1;good
DEBB021;"'2020-08-31 01:00'";5;63;6;4;1;good
DEBB021;"'2020-08-31 02:00'";7;57;6;6;1;good
DEBB021;"'2020-08-31 03:00'";9;54;6;7;1;good
DEBB021;"'2020-08-31 04:00'";12;40;12;9;1;good
DEBB021;"'2020-08-31 05:00'";13;40;10;10;1;good
DEBB021;"'2020-08-31 06:00'";14;33;12;11;1;good
DEBB021;"'2020-08-31 07:00'";15;31;16;12;1;good
DEBB021;"'2020-08-31 08:00'";18;37;16;14;1;good
DEBB021;"'2020-08-31 09:00'";15;37;16;12;1;good
DEBB021;"'2020-08-31 10:00'";12;48;8;10;1;good
DEBB021;"'2020-08-31 11:00'";8;56;6;6;1;good
DEBB021;"'2020-08-31 12:00'";6;-;5;4;1;"very good"
DEBB021;"'2020-08-31 13:00'";5;57;8;3;1;good
DEBB021;"'2020-08-31 14:00'";6;59;7;4;1;good
DEBB021;"'2020-08-31 15:00'";4;73;4;2;1;moderate
DEBB021;"'2020-08-31 16:00'";3;79;3;2;1;moderate
DEBB021;"'2020-08-31 17:00'";2;80;5;1;1;moderate
DEBB021;"'2020-08-31 18:00'";3;78;5;1;1;moderate
DEBB021;"'2020-08-31 19:00'";3;76;6;1;1;moderate
DEBB021;"'2020-08-31 20:00'";3;66;12;2;1;good
DEBB021;"'2020-08-31 21:00'";4;55;15;3;1;good
DEBB021;"'2020-08-31 22:00'";5;46;17;4;1;good
DEBB021;"'2020-08-31 23:00'";4;38;15;3;1;good
DEBB021;"'2020-08-31 24:00'";6;24;27;5;1;good
DEBB021;"'2020-09-01 01:00'";5;33;16;4;1;good
DEBB021;"'2020-09-01 02:00'";4;36;14;3;1;good
DEBB021;"'2020-09-01 03:00'";4;38;11;3;1;good
DEBB021;"'2020-09-01 04:00'";5;33;10;4;1;good
DEBB021;"'2020-09-01 05:00'";6;27;11;5;1;good
DEBB021;"'2020-09-01 06:00'";7;23;11;5;1;good
DEBB021;"'2020-09-01 07:00'";8;20;13;6;1;good
DEBB021;"'2020-09-01 08:00'";9;21;13;7;2;good
DEBB021;"'2020-09-01 09:00'";7;38;12;5;2;good
DEBB021;"'2020-09-01 10:00'";6;45;14;5;4;good
DEBB021;"'2020-09-01 11:00'";5;53;13;4;3;good
DEBB021;"'2020-09-01 12:00'";3;66;7;2;1;good
DEBB021;"'2020-09-01 13:00'";4;68;7;2;2;good
DEBB021;"'2020-09-01 14:00'";4;68;7;2;1;good
DEBB021;"'2020-09-01 15:00'";3;72;6;2;1;good
DEBB021;"'2020-09-01 16:00'";3;70;9;2;1;good
DEBB021;"'2020-09-01 17:00'";4;73;7;2;1;moderate
DEBB021;"'2020-09-01 18:00'";4;72;8;2;1;good
DEBB021;"'2020-09-01 19:00'";4;72;8;2;1;good
DEBB021;"'2020-09-01 20:00'";4;67;8;2;1;good
DEBB021;"'2020-09-01 21:00'";4;59;7;2;1;good
DEBB021;"'2020-09-01 22:00'";4;55;7;2;1;good
DEBB021;"'2020-09-01 23:00'";4;50;9;2;1;good
DEBB021;"'2020-09-01 24:00'";3;50;9;2;1;good
DEBB021;"'2020-09-02 01:00'";3;44;10;3;1;good
DEBB021;"'2020-09-02 02:00'";3;43;8;2;1;good
DEBB021;"'2020-09-02 03:00'";3;38;10;2;1;good
DEBB021;"'2020-09-02 04:00'";2;36;9;2;1;good
DEBB021;"'2020-09-02 05:00'";3;35;12;3;1;good
DEBB021;"'2020-09-02 06:00'";3;30;13;2;1;good
DEBB021;"'2020-09-02 07:00'";3;25;18;2;1;good
DEBB021;"'2020-09-02 08:00'";4;25;19;3;1;good
DEBB021;"'2020-09-02 09:00'";4;38;12;3;1;good
DEBB021;"'2020-09-02 10:00'";4;46;8;3;1;good
DEBB021;"'2020-09-02 11:00'";4;49;7;3;1;good
DEBB021;"'2020-09-02 12:00'";4;57;6;3;1;good
DEBB021;"'2020-09-02 13:00'";4;64;6;3;1;good
DEBB021;"'2020-09-02 14:00'";4;68;5;3;1;good
DEBB021;"'2020-09-02 15:00'";3;59;10;3;1;good
DEBB021;"'2020-09-02 16:00'";4;60;10;3;1;good
DEBB021;"'2020-09-02 17:00'";5;62;9;4;1;good
DEBB021;"'2020-09-02 18:00'";5;63;8;4;1;good
DEBB021;"'2020-09-02 19:00'";6;55;12;5;1;good
DEBB021;"'2020-09-02 20:00'";6;58;10;5;1;good
DEBB021;"'2020-09-02 21:00'";6;57;8;5;1;good
DEBB021;"'2020-09-02 22:00'";6;55;8;5;1;good
DEBB021;"'2020-09-02 23:00'";6;52;10;5;1;good
DEBB021;"'2020-09-02 24:00'";5;53;6;5;1;good
DEBB021;"'2020-09-03 01:00'";6;51;7;5;1;good
DEBB021;"'2020-09-03 02:00'";6;44;8;5;1;good
DEBB021;"'2020-09-03 03:00'";7;40;9;6;1;good
DEBB021;"'2020-09-03 04:00'";8;34;11;7;1;good
DEBB021;"'2020-09-03 05:00'";9;32;11;7;1;good
DEBB021;"'2020-09-03 06:00'";9;31;12;8;1;good
DEBB021;"'2020-09-03 07:00'";10;24;18;8;1;good
DEBB021;"'2020-09-03 08:00'";11;22;21;9;1;good
DEBB021;"'2020-09-03 09:00'";10;33;16;8;1;good
DEBB021;"'2020-09-03 10:00'";9;50;10;6;1;good
DEBB021;"'2020-09-03 11:00'";16;59;10;8;1;good
DEBB021;"'2020-09-03 12:00'";21;75;7;9;1;moderate
DEBB021;"'2020-09-03 13:00'";15;86;6;8;1;moderate
DEBB021;"'2020-09-03 14:00'";13;93;6;6;1;moderate
DEBB021;"'2020-09-03 15:00'";9;104;7;4;1;moderate
DEBB021;"'2020-09-03 16:00'";10;104;9;5;1;moderate
DEBB021;"'2020-09-03 17:00'";10;105;10;5;1;moderate
DEBB021;"'2020-09-03 18:00'";11;105;11;5;1;moderate
DEBB021;"'2020-09-03 19:00'";12;97;14;5;1;moderate
DEBB021;"'2020-09-03 20:00'";10;91;14;5;1;moderate
DEBB021;"'2020-09-03 21:00'";9;86;14;5;1;moderate
DEBB021;"'2020-09-03 22:00'";9;98;7;6;1;moderate
DEBB021;"'2020-09-03 23:00'";8;92;7;7;1;moderate
DEBB021;"'2020-09-03 24:00'";8;85;6;7;1;moderate
DEBB021;"'2020-09-04 01:00'";9;76;7;9;1;moderate
DEBB021;"'2020-09-04 02:00'";8;70;5;7;1;good
DEBB021;"'2020-09-04 03:00'";4;66;5;4;1;good
DEBB021;"'2020-09-04 04:00'";3;64;5;3;1;good
DEBB021;"'2020-09-04 05:00'";5;61;4;5;1;good
DEBB021;"'2020-09-04 06:00'";9;59;5;7;1;good
DEBB021;"'2020-09-04 07:00'";11;50;12;9;1;good
DEBB021;"'2020-09-04 08:00'";12;46;12;8;1;good
DEBB021;"'2020-09-04 09:00'";12;41;15;8;1;good
DEBB021;"'2020-09-04 10:00'";15;40;16;10;1;good
DEBB021;"'2020-09-04 11:00'";17;39;14;11;1;good
DEBB021;"'2020-09-04 12:00'";13;39;12;9;1;good
DEBB021;"'2020-09-04 13:00'";6;53;7;5;1;good
DEBB021;"'2020-09-04 14:00'";5;65;6;3;1;good
DEBB021;"'2020-09-04 15:00'";4;72;5;3;1;good
DEBB021;"'2020-09-04 16:00'";5;77;4;2;1;moderate
DEBB021;"'2020-09-04 17:00'";5;76;6;2;1;moderate
DEBB021;"'2020-09-04 18:00'";5;70;9;2;1;good
DEBB021;"'2020-09-04 19:00'";5;63;11;3;1;good
DEBB021;"'2020-09-04 20:00'";6;61;12;3;1;good
DEBB021;"'2020-09-04 21:00'";7;49;13;5;1;good
DEBB021;"'2020-09-04 22:00'";7;42;14;6;1;good
DEBB021;"'2020-09-04 23:00'";7;38;13;6;1;good
DEBB021;"'2020-09-04 24:00'";6;40;12;5;1;good
DEBB021;"'2020-09-05 01:00'";6;35;11;5;1;good
DEBB021;"'2020-09-05 02:00'";7;29;12;5;1;good
DEBB021;"'2020-09-05 03:00'";7;21;11;5;1;good
DEBB021;"'2020-09-05 04:00'";7;34;9;6;1;good
DEBB021;"'2020-09-05 05:00'";8;33;10;7;1;good
DEBB021;"'2020-09-05 06:00'";8;29;11;7;1;good
DEBB021;"'2020-09-05 07:00'";9;24;15;7;1;good
DEBB021;"'2020-09-05 08:00'";10;27;16;8;1;good
DEBB021;"'2020-09-05 09:00'";10;45;9;9;1;good
DEBB021;"'2020-09-05 10:00'";9;51;8;8;1;good
DEBB021;"'2020-09-05 11:00'";6;56;8;5;1;good
DEBB021;"'2020-09-05 12:00'";6;58;8;5;1;good
DEBB021;"'2020-09-05 13:00'";7;59;6;6;1;good
DEBB021;"'2020-09-05 14:00'";7;62;6;6;1;good
DEBB021;"'2020-09-05 15:00'";7;66;6;5;1;good
DEBB021;"'2020-09-05 16:00'";6;68;7;4;1;good
DEBB021;"'2020-09-05 17:00'";5;71;6;4;1;good
DEBB021;"'2020-09-05 18:00'";6;73;7;5;1;moderate
DEBB021;"'2020-09-05 19:00'";8;69;7;6;1;good
DEBB021;"'2020-09-05 20:00'";9;61;10;7;1;good
DEBB021;"'2020-09-05 21:00'";10;56;13;8;1;good
DEBB021;"'2020-09-05 22:00'";13;50;15;11;1;good
DEBB021;"'2020-09-05 23:00'";11;45;16;9;1;good
DEBB021;"'2020-09-05 24:00'";9;49;10;7;1;good
DEBB021;"'2020-09-06 01:00'";7;51;7;6;1;good
DEBB021;"'2020-09-06 02:00'";6;51;7;5;1;good
DEBB021;"'2020-09-06 03:00'";6;50;7;5;1;good
DEBB021;"'2020-09-06 04:00'";6;48;7;5;1;good
DEBB021;"'2020-09-06 05:00'";7;41;9;5;1;good
DEBB021;"'2020-09-06 06:00'";8;38;9;6;1;good
DEBB021;"'2020-09-06 07:00'";8;33;10;6;1;good
DEBB021;"'2020-09-06 08:00'";7;35;8;6;1;good
DEBB021;"'2020-09-06 09:00'";6;44;5;5;1;good
DEBB021;"'2020-09-06 10:00'";7;52;3;4;1;good
DEBB021;"'2020-09-06 11:00'";6;58;2;4;1;good
DEBB021;"'2020-09-06 12:00'";5;62;2;3;1;good
DEBB021;"'2020-09-06 13:00'";6;66;2;4;1;good
DEBB021;"'2020-09-06 14:00'";6;71;2;4;1;good
DEBB021;"'2020-09-06 15:00'";6;69;5;4;1;good
DEBB021;"'2020-09-06 16:00'";7;71;5;4;1;good
DEBB021;"'2020-09-06 17:00'";6;73;5;4;1;moderate
DEBB021;"'2020-09-06 18:00'";7;74;5;5;1;moderate
DEBB021;"'2020-09-06 19:00'";6;76;5;4;1;moderate
DEBB021;"'2020-09-06 20:00'";6;68;7;4;1;good
DEBB021;"'2020-09-06 21:00'";6;55;11;5;1;good
DEBB021;"'2020-09-06 22:00'";7;48;14;5;1;good
DEBB021;"'2020-09-06 23:00'";8;42;16;6;1;good
DEBB021;"'2020-09-06 24:00'";6;37;17;5;1;good
DEBB021;"'2020-09-07 01:00'";6;32;20;5;1;good
DEBB021;"'2020-09-07 02:00'";5;33;14;4;1;good
DEBB021;"'2020-09-07 03:00'";5;36;13;4;1;good
DEBB021;"'2020-09-07 04:00'";5;35;17;4;1;good
DEBB021;"'2020-09-07 05:00'";6;31;18;4;1;good
DEBB021;"'2020-09-07 06:00'";6;30;20;5;1;good
DEBB021;"'2020-09-07 07:00'";7;20;29;6;1;good
DEBB021;"'2020-09-07 08:00'";15;20;28;10;1;good
DEBB021;"'2020-09-07 09:00'";17;26;21;11;1;good
DEBB021;"'2020-09-07 10:00'";20;40;11;10;1;good
DEBB021;"'2020-09-07 11:00'";10;53;9;6;1;good
DEBB021;"'2020-09-07 12:00'";9;63;5;5;1;good
DEBB021;"'2020-09-07 13:00'";6;66;5;4;1;good
DEBB021;"'2020-09-07 14:00'";6;66;5;4;1;good
DEBB021;"'2020-09-07 15:00'";5;70;3;4;1;good
DEBB021;"'2020-09-07 16:00'";5;73;2;3;1;moderate
DEBB021;"'2020-09-07 17:00'";5;74;3;3;1;moderate
DEBB021;"'2020-09-07 18:00'";4;76;3;3;1;moderate
DEBB021;"'2020-09-07 19:00'";6;74;5;3;1;moderate
DEBB021;"'2020-09-07 20:00'";8;64;11;5;1;good
DEBB021;"'2020-09-07 21:00'";8;41;23;5;1;good
DEBB021;"'2020-09-07 22:00'";8;21;33;6;1;moderate
DEBB021;"'2020-09-07 23:00'";11;21;27;9;1;good
DEBB021;"'2020-09-07 24:00'";7;34;20;6;1;good
DEBB021;"'2020-09-08 01:00'";5;38;16;4;1;good
DEBB021;"'2020-09-08 02:00'";5;41;15;4;1;good
DEBB021;"'2020-09-08 03:00'";7;45;12;5;1;good
DEBB021;"'2020-09-08 04:00'";8;45;10;6;1;good
DEBB021;"'2020-09-08 05:00'";9;41;11;7;1;good
DEBB021;"'2020-09-08 06:00'";9;37;14;7;1;good
DEBB021;"'2020-09-08 07:00'";10;29;21;8;1;good
DEBB021;"'2020-09-08 08:00'";12;24;29;8;1;good
DEBB021;"'2020-09-08 09:00'";14;27;24;8;1;good
DEBB021;"'2020-09-08 10:00'";19;42;16;7;1;good
DEBB021;"'2020-09-08 11:00'";15;55;15;6;1;good
DEBB021;"'2020-09-08 12:00'";12;78;10;5;1;moderate
DEBB021;"'2020-09-08 13:00'";12;82;8;5;1;moderate
DEBB021;"'2020-09-08 14:00'";11;83;6;4;1;moderate
DEBB021;"'2020-09-08 15:00'";10;80;6;3;1;moderate
DEBB021;"'2020-09-08 16:00'";9;75;6;3;1;moderate
DEBB021;"'2020-09-08 17:00'";9;78;6;4;1;moderate
DEBB021;"'2020-09-08 18:00'";8;75;7;4;1;moderate
DEBB021;"'2020-09-08 19:00'";7;63;8;4;1;good
DEBB021;"'2020-09-08 20:00'";9;56;10;6;1;good
DEBB021;"'2020-09-08 21:00'";10;51;11;7;1;good
DEBB021;"'2020-09-08 22:00'";10;47;11;7;1;good
DEBB021;"'2020-09-08 23:00'";8;49;9;6;1;good
DEBB021;"'2020-09-08 24:00'";7;48;9;6;1;good
DEBB021;"'2020-09-09 01:00'";8;33;16;7;1;good
DEBB021;"'2020-09-09 02:00'";10;26;19;8;1;good
DEBB021;"'2020-09-09 03:00'";13;27;16;10;1;good
DEBB021;"'2020-09-09 04:00'";14;35;11;11;1;good
DEBB021;"'2020-09-09 05:00'";15;32;11;12;1;good
DEBB021;"'2020-09-09 06:00'";15;22;14;13;1;good
DEBB021;"'2020-09-09 07:00'";15;16;18;13;1;good
DEBB021;"'2020-09-09 08:00'";18;11;24;13;1;good
DEBB021;"'2020-09-09 09:00'";19;17;21;13;1;good
DEBB021;"'2020-09-09 10:00'";20;25;17;13;1;good
DEBB021;"'2020-09-09 11:00'";20;39;11;11;1;good
DEBB021;"'2020-09-09 12:00'";12;55;9;7;1;good
DEBB021;"'2020-09-09 13:00'";11;76;7;5;1;moderate
DEBB021;"'2020-09-09 14:00'";12;85;8;5;1;moderate
DEBB021;"'2020-09-09 15:00'";12;85;8;6;1;moderate
DEBB021;"'2020-09-09 16:00'";13;83;6;6;1;moderate
DEBB021;"'2020-09-09 17:00'";10;71;6;4;1;good
DEBB021;"'2020-09-09 18:00'";7;64;5;3;1;good
DEBB021;"'2020-09-09 19:00'";7;63;6;3;1;good
DEBB021;"'2020-09-09 20:00'";8;56;9;3;1;good
DEBB021;"'2020-09-09 21:00'";7;54;8;3;1;good
DEBB021;"'2020-09-09 22:00'";7;50;10;4;1;good
DEBB021;"'2020-09-09 23:00'";7;47;9;5;1;good
DEBB021;"'2020-09-09 24:00'";7;39;10;6;1;good
DEBB021;"'2020-09-10 01:00'";3;46;2;2;1;good
DEBB021;"'2020-09-10 02:00'";3;46;2;2;1;good
DEBB021;"'2020-09-10 03:00'";3;52;2;2;1;good
DEBB021;"'2020-09-10 04:00'";4;48;3;3;1;good
DEBB021;"'2020-09-10 05:00'";4;39;7;3;1;good
DEBB021;"'2020-09-10 06:00'";4;36;7;3;1;good
DEBB021;"'2020-09-10 07:00'";6;26;14;4;1;good
DEBB021;"'2020-09-10 08:00'";6;23;15;4;1;good
DEBB021;"'2020-09-10 09:00'";7;29;10;5;1;good
DEBB021;"'2020-09-10 10:00'";9;38;6;5;1;good
DEBB021;"'2020-09-10 11:00'";10;46;5;5;1;good
DEBB021;"'2020-09-10 12:00'";8;53;4;4;1;good
DEBB021;"'2020-09-10 13:00'";5;63;2;3;1;good
DEBB021;"'2020-09-10 14:00'";6;69;3;3;1;good
DEBB021;"'2020-09-10 15:00'";7;72;4;4;1;good
DEBB021;"'2020-09-10 16:00'";7;78;4;4;1;moderate
DEBB021;"'2020-09-10 17:00'";8;78;6;4;1;moderate
DEBB021;"'2020-09-10 18:00'";9;72;9;5;1;good
DEBB021;"'2020-09-10 19:00'";9;77;7;5;1;moderate
DEBB021;"'2020-09-10 20:00'";16;65;11;7;1;good
DEBB021;"'2020-09-10 21:00'";14;46;20;8;1;good
DEBB021;"'2020-09-10 22:00'";11;14;42;8;1;moderate
DEBB021;"'2020-09-10 23:00'";11;10;39;9;1;moderate
DEBB021;"'2020-09-10 24:00'";14;5;38;11;1;moderate
DEBB021;"'2020-09-11 01:00'";13;4;36;10;1;moderate
DEBB021;"'2020-09-11 02:00'";10;13;26;8;1;good
DEBB021;"'2020-09-11 03:00'";10;6;27;8;1;good
DEBB021;"'2020-09-11 04:00'";10;7;25;7;1;good
DEBB021;"'2020-09-11 05:00'";9;6;25;7;1;good
DEBB021;"'2020-09-11 06:00'";9;2;33;7;1;moderate
DEBB021;"'2020-09-11 07:00'";11;2;39;9;1;moderate
DEBB021;"'2020-09-11 08:00'";12;2;40;8;1;moderate
DEBB021;"'2020-09-11 09:00'";15;9;43;9;1;moderate
DEBB021;"'2020-09-11 10:00'";17;22;36;8;1;moderate
DEBB021;"'2020-09-11 11:00'";14;43;19;6;1;good
DEBB021;"'2020-09-11 12:00'";15;66;9;6;1;good
DEBB021;"'2020-09-11 13:00'";15;78;6;5;1;moderate
DEBB021;"'2020-09-11 14:00'";15;81;9;5;1;moderate
DEBB021;"'2020-09-11 15:00'";13;85;6;5;1;moderate
DEBB021;"'2020-09-11 16:00'";13;88;7;5;1;moderate
DEBB021;"'2020-09-11 17:00'";13;90;6;5;1;moderate
DEBB021;"'2020-09-11 18:00'";14;90;8;5;1;moderate
DEBB021;"'2020-09-11 19:00'";27;81;14;7;1;moderate
DEBB021;"'2020-09-11 20:00'";27;61;23;8;1;good
DEBB021;"'2020-09-11 21:00'";21;12;59;11;1;moderate
DEBB021;"'2020-09-11 22:00'";18;14;46;13;1;moderate
DEBB021;"'2020-09-11 23:00'";23;30;34;16;1;moderate
DEBB021;"'2020-09-11 24:00'";25;29;30;17;1;moderate
DEBB021;"'2020-09-12 01:00'";24;30;26;17;1;moderate
DEBB021;"'2020-09-12 02:00'";21;17;30;16;1;moderate
DEBB021;"'2020-09-12 03:00'";19;10;32;15;1;moderate
DEBB021;"'2020-09-12 04:00'";17;15;28;13;1;good
DEBB021;"'2020-09-12 05:00'";19;8;27;15;1;good
DEBB021;"'2020-09-12 06:00'";17;6;28;14;1;good
DEBB021;"'2020-09-12 07:00'";17;4;29;14;1;good
DEBB021;"'2020-09-12 08:00'";17;5;29;13;1;good
DEBB021;"'2020-09-12 09:00'";16;15;29;12;1;good
DEBB021;"'2020-09-12 10:00'";20;32;26;10;1;good
DEBB021;"'2020-09-12 11:00'";17;66;14;8;1;good
DEBB021;"'2020-09-12 12:00'";19;74;13;8;1;moderate
DEBB021;"'2020-09-12 13:00'";16;93;10;6;1;moderate
DEBB021;"'2020-09-12 14:00'";14;98;9;5;1;moderate
DEBB021;"'2020-09-12 15:00'";15;105;7;5;1;moderate
DEBB021;"'2020-09-12 16:00'";15;111;7;5;1;moderate
DEBB021;"'2020-09-12 17:00'";15;112;7;5;1;moderate
DEBB021;"'2020-09-12 18:00'";14;110;7;6;1;moderate
DEBB021;"'2020-09-12 19:00'";14;108;8;7;1;moderate
DEBB021;"'2020-09-12 20:00'";18;104;11;10;1;moderate
DEBB021;"'2020-09-12 21:00'";17;106;7;10;1;moderate
DEBB021;"'2020-09-12 22:00'";14;93;5;9;1;moderate
DEBB021;"'2020-09-12 23:00'";16;80;8;11;1;moderate
DEBB021;"'2020-09-12 24:00'";14;71;9;9;1;good
DEBB021;"'2020-09-13 01:00'";11;63;8;8;1;good
DEBB021;"'2020-09-13 02:00'";11;56;10;8;1;good
DEBB021;"'2020-09-13 03:00'";12;49;9;9;1;good
DEBB021;"'2020-09-13 04:00'";13;44;12;10;1;good
DEBB021;"'2020-09-13 05:00'";12;43;9;9;1;good
DEBB021;"'2020-09-13 06:00'";11;38;9;9;1;good
DEBB021;"'2020-09-13 07:00'";12;38;8;10;1;good
DEBB021;"'2020-09-13 08:00'";13;38;9;10;1;good
DEBB021;"'2020-09-13 09:00'";14;38;10;11;1;good
DEBB021;"'2020-09-13 10:00'";14;45;9;10;1;good
DEBB021;"'2020-09-13 11:00'";14;55;8;9;1;good
DEBB021;"'2020-09-13 12:00'";11;64;7;7;1;good
DEBB021;"'2020-09-13 13:00'";10;77;5;6;1;moderate
DEBB021;"'2020-09-13 14:00'";12;81;6;7;1;moderate
DEBB021;"'2020-09-13 15:00'";15;82;6;7;1;moderate
DEBB021;"'2020-09-13 16:00'";14;86;7;7;1;moderate
DEBB021;"'2020-09-13 17:00'";15;86;8;6;1;moderate
DEBB021;"'2020-09-13 18:00'";14;86;9;6;1;moderate
DEBB021;"'2020-09-13 19:00'";24;78;13;7;1;moderate
DEBB021;"'2020-09-13 20:00'";27;66;20;9;1;good
DEBB021;"'2020-09-13 21:00'";23;29;45;10;1;moderate
DEBB021;"'2020-09-13 22:00'";16;6;60;11;1;moderate
DEBB021;"'2020-09-13 23:00'";14;19;38;10;1;moderate
DEBB021;"'2020-09-13 24:00'";14;26;28;11;1;good
DEBB021;"'2020-09-14 01:00'";13;39;19;10;1;good
DEBB021;"'2020-09-14 02:00'";15;12;32;12;1;moderate
DEBB021;"'2020-09-14 03:00'";16;2;38;13;1;moderate
DEBB021;"'2020-09-14 04:00'";16;3;33;12;1;moderate
DEBB021;"'2020-09-14 05:00'";16;2;35;12;1;moderate
DEBB021;"'2020-09-14 06:00'";16;2;37;13;1;moderate
DEBB021;"'2020-09-14 07:00'";17;2;37;13;1;moderate
DEBB021;"'2020-09-14 08:00'";22;2;39;15;1;moderate
DEBB021;"'2020-09-14 09:00'";26;3;43;17;1;moderate
DEBB021;"'2020-09-14 10:00'";26;18;49;15;1;moderate
DEBB021;"'2020-09-14 11:00'";23;43;38;11;1;moderate
DEBB021;"'2020-09-14 12:00'";28;73;-;9;-;moderate
DEBB021;"'2020-09-14 13:00'";19;100;13;6;3;moderate
DEBB021;"'2020-09-14 14:00'";18;115;8;6;4;moderate
DEBB021;"'2020-09-14 15:00'";21;121;8;7;2;moderate
DEBB021;"'2020-09-14 16:00'";20;124;8;7;1;moderate
DEBB021;"'2020-09-14 17:00'";21;124;12;7;1;moderate
DEBB021;"'2020-09-14 18:00'";22;125;9;6;1;moderate
DEBB021;"'2020-09-14 19:00'";37;106;17;9;1;moderate
DEBB021;"'2020-09-14 20:00'";48;64;41;13;1;moderate
DEBB021;"'2020-09-14 21:00'";31;12;82;13;1;poor
DEBB021;"'2020-09-14 22:00'";22;22;62;14;1;poor
DEBB021;"'2020-09-14 23:00'";27;19;60;18;1;moderate
DEBB021;"'2020-09-14 24:00'";29;27;51;20;1;moderate
DEBB021;"'2020-09-15 01:00'";26;67;24;18;1;moderate
DEBB021;"'2020-09-15 02:00'";26;67;21;19;1;moderate
DEBB021;"'2020-09-15 03:00'";27;63;20;21;1;moderate
DEBB021;"'2020-09-15 04:00'";28;51;26;22;1;moderate
DEBB021;"'2020-09-15 05:00'";29;59;19;22;1;moderate
DEBB021;"'2020-09-15 06:00'";29;47;23;22;1;moderate
DEBB021;"'2020-09-15 07:00'";30;30;31;23;1;moderate
DEBB021;"'2020-09-15 08:00'";35;16;49;24;1;moderate
DEBB021;"'2020-09-15 09:00'";34;19;50;23;1;moderate
DEBB021;"'2020-09-15 10:00'";31;44;29;19;1;moderate
DEBB021;"'2020-09-15 11:00'";29;69;17;15;1;moderate
DEBB021;"'2020-09-15 12:00'";30;92;12;13;1;moderate
DEBB021;"'2020-09-15 13:00'";29;105;8;11;1;moderate
DEBB021;"'2020-09-15 14:00'";29;110;9;10;1;moderate
DEBB021;"'2020-09-15 15:00'";28;108;8;8;1;moderate
DEBB021;"'2020-09-15 16:00'";24;109;8;8;1;moderate
DEBB021;"'2020-09-15 17:00'";28;110;9;8;1;moderate
DEBB021;"'2020-09-15 18:00'";23;99;13;7;1;moderate
DEBB021;"'2020-09-15 19:00'";39;84;17;9;1;moderate
DEBB021;"'2020-09-15 20:00'";45;58;30;14;1;moderate
DEBB021;"'2020-09-15 21:00'";44;43;43;13;1;moderate
DEBB021;"'2020-09-15 22:00'";31;18;60;15;1;moderate
DEBB021;"'2020-09-15 23:00'";26;23;44;17;1;moderate
DEBB021;"'2020-09-15 24:00'";28;15;49;19;1;moderate
DEBB021;"'2020-09-16 01:00'";27;23;41;20;1;moderate
DEBB021;"'2020-09-16 02:00'";28;24;42;21;1;moderate
DEBB021;"'2020-09-16 03:00'";28;32;33;21;1;moderate
DEBB021;"'2020-09-16 04:00'";28;28;31;21;1;moderate
DEBB021;"'2020-09-16 05:00'";27;11;38;21;1;moderate
DEBB021;"'2020-09-16 06:00'";26;12;34;21;1;moderate
DEBB021;"'2020-09-16 07:00'";33;18;42;24;1;moderate
DEBB021;"'2020-09-16 08:00'";37;21;41;26;1;moderate
DEBB021;"'2020-09-16 09:00'";37;42;28;26;1;moderate
DEBB021;"'2020-09-16 10:00'";34;62;21;23;1;moderate
DEBB021;"'2020-09-16 11:00'";31;100;12;19;1;moderate
DEBB021;"'2020-09-16 12:00'";30;129;9;16;1;moderate
DEBB021;"'2020-09-16 13:00'";27;142;8;13;1;moderate
DEBB021;"'2020-09-16 14:00'";23;145;6;11;1;poor
DEBB021;"'2020-09-16 15:00'";20;148;5;8;1;poor
DEBB021;"'2020-09-16 16:00'";20;150;7;9;1;poor
DEBB021;"'2020-09-16 17:00'";22;144;10;8;1;moderate
DEBB021;"'2020-09-16 18:00'";27;145;12;10;1;poor
DEBB021;"'2020-09-16 19:00'";37;139;17;13;1;moderate
DEBB021;"'2020-09-16 20:00'";32;149;8;13;1;poor
DEBB021;"'2020-09-16 21:00'";27;135;7;15;1;moderate
DEBB021;"'2020-09-16 22:00'";20;113;5;13;1;moderate
DEBB021;"'2020-09-16 23:00'";13;97;5;8;1;moderate
DEBB021;"'2020-09-16 24:00'";10;86;4;6;1;moderate
DEBB021;"'2020-09-17 01:00'";8;75;2;6;1;moderate
DEBB021;"'2020-09-17 02:00'";8;69;3;6;1;good
DEBB021;"'2020-09-17 03:00'";7;64;4;5;1;good
DEBB021;"'2020-09-17 04:00'";6;59;4;4;1;good
DEBB021;"'2020-09-17 05:00'";5;53;5;4;1;good
DEBB021;"'2020-09-17 06:00'";5;47;5;3;1;good
DEBB021;"'2020-09-17 07:00'";5;37;9;3;1;good
DEBB021;"'2020-09-17 08:00'";4;31;13;3;1;good
DEBB021;"'2020-09-17 09:00'";6;38;9;2;1;good
DEBB021;"'2020-09-17 10:00'";9;49;5;2;1;good
DEBB021;"'2020-09-17 11:00'";10;56;6;2;1;good
DEBB021;"'2020-09-17 12:00'";10;62;5;2;1;good
DEBB021;"'2020-09-17 13:00'";9;68;4;2;1;good
DEBB021;"'2020-09-17 14:00'";10;71;5;2;1;good
DEBB021;"'2020-09-17 15:00'";10;71;4;2;1;good
DEBB021;"'2020-09-17 16:00'";12;71;5;2;1;good
DEBB021;"'2020-09-17 17:00'";11;72;6;2;1;good
DEBB021;"'2020-09-17 18:00'";10;71;6;2;1;good
DEBB021;"'2020-09-17 19:00'";9;67;7;2;1;good
DEBB021;"'2020-09-17 20:00'";9;63;8;2;1;good
DEBB021;"'2020-09-17 21:00'";8;57;11;3;1;good
DEBB021;"'2020-09-17 22:00'";7;52;12;2;1;good
DEBB021;"'2020-09-17 23:00'";6;49;12;2;1;good
DEBB021;"'2020-09-17 24:00'";6;45;12;2;1;good
DEBB021;"'2020-09-18 01:00'";4;40;14;2;1;good
DEBB021;"'2020-09-18 02:00'";2;37;13;2;1;good
DEBB021;"'2020-09-18 03:00'";3;33;13;2;1;good
DEBB021;"'2020-09-18 04:00'";5;24;18;3;1;good
DEBB021;"'2020-09-18 05:00'";4;16;23;3;1;good
DEBB021;"'2020-09-18 06:00'";3;3;29;3;1;good
DEBB021;"'2020-09-18 07:00'";5;2;32;3;1;moderate
DEBB021;"'2020-09-18 08:00'";10;3;34;7;1;moderate
DEBB021;"'2020-09-18 09:00'";8;14;36;5;1;moderate
DEBB021;"'2020-09-18 10:00'";14;26;33;4;2;moderate
DEBB021;"'2020-09-18 11:00'";12;50;14;3;1;good
DEBB021;"'2020-09-18 12:00'";13;57;10;3;1;good
DEBB021;"'2020-09-18 13:00'";11;60;10;2;1;good
DEBB021;"'2020-09-18 14:00'";12;67;10;2;1;good
DEBB021;"'2020-09-18 15:00'";14;70;11;2;1;good
DEBB021;"'2020-09-18 16:00'";14;73;10;2;1;moderate
DEBB021;"'2020-09-18 17:00'";14;79;9;2;1;moderate
DEBB021;"'2020-09-18 18:00'";26;78;9;3;1;moderate
DEBB021;"'2020-09-18 19:00'";18;74;11;2;1;moderate
DEBB021;"'2020-09-18 20:00'";24;58;20;4;1;good
DEBB021;"'2020-09-18 21:00'";44;40;29;8;1;moderate
DEBB021;"'2020-09-18 22:00'";33;20;47;9;1;moderate
DEBB021;"'2020-09-18 23:00'";57;27;35;13;1;poor
DEBB021;"'2020-09-18 24:00'";47;25;32;12;1;moderate
DEBB021;"'2020-09-19 01:00'";38;21;37;12;1;moderate
DEBB021;"'2020-09-19 02:00'";24;17;38;10;1;moderate
DEBB021;"'2020-09-19 03:00'";21;19;38;10;1;moderate
DEBB021;"'2020-09-19 04:00'";17;21;32;10;1;moderate
DEBB021;"'2020-09-19 05:00'";14;23;28;10;1;good
DEBB021;"'2020-09-19 06:00'";12;25;27;9;1;good
DEBB021;"'2020-09-19 07:00'";12;24;26;8;1;good
DEBB021;"'2020-09-19 08:00'";12;20;28;8;1;good
DEBB021;"'2020-09-19 09:00'";16;27;27;8;1;good
DEBB021;"'2020-09-19 10:00'";20;38;22;7;1;good
DEBB021;"'2020-09-19 11:00'";25;62;11;5;1;good
DEBB021;"'2020-09-19 12:00'";23;72;10;4;2;good
DEBB021;"'2020-09-19 13:00'";20;78;9;4;1;moderate
DEBB021;"'2020-09-19 14:00'";25;82;9;4;1;moderate
DEBB021;"'2020-09-19 15:00'";18;87;9;3;1;moderate
DEBB021;"'2020-09-19 16:00'";22;87;9;4;1;moderate
DEBB021;"'2020-09-19 17:00'";24;89;9;4;1;moderate
DEBB021;"'2020-09-19 18:00'";30;87;9;5;1;moderate
DEBB021;"'2020-09-19 19:00'";25;84;12;5;1;moderate
DEBB021;"'2020-09-19 20:00'";19;78;14;5;1;moderate
DEBB021;"'2020-09-19 21:00'";21;68;20;6;1;good
DEBB021;"'2020-09-19 22:00'";22;66;17;8;1;good
DEBB021;"'2020-09-19 23:00'";24;64;14;9;1;good
DEBB021;"'2020-09-19 24:00'";25;62;15;10;1;good
DEBB021;"'2020-09-20 01:00'";26;62;14;10;1;good
DEBB021;"'2020-09-20 02:00'";28;60;15;10;1;moderate
DEBB021;"'2020-09-20 03:00'";23;60;13;9;2;good
DEBB021;"'2020-09-20 04:00'";20;60;11;9;1;good
DEBB021;"'2020-09-20 05:00'";21;59;11;9;1;good
DEBB021;"'2020-09-20 06:00'";22;54;13;9;2;good
DEBB021;"'2020-09-20 07:00'";19;48;14;9;1;good
DEBB021;"'2020-09-20 08:00'";21;44;18;10;2;good
DEBB021;"'2020-09-20 09:00'";21;51;14;10;3;good
DEBB021;"'2020-09-20 10:00'";24;52;14;11;4;good
DEBB021;"'2020-09-20 11:00'";25;61;14;10;5;good
DEBB021;"'2020-09-20 12:00'";23;78;11;9;3;moderate
DEBB021;"'2020-09-20 13:00'";20;92;11;8;4;moderate
DEBB021;"'2020-09-20 14:00'";21;108;10;7;4;moderate
DEBB021;"'2020-09-20 15:00'";25;112;9;7;3;moderate
DEBB021;"'2020-09-20 16:00'";27;110;13;8;4;moderate
DEBB021;"'2020-09-20 17:00'";22;112;10;7;4;moderate
DEBB021;"'2020-09-20 18:00'";25;110;9;7;2;moderate
DEBB021;"'2020-09-20 19:00'";22;102;13;7;1;moderate
DEBB021;"'2020-09-20 20:00'";21;84;26;8;3;moderate
DEBB021;"'2020-09-20 21:00'";21;75;24;9;3;moderate
DEBB021;"'2020-09-20 22:00'";18;74;20;8;2;moderate
DEBB021;"'2020-09-20 23:00'";17;72;19;9;3;good
DEBB021;"'2020-09-20 24:00'";17;64;19;9;3;good
DEBB021;"'2020-09-21 01:00'";16;69;15;9;4;good
DEBB021;"'2020-09-21 02:00'";16;63;15;9;4;good
DEBB021;"'2020-09-21 03:00'";16;62;15;9;4;good
DEBB021;"'2020-09-21 04:00'";15;55;16;9;4;good
DEBB021;"'2020-09-21 05:00'";14;45;19;9;3;good
DEBB021;"'2020-09-21 06:00'";14;38;22;10;2;good
DEBB021;"'2020-09-21 07:00'";16;29;32;11;3;moderate
DEBB021;"'2020-09-21 08:00'";21;15;48;13;3;moderate
DEBB021;"'2020-09-21 09:00'";29;26;40;14;4;moderate
DEBB021;"'2020-09-21 10:00'";33;36;33;14;5;moderate
DEBB021;"'2020-09-21 11:00'";39;43;29;14;6;moderate
DEBB021;"'2020-09-21 12:00'";38;57;29;13;11;moderate
DEBB021;"'2020-09-21 13:00'";37;59;36;11;20;moderate
DEBB021;"'2020-09-21 14:00'";33;79;25;9;13;moderate
DEBB021;"'2020-09-21 15:00'";39;104;13;9;6;moderate
DEBB021;"'2020-09-21 16:00'";36;115;10;9;5;moderate
DEBB021;"'2020-09-21 17:00'";32;115;12;8;6;moderate
DEBB021;"'2020-09-21 18:00'";31;115;12;8;5;moderate
DEBB021;"'2020-09-21 19:00'";31;110;17;9;4;moderate
DEBB021;"'2020-09-21 20:00'";43;84;30;13;3;moderate
DEBB021;"'2020-09-21 21:00'";58;63;33;16;2;poor
DEBB021;"'2020-09-21 22:00'";35;37;51;17;1;moderate
DEBB021;"'2020-09-21 23:00'";26;52;36;16;1;moderate
DEBB021;"'2020-09-21 24:00'";27;55;31;16;1;moderate
DEBB021;"'2020-09-22 01:00'";23;54;26;15;1;good
DEBB021;"'2020-09-22 02:00'";24;57;23;14;3;good
DEBB021;"'2020-09-22 03:00'";22;57;21;15;2;good
DEBB021;"'2020-09-22 04:00'";22;50;22;15;1;good
DEBB021;"'2020-09-22 05:00'";25;42;25;17;1;moderate
DEBB021;"'2020-09-22 06:00'";25;28;34;17;1;moderate
DEBB021;"'2020-09-22 07:00'";27;15;44;18;1;moderate
DEBB021;"'2020-09-22 08:00'";31;5;55;20;1;moderate
DEBB021;"'2020-09-22 09:00'";37;12;53;24;1;moderate
DEBB021;"'2020-09-22 10:00'";44;29;39;27;1;moderate
DEBB021;"'2020-09-22 11:00'";53;44;30;26;3;moderate
DEBB021;"'2020-09-22 12:00'";50;72;18;21;3;moderate
DEBB021;"'2020-09-22 13:00'";54;99;14;17;4;moderate
DEBB021;"'2020-09-22 14:00'";44;122;12;15;6;moderate
DEBB021;"'2020-09-22 15:00'";39;133;9;12;5;moderate
DEBB021;"'2020-09-22 16:00'";46;133;11;10;4;moderate
DEBB021;"'2020-09-22 17:00'";75;127;17;12;2;poor
DEBB021;"'2020-09-22 18:00'";57;133;13;11;1;poor
DEBB021;"'2020-09-22 19:00'";79;122;18;15;1;poor
DEBB021;"'2020-09-22 20:00'";73;79;45;19;1;poor
DEBB021;"'2020-09-22 21:00'";54;44;57;21;1;moderate
DEBB021;"'2020-09-22 22:00'";37;33;63;21;1;poor
DEBB021;"'2020-09-22 23:00'";36;37;57;23;1;moderate
DEBB021;"'2020-09-22 24:00'";32;51;43;21;3;moderate
DEBB021;"'2020-09-23 01:00'";30;58;32;20;1;moderate
DEBB021;"'2020-09-23 02:00'";28;60;26;19;1;moderate
DEBB021;"'2020-09-23 03:00'";28;54;24;19;1;moderate
DEBB021;"'2020-09-23 04:00'";29;53;22;19;1;moderate
DEBB021;"'2020-09-23 05:00'";29;50;22;20;1;moderate
DEBB021;"'2020-09-23 06:00'";29;43;26;20;1;moderate
DEBB021;"'2020-09-23 07:00'";32;33;35;21;1;moderate
DEBB021;"'2020-09-23 08:00'";36;19;51;24;1;moderate
DEBB021;"'2020-09-23 09:00'";39;19;50;25;1;moderate
DEBB021;"'2020-09-23 10:00'";48;31;42;26;1;moderate
DEBB021;"'2020-09-23 11:00'";47;75;24;19;1;moderate
DEBB021;"'2020-09-23 12:00'";45;108;17;15;1;moderate
DEBB021;"'2020-09-23 13:00'";52;129;16;13;3;moderate
DEBB021;"'2020-09-23 14:00'";35;145;12;11;1;poor
DEBB021;"'2020-09-23 15:00'";36;151;11;12;3;poor
DEBB021;"'2020-09-23 16:00'";38;160;10;10;2;poor
DEBB021;"'2020-09-23 17:00'";35;158;10;9;1;poor
DEBB021;"'2020-09-23 18:00'";39;152;14;11;3;poor
DEBB021;"'2020-09-23 19:00'";44;140;22;11;3;moderate
DEBB021;"'2020-09-23 20:00'";64;103;34;15;1;poor
DEBB021;"'2020-09-23 21:00'";45;79;39;16;1;moderate
DEBB021;"'2020-09-23 22:00'";42;51;50;18;1;moderate
DEBB021;"'2020-09-23 23:00'";44;30;62;25;1;poor
DEBB021;"'2020-09-23 24:00'";36;40;52;23;1;moderate
DEBB021;"'2020-09-24 01:00'";33;49;39;22;1;moderate
DEBB021;"'2020-09-24 02:00'";30;75;22;17;1;moderate
DEBB021;"'2020-09-24 03:00'";28;89;14;15;1;moderate
DEBB021;"'2020-09-24 04:00'";28;86;12;14;1;moderate
DEBB021;"'2020-09-24 05:00'";25;80;12;14;1;moderate
DEBB021;"'2020-09-24 06:00'";23;77;14;13;1;moderate
DEBB021;"'2020-09-24 07:00'";23;75;16;13;1;moderate
DEBB021;"'2020-09-24 08:00'";30;71;19;14;1;moderate
DEBB021;"'2020-09-24 09:00'";36;69;16;14;1;moderate
DEBB021;"'2020-09-24 10:00'";35;68;16;14;1;moderate
DEBB021;"'2020-09-24 11:00'";41;65;19;13;1;moderate
DEBB021;"'2020-09-24 12:00'";31;73;14;10;1;moderate
DEBB021;"'2020-09-24 13:00'";32;77;11;9;1;moderate
DEBB021;"'2020-09-24 14:00'";27;78;8;5;1;moderate
DEBB021;"'2020-09-24 15:00'";19;85;7;4;1;moderate
DEBB021;"'2020-09-24 16:00'";38;85;10;5;1;moderate
DEBB021;"'2020-09-24 17:00'";39;85;9;5;1;moderate
DEBB021;"'2020-09-24 18:00'";30;85;9;4;1;moderate
DEBB021;"'2020-09-24 19:00'";42;80;10;6;1;moderate
DEBB021;"'2020-09-24 20:00'";83;69;15;10;1;poor
DEBB021;"'2020-09-24 21:00'";33;44;33;8;1;moderate
DEBB021;"'2020-09-24 22:00'";35;23;47;11;1;moderate
DEBB021;"'2020-09-24 23:00'";31;25;39;10;1;moderate
DEBB021;"'2020-09-24 24:00'";50;26;43;12;1;moderate
DEBB021;"'2020-09-25 01:00'";24;28;37;10;1;moderate
DEBB021;"'2020-09-25 02:00'";21;33;29;10;1;good
DEBB021;"'2020-09-25 03:00'";18;34;25;9;1;good
DEBB021;"'2020-09-25 04:00'";14;39;20;8;1;good
DEBB021;"'2020-09-25 05:00'";9;49;11;6;1;good
DEBB021;"'2020-09-25 06:00'";8;48;12;5;1;good
DEBB021;"'2020-09-25 07:00'";6;52;13;5;1;good
DEBB021;"'2020-09-25 08:00'";6;53;16;5;1;good
DEBB021;"'2020-09-25 09:00'";5;52;17;4;1;good
DEBB021;"'2020-09-25 10:00'";5;50;19;4;1;good
DEBB021;"'2020-09-25 11:00'";5;48;17;4;1;good
DEBB021;"'2020-09-25 12:00'";6;50;19;4;1;good
DEBB021;"'2020-09-25 13:00'";8;53;19;6;1;good
DEBB021;"'2020-09-25 14:00'";9;54;13;7;1;good
DEBB021;"'2020-09-25 15:00'";5;61;11;3;1;good
DEBB021;"'2020-09-25 16:00'";4;65;10;2;1;good
DEBB021;"'2020-09-25 17:00'";3;67;8;1;1;good
DEBB021;"'2020-09-25 18:00'";3;70;8;2;1;good
DEBB021;"'2020-09-25 19:00'";6;58;16;4;1;good
DEBB021;"'2020-09-25 20:00'";11;24;36;9;1;moderate
DEBB021;"'2020-09-25 21:00'";9;9;40;6;1;moderate
DEBB021;"'2020-09-25 22:00'";8;13;27;6;1;good
DEBB021;"'2020-09-25 23:00'";12;7;31;9;1;moderate
DEBB021;"'2020-09-25 24:00'";9;20;24;7;1;good
DEBB021;"'2020-09-26 01:00'";8;31;17;6;1;good
DEBB021;"'2020-09-26 02:00'";8;25;21;6;1;good
DEBB021;"'2020-09-26 03:00'";7;25;20;5;1;good
DEBB021;"'2020-09-26 04:00'";6;25;16;5;1;good
DEBB021;"'2020-09-26 05:00'";6;32;14;4;1;good
DEBB021;"'2020-09-26 06:00'";6;30;13;4;1;good
DEBB021;"'2020-09-26 07:00'";6;27;13;5;1;good
DEBB021;"'2020-09-26 08:00'";6;29;15;5;1;good
DEBB021;"'2020-09-26 09:00'";6;33;13;5;1;good
DEBB021;"'2020-09-26 10:00'";5;38;12;4;1;good
DEBB021;"'2020-09-26 11:00'";5;46;10;4;1;good
DEBB021;"'2020-09-26 12:00'";6;42;11;5;1;good
DEBB021;"'2020-09-26 13:00'";7;41;11;6;1;good
DEBB021;"'2020-09-26 14:00'";7;41;12;6;1;good
DEBB021;"'2020-09-26 15:00'";8;45;10;7;1;good
DEBB021;"'2020-09-26 16:00'";8;47;9;8;1;good
DEBB021;"'2020-09-26 17:00'";8;49;9;7;1;good
DEBB021;"'2020-09-26 18:00'";7;48;10;6;1;good
DEBB021;"'2020-09-26 19:00'";5;49;10;5;1;good
DEBB021;"'2020-09-26 20:00'";3;56;8;3;1;good
DEBB021;"'2020-09-26 21:00'";1;57;7;1;1;good
DEBB021;"'2020-09-26 22:00'";1;52;7;1;1;good
DEBB021;"'2020-09-26 23:00'";2;54;7;2;1;good
DEBB021;"'2020-09-26 24:00'";3;51;6;2;1;good
DEBB021;"'2020-09-27 01:00'";5;52;5;4;1;good
DEBB021;"'2020-09-27 02:00'";5;49;5;4;1;good
DEBB021;"'2020-09-27 03:00'";4;48;4;3;1;good
DEBB021;"'2020-09-27 04:00'";3;46;4;2;1;good
DEBB021;"'2020-09-27 05:00'";2;44;4;2;1;good
DEBB021;"'2020-09-27 06:00'";2;42;5;2;1;good
DEBB021;"'2020-09-27 07:00'";3;36;7;2;1;good
DEBB021;"'2020-09-27 08:00'";3;31;8;3;1;good
DEBB021;"'2020-09-27 09:00'";3;29;7;3;1;good
DEBB021;"'2020-09-27 10:00'";3;28;7;3;1;good
DEBB021;"'2020-09-27 11:00'";3;31;8;3;1;good
DEBB021;"'2020-09-27 12:00'";3;33;8;3;1;good
DEBB021;"'2020-09-27 13:00'";3;40;9;2;1;good
DEBB021;"'2020-09-27 14:00'";3;52;6;1;1;good
DEBB021;"'2020-09-27 15:00'";2;52;7;1;1;good
DEBB021;"'2020-09-27 16:00'";3;48;7;2;1;good
DEBB021;"'2020-09-27 17:00'";3;54;10;1;1;good
DEBB021;"'2020-09-27 18:00'";3;49;14;2;1;good
DEBB021;"'2020-09-27 19:00'";4;35;17;4;1;good
DEBB021;"'2020-09-27 20:00'";8;17;25;7;1;good
DEBB021;"'2020-09-27 21:00'";5;13;25;4;1;good
DEBB021;"'2020-09-27 22:00'";4;13;23;3;1;good
DEBB021;"'2020-09-27 23:00'";4;16;19;3;1;good
DEBB021;"'2020-09-27 24:00'";4;19;15;3;1;good
DEBB021;"'2020-09-28 01:00'";4;21;15;3;1;good
DEBB021;"'2020-09-28 02:00'";4;21;12;4;1;good
DEBB021;"'2020-09-28 03:00'";6;19;11;4;1;good
DEBB021;"'2020-09-28 04:00'";6;18;11;4;1;good
DEBB021;"'2020-09-28 05:00'";6;14;13;4;1;good
DEBB021;"'2020-09-28 06:00'";6;12;14;4;1;good
DEBB021;"'2020-09-28 07:00'";7;10;18;5;1;good
DEBB021;"'2020-09-28 08:00'";8;8;20;6;1;good
DEBB021;"'2020-09-28 09:00'";8;15;18;6;1;good
DEBB021;"'2020-09-28 10:00'";7;20;17;5;1;good
DEBB021;"'2020-09-28 11:00'";7;27;15;5;1;good
DEBB021;"'2020-09-28 12:00'";5;41;11;3;1;good
DEBB021;"'2020-09-28 13:00'";6;46;-;3;-;good
DEBB021;"'2020-09-28 14:00'";4;51;7;3;1;good
DEBB021;"'2020-09-28 15:00'";5;61;8;3;2;good
DEBB021;"'2020-09-28 16:00'";5;65;8;3;2;good
DEBB021;"'2020-09-28 17:00'";5;67;12;3;1;good
DEBB021;"'2020-09-28 18:00'";5;66;12;2;1;good
DEBB021;"'2020-09-28 19:00'";8;62;12;4;1;good
DEBB021;"'2020-09-28 20:00'";9;32;33;5;1;moderate
DEBB021;"'2020-09-28 21:00'";11;13;44;8;1;moderate
DEBB021;"'2020-09-28 22:00'";11;23;33;8;1;moderate
DEBB021;"'2020-09-28 23:00'";9;33;19;7;1;good
DEBB021;"'2020-09-28 24:00'";8;28;17;6;1;good
DEBB021;"'2020-09-29 01:00'";7;30;18;6;1;good
DEBB021;"'2020-09-29 02:00'";6;33;14;5;1;good
DEBB021;"'2020-09-29 03:00'";6;25;16;5;1;good
DEBB021;"'2020-09-29 04:00'";7;23;15;6;1;good
DEBB021;"'2020-09-29 05:00'";8;24;14;6;1;good
DEBB021;"'2020-09-29 06:00'";8;24;15;6;1;good
DEBB021;"'2020-09-29 07:00'";8;21;19;6;1;good
DEBB021;"'2020-09-29 08:00'";9;7;34;7;1;moderate
DEBB021;"'2020-09-29 09:00'";11;3;39;8;1;moderate
DEBB021;"'2020-09-29 10:00'";12;9;38;8;1;moderate
DEBB021;"'2020-09-29 11:00'";10;19;30;7;1;good
DEBB021;"'2020-09-29 12:00'";10;29;24;7;1;good
DEBB021;"'2020-09-29 13:00'";8;42;16;5;2;good
DEBB021;"'2020-09-29 14:00'";7;57;12;5;3;good
DEBB021;"'2020-09-29 15:00'";7;67;9;5;1;good
DEBB021;"'2020-09-29 16:00'";6;76;7;4;1;moderate
DEBB021;"'2020-09-29 17:00'";6;76;7;4;1;moderate
DEBB021;"'2020-09-29 18:00'";8;74;9;6;1;moderate
DEBB021;"'2020-09-29 19:00'";9;58;18;6;1;good
DEBB021;"'2020-09-29 20:00'";12;20;43;9;1;moderate
DEBB021;"'2020-09-29 21:00'";17;2;57;13;1;moderate
DEBB021;"'2020-09-29 22:00'";12;2;45;9;1;moderate
DEBB021;"'2020-09-29 23:00'";12;2;37;10;1;moderate
DEBB021;"'2020-09-29 24:00'";14;3;28;11;1;good
DEBB021;"'2020-09-30 01:00'";13;6;20;10;1;good
DEBB021;"'2020-09-30 02:00'";14;2;23;11;1;good
DEBB021;"'2020-09-30 03:00'";13;2;22;11;1;good
DEBB021;"'2020-09-30 04:00'";13;2;18;11;1;good
DEBB021;"'2020-09-30 05:00'";12;2;16;10;1;good
DEBB021;"'2020-09-30 06:00'";11;2;19;10;1;good
DEBB021;"'2020-09-30 07:00'";12;2;22;11;1;good
DEBB021;"'2020-09-30 08:00'";14;2;24;12;1;good
DEBB021;"'2020-09-30 09:00'";18;8;27;15;1;good
DEBB021;"'2020-09-30 10:00'";20;18;29;17;1;moderate
DEBB021;"'2020-09-30 11:00'";19;26;21;15;1;good
DEBB021;"'2020-09-30 12:00'";15;44;15;12;1;good
DEBB021;"'2020-09-30 13:00'";14;55;15;10;1;good
DEBB021;"'2020-09-30 14:00'";13;67;14;9;1;good
DEBB021;"'2020-09-30 15:00'";10;83;9;8;1;moderate
DEBB021;"'2020-09-30 16:00'";12;83;8;8;1;moderate
DEBB021;"'2020-09-30 17:00'";11;87;9;8;1;moderate
DEBB021;"'2020-09-30 18:00'";11;83;12;8;1;moderate
DEBB021;"'2020-09-30 19:00'";14;62;27;9;1;good
DEBB021;"'2020-09-30 20:00'";16;32;43;12;1;moderate
DEBB021;"'2020-09-30 21:00'";15;19;39;12;1;moderate
DEBB021;"'2020-09-30 22:00'";17;13;38;13;1;moderate
DEBB021;"'2020-09-30 23:00'";20;5;37;16;1;moderate
DEBB021;"'2020-09-30 24:00'";23;5;39;20;1;moderate
DEBB021;"'2020-10-01 01:00'";23;3;38;20;1;moderate
DEBB021;"'2020-10-01 02:00'";23;2;32;20;1;moderate
DEBB021;"'2020-10-01 03:00'";20;2;23;17;1;moderate
DEBB021;"'2020-10-01 04:00'";17;2;23;15;1;good
DEBB021;"'2020-10-01 05:00'";22;2;26;18;1;moderate
DEBB021;"'2020-10-01 06:00'";22;2;26;17;1;moderate
DEBB021;"'2020-10-01 07:00'";18;2;27;16;1;moderate
DEBB021;"'2020-10-01 08:00'";18;2;25;17;1;moderate
DEBB021;"'2020-10-01 09:00'";20;4;30;19;1;moderate
DEBB021;"'2020-10-01 10:00'";22;8;-;20;1;moderate
DEBB021;"'2020-10-01 11:00'";24;17;37;20;1;moderate
DEBB021;"'2020-10-01 12:00'";21;32;25;17;1;moderate
DEBB021;"'2020-10-01 13:00'";19;42;18;14;1;good
DEBB021;"'2020-10-01 14:00'";23;56;15;13;1;good
DEBB021;"'2020-10-01 15:00'";35;61;10;14;1;moderate
DEBB021;"'2020-10-01 16:00'";36;58;12;14;1;moderate
DEBB021;"'2020-10-01 17:00'";40;60;11;15;1;moderate
DEBB021;"'2020-10-01 18:00'";25;48;15;14;1;good
DEBB021;"'2020-10-01 19:00'";20;41;16;15;1;good
DEBB021;"'2020-10-01 20:00'";23;35;18;17;1;moderate
DEBB021;"'2020-10-01 21:00'";25;35;14;19;1;moderate
DEBB021;"'2020-10-01 22:00'";25;32;14;20;1;moderate
DEBB021;"'2020-10-01 23:00'";26;29;15;20;1;moderate
DEBB021;"'2020-10-01 24:00'";27;22;17;21;1;moderate
DEBB021;"'2020-10-02 01:00'";27;16;18;21;1;moderate
DEBB021;"'2020-10-02 02:00'";32;14;17;23;1;moderate
DEBB021;"'2020-10-02 03:00'";33;13;14;23;1;moderate
DEBB021;"'2020-10-02 04:00'";35;14;12;24;1;moderate
DEBB021;"'2020-10-02 05:00'";34;15;12;24;1;moderate
DEBB021;"'2020-10-02 06:00'";34;10;15;25;1;moderate
DEBB021;"'2020-10-02 07:00'";38;7;20;27;1;moderate
DEBB021;"'2020-10-02 08:00'";41;9;22;29;1;moderate
DEBB021;"'2020-10-02 09:00'";33;20;17;25;1;moderate
DEBB021;"'2020-10-02 10:00'";28;31;12;22;1;moderate
DEBB021;"'2020-10-02 11:00'";25;36;11;20;1;moderate
DEBB021;"'2020-10-02 12:00'";24;38;12;19;1;moderate
DEBB021;"'2020-10-02 13:00'";24;46;12;18;1;moderate
DEBB021;"'2020-10-02 14:00'";23;51;10;18;2;moderate
DEBB021;"'2020-10-02 15:00'";24;55;12;18;4;moderate
DEBB021;"'2020-10-02 16:00'";25;60;11;18;2;moderate
DEBB021;"'2020-10-02 17:00'";21;55;10;15;1;good
DEBB021;"'2020-10-02 18:00'";18;51;9;13;1;good
DEBB021;"'2020-10-02 19:00'";21;43;12;15;1;good
DEBB021;"'2020-10-02 20:00'";29;35;13;19;1;moderate
DEBB021;"'2020-10-02 21:00'";27;34;13;19;1;moderate
DEBB021;"'2020-10-02 22:00'";21;39;11;16;1;moderate
DEBB021;"'2020-10-02 23:00'";19;37;11;15;1;good
DEBB021;"'2020-10-02 24:00'";19;32;11;15;1;good
DEBB021;"'2020-10-03 01:00'";21;29;12;18;1;moderate
DEBB021;"'2020-10-03 02:00'";24;25;13;21;1;moderate
DEBB021;"'2020-10-03 03:00'";25;24;13;22;1;moderate
DEBB021;"'2020-10-03 04:00'";25;23;13;22;1;moderate
DEBB021;"'2020-10-03 05:00'";24;22;13;21;1;moderate
DEBB021;"'2020-10-03 06:00'";23;22;12;20;1;moderate
DEBB021;"'2020-10-03 07:00'";21;22;12;18;1;moderate
DEBB021;"'2020-10-03 08:00'";21;22;12;17;1;moderate
DEBB021;"'2020-10-03 09:00'";19;26;10;16;1;moderate
DEBB021;"'2020-10-03 10:00'";18;34;8;14;1;good
DEBB021;"'2020-10-03 11:00'";18;42;8;13;1;good
DEBB021;"'2020-10-03 12:00'";17;49;10;12;1;good
DEBB021;"'2020-10-03 13:00'";16;59;9;12;1;good
DEBB021;"'2020-10-03 14:00'";16;71;9;10;1;good
DEBB021;"'2020-10-03 15:00'";16;82;6;10;1;moderate
DEBB021;"'2020-10-03 16:00'";18;85;7;10;2;moderate
DEBB021;"'2020-10-03 17:00'";17;84;8;10;2;moderate
DEBB021;"'2020-10-03 18:00'";17;82;9;11;1;moderate
DEBB021;"'2020-10-03 19:00'";18;76;11;12;1;moderate
DEBB021;"'2020-10-03 20:00'";20;66;15;14;1;good
DEBB021;"'2020-10-03 21:00'";23;59;15;18;1;moderate
DEBB021;"'2020-10-03 22:00'";25;50;15;20;1;moderate
DEBB021;"'2020-10-03 23:00'";20;43;14;15;1;good
DEBB021;"'2020-10-03 24:00'";15;42;8;9;1;good
DEBB021;"'2020-10-04 01:00'";7;48;6;5;1;good
DEBB021;"'2020-10-04 02:00'";4;57;5;3;1;good
DEBB021;"'2020-10-04 03:00'";2;69;5;1;1;good
DEBB021;"'2020-10-04 04:00'";2;65;6;2;1;good
DEBB021;"'2020-10-04 05:00'";2;61;6;2;1;good
DEBB021;"'2020-10-04 06:00'";3;51;7;2;1;good
DEBB021;"'2020-10-04 07:00'";3;40;14;3;1;good
DEBB021;"'2020-10-04 08:00'";5;37;14;4;1;good
DEBB021;"'2020-10-04 09:00'";6;33;10;5;1;good
DEBB021;"'2020-10-04 10:00'";6;40;11;5;1;good
DEBB021;"'2020-10-04 11:00'";4;51;8;3;1;good
DEBB021;"'2020-10-04 12:00'";3;58;7;2;1;good
DEBB021;"'2020-10-04 13:00'";3;66;6;1;1;good
DEBB021;"'2020-10-04 14:00'";4;69;5;1;1;good
DEBB021;"'2020-10-04 15:00'";6;70;5;1;1;good
DEBB021;"'2020-10-04 16:00'";6;68;7;1;1;good
DEBB021;"'2020-10-04 17:00'";5;64;7;1;1;good
DEBB021;"'2020-10-04 18:00'";4;67;6;1;1;good
DEBB021;"'2020-10-04 19:00'";4;62;8;1;1;good
DEBB021;"'2020-10-04 20:00'";3;55;12;1;1;good
DEBB021;"'2020-10-04 21:00'";4;50;15;2;1;good
DEBB021;"'2020-10-04 22:00'";8;31;28;6;1;good
DEBB021;"'2020-10-04 23:00'";7;26;29;6;1;good
DEBB021;"'2020-10-04 24:00'";6;33;21;4;1;good
DEBB021;"'2020-10-05 01:00'";5;30;21;4;1;good
DEBB021;"'2020-10-05 02:00'";5;29;19;4;1;good
DEBB021;"'2020-10-05 03:00'";5;25;20;4;1;good
DEBB021;"'2020-10-05 04:00'";5;24;19;4;1;good
DEBB021;"'2020-10-05 05:00'";4;27;16;3;1;good
DEBB021;"'2020-10-05 06:00'";4;27;18;3;1;good
DEBB021;"'2020-10-05 07:00'";5;13;30;4;1;good
DEBB021;"'2020-10-05 08:00'";6;5;40;5;1;moderate
DEBB021;"'2020-10-05 09:00'";7;7;40;5;1;moderate
DEBB021;"'2020-10-05 10:00'";11;8;39;6;1;moderate
DEBB021;"'2020-10-05 11:00'";13;15;34;6;1;moderate
DEBB021;"'2020-10-05 12:00'";12;18;30;6;1;good
DEBB021;"'2020-10-05 13:00'";12;11;36;7;2;moderate
DEBB021;"'2020-10-05 14:00'";9;22;24;6;3;good
DEBB021;"'2020-10-05 15:00'";9;29;16;6;1;good
DEBB021;"'2020-10-05 16:00'";8;21;23;6;1;good
DEBB021;"'2020-10-05 17:00'";6;21;24;5;1;good
DEBB021;"'2020-10-05 18:00'";6;18;27;4;1;good
DEBB021;"'2020-10-05 19:00'";6;17;23;5;1;good
DEBB021;"'2020-10-05 20:00'";7;18;20;5;1;good
DEBB021;"'2020-10-05 21:00'";7;22;16;5;1;good
DEBB021;"'2020-10-05 22:00'";6;24;14;5;1;good
DEBB021;"'2020-10-05 23:00'";5;29;11;3;1;good
DEBB021;"'2020-10-05 24:00'";4;32;9;3;1;good
DEBB021;"'2020-10-06 01:00'";4;31;9;3;1;good
DEBB021;"'2020-10-06 02:00'";4;32;8;3;1;good
DEBB021;"'2020-10-06 03:00'";3;31;9;3;1;good
DEBB021;"'2020-10-06 04:00'";3;29;10;2;1;good
DEBB021;"'2020-10-06 05:00'";2;29;9;1;1;good
DEBB021;"'2020-10-06 06:00'";2;30;9;1;1;good
DEBB021;"'2020-10-06 07:00'";2;27;15;1;1;good
DEBB021;"'2020-10-06 08:00'";2;17;23;2;1;good
DEBB021;"'2020-10-06 09:00'";2;25;15;2;1;good
DEBB021;"'2020-10-06 10:00'";2;-;11;2;1;good
DEBB021;"'2020-10-06 11:00'";3;-;12;1;1;good
DEBB021;"'2020-10-06 12:00'";4;-;10;1;1;"very good"
DEBB021;"'2020-10-06 13:00'";2;35;11;1;1;good
DEBB021;"'2020-10-06 14:00'";2;35;11;1;1;good
DEBB021;"'2020-10-06 15:00'";5;49;7;2;1;good
DEBB021;"'2020-10-06 16:00'";7;58;11;3;1;good
DEBB021;"'2020-10-06 17:00'";7;58;12;3;1;good
DEBB021;"'2020-10-06 18:00'";5;52;13;3;1;good
DEBB021;"'2020-10-06 19:00'";4;48;12;2;1;good
DEBB021;"'2020-10-06 20:00'";3;48;10;2;1;good
DEBB021;"'2020-10-06 21:00'";3;44;9;2;1;good
DEBB021;"'2020-10-06 22:00'";4;40;9;3;1;good
DEBB021;"'2020-10-06 23:00'";3;43;8;2;1;good
DEBB021;"'2020-10-06 24:00'";2;42;7;2;1;good
DEBB021;"'2020-10-07 01:00'";2;40;8;2;1;good
DEBB021;"'2020-10-07 02:00'";2;37;8;1;1;good
DEBB021;"'2020-10-07 03:00'";2;35;7;2;1;good
DEBB021;"'2020-10-07 04:00'";2;35;8;2;1;good
DEBB021;"'2020-10-07 05:00'";2;36;7;2;1;good
DEBB021;"'2020-10-07 06:00'";2;33;10;2;1;good
DEBB021;"'2020-10-07 07:00'";2;31;14;2;1;good
DEBB021;"'2020-10-07 08:00'";3;23;22;3;1;good
DEBB021;"'2020-10-07 09:00'";4;21;24;3;1;good
DEBB021;"'2020-10-07 10:00'";4;33;15;3;1;good
DEBB021;"'2020-10-07 11:00'";5;42;10;3;1;good
DEBB021;"'2020-10-07 12:00'";5;48;8;3;1;good
DEBB021;"'2020-10-07 13:00'";4;48;10;3;1;good
DEBB021;"'2020-10-07 14:00'";4;50;7;2;1;good
DEBB021;"'2020-10-07 15:00'";4;48;9;2;1;good
DEBB021;"'2020-10-07 16:00'";5;40;14;3;1;good
DEBB021;"'2020-10-07 17:00'";6;39;17;5;1;good
DEBB021;"'2020-10-07 18:00'";6;43;14;5;1;good
DEBB021;"'2020-10-07 19:00'";6;34;16;5;1;good
DEBB021;"'2020-10-07 20:00'";7;32;17;6;1;good
DEBB021;"'2020-10-07 21:00'";8;28;22;7;1;good
DEBB021;"'2020-10-07 22:00'";6;43;13;5;1;good
DEBB021;"'2020-10-07 23:00'";6;41;17;5;1;good
DEBB021;"'2020-10-07 24:00'";6;43;12;5;1;good
DEBB021;"'2020-10-08 01:00'";7;47;10;6;1;good
DEBB021;"'2020-10-08 02:00'";7;50;9;5;1;good
DEBB021;"'2020-10-08 03:00'";7;50;9;6;1;good
DEBB021;"'2020-10-08 04:00'";7;48;8;6;1;good
DEBB021;"'2020-10-08 05:00'";8;41;14;7;1;good
DEBB021;"'2020-10-08 06:00'";9;39;11;8;1;good
DEBB021;"'2020-10-08 07:00'";9;31;15;8;1;good
DEBB021;"'2020-10-08 08:00'";10;29;17;8;1;good
DEBB021;"'2020-10-08 09:00'";11;30;17;8;1;good
DEBB021;"'2020-10-08 10:00'";11;35;14;8;1;good
DEBB021;"'2020-10-08 11:00'";11;-;12;7;1;good
DEBB021;"'2020-10-08 12:00'";13;45;12;7;1;good
DEBB021;"'2020-10-08 13:00'";11;49;10;6;1;good
DEBB021;"'2020-10-08 14:00'";11;45;13;5;1;good
DEBB021;"'2020-10-08 15:00'";9;43;14;5;1;good
DEBB021;"'2020-10-08 16:00'";8;45;12;5;1;good
DEBB021;"'2020-10-08 17:00'";6;41;14;5;1;good
DEBB021;"'2020-10-08 18:00'";6;36;15;5;1;good
DEBB021;"'2020-10-08 19:00'";3;37;12;3;1;good
DEBB021;"'2020-10-08 20:00'";3;37;11;2;1;good
DEBB021;"'2020-10-08 21:00'";3;39;9;2;1;good
DEBB021;"'2020-10-08 22:00'";3;37;9;2;1;good
DEBB021;"'2020-10-08 23:00'";3;37;8;2;1;good
DEBB021;"'2020-10-08 24:00'";3;38;7;2;1;good
DEBB021;"'2020-10-09 01:00'";3;38;6;2;1;good
DEBB021;"'2020-10-09 02:00'";3;39;5;3;1;good
DEBB021;"'2020-10-09 03:00'";4;40;5;3;1;good
DEBB021;"'2020-10-09 04:00'";4;38;6;3;1;good
DEBB021;"'2020-10-09 05:00'";3;41;6;2;1;good
DEBB021;"'2020-10-09 06:00'";2;46;8;1;1;good
DEBB021;"'2020-10-09 07:00'";3;38;13;2;1;good
DEBB021;"'2020-10-09 08:00'";4;30;19;3;1;good
DEBB021;"'2020-10-09 09:00'";6;21;25;4;1;good
DEBB021;"'2020-10-09 10:00'";5;41;13;3;1;good
DEBB021;"'2020-10-09 11:00'";5;49;11;3;1;good
DEBB021;"'2020-10-09 12:00'";6;55;9;4;1;good
DEBB021;"'2020-10-09 13:00'";7;56;9;3;1;good
DEBB021;"'2020-10-09 14:00'";5;50;11;3;1;good
DEBB021;"'2020-10-09 15:00'";4;49;11;3;1;good
DEBB021;"'2020-10-09 16:00'";6;43;16;3;1;good
DEBB021;"'2020-10-09 17:00'";6;49;11;3;1;good
DEBB021;"'2020-10-09 18:00'";5;45;10;4;1;good
DEBB021;"'2020-10-09 19:00'";7;38;12;5;1;good
DEBB021;"'2020-10-09 20:00'";8;34;12;6;1;good
DEBB021;"'2020-10-09 21:00'";7;38;11;6;1;good
DEBB021;"'2020-10-09 22:00'";6;46;10;5;1;good
DEBB021;"'2020-10-09 23:00'";5;57;7;4;1;good
DEBB021;"'2020-10-09 24:00'";6;49;7;6;1;good
DEBB021;"'2020-10-10 01:00'";7;44;8;6;1;good
DEBB021;"'2020-10-10 02:00'";7;48;6;6;1;good
DEBB021;"'2020-10-10 03:00'";8;39;8;7;1;good
DEBB021;"'2020-10-10 04:00'";8;42;9;7;1;good
DEBB021;"'2020-10-10 05:00'";7;42;7;7;1;good
DEBB021;"'2020-10-10 06:00'";10;37;8;8;1;good
DEBB021;"'2020-10-10 07:00'";9;31;10;7;1;good
DEBB021;"'2020-10-10 08:00'";10;30;10;9;1;good
DEBB021;"'2020-10-10 09:00'";13;25;13;10;1;good
DEBB021;"'2020-10-10 10:00'";13;27;13;10;1;good
DEBB021;"'2020-10-10 11:00'";11;37;10;9;1;good
DEBB021;"'2020-10-10 12:00'";5;57;7;4;1;good
DEBB021;"'2020-10-10 13:00'";6;60;7;4;1;good
DEBB021;"'2020-10-10 14:00'";5;65;6;3;1;good
DEBB021;"'2020-10-10 15:00'";5;65;6;3;1;good
DEBB021;"'2020-10-10 16:00'";6;61;9;4;1;good
DEBB021;"'2020-10-10 17:00'";8;60;10;5;1;good
DEBB021;"'2020-10-10 18:00'";8;58;9;5;1;good
DEBB021;"'2020-10-10 19:00'";11;43;18;7;1;good
DEBB021;"'2020-10-10 20:00'";12;31;22;9;1;good
DEBB021;"'2020-10-10 21:00'";12;30;19;10;1;good
DEBB021;"'2020-10-10 22:00'";12;34;19;10;1;good
DEBB021;"'2020-10-10 23:00'";11;38;13;9;1;good
DEBB021;"'2020-10-10 24:00'";10;41;12;8;1;good
DEBB021;"'2020-10-11 01:00'";9;39;11;7;1;good
DEBB021;"'2020-10-11 02:00'";10;32;13;8;1;good
DEBB021;"'2020-10-11 03:00'";10;34;12;8;1;good
DEBB021;"'2020-10-11 04:00'";12;30;13;10;1;good
DEBB021;"'2020-10-11 05:00'";14;25;13;12;1;good
DEBB021;"'2020-10-11 06:00'";13;18;14;11;1;good
DEBB021;"'2020-10-11 07:00'";12;21;13;10;1;good
DEBB021;"'2020-10-11 08:00'";11;24;13;9;1;good
DEBB021;"'2020-10-11 09:00'";10;25;12;8;1;good
DEBB021;"'2020-10-11 10:00'";8;31;9;6;1;good
DEBB021;"'2020-10-11 11:00'";6;37;8;5;1;good
DEBB021;"'2020-10-11 12:00'";5;45;7;4;1;good
DEBB021;"'2020-10-11 13:00'";4;61;5;3;1;good
DEBB021;"'2020-10-11 14:00'";4;67;5;3;1;good
DEBB021;"'2020-10-11 15:00'";5;69;6;3;1;good
DEBB021;"'2020-10-11 16:00'";5;64;10;3;1;good
DEBB021;"'2020-10-11 17:00'";6;62;10;3;1;good
DEBB021;"'2020-10-11 18:00'";4;59;11;3;1;good
DEBB021;"'2020-10-11 19:00'";4;51;13;3;1;good
DEBB021;"'2020-10-11 20:00'";7;41;18;5;1;good
DEBB021;"'2020-10-11 21:00'";7;45;13;5;1;good
DEBB021;"'2020-10-11 22:00'";6;39;20;4;1;good
DEBB021;"'2020-10-11 23:00'";5;38;16;4;1;good
DEBB021;"'2020-10-11 24:00'";6;36;16;4;1;good
DEBB021;"'2020-10-12 01:00'";6;37;13;5;1;good
DEBB021;"'2020-10-12 02:00'";6;34;12;4;1;good
DEBB021;"'2020-10-12 03:00'";6;33;11;4;1;good
DEBB021;"'2020-10-12 04:00'";6;36;12;5;1;good
DEBB021;"'2020-10-12 05:00'";7;35;11;5;1;good
DEBB021;"'2020-10-12 06:00'";8;30;12;6;1;good
DEBB021;"'2020-10-12 07:00'";8;23;22;7;1;good
DEBB021;"'2020-10-12 08:00'";10;17;28;8;1;good
DEBB021;"'2020-10-12 09:00'";11;15;31;8;1;moderate
DEBB021;"'2020-10-12 10:00'";11;23;21;9;1;good
DEBB021;"'2020-10-12 11:00'";12;34;13;9;1;good
DEBB021;"'2020-10-12 12:00'";8;40;11;6;1;good
DEBB021;"'2020-10-12 13:00'";9;46;8;6;1;good
DEBB021;"'2020-10-12 14:00'";7;57;6;5;1;good
DEBB021;"'2020-10-12 15:00'";7;52;8;5;1;good
DEBB021;"'2020-10-12 16:00'";6;59;8;5;1;good
DEBB021;"'2020-10-12 17:00'";6;61;9;4;1;good
DEBB021;"'2020-10-12 18:00'";6;58;9;5;1;good
DEBB021;"'2020-10-12 19:00'";8;38;21;6;1;good
DEBB021;"'2020-10-12 20:00'";20;3;47;15;1;moderate
DEBB021;"'2020-10-12 21:00'";26;2;34;22;1;moderate
DEBB021;"'2020-10-12 22:00'";21;2;24;17;1;moderate
DEBB021;"'2020-10-12 23:00'";18;2;22;14;1;good
DEBB021;"'2020-10-12 24:00'";13;2;26;11;1;good
DEBB021;"'2020-10-13 01:00'";13;2;24;10;1;good
DEBB021;"'2020-10-13 02:00'";12;2;21;10;1;good
DEBB021;"'2020-10-13 03:00'";12;2;18;10;1;good
DEBB021;"'2020-10-13 04:00'";12;2;18;10;1;good
DEBB021;"'2020-10-13 05:00'";12;2;17;10;1;good
DEBB021;"'2020-10-13 06:00'";10;2;19;9;1;good
DEBB021;"'2020-10-13 07:00'";10;2;20;9;1;good
DEBB021;"'2020-10-13 08:00'";12;2;21;10;1;good
DEBB021;"'2020-10-13 09:00'";21;2;26;16;1;moderate
DEBB021;"'2020-10-13 10:00'";17;6;30;12;1;good
DEBB021;"'2020-10-13 11:00'";13;13;26;11;1;good
DEBB021;"'2020-10-13 12:00'";15;21;22;12;1;good
DEBB021;"'2020-10-13 13:00'";13;32;18;11;1;good
DEBB021;"'2020-10-13 14:00'";9;44;13;7;1;good
DEBB021;"'2020-10-13 15:00'";7;43;18;6;1;good
DEBB021;"'2020-10-13 16:00'";5;49;13;4;1;good
DEBB021;"'2020-10-13 17:00'";5;45;14;4;1;good
DEBB021;"'2020-10-13 18:00'";7;38;18;4;1;good
DEBB021;"'2020-10-13 19:00'";7;36;17;5;1;good
DEBB021;"'2020-10-13 20:00'";6;41;13;4;1;good
DEBB021;"'2020-10-13 21:00'";5;48;8;4;1;good
DEBB021;"'2020-10-13 22:00'";5;47;8;4;1;good
DEBB021;"'2020-10-13 23:00'";4;50;7;3;1;good
DEBB021;"'2020-10-13 24:00'";3;54;5;2;1;good
DEBB021;"'2020-10-14 01:00'";2;55;2;2;1;good
DEBB021;"'2020-10-14 02:00'";2;52;2;1;1;good
DEBB021;"'2020-10-14 03:00'";2;51;2;1;1;good
DEBB021;"'2020-10-14 04:00'";0.8;52;2;1;1;good
DEBB021;"'2020-10-14 05:00'";0.8;53;2;1;1;good
DEBB021;"'2020-10-14 06:00'";2;54;3;1;1;good
DEBB021;"'2020-10-14 07:00'";2;55;5;1;1;good
DEBB021;"'2020-10-14 08:00'";2;55;7;1;1;good
DEBB021;"'2020-10-14 09:00'";2;53;8;2;1;good
DEBB021;"'2020-10-14 10:00'";3;51;8;2;1;good
DEBB021;"'2020-10-14 11:00'";3;-;6;2;1;"very good"
DEBB021;"'2020-10-14 12:00'";3;-;7;2;1;"very good"
DEBB021;"'2020-10-14 13:00'";3;57;6;2;1;good
DEBB021;"'2020-10-14 14:00'";3;60;5;2;1;good
DEBB021;"'2020-10-14 15:00'";3;58;5;2;1;good
DEBB021;"'2020-10-14 16:00'";3;56;5;2;1;good
DEBB021;"'2020-10-14 17:00'";3;55;5;2;1;good
DEBB021;"'2020-10-14 18:00'";3;54;6;2;1;good
DEBB021;"'2020-10-14 19:00'";3;55;5;2;1;good
DEBB021;"'2020-10-14 20:00'";2;56;5;2;1;good
DEBB021;"'2020-10-14 21:00'";1;56;5;1;1;good
DEBB021;"'2020-10-14 22:00'";1;56;4;1;1;good
DEBB021;"'2020-10-14 23:00'";0.8;58;2;1;1;good
DEBB021;"'2020-10-14 24:00'";0.8;57;2;1;1;good
DEBB021;"'2020-10-15 01:00'";0.8;57;2;1;1;good
DEBB021;"'2020-10-15 02:00'";0.8;57;2;1;1;good
DEBB021;"'2020-10-15 03:00'";0.8;56;2;1;1;good
DEBB021;"'2020-10-15 04:00'";0.8;55;2;1;1;good
DEBB021;"'2020-10-15 05:00'";0.8;55;2;1;1;good
DEBB021;"'2020-10-15 06:00'";0.8;52;4;1;1;good
DEBB021;"'2020-10-15 07:00'";0.8;47;7;1;1;good
DEBB021;"'2020-10-15 08:00'";0.8;49;7;1;1;good
DEBB021;"'2020-10-15 09:00'";0.8;52;6;1;1;good
DEBB021;"'2020-10-15 10:00'";3;51;8;2;1;good
DEBB021;"'2020-10-15 11:00'";3;50;7;2;1;good
DEBB021;"'2020-10-15 12:00'";3;48;7;2;1;good
DEBB021;"'2020-10-15 13:00'";2;45;8;1;1;good
DEBB021;"'2020-10-15 14:00'";0.8;46;8;1;1;good
DEBB021;"'2020-10-15 15:00'";1;45;8;1;1;good
DEBB021;"'2020-10-15 16:00'";2;45;8;2;1;good
DEBB021;"'2020-10-15 17:00'";3;46;8;2;1;good
DEBB021;"'2020-10-15 18:00'";3;47;7;2;1;good
DEBB021;"'2020-10-15 19:00'";3;46;7;2;1;good
DEBB021;"'2020-10-15 20:00'";4;48;7;3;1;good
DEBB021;"'2020-10-15 21:00'";5;49;6;4;1;good
DEBB021;"'2020-10-15 22:00'";4;49;5;3;1;good
DEBB021;"'2020-10-15 23:00'";4;49;4;3;1;good
DEBB021;"'2020-10-15 24:00'";3;50;2;2;1;good
DEBB021;"'2020-10-16 01:00'";4;52;2;3;1;good
DEBB021;"'2020-10-16 02:00'";4;52;2;3;1;good
DEBB021;"'2020-10-16 03:00'";4;51;2;3;1;good
DEBB021;"'2020-10-16 04:00'";4;51;2;3;1;good
DEBB021;"'2020-10-16 05:00'";4;48;3;3;1;good
DEBB021;"'2020-10-16 06:00'";4;47;4;2;1;good
DEBB021;"'2020-10-16 07:00'";4;43;8;3;1;good
DEBB021;"'2020-10-16 08:00'";4;40;9;3;1;good
DEBB021;"'2020-10-16 09:00'";4;38;11;3;1;good
DEBB021;"'2020-10-16 10:00'";4;42;10;3;1;good
DEBB021;"'2020-10-16 11:00'";3;47;8;2;1;good
DEBB021;"'2020-10-16 12:00'";2;53;7;1;1;good
DEBB021;"'2020-10-16 13:00'";1;55;6;1;1;good
DEBB021;"'2020-10-16 14:00'";0.8;52;9;1;1;good
DEBB021;"'2020-10-16 15:00'";0.8;50;8;1;1;good
DEBB021;"'2020-10-16 16:00'";2;51;8;1;1;good
DEBB021;"'2020-10-16 17:00'";2;47;14;1;1;good
DEBB021;"'2020-10-16 18:00'";3;46;9;3;1;good
DEBB021;"'2020-10-16 19:00'";4;44;10;3;1;good
DEBB021;"'2020-10-16 20:00'";5;37;13;4;1;good
DEBB021;"'2020-10-16 21:00'";7;34;14;5;1;good
DEBB021;"'2020-10-16 22:00'";6;36;11;5;1;good
DEBB021;"'2020-10-16 23:00'";6;34;10;5;1;good
DEBB021;"'2020-10-16 24:00'";6;34;7;4;1;good
DEBB021;"'2020-10-17 01:00'";5;33;8;4;1;good
DEBB021;"'2020-10-17 02:00'";5;34;7;4;1;good
DEBB021;"'2020-10-17 03:00'";5;33;6;4;1;good
DEBB021;"'2020-10-17 04:00'";5;34;5;4;1;good
DEBB021;"'2020-10-17 05:00'";6;34;5;4;1;good
DEBB021;"'2020-10-17 06:00'";9;30;8;7;1;good
DEBB021;"'2020-10-17 07:00'";11;25;11;9;1;good
DEBB021;"'2020-10-17 08:00'";12;23;12;10;1;good
DEBB021;"'2020-10-17 09:00'";11;22;11;9;1;good
DEBB021;"'2020-10-17 10:00'";11;24;10;9;1;good
DEBB021;"'2020-10-17 11:00'";11;33;10;10;1;good
DEBB021;"'2020-10-17 12:00'";11;42;11;9;1;good
DEBB021;"'2020-10-17 13:00'";10;46;10;9;2;good
DEBB021;"'2020-10-17 14:00'";7;55;9;6;3;good
DEBB021;"'2020-10-17 15:00'";6;59;6;5;1;good
DEBB021;"'2020-10-17 16:00'";5;58;6;4;1;good
DEBB021;"'2020-10-17 17:00'";7;57;6;5;1;good
DEBB021;"'2020-10-17 18:00'";8;52;8;7;1;good
DEBB021;"'2020-10-17 19:00'";11;41;16;9;1;good
DEBB021;"'2020-10-17 20:00'";15;28;25;13;1;good
DEBB021;"'2020-10-17 21:00'";16;31;16;13;1;good
DEBB021;"'2020-10-17 22:00'";11;37;11;9;1;good
DEBB021;"'2020-10-17 23:00'";10;36;11;8;1;good
DEBB021;"'2020-10-17 24:00'";11;33;9;9;1;good
DEBB021;"'2020-10-18 01:00'";11;33;8;9;1;good
DEBB021;"'2020-10-18 02:00'";12;31;8;10;1;good
DEBB021;"'2020-10-18 03:00'";12;28;8;10;1;good
DEBB021;"'2020-10-18 04:00'";11;26;9;9;1;good
DEBB021;"'2020-10-18 05:00'";13;24;8;11;1;good
DEBB021;"'2020-10-18 06:00'";14;21;10;13;1;good
DEBB021;"'2020-10-18 07:00'";16;22;11;14;1;good
DEBB021;"'2020-10-18 08:00'";19;26;10;18;1;moderate
DEBB021;"'2020-10-18 09:00'";20;31;9;18;1;moderate
DEBB021;"'2020-10-18 10:00'";20;37;7;18;1;moderate
DEBB021;"'2020-10-18 11:00'";19;41;7;17;1;moderate
DEBB021;"'2020-10-18 12:00'";18;43;7;16;1;moderate
DEBB021;"'2020-10-18 13:00'";17;45;7;15;1;good
DEBB021;"'2020-10-18 14:00'";16;43;8;15;1;good
DEBB021;"'2020-10-18 15:00'";16;42;9;14;1;good
DEBB021;"'2020-10-18 16:00'";13;46;8;12;1;good
DEBB021;"'2020-10-18 17:00'";4;60;7;4;1;good
DEBB021;"'2020-10-18 18:00'";10;45;10;9;1;good
DEBB021;"'2020-10-18 19:00'";14;38;14;12;1;good
DEBB021;"'2020-10-18 20:00'";10;45;11;8;1;good
DEBB021;"'2020-10-18 21:00'";7;49;9;6;1;good
DEBB021;"'2020-10-18 22:00'";6;48;9;5;1;good
DEBB021;"'2020-10-18 23:00'";7;41;11;6;1;good
DEBB021;"'2020-10-18 24:00'";6;42;9;5;1;good
DEBB021;"'2020-10-19 01:00'";6;44;8;4;1;good
DEBB021;"'2020-10-19 02:00'";6;46;6;4;1;good
DEBB021;"'2020-10-19 03:00'";6;46;6;4;1;good
DEBB021;"'2020-10-19 04:00'";8;41;8;6;1;good
DEBB021;"'2020-10-19 05:00'";10;35;10;8;1;good
DEBB021;"'2020-10-19 06:00'";12;31;14;9;1;good
DEBB021;"'2020-10-19 07:00'";12;21;25;10;1;good
DEBB021;"'2020-10-19 08:00'";14;17;26;12;1;good
DEBB021;"'2020-10-19 09:00'";16;14;29;13;1;good
DEBB021;"'2020-10-19 10:00'";14;23;19;11;1;good
DEBB021;"'2020-10-19 11:00'";13;27;21;10;1;good
DEBB021;"'2020-10-19 12:00'";13;36;13;10;1;good
DEBB021;"'2020-10-19 13:00'";11;49;9;8;1;good
DEBB021;"'2020-10-19 14:00'";6;63;8;4;1;good
DEBB021;"'2020-10-19 15:00'";5;62;11;3;1;good
DEBB021;"'2020-10-19 16:00'";8;55;17;5;1;good
DEBB021;"'2020-10-19 17:00'";9;44;22;4;1;good
DEBB021;"'2020-10-19 18:00'";9;37;22;5;1;good
DEBB021;"'2020-10-19 19:00'";12;16;33;8;1;moderate
DEBB021;"'2020-10-19 20:00'";12;6;42;8;1;moderate
DEBB021;"'2020-10-19 21:00'";15;10;36;10;1;moderate
DEBB021;"'2020-10-19 22:00'";16;6;32;12;1;moderate
DEBB021;"'2020-10-19 23:00'";17;2;33;13;1;moderate
DEBB021;"'2020-10-19 24:00'";17;2;30;13;1;good
DEBB021;"'2020-10-20 01:00'";16;3;28;13;1;good
DEBB021;"'2020-10-20 02:00'";15;2;25;12;1;good
DEBB021;"'2020-10-20 03:00'";13;2;23;11;1;good
DEBB021;"'2020-10-20 04:00'";15;4;20;13;1;good
DEBB021;"'2020-10-20 05:00'";16;7;17;14;1;good
DEBB021;"'2020-10-20 06:00'";17;5;20;15;1;good
DEBB021;"'2020-10-20 07:00'";19;2;25;16;1;moderate
DEBB021;"'2020-10-20 08:00'";20;2;27;17;1;moderate
DEBB021;"'2020-10-20 09:00'";23;6;26;18;1;moderate
DEBB021;"'2020-10-20 10:00'";23;8;27;18;1;moderate
DEBB021;"'2020-10-20 11:00'";21;17;22;17;1;moderate
DEBB021;"'2020-10-20 12:00'";21;27;15;17;1;moderate
DEBB021;"'2020-10-20 13:00'";20;32;11;16;1;moderate
DEBB021;"'2020-10-20 14:00'";19;39;13;14;1;good
DEBB021;"'2020-10-20 15:00'";18;39;14;12;1;good
DEBB021;"'2020-10-20 16:00'";17;37;17;11;1;good
DEBB021;"'2020-10-20 17:00'";18;31;21;12;1;good
DEBB021;"'2020-10-20 18:00'";17;28;19;11;1;good
DEBB021;"'2020-10-20 19:00'";17;19;25;13;1;good
DEBB021;"'2020-10-20 20:00'";18;18;24;13;1;good
DEBB021;"'2020-10-20 21:00'";16;21;19;13;1;good
DEBB021;"'2020-10-20 22:00'";13;27;16;10;1;good
DEBB021;"'2020-10-20 23:00'";12;30;14;10;1;good
DEBB021;"'2020-10-20 24:00'";12;31;13;10;1;good
DEBB021;"'2020-10-21 01:00'";14;29;13;11;1;good
DEBB021;"'2020-10-21 02:00'";14;25;13;11;1;good
DEBB021;"'2020-10-21 03:00'";14;24;12;11;1;good
DEBB021;"'2020-10-21 04:00'";14;22;12;11;1;good
DEBB021;"'2020-10-21 05:00'";14;21;13;11;1;good
DEBB021;"'2020-10-21 06:00'";14;19;13;11;1;good
DEBB021;"'2020-10-21 07:00'";14;20;16;11;1;good
DEBB021;"'2020-10-21 08:00'";17;11;23;13;1;good
DEBB021;"'2020-10-21 09:00'";21;6;27;16;1;moderate
DEBB021;"'2020-10-21 10:00'";24;11;23;19;1;moderate
DEBB021;"'2020-10-21 11:00'";25;10;24;20;1;moderate
DEBB021;"'2020-10-21 12:00'";25;16;20;19;1;moderate
DEBB021;"'2020-10-21 13:00'";25;17;21;18;1;moderate
DEBB021;"'2020-10-21 14:00'";21;21;20;16;1;moderate
DEBB021;"'2020-10-21 15:00'";20;19;26;14;1;good
DEBB021;"'2020-10-21 16:00'";23;19;27;13;1;good
DEBB021;"'2020-10-21 17:00'";20;19;23;13;1;good
DEBB021;"'2020-10-21 18:00'";18;17;24;12;1;good
DEBB021;"'2020-10-21 19:00'";19;17;24;13;1;good
DEBB021;"'2020-10-21 20:00'";21;17;23;15;1;good
DEBB021;"'2020-10-21 21:00'";21;23;18;14;1;good
DEBB021;"'2020-10-21 22:00'";22;27;17;13;1;good
DEBB021;"'2020-10-21 23:00'";23;35;15;12;1;good
DEBB021;"'2020-10-21 24:00'";25;41;13;11;1;good
DEBB021;"'2020-10-22 01:00'";26;40;13;11;1;good
DEBB021;"'2020-10-22 02:00'";30;46;11;12;1;moderate
DEBB021;"'2020-10-22 03:00'";31;47;10;12;1;moderate
DEBB021;"'2020-10-22 04:00'";31;43;12;12;3;moderate
DEBB021;"'2020-10-22 05:00'";30;46;11;12;1;moderate
DEBB021;"'2020-10-22 06:00'";30;46;11;12;1;moderate
DEBB021;"'2020-10-22 07:00'";29;40;17;12;1;moderate
DEBB021;"'2020-10-22 08:00'";25;36;20;13;1;good
DEBB021;"'2020-10-22 09:00'";20;36;19;12;1;good
DEBB021;"'2020-10-22 10:00'";27;39;16;12;1;good
DEBB021;"'2020-10-22 11:00'";26;39;17;12;1;good
DEBB021;"'2020-10-22 12:00'";26;40;18;11;1;good
DEBB021;"'2020-10-22 13:00'";23;52;13;10;1;good
DEBB021;"'2020-10-22 14:00'";22;51;15;10;1;good
DEBB021;"'2020-10-22 15:00'";22;47;18;10;1;good
DEBB021;"'2020-10-22 16:00'";22;44;20;10;1;good
DEBB021;"'2020-10-22 17:00'";20;50;19;9;1;good
DEBB021;"'2020-10-22 18:00'";21;49;18;10;1;good
DEBB021;"'2020-10-22 19:00'";17;47;19;11;1;good
DEBB021;"'2020-10-22 20:00'";19;48;16;12;1;good
DEBB021;"'2020-10-22 21:00'";18;50;15;11;1;good
DEBB021;"'2020-10-22 22:00'";16;57;13;9;1;good
DEBB021;"'2020-10-22 23:00'";15;54;11;9;1;good
DEBB021;"'2020-10-22 24:00'";18;55;11;11;1;good
DEBB021;"'2020-10-23 01:00'";19;53;11;11;1;good
DEBB021;"'2020-10-23 02:00'";17;53;10;11;1;good
DEBB021;"'2020-10-23 03:00'";13;51;16;8;1;good
DEBB021;"'2020-10-23 04:00'";12;47;14;8;1;good
DEBB021;"'2020-10-23 05:00'";17;41;10;11;1;good
DEBB021;"'2020-10-23 06:00'";19;34;14;12;1;good
DEBB021;"'2020-10-23 07:00'";19;20;24;12;1;good
DEBB021;"'2020-10-23 08:00'";19;7;40;12;1;moderate
DEBB021;"'2020-10-23 09:00'";21;2;42;14;1;moderate
DEBB021;"'2020-10-23 10:00'";25;2;45;16;1;moderate
DEBB021;"'2020-10-23 11:00'";24;4;44;16;1;moderate
DEBB021;"'2020-10-23 12:00'";18;30;30;12;1;good
DEBB021;"'2020-10-23 13:00'";16;50;16;9;1;good
DEBB021;"'2020-10-23 14:00'";18;38;20;11;1;good
DEBB021;"'2020-10-23 15:00'";19;29;25;13;1;good
DEBB021;"'2020-10-23 16:00'";25;12;40;17;1;moderate
DEBB021;"'2020-10-23 17:00'";26;6;36;17;1;moderate
DEBB021;"'2020-10-23 18:00'";23;12;23;17;1;moderate
DEBB021;"'2020-10-23 19:00'";21;11;24;18;1;moderate
DEBB021;"'2020-10-23 20:00'";7;44;13;6;1;good
DEBB021;"'2020-10-23 21:00'";5;39;10;4;1;good
DEBB021;"'2020-10-23 22:00'";8;31;13;7;1;good
DEBB021;"'2020-10-23 23:00'";11;28;16;9;1;good
DEBB021;"'2020-10-23 24:00'";14;29;15;12;1;good
DEBB021;"'2020-10-24 01:00'";15;22;14;12;1;good
DEBB021;"'2020-10-24 02:00'";13;36;11;11;1;good
DEBB021;"'2020-10-24 03:00'";10;48;6;8;1;good
DEBB021;"'2020-10-24 04:00'";10;50;2;7;1;good
DEBB021;"'2020-10-24 05:00'";9;46;3;6;1;good
DEBB021;"'2020-10-24 06:00'";9;37;7;7;1;good
DEBB021;"'2020-10-24 07:00'";10;30;11;7;1;good
DEBB021;"'2020-10-24 08:00'";11;23;14;8;1;good
DEBB021;"'2020-10-24 09:00'";12;27;13;9;1;good
DEBB021;"'2020-10-24 10:00'";12;29;15;8;1;good
DEBB021;"'2020-10-24 11:00'";12;35;11;9;1;good
DEBB021;"'2020-10-24 12:00'";9;49;8;6;1;good
DEBB021;"'2020-10-24 13:00'";8;55;7;5;1;good
DEBB021;"'2020-10-24 14:00'";8;58;6;5;1;good
DEBB021;"'2020-10-24 15:00'";9;55;8;6;1;good
DEBB021;"'2020-10-24 16:00'";9;56;8;5;1;good
DEBB021;"'2020-10-24 17:00'";8;56;10;4;1;good
DEBB021;"'2020-10-24 18:00'";10;46;14;6;1;good
DEBB021;"'2020-10-24 19:00'";14;35;19;9;1;good
DEBB021;"'2020-10-24 20:00'";16;39;13;11;1;good
DEBB021;"'2020-10-24 21:00'";12;44;11;9;1;good
DEBB021;"'2020-10-24 22:00'";14;43;9;10;1;good
DEBB021;"'2020-10-24 23:00'";15;40;10;11;1;good
DEBB021;"'2020-10-24 24:00'";14;38;9;10;1;good
DEBB021;"'2020-10-25 01:00'";14;36;8;10;1;good
DEBB021;"'2020-10-25 02:00'";12;36;8;9;1;good
DEBB021;"'2020-10-25 03:00'";12;35;8;9;1;good
DEBB021;"'2020-10-25 03:00'";10;36;7;7;1;good
DEBB021;"'2020-10-25 04:00'";9;38;6;6;1;good
DEBB021;"'2020-10-25 05:00'";8;39;6;6;1;good
DEBB021;"'2020-10-25 06:00'";8;36;6;6;1;good
DEBB021;"'2020-10-25 07:00'";7;35;6;5;1;good
DEBB021;"'2020-10-25 08:00'";7;38;6;5;1;good
DEBB021;"'2020-10-25 09:00'";7;38;6;5;1;good
DEBB021;"'2020-10-25 10:00'";6;44;6;4;1;good
DEBB021;"'2020-10-25 11:00'";6;47;6;4;1;good
DEBB021;"'2020-10-25 12:00'";7;49;6;4;1;good
DEBB021;"'2020-10-25 13:00'";6;55;6;4;1;good
DEBB021;"'2020-10-25 14:00'";6;57;6;4;1;good
DEBB021;"'2020-10-25 15:00'";8;51;8;4;1;good
DEBB021;"'2020-10-25 16:00'";9;49;8;5;1;good
DEBB021;"'2020-10-25 17:00'";10;44;11;6;1;good
DEBB021;"'2020-10-25 18:00'";10;41;13;7;1;good
DEBB021;"'2020-10-25 19:00'";10;38;16;8;1;good
DEBB021;"'2020-10-25 20:00'";12;39;13;9;1;good
DEBB021;"'2020-10-25 21:00'";10;41;11;8;1;good
DEBB021;"'2020-10-25 22:00'";10;41;10;8;1;good
DEBB021;"'2020-10-25 23:00'";11;39;11;8;1;good
DEBB021;"'2020-10-25 24:00'";11;33;12;8;1;good
DEBB021;"'2020-10-26 01:00'";12;29;13;9;1;good
DEBB021;"'2020-10-26 02:00'";11;31;11;8;1;good
DEBB021;"'2020-10-26 03:00'";11;25;12;8;1;good
DEBB021;"'2020-10-26 04:00'";12;20;13;9;1;good
DEBB021;"'2020-10-26 05:00'";12;22;11;9;1;good
DEBB021;"'2020-10-26 06:00'";12;20;14;9;1;good
DEBB021;"'2020-10-26 07:00'";13;12;24;9;1;good
DEBB021;"'2020-10-26 08:00'";15;13;24;11;1;good
DEBB021;"'2020-10-26 09:00'";19;6;26;15;1;good
DEBB021;"'2020-10-26 10:00'";21;8;24;17;1;moderate
DEBB021;"'2020-10-26 11:00'";21;13;17;16;1;moderate
DEBB021;"'2020-10-26 12:00'";20;16;16;15;1;good
DEBB021;"'2020-10-26 13:00'";18;22;12;14;1;good
DEBB021;"'2020-10-26 14:00'";19;18;17;14;1;good
DEBB021;"'2020-10-26 15:00'";23;10;23;15;1;good
DEBB021;"'2020-10-26 16:00'";23;7;24;16;1;moderate
DEBB021;"'2020-10-26 17:00'";22;5;25;15;1;good
DEBB021;"'2020-10-26 18:00'";20;5;25;14;1;good
DEBB021;"'2020-10-26 19:00'";17;8;25;12;1;good
DEBB021;"'2020-10-26 20:00'";16;12;22;11;1;good
DEBB021;"'2020-10-26 21:00'";13;15;19;9;1;good
DEBB021;"'2020-10-26 22:00'";13;16;17;10;1;good
DEBB021;"'2020-10-26 23:00'";12;24;12;9;1;good
DEBB021;"'2020-10-26 24:00'";11;30;10;8;1;good
DEBB021;"'2020-10-27 01:00'";8;34;8;6;1;good
DEBB021;"'2020-10-27 02:00'";7;31;10;5;1;good
DEBB021;"'2020-10-27 03:00'";8;28;10;6;1;good
DEBB021;"'2020-10-27 04:00'";9;28;10;6;1;good
DEBB021;"'2020-10-27 05:00'";9;32;8;6;1;good
DEBB021;"'2020-10-27 06:00'";9;29;11;6;1;good
DEBB021;"'2020-10-27 07:00'";9;26;15;6;1;good
DEBB021;"'2020-10-27 08:00'";10;25;19;7;1;good
DEBB021;"'2020-10-27 09:00'";11;26;19;7;1;good
DEBB021;"'2020-10-27 10:00'";9;33;15;6;1;good
DEBB021;"'2020-10-27 11:00'";9;38;14;5;1;good
DEBB021;"'2020-10-27 12:00'";8;41;12;4;1;good
DEBB021;"'2020-10-27 13:00'";9;46;10;5;1;good
DEBB021;"'2020-10-27 14:00'";10;49;9;4;1;good
DEBB021;"'2020-10-27 15:00'";9;46;11;4;1;good
DEBB021;"'2020-10-27 16:00'";8;48;11;3;1;good
DEBB021;"'2020-10-27 17:00'";7;44;15;3;1;good
DEBB021;"'2020-10-27 18:00'";6;45;12;3;1;good
DEBB021;"'2020-10-27 19:00'";6;42;16;3;1;good
DEBB021;"'2020-10-27 20:00'";7;43;11;4;1;good
DEBB021;"'2020-10-27 21:00'";8;41;11;5;1;good
DEBB021;"'2020-10-27 22:00'";8;37;11;5;1;good
DEBB021;"'2020-10-27 23:00'";9;34;10;7;1;good
DEBB021;"'2020-10-27 24:00'";11;34;10;9;1;good
DEBB021;"'2020-10-28 01:00'";11;36;8;9;1;good
DEBB021;"'2020-10-28 02:00'";11;39;8;9;1;good
DEBB021;"'2020-10-28 03:00'";12;37;8;10;1;good
DEBB021;"'2020-10-28 04:00'";12;38;8;10;1;good
DEBB021;"'2020-10-28 05:00'";11;38;8;9;1;good
DEBB021;"'2020-10-28 06:00'";9;39;8;7;1;good
DEBB021;"'2020-10-28 07:00'";7;37;13;5;1;good
DEBB021;"'2020-10-28 08:00'";7;32;17;5;1;good
DEBB021;"'2020-10-28 09:00'";7;32;16;5;1;good
DEBB021;"'2020-10-28 10:00'";6;34;13;4;1;good
DEBB021;"'2020-10-28 11:00'";7;33;14;4;2;good
DEBB021;"'2020-10-28 12:00'";7;32;15;3;2;good
DEBB021;"'2020-10-28 13:00'";7;36;12;3;1;good
DEBB021;"'2020-10-28 14:00'";5;37;13;2;1;good
DEBB021;"'2020-10-28 15:00'";8;36;13;3;1;good
DEBB021;"'2020-10-28 16:00'";10;32;16;3;1;good
DEBB021;"'2020-10-28 17:00'";5;28;21;3;1;good
DEBB021;"'2020-10-28 18:00'";5;26;22;3;1;good
DEBB021;"'2020-10-28 19:00'";5;29;14;4;1;good
DEBB021;"'2020-10-28 20:00'";5;25;16;4;1;good
DEBB021;"'2020-10-28 21:00'";5;30;14;4;1;good
DEBB021;"'2020-10-28 22:00'";6;25;16;5;1;good
DEBB021;"'2020-10-28 23:00'";5;33;13;4;1;good
DEBB021;"'2020-10-28 24:00'";5;35;11;3;1;good
DEBB021;"'2020-10-29 01:00'";5;34;10;4;1;good
DEBB021;"'2020-10-29 02:00'";5;37;9;4;1;good
DEBB021;"'2020-10-29 03:00'";5;43;8;4;1;good
DEBB021;"'2020-10-29 04:00'";5;44;7;4;1;good
DEBB021;"'2020-10-29 05:00'";5;45;6;3;1;good
DEBB021;"'2020-10-29 06:00'";5;42;7;3;1;good
DEBB021;"'2020-10-29 07:00'";4;40;10;3;1;good
DEBB021;"'2020-10-29 08:00'";4;37;17;3;1;good
DEBB021;"'2020-10-29 09:00'";4;41;16;3;1;good
DEBB021;"'2020-10-29 10:00'";4;45;13;3;1;good
DEBB021;"'2020-10-29 11:00'";5;56;7;3;1;good
DEBB021;"'2020-10-29 12:00'";6;58;7;4;1;good
DEBB021;"'2020-10-29 13:00'";6;59;7;4;1;good
DEBB021;"'2020-10-29 14:00'";7;59;7;4;1;good
DEBB021;"'2020-10-29 15:00'";7;59;7;4;1;good
DEBB021;"'2020-10-29 16:00'";8;54;10;5;1;good
DEBB021;"'2020-10-29 17:00'";8;49;15;5;1;good
DEBB021;"'2020-10-29 18:00'";10;44;18;6;1;good
DEBB021;"'2020-10-29 19:00'";10;42;20;6;1;good
DEBB021;"'2020-10-29 20:00'";9;43;18;6;1;good
DEBB021;"'2020-10-29 21:00'";10;44;15;7;1;good
DEBB021;"'2020-10-29 22:00'";11;40;16;8;1;good
DEBB021;"'2020-10-29 23:00'";12;41;11;8;1;good
DEBB021;"'2020-10-29 24:00'";13;41;11;9;1;good
DEBB021;"'2020-10-30 01:00'";12;41;10;9;1;good
DEBB021;"'2020-10-30 02:00'";10;42;9;7;1;good
DEBB021;"'2020-10-30 03:00'";9;41;9;6;1;good
DEBB021;"'2020-10-30 04:00'";9;36;8;7;1;good
DEBB021;"'2020-10-30 05:00'";8;37;7;7;1;good
DEBB021;"'2020-10-30 06:00'";7;31;10;6;1;good
DEBB021;"'2020-10-30 07:00'";7;28;11;6;1;good
DEBB021;"'2020-10-30 08:00'";5;19;20;4;1;good
DEBB021;"'2020-10-30 09:00'";5;17;21;4;1;good
DEBB021;"'2020-10-30 10:00'";4;24;20;3;1;good
DEBB021;"'2020-10-30 11:00'";4;36;15;3;1;good
DEBB021;"'2020-10-30 12:00'";4;36;16;3;1;good
DEBB021;"'2020-10-30 13:00'";4;36;17;3;1;good
DEBB021;"'2020-10-30 14:00'";4;39;15;3;1;good
DEBB021;"'2020-10-30 15:00'";3;40;15;3;1;good
DEBB021;"'2020-10-30 16:00'";4;42;12;3;1;good
DEBB021;"'2020-10-30 17:00'";5;41;12;4;1;good
DEBB021;"'2020-10-30 18:00'";6;40;12;4;1;good
DEBB021;"'2020-10-30 19:00'";7;40;11;5;1;good
DEBB021;"'2020-10-30 20:00'";6;39;11;5;1;good
DEBB021;"'2020-10-30 21:00'";6;38;11;5;1;good
DEBB021;"'2020-10-30 22:00'";6;38;10;5;1;good
DEBB021;"'2020-10-30 23:00'";9;38;9;7;1;good
DEBB021;"'2020-10-30 24:00'";10;38;8;8;1;good
DEBB021;"'2020-10-31 01:00'";10;38;8;8;1;good
DEBB021;"'2020-10-31 02:00'";10;38;7;8;1;good
DEBB021;"'2020-10-31 03:00'";9;37;8;8;1;good
DEBB021;"'2020-10-31 04:00'";11;35;8;10;1;good
DEBB021;"'2020-10-31 05:00'";13;34;8;11;1;good
DEBB021;"'2020-10-31 06:00'";12;32;8;10;1;good
DEBB021;"'2020-10-31 07:00'";10;31;8;8;1;good
DEBB021;"'2020-10-31 08:00'";6;30;8;5;1;good
DEBB021;"'2020-10-31 09:00'";6;29;8;5;1;good
DEBB021;"'2020-10-31 10:00'";8;28;10;7;1;good
DEBB021;"'2020-10-31 11:00'";8;31;8;6;1;good
DEBB021;"'2020-10-31 12:00'";9;33;7;7;1;good
DEBB021;"'2020-10-31 13:00'";8;35;8;6;1;good
DEBB021;"'2020-10-31 14:00'";9;33;10;7;1;good
DEBB021;"'2020-10-31 15:00'";10;32;10;7;1;good
DEBB021;"'2020-10-31 16:00'";9;35;9;6;1;good
DEBB021;"'2020-10-31 17:00'";11;29;12;7;1;good
DEBB021;"'2020-10-31 18:00'";14;22;14;10;1;good
DEBB021;"'2020-10-31 19:00'";16;23;11;11;1;good
DEBB021;"'2020-10-31 20:00'";19;23;11;13;1;good
DEBB021;"'2020-10-31 21:00'";16;26;8;12;1;good
DEBB021;"'2020-10-31 22:00'";16;26;7;11;1;good
DEBB021;"'2020-10-31 23:00'";18;24;7;13;1;good
DEBB021;"'2020-10-31 24:00'";18;23;8;13;1;good
DEBB021;"'2020-11-01 01:00'";17;23;8;13;1;good
DEBB021;"'2020-11-01 02:00'";16;25;7;11;1;good
DEBB021;"'2020-11-01 03:00'";15;25;8;10;1;good
DEBB021;"'2020-11-01 04:00'";15;24;7;11;1;good
DEBB021;"'2020-11-01 05:00'";16;25;8;11;1;good
DEBB021;"'2020-11-01 06:00'";16;27;7;11;1;good
DEBB021;"'2020-11-01 07:00'";14;27;8;11;1;good
DEBB021;"'2020-11-01 08:00'";12;26;8;10;1;good
DEBB021;"'2020-11-01 09:00'";10;26;9;8;1;good
DEBB021;"'2020-11-01 10:00'";11;27;9;9;1;good
DEBB021;"'2020-11-01 11:00'";14;26;9;11;1;good
DEBB021;"'2020-11-01 12:00'";16;26;10;12;1;good
DEBB021;"'2020-11-01 13:00'";15;27;9;11;1;good
DEBB021;"'2020-11-01 14:00'";12;29;8;9;1;good
DEBB021;"'2020-11-01 15:00'";12;28;10;9;1;good
DEBB021;"'2020-11-01 16:00'";11;28;10;8;1;good
DEBB021;"'2020-11-01 17:00'";11;27;12;8;1;good
DEBB021;"'2020-11-01 18:00'";9;26;13;6;1;good
DEBB021;"'2020-11-01 19:00'";6;27;11;4;1;good
DEBB021;"'2020-11-01 20:00'";5;27;10;4;1;good
DEBB021;"'2020-11-01 21:00'";5;30;9;3;1;good
DEBB021;"'2020-11-01 22:00'";5;30;8;4;1;good
DEBB021;"'2020-11-01 23:00'";6;28;9;4;1;good
DEBB021;"'2020-11-01 24:00'";5;30;8;3;1;good
DEBB021;"'2020-11-02 01:00'";4;33;7;3;1;good
DEBB021;"'2020-11-02 02:00'";4;33;6;3;1;good
DEBB021;"'2020-11-02 03:00'";4;30;6;3;1;good
DEBB021;"'2020-11-02 04:00'";4;29;6;2;1;good
DEBB021;"'2020-11-02 05:00'";3;29;7;2;1;good
DEBB021;"'2020-11-02 06:00'";3;27;8;2;1;good
DEBB021;"'2020-11-02 07:00'";4;24;14;3;1;good
DEBB021;"'2020-11-02 08:00'";4;24;14;3;1;good
DEBB021;"'2020-11-02 09:00'";5;22;16;3;1;good
DEBB021;"'2020-11-02 10:00'";5;24;14;3;1;good
DEBB021;"'2020-11-02 11:00'";5;27;10;3;1;good
DEBB021;"'2020-11-02 12:00'";5;32;8;3;1;good
DEBB021;"'2020-11-02 13:00'";5;33;8;3;1;good
DEBB021;"'2020-11-02 14:00'";7;35;8;3;1;good
DEBB021;"'2020-11-02 15:00'";7;40;7;3;1;good
DEBB021;"'2020-11-02 16:00'";9;36;10;3;1;good
DEBB021;"'2020-11-02 17:00'";7;30;14;4;1;good
DEBB021;"'2020-11-02 18:00'";6;28;15;4;1;good
DEBB021;"'2020-11-02 19:00'";7;33;11;3;1;good
DEBB021;"'2020-11-02 20:00'";8;36;9;4;1;good
DEBB021;"'2020-11-02 21:00'";8;38;8;4;1;good
DEBB021;"'2020-11-02 22:00'";8;39;9;4;1;good
DEBB021;"'2020-11-02 23:00'";9;38;9;5;1;good
DEBB021;"'2020-11-02 24:00'";3;54;3;2;1;good
DEBB021;"'2020-11-03 01:00'";2;58;2;1;1;good
DEBB021;"'2020-11-03 02:00'";3;56;4;2;1;good
DEBB021;"'2020-11-03 03:00'";4;55;6;3;1;good
DEBB021;"'2020-11-03 04:00'";5;60;4;3;1;good
DEBB021;"'2020-11-03 05:00'";6;60;6;3;1;good
DEBB021;"'2020-11-03 06:00'";6;54;9;4;1;good
DEBB021;"'2020-11-03 07:00'";8;56;9;5;1;good
DEBB021;"'2020-11-03 08:00'";12;57;11;8;1;good
DEBB021;"'2020-11-03 09:00'";13;55;12;8;1;good
DEBB021;"'2020-11-03 10:00'";12;62;9;8;1;good
DEBB021;"'2020-11-03 11:00'";13;63;9;8;1;good
DEBB021;"'2020-11-03 12:00'";13;66;8;8;1;good
DEBB021;"'2020-11-03 13:00'";12;68;8;8;2;good
DEBB021;"'2020-11-03 14:00'";11;71;7;7;1;good
DEBB021;"'2020-11-03 15:00'";12;69;9;8;1;good
DEBB021;"'2020-11-03 16:00'";12;62;13;8;1;good
DEBB021;"'2020-11-03 17:00'";13;52;23;8;1;good
DEBB021;"'2020-11-03 18:00'";17;31;36;10;1;moderate
DEBB021;"'2020-11-03 19:00'";19;5;57;12;1;moderate
DEBB021;"'2020-11-03 20:00'";22;14;42;15;1;moderate
DEBB021;"'2020-11-03 21:00'";18;17;35;13;1;moderate
DEBB021;"'2020-11-03 22:00'";15;39;15;10;1;good
DEBB021;"'2020-11-03 23:00'";13;47;11;8;1;good
DEBB021;"'2020-11-03 24:00'";12;45;15;7;1;good
DEBB021;"'2020-11-04 01:00'";10;51;10;6;1;good
DEBB021;"'2020-11-04 02:00'";9;55;7;5;1;good
DEBB021;"'2020-11-04 03:00'";8;54;8;5;1;good
DEBB021;"'2020-11-04 04:00'";8;51;9;5;1;good
DEBB021;"'2020-11-04 05:00'";8;49;12;5;1;good
DEBB021;"'2020-11-04 06:00'";7;45;15;5;1;good
DEBB021;"'2020-11-04 07:00'";7;46;16;5;1;good
DEBB021;"'2020-11-04 08:00'";7;42;19;5;1;good
DEBB021;"'2020-11-04 09:00'";7;46;17;5;1;good
DEBB021;"'2020-11-04 10:00'";7;52;11;5;1;good
DEBB021;"'2020-11-04 11:00'";7;58;8;5;1;good
DEBB021;"'2020-11-04 12:00'";8;60;8;5;1;good
DEBB021;"'2020-11-04 13:00'";6;63;8;4;1;good
DEBB021;"'2020-11-04 14:00'";6;65;7;4;1;good
DEBB021;"'2020-11-04 15:00'";6;66;8;3;1;good
DEBB021;"'2020-11-04 16:00'";6;63;10;4;1;good
DEBB021;"'2020-11-04 17:00'";9;46;23;5;1;good
DEBB021;"'2020-11-04 18:00'";9;44;21;6;1;good
DEBB021;"'2020-11-04 19:00'";13;34;28;10;1;good
DEBB021;"'2020-11-04 20:00'";10;32;25;8;1;good
DEBB021;"'2020-11-04 21:00'";11;35;20;8;1;good
DEBB021;"'2020-11-04 22:00'";11;33;20;9;1;good
DEBB021;"'2020-11-04 23:00'";12;31;20;10;1;good
DEBB021;"'2020-11-04 24:00'";12;24;22;10;1;good
DEBB021;"'2020-11-05 01:00'";14;22;24;11;1;good
DEBB021;"'2020-11-05 02:00'";14;22;23;12;1;good
DEBB021;"'2020-11-05 03:00'";15;21;21;12;1;good
DEBB021;"'2020-11-05 04:00'";15;20;26;12;1;good
DEBB021;"'2020-11-05 05:00'";16;19;24;13;1;good
DEBB021;"'2020-11-05 06:00'";17;18;22;14;1;good
DEBB021;"'2020-11-05 07:00'";18;15;29;15;1;good
DEBB021;"'2020-11-05 08:00'";18;13;32;14;1;moderate
DEBB021;"'2020-11-05 09:00'";17;22;24;14;1;good
DEBB021;"'2020-11-05 10:00'";16;32;16;13;1;good
DEBB021;"'2020-11-05 11:00'";15;38;14;12;1;good
DEBB021;"'2020-11-05 12:00'";12;44;11;10;1;good
DEBB021;"'2020-11-05 13:00'";10;50;11;8;1;good
DEBB021;"'2020-11-05 14:00'";9;55;9;6;1;good
DEBB021;"'2020-11-05 15:00'";7;56;9;5;1;good
DEBB021;"'2020-11-05 16:00'";8;52;12;5;1;good
DEBB021;"'2020-11-05 17:00'";8;43;20;5;1;good
DEBB021;"'2020-11-05 18:00'";8;42;19;5;1;good
DEBB021;"'2020-11-05 19:00'";8;37;21;5;1;good
DEBB021;"'2020-11-05 20:00'";8;36;18;6;1;good
DEBB021;"'2020-11-05 21:00'";9;36;16;7;1;good
DEBB021;"'2020-11-05 22:00'";11;33;17;9;1;good
DEBB021;"'2020-11-05 23:00'";13;34;15;11;1;good
DEBB021;"'2020-11-05 24:00'";13;33;15;11;1;good
DEBB021;"'2020-11-06 01:00'";14;32;15;12;1;good
DEBB021;"'2020-11-06 02:00'";15;32;15;12;1;good
DEBB021;"'2020-11-06 03:00'";16;31;14;13;1;good
DEBB021;"'2020-11-06 04:00'";16;29;14;13;1;good
DEBB021;"'2020-11-06 05:00'";16;28;14;14;1;good
DEBB021;"'2020-11-06 06:00'";17;26;14;14;1;good
DEBB021;"'2020-11-06 07:00'";18;22;17;15;1;good
DEBB021;"'2020-11-06 08:00'";21;21;17;17;1;moderate
DEBB021;"'2020-11-06 09:00'";22;21;17;18;1;moderate
DEBB021;"'2020-11-06 10:00'";17;26;15;14;1;good
DEBB021;"'2020-11-06 11:00'";14;34;13;12;1;good
DEBB021;"'2020-11-06 12:00'";14;37;13;12;1;good
DEBB021;"'2020-11-06 13:00'";13;37;13;11;1;good
DEBB021;"'2020-11-06 14:00'";13;38;12;11;1;good
DEBB021;"'2020-11-06 15:00'";12;38;13;11;1;good
DEBB021;"'2020-11-06 16:00'";12;38;13;11;1;good
DEBB021;"'2020-11-06 17:00'";13;34;16;12;1;good
DEBB021;"'2020-11-06 18:00'";16;33;16;14;1;good
DEBB021;"'2020-11-06 19:00'";19;35;13;17;1;moderate
DEBB021;"'2020-11-06 20:00'";19;37;11;17;1;moderate
DEBB021;"'2020-11-06 21:00'";19;36;11;17;1;moderate
DEBB021;"'2020-11-06 22:00'";18;37;11;16;1;moderate
DEBB021;"'2020-11-06 23:00'";16;39;8;14;1;good
DEBB021;"'2020-11-06 24:00'";18;36;9;15;1;good
DEBB021;"'2020-11-07 01:00'";16;36;8;14;1;good
DEBB021;"'2020-11-07 02:00'";12;34;7;11;1;good
DEBB021;"'2020-11-07 03:00'";10;36;6;9;1;good
DEBB021;"'2020-11-07 04:00'";8;35;6;7;1;good
DEBB021;"'2020-11-07 05:00'";9;34;5;7;1;good
DEBB021;"'2020-11-07 06:00'";7;32;5;6;1;good
DEBB021;"'2020-11-07 07:00'";6;32;5;5;1;good
DEBB021;"'2020-11-07 08:00'";9;31;7;8;1;good
DEBB021;"'2020-11-07 09:00'";14;32;7;13;1;good
DEBB021;"'2020-11-07 10:00'";21;29;10;18;1;moderate
DEBB021;"'2020-11-07 11:00'";21;30;11;18;1;moderate
DEBB021;"'2020-11-07 12:00'";19;31;12;17;1;moderate
DEBB021;"'2020-11-07 13:00'";18;34;10;15;2;good
DEBB021;"'2020-11-07 14:00'";16;38;11;13;2;good
DEBB021;"'2020-11-07 15:00'";14;38;13;11;2;good
DEBB021;"'2020-11-07 16:00'";15;35;15;12;3;good
DEBB021;"'2020-11-07 17:00'";19;21;27;14;2;good
DEBB021;"'2020-11-07 18:00'";25;8;36;20;1;moderate
DEBB021;"'2020-11-07 19:00'";27;2;41;23;1;moderate
DEBB021;"'2020-11-07 20:00'";30;2;38;25;1;moderate
DEBB021;"'2020-11-07 21:00'";34;2;36;29;1;moderate
DEBB021;"'2020-11-07 22:00'";47;3;34;42;1;poor
DEBB021;"'2020-11-07 23:00'";41;3;33;36;1;poor
DEBB021;"'2020-11-07 24:00'";36;2;29;32;1;poor
DEBB021;"'2020-11-08 01:00'";35;2;25;32;1;poor
DEBB021;"'2020-11-08 02:00'";37;2;25;34;1;poor
DEBB021;"'2020-11-08 03:00'";32;2;25;29;1;moderate
DEBB021;"'2020-11-08 04:00'";29;2;25;26;1;moderate
DEBB021;"'2020-11-08 05:00'";28;2;20;26;1;moderate
DEBB021;"'2020-11-08 06:00'";28;2;19;26;1;moderate
DEBB021;"'2020-11-08 07:00'";29;2;16;26;1;moderate
DEBB021;"'2020-11-08 08:00'";29;2;15;26;1;moderate
DEBB021;"'2020-11-08 09:00'";27;2;14;25;1;moderate
DEBB021;"'2020-11-08 10:00'";27;6;16;25;1;moderate
DEBB021;"'2020-11-08 11:00'";28;10;18;25;1;moderate
DEBB021;"'2020-11-08 12:00'";29;13;20;26;1;moderate
DEBB021;"'2020-11-08 13:00'";29;17;21;26;1;moderate
DEBB021;"'2020-11-08 14:00'";27;21;20;24;1;moderate
DEBB021;"'2020-11-08 15:00'";26;22;21;23;3;moderate
DEBB021;"'2020-11-08 16:00'";28;16;28;24;3;moderate
DEBB021;"'2020-11-08 17:00'";29;12;30;26;1;moderate
DEBB021;"'2020-11-08 18:00'";29;6;31;26;1;moderate
DEBB021;"'2020-11-08 19:00'";29;2;29;26;1;moderate
DEBB021;"'2020-11-08 20:00'";31;2;27;28;1;moderate
DEBB021;"'2020-11-08 21:00'";31;2;26;27;1;moderate
DEBB021;"'2020-11-08 22:00'";27;8;20;25;1;moderate
DEBB021;"'2020-11-08 23:00'";24;13;15;23;1;moderate
DEBB021;"'2020-11-08 24:00'";24;12;15;23;1;moderate
DEBB021;"'2020-11-09 01:00'";27;14;13;24;1;moderate
DEBB021;"'2020-11-09 02:00'";27;13;13;24;1;moderate
DEBB021;"'2020-11-09 03:00'";26;12;15;24;1;moderate
DEBB021;"'2020-11-09 04:00'";34;10;17;27;1;moderate
DEBB021;"'2020-11-09 05:00'";34;12;15;30;1;moderate
DEBB021;"'2020-11-09 06:00'";32;13;14;30;1;moderate
DEBB021;"'2020-11-09 07:00'";33;11;16;31;1;poor
DEBB021;"'2020-11-09 08:00'";35;11;18;32;1;poor
DEBB021;"'2020-11-09 09:00'";37;10;20;34;1;poor
DEBB021;"'2020-11-09 10:00'";43;10;20;38;1;poor
DEBB021;"'2020-11-09 11:00'";41;12;20;37;1;poor
DEBB021;"'2020-11-09 12:00'";33;14;19;30;1;moderate
DEBB021;"'2020-11-09 13:00'";32;17;15;30;1;moderate
DEBB021;"'2020-11-09 14:00'";31;17;16;28;1;moderate
DEBB021;"'2020-11-09 15:00'";31;17;17;28;1;moderate
DEBB021;"'2020-11-09 16:00'";29;18;18;26;1;moderate
DEBB021;"'2020-11-09 17:00'";28;19;17;26;1;moderate
DEBB021;"'2020-11-09 18:00'";30;18;17;28;1;moderate
DEBB021;"'2020-11-09 19:00'";31;19;17;28;1;moderate
DEBB021;"'2020-11-09 20:00'";30;22;16;28;1;moderate
DEBB021;"'2020-11-09 21:00'";30;24;13;27;1;moderate
DEBB021;"'2020-11-09 22:00'";27;27;11;25;1;moderate
DEBB021;"'2020-11-09 23:00'";26;26;12;24;1;moderate
DEBB021;"'2020-11-09 24:00'";25;26;11;23;1;moderate
DEBB021;"'2020-11-10 01:00'";24;24;11;22;1;moderate
DEBB021;"'2020-11-10 02:00'";24;23;10;22;1;moderate
DEBB021;"'2020-11-10 03:00'";20;23;9;19;1;moderate
DEBB021;"'2020-11-10 04:00'";20;17;12;19;1;moderate
DEBB021;"'2020-11-10 05:00'";18;10;22;17;3;moderate
DEBB021;"'2020-11-10 06:00'";16;7;26;15;4;good
DEBB021;"'2020-11-10 07:00'";17;6;29;16;5;moderate
DEBB021;"'2020-11-10 08:00'";18;7;27;16;5;moderate
DEBB021;"'2020-11-10 09:00'";18;10;25;17;5;moderate
DEBB021;"'2020-11-10 10:00'";19;14;20;18;4;moderate
DEBB021;"'2020-11-10 11:00'";19;17;17;17;4;moderate
DEBB021;"'2020-11-10 12:00'";26;20;16;22;3;moderate
DEBB021;"'2020-11-10 13:00'";21;23;16;19;1;moderate
DEBB021;"'2020-11-10 14:00'";23;22;17;20;1;moderate
DEBB021;"'2020-11-10 15:00'";25;18;21;22;1;moderate
DEBB021;"'2020-11-10 16:00'";24;18;22;21;1;moderate
DEBB021;"'2020-11-10 17:00'";24;15;27;21;1;moderate
DEBB021;"'2020-11-10 18:00'";25;13;30;22;1;moderate
DEBB021;"'2020-11-10 19:00'";26;10;32;23;1;moderate
DEBB021;"'2020-11-10 20:00'";27;8;34;24;1;moderate
DEBB021;"'2020-11-10 21:00'";27;9;32;25;3;moderate
DEBB021;"'2020-11-10 22:00'";26;16;22;23;2;moderate
DEBB021;"'2020-11-10 23:00'";24;17;19;22;1;moderate
DEBB021;"'2020-11-10 24:00'";22;16;18;20;1;moderate
DEBB021;"'2020-11-11 01:00'";20;14;19;18;1;moderate
DEBB021;"'2020-11-11 02:00'";19;13;19;17;1;moderate
DEBB021;"'2020-11-11 03:00'";19;13;19;17;1;moderate
DEBB021;"'2020-11-11 04:00'";19;14;18;18;2;moderate
DEBB021;"'2020-11-11 05:00'";20;12;19;18;3;moderate
DEBB021;"'2020-11-11 06:00'";20;10;20;18;3;moderate
DEBB021;"'2020-11-11 07:00'";21;6;25;19;3;moderate
DEBB021;"'2020-11-11 08:00'";24;3;29;19;3;moderate
DEBB021;"'2020-11-11 09:00'";24;7;27;20;3;moderate
DEBB021;"'2020-11-11 10:00'";24;11;20;20;3;moderate
DEBB021;"'2020-11-11 11:00'";22;18;17;19;2;moderate
DEBB021;"'2020-11-11 12:00'";22;22;18;19;3;moderate
DEBB021;"'2020-11-11 13:00'";23;24;17;19;3;moderate
DEBB021;"'2020-11-11 14:00'";22;24;17;19;3;moderate
DEBB021;"'2020-11-11 15:00'";22;25;16;19;3;moderate
DEBB021;"'2020-11-11 16:00'";24;21;22;20;1;moderate
DEBB021;"'2020-11-11 17:00'";24;19;22;20;1;moderate
DEBB021;"'2020-11-11 18:00'";25;17;22;20;1;moderate
DEBB021;"'2020-11-11 19:00'";23;16;22;19;1;moderate
DEBB021;"'2020-11-11 20:00'";22;18;21;18;1;moderate
DEBB021;"'2020-11-11 21:00'";24;17;22;19;1;moderate
DEBB021;"'2020-11-11 22:00'";28;15;21;21;1;moderate
DEBB021;"'2020-11-11 23:00'";28;10;24;21;1;moderate
DEBB021;"'2020-11-11 24:00'";25;9;24;20;1;moderate
DEBB021;"'2020-11-12 01:00'";26;6;23;21;1;moderate
DEBB021;"'2020-11-12 02:00'";26;5;21;21;1;moderate
DEBB021;"'2020-11-12 03:00'";26;5;19;23;1;moderate
DEBB021;"'2020-11-12 04:00'";27;3;19;23;1;moderate
DEBB021;"'2020-11-12 05:00'";31;2;20;25;1;moderate
DEBB021;"'2020-11-12 06:00'";31;2;20;24;1;moderate
DEBB021;"'2020-11-12 07:00'";30;2;22;23;1;moderate
DEBB021;"'2020-11-12 08:00'";26;2;23;20;1;moderate
DEBB021;"'2020-11-12 09:00'";23;3;23;18;1;moderate
DEBB021;"'2020-11-12 10:00'";20;11;19;15;1;good
DEBB021;"'2020-11-12 11:00'";17;20;16;14;4;good
DEBB021;"'2020-11-12 12:00'";17;26;14;13;4;good
DEBB021;"'2020-11-12 13:00'";15;34;11;11;5;good
DEBB021;"'2020-11-12 14:00'";15;37;11;11;3;good
DEBB021;"'2020-11-12 15:00'";17;34;15;11;3;good
DEBB021;"'2020-11-12 16:00'";17;31;20;11;3;good
DEBB021;"'2020-11-12 17:00'";17;27;23;12;3;good
DEBB021;"'2020-11-12 18:00'";14;25;21;10;2;good
DEBB021;"'2020-11-12 19:00'";13;22;20;10;1;good
DEBB021;"'2020-11-12 20:00'";14;20;19;11;1;good
DEBB021;"'2020-11-12 21:00'";15;17;20;12;1;good
DEBB021;"'2020-11-12 22:00'";15;11;23;13;1;good
DEBB021;"'2020-11-12 23:00'";15;9;24;13;1;good
DEBB021;"'2020-11-12 24:00'";14;13;20;12;1;good
DEBB021;"'2020-11-13 01:00'";15;17;16;13;1;good
DEBB021;"'2020-11-13 02:00'";15;19;14;13;1;good
DEBB021;"'2020-11-13 03:00'";15;20;13;13;1;good
DEBB021;"'2020-11-13 04:00'";15;19;14;13;1;good
DEBB021;"'2020-11-13 05:00'";15;16;15;13;1;good
DEBB021;"'2020-11-13 06:00'";16;12;19;14;1;good
DEBB021;"'2020-11-13 07:00'";17;10;23;15;1;good
DEBB021;"'2020-11-13 08:00'";18;5;26;16;1;moderate
DEBB021;"'2020-11-13 09:00'";19;8;23;17;1;moderate
DEBB021;"'2020-11-13 10:00'";20;14;19;17;1;moderate
DEBB021;"'2020-11-13 11:00'";20;19;23;16;1;moderate
DEBB021;"'2020-11-13 12:00'";19;27;19;14;1;good
DEBB021;"'2020-11-13 13:00'";18;34;15;13;1;good
DEBB021;"'2020-11-13 14:00'";13;41;14;9;1;good
DEBB021;"'2020-11-13 15:00'";11;44;15;8;1;good
DEBB021;"'2020-11-13 16:00'";13;38;17;9;1;good
DEBB021;"'2020-11-13 17:00'";15;28;23;10;1;good
DEBB021;"'2020-11-13 18:00'";14;21;27;11;1;good
DEBB021;"'2020-11-13 19:00'";21;7;41;17;1;moderate
DEBB021;"'2020-11-13 20:00'";22;6;40;18;1;moderate
DEBB021;"'2020-11-13 21:00'";26;4;41;21;1;moderate
DEBB021;"'2020-11-13 22:00'";27;2;38;22;1;moderate
DEBB021;"'2020-11-13 23:00'";25;2;35;21;1;moderate
DEBB021;"'2020-11-13 24:00'";18;12;23;16;1;moderate
DEBB021;"'2020-11-14 01:00'";17;17;21;14;1;good
DEBB021;"'2020-11-14 02:00'";17;19;18;14;1;good
DEBB021;"'2020-11-14 03:00'";15;22;15;13;1;good
DEBB021;"'2020-11-14 04:00'";15;23;11;13;1;good
DEBB021;"'2020-11-14 05:00'";15;19;11;13;1;good
DEBB021;"'2020-11-14 06:00'";15;15;14;13;1;good
DEBB021;"'2020-11-14 07:00'";15;15;15;13;1;good
DEBB021;"'2020-11-14 08:00'";16;15;14;14;1;good
DEBB021;"'2020-11-14 09:00'";17;14;16;15;1;good
DEBB021;"'2020-11-14 10:00'";17;17;14;15;1;good
DEBB021;"'2020-11-14 11:00'";18;21;13;15;1;good
DEBB021;"'2020-11-14 12:00'";16;25;13;13;1;good
DEBB021;"'2020-11-14 13:00'";16;28;13;13;1;good
DEBB021;"'2020-11-14 14:00'";14;30;14;11;1;good
DEBB021;"'2020-11-14 15:00'";14;33;13;11;1;good
DEBB021;"'2020-11-14 16:00'";14;28;16;10;1;good
DEBB021;"'2020-11-14 17:00'";16;21;22;12;1;good
DEBB021;"'2020-11-14 18:00'";16;19;23;13;1;good
DEBB021;"'2020-11-14 19:00'";21;16;25;18;1;moderate
DEBB021;"'2020-11-14 20:00'";28;13;28;25;1;moderate
DEBB021;"'2020-11-14 21:00'";26;13;25;23;1;moderate
DEBB021;"'2020-11-14 22:00'";24;14;22;22;1;moderate
DEBB021;"'2020-11-14 23:00'";20;22;15;17;1;moderate
DEBB021;"'2020-11-14 24:00'";21;16;17;18;1;moderate
DEBB021;"'2020-11-15 01:00'";19;17;15;17;1;moderate
DEBB021;"'2020-11-15 02:00'";17;19;14;15;1;good
DEBB021;"'2020-11-15 03:00'";15;21;13;13;1;good
DEBB021;"'2020-11-15 04:00'";14;25;12;12;1;good
DEBB021;"'2020-11-15 05:00'";13;28;12;11;1;good
DEBB021;"'2020-11-15 06:00'";12;29;11;10;1;good
DEBB021;"'2020-11-15 07:00'";9;35;10;8;1;good
DEBB021;"'2020-11-15 08:00'";9;36;10;8;1;good
DEBB021;"'2020-11-15 09:00'";9;36;10;8;1;good
DEBB021;"'2020-11-15 10:00'";9;38;9;7;1;good
DEBB021;"'2020-11-15 11:00'";9;38;9;7;2;good
DEBB021;"'2020-11-15 12:00'";10;38;9;8;3;good
DEBB021;"'2020-11-15 13:00'";10;39;8;8;2;good
DEBB021;"'2020-11-15 14:00'";11;35;11;9;2;good
DEBB021;"'2020-11-15 15:00'";11;36;11;9;1;good
DEBB021;"'2020-11-15 16:00'";11;35;12;9;1;good
DEBB021;"'2020-11-15 17:00'";12;31;13;10;1;good
DEBB021;"'2020-11-15 18:00'";13;25;12;11;1;good
DEBB021;"'2020-11-15 19:00'";13;23;12;12;1;good
DEBB021;"'2020-11-15 20:00'";14;24;12;12;1;good
DEBB021;"'2020-11-15 21:00'";15;27;11;13;1;good
DEBB021;"'2020-11-15 22:00'";16;28;11;14;1;good
DEBB021;"'2020-11-15 23:00'";17;27;10;15;1;good
DEBB021;"'2020-11-15 24:00'";18;27;10;16;1;moderate
DEBB021;"'2020-11-16 01:00'";18;26;9;16;1;moderate
DEBB021;"'2020-11-16 02:00'";18;26;9;16;1;moderate
DEBB021;"'2020-11-16 03:00'";16;25;9;15;1;good
DEBB021;"'2020-11-16 04:00'";16;24;10;14;1;good
DEBB021;"'2020-11-16 05:00'";14;22;10;13;1;good
DEBB021;"'2020-11-16 06:00'";14;19;12;12;1;good
DEBB021;"'2020-11-16 07:00'";14;15;16;12;1;good
DEBB021;"'2020-11-16 08:00'";14;8;24;13;1;good
DEBB021;"'2020-11-16 09:00'";15;7;24;13;1;good
DEBB021;"'2020-11-16 10:00'";14;10;22;12;1;good
DEBB021;"'2020-11-16 11:00'";12;22;18;10;1;good
DEBB021;"'2020-11-16 12:00'";8;35;14;6;1;good
DEBB021;"'2020-11-16 13:00'";6;49;12;4;1;good
DEBB021;"'2020-11-16 14:00'";6;61;9;4;1;good
DEBB021;"'2020-11-16 15:00'";7;59;12;4;1;good
DEBB021;"'2020-11-16 16:00'";9;52;16;4;1;good
DEBB021;"'2020-11-16 17:00'";7;51;16;4;1;good
DEBB021;"'2020-11-16 18:00'";8;42;20;5;1;good
DEBB021;"'2020-11-16 19:00'";5;48;12;4;1;good
DEBB021;"'2020-11-16 20:00'";5;53;9;4;1;good
DEBB021;"'2020-11-16 21:00'";5;48;9;4;1;good
DEBB021;"'2020-11-16 22:00'";6;45;9;4;1;good
DEBB021;"'2020-11-16 23:00'";6;41;10;5;1;good
DEBB021;"'2020-11-16 24:00'";6;38;10;5;1;good
DEBB021;"'2020-11-17 01:00'";6;39;8;5;1;good
DEBB021;"'2020-11-17 02:00'";5;37;9;4;1;good
DEBB021;"'2020-11-17 03:00'";6;36;9;5;1;good
DEBB021;"'2020-11-17 04:00'";6;35;8;5;1;good
DEBB021;"'2020-11-17 05:00'";7;36;8;6;1;good
DEBB021;"'2020-11-17 06:00'";9;34;9;7;1;good
DEBB021;"'2020-11-17 07:00'";8;30;14;7;1;good
DEBB021;"'2020-11-17 08:00'";8;36;16;6;1;good
DEBB021;"'2020-11-17 09:00'";8;40;15;6;1;good
DEBB021;"'2020-11-17 10:00'";8;41;15;6;1;good
DEBB021;"'2020-11-17 11:00'";7;42;14;5;1;good
DEBB021;"'2020-11-17 12:00'";6;43;12;4;1;good
DEBB021;"'2020-11-17 13:00'";6;43;12;4;1;good
DEBB021;"'2020-11-17 14:00'";6;40;14;4;1;good
DEBB021;"'2020-11-17 15:00'";5;39;12;4;1;good
DEBB021;"'2020-11-17 16:00'";4;39;12;4;1;good
DEBB021;"'2020-11-17 17:00'";4;36;13;3;1;good
DEBB021;"'2020-11-17 18:00'";4;33;13;3;1;good
DEBB021;"'2020-11-17 19:00'";5;30;13;4;1;good
DEBB021;"'2020-11-17 20:00'";6;31;12;5;1;good
DEBB021;"'2020-11-17 21:00'";7;32;12;6;1;good
DEBB021;"'2020-11-17 22:00'";8;34;10;7;1;good
DEBB021;"'2020-11-17 23:00'";8;36;9;7;1;good
DEBB021;"'2020-11-17 24:00'";9;37;9;7;1;good
DEBB021;"'2020-11-18 01:00'";10;39;8;8;1;good
DEBB021;"'2020-11-18 02:00'";11;38;8;9;1;good
DEBB021;"'2020-11-18 03:00'";12;36;8;9;1;good
DEBB021;"'2020-11-18 04:00'";11;34;9;9;1;good
DEBB021;"'2020-11-18 05:00'";10;35;8;8;1;good
DEBB021;"'2020-11-18 06:00'";8;38;9;6;1;good
DEBB021;"'2020-11-18 07:00'";7;38;15;6;1;good
DEBB021;"'2020-11-18 08:00'";9;34;20;6;1;good
DEBB021;"'2020-11-18 09:00'";9;36;17;6;1;good
DEBB021;"'2020-11-18 10:00'";8;37;17;6;1;good
DEBB021;"'2020-11-18 11:00'";8;38;18;5;1;good
DEBB021;"'2020-11-18 12:00'";9;47;13;5;1;good
DEBB021;"'2020-11-18 13:00'";9;50;10;5;1;good
DEBB021;"'2020-11-18 14:00'";7;48;13;4;1;good
DEBB021;"'2020-11-18 15:00'";6;46;14;3;1;good
DEBB021;"'2020-11-18 16:00'";7;38;18;5;1;good
DEBB021;"'2020-11-18 17:00'";8;33;20;6;1;good
DEBB021;"'2020-11-18 18:00'";6;39;14;5;1;good
DEBB021;"'2020-11-18 19:00'";9;36;14;7;1;good
DEBB021;"'2020-11-18 20:00'";11;31;16;9;1;good
DEBB021;"'2020-11-18 21:00'";11;31;14;9;1;good
DEBB021;"'2020-11-18 22:00'";9;34;13;8;1;good
DEBB021;"'2020-11-18 23:00'";8;34;13;6;1;good
DEBB021;"'2020-11-18 24:00'";7;35;13;5;3;good
DEBB021;"'2020-11-19 01:00'";7;32;14;5;3;good
DEBB021;"'2020-11-19 02:00'";7;31;13;5;3;good
DEBB021;"'2020-11-19 03:00'";7;32;13;5;1;good
DEBB021;"'2020-11-19 04:00'";6;34;13;5;1;good
DEBB021;"'2020-11-19 05:00'";6;36;12;4;1;good
DEBB021;"'2020-11-19 06:00'";6;35;13;4;2;good
DEBB021;"'2020-11-19 07:00'";6;34;17;4;1;good
DEBB021;"'2020-11-19 08:00'";8;33;17;5;1;good
DEBB021;"'2020-11-19 09:00'";8;33;18;5;1;good
DEBB021;"'2020-11-19 10:00'";7;35;17;5;1;good
DEBB021;"'2020-11-19 11:00'";4;61;11;3;1;good
DEBB021;"'2020-11-19 12:00'";5;63;11;3;1;good
DEBB021;"'2020-11-19 13:00'";7;64;10;4;1;good
DEBB021;"'2020-11-19 14:00'";9;59;13;6;1;good
DEBB021;"'2020-11-19 15:00'";9;59;12;6;1;good
DEBB021;"'2020-11-19 16:00'";8;58;14;5;1;good
DEBB021;"'2020-11-19 17:00'";6;59;11;4;1;good
DEBB021;"'2020-11-19 18:00'";4;63;8;3;1;good
DEBB021;"'2020-11-19 19:00'";7;64;8;5;1;good
DEBB021;"'2020-11-19 20:00'";8;62;8;6;1;good
DEBB021;"'2020-11-19 21:00'";9;61;8;7;1;good
DEBB021;"'2020-11-19 22:00'";8;62;7;6;1;good
DEBB021;"'2020-11-19 23:00'";7;63;5;5;1;good
DEBB021;"'2020-11-19 24:00'";6;63;4;4;1;good
DEBB021;"'2020-11-20 01:00'";6;62;5;4;1;good
DEBB021;"'2020-11-20 02:00'";6;61;5;4;1;good
DEBB021;"'2020-11-20 03:00'";5;59;6;4;1;good
DEBB021;"'2020-11-20 04:00'";6;57;6;4;1;good
DEBB021;"'2020-11-20 05:00'";5;59;6;4;1;good
DEBB021;"'2020-11-20 06:00'";4;58;6;3;1;good
DEBB021;"'2020-11-20 07:00'";4;53;11;3;1;good
DEBB021;"'2020-11-20 08:00'";5;46;16;4;1;good
DEBB021;"'2020-11-20 09:00'";6;40;19;4;1;good
DEBB021;"'2020-11-20 10:00'";6;43;16;4;1;good
DEBB021;"'2020-11-20 11:00'";5;49;12;4;1;good
DEBB021;"'2020-11-20 12:00'";5;51;11;4;1;good
DEBB021;"'2020-11-20 13:00'";7;54;10;6;1;good
DEBB021;"'2020-11-20 14:00'";6;57;9;5;1;good
DEBB021;"'2020-11-20 15:00'";6;56;10;5;1;good
DEBB021;"'2020-11-20 16:00'";7;51;16;6;1;good
DEBB021;"'2020-11-20 17:00'";7;35;29;5;1;good
DEBB021;"'2020-11-20 18:00'";8;40;24;7;1;good
DEBB021;"'2020-11-20 19:00'";9;37;23;8;1;good
DEBB021;"'2020-11-20 20:00'";11;34;25;9;1;good
DEBB021;"'2020-11-20 21:00'";11;31;23;10;1;good
DEBB021;"'2020-11-20 22:00'";11;28;22;10;1;good
DEBB021;"'2020-11-20 23:00'";12;26;18;11;1;good
DEBB021;"'2020-11-20 24:00'";13;26;15;11;1;good
DEBB021;"'2020-11-21 01:00'";14;24;17;13;1;good
DEBB021;"'2020-11-21 02:00'";15;25;14;13;1;good
DEBB021;"'2020-11-21 03:00'";14;21;15;13;1;good
DEBB021;"'2020-11-21 04:00'";15;19;16;13;1;good
DEBB021;"'2020-11-21 05:00'";14;25;12;12;1;good
DEBB021;"'2020-11-21 06:00'";12;29;12;11;1;good
DEBB021;"'2020-11-21 07:00'";13;28;12;12;1;good
DEBB021;"'2020-11-21 08:00'";19;21;16;17;1;moderate
DEBB021;"'2020-11-21 09:00'";19;22;15;17;1;moderate
DEBB021;"'2020-11-21 10:00'";16;31;13;15;1;good
DEBB021;"'2020-11-21 11:00'";14;37;13;12;1;good
DEBB021;"'2020-11-21 12:00'";12;39;13;11;1;good
DEBB021;"'2020-11-21 13:00'";10;43;15;9;3;good
DEBB021;"'2020-11-21 14:00'";8;48;14;7;1;good
DEBB021;"'2020-11-21 15:00'";7;52;12;6;1;good
DEBB021;"'2020-11-21 16:00'";7;54;10;5;1;good
DEBB021;"'2020-11-21 17:00'";6;57;10;5;1;good
DEBB021;"'2020-11-21 18:00'";6;59;9;5;1;good
DEBB021;"'2020-11-21 19:00'";6;60;8;5;1;good
DEBB021;"'2020-11-21 20:00'";6;60;7;5;1;good
DEBB021;"'2020-11-21 21:00'";7;59;7;6;1;good
DEBB021;"'2020-11-21 22:00'";6;58;6;5;1;good
DEBB021;"'2020-11-21 23:00'";6;57;6;6;1;good
DEBB021;"'2020-11-21 24:00'";6;57;6;6;1;good
DEBB021;"'2020-11-22 01:00'";7;57;6;6;1;good
DEBB021;"'2020-11-22 02:00'";7;55;6;6;1;good
DEBB021;"'2020-11-22 03:00'";8;53;6;7;1;good
DEBB021;"'2020-11-22 04:00'";8;51;6;7;1;good
DEBB021;"'2020-11-22 05:00'";7;50;6;7;1;good
DEBB021;"'2020-11-22 06:00'";7;49;6;6;1;good
DEBB021;"'2020-11-22 07:00'";7;49;7;6;1;good
DEBB021;"'2020-11-22 08:00'";8;48;7;7;1;good
DEBB021;"'2020-11-22 09:00'";8;46;8;7;1;good
DEBB021;"'2020-11-22 10:00'";8;47;8;7;1;good
DEBB021;"'2020-11-22 11:00'";6;47;9;6;1;good
DEBB021;"'2020-11-22 12:00'";6;46;9;6;1;good
DEBB021;"'2020-11-22 13:00'";6;42;10;5;1;good
DEBB021;"'2020-11-22 14:00'";5;47;7;5;1;good
DEBB021;"'2020-11-22 15:00'";6;46;8;5;1;good
DEBB021;"'2020-11-22 16:00'";7;44;11;6;1;good
DEBB021;"'2020-11-22 17:00'";8;39;15;7;1;good
DEBB021;"'2020-11-22 18:00'";10;35;17;9;1;good
DEBB021;"'2020-11-22 19:00'";8;36;17;7;1;good
DEBB021;"'2020-11-22 20:00'";8;36;14;7;1;good
DEBB021;"'2020-11-22 21:00'";8;36;13;7;1;good
DEBB021;"'2020-11-22 22:00'";8;33;14;8;1;good
DEBB021;"'2020-11-22 23:00'";9;31;14;8;1;good
DEBB021;"'2020-11-22 24:00'";9;31;13;8;1;good
DEBB021;"'2020-11-23 01:00'";9;33;12;8;1;good
DEBB021;"'2020-11-23 02:00'";9;35;13;7;1;good
DEBB021;"'2020-11-23 03:00'";9;29;18;7;1;good
DEBB021;"'2020-11-23 04:00'";10;25;18;8;1;good
DEBB021;"'2020-11-23 05:00'";9;32;12;8;1;good
DEBB021;"'2020-11-23 06:00'";9;35;15;7;1;good
DEBB021;"'2020-11-23 07:00'";9;31;21;7;1;good
DEBB021;"'2020-11-23 08:00'";9;29;25;7;1;good
DEBB021;"'2020-11-23 09:00'";9;37;18;7;1;good
DEBB021;"'2020-11-23 10:00'";8;42;13;6;1;good
DEBB021;"'2020-11-23 11:00'";8;44;12;6;1;good
DEBB021;"'2020-11-23 12:00'";7;47;10;6;1;good
DEBB021;"'2020-11-23 13:00'";6;-;-;5;-;"very good"
DEBB021;"'2020-11-23 14:00'";6;50;9;4;1;good
DEBB021;"'2020-11-23 15:00'";6;52;9;4;1;good
DEBB021;"'2020-11-23 16:00'";7;48;11;5;1;good
DEBB021;"'2020-11-23 17:00'";7;40;19;5;1;good
DEBB021;"'2020-11-23 18:00'";9;33;25;6;1;good
DEBB021;"'2020-11-23 19:00'";8;33;26;6;1;good
DEBB021;"'2020-11-23 20:00'";8;32;26;6;1;good
DEBB021;"'2020-11-23 21:00'";9;31;24;7;1;good
DEBB021;"'2020-11-23 22:00'";10;30;23;7;1;good
DEBB021;"'2020-11-23 23:00'";10;30;22;8;1;good
DEBB021;"'2020-11-23 24:00'";9;28;26;7;1;good
DEBB021;"'2020-11-24 01:00'";9;33;15;7;1;good
DEBB021;"'2020-11-24 02:00'";10;32;12;8;1;good
DEBB021;"'2020-11-24 03:00'";10;28;14;8;1;good
DEBB021;"'2020-11-24 04:00'";10;29;14;9;1;good
DEBB021;"'2020-11-24 05:00'";10;30;13;8;1;good
DEBB021;"'2020-11-24 06:00'";15;27;16;14;1;good
DEBB021;"'2020-11-24 07:00'";16;22;21;14;1;good
DEBB021;"'2020-11-24 08:00'";17;13;28;15;1;good
DEBB021;"'2020-11-24 09:00'";18;14;27;15;1;good
DEBB021;"'2020-11-24 10:00'";18;17;23;15;1;good
DEBB021;"'2020-11-24 11:00'";19;17;23;16;1;moderate
DEBB021;"'2020-11-24 12:00'";17;20;20;14;1;good
DEBB021;"'2020-11-24 13:00'";14;24;19;12;1;good
DEBB021;"'2020-11-24 14:00'";16;27;20;11;2;good
DEBB021;"'2020-11-24 15:00'";12;29;20;10;1;good
DEBB021;"'2020-11-24 16:00'";17;17;30;13;1;good
DEBB021;"'2020-11-24 17:00'";18;10;36;14;1;moderate
DEBB021;"'2020-11-24 18:00'";14;12;30;13;1;good
DEBB021;"'2020-11-24 19:00'";14;12;29;13;1;good
DEBB021;"'2020-11-24 20:00'";14;8;30;13;1;good
DEBB021;"'2020-11-24 21:00'";18;2;37;16;1;moderate
DEBB021;"'2020-11-24 22:00'";19;2;36;17;1;moderate
DEBB021;"'2020-11-24 23:00'";17;2;31;15;1;moderate
DEBB021;"'2020-11-24 24:00'";16;2;28;15;1;good
DEBB021;"'2020-11-25 01:00'";17;4;24;16;1;moderate
DEBB021;"'2020-11-25 02:00'";17;7;21;16;1;moderate
DEBB021;"'2020-11-25 03:00'";17;8;20;16;1;moderate
DEBB021;"'2020-11-25 04:00'";21;11;16;17;1;moderate
DEBB021;"'2020-11-25 05:00'";21;14;15;16;1;moderate
DEBB021;"'2020-11-25 06:00'";20;15;15;15;1;good
DEBB021;"'2020-11-25 07:00'";18;13;19;16;1;moderate
DEBB021;"'2020-11-25 08:00'";19;13;21;17;1;moderate
DEBB021;"'2020-11-25 09:00'";18;15;20;17;1;moderate
DEBB021;"'2020-11-25 10:00'";20;20;16;17;1;moderate
DEBB021;"'2020-11-25 11:00'";18;22;15;16;1;moderate
DEBB021;"'2020-11-25 12:00'";17;24;14;15;1;good
DEBB021;"'2020-11-25 13:00'";21;22;16;18;1;moderate
DEBB021;"'2020-11-25 14:00'";23;22;17;20;1;moderate
DEBB021;"'2020-11-25 15:00'";23;20;20;20;1;moderate
DEBB021;"'2020-11-25 16:00'";22;15;26;18;1;moderate
DEBB021;"'2020-11-25 17:00'";22;6;36;19;1;moderate
DEBB021;"'2020-11-25 18:00'";23;2;40;19;1;moderate
DEBB021;"'2020-11-25 19:00'";24;2;40;21;1;moderate
DEBB021;"'2020-11-25 20:00'";23;2;34;20;1;moderate
DEBB021;"'2020-11-25 21:00'";23;2;31;20;1;moderate
DEBB021;"'2020-11-25 22:00'";17;2;26;15;1;good
DEBB021;"'2020-11-25 23:00'";14;2;25;12;1;good
DEBB021;"'2020-11-25 24:00'";14;2;25;13;1;good
DEBB021;"'2020-11-26 01:00'";15;3;25;13;1;good
DEBB021;"'2020-11-26 02:00'";15;5;24;14;1;good
DEBB021;"'2020-11-26 03:00'";16;7;21;15;1;good
DEBB021;"'2020-11-26 04:00'";17;9;20;16;1;moderate
DEBB021;"'2020-11-26 05:00'";18;10;19;17;1;moderate
DEBB021;"'2020-11-26 06:00'";19;11;19;18;1;moderate
DEBB021;"'2020-11-26 07:00'";20;9;22;18;1;moderate
DEBB021;"'2020-11-26 08:00'";22;7;26;20;1;moderate
DEBB021;"'2020-11-26 09:00'";23;6;28;20;1;moderate
DEBB021;"'2020-11-26 10:00'";23;9;26;20;1;moderate
DEBB021;"'2020-11-26 11:00'";24;9;27;20;1;moderate
DEBB021;"'2020-11-26 12:00'";22;12;24;19;1;moderate
DEBB021;"'2020-11-26 13:00'";20;13;23;18;1;moderate
DEBB021;"'2020-11-26 14:00'";22;13;26;18;1;moderate
DEBB021;"'2020-11-26 15:00'";21;10;30;19;1;moderate
DEBB021;"'2020-11-26 16:00'";21;9;28;19;1;moderate
DEBB021;"'2020-11-26 17:00'";21;8;29;18;1;moderate
DEBB021;"'2020-11-26 18:00'";22;5;32;19;1;moderate
DEBB021;"'2020-11-26 19:00'";23;6;30;20;1;moderate
DEBB021;"'2020-11-26 20:00'";23;9;26;21;1;moderate
DEBB021;"'2020-11-26 21:00'";23;7;27;21;1;moderate
DEBB021;"'2020-11-26 22:00'";24;5;29;22;1;moderate
DEBB021;"'2020-11-26 23:00'";24;2;28;21;1;moderate
DEBB021;"'2020-11-26 24:00'";24;2;28;21;1;moderate
DEBB021;"'2020-11-27 01:00'";23;3;27;21;1;moderate
DEBB021;"'2020-11-27 02:00'";22;7;24;20;1;moderate
DEBB021;"'2020-11-27 03:00'";21;10;22;18;1;moderate
DEBB021;"'2020-11-27 04:00'";24;12;18;18;1;moderate
DEBB021;"'2020-11-27 05:00'";21;12;18;16;1;moderate
DEBB021;"'2020-11-27 06:00'";19;11;20;15;1;good
DEBB021;"'2020-11-27 07:00'";17;7;23;15;1;good
DEBB021;"'2020-11-27 08:00'";15;5;25;14;1;good
DEBB021;"'2020-11-27 09:00'";17;2;28;15;1;good
DEBB021;"'2020-11-27 10:00'";14;5;25;13;1;good
DEBB021;"'2020-11-27 11:00'";13;13;19;12;1;good
DEBB021;"'2020-11-27 12:00'";14;22;21;12;3;good
DEBB021;"'2020-11-27 13:00'";14;28;24;13;6;good
DEBB021;"'2020-11-27 14:00'";16;28;27;13;5;good
DEBB021;"'2020-11-27 15:00'";20;17;37;17;10;moderate
DEBB021;"'2020-11-27 16:00'";26;10;43;21;6;moderate
DEBB021;"'2020-11-27 17:00'";22;6;51;18;4;moderate
DEBB021;"'2020-11-27 18:00'";18;12;47;15;1;moderate
DEBB021;"'2020-11-27 19:00'";18;18;38;15;1;moderate
DEBB021;"'2020-11-27 20:00'";17;27;29;15;1;good
DEBB021;"'2020-11-27 21:00'";17;34;21;15;1;good
DEBB021;"'2020-11-27 22:00'";17;38;17;15;1;good
DEBB021;"'2020-11-27 23:00'";19;33;21;17;1;moderate
DEBB021;"'2020-11-27 24:00'";19;35;19;17;1;moderate
DEBB021;"'2020-11-28 01:00'";18;35;20;17;1;moderate
DEBB021;"'2020-11-28 02:00'";19;36;22;17;1;moderate
DEBB021;"'2020-11-28 03:00'";19;33;23;17;2;moderate
DEBB021;"'2020-11-28 04:00'";18;36;19;17;3;moderate
DEBB021;"'2020-11-28 05:00'";15;36;23;14;4;good
DEBB021;"'2020-11-28 06:00'";14;41;20;13;4;good
DEBB021;"'2020-11-28 07:00'";12;45;14;11;1;good
DEBB021;"'2020-11-28 08:00'";12;48;11;11;1;good
DEBB021;"'2020-11-28 09:00'";13;45;13;11;3;good
DEBB021;"'2020-11-28 10:00'";11;42;16;10;2;good
DEBB021;"'2020-11-28 11:00'";11;37;21;10;3;good
DEBB021;"'2020-11-28 12:00'";11;38;20;10;3;good
DEBB021;"'2020-11-28 13:00'";11;41;18;10;3;good
DEBB021;"'2020-11-28 14:00'";9;46;17;7;3;good
DEBB021;"'2020-11-28 15:00'";7;49;16;6;1;good
DEBB021;"'2020-11-28 16:00'";10;45;19;7;1;good
DEBB021;"'2020-11-28 17:00'";14;34;25;13;2;good
DEBB021;"'2020-11-28 18:00'";19;27;30;17;3;moderate
DEBB021;"'2020-11-28 19:00'";17;35;21;16;2;moderate
DEBB021;"'2020-11-28 20:00'";17;30;23;16;1;moderate
DEBB021;"'2020-11-28 21:00'";20;30;23;19;1;moderate
DEBB021;"'2020-11-28 22:00'";17;30;19;16;1;moderate
DEBB021;"'2020-11-28 23:00'";18;25;20;16;1;moderate
DEBB021;"'2020-11-28 24:00'";14;22;20;13;1;good
DEBB021;"'2020-11-29 01:00'";14;23;18;13;1;good
DEBB021;"'2020-11-29 02:00'";13;18;18;11;1;good
DEBB021;"'2020-11-29 03:00'";17;19;16;14;1;good
DEBB021;"'2020-11-29 04:00'";16;21;12;12;1;good
DEBB021;"'2020-11-29 05:00'";11;22;10;9;1;good
DEBB021;"'2020-11-29 06:00'";9;23;9;7;1;good
DEBB021;"'2020-11-29 07:00'";9;18;12;7;1;good
DEBB021;"'2020-11-29 08:00'";9;21;9;7;1;good
DEBB021;"'2020-11-29 09:00'";7;17;11;6;1;good
DEBB021;"'2020-11-29 10:00'";7;18;9;6;1;good
DEBB021;"'2020-11-29 11:00'";7;20;8;6;1;good
DEBB021;"'2020-11-29 12:00'";7;24;7;6;1;good
DEBB021;"'2020-11-29 13:00'";7;29;7;6;1;good
DEBB021;"'2020-11-29 14:00'";6;33;7;5;1;good
DEBB021;"'2020-11-29 15:00'";5;35;7;5;1;good
DEBB021;"'2020-11-29 16:00'";6;31;9;6;1;good
DEBB021;"'2020-11-29 17:00'";9;27;12;8;1;good
DEBB021;"'2020-11-29 18:00'";7;31;11;6;1;good
DEBB021;"'2020-11-29 19:00'";6;37;9;5;1;good
DEBB021;"'2020-11-29 20:00'";6;37;9;6;1;good
DEBB021;"'2020-11-29 21:00'";7;39;9;6;1;good
DEBB021;"'2020-11-29 22:00'";8;36;14;7;1;good
DEBB021;"'2020-11-29 23:00'";8;27;18;7;1;good
DEBB021;"'2020-11-29 24:00'";9;25;15;8;1;good
DEBB021;"'2020-11-30 01:00'";8;15;16;8;1;good
DEBB021;"'2020-11-30 02:00'";8;13;14;7;1;good
DEBB021;"'2020-11-30 03:00'";8;13;14;7;1;good
DEBB021;"'2020-11-30 04:00'";9;14;18;8;1;good
DEBB021;"'2020-11-30 05:00'";9;21;17;8;1;good
DEBB021;"'2020-11-30 06:00'";9;31;12;8;1;good
DEBB021;"'2020-11-30 07:00'";10;22;24;9;1;good
DEBB021;"'2020-11-30 08:00'";12;18;30;10;1;good
DEBB021;"'2020-11-30 09:00'";13;18;29;12;1;good
DEBB021;"'2020-11-30 10:00'";14;19;30;12;1;good
DEBB021;"'2020-11-30 11:00'";14;22;22;12;1;good
DEBB021;"'2020-11-30 12:00'";12;16;25;11;1;good
DEBB021;"'2020-11-30 13:00'";10;22;20;8;1;good
DEBB021;"'2020-11-30 14:00'";10;29;15;8;1;good
DEBB021;"'2020-11-30 15:00'";10;24;22;8;1;good
DEBB021;"'2020-11-30 16:00'";12;23;26;9;1;good
DEBB021;"'2020-11-30 17:00'";13;22;26;10;1;good
DEBB021;"'2020-11-30 18:00'";13;24;24;12;1;good
DEBB021;"'2020-11-30 19:00'";13;26;19;12;1;good
DEBB021;"'2020-11-30 20:00'";14;22;19;13;1;good
DEBB021;"'2020-11-30 21:00'";15;18;20;13;1;good
DEBB021;"'2020-11-30 22:00'";15;17;18;14;1;good
DEBB021;"'2020-11-30 23:00'";15;15;19;13;1;good
DEBB021;"'2020-11-30 24:00'";15;15;19;13;1;good
DEBB021;"'2020-12-01 01:00'";14;18;17;13;1;good
DEBB021;"'2020-12-01 02:00'";14;24;14;13;1;good
DEBB021;"'2020-12-01 03:00'";15;24;14;14;1;good
DEBB021;"'2020-12-01 04:00'";19;24;14;18;1;moderate
DEBB021;"'2020-12-01 05:00'";22;25;14;21;1;moderate
DEBB021;"'2020-12-01 06:00'";23;23;16;22;1;moderate
DEBB021;"'2020-12-01 07:00'";24;18;21;23;1;moderate
DEBB021;"'2020-12-01 08:00'";26;14;23;24;2;moderate
DEBB021;"'2020-12-01 09:00'";28;12;25;24;1;moderate
DEBB021;"'2020-12-01 10:00'";26;14;23;23;1;moderate
DEBB021;"'2020-12-01 11:00'";25;16;21;22;1;moderate
DEBB021;"'2020-12-01 12:00'";24;16;21;21;1;moderate
DEBB021;"'2020-12-01 13:00'";24;18;18;20;1;moderate
DEBB021;"'2020-12-01 14:00'";21;18;19;19;1;moderate
DEBB021;"'2020-12-01 15:00'";20;16;22;18;1;moderate
DEBB021;"'2020-12-01 16:00'";20;14;26;18;1;moderate
DEBB021;"'2020-12-01 17:00'";20;9;31;18;2;moderate
DEBB021;"'2020-12-01 18:00'";20;7;35;18;3;moderate
DEBB021;"'2020-12-01 19:00'";21;7;34;19;3;moderate
DEBB021;"'2020-12-01 20:00'";22;6;32;20;1;moderate
DEBB021;"'2020-12-01 21:00'";22;4;32;20;1;moderate
DEBB021;"'2020-12-01 22:00'";23;2;32;21;1;moderate
DEBB021;"'2020-12-01 23:00'";23;2;32;22;1;moderate
DEBB021;"'2020-12-01 24:00'";24;2;30;22;1;moderate
DEBB021;"'2020-12-02 01:00'";24;2;28;22;1;moderate
DEBB021;"'2020-12-02 02:00'";24;2;28;23;1;moderate
DEBB021;"'2020-12-02 03:00'";25;2;26;23;1;moderate
DEBB021;"'2020-12-02 04:00'";25;2;26;23;1;moderate
DEBB021;"'2020-12-02 05:00'";25;2;26;23;1;moderate
DEBB021;"'2020-12-02 06:00'";26;2;26;24;1;moderate
DEBB021;"'2020-12-02 07:00'";26;2;27;25;1;moderate
DEBB021;"'2020-12-02 08:00'";28;2;29;25;1;moderate
DEBB021;"'2020-12-02 09:00'";31;2;30;27;2;moderate
DEBB021;"'2020-12-02 10:00'";31;2;30;28;2;moderate
DEBB021;"'2020-12-02 11:00'";36;2;34;30;2;moderate
DEBB021;"'2020-12-02 12:00'";36;6;32;30;1;moderate
DEBB021;"'2020-12-02 13:00'";33;13;28;29;3;moderate
DEBB021;"'2020-12-02 14:00'";30;18;26;27;3;moderate
DEBB021;"'2020-12-02 15:00'";29;17;27;26;3;moderate
DEBB021;"'2020-12-02 16:00'";31;9;33;28;3;moderate
DEBB021;"'2020-12-02 17:00'";34;2;36;30;1;moderate
DEBB021;"'2020-12-02 18:00'";35;2;35;32;1;poor
DEBB021;"'2020-12-02 19:00'";34;2;37;31;1;poor
DEBB021;"'2020-12-02 20:00'";34;2;37;32;1;poor
DEBB021;"'2020-12-02 21:00'";37;9;29;35;1;poor
DEBB021;"'2020-12-02 22:00'";40;10;27;38;1;poor
DEBB021;"'2020-12-02 23:00'";41;9;27;39;1;poor
DEBB021;"'2020-12-02 24:00'";40;7;27;38;1;poor
DEBB021;"'2020-12-03 01:00'";41;8;26;39;1;poor
DEBB021;"'2020-12-03 02:00'";43;9;26;40;1;poor
DEBB021;"'2020-12-03 03:00'";42;11;23;40;1;poor
DEBB021;"'2020-12-03 04:00'";41;12;23;39;1;poor
DEBB021;"'2020-12-03 05:00'";40;13;23;38;1;poor
DEBB021;"'2020-12-03 06:00'";40;10;27;38;1;poor
DEBB021;"'2020-12-03 07:00'";40;8;31;38;1;poor
DEBB021;"'2020-12-03 08:00'";40;6;32;37;1;poor
DEBB021;"'2020-12-03 09:00'";38;8;31;35;3;poor
DEBB021;"'2020-12-03 10:00'";37;13;27;34;1;poor
DEBB021;"'2020-12-03 11:00'";35;14;24;32;1;poor
DEBB021;"'2020-12-03 12:00'";32;18;21;29;2;moderate
DEBB021;"'2020-12-03 13:00'";31;18;22;28;1;moderate
DEBB021;"'2020-12-03 14:00'";29;22;19;26;1;moderate
DEBB021;"'2020-12-03 15:00'";30;22;21;25;1;moderate
DEBB021;"'2020-12-03 16:00'";30;21;22;25;1;moderate
DEBB021;"'2020-12-03 17:00'";29;19;23;25;1;moderate
DEBB021;"'2020-12-03 18:00'";24;20;22;21;1;moderate
DEBB021;"'2020-12-03 19:00'";23;20;20;21;1;moderate
DEBB021;"'2020-12-03 20:00'";22;22;18;20;1;moderate
DEBB021;"'2020-12-03 21:00'";21;25;17;19;1;moderate
DEBB021;"'2020-12-03 22:00'";20;28;16;18;1;moderate
DEBB021;"'2020-12-03 23:00'";17;29;15;16;1;moderate
DEBB021;"'2020-12-03 24:00'";15;28;17;14;1;good
DEBB021;"'2020-12-04 01:00'";18;26;19;17;1;moderate
DEBB021;"'2020-12-04 02:00'";21;24;17;20;1;moderate
DEBB021;"'2020-12-04 03:00'";21;24;18;19;1;moderate
DEBB021;"'2020-12-04 04:00'";20;25;14;19;1;moderate
DEBB021;"'2020-12-04 05:00'";21;20;18;20;1;moderate
DEBB021;"'2020-12-04 06:00'";22;16;22;21;1;moderate
DEBB021;"'2020-12-04 07:00'";22;12;27;21;2;moderate
DEBB021;"'2020-12-04 08:00'";24;6;35;21;3;moderate
DEBB021;"'2020-12-04 09:00'";23;7;34;21;4;moderate
DEBB021;"'2020-12-04 10:00'";21;11;28;19;3;moderate
DEBB021;"'2020-12-04 11:00'";-;-;-;-;-;-;
DEBB021;"'2020-12-04 12:00'";20;-;26;18;3;moderate
DEBB021;"'2020-12-04 13:00'";19;22;22;17;3;moderate
DEBB021;"'2020-12-04 14:00'";18;22;22;16;3;moderate
DEBB021;"'2020-12-04 15:00'";19;19;27;17;2;moderate
DEBB021;"'2020-12-04 16:00'";21;14;33;18;1;moderate
DEBB021;"'2020-12-04 17:00'";21;2;46;18;1;moderate
DEBB021;"'2020-12-04 18:00'";21;3;42;19;1;moderate
DEBB021;"'2020-12-04 19:00'";22;6;38;20;1;moderate
DEBB021;"'2020-12-04 20:00'";22;6;37;21;1;moderate
DEBB021;"'2020-12-04 21:00'";23;5;37;22;1;moderate
DEBB021;"'2020-12-04 22:00'";23;9;32;22;1;moderate
DEBB021;"'2020-12-04 23:00'";25;11;29;24;1;moderate
DEBB021;"'2020-12-04 24:00'";23;16;24;22;3;moderate
DEBB021;"'2020-12-05 01:00'";25;17;23;22;2;moderate
DEBB021;"'2020-12-05 02:00'";24;18;21;23;3;moderate
DEBB021;"'2020-12-05 03:00'";26;16;22;24;2;moderate
DEBB021;"'2020-12-05 04:00'";26;21;18;24;1;moderate
DEBB021;"'2020-12-05 05:00'";24;18;21;23;2;moderate
DEBB021;"'2020-12-05 06:00'";22;26;16;21;3;moderate
DEBB021;"'2020-12-05 07:00'";22;20;22;21;3;moderate
DEBB021;"'2020-12-05 08:00'";23;13;29;21;3;moderate
DEBB021;"'2020-12-05 09:00'";22;12;32;20;3;moderate
DEBB021;"'2020-12-05 10:00'";22;16;29;20;3;moderate
DEBB021;"'2020-12-05 11:00'";20;24;22;18;3;moderate
DEBB021;"'2020-12-05 12:00'";17;38;13;15;4;good
DEBB021;"'2020-12-05 13:00'";19;34;15;16;4;moderate
DEBB021;"'2020-12-05 14:00'";20;30;17;17;3;moderate
DEBB021;"'2020-12-05 15:00'";21;23;24;17;3;moderate
DEBB021;"'2020-12-05 16:00'";21;18;26;18;3;moderate
DEBB021;"'2020-12-05 17:00'";22;10;35;19;3;moderate
DEBB021;"'2020-12-05 18:00'";25;4;42;22;3;moderate
DEBB021;"'2020-12-05 19:00'";32;5;43;29;3;moderate
DEBB021;"'2020-12-05 20:00'";28;6;42;26;3;moderate
DEBB021;"'2020-12-05 21:00'";31;6;40;28;3;moderate
DEBB021;"'2020-12-05 22:00'";30;5;41;28;2;moderate
DEBB021;"'2020-12-05 23:00'";30;3;41;27;2;moderate
DEBB021;"'2020-12-05 24:00'";31;4;43;29;3;moderate
DEBB021;"'2020-12-06 01:00'";25;8;38;23;3;moderate
DEBB021;"'2020-12-06 02:00'";21;16;28;20;3;moderate
DEBB021;"'2020-12-06 03:00'";23;19;24;22;4;moderate
DEBB021;"'2020-12-06 04:00'";26;20;20;24;3;moderate
DEBB021;"'2020-12-06 05:00'";25;24;15;24;3;moderate
DEBB021;"'2020-12-06 06:00'";23;24;16;22;3;moderate
DEBB021;"'2020-12-06 07:00'";21;26;16;20;3;moderate
DEBB021;"'2020-12-06 08:00'";20;26;15;19;3;moderate
DEBB021;"'2020-12-06 09:00'";19;28;16;18;3;moderate
DEBB021;"'2020-12-06 10:00'";18;35;12;17;4;moderate
DEBB021;"'2020-12-06 11:00'";15;42;10;14;5;good
DEBB021;"'2020-12-06 12:00'";15;44;11;13;5;good
DEBB021;"'2020-12-06 13:00'";14;45;12;12;5;good
DEBB021;"'2020-12-06 14:00'";14;44;14;12;6;good
DEBB021;"'2020-12-06 15:00'";13;44;14;12;6;good
DEBB021;"'2020-12-06 16:00'";14;39;18;13;5;good
DEBB021;"'2020-12-06 17:00'";16;37;19;14;4;good
DEBB021;"'2020-12-06 18:00'";16;37;18;14;4;good
DEBB021;"'2020-12-06 19:00'";14;40;15;13;4;good
DEBB021;"'2020-12-06 20:00'";14;45;12;13;4;good
DEBB021;"'2020-12-06 21:00'";14;43;14;13;5;good
DEBB021;"'2020-12-06 22:00'";14;47;11;13;4;good
DEBB021;"'2020-12-06 23:00'";14;47;11;13;4;good
DEBB021;"'2020-12-06 24:00'";14;45;11;13;4;good
DEBB021;"'2020-12-07 01:00'";14;40;14;13;4;good
DEBB021;"'2020-12-07 02:00'";15;42;11;13;3;good
DEBB021;"'2020-12-07 03:00'";14;44;9;13;3;good
DEBB021;"'2020-12-07 04:00'";16;43;9;14;3;good
DEBB021;"'2020-12-07 05:00'";16;42;11;15;4;good
DEBB021;"'2020-12-07 06:00'";17;38;12;16;4;moderate
DEBB021;"'2020-12-07 07:00'";18;33;16;17;4;moderate
DEBB021;"'2020-12-07 08:00'";19;26;21;18;4;moderate
DEBB021;"'2020-12-07 09:00'";19;21;24;18;4;moderate
DEBB021;"'2020-12-07 10:00'";20;22;24;17;4;moderate
DEBB021;"'2020-12-07 11:00'";20;24;20;17;4;moderate
DEBB021;"'2020-12-07 12:00'";20;22;21;17;4;moderate
DEBB021;"'2020-12-07 13:00'";20;19;24;17;4;moderate
DEBB021;"'2020-12-07 14:00'";15;13;24;13;4;good
DEBB021;"'2020-12-07 15:00'";10;12;20;8;3;good
DEBB021;"'2020-12-07 16:00'";10;11;22;8;3;good
DEBB021;"'2020-12-07 17:00'";10;4;29;7;2;good
DEBB021;"'2020-12-07 18:00'";10;2;33;8;2;moderate
DEBB021;"'2020-12-07 19:00'";12;2;33;10;3;moderate
DEBB021;"'2020-12-07 20:00'";17;2;36;14;3;moderate
DEBB021;"'2020-12-07 21:00'";16;2;33;14;3;moderate
DEBB021;"'2020-12-07 22:00'";15;2;33;13;3;moderate
DEBB021;"'2020-12-07 23:00'";16;2;32;14;3;moderate
DEBB021;"'2020-12-07 24:00'";12;2;29;11;3;good
DEBB021;"'2020-12-08 01:00'";12;2;29;11;1;good
DEBB021;"'2020-12-08 02:00'";13;2;30;12;3;good
DEBB021;"'2020-12-08 03:00'";13;2;30;12;3;good
DEBB021;"'2020-12-08 04:00'";14;2;28;12;1;good
DEBB021;"'2020-12-08 05:00'";20;2;27;18;1;moderate
DEBB021;"'2020-12-08 06:00'";28;2;26;26;1;moderate
DEBB021;"'2020-12-08 07:00'";30;3;26;27;3;moderate
DEBB021;"'2020-12-08 08:00'";30;2;28;28;3;moderate
DEBB021;"'2020-12-08 09:00'";32;2;27;28;3;moderate
DEBB021;"'2020-12-08 10:00'";32;7;25;29;4;moderate
DEBB021;"'2020-12-08 11:00'";33;13;20;30;4;moderate
DEBB021;"'2020-12-08 12:00'";32;15;19;29;4;moderate
DEBB021;"'2020-12-08 13:00'";31;16;21;28;4;moderate
DEBB021;"'2020-12-08 14:00'";29;19;21;27;4;moderate
DEBB021;"'2020-12-08 15:00'";28;18;25;25;4;moderate
DEBB021;"'2020-12-08 16:00'";30;12;28;27;4;moderate
DEBB021;"'2020-12-08 17:00'";33;7;29;31;3;poor
DEBB021;"'2020-12-08 18:00'";35;5;29;32;2;poor
DEBB021;"'2020-12-08 19:00'";33;11;24;31;3;poor
DEBB021;"'2020-12-08 20:00'";34;11;22;32;2;poor
DEBB021;"'2020-12-08 21:00'";35;8;24;33;1;poor
DEBB021;"'2020-12-08 22:00'";37;9;23;35;1;poor
DEBB021;"'2020-12-08 23:00'";37;7;24;35;1;poor
DEBB021;"'2020-12-08 24:00'";36;8;23;34;1;poor
DEBB021;"'2020-12-09 01:00'";36;9;22;34;3;poor
DEBB021;"'2020-12-09 02:00'";36;7;23;34;3;poor
DEBB021;"'2020-12-09 03:00'";36;7;23;34;3;poor
DEBB021;"'2020-12-09 04:00'";36;5;24;34;2;poor
DEBB021;"'2020-12-09 05:00'";35;2;26;33;3;poor
DEBB021;"'2020-12-09 06:00'";36;2;26;34;3;poor
DEBB021;"'2020-12-09 07:00'";36;3;25;34;3;poor
DEBB021;"'2020-12-09 08:00'";36;2;26;34;2;poor
DEBB021;"'2020-12-09 09:00'";39;2;27;36;3;poor
DEBB021;"'2020-12-09 10:00'";40;3;39;38;3;poor
DEBB021;"'2020-12-09 11:00'";40;5;24;37;3;poor
DEBB021;"'2020-12-09 12:00'";40;6;23;37;3;poor
DEBB021;"'2020-12-09 13:00'";40;6;25;37;3;poor
DEBB021;"'2020-12-09 14:00'";38;6;26;35;3;poor
DEBB021;"'2020-12-09 15:00'";37;6;24;34;3;poor
DEBB021;"'2020-12-09 16:00'";36;3;25;33;3;poor
DEBB021;"'2020-12-09 17:00'";33;2;27;31;3;poor
DEBB021;"'2020-12-09 18:00'";32;5;26;30;3;moderate
DEBB021;"'2020-12-09 19:00'";33;7;24;31;3;poor
DEBB021;"'2020-12-09 20:00'";33;8;22;31;1;poor
DEBB021;"'2020-12-09 21:00'";33;10;19;31;1;poor
DEBB021;"'2020-12-09 22:00'";35;11;18;33;1;poor
DEBB021;"'2020-12-09 23:00'";33;13;16;31;1;poor
DEBB021;"'2020-12-09 24:00'";35;10;17;33;1;poor
DEBB021;"'2020-12-10 01:00'";36;11;17;34;1;poor
DEBB021;"'2020-12-10 02:00'";36;12;16;33;1;poor
DEBB021;"'2020-12-10 03:00'";34;15;13;32;1;poor
DEBB021;"'2020-12-10 04:00'";37;14;14;35;1;poor
DEBB021;"'2020-12-10 05:00'";35;15;13;33;1;poor
DEBB021;"'2020-12-10 06:00'";36;14;14;34;1;poor
DEBB021;"'2020-12-10 07:00'";37;13;15;35;1;poor
DEBB021;"'2020-12-10 08:00'";38;11;18;35;1;poor
DEBB021;"'2020-12-10 09:00'";37;9;20;34;1;poor
DEBB021;"'2020-12-10 10:00'";36;11;18;32;1;poor
DEBB021;"'2020-12-10 11:00'";33;12;18;30;1;moderate
DEBB021;"'2020-12-10 12:00'";31;13;18;29;1;moderate
DEBB021;"'2020-12-10 13:00'";31;14;19;27;1;moderate
DEBB021;"'2020-12-10 14:00'";32;11;21;29;1;moderate
DEBB021;"'2020-12-10 15:00'";32;9;23;29;1;moderate
DEBB021;"'2020-12-10 16:00'";30;7;24;28;1;moderate
DEBB021;"'2020-12-10 17:00'";28;7;24;26;1;moderate
DEBB021;"'2020-12-10 18:00'";27;7;23;25;1;moderate
DEBB021;"'2020-12-10 19:00'";28;8;24;26;1;moderate
DEBB021;"'2020-12-10 20:00'";28;10;19;27;1;moderate
DEBB021;"'2020-12-10 21:00'";29;11;19;27;1;moderate
DEBB021;"'2020-12-10 22:00'";33;8;22;30;1;moderate
DEBB021;"'2020-12-10 23:00'";26;13;16;24;1;moderate
DEBB021;"'2020-12-10 24:00'";24;15;13;23;1;moderate
DEBB021;"'2020-12-11 01:00'";23;14;13;22;1;moderate
DEBB021;"'2020-12-11 02:00'";24;13;15;23;1;moderate
DEBB021;"'2020-12-11 03:00'";25;10;17;23;1;moderate
DEBB021;"'2020-12-11 04:00'";20;9;20;19;3;moderate
DEBB021;"'2020-12-11 05:00'";20;9;19;19;3;moderate
DEBB021;"'2020-12-11 06:00'";21;8;20;20;1;moderate
DEBB021;"'2020-12-11 07:00'";22;7;21;20;3;moderate
DEBB021;"'2020-12-11 08:00'";21;4;25;20;3;moderate
DEBB021;"'2020-12-11 09:00'";22;3;25;21;4;moderate
DEBB021;"'2020-12-11 10:00'";20;8;21;18;3;moderate
DEBB021;"'2020-12-11 11:00'";22;10;18;19;3;moderate
DEBB021;"'2020-12-11 12:00'";22;8;23;20;5;moderate
DEBB021;"'2020-12-11 13:00'";22;6;26;20;6;moderate
DEBB021;"'2020-12-11 14:00'";22;5;29;20;9;moderate
DEBB021;"'2020-12-11 15:00'";23;4;29;22;8;moderate
DEBB021;"'2020-12-11 16:00'";26;2;30;24;5;moderate
DEBB021;"'2020-12-11 17:00'";26;2;30;24;4;moderate
DEBB021;"'2020-12-11 18:00'";25;2;29;24;4;moderate
DEBB021;"'2020-12-11 19:00'";25;3;29;24;4;moderate
DEBB021;"'2020-12-11 20:00'";26;2;31;24;5;moderate
DEBB021;"'2020-12-11 21:00'";28;2;31;26;4;moderate
DEBB021;"'2020-12-11 22:00'";32;2;28;30;4;moderate
DEBB021;"'2020-12-11 23:00'";31;5;25;30;3;moderate
DEBB021;"'2020-12-11 24:00'";30;5;26;29;3;moderate
DEBB021;"'2020-12-12 01:00'";31;2;27;29;3;moderate
DEBB021;"'2020-12-12 02:00'";33;2;28;31;3;poor
DEBB021;"'2020-12-12 03:00'";34;2;27;32;3;poor
DEBB021;"'2020-12-12 04:00'";34;2;26;32;2;poor
DEBB021;"'2020-12-12 05:00'";33;2;27;31;3;poor
DEBB021;"'2020-12-12 06:00'";30;4;26;29;3;moderate
DEBB021;"'2020-12-12 07:00'";28;5;26;27;2;moderate
DEBB021;"'2020-12-12 08:00'";27;2;27;26;1;moderate
DEBB021;"'2020-12-12 09:00'";27;3;26;26;2;moderate
DEBB021;"'2020-12-12 10:00'";28;7;24;27;3;moderate
DEBB021;"'2020-12-12 11:00'";32;11;23;30;3;moderate
DEBB021;"'2020-12-12 12:00'";34;13;24;32;3;poor
DEBB021;"'2020-12-12 13:00'";33;14;24;31;3;poor
DEBB021;"'2020-12-12 14:00'";36;12;26;34;3;poor
DEBB021;"'2020-12-12 15:00'";35;10;27;33;3;poor
DEBB021;"'2020-12-12 16:00'";30;11;25;28;3;moderate
DEBB021;"'2020-12-12 17:00'";27;12;25;25;3;moderate
DEBB021;"'2020-12-12 18:00'";25;14;22;23;3;moderate
DEBB021;"'2020-12-12 19:00'";25;13;22;24;3;moderate
DEBB021;"'2020-12-12 20:00'";26;12;21;25;3;moderate
DEBB021;"'2020-12-12 21:00'";27;11;22;25;3;moderate
DEBB021;"'2020-12-12 22:00'";29;9;22;27;2;moderate
DEBB021;"'2020-12-12 23:00'";31;6;23;30;1;moderate
DEBB021;"'2020-12-12 24:00'";33;3;24;31;1;poor
DEBB021;"'2020-12-13 01:00'";34;2;24;32;1;poor
DEBB021;"'2020-12-13 02:00'";34;2;23;32;1;poor
DEBB021;"'2020-12-13 03:00'";34;2;23;32;1;poor
DEBB021;"'2020-12-13 04:00'";34;2;22;32;1;poor
DEBB021;"'2020-12-13 05:00'";34;2;23;32;1;poor
DEBB021;"'2020-12-13 06:00'";32;2;22;31;1;poor
DEBB021;"'2020-12-13 07:00'";33;2;23;31;1;poor
DEBB021;"'2020-12-13 08:00'";35;2;23;33;3;poor
DEBB021;"'2020-12-13 09:00'";37;2;23;34;3;poor
DEBB021;"'2020-12-13 10:00'";42;2;22;38;3;poor
DEBB021;"'2020-12-13 11:00'";44;2;20;40;1;poor
DEBB021;"'2020-12-13 12:00'";38;4;21;35;1;poor
DEBB021;"'2020-12-13 13:00'";33;3;23;31;2;poor
DEBB021;"'2020-12-13 14:00'";31;3;23;29;4;moderate
DEBB021;"'2020-12-13 15:00'";30;3;23;29;4;moderate
DEBB021;"'2020-12-13 16:00'";31;2;24;30;4;moderate
DEBB021;"'2020-12-13 17:00'";32;2;24;30;4;moderate
DEBB021;"'2020-12-13 18:00'";33;2;24;32;3;poor
DEBB021;"'2020-12-13 19:00'";33;2;24;31;2;poor
DEBB021;"'2020-12-13 20:00'";33;2;22;31;2;poor
DEBB021;"'2020-12-13 21:00'";37;2;20;34;1;poor
DEBB021;"'2020-12-13 22:00'";36;2;19;34;1;poor
DEBB021;"'2020-12-13 23:00'";34;2;18;30;1;moderate
DEBB021;"'2020-12-13 24:00'";39;2;17;30;1;moderate
DEBB021;"'2020-12-14 01:00'";42;2;16;30;1;moderate
DEBB021;"'2020-12-14 02:00'";39;2;15;29;1;moderate
DEBB021;"'2020-12-14 03:00'";30;2;16;24;1;moderate
DEBB021;"'2020-12-14 04:00'";26;2;17;20;1;moderate
DEBB021;"'2020-12-14 05:00'";24;2;18;18;1;moderate
DEBB021;"'2020-12-14 06:00'";21;2;19;16;1;moderate
DEBB021;"'2020-12-14 07:00'";21;2;20;16;1;moderate
DEBB021;"'2020-12-14 08:00'";20;2;21;15;1;good
DEBB021;"'2020-12-14 09:00'";17;2;22;15;1;good
DEBB021;"'2020-12-14 10:00'";15;2;21;14;1;good
DEBB021;"'2020-12-14 11:00'";14;6;18;13;1;good
DEBB021;"'2020-12-14 12:00'";11;10;18;10;1;good
DEBB021;"'2020-12-14 13:00'";10;14;17;9;2;good
DEBB021;"'2020-12-14 14:00'";9;14;18;8;3;good
DEBB021;"'2020-12-14 15:00'";8;15;19;7;3;good
DEBB021;"'2020-12-14 16:00'";7;14;21;6;3;good
DEBB021;"'2020-12-14 17:00'";8;11;23;6;3;good
DEBB021;"'2020-12-14 18:00'";8;14;22;7;3;good
DEBB021;"'2020-12-14 19:00'";8;16;19;7;1;good
DEBB021;"'2020-12-14 20:00'";7;21;16;7;2;good
DEBB021;"'2020-12-14 21:00'";8;23;16;7;4;good
DEBB021;"'2020-12-14 22:00'";8;22;16;7;5;good
DEBB021;"'2020-12-14 23:00'";9;20;16;8;4;good
DEBB021;"'2020-12-14 24:00'";11;17;16;10;3;good
DEBB021;"'2020-12-15 01:00'";12;17;16;11;3;good
DEBB021;"'2020-12-15 02:00'";13;18;16;12;3;good
DEBB021;"'2020-12-15 03:00'";13;20;15;12;3;good
DEBB021;"'2020-12-15 04:00'";12;19;14;12;3;good
DEBB021;"'2020-12-15 05:00'";13;18;15;12;3;good
DEBB021;"'2020-12-15 06:00'";14;15;18;13;3;good
DEBB021;"'2020-12-15 07:00'";15;8;27;14;3;good
DEBB021;"'2020-12-15 08:00'";17;2;34;15;3;moderate
DEBB021;"'2020-12-15 09:00'";18;4;31;16;3;moderate
DEBB021;"'2020-12-15 10:00'";18;12;25;16;3;moderate
DEBB021;"'2020-12-15 11:00'";18;20;19;14;3;good
DEBB021;"'2020-12-15 12:00'";18;19;20;14;3;good
DEBB021;"'2020-12-15 13:00'";15;21;19;13;4;good
DEBB021;"'2020-12-15 14:00'";14;17;22;12;4;good
DEBB021;"'2020-12-15 15:00'";16;11;28;11;4;good
DEBB021;"'2020-12-15 16:00'";16;8;31;12;4;moderate
DEBB021;"'2020-12-15 17:00'";16;6;32;12;3;moderate
DEBB021;"'2020-12-15 18:00'";16;7;31;13;3;moderate
DEBB021;"'2020-12-15 19:00'";15;11;25;13;3;good
DEBB021;"'2020-12-15 20:00'";16;11;24;14;3;good
DEBB021;"'2020-12-15 21:00'";16;11;24;14;3;good
DEBB021;"'2020-12-15 22:00'";16;11;22;14;1;good
DEBB021;"'2020-12-15 23:00'";16;10;21;14;1;good
DEBB021;"'2020-12-15 24:00'";15;10;20;14;1;good
DEBB021;"'2020-12-16 01:00'";15;8;20;13;1;good
DEBB021;"'2020-12-16 02:00'";15;8;19;13;1;good
DEBB021;"'2020-12-16 03:00'";15;9;18;14;1;good
DEBB021;"'2020-12-16 04:00'";15;7;19;14;1;good
DEBB021;"'2020-12-16 05:00'";15;6;21;14;1;good
DEBB021;"'2020-12-16 06:00'";16;2;23;14;1;good
DEBB021;"'2020-12-16 07:00'";16;2;26;14;1;good
DEBB021;"'2020-12-16 08:00'";18;2;29;16;2;moderate
DEBB021;"'2020-12-16 09:00'";19;2;30;17;2;moderate
DEBB021;"'2020-12-16 10:00'";22;2;30;17;2;moderate
DEBB021;"'2020-12-16 11:00'";24;2;32;19;3;moderate
DEBB021;"'2020-12-16 12:00'";17;7;32;15;2;moderate
DEBB021;"'2020-12-16 13:00'";15;17;25;13;1;good
DEBB021;"'2020-12-16 14:00'";11;29;21;10;1;good
DEBB021;"'2020-12-16 15:00'";11;27;24;10;1;good
DEBB021;"'2020-12-16 16:00'";12;18;27;11;1;good
DEBB021;"'2020-12-16 17:00'";14;3;31;13;1;moderate
DEBB021;"'2020-12-16 18:00'";13;4;28;12;1;good
DEBB021;"'2020-12-16 19:00'";16;5;24;14;1;good
DEBB021;"'2020-12-16 20:00'";19;12;20;17;1;moderate
DEBB021;"'2020-12-16 21:00'";22;10;19;20;2;moderate
DEBB021;"'2020-12-16 22:00'";25;4;22;23;1;moderate
DEBB021;"'2020-12-16 23:00'";23;7;22;22;1;moderate
DEBB021;"'2020-12-16 24:00'";22;9;23;20;1;moderate
DEBB021;"'2020-12-17 01:00'";20;12;19;19;1;moderate
DEBB021;"'2020-12-17 02:00'";18;16;16;16;1;moderate
DEBB021;"'2020-12-17 03:00'";16;18;14;15;1;good
DEBB021;"'2020-12-17 04:00'";16;16;13;15;1;good
DEBB021;"'2020-12-17 05:00'";17;13;16;16;1;moderate
DEBB021;"'2020-12-17 06:00'";17;7;22;16;1;moderate
DEBB021;"'2020-12-17 07:00'";18;5;23;16;1;moderate
DEBB021;"'2020-12-17 08:00'";19;2;26;17;1;moderate
DEBB021;"'2020-12-17 09:00'";18;5;25;16;1;moderate
DEBB021;"'2020-12-17 10:00'";17;8;22;15;1;good
DEBB021;"'2020-12-17 11:00'";15;10;21;13;3;good
DEBB021;"'2020-12-17 12:00'";13;13;20;10;3;good
DEBB021;"'2020-12-17 13:00'";11;14;20;9;3;good
DEBB021;"'2020-12-17 14:00'";10;18;19;9;3;good
DEBB021;"'2020-12-17 15:00'";11;13;22;9;3;good
DEBB021;"'2020-12-17 16:00'";11;7;27;9;3;good
DEBB021;"'2020-12-17 17:00'";10;9;27;8;1;good
DEBB021;"'2020-12-17 18:00'";10;10;24;9;1;good
DEBB021;"'2020-12-17 19:00'";11;14;20;10;1;good
DEBB021;"'2020-12-17 20:00'";12;16;17;11;1;good
DEBB021;"'2020-12-17 21:00'";12;19;15;11;1;good
DEBB021;"'2020-12-17 22:00'";13;22;14;12;1;good
DEBB021;"'2020-12-17 23:00'";13;23;13;12;1;good
DEBB021;"'2020-12-17 24:00'";13;23;13;12;1;good
DEBB021;"'2020-12-18 01:00'";13;24;13;12;1;good
DEBB021;"'2020-12-18 02:00'";13;23;13;12;1;good
DEBB021;"'2020-12-18 03:00'";13;23;13;12;1;good
DEBB021;"'2020-12-18 04:00'";14;25;13;13;1;good
DEBB021;"'2020-12-18 05:00'";14;26;12;13;1;good
DEBB021;"'2020-12-18 06:00'";14;20;16;12;1;good
DEBB021;"'2020-12-18 07:00'";14;15;22;13;1;good
DEBB021;"'2020-12-18 08:00'";14;9;29;13;1;good
DEBB021;"'2020-12-18 09:00'";15;9;29;13;1;good
DEBB021;"'2020-12-18 10:00'";15;12;24;14;1;good
DEBB021;"'2020-12-18 11:00'";15;16;25;13;1;good
DEBB021;"'2020-12-18 12:00'";15;24;20;13;1;good
DEBB021;"'2020-12-18 13:00'";15;25;20;13;1;good
DEBB021;"'2020-12-18 14:00'";13;28;19;11;1;good
DEBB021;"'2020-12-18 15:00'";12;25;22;10;1;good
DEBB021;"'2020-12-18 16:00'";12;16;29;10;1;good
DEBB021;"'2020-12-18 17:00'";13;9;30;11;1;good
DEBB021;"'2020-12-18 18:00'";14;10;28;12;1;good
DEBB021;"'2020-12-18 19:00'";12;20;23;11;2;good
DEBB021;"'2020-12-18 20:00'";14;14;28;12;1;good
DEBB021;"'2020-12-18 21:00'";14;11;29;13;1;good
DEBB021;"'2020-12-18 22:00'";13;14;26;11;1;good
DEBB021;"'2020-12-18 23:00'";14;4;33;13;1;moderate
DEBB021;"'2020-12-18 24:00'";13;9;28;12;1;good
DEBB021;"'2020-12-19 01:00'";13;9;27;13;1;good
DEBB021;"'2020-12-19 02:00'";14;10;25;13;1;good
DEBB021;"'2020-12-19 03:00'";14;14;22;13;1;good
DEBB021;"'2020-12-19 04:00'";13;15;20;13;1;good
DEBB021;"'2020-12-19 05:00'";13;16;18;12;1;good
DEBB021;"'2020-12-19 06:00'";13;16;18;12;1;good
DEBB021;"'2020-12-19 07:00'";12;16;19;11;1;good
DEBB021;"'2020-12-19 08:00'";11;15;20;11;1;good
DEBB021;"'2020-12-19 09:00'";12;13;21;11;1;good
DEBB021;"'2020-12-19 10:00'";11;17;19;10;1;good
DEBB021;"'2020-12-19 11:00'";10;22;16;9;3;good
DEBB021;"'2020-12-19 12:00'";8;25;15;8;3;good
DEBB021;"'2020-12-19 13:00'";8;28;15;7;3;good
DEBB021;"'2020-12-19 14:00'";7;29;14;7;3;good
DEBB021;"'2020-12-19 15:00'";8;29;15;7;3;good
DEBB021;"'2020-12-19 16:00'";8;26;18;7;3;good
DEBB021;"'2020-12-19 17:00'";11;18;23;10;2;good
DEBB021;"'2020-12-19 18:00'";12;16;23;12;2;good
DEBB021;"'2020-12-19 19:00'";14;14;24;13;1;good
DEBB021;"'2020-12-19 20:00'";15;13;22;14;1;good
DEBB021;"'2020-12-19 21:00'";14;14;20;13;1;good
DEBB021;"'2020-12-19 22:00'";14;13;19;13;1;good
DEBB021;"'2020-12-19 23:00'";13;12;19;13;1;good
DEBB021;"'2020-12-19 24:00'";13;13;19;12;2;good
DEBB021;"'2020-12-20 01:00'";12;14;17;12;1;good
DEBB021;"'2020-12-20 02:00'";11;15;17;10;2;good
DEBB021;"'2020-12-20 03:00'";10;16;17;9;3;good
DEBB021;"'2020-12-20 04:00'";11;15;17;10;3;good
DEBB021;"'2020-12-20 05:00'";11;15;17;11;3;good
DEBB021;"'2020-12-20 06:00'";11;14;17;11;3;good
DEBB021;"'2020-12-20 07:00'";11;13;17;11;3;good
DEBB021;"'2020-12-20 08:00'";13;12;17;12;3;good
DEBB021;"'2020-12-20 09:00'";15;12;16;14;2;good
DEBB021;"'2020-12-20 10:00'";16;14;14;15;1;good
DEBB021;"'2020-12-20 11:00'";16;18;11;15;2;good
DEBB021;"'2020-12-20 12:00'";15;21;11;14;3;good
DEBB021;"'2020-12-20 13:00'";12;25;11;11;3;good
DEBB021;"'2020-12-20 14:00'";10;25;12;10;3;good
DEBB021;"'2020-12-20 15:00'";11;22;14;10;3;good
DEBB021;"'2020-12-20 16:00'";12;18;16;11;3;good
DEBB021;"'2020-12-20 17:00'";12;19;17;11;3;good
DEBB021;"'2020-12-20 18:00'";12;19;16;12;3;good
DEBB021;"'2020-12-20 19:00'";13;18;16;13;3;good
DEBB021;"'2020-12-20 20:00'";14;17;16;13;3;good
DEBB021;"'2020-12-20 21:00'";14;15;16;13;3;good
DEBB021;"'2020-12-20 22:00'";14;13;17;13;3;good
DEBB021;"'2020-12-20 23:00'";13;11;18;12;2;good
DEBB021;"'2020-12-20 24:00'";13;10;17;12;1;good
DEBB021;"'2020-12-21 01:00'";13;8;18;12;1;good
DEBB021;"'2020-12-21 02:00'";13;10;16;12;1;good
DEBB021;"'2020-12-21 03:00'";14;10;17;14;1;good
DEBB021;"'2020-12-21 04:00'";14;11;15;13;1;good
DEBB021;"'2020-12-21 05:00'";14;11;15;13;1;good
DEBB021;"'2020-12-21 06:00'";13;12;16;12;1;good
DEBB021;"'2020-12-21 07:00'";13;9;19;12;1;good
DEBB021;"'2020-12-21 08:00'";12;10;21;11;1;good
DEBB021;"'2020-12-21 09:00'";13;10;22;11;1;good
DEBB021;"'2020-12-21 10:00'";13;12;21;11;1;good
DEBB021;"'2020-12-21 11:00'";13;15;18;12;1;good
DEBB021;"'2020-12-21 12:00'";12;19;15;11;1;good
DEBB021;"'2020-12-21 13:00'";12;19;16;11;1;good
DEBB021;"'2020-12-21 14:00'";12;22;16;10;1;good
DEBB021;"'2020-12-21 15:00'";11;22;19;10;1;good
DEBB021;"'2020-12-21 16:00'";12;14;26;10;1;good
DEBB021;"'2020-12-21 17:00'";10;11;27;9;1;good
DEBB021;"'2020-12-21 18:00'";12;5;29;11;1;good
DEBB021;"'2020-12-21 19:00'";12;8;25;11;1;good
DEBB021;"'2020-12-21 20:00'";13;8;24;12;1;good
DEBB021;"'2020-12-21 21:00'";15;9;23;13;1;good
DEBB021;"'2020-12-21 22:00'";12;13;22;12;1;good
DEBB021;"'2020-12-21 23:00'";10;18;18;9;1;good
DEBB021;"'2020-12-21 24:00'";9;21;16;9;1;good
DEBB021;"'2020-12-22 01:00'";9;23;15;8;2;good
DEBB021;"'2020-12-22 02:00'";9;26;14;9;2;good
DEBB021;"'2020-12-22 03:00'";10;30;12;10;3;good
DEBB021;"'2020-12-22 04:00'";11;28;12;10;1;good
DEBB021;"'2020-12-22 05:00'";11;28;10;10;1;good
DEBB021;"'2020-12-22 06:00'";9;30;10;8;1;good
DEBB021;"'2020-12-22 07:00'";7;28;12;7;1;good
DEBB021;"'2020-12-22 08:00'";4;29;12;4;1;good
DEBB021;"'2020-12-22 09:00'";2;28;12;2;1;good
DEBB021;"'2020-12-22 10:00'";1;30;11;1;1;good
DEBB021;"'2020-12-22 11:00'";0.8;33;9;1;1;good
DEBB021;"'2020-12-22 12:00'";0.8;35;9;1;1;good
DEBB021;"'2020-12-22 13:00'";1;39;11;1;1;good
DEBB021;"'2020-12-22 14:00'";2;42;12;1;3;good
DEBB021;"'2020-12-22 15:00'";3;47;14;2;2;good
DEBB021;"'2020-12-22 16:00'";2;53;11;2;1;good
DEBB021;"'2020-12-22 17:00'";2;52;8;1;1;good
DEBB021;"'2020-12-22 18:00'";3;46;10;3;1;good
DEBB021;"'2020-12-22 19:00'";3;42;8;2;1;good
DEBB021;"'2020-12-22 20:00'";4;37;11;3;1;good
DEBB021;"'2020-12-22 21:00'";3;39;12;2;1;good
DEBB021;"'2020-12-22 22:00'";2;46;8;2;1;good
DEBB021;"'2020-12-22 23:00'";3;53;6;3;1;good
DEBB021;"'2020-12-22 24:00'";5;60;6;4;1;good
DEBB021;"'2020-12-23 01:00'";6;54;10;4;1;good
DEBB021;"'2020-12-23 02:00'";7;56;6;5;1;good
DEBB021;"'2020-12-23 03:00'";8;62;5;5;1;good
DEBB021;"'2020-12-23 04:00'";8;63;7;5;1;good
DEBB021;"'2020-12-23 05:00'";8;60;8;5;1;good
DEBB021;"'2020-12-23 06:00'";8;52;11;5;1;good
DEBB021;"'2020-12-23 07:00'";11;41;21;7;1;good
DEBB021;"'2020-12-23 08:00'";15;36;29;10;1;good
DEBB021;"'2020-12-23 09:00'";18;47;20;12;1;good
DEBB021;"'2020-12-23 10:00'";18;44;23;12;1;good
DEBB021;"'2020-12-23 11:00'";14;45;21;10;1;good
DEBB021;"'2020-12-23 12:00'";14;48;19;11;1;good
DEBB021;"'2020-12-23 13:00'";16;46;17;12;1;good
DEBB021;"'2020-12-23 14:00'";13;41;18;10;1;good
DEBB021;"'2020-12-23 15:00'";12;40;17;10;1;good
DEBB021;"'2020-12-23 16:00'";13;36;17;10;1;good
DEBB021;"'2020-12-23 17:00'";14;30;19;12;1;good
DEBB021;"'2020-12-23 18:00'";13;20;22;11;1;good
DEBB021;"'2020-12-23 19:00'";9;16;21;8;1;good
DEBB021;"'2020-12-23 20:00'";9;14;20;9;1;good
DEBB021;"'2020-12-23 21:00'";10;15;17;9;1;good
DEBB021;"'2020-12-23 22:00'";8;13;17;7;1;good
DEBB021;"'2020-12-23 23:00'";10;19;14;9;1;good
DEBB021;"'2020-12-23 24:00'";10;28;12;9;1;good
DEBB021;"'2020-12-24 01:00'";7;37;8;6;1;good
DEBB021;"'2020-12-24 02:00'";5;38;7;4;1;good
DEBB021;"'2020-12-24 03:00'";3;40;6;3;1;good
DEBB021;"'2020-12-24 04:00'";4;37;6;3;1;good
DEBB021;"'2020-12-24 05:00'";4;39;7;3;1;good
DEBB021;"'2020-12-24 06:00'";3;48;7;2;1;good
DEBB021;"'2020-12-24 07:00'";3;50;11;2;1;good
DEBB021;"'2020-12-24 08:00'";3;52;12;2;1;good
DEBB021;"'2020-12-24 09:00'";3;61;6;2;1;good
DEBB021;"'2020-12-24 10:00'";3;61;5;2;1;good
DEBB021;"'2020-12-24 11:00'";3;57;7;2;1;good
DEBB021;"'2020-12-24 12:00'";3;57;7;2;1;good
DEBB021;"'2020-12-24 13:00'";0.8;50;7;1;1;good
DEBB021;"'2020-12-24 14:00'";0.8;58;5;1;1;good
DEBB021;"'2020-12-24 15:00'";0.8;63;5;1;1;good
DEBB021;"'2020-12-24 16:00'";0.8;59;7;1;1;good
DEBB021;"'2020-12-24 17:00'";3;55;7;3;1;good
DEBB021;"'2020-12-24 18:00'";5;54;7;4;1;good
DEBB021;"'2020-12-24 19:00'";5;52;7;5;1;good
DEBB021;"'2020-12-24 20:00'";6;48;8;5;1;good
DEBB021;"'2020-12-24 21:00'";6;46;9;6;1;good
DEBB021;"'2020-12-24 22:00'";7;45;7;7;1;good
DEBB021;"'2020-12-24 23:00'";8;42;7;7;1;good
DEBB021;"'2020-12-24 24:00'";7;40;7;6;1;good
DEBB021;"'2020-12-25 01:00'";6;41;5;5;1;good
DEBB021;"'2020-12-25 02:00'";5;42;4;5;1;good
DEBB021;"'2020-12-25 03:00'";5;41;4;4;1;good
DEBB021;"'2020-12-25 04:00'";2;47;3;2;1;good
DEBB021;"'2020-12-25 05:00'";2;46;3;1;1;good
DEBB021;"'2020-12-25 06:00'";2;47;4;2;1;good
DEBB021;"'2020-12-25 07:00'";2;50;3;1;1;good
DEBB021;"'2020-12-25 08:00'";2;48;3;2;1;good
DEBB021;"'2020-12-25 09:00'";0.8;56;2;1;1;good
DEBB021;"'2020-12-25 10:00'";2;54;5;1;1;good
DEBB021;"'2020-12-25 11:00'";3;53;6;2;1;good
DEBB021;"'2020-12-25 12:00'";2;54;5;2;1;good
DEBB021;"'2020-12-25 13:00'";2;53;5;2;1;good
DEBB021;"'2020-12-25 14:00'";2;58;5;1;1;good
DEBB021;"'2020-12-25 15:00'";2;55;6;2;1;good
DEBB021;"'2020-12-25 16:00'";3;52;8;2;1;good
DEBB021;"'2020-12-25 17:00'";3;49;9;3;1;good
DEBB021;"'2020-12-25 18:00'";4;47;10;4;1;good
DEBB021;"'2020-12-25 19:00'";5;45;10;4;1;good
DEBB021;"'2020-12-25 20:00'";6;41;11;5;1;good
DEBB021;"'2020-12-25 21:00'";6;42;11;5;1;good
DEBB021;"'2020-12-25 22:00'";6;42;10;6;1;good
DEBB021;"'2020-12-25 23:00'";6;40;11;5;1;good
DEBB021;"'2020-12-25 24:00'";5;41;10;5;1;good
DEBB021;"'2020-12-26 01:00'";5;41;10;4;1;good
DEBB021;"'2020-12-26 02:00'";5;42;9;4;1;good
DEBB021;"'2020-12-26 03:00'";5;44;8;4;1;good
DEBB021;"'2020-12-26 04:00'";4;43;8;3;1;good
DEBB021;"'2020-12-26 05:00'";4;43;8;3;1;good
DEBB021;"'2020-12-26 06:00'";4;44;8;4;1;good
DEBB021;"'2020-12-26 07:00'";7;39;12;6;1;good
DEBB021;"'2020-12-26 08:00'";11;41;10;10;1;good
DEBB021;"'2020-12-26 09:00'";12;49;8;11;1;good
DEBB021;"'2020-12-26 10:00'";14;46;8;12;1;good
DEBB021;"'2020-12-26 11:00'";12;42;9;11;1;good
DEBB021;"'2020-12-26 12:00'";10;44;9;9;1;good
DEBB021;"'2020-12-26 13:00'";8;46;9;8;1;good
DEBB021;"'2020-12-26 14:00'";9;45;8;8;1;good
DEBB021;"'2020-12-26 15:00'";9;46;9;8;1;good
DEBB021;"'2020-12-26 16:00'";9;44;10;8;1;good
DEBB021;"'2020-12-26 17:00'";9;41;11;9;1;good
DEBB021;"'2020-12-26 18:00'";10;41;10;9;1;good
DEBB021;"'2020-12-26 19:00'";11;41;10;10;1;good
DEBB021;"'2020-12-26 20:00'";11;45;9;11;1;good
DEBB021;"'2020-12-26 21:00'";9;48;8;9;1;good
DEBB021;"'2020-12-26 22:00'";9;46;8;8;1;good
DEBB021;"'2020-12-26 23:00'";10;44;8;10;1;good
DEBB021;"'2020-12-26 24:00'";10;46;7;9;1;good
DEBB021;"'2020-12-27 01:00'";9;48;7;9;1;good
DEBB021;"'2020-12-27 02:00'";9;49;6;9;1;good
DEBB021;"'2020-12-27 03:00'";9;51;6;8;1;good
DEBB021;"'2020-12-27 04:00'";8;53;5;8;1;good
DEBB021;"'2020-12-27 05:00'";7;57;4;6;1;good
DEBB021;"'2020-12-27 06:00'";7;56;4;7;1;good
DEBB021;"'2020-12-27 07:00'";8;55;5;8;1;good
DEBB021;"'2020-12-27 08:00'";8;54;5;8;1;good
DEBB021;"'2020-12-27 09:00'";7;58;5;6;1;good
DEBB021;"'2020-12-27 10:00'";6;65;5;4;1;good
DEBB021;"'2020-12-27 11:00'";5;61;6;4;1;good
DEBB021;"'2020-12-27 12:00'";5;59;6;5;1;good
DEBB021;"'2020-12-27 13:00'";6;58;6;5;1;good
DEBB021;"'2020-12-27 14:00'";5;57;6;4;1;good
DEBB021;"'2020-12-27 15:00'";4;59;6;3;1;good
DEBB021;"'2020-12-27 16:00'";4;57;8;4;3;good
DEBB021;"'2020-12-27 17:00'";5;55;9;5;3;good
DEBB021;"'2020-12-27 18:00'";6;55;9;5;3;good
DEBB021;"'2020-12-27 19:00'";6;54;9;5;3;good
DEBB021;"'2020-12-27 20:00'";6;54;8;5;3;good
DEBB021;"'2020-12-27 21:00'";6;53;8;5;3;good
DEBB021;"'2020-12-27 22:00'";7;52;7;6;3;good
DEBB021;"'2020-12-27 23:00'";7;53;6;6;1;good
DEBB021;"'2020-12-27 24:00'";7;51;6;6;1;good
DEBB021;"'2020-12-28 01:00'";7;50;5;6;1;good
DEBB021;"'2020-12-28 02:00'";7;46;8;6;1;good
DEBB021;"'2020-12-28 03:00'";8;44;5;7;1;good
DEBB021;"'2020-12-28 04:00'";8;41;5;7;2;good
DEBB021;"'2020-12-28 05:00'";8;37;8;7;3;good
DEBB021;"'2020-12-28 06:00'";8;32;11;7;4;good
DEBB021;"'2020-12-28 07:00'";8;28;13;8;4;good
DEBB021;"'2020-12-28 08:00'";9;24;18;8;4;good
DEBB021;"'2020-12-28 09:00'";9;21;18;8;4;good
DEBB021;"'2020-12-28 10:00'";10;19;19;9;3;good
DEBB021;"'2020-12-28 11:00'";10;23;16;9;4;good
DEBB021;"'2020-12-28 12:00'";9;27;12;9;3;good
DEBB021;"'2020-12-28 13:00'";9;29;12;9;4;good
DEBB021;"'2020-12-28 14:00'";9;26;16;8;3;good
DEBB021;"'2020-12-28 15:00'";10;25;17;9;3;good
DEBB021;"'2020-12-28 16:00'";11;28;14;10;3;good
DEBB021;"'2020-12-28 17:00'";11;23;17;10;3;good
DEBB021;"'2020-12-28 18:00'";12;17;23;11;3;good
DEBB021;"'2020-12-28 19:00'";12;20;19;11;2;good
DEBB021;"'2020-12-28 20:00'";13;22;16;12;3;good
DEBB021;"'2020-12-28 21:00'";14;20;17;13;3;good
DEBB021;"'2020-12-28 22:00'";14;18;18;13;3;good
DEBB021;"'2020-12-28 23:00'";14;26;12;14;3;good
DEBB021;"'2020-12-28 24:00'";14;34;8;13;1;good
DEBB021;"'2020-12-29 01:00'";14;31;10;13;1;good
DEBB021;"'2020-12-29 02:00'";14;33;9;13;1;good
DEBB021;"'2020-12-29 03:00'";14;32;8;13;1;good
DEBB021;"'2020-12-29 04:00'";15;30;9;14;1;good
DEBB021;"'2020-12-29 05:00'";17;25;9;17;1;moderate
DEBB021;"'2020-12-29 06:00'";20;20;11;19;1;moderate
DEBB021;"'2020-12-29 07:00'";20;16;14;19;1;moderate
DEBB021;"'2020-12-29 08:00'";19;14;18;18;1;moderate
DEBB021;"'2020-12-29 09:00'";18;13;22;17;1;moderate
DEBB021;"'2020-12-29 10:00'";17;17;19;17;1;moderate
DEBB021;"'2020-12-29 11:00'";16;25;15;15;2;good
DEBB021;"'2020-12-29 12:00'";15;28;14;14;2;good
DEBB021;"'2020-12-29 13:00'";13;28;15;12;1;good
DEBB021;"'2020-12-29 14:00'";11;30;15;10;2;good
DEBB021;"'2020-12-29 15:00'";10;28;18;9;1;good
DEBB021;"'2020-12-29 16:00'";10;25;20;10;1;good
DEBB021;"'2020-12-29 17:00'";10;22;22;10;1;good
DEBB021;"'2020-12-29 18:00'";10;28;17;9;1;good
DEBB021;"'2020-12-29 19:00'";9;27;15;9;1;good
DEBB021;"'2020-12-29 20:00'";8;33;14;7;1;good
DEBB021;"'2020-12-29 21:00'";7;39;11;6;1;good
DEBB021;"'2020-12-29 22:00'";7;41;11;7;1;good
DEBB021;"'2020-12-29 23:00'";7;39;10;6;1;good
DEBB021;"'2020-12-29 24:00'";7;39;10;6;1;good
DEBB021;"'2020-12-30 01:00'";6;39;9;6;2;good
DEBB021;"'2020-12-30 02:00'";7;38;9;6;1;good
DEBB021;"'2020-12-30 03:00'";7;37;9;6;1;good
DEBB021;"'2020-12-30 04:00'";6;38;9;6;1;good
DEBB021;"'2020-12-30 05:00'";6;38;10;5;1;good
DEBB021;"'2020-12-30 06:00'";6;39;9;5;1;good
DEBB021;"'2020-12-30 07:00'";6;34;13;6;1;good
DEBB021;"'2020-12-30 08:00'";7;30;14;7;1;good
DEBB021;"'2020-12-30 09:00'";9;26;16;8;1;good
DEBB021;"'2020-12-30 10:00'";9;26;15;8;1;good
DEBB021;"'2020-12-30 11:00'";9;27;17;9;3;good
DEBB021;"'2020-12-30 12:00'";9;32;15;8;3;good
DEBB021;"'2020-12-30 13:00'";10;32;18;9;2;good
DEBB021;"'2020-12-30 14:00'";10;34;14;9;2;good
DEBB021;"'2020-12-30 15:00'";8;34;15;8;2;good
DEBB021;"'2020-12-30 16:00'";9;28;19;8;1;good
DEBB021;"'2020-12-30 17:00'";9;22;22;8;2;good
DEBB021;"'2020-12-30 18:00'";8;25;17;8;1;good
DEBB021;"'2020-12-30 19:00'";10;21;18;9;1;good
DEBB021;"'2020-12-30 20:00'";10;20;19;10;1;good
DEBB021;"'2020-12-30 21:00'";9;21;18;9;1;good
DEBB021;"'2020-12-30 22:00'";8;25;15;8;1;good
DEBB021;"'2020-12-30 23:00'";8;27;13;8;1;good
DEBB021;"'2020-12-30 24:00'";8;29;11;8;1;good
DEBB021;"'2020-12-31 01:00'";8;36;8;8;1;good
DEBB021;"'2020-12-31 02:00'";8;38;8;7;1;good
DEBB021;"'2020-12-31 03:00'";8;37;7;8;1;good
DEBB021;"'2020-12-31 04:00'";8;36;8;8;1;good
DEBB021;"'2020-12-31 05:00'";8;35;8;8;1;good
DEBB021;"'2020-12-31 06:00'";8;37;7;8;1;good
DEBB021;"'2020-12-31 07:00'";8;38;8;8;1;good
DEBB021;"'2020-12-31 08:00'";8;35;10;8;1;good
DEBB021;"'2020-12-31 09:00'";10;31;12;9;1;good
DEBB021;"'2020-12-31 10:00'";9;29;14;9;1;good
DEBB021;"'2020-12-31 11:00'";8;33;12;8;2;good
DEBB021;"'2020-12-31 12:00'";8;38;10;7;3;good
DEBB021;"'2020-12-31 13:00'";8;39;10;8;3;good
DEBB021;"'2020-12-31 14:00'";9;43;9;8;3;good
DEBB021;"'2020-12-31 15:00'";8;44;9;8;1;good
DEBB021;"'2020-12-31 16:00'";8;45;11;7;1;good
DEBB021;"'2020-12-31 17:00'";8;44;13;7;3;good
DEBB021;"'2020-12-31 18:00'";10;42;13;9;4;good
DEBB021;"'2020-12-31 19:00'";15;36;16;14;3;good
DEBB021;"'2020-12-31 20:00'";21;33;19;20;3;moderate
DEBB021;"'2020-12-31 21:00'";15;36;13;14;2;good
DEBB021;"'2020-12-31 22:00'";16;38;12;15;3;good
DEBB021;"'2020-12-31 23:00'";17;32;12;16;2;moderate
DEBB021;"'2020-12-31 24:00'";17;35;11;16;1;moderate

"Source: German Environment Agency, https://www.umweltbundesamt.de/en/data/air/air-data/air-quality (Status: 21.07.2026). All times are given in the time valid at the time of measurement (CET or CEST)."
