"Station code";Date;"Particulate matter (PM₁₀) One hour average in µg/m³";"Ozone (O₃) One hour average in µg/m³";"Nitrogen dioxide (NO₂) One hour average in µg/m³";"Particulate matter (PM₂,₅) One hour average in µg/m³";"Sulphur dioxide (SO₂) One hour average in µg/m³";"Air quality index"
DEBB021;"'2019-01-01 01:00'";82;36;21;74;6;"very poor"
DEBB021;"'2019-01-01 02:00'";23;52;5;20;1;moderate
DEBB021;"'2019-01-01 03:00'";14;53;3;12;1;good
DEBB021;"'2019-01-01 04:00'";16;54;4;13;1;good
DEBB021;"'2019-01-01 05:00'";14;60;2;13;1;good
DEBB021;"'2019-01-01 06:00'";12;58;2;10;1;good
DEBB021;"'2019-01-01 07:00'";11;57;2;9;1;good
DEBB021;"'2019-01-01 08:00'";11;60;2;10;1;good
DEBB021;"'2019-01-01 09:00'";10;57;4;9;1;good
DEBB021;"'2019-01-01 10:00'";8;56;2;7;1;good
DEBB021;"'2019-01-01 11:00'";8;51;3;7;1;good
DEBB021;"'2019-01-01 12:00'";9;50;3;8;1;good
DEBB021;"'2019-01-01 13:00'";7;65;2;5;1;good
DEBB021;"'2019-01-01 14:00'";8;74;2;6;1;moderate
DEBB021;"'2019-01-01 15:00'";8;72;2;6;1;good
DEBB021;"'2019-01-01 16:00'";7;70;2;5;1;good
DEBB021;"'2019-01-01 17:00'";4;73;2;3;1;moderate
DEBB021;"'2019-01-01 18:00'";3;73;2;2;1;moderate
DEBB021;"'2019-01-01 19:00'";6;74;2;5;1;moderate
DEBB021;"'2019-01-01 20:00'";7;75;2;5;1;moderate
DEBB021;"'2019-01-01 21:00'";8;73;2;6;1;moderate
DEBB021;"'2019-01-01 22:00'";9;73;2;6;1;moderate
DEBB021;"'2019-01-01 23:00'";9;74;2;6;1;moderate
DEBB021;"'2019-01-01 24:00'";9;76;2;7;1;moderate
DEBB021;"'2019-01-02 01:00'";10;76;2;8;1;moderate
DEBB021;"'2019-01-02 02:00'";10;74;2;8;1;moderate
DEBB021;"'2019-01-02 03:00'";10;72;2;7;1;good
DEBB021;"'2019-01-02 04:00'";8;70;2;6;1;good
DEBB021;"'2019-01-02 05:00'";6;70;2;4;1;good
DEBB021;"'2019-01-02 06:00'";4;70;2;3;1;good
DEBB021;"'2019-01-02 07:00'";3;69;3;2;1;good
DEBB021;"'2019-01-02 08:00'";5;69;2;3;1;good
DEBB021;"'2019-01-02 09:00'";6;67;5;4;1;good
DEBB021;"'2019-01-02 10:00'";8;69;3;4;1;good
DEBB021;"'2019-01-02 11:00'";6;68;5;3;1;good
DEBB021;"'2019-01-02 12:00'";6;65;7;3;1;good
DEBB021;"'2019-01-02 13:00'";4;67;3;2;1;good
DEBB021;"'2019-01-02 14:00'";4;-;-;2;-;"very good"
DEBB021;"'2019-01-02 15:00'";5;65;5;3;1;good
DEBB021;"'2019-01-02 16:00'";8;65;7;4;1;good
DEBB021;"'2019-01-02 17:00'";6;67;6;3;1;good
DEBB021;"'2019-01-02 18:00'";5;70;2;3;1;good
DEBB021;"'2019-01-02 19:00'";8;66;6;5;1;good
DEBB021;"'2019-01-02 20:00'";5;60;7;3;1;good
DEBB021;"'2019-01-02 21:00'";7;54;11;4;1;good
DEBB021;"'2019-01-02 22:00'";8;53;10;5;1;good
DEBB021;"'2019-01-02 23:00'";11;52;9;8;1;good
DEBB021;"'2019-01-02 24:00'";7;55;6;4;1;good
DEBB021;"'2019-01-03 01:00'";8;56;3;5;1;good
DEBB021;"'2019-01-03 02:00'";6;56;2;4;1;good
DEBB021;"'2019-01-03 03:00'";5;54;5;4;1;good
DEBB021;"'2019-01-03 04:00'";5;52;6;4;1;good
DEBB021;"'2019-01-03 05:00'";4;52;5;3;1;good
DEBB021;"'2019-01-03 06:00'";4;51;6;3;1;good
DEBB021;"'2019-01-03 07:00'";4;49;9;3;1;good
DEBB021;"'2019-01-03 08:00'";4;49;11;3;1;good
DEBB021;"'2019-01-03 09:00'";4;47;11;3;1;good
DEBB021;"'2019-01-03 10:00'";5;47;13;4;1;good
DEBB021;"'2019-01-03 11:00'";5;48;13;4;1;good
DEBB021;"'2019-01-03 12:00'";5;52;13;3;1;good
DEBB021;"'2019-01-03 13:00'";5;54;12;4;1;good
DEBB021;"'2019-01-03 14:00'";5;50;13;4;1;good
DEBB021;"'2019-01-03 15:00'";6;44;19;5;1;good
DEBB021;"'2019-01-03 16:00'";9;38;23;7;1;good
DEBB021;"'2019-01-03 17:00'";8;33;28;6;1;good
DEBB021;"'2019-01-03 18:00'";9;31;28;7;1;good
DEBB021;"'2019-01-03 19:00'";12;29;27;10;1;good
DEBB021;"'2019-01-03 20:00'";11;29;25;9;1;good
DEBB021;"'2019-01-03 21:00'";12;31;22;9;1;good
DEBB021;"'2019-01-03 22:00'";9;30;20;8;1;good
DEBB021;"'2019-01-03 23:00'";9;30;19;8;1;good
DEBB021;"'2019-01-03 24:00'";9;35;13;8;1;good
DEBB021;"'2019-01-04 01:00'";8;36;11;7;1;good
DEBB021;"'2019-01-04 02:00'";9;34;12;7;1;good
DEBB021;"'2019-01-04 03:00'";11;30;13;9;1;good
DEBB021;"'2019-01-04 04:00'";14;29;12;11;1;good
DEBB021;"'2019-01-04 05:00'";18;24;15;16;1;moderate
DEBB021;"'2019-01-04 06:00'";21;21;21;18;1;moderate
DEBB021;"'2019-01-04 07:00'";22;19;25;20;1;moderate
DEBB021;"'2019-01-04 08:00'";23;20;24;20;1;moderate
DEBB021;"'2019-01-04 09:00'";19;30;18;17;1;moderate
DEBB021;"'2019-01-04 10:00'";16;39;13;14;1;good
DEBB021;"'2019-01-04 11:00'";15;43;12;13;1;good
DEBB021;"'2019-01-04 12:00'";14;47;12;13;1;good
DEBB021;"'2019-01-04 13:00'";12;49;10;10;1;good
DEBB021;"'2019-01-04 14:00'";8;50;11;7;1;good
DEBB021;"'2019-01-04 15:00'";7;50;11;6;1;good
DEBB021;"'2019-01-04 16:00'";6;50;10;5;1;good
DEBB021;"'2019-01-04 17:00'";5;49;11;5;1;good
DEBB021;"'2019-01-04 18:00'";9;50;11;8;1;good
DEBB021;"'2019-01-04 19:00'";11;51;9;10;1;good
DEBB021;"'2019-01-04 20:00'";12;49;10;10;1;good
DEBB021;"'2019-01-04 21:00'";12;49;8;10;1;good
DEBB021;"'2019-01-04 22:00'";10;51;7;8;1;good
DEBB021;"'2019-01-04 23:00'";10;49;6;9;1;good
DEBB021;"'2019-01-04 24:00'";8;47;5;8;1;good
DEBB021;"'2019-01-05 01:00'";6;48;4;5;1;good
DEBB021;"'2019-01-05 02:00'";5;51;2;4;1;good
DEBB021;"'2019-01-05 03:00'";4;54;2;3;1;good
DEBB021;"'2019-01-05 04:00'";2;55;2;1;1;good
DEBB021;"'2019-01-05 05:00'";0.9;55;2;0.8;1;good
DEBB021;"'2019-01-05 06:00'";2;58;2;1;1;good
DEBB021;"'2019-01-05 07:00'";2;58;2;2;1;good
DEBB021;"'2019-01-05 08:00'";2;57;2;2;1;good
DEBB021;"'2019-01-05 09:00'";3;58;2;3;1;good
DEBB021;"'2019-01-05 10:00'";6;58;3;5;1;good
DEBB021;"'2019-01-05 11:00'";8;55;6;6;1;good
DEBB021;"'2019-01-05 12:00'";7;57;5;6;1;good
DEBB021;"'2019-01-05 13:00'";7;58;5;6;1;good
DEBB021;"'2019-01-05 14:00'";7;56;6;6;1;good
DEBB021;"'2019-01-05 15:00'";7;52;8;5;1;good
DEBB021;"'2019-01-05 16:00'";7;51;8;5;1;good
DEBB021;"'2019-01-05 17:00'";7;48;10;6;1;good
DEBB021;"'2019-01-05 18:00'";11;43;11;9;1;good
DEBB021;"'2019-01-05 19:00'";7;46;10;6;1;good
DEBB021;"'2019-01-05 20:00'";8;44;9;7;1;good
DEBB021;"'2019-01-05 21:00'";4;60;3;3;1;good
DEBB021;"'2019-01-05 22:00'";5;58;4;4;1;good
DEBB021;"'2019-01-05 23:00'";4;55;6;3;1;good
DEBB021;"'2019-01-05 24:00'";7;51;8;6;1;good
DEBB021;"'2019-01-06 01:00'";6;48;8;5;1;good
DEBB021;"'2019-01-06 02:00'";4;46;6;3;1;good
DEBB021;"'2019-01-06 03:00'";4;43;5;4;1;good
DEBB021;"'2019-01-06 04:00'";8;43;5;7;1;good
DEBB021;"'2019-01-06 05:00'";9;40;5;8;1;good
DEBB021;"'2019-01-06 06:00'";10;38;7;8;1;good
DEBB021;"'2019-01-06 07:00'";9;38;6;8;1;good
DEBB021;"'2019-01-06 08:00'";10;37;7;8;1;good
DEBB021;"'2019-01-06 09:00'";9;37;8;8;1;good
DEBB021;"'2019-01-06 10:00'";9;38;8;8;1;good
DEBB021;"'2019-01-06 11:00'";7;47;6;6;1;good
DEBB021;"'2019-01-06 12:00'";5;56;8;4;1;good
DEBB021;"'2019-01-06 13:00'";5;59;6;4;1;good
DEBB021;"'2019-01-06 14:00'";6;57;7;5;1;good
DEBB021;"'2019-01-06 15:00'";4;61;6;4;1;good
DEBB021;"'2019-01-06 16:00'";6;56;8;5;1;good
DEBB021;"'2019-01-06 17:00'";8;48;11;7;1;good
DEBB021;"'2019-01-06 18:00'";8;44;12;7;1;good
DEBB021;"'2019-01-06 19:00'";9;42;9;8;1;good
DEBB021;"'2019-01-06 20:00'";12;30;10;10;1;good
DEBB021;"'2019-01-06 21:00'";12;31;10;10;1;good
DEBB021;"'2019-01-06 22:00'";11;30;10;10;1;good
DEBB021;"'2019-01-06 23:00'";11;28;10;10;1;good
DEBB021;"'2019-01-06 24:00'";11;26;10;10;1;good
DEBB021;"'2019-01-07 01:00'";12;27;8;11;1;good
DEBB021;"'2019-01-07 02:00'";13;28;8;11;1;good
DEBB021;"'2019-01-07 03:00'";11;37;7;10;1;good
DEBB021;"'2019-01-07 04:00'";10;37;6;9;1;good
DEBB021;"'2019-01-07 05:00'";10;30;9;9;1;good
DEBB021;"'2019-01-07 06:00'";9;16;17;8;1;good
DEBB021;"'2019-01-07 07:00'";7;11;22;6;1;good
DEBB021;"'2019-01-07 08:00'";8;3;31;7;1;moderate
DEBB021;"'2019-01-07 09:00'";7;2;32;6;1;moderate
DEBB021;"'2019-01-07 10:00'";14;2;32;10;1;moderate
DEBB021;"'2019-01-07 11:00'";16;2;37;12;1;moderate
DEBB021;"'2019-01-07 12:00'";6;35;18;5;1;good
DEBB021;"'2019-01-07 13:00'";4;49;9;3;1;good
DEBB021;"'2019-01-07 14:00'";10;51;10;8;1;good
DEBB021;"'2019-01-07 15:00'";13;50;11;11;1;good
DEBB021;"'2019-01-07 16:00'";11;46;14;9;1;good
DEBB021;"'2019-01-07 17:00'";10;38;22;8;1;good
DEBB021;"'2019-01-07 18:00'";9;37;20;8;1;good
DEBB021;"'2019-01-07 19:00'";10;41;13;8;1;good
DEBB021;"'2019-01-07 20:00'";10;41;11;9;1;good
DEBB021;"'2019-01-07 21:00'";7;43;9;7;1;good
DEBB021;"'2019-01-07 22:00'";11;39;10;9;1;good
DEBB021;"'2019-01-07 23:00'";13;41;8;11;1;good
DEBB021;"'2019-01-07 24:00'";10;42;7;9;1;good
DEBB021;"'2019-01-08 01:00'";8;41;7;7;1;good
DEBB021;"'2019-01-08 02:00'";6;40;7;5;1;good
DEBB021;"'2019-01-08 03:00'";5;39;6;4;1;good
DEBB021;"'2019-01-08 04:00'";5;36;9;4;1;good
DEBB021;"'2019-01-08 05:00'";5;35;10;4;1;good
DEBB021;"'2019-01-08 06:00'";5;44;10;4;1;good
DEBB021;"'2019-01-08 07:00'";6;48;13;4;1;good
DEBB021;"'2019-01-08 08:00'";6;56;12;5;1;good
DEBB021;"'2019-01-08 09:00'";5;60;10;4;1;good
DEBB021;"'2019-01-08 10:00'";4;62;10;3;1;good
DEBB021;"'2019-01-08 11:00'";4;63;10;3;1;good
DEBB021;"'2019-01-08 12:00'";3;66;9;3;1;good
DEBB021;"'2019-01-08 13:00'";2;68;7;2;1;good
DEBB021;"'2019-01-08 14:00'";3;67;6;2;1;good
DEBB021;"'2019-01-08 15:00'";2;66;6;1;1;good
DEBB021;"'2019-01-08 16:00'";4;66;7;3;1;good
DEBB021;"'2019-01-08 17:00'";7;69;7;5;1;good
DEBB021;"'2019-01-08 18:00'";5;70;5;4;1;good
DEBB021;"'2019-01-08 19:00'";3;59;6;2;1;good
DEBB021;"'2019-01-08 20:00'";3;52;5;2;1;good
DEBB021;"'2019-01-08 21:00'";2;51;5;2;1;good
DEBB021;"'2019-01-08 22:00'";2;52;2;2;1;good
DEBB021;"'2019-01-08 23:00'";2;53;2;2;1;good
DEBB021;"'2019-01-08 24:00'";0.9;55;2;0.8;1;good
DEBB021;"'2019-01-09 01:00'";0.9;57;2;0.8;1;good
DEBB021;"'2019-01-09 02:00'";0.9;60;2;0.8;1;good
DEBB021;"'2019-01-09 03:00'";0.9;62;2;0.8;1;good
DEBB021;"'2019-01-09 04:00'";0.9;64;2;0.8;1;good
DEBB021;"'2019-01-09 05:00'";0.9;64;2;0.8;1;good
DEBB021;"'2019-01-09 06:00'";0.9;64;2;0.8;1;good
DEBB021;"'2019-01-09 07:00'";0.9;63;3;0.8;1;good
DEBB021;"'2019-01-09 08:00'";0.9;61;5;0.8;1;good
DEBB021;"'2019-01-09 09:00'";0.9;60;6;0.8;1;good
DEBB021;"'2019-01-09 10:00'";0.9;58;6;0.8;1;good
DEBB021;"'2019-01-09 11:00'";0.9;56;8;0.8;1;good
DEBB021;"'2019-01-09 12:00'";0.9;55;8;0.8;1;good
DEBB021;"'2019-01-09 13:00'";0.9;54;8;0.8;1;good
DEBB021;"'2019-01-09 14:00'";0.9;54;7;0.8;1;good
DEBB021;"'2019-01-09 15:00'";0.9;54;7;0.8;1;good
DEBB021;"'2019-01-09 16:00'";0.9;55;8;0.8;1;good
DEBB021;"'2019-01-09 17:00'";0.9;54;9;0.8;1;good
DEBB021;"'2019-01-09 18:00'";0.9;55;8;0.8;1;good
DEBB021;"'2019-01-09 19:00'";0.9;54;7;0.8;1;good
DEBB021;"'2019-01-09 20:00'";1;51;7;1;1;good
DEBB021;"'2019-01-09 21:00'";2;51;5;2;1;good
DEBB021;"'2019-01-09 22:00'";2;57;2;1;1;good
DEBB021;"'2019-01-09 23:00'";2;62;2;1;1;good
DEBB021;"'2019-01-09 24:00'";0.9;64;2;0.8;1;good
DEBB021;"'2019-01-10 01:00'";0.9;65;2;0.8;1;good
DEBB021;"'2019-01-10 02:00'";0.9;65;2;0.8;1;good
DEBB021;"'2019-01-10 03:00'";0.9;65;2;0.8;1;good
DEBB021;"'2019-01-10 04:00'";1;65;2;0.8;1;good
DEBB021;"'2019-01-10 05:00'";2;63;2;2;1;good
DEBB021;"'2019-01-10 06:00'";2;63;3;1;1;good
DEBB021;"'2019-01-10 07:00'";2;59;6;2;1;good
DEBB021;"'2019-01-10 08:00'";2;53;12;2;1;good
DEBB021;"'2019-01-10 09:00'";3;51;15;2;1;good
DEBB021;"'2019-01-10 10:00'";3;49;14;2;1;good
DEBB021;"'2019-01-10 11:00'";2;55;10;2;1;good
DEBB021;"'2019-01-10 12:00'";3;59;8;2;1;good
DEBB021;"'2019-01-10 13:00'";2;60;9;2;1;good
DEBB021;"'2019-01-10 14:00'";3;63;8;2;1;good
DEBB021;"'2019-01-10 15:00'";2;64;8;0.8;1;good
DEBB021;"'2019-01-10 16:00'";3;59;12;1;1;good
DEBB021;"'2019-01-10 17:00'";3;52;17;2;1;good
DEBB021;"'2019-01-10 18:00'";6;47;20;5;1;good
DEBB021;"'2019-01-10 19:00'";8;45;16;6;1;good
DEBB021;"'2019-01-10 20:00'";8;45;16;7;1;good
DEBB021;"'2019-01-10 21:00'";7;49;12;6;1;good
DEBB021;"'2019-01-10 22:00'";6;49;9;5;1;good
DEBB021;"'2019-01-10 23:00'";6;47;11;6;1;good
DEBB021;"'2019-01-10 24:00'";7;50;8;6;1;good
DEBB021;"'2019-01-11 01:00'";8;45;9;7;1;good
DEBB021;"'2019-01-11 02:00'";11;41;11;10;1;good
DEBB021;"'2019-01-11 03:00'";17;34;15;14;1;good
DEBB021;"'2019-01-11 04:00'";20;29;18;17;1;moderate
DEBB021;"'2019-01-11 05:00'";22;25;20;19;1;moderate
DEBB021;"'2019-01-11 06:00'";20;32;14;17;1;moderate
DEBB021;"'2019-01-11 07:00'";16;37;15;14;1;good
DEBB021;"'2019-01-11 08:00'";13;36;17;11;1;good
DEBB021;"'2019-01-11 09:00'";10;39;17;8;1;good
DEBB021;"'2019-01-11 10:00'";10;35;22;9;1;good
DEBB021;"'2019-01-11 11:00'";11;29;23;10;1;good
DEBB021;"'2019-01-11 12:00'";16;26;24;13;1;good
DEBB021;"'2019-01-11 13:00'";12;24;27;11;1;good
DEBB021;"'2019-01-11 14:00'";10;26;24;9;1;good
DEBB021;"'2019-01-11 15:00'";9;26;25;8;1;good
DEBB021;"'2019-01-11 16:00'";9;27;26;8;1;good
DEBB021;"'2019-01-11 17:00'";8;31;20;7;1;good
DEBB021;"'2019-01-11 18:00'";10;36;17;9;1;good
DEBB021;"'2019-01-11 19:00'";10;42;15;9;1;good
DEBB021;"'2019-01-11 20:00'";10;53;10;8;1;good
DEBB021;"'2019-01-11 21:00'";10;61;7;8;1;good
DEBB021;"'2019-01-11 22:00'";11;62;6;9;1;good
DEBB021;"'2019-01-11 23:00'";14;60;6;10;1;good
DEBB021;"'2019-01-11 24:00'";16;61;5;12;1;good
DEBB021;"'2019-01-12 01:00'";18;63;2;13;1;good
DEBB021;"'2019-01-12 02:00'";19;71;2;14;1;good
DEBB021;"'2019-01-12 03:00'";19;75;2;14;1;moderate
DEBB021;"'2019-01-12 04:00'";22;73;2;15;1;moderate
DEBB021;"'2019-01-12 05:00'";20;75;2;14;1;moderate
DEBB021;"'2019-01-12 06:00'";20;75;3;13;1;moderate
DEBB021;"'2019-01-12 07:00'";18;74;3;12;1;moderate
DEBB021;"'2019-01-12 08:00'";18;71;5;12;1;good
DEBB021;"'2019-01-12 09:00'";17;65;8;12;1;good
DEBB021;"'2019-01-12 10:00'";14;62;9;10;1;good
DEBB021;"'2019-01-12 11:00'";5;60;7;4;1;good
DEBB021;"'2019-01-12 12:00'";3;64;5;3;1;good
DEBB021;"'2019-01-12 13:00'";4;65;5;3;1;good
DEBB021;"'2019-01-12 14:00'";5;65;7;4;1;good
DEBB021;"'2019-01-12 15:00'";6;62;10;6;1;good
DEBB021;"'2019-01-12 16:00'";6;55;14;5;1;good
DEBB021;"'2019-01-12 17:00'";6;52;12;5;1;good
DEBB021;"'2019-01-12 18:00'";6;46;14;5;1;good
DEBB021;"'2019-01-12 19:00'";11;41;14;10;1;good
DEBB021;"'2019-01-12 20:00'";15;38;15;13;1;good
DEBB021;"'2019-01-12 21:00'";10;42;12;9;1;good
DEBB021;"'2019-01-12 22:00'";8;50;7;7;1;good
DEBB021;"'2019-01-12 23:00'";7;56;5;6;1;good
DEBB021;"'2019-01-12 24:00'";5;60;2;4;1;good
DEBB021;"'2019-01-13 01:00'";4;64;2;3;1;good
DEBB021;"'2019-01-13 02:00'";3;65;2;3;1;good
DEBB021;"'2019-01-13 03:00'";1;68;2;0.8;1;good
DEBB021;"'2019-01-13 04:00'";0.9;66;2;0.8;1;good
DEBB021;"'2019-01-13 05:00'";1;65;2;0.8;1;good
DEBB021;"'2019-01-13 06:00'";2;64;2;1;1;good
DEBB021;"'2019-01-13 07:00'";1;65;2;0.8;1;good
DEBB021;"'2019-01-13 08:00'";3;65;2;2;1;good
DEBB021;"'2019-01-13 09:00'";3;65;2;2;1;good
DEBB021;"'2019-01-13 10:00'";4;61;3;4;1;good
DEBB021;"'2019-01-13 11:00'";4;61;5;4;1;good
DEBB021;"'2019-01-13 12:00'";4;61;5;3;1;good
DEBB021;"'2019-01-13 13:00'";2;60;5;2;1;good
DEBB021;"'2019-01-13 14:00'";0.9;54;7;0.8;1;good
DEBB021;"'2019-01-13 15:00'";3;49;8;2;1;good
DEBB021;"'2019-01-13 16:00'";2;47;8;2;1;good
DEBB021;"'2019-01-13 17:00'";1;53;6;0.8;1;good
DEBB021;"'2019-01-13 18:00'";2;56;7;1;1;good
DEBB021;"'2019-01-13 19:00'";3;58;6;2;1;good
DEBB021;"'2019-01-13 20:00'";3;73;3;2;1;moderate
DEBB021;"'2019-01-13 21:00'";3;78;2;2;1;moderate
DEBB021;"'2019-01-13 22:00'";4;78;2;3;1;moderate
DEBB021;"'2019-01-13 23:00'";4;78;2;4;1;moderate
DEBB021;"'2019-01-13 24:00'";4;78;2;3;1;moderate
DEBB021;"'2019-01-14 01:00'";4;77;2;3;1;moderate
DEBB021;"'2019-01-14 02:00'";7;75;2;5;1;moderate
DEBB021;"'2019-01-14 03:00'";8;74;2;6;1;moderate
DEBB021;"'2019-01-14 04:00'";9;73;2;7;1;moderate
DEBB021;"'2019-01-14 05:00'";9;73;2;7;1;moderate
DEBB021;"'2019-01-14 06:00'";7;74;2;5;1;moderate
DEBB021;"'2019-01-14 07:00'";7;73;2;5;1;moderate
DEBB021;"'2019-01-14 08:00'";6;71;6;4;1;good
DEBB021;"'2019-01-14 09:00'";6;71;8;4;1;good
DEBB021;"'2019-01-14 10:00'";6;73;5;4;1;moderate
DEBB021;"'2019-01-14 11:00'";6;73;5;4;1;moderate
DEBB021;"'2019-01-14 12:00'";6;75;3;4;1;moderate
DEBB021;"'2019-01-14 13:00'";4;-;2;3;-;"very good"
DEBB021;"'2019-01-14 14:00'";5;72;4;3;1;good
DEBB021;"'2019-01-14 15:00'";4;72;4;2;1;good
DEBB021;"'2019-01-14 16:00'";3;71;5;2;1;good
DEBB021;"'2019-01-14 17:00'";4;67;8;2;1;good
DEBB021;"'2019-01-14 18:00'";4;64;9;3;1;good
DEBB021;"'2019-01-14 19:00'";5;67;7;4;1;good
DEBB021;"'2019-01-14 20:00'";8;66;6;5;1;good
DEBB021;"'2019-01-14 21:00'";8;66;6;5;1;good
DEBB021;"'2019-01-14 22:00'";7;67;3;5;1;good
DEBB021;"'2019-01-14 23:00'";7;68;2;5;1;good
DEBB021;"'2019-01-14 24:00'";7;68;2;5;1;good
DEBB021;"'2019-01-15 01:00'";7;70;2;5;1;good
DEBB021;"'2019-01-15 02:00'";8;70;2;6;1;good
DEBB021;"'2019-01-15 03:00'";8;70;2;6;1;good
DEBB021;"'2019-01-15 04:00'";8;68;2;6;1;good
DEBB021;"'2019-01-15 05:00'";8;66;2;6;1;good
DEBB021;"'2019-01-15 06:00'";8;66;4;6;1;good
DEBB021;"'2019-01-15 07:00'";8;64;5;6;1;good
DEBB021;"'2019-01-15 08:00'";7;62;7;5;1;good
DEBB021;"'2019-01-15 09:00'";6;61;7;4;1;good
DEBB021;"'2019-01-15 10:00'";5;59;8;4;1;good
DEBB021;"'2019-01-15 11:00'";5;53;11;4;1;good
DEBB021;"'2019-01-15 12:00'";7;49;12;6;1;good
DEBB021;"'2019-01-15 13:00'";12;47;12;10;1;good
DEBB021;"'2019-01-15 14:00'";15;42;13;13;1;good
DEBB021;"'2019-01-15 15:00'";17;39;15;15;1;good
DEBB021;"'2019-01-15 16:00'";17;39;15;15;1;good
DEBB021;"'2019-01-15 17:00'";18;41;15;16;1;moderate
DEBB021;"'2019-01-15 18:00'";18;41;15;16;1;moderate
DEBB021;"'2019-01-15 19:00'";17;42;14;15;1;good
DEBB021;"'2019-01-15 20:00'";17;43;13;15;1;good
DEBB021;"'2019-01-15 21:00'";18;41;13;16;1;moderate
DEBB021;"'2019-01-15 22:00'";16;40;12;14;1;good
DEBB021;"'2019-01-15 23:00'";14;40;12;12;1;good
DEBB021;"'2019-01-15 24:00'";15;39;11;14;1;good
DEBB021;"'2019-01-16 01:00'";14;38;12;13;1;good
DEBB021;"'2019-01-16 02:00'";12;39;10;10;1;good
DEBB021;"'2019-01-16 03:00'";11;41;9;9;1;good
DEBB021;"'2019-01-16 04:00'";12;44;8;10;1;good
DEBB021;"'2019-01-16 05:00'";16;42;9;15;1;good
DEBB021;"'2019-01-16 06:00'";20;46;8;17;1;moderate
DEBB021;"'2019-01-16 07:00'";17;49;11;15;1;good
DEBB021;"'2019-01-16 08:00'";18;42;15;16;1;moderate
DEBB021;"'2019-01-16 09:00'";16;41;17;13;1;good
DEBB021;"'2019-01-16 10:00'";14;42;16;12;1;good
DEBB021;"'2019-01-16 11:00'";11;43;-;9;1;good
DEBB021;"'2019-01-16 12:00'";10;40;-;8;1;good
DEBB021;"'2019-01-16 13:00'";9;43;15;7;1;good
DEBB021;"'2019-01-16 14:00'";7;46;12;5;1;good
DEBB021;"'2019-01-16 15:00'";6;44;12;5;1;good
DEBB021;"'2019-01-16 16:00'";6;43;14;5;1;good
DEBB021;"'2019-01-16 17:00'";7;45;14;6;1;good
DEBB021;"'2019-01-16 18:00'";8;46;13;7;1;good
DEBB021;"'2019-01-16 19:00'";10;48;12;8;1;good
DEBB021;"'2019-01-16 20:00'";12;48;11;10;1;good
DEBB021;"'2019-01-16 21:00'";13;48;10;11;1;good
DEBB021;"'2019-01-16 22:00'";14;46;11;12;1;good
DEBB021;"'2019-01-16 23:00'";14;42;13;12;1;good
DEBB021;"'2019-01-16 24:00'";15;39;14;12;1;good
DEBB021;"'2019-01-17 01:00'";14;40;12;12;1;good
DEBB021;"'2019-01-17 02:00'";13;42;10;11;1;good
DEBB021;"'2019-01-17 03:00'";12;46;8;10;1;good
DEBB021;"'2019-01-17 04:00'";12;46;8;10;1;good
DEBB021;"'2019-01-17 05:00'";12;44;8;10;1;good
DEBB021;"'2019-01-17 06:00'";12;43;10;10;1;good
DEBB021;"'2019-01-17 07:00'";11;42;14;9;1;good
DEBB021;"'2019-01-17 08:00'";9;42;15;7;1;good
DEBB021;"'2019-01-17 09:00'";8;41;15;7;1;good
DEBB021;"'2019-01-17 10:00'";7;42;14;6;1;good
DEBB021;"'2019-01-17 11:00'";7;46;13;6;1;good
DEBB021;"'2019-01-17 12:00'";9;49;14;7;1;good
DEBB021;"'2019-01-17 13:00'";8;51;13;6;1;good
DEBB021;"'2019-01-17 14:00'";7;55;10;5;1;good
DEBB021;"'2019-01-17 15:00'";7;55;12;5;1;good
DEBB021;"'2019-01-17 16:00'";6;50;13;5;1;good
DEBB021;"'2019-01-17 17:00'";6;43;18;4;1;good
DEBB021;"'2019-01-17 18:00'";6;45;16;4;1;good
DEBB021;"'2019-01-17 19:00'";5;58;15;4;1;good
DEBB021;"'2019-01-17 20:00'";5;57;17;4;1;good
DEBB021;"'2019-01-17 21:00'";8;50;20;7;1;good
DEBB021;"'2019-01-17 22:00'";7;55;9;6;1;good
DEBB021;"'2019-01-17 23:00'";7;59;8;6;1;good
DEBB021;"'2019-01-17 24:00'";6;62;7;5;1;good
DEBB021;"'2019-01-18 01:00'";5;64;6;5;1;good
DEBB021;"'2019-01-18 02:00'";4;68;3;3;1;good
DEBB021;"'2019-01-18 03:00'";0.9;67;2;0.8;1;good
DEBB021;"'2019-01-18 04:00'";2;67;2;1;1;good
DEBB021;"'2019-01-18 05:00'";2;64;3;0.8;1;good
DEBB021;"'2019-01-18 06:00'";3;60;5;2;1;good
DEBB021;"'2019-01-18 07:00'";3;60;7;2;1;good
DEBB021;"'2019-01-18 08:00'";2;59;13;1;1;good
DEBB021;"'2019-01-18 09:00'";3;54;14;2;1;good
DEBB021;"'2019-01-18 10:00'";5;52;-;4;1;good
DEBB021;"'2019-01-18 11:00'";6;51;12;5;1;good
DEBB021;"'2019-01-18 12:00'";7;54;10;5;1;good
DEBB021;"'2019-01-18 13:00'";8;57;10;5;1;good
DEBB021;"'2019-01-18 14:00'";6;57;10;4;1;good
DEBB021;"'2019-01-18 15:00'";8;54;13;5;1;good
DEBB021;"'2019-01-18 16:00'";11;45;26;6;1;good
DEBB021;"'2019-01-18 17:00'";8;41;25;5;1;good
DEBB021;"'2019-01-18 18:00'";8;41;23;5;1;good
DEBB021;"'2019-01-18 19:00'";8;40;25;6;1;good
DEBB021;"'2019-01-18 20:00'";9;39;23;7;1;good
DEBB021;"'2019-01-18 21:00'";11;39;20;8;1;good
DEBB021;"'2019-01-18 22:00'";12;34;21;9;1;good
DEBB021;"'2019-01-18 23:00'";13;44;14;11;1;good
DEBB021;"'2019-01-18 24:00'";12;52;9;10;1;good
DEBB021;"'2019-01-19 01:00'";12;48;10;10;1;good
DEBB021;"'2019-01-19 02:00'";11;51;8;9;1;good
DEBB021;"'2019-01-19 03:00'";11;52;7;9;1;good
DEBB021;"'2019-01-19 04:00'";11;58;5;9;1;good
DEBB021;"'2019-01-19 05:00'";13;55;6;11;1;good
DEBB021;"'2019-01-19 06:00'";16;48;9;13;1;good
DEBB021;"'2019-01-19 07:00'";15;32;18;12;1;good
DEBB021;"'2019-01-19 08:00'";15;16;23;13;1;good
DEBB021;"'2019-01-19 09:00'";17;13;25;13;1;good
DEBB021;"'2019-01-19 10:00'";17;18;22;14;1;good
DEBB021;"'2019-01-19 11:00'";21;20;23;17;1;moderate
DEBB021;"'2019-01-19 12:00'";25;23;25;20;1;moderate
DEBB021;"'2019-01-19 13:00'";25;31;21;19;1;moderate
DEBB021;"'2019-01-19 14:00'";24;36;19;18;1;moderate
DEBB021;"'2019-01-19 15:00'";24;32;22;18;1;moderate
DEBB021;"'2019-01-19 16:00'";29;32;21;22;1;moderate
DEBB021;"'2019-01-19 17:00'";29;23;28;23;1;moderate
DEBB021;"'2019-01-19 18:00'";34;4;51;27;1;moderate
DEBB021;"'2019-01-19 19:00'";39;2;49;32;1;poor
DEBB021;"'2019-01-19 20:00'";43;2;50;37;1;poor
DEBB021;"'2019-01-19 21:00'";36;2;50;31;1;poor
DEBB021;"'2019-01-19 22:00'";34;3;46;29;1;moderate
DEBB021;"'2019-01-19 23:00'";32;7;41;27;1;moderate
DEBB021;"'2019-01-19 24:00'";32;9;37;28;1;moderate
DEBB021;"'2019-01-20 01:00'";30;14;30;26;1;moderate
DEBB021;"'2019-01-20 02:00'";31;11;32;26;1;moderate
DEBB021;"'2019-01-20 03:00'";31;5;38;27;1;moderate
DEBB021;"'2019-01-20 04:00'";33;6;35;28;1;moderate
DEBB021;"'2019-01-20 05:00'";32;5;36;28;1;moderate
DEBB021;"'2019-01-20 06:00'";32;4;35;28;1;moderate
DEBB021;"'2019-01-20 07:00'";32;2;38;28;1;moderate
DEBB021;"'2019-01-20 08:00'";34;2;37;30;1;moderate
DEBB021;"'2019-01-20 09:00'";36;3;34;31;1;poor
DEBB021;"'2019-01-20 10:00'";40;10;29;35;1;poor
DEBB021;"'2019-01-20 11:00'";43;14;30;38;1;poor
DEBB021;"'2019-01-20 12:00'";43;16;32;37;1;poor
DEBB021;"'2019-01-20 13:00'";39;26;30;34;1;poor
DEBB021;"'2019-01-20 14:00'";32;37;24;28;1;moderate
DEBB021;"'2019-01-20 15:00'";31;38;25;26;1;moderate
DEBB021;"'2019-01-20 16:00'";32;28;36;27;2;moderate
DEBB021;"'2019-01-20 17:00'";40;12;41;35;1;poor
DEBB021;"'2019-01-20 18:00'";38;15;31;33;1;poor
DEBB021;"'2019-01-20 19:00'";39;14;33;34;1;poor
DEBB021;"'2019-01-20 20:00'";37;12;40;33;1;poor
DEBB021;"'2019-01-20 21:00'";38;14;40;33;1;poor
DEBB021;"'2019-01-20 22:00'";40;12;41;35;1;poor
DEBB021;"'2019-01-20 23:00'";38;13;40;33;1;poor
DEBB021;"'2019-01-20 24:00'";37;16;37;32;1;poor
DEBB021;"'2019-01-21 01:00'";35;17;33;31;1;poor
DEBB021;"'2019-01-21 02:00'";32;21;29;28;1;moderate
DEBB021;"'2019-01-21 03:00'";30;24;25;27;1;moderate
DEBB021;"'2019-01-21 04:00'";29;26;22;25;1;moderate
DEBB021;"'2019-01-21 05:00'";28;28;20;25;1;moderate
DEBB021;"'2019-01-21 06:00'";29;25;22;26;1;moderate
DEBB021;"'2019-01-21 07:00'";30;21;26;26;1;moderate
DEBB021;"'2019-01-21 08:00'";30;19;28;26;1;moderate
DEBB021;"'2019-01-21 09:00'";31;21;26;27;1;moderate
DEBB021;"'2019-01-21 10:00'";31;21;25;27;1;moderate
DEBB021;"'2019-01-21 11:00'";31;26;18;28;1;moderate
DEBB021;"'2019-01-21 12:00'";33;28;18;29;2;moderate
DEBB021;"'2019-01-21 13:00'";34;30;16;30;1;moderate
DEBB021;"'2019-01-21 14:00'";34;30;17;29;1;moderate
DEBB021;"'2019-01-21 15:00'";34;30;18;30;1;moderate
DEBB021;"'2019-01-21 16:00'";34;28;22;29;1;moderate
DEBB021;"'2019-01-21 17:00'";37;20;27;33;1;poor
DEBB021;"'2019-01-21 18:00'";40;17;29;35;1;poor
DEBB021;"'2019-01-21 19:00'";40;19;27;35;1;poor
DEBB021;"'2019-01-21 20:00'";42;16;27;37;1;poor
DEBB021;"'2019-01-21 21:00'";42;14;28;37;1;poor
DEBB021;"'2019-01-21 22:00'";43;13;30;38;1;poor
DEBB021;"'2019-01-21 23:00'";44;10;34;39;1;poor
DEBB021;"'2019-01-21 24:00'";43;9;37;39;1;poor
DEBB021;"'2019-01-22 01:00'";42;8;39;37;1;poor
DEBB021;"'2019-01-22 02:00'";42;7;39;37;1;poor
DEBB021;"'2019-01-22 03:00'";43;3;40;38;1;poor
DEBB021;"'2019-01-22 04:00'";43;2;40;38;1;poor
DEBB021;"'2019-01-22 05:00'";42;2;38;37;1;poor
DEBB021;"'2019-01-22 06:00'";42;2;38;37;1;poor
DEBB021;"'2019-01-22 07:00'";43;2;37;38;1;poor
DEBB021;"'2019-01-22 08:00'";44;2;39;39;1;poor
DEBB021;"'2019-01-22 09:00'";46;2;39;40;1;poor
DEBB021;"'2019-01-22 10:00'";46;7;35;40;1;poor
DEBB021;"'2019-01-22 11:00'";47;8;34;40;1;poor
DEBB021;"'2019-01-22 12:00'";44;17;27;37;1;poor
DEBB021;"'2019-01-22 13:00'";41;24;24;35;1;poor
DEBB021;"'2019-01-22 14:00'";35;31;21;30;1;moderate
DEBB021;"'2019-01-22 15:00'";29;39;21;24;3;moderate
DEBB021;"'2019-01-22 16:00'";28;39;21;24;1;moderate
DEBB021;"'2019-01-22 17:00'";31;30;33;26;1;moderate
DEBB021;"'2019-01-22 18:00'";37;20;45;31;1;poor
DEBB021;"'2019-01-22 19:00'";38;15;48;32;1;poor
DEBB021;"'2019-01-22 20:00'";39;13;49;34;1;poor
DEBB021;"'2019-01-22 21:00'";41;20;38;36;1;poor
DEBB021;"'2019-01-22 22:00'";40;27;31;35;1;poor
DEBB021;"'2019-01-22 23:00'";38;31;26;33;1;poor
DEBB021;"'2019-01-22 24:00'";37;34;22;32;1;poor
DEBB021;"'2019-01-23 01:00'";43;30;22;37;1;poor
DEBB021;"'2019-01-23 02:00'";51;27;21;45;1;poor
DEBB021;"'2019-01-23 03:00'";47;26;21;42;2;poor
DEBB021;"'2019-01-23 04:00'";44;28;20;39;3;poor
DEBB021;"'2019-01-23 05:00'";43;27;23;38;3;poor
DEBB021;"'2019-01-23 06:00'";44;23;28;39;3;poor
DEBB021;"'2019-01-23 07:00'";47;21;29;42;2;poor
DEBB021;"'2019-01-23 08:00'";47;22;29;41;3;poor
DEBB021;"'2019-01-23 09:00'";51;21;33;45;3;poor
DEBB021;"'2019-01-23 10:00'";58;22;34;51;3;"very poor"
DEBB021;"'2019-01-23 11:00'";71;24;35;63;4;"very poor"
DEBB021;"'2019-01-23 12:00'";84;25;37;74;5;"very poor"
DEBB021;"'2019-01-23 13:00'";92;27;39;80;6;"very poor"
DEBB021;"'2019-01-23 14:00'";92;29;40;80;6;"very poor"
DEBB021;"'2019-01-23 15:00'";89;24;48;78;6;"very poor"
DEBB021;"'2019-01-23 16:00'";78;23;41;68;2;"very poor"
DEBB021;"'2019-01-23 17:00'";53;27;28;47;1;poor
DEBB021;"'2019-01-23 18:00'";42;35;20;37;1;poor
DEBB021;"'2019-01-23 19:00'";35;40;16;30;1;moderate
DEBB021;"'2019-01-23 20:00'";33;41;16;28;1;moderate
DEBB021;"'2019-01-23 21:00'";32;44;13;28;1;moderate
DEBB021;"'2019-01-23 22:00'";33;44;14;29;1;moderate
DEBB021;"'2019-01-23 23:00'";33;44;13;29;1;moderate
DEBB021;"'2019-01-23 24:00'";33;47;12;29;1;moderate
DEBB021;"'2019-01-24 01:00'";33;48;10;28;4;moderate
DEBB021;"'2019-01-24 02:00'";31;52;9;27;4;moderate
DEBB021;"'2019-01-24 03:00'";32;52;8;28;1;moderate
DEBB021;"'2019-01-24 04:00'";32;52;8;28;1;moderate
DEBB021;"'2019-01-24 05:00'";32;52;9;28;1;moderate
DEBB021;"'2019-01-24 06:00'";33;51;11;28;1;moderate
DEBB021;"'2019-01-24 07:00'";34;48;14;29;1;moderate
DEBB021;"'2019-01-24 08:00'";36;41;18;30;1;moderate
DEBB021;"'2019-01-24 09:00'";35;43;18;29;1;moderate
DEBB021;"'2019-01-24 10:00'";34;44;19;28;1;moderate
DEBB021;"'2019-01-24 11:00'";33;42;20;26;1;moderate
DEBB021;"'2019-01-24 12:00'";33;42;19;26;1;moderate
DEBB021;"'2019-01-24 13:00'";32;43;18;25;1;moderate
DEBB021;"'2019-01-24 14:00'";31;43;18;25;1;moderate
DEBB021;"'2019-01-24 15:00'";38;35;24;29;1;moderate
DEBB021;"'2019-01-24 16:00'";46;24;29;35;1;poor
DEBB021;"'2019-01-24 17:00'";40;30;26;33;1;poor
DEBB021;"'2019-01-24 18:00'";38;29;27;32;1;poor
DEBB021;"'2019-01-24 19:00'";37;33;24;31;1;poor
DEBB021;"'2019-01-24 20:00'";35;36;20;30;1;moderate
DEBB021;"'2019-01-24 21:00'";35;37;18;30;3;moderate
DEBB021;"'2019-01-24 22:00'";35;37;16;31;2;poor
DEBB021;"'2019-01-24 23:00'";35;38;14;30;1;moderate
DEBB021;"'2019-01-24 24:00'";34;41;13;29;1;moderate
DEBB021;"'2019-01-25 01:00'";33;39;13;29;1;moderate
DEBB021;"'2019-01-25 02:00'";33;39;13;28;3;moderate
DEBB021;"'2019-01-25 03:00'";37;36;14;33;1;poor
DEBB021;"'2019-01-25 04:00'";38;36;14;34;1;poor
DEBB021;"'2019-01-25 05:00'";39;33;15;34;1;poor
DEBB021;"'2019-01-25 06:00'";40;27;17;34;1;poor
DEBB021;"'2019-01-25 07:00'";40;23;25;34;1;poor
DEBB021;"'2019-01-25 08:00'";42;19;30;35;1;poor
DEBB021;"'2019-01-25 09:00'";43;17;30;35;1;poor
DEBB021;"'2019-01-25 10:00'";41;20;29;34;1;poor
DEBB021;"'2019-01-25 11:00'";41;23;24;34;1;poor
DEBB021;"'2019-01-25 12:00'";39;32;18;34;1;poor
DEBB021;"'2019-01-25 13:00'";38;36;19;33;1;poor
DEBB021;"'2019-01-25 14:00'";38;35;20;33;1;poor
DEBB021;"'2019-01-25 15:00'";38;35;18;32;1;poor
DEBB021;"'2019-01-25 16:00'";38;34;24;31;1;poor
DEBB021;"'2019-01-25 17:00'";36;35;23;29;1;moderate
DEBB021;"'2019-01-25 18:00'";34;32;26;28;1;moderate
DEBB021;"'2019-01-25 19:00'";39;27;26;33;1;poor
DEBB021;"'2019-01-25 20:00'";40;23;28;34;1;poor
DEBB021;"'2019-01-25 21:00'";32;30;23;27;1;moderate
DEBB021;"'2019-01-25 22:00'";27;32;20;24;1;moderate
DEBB021;"'2019-01-25 23:00'";27;27;23;24;1;moderate
DEBB021;"'2019-01-25 24:00'";27;26;24;23;1;moderate
DEBB021;"'2019-01-26 01:00'";27;26;21;24;1;moderate
DEBB021;"'2019-01-26 02:00'";27;25;21;24;1;moderate
DEBB021;"'2019-01-26 03:00'";29;25;21;26;1;moderate
DEBB021;"'2019-01-26 04:00'";27;26;19;24;1;moderate
DEBB021;"'2019-01-26 05:00'";27;24;19;24;1;moderate
DEBB021;"'2019-01-26 06:00'";26;22;21;23;1;moderate
DEBB021;"'2019-01-26 07:00'";23;21;22;20;1;moderate
DEBB021;"'2019-01-26 08:00'";20;16;26;17;1;moderate
DEBB021;"'2019-01-26 09:00'";21;19;23;17;1;moderate
DEBB021;"'2019-01-26 10:00'";18;19;25;16;1;moderate
DEBB021;"'2019-01-26 11:00'";14;18;28;13;1;good
DEBB021;"'2019-01-26 12:00'";13;25;27;11;1;good
DEBB021;"'2019-01-26 13:00'";9;31;28;8;1;good
DEBB021;"'2019-01-26 14:00'";8;30;30;7;1;good
DEBB021;"'2019-01-26 15:00'";7;24;29;6;1;good
DEBB021;"'2019-01-26 16:00'";5;26;25;5;1;good
DEBB021;"'2019-01-26 17:00'";8;15;32;7;1;moderate
DEBB021;"'2019-01-26 18:00'";10;10;32;9;1;moderate
DEBB021;"'2019-01-26 19:00'";13;5;34;11;1;moderate
DEBB021;"'2019-01-26 20:00'";15;2;36;13;1;moderate
DEBB021;"'2019-01-26 21:00'";16;2;35;14;1;moderate
DEBB021;"'2019-01-26 22:00'";11;11;28;10;1;good
DEBB021;"'2019-01-26 23:00'";11;29;17;9;1;good
DEBB021;"'2019-01-26 24:00'";12;29;16;10;1;good
DEBB021;"'2019-01-27 01:00'";13;34;11;12;1;good
DEBB021;"'2019-01-27 02:00'";11;36;11;10;1;good
DEBB021;"'2019-01-27 03:00'";8;39;9;8;1;good
DEBB021;"'2019-01-27 04:00'";11;36;10;10;1;good
DEBB021;"'2019-01-27 05:00'";10;36;9;8;1;good
DEBB021;"'2019-01-27 06:00'";8;37;8;7;1;good
DEBB021;"'2019-01-27 07:00'";7;38;8;6;1;good
DEBB021;"'2019-01-27 08:00'";8;34;9;7;1;good
DEBB021;"'2019-01-27 09:00'";8;34;10;7;1;good
DEBB021;"'2019-01-27 10:00'";6;38;11;5;1;good
DEBB021;"'2019-01-27 11:00'";5;41;11;4;1;good
DEBB021;"'2019-01-27 12:00'";4;38;18;3;1;good
DEBB021;"'2019-01-27 13:00'";4;45;13;3;1;good
DEBB021;"'2019-01-27 14:00'";4;44;13;3;1;good
DEBB021;"'2019-01-27 15:00'";3;46;12;3;1;good
DEBB021;"'2019-01-27 16:00'";3;45;12;3;1;good
DEBB021;"'2019-01-27 17:00'";4;40;16;3;1;good
DEBB021;"'2019-01-27 18:00'";4;33;20;4;1;good
DEBB021;"'2019-01-27 19:00'";4;38;17;4;1;good
DEBB021;"'2019-01-27 20:00'";5;45;12;5;1;good
DEBB021;"'2019-01-27 21:00'";5;45;11;5;1;good
DEBB021;"'2019-01-27 22:00'";5;45;10;5;1;good
DEBB021;"'2019-01-27 23:00'";5;45;11;4;1;good
DEBB021;"'2019-01-27 24:00'";5;44;9;4;1;good
DEBB021;"'2019-01-28 01:00'";6;44;10;5;1;good
DEBB021;"'2019-01-28 02:00'";7;43;10;6;1;good
DEBB021;"'2019-01-28 03:00'";8;40;10;7;1;good
DEBB021;"'2019-01-28 04:00'";8;48;8;7;1;good
DEBB021;"'2019-01-28 05:00'";5;53;6;5;1;good
DEBB021;"'2019-01-28 06:00'";4;47;12;4;1;good
DEBB021;"'2019-01-28 07:00'";5;42;16;4;1;good
DEBB021;"'2019-01-28 08:00'";7;36;21;6;1;good
DEBB021;"'2019-01-28 09:00'";9;34;22;8;1;good
DEBB021;"'2019-01-28 10:00'";10;33;23;9;1;good
DEBB021;"'2019-01-28 11:00'";10;35;18;9;1;good
DEBB021;"'2019-01-28 12:00'";8;-;-;7;-;good
DEBB021;"'2019-01-28 13:00'";7;37;14;6;1;good
DEBB021;"'2019-01-28 14:00'";5;41;12;4;1;good
DEBB021;"'2019-01-28 15:00'";6;35;19;4;1;good
DEBB021;"'2019-01-28 16:00'";4;35;21;3;1;good
DEBB021;"'2019-01-28 17:00'";3;34;22;2;1;good
DEBB021;"'2019-01-28 18:00'";3;28;26;3;1;good
DEBB021;"'2019-01-28 19:00'";5;29;23;4;1;good
DEBB021;"'2019-01-28 20:00'";8;26;22;7;1;good
DEBB021;"'2019-01-28 21:00'";11;25;22;10;1;good
DEBB021;"'2019-01-28 22:00'";12;21;24;11;1;good
DEBB021;"'2019-01-28 23:00'";17;21;22;14;1;good
DEBB021;"'2019-01-28 24:00'";14;19;18;12;1;good
DEBB021;"'2019-01-29 01:00'";12;24;12;11;1;good
DEBB021;"'2019-01-29 02:00'";9;23;12;8;1;good
DEBB021;"'2019-01-29 03:00'";8;23;11;7;1;good
DEBB021;"'2019-01-29 04:00'";9;33;6;8;1;good
DEBB021;"'2019-01-29 05:00'";11;37;8;10;1;good
DEBB021;"'2019-01-29 06:00'";11;40;8;10;1;good
DEBB021;"'2019-01-29 07:00'";10;38;12;9;1;good
DEBB021;"'2019-01-29 08:00'";11;35;16;9;1;good
DEBB021;"'2019-01-29 09:00'";14;34;18;11;1;good
DEBB021;"'2019-01-29 10:00'";14;37;20;11;1;good
DEBB021;"'2019-01-29 11:00'";14;34;25;11;1;good
DEBB021;"'2019-01-29 12:00'";15;43;17;13;1;good
DEBB021;"'2019-01-29 13:00'";17;47;16;13;1;good
DEBB021;"'2019-01-29 14:00'";15;55;14;12;1;good
DEBB021;"'2019-01-29 15:00'";14;57;13;11;1;good
DEBB021;"'2019-01-29 16:00'";14;43;24;11;1;good
DEBB021;"'2019-01-29 17:00'";15;33;34;11;1;moderate
DEBB021;"'2019-01-29 18:00'";13;36;32;10;1;moderate
DEBB021;"'2019-01-29 19:00'";11;36;28;8;1;good
DEBB021;"'2019-01-29 20:00'";12;32;29;9;1;good
DEBB021;"'2019-01-29 21:00'";13;29;29;10;1;good
DEBB021;"'2019-01-29 22:00'";12;32;23;10;1;good
DEBB021;"'2019-01-29 23:00'";13;35;18;11;1;good
DEBB021;"'2019-01-29 24:00'";13;31;19;11;1;good
DEBB021;"'2019-01-30 01:00'";15;25;22;12;1;good
DEBB021;"'2019-01-30 02:00'";15;21;19;13;1;good
DEBB021;"'2019-01-30 03:00'";16;17;23;14;1;good
DEBB021;"'2019-01-30 04:00'";17;14;24;15;1;good
DEBB021;"'2019-01-30 05:00'";20;9;30;17;1;moderate
DEBB021;"'2019-01-30 06:00'";20;4;34;17;1;moderate
DEBB021;"'2019-01-30 07:00'";23;6;36;20;1;moderate
DEBB021;"'2019-01-30 08:00'";18;2;43;15;1;moderate
DEBB021;"'2019-01-30 09:00'";17;10;40;14;1;moderate
DEBB021;"'2019-01-30 10:00'";17;23;30;14;1;good
DEBB021;"'2019-01-30 11:00'";20;31;26;17;2;moderate
DEBB021;"'2019-01-30 12:00'";18;42;20;15;2;good
DEBB021;"'2019-01-30 13:00'";17;46;17;14;3;good
DEBB021;"'2019-01-30 14:00'";17;51;14;14;1;good
DEBB021;"'2019-01-30 15:00'";22;45;19;18;3;moderate
DEBB021;"'2019-01-30 16:00'";28;40;25;24;5;moderate
DEBB021;"'2019-01-30 17:00'";31;39;27;26;4;moderate
DEBB021;"'2019-01-30 18:00'";25;39;26;22;3;moderate
DEBB021;"'2019-01-30 19:00'";22;44;20;19;3;moderate
DEBB021;"'2019-01-30 20:00'";23;44;18;20;3;moderate
DEBB021;"'2019-01-30 21:00'";26;42;17;23;3;moderate
DEBB021;"'2019-01-30 22:00'";29;38;19;26;3;moderate
DEBB021;"'2019-01-30 23:00'";34;33;22;30;3;moderate
DEBB021;"'2019-01-30 24:00'";36;32;22;32;4;poor
DEBB021;"'2019-01-31 01:00'";37;32;21;33;4;poor
DEBB021;"'2019-01-31 02:00'";37;33;20;33;3;poor
DEBB021;"'2019-01-31 03:00'";35;31;21;31;3;poor
DEBB021;"'2019-01-31 04:00'";34;28;21;30;3;moderate
DEBB021;"'2019-01-31 05:00'";33;25;23;29;2;moderate
DEBB021;"'2019-01-31 06:00'";31;19;28;28;1;moderate
DEBB021;"'2019-01-31 07:00'";30;7;40;26;1;moderate
DEBB021;"'2019-01-31 08:00'";28;2;47;23;1;moderate
DEBB021;"'2019-01-31 09:00'";26;2;52;22;1;moderate
DEBB021;"'2019-01-31 10:00'";24;4;46;20;1;moderate
DEBB021;"'2019-01-31 11:00'";21;15;33;18;1;moderate
DEBB021;"'2019-01-31 12:00'";18;29;21;16;1;moderate
DEBB021;"'2019-01-31 13:00'";18;41;16;14;1;good
DEBB021;"'2019-01-31 14:00'";17;44;17;12;1;good
DEBB021;"'2019-01-31 15:00'";20;41;22;12;1;good
DEBB021;"'2019-01-31 16:00'";18;45;21;10;1;good
DEBB021;"'2019-01-31 17:00'";24;21;48;13;1;moderate
DEBB021;"'2019-01-31 18:00'";26;5;66;16;1;poor
DEBB021;"'2019-01-31 19:00'";25;2;64;19;1;poor
DEBB021;"'2019-01-31 20:00'";25;2;64;21;1;poor
DEBB021;"'2019-01-31 21:00'";26;4;55;22;1;moderate
DEBB021;"'2019-01-31 22:00'";33;8;44;29;1;moderate
DEBB021;"'2019-01-31 23:00'";39;9;37;34;1;poor
DEBB021;"'2019-01-31 24:00'";43;12;31;38;1;poor
DEBB021;"'2019-02-01 01:00'";44;16;27;39;1;poor
DEBB021;"'2019-02-01 02:00'";45;19;23;40;1;poor
DEBB021;"'2019-02-01 03:00'";47;18;25;41;1;poor
DEBB021;"'2019-02-01 04:00'";49;13;27;43;1;poor
DEBB021;"'2019-02-01 05:00'";52;13;28;46;1;poor
DEBB021;"'2019-02-01 06:00'";52;11;31;46;1;poor
DEBB021;"'2019-02-01 07:00'";52;10;34;46;1;poor
DEBB021;"'2019-02-01 08:00'";50;9;38;44;1;poor
DEBB021;"'2019-02-01 09:00'";50;11;37;44;1;poor
DEBB021;"'2019-02-01 10:00'";47;19;31;42;1;poor
DEBB021;"'2019-02-01 11:00'";44;22;31;39;1;poor
DEBB021;"'2019-02-01 12:00'";40;23;33;35;3;poor
DEBB021;"'2019-02-01 13:00'";34;29;29;30;2;moderate
DEBB021;"'2019-02-01 14:00'";32;32;26;26;1;moderate
DEBB021;"'2019-02-01 15:00'";29;32;27;24;1;moderate
DEBB021;"'2019-02-01 16:00'";28;31;29;23;1;moderate
DEBB021;"'2019-02-01 17:00'";29;25;33;23;1;moderate
DEBB021;"'2019-02-01 18:00'";28;17;40;23;1;moderate
DEBB021;"'2019-02-01 19:00'";29;16;39;25;1;moderate
DEBB021;"'2019-02-01 20:00'";31;18;37;27;1;moderate
DEBB021;"'2019-02-01 21:00'";34;19;33;30;1;moderate
DEBB021;"'2019-02-01 22:00'";36;19;30;31;1;poor
DEBB021;"'2019-02-01 23:00'";37;21;28;33;1;poor
DEBB021;"'2019-02-01 24:00'";38;22;26;33;1;poor
DEBB021;"'2019-02-02 01:00'";40;15;35;35;3;poor
DEBB021;"'2019-02-02 02:00'";42;14;35;37;3;poor
DEBB021;"'2019-02-02 03:00'";42;11;37;37;2;poor
DEBB021;"'2019-02-02 04:00'";42;8;37;37;1;poor
DEBB021;"'2019-02-02 05:00'";50;13;31;45;1;poor
DEBB021;"'2019-02-02 06:00'";57;13;27;51;1;"very poor"
DEBB021;"'2019-02-02 07:00'";59;11;28;53;1;"very poor"
DEBB021;"'2019-02-02 08:00'";61;8;32;54;1;"very poor"
DEBB021;"'2019-02-02 09:00'";61;8;32;54;1;"very poor"
DEBB021;"'2019-02-02 10:00'";62;6;32;54;1;"very poor"
DEBB021;"'2019-02-02 11:00'";62;11;25;54;1;"very poor"
DEBB021;"'2019-02-02 12:00'";61;13;22;54;1;"very poor"
DEBB021;"'2019-02-02 13:00'";61;13;22;53;1;"very poor"
DEBB021;"'2019-02-02 14:00'";69;11;25;55;1;"very poor"
DEBB021;"'2019-02-02 15:00'";62;11;24;51;1;"very poor"
DEBB021;"'2019-02-02 16:00'";59;14;22;52;1;"very poor"
DEBB021;"'2019-02-02 17:00'";57;13;21;51;1;"very poor"
DEBB021;"'2019-02-02 18:00'";51;10;23;46;1;poor
DEBB021;"'2019-02-02 19:00'";48;12;22;43;1;poor
DEBB021;"'2019-02-02 20:00'";43;15;18;39;1;poor
DEBB021;"'2019-02-02 21:00'";41;16;18;36;1;poor
DEBB021;"'2019-02-02 22:00'";47;15;17;42;1;poor
DEBB021;"'2019-02-02 23:00'";40;21;16;36;1;poor
DEBB021;"'2019-02-02 24:00'";30;27;12;27;1;moderate
DEBB021;"'2019-02-03 01:00'";32;28;10;29;1;moderate
DEBB021;"'2019-02-03 02:00'";32;28;11;28;1;moderate
DEBB021;"'2019-02-03 03:00'";35;28;12;31;1;poor
DEBB021;"'2019-02-03 04:00'";33;31;10;30;1;moderate
DEBB021;"'2019-02-03 05:00'";37;31;9;33;1;poor
DEBB021;"'2019-02-03 06:00'";42;28;11;36;1;poor
DEBB021;"'2019-02-03 07:00'";59;26;11;41;1;poor
DEBB021;"'2019-02-03 08:00'";57;26;10;39;1;poor
DEBB021;"'2019-02-03 09:00'";51;25;11;36;1;poor
DEBB021;"'2019-02-03 10:00'";37;24;11;30;1;moderate
DEBB021;"'2019-02-03 11:00'";36;27;10;27;1;moderate
DEBB021;"'2019-02-03 12:00'";29;29;10;22;1;moderate
DEBB021;"'2019-02-03 13:00'";25;31;9;22;1;moderate
DEBB021;"'2019-02-03 14:00'";24;33;10;21;1;moderate
DEBB021;"'2019-02-03 15:00'";21;36;10;18;1;moderate
DEBB021;"'2019-02-03 16:00'";20;41;9;18;1;moderate
DEBB021;"'2019-02-03 17:00'";20;43;9;17;1;moderate
DEBB021;"'2019-02-03 18:00'";19;43;9;17;1;moderate
DEBB021;"'2019-02-03 19:00'";19;40;10;17;1;moderate
DEBB021;"'2019-02-03 20:00'";19;34;11;17;1;moderate
DEBB021;"'2019-02-03 21:00'";13;36;8;12;1;good
DEBB021;"'2019-02-03 22:00'";10;40;7;8;1;good
DEBB021;"'2019-02-03 23:00'";9;38;8;8;1;good
DEBB021;"'2019-02-03 24:00'";10;37;7;9;1;good
DEBB021;"'2019-02-04 01:00'";11;34;8;10;1;good
DEBB021;"'2019-02-04 02:00'";13;30;12;11;1;good
DEBB021;"'2019-02-04 03:00'";14;29;14;12;1;good
DEBB021;"'2019-02-04 04:00'";13;30;12;11;1;good
DEBB021;"'2019-02-04 05:00'";12;29;14;10;1;good
DEBB021;"'2019-02-04 06:00'";12;29;18;10;1;good
DEBB021;"'2019-02-04 07:00'";15;14;32;12;1;moderate
DEBB021;"'2019-02-04 08:00'";17;8;41;14;1;moderate
DEBB021;"'2019-02-04 09:00'";22;8;41;17;1;moderate
DEBB021;"'2019-02-04 10:00'";20;19;34;15;1;moderate
DEBB021;"'2019-02-04 11:00'";16;32;21;13;1;good
DEBB021;"'2019-02-04 12:00'";11;40;19;9;1;good
DEBB021;"'2019-02-04 13:00'";9;53;12;7;1;good
DEBB021;"'2019-02-04 14:00'";11;59;11;8;1;good
DEBB021;"'2019-02-04 15:00'";15;54;14;10;1;good
DEBB021;"'2019-02-04 16:00'";17;49;15;13;1;good
DEBB021;"'2019-02-04 17:00'";18;41;22;14;1;good
DEBB021;"'2019-02-04 18:00'";19;21;37;15;1;moderate
DEBB021;"'2019-02-04 19:00'";18;28;31;15;1;moderate
DEBB021;"'2019-02-04 20:00'";16;37;23;13;1;good
DEBB021;"'2019-02-04 21:00'";15;38;20;13;1;good
DEBB021;"'2019-02-04 22:00'";15;39;17;13;1;good
DEBB021;"'2019-02-04 23:00'";15;39;16;13;1;good
DEBB021;"'2019-02-04 24:00'";12;45;13;11;1;good
DEBB021;"'2019-02-05 01:00'";11;46;12;10;1;good
DEBB021;"'2019-02-05 02:00'";11;45;12;10;1;good
DEBB021;"'2019-02-05 03:00'";11;44;12;10;1;good
DEBB021;"'2019-02-05 04:00'";11;44;12;10;1;good
DEBB021;"'2019-02-05 05:00'";11;43;13;10;1;good
DEBB021;"'2019-02-05 06:00'";11;44;14;9;1;good
DEBB021;"'2019-02-05 07:00'";12;40;17;10;1;good
DEBB021;"'2019-02-05 08:00'";12;35;22;10;1;good
DEBB021;"'2019-02-05 09:00'";14;37;19;11;1;good
DEBB021;"'2019-02-05 10:00'";15;36;20;12;1;good
DEBB021;"'2019-02-05 11:00'";17;31;26;14;1;good
DEBB021;"'2019-02-05 12:00'";18;27;29;14;1;good
DEBB021;"'2019-02-05 13:00'";19;29;27;15;1;good
DEBB021;"'2019-02-05 14:00'";18;34;24;15;1;good
DEBB021;"'2019-02-05 15:00'";17;42;19;15;1;good
DEBB021;"'2019-02-05 16:00'";18;39;21;15;1;good
DEBB021;"'2019-02-05 17:00'";18;37;22;16;1;moderate
DEBB021;"'2019-02-05 18:00'";19;37;23;16;1;moderate
DEBB021;"'2019-02-05 19:00'";18;38;23;16;1;moderate
DEBB021;"'2019-02-05 20:00'";19;34;26;16;1;moderate
DEBB021;"'2019-02-05 21:00'";17;37;23;14;1;good
DEBB021;"'2019-02-05 22:00'";17;38;18;15;1;good
DEBB021;"'2019-02-05 23:00'";16;37;18;14;1;good
DEBB021;"'2019-02-05 24:00'";14;43;14;13;1;good
DEBB021;"'2019-02-06 01:00'";13;43;17;12;1;good
DEBB021;"'2019-02-06 02:00'";13;43;15;12;1;good
DEBB021;"'2019-02-06 03:00'";13;48;13;12;1;good
DEBB021;"'2019-02-06 04:00'";16;45;12;15;1;good
DEBB021;"'2019-02-06 05:00'";20;38;12;17;1;moderate
DEBB021;"'2019-02-06 06:00'";24;25;19;21;1;moderate
DEBB021;"'2019-02-06 07:00'";29;11;29;25;1;moderate
DEBB021;"'2019-02-06 08:00'";32;4;33;28;1;moderate
DEBB021;"'2019-02-06 09:00'";31;7;30;27;1;moderate
DEBB021;"'2019-02-06 10:00'";29;18;21;25;1;moderate
DEBB021;"'2019-02-06 11:00'";25;29;17;22;2;moderate
DEBB021;"'2019-02-06 12:00'";22;37;18;18;3;moderate
DEBB021;"'2019-02-06 13:00'";21;45;15;16;2;moderate
DEBB021;"'2019-02-06 14:00'";19;49;15;14;2;good
DEBB021;"'2019-02-06 15:00'";16;52;16;13;1;good
DEBB021;"'2019-02-06 16:00'";21;38;33;15;1;moderate
DEBB021;"'2019-02-06 17:00'";22;36;29;16;1;moderate
DEBB021;"'2019-02-06 18:00'";20;29;32;16;1;moderate
DEBB021;"'2019-02-06 19:00'";20;34;27;17;4;moderate
DEBB021;"'2019-02-06 20:00'";20;33;26;16;4;moderate
DEBB021;"'2019-02-06 21:00'";19;33;25;15;3;good
DEBB021;"'2019-02-06 22:00'";17;33;23;14;1;good
DEBB021;"'2019-02-06 23:00'";17;32;24;14;1;good
DEBB021;"'2019-02-06 24:00'";17;31;23;15;1;good
DEBB021;"'2019-02-07 01:00'";17;25;26;15;1;good
DEBB021;"'2019-02-07 02:00'";16;22;27;14;1;good
DEBB021;"'2019-02-07 03:00'";15;30;21;13;1;good
DEBB021;"'2019-02-07 04:00'";13;35;19;12;2;good
DEBB021;"'2019-02-07 05:00'";13;36;19;11;1;good
DEBB021;"'2019-02-07 06:00'";13;31;24;12;1;good
DEBB021;"'2019-02-07 07:00'";13;33;26;11;1;good
DEBB021;"'2019-02-07 08:00'";14;37;24;11;1;good
DEBB021;"'2019-02-07 09:00'";15;33;29;12;1;good
DEBB021;"'2019-02-07 10:00'";18;38;24;13;1;good
DEBB021;"'2019-02-07 11:00'";19;40;23;13;4;good
DEBB021;"'2019-02-07 12:00'";18;45;22;11;3;good
DEBB021;"'2019-02-07 13:00'";16;48;20;10;3;good
DEBB021;"'2019-02-07 14:00'";18;41;25;12;3;good
DEBB021;"'2019-02-07 15:00'";17;42;28;11;3;good
DEBB021;"'2019-02-07 16:00'";13;36;31;11;2;moderate
DEBB021;"'2019-02-07 17:00'";14;31;33;11;2;moderate
DEBB021;"'2019-02-07 18:00'";16;29;33;13;1;moderate
DEBB021;"'2019-02-07 19:00'";18;25;33;15;1;moderate
DEBB021;"'2019-02-07 20:00'";19;26;30;16;1;moderate
DEBB021;"'2019-02-07 21:00'";21;27;25;18;1;moderate
DEBB021;"'2019-02-07 22:00'";21;30;21;19;1;moderate
DEBB021;"'2019-02-07 23:00'";21;31;19;19;1;moderate
DEBB021;"'2019-02-07 24:00'";21;32;18;19;1;moderate
DEBB021;"'2019-02-08 01:00'";22;34;16;19;1;moderate
DEBB021;"'2019-02-08 02:00'";22;33;16;19;1;moderate
DEBB021;"'2019-02-08 03:00'";23;33;17;20;1;moderate
DEBB021;"'2019-02-08 04:00'";23;33;17;20;1;moderate
DEBB021;"'2019-02-08 05:00'";22;34;15;19;1;moderate
DEBB021;"'2019-02-08 06:00'";22;33;17;19;1;moderate
DEBB021;"'2019-02-08 07:00'";19;33;20;17;1;moderate
DEBB021;"'2019-02-08 08:00'";18;33;20;16;1;moderate
DEBB021;"'2019-02-08 09:00'";17;33;22;14;1;good
DEBB021;"'2019-02-08 10:00'";13;40;21;11;1;good
DEBB021;"'2019-02-08 11:00'";11;45;19;9;1;good
DEBB021;"'2019-02-08 12:00'";10;51;17;8;1;good
DEBB021;"'2019-02-08 13:00'";12;51;16;8;1;good
DEBB021;"'2019-02-08 14:00'";13;55;13;9;1;good
DEBB021;"'2019-02-08 15:00'";13;58;11;8;1;good
DEBB021;"'2019-02-08 16:00'";10;60;11;6;1;good
DEBB021;"'2019-02-08 17:00'";7;62;11;5;1;good
DEBB021;"'2019-02-08 18:00'";7;58;14;5;1;good
DEBB021;"'2019-02-08 19:00'";7;58;12;6;1;good
DEBB021;"'2019-02-08 20:00'";8;55;12;6;1;good
DEBB021;"'2019-02-08 21:00'";8;53;13;7;1;good
DEBB021;"'2019-02-08 22:00'";9;52;13;7;1;good
DEBB021;"'2019-02-08 23:00'";10;49;14;9;1;good
DEBB021;"'2019-02-08 24:00'";12;48;14;10;1;good
DEBB021;"'2019-02-09 01:00'";12;51;11;11;1;good
DEBB021;"'2019-02-09 02:00'";12;49;14;10;1;good
DEBB021;"'2019-02-09 03:00'";10;49;13;9;1;good
DEBB021;"'2019-02-09 04:00'";8;52;12;7;1;good
DEBB021;"'2019-02-09 05:00'";7;58;11;5;1;good
DEBB021;"'2019-02-09 06:00'";7;59;9;5;1;good
DEBB021;"'2019-02-09 07:00'";6;58;10;5;1;good
DEBB021;"'2019-02-09 08:00'";6;56;11;5;1;good
DEBB021;"'2019-02-09 09:00'";5;55;11;4;1;good
DEBB021;"'2019-02-09 10:00'";5;58;9;4;1;good
DEBB021;"'2019-02-09 11:00'";4;61;7;4;1;good
DEBB021;"'2019-02-09 12:00'";4;67;6;3;1;good
DEBB021;"'2019-02-09 13:00'";4;71;6;2;1;good
DEBB021;"'2019-02-09 14:00'";3;72;7;2;1;good
DEBB021;"'2019-02-09 15:00'";4;73;7;2;1;moderate
DEBB021;"'2019-02-09 16:00'";7;76;6;3;1;moderate
DEBB021;"'2019-02-09 17:00'";6;74;6;3;1;moderate
DEBB021;"'2019-02-09 18:00'";7;71;7;4;1;good
DEBB021;"'2019-02-09 19:00'";5;68;8;3;1;good
DEBB021;"'2019-02-09 20:00'";5;66;8;4;1;good
DEBB021;"'2019-02-09 21:00'";5;66;7;4;1;good
DEBB021;"'2019-02-09 22:00'";4;68;6;3;1;good
DEBB021;"'2019-02-09 23:00'";5;68;5;3;1;good
DEBB021;"'2019-02-09 24:00'";6;68;5;4;1;good
DEBB021;"'2019-02-10 01:00'";5;66;5;4;1;good
DEBB021;"'2019-02-10 02:00'";5;63;5;4;1;good
DEBB021;"'2019-02-10 03:00'";5;62;5;4;1;good
DEBB021;"'2019-02-10 04:00'";5;59;6;4;1;good
DEBB021;"'2019-02-10 05:00'";5;61;5;4;1;good
DEBB021;"'2019-02-10 06:00'";6;58;6;4;1;good
DEBB021;"'2019-02-10 07:00'";6;58;6;4;1;good
DEBB021;"'2019-02-10 08:00'";6;57;6;5;1;good
DEBB021;"'2019-02-10 09:00'";6;56;8;5;1;good
DEBB021;"'2019-02-10 10:00'";6;57;7;5;1;good
DEBB021;"'2019-02-10 11:00'";5;59;7;5;1;good
DEBB021;"'2019-02-10 12:00'";5;60;8;4;1;good
DEBB021;"'2019-02-10 13:00'";5;60;9;4;1;good
DEBB021;"'2019-02-10 14:00'";4;60;9;4;1;good
DEBB021;"'2019-02-10 15:00'";4;57;13;3;1;good
DEBB021;"'2019-02-10 16:00'";3;60;11;3;1;good
DEBB021;"'2019-02-10 17:00'";4;60;11;3;1;good
DEBB021;"'2019-02-10 18:00'";4;58;11;3;1;good
DEBB021;"'2019-02-10 19:00'";4;56;11;3;1;good
DEBB021;"'2019-02-10 20:00'";3;57;10;2;1;good
DEBB021;"'2019-02-10 21:00'";3;61;7;2;1;good
DEBB021;"'2019-02-10 22:00'";2;59;7;2;1;good
DEBB021;"'2019-02-10 23:00'";0.9;71;4;0.8;1;good
DEBB021;"'2019-02-10 24:00'";0.9;78;2;0.8;1;moderate
DEBB021;"'2019-02-11 01:00'";0.9;70;3;0.8;1;good
DEBB021;"'2019-02-11 02:00'";0.9;58;4;0.8;1;good
DEBB021;"'2019-02-11 03:00'";0.9;52;5;0.8;1;good
DEBB021;"'2019-02-11 04:00'";0.9;50;6;0.8;1;good
DEBB021;"'2019-02-11 05:00'";3;57;5;3;1;good
DEBB021;"'2019-02-11 06:00'";4;65;5;3;1;good
DEBB021;"'2019-02-11 07:00'";4;65;7;3;1;good
DEBB021;"'2019-02-11 08:00'";4;61;11;3;1;good
DEBB021;"'2019-02-11 09:00'";3;60;13;3;1;good
DEBB021;"'2019-02-11 10:00'";4;63;9;3;1;good
DEBB021;"'2019-02-11 11:00'";6;64;8;5;1;good
DEBB021;"'2019-02-11 12:00'";8;64;8;5;1;good
DEBB021;"'2019-02-11 13:00'";8;64;7;6;1;good
DEBB021;"'2019-02-11 14:00'";8;62;9;5;1;good
DEBB021;"'2019-02-11 15:00'";5;62;8;4;1;good
DEBB021;"'2019-02-11 16:00'";6;60;9;5;1;good
DEBB021;"'2019-02-11 17:00'";6;57;10;4;1;good
DEBB021;"'2019-02-11 18:00'";3;60;8;2;1;good
DEBB021;"'2019-02-11 19:00'";4;57;12;3;1;good
DEBB021;"'2019-02-11 20:00'";6;56;9;4;1;good
DEBB021;"'2019-02-11 21:00'";8;52;11;6;1;good
DEBB021;"'2019-02-11 22:00'";8;60;8;6;1;good
DEBB021;"'2019-02-11 23:00'";8;67;7;6;1;good
DEBB021;"'2019-02-11 24:00'";7;72;5;5;1;good
DEBB021;"'2019-02-12 01:00'";6;73;4;4;1;moderate
DEBB021;"'2019-02-12 02:00'";5;75;3;4;1;moderate
DEBB021;"'2019-02-12 03:00'";4;75;3;3;1;moderate
DEBB021;"'2019-02-12 04:00'";5;74;4;4;1;moderate
DEBB021;"'2019-02-12 05:00'";4;74;4;3;1;moderate
DEBB021;"'2019-02-12 06:00'";4;73;5;3;1;moderate
DEBB021;"'2019-02-12 07:00'";4;66;11;3;1;good
DEBB021;"'2019-02-12 08:00'";4;64;12;3;1;good
DEBB021;"'2019-02-12 09:00'";5;64;13;3;1;good
DEBB021;"'2019-02-12 10:00'";5;66;10;4;1;good
DEBB021;"'2019-02-12 11:00'";7;70;8;5;1;good
DEBB021;"'2019-02-12 12:00'";8;70;8;5;1;good
DEBB021;"'2019-02-12 13:00'";8;72;7;5;1;good
DEBB021;"'2019-02-12 14:00'";9;75;7;5;1;moderate
DEBB021;"'2019-02-12 15:00'";9;74;8;5;1;moderate
DEBB021;"'2019-02-12 16:00'";8;72;10;4;1;good
DEBB021;"'2019-02-12 17:00'";9;67;15;5;1;good
DEBB021;"'2019-02-12 18:00'";12;58;22;7;1;good
DEBB021;"'2019-02-12 19:00'";14;45;33;8;1;moderate
DEBB021;"'2019-02-12 20:00'";16;37;37;10;1;moderate
DEBB021;"'2019-02-12 21:00'";16;27;42;11;1;moderate
DEBB021;"'2019-02-12 22:00'";12;32;32;8;1;moderate
DEBB021;"'2019-02-12 23:00'";10;36;24;7;1;good
DEBB021;"'2019-02-12 24:00'";12;37;20;9;1;good
DEBB021;"'2019-02-13 01:00'";18;32;19;15;1;good
DEBB021;"'2019-02-13 02:00'";23;27;20;20;1;moderate
DEBB021;"'2019-02-13 03:00'";27;25;21;24;1;moderate
DEBB021;"'2019-02-13 04:00'";27;23;25;24;1;moderate
DEBB021;"'2019-02-13 05:00'";26;25;24;22;1;moderate
DEBB021;"'2019-02-13 06:00'";25;27;22;22;1;moderate
DEBB021;"'2019-02-13 07:00'";26;27;23;23;1;moderate
DEBB021;"'2019-02-13 08:00'";28;24;23;24;1;moderate
DEBB021;"'2019-02-13 09:00'";28;23;24;25;1;moderate
DEBB021;"'2019-02-13 10:00'";28;28;20;25;1;moderate
DEBB021;"'2019-02-13 11:00'";28;31;17;25;1;moderate
DEBB021;"'2019-02-13 12:00'";28;34;16;24;1;moderate
DEBB021;"'2019-02-13 13:00'";27;38;15;23;1;moderate
DEBB021;"'2019-02-13 14:00'";29;36;17;25;1;moderate
DEBB021;"'2019-02-13 15:00'";28;36;17;23;1;moderate
DEBB021;"'2019-02-13 16:00'";22;41;18;19;1;moderate
DEBB021;"'2019-02-13 17:00'";22;34;21;19;1;moderate
DEBB021;"'2019-02-13 18:00'";24;29;23;21;1;moderate
DEBB021;"'2019-02-13 19:00'";28;30;20;24;1;moderate
DEBB021;"'2019-02-13 20:00'";28;32;19;25;1;moderate
DEBB021;"'2019-02-13 21:00'";27;33;19;24;1;moderate
DEBB021;"'2019-02-13 22:00'";26;32;20;22;1;moderate
DEBB021;"'2019-02-13 23:00'";26;34;19;22;1;moderate
DEBB021;"'2019-02-13 24:00'";25;38;15;21;1;moderate
DEBB021;"'2019-02-14 01:00'";23;41;13;19;1;moderate
DEBB021;"'2019-02-14 02:00'";23;43;12;19;1;moderate
DEBB021;"'2019-02-14 03:00'";21;47;11;17;1;moderate
DEBB021;"'2019-02-14 04:00'";19;48;11;15;1;good
DEBB021;"'2019-02-14 05:00'";18;47;11;15;1;good
DEBB021;"'2019-02-14 06:00'";18;45;12;15;1;good
DEBB021;"'2019-02-14 07:00'";19;38;20;16;1;moderate
DEBB021;"'2019-02-14 08:00'";19;31;26;16;1;moderate
DEBB021;"'2019-02-14 09:00'";22;29;25;18;1;moderate
DEBB021;"'2019-02-14 10:00'";24;31;23;20;1;moderate
DEBB021;"'2019-02-14 11:00'";26;38;19;21;4;moderate
DEBB021;"'2019-02-14 12:00'";26;47;17;21;4;moderate
DEBB021;"'2019-02-14 13:00'";24;50;15;20;4;moderate
DEBB021;"'2019-02-14 14:00'";26;49;17;22;6;moderate
DEBB021;"'2019-02-14 15:00'";25;49;19;20;6;moderate
DEBB021;"'2019-02-14 16:00'";25;46;23;19;5;moderate
DEBB021;"'2019-02-14 17:00'";23;44;25;18;4;moderate
DEBB021;"'2019-02-14 18:00'";29;12;60;18;3;moderate
DEBB021;"'2019-02-14 19:00'";30;2;71;19;1;poor
DEBB021;"'2019-02-14 20:00'";22;7;58;16;1;moderate
DEBB021;"'2019-02-14 21:00'";19;12;48;15;1;moderate
DEBB021;"'2019-02-14 22:00'";19;8;50;15;1;moderate
DEBB021;"'2019-02-14 23:00'";20;4;53;17;1;moderate
DEBB021;"'2019-02-14 24:00'";19;7;49;16;1;moderate
DEBB021;"'2019-02-15 01:00'";16;12;37;13;1;moderate
DEBB021;"'2019-02-15 02:00'";15;8;36;12;1;moderate
DEBB021;"'2019-02-15 03:00'";15;4;37;12;1;moderate
DEBB021;"'2019-02-15 04:00'";13;7;33;11;1;moderate
DEBB021;"'2019-02-15 05:00'";13;7;34;11;1;moderate
DEBB021;"'2019-02-15 06:00'";14;3;38;11;1;moderate
DEBB021;"'2019-02-15 07:00'";16;2;42;13;1;moderate
DEBB021;"'2019-02-15 08:00'";20;2;42;16;1;moderate
DEBB021;"'2019-02-15 09:00'";21;2;53;15;1;moderate
DEBB021;"'2019-02-15 10:00'";21;11;45;16;1;moderate
DEBB021;"'2019-02-15 11:00'";20;22;38;15;4;moderate
DEBB021;"'2019-02-15 12:00'";23;29;38;15;5;moderate
DEBB021;"'2019-02-15 13:00'";19;39;33;14;6;moderate
DEBB021;"'2019-02-15 14:00'";16;42;33;12;6;moderate
DEBB021;"'2019-02-15 15:00'";14;44;31;10;4;moderate
DEBB021;"'2019-02-15 16:00'";11;44;40;8;4;moderate
DEBB021;"'2019-02-15 17:00'";17;23;55;8;4;moderate
DEBB021;"'2019-02-15 18:00'";31;4;76;16;4;poor
DEBB021;"'2019-02-15 19:00'";28;2;79;15;3;poor
DEBB021;"'2019-02-15 20:00'";31;2;76;20;3;poor
DEBB021;"'2019-02-15 21:00'";41;2;76;28;3;poor
DEBB021;"'2019-02-15 22:00'";39;3;70;29;2;poor
DEBB021;"'2019-02-15 23:00'";29;2;65;23;1;poor
DEBB021;"'2019-02-15 24:00'";29;2;61;24;1;poor
DEBB021;"'2019-02-16 01:00'";27;2;58;22;1;moderate
DEBB021;"'2019-02-16 02:00'";23;2;54;19;1;moderate
DEBB021;"'2019-02-16 03:00'";20;2;52;17;1;moderate
DEBB021;"'2019-02-16 04:00'";18;2;46;15;1;moderate
DEBB021;"'2019-02-16 05:00'";17;2;45;15;1;moderate
DEBB021;"'2019-02-16 06:00'";17;2;43;14;1;moderate
DEBB021;"'2019-02-16 07:00'";17;2;46;14;1;moderate
DEBB021;"'2019-02-16 08:00'";16;11;41;13;1;moderate
DEBB021;"'2019-02-16 09:00'";14;26;27;12;2;good
DEBB021;"'2019-02-16 10:00'";14;30;30;11;3;good
DEBB021;"'2019-02-16 11:00'";13;43;20;9;4;good
DEBB021;"'2019-02-16 12:00'";11;47;20;7;3;good
DEBB021;"'2019-02-16 13:00'";9;56;19;6;1;good
DEBB021;"'2019-02-16 14:00'";9;61;21;5;1;good
DEBB021;"'2019-02-16 15:00'";8;62;17;5;1;good
DEBB021;"'2019-02-16 16:00'";9;59;24;5;1;good
DEBB021;"'2019-02-16 17:00'";9;57;24;5;1;good
DEBB021;"'2019-02-16 18:00'";12;39;38;7;1;moderate
DEBB021;"'2019-02-16 19:00'";21;22;55;15;1;moderate
DEBB021;"'2019-02-16 20:00'";40;2;77;27;1;poor
DEBB021;"'2019-02-16 21:00'";28;6;65;22;1;poor
DEBB021;"'2019-02-16 22:00'";38;2;66;28;1;poor
DEBB021;"'2019-02-16 23:00'";36;2;62;29;1;poor
DEBB021;"'2019-02-16 24:00'";36;2;59;29;1;moderate
DEBB021;"'2019-02-17 01:00'";39;2;56;33;1;poor
DEBB021;"'2019-02-17 02:00'";37;2;52;31;1;poor
DEBB021;"'2019-02-17 03:00'";34;2;49;29;1;moderate
DEBB021;"'2019-02-17 04:00'";35;2;44;30;1;moderate
DEBB021;"'2019-02-17 05:00'";27;2;43;23;1;moderate
DEBB021;"'2019-02-17 06:00'";27;2;43;23;1;moderate
DEBB021;"'2019-02-17 07:00'";23;2;41;20;1;moderate
DEBB021;"'2019-02-17 08:00'";23;2;36;20;1;moderate
DEBB021;"'2019-02-17 09:00'";22;4;32;19;1;moderate
DEBB021;"'2019-02-17 10:00'";28;6;30;20;1;moderate
DEBB021;"'2019-02-17 11:00'";33;9;33;23;1;moderate
DEBB021;"'2019-02-17 12:00'";31;20;28;23;1;moderate
DEBB021;"'2019-02-17 13:00'";29;28;24;22;1;moderate
DEBB021;"'2019-02-17 14:00'";28;34;22;21;2;moderate
DEBB021;"'2019-02-17 15:00'";26;34;32;20;4;moderate
DEBB021;"'2019-02-17 16:00'";26;38;26;19;2;moderate
DEBB021;"'2019-02-17 17:00'";27;32;32;20;1;moderate
DEBB021;"'2019-02-17 18:00'";28;7;55;21;1;moderate
DEBB021;"'2019-02-17 19:00'";37;2;65;27;1;poor
DEBB021;"'2019-02-17 20:00'";40;2;64;32;1;poor
DEBB021;"'2019-02-17 21:00'";36;4;61;30;1;poor
DEBB021;"'2019-02-17 22:00'";30;9;52;26;1;moderate
DEBB021;"'2019-02-17 23:00'";31;7;53;26;1;moderate
DEBB021;"'2019-02-17 24:00'";32;2;57;27;1;moderate
DEBB021;"'2019-02-18 01:00'";32;7;50;28;1;moderate
DEBB021;"'2019-02-18 02:00'";33;2;52;29;1;moderate
DEBB021;"'2019-02-18 03:00'";34;2;50;29;1;moderate
DEBB021;"'2019-02-18 04:00'";32;2;46;28;1;moderate
DEBB021;"'2019-02-18 05:00'";31;2;43;27;1;moderate
DEBB021;"'2019-02-18 06:00'";31;2;42;27;1;moderate
DEBB021;"'2019-02-18 07:00'";31;2;44;27;1;moderate
DEBB021;"'2019-02-18 08:00'";35;2;47;28;1;moderate
DEBB021;"'2019-02-18 09:00'";37;2;60;28;1;moderate
DEBB021;"'2019-02-18 10:00'";36;4;58;25;1;moderate
DEBB021;"'2019-02-18 11:00'";41;11;54;26;2;moderate
DEBB021;"'2019-02-18 12:00'";34;30;37;21;1;moderate
DEBB021;"'2019-02-18 13:00'";28;42;28;19;3;moderate
DEBB021;"'2019-02-18 14:00'";26;48;27;18;3;moderate
DEBB021;"'2019-02-18 15:00'";25;47;26;18;3;moderate
DEBB021;"'2019-02-18 16:00'";24;55;25;18;2;moderate
DEBB021;"'2019-02-18 17:00'";23;60;24;17;1;moderate
DEBB021;"'2019-02-18 18:00'";29;22;53;19;1;moderate
DEBB021;"'2019-02-18 19:00'";33;2;75;22;1;poor
DEBB021;"'2019-02-18 20:00'";33;2;71;24;1;poor
DEBB021;"'2019-02-18 21:00'";34;2;72;26;1;poor
DEBB021;"'2019-02-18 22:00'";31;2;69;24;1;poor
DEBB021;"'2019-02-18 23:00'";33;2;66;26;1;poor
DEBB021;"'2019-02-18 24:00'";32;2;60;25;1;moderate
DEBB021;"'2019-02-19 01:00'";28;12;44;23;1;moderate
DEBB021;"'2019-02-19 02:00'";26;23;30;21;1;moderate
DEBB021;"'2019-02-19 03:00'";27;5;46;22;1;moderate
DEBB021;"'2019-02-19 04:00'";26;10;45;21;1;moderate
DEBB021;"'2019-02-19 05:00'";23;36;21;19;1;moderate
DEBB021;"'2019-02-19 06:00'";23;34;23;19;1;moderate
DEBB021;"'2019-02-19 07:00'";24;30;26;19;1;moderate
DEBB021;"'2019-02-19 08:00'";27;23;36;21;1;moderate
DEBB021;"'2019-02-19 09:00'";29;30;32;20;1;moderate
DEBB021;"'2019-02-19 10:00'";30;40;24;21;1;moderate
DEBB021;"'2019-02-19 11:00'";33;41;22;24;1;moderate
DEBB021;"'2019-02-19 12:00'";33;41;21;26;1;moderate
DEBB021;"'2019-02-19 13:00'";32;45;20;25;1;moderate
DEBB021;"'2019-02-19 14:00'";29;52;16;23;1;moderate
DEBB021;"'2019-02-19 15:00'";27;56;15;22;1;moderate
DEBB021;"'2019-02-19 16:00'";26;57;15;20;1;moderate
DEBB021;"'2019-02-19 17:00'";19;61;14;13;1;good
DEBB021;"'2019-02-19 18:00'";16;61;15;12;1;good
DEBB021;"'2019-02-19 19:00'";13;62;15;9;1;good
DEBB021;"'2019-02-19 20:00'";10;63;13;8;1;good
DEBB021;"'2019-02-19 21:00'";11;62;11;8;1;good
DEBB021;"'2019-02-19 22:00'";7;63;7;6;1;good
DEBB021;"'2019-02-19 23:00'";6;68;6;5;1;good
DEBB021;"'2019-02-19 24:00'";7;60;9;5;1;good
DEBB021;"'2019-02-20 01:00'";10;52;9;9;1;good
DEBB021;"'2019-02-20 02:00'";9;54;9;8;1;good
DEBB021;"'2019-02-20 03:00'";7;58;8;6;1;good
DEBB021;"'2019-02-20 04:00'";7;61;6;6;1;good
DEBB021;"'2019-02-20 05:00'";9;57;7;8;1;good
DEBB021;"'2019-02-20 06:00'";12;51;11;10;1;good
DEBB021;"'2019-02-20 07:00'";13;42;19;11;1;good
DEBB021;"'2019-02-20 08:00'";13;34;29;11;1;good
DEBB021;"'2019-02-20 09:00'";13;40;25;10;1;good
DEBB021;"'2019-02-20 10:00'";15;46;19;12;1;good
DEBB021;"'2019-02-20 11:00'";18;49;17;14;1;good
DEBB021;"'2019-02-20 12:00'";20;54;15;15;1;good
DEBB021;"'2019-02-20 13:00'";21;57;14;16;1;moderate
DEBB021;"'2019-02-20 14:00'";21;65;11;16;1;moderate
DEBB021;"'2019-02-20 15:00'";21;66;11;16;1;moderate
DEBB021;"'2019-02-20 16:00'";20;64;13;16;1;moderate
DEBB021;"'2019-02-20 17:00'";23;57;18;17;1;moderate
DEBB021;"'2019-02-20 18:00'";24;50;25;16;1;moderate
DEBB021;"'2019-02-20 19:00'";22;44;32;16;1;moderate
DEBB021;"'2019-02-20 20:00'";22;46;29;17;1;moderate
DEBB021;"'2019-02-20 21:00'";22;50;23;17;1;moderate
DEBB021;"'2019-02-20 22:00'";18;48;23;14;1;good
DEBB021;"'2019-02-20 23:00'";19;49;22;14;1;good
DEBB021;"'2019-02-20 24:00'";16;48;19;12;1;good
DEBB021;"'2019-02-21 01:00'";16;50;14;13;1;good
DEBB021;"'2019-02-21 02:00'";18;50;11;15;1;good
DEBB021;"'2019-02-21 03:00'";20;48;11;16;1;moderate
DEBB021;"'2019-02-21 04:00'";23;40;16;19;1;moderate
DEBB021;"'2019-02-21 05:00'";26;35;19;21;1;moderate
DEBB021;"'2019-02-21 06:00'";29;29;21;24;1;moderate
DEBB021;"'2019-02-21 07:00'";29;22;27;24;1;moderate
DEBB021;"'2019-02-21 08:00'";29;23;25;24;1;moderate
DEBB021;"'2019-02-21 09:00'";29;22;26;24;1;moderate
DEBB021;"'2019-02-21 10:00'";29;21;29;24;1;moderate
DEBB021;"'2019-02-21 11:00'";29;22;29;24;1;moderate
DEBB021;"'2019-02-21 12:00'";26;41;18;22;1;moderate
DEBB021;"'2019-02-21 13:00'";22;53;14;19;1;moderate
DEBB021;"'2019-02-21 14:00'";22;59;13;18;1;moderate
DEBB021;"'2019-02-21 15:00'";18;67;13;14;1;good
DEBB021;"'2019-02-21 16:00'";18;65;14;15;1;good
DEBB021;"'2019-02-21 17:00'";21;56;20;17;1;moderate
DEBB021;"'2019-02-21 18:00'";23;43;30;19;1;moderate
DEBB021;"'2019-02-21 19:00'";19;57;16;16;1;moderate
DEBB021;"'2019-02-21 20:00'";24;51;15;21;1;moderate
DEBB021;"'2019-02-21 21:00'";28;46;14;24;1;moderate
DEBB021;"'2019-02-21 22:00'";31;41;14;27;1;moderate
DEBB021;"'2019-02-21 23:00'";30;39;12;27;1;moderate
DEBB021;"'2019-02-21 24:00'";27;36;11;24;1;moderate
DEBB021;"'2019-02-22 01:00'";21;36;10;19;1;moderate
DEBB021;"'2019-02-22 02:00'";15;45;7;14;1;good
DEBB021;"'2019-02-22 03:00'";13;44;6;11;1;good
DEBB021;"'2019-02-22 04:00'";10;41;6;8;1;good
DEBB021;"'2019-02-22 05:00'";7;40;6;6;1;good
DEBB021;"'2019-02-22 06:00'";5;36;7;4;1;good
DEBB021;"'2019-02-22 07:00'";8;42;8;7;1;good
DEBB021;"'2019-02-22 08:00'";13;36;13;11;1;good
DEBB021;"'2019-02-22 09:00'";12;38;15;11;1;good
DEBB021;"'2019-02-22 10:00'";5;60;12;4;1;good
DEBB021;"'2019-02-22 11:00'";5;60;16;4;1;good
DEBB021;"'2019-02-22 12:00'";6;64;14;3;1;good
DEBB021;"'2019-02-22 13:00'";6;65;13;3;1;good
DEBB021;"'2019-02-22 14:00'";6;67;13;4;1;good
DEBB021;"'2019-02-22 15:00'";6;66;16;4;1;good
DEBB021;"'2019-02-22 16:00'";6;60;29;4;4;good
DEBB021;"'2019-02-22 17:00'";7;63;18;4;4;good
DEBB021;"'2019-02-22 18:00'";8;56;23;5;7;good
DEBB021;"'2019-02-22 19:00'";10;46;30;7;7;good
DEBB021;"'2019-02-22 20:00'";16;36;36;12;2;moderate
DEBB021;"'2019-02-22 21:00'";15;33;37;11;1;moderate
DEBB021;"'2019-02-22 22:00'";17;21;48;13;4;moderate
DEBB021;"'2019-02-22 23:00'";16;31;36;13;1;moderate
DEBB021;"'2019-02-22 24:00'";13;36;26;10;1;good
DEBB021;"'2019-02-23 01:00'";12;42;19;9;1;good
DEBB021;"'2019-02-23 02:00'";11;46;15;9;1;good
DEBB021;"'2019-02-23 03:00'";11;46;14;9;1;good
DEBB021;"'2019-02-23 04:00'";12;44;15;10;1;good
DEBB021;"'2019-02-23 05:00'";14;42;14;12;1;good
DEBB021;"'2019-02-23 06:00'";17;38;15;14;1;good
DEBB021;"'2019-02-23 07:00'";18;37;17;14;1;good
DEBB021;"'2019-02-23 08:00'";18;34;19;14;1;good
DEBB021;"'2019-02-23 09:00'";18;36;19;15;1;good
DEBB021;"'2019-02-23 10:00'";19;40;17;15;1;good
DEBB021;"'2019-02-23 11:00'";17;48;16;14;1;good
DEBB021;"'2019-02-23 12:00'";17;54;13;14;1;good
DEBB021;"'2019-02-23 13:00'";17;57;9;14;1;good
DEBB021;"'2019-02-23 14:00'";16;58;11;13;1;good
DEBB021;"'2019-02-23 15:00'";15;59;13;12;2;good
DEBB021;"'2019-02-23 16:00'";15;60;13;12;3;good
DEBB021;"'2019-02-23 17:00'";16;55;18;13;3;good
DEBB021;"'2019-02-23 18:00'";21;50;21;16;2;moderate
DEBB021;"'2019-02-23 19:00'";25;40;30;20;1;moderate
DEBB021;"'2019-02-23 20:00'";24;42;23;20;1;moderate
DEBB021;"'2019-02-23 21:00'";30;24;40;25;1;moderate
DEBB021;"'2019-02-23 22:00'";27;27;33;23;1;moderate
DEBB021;"'2019-02-23 23:00'";32;8;56;27;1;moderate
DEBB021;"'2019-02-23 24:00'";38;4;60;32;1;poor
DEBB021;"'2019-02-24 01:00'";38;9;50;33;1;poor
DEBB021;"'2019-02-24 02:00'";37;4;51;31;1;poor
DEBB021;"'2019-02-24 03:00'";32;3;49;28;1;moderate
DEBB021;"'2019-02-24 04:00'";30;3;47;26;1;moderate
DEBB021;"'2019-02-24 05:00'";28;3;43;24;1;moderate
DEBB021;"'2019-02-24 06:00'";26;7;38;22;1;moderate
DEBB021;"'2019-02-24 07:00'";23;17;29;20;1;moderate
DEBB021;"'2019-02-24 08:00'";25;6;39;21;1;moderate
DEBB021;"'2019-02-24 09:00'";24;11;31;21;1;moderate
DEBB021;"'2019-02-24 10:00'";25;17;26;21;1;moderate
DEBB021;"'2019-02-24 11:00'";25;29;23;21;3;moderate
DEBB021;"'2019-02-24 12:00'";25;32;27;21;4;moderate
DEBB021;"'2019-02-24 13:00'";19;47;25;16;5;moderate
DEBB021;"'2019-02-24 14:00'";16;59;19;13;4;good
DEBB021;"'2019-02-24 15:00'";14;65;18;12;3;good
DEBB021;"'2019-02-24 16:00'";14;70;18;11;3;good
DEBB021;"'2019-02-24 17:00'";12;73;21;9;1;moderate
DEBB021;"'2019-02-24 18:00'";15;66;23;11;1;good
DEBB021;"'2019-02-24 19:00'";25;24;60;18;1;moderate
DEBB021;"'2019-02-24 20:00'";27;11;67;19;1;poor
DEBB021;"'2019-02-24 21:00'";31;14;58;23;1;moderate
DEBB021;"'2019-02-24 22:00'";27;23;45;22;1;moderate
DEBB021;"'2019-02-24 23:00'";30;4;63;24;1;poor
DEBB021;"'2019-02-24 24:00'";28;5;56;22;1;moderate
DEBB021;"'2019-02-25 01:00'";27;4;53;22;1;moderate
DEBB021;"'2019-02-25 02:00'";25;5;47;20;1;moderate
DEBB021;"'2019-02-25 03:00'";23;4;48;19;1;moderate
DEBB021;"'2019-02-25 04:00'";22;2;47;18;1;moderate
DEBB021;"'2019-02-25 05:00'";21;10;39;17;1;moderate
DEBB021;"'2019-02-25 06:00'";21;5;44;18;1;moderate
DEBB021;"'2019-02-25 07:00'";23;2;53;18;1;moderate
DEBB021;"'2019-02-25 08:00'";31;2;54;22;1;moderate
DEBB021;"'2019-02-25 09:00'";31;7;55;22;3;moderate
DEBB021;"'2019-02-25 10:00'";29;21;39;22;4;moderate
DEBB021;"'2019-02-25 11:00'";29;36;26;23;4;moderate
DEBB021;"'2019-02-25 12:00'";30;37;25;24;5;moderate
DEBB021;"'2019-02-25 13:00'";27;53;18;22;4;moderate
DEBB021;"'2019-02-25 14:00'";27;56;17;22;4;moderate
DEBB021;"'2019-02-25 15:00'";25;59;17;20;4;moderate
DEBB021;"'2019-02-25 16:00'";23;58;20;18;4;moderate
DEBB021;"'2019-02-25 17:00'";23;52;26;18;4;moderate
DEBB021;"'2019-02-25 18:00'";25;45;32;19;3;moderate
DEBB021;"'2019-02-25 19:00'";32;24;58;24;3;moderate
DEBB021;"'2019-02-25 20:00'";35;13;65;26;3;poor
DEBB021;"'2019-02-25 21:00'";36;7;68;26;1;poor
DEBB021;"'2019-02-25 22:00'";32;21;49;26;3;moderate
DEBB021;"'2019-02-25 23:00'";35;13;52;28;1;moderate
DEBB021;"'2019-02-25 24:00'";31;27;34;25;1;moderate
DEBB021;"'2019-02-26 01:00'";29;24;33;23;2;moderate
DEBB021;"'2019-02-26 02:00'";27;20;36;22;3;moderate
DEBB021;"'2019-02-26 03:00'";26;21;34;22;3;moderate
DEBB021;"'2019-02-26 04:00'";27;20;32;22;3;moderate
DEBB021;"'2019-02-26 05:00'";27;21;31;22;1;moderate
DEBB021;"'2019-02-26 06:00'";28;19;32;23;1;moderate
DEBB021;"'2019-02-26 07:00'";30;13;38;25;1;moderate
DEBB021;"'2019-02-26 08:00'";33;14;39;27;2;moderate
DEBB021;"'2019-02-26 09:00'";37;19;34;31;3;poor
DEBB021;"'2019-02-26 10:00'";42;28;24;36;4;poor
DEBB021;"'2019-02-26 11:00'";45;34;21;38;4;poor
DEBB021;"'2019-02-26 12:00'";50;37;20;42;4;poor
DEBB021;"'2019-02-26 13:00'";50;42;20;42;4;poor
DEBB021;"'2019-02-26 14:00'";48;48;19;40;3;poor
DEBB021;"'2019-02-26 15:00'";45;52;19;37;3;poor
DEBB021;"'2019-02-26 16:00'";41;55;18;33;1;poor
DEBB021;"'2019-02-26 17:00'";41;51;23;34;1;poor
DEBB021;"'2019-02-26 18:00'";42;45;26;34;1;poor
DEBB021;"'2019-02-26 19:00'";50;27;42;40;1;poor
DEBB021;"'2019-02-26 20:00'";55;11;55;44;1;poor
DEBB021;"'2019-02-26 21:00'";55;2;62;44;1;poor
DEBB021;"'2019-02-26 22:00'";55;2;54;44;1;poor
DEBB021;"'2019-02-26 23:00'";52;2;45;43;1;poor
DEBB021;"'2019-02-26 24:00'";51;2;39;43;1;poor
DEBB021;"'2019-02-27 01:00'";50;2;35;43;1;poor
DEBB021;"'2019-02-27 02:00'";48;2;29;41;1;poor
DEBB021;"'2019-02-27 03:00'";46;2;25;40;1;poor
DEBB021;"'2019-02-27 04:00'";47;2;27;41;1;poor
DEBB021;"'2019-02-27 05:00'";46;2;22;40;1;poor
DEBB021;"'2019-02-27 06:00'";46;2;21;40;1;poor
DEBB021;"'2019-02-27 07:00'";45;2;27;38;1;poor
DEBB021;"'2019-02-27 08:00'";45;2;30;36;1;poor
DEBB021;"'2019-02-27 09:00'";39;4;41;30;1;moderate
DEBB021;"'2019-02-27 10:00'";40;13;41;31;1;poor
DEBB021;"'2019-02-27 11:00'";48;22;41;35;4;poor
DEBB021;"'2019-02-27 12:00'";42;40;32;32;5;poor
DEBB021;"'2019-02-27 13:00'";32;53;25;26;3;moderate
DEBB021;"'2019-02-27 14:00'";27;62;21;21;1;moderate
DEBB021;"'2019-02-27 15:00'";24;65;19;19;2;moderate
DEBB021;"'2019-02-27 16:00'";20;67;17;15;1;good
DEBB021;"'2019-02-27 17:00'";19;61;22;14;1;good
DEBB021;"'2019-02-27 18:00'";22;41;44;15;1;moderate
DEBB021;"'2019-02-27 19:00'";23;36;48;15;1;moderate
DEBB021;"'2019-02-27 20:00'";22;43;35;15;1;moderate
DEBB021;"'2019-02-27 21:00'";24;46;30;16;1;moderate
DEBB021;"'2019-02-27 22:00'";20;51;23;13;1;good
DEBB021;"'2019-02-27 23:00'";21;52;20;12;1;good
DEBB021;"'2019-02-27 24:00'";19;55;15;12;1;good
DEBB021;"'2019-02-28 01:00'";19;48;17;13;1;good
DEBB021;"'2019-02-28 02:00'";19;43;21;13;1;good
DEBB021;"'2019-02-28 03:00'";16;48;16;11;1;good
DEBB021;"'2019-02-28 04:00'";18;40;19;13;2;good
DEBB021;"'2019-02-28 05:00'";22;34;24;16;3;moderate
DEBB021;"'2019-02-28 06:00'";26;28;29;19;3;moderate
DEBB021;"'2019-02-28 07:00'";31;23;34;24;3;moderate
DEBB021;"'2019-02-28 08:00'";39;23;34;31;1;poor
DEBB021;"'2019-02-28 09:00'";44;31;27;36;3;poor
DEBB021;"'2019-02-28 10:00'";49;40;21;41;3;poor
DEBB021;"'2019-02-28 11:00'";53;46;18;43;4;poor
DEBB021;"'2019-02-28 12:00'";65;53;16;45;3;poor
DEBB021;"'2019-02-28 13:00'";55;55;17;43;1;poor
DEBB021;"'2019-02-28 14:00'";51;58;16;41;1;poor
DEBB021;"'2019-02-28 15:00'";55;55;18;41;1;poor
DEBB021;"'2019-02-28 16:00'";52;52;21;39;1;poor
DEBB021;"'2019-02-28 17:00'";53;44;26;40;1;poor
DEBB021;"'2019-02-28 18:00'";56;29;34;44;1;poor
DEBB021;"'2019-02-28 19:00'";56;20;36;46;1;poor
DEBB021;"'2019-02-28 20:00'";57;12;40;48;1;poor
DEBB021;"'2019-02-28 21:00'";58;7;43;48;1;poor
DEBB021;"'2019-02-28 22:00'";54;12;35;45;1;poor
DEBB021;"'2019-02-28 23:00'";49;24;21;39;1;poor
DEBB021;"'2019-02-28 24:00'";44;32;14;33;1;poor
DEBB021;"'2019-03-01 01:00'";41;31;14;31;1;poor
DEBB021;"'2019-03-01 02:00'";39;33;12;30;1;moderate
DEBB021;"'2019-03-01 03:00'";40;32;13;30;1;moderate
DEBB021;"'2019-03-01 04:00'";45;27;14;35;1;poor
DEBB021;"'2019-03-01 05:00'";49;19;20;38;1;poor
DEBB021;"'2019-03-01 06:00'";48;19;19;38;1;poor
DEBB021;"'2019-03-01 07:00'";48;17;23;39;1;poor
DEBB021;"'2019-03-01 08:00'";51;10;27;42;1;poor
DEBB021;"'2019-03-01 09:00'";55;8;30;45;1;poor
DEBB021;"'2019-03-01 10:00'";62;11;27;49;1;poor
DEBB021;"'2019-03-01 11:00'";66;17;24;54;1;"very poor"
DEBB021;"'2019-03-01 12:00'";66;17;23;53;1;"very poor"
DEBB021;"'2019-03-01 13:00'";52;26;16;40;1;poor
DEBB021;"'2019-03-01 14:00'";45;35;15;35;1;poor
DEBB021;"'2019-03-01 15:00'";36;44;13;28;1;moderate
DEBB021;"'2019-03-01 16:00'";23;48;16;17;1;moderate
DEBB021;"'2019-03-01 17:00'";20;50;16;14;1;good
DEBB021;"'2019-03-01 18:00'";11;60;12;8;1;good
DEBB021;"'2019-03-01 19:00'";12;60;10;9;1;good
DEBB021;"'2019-03-01 20:00'";12;60;9;10;1;good
DEBB021;"'2019-03-01 21:00'";13;63;8;11;1;good
DEBB021;"'2019-03-01 22:00'";16;62;10;12;1;good
DEBB021;"'2019-03-01 23:00'";16;56;16;12;1;good
DEBB021;"'2019-03-01 24:00'";16;55;13;13;1;good
DEBB021;"'2019-03-02 01:00'";16;45;18;13;1;good
DEBB021;"'2019-03-02 02:00'";15;41;14;12;1;good
DEBB021;"'2019-03-02 03:00'";16;40;10;13;1;good
DEBB021;"'2019-03-02 04:00'";15;41;9;12;1;good
DEBB021;"'2019-03-02 05:00'";15;33;13;12;1;good
DEBB021;"'2019-03-02 06:00'";18;30;17;14;1;good
DEBB021;"'2019-03-02 07:00'";21;25;24;16;1;moderate
DEBB021;"'2019-03-02 08:00'";23;22;24;18;1;moderate
DEBB021;"'2019-03-02 09:00'";23;28;20;18;1;moderate
DEBB021;"'2019-03-02 10:00'";21;38;20;16;1;moderate
DEBB021;"'2019-03-02 11:00'";21;40;19;17;1;moderate
DEBB021;"'2019-03-02 12:00'";18;58;11;14;1;good
DEBB021;"'2019-03-02 13:00'";17;67;9;14;1;good
DEBB021;"'2019-03-02 14:00'";18;70;9;14;1;good
DEBB021;"'2019-03-02 15:00'";17;70;9;13;1;good
DEBB021;"'2019-03-02 16:00'";17;66;12;12;1;good
DEBB021;"'2019-03-02 17:00'";15;67;10;11;1;good
DEBB021;"'2019-03-02 18:00'";14;62;12;11;1;good
DEBB021;"'2019-03-02 19:00'";16;54;17;13;1;good
DEBB021;"'2019-03-02 20:00'";18;47;18;14;1;good
DEBB021;"'2019-03-02 21:00'";18;44;15;15;1;good
DEBB021;"'2019-03-02 22:00'";19;41;14;16;1;moderate
DEBB021;"'2019-03-02 23:00'";20;41;14;16;1;moderate
DEBB021;"'2019-03-02 24:00'";21;40;12;18;1;moderate
DEBB021;"'2019-03-03 01:00'";23;35;12;20;1;moderate
DEBB021;"'2019-03-03 02:00'";24;33;12;21;1;moderate
DEBB021;"'2019-03-03 03:00'";25;34;11;21;1;moderate
DEBB021;"'2019-03-03 04:00'";25;34;10;21;1;moderate
DEBB021;"'2019-03-03 05:00'";24;34;8;21;1;moderate
DEBB021;"'2019-03-03 06:00'";21;38;7;18;1;moderate
DEBB021;"'2019-03-03 07:00'";15;45;6;13;1;good
DEBB021;"'2019-03-03 08:00'";11;47;5;9;1;good
DEBB021;"'2019-03-03 09:00'";9;55;5;8;1;good
DEBB021;"'2019-03-03 10:00'";10;61;5;9;1;good
DEBB021;"'2019-03-03 11:00'";11;62;5;9;1;good
DEBB021;"'2019-03-03 12:00'";11;62;6;9;1;good
DEBB021;"'2019-03-03 13:00'";11;60;8;9;1;good
DEBB021;"'2019-03-03 14:00'";11;58;6;9;1;good
DEBB021;"'2019-03-03 15:00'";10;59;6;8;1;good
DEBB021;"'2019-03-03 16:00'";9;60;7;7;1;good
DEBB021;"'2019-03-03 17:00'";10;58;6;9;1;good
DEBB021;"'2019-03-03 18:00'";10;55;7;9;1;good
DEBB021;"'2019-03-03 19:00'";9;55;7;8;1;good
DEBB021;"'2019-03-03 20:00'";9;56;6;8;1;good
DEBB021;"'2019-03-03 21:00'";8;55;7;7;1;good
DEBB021;"'2019-03-03 22:00'";8;55;6;7;1;good
DEBB021;"'2019-03-03 23:00'";8;57;5;7;1;good
DEBB021;"'2019-03-03 24:00'";8;56;6;6;1;good
DEBB021;"'2019-03-04 01:00'";8;58;4;7;1;good
DEBB021;"'2019-03-04 02:00'";8;58;5;6;1;good
DEBB021;"'2019-03-04 03:00'";8;56;6;6;1;good
DEBB021;"'2019-03-04 04:00'";8;56;5;6;1;good
DEBB021;"'2019-03-04 05:00'";8;55;6;7;1;good
DEBB021;"'2019-03-04 06:00'";8;56;6;6;1;good
DEBB021;"'2019-03-04 07:00'";7;53;11;6;1;good
DEBB021;"'2019-03-04 08:00'";7;48;14;6;1;good
DEBB021;"'2019-03-04 09:00'";7;46;16;5;1;good
DEBB021;"'2019-03-04 10:00'";6;49;17;5;1;good
DEBB021;"'2019-03-04 11:00'";8;56;15;5;1;good
DEBB021;"'2019-03-04 12:00'";14;75;8;5;1;moderate
DEBB021;"'2019-03-04 13:00'";6;86;7;2;1;moderate
DEBB021;"'2019-03-04 14:00'";2;86;7;0.8;1;moderate
DEBB021;"'2019-03-04 15:00'";4;90;7;1;1;moderate
DEBB021;"'2019-03-04 16:00'";11;90;6;2;1;moderate
DEBB021;"'2019-03-04 17:00'";12;85;7;3;1;moderate
DEBB021;"'2019-03-04 18:00'";3;79;7;2;1;moderate
DEBB021;"'2019-03-04 19:00'";4;71;11;3;1;good
DEBB021;"'2019-03-04 20:00'";5;64;14;4;1;good
DEBB021;"'2019-03-04 21:00'";5;66;9;4;1;good
DEBB021;"'2019-03-04 22:00'";6;66;8;5;1;good
DEBB021;"'2019-03-04 23:00'";8;65;8;6;1;good
DEBB021;"'2019-03-04 24:00'";8;63;8;7;1;good
DEBB021;"'2019-03-05 01:00'";9;61;8;7;1;good
DEBB021;"'2019-03-05 02:00'";12;58;8;10;1;good
DEBB021;"'2019-03-05 03:00'";10;60;6;8;1;good
DEBB021;"'2019-03-05 04:00'";9;57;6;7;1;good
DEBB021;"'2019-03-05 05:00'";7;59;6;6;1;good
DEBB021;"'2019-03-05 06:00'";6;64;6;5;1;good
DEBB021;"'2019-03-05 07:00'";9;63;8;8;1;good
DEBB021;"'2019-03-05 08:00'";11;60;12;9;1;good
DEBB021;"'2019-03-05 09:00'";12;62;11;9;1;good
DEBB021;"'2019-03-05 10:00'";9;68;8;7;1;good
DEBB021;"'2019-03-05 11:00'";8;73;8;7;1;moderate
DEBB021;"'2019-03-05 12:00'";9;75;8;7;1;moderate
DEBB021;"'2019-03-05 13:00'";9;76;9;7;1;moderate
DEBB021;"'2019-03-05 14:00'";8;73;9;6;1;moderate
DEBB021;"'2019-03-05 15:00'";8;70;10;7;1;good
DEBB021;"'2019-03-05 16:00'";6;71;11;5;1;good
DEBB021;"'2019-03-05 17:00'";7;69;11;6;1;good
DEBB021;"'2019-03-05 18:00'";5;69;11;4;1;good
DEBB021;"'2019-03-05 19:00'";6;59;16;5;1;good
DEBB021;"'2019-03-05 20:00'";9;51;22;8;1;good
DEBB021;"'2019-03-05 21:00'";8;42;28;7;1;good
DEBB021;"'2019-03-05 22:00'";8;42;25;7;1;good
DEBB021;"'2019-03-05 23:00'";9;44;21;8;1;good
DEBB021;"'2019-03-05 24:00'";10;44;19;9;1;good
DEBB021;"'2019-03-06 01:00'";10;46;15;9;1;good
DEBB021;"'2019-03-06 02:00'";11;51;11;10;1;good
DEBB021;"'2019-03-06 03:00'";14;49;10;12;1;good
DEBB021;"'2019-03-06 04:00'";13;44;11;12;1;good
DEBB021;"'2019-03-06 05:00'";13;41;12;11;1;good
DEBB021;"'2019-03-06 06:00'";12;34;15;11;1;good
DEBB021;"'2019-03-06 07:00'";12;31;20;10;1;good
DEBB021;"'2019-03-06 08:00'";14;13;39;12;1;moderate
DEBB021;"'2019-03-06 09:00'";14;33;19;12;1;good
DEBB021;"'2019-03-06 10:00'";13;40;15;11;1;good
DEBB021;"'2019-03-06 11:00'";14;47;14;11;3;good
DEBB021;"'2019-03-06 12:00'";12;59;10;9;1;good
DEBB021;"'2019-03-06 13:00'";9;68;9;7;1;good
DEBB021;"'2019-03-06 14:00'";8;69;10;6;1;good
DEBB021;"'2019-03-06 15:00'";9;67;12;7;1;good
DEBB021;"'2019-03-06 16:00'";11;62;16;8;1;good
DEBB021;"'2019-03-06 17:00'";10;62;16;7;1;good
DEBB021;"'2019-03-06 18:00'";13;57;16;10;1;good
DEBB021;"'2019-03-06 19:00'";19;50;18;16;1;moderate
DEBB021;"'2019-03-06 20:00'";15;49;18;12;1;good
DEBB021;"'2019-03-06 21:00'";12;50;16;9;1;good
DEBB021;"'2019-03-06 22:00'";9;53;15;7;1;good
DEBB021;"'2019-03-06 23:00'";9;56;14;7;1;good
DEBB021;"'2019-03-06 24:00'";9;57;11;7;2;good
DEBB021;"'2019-03-07 01:00'";9;54;10;7;1;good
DEBB021;"'2019-03-07 02:00'";9;52;10;7;1;good
DEBB021;"'2019-03-07 03:00'";9;49;10;7;1;good
DEBB021;"'2019-03-07 04:00'";9;47;11;7;1;good
DEBB021;"'2019-03-07 05:00'";9;47;11;7;1;good
DEBB021;"'2019-03-07 06:00'";9;46;13;8;1;good
DEBB021;"'2019-03-07 07:00'";10;40;20;8;1;good
DEBB021;"'2019-03-07 08:00'";10;40;22;8;1;good
DEBB021;"'2019-03-07 09:00'";13;42;21;10;2;good
DEBB021;"'2019-03-07 10:00'";13;43;23;9;3;good
DEBB021;"'2019-03-07 11:00'";12;47;19;9;2;good
DEBB021;"'2019-03-07 12:00'";11;53;17;6;1;good
DEBB021;"'2019-03-07 13:00'";10;72;10;4;1;good
DEBB021;"'2019-03-07 14:00'";7;88;7;1;1;moderate
DEBB021;"'2019-03-07 15:00'";6;86;9;0.8;1;moderate
DEBB021;"'2019-03-07 16:00'";5;83;8;0.8;1;moderate
DEBB021;"'2019-03-07 17:00'";2;74;12;0.8;1;moderate
DEBB021;"'2019-03-07 18:00'";2;70;12;1;1;good
DEBB021;"'2019-03-07 19:00'";3;68;13;2;1;good
DEBB021;"'2019-03-07 20:00'";3;62;17;2;1;good
DEBB021;"'2019-03-07 21:00'";4;63;14;3;1;good
DEBB021;"'2019-03-07 22:00'";4;62;12;3;1;good
DEBB021;"'2019-03-07 23:00'";3;67;10;2;1;good
DEBB021;"'2019-03-07 24:00'";3;76;6;2;1;moderate
DEBB021;"'2019-03-08 01:00'";3;76;5;2;1;moderate
DEBB021;"'2019-03-08 02:00'";3;73;6;2;1;moderate
DEBB021;"'2019-03-08 03:00'";3;72;5;2;1;good
DEBB021;"'2019-03-08 04:00'";3;74;5;2;1;moderate
DEBB021;"'2019-03-08 05:00'";3;75;4;2;1;moderate
DEBB021;"'2019-03-08 06:00'";3;76;4;2;1;moderate
DEBB021;"'2019-03-08 07:00'";4;73;7;2;1;moderate
DEBB021;"'2019-03-08 08:00'";4;68;9;2;1;good
DEBB021;"'2019-03-08 09:00'";4;65;9;2;1;good
DEBB021;"'2019-03-08 10:00'";5;63;8;4;1;good
DEBB021;"'2019-03-08 11:00'";7;62;10;5;1;good
DEBB021;"'2019-03-08 12:00'";6;61;10;5;1;good
DEBB021;"'2019-03-08 13:00'";5;67;8;4;1;good
DEBB021;"'2019-03-08 14:00'";5;81;6;4;1;moderate
DEBB021;"'2019-03-08 15:00'";7;80;7;5;1;moderate
DEBB021;"'2019-03-08 16:00'";7;82;8;5;1;moderate
DEBB021;"'2019-03-08 17:00'";7;80;12;5;1;moderate
DEBB021;"'2019-03-08 18:00'";10;76;12;7;1;moderate
DEBB021;"'2019-03-08 19:00'";11;73;13;7;1;moderate
DEBB021;"'2019-03-08 20:00'";13;60;25;8;1;good
DEBB021;"'2019-03-08 21:00'";11;65;17;7;1;good
DEBB021;"'2019-03-08 22:00'";10;59;23;7;1;good
DEBB021;"'2019-03-08 23:00'";8;59;19;6;1;good
DEBB021;"'2019-03-08 24:00'";7;66;10;6;1;good
DEBB021;"'2019-03-09 01:00'";9;63;9;7;1;good
DEBB021;"'2019-03-09 02:00'";11;55;11;9;1;good
DEBB021;"'2019-03-09 03:00'";11;50;11;9;1;good
DEBB021;"'2019-03-09 04:00'";9;52;9;8;1;good
DEBB021;"'2019-03-09 05:00'";8;55;8;7;1;good
DEBB021;"'2019-03-09 06:00'";9;57;8;8;1;good
DEBB021;"'2019-03-09 07:00'";9;61;8;8;1;good
DEBB021;"'2019-03-09 08:00'";8;60;8;7;1;good
DEBB021;"'2019-03-09 09:00'";6;63;6;5;1;good
DEBB021;"'2019-03-09 10:00'";3;63;7;3;1;good
DEBB021;"'2019-03-09 11:00'";4;71;6;3;1;good
DEBB021;"'2019-03-09 12:00'";5;78;6;4;1;moderate
DEBB021;"'2019-03-09 13:00'";5;79;5;4;1;moderate
DEBB021;"'2019-03-09 14:00'";7;81;5;5;1;moderate
DEBB021;"'2019-03-09 15:00'";11;78;7;9;1;moderate
DEBB021;"'2019-03-09 16:00'";14;78;8;12;1;moderate
DEBB021;"'2019-03-09 17:00'";13;76;10;10;1;moderate
DEBB021;"'2019-03-09 18:00'";4;79;12;3;1;moderate
DEBB021;"'2019-03-09 19:00'";5;71;14;4;1;good
DEBB021;"'2019-03-09 20:00'";7;67;16;6;1;good
DEBB021;"'2019-03-09 21:00'";7;71;9;6;1;good
DEBB021;"'2019-03-09 22:00'";3;84;4;2;1;moderate
DEBB021;"'2019-03-09 23:00'";4;86;2;3;1;moderate
DEBB021;"'2019-03-09 24:00'";3;87;2;3;1;moderate
DEBB021;"'2019-03-10 01:00'";4;84;2;3;1;moderate
DEBB021;"'2019-03-10 02:00'";4;81;3;3;1;moderate
DEBB021;"'2019-03-10 03:00'";4;80;4;3;1;moderate
DEBB021;"'2019-03-10 04:00'";4;78;5;3;1;moderate
DEBB021;"'2019-03-10 05:00'";5;77;5;4;1;moderate
DEBB021;"'2019-03-10 06:00'";7;74;6;6;1;moderate
DEBB021;"'2019-03-10 07:00'";8;72;6;7;1;good
DEBB021;"'2019-03-10 08:00'";8;69;7;7;1;good
DEBB021;"'2019-03-10 09:00'";10;67;7;8;1;good
DEBB021;"'2019-03-10 10:00'";10;67;9;8;1;good
DEBB021;"'2019-03-10 11:00'";10;72;8;7;1;good
DEBB021;"'2019-03-10 12:00'";12;70;9;9;1;good
DEBB021;"'2019-03-10 13:00'";7;78;7;5;1;moderate
DEBB021;"'2019-03-10 14:00'";6;76;8;5;1;moderate
DEBB021;"'2019-03-10 15:00'";4;70;9;4;1;good
DEBB021;"'2019-03-10 16:00'";4;71;9;4;1;good
DEBB021;"'2019-03-10 17:00'";5;64;13;4;1;good
DEBB021;"'2019-03-10 18:00'";4;65;13;4;1;good
DEBB021;"'2019-03-10 19:00'";4;65;12;4;1;good
DEBB021;"'2019-03-10 20:00'";4;65;14;4;1;good
DEBB021;"'2019-03-10 21:00'";6;67;12;5;1;good
DEBB021;"'2019-03-10 22:00'";4;71;6;3;1;good
DEBB021;"'2019-03-10 23:00'";4;73;5;4;1;moderate
DEBB021;"'2019-03-10 24:00'";7;70;5;6;1;good
DEBB021;"'2019-03-11 01:00'";8;71;5;6;1;good
DEBB021;"'2019-03-11 02:00'";9;71;5;8;1;good
DEBB021;"'2019-03-11 03:00'";9;69;6;8;1;good
DEBB021;"'2019-03-11 04:00'";5;66;8;5;1;good
DEBB021;"'2019-03-11 05:00'";4;66;9;4;1;good
DEBB021;"'2019-03-11 06:00'";6;65;11;5;1;good
DEBB021;"'2019-03-11 07:00'";7;61;17;5;1;good
DEBB021;"'2019-03-11 08:00'";8;54;22;7;1;good
DEBB021;"'2019-03-11 09:00'";8;59;17;7;1;good
DEBB021;"'2019-03-11 10:00'";6;65;13;5;1;good
DEBB021;"'2019-03-11 11:00'";7;68;12;5;1;good
DEBB021;"'2019-03-11 12:00'";7;68;11;6;1;good
DEBB021;"'2019-03-11 13:00'";6;70;9;5;1;good
DEBB021;"'2019-03-11 14:00'";5;69;10;5;1;good
DEBB021;"'2019-03-11 15:00'";4;72;8;3;1;good
DEBB021;"'2019-03-11 16:00'";3;72;9;3;1;good
DEBB021;"'2019-03-11 17:00'";4;68;10;3;1;good
DEBB021;"'2019-03-11 18:00'";4;62;14;3;1;good
DEBB021;"'2019-03-11 19:00'";6;60;16;5;1;good
DEBB021;"'2019-03-11 20:00'";4;65;11;3;1;good
DEBB021;"'2019-03-11 21:00'";5;62;11;4;1;good
DEBB021;"'2019-03-11 22:00'";6;59;9;5;1;good
DEBB021;"'2019-03-11 23:00'";6;58;8;5;1;good
DEBB021;"'2019-03-11 24:00'";7;56;7;6;1;good
DEBB021;"'2019-03-12 01:00'";8;60;5;7;1;good
DEBB021;"'2019-03-12 02:00'";8;63;5;7;1;good
DEBB021;"'2019-03-12 03:00'";12;62;6;10;1;good
DEBB021;"'2019-03-12 04:00'";14;60;6;12;1;good
DEBB021;"'2019-03-12 05:00'";13;61;6;12;1;good
DEBB021;"'2019-03-12 06:00'";12;63;7;11;1;good
DEBB021;"'2019-03-12 07:00'";12;53;18;10;1;good
DEBB021;"'2019-03-12 08:00'";12;47;24;10;1;good
DEBB021;"'2019-03-12 09:00'";14;46;22;11;1;good
DEBB021;"'2019-03-12 10:00'";10;58;13;9;1;good
DEBB021;"'2019-03-12 11:00'";8;68;10;6;1;good
DEBB021;"'2019-03-12 12:00'";7;72;9;4;1;good
DEBB021;"'2019-03-12 13:00'";5;74;-;3;1;moderate
DEBB021;"'2019-03-12 14:00'";7;77;8;4;1;moderate
DEBB021;"'2019-03-12 15:00'";8;78;10;6;1;moderate
DEBB021;"'2019-03-12 16:00'";13;76;11;9;1;moderate
DEBB021;"'2019-03-12 17:00'";12;77;12;8;1;moderate
DEBB021;"'2019-03-12 18:00'";11;73;13;8;1;moderate
DEBB021;"'2019-03-12 19:00'";10;70;14;7;1;good
DEBB021;"'2019-03-12 20:00'";8;71;11;6;1;good
DEBB021;"'2019-03-12 21:00'";8;72;10;6;1;good
DEBB021;"'2019-03-12 22:00'";8;68;9;6;1;good
DEBB021;"'2019-03-12 23:00'";7;66;10;6;1;good
DEBB021;"'2019-03-12 24:00'";6;67;9;5;1;good
DEBB021;"'2019-03-13 01:00'";5;71;8;4;1;good
DEBB021;"'2019-03-13 02:00'";5;72;7;3;1;good
DEBB021;"'2019-03-13 03:00'";5;71;7;3;1;good
DEBB021;"'2019-03-13 04:00'";4;71;6;3;1;good
DEBB021;"'2019-03-13 05:00'";2;80;5;1;1;moderate
DEBB021;"'2019-03-13 06:00'";3;83;5;2;1;moderate
DEBB021;"'2019-03-13 07:00'";4;73;14;3;1;moderate
DEBB021;"'2019-03-13 08:00'";4;73;12;3;1;moderate
DEBB021;"'2019-03-13 09:00'";6;72;11;4;1;good
DEBB021;"'2019-03-13 10:00'";6;75;8;4;1;moderate
DEBB021;"'2019-03-13 11:00'";6;77;8;4;1;moderate
DEBB021;"'2019-03-13 12:00'";6;78;8;3;1;moderate
DEBB021;"'2019-03-13 13:00'";6;80;6;3;1;moderate
DEBB021;"'2019-03-13 14:00'";6;77;9;3;1;moderate
DEBB021;"'2019-03-13 15:00'";6;74;12;3;1;moderate
DEBB021;"'2019-03-13 16:00'";6;74;11;3;1;moderate
DEBB021;"'2019-03-13 17:00'";5;73;10;3;1;moderate
DEBB021;"'2019-03-13 18:00'";5;71;12;3;1;good
DEBB021;"'2019-03-13 19:00'";4;71;10;2;1;good
DEBB021;"'2019-03-13 20:00'";4;69;10;3;1;good
DEBB021;"'2019-03-13 21:00'";3;68;8;2;1;good
DEBB021;"'2019-03-13 22:00'";3;67;8;2;1;good
DEBB021;"'2019-03-13 23:00'";4;67;7;3;1;good
DEBB021;"'2019-03-13 24:00'";4;64;6;4;1;good
DEBB021;"'2019-03-14 01:00'";5;66;7;4;1;good
DEBB021;"'2019-03-14 02:00'";4;71;7;4;1;good
DEBB021;"'2019-03-14 03:00'";3;75;5;3;1;moderate
DEBB021;"'2019-03-14 04:00'";3;76;4;2;1;moderate
DEBB021;"'2019-03-14 05:00'";3;76;3;2;1;moderate
DEBB021;"'2019-03-14 06:00'";3;74;6;3;1;moderate
DEBB021;"'2019-03-14 07:00'";4;68;12;3;1;good
DEBB021;"'2019-03-14 08:00'";6;66;14;5;1;good
DEBB021;"'2019-03-14 09:00'";10;65;15;7;1;good
DEBB021;"'2019-03-14 10:00'";8;60;16;6;1;good
DEBB021;"'2019-03-14 11:00'";11;60;12;9;1;good
DEBB021;"'2019-03-14 12:00'";10;64;10;8;1;good
DEBB021;"'2019-03-14 13:00'";7;69;10;5;1;good
DEBB021;"'2019-03-14 14:00'";5;68;12;4;1;good
DEBB021;"'2019-03-14 15:00'";4;67;16;3;1;good
DEBB021;"'2019-03-14 16:00'";3;61;15;2;1;good
DEBB021;"'2019-03-14 17:00'";3;57;14;2;1;good
DEBB021;"'2019-03-14 18:00'";2;54;16;2;1;good
DEBB021;"'2019-03-14 19:00'";1;54;15;0.8;1;good
DEBB021;"'2019-03-14 20:00'";3;53;13;3;1;good
DEBB021;"'2019-03-14 21:00'";5;48;16;4;1;good
DEBB021;"'2019-03-14 22:00'";6;51;13;5;1;good
DEBB021;"'2019-03-14 23:00'";6;59;9;5;1;good
DEBB021;"'2019-03-14 24:00'";3;77;5;3;1;moderate
DEBB021;"'2019-03-15 01:00'";3;84;2;2;1;moderate
DEBB021;"'2019-03-15 02:00'";3;84;3;3;1;moderate
DEBB021;"'2019-03-15 03:00'";4;81;3;4;1;moderate
DEBB021;"'2019-03-15 04:00'";4;80;4;3;1;moderate
DEBB021;"'2019-03-15 05:00'";4;79;5;3;1;moderate
DEBB021;"'2019-03-15 06:00'";4;78;5;3;1;moderate
DEBB021;"'2019-03-15 07:00'";5;72;10;4;1;good
DEBB021;"'2019-03-15 08:00'";6;70;11;4;1;good
DEBB021;"'2019-03-15 09:00'";6;74;9;4;1;moderate
DEBB021;"'2019-03-15 10:00'";8;66;11;6;1;good
DEBB021;"'2019-03-15 11:00'";11;62;12;8;1;good
DEBB021;"'2019-03-15 12:00'";9;67;10;7;1;good
DEBB021;"'2019-03-15 13:00'";12;67;10;8;1;good
DEBB021;"'2019-03-15 14:00'";12;60;13;10;1;good
DEBB021;"'2019-03-15 15:00'";7;61;16;5;1;good
DEBB021;"'2019-03-15 16:00'";4;59;16;4;1;good
DEBB021;"'2019-03-15 17:00'";4;57;14;3;1;good
DEBB021;"'2019-03-15 18:00'";4;52;15;3;1;good
DEBB021;"'2019-03-15 19:00'";3;70;9;3;1;good
DEBB021;"'2019-03-15 20:00'";3;82;5;3;1;moderate
DEBB021;"'2019-03-15 21:00'";3;83;5;2;1;moderate
DEBB021;"'2019-03-15 22:00'";3;83;5;2;1;moderate
DEBB021;"'2019-03-15 23:00'";4;85;4;3;1;moderate
DEBB021;"'2019-03-15 24:00'";5;85;5;3;1;moderate
DEBB021;"'2019-03-16 01:00'";5;82;5;4;1;moderate
DEBB021;"'2019-03-16 02:00'";6;84;4;4;1;moderate
DEBB021;"'2019-03-16 03:00'";7;82;3;5;1;moderate
DEBB021;"'2019-03-16 04:00'";6;81;4;5;1;moderate
DEBB021;"'2019-03-16 05:00'";7;78;5;5;1;moderate
DEBB021;"'2019-03-16 06:00'";7;78;5;5;1;moderate
DEBB021;"'2019-03-16 07:00'";8;76;9;5;1;moderate
DEBB021;"'2019-03-16 08:00'";7;75;6;5;1;moderate
DEBB021;"'2019-03-16 09:00'";7;74;6;5;1;moderate
DEBB021;"'2019-03-16 10:00'";8;75;6;6;1;moderate
DEBB021;"'2019-03-16 11:00'";9;77;6;6;1;moderate
DEBB021;"'2019-03-16 12:00'";7;77;8;5;1;moderate
DEBB021;"'2019-03-16 13:00'";5;74;12;4;1;moderate
DEBB021;"'2019-03-16 14:00'";4;76;11;3;1;moderate
DEBB021;"'2019-03-16 15:00'";2;66;29;2;1;good
DEBB021;"'2019-03-16 16:00'";3;69;15;2;1;good
DEBB021;"'2019-03-16 17:00'";3;67;13;3;1;good
DEBB021;"'2019-03-16 18:00'";6;51;19;5;1;good
DEBB021;"'2019-03-16 19:00'";11;44;18;9;1;good
DEBB021;"'2019-03-16 20:00'";12;38;17;11;1;good
DEBB021;"'2019-03-16 21:00'";10;42;13;8;1;good
DEBB021;"'2019-03-16 22:00'";8;38;13;7;1;good
DEBB021;"'2019-03-16 23:00'";4;44;8;3;1;good
DEBB021;"'2019-03-16 24:00'";4;52;8;3;1;good
DEBB021;"'2019-03-17 01:00'";5;58;6;4;1;good
DEBB021;"'2019-03-17 02:00'";5;62;6;4;1;good
DEBB021;"'2019-03-17 03:00'";6;70;4;5;1;good
DEBB021;"'2019-03-17 04:00'";6;73;3;5;1;moderate
DEBB021;"'2019-03-17 05:00'";5;74;4;4;1;moderate
DEBB021;"'2019-03-17 06:00'";5;70;5;5;1;good
DEBB021;"'2019-03-17 07:00'";5;65;5;4;1;good
DEBB021;"'2019-03-17 08:00'";5;61;6;4;1;good
DEBB021;"'2019-03-17 09:00'";5;58;6;4;1;good
DEBB021;"'2019-03-17 10:00'";6;64;6;4;1;good
DEBB021;"'2019-03-17 11:00'";7;69;6;5;1;good
DEBB021;"'2019-03-17 12:00'";9;71;7;5;1;good
DEBB021;"'2019-03-17 13:00'";9;75;5;5;1;moderate
DEBB021;"'2019-03-17 14:00'";6;76;6;4;1;moderate
DEBB021;"'2019-03-17 15:00'";1;83;8;0.8;1;moderate
DEBB021;"'2019-03-17 16:00'";2;78;10;1;1;moderate
DEBB021;"'2019-03-17 17:00'";3;74;10;3;1;moderate
DEBB021;"'2019-03-17 18:00'";2;70;10;2;1;good
DEBB021;"'2019-03-17 19:00'";2;76;8;2;1;moderate
DEBB021;"'2019-03-17 20:00'";2;85;7;1;1;moderate
DEBB021;"'2019-03-17 21:00'";3;75;11;3;1;moderate
DEBB021;"'2019-03-17 22:00'";2;72;11;2;1;good
DEBB021;"'2019-03-17 23:00'";2;71;10;2;1;good
DEBB021;"'2019-03-17 24:00'";3;73;7;2;1;moderate
DEBB021;"'2019-03-18 01:00'";3;69;9;2;1;good
DEBB021;"'2019-03-18 02:00'";4;70;9;4;1;good
DEBB021;"'2019-03-18 03:00'";5;66;6;4;1;good
DEBB021;"'2019-03-18 04:00'";6;67;6;5;1;good
DEBB021;"'2019-03-18 05:00'";6;68;6;5;1;good
DEBB021;"'2019-03-18 06:00'";6;69;7;5;1;good
DEBB021;"'2019-03-18 07:00'";6;66;10;5;1;good
DEBB021;"'2019-03-18 08:00'";6;66;12;5;1;good
DEBB021;"'2019-03-18 09:00'";6;68;11;5;1;good
DEBB021;"'2019-03-18 10:00'";6;67;12;5;1;good
DEBB021;"'2019-03-18 11:00'";7;68;11;5;1;good
DEBB021;"'2019-03-18 12:00'";8;71;11;5;1;good
DEBB021;"'2019-03-18 13:00'";7;74;9;5;1;moderate
DEBB021;"'2019-03-18 14:00'";6;76;8;4;1;moderate
DEBB021;"'2019-03-18 15:00'";6;79;8;4;1;moderate
DEBB021;"'2019-03-18 16:00'";6;76;10;4;1;moderate
DEBB021;"'2019-03-18 17:00'";3;78;9;3;1;moderate
DEBB021;"'2019-03-18 18:00'";3;74;10;3;1;moderate
DEBB021;"'2019-03-18 19:00'";4;71;11;3;1;good
DEBB021;"'2019-03-18 20:00'";4;71;11;3;1;good
DEBB021;"'2019-03-18 21:00'";4;72;8;3;1;good
DEBB021;"'2019-03-18 22:00'";4;71;7;4;1;good
DEBB021;"'2019-03-18 23:00'";5;68;8;4;1;good
DEBB021;"'2019-03-18 24:00'";6;68;7;5;1;good
DEBB021;"'2019-03-19 01:00'";6;64;7;5;1;good
DEBB021;"'2019-03-19 02:00'";6;62;9;5;1;good
DEBB021;"'2019-03-19 03:00'";6;66;7;5;1;good
DEBB021;"'2019-03-19 04:00'";6;67;6;5;1;good
DEBB021;"'2019-03-19 05:00'";6;66;6;5;1;good
DEBB021;"'2019-03-19 06:00'";7;63;8;5;1;good
DEBB021;"'2019-03-19 07:00'";8;56;15;6;1;good
DEBB021;"'2019-03-19 08:00'";9;51;19;6;1;good
DEBB021;"'2019-03-19 09:00'";9;56;14;6;1;good
DEBB021;"'2019-03-19 10:00'";10;67;10;7;1;good
DEBB021;"'2019-03-19 11:00'";11;75;7;7;1;moderate
DEBB021;"'2019-03-19 12:00'";11;77;7;6;1;moderate
DEBB021;"'2019-03-19 13:00'";8;80;6;5;1;moderate
DEBB021;"'2019-03-19 14:00'";10;76;8;6;1;moderate
DEBB021;"'2019-03-19 15:00'";8;79;9;5;1;moderate
DEBB021;"'2019-03-19 16:00'";8;79;8;5;1;moderate
DEBB021;"'2019-03-19 17:00'";7;75;11;5;1;moderate
DEBB021;"'2019-03-19 18:00'";9;67;17;6;1;good
DEBB021;"'2019-03-19 19:00'";12;56;25;8;1;good
DEBB021;"'2019-03-19 20:00'";16;41;38;12;2;moderate
DEBB021;"'2019-03-19 21:00'";13;37;33;9;1;moderate
DEBB021;"'2019-03-19 22:00'";20;29;41;15;1;moderate
DEBB021;"'2019-03-19 23:00'";15;28;38;11;1;moderate
DEBB021;"'2019-03-19 24:00'";14;28;34;10;1;moderate
DEBB021;"'2019-03-20 01:00'";11;33;27;8;1;good
DEBB021;"'2019-03-20 02:00'";10;35;25;7;1;good
DEBB021;"'2019-03-20 03:00'";9;35;20;6;1;good
DEBB021;"'2019-03-20 04:00'";8;27;24;6;1;good
DEBB021;"'2019-03-20 05:00'";8;25;23;6;1;good
DEBB021;"'2019-03-20 06:00'";8;30;19;6;1;good
DEBB021;"'2019-03-20 07:00'";10;12;46;7;1;moderate
DEBB021;"'2019-03-20 08:00'";11;26;35;7;1;moderate
DEBB021;"'2019-03-20 09:00'";14;31;32;9;1;moderate
DEBB021;"'2019-03-20 10:00'";16;47;23;9;1;good
DEBB021;"'2019-03-20 11:00'";12;69;13;7;1;good
DEBB021;"'2019-03-20 12:00'";15;77;10;11;1;moderate
DEBB021;"'2019-03-20 13:00'";22;85;9;18;1;moderate
DEBB021;"'2019-03-20 14:00'";25;87;9;21;2;moderate
DEBB021;"'2019-03-20 15:00'";28;86;11;23;3;moderate
DEBB021;"'2019-03-20 16:00'";26;91;11;21;3;moderate
DEBB021;"'2019-03-20 17:00'";19;92;11;15;2;moderate
DEBB021;"'2019-03-20 18:00'";18;87;14;14;1;moderate
DEBB021;"'2019-03-20 19:00'";19;76;22;14;1;moderate
DEBB021;"'2019-03-20 20:00'";16;75;15;12;1;moderate
DEBB021;"'2019-03-20 21:00'";13;74;12;10;1;moderate
DEBB021;"'2019-03-20 22:00'";14;71;12;11;1;good
DEBB021;"'2019-03-20 23:00'";16;66;13;13;1;good
DEBB021;"'2019-03-20 24:00'";19;64;11;16;1;moderate
DEBB021;"'2019-03-21 01:00'";23;60;10;19;1;moderate
DEBB021;"'2019-03-21 02:00'";25;56;11;20;1;moderate
DEBB021;"'2019-03-21 03:00'";26;53;10;21;1;moderate
DEBB021;"'2019-03-21 04:00'";26;46;15;20;1;moderate
DEBB021;"'2019-03-21 05:00'";25;41;17;20;1;moderate
DEBB021;"'2019-03-21 06:00'";24;41;15;21;1;moderate
DEBB021;"'2019-03-21 07:00'";26;33;23;21;1;moderate
DEBB021;"'2019-03-21 08:00'";30;22;32;24;1;moderate
DEBB021;"'2019-03-21 09:00'";33;25;29;26;3;moderate
DEBB021;"'2019-03-21 10:00'";28;37;17;24;1;moderate
DEBB021;"'2019-03-21 11:00'";24;43;16;20;1;moderate
DEBB021;"'2019-03-21 12:00'";19;52;11;16;1;moderate
DEBB021;"'2019-03-21 13:00'";18;56;10;15;1;good
DEBB021;"'2019-03-21 14:00'";21;52;12;18;1;moderate
DEBB021;"'2019-03-21 15:00'";24;49;14;20;1;moderate
DEBB021;"'2019-03-21 16:00'";24;52;13;21;1;moderate
DEBB021;"'2019-03-21 17:00'";23;56;13;19;1;moderate
DEBB021;"'2019-03-21 18:00'";24;54;15;20;1;moderate
DEBB021;"'2019-03-21 19:00'";32;28;41;24;1;moderate
DEBB021;"'2019-03-21 20:00'";34;8;58;27;1;moderate
DEBB021;"'2019-03-21 21:00'";33;7;50;26;1;moderate
DEBB021;"'2019-03-21 22:00'";34;2;49;28;1;moderate
DEBB021;"'2019-03-21 23:00'";34;2;42;28;1;moderate
DEBB021;"'2019-03-21 24:00'";33;2;37;27;1;moderate
DEBB021;"'2019-03-22 01:00'";30;2;28;25;1;moderate
DEBB021;"'2019-03-22 02:00'";30;2;27;25;1;moderate
DEBB021;"'2019-03-22 03:00'";29;2;26;25;1;moderate
DEBB021;"'2019-03-22 04:00'";29;2;26;25;1;moderate
DEBB021;"'2019-03-22 05:00'";29;2;28;26;1;moderate
DEBB021;"'2019-03-22 06:00'";30;2;31;26;1;moderate
DEBB021;"'2019-03-22 07:00'";32;2;35;26;1;moderate
DEBB021;"'2019-03-22 08:00'";34;2;41;27;1;moderate
DEBB021;"'2019-03-22 09:00'";30;22;29;24;1;moderate
DEBB021;"'2019-03-22 10:00'";30;27;28;25;1;moderate
DEBB021;"'2019-03-22 11:00'";28;36;21;23;1;moderate
DEBB021;"'2019-03-22 12:00'";29;37;21;23;1;moderate
DEBB021;"'2019-03-22 13:00'";28;38;19;23;1;moderate
DEBB021;"'2019-03-22 14:00'";28;40;17;23;1;moderate
DEBB021;"'2019-03-22 15:00'";26;44;15;22;1;moderate
DEBB021;"'2019-03-22 16:00'";27;42;20;22;1;moderate
DEBB021;"'2019-03-22 17:00'";29;36;21;24;1;moderate
DEBB021;"'2019-03-22 18:00'";29;32;24;24;1;moderate
DEBB021;"'2019-03-22 19:00'";26;29;25;22;1;moderate
DEBB021;"'2019-03-22 20:00'";25;28;25;21;1;moderate
DEBB021;"'2019-03-22 21:00'";27;23;26;24;1;moderate
DEBB021;"'2019-03-22 22:00'";30;19;27;26;1;moderate
DEBB021;"'2019-03-22 23:00'";30;21;23;26;1;moderate
DEBB021;"'2019-03-22 24:00'";31;20;20;27;1;moderate
DEBB021;"'2019-03-23 01:00'";32;17;21;28;1;moderate
DEBB021;"'2019-03-23 02:00'";34;14;19;28;1;moderate
DEBB021;"'2019-03-23 03:00'";39;11;19;29;1;moderate
DEBB021;"'2019-03-23 04:00'";36;10;18;27;1;moderate
DEBB021;"'2019-03-23 05:00'";31;7;19;23;1;moderate
DEBB021;"'2019-03-23 06:00'";30;5;19;22;1;moderate
DEBB021;"'2019-03-23 07:00'";31;5;19;22;1;moderate
DEBB021;"'2019-03-23 08:00'";29;6;18;23;1;moderate
DEBB021;"'2019-03-23 09:00'";31;10;20;27;1;moderate
DEBB021;"'2019-03-23 10:00'";39;35;16;33;2;poor
DEBB021;"'2019-03-23 11:00'";41;50;12;34;3;poor
DEBB021;"'2019-03-23 12:00'";43;55;10;37;3;poor
DEBB021;"'2019-03-23 13:00'";47;57;9;41;2;poor
DEBB021;"'2019-03-23 14:00'";39;43;9;34;1;poor
DEBB021;"'2019-03-23 15:00'";32;48;10;28;1;moderate
DEBB021;"'2019-03-23 16:00'";33;54;9;29;1;moderate
DEBB021;"'2019-03-23 17:00'";27;61;7;24;1;moderate
DEBB021;"'2019-03-23 18:00'";24;61;8;21;1;moderate
DEBB021;"'2019-03-23 19:00'";23;57;10;20;1;moderate
DEBB021;"'2019-03-23 20:00'";27;54;10;23;1;moderate
DEBB021;"'2019-03-23 21:00'";33;48;10;29;1;moderate
DEBB021;"'2019-03-23 22:00'";35;44;10;31;1;poor
DEBB021;"'2019-03-23 23:00'";34;43;10;29;1;moderate
DEBB021;"'2019-03-23 24:00'";35;40;11;30;1;moderate
DEBB021;"'2019-03-24 01:00'";37;36;10;32;1;poor
DEBB021;"'2019-03-24 02:00'";33;38;10;28;1;moderate
DEBB021;"'2019-03-24 03:00'";21;56;7;17;1;moderate
DEBB021;"'2019-03-24 04:00'";14;62;7;11;1;good
DEBB021;"'2019-03-24 05:00'";20;47;10;16;1;moderate
DEBB021;"'2019-03-24 06:00'";21;43;10;17;1;moderate
DEBB021;"'2019-03-24 07:00'";20;41;11;16;1;moderate
DEBB021;"'2019-03-24 08:00'";16;49;9;13;1;good
DEBB021;"'2019-03-24 09:00'";13;57;8;9;1;good
DEBB021;"'2019-03-24 10:00'";13;59;10;9;1;good
DEBB021;"'2019-03-24 11:00'";12;66;9;8;1;good
DEBB021;"'2019-03-24 12:00'";11;76;8;7;1;moderate
DEBB021;"'2019-03-24 13:00'";9;83;5;6;1;moderate
DEBB021;"'2019-03-24 14:00'";7;87;4;4;1;moderate
DEBB021;"'2019-03-24 15:00'";6;89;5;4;1;moderate
DEBB021;"'2019-03-24 16:00'";7;84;6;5;1;moderate
DEBB021;"'2019-03-24 17:00'";7;81;6;4;1;moderate
DEBB021;"'2019-03-24 18:00'";8;77;6;6;1;moderate
DEBB021;"'2019-03-24 19:00'";11;71;11;8;1;good
DEBB021;"'2019-03-24 20:00'";17;65;15;13;1;good
DEBB021;"'2019-03-24 21:00'";15;49;26;11;1;good
DEBB021;"'2019-03-24 22:00'";14;43;25;11;1;good
DEBB021;"'2019-03-24 23:00'";15;38;27;12;1;good
DEBB021;"'2019-03-24 24:00'";12;38;23;9;1;good
DEBB021;"'2019-03-25 01:00'";10;43;20;8;1;good
DEBB021;"'2019-03-25 02:00'";10;38;25;7;1;good
DEBB021;"'2019-03-25 03:00'";9;45;15;7;1;good
DEBB021;"'2019-03-25 04:00'";9;45;17;7;1;good
DEBB021;"'2019-03-25 05:00'";9;44;21;7;1;good
DEBB021;"'2019-03-25 06:00'";9;51;13;7;1;good
DEBB021;"'2019-03-25 07:00'";10;53;16;8;1;good
DEBB021;"'2019-03-25 08:00'";8;58;16;7;1;good
DEBB021;"'2019-03-25 09:00'";8;58;15;7;1;good
DEBB021;"'2019-03-25 10:00'";7;64;13;6;1;good
DEBB021;"'2019-03-25 11:00'";5;76;9;4;1;moderate
DEBB021;"'2019-03-25 12:00'";6;79;8;4;1;moderate
DEBB021;"'2019-03-25 13:00'";4;-;7;3;-;"very good"
DEBB021;"'2019-03-25 14:00'";4;-;6;3;1;"very good"
DEBB021;"'2019-03-25 15:00'";2;73;7;2;1;moderate
DEBB021;"'2019-03-25 16:00'";2;74;8;1;1;moderate
DEBB021;"'2019-03-25 17:00'";3;73;10;2;1;moderate
DEBB021;"'2019-03-25 18:00'";5;74;9;3;1;moderate
DEBB021;"'2019-03-25 19:00'";6;68;15;5;1;good
DEBB021;"'2019-03-25 20:00'";7;67;12;5;1;good
DEBB021;"'2019-03-25 21:00'";6;68;9;5;1;good
DEBB021;"'2019-03-25 22:00'";7;67;10;5;1;good
DEBB021;"'2019-03-25 23:00'";8;62;12;6;1;good
DEBB021;"'2019-03-25 24:00'";8;58;10;7;1;good
DEBB021;"'2019-03-26 01:00'";8;56;9;7;1;good
DEBB021;"'2019-03-26 02:00'";8;57;8;7;1;good
DEBB021;"'2019-03-26 03:00'";8;52;8;7;1;good
DEBB021;"'2019-03-26 04:00'";8;49;8;7;1;good
DEBB021;"'2019-03-26 05:00'";7;52;8;6;1;good
DEBB021;"'2019-03-26 06:00'";7;53;9;6;1;good
DEBB021;"'2019-03-26 07:00'";11;54;9;9;1;good
DEBB021;"'2019-03-26 08:00'";10;63;11;8;1;good
DEBB021;"'2019-03-26 09:00'";8;70;10;6;1;good
DEBB021;"'2019-03-26 10:00'";7;75;7;6;1;moderate
DEBB021;"'2019-03-26 11:00'";7;78;7;5;1;moderate
DEBB021;"'2019-03-26 12:00'";6;79;6;5;1;moderate
DEBB021;"'2019-03-26 13:00'";7;79;7;6;1;moderate
DEBB021;"'2019-03-26 14:00'";7;78;8;6;1;moderate
DEBB021;"'2019-03-26 15:00'";7;71;9;6;1;good
DEBB021;"'2019-03-26 16:00'";5;74;9;4;1;moderate
DEBB021;"'2019-03-26 17:00'";5;76;9;4;1;moderate
DEBB021;"'2019-03-26 18:00'";5;75;9;4;1;moderate
DEBB021;"'2019-03-26 19:00'";6;71;10;5;1;good
DEBB021;"'2019-03-26 20:00'";7;70;10;6;1;good
DEBB021;"'2019-03-26 21:00'";6;68;8;5;1;good
DEBB021;"'2019-03-26 22:00'";7;65;8;6;1;good
DEBB021;"'2019-03-26 23:00'";6;63;8;5;1;good
DEBB021;"'2019-03-26 24:00'";6;64;7;5;1;good
DEBB021;"'2019-03-27 01:00'";6;62;8;5;1;good
DEBB021;"'2019-03-27 02:00'";6;62;7;5;1;good
DEBB021;"'2019-03-27 03:00'";6;63;6;6;1;good
DEBB021;"'2019-03-27 04:00'";9;55;7;8;1;good
DEBB021;"'2019-03-27 05:00'";9;54;7;8;1;good
DEBB021;"'2019-03-27 06:00'";9;60;6;8;1;good
DEBB021;"'2019-03-27 07:00'";12;56;13;10;1;good
DEBB021;"'2019-03-27 08:00'";12;55;13;10;1;good
DEBB021;"'2019-03-27 09:00'";11;57;13;9;1;good
DEBB021;"'2019-03-27 10:00'";12;61;8;10;1;good
DEBB021;"'2019-03-27 11:00'";12;-;8;10;1;good
DEBB021;"'2019-03-27 12:00'";12;68;9;10;1;good
DEBB021;"'2019-03-27 13:00'";11;70;9;9;1;good
DEBB021;"'2019-03-27 14:00'";10;73;7;8;1;moderate
DEBB021;"'2019-03-27 15:00'";8;73;7;6;1;moderate
DEBB021;"'2019-03-27 16:00'";8;73;7;6;1;moderate
DEBB021;"'2019-03-27 17:00'";7;74;8;5;1;moderate
DEBB021;"'2019-03-27 18:00'";8;70;10;7;1;good
DEBB021;"'2019-03-27 19:00'";10;71;10;8;1;good
DEBB021;"'2019-03-27 20:00'";9;71;9;8;1;good
DEBB021;"'2019-03-27 21:00'";10;68;8;8;1;good
DEBB021;"'2019-03-27 22:00'";11;65;7;9;1;good
DEBB021;"'2019-03-27 23:00'";11;63;6;10;1;good
DEBB021;"'2019-03-27 24:00'";13;59;6;11;1;good
DEBB021;"'2019-03-28 01:00'";11;58;6;10;1;good
DEBB021;"'2019-03-28 02:00'";10;56;6;9;1;good
DEBB021;"'2019-03-28 03:00'";9;58;5;8;1;good
DEBB021;"'2019-03-28 04:00'";10;60;2;9;1;good
DEBB021;"'2019-03-28 05:00'";9;59;4;8;1;good
DEBB021;"'2019-03-28 06:00'";7;57;6;6;1;good
DEBB021;"'2019-03-28 07:00'";7;53;10;6;1;good
DEBB021;"'2019-03-28 08:00'";9;48;16;7;1;good
DEBB021;"'2019-03-28 09:00'";11;46;17;9;1;good
DEBB021;"'2019-03-28 10:00'";15;48;14;13;1;good
DEBB021;"'2019-03-28 11:00'";17;50;11;14;1;good
DEBB021;"'2019-03-28 12:00'";17;51;10;14;1;good
DEBB021;"'2019-03-28 13:00'";13;54;10;11;1;good
DEBB021;"'2019-03-28 14:00'";11;55;9;10;1;good
DEBB021;"'2019-03-28 15:00'";13;53;10;11;1;good
DEBB021;"'2019-03-28 16:00'";16;48;13;13;1;good
DEBB021;"'2019-03-28 17:00'";14;44;16;12;1;good
DEBB021;"'2019-03-28 18:00'";15;43;15;12;1;good
DEBB021;"'2019-03-28 19:00'";16;37;20;12;1;good
DEBB021;"'2019-03-28 20:00'";16;34;20;13;1;good
DEBB021;"'2019-03-28 21:00'";14;37;15;12;1;good
DEBB021;"'2019-03-28 22:00'";11;43;13;9;1;good
DEBB021;"'2019-03-28 23:00'";14;36;13;12;1;good
DEBB021;"'2019-03-28 24:00'";20;33;11;16;1;moderate
DEBB021;"'2019-03-29 01:00'";19;30;12;16;1;moderate
DEBB021;"'2019-03-29 02:00'";18;29;12;15;1;good
DEBB021;"'2019-03-29 03:00'";23;26;12;18;1;moderate
DEBB021;"'2019-03-29 04:00'";26;25;13;20;1;moderate
DEBB021;"'2019-03-29 05:00'";26;26;13;21;1;moderate
DEBB021;"'2019-03-29 06:00'";26;19;18;20;1;moderate
DEBB021;"'2019-03-29 07:00'";24;13;26;19;1;moderate
DEBB021;"'2019-03-29 08:00'";23;9;30;18;1;moderate
DEBB021;"'2019-03-29 09:00'";23;11;28;17;1;moderate
DEBB021;"'2019-03-29 10:00'";20;16;27;15;1;good
DEBB021;"'2019-03-29 11:00'";19;30;17;14;1;good
DEBB021;"'2019-03-29 12:00'";14;46;16;11;1;good
DEBB021;"'2019-03-29 13:00'";9;62;13;7;1;good
DEBB021;"'2019-03-29 14:00'";11;59;13;8;1;good
DEBB021;"'2019-03-29 15:00'";12;62;12;9;1;good
DEBB021;"'2019-03-29 16:00'";10;64;12;7;1;good
DEBB021;"'2019-03-29 17:00'";10;64;13;8;1;good
DEBB021;"'2019-03-29 18:00'";13;60;15;9;1;good
DEBB021;"'2019-03-29 19:00'";11;55;18;9;1;good
DEBB021;"'2019-03-29 20:00'";21;22;51;15;1;moderate
DEBB021;"'2019-03-29 21:00'";21;8;57;17;1;moderate
DEBB021;"'2019-03-29 22:00'";22;14;43;18;1;moderate
DEBB021;"'2019-03-29 23:00'";21;11;45;17;1;moderate
DEBB021;"'2019-03-29 24:00'";21;8;42;17;1;moderate
DEBB021;"'2019-03-30 01:00'";19;13;34;16;1;moderate
DEBB021;"'2019-03-30 02:00'";17;10;35;14;1;moderate
DEBB021;"'2019-03-30 03:00'";22;5;37;19;1;moderate
DEBB021;"'2019-03-30 04:00'";18;5;35;16;1;moderate
DEBB021;"'2019-03-30 05:00'";14;10;28;12;1;good
DEBB021;"'2019-03-30 06:00'";13;8;26;11;1;good
DEBB021;"'2019-03-30 07:00'";12;8;25;10;1;good
DEBB021;"'2019-03-30 08:00'";14;11;23;12;1;good
DEBB021;"'2019-03-30 09:00'";20;19;20;17;1;moderate
DEBB021;"'2019-03-30 10:00'";25;38;15;21;3;moderate
DEBB021;"'2019-03-30 11:00'";23;51;12;20;5;moderate
DEBB021;"'2019-03-30 12:00'";21;62;11;16;4;moderate
DEBB021;"'2019-03-30 13:00'";15;78;9;12;2;moderate
DEBB021;"'2019-03-30 14:00'";13;86;11;9;1;moderate
DEBB021;"'2019-03-30 15:00'";17;89;8;12;1;moderate
DEBB021;"'2019-03-30 16:00'";18;92;8;13;1;moderate
DEBB021;"'2019-03-30 17:00'";14;96;7;10;1;moderate
DEBB021;"'2019-03-30 18:00'";15;92;13;11;1;moderate
DEBB021;"'2019-03-30 19:00'";17;79;20;12;1;moderate
DEBB021;"'2019-03-30 20:00'";18;71;24;13;1;good
DEBB021;"'2019-03-30 21:00'";24;57;32;18;1;moderate
DEBB021;"'2019-03-30 22:00'";26;65;23;20;1;moderate
DEBB021;"'2019-03-30 23:00'";26;59;26;21;1;moderate
DEBB021;"'2019-03-30 24:00'";27;52;28;21;1;moderate
DEBB021;"'2019-03-31 01:00'";29;46;24;23;1;moderate
DEBB021;"'2019-03-31 02:00'";32;38;27;26;1;moderate
DEBB021;"'2019-03-31 04:00'";31;53;18;25;1;moderate
DEBB021;"'2019-03-31 05:00'";33;62;12;27;1;moderate
DEBB021;"'2019-03-31 06:00'";35;60;12;29;1;moderate
DEBB021;"'2019-03-31 07:00'";37;57;13;32;1;poor
DEBB021;"'2019-03-31 08:00'";39;61;9;33;1;poor
DEBB021;"'2019-03-31 09:00'";34;68;6;29;1;moderate
DEBB021;"'2019-03-31 10:00'";30;72;6;26;1;moderate
DEBB021;"'2019-03-31 11:00'";24;74;5;21;1;moderate
DEBB021;"'2019-03-31 12:00'";16;75;5;14;1;moderate
DEBB021;"'2019-03-31 13:00'";11;78;3;10;1;moderate
DEBB021;"'2019-03-31 14:00'";11;80;2;10;1;moderate
DEBB021;"'2019-03-31 15:00'";7;85;3;6;1;moderate
DEBB021;"'2019-03-31 16:00'";6;89;4;4;1;moderate
DEBB021;"'2019-03-31 17:00'";5;93;2;3;1;moderate
DEBB021;"'2019-03-31 18:00'";5;91;4;3;1;moderate
DEBB021;"'2019-03-31 19:00'";4;87;4;3;1;moderate
DEBB021;"'2019-03-31 20:00'";6;81;7;4;1;moderate
DEBB021;"'2019-03-31 21:00'";7;78;8;4;1;moderate
DEBB021;"'2019-03-31 22:00'";7;78;8;4;1;moderate
DEBB021;"'2019-03-31 23:00'";6;78;6;4;1;moderate
DEBB021;"'2019-03-31 24:00'";7;72;8;5;1;good
DEBB021;"'2019-04-01 01:00'";7;67;11;5;1;good
DEBB021;"'2019-04-01 02:00'";6;67;10;4;1;good
DEBB021;"'2019-04-01 03:00'";6;60;12;4;1;good
DEBB021;"'2019-04-01 04:00'";6;49;17;4;1;good
DEBB021;"'2019-04-01 05:00'";6;43;19;5;1;good
DEBB021;"'2019-04-01 06:00'";11;25;33;9;1;moderate
DEBB021;"'2019-04-01 07:00'";12;2;61;8;1;poor
DEBB021;"'2019-04-01 08:00'";11;11;56;7;1;moderate
DEBB021;"'2019-04-01 09:00'";11;34;44;7;1;moderate
DEBB021;"'2019-04-01 10:00'";9;58;28;5;1;good
DEBB021;"'2019-04-01 11:00'";8;73;14;4;1;moderate
DEBB021;"'2019-04-01 12:00'";7;78;10;3;1;moderate
DEBB021;"'2019-04-01 13:00'";7;80;8;3;1;moderate
DEBB021;"'2019-04-01 14:00'";8;82;8;3;1;moderate
DEBB021;"'2019-04-01 15:00'";9;81;9;3;1;moderate
DEBB021;"'2019-04-01 16:00'";9;81;9;3;1;moderate
DEBB021;"'2019-04-01 17:00'";8;83;9;3;1;moderate
DEBB021;"'2019-04-01 18:00'";6;86;9;3;1;moderate
DEBB021;"'2019-04-01 19:00'";9;84;12;4;1;moderate
DEBB021;"'2019-04-01 20:00'";8;86;9;4;1;moderate
DEBB021;"'2019-04-01 21:00'";9;79;12;5;1;moderate
DEBB021;"'2019-04-01 22:00'";9;77;11;5;1;moderate
DEBB021;"'2019-04-01 23:00'";9;74;11;6;1;moderate
DEBB021;"'2019-04-01 24:00'";10;74;10;6;1;moderate
DEBB021;"'2019-04-02 01:00'";13;73;9;7;1;moderate
DEBB021;"'2019-04-02 02:00'";11;70;10;7;2;good
DEBB021;"'2019-04-02 03:00'";11;70;9;7;1;good
DEBB021;"'2019-04-02 04:00'";12;67;10;8;2;good
DEBB021;"'2019-04-02 05:00'";13;63;12;9;3;good
DEBB021;"'2019-04-02 06:00'";14;58;15;10;3;good
DEBB021;"'2019-04-02 07:00'";17;47;25;12;3;good
DEBB021;"'2019-04-02 08:00'";21;41;31;14;4;moderate
DEBB021;"'2019-04-02 09:00'";24;50;23;15;5;good
DEBB021;"'2019-04-02 10:00'";23;54;19;15;7;good
DEBB021;"'2019-04-02 11:00'";22;56;20;14;7;good
DEBB021;"'2019-04-02 12:00'";24;64;15;14;6;good
DEBB021;"'2019-04-02 13:00'";24;69;14;14;7;good
DEBB021;"'2019-04-02 14:00'";24;74;13;14;7;moderate
DEBB021;"'2019-04-02 15:00'";23;75;16;15;10;moderate
DEBB021;"'2019-04-02 16:00'";27;77;17;15;9;moderate
DEBB021;"'2019-04-02 17:00'";31;89;16;17;6;moderate
DEBB021;"'2019-04-02 18:00'";81;90;22;24;5;poor
DEBB021;"'2019-04-02 19:00'";29;86;18;17;5;moderate
DEBB021;"'2019-04-02 20:00'";30;73;25;18;5;moderate
DEBB021;"'2019-04-02 21:00'";31;68;25;20;4;moderate
DEBB021;"'2019-04-02 22:00'";32;69;22;21;4;moderate
DEBB021;"'2019-04-02 23:00'";31;65;23;21;4;moderate
DEBB021;"'2019-04-02 24:00'";31;62;23;21;4;moderate
DEBB021;"'2019-04-03 01:00'";31;63;20;21;4;moderate
DEBB021;"'2019-04-03 02:00'";34;60;21;22;4;moderate
DEBB021;"'2019-04-03 03:00'";35;59;18;25;3;moderate
DEBB021;"'2019-04-03 04:00'";37;52;20;26;3;moderate
DEBB021;"'2019-04-03 05:00'";35;50;22;24;2;moderate
DEBB021;"'2019-04-03 06:00'";33;40;30;23;1;moderate
DEBB021;"'2019-04-03 07:00'";36;23;49;24;1;moderate
DEBB021;"'2019-04-03 08:00'";40;13;62;25;1;poor
DEBB021;"'2019-04-03 09:00'";45;18;61;26;3;poor
DEBB021;"'2019-04-03 10:00'";45;34;45;25;3;moderate
DEBB021;"'2019-04-03 11:00'";41;56;29;25;4;moderate
DEBB021;"'2019-04-03 12:00'";41;78;17;24;5;moderate
DEBB021;"'2019-04-03 13:00'";40;90;14;24;5;moderate
DEBB021;"'2019-04-03 14:00'";39;94;14;22;5;moderate
DEBB021;"'2019-04-03 15:00'";41;94;16;24;5;moderate
DEBB021;"'2019-04-03 16:00'";41;92;17;24;5;moderate
DEBB021;"'2019-04-03 17:00'";43;92;20;23;4;moderate
DEBB021;"'2019-04-03 18:00'";39;98;16;21;4;moderate
DEBB021;"'2019-04-03 19:00'";42;98;19;23;4;moderate
DEBB021;"'2019-04-03 20:00'";47;77;42;25;4;moderate
DEBB021;"'2019-04-03 21:00'";46;80;29;26;7;moderate
DEBB021;"'2019-04-03 22:00'";42;81;27;26;6;moderate
DEBB021;"'2019-04-03 23:00'";44;80;27;28;4;moderate
DEBB021;"'2019-04-03 24:00'";46;83;21;29;4;moderate
DEBB021;"'2019-04-04 01:00'";45;81;19;27;5;moderate
DEBB021;"'2019-04-04 02:00'";50;76;18;28;6;moderate
DEBB021;"'2019-04-04 03:00'";50;76;16;28;7;moderate
DEBB021;"'2019-04-04 04:00'";50;70;17;28;7;moderate
DEBB021;"'2019-04-04 05:00'";48;65;22;29;6;moderate
DEBB021;"'2019-04-04 06:00'";47;54;29;30;5;moderate
DEBB021;"'2019-04-04 07:00'";48;46;41;31;6;poor
DEBB021;"'2019-04-04 08:00'";49;42;44;30;5;moderate
DEBB021;"'2019-04-04 09:00'";50;49;38;28;6;moderate
DEBB021;"'2019-04-04 10:00'";44;61;27;26;5;moderate
DEBB021;"'2019-04-04 11:00'";43;72;19;25;5;moderate
DEBB021;"'2019-04-04 12:00'";46;80;16;28;5;moderate
DEBB021;"'2019-04-04 13:00'";46;83;15;26;4;moderate
DEBB021;"'2019-04-04 14:00'";34;91;13;19;4;moderate
DEBB021;"'2019-04-04 15:00'";27;96;13;15;4;moderate
DEBB021;"'2019-04-04 16:00'";29;95;16;13;6;moderate
DEBB021;"'2019-04-04 17:00'";30;102;16;12;6;moderate
DEBB021;"'2019-04-04 18:00'";24;107;13;12;4;moderate
DEBB021;"'2019-04-04 19:00'";22;105;15;12;3;moderate
DEBB021;"'2019-04-04 20:00'";30;88;29;14;3;moderate
DEBB021;"'2019-04-04 21:00'";34;45;66;19;3;poor
DEBB021;"'2019-04-04 22:00'";37;38;64;19;3;poor
DEBB021;"'2019-04-04 23:00'";42;62;38;20;3;moderate
DEBB021;"'2019-04-04 24:00'";37;77;19;19;1;moderate
DEBB021;"'2019-04-05 01:00'";37;74;17;20;3;moderate
DEBB021;"'2019-04-05 02:00'";34;67;20;21;3;moderate
DEBB021;"'2019-04-05 03:00'";36;70;15;22;3;moderate
DEBB021;"'2019-04-05 04:00'";37;62;20;23;3;moderate
DEBB021;"'2019-04-05 05:00'";39;55;20;24;3;moderate
DEBB021;"'2019-04-05 06:00'";45;21;35;33;1;poor
DEBB021;"'2019-04-05 07:00'";55;9;29;41;1;poor
DEBB021;"'2019-04-05 08:00'";66;14;21;42;1;poor
DEBB021;"'2019-04-05 09:00'";52;21;22;40;1;poor
DEBB021;"'2019-04-05 10:00'";49;26;20;38;1;poor
DEBB021;"'2019-04-05 11:00'";47;23;22;37;1;poor
DEBB021;"'2019-04-05 12:00'";43;26;19;35;1;poor
DEBB021;"'2019-04-05 13:00'";42;27;17;34;1;poor
DEBB021;"'2019-04-05 14:00'";37;33;15;30;1;moderate
DEBB021;"'2019-04-05 15:00'";38;41;13;30;1;moderate
DEBB021;"'2019-04-05 16:00'";40;55;10;31;1;poor
DEBB021;"'2019-04-05 17:00'";39;60;13;30;1;moderate
DEBB021;"'2019-04-05 18:00'";38;64;10;29;1;moderate
DEBB021;"'2019-04-05 19:00'";37;55;13;30;1;moderate
DEBB021;"'2019-04-05 20:00'";38;46;15;31;1;poor
DEBB021;"'2019-04-05 21:00'";41;37;21;33;1;poor
DEBB021;"'2019-04-05 22:00'";42;38;19;34;1;poor
DEBB021;"'2019-04-05 23:00'";41;35;17;34;1;poor
DEBB021;"'2019-04-05 24:00'";43;28;18;36;1;poor
DEBB021;"'2019-04-06 01:00'";43;24;18;36;1;poor
DEBB021;"'2019-04-06 02:00'";43;22;17;36;1;poor
DEBB021;"'2019-04-06 03:00'";44;16;20;36;1;poor
DEBB021;"'2019-04-06 04:00'";43;9;23;36;1;poor
DEBB021;"'2019-04-06 05:00'";42;5;22;35;1;poor
DEBB021;"'2019-04-06 06:00'";41;2;31;34;1;poor
DEBB021;"'2019-04-06 07:00'";41;9;44;33;1;poor
DEBB021;"'2019-04-06 08:00'";40;28;39;31;1;poor
DEBB021;"'2019-04-06 09:00'";43;37;35;32;3;poor
DEBB021;"'2019-04-06 10:00'";47;58;21;32;4;poor
DEBB021;"'2019-04-06 11:00'";52;70;17;33;4;poor
DEBB021;"'2019-04-06 12:00'";49;77;21;33;5;poor
DEBB021;"'2019-04-06 13:00'";47;92;17;28;6;moderate
DEBB021;"'2019-04-06 14:00'";46;105;11;25;5;moderate
DEBB021;"'2019-04-06 15:00'";41;115;9;22;4;moderate
DEBB021;"'2019-04-06 16:00'";40;121;9;22;4;moderate
DEBB021;"'2019-04-06 17:00'";31;123;9;19;4;moderate
DEBB021;"'2019-04-06 18:00'";31;123;8;18;3;moderate
DEBB021;"'2019-04-06 19:00'";33;120;9;19;2;moderate
DEBB021;"'2019-04-06 20:00'";36;113;13;22;3;moderate
DEBB021;"'2019-04-06 21:00'";44;105;16;26;3;moderate
DEBB021;"'2019-04-06 22:00'";44;97;17;28;3;moderate
DEBB021;"'2019-04-06 23:00'";41;99;13;26;3;moderate
DEBB021;"'2019-04-06 24:00'";42;98;11;26;3;moderate
DEBB021;"'2019-04-07 01:00'";43;95;11;27;3;moderate
DEBB021;"'2019-04-07 02:00'";47;91;12;28;3;moderate
DEBB021;"'2019-04-07 03:00'";47;84;15;28;3;moderate
DEBB021;"'2019-04-07 04:00'";45;79;14;27;3;moderate
DEBB021;"'2019-04-07 05:00'";47;70;17;29;4;moderate
DEBB021;"'2019-04-07 06:00'";46;69;17;28;4;moderate
DEBB021;"'2019-04-07 07:00'";45;67;18;28;4;moderate
DEBB021;"'2019-04-07 08:00'";47;61;20;28;4;moderate
DEBB021;"'2019-04-07 09:00'";48;58;26;30;5;moderate
DEBB021;"'2019-04-07 10:00'";51;63;23;31;5;poor
DEBB021;"'2019-04-07 11:00'";52;86;14;29;4;moderate
DEBB021;"'2019-04-07 12:00'";44;102;8;23;4;moderate
DEBB021;"'2019-04-07 13:00'";39;108;8;22;3;moderate
DEBB021;"'2019-04-07 14:00'";35;114;6;19;2;moderate
DEBB021;"'2019-04-07 15:00'";33;118;7;18;3;moderate
DEBB021;"'2019-04-07 16:00'";30;120;8;17;2;moderate
DEBB021;"'2019-04-07 17:00'";29;121;8;16;2;moderate
DEBB021;"'2019-04-07 18:00'";28;119;8;15;1;moderate
DEBB021;"'2019-04-07 19:00'";28;115;9;15;1;moderate
DEBB021;"'2019-04-07 20:00'";35;109;12;18;1;moderate
DEBB021;"'2019-04-07 21:00'";40;96;18;21;1;moderate
DEBB021;"'2019-04-07 22:00'";33;94;15;20;1;moderate
DEBB021;"'2019-04-07 23:00'";34;74;23;22;1;moderate
DEBB021;"'2019-04-07 24:00'";37;74;23;23;3;moderate
DEBB021;"'2019-04-08 01:00'";37;75;19;25;4;moderate
DEBB021;"'2019-04-08 02:00'";36;66;18;25;3;moderate
DEBB021;"'2019-04-08 03:00'";36;54;25;25;3;moderate
DEBB021;"'2019-04-08 04:00'";37;57;26;25;4;moderate
DEBB021;"'2019-04-08 05:00'";37;48;28;26;3;moderate
DEBB021;"'2019-04-08 06:00'";38;44;32;26;3;moderate
DEBB021;"'2019-04-08 07:00'";40;36;46;27;2;moderate
DEBB021;"'2019-04-08 08:00'";44;35;48;28;3;moderate
DEBB021;"'2019-04-08 09:00'";44;52;36;29;6;moderate
DEBB021;"'2019-04-08 10:00'";49;65;28;29;5;moderate
DEBB021;"'2019-04-08 11:00'";46;75;29;26;6;moderate
DEBB021;"'2019-04-08 12:00'";42;90;24;23;4;moderate
DEBB021;"'2019-04-08 13:00'";37;104;16;20;2;moderate
DEBB021;"'2019-04-08 14:00'";31;117;-;17;-;moderate
DEBB021;"'2019-04-08 15:00'";29;120;9;16;4;moderate
DEBB021;"'2019-04-08 16:00'";30;120;8;16;3;moderate
DEBB021;"'2019-04-08 17:00'";35;121;9;16;1;moderate
DEBB021;"'2019-04-08 18:00'";33;118;10;18;1;moderate
DEBB021;"'2019-04-08 19:00'";39;119;10;24;1;moderate
DEBB021;"'2019-04-08 20:00'";56;102;10;36;1;poor
DEBB021;"'2019-04-08 21:00'";49;101;8;35;1;poor
DEBB021;"'2019-04-08 22:00'";34;99;7;24;1;moderate
DEBB021;"'2019-04-08 23:00'";27;92;7;20;1;moderate
DEBB021;"'2019-04-08 24:00'";21;83;8;15;2;moderate
DEBB021;"'2019-04-09 01:00'";17;78;10;12;1;moderate
DEBB021;"'2019-04-09 02:00'";14;75;9;11;1;moderate
DEBB021;"'2019-04-09 03:00'";14;70;9;11;1;good
DEBB021;"'2019-04-09 04:00'";14;67;9;11;1;good
DEBB021;"'2019-04-09 05:00'";16;66;11;13;3;good
DEBB021;"'2019-04-09 06:00'";17;62;13;14;4;good
DEBB021;"'2019-04-09 07:00'";18;55;21;15;4;good
DEBB021;"'2019-04-09 08:00'";21;53;22;16;5;moderate
DEBB021;"'2019-04-09 09:00'";24;53;24;17;6;moderate
DEBB021;"'2019-04-09 10:00'";27;57;23;18;6;moderate
DEBB021;"'2019-04-09 11:00'";28;66;20;18;5;moderate
DEBB021;"'2019-04-09 12:00'";29;76;16;17;4;moderate
DEBB021;"'2019-04-09 13:00'";27;88;13;18;4;moderate
DEBB021;"'2019-04-09 14:00'";33;95;12;22;5;moderate
DEBB021;"'2019-04-09 15:00'";37;101;12;23;3;moderate
DEBB021;"'2019-04-09 16:00'";34;102;12;21;5;moderate
DEBB021;"'2019-04-09 17:00'";31;103;12;21;3;moderate
DEBB021;"'2019-04-09 18:00'";34;103;12;22;1;moderate
DEBB021;"'2019-04-09 19:00'";29;102;12;20;1;moderate
DEBB021;"'2019-04-09 20:00'";24;100;10;17;1;moderate
DEBB021;"'2019-04-09 21:00'";20;95;11;15;1;moderate
DEBB021;"'2019-04-09 22:00'";15;90;9;11;1;moderate
DEBB021;"'2019-04-09 23:00'";14;85;11;10;1;moderate
DEBB021;"'2019-04-09 24:00'";13;87;9;10;1;moderate
DEBB021;"'2019-04-10 01:00'";13;83;9;11;5;moderate
DEBB021;"'2019-04-10 02:00'";14;76;10;11;5;moderate
DEBB021;"'2019-04-10 03:00'";16;70;12;12;4;good
DEBB021;"'2019-04-10 04:00'";16;65;13;13;3;good
DEBB021;"'2019-04-10 05:00'";18;57;16;14;4;good
DEBB021;"'2019-04-10 06:00'";18;53;17;15;4;good
DEBB021;"'2019-04-10 07:00'";20;36;33;16;3;moderate
DEBB021;"'2019-04-10 08:00'";24;32;35;18;3;moderate
DEBB021;"'2019-04-10 09:00'";25;41;32;17;3;moderate
DEBB021;"'2019-04-10 10:00'";28;58;20;15;1;moderate
DEBB021;"'2019-04-10 11:00'";29;62;18;16;1;moderate
DEBB021;"'2019-04-10 12:00'";26;68;16;14;3;good
DEBB021;"'2019-04-10 13:00'";26;86;11;14;1;moderate
DEBB021;"'2019-04-10 14:00'";26;86;13;14;1;moderate
DEBB021;"'2019-04-10 15:00'";27;88;13;15;1;moderate
DEBB021;"'2019-04-10 16:00'";27;90;11;15;1;moderate
DEBB021;"'2019-04-10 17:00'";27;90;12;14;1;moderate
DEBB021;"'2019-04-10 18:00'";26;89;10;13;1;moderate
DEBB021;"'2019-04-10 19:00'";24;85;11;12;1;moderate
DEBB021;"'2019-04-10 20:00'";17;86;11;11;1;moderate
DEBB021;"'2019-04-10 21:00'";17;86;10;11;1;moderate
DEBB021;"'2019-04-10 22:00'";16;85;9;11;3;moderate
DEBB021;"'2019-04-10 23:00'";16;76;12;10;3;moderate
DEBB021;"'2019-04-10 24:00'";16;71;10;9;4;good
DEBB021;"'2019-04-11 01:00'";14;71;9;9;2;good
DEBB021;"'2019-04-11 02:00'";15;76;9;11;1;moderate
DEBB021;"'2019-04-11 03:00'";15;73;9;11;2;moderate
DEBB021;"'2019-04-11 04:00'";13;70;8;9;1;good
DEBB021;"'2019-04-11 05:00'";11;66;9;8;1;good
DEBB021;"'2019-04-11 06:00'";10;60;12;8;1;good
DEBB021;"'2019-04-11 07:00'";9;59;16;7;1;good
DEBB021;"'2019-04-11 08:00'";14;53;22;7;2;good
DEBB021;"'2019-04-11 09:00'";16;48;27;8;4;good
DEBB021;"'2019-04-11 10:00'";12;64;18;6;1;good
DEBB021;"'2019-04-11 11:00'";16;67;16;6;1;good
DEBB021;"'2019-04-11 12:00'";10;76;11;5;1;moderate
DEBB021;"'2019-04-11 13:00'";15;76;11;4;1;moderate
DEBB021;"'2019-04-11 14:00'";11;80;9;4;2;moderate
DEBB021;"'2019-04-11 15:00'";15;75;13;5;2;moderate
DEBB021;"'2019-04-11 16:00'";15;70;14;6;3;good
DEBB021;"'2019-04-11 17:00'";13;68;16;6;3;good
DEBB021;"'2019-04-11 18:00'";17;67;15;7;4;good
DEBB021;"'2019-04-11 19:00'";14;62;17;7;4;good
DEBB021;"'2019-04-11 20:00'";13;64;13;7;3;good
DEBB021;"'2019-04-11 21:00'";11;64;13;7;6;good
DEBB021;"'2019-04-11 22:00'";11;66;11;7;7;good
DEBB021;"'2019-04-11 23:00'";9;69;11;7;9;good
DEBB021;"'2019-04-11 24:00'";8;72;8;6;6;good
DEBB021;"'2019-04-12 01:00'";6;72;7;5;4;good
DEBB021;"'2019-04-12 02:00'";5;71;9;4;3;good
DEBB021;"'2019-04-12 03:00'";7;69;7;6;4;good
DEBB021;"'2019-04-12 04:00'";9;64;8;8;5;good
DEBB021;"'2019-04-12 05:00'";10;61;8;9;5;good
DEBB021;"'2019-04-12 06:00'";10;56;11;9;6;good
DEBB021;"'2019-04-12 07:00'";10;49;17;9;7;good
DEBB021;"'2019-04-12 08:00'";10;45;21;8;5;good
DEBB021;"'2019-04-12 09:00'";11;53;22;6;2;good
DEBB021;"'2019-04-12 10:00'";14;55;22;6;1;good
DEBB021;"'2019-04-12 11:00'";14;60;19;6;1;good
DEBB021;"'2019-04-12 12:00'";17;61;20;6;1;good
DEBB021;"'2019-04-12 13:00'";12;66;16;5;1;good
DEBB021;"'2019-04-12 14:00'";13;71;13;7;1;good
DEBB021;"'2019-04-12 15:00'";17;68;22;9;1;good
DEBB021;"'2019-04-12 16:00'";20;66;18;10;1;good
DEBB021;"'2019-04-12 17:00'";20;65;19;11;1;good
DEBB021;"'2019-04-12 18:00'";16;65;19;10;1;good
DEBB021;"'2019-04-12 19:00'";17;68;14;11;1;good
DEBB021;"'2019-04-12 20:00'";17;66;12;11;1;good
DEBB021;"'2019-04-12 21:00'";17;60;17;12;1;good
DEBB021;"'2019-04-12 22:00'";17;63;13;12;1;good
DEBB021;"'2019-04-12 23:00'";15;65;10;11;1;good
DEBB021;"'2019-04-12 24:00'";14;61;13;11;1;good
DEBB021;"'2019-04-13 01:00'";14;57;14;11;2;good
DEBB021;"'2019-04-13 02:00'";14;58;13;11;3;good
DEBB021;"'2019-04-13 03:00'";14;57;12;11;4;good
DEBB021;"'2019-04-13 04:00'";15;56;13;12;3;good
DEBB021;"'2019-04-13 05:00'";17;56;13;14;2;good
DEBB021;"'2019-04-13 06:00'";18;57;12;14;1;good
DEBB021;"'2019-04-13 07:00'";20;57;15;15;1;good
DEBB021;"'2019-04-13 08:00'";20;57;16;15;1;good
DEBB021;"'2019-04-13 09:00'";20;60;17;14;1;good
DEBB021;"'2019-04-13 10:00'";24;60;22;16;1;moderate
DEBB021;"'2019-04-13 11:00'";31;61;23;19;2;moderate
DEBB021;"'2019-04-13 12:00'";27;63;19;17;3;moderate
DEBB021;"'2019-04-13 13:00'";30;72;15;17;3;moderate
DEBB021;"'2019-04-13 14:00'";30;77;13;16;1;moderate
DEBB021;"'2019-04-13 15:00'";33;83;11;16;1;moderate
DEBB021;"'2019-04-13 16:00'";32;80;11;17;1;moderate
DEBB021;"'2019-04-13 17:00'";33;79;11;18;1;moderate
DEBB021;"'2019-04-13 18:00'";38;78;13;19;1;moderate
DEBB021;"'2019-04-13 19:00'";32;78;12;15;1;moderate
DEBB021;"'2019-04-13 20:00'";26;76;12;15;1;moderate
DEBB021;"'2019-04-13 21:00'";25;76;10;14;1;moderate
DEBB021;"'2019-04-13 22:00'";24;69;12;15;4;good
DEBB021;"'2019-04-13 23:00'";19;66;8;13;1;good
DEBB021;"'2019-04-13 24:00'";17;63;8;13;1;good
DEBB021;"'2019-04-14 01:00'";18;58;11;13;3;good
DEBB021;"'2019-04-14 02:00'";20;59;9;14;5;good
DEBB021;"'2019-04-14 03:00'";21;58;10;15;6;good
DEBB021;"'2019-04-14 04:00'";21;58;10;15;3;good
DEBB021;"'2019-04-14 05:00'";20;61;9;16;1;moderate
DEBB021;"'2019-04-14 06:00'";19;63;8;16;1;moderate
DEBB021;"'2019-04-14 07:00'";18;61;8;16;1;moderate
DEBB021;"'2019-04-14 08:00'";18;58;9;16;1;moderate
DEBB021;"'2019-04-14 09:00'";16;56;9;14;1;good
DEBB021;"'2019-04-14 10:00'";16;52;13;14;1;good
DEBB021;"'2019-04-14 11:00'";18;49;20;16;1;moderate
DEBB021;"'2019-04-14 12:00'";22;48;21;20;1;moderate
DEBB021;"'2019-04-14 13:00'";26;47;22;22;1;moderate
DEBB021;"'2019-04-14 14:00'";25;49;19;21;1;moderate
DEBB021;"'2019-04-14 15:00'";25;50;18;21;1;moderate
DEBB021;"'2019-04-14 16:00'";23;62;15;19;1;moderate
DEBB021;"'2019-04-14 17:00'";22;72;14;18;2;moderate
DEBB021;"'2019-04-14 18:00'";20;75;12;15;2;moderate
DEBB021;"'2019-04-14 19:00'";21;72;14;15;2;good
DEBB021;"'2019-04-14 20:00'";22;64;23;16;3;moderate
DEBB021;"'2019-04-14 21:00'";22;66;17;15;4;good
DEBB021;"'2019-04-14 22:00'";20;69;11;13;2;good
DEBB021;"'2019-04-14 23:00'";17;72;9;10;1;good
DEBB021;"'2019-04-14 24:00'";17;66;14;9;3;good
DEBB021;"'2019-04-15 01:00'";16;63;12;10;4;good
DEBB021;"'2019-04-15 02:00'";16;60;13;10;4;good
DEBB021;"'2019-04-15 03:00'";16;56;15;11;4;good
DEBB021;"'2019-04-15 04:00'";16;54;16;11;3;good
DEBB021;"'2019-04-15 05:00'";16;56;15;11;3;good
DEBB021;"'2019-04-15 06:00'";16;48;20;11;3;good
DEBB021;"'2019-04-15 07:00'";17;42;29;11;3;good
DEBB021;"'2019-04-15 08:00'";17;44;29;12;3;good
DEBB021;"'2019-04-15 09:00'";17;47;31;12;3;moderate
DEBB021;"'2019-04-15 10:00'";21;53;29;14;3;good
DEBB021;"'2019-04-15 11:00'";26;57;27;15;4;good
DEBB021;"'2019-04-15 12:00'";34;62;25;16;5;moderate
DEBB021;"'2019-04-15 13:00'";25;74;19;14;3;moderate
DEBB021;"'2019-04-15 14:00'";22;88;11;11;3;moderate
DEBB021;"'2019-04-15 15:00'";20;96;10;12;1;moderate
DEBB021;"'2019-04-15 16:00'";22;98;11;13;1;moderate
DEBB021;"'2019-04-15 17:00'";21;101;10;13;1;moderate
DEBB021;"'2019-04-15 18:00'";20;100;10;12;1;moderate
DEBB021;"'2019-04-15 19:00'";19;100;10;10;1;moderate
DEBB021;"'2019-04-15 20:00'";15;97;11;8;1;moderate
DEBB021;"'2019-04-15 21:00'";12;93;12;7;1;moderate
DEBB021;"'2019-04-15 22:00'";13;83;16;7;1;moderate
DEBB021;"'2019-04-15 23:00'";18;82;10;11;6;moderate
DEBB021;"'2019-04-15 24:00'";18;78;10;11;5;moderate
DEBB021;"'2019-04-16 01:00'";17;74;11;11;6;moderate
DEBB021;"'2019-04-16 02:00'";16;70;12;10;6;good
DEBB021;"'2019-04-16 03:00'";16;64;14;10;5;good
DEBB021;"'2019-04-16 04:00'";16;60;16;10;4;good
DEBB021;"'2019-04-16 05:00'";16;58;17;11;4;good
DEBB021;"'2019-04-16 06:00'";21;50;22;13;3;good
DEBB021;"'2019-04-16 07:00'";24;42;31;15;4;moderate
DEBB021;"'2019-04-16 08:00'";29;41;33;17;4;moderate
DEBB021;"'2019-04-16 09:00'";29;49;28;18;4;moderate
DEBB021;"'2019-04-16 10:00'";31;58;23;17;4;moderate
DEBB021;"'2019-04-16 11:00'";30;71;18;15;3;moderate
DEBB021;"'2019-04-16 12:00'";32;84;15;16;3;moderate
DEBB021;"'2019-04-16 13:00'";31;98;9;15;4;moderate
DEBB021;"'2019-04-16 14:00'";31;103;9;15;4;moderate
DEBB021;"'2019-04-16 15:00'";28;107;9;14;4;moderate
DEBB021;"'2019-04-16 16:00'";26;111;8;13;4;moderate
DEBB021;"'2019-04-16 17:00'";30;111;9;15;4;moderate
DEBB021;"'2019-04-16 18:00'";23;112;9;12;3;moderate
DEBB021;"'2019-04-16 19:00'";22;111;9;12;3;moderate
DEBB021;"'2019-04-16 20:00'";25;109;10;14;4;moderate
DEBB021;"'2019-04-16 21:00'";24;101;13;15;4;moderate
DEBB021;"'2019-04-16 22:00'";24;94;16;15;4;moderate
DEBB021;"'2019-04-16 23:00'";26;91;16;16;3;moderate
DEBB021;"'2019-04-16 24:00'";25;92;12;15;3;moderate
DEBB021;"'2019-04-17 01:00'";27;92;11;15;3;moderate
DEBB021;"'2019-04-17 02:00'";27;90;11;16;3;moderate
DEBB021;"'2019-04-17 03:00'";28;87;11;16;4;moderate
DEBB021;"'2019-04-17 04:00'";28;84;12;17;4;moderate
DEBB021;"'2019-04-17 05:00'";31;78;12;18;3;moderate
DEBB021;"'2019-04-17 06:00'";33;67;19;18;3;moderate
DEBB021;"'2019-04-17 07:00'";36;55;28;19;4;moderate
DEBB021;"'2019-04-17 08:00'";37;52;32;18;5;moderate
DEBB021;"'2019-04-17 09:00'";39;53;30;19;5;moderate
DEBB021;"'2019-04-17 10:00'";40;61;24;18;5;moderate
DEBB021;"'2019-04-17 11:00'";35;68;23;16;4;moderate
DEBB021;"'2019-04-17 12:00'";25;84;11;12;3;moderate
DEBB021;"'2019-04-17 13:00'";28;89;10;12;3;moderate
DEBB021;"'2019-04-17 14:00'";29;97;10;14;3;moderate
DEBB021;"'2019-04-17 15:00'";30;103;8;13;3;moderate
DEBB021;"'2019-04-17 16:00'";28;108;7;11;1;moderate
DEBB021;"'2019-04-17 17:00'";29;109;8;10;1;moderate
DEBB021;"'2019-04-17 18:00'";27;107;10;11;2;moderate
DEBB021;"'2019-04-17 19:00'";25;106;9;10;2;moderate
DEBB021;"'2019-04-17 20:00'";24;102;11;9;1;moderate
DEBB021;"'2019-04-17 21:00'";23;93;18;10;2;moderate
DEBB021;"'2019-04-17 22:00'";24;79;24;11;3;moderate
DEBB021;"'2019-04-17 23:00'";28;80;18;15;4;moderate
DEBB021;"'2019-04-17 24:00'";26;82;14;12;5;moderate
DEBB021;"'2019-04-18 01:00'";25;77;15;11;6;moderate
DEBB021;"'2019-04-18 02:00'";26;70;17;11;6;good
DEBB021;"'2019-04-18 03:00'";27;63;18;11;5;good
DEBB021;"'2019-04-18 04:00'";24;58;18;11;5;good
DEBB021;"'2019-04-18 05:00'";24;51;22;12;5;good
DEBB021;"'2019-04-18 06:00'";21;40;30;13;4;good
DEBB021;"'2019-04-18 07:00'";24;13;62;15;4;poor
DEBB021;"'2019-04-18 08:00'";34;16;71;18;4;poor
DEBB021;"'2019-04-18 09:00'";39;49;39;19;5;moderate
DEBB021;"'2019-04-18 10:00'";46;62;33;20;5;moderate
DEBB021;"'2019-04-18 11:00'";45;80;24;16;4;moderate
DEBB021;"'2019-04-18 12:00'";32;99;15;11;4;moderate
DEBB021;"'2019-04-18 13:00'";37;109;9;10;3;moderate
DEBB021;"'2019-04-18 14:00'";29;112;8;9;2;moderate
DEBB021;"'2019-04-18 15:00'";30;115;8;9;1;moderate
DEBB021;"'2019-04-18 16:00'";29;118;10;10;2;moderate
DEBB021;"'2019-04-18 17:00'";25;120;9;9;3;moderate
DEBB021;"'2019-04-18 18:00'";23;123;9;9;2;moderate
DEBB021;"'2019-04-18 19:00'";26;129;8;11;3;moderate
DEBB021;"'2019-04-18 20:00'";26;124;12;12;3;moderate
DEBB021;"'2019-04-18 21:00'";41;107;26;15;3;moderate
DEBB021;"'2019-04-18 22:00'";33;103;24;16;3;moderate
DEBB021;"'2019-04-18 23:00'";30;81;31;18;3;moderate
DEBB021;"'2019-04-18 24:00'";33;81;26;19;3;moderate
DEBB021;"'2019-04-19 01:00'";35;74;27;21;3;moderate
DEBB021;"'2019-04-19 02:00'";33;73;22;20;4;moderate
DEBB021;"'2019-04-19 03:00'";31;70;21;19;4;moderate
DEBB021;"'2019-04-19 04:00'";32;67;20;19;4;moderate
DEBB021;"'2019-04-19 05:00'";33;69;21;20;4;moderate
DEBB021;"'2019-04-19 06:00'";34;74;19;20;4;moderate
DEBB021;"'2019-04-19 07:00'";36;74;20;20;4;moderate
DEBB021;"'2019-04-19 08:00'";36;72;23;21;4;moderate
DEBB021;"'2019-04-19 09:00'";37;81;16;20;5;moderate
DEBB021;"'2019-04-19 10:00'";35;90;13;19;4;moderate
DEBB021;"'2019-04-19 11:00'";32;102;11;15;4;moderate
DEBB021;"'2019-04-19 12:00'";30;118;9;12;3;moderate
DEBB021;"'2019-04-19 13:00'";28;132;6;12;3;moderate
DEBB021;"'2019-04-19 14:00'";29;133;6;11;3;moderate
DEBB021;"'2019-04-19 15:00'";29;134;6;10;3;moderate
DEBB021;"'2019-04-19 16:00'";29;136;6;10;3;moderate
DEBB021;"'2019-04-19 17:00'";34;135;7;11;3;moderate
DEBB021;"'2019-04-19 18:00'";26;134;7;10;3;moderate
DEBB021;"'2019-04-19 19:00'";26;133;7;10;3;moderate
DEBB021;"'2019-04-19 20:00'";30;129;8;11;3;moderate
DEBB021;"'2019-04-19 21:00'";26;124;9;12;3;moderate
DEBB021;"'2019-04-19 22:00'";21;115;9;11;2;moderate
DEBB021;"'2019-04-19 23:00'";19;104;12;10;2;moderate
DEBB021;"'2019-04-19 24:00'";15;97;12;9;3;moderate
DEBB021;"'2019-04-20 01:00'";13;88;14;8;3;moderate
DEBB021;"'2019-04-20 02:00'";12;88;12;8;3;moderate
DEBB021;"'2019-04-20 03:00'";12;80;13;8;3;moderate
DEBB021;"'2019-04-20 04:00'";14;76;14;9;3;moderate
DEBB021;"'2019-04-20 05:00'";14;73;13;9;2;moderate
DEBB021;"'2019-04-20 06:00'";15;78;11;9;1;moderate
DEBB021;"'2019-04-20 07:00'";18;73;16;9;1;moderate
DEBB021;"'2019-04-20 08:00'";18;70;16;11;3;good
DEBB021;"'2019-04-20 09:00'";24;66;18;12;4;good
DEBB021;"'2019-04-20 10:00'";26;65;18;13;4;good
DEBB021;"'2019-04-20 11:00'";28;70;15;13;4;moderate
DEBB021;"'2019-04-20 12:00'";30;81;11;12;4;moderate
DEBB021;"'2019-04-20 13:00'";33;99;11;10;4;moderate
DEBB021;"'2019-04-20 14:00'";38;119;9;10;3;moderate
DEBB021;"'2019-04-20 15:00'";31;126;6;10;3;moderate
DEBB021;"'2019-04-20 16:00'";25;134;5;11;2;moderate
DEBB021;"'2019-04-20 17:00'";21;131;3;8;2;moderate
DEBB021;"'2019-04-20 18:00'";21;131;4;8;1;moderate
DEBB021;"'2019-04-20 19:00'";18;125;5;8;1;moderate
DEBB021;"'2019-04-20 20:00'";21;118;6;9;3;moderate
DEBB021;"'2019-04-20 21:00'";24;109;13;10;2;moderate
DEBB021;"'2019-04-20 22:00'";30;92;20;14;3;moderate
DEBB021;"'2019-04-20 23:00'";28;85;21;15;3;moderate
DEBB021;"'2019-04-20 24:00'";22;85;16;14;3;moderate
DEBB021;"'2019-04-21 01:00'";21;77;17;11;3;moderate
DEBB021;"'2019-04-21 02:00'";18;76;13;12;3;moderate
DEBB021;"'2019-04-21 03:00'";21;72;12;13;3;good
DEBB021;"'2019-04-21 04:00'";15;71;12;10;2;good
DEBB021;"'2019-04-21 05:00'";13;71;12;9;3;good
DEBB021;"'2019-04-21 06:00'";15;70;13;9;3;good
DEBB021;"'2019-04-21 07:00'";17;67;16;11;3;good
DEBB021;"'2019-04-21 08:00'";19;71;15;12;3;good
DEBB021;"'2019-04-21 09:00'";21;76;15;13;4;moderate
DEBB021;"'2019-04-21 10:00'";31;83;12;14;4;moderate
DEBB021;"'2019-04-21 11:00'";29;94;10;11;4;moderate
DEBB021;"'2019-04-21 12:00'";26;105;8;9;3;moderate
DEBB021;"'2019-04-21 13:00'";23;113;6;8;3;moderate
DEBB021;"'2019-04-21 14:00'";22;117;5;7;3;moderate
DEBB021;"'2019-04-21 15:00'";19;121;5;7;1;moderate
DEBB021;"'2019-04-21 16:00'";19;127;4;7;1;moderate
DEBB021;"'2019-04-21 17:00'";16;131;6;6;1;moderate
DEBB021;"'2019-04-21 18:00'";14;131;7;6;2;moderate
DEBB021;"'2019-04-21 19:00'";14;125;8;7;1;moderate
DEBB021;"'2019-04-21 20:00'";14;115;10;7;1;moderate
DEBB021;"'2019-04-21 21:00'";15;100;15;8;1;moderate
DEBB021;"'2019-04-21 22:00'";36;77;24;14;2;moderate
DEBB021;"'2019-04-21 23:00'";24;70;24;15;1;good
DEBB021;"'2019-04-21 24:00'";22;79;20;14;2;moderate
DEBB021;"'2019-04-22 01:00'";16;95;12;9;2;moderate
DEBB021;"'2019-04-22 02:00'";14;97;8;9;4;moderate
DEBB021;"'2019-04-22 03:00'";13;93;8;9;4;moderate
DEBB021;"'2019-04-22 04:00'";12;92;7;8;3;moderate
DEBB021;"'2019-04-22 05:00'";13;87;8;9;3;moderate
DEBB021;"'2019-04-22 06:00'";13;80;12;9;3;moderate
DEBB021;"'2019-04-22 07:00'";16;85;12;10;3;moderate
DEBB021;"'2019-04-22 08:00'";21;89;11;10;3;moderate
DEBB021;"'2019-04-22 09:00'";21;93;7;11;4;moderate
DEBB021;"'2019-04-22 10:00'";24;96;6;11;3;moderate
DEBB021;"'2019-04-22 11:00'";25;101;5;10;2;moderate
DEBB021;"'2019-04-22 12:00'";24;107;5;8;1;moderate
DEBB021;"'2019-04-22 13:00'";17;106;5;5;2;moderate
DEBB021;"'2019-04-22 14:00'";18;107;4;5;1;moderate
DEBB021;"'2019-04-22 15:00'";23;107;5;6;1;moderate
DEBB021;"'2019-04-22 16:00'";34;108;4;8;1;moderate
DEBB021;"'2019-04-22 17:00'";48;110;3;8;1;moderate
DEBB021;"'2019-04-22 18:00'";48;109;5;10;1;moderate
DEBB021;"'2019-04-22 19:00'";54;113;4;11;1;moderate
DEBB021;"'2019-04-22 20:00'";70;112;4;16;1;poor
DEBB021;"'2019-04-22 21:00'";29;109;5;15;1;moderate
DEBB021;"'2019-04-22 22:00'";26;105;6;15;1;moderate
DEBB021;"'2019-04-22 23:00'";26;101;6;14;1;moderate
DEBB021;"'2019-04-22 24:00'";28;98;5;14;1;moderate
DEBB021;"'2019-04-23 01:00'";28;95;5;16;3;moderate
DEBB021;"'2019-04-23 02:00'";28;93;5;17;3;moderate
DEBB021;"'2019-04-23 03:00'";29;93;6;18;3;moderate
DEBB021;"'2019-04-23 04:00'";30;95;5;19;4;moderate
DEBB021;"'2019-04-23 05:00'";31;95;5;20;4;moderate
DEBB021;"'2019-04-23 06:00'";31;92;9;20;4;moderate
DEBB021;"'2019-04-23 07:00'";31;88;10;20;4;moderate
DEBB021;"'2019-04-23 08:00'";42;85;13;20;5;moderate
DEBB021;"'2019-04-23 09:00'";42;85;13;19;5;moderate
DEBB021;"'2019-04-23 10:00'";43;89;11;17;5;moderate
DEBB021;"'2019-04-23 11:00'";53;93;10;17;4;moderate
DEBB021;"'2019-04-23 12:00'";75;99;9;17;4;poor
DEBB021;"'2019-04-23 13:00'";62;99;8;16;4;poor
DEBB021;"'2019-04-23 14:00'";89;99;8;18;4;poor
DEBB021;"'2019-04-23 15:00'";96;106;7;19;4;"very poor"
DEBB021;"'2019-04-23 16:00'";77;106;8;19;4;poor
DEBB021;"'2019-04-23 17:00'";76;106;8;21;4;poor
DEBB021;"'2019-04-23 18:00'";44;105;9;20;4;moderate
DEBB021;"'2019-04-23 19:00'";42;102;10;21;4;moderate
DEBB021;"'2019-04-23 20:00'";42;103;9;22;4;moderate
DEBB021;"'2019-04-23 21:00'";54;96;9;23;4;moderate
DEBB021;"'2019-04-23 22:00'";87;94;5;21;3;poor
DEBB021;"'2019-04-23 23:00'";45;92;5;17;3;moderate
DEBB021;"'2019-04-23 24:00'";41;88;5;14;2;moderate
DEBB021;"'2019-04-24 01:00'";27;80;5;10;1;moderate
DEBB021;"'2019-04-24 02:00'";27;76;5;10;1;moderate
DEBB021;"'2019-04-24 03:00'";24;74;5;11;1;moderate
DEBB021;"'2019-04-24 04:00'";19;73;5;13;1;moderate
DEBB021;"'2019-04-24 05:00'";22;71;6;16;3;moderate
DEBB021;"'2019-04-24 06:00'";23;67;9;16;2;moderate
DEBB021;"'2019-04-24 07:00'";23;63;14;14;2;good
DEBB021;"'2019-04-24 08:00'";28;61;16;18;4;moderate
DEBB021;"'2019-04-24 09:00'";38;60;15;22;4;moderate
DEBB021;"'2019-04-24 10:00'";39;66;10;24;4;moderate
DEBB021;"'2019-04-24 11:00'";43;69;9;26;3;moderate
DEBB021;"'2019-04-24 12:00'";47;72;8;26;3;moderate
DEBB021;"'2019-04-24 13:00'";47;79;8;23;3;moderate
DEBB021;"'2019-04-24 14:00'";45;84;7;21;3;moderate
DEBB021;"'2019-04-24 15:00'";43;89;7;19;3;moderate
DEBB021;"'2019-04-24 16:00'";47;92;7;19;3;moderate
DEBB021;"'2019-04-24 17:00'";42;95;9;18;5;moderate
DEBB021;"'2019-04-24 18:00'";42;97;8;17;5;moderate
DEBB021;"'2019-04-24 19:00'";38;94;9;17;6;moderate
DEBB021;"'2019-04-24 20:00'";33;89;12;15;7;moderate
DEBB021;"'2019-04-24 21:00'";37;80;18;16;7;moderate
DEBB021;"'2019-04-24 22:00'";33;79;14;18;6;moderate
DEBB021;"'2019-04-24 23:00'";38;77;11;25;3;moderate
DEBB021;"'2019-04-24 24:00'";35;72;12;24;3;moderate
DEBB021;"'2019-04-25 01:00'";36;67;12;25;3;moderate
DEBB021;"'2019-04-25 02:00'";46;66;12;26;3;moderate
DEBB021;"'2019-04-25 03:00'";39;56;8;26;3;moderate
DEBB021;"'2019-04-25 04:00'";38;43;8;27;3;moderate
DEBB021;"'2019-04-25 05:00'";33;53;10;23;3;moderate
DEBB021;"'2019-04-25 06:00'";15;74;7;10;1;moderate
DEBB021;"'2019-04-25 07:00'";12;64;16;8;1;good
DEBB021;"'2019-04-25 08:00'";8;75;18;4;2;moderate
DEBB021;"'2019-04-25 09:00'";8;89;12;3;2;moderate
DEBB021;"'2019-04-25 10:00'";5;97;8;2;1;moderate
DEBB021;"'2019-04-25 11:00'";8;90;9;3;1;moderate
DEBB021;"'2019-04-25 12:00'";7;95;8;2;1;moderate
DEBB021;"'2019-04-25 13:00'";6;99;7;2;1;moderate
DEBB021;"'2019-04-25 14:00'";6;102;7;2;1;moderate
DEBB021;"'2019-04-25 15:00'";6;104;9;0.8;2;moderate
DEBB021;"'2019-04-25 16:00'";5;103;7;0.8;1;moderate
DEBB021;"'2019-04-25 17:00'";6;108;8;0.8;1;moderate
DEBB021;"'2019-04-25 18:00'";7;109;8;0.8;1;moderate
DEBB021;"'2019-04-25 19:00'";9;106;8;1;1;moderate
DEBB021;"'2019-04-25 20:00'";12;103;12;2;1;moderate
DEBB021;"'2019-04-25 21:00'";11;88;21;4;1;moderate
DEBB021;"'2019-04-25 22:00'";13;68;29;4;1;good
DEBB021;"'2019-04-25 23:00'";12;81;17;4;2;moderate
DEBB021;"'2019-04-25 24:00'";11;83;17;4;3;moderate
DEBB021;"'2019-04-26 01:00'";12;90;12;4;4;moderate
DEBB021;"'2019-04-26 02:00'";11;90;11;5;3;moderate
DEBB021;"'2019-04-26 03:00'";14;90;9;7;3;moderate
DEBB021;"'2019-04-26 04:00'";18;88;8;9;3;moderate
DEBB021;"'2019-04-26 05:00'";24;81;13;11;3;moderate
DEBB021;"'2019-04-26 06:00'";25;71;19;13;3;good
DEBB021;"'2019-04-26 07:00'";30;63;30;14;3;moderate
DEBB021;"'2019-04-26 08:00'";32;60;32;16;3;moderate
DEBB021;"'2019-04-26 09:00'";37;63;29;17;4;moderate
DEBB021;"'2019-04-26 10:00'";38;72;22;15;4;moderate
DEBB021;"'2019-04-26 11:00'";35;83;15;15;4;moderate
DEBB021;"'2019-04-26 12:00'";36;84;14;15;4;moderate
DEBB021;"'2019-04-26 13:00'";32;101;12;13;4;moderate
DEBB021;"'2019-04-26 14:00'";28;108;10;9;4;moderate
DEBB021;"'2019-04-26 15:00'";26;103;9;8;4;moderate
DEBB021;"'2019-04-26 16:00'";25;107;8;7;4;moderate
DEBB021;"'2019-04-26 17:00'";25;111;8;6;3;moderate
DEBB021;"'2019-04-26 18:00'";26;112;7;6;3;moderate
DEBB021;"'2019-04-26 19:00'";35;106;7;7;3;moderate
DEBB021;"'2019-04-26 20:00'";34;90;7;11;1;moderate
DEBB021;"'2019-04-26 21:00'";26;77;8;11;2;moderate
DEBB021;"'2019-04-26 22:00'";20;77;8;10;2;moderate
DEBB021;"'2019-04-26 23:00'";17;75;7;10;1;moderate
DEBB021;"'2019-04-26 24:00'";19;62;7;15;1;good
DEBB021;"'2019-04-27 01:00'";12;64;6;10;1;good
DEBB021;"'2019-04-27 02:00'";11;66;5;10;1;good
DEBB021;"'2019-04-27 03:00'";9;67;4;8;1;good
DEBB021;"'2019-04-27 04:00'";9;73;3;8;1;moderate
DEBB021;"'2019-04-27 05:00'";11;70;2;9;1;good
DEBB021;"'2019-04-27 06:00'";14;59;6;12;1;good
DEBB021;"'2019-04-27 07:00'";17;47;9;15;1;good
DEBB021;"'2019-04-27 08:00'";20;43;9;17;1;moderate
DEBB021;"'2019-04-27 09:00'";20;45;11;17;1;moderate
DEBB021;"'2019-04-27 10:00'";25;39;13;20;3;moderate
DEBB021;"'2019-04-27 11:00'";27;42;12;22;4;moderate
DEBB021;"'2019-04-27 12:00'";27;53;10;23;3;moderate
DEBB021;"'2019-04-27 13:00'";25;71;8;20;2;moderate
DEBB021;"'2019-04-27 14:00'";21;85;10;15;1;moderate
DEBB021;"'2019-04-27 15:00'";15;79;11;11;1;moderate
DEBB021;"'2019-04-27 16:00'";13;79;10;10;1;moderate
DEBB021;"'2019-04-27 17:00'";11;89;6;8;1;moderate
DEBB021;"'2019-04-27 18:00'";11;84;12;8;1;moderate
DEBB021;"'2019-04-27 19:00'";14;79;9;11;1;moderate
DEBB021;"'2019-04-27 20:00'";14;74;12;10;1;moderate
DEBB021;"'2019-04-27 21:00'";7;80;8;5;1;moderate
DEBB021;"'2019-04-27 22:00'";8;72;9;6;1;good
DEBB021;"'2019-04-27 23:00'";8;58;16;6;1;good
DEBB021;"'2019-04-27 24:00'";8;50;15;6;1;good
DEBB021;"'2019-04-28 01:00'";7;49;14;6;1;good
DEBB021;"'2019-04-28 02:00'";7;48;13;6;1;good
DEBB021;"'2019-04-28 03:00'";8;55;6;7;1;good
DEBB021;"'2019-04-28 04:00'";8;67;4;7;1;good
DEBB021;"'2019-04-28 05:00'";9;66;5;8;1;good
DEBB021;"'2019-04-28 06:00'";11;57;6;10;1;good
DEBB021;"'2019-04-28 07:00'";12;53;7;11;1;good
DEBB021;"'2019-04-28 08:00'";13;52;10;11;1;good
DEBB021;"'2019-04-28 09:00'";14;56;6;12;1;good
DEBB021;"'2019-04-28 10:00'";12;55;6;10;1;good
DEBB021;"'2019-04-28 11:00'";7;65;5;6;1;good
DEBB021;"'2019-04-28 12:00'";5;71;5;5;1;good
DEBB021;"'2019-04-28 13:00'";6;69;5;5;1;good
DEBB021;"'2019-04-28 14:00'";7;71;4;6;1;good
DEBB021;"'2019-04-28 15:00'";6;73;2;5;1;moderate
DEBB021;"'2019-04-28 16:00'";6;77;2;5;1;moderate
DEBB021;"'2019-04-28 17:00'";6;79;3;5;1;moderate
DEBB021;"'2019-04-28 18:00'";6;82;2;5;1;moderate
DEBB021;"'2019-04-28 19:00'";6;81;2;5;1;moderate
DEBB021;"'2019-04-28 20:00'";5;78;5;4;1;moderate
DEBB021;"'2019-04-28 21:00'";6;73;7;5;1;moderate
DEBB021;"'2019-04-28 22:00'";6;66;9;5;1;good
DEBB021;"'2019-04-28 23:00'";7;58;10;6;1;good
DEBB021;"'2019-04-28 24:00'";7;53;9;6;1;good
DEBB021;"'2019-04-29 01:00'";8;52;7;7;1;good
DEBB021;"'2019-04-29 02:00'";8;51;7;7;1;good
DEBB021;"'2019-04-29 03:00'";7;54;5;6;1;good
DEBB021;"'2019-04-29 04:00'";8;49;5;7;1;good
DEBB021;"'2019-04-29 05:00'";10;45;5;9;1;good
DEBB021;"'2019-04-29 06:00'";12;43;7;10;1;good
DEBB021;"'2019-04-29 07:00'";13;42;10;11;1;good
DEBB021;"'2019-04-29 08:00'";13;41;13;11;1;good
DEBB021;"'2019-04-29 09:00'";12;41;12;11;1;good
DEBB021;"'2019-04-29 10:00'";10;40;10;8;1;good
DEBB021;"'2019-04-29 11:00'";10;41;10;8;1;good
DEBB021;"'2019-04-29 12:00'";18;59;9;14;1;good
DEBB021;"'2019-04-29 13:00'";21;65;9;16;1;moderate
DEBB021;"'2019-04-29 14:00'";25;58;9;17;1;moderate
DEBB021;"'2019-04-29 15:00'";28;56;9;18;1;moderate
DEBB021;"'2019-04-29 16:00'";25;57;9;17;1;moderate
DEBB021;"'2019-04-29 17:00'";25;59;8;17;1;moderate
DEBB021;"'2019-04-29 18:00'";27;75;7;15;1;moderate
DEBB021;"'2019-04-29 19:00'";23;95;5;11;1;moderate
DEBB021;"'2019-04-29 20:00'";22;94;5;10;1;moderate
DEBB021;"'2019-04-29 21:00'";19;98;3;9;1;moderate
DEBB021;"'2019-04-29 22:00'";16;97;4;8;1;moderate
DEBB021;"'2019-04-29 23:00'";14;88;5;8;1;moderate
DEBB021;"'2019-04-29 24:00'";12;87;3;8;1;moderate
DEBB021;"'2019-04-30 01:00'";11;83;5;8;1;moderate
DEBB021;"'2019-04-30 02:00'";11;80;3;7;1;moderate
DEBB021;"'2019-04-30 03:00'";10;75;5;7;1;moderate
DEBB021;"'2019-04-30 04:00'";10;73;5;7;1;moderate
DEBB021;"'2019-04-30 05:00'";10;67;7;7;1;good
DEBB021;"'2019-04-30 06:00'";9;61;11;7;1;good
DEBB021;"'2019-04-30 07:00'";10;56;20;7;1;good
DEBB021;"'2019-04-30 08:00'";11;64;15;7;1;good
DEBB021;"'2019-04-30 09:00'";14;73;10;7;1;moderate
DEBB021;"'2019-04-30 10:00'";11;79;8;6;1;moderate
DEBB021;"'2019-04-30 11:00'";11;89;7;6;1;moderate
DEBB021;"'2019-04-30 12:00'";12;95;7;6;1;moderate
DEBB021;"'2019-04-30 13:00'";11;102;7;6;1;moderate
DEBB021;"'2019-04-30 14:00'";12;108;6;6;1;moderate
DEBB021;"'2019-04-30 15:00'";13;112;6;6;1;moderate
DEBB021;"'2019-04-30 16:00'";12;113;7;6;1;moderate
DEBB021;"'2019-04-30 17:00'";11;113;7;6;1;moderate
DEBB021;"'2019-04-30 18:00'";10;114;8;5;1;moderate
DEBB021;"'2019-04-30 19:00'";9;114;7;5;1;moderate
DEBB021;"'2019-04-30 20:00'";10;113;8;5;1;moderate
DEBB021;"'2019-04-30 21:00'";12;98;16;6;1;moderate
DEBB021;"'2019-04-30 22:00'";17;65;38;10;1;moderate
DEBB021;"'2019-04-30 23:00'";29;36;54;19;1;moderate
DEBB021;"'2019-04-30 24:00'";31;34;45;23;1;moderate
DEBB021;"'2019-05-01 01:00'";20;47;30;14;1;good
DEBB021;"'2019-05-01 02:00'";23;48;27;17;1;moderate
DEBB021;"'2019-05-01 03:00'";26;59;18;19;1;moderate
DEBB021;"'2019-05-01 04:00'";27;73;11;21;1;moderate
DEBB021;"'2019-05-01 05:00'";27;80;7;22;1;moderate
DEBB021;"'2019-05-01 06:00'";29;72;7;25;1;moderate
DEBB021;"'2019-05-01 07:00'";34;71;8;28;1;moderate
DEBB021;"'2019-05-01 08:00'";36;77;6;30;1;moderate
DEBB021;"'2019-05-01 09:00'";35;79;5;29;1;moderate
DEBB021;"'2019-05-01 10:00'";32;79;5;27;1;moderate
DEBB021;"'2019-05-01 11:00'";29;84;5;25;1;moderate
DEBB021;"'2019-05-01 12:00'";29;85;5;24;1;moderate
DEBB021;"'2019-05-01 13:00'";28;89;4;22;1;moderate
DEBB021;"'2019-05-01 14:00'";28;92;5;20;1;moderate
DEBB021;"'2019-05-01 15:00'";30;93;3;19;1;moderate
DEBB021;"'2019-05-01 16:00'";30;94;4;17;1;moderate
DEBB021;"'2019-05-01 17:00'";25;99;4;13;1;moderate
DEBB021;"'2019-05-01 18:00'";15;101;5;9;1;moderate
DEBB021;"'2019-05-01 19:00'";11;103;5;7;1;moderate
DEBB021;"'2019-05-01 20:00'";12;101;5;8;1;moderate
DEBB021;"'2019-05-01 21:00'";10;100;6;7;1;moderate
DEBB021;"'2019-05-01 22:00'";11;92;6;8;1;moderate
DEBB021;"'2019-05-01 23:00'";13;80;6;10;1;moderate
DEBB021;"'2019-05-01 24:00'";12;77;5;9;1;moderate
DEBB021;"'2019-05-02 01:00'";13;73;5;11;1;moderate
DEBB021;"'2019-05-02 02:00'";16;74;3;14;1;moderate
DEBB021;"'2019-05-02 03:00'";17;70;5;15;1;good
DEBB021;"'2019-05-02 04:00'";18;63;6;16;1;moderate
DEBB021;"'2019-05-02 05:00'";18;69;5;16;1;moderate
DEBB021;"'2019-05-02 06:00'";18;79;5;15;1;moderate
DEBB021;"'2019-05-02 07:00'";17;76;8;14;1;moderate
DEBB021;"'2019-05-02 08:00'";16;76;9;13;1;moderate
DEBB021;"'2019-05-02 09:00'";13;79;9;11;1;moderate
DEBB021;"'2019-05-02 10:00'";15;80;8;12;1;moderate
DEBB021;"'2019-05-02 11:00'";18;81;8;14;1;moderate
DEBB021;"'2019-05-02 12:00'";20;84;8;15;1;moderate
DEBB021;"'2019-05-02 13:00'";22;81;9;16;1;moderate
DEBB021;"'2019-05-02 14:00'";20;78;8;16;1;moderate
DEBB021;"'2019-05-02 15:00'";19;75;8;15;1;moderate
DEBB021;"'2019-05-02 16:00'";18;70;8;14;1;good
DEBB021;"'2019-05-02 17:00'";23;74;8;17;1;moderate
DEBB021;"'2019-05-02 18:00'";24;76;8;18;1;moderate
DEBB021;"'2019-05-02 19:00'";26;77;11;20;1;moderate
DEBB021;"'2019-05-02 20:00'";29;81;11;23;1;moderate
DEBB021;"'2019-05-02 21:00'";30;78;13;24;1;moderate
DEBB021;"'2019-05-02 22:00'";28;79;10;24;1;moderate
DEBB021;"'2019-05-02 23:00'";26;77;8;22;1;moderate
DEBB021;"'2019-05-02 24:00'";13;75;5;11;1;moderate
DEBB021;"'2019-05-03 01:00'";5;79;2;5;1;moderate
DEBB021;"'2019-05-03 02:00'";7;82;2;6;1;moderate
DEBB021;"'2019-05-03 03:00'";7;88;2;6;1;moderate
DEBB021;"'2019-05-03 04:00'";7;87;2;5;1;moderate
DEBB021;"'2019-05-03 05:00'";7;86;2;4;1;moderate
DEBB021;"'2019-05-03 06:00'";8;84;2;5;1;moderate
DEBB021;"'2019-05-03 07:00'";10;75;11;5;1;moderate
DEBB021;"'2019-05-03 08:00'";10;73;10;6;1;moderate
DEBB021;"'2019-05-03 09:00'";11;78;6;6;1;moderate
DEBB021;"'2019-05-03 10:00'";10;81;6;5;1;moderate
DEBB021;"'2019-05-03 11:00'";14;84;5;5;1;moderate
DEBB021;"'2019-05-03 12:00'";10;86;5;5;1;moderate
DEBB021;"'2019-05-03 13:00'";11;87;5;5;1;moderate
DEBB021;"'2019-05-03 14:00'";12;87;6;5;1;moderate
DEBB021;"'2019-05-03 15:00'";11;90;6;5;1;moderate
DEBB021;"'2019-05-03 16:00'";11;89;7;5;1;moderate
DEBB021;"'2019-05-03 17:00'";11;84;9;5;1;moderate
DEBB021;"'2019-05-03 18:00'";12;80;7;6;1;moderate
DEBB021;"'2019-05-03 19:00'";11;81;7;6;1;moderate
DEBB021;"'2019-05-03 20:00'";12;79;9;7;1;moderate
DEBB021;"'2019-05-03 21:00'";12;70;16;7;1;good
DEBB021;"'2019-05-03 22:00'";12;73;12;8;1;moderate
DEBB021;"'2019-05-03 23:00'";12;75;9;8;1;moderate
DEBB021;"'2019-05-03 24:00'";12;68;14;8;1;good
DEBB021;"'2019-05-04 01:00'";11;68;12;8;1;good
DEBB021;"'2019-05-04 02:00'";11;67;10;8;1;good
DEBB021;"'2019-05-04 03:00'";11;68;8;8;1;good
DEBB021;"'2019-05-04 04:00'";10;69;7;7;1;good
DEBB021;"'2019-05-04 05:00'";9;73;5;7;1;moderate
DEBB021;"'2019-05-04 06:00'";9;72;6;6;1;good
DEBB021;"'2019-05-04 07:00'";8;65;11;6;1;good
DEBB021;"'2019-05-04 08:00'";9;62;14;7;1;good
DEBB021;"'2019-05-04 09:00'";10;62;11;7;1;good
DEBB021;"'2019-05-04 10:00'";11;62;7;7;1;good
DEBB021;"'2019-05-04 11:00'";11;63;7;6;1;good
DEBB021;"'2019-05-04 12:00'";9;67;6;5;1;good
DEBB021;"'2019-05-04 13:00'";10;69;5;5;1;good
DEBB021;"'2019-05-04 14:00'";9;69;7;5;1;good
DEBB021;"'2019-05-04 15:00'";10;74;5;4;1;moderate
DEBB021;"'2019-05-04 16:00'";6;81;5;3;1;moderate
DEBB021;"'2019-05-04 17:00'";10;79;4;4;1;moderate
DEBB021;"'2019-05-04 18:00'";5;80;5;3;1;moderate
DEBB021;"'2019-05-04 19:00'";7;85;4;4;1;moderate
DEBB021;"'2019-05-04 20:00'";3;79;7;3;1;moderate
DEBB021;"'2019-05-04 21:00'";7;64;15;6;1;good
DEBB021;"'2019-05-04 22:00'";6;69;10;5;1;good
DEBB021;"'2019-05-04 23:00'";5;67;11;4;1;good
DEBB021;"'2019-05-04 24:00'";5;65;9;4;1;good
DEBB021;"'2019-05-05 01:00'";5;62;8;4;1;good
DEBB021;"'2019-05-05 02:00'";5;58;8;5;1;good
DEBB021;"'2019-05-05 03:00'";5;53;9;4;1;good
DEBB021;"'2019-05-05 04:00'";7;50;9;5;1;good
DEBB021;"'2019-05-05 05:00'";6;43;10;5;1;good
DEBB021;"'2019-05-05 06:00'";13;38;13;11;1;good
DEBB021;"'2019-05-05 07:00'";11;37;12;9;1;good
DEBB021;"'2019-05-05 08:00'";7;48;9;6;1;good
DEBB021;"'2019-05-05 09:00'";6;56;7;5;1;good
DEBB021;"'2019-05-05 10:00'";6;64;6;5;1;good
DEBB021;"'2019-05-05 11:00'";6;75;5;5;1;moderate
DEBB021;"'2019-05-05 12:00'";5;81;4;4;1;moderate
DEBB021;"'2019-05-05 13:00'";4;84;3;3;1;moderate
DEBB021;"'2019-05-05 14:00'";5;86;3;3;1;moderate
DEBB021;"'2019-05-05 15:00'";6;88;3;3;1;moderate
DEBB021;"'2019-05-05 16:00'";5;88;4;3;1;moderate
DEBB021;"'2019-05-05 17:00'";5;89;4;3;1;moderate
DEBB021;"'2019-05-05 18:00'";6;90;5;4;1;moderate
DEBB021;"'2019-05-05 19:00'";6;90;5;4;1;moderate
DEBB021;"'2019-05-05 20:00'";7;86;9;5;1;moderate
DEBB021;"'2019-05-05 21:00'";9;77;11;5;1;moderate
DEBB021;"'2019-05-05 22:00'";11;59;23;7;1;good
DEBB021;"'2019-05-05 23:00'";9;56;19;6;1;good
DEBB021;"'2019-05-05 24:00'";10;64;17;7;1;good
DEBB021;"'2019-05-06 01:00'";10;65;14;7;1;good
DEBB021;"'2019-05-06 02:00'";12;65;13;8;1;good
DEBB021;"'2019-05-06 03:00'";13;78;6;9;1;moderate
DEBB021;"'2019-05-06 04:00'";13;80;5;10;1;moderate
DEBB021;"'2019-05-06 05:00'";13;72;9;10;1;good
DEBB021;"'2019-05-06 06:00'";14;62;15;10;1;good
DEBB021;"'2019-05-06 07:00'";14;56;19;10;1;good
DEBB021;"'2019-05-06 08:00'";14;61;18;10;1;good
DEBB021;"'2019-05-06 09:00'";14;71;12;9;1;good
DEBB021;"'2019-05-06 10:00'";12;80;7;7;1;moderate
DEBB021;"'2019-05-06 11:00'";11;80;6;7;1;moderate
DEBB021;"'2019-05-06 12:00'";11;82;5;7;1;moderate
DEBB021;"'2019-05-06 13:00'";11;82;6;7;1;moderate
DEBB021;"'2019-05-06 14:00'";11;84;6;6;1;moderate
DEBB021;"'2019-05-06 15:00'";12;83;6;7;1;moderate
DEBB021;"'2019-05-06 16:00'";12;83;6;6;1;moderate
DEBB021;"'2019-05-06 17:00'";14;81;8;7;1;moderate
DEBB021;"'2019-05-06 18:00'";25;80;8;8;1;moderate
DEBB021;"'2019-05-06 19:00'";11;77;8;7;1;moderate
DEBB021;"'2019-05-06 20:00'";10;75;8;7;1;moderate
DEBB021;"'2019-05-06 21:00'";6;79;6;5;1;moderate
DEBB021;"'2019-05-06 22:00'";5;79;6;4;1;moderate
DEBB021;"'2019-05-06 23:00'";7;72;8;6;1;good
DEBB021;"'2019-05-06 24:00'";7;71;8;6;1;good
DEBB021;"'2019-05-07 01:00'";6;69;8;5;1;good
DEBB021;"'2019-05-07 02:00'";7;68;8;6;1;good
DEBB021;"'2019-05-07 03:00'";8;68;7;7;1;good
DEBB021;"'2019-05-07 04:00'";9;66;6;7;1;good
DEBB021;"'2019-05-07 05:00'";10;63;6;9;1;good
DEBB021;"'2019-05-07 06:00'";10;61;8;9;1;good
DEBB021;"'2019-05-07 07:00'";11;54;15;10;1;good
DEBB021;"'2019-05-07 08:00'";12;53;14;10;1;good
DEBB021;"'2019-05-07 09:00'";11;61;8;8;1;good
DEBB021;"'2019-05-07 10:00'";9;65;6;6;1;good
DEBB021;"'2019-05-07 11:00'";8;68;4;5;1;good
DEBB021;"'2019-05-07 12:00'";9;68;6;5;1;good
DEBB021;"'2019-05-07 13:00'";8;72;4;5;1;good
DEBB021;"'2019-05-07 14:00'";8;74;2;4;1;moderate
DEBB021;"'2019-05-07 15:00'";8;76;5;4;1;moderate
DEBB021;"'2019-05-07 16:00'";8;78;4;4;1;moderate
DEBB021;"'2019-05-07 17:00'";12;78;7;4;1;moderate
DEBB021;"'2019-05-07 18:00'";8;83;6;4;1;moderate
DEBB021;"'2019-05-07 19:00'";7;81;6;4;1;moderate
DEBB021;"'2019-05-07 20:00'";9;80;8;5;1;moderate
DEBB021;"'2019-05-07 21:00'";12;69;13;6;1;good
DEBB021;"'2019-05-07 22:00'";14;47;27;7;1;good
DEBB021;"'2019-05-07 23:00'";12;46;23;7;1;good
DEBB021;"'2019-05-07 24:00'";10;45;21;7;1;good
DEBB021;"'2019-05-08 01:00'";13;20;40;10;1;moderate
DEBB021;"'2019-05-08 02:00'";12;13;44;9;1;moderate
DEBB021;"'2019-05-08 03:00'";11;15;41;8;1;moderate
DEBB021;"'2019-05-08 04:00'";10;20;34;8;1;moderate
DEBB021;"'2019-05-08 05:00'";11;24;29;9;1;good
DEBB021;"'2019-05-08 06:00'";12;10;45;10;1;moderate
DEBB021;"'2019-05-08 07:00'";15;12;47;11;1;moderate
DEBB021;"'2019-05-08 08:00'";22;19;46;15;1;moderate
DEBB021;"'2019-05-08 09:00'";26;31;35;17;4;moderate
DEBB021;"'2019-05-08 10:00'";27;58;19;17;5;moderate
DEBB021;"'2019-05-08 11:00'";26;72;13;15;4;good
DEBB021;"'2019-05-08 12:00'";27;86;9;12;3;moderate
DEBB021;"'2019-05-08 13:00'";28;96;8;11;3;moderate
DEBB021;"'2019-05-08 14:00'";29;98;10;10;3;moderate
DEBB021;"'2019-05-08 15:00'";29;103;10;10;3;moderate
DEBB021;"'2019-05-08 16:00'";32;103;12;9;3;moderate
DEBB021;"'2019-05-08 17:00'";24;103;14;8;2;moderate
DEBB021;"'2019-05-08 18:00'";29;108;9;10;3;moderate
DEBB021;"'2019-05-08 19:00'";22;102;11;10;3;moderate
DEBB021;"'2019-05-08 20:00'";18;104;8;9;3;moderate
DEBB021;"'2019-05-08 21:00'";13;105;8;8;3;moderate
DEBB021;"'2019-05-08 22:00'";12;96;8;8;2;moderate
DEBB021;"'2019-05-08 23:00'";9;90;9;7;1;moderate
DEBB021;"'2019-05-08 24:00'";11;87;8;7;1;moderate
DEBB021;"'2019-05-09 01:00'";10;84;8;7;1;moderate
DEBB021;"'2019-05-09 02:00'";6;87;5;5;1;moderate
DEBB021;"'2019-05-09 03:00'";5;85;5;4;1;moderate
DEBB021;"'2019-05-09 04:00'";5;81;5;4;1;moderate
DEBB021;"'2019-05-09 05:00'";5;73;6;4;1;moderate
DEBB021;"'2019-05-09 06:00'";4;67;8;3;1;good
DEBB021;"'2019-05-09 07:00'";4;59;15;3;1;good
DEBB021;"'2019-05-09 08:00'";5;57;18;4;1;good
DEBB021;"'2019-05-09 09:00'";6;63;13;4;1;good
DEBB021;"'2019-05-09 10:00'";7;66;10;4;1;good
DEBB021;"'2019-05-09 11:00'";9;64;10;5;1;good
DEBB021;"'2019-05-09 12:00'";8;69;7;5;1;good
DEBB021;"'2019-05-09 13:00'";12;68;10;6;1;good
DEBB021;"'2019-05-09 14:00'";14;75;9;7;1;moderate
DEBB021;"'2019-05-09 15:00'";12;80;8;6;1;moderate
DEBB021;"'2019-05-09 16:00'";10;86;7;5;1;moderate
DEBB021;"'2019-05-09 17:00'";12;87;7;4;1;moderate
DEBB021;"'2019-05-09 18:00'";10;88;8;4;1;moderate
DEBB021;"'2019-05-09 19:00'";14;87;9;4;1;moderate
DEBB021;"'2019-05-09 20:00'";11;87;8;3;1;moderate
DEBB021;"'2019-05-09 21:00'";18;81;12;5;1;moderate
DEBB021;"'2019-05-09 22:00'";10;71;16;5;1;good
DEBB021;"'2019-05-09 23:00'";11;54;24;7;1;good
DEBB021;"'2019-05-09 24:00'";14;41;31;10;2;moderate
DEBB021;"'2019-05-10 01:00'";15;33;35;11;3;moderate
DEBB021;"'2019-05-10 02:00'";13;40;24;9;1;good
DEBB021;"'2019-05-10 03:00'";9;48;18;7;1;good
DEBB021;"'2019-05-10 04:00'";8;48;14;6;1;good
DEBB021;"'2019-05-10 05:00'";7;44;17;5;1;good
DEBB021;"'2019-05-10 06:00'";8;41;21;6;1;good
DEBB021;"'2019-05-10 07:00'";9;37;27;6;2;good
DEBB021;"'2019-05-10 08:00'";11;41;21;7;4;good
DEBB021;"'2019-05-10 09:00'";13;43;16;9;4;good
DEBB021;"'2019-05-10 10:00'";18;44;14;13;3;good
DEBB021;"'2019-05-10 11:00'";22;51;11;17;3;moderate
DEBB021;"'2019-05-10 12:00'";22;62;9;17;3;moderate
DEBB021;"'2019-05-10 13:00'";20;69;10;14;3;good
DEBB021;"'2019-05-10 14:00'";22;80;8;13;2;moderate
DEBB021;"'2019-05-10 15:00'";9;70;19;7;2;good
DEBB021;"'2019-05-10 16:00'";15;71;12;10;1;good
DEBB021;"'2019-05-10 17:00'";16;78;9;9;2;moderate
DEBB021;"'2019-05-10 18:00'";10;80;7;5;1;moderate
DEBB021;"'2019-05-10 19:00'";6;83;6;4;1;moderate
DEBB021;"'2019-05-10 20:00'";9;87;6;6;1;moderate
DEBB021;"'2019-05-10 21:00'";8;84;7;7;1;moderate
DEBB021;"'2019-05-10 22:00'";7;78;8;6;1;moderate
DEBB021;"'2019-05-10 23:00'";8;68;10;7;1;good
DEBB021;"'2019-05-10 24:00'";10;65;11;8;1;good
DEBB021;"'2019-05-11 01:00'";10;64;10;8;1;good
DEBB021;"'2019-05-11 02:00'";10;66;10;8;1;good
DEBB021;"'2019-05-11 03:00'";11;51;14;9;1;good
DEBB021;"'2019-05-11 04:00'";10;56;9;8;1;good
DEBB021;"'2019-05-11 05:00'";11;51;7;9;1;good
DEBB021;"'2019-05-11 06:00'";11;45;13;9;1;good
DEBB021;"'2019-05-11 07:00'";15;35;22;12;1;good
DEBB021;"'2019-05-11 08:00'";16;41;23;12;3;good
DEBB021;"'2019-05-11 09:00'";15;57;16;10;3;good
DEBB021;"'2019-05-11 10:00'";15;70;11;9;4;good
DEBB021;"'2019-05-11 11:00'";17;80;8;8;3;moderate
DEBB021;"'2019-05-11 12:00'";25;83;8;9;2;moderate
DEBB021;"'2019-05-11 13:00'";20;88;9;9;3;moderate
DEBB021;"'2019-05-11 14:00'";16;89;11;9;3;moderate
DEBB021;"'2019-05-11 15:00'";13;89;12;8;3;moderate
DEBB021;"'2019-05-11 16:00'";11;86;12;8;2;moderate
DEBB021;"'2019-05-11 17:00'";11;83;13;9;3;moderate
DEBB021;"'2019-05-11 18:00'";11;76;11;8;1;moderate
DEBB021;"'2019-05-11 19:00'";12;65;12;9;1;good
DEBB021;"'2019-05-11 20:00'";13;68;11;10;1;good
DEBB021;"'2019-05-11 21:00'";13;62;11;10;1;good
DEBB021;"'2019-05-11 22:00'";11;68;8;8;1;good
DEBB021;"'2019-05-11 23:00'";9;69;6;7;1;good
DEBB021;"'2019-05-11 24:00'";9;74;6;6;1;moderate
DEBB021;"'2019-05-12 01:00'";9;69;6;6;1;good
DEBB021;"'2019-05-12 02:00'";8;72;5;6;1;good
DEBB021;"'2019-05-12 03:00'";8;75;5;6;1;moderate
DEBB021;"'2019-05-12 04:00'";8;75;5;6;1;moderate
DEBB021;"'2019-05-12 05:00'";10;70;6;7;1;good
DEBB021;"'2019-05-12 06:00'";9;67;6;6;1;good
DEBB021;"'2019-05-12 07:00'";7;67;6;5;1;good
DEBB021;"'2019-05-12 08:00'";9;63;6;7;1;good
DEBB021;"'2019-05-12 09:00'";9;65;4;7;1;good
DEBB021;"'2019-05-12 10:00'";9;69;2;7;1;good
DEBB021;"'2019-05-12 11:00'";8;74;2;6;1;moderate
DEBB021;"'2019-05-12 12:00'";8;75;3;5;1;moderate
DEBB021;"'2019-05-12 13:00'";8;79;2;5;1;moderate
DEBB021;"'2019-05-12 14:00'";9;81;2;5;1;moderate
DEBB021;"'2019-05-12 15:00'";9;85;2;5;1;moderate
DEBB021;"'2019-05-12 16:00'";10;87;2;4;1;moderate
DEBB021;"'2019-05-12 17:00'";9;88;2;4;1;moderate
DEBB021;"'2019-05-12 18:00'";8;92;2;3;1;moderate
DEBB021;"'2019-05-12 19:00'";7;92;3;3;1;moderate
DEBB021;"'2019-05-12 20:00'";7;88;4;3;1;moderate
DEBB021;"'2019-05-12 21:00'";7;83;4;3;1;moderate
DEBB021;"'2019-05-12 22:00'";6;78;5;3;1;moderate
DEBB021;"'2019-05-12 23:00'";6;75;5;3;1;moderate
DEBB021;"'2019-05-12 24:00'";6;74;5;3;1;moderate
DEBB021;"'2019-05-13 01:00'";6;74;3;4;1;moderate
DEBB021;"'2019-05-13 02:00'";7;65;7;4;1;good
DEBB021;"'2019-05-13 03:00'";8;63;7;4;1;good
DEBB021;"'2019-05-13 04:00'";9;62;6;4;1;good
DEBB021;"'2019-05-13 05:00'";8;57;7;4;1;good
DEBB021;"'2019-05-13 06:00'";9;51;10;5;1;good
DEBB021;"'2019-05-13 07:00'";9;44;13;5;1;good
DEBB021;"'2019-05-13 08:00'";11;48;11;6;1;good
DEBB021;"'2019-05-13 09:00'";13;50;9;7;1;good
DEBB021;"'2019-05-13 10:00'";13;52;8;7;1;good
DEBB021;"'2019-05-13 11:00'";13;62;5;7;1;good
DEBB021;"'2019-05-13 12:00'";11;69;4;5;1;good
DEBB021;"'2019-05-13 13:00'";10;76;5;5;1;moderate
DEBB021;"'2019-05-13 14:00'";16;82;4;4;1;moderate
DEBB021;"'2019-05-13 15:00'";14;85;4;4;1;moderate
DEBB021;"'2019-05-13 16:00'";13;84;4;4;1;moderate
DEBB021;"'2019-05-13 17:00'";8;83;4;3;1;moderate
DEBB021;"'2019-05-13 18:00'";9;83;3;3;1;moderate
DEBB021;"'2019-05-13 19:00'";6;82;3;3;1;moderate
DEBB021;"'2019-05-13 20:00'";8;84;2;3;1;moderate
DEBB021;"'2019-05-13 21:00'";7;85;5;3;1;moderate
DEBB021;"'2019-05-13 22:00'";5;82;5;2;1;moderate
DEBB021;"'2019-05-13 23:00'";6;76;6;3;1;moderate
DEBB021;"'2019-05-13 24:00'";6;69;8;4;1;good
DEBB021;"'2019-05-14 01:00'";7;66;8;4;1;good
DEBB021;"'2019-05-14 02:00'";6;65;7;4;1;good
DEBB021;"'2019-05-14 03:00'";6;56;10;4;1;good
DEBB021;"'2019-05-14 04:00'";5;59;7;3;1;good
DEBB021;"'2019-05-14 05:00'";5;58;10;4;1;good
DEBB021;"'2019-05-14 06:00'";5;57;12;3;1;good
DEBB021;"'2019-05-14 07:00'";4;59;10;4;1;good
DEBB021;"'2019-05-14 08:00'";6;55;13;4;1;good
DEBB021;"'2019-05-14 09:00'";8;61;11;4;2;good
DEBB021;"'2019-05-14 10:00'";8;71;9;4;4;good
DEBB021;"'2019-05-14 11:00'";7;77;8;4;3;moderate
DEBB021;"'2019-05-14 12:00'";9;81;6;3;1;moderate
DEBB021;"'2019-05-14 13:00'";8;77;5;3;1;moderate
DEBB021;"'2019-05-14 14:00'";10;72;5;3;1;good
DEBB021;"'2019-05-14 15:00'";13;72;5;3;1;good
DEBB021;"'2019-05-14 16:00'";10;76;6;3;1;moderate
DEBB021;"'2019-05-14 17:00'";11;81;5;3;1;moderate
DEBB021;"'2019-05-14 18:00'";14;81;3;3;1;moderate
DEBB021;"'2019-05-14 19:00'";9;79;3;3;1;moderate
DEBB021;"'2019-05-14 20:00'";6;80;2;3;1;moderate
DEBB021;"'2019-05-14 21:00'";6;77;5;3;1;moderate
DEBB021;"'2019-05-14 22:00'";6;73;6;3;1;moderate
DEBB021;"'2019-05-14 23:00'";6;70;6;3;1;good
DEBB021;"'2019-05-14 24:00'";5;69;6;3;1;good
DEBB021;"'2019-05-15 01:00'";4;70;5;3;1;good
DEBB021;"'2019-05-15 02:00'";4;68;6;3;1;good
DEBB021;"'2019-05-15 03:00'";4;69;5;3;1;good
DEBB021;"'2019-05-15 04:00'";3;65;6;3;1;good
DEBB021;"'2019-05-15 05:00'";4;61;8;3;1;good
DEBB021;"'2019-05-15 06:00'";4;53;13;3;1;good
DEBB021;"'2019-05-15 07:00'";6;43;24;3;1;good
DEBB021;"'2019-05-15 08:00'";12;52;18;4;1;good
DEBB021;"'2019-05-15 09:00'";9;55;15;3;1;good
DEBB021;"'2019-05-15 10:00'";7;67;10;3;1;good
DEBB021;"'2019-05-15 11:00'";9;73;7;3;1;moderate
DEBB021;"'2019-05-15 12:00'";10;82;7;2;1;moderate
DEBB021;"'2019-05-15 13:00'";11;82;6;3;1;moderate
DEBB021;"'2019-05-15 14:00'";10;83;7;3;2;moderate
DEBB021;"'2019-05-15 15:00'";13;86;7;3;1;moderate
DEBB021;"'2019-05-15 16:00'";15;88;7;3;1;moderate
DEBB021;"'2019-05-15 17:00'";15;82;10;3;2;moderate
DEBB021;"'2019-05-15 18:00'";11;82;8;3;1;moderate
DEBB021;"'2019-05-15 19:00'";11;81;6;4;1;moderate
DEBB021;"'2019-05-15 20:00'";9;82;5;3;1;moderate
DEBB021;"'2019-05-15 21:00'";6;82;3;3;1;moderate
DEBB021;"'2019-05-15 22:00'";5;79;3;3;1;moderate
DEBB021;"'2019-05-15 23:00'";5;78;3;3;1;moderate
DEBB021;"'2019-05-15 24:00'";4;79;3;3;1;moderate
DEBB021;"'2019-05-16 01:00'";4;77;2;3;1;moderate
DEBB021;"'2019-05-16 02:00'";4;75;2;2;1;moderate
DEBB021;"'2019-05-16 03:00'";4;73;3;3;1;moderate
DEBB021;"'2019-05-16 04:00'";4;71;2;3;1;good
DEBB021;"'2019-05-16 05:00'";4;68;5;3;1;good
DEBB021;"'2019-05-16 06:00'";4;66;6;3;1;good
DEBB021;"'2019-05-16 07:00'";4;62;9;3;1;good
DEBB021;"'2019-05-16 08:00'";5;60;11;4;1;good
DEBB021;"'2019-05-16 09:00'";5;56;12;4;1;good
DEBB021;"'2019-05-16 10:00'";3;54;13;3;1;good
DEBB021;"'2019-05-16 11:00'";4;51;15;3;1;good
DEBB021;"'2019-05-16 12:00'";6;49;16;4;1;good
DEBB021;"'2019-05-16 13:00'";5;45;18;3;1;good
DEBB021;"'2019-05-16 14:00'";3;45;17;3;2;good
DEBB021;"'2019-05-16 15:00'";5;39;22;4;2;good
DEBB021;"'2019-05-16 16:00'";7;32;26;6;1;good
DEBB021;"'2019-05-16 17:00'";12;29;27;10;1;good
DEBB021;"'2019-05-16 18:00'";15;30;22;13;1;good
DEBB021;"'2019-05-16 19:00'";12;29;21;10;1;good
DEBB021;"'2019-05-16 20:00'";13;31;20;10;1;good
DEBB021;"'2019-05-16 21:00'";14;32;16;11;1;good
DEBB021;"'2019-05-16 22:00'";16;30;16;13;1;good
DEBB021;"'2019-05-16 23:00'";17;30;11;14;1;good
DEBB021;"'2019-05-16 24:00'";18;29;11;15;1;good
DEBB021;"'2019-05-17 01:00'";18;25;12;15;1;good
DEBB021;"'2019-05-17 02:00'";20;20;11;16;1;moderate
DEBB021;"'2019-05-17 03:00'";18;14;12;13;1;good
DEBB021;"'2019-05-17 04:00'";13;13;14;9;1;good
DEBB021;"'2019-05-17 05:00'";10;13;16;7;1;good
DEBB021;"'2019-05-17 06:00'";8;19;10;6;1;good
DEBB021;"'2019-05-17 07:00'";11;12;20;8;1;good
DEBB021;"'2019-05-17 08:00'";17;17;22;15;2;good
DEBB021;"'2019-05-17 09:00'";17;24;19;14;1;good
DEBB021;"'2019-05-17 10:00'";15;46;13;12;3;good
DEBB021;"'2019-05-17 11:00'";17;51;17;13;5;good
DEBB021;"'2019-05-17 12:00'";15;61;15;12;5;good
DEBB021;"'2019-05-17 13:00'";16;61;15;12;5;good
DEBB021;"'2019-05-17 14:00'";16;66;13;13;4;good
DEBB021;"'2019-05-17 15:00'";15;74;10;12;4;moderate
DEBB021;"'2019-05-17 16:00'";15;80;10;12;4;moderate
DEBB021;"'2019-05-17 17:00'";15;85;10;11;3;moderate
DEBB021;"'2019-05-17 18:00'";15;86;10;11;3;moderate
DEBB021;"'2019-05-17 19:00'";17;87;10;12;3;moderate
DEBB021;"'2019-05-17 20:00'";17;84;11;13;3;moderate
DEBB021;"'2019-05-17 21:00'";17;73;16;13;3;moderate
DEBB021;"'2019-05-17 22:00'";15;64;17;12;3;good
DEBB021;"'2019-05-17 23:00'";17;58;16;13;3;good
DEBB021;"'2019-05-17 24:00'";18;56;14;15;3;good
DEBB021;"'2019-05-18 01:00'";19;55;12;15;3;good
DEBB021;"'2019-05-18 02:00'";19;55;10;16;3;moderate
DEBB021;"'2019-05-18 03:00'";21;50;11;18;3;moderate
DEBB021;"'2019-05-18 04:00'";23;45;12;19;2;moderate
DEBB021;"'2019-05-18 05:00'";24;39;14;21;3;moderate
DEBB021;"'2019-05-18 06:00'";26;33;15;22;3;moderate
DEBB021;"'2019-05-18 07:00'";28;29;17;23;3;moderate
DEBB021;"'2019-05-18 08:00'";28;36;15;23;3;moderate
DEBB021;"'2019-05-18 09:00'";24;48;12;20;3;moderate
DEBB021;"'2019-05-18 10:00'";17;63;10;13;4;good
DEBB021;"'2019-05-18 11:00'";15;68;12;11;5;good
DEBB021;"'2019-05-18 12:00'";12;78;10;7;4;moderate
DEBB021;"'2019-05-18 13:00'";11;90;7;6;3;moderate
DEBB021;"'2019-05-18 14:00'";10;94;8;5;3;moderate
DEBB021;"'2019-05-18 15:00'";10;99;7;5;4;moderate
DEBB021;"'2019-05-18 16:00'";10;97;9;5;4;moderate
DEBB021;"'2019-05-18 17:00'";9;103;7;4;4;moderate
DEBB021;"'2019-05-18 18:00'";9;107;6;4;4;moderate
DEBB021;"'2019-05-18 19:00'";8;104;6;4;3;moderate
DEBB021;"'2019-05-18 20:00'";7;98;7;4;3;moderate
DEBB021;"'2019-05-18 21:00'";12;89;10;6;3;moderate
DEBB021;"'2019-05-18 22:00'";14;64;23;10;3;good
DEBB021;"'2019-05-18 23:00'";20;35;41;15;3;moderate
DEBB021;"'2019-05-18 24:00'";22;33;33;17;3;moderate
DEBB021;"'2019-05-19 01:00'";28;18;44;23;3;moderate
DEBB021;"'2019-05-19 02:00'";30;16;36;25;3;moderate
DEBB021;"'2019-05-19 03:00'";20;28;19;16;3;moderate
DEBB021;"'2019-05-19 04:00'";21;16;22;18;2;moderate
DEBB021;"'2019-05-19 05:00'";25;15;23;21;3;moderate
DEBB021;"'2019-05-19 06:00'";27;20;29;23;3;moderate
DEBB021;"'2019-05-19 07:00'";28;26;26;24;3;moderate
DEBB021;"'2019-05-19 08:00'";24;41;17;20;3;moderate
DEBB021;"'2019-05-19 09:00'";21;51;14;16;3;moderate
DEBB021;"'2019-05-19 10:00'";15;76;10;11;3;moderate
DEBB021;"'2019-05-19 11:00'";13;90;7;9;3;moderate
DEBB021;"'2019-05-19 12:00'";12;99;6;7;4;moderate
DEBB021;"'2019-05-19 13:00'";11;105;6;7;3;moderate
DEBB021;"'2019-05-19 14:00'";12;111;6;7;3;moderate
DEBB021;"'2019-05-19 15:00'";10;112;6;6;3;moderate
DEBB021;"'2019-05-19 16:00'";11;115;7;7;4;moderate
DEBB021;"'2019-05-19 17:00'";14;113;8;9;4;moderate
DEBB021;"'2019-05-19 18:00'";19;100;8;12;3;moderate
DEBB021;"'2019-05-19 19:00'";17;83;10;12;3;moderate
DEBB021;"'2019-05-19 20:00'";15;74;14;11;3;moderate
DEBB021;"'2019-05-19 21:00'";17;82;12;13;4;moderate
DEBB021;"'2019-05-19 22:00'";20;81;12;15;3;moderate
DEBB021;"'2019-05-19 23:00'";19;79;11;15;4;moderate
DEBB021;"'2019-05-19 24:00'";18;81;9;14;4;moderate
DEBB021;"'2019-05-20 01:00'";16;91;7;12;4;moderate
DEBB021;"'2019-05-20 02:00'";20;82;8;15;3;moderate
DEBB021;"'2019-05-20 03:00'";23;62;11;18;3;moderate
DEBB021;"'2019-05-20 04:00'";24;48;13;20;3;moderate
DEBB021;"'2019-05-20 05:00'";25;46;14;20;3;moderate
DEBB021;"'2019-05-20 06:00'";26;38;15;21;3;moderate
DEBB021;"'2019-05-20 07:00'";25;37;17;21;3;moderate
DEBB021;"'2019-05-20 08:00'";26;36;24;21;3;moderate
DEBB021;"'2019-05-20 09:00'";25;48;23;19;4;moderate
DEBB021;"'2019-05-20 10:00'";22;50;26;16;4;moderate
DEBB021;"'2019-05-20 11:00'";20;63;24;13;6;good
DEBB021;"'2019-05-20 12:00'";17;92;13;10;5;moderate
DEBB021;"'2019-05-20 13:00'";13;107;9;7;4;moderate
DEBB021;"'2019-05-20 14:00'";14;102;10;8;4;moderate
DEBB021;"'2019-05-20 15:00'";16;98;11;8;4;moderate
DEBB021;"'2019-05-20 16:00'";17;96;14;9;4;moderate
DEBB021;"'2019-05-20 17:00'";19;80;24;11;4;moderate
DEBB021;"'2019-05-20 18:00'";18;63;31;13;4;moderate
DEBB021;"'2019-05-20 19:00'";9;81;17;7;3;moderate
DEBB021;"'2019-05-20 20:00'";16;65;15;12;3;good
DEBB021;"'2019-05-20 21:00'";18;65;8;14;3;good
DEBB021;"'2019-05-20 22:00'";18;55;13;15;3;good
DEBB021;"'2019-05-20 23:00'";17;57;12;13;3;good
DEBB021;"'2019-05-20 24:00'";17;55;11;13;3;good
DEBB021;"'2019-05-21 01:00'";18;47;12;13;3;good
DEBB021;"'2019-05-21 02:00'";17;36;15;13;3;good
DEBB021;"'2019-05-21 03:00'";17;38;10;13;2;good
DEBB021;"'2019-05-21 04:00'";19;33;11;15;2;good
DEBB021;"'2019-05-21 05:00'";22;21;16;17;1;moderate
DEBB021;"'2019-05-21 06:00'";24;19;17;18;1;moderate
DEBB021;"'2019-05-21 07:00'";24;20;22;19;2;moderate
DEBB021;"'2019-05-21 08:00'";22;28;22;17;3;moderate
DEBB021;"'2019-05-21 09:00'";21;37;20;16;3;moderate
DEBB021;"'2019-05-21 10:00'";20;45;19;13;3;good
DEBB021;"'2019-05-21 11:00'";15;62;15;9;3;good
DEBB021;"'2019-05-21 12:00'";12;75;13;8;3;moderate
DEBB021;"'2019-05-21 13:00'";14;82;13;9;3;moderate
DEBB021;"'2019-05-21 14:00'";13;94;9;8;3;moderate
DEBB021;"'2019-05-21 15:00'";15;99;9;11;3;moderate
DEBB021;"'2019-05-21 16:00'";14;108;7;10;3;moderate
DEBB021;"'2019-05-21 17:00'";12;113;8;8;3;moderate
DEBB021;"'2019-05-21 18:00'";11;114;7;8;3;moderate
DEBB021;"'2019-05-21 19:00'";13;106;6;9;3;moderate
DEBB021;"'2019-05-21 20:00'";11;101;6;8;3;moderate
DEBB021;"'2019-05-21 21:00'";10;97;6;7;3;moderate
DEBB021;"'2019-05-21 22:00'";10;93;7;8;3;moderate
DEBB021;"'2019-05-21 23:00'";20;63;7;16;3;moderate
DEBB021;"'2019-05-21 24:00'";21;55;7;17;3;moderate
DEBB021;"'2019-05-22 01:00'";20;41;9;16;3;moderate
DEBB021;"'2019-05-22 02:00'";19;42;7;17;2;moderate
DEBB021;"'2019-05-22 03:00'";13;53;5;11;3;good
DEBB021;"'2019-05-22 04:00'";7;57;4;6;2;good
DEBB021;"'2019-05-22 05:00'";9;55;5;8;1;good
DEBB021;"'2019-05-22 06:00'";10;62;5;8;1;good
DEBB021;"'2019-05-22 07:00'";9;62;7;8;2;good
DEBB021;"'2019-05-22 08:00'";8;63;10;7;1;good
DEBB021;"'2019-05-22 09:00'";7;64;11;6;1;good
DEBB021;"'2019-05-22 10:00'";6;66;9;5;1;good
DEBB021;"'2019-05-22 11:00'";7;72;9;6;1;good
DEBB021;"'2019-05-22 12:00'";7;73;9;6;1;moderate
DEBB021;"'2019-05-22 13:00'";8;74;9;7;1;moderate
DEBB021;"'2019-05-22 14:00'";15;76;9;13;1;moderate
DEBB021;"'2019-05-22 15:00'";18;75;9;15;1;moderate
DEBB021;"'2019-05-22 16:00'";18;72;10;15;1;good
DEBB021;"'2019-05-22 17:00'";19;72;10;15;1;good
DEBB021;"'2019-05-22 18:00'";18;71;9;14;1;good
DEBB021;"'2019-05-22 19:00'";16;70;8;13;1;good
DEBB021;"'2019-05-22 20:00'";16;69;8;12;1;good
DEBB021;"'2019-05-22 21:00'";14;73;7;10;1;moderate
DEBB021;"'2019-05-22 22:00'";11;74;6;8;1;moderate
DEBB021;"'2019-05-22 23:00'";11;71;5;8;1;good
DEBB021;"'2019-05-22 24:00'";10;69;5;8;1;good
DEBB021;"'2019-05-23 01:00'";11;70;5;8;2;good
DEBB021;"'2019-05-23 02:00'";11;69;5;8;2;good
DEBB021;"'2019-05-23 03:00'";11;69;4;8;1;good
DEBB021;"'2019-05-23 04:00'";11;65;4;8;1;good
DEBB021;"'2019-05-23 05:00'";11;59;6;9;1;good
DEBB021;"'2019-05-23 06:00'";12;51;9;9;2;good
DEBB021;"'2019-05-23 07:00'";13;45;14;10;1;good
DEBB021;"'2019-05-23 08:00'";11;57;9;9;1;good
DEBB021;"'2019-05-23 09:00'";10;67;6;7;1;good
DEBB021;"'2019-05-23 10:00'";10;72;5;7;1;good
DEBB021;"'2019-05-23 11:00'";10;76;5;7;2;moderate
DEBB021;"'2019-05-23 12:00'";9;83;4;6;1;moderate
DEBB021;"'2019-05-23 13:00'";9;86;4;5;1;moderate
DEBB021;"'2019-05-23 14:00'";8;87;5;5;1;moderate
DEBB021;"'2019-05-23 15:00'";11;88;3;5;1;moderate
DEBB021;"'2019-05-23 16:00'";10;91;5;5;1;moderate
DEBB021;"'2019-05-23 17:00'";7;93;6;4;1;moderate
DEBB021;"'2019-05-23 18:00'";8;96;5;4;2;moderate
DEBB021;"'2019-05-23 19:00'";8;100;4;4;2;moderate
DEBB021;"'2019-05-23 20:00'";7;97;6;4;1;moderate
DEBB021;"'2019-05-23 21:00'";7;86;10;4;2;moderate
DEBB021;"'2019-05-23 22:00'";8;64;21;5;3;good
DEBB021;"'2019-05-23 23:00'";10;30;39;7;3;moderate
DEBB021;"'2019-05-23 24:00'";10;26;36;8;3;moderate
DEBB021;"'2019-05-24 01:00'";11;12;50;8;3;moderate
DEBB021;"'2019-05-24 02:00'";10;36;31;8;3;moderate
DEBB021;"'2019-05-24 03:00'";9;40;23;7;1;good
DEBB021;"'2019-05-24 04:00'";10;38;21;8;1;good
DEBB021;"'2019-05-24 05:00'";10;33;23;8;1;good
DEBB021;"'2019-05-24 06:00'";10;28;29;8;1;good
DEBB021;"'2019-05-24 07:00'";12;19;46;8;1;moderate
DEBB021;"'2019-05-24 08:00'";13;23;41;8;1;moderate
DEBB021;"'2019-05-24 09:00'";16;49;22;7;2;good
DEBB021;"'2019-05-24 10:00'";13;73;14;5;3;moderate
DEBB021;"'2019-05-24 11:00'";13;85;13;6;4;moderate
DEBB021;"'2019-05-24 12:00'";18;101;12;9;4;moderate
DEBB021;"'2019-05-24 13:00'";19;112;10;11;4;moderate
DEBB021;"'2019-05-24 14:00'";21;125;8;13;4;moderate
DEBB021;"'2019-05-24 15:00'";20;131;12;11;4;moderate
DEBB021;"'2019-05-24 16:00'";17;136;9;8;3;moderate
DEBB021;"'2019-05-24 17:00'";11;131;8;5;3;moderate
DEBB021;"'2019-05-24 18:00'";15;131;6;7;3;moderate
DEBB021;"'2019-05-24 19:00'";14;132;6;7;2;moderate
DEBB021;"'2019-05-24 20:00'";14;131;8;7;3;moderate
DEBB021;"'2019-05-24 21:00'";15;124;11;9;3;moderate
DEBB021;"'2019-05-24 22:00'";18;109;16;10;3;moderate
DEBB021;"'2019-05-24 23:00'";19;108;13;12;3;moderate
DEBB021;"'2019-05-24 24:00'";22;111;11;16;3;moderate
DEBB021;"'2019-05-25 01:00'";25;103;10;18;3;moderate
DEBB021;"'2019-05-25 02:00'";17;95;7;12;3;moderate
DEBB021;"'2019-05-25 03:00'";10;89;6;7;3;moderate
DEBB021;"'2019-05-25 04:00'";9;78;5;6;3;moderate
DEBB021;"'2019-05-25 05:00'";8;68;5;6;2;good
DEBB021;"'2019-05-25 06:00'";9;60;7;7;2;good
DEBB021;"'2019-05-25 07:00'";6;58;7;5;1;good
DEBB021;"'2019-05-25 08:00'";6;62;5;5;2;good
DEBB021;"'2019-05-25 09:00'";7;68;3;5;1;good
DEBB021;"'2019-05-25 10:00'";9;64;6;6;1;good
DEBB021;"'2019-05-25 11:00'";8;64;6;5;1;good
DEBB021;"'2019-05-25 12:00'";9;64;6;5;1;good
DEBB021;"'2019-05-25 13:00'";9;69;6;6;1;good
DEBB021;"'2019-05-25 14:00'";9;69;6;6;1;good
DEBB021;"'2019-05-25 15:00'";13;73;5;6;1;moderate
DEBB021;"'2019-05-25 16:00'";8;73;5;5;1;moderate
DEBB021;"'2019-05-25 17:00'";9;72;2;6;1;good
DEBB021;"'2019-05-25 18:00'";9;73;3;6;1;moderate
DEBB021;"'2019-05-25 19:00'";8;74;5;6;1;moderate
DEBB021;"'2019-05-25 20:00'";10;74;5;6;1;moderate
DEBB021;"'2019-05-25 21:00'";12;70;7;9;2;good
DEBB021;"'2019-05-25 22:00'";10;68;7;8;2;good
DEBB021;"'2019-05-25 23:00'";12;64;9;9;1;good
DEBB021;"'2019-05-25 24:00'";13;56;13;10;2;good
DEBB021;"'2019-05-26 01:00'";14;51;15;11;1;good
DEBB021;"'2019-05-26 02:00'";12;50;13;9;1;good
DEBB021;"'2019-05-26 03:00'";11;45;19;9;1;good
DEBB021;"'2019-05-26 04:00'";11;41;15;9;2;good
DEBB021;"'2019-05-26 05:00'";11;42;9;9;1;good
DEBB021;"'2019-05-26 06:00'";13;44;8;10;2;good
DEBB021;"'2019-05-26 07:00'";15;39;14;12;3;good
DEBB021;"'2019-05-26 08:00'";15;48;7;13;4;good
DEBB021;"'2019-05-26 09:00'";11;57;6;8;3;good
DEBB021;"'2019-05-26 10:00'";10;66;8;6;3;good
DEBB021;"'2019-05-26 11:00'";14;79;4;6;2;moderate
DEBB021;"'2019-05-26 12:00'";14;89;6;7;3;moderate
DEBB021;"'2019-05-26 13:00'";16;94;4;9;4;moderate
DEBB021;"'2019-05-26 14:00'";16;96;5;8;3;moderate
DEBB021;"'2019-05-26 15:00'";15;101;5;8;3;moderate
DEBB021;"'2019-05-26 16:00'";12;103;5;6;1;moderate
DEBB021;"'2019-05-26 17:00'";11;100;2;6;2;moderate
DEBB021;"'2019-05-26 18:00'";12;93;5;6;3;moderate
DEBB021;"'2019-05-26 19:00'";9;91;5;5;3;moderate
DEBB021;"'2019-05-26 20:00'";8;87;7;5;3;moderate
DEBB021;"'2019-05-26 21:00'";7;81;9;4;3;moderate
DEBB021;"'2019-05-26 22:00'";7;79;7;5;3;moderate
DEBB021;"'2019-05-26 23:00'";9;77;7;6;3;moderate
DEBB021;"'2019-05-26 24:00'";10;77;6;7;3;moderate
DEBB021;"'2019-05-27 01:00'";11;77;6;8;3;moderate
DEBB021;"'2019-05-27 02:00'";11;80;6;8;3;moderate
DEBB021;"'2019-05-27 03:00'";11;79;5;8;3;moderate
DEBB021;"'2019-05-27 04:00'";11;77;6;9;3;moderate
DEBB021;"'2019-05-27 05:00'";10;75;6;8;3;moderate
DEBB021;"'2019-05-27 06:00'";10;70;9;7;3;good
DEBB021;"'2019-05-27 07:00'";12;63;15;8;3;good
DEBB021;"'2019-05-27 08:00'";13;60;15;8;3;good
DEBB021;"'2019-05-27 09:00'";15;56;17;8;3;good
DEBB021;"'2019-05-27 10:00'";14;60;9;9;3;good
DEBB021;"'2019-05-27 11:00'";20;57;9;9;3;good
DEBB021;"'2019-05-27 12:00'";15;60;8;9;3;good
DEBB021;"'2019-05-27 13:00'";16;62;8;9;3;good
DEBB021;"'2019-05-27 14:00'";13;63;8;8;3;good
DEBB021;"'2019-05-27 15:00'";13;64;7;7;3;good
DEBB021;"'2019-05-27 16:00'";13;62;8;9;3;good
DEBB021;"'2019-05-27 17:00'";14;61;9;9;3;good
DEBB021;"'2019-05-27 18:00'";9;59;10;6;3;good
DEBB021;"'2019-05-27 19:00'";8;59;10;5;1;good
DEBB021;"'2019-05-27 20:00'";8;49;11;6;3;good
DEBB021;"'2019-05-27 21:00'";9;42;12;8;2;good
DEBB021;"'2019-05-27 22:00'";9;43;12;8;3;good
DEBB021;"'2019-05-27 23:00'";9;44;10;8;3;good
DEBB021;"'2019-05-27 24:00'";10;43;9;8;3;good
DEBB021;"'2019-05-28 01:00'";11;44;8;9;3;good
DEBB021;"'2019-05-28 02:00'";12;42;9;10;3;good
DEBB021;"'2019-05-28 03:00'";11;58;7;8;3;good
DEBB021;"'2019-05-28 04:00'";10;50;9;7;2;good
DEBB021;"'2019-05-28 05:00'";10;44;11;7;3;good
DEBB021;"'2019-05-28 06:00'";12;47;12;8;3;good
DEBB021;"'2019-05-28 07:00'";15;44;16;10;3;good
DEBB021;"'2019-05-28 08:00'";19;40;19;11;3;good
DEBB021;"'2019-05-28 09:00'";18;45;16;11;4;good
DEBB021;"'2019-05-28 10:00'";18;59;10;10;3;good
DEBB021;"'2019-05-28 11:00'";18;63;9;11;3;good
DEBB021;"'2019-05-28 12:00'";18;71;6;11;3;good
DEBB021;"'2019-05-28 13:00'";20;79;5;11;3;moderate
DEBB021;"'2019-05-28 14:00'";16;80;5;9;3;moderate
DEBB021;"'2019-05-28 15:00'";12;81;5;5;3;moderate
DEBB021;"'2019-05-28 16:00'";10;83;5;5;2;moderate
DEBB021;"'2019-05-28 17:00'";11;82;6;5;2;moderate
DEBB021;"'2019-05-28 18:00'";10;81;5;4;1;moderate
DEBB021;"'2019-05-28 19:00'";6;82;4;3;1;moderate
DEBB021;"'2019-05-28 20:00'";8;80;5;4;1;moderate
DEBB021;"'2019-05-28 21:00'";8;80;4;4;1;moderate
DEBB021;"'2019-05-28 22:00'";7;82;3;3;1;moderate
DEBB021;"'2019-05-28 23:00'";6;82;3;3;1;moderate
DEBB021;"'2019-05-28 24:00'";5;81;3;3;2;moderate
DEBB021;"'2019-05-29 01:00'";5;83;2;3;1;moderate
DEBB021;"'2019-05-29 02:00'";5;81;2;3;1;moderate
DEBB021;"'2019-05-29 03:00'";6;73;6;3;1;moderate
DEBB021;"'2019-05-29 04:00'";6;72;6;3;1;good
DEBB021;"'2019-05-29 05:00'";6;72;5;4;1;good
DEBB021;"'2019-05-29 06:00'";6;67;7;4;1;good
DEBB021;"'2019-05-29 07:00'";6;64;10;4;2;good
DEBB021;"'2019-05-29 08:00'";7;63;10;4;1;good
DEBB021;"'2019-05-29 09:00'";8;68;7;4;1;good
DEBB021;"'2019-05-29 10:00'";7;80;5;3;1;moderate
DEBB021;"'2019-05-29 11:00'";8;84;5;4;1;moderate
DEBB021;"'2019-05-29 12:00'";9;89;2;4;1;moderate
DEBB021;"'2019-05-29 13:00'";10;91;2;4;1;moderate
DEBB021;"'2019-05-29 14:00'";10;93;2;4;1;moderate
DEBB021;"'2019-05-29 15:00'";9;94;3;4;1;moderate
DEBB021;"'2019-05-29 16:00'";10;94;4;3;1;moderate
DEBB021;"'2019-05-29 17:00'";10;93;5;3;1;moderate
DEBB021;"'2019-05-29 18:00'";9;93;3;3;1;moderate
DEBB021;"'2019-05-29 19:00'";7;93;2;3;1;moderate
DEBB021;"'2019-05-29 20:00'";6;91;5;3;1;moderate
DEBB021;"'2019-05-29 21:00'";8;88;6;3;1;moderate
DEBB021;"'2019-05-29 22:00'";14;74;12;5;1;moderate
DEBB021;"'2019-05-29 23:00'";20;56;22;7;1;good
DEBB021;"'2019-05-29 24:00'";15;42;27;7;1;good
DEBB021;"'2019-05-30 01:00'";17;31;32;11;1;moderate
DEBB021;"'2019-05-30 02:00'";17;26;32;12;3;moderate
DEBB021;"'2019-05-30 03:00'";15;28;29;12;3;good
DEBB021;"'2019-05-30 04:00'";16;29;31;12;3;moderate
DEBB021;"'2019-05-30 05:00'";14;29;33;10;3;moderate
DEBB021;"'2019-05-30 06:00'";14;15;46;10;3;moderate
DEBB021;"'2019-05-30 07:00'";14;29;31;10;3;moderate
DEBB021;"'2019-05-30 08:00'";21;46;17;16;3;moderate
DEBB021;"'2019-05-30 09:00'";19;59;12;10;3;good
DEBB021;"'2019-05-30 10:00'";11;81;6;4;3;moderate
DEBB021;"'2019-05-30 11:00'";10;89;6;3;3;moderate
DEBB021;"'2019-05-30 12:00'";9;92;5;3;3;moderate
DEBB021;"'2019-05-30 13:00'";13;96;5;3;3;moderate
DEBB021;"'2019-05-30 14:00'";9;101;4;3;3;moderate
DEBB021;"'2019-05-30 15:00'";17;99;4;4;3;moderate
DEBB021;"'2019-05-30 16:00'";12;99;5;3;3;moderate
DEBB021;"'2019-05-30 17:00'";11;98;5;4;3;moderate
DEBB021;"'2019-05-30 18:00'";12;97;5;4;3;moderate
DEBB021;"'2019-05-30 19:00'";12;93;5;5;3;moderate
DEBB021;"'2019-05-30 20:00'";10;76;4;6;3;moderate
DEBB021;"'2019-05-30 21:00'";9;68;4;6;3;good
DEBB021;"'2019-05-30 22:00'";11;73;6;7;3;moderate
DEBB021;"'2019-05-30 23:00'";9;76;5;6;3;moderate
DEBB021;"'2019-05-30 24:00'";12;72;8;8;3;good
DEBB021;"'2019-05-31 01:00'";11;63;11;8;3;good
DEBB021;"'2019-05-31 02:00'";11;56;12;8;3;good
DEBB021;"'2019-05-31 03:00'";15;51;8;9;3;good
DEBB021;"'2019-05-31 04:00'";12;45;9;9;3;good
DEBB021;"'2019-05-31 05:00'";12;41;11;10;3;good
DEBB021;"'2019-05-31 06:00'";13;38;14;11;3;good
DEBB021;"'2019-05-31 07:00'";16;32;22;12;4;good
DEBB021;"'2019-05-31 08:00'";17;33;17;11;3;good
DEBB021;"'2019-05-31 09:00'";17;39;12;10;4;good
DEBB021;"'2019-05-31 10:00'";19;50;9;10;4;good
DEBB021;"'2019-05-31 11:00'";18;61;8;10;4;good
DEBB021;"'2019-05-31 12:00'";18;59;7;10;4;good
DEBB021;"'2019-05-31 13:00'";19;66;6;8;3;good
DEBB021;"'2019-05-31 14:00'";13;71;6;6;3;good
DEBB021;"'2019-05-31 15:00'";15;71;5;8;3;good
DEBB021;"'2019-05-31 16:00'";19;68;6;10;3;good
DEBB021;"'2019-05-31 17:00'";18;68;6;10;3;good
DEBB021;"'2019-05-31 18:00'";19;71;5;7;3;good
DEBB021;"'2019-05-31 19:00'";9;74;4;5;3;moderate
DEBB021;"'2019-05-31 20:00'";10;78;6;7;3;moderate
DEBB021;"'2019-05-31 21:00'";14;72;6;9;3;good
DEBB021;"'2019-05-31 22:00'";16;55;8;12;3;good
DEBB021;"'2019-05-31 23:00'";16;43;12;13;3;good
DEBB021;"'2019-05-31 24:00'";17;39;10;14;3;good
DEBB021;"'2019-06-01 01:00'";18;35;8;14;3;good
DEBB021;"'2019-06-01 02:00'";18;31;9;15;3;good
DEBB021;"'2019-06-01 03:00'";17;34;8;15;3;good
DEBB021;"'2019-06-01 04:00'";18;30;8;15;3;good
DEBB021;"'2019-06-01 05:00'";22;30;8;18;3;moderate
DEBB021;"'2019-06-01 06:00'";24;25;10;20;3;moderate
DEBB021;"'2019-06-01 07:00'";28;22;15;22;3;moderate
DEBB021;"'2019-06-01 08:00'";31;29;13;25;3;moderate
DEBB021;"'2019-06-01 09:00'";30;37;14;24;3;moderate
DEBB021;"'2019-06-01 10:00'";26;51;12;18;3;moderate
DEBB021;"'2019-06-01 11:00'";21;80;8;14;4;moderate
DEBB021;"'2019-06-01 12:00'";21;90;7;14;4;moderate
DEBB021;"'2019-06-01 13:00'";19;92;9;11;4;moderate
DEBB021;"'2019-06-01 14:00'";15;95;7;9;3;moderate
DEBB021;"'2019-06-01 15:00'";15;100;6;7;4;moderate
DEBB021;"'2019-06-01 16:00'";9;100;3;5;3;moderate
DEBB021;"'2019-06-01 17:00'";8;101;3;5;4;moderate
DEBB021;"'2019-06-01 18:00'";9;98;3;5;3;moderate
DEBB021;"'2019-06-01 19:00'";7;94;3;5;4;moderate
DEBB021;"'2019-06-01 20:00'";9;96;5;6;4;moderate
DEBB021;"'2019-06-01 21:00'";15;87;9;9;4;moderate
DEBB021;"'2019-06-01 22:00'";21;69;14;11;4;good
DEBB021;"'2019-06-01 23:00'";22;49;22;13;4;good
DEBB021;"'2019-06-01 24:00'";23;44;22;15;3;good
DEBB021;"'2019-06-02 01:00'";22;31;28;17;3;moderate
DEBB021;"'2019-06-02 02:00'";24;39;20;19;3;moderate
DEBB021;"'2019-06-02 03:00'";25;48;12;20;3;moderate
DEBB021;"'2019-06-02 04:00'";24;56;10;19;3;moderate
DEBB021;"'2019-06-02 05:00'";22;55;9;17;4;moderate
DEBB021;"'2019-06-02 06:00'";23;50;11;19;7;moderate
DEBB021;"'2019-06-02 07:00'";24;52;12;19;8;moderate
DEBB021;"'2019-06-02 08:00'";22;60;8;17;7;moderate
DEBB021;"'2019-06-02 09:00'";20;64;7;15;6;good
DEBB021;"'2019-06-02 10:00'";20;71;7;13;5;good
DEBB021;"'2019-06-02 11:00'";19;83;7;12;4;moderate
DEBB021;"'2019-06-02 12:00'";17;96;6;10;4;moderate
DEBB021;"'2019-06-02 13:00'";13;103;3;8;4;moderate
DEBB021;"'2019-06-02 14:00'";11;105;5;6;3;moderate
DEBB021;"'2019-06-02 15:00'";10;104;5;6;3;moderate
DEBB021;"'2019-06-02 16:00'";12;107;5;6;4;moderate
DEBB021;"'2019-06-02 17:00'";10;107;4;5;4;moderate
DEBB021;"'2019-06-02 18:00'";9;106;4;4;4;moderate
DEBB021;"'2019-06-02 19:00'";8;98;9;4;4;moderate
DEBB021;"'2019-06-02 20:00'";7;101;5;4;3;moderate
DEBB021;"'2019-06-02 21:00'";12;96;6;4;3;moderate
DEBB021;"'2019-06-02 22:00'";12;94;7;6;3;moderate
DEBB021;"'2019-06-02 23:00'";11;90;7;6;3;moderate
DEBB021;"'2019-06-02 24:00'";12;79;10;9;3;moderate
DEBB021;"'2019-06-03 01:00'";15;69;13;11;3;good
DEBB021;"'2019-06-03 02:00'";14;73;10;11;3;moderate
DEBB021;"'2019-06-03 03:00'";13;80;7;10;4;moderate
DEBB021;"'2019-06-03 04:00'";15;81;7;11;5;moderate
DEBB021;"'2019-06-03 05:00'";15;74;9;12;5;moderate
DEBB021;"'2019-06-03 06:00'";19;62;15;15;4;good
DEBB021;"'2019-06-03 07:00'";21;58;22;15;4;good
DEBB021;"'2019-06-03 08:00'";28;65;22;14;5;moderate
DEBB021;"'2019-06-03 09:00'";24;78;19;10;5;moderate
DEBB021;"'2019-06-03 10:00'";21;95;13;9;4;moderate
DEBB021;"'2019-06-03 11:00'";20;105;14;8;4;moderate
DEBB021;"'2019-06-03 12:00'";20;104;11;5;4;moderate
DEBB021;"'2019-06-03 13:00'";19;105;8;5;4;moderate
DEBB021;"'2019-06-03 14:00'";16;105;8;4;4;moderate
DEBB021;"'2019-06-03 15:00'";15;105;8;3;4;moderate
DEBB021;"'2019-06-03 16:00'";16;106;9;3;3;moderate
DEBB021;"'2019-06-03 17:00'";13;108;8;3;3;moderate
DEBB021;"'2019-06-03 18:00'";11;105;7;3;3;moderate
DEBB021;"'2019-06-03 19:00'";34;101;10;6;3;moderate
DEBB021;"'2019-06-03 20:00'";33;111;5;7;3;moderate
DEBB021;"'2019-06-03 21:00'";24;105;7;6;3;moderate
DEBB021;"'2019-06-03 22:00'";9;104;5;4;3;moderate
DEBB021;"'2019-06-03 23:00'";8;104;3;5;3;moderate
DEBB021;"'2019-06-03 24:00'";7;106;3;5;3;moderate
DEBB021;"'2019-06-04 01:00'";7;98;5;5;3;moderate
DEBB021;"'2019-06-04 02:00'";9;87;7;6;3;moderate
DEBB021;"'2019-06-04 03:00'";10;82;9;7;3;moderate
DEBB021;"'2019-06-04 04:00'";12;76;9;9;3;moderate
DEBB021;"'2019-06-04 05:00'";14;73;9;11;3;moderate
DEBB021;"'2019-06-04 06:00'";18;62;10;15;3;good
DEBB021;"'2019-06-04 07:00'";22;56;14;18;3;moderate
DEBB021;"'2019-06-04 08:00'";24;58;15;17;3;moderate
DEBB021;"'2019-06-04 09:00'";19;77;11;11;3;moderate
DEBB021;"'2019-06-04 10:00'";17;95;8;9;3;moderate
DEBB021;"'2019-06-04 11:00'";18;102;11;8;3;moderate
DEBB021;"'2019-06-04 12:00'";19;117;9;6;3;moderate
DEBB021;"'2019-06-04 13:00'";18;121;7;6;3;moderate
DEBB021;"'2019-06-04 14:00'";22;122;5;9;3;moderate
DEBB021;"'2019-06-04 15:00'";47;130;8;30;4;moderate
DEBB021;"'2019-06-04 16:00'";37;126;9;19;4;moderate
DEBB021;"'2019-06-04 17:00'";43;130;8;22;4;moderate
DEBB021;"'2019-06-04 18:00'";31;131;7;17;4;moderate
DEBB021;"'2019-06-04 19:00'";23;125;6;10;4;moderate
DEBB021;"'2019-06-04 20:00'";31;121;7;12;4;moderate
DEBB021;"'2019-06-04 21:00'";31;109;11;16;4;moderate
DEBB021;"'2019-06-04 22:00'";38;93;16;24;4;moderate
DEBB021;"'2019-06-04 23:00'";39;78;23;26;4;moderate
DEBB021;"'2019-06-04 24:00'";36;69;24;25;3;moderate
DEBB021;"'2019-06-05 01:00'";33;68;20;25;3;moderate
DEBB021;"'2019-06-05 02:00'";35;55;25;27;3;moderate
DEBB021;"'2019-06-05 03:00'";38;53;22;30;3;moderate
DEBB021;"'2019-06-05 04:00'";39;51;19;32;3;poor
DEBB021;"'2019-06-05 05:00'";42;48;20;34;3;poor
DEBB021;"'2019-06-05 06:00'";45;38;29;35;3;poor
DEBB021;"'2019-06-05 07:00'";44;39;37;33;3;poor
DEBB021;"'2019-06-05 08:00'";51;44;41;29;4;moderate
DEBB021;"'2019-06-05 09:00'";42;66;32;20;4;moderate
DEBB021;"'2019-06-05 10:00'";42;96;13;16;4;moderate
DEBB021;"'2019-06-05 11:00'";49;112;13;13;4;moderate
DEBB021;"'2019-06-05 12:00'";59;124;8;11;4;poor
DEBB021;"'2019-06-05 13:00'";41;128;7;8;4;moderate
DEBB021;"'2019-06-05 14:00'";25;132;7;8;4;moderate
DEBB021;"'2019-06-05 15:00'";28;125;7;7;4;moderate
DEBB021;"'2019-06-05 16:00'";33;131;6;8;4;moderate
DEBB021;"'2019-06-05 17:00'";27;127;8;8;4;moderate
DEBB021;"'2019-06-05 18:00'";21;128;6;8;4;moderate
DEBB021;"'2019-06-05 19:00'";17;125;6;7;4;moderate
DEBB021;"'2019-06-05 20:00'";22;124;5;8;4;moderate
DEBB021;"'2019-06-05 21:00'";28;117;7;10;4;moderate
DEBB021;"'2019-06-05 22:00'";23;110;6;11;4;moderate
DEBB021;"'2019-06-05 23:00'";24;103;7;12;4;moderate
DEBB021;"'2019-06-05 24:00'";23;97;8;13;4;moderate
DEBB021;"'2019-06-06 01:00'";23;98;7;15;4;moderate
DEBB021;"'2019-06-06 02:00'";23;98;7;15;4;moderate
DEBB021;"'2019-06-06 03:00'";23;97;6;15;4;moderate
DEBB021;"'2019-06-06 04:00'";24;89;7;16;4;moderate
DEBB021;"'2019-06-06 05:00'";26;83;10;18;4;moderate
DEBB021;"'2019-06-06 06:00'";26;76;12;18;5;moderate
DEBB021;"'2019-06-06 07:00'";26;71;17;18;5;moderate
DEBB021;"'2019-06-06 08:00'";36;72;18;17;5;moderate
DEBB021;"'2019-06-06 09:00'";38;82;16;16;5;moderate
DEBB021;"'2019-06-06 10:00'";35;96;12;16;4;moderate
DEBB021;"'2019-06-06 11:00'";46;103;11;15;4;moderate
DEBB021;"'2019-06-06 12:00'";41;105;9;15;3;moderate
DEBB021;"'2019-06-06 13:00'";41;105;10;13;3;moderate
DEBB021;"'2019-06-06 14:00'";36;116;10;16;3;moderate
DEBB021;"'2019-06-06 15:00'";32;110;13;20;4;moderate
DEBB021;"'2019-06-06 16:00'";18;97;13;9;4;moderate
DEBB021;"'2019-06-06 17:00'";16;98;11;8;4;moderate
DEBB021;"'2019-06-06 18:00'";16;91;10;9;4;moderate
DEBB021;"'2019-06-06 19:00'";15;77;10;9;4;moderate
DEBB021;"'2019-06-06 20:00'";15;65;10;10;4;good
DEBB021;"'2019-06-06 21:00'";13;60;10;10;3;good
DEBB021;"'2019-06-06 22:00'";11;57;10;9;3;good
DEBB021;"'2019-06-06 23:00'";11;59;9;9;3;good
DEBB021;"'2019-06-06 24:00'";10;59;8;8;3;good
DEBB021;"'2019-06-07 01:00'";10;58;8;8;3;good
DEBB021;"'2019-06-07 02:00'";11;57;8;9;3;good
DEBB021;"'2019-06-07 03:00'";12;57;7;10;3;good
DEBB021;"'2019-06-07 04:00'";13;54;8;10;3;good
DEBB021;"'2019-06-07 05:00'";12;55;8;9;3;good
DEBB021;"'2019-06-07 06:00'";9;57;10;7;3;good
DEBB021;"'2019-06-07 07:00'";8;59;12;5;3;good
DEBB021;"'2019-06-07 08:00'";9;71;11;5;3;good
DEBB021;"'2019-06-07 09:00'";9;72;8;4;3;good
DEBB021;"'2019-06-07 10:00'";8;82;6;3;3;moderate
DEBB021;"'2019-06-07 11:00'";11;87;7;4;3;moderate
DEBB021;"'2019-06-07 12:00'";11;94;6;5;3;moderate
DEBB021;"'2019-06-07 13:00'";16;98;8;5;3;moderate
DEBB021;"'2019-06-07 14:00'";26;96;8;7;3;moderate
DEBB021;"'2019-06-07 15:00'";26;99;7;7;3;moderate
DEBB021;"'2019-06-07 16:00'";19;99;6;7;3;moderate
DEBB021;"'2019-06-07 17:00'";21;104;6;8;3;moderate
DEBB021;"'2019-06-07 18:00'";19;110;7;7;3;moderate
DEBB021;"'2019-06-07 19:00'";17;114;6;7;3;moderate
DEBB021;"'2019-06-07 20:00'";15;114;6;7;3;moderate
DEBB021;"'2019-06-07 21:00'";19;112;7;10;3;moderate
DEBB021;"'2019-06-07 22:00'";22;104;12;14;5;moderate
DEBB021;"'2019-06-07 23:00'";21;92;14;16;6;moderate
DEBB021;"'2019-06-07 24:00'";21;88;9;16;4;moderate
DEBB021;"'2019-06-08 01:00'";22;78;11;17;4;moderate
DEBB021;"'2019-06-08 02:00'";23;69;11;18;4;moderate
DEBB021;"'2019-06-08 03:00'";24;63;10;19;4;moderate
DEBB021;"'2019-06-08 04:00'";13;83;5;10;4;moderate
DEBB021;"'2019-06-08 05:00'";4;93;2;3;3;moderate
DEBB021;"'2019-06-08 06:00'";4;85;3;3;3;moderate
DEBB021;"'2019-06-08 07:00'";5;82;10;3;3;moderate
DEBB021;"'2019-06-08 08:00'";8;83;5;3;3;moderate
DEBB021;"'2019-06-08 09:00'";10;78;5;2;3;moderate
DEBB021;"'2019-06-08 10:00'";13;75;5;3;3;moderate
DEBB021;"'2019-06-08 11:00'";28;71;7;4;3;moderate
DEBB021;"'2019-06-08 12:00'";19;71;6;4;3;good
DEBB021;"'2019-06-08 13:00'";30;72;8;5;3;moderate
DEBB021;"'2019-06-08 14:00'";36;77;9;5;3;moderate
DEBB021;"'2019-06-08 15:00'";48;86;5;6;3;moderate
DEBB021;"'2019-06-08 16:00'";32;88;4;5;3;moderate
DEBB021;"'2019-06-08 17:00'";37;87;2;6;3;moderate
DEBB021;"'2019-06-08 18:00'";21;83;3;4;3;moderate
DEBB021;"'2019-06-08 19:00'";17;83;3;4;3;moderate
DEBB021;"'2019-06-08 20:00'";13;81;3;4;3;moderate
DEBB021;"'2019-06-08 21:00'";11;83;3;5;2;moderate
DEBB021;"'2019-06-08 22:00'";9;79;5;5;3;moderate
DEBB021;"'2019-06-08 23:00'";15;73;5;5;3;moderate
DEBB021;"'2019-06-08 24:00'";13;70;5;6;3;good
DEBB021;"'2019-06-09 01:00'";11;70;4;6;3;good
DEBB021;"'2019-06-09 02:00'";11;72;2;6;3;good
DEBB021;"'2019-06-09 03:00'";12;63;6;7;3;good
DEBB021;"'2019-06-09 04:00'";10;62;6;6;3;good
DEBB021;"'2019-06-09 05:00'";10;61;6;7;3;good
DEBB021;"'2019-06-09 06:00'";12;58;7;7;3;good
DEBB021;"'2019-06-09 07:00'";13;55;7;7;3;good
DEBB021;"'2019-06-09 08:00'";11;57;7;7;3;good
DEBB021;"'2019-06-09 09:00'";10;64;5;6;3;good
DEBB021;"'2019-06-09 10:00'";10;75;2;4;3;moderate
DEBB021;"'2019-06-09 11:00'";7;78;2;4;3;moderate
DEBB021;"'2019-06-09 12:00'";21;79;3;4;3;moderate
DEBB021;"'2019-06-09 13:00'";8;83;2;4;3;moderate
DEBB021;"'2019-06-09 14:00'";9;88;2;4;3;moderate
DEBB021;"'2019-06-09 15:00'";9;92;2;3;3;moderate
DEBB021;"'2019-06-09 16:00'";11;95;2;4;3;moderate
DEBB021;"'2019-06-09 17:00'";11;98;3;4;3;moderate
DEBB021;"'2019-06-09 18:00'";14;97;2;3;4;moderate
DEBB021;"'2019-06-09 19:00'";12;99;4;4;4;moderate
DEBB021;"'2019-06-09 20:00'";15;96;7;5;3;moderate
DEBB021;"'2019-06-09 21:00'";12;90;11;5;3;moderate
DEBB021;"'2019-06-09 22:00'";14;83;13;6;4;moderate
DEBB021;"'2019-06-09 23:00'";18;82;12;6;4;moderate
DEBB021;"'2019-06-09 24:00'";11;84;9;6;4;moderate
DEBB021;"'2019-06-10 01:00'";11;79;9;7;5;moderate
DEBB021;"'2019-06-10 02:00'";12;76;8;7;4;moderate
DEBB021;"'2019-06-10 03:00'";15;73;8;8;4;moderate
DEBB021;"'2019-06-10 04:00'";14;66;9;9;3;good
DEBB021;"'2019-06-10 05:00'";14;60;8;9;3;good
DEBB021;"'2019-06-10 06:00'";13;51;9;9;3;good
DEBB021;"'2019-06-10 07:00'";12;64;9;9;3;good
DEBB021;"'2019-06-10 08:00'";14;53;10;10;3;good
DEBB021;"'2019-06-10 09:00'";15;54;13;11;3;good
DEBB021;"'2019-06-10 10:00'";15;58;12;11;4;good
DEBB021;"'2019-06-10 11:00'";17;67;11;10;4;good
DEBB021;"'2019-06-10 12:00'";17;77;10;10;4;moderate
DEBB021;"'2019-06-10 13:00'";16;99;8;10;4;moderate
DEBB021;"'2019-06-10 14:00'";16;106;8;9;4;moderate
DEBB021;"'2019-06-10 15:00'";15;111;5;7;4;moderate
DEBB021;"'2019-06-10 16:00'";16;112;5;6;4;moderate
DEBB021;"'2019-06-10 17:00'";18;116;6;9;4;moderate
DEBB021;"'2019-06-10 18:00'";21;122;6;10;4;moderate
DEBB021;"'2019-06-10 19:00'";21;126;7;11;4;moderate
DEBB021;"'2019-06-10 20:00'";23;129;8;13;4;moderate
DEBB021;"'2019-06-10 21:00'";28;118;11;16;4;moderate
DEBB021;"'2019-06-10 22:00'";24;100;14;16;4;moderate
DEBB021;"'2019-06-10 23:00'";24;90;13;16;4;moderate
DEBB021;"'2019-06-10 24:00'";27;73;13;19;4;moderate
DEBB021;"'2019-06-11 01:00'";31;64;14;24;4;moderate
DEBB021;"'2019-06-11 02:00'";33;51;15;26;4;moderate
DEBB021;"'2019-06-11 03:00'";32;48;11;26;4;moderate
DEBB021;"'2019-06-11 04:00'";27;55;7;21;4;moderate
DEBB021;"'2019-06-11 05:00'";24;51;6;19;4;moderate
DEBB021;"'2019-06-11 06:00'";21;52;8;16;4;moderate
DEBB021;"'2019-06-11 07:00'";25;42;17;19;4;moderate
DEBB021;"'2019-06-11 08:00'";21;50;20;16;4;moderate
DEBB021;"'2019-06-11 09:00'";19;63;18;13;4;good
DEBB021;"'2019-06-11 10:00'";19;72;17;12;4;good
DEBB021;"'2019-06-11 11:00'";21;84;14;14;4;moderate
DEBB021;"'2019-06-11 12:00'";22;87;11;14;4;moderate
DEBB021;"'2019-06-11 13:00'";25;91;10;13;4;moderate
DEBB021;"'2019-06-11 14:00'";24;93;9;14;3;moderate
DEBB021;"'2019-06-11 15:00'";28;103;8;15;3;moderate
DEBB021;"'2019-06-11 16:00'";30;108;9;17;3;moderate
DEBB021;"'2019-06-11 17:00'";29;113;6;16;3;moderate
DEBB021;"'2019-06-11 18:00'";28;122;8;15;3;moderate
DEBB021;"'2019-06-11 19:00'";27;126;8;16;4;moderate
DEBB021;"'2019-06-11 20:00'";28;116;8;19;4;moderate
DEBB021;"'2019-06-11 21:00'";30;110;9;19;4;moderate
DEBB021;"'2019-06-11 22:00'";29;95;9;19;4;moderate
DEBB021;"'2019-06-11 23:00'";29;89;6;21;4;moderate
DEBB021;"'2019-06-11 24:00'";9;100;4;7;4;moderate
DEBB021;"'2019-06-12 01:00'";9;96;6;7;4;moderate
DEBB021;"'2019-06-12 02:00'";8;98;5;6;4;moderate
DEBB021;"'2019-06-12 03:00'";9;90;5;7;4;moderate
DEBB021;"'2019-06-12 04:00'";9;79;7;6;4;moderate
DEBB021;"'2019-06-12 05:00'";9;71;7;6;4;good
DEBB021;"'2019-06-12 06:00'";11;64;9;7;4;good
DEBB021;"'2019-06-12 07:00'";15;59;12;10;4;good
DEBB021;"'2019-06-12 08:00'";15;53;16;10;4;good
DEBB021;"'2019-06-12 09:00'";14;57;21;9;4;good
DEBB021;"'2019-06-12 10:00'";17;66;20;9;4;good
DEBB021;"'2019-06-12 11:00'";23;76;17;12;4;moderate
DEBB021;"'2019-06-12 12:00'";25;90;11;14;3;moderate
DEBB021;"'2019-06-12 13:00'";29;84;10;18;3;moderate
DEBB021;"'2019-06-12 14:00'";28;86;8;18;3;moderate
DEBB021;"'2019-06-12 15:00'";28;93;8;15;3;moderate
DEBB021;"'2019-06-12 16:00'";27;107;9;14;3;moderate
DEBB021;"'2019-06-12 17:00'";26;129;11;13;3;moderate
DEBB021;"'2019-06-12 18:00'";32;103;17;15;3;moderate
DEBB021;"'2019-06-12 19:00'";21;78;7;14;4;moderate
DEBB021;"'2019-06-12 20:00'";10;82;7;7;4;moderate
DEBB021;"'2019-06-12 21:00'";8;80;7;6;4;moderate
DEBB021;"'2019-06-12 22:00'";10;67;9;7;4;good
DEBB021;"'2019-06-12 23:00'";11;59;10;8;4;good
DEBB021;"'2019-06-12 24:00'";13;50;10;9;4;good
DEBB021;"'2019-06-13 01:00'";15;43;11;11;4;good
DEBB021;"'2019-06-13 02:00'";13;57;9;9;4;good
DEBB021;"'2019-06-13 03:00'";10;55;10;7;4;good
DEBB021;"'2019-06-13 04:00'";9;51;9;6;4;good
DEBB021;"'2019-06-13 05:00'";10;45;11;7;4;good
DEBB021;"'2019-06-13 06:00'";12;38;12;8;4;good
DEBB021;"'2019-06-13 07:00'";13;36;16;8;4;good
DEBB021;"'2019-06-13 08:00'";14;30;18;9;4;good
DEBB021;"'2019-06-13 09:00'";16;25;22;10;4;good
DEBB021;"'2019-06-13 10:00'";15;34;21;9;4;good
DEBB021;"'2019-06-13 11:00'";12;54;14;5;4;good
DEBB021;"'2019-06-13 12:00'";8;73;11;4;4;moderate
DEBB021;"'2019-06-13 13:00'";7;84;8;3;4;moderate
DEBB021;"'2019-06-13 14:00'";7;90;6;3;3;moderate
DEBB021;"'2019-06-13 15:00'";8;89;8;3;4;moderate
DEBB021;"'2019-06-13 16:00'";8;92;8;3;4;moderate
DEBB021;"'2019-06-13 17:00'";7;93;9;3;3;moderate
DEBB021;"'2019-06-13 18:00'";8;96;7;3;4;moderate
DEBB021;"'2019-06-13 19:00'";7;100;7;3;4;moderate
DEBB021;"'2019-06-13 20:00'";7;97;8;4;3;moderate
DEBB021;"'2019-06-13 21:00'";8;91;11;4;4;moderate
DEBB021;"'2019-06-13 22:00'";11;78;16;7;4;moderate
DEBB021;"'2019-06-13 23:00'";12;66;20;8;4;good
DEBB021;"'2019-06-13 24:00'";14;52;26;10;4;good
DEBB021;"'2019-06-14 01:00'";14;82;10;5;4;moderate
DEBB021;"'2019-06-14 02:00'";14;85;7;4;4;moderate
DEBB021;"'2019-06-14 03:00'";9;87;6;4;4;moderate
DEBB021;"'2019-06-14 04:00'";10;82;9;4;4;moderate
DEBB021;"'2019-06-14 05:00'";9;74;16;4;5;moderate
DEBB021;"'2019-06-14 06:00'";10;62;21;6;4;good
DEBB021;"'2019-06-14 07:00'";13;51;25;9;4;good
DEBB021;"'2019-06-14 08:00'";16;46;27;10;4;good
DEBB021;"'2019-06-14 09:00'";17;49;28;9;4;good
DEBB021;"'2019-06-14 10:00'";18;72;20;8;4;good
DEBB021;"'2019-06-14 11:00'";14;101;11;6;4;moderate
DEBB021;"'2019-06-14 12:00'";16;110;8;8;4;moderate
DEBB021;"'2019-06-14 13:00'";11;110;8;5;4;moderate
DEBB021;"'2019-06-14 14:00'";9;112;7;4;4;moderate
DEBB021;"'2019-06-14 15:00'";10;113;8;4;4;moderate
DEBB021;"'2019-06-14 16:00'";11;114;10;4;4;moderate
DEBB021;"'2019-06-14 17:00'";11;116;10;5;4;moderate
DEBB021;"'2019-06-14 18:00'";11;118;11;5;4;moderate
DEBB021;"'2019-06-14 19:00'";12;123;12;5;5;moderate
DEBB021;"'2019-06-14 20:00'";16;110;18;6;5;moderate
DEBB021;"'2019-06-14 21:00'";17;103;21;8;5;moderate
DEBB021;"'2019-06-14 22:00'";19;97;21;9;5;moderate
DEBB021;"'2019-06-14 23:00'";17;92;18;11;4;moderate
DEBB021;"'2019-06-14 24:00'";19;99;10;12;4;moderate
DEBB021;"'2019-06-15 01:00'";20;101;8;12;4;moderate
DEBB021;"'2019-06-15 02:00'";22;101;7;13;4;moderate
DEBB021;"'2019-06-15 03:00'";24;103;6;14;4;moderate
DEBB021;"'2019-06-15 04:00'";26;97;7;15;4;moderate
DEBB021;"'2019-06-15 05:00'";26;95;7;16;4;moderate
DEBB021;"'2019-06-15 06:00'";29;97;7;17;4;moderate
DEBB021;"'2019-06-15 07:00'";33;95;9;18;4;moderate
DEBB021;"'2019-06-15 08:00'";29;89;8;17;4;moderate
DEBB021;"'2019-06-15 09:00'";29;90;8;16;4;moderate
DEBB021;"'2019-06-15 10:00'";29;91;8;17;4;moderate
DEBB021;"'2019-06-15 11:00'";31;96;9;17;4;moderate
DEBB021;"'2019-06-15 12:00'";35;97;9;21;3;moderate
DEBB021;"'2019-06-15 13:00'";38;95;12;22;3;moderate
DEBB021;"'2019-06-15 14:00'";35;105;13;18;3;moderate
DEBB021;"'2019-06-15 15:00'";30;108;19;15;3;moderate
DEBB021;"'2019-06-15 16:00'";27;118;10;10;4;moderate
DEBB021;"'2019-06-15 17:00'";25;117;8;11;4;moderate
DEBB021;"'2019-06-15 18:00'";28;118;6;14;4;moderate
DEBB021;"'2019-06-15 19:00'";22;116;5;12;4;moderate
DEBB021;"'2019-06-15 20:00'";16;112;5;9;4;moderate
DEBB021;"'2019-06-15 21:00'";14;110;5;9;4;moderate
DEBB021;"'2019-06-15 22:00'";14;108;6;9;4;moderate
DEBB021;"'2019-06-15 23:00'";13;102;7;9;4;moderate
DEBB021;"'2019-06-15 24:00'";10;100;6;7;4;moderate
DEBB021;"'2019-06-16 01:00'";6;106;5;3;4;moderate
DEBB021;"'2019-06-16 02:00'";5;106;5;3;4;moderate
DEBB021;"'2019-06-16 03:00'";6;100;6;4;4;moderate
DEBB021;"'2019-06-16 04:00'";5;97;6;4;4;moderate
DEBB021;"'2019-06-16 05:00'";5;91;6;3;4;moderate
DEBB021;"'2019-06-16 06:00'";6;90;6;4;4;moderate
DEBB021;"'2019-06-16 07:00'";6;90;4;4;4;moderate
DEBB021;"'2019-06-16 08:00'";6;92;3;4;4;moderate
DEBB021;"'2019-06-16 09:00'";6;93;4;4;4;moderate
DEBB021;"'2019-06-16 10:00'";6;98;2;4;4;moderate
DEBB021;"'2019-06-16 11:00'";6;103;2;4;4;moderate
DEBB021;"'2019-06-16 12:00'";6;105;3;4;3;moderate
DEBB021;"'2019-06-16 13:00'";7;104;5;5;4;moderate
DEBB021;"'2019-06-16 14:00'";9;101;6;5;4;moderate
DEBB021;"'2019-06-16 15:00'";8;101;6;6;4;moderate
DEBB021;"'2019-06-16 16:00'";8;99;7;5;4;moderate
DEBB021;"'2019-06-16 17:00'";9;96;8;6;4;moderate
DEBB021;"'2019-06-16 18:00'";10;97;6;7;4;moderate
DEBB021;"'2019-06-16 19:00'";9;98;5;6;4;moderate
DEBB021;"'2019-06-16 20:00'";10;100;6;7;4;moderate
DEBB021;"'2019-06-16 21:00'";10;96;7;7;4;moderate
DEBB021;"'2019-06-16 22:00'";14;81;13;8;4;moderate
DEBB021;"'2019-06-16 23:00'";11;75;14;8;4;moderate
DEBB021;"'2019-06-16 24:00'";14;61;14;11;4;good
DEBB021;"'2019-06-17 01:00'";14;57;15;11;4;good
DEBB021;"'2019-06-17 02:00'";12;68;10;10;4;good
DEBB021;"'2019-06-17 03:00'";13;63;10;10;4;good
DEBB021;"'2019-06-17 04:00'";16;47;14;12;3;good
DEBB021;"'2019-06-17 05:00'";17;33;19;13;4;good
DEBB021;"'2019-06-17 06:00'";16;43;15;13;4;good
DEBB021;"'2019-06-17 07:00'";19;24;36;15;4;moderate
DEBB021;"'2019-06-17 08:00'";22;48;21;17;4;moderate
DEBB021;"'2019-06-17 09:00'";21;60;16;15;4;good
DEBB021;"'2019-06-17 10:00'";17;81;12;11;4;moderate
DEBB021;"'2019-06-17 11:00'";21;-;8;9;4;good
DEBB021;"'2019-06-17 12:00'";16;-;7;9;4;good
DEBB021;"'2019-06-17 13:00'";15;114;6;9;4;moderate
DEBB021;"'2019-06-17 14:00'";19;117;6;9;4;moderate
DEBB021;"'2019-06-17 15:00'";14;114;7;6;4;moderate
DEBB021;"'2019-06-17 16:00'";12;115;5;5;4;moderate
DEBB021;"'2019-06-17 17:00'";16;122;7;6;4;moderate
DEBB021;"'2019-06-17 18:00'";12;127;7;6;4;moderate
DEBB021;"'2019-06-17 19:00'";17;118;8;7;4;moderate
DEBB021;"'2019-06-17 20:00'";14;113;10;8;4;moderate
DEBB021;"'2019-06-17 21:00'";24;97;12;11;4;moderate
DEBB021;"'2019-06-17 22:00'";26;78;18;13;4;moderate
DEBB021;"'2019-06-17 23:00'";23;66;18;15;4;good
DEBB021;"'2019-06-17 24:00'";23;61;18;17;4;moderate
DEBB021;"'2019-06-18 01:00'";22;60;19;17;4;moderate
DEBB021;"'2019-06-18 02:00'";20;60;16;16;4;moderate
DEBB021;"'2019-06-18 03:00'";20;60;15;15;4;good
DEBB021;"'2019-06-18 04:00'";19;63;12;14;4;good
DEBB021;"'2019-06-18 05:00'";18;63;11;14;4;good
DEBB021;"'2019-06-18 06:00'";19;54;16;15;4;good
DEBB021;"'2019-06-18 07:00'";25;42;28;16;4;moderate
DEBB021;"'2019-06-18 08:00'";30;42;38;15;4;moderate
DEBB021;"'2019-06-18 09:00'";23;53;33;11;4;moderate
DEBB021;"'2019-06-18 10:00'";19;82;17;7;5;moderate
DEBB021;"'2019-06-18 11:00'";22;98;10;6;6;moderate
DEBB021;"'2019-06-18 12:00'";24;102;8;5;5;moderate
DEBB021;"'2019-06-18 13:00'";19;100;6;5;4;moderate
DEBB021;"'2019-06-18 14:00'";22;103;10;5;4;moderate
DEBB021;"'2019-06-18 15:00'";19;106;9;4;4;moderate
DEBB021;"'2019-06-18 16:00'";14;111;7;4;4;moderate
DEBB021;"'2019-06-18 17:00'";17;113;7;4;4;moderate
DEBB021;"'2019-06-18 18:00'";13;115;7;4;4;moderate
DEBB021;"'2019-06-18 19:00'";18;117;6;4;4;moderate
DEBB021;"'2019-06-18 20:00'";14;116;6;4;4;moderate
DEBB021;"'2019-06-18 21:00'";15;104;8;5;4;moderate
DEBB021;"'2019-06-18 22:00'";15;86;15;6;4;moderate
DEBB021;"'2019-06-18 23:00'";22;72;20;8;4;good
DEBB021;"'2019-06-18 24:00'";23;73;20;9;4;moderate
DEBB021;"'2019-06-19 01:00'";15;91;10;9;4;moderate
DEBB021;"'2019-06-19 02:00'";15;87;9;9;4;moderate
DEBB021;"'2019-06-19 03:00'";16;81;11;10;4;moderate
DEBB021;"'2019-06-19 04:00'";19;78;11;13;4;moderate
DEBB021;"'2019-06-19 05:00'";22;74;12;15;4;moderate
DEBB021;"'2019-06-19 06:00'";25;69;17;17;4;moderate
DEBB021;"'2019-06-19 07:00'";31;64;22;19;4;moderate
DEBB021;"'2019-06-19 08:00'";36;69;26;18;4;moderate
DEBB021;"'2019-06-19 09:00'";34;73;26;15;4;moderate
DEBB021;"'2019-06-19 10:00'";44;85;25;14;4;moderate
DEBB021;"'2019-06-19 11:00'";32;109;13;12;4;moderate
DEBB021;"'2019-06-19 12:00'";33;120;12;11;4;moderate
DEBB021;"'2019-06-19 13:00'";28;124;8;10;4;moderate
DEBB021;"'2019-06-19 14:00'";24;118;11;9;4;moderate
DEBB021;"'2019-06-19 15:00'";30;121;12;9;4;moderate
DEBB021;"'2019-06-19 16:00'";23;131;8;8;4;moderate
DEBB021;"'2019-06-19 17:00'";21;135;9;7;4;moderate
DEBB021;"'2019-06-19 18:00'";26;134;9;9;4;moderate
DEBB021;"'2019-06-19 19:00'";32;135;13;9;4;moderate
DEBB021;"'2019-06-19 20:00'";22;138;7;8;4;moderate
DEBB021;"'2019-06-19 21:00'";21;126;8;9;4;moderate
DEBB021;"'2019-06-19 22:00'";26;107;12;11;4;moderate
DEBB021;"'2019-06-19 23:00'";27;97;16;13;4;moderate
DEBB021;"'2019-06-19 24:00'";28;88;21;14;4;moderate
DEBB021;"'2019-06-20 01:00'";15;103;8;8;4;moderate
DEBB021;"'2019-06-20 02:00'";15;100;6;6;4;moderate
DEBB021;"'2019-06-20 03:00'";13;93;7;6;4;moderate
DEBB021;"'2019-06-20 04:00'";10;93;5;6;4;moderate
DEBB021;"'2019-06-20 05:00'";11;84;6;7;4;moderate
DEBB021;"'2019-06-20 06:00'";12;74;9;9;4;moderate
DEBB021;"'2019-06-20 07:00'";13;69;17;9;4;good
DEBB021;"'2019-06-20 08:00'";19;63;22;9;4;good
DEBB021;"'2019-06-20 09:00'";21;65;15;11;4;good
DEBB021;"'2019-06-20 10:00'";13;62;18;10;4;good
DEBB021;"'2019-06-20 11:00'";11;78;13;8;4;moderate
DEBB021;"'2019-06-20 12:00'";12;88;10;8;4;moderate
DEBB021;"'2019-06-20 13:00'";9;101;8;6;4;moderate
DEBB021;"'2019-06-20 14:00'";8;110;6;6;4;moderate
DEBB021;"'2019-06-20 15:00'";10;110;7;7;4;moderate
DEBB021;"'2019-06-20 16:00'";14;92;11;10;4;moderate
DEBB021;"'2019-06-20 17:00'";10;70;20;8;4;good
DEBB021;"'2019-06-20 18:00'";12;93;11;8;4;moderate
DEBB021;"'2019-06-20 19:00'";12;98;9;8;4;moderate
DEBB021;"'2019-06-20 20:00'";12;99;7;8;4;moderate
DEBB021;"'2019-06-20 21:00'";12;90;8;8;4;moderate
DEBB021;"'2019-06-20 22:00'";13;78;13;9;4;moderate
DEBB021;"'2019-06-20 23:00'";14;80;11;10;4;moderate
DEBB021;"'2019-06-20 24:00'";14;69;12;11;4;good
DEBB021;"'2019-06-21 01:00'";17;50;11;14;4;good
DEBB021;"'2019-06-21 02:00'";16;60;7;13;4;good
DEBB021;"'2019-06-21 03:00'";18;55;8;15;4;good
DEBB021;"'2019-06-21 04:00'";9;71;5;7;4;good
DEBB021;"'2019-06-21 05:00'";7;66;6;6;4;good
DEBB021;"'2019-06-21 06:00'";9;60;8;7;4;good
DEBB021;"'2019-06-21 07:00'";10;58;13;7;4;good
DEBB021;"'2019-06-21 08:00'";10;68;9;8;4;good
DEBB021;"'2019-06-21 09:00'";11;68;7;9;4;good
DEBB021;"'2019-06-21 10:00'";14;68;7;10;4;good
DEBB021;"'2019-06-21 11:00'";12;75;10;9;4;moderate
DEBB021;"'2019-06-21 12:00'";15;82;6;9;4;moderate
DEBB021;"'2019-06-21 13:00'";12;90;5;7;4;moderate
DEBB021;"'2019-06-21 14:00'";12;91;5;7;4;moderate
DEBB021;"'2019-06-21 15:00'";10;94;5;5;4;moderate
DEBB021;"'2019-06-21 16:00'";10;95;6;5;4;moderate
DEBB021;"'2019-06-21 17:00'";10;97;6;5;4;moderate
DEBB021;"'2019-06-21 18:00'";12;98;6;5;4;moderate
DEBB021;"'2019-06-21 19:00'";10;98;3;6;4;moderate
DEBB021;"'2019-06-21 20:00'";11;96;4;6;4;moderate
DEBB021;"'2019-06-21 21:00'";13;94;6;6;4;moderate
DEBB021;"'2019-06-21 22:00'";17;85;11;8;4;moderate
DEBB021;"'2019-06-21 23:00'";17;72;15;9;4;good
DEBB021;"'2019-06-21 24:00'";23;57;18;11;4;good
DEBB021;"'2019-06-22 01:00'";25;33;26;17;4;moderate
DEBB021;"'2019-06-22 02:00'";18;53;16;13;4;good
DEBB021;"'2019-06-22 03:00'";16;60;9;12;4;good
DEBB021;"'2019-06-22 04:00'";15;56;7;12;4;good
DEBB021;"'2019-06-22 05:00'";15;52;7;12;4;good
DEBB021;"'2019-06-22 06:00'";14;52;6;11;4;good
DEBB021;"'2019-06-22 07:00'";13;52;7;11;4;good
DEBB021;"'2019-06-22 08:00'";11;64;9;8;4;good
DEBB021;"'2019-06-22 09:00'";9;72;10;6;5;good
DEBB021;"'2019-06-22 10:00'";11;79;6;6;5;moderate
DEBB021;"'2019-06-22 11:00'";12;84;7;7;4;moderate
DEBB021;"'2019-06-22 12:00'";14;93;6;7;4;moderate
DEBB021;"'2019-06-22 13:00'";13;100;6;8;4;moderate
DEBB021;"'2019-06-22 14:00'";12;107;6;7;4;moderate
DEBB021;"'2019-06-22 15:00'";14;109;5;7;4;moderate
DEBB021;"'2019-06-22 16:00'";12;107;6;7;4;moderate
DEBB021;"'2019-06-22 17:00'";11;107;5;6;4;moderate
DEBB021;"'2019-06-22 18:00'";12;105;5;6;4;moderate
DEBB021;"'2019-06-22 19:00'";12;103;5;6;4;moderate
DEBB021;"'2019-06-22 20:00'";10;102;6;6;4;moderate
DEBB021;"'2019-06-22 21:00'";13;104;6;7;4;moderate
DEBB021;"'2019-06-22 22:00'";15;105;7;8;5;moderate
DEBB021;"'2019-06-22 23:00'";14;91;6;7;5;moderate
DEBB021;"'2019-06-22 24:00'";12;77;6;6;5;moderate
DEBB021;"'2019-06-23 01:00'";9;73;6;5;5;moderate
DEBB021;"'2019-06-23 02:00'";8;74;5;4;4;moderate
DEBB021;"'2019-06-23 03:00'";6;76;4;4;4;moderate
DEBB021;"'2019-06-23 04:00'";5;75;4;3;4;moderate
DEBB021;"'2019-06-23 05:00'";5;73;2;3;4;moderate
DEBB021;"'2019-06-23 06:00'";6;71;4;3;4;good
DEBB021;"'2019-06-23 07:00'";6;68;5;4;4;good
DEBB021;"'2019-06-23 08:00'";7;66;5;5;4;good
DEBB021;"'2019-06-23 09:00'";9;69;6;5;4;good
DEBB021;"'2019-06-23 10:00'";16;76;5;6;4;moderate
DEBB021;"'2019-06-23 11:00'";10;87;5;6;4;moderate
DEBB021;"'2019-06-23 12:00'";14;100;6;6;4;moderate
DEBB021;"'2019-06-23 13:00'";11;108;4;5;4;moderate
DEBB021;"'2019-06-23 14:00'";12;109;5;5;4;moderate
DEBB021;"'2019-06-23 15:00'";12;112;4;5;4;moderate
DEBB021;"'2019-06-23 16:00'";9;114;2;4;4;moderate
DEBB021;"'2019-06-23 17:00'";10;116;2;4;4;moderate
DEBB021;"'2019-06-23 18:00'";8;116;4;4;4;moderate
DEBB021;"'2019-06-23 19:00'";9;114;5;4;4;moderate
DEBB021;"'2019-06-23 20:00'";9;108;6;4;4;moderate
DEBB021;"'2019-06-23 21:00'";9;104;6;5;4;moderate
DEBB021;"'2019-06-23 22:00'";11;103;7;6;4;moderate
DEBB021;"'2019-06-23 23:00'";11;93;8;7;4;moderate
DEBB021;"'2019-06-23 24:00'";11;79;8;6;4;moderate
DEBB021;"'2019-06-24 01:00'";10;75;6;6;5;moderate
DEBB021;"'2019-06-24 02:00'";10;72;7;6;5;good
DEBB021;"'2019-06-24 03:00'";10;67;7;6;4;good
DEBB021;"'2019-06-24 04:00'";10;59;8;6;5;good
DEBB021;"'2019-06-24 05:00'";10;56;10;7;5;good
DEBB021;"'2019-06-24 06:00'";13;53;14;8;5;good
DEBB021;"'2019-06-24 07:00'";17;54;17;10;5;good
DEBB021;"'2019-06-24 08:00'";24;57;26;11;5;good
DEBB021;"'2019-06-24 09:00'";39;67;24;9;8;moderate
DEBB021;"'2019-06-24 10:00'";19;81;18;7;8;moderate
DEBB021;"'2019-06-24 11:00'";21;98;10;6;6;moderate
DEBB021;"'2019-06-24 12:00'";24;101;8;5;5;moderate
DEBB021;"'2019-06-24 13:00'";16;106;6;4;4;moderate
DEBB021;"'2019-06-24 14:00'";17;111;7;4;4;moderate
DEBB021;"'2019-06-24 15:00'";14;113;6;4;4;moderate
DEBB021;"'2019-06-24 16:00'";12;115;6;4;4;moderate
DEBB021;"'2019-06-24 17:00'";13;115;7;4;4;moderate
DEBB021;"'2019-06-24 18:00'";11;117;5;3;4;moderate
DEBB021;"'2019-06-24 19:00'";10;115;6;3;4;moderate
DEBB021;"'2019-06-24 20:00'";11;115;6;3;4;moderate
DEBB021;"'2019-06-24 21:00'";15;107;9;4;4;moderate
DEBB021;"'2019-06-24 22:00'";16;99;12;5;4;moderate
DEBB021;"'2019-06-24 23:00'";17;87;17;6;4;moderate
DEBB021;"'2019-06-24 24:00'";14;74;16;7;4;moderate
DEBB021;"'2019-06-25 01:00'";14;80;14;7;5;moderate
DEBB021;"'2019-06-25 02:00'";15;82;11;8;4;moderate
DEBB021;"'2019-06-25 03:00'";16;84;10;9;4;moderate
DEBB021;"'2019-06-25 04:00'";18;82;10;10;4;moderate
DEBB021;"'2019-06-25 05:00'";19;80;11;12;5;moderate
DEBB021;"'2019-06-25 06:00'";24;73;18;15;4;moderate
DEBB021;"'2019-06-25 07:00'";30;68;27;17;5;moderate
DEBB021;"'2019-06-25 08:00'";45;72;28;19;6;moderate
DEBB021;"'2019-06-25 09:00'";39;86;23;18;6;moderate
DEBB021;"'2019-06-25 10:00'";44;110;14;16;5;moderate
DEBB021;"'2019-06-25 11:00'";28;116;11;11;4;moderate
DEBB021;"'2019-06-25 12:00'";29;126;8;9;5;moderate
DEBB021;"'2019-06-25 13:00'";30;134;9;8;5;moderate
DEBB021;"'2019-06-25 14:00'";29;134;8;9;5;moderate
DEBB021;"'2019-06-25 15:00'";33;130;13;9;5;moderate
DEBB021;"'2019-06-25 16:00'";22;126;17;8;5;moderate
DEBB021;"'2019-06-25 17:00'";20;122;7;5;5;moderate
DEBB021;"'2019-06-25 18:00'";15;127;7;5;5;moderate
DEBB021;"'2019-06-25 19:00'";18;143;7;6;6;moderate
DEBB021;"'2019-06-25 20:00'";14;149;7;5;7;poor
DEBB021;"'2019-06-25 21:00'";17;125;10;6;6;moderate
DEBB021;"'2019-06-25 22:00'";23;77;38;8;5;moderate
DEBB021;"'2019-06-25 23:00'";25;65;37;11;5;moderate
DEBB021;"'2019-06-25 24:00'";23;53;38;13;5;moderate
DEBB021;"'2019-06-26 01:00'";21;53;29;13;4;good
DEBB021;"'2019-06-26 02:00'";26;58;25;15;4;good
DEBB021;"'2019-06-26 03:00'";22;44;28;16;4;moderate
DEBB021;"'2019-06-26 04:00'";24;40;29;18;4;moderate
DEBB021;"'2019-06-26 05:00'";27;40;29;20;4;moderate
DEBB021;"'2019-06-26 06:00'";33;32;35;22;4;moderate
DEBB021;"'2019-06-26 07:00'";36;46;27;22;4;moderate
DEBB021;"'2019-06-26 08:00'";36;73;19;21;4;moderate
DEBB021;"'2019-06-26 09:00'";33;94;18;17;4;moderate
DEBB021;"'2019-06-26 10:00'";29;124;14;14;4;moderate
DEBB021;"'2019-06-26 11:00'";25;141;11;12;4;moderate
DEBB021;"'2019-06-26 12:00'";27;139;13;11;4;moderate
DEBB021;"'2019-06-26 13:00'";26;154;7;10;3;poor
DEBB021;"'2019-06-26 14:00'";26;160;8;11;3;poor
DEBB021;"'2019-06-26 15:00'";28;152;7;11;3;poor
DEBB021;"'2019-06-26 16:00'";30;161;7;12;3;poor
DEBB021;"'2019-06-26 17:00'";29;159;6;12;4;poor
DEBB021;"'2019-06-26 18:00'";27;155;6;11;4;poor
DEBB021;"'2019-06-26 19:00'";25;156;5;10;4;poor
DEBB021;"'2019-06-26 20:00'";23;152;3;10;4;poor
DEBB021;"'2019-06-26 21:00'";23;140;3;10;4;moderate
DEBB021;"'2019-06-26 22:00'";19;139;2;10;4;moderate
DEBB021;"'2019-06-26 23:00'";20;124;4;10;4;moderate
DEBB021;"'2019-06-26 24:00'";18;107;4;9;4;moderate
DEBB021;"'2019-06-27 01:00'";16;97;5;9;5;moderate
DEBB021;"'2019-06-27 02:00'";19;82;7;12;6;moderate
DEBB021;"'2019-06-27 03:00'";15;78;6;11;6;moderate
DEBB021;"'2019-06-27 04:00'";11;76;5;8;5;moderate
DEBB021;"'2019-06-27 05:00'";9;78;4;6;5;moderate
DEBB021;"'2019-06-27 06:00'";9;76;5;6;4;moderate
DEBB021;"'2019-06-27 07:00'";10;78;5;6;4;moderate
DEBB021;"'2019-06-27 08:00'";11;76;6;6;4;moderate
DEBB021;"'2019-06-27 09:00'";12;75;5;7;4;moderate
DEBB021;"'2019-06-27 10:00'";14;75;5;8;4;moderate
DEBB021;"'2019-06-27 11:00'";17;80;4;9;4;moderate
DEBB021;"'2019-06-27 12:00'";21;83;5;12;-;moderate
DEBB021;"'2019-06-27 13:00'";22;86;5;12;-;moderate
DEBB021;"'2019-06-27 14:00'";19;92;5;10;1;moderate
DEBB021;"'2019-06-27 15:00'";19;92;4;9;1;moderate
DEBB021;"'2019-06-27 16:00'";14;91;4;6;1;moderate
DEBB021;"'2019-06-27 17:00'";15;90;5;6;1;moderate
DEBB021;"'2019-06-27 18:00'";14;89;4;6;1;moderate
DEBB021;"'2019-06-27 19:00'";14;86;3;6;1;moderate
DEBB021;"'2019-06-27 20:00'";11;81;2;5;1;moderate
DEBB021;"'2019-06-27 21:00'";11;76;3;5;1;moderate
DEBB021;"'2019-06-27 22:00'";11;69;5;5;1;good
DEBB021;"'2019-06-27 23:00'";11;63;5;6;1;good
DEBB021;"'2019-06-27 24:00'";12;59;5;8;1;good
DEBB021;"'2019-06-28 01:00'";11;55;4;7;1;good
DEBB021;"'2019-06-28 02:00'";12;51;5;8;1;good
DEBB021;"'2019-06-28 03:00'";12;49;5;8;1;good
DEBB021;"'2019-06-28 04:00'";11;47;5;8;1;good
DEBB021;"'2019-06-28 05:00'";12;44;5;8;1;good
DEBB021;"'2019-06-28 06:00'";11;44;6;8;1;good
DEBB021;"'2019-06-28 07:00'";12;43;8;8;1;good
DEBB021;"'2019-06-28 08:00'";14;49;7;8;1;good
DEBB021;"'2019-06-28 09:00'";16;51;8;8;1;good
DEBB021;"'2019-06-28 10:00'";18;55;5;9;1;good
DEBB021;"'2019-06-28 11:00'";18;61;5;8;1;good
DEBB021;"'2019-06-28 12:00'";17;66;5;8;1;good
DEBB021;"'2019-06-28 13:00'";15;72;4;7;1;good
DEBB021;"'2019-06-28 14:00'";18;76;4;7;1;moderate
DEBB021;"'2019-06-28 15:00'";16;80;2;6;1;moderate
DEBB021;"'2019-06-28 16:00'";14;85;2;6;1;moderate
DEBB021;"'2019-06-28 17:00'";16;89;2;5;1;moderate
DEBB021;"'2019-06-28 18:00'";20;92;2;6;1;moderate
DEBB021;"'2019-06-28 19:00'";12;96;2;5;1;moderate
DEBB021;"'2019-06-28 20:00'";12;95;3;5;1;moderate
DEBB021;"'2019-06-28 21:00'";11;94;2;5;1;moderate
DEBB021;"'2019-06-28 22:00'";15;86;6;6;1;moderate
DEBB021;"'2019-06-28 23:00'";17;76;9;8;1;moderate
DEBB021;"'2019-06-28 24:00'";20;70;10;9;1;good
DEBB021;"'2019-06-29 01:00'";19;68;10;9;1;good
DEBB021;"'2019-06-29 02:00'";18;64;8;9;1;good
DEBB021;"'2019-06-29 03:00'";14;61;8;10;1;good
DEBB021;"'2019-06-29 04:00'";16;51;9;10;1;good
DEBB021;"'2019-06-29 05:00'";15;41;12;11;1;good
DEBB021;"'2019-06-29 06:00'";15;41;14;11;1;good
DEBB021;"'2019-06-29 07:00'";15;45;18;10;1;good
DEBB021;"'2019-06-29 08:00'";18;65;8;7;4;good
DEBB021;"'2019-06-29 09:00'";18;74;8;6;3;moderate
DEBB021;"'2019-06-29 10:00'";15;86;4;6;2;moderate
DEBB021;"'2019-06-29 11:00'";18;91;4;6;1;moderate
DEBB021;"'2019-06-29 12:00'";14;98;2;6;1;moderate
DEBB021;"'2019-06-29 13:00'";18;102;4;6;1;moderate
DEBB021;"'2019-06-29 14:00'";14;106;4;5;1;moderate
DEBB021;"'2019-06-29 15:00'";16;113;3;5;1;moderate
DEBB021;"'2019-06-29 16:00'";15;118;3;5;1;moderate
DEBB021;"'2019-06-29 17:00'";10;121;3;5;1;moderate
DEBB021;"'2019-06-29 18:00'";12;123;3;4;1;moderate
DEBB021;"'2019-06-29 19:00'";15;121;4;4;1;moderate
DEBB021;"'2019-06-29 20:00'";16;120;5;5;1;moderate
DEBB021;"'2019-06-29 21:00'";22;108;9;5;1;moderate
DEBB021;"'2019-06-29 22:00'";29;86;18;8;1;moderate
DEBB021;"'2019-06-29 23:00'";35;63;29;11;1;moderate
DEBB021;"'2019-06-29 24:00'";22;58;29;12;1;good
DEBB021;"'2019-06-30 01:00'";34;42;34;15;1;moderate
DEBB021;"'2019-06-30 02:00'";25;38;29;16;1;moderate
DEBB021;"'2019-06-30 03:00'";26;34;31;17;1;moderate
DEBB021;"'2019-06-30 04:00'";30;37;28;16;1;moderate
DEBB021;"'2019-06-30 05:00'";24;43;22;15;1;good
DEBB021;"'2019-06-30 06:00'";23;49;18;15;1;good
DEBB021;"'2019-06-30 07:00'";22;56;15;15;1;good
DEBB021;"'2019-06-30 08:00'";20;69;11;12;1;good
DEBB021;"'2019-06-30 09:00'";15;93;7;8;5;moderate
DEBB021;"'2019-06-30 10:00'";16;111;8;6;6;moderate
DEBB021;"'2019-06-30 11:00'";16;128;9;5;3;moderate
DEBB021;"'2019-06-30 12:00'";26;130;9;5;1;moderate
DEBB021;"'2019-06-30 13:00'";21;132;6;5;1;moderate
DEBB021;"'2019-06-30 14:00'";13;135;7;4;1;moderate
DEBB021;"'2019-06-30 15:00'";14;141;7;4;1;moderate
DEBB021;"'2019-06-30 16:00'";12;130;3;3;1;moderate
DEBB021;"'2019-06-30 17:00'";13;131;5;4;1;moderate
DEBB021;"'2019-06-30 18:00'";9;142;3;3;1;moderate
DEBB021;"'2019-06-30 19:00'";10;138;3;3;1;moderate
DEBB021;"'2019-06-30 20:00'";17;148;5;5;1;poor
DEBB021;"'2019-06-30 21:00'";21;147;7;8;1;poor
DEBB021;"'2019-06-30 22:00'";59;166;7;31;1;poor
DEBB021;"'2019-06-30 23:00'";41;132;5;21;1;moderate
DEBB021;"'2019-06-30 24:00'";20;101;2;8;1;moderate
DEBB021;"'2019-07-01 01:00'";6;88;2;2;1;moderate
DEBB021;"'2019-07-01 02:00'";7;83;2;3;1;moderate
DEBB021;"'2019-07-01 03:00'";8;81;2;4;1;moderate
DEBB021;"'2019-07-01 04:00'";8;77;3;4;1;moderate
DEBB021;"'2019-07-01 05:00'";9;75;4;5;1;moderate
DEBB021;"'2019-07-01 06:00'";9;72;7;6;1;good
DEBB021;"'2019-07-01 07:00'";25;71;8;18;1;moderate
DEBB021;"'2019-07-01 08:00'";23;70;8;15;1;good
DEBB021;"'2019-07-01 09:00'";17;74;8;10;1;moderate
DEBB021;"'2019-07-01 10:00'";15;73;8;8;1;moderate
DEBB021;"'2019-07-01 11:00'";13;77;6;7;1;moderate
DEBB021;"'2019-07-01 12:00'";19;-;-;7;-;good
DEBB021;"'2019-07-01 13:00'";19;90;7;8;1;moderate
DEBB021;"'2019-07-01 14:00'";17;101;5;8;1;moderate
DEBB021;"'2019-07-01 15:00'";18;110;6;7;1;moderate
DEBB021;"'2019-07-01 16:00'";17;111;5;6;1;moderate
DEBB021;"'2019-07-01 17:00'";15;110;6;4;1;moderate
DEBB021;"'2019-07-01 18:00'";14;111;5;4;1;moderate
DEBB021;"'2019-07-01 19:00'";14;109;5;4;1;moderate
DEBB021;"'2019-07-01 20:00'";14;108;5;4;1;moderate
DEBB021;"'2019-07-01 21:00'";15;104;5;4;1;moderate
DEBB021;"'2019-07-01 22:00'";13;100;4;4;1;moderate
DEBB021;"'2019-07-01 23:00'";25;91;3;13;1;moderate
DEBB021;"'2019-07-01 24:00'";25;79;2;12;1;moderate
DEBB021;"'2019-07-02 01:00'";35;73;2;23;1;moderate
DEBB021;"'2019-07-02 02:00'";34;68;2;23;1;moderate
DEBB021;"'2019-07-02 03:00'";15;63;3;8;1;good
DEBB021;"'2019-07-02 04:00'";9;62;2;4;1;good
DEBB021;"'2019-07-02 05:00'";9;58;3;4;1;good
DEBB021;"'2019-07-02 06:00'";9;55;6;5;1;good
DEBB021;"'2019-07-02 07:00'";11;56;7;5;1;good
DEBB021;"'2019-07-02 08:00'";11;59;6;5;1;good
DEBB021;"'2019-07-02 09:00'";11;61;6;5;1;good
DEBB021;"'2019-07-02 10:00'";12;61;5;5;1;good
DEBB021;"'2019-07-02 11:00'";11;63;4;5;1;good
DEBB021;"'2019-07-02 12:00'";14;68;2;5;1;good
DEBB021;"'2019-07-02 13:00'";14;69;2;5;1;good
DEBB021;"'2019-07-02 14:00'";13;71;2;4;1;good
DEBB021;"'2019-07-02 15:00'";16;73;2;4;1;moderate
DEBB021;"'2019-07-02 16:00'";15;78;2;4;1;moderate
DEBB021;"'2019-07-02 17:00'";13;80;2;4;1;moderate
DEBB021;"'2019-07-02 18:00'";12;81;2;4;1;moderate
DEBB021;"'2019-07-02 19:00'";10;81;2;3;1;moderate
DEBB021;"'2019-07-02 20:00'";12;73;2;4;1;moderate
DEBB021;"'2019-07-02 21:00'";8;72;2;3;1;good
DEBB021;"'2019-07-02 22:00'";9;69;2;3;1;good
DEBB021;"'2019-07-02 23:00'";10;64;3;4;1;good
DEBB021;"'2019-07-02 24:00'";10;60;4;4;1;good
DEBB021;"'2019-07-03 01:00'";8;58;3;4;1;good
DEBB021;"'2019-07-03 02:00'";7;58;3;3;1;good
DEBB021;"'2019-07-03 03:00'";8;58;2;4;1;good
DEBB021;"'2019-07-03 04:00'";9;57;2;6;1;good
DEBB021;"'2019-07-03 05:00'";12;56;5;8;1;good
DEBB021;"'2019-07-03 06:00'";12;53;6;7;1;good
DEBB021;"'2019-07-03 07:00'";13;51;9;7;1;good
DEBB021;"'2019-07-03 08:00'";15;54;6;9;1;good
DEBB021;"'2019-07-03 09:00'";9;60;2;4;1;good
DEBB021;"'2019-07-03 10:00'";7;62;2;3;1;good
DEBB021;"'2019-07-03 11:00'";10;64;2;4;1;good
DEBB021;"'2019-07-03 12:00'";10;66;4;4;1;good
DEBB021;"'2019-07-03 13:00'";12;68;2;4;1;good
DEBB021;"'2019-07-03 14:00'";9;72;2;4;1;good
DEBB021;"'2019-07-03 15:00'";11;71;3;4;1;good
DEBB021;"'2019-07-03 16:00'";9;74;3;4;1;moderate
DEBB021;"'2019-07-03 17:00'";11;76;5;5;1;moderate
DEBB021;"'2019-07-03 18:00'";9;77;4;4;1;moderate
DEBB021;"'2019-07-03 19:00'";7;78;3;3;1;moderate
DEBB021;"'2019-07-03 20:00'";8;79;2;4;1;moderate
DEBB021;"'2019-07-03 21:00'";8;77;3;4;1;moderate
DEBB021;"'2019-07-03 22:00'";8;78;5;4;1;moderate
DEBB021;"'2019-07-03 23:00'";10;75;6;5;1;moderate
DEBB021;"'2019-07-03 24:00'";11;74;5;6;1;moderate
DEBB021;"'2019-07-04 01:00'";11;72;3;6;1;good
DEBB021;"'2019-07-04 02:00'";10;70;3;6;1;good
DEBB021;"'2019-07-04 03:00'";9;64;5;5;1;good
DEBB021;"'2019-07-04 04:00'";9;61;5;5;1;good
DEBB021;"'2019-07-04 05:00'";9;55;6;5;1;good
DEBB021;"'2019-07-04 06:00'";10;52;8;5;1;good
DEBB021;"'2019-07-04 07:00'";11;49;9;6;1;good
DEBB021;"'2019-07-04 08:00'";11;54;7;5;1;good
DEBB021;"'2019-07-04 09:00'";11;61;5;5;1;good
DEBB021;"'2019-07-04 10:00'";11;67;2;5;1;good
DEBB021;"'2019-07-04 11:00'";13;70;2;5;1;good
DEBB021;"'2019-07-04 12:00'";14;74;2;5;1;moderate
DEBB021;"'2019-07-04 13:00'";14;77;2;5;1;moderate
DEBB021;"'2019-07-04 14:00'";12;79;2;4;1;moderate
DEBB021;"'2019-07-04 15:00'";14;79;2;4;1;moderate
DEBB021;"'2019-07-04 16:00'";14;81;2;4;1;moderate
DEBB021;"'2019-07-04 17:00'";12;80;5;3;1;moderate
DEBB021;"'2019-07-04 18:00'";10;81;2;3;1;moderate
DEBB021;"'2019-07-04 19:00'";10;80;3;4;1;moderate
DEBB021;"'2019-07-04 20:00'";9;75;2;4;1;moderate
DEBB021;"'2019-07-04 21:00'";11;71;5;5;1;good
DEBB021;"'2019-07-04 22:00'";12;69;6;5;1;good
DEBB021;"'2019-07-04 23:00'";13;66;6;6;1;good
DEBB021;"'2019-07-04 24:00'";12;62;6;5;1;good
DEBB021;"'2019-07-05 01:00'";13;61;7;5;1;good
DEBB021;"'2019-07-05 02:00'";12;66;5;5;1;good
DEBB021;"'2019-07-05 03:00'";10;67;5;5;1;good
DEBB021;"'2019-07-05 04:00'";17;64;7;6;1;good
DEBB021;"'2019-07-05 05:00'";13;61;7;5;1;good
DEBB021;"'2019-07-05 06:00'";10;58;8;5;1;good
DEBB021;"'2019-07-05 07:00'";12;60;11;5;1;good
DEBB021;"'2019-07-05 08:00'";12;59;9;5;1;good
DEBB021;"'2019-07-05 09:00'";12;60;7;5;1;good
DEBB021;"'2019-07-05 10:00'";12;62;6;5;1;good
DEBB021;"'2019-07-05 11:00'";11;67;6;6;1;good
DEBB021;"'2019-07-05 12:00'";15;67;7;7;1;good
DEBB021;"'2019-07-05 13:00'";14;68;6;6;1;good
DEBB021;"'2019-07-05 14:00'";12;66;5;5;1;good
DEBB021;"'2019-07-05 15:00'";13;67;5;5;1;good
DEBB021;"'2019-07-05 16:00'";12;67;5;5;1;good
DEBB021;"'2019-07-05 17:00'";14;65;7;5;1;good
DEBB021;"'2019-07-05 18:00'";24;68;5;7;1;good
DEBB021;"'2019-07-05 19:00'";15;70;4;6;1;good
DEBB021;"'2019-07-05 20:00'";11;67;2;5;1;good
DEBB021;"'2019-07-05 21:00'";11;64;4;6;1;good
DEBB021;"'2019-07-05 22:00'";10;60;5;5;1;good
DEBB021;"'2019-07-05 23:00'";9;56;2;5;1;good
DEBB021;"'2019-07-05 24:00'";8;52;3;5;1;good
DEBB021;"'2019-07-06 01:00'";7;50;4;5;1;good
DEBB021;"'2019-07-06 02:00'";8;47;6;5;1;good
DEBB021;"'2019-07-06 03:00'";8;42;6;5;1;good
DEBB021;"'2019-07-06 04:00'";7;40;6;5;1;good
DEBB021;"'2019-07-06 05:00'";7;38;8;5;1;good
DEBB021;"'2019-07-06 06:00'";9;36;10;6;1;good
DEBB021;"'2019-07-06 07:00'";13;32;13;7;1;good
DEBB021;"'2019-07-06 08:00'";13;26;16;8;1;good
DEBB021;"'2019-07-06 09:00'";20;36;12;10;1;good
DEBB021;"'2019-07-06 10:00'";28;45;9;9;1;moderate
DEBB021;"'2019-07-06 11:00'";23;69;6;8;1;good
DEBB021;"'2019-07-06 12:00'";23;88;5;9;1;moderate
DEBB021;"'2019-07-06 13:00'";20;85;6;8;1;moderate
DEBB021;"'2019-07-06 14:00'";15;77;6;7;1;moderate
DEBB021;"'2019-07-06 15:00'";12;71;5;6;1;good
DEBB021;"'2019-07-06 16:00'";13;78;5;7;1;moderate
DEBB021;"'2019-07-06 17:00'";13;85;5;6;1;moderate
DEBB021;"'2019-07-06 18:00'";13;83;7;6;1;moderate
DEBB021;"'2019-07-06 19:00'";13;85;6;8;1;moderate
DEBB021;"'2019-07-06 20:00'";15;81;6;11;1;moderate
DEBB021;"'2019-07-06 21:00'";17;67;8;14;1;good
DEBB021;"'2019-07-06 22:00'";12;54;6;11;1;good
DEBB021;"'2019-07-06 23:00'";7;40;6;6;1;good
DEBB021;"'2019-07-06 24:00'";6;40;4;5;1;good
DEBB021;"'2019-07-07 01:00'";8;40;2;6;1;good
DEBB021;"'2019-07-07 02:00'";8;44;2;6;1;good
DEBB021;"'2019-07-07 03:00'";9;46;2;6;1;good
DEBB021;"'2019-07-07 04:00'";9;42;4;6;1;good
DEBB021;"'2019-07-07 05:00'";9;41;4;6;1;good
DEBB021;"'2019-07-07 06:00'";8;41;4;5;1;good
DEBB021;"'2019-07-07 07:00'";7;43;4;5;1;good
DEBB021;"'2019-07-07 08:00'";8;43;4;5;1;good
DEBB021;"'2019-07-07 09:00'";9;48;3;6;1;good
DEBB021;"'2019-07-07 10:00'";9;55;2;6;1;good
DEBB021;"'2019-07-07 11:00'";9;63;2;6;1;good
DEBB021;"'2019-07-07 12:00'";9;68;2;5;1;good
DEBB021;"'2019-07-07 13:00'";9;73;2;5;1;moderate
DEBB021;"'2019-07-07 14:00'";9;77;2;5;1;moderate
DEBB021;"'2019-07-07 15:00'";8;78;2;5;1;moderate
DEBB021;"'2019-07-07 16:00'";7;79;2;4;1;moderate
DEBB021;"'2019-07-07 17:00'";7;78;2;4;1;moderate
DEBB021;"'2019-07-07 18:00'";8;73;2;4;1;moderate
DEBB021;"'2019-07-07 19:00'";7;70;2;5;1;good
DEBB021;"'2019-07-07 20:00'";8;72;2;5;1;good
DEBB021;"'2019-07-07 21:00'";8;71;2;5;1;good
DEBB021;"'2019-07-07 22:00'";8;68;5;5;1;good
DEBB021;"'2019-07-07 23:00'";8;66;5;5;1;good
DEBB021;"'2019-07-07 24:00'";7;64;3;4;1;good
DEBB021;"'2019-07-08 01:00'";6;63;3;4;1;good
DEBB021;"'2019-07-08 02:00'";5;65;2;3;1;good
DEBB021;"'2019-07-08 03:00'";5;63;4;3;1;good
DEBB021;"'2019-07-08 04:00'";5;60;4;3;1;good
DEBB021;"'2019-07-08 05:00'";5;58;5;3;1;good
DEBB021;"'2019-07-08 06:00'";5;60;5;3;1;good
DEBB021;"'2019-07-08 07:00'";6;58;9;3;1;good
DEBB021;"'2019-07-08 08:00'";6;56;10;4;1;good
DEBB021;"'2019-07-08 09:00'";6;59;8;4;1;good
DEBB021;"'2019-07-08 10:00'";5;62;7;3;1;good
DEBB021;"'2019-07-08 11:00'";5;63;7;3;1;good
DEBB021;"'2019-07-08 12:00'";5;69;5;3;1;good
DEBB021;"'2019-07-08 13:00'";5;66;7;3;1;good
DEBB021;"'2019-07-08 14:00'";6;67;5;3;1;good
DEBB021;"'2019-07-08 15:00'";4;68;3;2;1;good
DEBB021;"'2019-07-08 16:00'";4;61;9;2;1;good
DEBB021;"'2019-07-08 17:00'";3;56;11;2;1;good
DEBB021;"'2019-07-08 18:00'";3;62;7;2;1;good
DEBB021;"'2019-07-08 19:00'";4;67;3;2;1;good
DEBB021;"'2019-07-08 20:00'";3;66;5;1;1;good
DEBB021;"'2019-07-08 21:00'";3;64;5;2;1;good
DEBB021;"'2019-07-08 22:00'";3;60;7;1;1;good
DEBB021;"'2019-07-08 23:00'";3;61;5;2;1;good
DEBB021;"'2019-07-08 24:00'";3;62;6;2;1;good
DEBB021;"'2019-07-09 01:00'";4;63;5;2;1;good
DEBB021;"'2019-07-09 02:00'";3;60;6;2;1;good
DEBB021;"'2019-07-09 03:00'";3;58;6;2;1;good
DEBB021;"'2019-07-09 04:00'";3;56;5;2;1;good
DEBB021;"'2019-07-09 05:00'";3;53;6;2;1;good
DEBB021;"'2019-07-09 06:00'";3;48;9;2;1;good
DEBB021;"'2019-07-09 07:00'";4;48;9;3;1;good
DEBB021;"'2019-07-09 08:00'";4;53;6;3;1;good
DEBB021;"'2019-07-09 09:00'";4;57;5;3;1;good
DEBB021;"'2019-07-09 10:00'";5;61;5;3;1;good
DEBB021;"'2019-07-09 11:00'";6;60;6;4;1;good
DEBB021;"'2019-07-09 12:00'";7;62;5;4;1;good
DEBB021;"'2019-07-09 13:00'";6;65;5;3;1;good
DEBB021;"'2019-07-09 14:00'";6;69;3;3;1;good
DEBB021;"'2019-07-09 15:00'";6;69;5;4;1;good
DEBB021;"'2019-07-09 16:00'";6;70;5;3;1;good
DEBB021;"'2019-07-09 17:00'";7;68;6;4;1;good
DEBB021;"'2019-07-09 18:00'";7;67;7;4;1;good
DEBB021;"'2019-07-09 19:00'";6;66;6;4;1;good
DEBB021;"'2019-07-09 20:00'";6;65;5;4;1;good
DEBB021;"'2019-07-09 21:00'";5;62;6;4;1;good
DEBB021;"'2019-07-09 22:00'";6;58;7;4;1;good
DEBB021;"'2019-07-09 23:00'";7;52;11;5;1;good
DEBB021;"'2019-07-09 24:00'";7;48;9;4;1;good
DEBB021;"'2019-07-10 01:00'";5;46;9;3;1;good
DEBB021;"'2019-07-10 02:00'";5;47;7;3;1;good
DEBB021;"'2019-07-10 03:00'";5;46;8;4;1;good
DEBB021;"'2019-07-10 04:00'";6;44;8;5;1;good
DEBB021;"'2019-07-10 05:00'";7;41;8;5;1;good
DEBB021;"'2019-07-10 06:00'";8;40;8;6;1;good
DEBB021;"'2019-07-10 07:00'";8;37;11;6;1;good
DEBB021;"'2019-07-10 08:00'";9;40;9;6;1;good
DEBB021;"'2019-07-10 09:00'";10;44;8;7;1;good
DEBB021;"'2019-07-10 10:00'";9;55;5;6;1;good
DEBB021;"'2019-07-10 11:00'";10;59;5;6;1;good
DEBB021;"'2019-07-10 12:00'";10;65;3;6;1;good
DEBB021;"'2019-07-10 13:00'";13;67;4;7;1;good
DEBB021;"'2019-07-10 14:00'";12;68;2;6;1;good
DEBB021;"'2019-07-10 15:00'";10;61;2;5;1;good
DEBB021;"'2019-07-10 16:00'";9;56;2;5;1;good
DEBB021;"'2019-07-10 17:00'";10;60;3;5;1;good
DEBB021;"'2019-07-10 18:00'";8;65;2;4;1;good
DEBB021;"'2019-07-10 19:00'";7;68;2;3;1;good
DEBB021;"'2019-07-10 20:00'";7;71;3;4;1;good
DEBB021;"'2019-07-10 21:00'";11;70;7;7;1;good
DEBB021;"'2019-07-10 22:00'";14;66;9;9;1;good
DEBB021;"'2019-07-10 23:00'";13;67;8;8;1;good
DEBB021;"'2019-07-10 24:00'";12;63;9;6;1;good
DEBB021;"'2019-07-11 01:00'";10;52;10;6;1;good
DEBB021;"'2019-07-11 02:00'";11;46;12;7;1;good
DEBB021;"'2019-07-11 03:00'";9;40;12;7;1;good
DEBB021;"'2019-07-11 04:00'";9;31;15;7;1;good
DEBB021;"'2019-07-11 05:00'";10;37;14;7;1;good
DEBB021;"'2019-07-11 06:00'";10;37;14;7;1;good
DEBB021;"'2019-07-11 07:00'";12;39;20;8;1;good
DEBB021;"'2019-07-11 08:00'";13;45;16;7;1;good
DEBB021;"'2019-07-11 09:00'";11;60;-;5;1;good
DEBB021;"'2019-07-11 10:00'";11;73;-;4;1;moderate
DEBB021;"'2019-07-11 11:00'";12;79;6;5;1;moderate
DEBB021;"'2019-07-11 12:00'";14;85;6;5;1;moderate
DEBB021;"'2019-07-11 13:00'";17;90;6;5;1;moderate
DEBB021;"'2019-07-11 14:00'";16;91;7;5;1;moderate
DEBB021;"'2019-07-11 15:00'";18;94;6;5;1;moderate
DEBB021;"'2019-07-11 16:00'";19;95;6;5;1;moderate
DEBB021;"'2019-07-11 17:00'";17;88;13;6;1;moderate
DEBB021;"'2019-07-11 18:00'";27;87;11;7;1;moderate
DEBB021;"'2019-07-11 19:00'";19;90;8;7;1;moderate
DEBB021;"'2019-07-11 20:00'";13;90;7;6;1;moderate
DEBB021;"'2019-07-11 21:00'";14;85;8;7;1;moderate
DEBB021;"'2019-07-11 22:00'";13;82;8;7;1;moderate
DEBB021;"'2019-07-11 23:00'";13;77;8;6;1;moderate
DEBB021;"'2019-07-11 24:00'";15;69;8;7;1;good
DEBB021;"'2019-07-12 01:00'";13;60;9;6;1;good
DEBB021;"'2019-07-12 02:00'";11;58;10;7;1;good
DEBB021;"'2019-07-12 03:00'";14;61;9;8;1;good
DEBB021;"'2019-07-12 04:00'";14;47;9;10;1;good
DEBB021;"'2019-07-12 05:00'";16;38;13;12;1;good
DEBB021;"'2019-07-12 06:00'";17;36;13;14;1;good
DEBB021;"'2019-07-12 07:00'";17;45;12;15;1;good
DEBB021;"'2019-07-12 08:00'";17;47;13;14;1;good
DEBB021;"'2019-07-12 09:00'";18;48;14;15;1;good
DEBB021;"'2019-07-12 10:00'";16;62;9;14;1;good
DEBB021;"'2019-07-12 11:00'";13;65;8;11;1;good
DEBB021;"'2019-07-12 12:00'";9;67;8;8;1;good
DEBB021;"'2019-07-12 13:00'";9;70;7;8;1;good
DEBB021;"'2019-07-12 14:00'";8;78;5;6;1;moderate
DEBB021;"'2019-07-12 15:00'";8;82;6;6;1;moderate
DEBB021;"'2019-07-12 16:00'";10;80;6;6;1;moderate
DEBB021;"'2019-07-12 17:00'";10;83;4;5;1;moderate
DEBB021;"'2019-07-12 18:00'";8;84;5;5;1;moderate
DEBB021;"'2019-07-12 19:00'";11;60;12;9;1;good
DEBB021;"'2019-07-12 20:00'";11;51;13;10;1;good
DEBB021;"'2019-07-12 21:00'";14;42;18;12;1;good
DEBB021;"'2019-07-12 22:00'";15;42;16;12;1;good
DEBB021;"'2019-07-12 23:00'";19;35;16;15;1;good
DEBB021;"'2019-07-12 24:00'";18;35;14;14;1;good
DEBB021;"'2019-07-13 01:00'";19;36;12;14;1;good
DEBB021;"'2019-07-13 02:00'";20;33;10;14;1;good
DEBB021;"'2019-07-13 03:00'";18;36;8;13;1;good
DEBB021;"'2019-07-13 04:00'";21;29;9;14;1;good
DEBB021;"'2019-07-13 05:00'";24;26;9;16;1;moderate
DEBB021;"'2019-07-13 06:00'";29;25;10;19;1;moderate
DEBB021;"'2019-07-13 07:00'";26;35;8;19;1;moderate
DEBB021;"'2019-07-13 08:00'";22;39;8;17;1;moderate
DEBB021;"'2019-07-13 09:00'";23;41;8;18;1;moderate
DEBB021;"'2019-07-13 10:00'";25;49;6;18;1;moderate
DEBB021;"'2019-07-13 11:00'";26;59;6;15;1;good
DEBB021;"'2019-07-13 12:00'";17;78;5;8;1;moderate
DEBB021;"'2019-07-13 13:00'";13;88;2;5;1;moderate
DEBB021;"'2019-07-13 14:00'";9;93;2;4;1;moderate
DEBB021;"'2019-07-13 15:00'";9;95;2;4;1;moderate
DEBB021;"'2019-07-13 16:00'";8;92;4;4;1;moderate
DEBB021;"'2019-07-13 17:00'";7;86;5;4;1;moderate
DEBB021;"'2019-07-13 18:00'";10;81;7;5;1;moderate
DEBB021;"'2019-07-13 19:00'";10;88;8;6;1;moderate
DEBB021;"'2019-07-13 20:00'";8;83;7;5;1;moderate
DEBB021;"'2019-07-13 21:00'";9;82;7;6;1;moderate
DEBB021;"'2019-07-13 22:00'";6;70;9;4;1;good
DEBB021;"'2019-07-13 23:00'";7;54;10;6;1;good
DEBB021;"'2019-07-13 24:00'";9;59;9;7;1;good
DEBB021;"'2019-07-14 01:00'";12;56;7;9;1;good
DEBB021;"'2019-07-14 02:00'";16;40;10;12;1;good
DEBB021;"'2019-07-14 03:00'";18;39;9;14;1;good
DEBB021;"'2019-07-14 04:00'";18;48;6;13;1;good
DEBB021;"'2019-07-14 05:00'";22;43;5;14;1;good
DEBB021;"'2019-07-14 06:00'";22;40;5;15;1;good
DEBB021;"'2019-07-14 07:00'";18;43;3;13;1;good
DEBB021;"'2019-07-14 08:00'";17;46;2;12;1;good
DEBB021;"'2019-07-14 09:00'";14;55;2;10;1;good
DEBB021;"'2019-07-14 10:00'";12;56;3;9;1;good
DEBB021;"'2019-07-14 11:00'";11;59;2;8;1;good
DEBB021;"'2019-07-14 12:00'";11;59;5;8;1;good
DEBB021;"'2019-07-14 13:00'";17;54;5;12;1;good
DEBB021;"'2019-07-14 14:00'";18;55;5;13;1;good
DEBB021;"'2019-07-14 15:00'";18;61;4;12;1;good
DEBB021;"'2019-07-14 16:00'";13;70;3;9;1;good
DEBB021;"'2019-07-14 17:00'";10;77;2;7;1;moderate
DEBB021;"'2019-07-14 18:00'";9;82;2;7;1;moderate
DEBB021;"'2019-07-14 19:00'";9;80;2;7;1;moderate
DEBB021;"'2019-07-14 20:00'";8;76;2;6;1;moderate
DEBB021;"'2019-07-14 21:00'";8;69;4;6;1;good
DEBB021;"'2019-07-14 22:00'";7;64;4;6;1;good
DEBB021;"'2019-07-14 23:00'";8;61;5;7;1;good
DEBB021;"'2019-07-14 24:00'";9;61;5;8;1;good
DEBB021;"'2019-07-15 01:00'";8;61;4;7;1;good
DEBB021;"'2019-07-15 02:00'";8;58;5;7;1;good
DEBB021;"'2019-07-15 03:00'";9;53;5;7;1;good
DEBB021;"'2019-07-15 04:00'";10;52;5;8;1;good
DEBB021;"'2019-07-15 05:00'";9;49;6;8;1;good
DEBB021;"'2019-07-15 06:00'";8;48;6;6;1;good
DEBB021;"'2019-07-15 07:00'";8;50;9;6;1;good
DEBB021;"'2019-07-15 08:00'";8;46;12;6;1;good
DEBB021;"'2019-07-15 09:00'";5;52;10;4;1;good
DEBB021;"'2019-07-15 10:00'";3;57;6;2;1;good
DEBB021;"'2019-07-15 11:00'";4;58;6;3;1;good
DEBB021;"'2019-07-15 12:00'";8;63;6;6;1;good
DEBB021;"'2019-07-15 13:00'";10;63;6;7;1;good
DEBB021;"'2019-07-15 14:00'";11;65;6;8;1;good
DEBB021;"'2019-07-15 15:00'";11;65;5;8;1;good
DEBB021;"'2019-07-15 16:00'";11;63;6;8;1;good
DEBB021;"'2019-07-15 17:00'";11;64;6;8;1;good
DEBB021;"'2019-07-15 18:00'";11;68;5;8;1;good
DEBB021;"'2019-07-15 19:00'";11;64;5;8;1;good
DEBB021;"'2019-07-15 20:00'";10;63;6;7;1;good
DEBB021;"'2019-07-15 21:00'";8;65;5;7;1;good
DEBB021;"'2019-07-15 22:00'";7;62;5;5;1;good
DEBB021;"'2019-07-15 23:00'";8;61;5;6;1;good
DEBB021;"'2019-07-15 24:00'";10;64;5;8;1;good
DEBB021;"'2019-07-16 01:00'";9;62;5;7;1;good
DEBB021;"'2019-07-16 02:00'";10;58;5;8;1;good
DEBB021;"'2019-07-16 03:00'";11;57;5;8;1;good
DEBB021;"'2019-07-16 04:00'";7;57;3;6;1;good
DEBB021;"'2019-07-16 05:00'";6;55;2;4;1;good
DEBB021;"'2019-07-16 06:00'";7;51;4;5;1;good
DEBB021;"'2019-07-16 07:00'";6;46;8;5;1;good
DEBB021;"'2019-07-16 08:00'";6;43;8;4;1;good
DEBB021;"'2019-07-16 09:00'";7;44;7;5;1;good
DEBB021;"'2019-07-16 10:00'";8;46;7;6;1;good
DEBB021;"'2019-07-16 11:00'";8;50;5;6;1;good
DEBB021;"'2019-07-16 12:00'";6;50;6;4;1;good
DEBB021;"'2019-07-16 13:00'";5;48;5;4;1;good
DEBB021;"'2019-07-16 14:00'";3;47;5;2;1;good
DEBB021;"'2019-07-16 15:00'";3;51;3;2;1;good
DEBB021;"'2019-07-16 16:00'";3;51;5;2;1;good
DEBB021;"'2019-07-16 17:00'";4;51;5;2;1;good
DEBB021;"'2019-07-16 18:00'";4;54;5;2;1;good
DEBB021;"'2019-07-16 19:00'";4;57;3;2;1;good
DEBB021;"'2019-07-16 20:00'";5;56;5;3;1;good
DEBB021;"'2019-07-16 21:00'";5;52;5;3;1;good
DEBB021;"'2019-07-16 22:00'";7;46;6;5;1;good
DEBB021;"'2019-07-16 23:00'";6;41;7;5;1;good
DEBB021;"'2019-07-16 24:00'";6;38;7;5;1;good
DEBB021;"'2019-07-17 01:00'";6;41;7;5;1;good
DEBB021;"'2019-07-17 02:00'";7;43;9;5;3;good
DEBB021;"'2019-07-17 03:00'";8;43;10;6;2;good
DEBB021;"'2019-07-17 04:00'";9;42;9;7;2;good
DEBB021;"'2019-07-17 05:00'";10;40;9;7;2;good
DEBB021;"'2019-07-17 06:00'";10;39;9;8;1;good
DEBB021;"'2019-07-17 07:00'";10;38;11;8;1;good
DEBB021;"'2019-07-17 08:00'";11;42;8;8;1;good
DEBB021;"'2019-07-17 09:00'";13;47;6;9;1;good
DEBB021;"'2019-07-17 10:00'";13;48;6;9;1;good
DEBB021;"'2019-07-17 11:00'";14;52;6;10;1;good
DEBB021;"'2019-07-17 12:00'";15;56;4;10;1;good
DEBB021;"'2019-07-17 13:00'";23;63;3;10;1;good
DEBB021;"'2019-07-17 14:00'";18;71;3;9;1;good
DEBB021;"'2019-07-17 15:00'";18;76;2;9;1;moderate
DEBB021;"'2019-07-17 16:00'";20;76;5;8;1;moderate
DEBB021;"'2019-07-17 17:00'";15;79;4;7;1;moderate
DEBB021;"'2019-07-17 18:00'";12;81;2;6;1;moderate
DEBB021;"'2019-07-17 19:00'";10;80;2;5;1;moderate
DEBB021;"'2019-07-17 20:00'";10;78;3;5;1;moderate
DEBB021;"'2019-07-17 21:00'";12;66;10;6;1;good
DEBB021;"'2019-07-17 22:00'";15;43;20;8;1;good
DEBB021;"'2019-07-17 23:00'";15;19;36;10;1;moderate
DEBB021;"'2019-07-17 24:00'";16;7;45;12;1;moderate
DEBB021;"'2019-07-18 01:00'";14;6;38;10;1;moderate
DEBB021;"'2019-07-18 02:00'";11;14;25;8;1;good
DEBB021;"'2019-07-18 03:00'";11;13;22;9;1;good
DEBB021;"'2019-07-18 04:00'";12;12;20;9;1;good
DEBB021;"'2019-07-18 05:00'";11;7;24;8;1;good
DEBB021;"'2019-07-18 06:00'";9;8;25;7;1;good
DEBB021;"'2019-07-18 07:00'";7;17;32;5;3;moderate
DEBB021;"'2019-07-18 08:00'";7;29;25;5;3;good
DEBB021;"'2019-07-18 09:00'";11;39;20;4;3;good
DEBB021;"'2019-07-18 10:00'";12;53;14;4;3;good
DEBB021;"'2019-07-18 11:00'";13;70;10;4;2;good
DEBB021;"'2019-07-18 12:00'";14;84;7;4;1;moderate
DEBB021;"'2019-07-18 13:00'";14;93;5;4;1;moderate
DEBB021;"'2019-07-18 14:00'";14;95;4;4;1;moderate
DEBB021;"'2019-07-18 15:00'";17;94;6;5;1;moderate
DEBB021;"'2019-07-18 16:00'";14;95;5;5;1;moderate
DEBB021;"'2019-07-18 17:00'";14;92;5;4;1;moderate
DEBB021;"'2019-07-18 18:00'";12;94;5;4;1;moderate
DEBB021;"'2019-07-18 19:00'";15;97;6;5;1;moderate
DEBB021;"'2019-07-18 20:00'";14;93;7;5;1;moderate
DEBB021;"'2019-07-18 21:00'";15;86;12;6;1;moderate
DEBB021;"'2019-07-18 22:00'";13;77;15;7;1;moderate
DEBB021;"'2019-07-18 23:00'";15;63;20;9;1;good
DEBB021;"'2019-07-18 24:00'";17;50;26;10;1;good
DEBB021;"'2019-07-19 01:00'";15;58;19;9;1;good
DEBB021;"'2019-07-19 02:00'";17;51;21;10;1;good
DEBB021;"'2019-07-19 03:00'";16;48;21;11;1;good
DEBB021;"'2019-07-19 04:00'";16;44;20;12;1;good
DEBB021;"'2019-07-19 05:00'";20;38;24;14;1;good
DEBB021;"'2019-07-19 06:00'";23;38;26;15;1;good
DEBB021;"'2019-07-19 07:00'";22;33;39;12;1;moderate
DEBB021;"'2019-07-19 08:00'";22;48;29;10;1;good
DEBB021;"'2019-07-19 09:00'";21;67;18;10;1;good
DEBB021;"'2019-07-19 10:00'";20;80;12;11;1;moderate
DEBB021;"'2019-07-19 11:00'";18;80;13;11;1;moderate
DEBB021;"'2019-07-19 12:00'";17;88;12;10;1;moderate
DEBB021;"'2019-07-19 13:00'";19;93;11;10;1;moderate
DEBB021;"'2019-07-19 14:00'";22;89;12;13;1;moderate
DEBB021;"'2019-07-19 15:00'";22;85;14;11;1;moderate
DEBB021;"'2019-07-19 16:00'";19;89;10;10;1;moderate
DEBB021;"'2019-07-19 17:00'";12;87;8;6;1;moderate
DEBB021;"'2019-07-19 18:00'";13;85;7;6;1;moderate
DEBB021;"'2019-07-19 19:00'";15;83;7;6;1;moderate
DEBB021;"'2019-07-19 20:00'";11;80;9;6;1;moderate
DEBB021;"'2019-07-19 21:00'";10;74;10;5;1;moderate
DEBB021;"'2019-07-19 22:00'";8;69;12;5;1;good
DEBB021;"'2019-07-19 23:00'";13;56;18;8;1;good
DEBB021;"'2019-07-19 24:00'";12;43;22;10;1;good
DEBB021;"'2019-07-20 01:00'";12;40;23;10;1;good
DEBB021;"'2019-07-20 02:00'";12;42;15;10;1;good
DEBB021;"'2019-07-20 03:00'";13;28;17;10;1;good
DEBB021;"'2019-07-20 04:00'";13;27;17;11;1;good
DEBB021;"'2019-07-20 05:00'";15;13;23;13;1;good
DEBB021;"'2019-07-20 06:00'";16;7;28;13;1;good
DEBB021;"'2019-07-20 07:00'";17;8;30;13;1;good
DEBB021;"'2019-07-20 08:00'";21;18;26;16;1;moderate
DEBB021;"'2019-07-20 09:00'";20;39;21;14;1;good
DEBB021;"'2019-07-20 10:00'";18;62;10;10;1;good
DEBB021;"'2019-07-20 11:00'";16;83;6;8;1;moderate
DEBB021;"'2019-07-20 12:00'";17;89;6;7;1;moderate
DEBB021;"'2019-07-20 13:00'";15;94;5;7;1;moderate
DEBB021;"'2019-07-20 14:00'";17;95;6;6;1;moderate
DEBB021;"'2019-07-20 15:00'";16;100;5;5;1;moderate
DEBB021;"'2019-07-20 16:00'";11;98;6;5;1;moderate
DEBB021;"'2019-07-20 17:00'";14;99;7;5;1;moderate
DEBB021;"'2019-07-20 18:00'";11;102;5;5;1;moderate
DEBB021;"'2019-07-20 19:00'";14;98;6;5;1;moderate
DEBB021;"'2019-07-20 20:00'";11;96;6;5;1;moderate
DEBB021;"'2019-07-20 21:00'";11;85;13;6;1;moderate
DEBB021;"'2019-07-20 22:00'";25;85;12;7;1;moderate
DEBB021;"'2019-07-20 23:00'";13;85;2;5;1;moderate
DEBB021;"'2019-07-20 24:00'";6;77;2;5;1;moderate
DEBB021;"'2019-07-21 01:00'";6;69;3;5;1;good
DEBB021;"'2019-07-21 02:00'";7;61;5;5;1;good
DEBB021;"'2019-07-21 03:00'";7;60;5;5;1;good
DEBB021;"'2019-07-21 04:00'";12;61;3;9;1;good
DEBB021;"'2019-07-21 05:00'";13;56;3;9;1;good
DEBB021;"'2019-07-21 06:00'";14;44;6;10;1;good
DEBB021;"'2019-07-21 07:00'";17;46;6;12;1;good
DEBB021;"'2019-07-21 08:00'";17;45;6;12;1;good
DEBB021;"'2019-07-21 09:00'";17;46;6;12;1;good
DEBB021;"'2019-07-21 10:00'";13;59;4;8;1;good
DEBB021;"'2019-07-21 11:00'";14;72;2;7;1;good
DEBB021;"'2019-07-21 12:00'";16;77;2;8;1;moderate
DEBB021;"'2019-07-21 13:00'";17;80;2;7;1;moderate
DEBB021;"'2019-07-21 14:00'";14;83;2;6;1;moderate
DEBB021;"'2019-07-21 15:00'";13;86;2;6;1;moderate
DEBB021;"'2019-07-21 16:00'";12;86;2;6;1;moderate
DEBB021;"'2019-07-21 17:00'";9;87;2;5;1;moderate
DEBB021;"'2019-07-21 18:00'";9;88;2;4;1;moderate
DEBB021;"'2019-07-21 19:00'";9;88;2;4;1;moderate
DEBB021;"'2019-07-21 20:00'";10;87;3;4;1;moderate
DEBB021;"'2019-07-21 21:00'";10;83;6;4;1;moderate
DEBB021;"'2019-07-21 22:00'";12;76;8;5;1;moderate
DEBB021;"'2019-07-21 23:00'";10;59;12;6;1;good
DEBB021;"'2019-07-21 24:00'";12;47;16;7;1;good
DEBB021;"'2019-07-22 01:00'";11;57;10;6;1;good
DEBB021;"'2019-07-22 02:00'";12;55;8;6;1;good
DEBB021;"'2019-07-22 03:00'";12;54;7;6;1;good
DEBB021;"'2019-07-22 04:00'";10;47;7;7;1;good
DEBB021;"'2019-07-22 05:00'";10;27;12;7;1;good
DEBB021;"'2019-07-22 06:00'";11;19;20;7;1;good
DEBB021;"'2019-07-22 07:00'";13;25;23;8;1;good
DEBB021;"'2019-07-22 08:00'";12;36;20;7;1;good
DEBB021;"'2019-07-22 09:00'";12;38;24;6;1;good
DEBB021;"'2019-07-22 10:00'";12;50;16;6;1;good
DEBB021;"'2019-07-22 11:00'";14;66;9;6;1;good
DEBB021;"'2019-07-22 12:00'";15;79;8;7;1;moderate
DEBB021;"'2019-07-22 13:00'";15;90;6;9;1;moderate
DEBB021;"'2019-07-22 14:00'";16;96;6;10;1;moderate
DEBB021;"'2019-07-22 15:00'";16;102;6;10;1;moderate
DEBB021;"'2019-07-22 16:00'";15;100;8;9;1;moderate
DEBB021;"'2019-07-22 17:00'";15;96;10;10;1;moderate
DEBB021;"'2019-07-22 18:00'";15;87;11;10;1;moderate
DEBB021;"'2019-07-22 19:00'";15;89;7;10;1;moderate
DEBB021;"'2019-07-22 20:00'";14;89;7;10;1;moderate
DEBB021;"'2019-07-22 21:00'";14;86;9;10;1;moderate
DEBB021;"'2019-07-22 22:00'";15;75;14;11;1;moderate
DEBB021;"'2019-07-22 23:00'";16;66;16;12;1;good
DEBB021;"'2019-07-22 24:00'";17;61;16;12;1;good
DEBB021;"'2019-07-23 01:00'";17;49;17;14;1;good
DEBB021;"'2019-07-23 02:00'";20;39;21;16;1;moderate
DEBB021;"'2019-07-23 03:00'";22;28;22;18;1;moderate
DEBB021;"'2019-07-23 04:00'";21;29;19;17;1;moderate
DEBB021;"'2019-07-23 05:00'";22;43;18;17;1;moderate
DEBB021;"'2019-07-23 06:00'";21;38;18;16;1;moderate
DEBB021;"'2019-07-23 07:00'";20;36;20;15;1;good
DEBB021;"'2019-07-23 08:00'";17;43;13;13;1;good
DEBB021;"'2019-07-23 09:00'";13;54;8;8;1;good
DEBB021;"'2019-07-23 10:00'";13;63;5;7;1;good
DEBB021;"'2019-07-23 11:00'";13;69;4;6;1;good
DEBB021;"'2019-07-23 12:00'";13;73;5;6;1;moderate
DEBB021;"'2019-07-23 13:00'";13;75;4;6;1;moderate
DEBB021;"'2019-07-23 14:00'";11;77;3;5;1;moderate
DEBB021;"'2019-07-23 15:00'";12;79;2;4;1;moderate
DEBB021;"'2019-07-23 16:00'";12;82;5;5;1;moderate
DEBB021;"'2019-07-23 17:00'";11;82;4;4;1;moderate
DEBB021;"'2019-07-23 18:00'";13;88;4;5;1;moderate
DEBB021;"'2019-07-23 19:00'";15;92;3;5;1;moderate
DEBB021;"'2019-07-23 20:00'";13;92;5;4;1;moderate
DEBB021;"'2019-07-23 21:00'";14;85;10;4;1;moderate
DEBB021;"'2019-07-23 22:00'";13;61;20;5;1;good
DEBB021;"'2019-07-23 23:00'";14;50;20;6;1;good
DEBB021;"'2019-07-23 24:00'";14;54;13;6;1;good
DEBB021;"'2019-07-24 01:00'";13;47;14;6;1;good
DEBB021;"'2019-07-24 02:00'";12;45;13;6;1;good
DEBB021;"'2019-07-24 03:00'";10;41;13;6;1;good
DEBB021;"'2019-07-24 04:00'";10;35;13;6;1;good
DEBB021;"'2019-07-24 05:00'";10;22;21;7;1;good
DEBB021;"'2019-07-24 06:00'";11;23;20;8;1;good
DEBB021;"'2019-07-24 07:00'";13;12;28;8;1;good
DEBB021;"'2019-07-24 08:00'";14;27;18;9;1;good
DEBB021;"'2019-07-24 09:00'";19;33;22;9;1;good
DEBB021;"'2019-07-24 10:00'";18;54;16;7;3;good
DEBB021;"'2019-07-24 11:00'";14;81;10;5;2;moderate
DEBB021;"'2019-07-24 12:00'";15;96;8;5;1;moderate
DEBB021;"'2019-07-24 13:00'";14;101;4;5;1;moderate
DEBB021;"'2019-07-24 14:00'";14;100;4;5;1;moderate
DEBB021;"'2019-07-24 15:00'";15;103;4;4;1;moderate
DEBB021;"'2019-07-24 16:00'";11;111;5;3;1;moderate
DEBB021;"'2019-07-24 17:00'";7;111;4;3;1;moderate
DEBB021;"'2019-07-24 18:00'";6;111;6;2;1;moderate
DEBB021;"'2019-07-24 19:00'";6;115;6;2;1;moderate
DEBB021;"'2019-07-24 20:00'";12;119;9;3;1;moderate
DEBB021;"'2019-07-24 21:00'";13;98;15;4;1;moderate
DEBB021;"'2019-07-24 22:00'";14;73;22;5;1;moderate
DEBB021;"'2019-07-24 23:00'";26;61;20;7;1;good
DEBB021;"'2019-07-24 24:00'";16;45;29;6;1;good
DEBB021;"'2019-07-25 01:00'";17;40;29;8;1;good
DEBB021;"'2019-07-25 02:00'";19;46;20;8;1;good
DEBB021;"'2019-07-25 03:00'";18;47;14;8;1;good
DEBB021;"'2019-07-25 04:00'";18;45;13;9;1;good
DEBB021;"'2019-07-25 05:00'";15;38;16;10;1;good
DEBB021;"'2019-07-25 06:00'";16;28;22;10;1;good
DEBB021;"'2019-07-25 07:00'";18;18;34;11;1;moderate
DEBB021;"'2019-07-25 08:00'";22;29;28;10;1;good
DEBB021;"'2019-07-25 09:00'";25;40;24;9;1;good
DEBB021;"'2019-07-25 10:00'";25;52;25;8;1;good
DEBB021;"'2019-07-25 11:00'";23;75;18;6;1;moderate
DEBB021;"'2019-07-25 12:00'";18;99;9;5;1;moderate
DEBB021;"'2019-07-25 13:00'";17;112;6;5;1;moderate
DEBB021;"'2019-07-25 14:00'";15;125;6;4;1;moderate
DEBB021;"'2019-07-25 15:00'";16;142;10;4;1;moderate
DEBB021;"'2019-07-25 16:00'";16;150;9;4;1;poor
DEBB021;"'2019-07-25 17:00'";12;126;7;4;1;moderate
DEBB021;"'2019-07-25 18:00'";16;104;6;5;1;moderate
DEBB021;"'2019-07-25 19:00'";11;92;5;4;1;moderate
DEBB021;"'2019-07-25 20:00'";12;85;5;3;1;moderate
DEBB021;"'2019-07-25 21:00'";15;77;5;4;1;moderate
DEBB021;"'2019-07-25 22:00'";16;70;7;4;1;good
DEBB021;"'2019-07-25 23:00'";14;62;8;3;1;good
DEBB021;"'2019-07-25 24:00'";13;59;8;3;1;good
DEBB021;"'2019-07-26 01:00'";13;55;8;3;1;good
DEBB021;"'2019-07-26 02:00'";14;52;8;3;1;good
DEBB021;"'2019-07-26 03:00'";13;49;9;4;2;good
DEBB021;"'2019-07-26 04:00'";13;46;9;4;2;good
DEBB021;"'2019-07-26 05:00'";10;43;9;5;1;good
DEBB021;"'2019-07-26 06:00'";10;43;12;6;1;good
DEBB021;"'2019-07-26 07:00'";17;43;17;6;1;good
DEBB021;"'2019-07-26 08:00'";16;46;15;5;1;good
DEBB021;"'2019-07-26 09:00'";12;56;14;4;1;good
DEBB021;"'2019-07-26 10:00'";12;67;11;3;1;good
DEBB021;"'2019-07-26 11:00'";12;71;8;3;1;good
DEBB021;"'2019-07-26 12:00'";10;81;8;3;1;moderate
DEBB021;"'2019-07-26 13:00'";9;85;7;3;1;moderate
DEBB021;"'2019-07-26 14:00'";9;83;6;3;1;moderate
DEBB021;"'2019-07-26 15:00'";8;81;7;2;1;moderate
DEBB021;"'2019-07-26 16:00'";8;87;7;2;1;moderate
DEBB021;"'2019-07-26 17:00'";9;97;7;3;1;moderate
DEBB021;"'2019-07-26 18:00'";10;106;5;3;1;moderate
DEBB021;"'2019-07-26 19:00'";13;106;6;4;1;moderate
DEBB021;"'2019-07-26 20:00'";14;103;7;5;1;moderate
DEBB021;"'2019-07-26 21:00'";16;94;8;5;1;moderate
DEBB021;"'2019-07-26 22:00'";23;83;5;7;1;moderate
DEBB021;"'2019-07-26 23:00'";25;78;7;9;1;moderate
DEBB021;"'2019-07-26 24:00'";24;75;7;9;5;moderate
DEBB021;"'2019-07-27 01:00'";26;71;8;9;5;good
DEBB021;"'2019-07-27 02:00'";25;69;9;9;1;good
DEBB021;"'2019-07-27 03:00'";25;67;6;8;1;good
DEBB021;"'2019-07-27 04:00'";23;64;5;8;1;good
DEBB021;"'2019-07-27 05:00'";22;62;6;8;1;good
DEBB021;"'2019-07-27 06:00'";21;59;8;9;1;good
DEBB021;"'2019-07-27 07:00'";21;61;9;10;1;good
DEBB021;"'2019-07-27 08:00'";24;63;8;10;1;good
DEBB021;"'2019-07-27 09:00'";18;67;7;9;1;good
DEBB021;"'2019-07-27 10:00'";18;72;6;8;1;good
DEBB021;"'2019-07-27 11:00'";18;79;6;7;1;moderate
DEBB021;"'2019-07-27 12:00'";18;84;5;6;1;moderate
DEBB021;"'2019-07-27 13:00'";18;87;4;6;1;moderate
DEBB021;"'2019-07-27 14:00'";15;84;5;5;1;moderate
DEBB021;"'2019-07-27 15:00'";16;84;6;5;1;moderate
DEBB021;"'2019-07-27 16:00'";13;87;6;4;1;moderate
DEBB021;"'2019-07-27 17:00'";12;86;4;4;1;moderate
DEBB021;"'2019-07-27 18:00'";17;88;2;4;1;moderate
DEBB021;"'2019-07-27 19:00'";14;91;6;4;1;moderate
DEBB021;"'2019-07-27 20:00'";23;89;12;5;1;moderate
DEBB021;"'2019-07-27 21:00'";32;86;11;6;1;moderate
DEBB021;"'2019-07-27 22:00'";17;83;13;6;1;moderate
DEBB021;"'2019-07-27 23:00'";27;80;10;7;1;moderate
DEBB021;"'2019-07-27 24:00'";26;77;10;8;1;moderate
DEBB021;"'2019-07-28 01:00'";24;77;8;8;1;moderate
DEBB021;"'2019-07-28 02:00'";20;73;8;8;1;moderate
DEBB021;"'2019-07-28 03:00'";17;70;8;8;1;good
DEBB021;"'2019-07-28 04:00'";17;67;7;9;1;good
DEBB021;"'2019-07-28 05:00'";17;64;7;9;1;good
DEBB021;"'2019-07-28 06:00'";17;61;7;10;1;good
DEBB021;"'2019-07-28 07:00'";16;60;7;10;1;good
DEBB021;"'2019-07-28 08:00'";18;64;7;10;1;good
DEBB021;"'2019-07-28 09:00'";16;70;7;10;1;good
DEBB021;"'2019-07-28 10:00'";18;78;7;9;1;moderate
DEBB021;"'2019-07-28 11:00'";18;92;6;9;1;moderate
DEBB021;"'2019-07-28 12:00'";18;104;7;10;1;moderate
DEBB021;"'2019-07-28 13:00'";18;116;6;9;1;moderate
DEBB021;"'2019-07-28 14:00'";16;116;5;7;1;moderate
DEBB021;"'2019-07-28 15:00'";18;116;5;8;1;moderate
DEBB021;"'2019-07-28 16:00'";16;119;5;8;1;moderate
DEBB021;"'2019-07-28 17:00'";15;123;4;7;1;moderate
DEBB021;"'2019-07-28 18:00'";16;127;4;7;1;moderate
DEBB021;"'2019-07-28 19:00'";13;128;5;7;1;moderate
DEBB021;"'2019-07-28 20:00'";17;128;6;8;1;moderate
DEBB021;"'2019-07-28 21:00'";17;119;9;8;1;moderate
DEBB021;"'2019-07-28 22:00'";21;101;11;10;1;moderate
DEBB021;"'2019-07-28 23:00'";21;88;15;11;1;moderate
DEBB021;"'2019-07-28 24:00'";18;94;9;10;1;moderate
DEBB021;"'2019-07-29 01:00'";21;94;7;11;1;moderate
DEBB021;"'2019-07-29 02:00'";23;86;8;13;1;moderate
DEBB021;"'2019-07-29 03:00'";24;78;9;13;1;moderate
DEBB021;"'2019-07-29 04:00'";21;74;12;13;1;moderate
DEBB021;"'2019-07-29 05:00'";18;72;13;12;1;good
DEBB021;"'2019-07-29 06:00'";18;63;17;12;1;good
DEBB021;"'2019-07-29 07:00'";23;53;26;14;1;good
DEBB021;"'2019-07-29 08:00'";38;48;33;15;1;moderate
DEBB021;"'2019-07-29 09:00'";29;59;31;14;1;moderate
DEBB021;"'2019-07-29 10:00'";29;75;25;12;1;moderate
DEBB021;"'2019-07-29 11:00'";24;94;14;12;1;moderate
DEBB021;"'2019-07-29 12:00'";23;116;10;11;1;moderate
DEBB021;"'2019-07-29 13:00'";20;-;7;11;1;good
DEBB021;"'2019-07-29 14:00'";26;116;9;11;1;moderate
DEBB021;"'2019-07-29 15:00'";23;128;7;10;1;moderate
DEBB021;"'2019-07-29 16:00'";22;126;8;11;1;moderate
DEBB021;"'2019-07-29 17:00'";22;119;11;12;1;moderate
DEBB021;"'2019-07-29 18:00'";23;106;9;14;1;moderate
DEBB021;"'2019-07-29 19:00'";20;87;12;14;1;moderate
DEBB021;"'2019-07-29 20:00'";19;74;9;15;1;moderate
DEBB021;"'2019-07-29 21:00'";18;69;9;14;1;good
DEBB021;"'2019-07-29 22:00'";17;65;10;14;1;good
DEBB021;"'2019-07-29 23:00'";17;61;10;14;1;good
DEBB021;"'2019-07-29 24:00'";18;57;9;15;1;good
DEBB021;"'2019-07-30 01:00'";18;62;7;15;1;good
DEBB021;"'2019-07-30 02:00'";18;58;7;14;1;good
DEBB021;"'2019-07-30 03:00'";21;50;8;16;1;moderate
DEBB021;"'2019-07-30 04:00'";25;42;8;19;1;moderate
DEBB021;"'2019-07-30 05:00'";29;42;9;22;1;moderate
DEBB021;"'2019-07-30 06:00'";31;43;8;23;1;moderate
DEBB021;"'2019-07-30 07:00'";30;42;12;23;1;moderate
DEBB021;"'2019-07-30 08:00'";29;41;11;23;1;moderate
DEBB021;"'2019-07-30 09:00'";30;37;12;23;1;moderate
DEBB021;"'2019-07-30 10:00'";25;42;11;20;1;moderate
DEBB021;"'2019-07-30 11:00'";21;53;11;17;1;moderate
DEBB021;"'2019-07-30 12:00'";20;57;11;16;-;moderate
DEBB021;"'2019-07-30 13:00'";20;58;10;16;1;moderate
DEBB021;"'2019-07-30 14:00'";19;69;8;14;-;good
DEBB021;"'2019-07-30 15:00'";17;84;7;12;1;moderate
DEBB021;"'2019-07-30 16:00'";19;81;9;13;1;moderate
DEBB021;"'2019-07-30 17:00'";19;85;9;13;1;moderate
DEBB021;"'2019-07-30 18:00'";18;88;10;12;1;moderate
DEBB021;"'2019-07-30 19:00'";15;87;9;11;1;moderate
DEBB021;"'2019-07-30 20:00'";12;88;7;9;1;moderate
DEBB021;"'2019-07-30 21:00'";16;75;8;10;1;moderate
DEBB021;"'2019-07-30 22:00'";18;65;9;11;1;good
DEBB021;"'2019-07-30 23:00'";18;54;10;12;1;good
DEBB021;"'2019-07-30 24:00'";19;45;12;13;1;good
DEBB021;"'2019-07-31 01:00'";19;39;12;14;1;good
DEBB021;"'2019-07-31 02:00'";19;32;12;15;1;good
DEBB021;"'2019-07-31 03:00'";20;24;13;16;1;moderate
DEBB021;"'2019-07-31 04:00'";21;20;13;17;1;moderate
DEBB021;"'2019-07-31 05:00'";21;18;12;16;1;moderate
DEBB021;"'2019-07-31 06:00'";17;11;15;14;1;good
DEBB021;"'2019-07-31 07:00'";16;11;17;13;1;good
DEBB021;"'2019-07-31 08:00'";14;15;18;10;1;good
DEBB021;"'2019-07-31 09:00'";12;33;10;8;1;good
DEBB021;"'2019-07-31 10:00'";15;54;8;9;1;good
DEBB021;"'2019-07-31 11:00'";19;65;9;11;-;good
DEBB021;"'2019-07-31 12:00'";20;74;9;12;-;moderate
DEBB021;"'2019-07-31 13:00'";22;71;11;13;-;good
DEBB021;"'2019-07-31 14:00'";22;71;10;13;-;good
DEBB021;"'2019-07-31 15:00'";22;57;13;15;-;good
DEBB021;"'2019-07-31 16:00'";24;50;16;18;-;moderate
DEBB021;"'2019-07-31 17:00'";22;59;13;18;-;moderate
DEBB021;"'2019-07-31 18:00'";21;73;11;16;-;moderate
DEBB021;"'2019-07-31 19:00'";19;74;15;15;-;moderate
DEBB021;"'2019-07-31 20:00'";9;90;10;6;-;moderate
DEBB021;"'2019-07-31 21:00'";5;84;9;4;-;moderate
DEBB021;"'2019-07-31 22:00'";5;71;10;4;-;good
DEBB021;"'2019-07-31 23:00'";9;56;14;7;-;good
DEBB021;"'2019-07-31 24:00'";12;48;12;10;-;good
DEBB021;"'2019-08-01 01:00'";11;45;13;8;-;good
DEBB021;"'2019-08-01 02:00'";11;47;8;8;-;good
DEBB021;"'2019-08-01 03:00'";10;48;8;8;-;good
DEBB021;"'2019-08-01 04:00'";11;43;8;8;-;good
DEBB021;"'2019-08-01 05:00'";12;36;12;8;-;good
DEBB021;"'2019-08-01 06:00'";16;27;18;12;-;good
DEBB021;"'2019-08-01 07:00'";15;26;20;13;-;good
DEBB021;"'2019-08-01 08:00'";17;24;19;14;-;good
DEBB021;"'2019-08-01 09:00'";19;33;16;15;-;good
DEBB021;"'2019-08-01 10:00'";17;49;11;13;-;good
DEBB021;"'2019-08-01 11:00'";13;70;7;9;-;good
DEBB021;"'2019-08-01 12:00'";11;81;7;7;-;moderate
DEBB021;"'2019-08-01 13:00'";12;81;6;7;-;moderate
DEBB021;"'2019-08-01 14:00'";12;86;4;7;-;moderate
DEBB021;"'2019-08-01 15:00'";12;83;8;7;-;moderate
DEBB021;"'2019-08-01 16:00'";12;81;7;6;-;moderate
DEBB021;"'2019-08-01 17:00'";9;82;6;5;-;moderate
DEBB021;"'2019-08-01 18:00'";8;80;10;5;-;moderate
DEBB021;"'2019-08-01 19:00'";10;79;11;6;-;moderate
DEBB021;"'2019-08-01 20:00'";9;82;8;6;-;moderate
DEBB021;"'2019-08-01 21:00'";8;76;8;6;-;moderate
DEBB021;"'2019-08-01 22:00'";9;69;11;5;-;good
DEBB021;"'2019-08-01 23:00'";8;62;13;6;-;good
DEBB021;"'2019-08-01 24:00'";8;52;17;7;-;good
DEBB021;"'2019-08-02 01:00'";9;45;18;7;-;good
DEBB021;"'2019-08-02 02:00'";11;33;19;9;-;good
DEBB021;"'2019-08-02 03:00'";11;28;19;9;-;good
DEBB021;"'2019-08-02 04:00'";12;20;19;9;-;good
DEBB021;"'2019-08-02 05:00'";12;14;20;9;-;good
DEBB021;"'2019-08-02 06:00'";12;12;23;10;-;good
DEBB021;"'2019-08-02 07:00'";13;17;28;10;-;good
DEBB021;"'2019-08-02 08:00'";12;31;22;9;-;good
DEBB021;"'2019-08-02 09:00'";10;44;21;7;-;good
DEBB021;"'2019-08-02 10:00'";12;-;21;7;-;good
DEBB021;"'2019-08-02 11:00'";12;-;16;7;1;good
DEBB021;"'2019-08-02 12:00'";14;-;13;8;1;good
DEBB021;"'2019-08-02 13:00'";14;89;10;8;1;moderate
DEBB021;"'2019-08-02 14:00'";12;99;9;7;1;moderate
DEBB021;"'2019-08-02 15:00'";12;100;8;7;1;moderate
DEBB021;"'2019-08-02 16:00'";13;86;19;9;1;moderate
DEBB021;"'2019-08-02 17:00'";10;82;14;7;1;moderate
DEBB021;"'2019-08-02 18:00'";8;85;8;6;1;moderate
DEBB021;"'2019-08-02 19:00'";5;84;7;4;1;moderate
DEBB021;"'2019-08-02 20:00'";6;77;12;4;1;moderate
DEBB021;"'2019-08-02 21:00'";7;62;16;6;1;good
DEBB021;"'2019-08-02 22:00'";9;41;23;7;1;good
DEBB021;"'2019-08-02 23:00'";11;26;32;9;1;moderate
DEBB021;"'2019-08-02 24:00'";14;15;28;11;1;good
DEBB021;"'2019-08-03 01:00'";15;13;23;12;1;good
DEBB021;"'2019-08-03 02:00'";16;20;18;12;1;good
DEBB021;"'2019-08-03 03:00'";17;21;15;13;1;good
DEBB021;"'2019-08-03 04:00'";17;15;15;14;1;good
DEBB021;"'2019-08-03 05:00'";17;20;14;14;1;good
DEBB021;"'2019-08-03 06:00'";17;20;13;13;1;good
DEBB021;"'2019-08-03 07:00'";16;19;16;12;1;good
DEBB021;"'2019-08-03 08:00'";11;43;12;8;1;good
DEBB021;"'2019-08-03 09:00'";10;42;12;8;1;good
DEBB021;"'2019-08-03 10:00'";9;47;12;7;1;good
DEBB021;"'2019-08-03 11:00'";7;62;9;5;1;good
DEBB021;"'2019-08-03 12:00'";7;78;6;5;1;moderate
DEBB021;"'2019-08-03 13:00'";7;86;4;4;1;moderate
DEBB021;"'2019-08-03 14:00'";7;89;7;4;1;moderate
DEBB021;"'2019-08-03 15:00'";6;93;3;4;1;moderate
DEBB021;"'2019-08-03 16:00'";5;92;3;3;1;moderate
DEBB021;"'2019-08-03 17:00'";6;90;2;3;1;moderate
DEBB021;"'2019-08-03 18:00'";6;85;5;3;1;moderate
DEBB021;"'2019-08-03 19:00'";5;76;7;3;1;moderate
DEBB021;"'2019-08-03 20:00'";6;75;7;4;1;moderate
DEBB021;"'2019-08-03 21:00'";6;71;6;4;1;good
DEBB021;"'2019-08-03 22:00'";7;63;9;5;1;good
DEBB021;"'2019-08-03 23:00'";10;47;17;8;1;good
DEBB021;"'2019-08-03 24:00'";12;47;17;9;1;good
DEBB021;"'2019-08-04 01:00'";10;40;15;8;1;good
DEBB021;"'2019-08-04 02:00'";10;37;13;8;1;good
DEBB021;"'2019-08-04 03:00'";12;29;17;9;1;good
DEBB021;"'2019-08-04 04:00'";10;26;16;8;1;good
DEBB021;"'2019-08-04 05:00'";9;39;11;7;1;good
DEBB021;"'2019-08-04 06:00'";9;43;9;6;1;good
DEBB021;"'2019-08-04 07:00'";10;46;7;8;1;good
DEBB021;"'2019-08-04 08:00'";12;43;6;9;1;good
DEBB021;"'2019-08-04 09:00'";13;44;5;10;1;good
DEBB021;"'2019-08-04 10:00'";13;47;3;10;1;good
DEBB021;"'2019-08-04 11:00'";8;60;2;6;1;good
DEBB021;"'2019-08-04 12:00'";7;72;2;4;1;good
DEBB021;"'2019-08-04 13:00'";8;78;2;5;1;moderate
DEBB021;"'2019-08-04 14:00'";8;81;2;5;1;moderate
DEBB021;"'2019-08-04 15:00'";8;84;2;5;1;moderate
DEBB021;"'2019-08-04 16:00'";7;84;2;5;1;moderate
DEBB021;"'2019-08-04 17:00'";6;86;2;4;1;moderate
DEBB021;"'2019-08-04 18:00'";6;86;2;4;1;moderate
DEBB021;"'2019-08-04 19:00'";8;83;2;5;1;moderate
DEBB021;"'2019-08-04 20:00'";8;81;2;5;1;moderate
DEBB021;"'2019-08-04 21:00'";7;76;5;4;1;moderate
DEBB021;"'2019-08-04 22:00'";9;67;9;4;1;good
DEBB021;"'2019-08-04 23:00'";8;57;10;5;1;good
DEBB021;"'2019-08-04 24:00'";11;44;14;7;1;good
DEBB021;"'2019-08-05 01:00'";11;29;17;8;1;good
DEBB021;"'2019-08-05 02:00'";11;20;19;8;1;good
DEBB021;"'2019-08-05 03:00'";10;23;16;7;1;good
DEBB021;"'2019-08-05 04:00'";10;32;11;7;1;good
DEBB021;"'2019-08-05 05:00'";10;22;13;7;1;good
DEBB021;"'2019-08-05 06:00'";11;11;24;8;1;good
DEBB021;"'2019-08-05 07:00'";12;8;31;8;1;moderate
DEBB021;"'2019-08-05 08:00'";13;13;38;8;1;moderate
DEBB021;"'2019-08-05 09:00'";15;27;31;7;1;moderate
DEBB021;"'2019-08-05 10:00'";13;43;22;6;1;good
DEBB021;"'2019-08-05 11:00'";11;62;13;5;1;good
DEBB021;"'2019-08-05 12:00'";12;66;12;5;1;good
DEBB021;"'2019-08-05 13:00'";17;70;10;6;1;good
DEBB021;"'2019-08-05 14:00'";13;77;13;6;1;moderate
DEBB021;"'2019-08-05 15:00'";15;84;12;7;1;moderate
DEBB021;"'2019-08-05 16:00'";14;83;13;7;1;moderate
DEBB021;"'2019-08-05 17:00'";17;88;10;7;1;moderate
DEBB021;"'2019-08-05 18:00'";14;87;11;7;1;moderate
DEBB021;"'2019-08-05 19:00'";11;92;12;6;1;moderate
DEBB021;"'2019-08-05 20:00'";13;86;12;8;1;moderate
DEBB021;"'2019-08-05 21:00'";15;77;15;9;1;moderate
DEBB021;"'2019-08-05 22:00'";16;67;21;10;1;good
DEBB021;"'2019-08-05 23:00'";18;58;21;12;1;good
DEBB021;"'2019-08-05 24:00'";17;60;16;13;1;good
DEBB021;"'2019-08-06 01:00'";16;63;14;12;1;good
DEBB021;"'2019-08-06 02:00'";16;64;12;12;1;good
DEBB021;"'2019-08-06 03:00'";17;59;15;13;1;good
DEBB021;"'2019-08-06 04:00'";17;49;14;13;1;good
DEBB021;"'2019-08-06 05:00'";18;41;17;14;1;good
DEBB021;"'2019-08-06 06:00'";18;39;20;14;1;good
DEBB021;"'2019-08-06 07:00'";19;41;27;15;1;good
DEBB021;"'2019-08-06 08:00'";20;50;22;14;1;good
DEBB021;"'2019-08-06 09:00'";21;56;23;13;1;good
DEBB021;"'2019-08-06 10:00'";14;78;12;8;1;moderate
DEBB021;"'2019-08-06 11:00'";15;84;11;6;1;moderate
DEBB021;"'2019-08-06 12:00'";19;97;8;7;1;moderate
DEBB021;"'2019-08-06 13:00'";18;97;10;6;1;moderate
DEBB021;"'2019-08-06 14:00'";19;100;8;6;1;moderate
DEBB021;"'2019-08-06 15:00'";22;102;9;7;1;moderate
DEBB021;"'2019-08-06 16:00'";13;86;10;7;1;moderate
DEBB021;"'2019-08-06 17:00'";17;96;9;9;1;moderate
DEBB021;"'2019-08-06 18:00'";14;103;8;8;1;moderate
DEBB021;"'2019-08-06 19:00'";13;102;8;7;1;moderate
DEBB021;"'2019-08-06 20:00'";12;95;7;7;1;moderate
DEBB021;"'2019-08-06 21:00'";11;89;8;6;1;moderate
DEBB021;"'2019-08-06 22:00'";13;82;10;7;1;moderate
DEBB021;"'2019-08-06 23:00'";17;66;15;10;1;good
DEBB021;"'2019-08-06 24:00'";12;53;20;8;1;good
DEBB021;"'2019-08-07 01:00'";10;52;16;7;1;good
DEBB021;"'2019-08-07 02:00'";10;46;16;8;1;good
DEBB021;"'2019-08-07 03:00'";11;38;16;9;1;good
DEBB021;"'2019-08-07 04:00'";14;44;13;11;1;good
DEBB021;"'2019-08-07 05:00'";13;24;23;10;1;good
DEBB021;"'2019-08-07 06:00'";13;8;31;10;1;moderate
DEBB021;"'2019-08-07 07:00'";16;8;38;11;1;moderate
DEBB021;"'2019-08-07 08:00'";22;12;40;15;1;moderate
DEBB021;"'2019-08-07 09:00'";20;39;29;13;1;good
DEBB021;"'2019-08-07 10:00'";16;61;16;10;1;good
DEBB021;"'2019-08-07 11:00'";24;67;19;10;1;good
DEBB021;"'2019-08-07 12:00'";18;76;12;8;1;moderate
DEBB021;"'2019-08-07 13:00'";17;75;12;8;1;moderate
DEBB021;"'2019-08-07 14:00'";13;71;9;7;1;good
DEBB021;"'2019-08-07 15:00'";13;71;8;6;1;good
DEBB021;"'2019-08-07 16:00'";6;72;7;4;1;good
DEBB021;"'2019-08-07 17:00'";11;76;10;7;1;moderate
DEBB021;"'2019-08-07 18:00'";16;76;11;8;1;moderate
DEBB021;"'2019-08-07 19:00'";15;71;12;8;1;good
DEBB021;"'2019-08-07 20:00'";12;72;11;8;1;good
DEBB021;"'2019-08-07 21:00'";16;74;10;9;1;moderate
DEBB021;"'2019-08-07 22:00'";24;74;13;12;1;moderate
DEBB021;"'2019-08-07 23:00'";20;69;14;13;1;good
DEBB021;"'2019-08-07 24:00'";18;68;12;13;1;good
DEBB021;"'2019-08-08 01:00'";17;63;10;12;1;good
DEBB021;"'2019-08-08 02:00'";18;56;11;13;1;good
DEBB021;"'2019-08-08 03:00'";18;54;10;14;1;good
DEBB021;"'2019-08-08 04:00'";19;49;11;15;1;good
DEBB021;"'2019-08-08 05:00'";17;54;10;13;1;good
DEBB021;"'2019-08-08 06:00'";17;47;14;13;1;good
DEBB021;"'2019-08-08 07:00'";19;42;21;13;1;good
DEBB021;"'2019-08-08 08:00'";20;41;22;12;1;good
DEBB021;"'2019-08-08 09:00'";19;45;20;11;1;good
DEBB021;"'2019-08-08 10:00'";16;58;15;8;1;good
DEBB021;"'2019-08-08 11:00'";16;73;8;7;1;moderate
DEBB021;"'2019-08-08 12:00'";21;78;10;7;1;moderate
DEBB021;"'2019-08-08 13:00'";19;80;8;6;1;moderate
DEBB021;"'2019-08-08 14:00'";17;83;6;4;1;moderate
DEBB021;"'2019-08-08 15:00'";13;85;6;4;1;moderate
DEBB021;"'2019-08-08 16:00'";14;85;6;3;1;moderate
DEBB021;"'2019-08-08 17:00'";12;84;6;3;1;moderate
DEBB021;"'2019-08-08 18:00'";10;91;6;3;1;moderate
DEBB021;"'2019-08-08 19:00'";10;92;7;3;1;moderate
DEBB021;"'2019-08-08 20:00'";10;93;8;4;1;moderate
DEBB021;"'2019-08-08 21:00'";14;85;9;5;1;moderate
DEBB021;"'2019-08-08 22:00'";14;75;8;5;1;moderate
DEBB021;"'2019-08-08 23:00'";14;67;8;5;1;good
DEBB021;"'2019-08-08 24:00'";12;54;13;6;1;good
DEBB021;"'2019-08-09 01:00'";9;55;10;6;1;good
DEBB021;"'2019-08-09 02:00'";10;57;10;6;1;good
DEBB021;"'2019-08-09 03:00'";11;57;11;7;1;good
DEBB021;"'2019-08-09 04:00'";11;54;13;8;1;good
DEBB021;"'2019-08-09 05:00'";11;41;16;8;1;good
DEBB021;"'2019-08-09 06:00'";12;31;24;9;1;good
DEBB021;"'2019-08-09 07:00'";16;13;37;11;1;moderate
DEBB021;"'2019-08-09 08:00'";19;18;38;12;1;moderate
DEBB021;"'2019-08-09 09:00'";21;50;25;12;1;good
DEBB021;"'2019-08-09 10:00'";21;63;19;9;1;good
DEBB021;"'2019-08-09 11:00'";23;82;11;7;1;moderate
DEBB021;"'2019-08-09 12:00'";22;95;9;7;1;moderate
DEBB021;"'2019-08-09 13:00'";22;103;7;7;1;moderate
DEBB021;"'2019-08-09 14:00'";23;100;6;7;1;moderate
DEBB021;"'2019-08-09 15:00'";18;103;5;6;1;moderate
DEBB021;"'2019-08-09 16:00'";20;104;7;6;1;moderate
DEBB021;"'2019-08-09 17:00'";15;103;7;5;1;moderate
DEBB021;"'2019-08-09 18:00'";19;99;7;5;1;moderate
DEBB021;"'2019-08-09 19:00'";21;95;9;5;1;moderate
DEBB021;"'2019-08-09 20:00'";25;87;15;6;1;moderate
DEBB021;"'2019-08-09 21:00'";30;84;14;7;1;moderate
DEBB021;"'2019-08-09 22:00'";15;79;13;7;1;moderate
DEBB021;"'2019-08-09 23:00'";15;74;14;7;1;moderate
DEBB021;"'2019-08-09 24:00'";14;75;11;7;1;moderate
DEBB021;"'2019-08-10 01:00'";12;76;8;7;1;moderate
DEBB021;"'2019-08-10 02:00'";12;71;9;7;1;good
DEBB021;"'2019-08-10 03:00'";13;66;8;8;1;good
DEBB021;"'2019-08-10 04:00'";12;62;9;8;1;good
DEBB021;"'2019-08-10 05:00'";12;65;9;8;1;good
DEBB021;"'2019-08-10 06:00'";10;61;9;8;1;good
DEBB021;"'2019-08-10 07:00'";11;53;15;8;1;good
DEBB021;"'2019-08-10 08:00'";10;57;11;8;1;good
DEBB021;"'2019-08-10 09:00'";8;66;7;6;1;good
DEBB021;"'2019-08-10 10:00'";8;68;6;5;1;good
DEBB021;"'2019-08-10 11:00'";11;70;5;5;1;good
DEBB021;"'2019-08-10 12:00'";10;71;7;4;1;good
DEBB021;"'2019-08-10 13:00'";12;74;6;4;1;moderate
DEBB021;"'2019-08-10 14:00'";16;73;7;4;1;moderate
DEBB021;"'2019-08-10 15:00'";20;73;4;4;1;moderate
DEBB021;"'2019-08-10 16:00'";15;71;5;4;1;good
DEBB021;"'2019-08-10 17:00'";11;72;3;4;1;good
DEBB021;"'2019-08-10 18:00'";11;70;4;4;1;good
DEBB021;"'2019-08-10 19:00'";9;71;5;3;1;good
DEBB021;"'2019-08-10 20:00'";9;72;2;4;1;good
DEBB021;"'2019-08-10 21:00'";11;69;5;5;1;good
DEBB021;"'2019-08-10 22:00'";14;66;6;5;1;good
DEBB021;"'2019-08-10 23:00'";12;64;5;5;1;good
DEBB021;"'2019-08-10 24:00'";13;63;6;6;1;good
DEBB021;"'2019-08-11 01:00'";9;65;5;5;1;good
DEBB021;"'2019-08-11 02:00'";9;64;5;5;1;good
DEBB021;"'2019-08-11 03:00'";9;62;5;5;1;good
DEBB021;"'2019-08-11 04:00'";8;61;5;5;1;good
DEBB021;"'2019-08-11 05:00'";8;60;5;5;1;good
DEBB021;"'2019-08-11 06:00'";9;59;5;5;1;good
DEBB021;"'2019-08-11 07:00'";9;57;5;5;1;good
DEBB021;"'2019-08-11 08:00'";9;60;5;5;1;good
DEBB021;"'2019-08-11 09:00'";10;65;4;5;1;good
DEBB021;"'2019-08-11 10:00'";11;73;4;5;1;moderate
DEBB021;"'2019-08-11 11:00'";13;77;5;5;1;moderate
DEBB021;"'2019-08-11 12:00'";14;81;7;5;1;moderate
DEBB021;"'2019-08-11 13:00'";11;86;2;4;1;moderate
DEBB021;"'2019-08-11 14:00'";13;85;5;4;1;moderate
DEBB021;"'2019-08-11 15:00'";16;88;5;4;1;moderate
DEBB021;"'2019-08-11 16:00'";10;95;5;4;1;moderate
DEBB021;"'2019-08-11 17:00'";10;95;5;4;1;moderate
DEBB021;"'2019-08-11 18:00'";14;95;5;4;1;moderate
DEBB021;"'2019-08-11 19:00'";12;95;8;4;1;moderate
DEBB021;"'2019-08-11 20:00'";16;91;7;5;1;moderate
DEBB021;"'2019-08-11 21:00'";26;77;11;7;1;moderate
DEBB021;"'2019-08-11 22:00'";15;71;15;5;1;good
DEBB021;"'2019-08-11 23:00'";24;71;9;6;1;good
DEBB021;"'2019-08-11 24:00'";14;71;10;5;1;good
DEBB021;"'2019-08-12 01:00'";16;72;8;6;1;good
DEBB021;"'2019-08-12 02:00'";13;64;8;6;1;good
DEBB021;"'2019-08-12 03:00'";10;74;5;6;1;moderate
DEBB021;"'2019-08-12 04:00'";9;77;5;6;1;moderate
DEBB021;"'2019-08-12 05:00'";7;78;5;5;1;moderate
DEBB021;"'2019-08-12 06:00'";7;76;6;5;1;moderate
DEBB021;"'2019-08-12 07:00'";8;72;10;5;1;good
DEBB021;"'2019-08-12 08:00'";8;70;16;5;1;good
DEBB021;"'2019-08-12 09:00'";9;73;15;5;1;moderate
DEBB021;"'2019-08-12 10:00'";9;70;10;5;1;good
DEBB021;"'2019-08-12 11:00'";13;71;8;6;1;good
DEBB021;"'2019-08-12 12:00'";13;76;7;7;1;moderate
DEBB021;"'2019-08-12 13:00'";12;79;5;6;1;moderate
DEBB021;"'2019-08-12 14:00'";11;80;6;6;1;moderate
DEBB021;"'2019-08-12 15:00'";12;72;21;5;2;good
DEBB021;"'2019-08-12 16:00'";16;79;9;5;1;moderate
DEBB021;"'2019-08-12 17:00'";21;81;7;5;1;moderate
DEBB021;"'2019-08-12 18:00'";21;75;12;5;1;moderate
DEBB021;"'2019-08-12 19:00'";14;77;7;5;1;moderate
DEBB021;"'2019-08-12 20:00'";16;79;7;5;1;moderate
DEBB021;"'2019-08-12 21:00'";22;78;8;6;1;moderate
DEBB021;"'2019-08-12 22:00'";15;74;8;5;1;moderate
DEBB021;"'2019-08-12 23:00'";13;68;8;6;1;good
DEBB021;"'2019-08-12 24:00'";14;67;8;6;1;good
DEBB021;"'2019-08-13 01:00'";12;67;7;5;1;good
DEBB021;"'2019-08-13 02:00'";10;67;7;5;1;good
DEBB021;"'2019-08-13 03:00'";9;69;6;5;1;good
DEBB021;"'2019-08-13 04:00'";5;75;5;4;1;moderate
DEBB021;"'2019-08-13 05:00'";5;68;6;4;1;good
DEBB021;"'2019-08-13 06:00'";6;60;10;4;1;good
DEBB021;"'2019-08-13 07:00'";8;50;16;6;1;good
DEBB021;"'2019-08-13 08:00'";8;52;12;6;1;good
DEBB021;"'2019-08-13 09:00'";7;64;9;5;1;good
DEBB021;"'2019-08-13 10:00'";6;72;7;3;1;good
DEBB021;"'2019-08-13 11:00'";7;75;6;3;1;moderate
DEBB021;"'2019-08-13 12:00'";10;75;6;4;1;moderate
DEBB021;"'2019-08-13 13:00'";12;74;7;4;1;moderate
DEBB021;"'2019-08-13 14:00'";15;73;7;5;1;moderate
DEBB021;"'2019-08-13 15:00'";20;77;6;5;1;moderate
DEBB021;"'2019-08-13 16:00'";16;81;5;4;1;moderate
DEBB021;"'2019-08-13 17:00'";11;84;5;3;1;moderate
DEBB021;"'2019-08-13 18:00'";8;88;5;3;1;moderate
DEBB021;"'2019-08-13 19:00'";7;94;4;3;1;moderate
DEBB021;"'2019-08-13 20:00'";8;92;6;4;1;moderate
DEBB021;"'2019-08-13 21:00'";10;87;6;4;1;moderate
DEBB021;"'2019-08-13 22:00'";9;80;6;5;1;moderate
DEBB021;"'2019-08-13 23:00'";11;75;8;6;1;moderate
DEBB021;"'2019-08-13 24:00'";7;74;6;4;1;moderate
DEBB021;"'2019-08-14 01:00'";6;66;8;4;1;good
DEBB021;"'2019-08-14 02:00'";6;65;9;4;1;good
DEBB021;"'2019-08-14 03:00'";7;61;9;4;1;good
DEBB021;"'2019-08-14 04:00'";8;55;11;5;1;good
DEBB021;"'2019-08-14 05:00'";7;53;11;4;1;good
DEBB021;"'2019-08-14 06:00'";7;50;15;5;1;good
DEBB021;"'2019-08-14 07:00'";10;49;17;5;1;good
DEBB021;"'2019-08-14 08:00'";12;47;19;6;1;good
DEBB021;"'2019-08-14 09:00'";13;55;11;9;3;good
DEBB021;"'2019-08-14 10:00'";14;61;8;10;1;good
DEBB021;"'2019-08-14 11:00'";14;70;7;9;1;good
DEBB021;"'2019-08-14 12:00'";11;78;5;6;1;moderate
DEBB021;"'2019-08-14 13:00'";11;82;4;4;1;moderate
DEBB021;"'2019-08-14 14:00'";11;86;3;4;1;moderate
DEBB021;"'2019-08-14 15:00'";21;89;4;5;1;moderate
DEBB021;"'2019-08-14 16:00'";12;91;3;4;1;moderate
DEBB021;"'2019-08-14 17:00'";9;93;5;3;1;moderate
DEBB021;"'2019-08-14 18:00'";14;95;5;3;1;moderate
DEBB021;"'2019-08-14 19:00'";8;99;4;3;1;moderate
DEBB021;"'2019-08-14 20:00'";10;97;6;4;1;moderate
DEBB021;"'2019-08-14 21:00'";29;85;10;8;1;moderate
DEBB021;"'2019-08-14 22:00'";27;62;22;7;1;good
DEBB021;"'2019-08-14 23:00'";25;58;22;8;1;good
DEBB021;"'2019-08-14 24:00'";18;55;19;7;1;good
DEBB021;"'2019-08-15 01:00'";16;42;30;7;1;good
DEBB021;"'2019-08-15 02:00'";12;37;33;7;1;moderate
DEBB021;"'2019-08-15 03:00'";11;33;34;6;1;moderate
DEBB021;"'2019-08-15 04:00'";9;44;22;6;1;good
DEBB021;"'2019-08-15 05:00'";10;47;20;6;1;good
DEBB021;"'2019-08-15 06:00'";11;45;22;6;1;good
DEBB021;"'2019-08-15 07:00'";19;32;39;7;1;moderate
DEBB021;"'2019-08-15 08:00'";36;36;35;8;1;moderate
DEBB021;"'2019-08-15 09:00'";48;43;25;8;1;moderate
DEBB021;"'2019-08-15 10:00'";31;50;20;7;1;moderate
DEBB021;"'2019-08-15 11:00'";25;54;16;5;1;good
DEBB021;"'2019-08-15 12:00'";19;52;19;5;1;good
DEBB021;"'2019-08-15 13:00'";24;59;15;5;1;good
DEBB021;"'2019-08-15 14:00'";28;73;12;5;1;moderate
DEBB021;"'2019-08-15 15:00'";33;73;11;4;1;moderate
DEBB021;"'2019-08-15 16:00'";21;72;12;4;1;good
DEBB021;"'2019-08-15 17:00'";20;71;12;4;1;good
DEBB021;"'2019-08-15 18:00'";17;74;11;5;1;moderate
DEBB021;"'2019-08-15 19:00'";18;73;13;5;1;moderate
DEBB021;"'2019-08-15 20:00'";14;71;12;5;1;good
DEBB021;"'2019-08-15 21:00'";7;64;7;3;1;good
DEBB021;"'2019-08-15 22:00'";9;58;9;4;1;good
DEBB021;"'2019-08-15 23:00'";7;58;8;4;1;good
DEBB021;"'2019-08-15 24:00'";6;58;6;4;1;good
DEBB021;"'2019-08-16 01:00'";7;49;7;5;1;good
DEBB021;"'2019-08-16 02:00'";7;41;8;6;1;good
DEBB021;"'2019-08-16 03:00'";8;36;9;6;1;good
DEBB021;"'2019-08-16 04:00'";8;33;11;7;1;good
DEBB021;"'2019-08-16 05:00'";9;31;10;7;1;good
DEBB021;"'2019-08-16 06:00'";9;29;11;7;1;good
DEBB021;"'2019-08-16 07:00'";10;30;11;7;1;good
DEBB021;"'2019-08-16 08:00'";12;34;10;8;1;good
DEBB021;"'2019-08-16 09:00'";13;38;9;9;1;good
DEBB021;"'2019-08-16 10:00'";12;45;8;8;1;good
DEBB021;"'2019-08-16 11:00'";14;50;7;7;1;good
DEBB021;"'2019-08-16 12:00'";14;60;5;5;1;good
DEBB021;"'2019-08-16 13:00'";12;65;5;4;1;good
DEBB021;"'2019-08-16 14:00'";22;66;6;6;1;good
DEBB021;"'2019-08-16 15:00'";18;69;6;5;1;good
DEBB021;"'2019-08-16 16:00'";19;73;7;5;1;moderate
DEBB021;"'2019-08-16 17:00'";17;77;5;4;1;moderate
DEBB021;"'2019-08-16 18:00'";15;73;6;4;1;moderate
DEBB021;"'2019-08-16 19:00'";11;74;5;4;1;moderate
DEBB021;"'2019-08-16 20:00'";14;72;8;5;1;good
DEBB021;"'2019-08-16 21:00'";40;53;19;8;1;moderate
DEBB021;"'2019-08-16 22:00'";40;26;39;10;1;moderate
DEBB021;"'2019-08-16 23:00'";33;23;39;14;1;moderate
DEBB021;"'2019-08-16 24:00'";22;32;32;12;1;moderate
DEBB021;"'2019-08-17 01:00'";16;48;18;9;1;good
DEBB021;"'2019-08-17 02:00'";17;42;20;10;1;good
DEBB021;"'2019-08-17 03:00'";15;39;21;10;1;good
DEBB021;"'2019-08-17 04:00'";14;49;17;9;1;good
DEBB021;"'2019-08-17 05:00'";13;47;18;9;1;good
DEBB021;"'2019-08-17 06:00'";13;45;17;9;1;good
DEBB021;"'2019-08-17 07:00'";17;44;17;9;1;good
DEBB021;"'2019-08-17 08:00'";16;46;13;9;1;good
DEBB021;"'2019-08-17 09:00'";18;44;12;9;1;good
DEBB021;"'2019-08-17 10:00'";28;42;12;9;1;moderate
DEBB021;"'2019-08-17 11:00'";28;45;14;8;1;moderate
DEBB021;"'2019-08-17 12:00'";26;53;11;7;1;good
DEBB021;"'2019-08-17 13:00'";32;60;12;7;1;moderate
DEBB021;"'2019-08-17 14:00'";28;71;11;6;1;moderate
DEBB021;"'2019-08-17 15:00'";32;82;10;6;1;moderate
DEBB021;"'2019-08-17 16:00'";23;85;8;5;1;moderate
DEBB021;"'2019-08-17 17:00'";19;87;8;4;1;moderate
DEBB021;"'2019-08-17 18:00'";26;84;9;5;1;moderate
DEBB021;"'2019-08-17 19:00'";19;81;8;4;1;moderate
DEBB021;"'2019-08-17 20:00'";11;77;7;3;1;moderate
DEBB021;"'2019-08-17 21:00'";18;72;5;4;1;good
DEBB021;"'2019-08-17 22:00'";12;64;8;4;1;good
DEBB021;"'2019-08-17 23:00'";11;61;7;4;1;good
DEBB021;"'2019-08-17 24:00'";10;60;6;4;1;good
DEBB021;"'2019-08-18 01:00'";11;54;9;5;1;good
DEBB021;"'2019-08-18 02:00'";9;52;10;4;1;good
DEBB021;"'2019-08-18 03:00'";8;51;6;5;1;good
DEBB021;"'2019-08-18 04:00'";6;48;6;4;1;good
DEBB021;"'2019-08-18 05:00'";6;45;5;3;1;good
DEBB021;"'2019-08-18 06:00'";4;45;5;3;1;good
DEBB021;"'2019-08-18 07:00'";5;42;5;4;1;good
DEBB021;"'2019-08-18 08:00'";5;38;5;4;1;good
DEBB021;"'2019-08-18 09:00'";7;33;6;5;1;good
DEBB021;"'2019-08-18 10:00'";7;31;7;6;1;good
DEBB021;"'2019-08-18 11:00'";5;32;7;4;1;good
DEBB021;"'2019-08-18 12:00'";6;34;8;5;1;good
DEBB021;"'2019-08-18 13:00'";7;43;6;6;1;good
DEBB021;"'2019-08-18 14:00'";7;54;6;5;1;good
DEBB021;"'2019-08-18 15:00'";6;62;7;4;1;good
DEBB021;"'2019-08-18 16:00'";2;61;8;2;1;good
DEBB021;"'2019-08-18 17:00'";2;56;6;0.8;1;good
DEBB021;"'2019-08-18 18:00'";3;57;7;2;1;good
DEBB021;"'2019-08-18 19:00'";7;50;6;5;1;good
DEBB021;"'2019-08-18 20:00'";5;39;9;4;1;good
DEBB021;"'2019-08-18 21:00'";4;44;9;3;1;good
DEBB021;"'2019-08-18 22:00'";4;40;9;3;1;good
DEBB021;"'2019-08-18 23:00'";4;32;10;3;1;good
DEBB021;"'2019-08-18 24:00'";5;29;9;3;1;good
DEBB021;"'2019-08-19 01:00'";5;35;6;4;1;good
DEBB021;"'2019-08-19 02:00'";6;36;6;5;1;good
DEBB021;"'2019-08-19 03:00'";8;31;7;6;1;good
DEBB021;"'2019-08-19 04:00'";9;26;9;7;1;good
DEBB021;"'2019-08-19 05:00'";9;28;9;7;1;good
DEBB021;"'2019-08-19 06:00'";10;22;13;7;1;good
DEBB021;"'2019-08-19 07:00'";12;14;22;9;1;good
DEBB021;"'2019-08-19 08:00'";13;14;21;10;1;good
DEBB021;"'2019-08-19 09:00'";15;19;16;10;1;good
DEBB021;"'2019-08-19 10:00'";14;29;14;11;1;good
DEBB021;"'2019-08-19 11:00'";14;39;10;10;1;good
DEBB021;"'2019-08-19 12:00'";12;59;6;8;1;good
DEBB021;"'2019-08-19 13:00'";-;72;5;-;1;good
DEBB021;"'2019-08-19 14:00'";-;79;4;-;1;moderate
DEBB021;"'2019-08-19 15:00'";-;83;3;-;1;moderate
DEBB021;"'2019-08-19 16:00'";-;84;5;-;1;moderate
DEBB021;"'2019-08-19 17:00'";-;85;4;-;1;moderate
DEBB021;"'2019-08-19 18:00'";-;83;5;-;1;moderate
DEBB021;"'2019-08-19 19:00'";-;80;5;-;1;moderate
DEBB021;"'2019-08-19 20:00'";-;77;7;-;1;moderate
DEBB021;"'2019-08-19 21:00'";-;63;14;-;1;good
DEBB021;"'2019-08-19 22:00'";-;37;29;-;1;good
DEBB021;"'2019-08-19 23:00'";-;21;36;-;1;moderate
DEBB021;"'2019-08-19 24:00'";-;19;32;-;1;moderate
DEBB021;"'2019-08-20 01:00'";-;33;17;-;1;good
DEBB021;"'2019-08-20 02:00'";-;24;19;-;1;good
DEBB021;"'2019-08-20 03:00'";-;22;20;-;1;good
DEBB021;"'2019-08-20 04:00'";-;25;19;-;1;good
DEBB021;"'2019-08-20 05:00'";-;12;22;-;1;good
DEBB021;"'2019-08-20 06:00'";-;5;30;-;1;good
DEBB021;"'2019-08-20 07:00'";-;2;33;-;1;moderate
DEBB021;"'2019-08-20 08:00'";-;4;38;-;1;moderate
DEBB021;"'2019-08-20 09:00'";-;11;47;-;1;moderate
DEBB021;"'2019-08-20 10:00'";-;54;20;-;1;good
DEBB021;"'2019-08-20 11:00'";14;67;11;6;1;good
DEBB021;"'2019-08-20 12:00'";15;76;8;6;1;moderate
DEBB021;"'2019-08-20 13:00'";15;79;9;5;1;moderate
DEBB021;"'2019-08-20 14:00'";14;91;7;5;1;moderate
DEBB021;"'2019-08-20 15:00'";15;94;7;5;1;moderate
DEBB021;"'2019-08-20 16:00'";15;98;8;5;1;moderate
DEBB021;"'2019-08-20 17:00'";16;97;11;6;1;moderate
DEBB021;"'2019-08-20 18:00'";19;96;10;6;1;moderate
DEBB021;"'2019-08-20 19:00'";15;92;12;6;1;moderate
DEBB021;"'2019-08-20 20:00'";19;77;21;8;1;moderate
DEBB021;"'2019-08-20 21:00'";17;71;15;7;1;good
DEBB021;"'2019-08-20 22:00'";14;71;11;5;1;good
DEBB021;"'2019-08-20 23:00'";14;65;12;6;1;good
DEBB021;"'2019-08-20 24:00'";13;59;11;6;1;good
DEBB021;"'2019-08-21 01:00'";11;65;8;6;1;good
DEBB021;"'2019-08-21 02:00'";9;59;8;5;1;good
DEBB021;"'2019-08-21 03:00'";9;55;9;5;1;good
DEBB021;"'2019-08-21 04:00'";9;37;13;6;1;good
DEBB021;"'2019-08-21 05:00'";10;37;14;7;1;good
DEBB021;"'2019-08-21 06:00'";13;32;20;9;1;good
DEBB021;"'2019-08-21 07:00'";16;27;25;10;1;good
DEBB021;"'2019-08-21 08:00'";15;38;22;10;1;good
DEBB021;"'2019-08-21 09:00'";13;58;12;9;1;good
DEBB021;"'2019-08-21 10:00'";14;66;8;9;1;good
DEBB021;"'2019-08-21 11:00'";13;75;7;7;1;moderate
DEBB021;"'2019-08-21 12:00'";13;89;4;7;1;moderate
DEBB021;"'2019-08-21 13:00'";14;93;5;7;1;moderate
DEBB021;"'2019-08-21 14:00'";13;98;4;6;1;moderate
DEBB021;"'2019-08-21 15:00'";13;101;4;5;1;moderate
DEBB021;"'2019-08-21 16:00'";11;103;5;5;1;moderate
DEBB021;"'2019-08-21 17:00'";11;104;5;4;1;moderate
DEBB021;"'2019-08-21 18:00'";9;104;3;4;1;moderate
DEBB021;"'2019-08-21 19:00'";11;103;5;5;1;moderate
DEBB021;"'2019-08-21 20:00'";12;97;6;4;1;moderate
DEBB021;"'2019-08-21 21:00'";15;81;13;6;1;moderate
DEBB021;"'2019-08-21 22:00'";18;64;14;8;1;good
DEBB021;"'2019-08-21 23:00'";17;45;21;8;1;good
DEBB021;"'2019-08-21 24:00'";11;26;32;7;1;moderate
DEBB021;"'2019-08-22 01:00'";15;16;39;11;1;moderate
DEBB021;"'2019-08-22 02:00'";15;13;34;10;1;moderate
DEBB021;"'2019-08-22 03:00'";13;14;28;9;1;good
DEBB021;"'2019-08-22 04:00'";11;15;24;8;1;good
DEBB021;"'2019-08-22 05:00'";12;7;33;9;1;moderate
DEBB021;"'2019-08-22 06:00'";15;6;35;10;1;moderate
DEBB021;"'2019-08-22 07:00'";16;3;43;10;1;moderate
DEBB021;"'2019-08-22 08:00'";21;6;52;13;1;moderate
DEBB021;"'2019-08-22 09:00'";23;18;56;11;2;moderate
DEBB021;"'2019-08-22 10:00'";24;40;48;9;5;moderate
DEBB021;"'2019-08-22 11:00'";23;69;27;7;1;good
DEBB021;"'2019-08-22 12:00'";21;97;12;6;1;moderate
DEBB021;"'2019-08-22 13:00'";21;109;8;7;1;moderate
DEBB021;"'2019-08-22 14:00'";20;116;7;8;1;moderate
DEBB021;"'2019-08-22 15:00'";30;122;7;7;2;moderate
DEBB021;"'2019-08-22 16:00'";22;122;7;7;1;moderate
DEBB021;"'2019-08-22 17:00'";21;116;11;6;1;moderate
DEBB021;"'2019-08-22 18:00'";16;117;6;5;1;moderate
DEBB021;"'2019-08-22 19:00'";17;111;11;6;1;moderate
DEBB021;"'2019-08-22 20:00'";16;109;10;6;1;moderate
DEBB021;"'2019-08-22 21:00'";28;83;22;9;1;moderate
DEBB021;"'2019-08-22 22:00'";23;60;35;11;1;moderate
DEBB021;"'2019-08-22 23:00'";19;60;30;11;1;good
DEBB021;"'2019-08-22 24:00'";15;64;23;10;1;good
DEBB021;"'2019-08-23 01:00'";16;62;24;11;1;good
DEBB021;"'2019-08-23 02:00'";18;61;18;13;1;good
DEBB021;"'2019-08-23 03:00'";20;55;19;15;1;good
DEBB021;"'2019-08-23 04:00'";22;54;17;17;1;moderate
DEBB021;"'2019-08-23 05:00'";24;46;18;19;1;moderate
DEBB021;"'2019-08-23 06:00'";27;30;25;22;1;moderate
DEBB021;"'2019-08-23 07:00'";33;14;46;23;1;moderate
DEBB021;"'2019-08-23 08:00'";34;11;60;22;2;moderate
DEBB021;"'2019-08-23 09:00'";35;30;46;22;2;moderate
DEBB021;"'2019-08-23 10:00'";37;44;35;16;1;moderate
DEBB021;"'2019-08-23 11:00'";30;68;22;12;1;moderate
DEBB021;"'2019-08-23 12:00'";31;89;12;11;1;moderate
DEBB021;"'2019-08-23 13:00'";31;103;8;9;2;moderate
DEBB021;"'2019-08-23 14:00'";27;109;8;8;2;moderate
DEBB021;"'2019-08-23 15:00'";26;115;7;8;1;moderate
DEBB021;"'2019-08-23 16:00'";18;122;7;7;1;moderate
DEBB021;"'2019-08-23 17:00'";17;121;6;6;1;moderate
DEBB021;"'2019-08-23 18:00'";16;122;6;6;1;moderate
DEBB021;"'2019-08-23 19:00'";16;124;8;7;1;moderate
DEBB021;"'2019-08-23 20:00'";26;118;14;10;1;moderate
DEBB021;"'2019-08-23 21:00'";33;95;25;15;1;moderate
DEBB021;"'2019-08-23 22:00'";33;78;24;16;1;moderate
DEBB021;"'2019-08-23 23:00'";45;51;33;20;1;moderate
DEBB021;"'2019-08-23 24:00'";44;39;43;22;1;moderate
DEBB021;"'2019-08-24 01:00'";35;45;34;22;1;moderate
DEBB021;"'2019-08-24 02:00'";30;38;33;22;1;moderate
DEBB021;"'2019-08-24 03:00'";29;42;29;22;1;moderate
DEBB021;"'2019-08-24 04:00'";30;48;23;22;1;moderate
DEBB021;"'2019-08-24 05:00'";29;46;20;21;1;moderate
DEBB021;"'2019-08-24 06:00'";28;36;24;22;1;moderate
DEBB021;"'2019-08-24 07:00'";32;31;26;22;1;moderate
DEBB021;"'2019-08-24 08:00'";34;33;28;22;1;moderate
DEBB021;"'2019-08-24 09:00'";32;54;23;21;1;moderate
DEBB021;"'2019-08-24 10:00'";24;82;16;14;2;moderate
DEBB021;"'2019-08-24 11:00'";21;103;11;11;1;moderate
DEBB021;"'2019-08-24 12:00'";23;111;7;10;1;moderate
DEBB021;"'2019-08-24 13:00'";27;106;7;11;1;moderate
DEBB021;"'2019-08-24 14:00'";28;106;9;11;1;moderate
DEBB021;"'2019-08-24 15:00'";31;111;7;10;1;moderate
DEBB021;"'2019-08-24 16:00'";23;114;6;10;1;moderate
DEBB021;"'2019-08-24 17:00'";25;113;6;9;1;moderate
DEBB021;"'2019-08-24 18:00'";21;112;5;9;1;moderate
DEBB021;"'2019-08-24 19:00'";20;111;7;8;1;moderate
DEBB021;"'2019-08-24 20:00'";29;111;8;9;1;moderate
DEBB021;"'2019-08-24 21:00'";33;104;11;10;1;moderate
DEBB021;"'2019-08-24 22:00'";28;84;23;11;1;moderate
DEBB021;"'2019-08-24 23:00'";39;82;24;20;2;moderate
DEBB021;"'2019-08-24 24:00'";27;85;17;13;1;moderate
DEBB021;"'2019-08-25 01:00'";29;83;13;13;1;moderate
DEBB021;"'2019-08-25 02:00'";27;85;12;12;1;moderate
DEBB021;"'2019-08-25 03:00'";20;86;10;11;1;moderate
DEBB021;"'2019-08-25 04:00'";20;86;8;11;1;moderate
DEBB021;"'2019-08-25 05:00'";19;81;8;11;1;moderate
DEBB021;"'2019-08-25 06:00'";19;77;8;11;1;moderate
DEBB021;"'2019-08-25 07:00'";21;73;9;11;1;moderate
DEBB021;"'2019-08-25 08:00'";23;68;9;12;1;good
DEBB021;"'2019-08-25 09:00'";20;68;11;12;2;good
DEBB021;"'2019-08-25 10:00'";22;76;10;11;3;moderate
DEBB021;"'2019-08-25 11:00'";22;90;8;10;1;moderate
DEBB021;"'2019-08-25 12:00'";24;99;7;9;2;moderate
DEBB021;"'2019-08-25 13:00'";23;103;5;8;3;moderate
DEBB021;"'2019-08-25 14:00'";25;107;5;8;1;moderate
DEBB021;"'2019-08-25 15:00'";29;108;5;8;1;moderate
DEBB021;"'2019-08-25 16:00'";30;113;4;8;1;moderate
DEBB021;"'2019-08-25 17:00'";21;116;5;8;1;moderate
DEBB021;"'2019-08-25 18:00'";32;115;6;8;1;moderate
DEBB021;"'2019-08-25 19:00'";23;116;7;8;1;moderate
DEBB021;"'2019-08-25 20:00'";23;107;7;8;1;moderate
DEBB021;"'2019-08-25 21:00'";22;99;10;9;1;moderate
DEBB021;"'2019-08-25 22:00'";18;92;11;9;1;moderate
DEBB021;"'2019-08-25 23:00'";19;89;11;10;1;moderate
DEBB021;"'2019-08-25 24:00'";19;86;9;10;1;moderate
DEBB021;"'2019-08-26 01:00'";19;84;9;11;1;moderate
DEBB021;"'2019-08-26 02:00'";18;81;10;11;1;moderate
DEBB021;"'2019-08-26 03:00'";19;78;10;11;1;moderate
DEBB021;"'2019-08-26 04:00'";19;72;9;12;1;good
DEBB021;"'2019-08-26 05:00'";20;62;15;12;1;good
DEBB021;"'2019-08-26 06:00'";22;51;23;13;1;good
DEBB021;"'2019-08-26 07:00'";31;38;39;14;1;moderate
DEBB021;"'2019-08-26 08:00'";86;26;54;19;1;poor
DEBB021;"'2019-08-26 09:00'";48;26;55;15;1;moderate
DEBB021;"'2019-08-26 10:00'";34;41;42;14;1;moderate
DEBB021;"'2019-08-26 11:00'";39;51;36;13;1;moderate
DEBB021;"'2019-08-26 12:00'";36;64;35;13;1;moderate
DEBB021;"'2019-08-26 13:00'";40;96;24;12;1;moderate
DEBB021;"'2019-08-26 14:00'";36;119;13;12;1;moderate
DEBB021;"'2019-08-26 15:00'";37;123;9;11;1;moderate
DEBB021;"'2019-08-26 16:00'";33;132;10;11;1;moderate
DEBB021;"'2019-08-26 17:00'";29;135;10;11;1;moderate
DEBB021;"'2019-08-26 18:00'";32;139;11;13;1;moderate
DEBB021;"'2019-08-26 19:00'";36;109;24;18;1;moderate
DEBB021;"'2019-08-26 20:00'";39;98;20;14;1;moderate
DEBB021;"'2019-08-26 21:00'";29;102;8;12;1;moderate
DEBB021;"'2019-08-26 22:00'";22;79;12;13;1;moderate
DEBB021;"'2019-08-26 23:00'";19;74;10;13;1;moderate
DEBB021;"'2019-08-26 24:00'";20;59;11;14;1;good
DEBB021;"'2019-08-27 01:00'";22;46;15;15;1;good
DEBB021;"'2019-08-27 02:00'";24;32;21;18;1;moderate
DEBB021;"'2019-08-27 03:00'";25;31;22;19;1;moderate
DEBB021;"'2019-08-27 04:00'";26;22;24;19;1;moderate
DEBB021;"'2019-08-27 05:00'";26;26;21;20;1;moderate
DEBB021;"'2019-08-27 06:00'";27;33;23;20;1;moderate
DEBB021;"'2019-08-27 07:00'";32;22;33;21;1;moderate
DEBB021;"'2019-08-27 08:00'";36;11;52;22;1;moderate
DEBB021;"'2019-08-27 09:00'";35;18;47;21;1;moderate
DEBB021;"'2019-08-27 10:00'";40;27;38;20;1;moderate
DEBB021;"'2019-08-27 11:00'";36;53;24;16;1;moderate
DEBB021;"'2019-08-27 12:00'";34;75;18;14;1;moderate
DEBB021;"'2019-08-27 13:00'";34;99;10;13;1;moderate
DEBB021;"'2019-08-27 14:00'";33;110;9;11;1;moderate
DEBB021;"'2019-08-27 15:00'";32;113;10;11;1;moderate
DEBB021;"'2019-08-27 16:00'";31;120;9;12;1;moderate
DEBB021;"'2019-08-27 17:00'";33;122;10;12;1;moderate
DEBB021;"'2019-08-27 18:00'";33;119;9;12;1;moderate
DEBB021;"'2019-08-27 19:00'";34;113;15;13;1;moderate
DEBB021;"'2019-08-27 20:00'";35;96;19;15;1;moderate
DEBB021;"'2019-08-27 21:00'";19;85;11;13;1;moderate
DEBB021;"'2019-08-27 22:00'";19;68;13;14;1;good
DEBB021;"'2019-08-27 23:00'";21;49;19;15;1;good
DEBB021;"'2019-08-27 24:00'";24;31;23;17;1;moderate
DEBB021;"'2019-08-28 01:00'";26;33;26;19;1;moderate
DEBB021;"'2019-08-28 02:00'";27;37;22;20;1;moderate
DEBB021;"'2019-08-28 03:00'";28;40;19;21;1;moderate
DEBB021;"'2019-08-28 04:00'";29;46;17;21;1;moderate
DEBB021;"'2019-08-28 05:00'";31;47;18;23;1;moderate
DEBB021;"'2019-08-28 06:00'";33;39;19;24;1;moderate
DEBB021;"'2019-08-28 07:00'";36;25;37;25;1;moderate
DEBB021;"'2019-08-28 08:00'";40;23;39;27;1;moderate
DEBB021;"'2019-08-28 09:00'";36;30;37;24;1;moderate
DEBB021;"'2019-08-28 10:00'";32;48;22;20;1;moderate
DEBB021;"'2019-08-28 11:00'";31;59;19;17;1;moderate
DEBB021;"'2019-08-28 12:00'";29;79;14;16;1;moderate
DEBB021;"'2019-08-28 13:00'";29;93;12;13;1;moderate
DEBB021;"'2019-08-28 14:00'";26;104;8;11;1;moderate
DEBB021;"'2019-08-28 15:00'";28;109;9;10;1;moderate
DEBB021;"'2019-08-28 16:00'";29;110;13;10;1;moderate
DEBB021;"'2019-08-28 17:00'";36;110;23;12;1;moderate
DEBB021;"'2019-08-28 18:00'";47;104;19;12;1;moderate
DEBB021;"'2019-08-28 19:00'";67;111;15;13;1;poor
DEBB021;"'2019-08-28 20:00'";38;113;7;7;1;moderate
DEBB021;"'2019-08-28 21:00'";22;106;10;7;1;moderate
DEBB021;"'2019-08-28 22:00'";27;94;18;12;1;moderate
DEBB021;"'2019-08-28 23:00'";13;86;16;8;1;moderate
DEBB021;"'2019-08-28 24:00'";10;84;11;7;1;moderate
DEBB021;"'2019-08-29 01:00'";11;79;11;8;1;moderate
DEBB021;"'2019-08-29 02:00'";12;61;17;9;1;good
DEBB021;"'2019-08-29 03:00'";13;45;21;10;1;good
DEBB021;"'2019-08-29 04:00'";14;53;16;11;1;good
DEBB021;"'2019-08-29 05:00'";17;34;18;13;1;good
DEBB021;"'2019-08-29 06:00'";20;22;26;14;1;good
DEBB021;"'2019-08-29 07:00'";23;28;27;16;1;moderate
DEBB021;"'2019-08-29 08:00'";36;30;32;22;1;moderate
DEBB021;"'2019-08-29 09:00'";31;54;20;19;1;moderate
DEBB021;"'2019-08-29 10:00'";26;70;16;15;1;good
DEBB021;"'2019-08-29 11:00'";29;86;15;12;1;moderate
DEBB021;"'2019-08-29 12:00'";29;108;10;12;1;moderate
DEBB021;"'2019-08-29 13:00'";27;125;7;11;1;moderate
DEBB021;"'2019-08-29 14:00'";22;134;6;10;1;moderate
DEBB021;"'2019-08-29 15:00'";24;138;7;10;1;moderate
DEBB021;"'2019-08-29 16:00'";25;137;7;11;1;moderate
DEBB021;"'2019-08-29 17:00'";24;135;6;9;1;moderate
DEBB021;"'2019-08-29 18:00'";16;125;6;6;1;moderate
DEBB021;"'2019-08-29 19:00'";21;114;6;5;1;moderate
DEBB021;"'2019-08-29 20:00'";24;108;11;7;1;moderate
DEBB021;"'2019-08-29 21:00'";15;108;9;6;1;moderate
DEBB021;"'2019-08-29 22:00'";14;99;12;7;1;moderate
DEBB021;"'2019-08-29 23:00'";13;93;11;6;1;moderate
DEBB021;"'2019-08-29 24:00'";14;89;9;8;1;moderate
DEBB021;"'2019-08-30 01:00'";14;75;13;8;1;moderate
DEBB021;"'2019-08-30 02:00'";15;68;13;9;1;good
DEBB021;"'2019-08-30 03:00'";14;61;13;9;1;good
DEBB021;"'2019-08-30 04:00'";13;60;13;9;1;good
DEBB021;"'2019-08-30 05:00'";14;53;14;10;1;good
DEBB021;"'2019-08-30 06:00'";14;54;13;10;1;good
DEBB021;"'2019-08-30 07:00'";15;53;15;11;1;good
DEBB021;"'2019-08-30 08:00'";18;46;20;12;1;good
DEBB021;"'2019-08-30 09:00'";22;55;26;13;1;good
DEBB021;"'2019-08-30 10:00'";23;88;18;13;1;moderate
DEBB021;"'2019-08-30 11:00'";24;98;15;12;1;moderate
DEBB021;"'2019-08-30 12:00'";25;106;12;11;1;moderate
DEBB021;"'2019-08-30 13:00'";23;113;7;9;1;moderate
DEBB021;"'2019-08-30 14:00'";21;123;8;9;1;moderate
DEBB021;"'2019-08-30 15:00'";31;134;9;10;1;moderate
DEBB021;"'2019-08-30 16:00'";23;142;8;10;1;moderate
DEBB021;"'2019-08-30 17:00'";29;145;11;11;1;poor
DEBB021;"'2019-08-30 18:00'";26;153;10;10;1;poor
DEBB021;"'2019-08-30 19:00'";28;149;14;11;1;poor
DEBB021;"'2019-08-30 20:00'";37;132;19;12;1;moderate
DEBB021;"'2019-08-30 21:00'";35;121;18;14;1;moderate
DEBB021;"'2019-08-30 22:00'";29;108;17;13;1;moderate
DEBB021;"'2019-08-30 23:00'";37;83;25;13;1;moderate
DEBB021;"'2019-08-30 24:00'";43;85;15;14;1;moderate
DEBB021;"'2019-08-31 01:00'";27;83;16;14;1;moderate
DEBB021;"'2019-08-31 02:00'";29;74;15;14;1;moderate
DEBB021;"'2019-08-31 03:00'";23;68;15;15;1;good
DEBB021;"'2019-08-31 04:00'";24;66;14;16;1;moderate
DEBB021;"'2019-08-31 05:00'";24;61;15;17;1;moderate
DEBB021;"'2019-08-31 06:00'";26;55;17;19;1;moderate
DEBB021;"'2019-08-31 07:00'";29;49;20;20;1;moderate
DEBB021;"'2019-08-31 08:00'";32;48;22;22;1;moderate
DEBB021;"'2019-08-31 09:00'";32;53;21;21;1;moderate
DEBB021;"'2019-08-31 10:00'";38;64;20;16;1;moderate
DEBB021;"'2019-08-31 11:00'";35;85;11;15;1;moderate
DEBB021;"'2019-08-31 12:00'";39;94;9;16;1;moderate
DEBB021;"'2019-08-31 13:00'";43;111;8;14;1;moderate
DEBB021;"'2019-08-31 14:00'";41;126;7;12;1;moderate
DEBB021;"'2019-08-31 15:00'";40;131;7;11;1;moderate
DEBB021;"'2019-08-31 16:00'";38;134;6;10;1;moderate
DEBB021;"'2019-08-31 17:00'";27;129;9;9;1;moderate
DEBB021;"'2019-08-31 18:00'";28;134;17;9;1;moderate
DEBB021;"'2019-08-31 19:00'";17;131;8;8;1;moderate
DEBB021;"'2019-08-31 20:00'";29;120;14;9;1;moderate
DEBB021;"'2019-08-31 21:00'";46;109;15;12;1;moderate
DEBB021;"'2019-08-31 22:00'";37;107;16;12;1;moderate
DEBB021;"'2019-08-31 23:00'";20;113;10;12;1;moderate
DEBB021;"'2019-08-31 24:00'";21;111;8;13;1;moderate
DEBB021;"'2019-09-01 01:00'";23;104;10;14;1;moderate
DEBB021;"'2019-09-01 02:00'";24;98;12;15;1;moderate
DEBB021;"'2019-09-01 03:00'";27;88;12;17;1;moderate
DEBB021;"'2019-09-01 04:00'";32;80;12;19;1;moderate
DEBB021;"'2019-09-01 05:00'";29;75;12;20;1;moderate
DEBB021;"'2019-09-01 06:00'";31;69;12;22;1;moderate
DEBB021;"'2019-09-01 07:00'";32;64;13;22;1;moderate
DEBB021;"'2019-09-01 08:00'";32;56;17;22;1;moderate
DEBB021;"'2019-09-01 09:00'";35;64;17;20;1;moderate
DEBB021;"'2019-09-01 10:00'";25;90;10;15;1;moderate
DEBB021;"'2019-09-01 11:00'";25;105;8;11;1;moderate
DEBB021;"'2019-09-01 12:00'";24;111;7;10;1;moderate
DEBB021;"'2019-09-01 13:00'";27;120;6;10;1;moderate
DEBB021;"'2019-09-01 14:00'";22;114;7;10;1;moderate
DEBB021;"'2019-09-01 15:00'";25;118;6;10;1;moderate
DEBB021;"'2019-09-01 16:00'";28;112;6;10;1;moderate
DEBB021;"'2019-09-01 17:00'";25;108;5;11;1;moderate
DEBB021;"'2019-09-01 18:00'";22;102;6;11;1;moderate
DEBB021;"'2019-09-01 19:00'";18;98;6;10;1;moderate
DEBB021;"'2019-09-01 20:00'";15;84;6;7;1;moderate
DEBB021;"'2019-09-01 21:00'";10;74;4;5;1;moderate
DEBB021;"'2019-09-01 22:00'";11;71;4;6;1;good
DEBB021;"'2019-09-01 23:00'";11;68;3;5;1;good
DEBB021;"'2019-09-01 24:00'";8;70;2;4;1;good
DEBB021;"'2019-09-02 01:00'";6;70;2;3;1;good
DEBB021;"'2019-09-02 02:00'";5;68;2;3;1;good
DEBB021;"'2019-09-02 03:00'";7;64;4;4;1;good
DEBB021;"'2019-09-02 04:00'";7;59;5;5;1;good
DEBB021;"'2019-09-02 05:00'";7;54;6;5;1;good
DEBB021;"'2019-09-02 06:00'";8;48;9;5;1;good
DEBB021;"'2019-09-02 07:00'";9;38;16;6;1;good
DEBB021;"'2019-09-02 08:00'";10;37;16;6;1;good
DEBB021;"'2019-09-02 09:00'";10;47;11;5;1;good
DEBB021;"'2019-09-02 10:00'";11;58;7;5;1;good
DEBB021;"'2019-09-02 11:00'";12;63;5;4;1;good
DEBB021;"'2019-09-02 12:00'";12;67;3;4;1;good
DEBB021;"'2019-09-02 13:00'";12;69;2;4;1;good
DEBB021;"'2019-09-02 14:00'";12;73;2;4;1;moderate
DEBB021;"'2019-09-02 15:00'";15;74;3;4;1;moderate
DEBB021;"'2019-09-02 16:00'";17;76;3;3;1;moderate
DEBB021;"'2019-09-02 17:00'";25;77;5;4;1;moderate
DEBB021;"'2019-09-02 18:00'";22;78;3;4;1;moderate
DEBB021;"'2019-09-02 19:00'";19;76;5;4;1;moderate
DEBB021;"'2019-09-02 20:00'";24;70;9;5;1;good
DEBB021;"'2019-09-02 21:00'";22;62;11;5;1;good
DEBB021;"'2019-09-02 22:00'";34;40;27;7;1;moderate
DEBB021;"'2019-09-02 23:00'";50;35;27;9;1;moderate
DEBB021;"'2019-09-02 24:00'";18;35;24;6;1;good
DEBB021;"'2019-09-03 01:00'";16;41;16;6;1;good
DEBB021;"'2019-09-03 02:00'";14;34;19;5;1;good
DEBB021;"'2019-09-03 03:00'";10;26;20;5;1;good
DEBB021;"'2019-09-03 04:00'";8;26;15;5;1;good
DEBB021;"'2019-09-03 05:00'";7;26;17;4;1;good
DEBB021;"'2019-09-03 06:00'";7;18;24;5;1;good
DEBB021;"'2019-09-03 07:00'";9;8;40;6;1;moderate
DEBB021;"'2019-09-03 08:00'";25;25;40;6;1;moderate
DEBB021;"'2019-09-03 09:00'";31;40;26;6;1;moderate
DEBB021;"'2019-09-03 10:00'";32;47;20;5;1;moderate
DEBB021;"'2019-09-03 11:00'";30;50;19;6;1;moderate
DEBB021;"'2019-09-03 12:00'";32;58;16;6;1;moderate
DEBB021;"'2019-09-03 13:00'";21;73;10;7;1;moderate
DEBB021;"'2019-09-03 14:00'";19;80;10;7;1;moderate
DEBB021;"'2019-09-03 15:00'";30;78;11;7;1;moderate
DEBB021;"'2019-09-03 16:00'";26;78;10;6;1;moderate
DEBB021;"'2019-09-03 17:00'";22;80;8;5;1;moderate
DEBB021;"'2019-09-03 18:00'";23;75;6;5;1;moderate
DEBB021;"'2019-09-03 19:00'";22;71;8;7;1;good
DEBB021;"'2019-09-03 20:00'";25;66;11;8;1;good
DEBB021;"'2019-09-03 21:00'";26;57;16;9;1;good
DEBB021;"'2019-09-03 22:00'";21;54;16;9;1;good
DEBB021;"'2019-09-03 23:00'";18;52;13;9;1;good
DEBB021;"'2019-09-03 24:00'";18;50;12;10;1;good
DEBB021;"'2019-09-04 01:00'";18;47;12;10;1;good
DEBB021;"'2019-09-04 02:00'";16;39;13;10;1;good
DEBB021;"'2019-09-04 03:00'";15;39;10;10;1;good
DEBB021;"'2019-09-04 04:00'";16;43;11;10;1;good
DEBB021;"'2019-09-04 05:00'";16;41;11;10;1;good
DEBB021;"'2019-09-04 06:00'";16;34;15;11;1;good
DEBB021;"'2019-09-04 07:00'";20;27;21;13;1;good
DEBB021;"'2019-09-04 08:00'";28;17;32;17;1;moderate
DEBB021;"'2019-09-04 09:00'";41;23;27;19;2;moderate
DEBB021;"'2019-09-04 10:00'";34;41;14;16;1;moderate
DEBB021;"'2019-09-04 11:00'";34;54;11;13;1;moderate
DEBB021;"'2019-09-04 12:00'";39;64;10;11;1;moderate
DEBB021;"'2019-09-04 13:00'";58;79;9;10;1;poor
DEBB021;"'2019-09-04 14:00'";40;92;9;8;1;moderate
DEBB021;"'2019-09-04 15:00'";50;108;8;7;1;moderate
DEBB021;"'2019-09-04 16:00'";57;116;10;6;1;poor
DEBB021;"'2019-09-04 17:00'";46;113;13;5;1;moderate
DEBB021;"'2019-09-04 18:00'";38;115;10;5;1;moderate
DEBB021;"'2019-09-04 19:00'";32;122;10;5;1;moderate
DEBB021;"'2019-09-04 20:00'";56;105;17;7;1;poor
DEBB021;"'2019-09-04 21:00'";45;88;25;9;1;moderate
DEBB021;"'2019-09-04 22:00'";34;72;29;9;1;moderate
DEBB021;"'2019-09-04 23:00'";31;73;14;8;1;moderate
DEBB021;"'2019-09-04 24:00'";31;58;19;9;1;moderate
DEBB021;"'2019-09-05 01:00'";20;65;13;7;1;good
DEBB021;"'2019-09-05 02:00'";18;64;7;7;1;good
DEBB021;"'2019-09-05 03:00'";8;67;3;3;1;good
DEBB021;"'2019-09-05 04:00'";5;72;2;3;1;good
DEBB021;"'2019-09-05 05:00'";5;62;3;4;1;good
DEBB021;"'2019-09-05 06:00'";8;51;9;6;1;good
DEBB021;"'2019-09-05 07:00'";12;41;12;9;1;good
DEBB021;"'2019-09-05 08:00'";15;34;17;12;1;good
DEBB021;"'2019-09-05 09:00'";17;45;10;13;1;good
DEBB021;"'2019-09-05 10:00'";14;53;8;9;1;good
DEBB021;"'2019-09-05 11:00'";13;61;6;6;1;good
DEBB021;"'2019-09-05 12:00'";14;69;6;5;1;good
DEBB021;"'2019-09-05 13:00'";22;74;6;5;1;moderate
DEBB021;"'2019-09-05 14:00'";35;71;3;6;1;moderate
DEBB021;"'2019-09-05 15:00'";31;66;5;6;1;moderate
DEBB021;"'2019-09-05 16:00'";20;67;5;5;1;good
DEBB021;"'2019-09-05 17:00'";14;70;5;3;1;good
DEBB021;"'2019-09-05 18:00'";17;68;4;4;1;good
DEBB021;"'2019-09-05 19:00'";14;64;5;4;1;good
DEBB021;"'2019-09-05 20:00'";10;61;5;4;1;good
DEBB021;"'2019-09-05 21:00'";10;60;5;4;1;good
DEBB021;"'2019-09-05 22:00'";9;60;4;4;1;good
DEBB021;"'2019-09-05 23:00'";7;62;2;3;1;good
DEBB021;"'2019-09-05 24:00'";6;60;2;3;1;good
DEBB021;"'2019-09-06 01:00'";6;60;2;3;1;good
DEBB021;"'2019-09-06 02:00'";8;61;2;4;1;good
DEBB021;"'2019-09-06 03:00'";8;58;3;4;1;good
DEBB021;"'2019-09-06 04:00'";8;54;4;4;1;good
DEBB021;"'2019-09-06 05:00'";7;51;6;4;1;good
DEBB021;"'2019-09-06 06:00'";7;43;9;5;1;good
DEBB021;"'2019-09-06 07:00'";9;30;25;6;1;good
DEBB021;"'2019-09-06 08:00'";12;29;24;7;1;good
DEBB021;"'2019-09-06 09:00'";13;35;16;8;1;good
DEBB021;"'2019-09-06 10:00'";19;46;10;7;1;good
DEBB021;"'2019-09-06 11:00'";18;58;6;6;1;good
DEBB021;"'2019-09-06 12:00'";21;62;6;5;1;good
DEBB021;"'2019-09-06 13:00'";30;66;6;5;1;moderate
DEBB021;"'2019-09-06 14:00'";33;68;5;5;1;moderate
DEBB021;"'2019-09-06 15:00'";30;70;3;5;1;moderate
DEBB021;"'2019-09-06 16:00'";30;69;6;5;1;moderate
DEBB021;"'2019-09-06 17:00'";22;71;7;4;1;good
DEBB021;"'2019-09-06 18:00'";23;75;5;4;1;moderate
DEBB021;"'2019-09-06 19:00'";48;73;7;5;1;moderate
DEBB021;"'2019-09-06 20:00'";51;63;15;6;1;moderate
DEBB021;"'2019-09-06 21:00'";39;53;20;6;1;moderate
DEBB021;"'2019-09-06 22:00'";29;54;16;7;1;moderate
DEBB021;"'2019-09-06 23:00'";33;40;27;9;1;moderate
DEBB021;"'2019-09-06 24:00'";23;28;36;9;1;moderate
DEBB021;"'2019-09-07 01:00'";25;32;31;8;1;moderate
DEBB021;"'2019-09-07 02:00'";19;30;29;8;1;good
DEBB021;"'2019-09-07 03:00'";20;28;28;8;1;good
DEBB021;"'2019-09-07 04:00'";25;30;25;7;1;good
DEBB021;"'2019-09-07 05:00'";15;29;27;6;1;good
DEBB021;"'2019-09-07 06:00'";16;27;27;6;1;good
DEBB021;"'2019-09-07 07:00'";19;23;32;6;1;moderate
DEBB021;"'2019-09-07 08:00'";25;23;32;8;1;moderate
DEBB021;"'2019-09-07 09:00'";36;21;35;8;1;moderate
DEBB021;"'2019-09-07 10:00'";41;34;27;9;1;moderate
DEBB021;"'2019-09-07 11:00'";37;37;28;8;1;moderate
DEBB021;"'2019-09-07 12:00'";26;74;8;7;1;moderate
DEBB021;"'2019-09-07 13:00'";47;55;19;8;1;moderate
DEBB021;"'2019-09-07 14:00'";46;64;17;9;1;moderate
DEBB021;"'2019-09-07 15:00'";47;73;13;9;1;moderate
DEBB021;"'2019-09-07 16:00'";44;82;11;8;1;moderate
DEBB021;"'2019-09-07 17:00'";39;85;8;7;1;moderate
DEBB021;"'2019-09-07 18:00'";41;80;9;8;1;moderate
DEBB021;"'2019-09-07 19:00'";27;72;11;9;1;good
DEBB021;"'2019-09-07 20:00'";16;64;11;11;1;good
DEBB021;"'2019-09-07 21:00'";15;56;12;11;1;good
DEBB021;"'2019-09-07 22:00'";12;54;9;9;1;good
DEBB021;"'2019-09-07 23:00'";9;53;6;7;1;good
DEBB021;"'2019-09-07 24:00'";9;49;9;7;1;good
DEBB021;"'2019-09-08 01:00'";11;35;12;9;1;good
DEBB021;"'2019-09-08 02:00'";10;36;8;8;1;good
DEBB021;"'2019-09-08 03:00'";9;28;8;7;1;good
DEBB021;"'2019-09-08 04:00'";11;22;10;9;1;good
DEBB021;"'2019-09-08 05:00'";13;15;11;10;1;good
DEBB021;"'2019-09-08 06:00'";13;22;10;10;1;good
DEBB021;"'2019-09-08 07:00'";15;20;10;11;1;good
DEBB021;"'2019-09-08 08:00'";17;23;11;13;1;good
DEBB021;"'2019-09-08 09:00'";15;29;12;12;1;good
DEBB021;"'2019-09-08 10:00'";14;51;9;11;1;good
DEBB021;"'2019-09-08 11:00'";10;65;6;7;1;good
DEBB021;"'2019-09-08 12:00'";10;69;8;7;1;good
DEBB021;"'2019-09-08 13:00'";10;73;8;7;1;moderate
DEBB021;"'2019-09-08 14:00'";8;82;6;6;1;moderate
DEBB021;"'2019-09-08 15:00'";6;87;5;4;1;moderate
DEBB021;"'2019-09-08 16:00'";7;90;6;5;1;moderate
DEBB021;"'2019-09-08 17:00'";7;93;5;4;1;moderate
DEBB021;"'2019-09-08 18:00'";7;88;7;4;1;moderate
DEBB021;"'2019-09-08 19:00'";9;77;12;5;1;moderate
DEBB021;"'2019-09-08 20:00'";11;69;15;7;1;good
DEBB021;"'2019-09-08 21:00'";11;71;11;5;1;good
DEBB021;"'2019-09-08 22:00'";9;69;11;4;1;good
DEBB021;"'2019-09-08 23:00'";8;66;11;4;1;good
DEBB021;"'2019-09-08 24:00'";7;63;11;4;1;good
DEBB021;"'2019-09-09 01:00'";7;64;8;4;1;good
DEBB021;"'2019-09-09 02:00'";8;62;9;4;1;good
DEBB021;"'2019-09-09 03:00'";8;57;10;5;1;good
DEBB021;"'2019-09-09 04:00'";7;46;14;5;1;good
DEBB021;"'2019-09-09 05:00'";7;41;15;5;1;good
DEBB021;"'2019-09-09 06:00'";7;37;15;5;1;good
DEBB021;"'2019-09-09 07:00'";6;34;15;5;1;good
DEBB021;"'2019-09-09 08:00'";9;31;19;7;1;good
DEBB021;"'2019-09-09 09:00'";12;30;19;10;1;good
DEBB021;"'2019-09-09 10:00'";10;31;21;8;1;good
DEBB021;"'2019-09-09 11:00'";8;33;21;6;1;good
DEBB021;"'2019-09-09 12:00'";7;34;21;5;1;good
DEBB021;"'2019-09-09 13:00'";5;-;-;4;-;"very good"
DEBB021;"'2019-09-09 14:00'";4;43;13;3;1;good
DEBB021;"'2019-09-09 15:00'";5;52;10;4;1;good
DEBB021;"'2019-09-09 16:00'";3;53;14;3;1;good
DEBB021;"'2019-09-09 17:00'";2;56;15;2;1;good
DEBB021;"'2019-09-09 18:00'";3;60;10;3;1;good
DEBB021;"'2019-09-09 19:00'";4;61;7;3;1;good
DEBB021;"'2019-09-09 20:00'";6;61;6;5;1;good
DEBB021;"'2019-09-09 21:00'";5;66;3;4;1;good
DEBB021;"'2019-09-09 22:00'";6;58;5;4;1;good
DEBB021;"'2019-09-09 23:00'";6;57;4;5;1;good
DEBB021;"'2019-09-09 24:00'";5;62;2;4;1;good
DEBB021;"'2019-09-10 01:00'";5;60;3;4;1;good
DEBB021;"'2019-09-10 02:00'";7;55;2;5;1;good
DEBB021;"'2019-09-10 03:00'";9;51;4;7;1;good
DEBB021;"'2019-09-10 04:00'";13;46;5;11;1;good
DEBB021;"'2019-09-10 05:00'";17;47;5;14;1;good
DEBB021;"'2019-09-10 06:00'";19;42;7;15;1;good
DEBB021;"'2019-09-10 07:00'";16;40;10;13;1;good
DEBB021;"'2019-09-10 08:00'";13;41;12;10;1;good
DEBB021;"'2019-09-10 09:00'";10;47;9;7;1;good
DEBB021;"'2019-09-10 10:00'";9;55;7;6;1;good
DEBB021;"'2019-09-10 11:00'";12;65;6;5;1;good
DEBB021;"'2019-09-10 12:00'";8;76;5;4;1;moderate
DEBB021;"'2019-09-10 13:00'";9;85;4;4;1;moderate
DEBB021;"'2019-09-10 14:00'";8;89;6;4;1;moderate
DEBB021;"'2019-09-10 15:00'";9;92;5;5;1;moderate
DEBB021;"'2019-09-10 16:00'";9;97;5;5;1;moderate
DEBB021;"'2019-09-10 17:00'";10;95;8;4;1;moderate
DEBB021;"'2019-09-10 18:00'";8;95;8;4;1;moderate
DEBB021;"'2019-09-10 19:00'";10;95;7;5;1;moderate
DEBB021;"'2019-09-10 20:00'";12;81;15;6;1;moderate
DEBB021;"'2019-09-10 21:00'";12;64;19;7;1;good
DEBB021;"'2019-09-10 22:00'";12;57;18;8;1;good
DEBB021;"'2019-09-10 23:00'";11;60;14;7;1;good
DEBB021;"'2019-09-10 24:00'";12;61;13;7;1;good
DEBB021;"'2019-09-11 01:00'";12;59;12;7;1;good
DEBB021;"'2019-09-11 02:00'";11;53;12;8;1;good
DEBB021;"'2019-09-11 03:00'";11;48;11;8;1;good
DEBB021;"'2019-09-11 04:00'";12;44;11;8;1;good
DEBB021;"'2019-09-11 05:00'";12;29;17;9;1;good
DEBB021;"'2019-09-11 06:00'";15;11;28;11;1;good
DEBB021;"'2019-09-11 07:00'";18;3;41;12;1;moderate
DEBB021;"'2019-09-11 08:00'";22;2;48;14;1;moderate
DEBB021;"'2019-09-11 09:00'";24;7;48;15;1;moderate
DEBB021;"'2019-09-11 10:00'";22;18;42;13;1;moderate
DEBB021;"'2019-09-11 11:00'";16;58;16;8;1;good
DEBB021;"'2019-09-11 12:00'";21;73;14;8;2;moderate
DEBB021;"'2019-09-11 13:00'";19;88;9;9;1;moderate
DEBB021;"'2019-09-11 14:00'";17;97;9;7;1;moderate
DEBB021;"'2019-09-11 15:00'";17;100;10;7;1;moderate
DEBB021;"'2019-09-11 16:00'";15;104;8;6;2;moderate
DEBB021;"'2019-09-11 17:00'";13;101;12;5;4;moderate
DEBB021;"'2019-09-11 18:00'";12;102;10;5;3;moderate
DEBB021;"'2019-09-11 19:00'";11;97;12;5;1;moderate
DEBB021;"'2019-09-11 20:00'";13;90;15;6;1;moderate
DEBB021;"'2019-09-11 21:00'";14;84;19;8;1;moderate
DEBB021;"'2019-09-11 22:00'";13;86;13;8;1;moderate
DEBB021;"'2019-09-11 23:00'";13;83;11;8;1;moderate
DEBB021;"'2019-09-11 24:00'";13;77;12;8;1;moderate
DEBB021;"'2019-09-12 01:00'";13;73;11;8;1;moderate
DEBB021;"'2019-09-12 02:00'";16;65;10;11;1;good
DEBB021;"'2019-09-12 03:00'";14;59;8;11;1;good
DEBB021;"'2019-09-12 04:00'";7;53;6;6;1;good
DEBB021;"'2019-09-12 05:00'";7;50;7;6;1;good
DEBB021;"'2019-09-12 06:00'";9;44;9;7;1;good
DEBB021;"'2019-09-12 07:00'";11;34;16;8;1;good
DEBB021;"'2019-09-12 08:00'";13;31;17;9;1;good
DEBB021;"'2019-09-12 09:00'";13;32;16;9;1;good
DEBB021;"'2019-09-12 10:00'";12;32;13;9;1;good
DEBB021;"'2019-09-12 11:00'";12;34;12;9;1;good
DEBB021;"'2019-09-12 12:00'";13;35;12;10;1;good
DEBB021;"'2019-09-12 13:00'";14;35;12;9;1;good
DEBB021;"'2019-09-12 14:00'";10;44;9;6;1;good
DEBB021;"'2019-09-12 15:00'";11;49;9;6;1;good
DEBB021;"'2019-09-12 16:00'";15;51;10;5;1;good
DEBB021;"'2019-09-12 17:00'";13;56;12;5;1;good
DEBB021;"'2019-09-12 18:00'";10;60;11;6;1;good
DEBB021;"'2019-09-12 19:00'";13;50;20;7;1;good
DEBB021;"'2019-09-12 20:00'";14;47;17;9;1;good
DEBB021;"'2019-09-12 21:00'";16;46;16;11;1;good
DEBB021;"'2019-09-12 22:00'";14;41;18;10;1;good
DEBB021;"'2019-09-12 23:00'";13;36;20;9;1;good
DEBB021;"'2019-09-12 24:00'";13;31;20;10;1;good
DEBB021;"'2019-09-13 01:00'";13;26;19;10;1;good
DEBB021;"'2019-09-13 02:00'";14;25;17;10;1;good
DEBB021;"'2019-09-13 03:00'";13;32;14;10;1;good
DEBB021;"'2019-09-13 04:00'";13;34;12;10;1;good
DEBB021;"'2019-09-13 05:00'";13;34;13;10;1;good
DEBB021;"'2019-09-13 06:00'";13;32;14;9;1;good
DEBB021;"'2019-09-13 07:00'";14;28;22;9;1;good
DEBB021;"'2019-09-13 08:00'";15;23;23;9;1;good
DEBB021;"'2019-09-13 09:00'";18;30;16;8;1;good
DEBB021;"'2019-09-13 10:00'";16;32;15;9;1;good
DEBB021;"'2019-09-13 11:00'";18;34;13;11;1;good
DEBB021;"'2019-09-13 12:00'";17;36;10;11;1;good
DEBB021;"'2019-09-13 13:00'";17;40;8;11;1;good
DEBB021;"'2019-09-13 14:00'";13;47;6;6;1;good
DEBB021;"'2019-09-13 15:00'";4;45;7;2;1;good
DEBB021;"'2019-09-13 16:00'";4;55;5;0.8;1;good
DEBB021;"'2019-09-13 17:00'";6;59;5;2;1;good
DEBB021;"'2019-09-13 18:00'";7;65;4;3;1;good
DEBB021;"'2019-09-13 19:00'";8;63;7;3;1;good
DEBB021;"'2019-09-13 20:00'";9;59;9;4;1;good
DEBB021;"'2019-09-13 21:00'";10;61;7;5;1;good
DEBB021;"'2019-09-13 22:00'";12;55;11;6;1;good
DEBB021;"'2019-09-13 23:00'";15;38;19;9;1;good
DEBB021;"'2019-09-13 24:00'";16;32;22;11;1;good
DEBB021;"'2019-09-14 01:00'";22;26;20;15;1;good
DEBB021;"'2019-09-14 02:00'";-;29;18;-;1;good
DEBB021;"'2019-09-14 03:00'";-;37;11;-;1;good
DEBB021;"'2019-09-14 04:00'";-;35;11;-;1;good
DEBB021;"'2019-09-14 05:00'";-;29;12;-;1;good
DEBB021;"'2019-09-14 06:00'";-;29;15;-;1;good
DEBB021;"'2019-09-14 07:00'";-;23;18;-;1;good
DEBB021;"'2019-09-14 08:00'";-;23;22;-;1;good
DEBB021;"'2019-09-14 09:00'";-;33;12;-;1;good
DEBB021;"'2019-09-14 10:00'";-;43;9;-;1;good
DEBB021;"'2019-09-14 11:00'";-;55;5;-;1;good
DEBB021;"'2019-09-14 12:00'";-;64;2;-;1;good
DEBB021;"'2019-09-14 13:00'";9;68;2;4;1;good
DEBB021;"'2019-09-14 14:00'";8;69;2;4;1;good
DEBB021;"'2019-09-14 15:00'";8;71;2;4;1;good
DEBB021;"'2019-09-14 16:00'";8;74;2;4;1;moderate
DEBB021;"'2019-09-14 17:00'";9;75;3;4;1;moderate
DEBB021;"'2019-09-14 18:00'";9;76;2;4;1;moderate
DEBB021;"'2019-09-14 19:00'";10;74;5;5;1;moderate
DEBB021;"'2019-09-14 20:00'";-;59;10;-;1;good
DEBB021;"'2019-09-14 21:00'";-;27;34;-;1;moderate
DEBB021;"'2019-09-14 22:00'";-;19;42;-;1;moderate
DEBB021;"'2019-09-14 23:00'";-;36;25;-;1;good
DEBB021;"'2019-09-14 24:00'";-;17;37;-;1;moderate
DEBB021;"'2019-09-15 01:00'";-;9;42;-;1;moderate
DEBB021;"'2019-09-15 02:00'";-;15;32;-;1;moderate
DEBB021;"'2019-09-15 03:00'";-;21;25;-;1;good
DEBB021;"'2019-09-15 04:00'";-;22;23;-;1;good
DEBB021;"'2019-09-15 05:00'";-;45;10;-;1;good
DEBB021;"'2019-09-15 06:00'";-;30;14;-;1;good
DEBB021;"'2019-09-15 07:00'";-;48;9;-;1;good
DEBB021;"'2019-09-15 08:00'";-;47;10;-;1;good
DEBB021;"'2019-09-15 09:00'";-;51;10;-;1;good
DEBB021;"'2019-09-15 10:00'";-;58;9;-;1;good
DEBB021;"'2019-09-15 11:00'";-;67;10;-;1;good
DEBB021;"'2019-09-15 12:00'";14;70;10;6;4;good
DEBB021;"'2019-09-15 13:00'";11;76;9;5;4;moderate
DEBB021;"'2019-09-15 14:00'";9;81;8;4;4;moderate
DEBB021;"'2019-09-15 15:00'";8;88;7;3;4;moderate
DEBB021;"'2019-09-15 16:00'";9;97;6;3;1;moderate
DEBB021;"'2019-09-15 17:00'";10;99;6;3;1;moderate
DEBB021;"'2019-09-15 18:00'";10;99;6;3;1;moderate
DEBB021;"'2019-09-15 19:00'";12;93;10;4;3;moderate
DEBB021;"'2019-09-15 20:00'";12;87;13;5;2;moderate
DEBB021;"'2019-09-15 21:00'";-;80;8;-;1;moderate
DEBB021;"'2019-09-15 22:00'";-;57;5;-;1;good
DEBB021;"'2019-09-15 23:00'";-;51;2;-;1;good
DEBB021;"'2019-09-15 24:00'";-;57;2;-;1;good
DEBB021;"'2019-09-16 01:00'";-;56;2;-;1;good
DEBB021;"'2019-09-16 02:00'";-;52;3;-;1;good
DEBB021;"'2019-09-16 03:00'";-;50;3;-;1;good
DEBB021;"'2019-09-16 04:00'";-;51;4;-;1;good
DEBB021;"'2019-09-16 05:00'";-;50;3;-;1;good
DEBB021;"'2019-09-16 06:00'";-;46;6;-;1;good
DEBB021;"'2019-09-16 07:00'";-;46;10;-;1;good
DEBB021;"'2019-09-16 08:00'";-;39;15;-;1;good
DEBB021;"'2019-09-16 09:00'";-;39;14;-;1;good
DEBB021;"'2019-09-16 10:00'";-;34;15;-;1;good
DEBB021;"'2019-09-16 11:00'";-;42;11;-;1;good
DEBB021;"'2019-09-16 12:00'";14;51;10;9;1;good
DEBB021;"'2019-09-16 13:00'";7;59;6;5;1;good
DEBB021;"'2019-09-16 14:00'";12;58;6;8;1;good
DEBB021;"'2019-09-16 15:00'";19;53;10;10;1;good
DEBB021;"'2019-09-16 16:00'";18;52;11;10;1;good
DEBB021;"'2019-09-16 17:00'";16;55;9;10;1;good
DEBB021;"'2019-09-16 18:00'";15;55;9;9;1;good
DEBB021;"'2019-09-16 19:00'";14;51;11;10;1;good
DEBB021;"'2019-09-16 20:00'";15;42;18;10;1;good
DEBB021;"'2019-09-16 21:00'";14;43;15;10;1;good
DEBB021;"'2019-09-16 22:00'";14;43;13;10;1;good
DEBB021;"'2019-09-16 23:00'";17;40;11;13;1;good
DEBB021;"'2019-09-16 24:00'";14;36;12;10;1;good
DEBB021;"'2019-09-17 01:00'";14;35;10;10;1;good
DEBB021;"'2019-09-17 02:00'";15;34;10;10;1;good
DEBB021;"'2019-09-17 03:00'";15;36;9;10;1;good
DEBB021;"'2019-09-17 04:00'";14;37;9;10;1;good
DEBB021;"'2019-09-17 05:00'";15;39;9;10;1;good
DEBB021;"'2019-09-17 06:00'";15;35;11;10;1;good
DEBB021;"'2019-09-17 07:00'";17;31;16;12;1;good
DEBB021;"'2019-09-17 08:00'";16;32;17;12;1;good
DEBB021;"'2019-09-17 09:00'";14;38;13;10;1;good
DEBB021;"'2019-09-17 10:00'";13;45;10;9;1;good
DEBB021;"'2019-09-17 11:00'";13;51;8;7;1;good
DEBB021;"'2019-09-17 12:00'";12;56;8;6;1;good
DEBB021;"'2019-09-17 13:00'";12;61;8;5;1;good
DEBB021;"'2019-09-17 14:00'";8;57;6;5;1;good
DEBB021;"'2019-09-17 15:00'";5;58;6;4;1;good
DEBB021;"'2019-09-17 16:00'";5;58;7;3;1;good
DEBB021;"'2019-09-17 17:00'";4;60;6;3;1;good
DEBB021;"'2019-09-17 18:00'";4;62;3;2;1;good
DEBB021;"'2019-09-17 19:00'";4;63;3;2;1;good
DEBB021;"'2019-09-17 20:00'";6;59;4;3;1;good
DEBB021;"'2019-09-17 21:00'";6;57;5;4;1;good
DEBB021;"'2019-09-17 22:00'";7;57;3;4;1;good
DEBB021;"'2019-09-17 23:00'";7;57;3;4;1;good
DEBB021;"'2019-09-17 24:00'";6;57;2;4;1;good
DEBB021;"'2019-09-18 01:00'";5;57;2;3;1;good
DEBB021;"'2019-09-18 02:00'";4;57;2;3;1;good
DEBB021;"'2019-09-18 03:00'";5;54;2;3;1;good
DEBB021;"'2019-09-18 04:00'";6;50;3;4;1;good
DEBB021;"'2019-09-18 05:00'";7;50;5;4;1;good
DEBB021;"'2019-09-18 06:00'";7;45;6;5;1;good
DEBB021;"'2019-09-18 07:00'";8;38;12;5;1;good
DEBB021;"'2019-09-18 08:00'";8;36;14;5;1;good
DEBB021;"'2019-09-18 09:00'";9;41;10;6;1;good
DEBB021;"'2019-09-18 10:00'";10;47;8;6;1;good
DEBB021;"'2019-09-18 11:00'";11;54;6;7;1;good
DEBB021;"'2019-09-18 12:00'";10;60;3;6;1;good
DEBB021;"'2019-09-18 13:00'";9;63;2;5;1;good
DEBB021;"'2019-09-18 14:00'";10;63;4;6;1;good
DEBB021;"'2019-09-18 15:00'";10;66;4;5;1;good
DEBB021;"'2019-09-18 16:00'";10;66;6;5;1;good
DEBB021;"'2019-09-18 17:00'";9;68;5;4;1;good
DEBB021;"'2019-09-18 18:00'";9;67;7;4;1;good
DEBB021;"'2019-09-18 19:00'";11;66;7;5;1;good
DEBB021;"'2019-09-18 20:00'";14;60;10;7;1;good
DEBB021;"'2019-09-18 21:00'";10;65;6;5;1;good
DEBB021;"'2019-09-18 22:00'";10;65;6;5;1;good
DEBB021;"'2019-09-18 23:00'";10;60;7;5;1;good
DEBB021;"'2019-09-18 24:00'";9;62;5;5;1;good
DEBB021;"'2019-09-19 01:00'";8;56;7;4;1;good
DEBB021;"'2019-09-19 02:00'";8;55;7;4;1;good
DEBB021;"'2019-09-19 03:00'";9;52;7;4;1;good
DEBB021;"'2019-09-19 04:00'";7;47;9;5;1;good
DEBB021;"'2019-09-19 05:00'";7;45;8;4;1;good
DEBB021;"'2019-09-19 06:00'";7;43;10;4;1;good
DEBB021;"'2019-09-19 07:00'";7;35;18;5;1;good
DEBB021;"'2019-09-19 08:00'";8;32;18;5;1;good
DEBB021;"'2019-09-19 09:00'";8;39;13;5;1;good
DEBB021;"'2019-09-19 10:00'";9;43;8;6;1;good
DEBB021;"'2019-09-19 11:00'";11;46;7;7;1;good
DEBB021;"'2019-09-19 12:00'";10;53;4;6;1;good
DEBB021;"'2019-09-19 13:00'";8;58;4;4;1;good
DEBB021;"'2019-09-19 14:00'";8;60;5;3;1;good
DEBB021;"'2019-09-19 15:00'";6;62;4;3;1;good
DEBB021;"'2019-09-19 16:00'";6;63;5;3;1;good
DEBB021;"'2019-09-19 17:00'";7;64;6;3;1;good
DEBB021;"'2019-09-19 18:00'";8;64;8;3;1;good
DEBB021;"'2019-09-19 19:00'";10;61;9;4;1;good
DEBB021;"'2019-09-19 20:00'";15;54;14;9;1;good
DEBB021;"'2019-09-19 21:00'";16;40;22;9;1;good
DEBB021;"'2019-09-19 22:00'";11;24;32;6;1;moderate
DEBB021;"'2019-09-19 23:00'";11;19;31;7;1;moderate
DEBB021;"'2019-09-19 24:00'";11;11;34;7;1;moderate
DEBB021;"'2019-09-20 01:00'";11;16;27;7;1;good
DEBB021;"'2019-09-20 02:00'";10;18;25;6;1;good
DEBB021;"'2019-09-20 03:00'";9;25;21;6;1;good
DEBB021;"'2019-09-20 04:00'";9;25;19;6;1;good
DEBB021;"'2019-09-20 05:00'";10;26;18;7;1;good
DEBB021;"'2019-09-20 06:00'";10;22;22;7;1;good
DEBB021;"'2019-09-20 07:00'";11;14;33;7;1;moderate
DEBB021;"'2019-09-20 08:00'";13;10;42;8;1;moderate
DEBB021;"'2019-09-20 09:00'";12;26;21;8;1;good
DEBB021;"'2019-09-20 10:00'";12;36;15;8;1;good
DEBB021;"'2019-09-20 11:00'";14;46;10;7;1;good
DEBB021;"'2019-09-20 12:00'";12;53;7;6;1;good
DEBB021;"'2019-09-20 13:00'";11;57;7;5;1;good
DEBB021;"'2019-09-20 14:00'";11;58;7;6;1;good
DEBB021;"'2019-09-20 15:00'";11;61;6;5;1;good
DEBB021;"'2019-09-20 16:00'";9;62;5;4;1;good
DEBB021;"'2019-09-20 17:00'";10;60;7;4;1;good
DEBB021;"'2019-09-20 18:00'";10;57;7;4;1;good
DEBB021;"'2019-09-20 19:00'";13;54;9;6;1;good
DEBB021;"'2019-09-20 20:00'";17;43;18;8;1;good
DEBB021;"'2019-09-20 21:00'";15;38;19;6;1;good
DEBB021;"'2019-09-20 22:00'";14;39;15;7;1;good
DEBB021;"'2019-09-20 23:00'";12;34;16;7;1;good
DEBB021;"'2019-09-20 24:00'";11;31;15;7;1;good
DEBB021;"'2019-09-21 01:00'";10;26;16;7;1;good
DEBB021;"'2019-09-21 02:00'";9;26;14;6;1;good
DEBB021;"'2019-09-21 03:00'";8;28;13;6;1;good
DEBB021;"'2019-09-21 04:00'";8;22;18;6;1;good
DEBB021;"'2019-09-21 05:00'";8;18;19;6;1;good
DEBB021;"'2019-09-21 06:00'";8;16;20;6;1;good
DEBB021;"'2019-09-21 07:00'";8;11;24;6;1;good
DEBB021;"'2019-09-21 08:00'";9;10;23;6;1;good
DEBB021;"'2019-09-21 09:00'";9;19;24;6;1;good
DEBB021;"'2019-09-21 10:00'";11;32;18;6;1;good
DEBB021;"'2019-09-21 11:00'";16;36;20;6;2;good
DEBB021;"'2019-09-21 12:00'";16;55;10;5;4;good
DEBB021;"'2019-09-21 13:00'";16;62;9;4;3;good
DEBB021;"'2019-09-21 14:00'";14;65;11;4;4;good
DEBB021;"'2019-09-21 15:00'";12;72;7;4;4;good
DEBB021;"'2019-09-21 16:00'";13;79;6;5;4;moderate
DEBB021;"'2019-09-21 17:00'";13;81;8;4;3;moderate
DEBB021;"'2019-09-21 18:00'";14;80;10;4;3;moderate
DEBB021;"'2019-09-21 19:00'";37;72;12;7;1;moderate
DEBB021;"'2019-09-21 20:00'";63;50;21;14;1;poor
DEBB021;"'2019-09-21 21:00'";31;16;60;17;1;moderate
DEBB021;"'2019-09-21 22:00'";37;7;63;23;1;poor
DEBB021;"'2019-09-21 23:00'";44;6;62;32;1;poor
DEBB021;"'2019-09-21 24:00'";38;11;51;27;1;moderate
DEBB021;"'2019-09-22 01:00'";26;16;43;20;1;moderate
DEBB021;"'2019-09-22 02:00'";26;16;40;19;1;moderate
DEBB021;"'2019-09-22 03:00'";24;18;33;18;1;moderate
DEBB021;"'2019-09-22 04:00'";22;22;27;17;1;moderate
DEBB021;"'2019-09-22 05:00'";23;22;25;17;1;moderate
DEBB021;"'2019-09-22 06:00'";22;18;25;17;1;moderate
DEBB021;"'2019-09-22 07:00'";22;15;25;16;1;moderate
DEBB021;"'2019-09-22 08:00'";22;19;19;16;1;moderate
DEBB021;"'2019-09-22 09:00'";20;27;16;14;1;good
DEBB021;"'2019-09-22 10:00'";18;39;14;11;1;good
DEBB021;"'2019-09-22 11:00'";16;58;10;7;1;good
DEBB021;"'2019-09-22 12:00'";14;70;9;6;1;good
DEBB021;"'2019-09-22 13:00'";16;72;6;5;1;good
DEBB021;"'2019-09-22 14:00'";13;74;7;4;1;moderate
DEBB021;"'2019-09-22 15:00'";16;75;7;4;1;moderate
DEBB021;"'2019-09-22 16:00'";14;79;5;4;1;moderate
DEBB021;"'2019-09-22 17:00'";16;78;5;4;1;moderate
DEBB021;"'2019-09-22 18:00'";21;78;7;4;1;moderate
DEBB021;"'2019-09-22 19:00'";21;71;14;5;1;good
DEBB021;"'2019-09-22 20:00'";24;50;27;7;1;good
DEBB021;"'2019-09-22 21:00'";21;42;31;9;1;moderate
DEBB021;"'2019-09-22 22:00'";21;33;33;10;1;moderate
DEBB021;"'2019-09-22 23:00'";19;28;37;11;1;moderate
DEBB021;"'2019-09-22 24:00'";19;32;32;12;1;moderate
DEBB021;"'2019-09-23 01:00'";19;31;28;13;1;good
DEBB021;"'2019-09-23 02:00'";18;33;24;13;1;good
DEBB021;"'2019-09-23 03:00'";18;32;24;13;1;good
DEBB021;"'2019-09-23 04:00'";18;30;22;12;1;good
DEBB021;"'2019-09-23 05:00'";18;26;24;13;1;good
DEBB021;"'2019-09-23 06:00'";18;18;32;12;1;moderate
DEBB021;"'2019-09-23 07:00'";19;8;45;12;1;moderate
DEBB021;"'2019-09-23 08:00'";21;6;51;13;1;moderate
DEBB021;"'2019-09-23 09:00'";21;15;42;13;3;moderate
DEBB021;"'2019-09-23 10:00'";28;33;33;11;4;moderate
DEBB021;"'2019-09-23 11:00'";30;49;23;10;4;moderate
DEBB021;"'2019-09-23 12:00'";26;65;17;8;8;good
DEBB021;"'2019-09-23 13:00'";30;74;15;8;8;moderate
DEBB021;"'2019-09-23 14:00'";27;80;12;7;6;moderate
DEBB021;"'2019-09-23 15:00'";25;89;10;7;6;moderate
DEBB021;"'2019-09-23 16:00'";26;96;9;7;7;moderate
DEBB021;"'2019-09-23 17:00'";26;96;10;7;7;moderate
DEBB021;"'2019-09-23 18:00'";33;91;16;9;7;moderate
DEBB021;"'2019-09-23 19:00'";46;77;23;12;6;moderate
DEBB021;"'2019-09-23 20:00'";34;61;32;12;5;moderate
DEBB021;"'2019-09-23 21:00'";30;40;43;12;4;moderate
DEBB021;"'2019-09-23 22:00'";37;15;58;16;2;moderate
DEBB021;"'2019-09-23 23:00'";29;41;32;16;3;moderate
DEBB021;"'2019-09-23 24:00'";31;41;27;16;2;moderate
DEBB021;"'2019-09-24 01:00'";31;38;23;16;1;moderate
DEBB021;"'2019-09-24 02:00'";26;33;22;16;1;moderate
DEBB021;"'2019-09-24 03:00'";23;27;22;16;1;moderate
DEBB021;"'2019-09-24 04:00'";20;23;19;14;1;good
DEBB021;"'2019-09-24 05:00'";17;23;17;13;1;good
DEBB021;"'2019-09-24 06:00'";22;29;12;16;1;moderate
DEBB021;"'2019-09-24 07:00'";26;30;15;18;1;moderate
DEBB021;"'2019-09-24 08:00'";23;24;19;16;1;moderate
DEBB021;"'2019-09-24 09:00'";19;27;20;14;1;good
DEBB021;"'2019-09-24 10:00'";18;47;11;13;1;good
DEBB021;"'2019-09-24 11:00'";15;43;13;11;1;good
DEBB021;"'2019-09-24 12:00'";16;47;12;11;1;good
DEBB021;"'2019-09-24 13:00'";17;47;13;11;1;good
DEBB021;"'2019-09-24 14:00'";13;57;12;7;1;good
DEBB021;"'2019-09-24 15:00'";18;54;15;7;1;good
DEBB021;"'2019-09-24 16:00'";22;50;16;7;1;good
DEBB021;"'2019-09-24 17:00'";18;58;12;7;1;good
DEBB021;"'2019-09-24 18:00'";20;57;15;7;1;good
DEBB021;"'2019-09-24 19:00'";27;49;20;8;1;good
DEBB021;"'2019-09-24 20:00'";15;30;35;9;1;moderate
DEBB021;"'2019-09-24 21:00'";20;28;29;13;1;good
DEBB021;"'2019-09-24 22:00'";22;26;28;14;1;good
DEBB021;"'2019-09-24 23:00'";24;13;38;16;1;moderate
DEBB021;"'2019-09-24 24:00'";23;13;34;16;1;moderate
DEBB021;"'2019-09-25 01:00'";21;18;26;15;1;good
DEBB021;"'2019-09-25 02:00'";20;16;21;15;1;good
DEBB021;"'2019-09-25 03:00'";20;14;22;15;1;good
DEBB021;"'2019-09-25 04:00'";19;14;19;15;1;good
DEBB021;"'2019-09-25 05:00'";20;10;20;15;1;good
DEBB021;"'2019-09-25 06:00'";20;7;23;15;1;good
DEBB021;"'2019-09-25 07:00'";22;2;28;16;1;moderate
DEBB021;"'2019-09-25 08:00'";26;2;30;17;1;moderate
DEBB021;"'2019-09-25 09:00'";29;2;32;18;1;moderate
DEBB021;"'2019-09-25 10:00'";25;-;30;16;1;moderate
DEBB021;"'2019-09-25 11:00'";21;-;28;15;1;good
DEBB021;"'2019-09-25 12:00'";19;-;27;14;1;good
DEBB021;"'2019-09-25 13:00'";15;26;19;10;1;good
DEBB021;"'2019-09-25 14:00'";14;32;17;10;1;good
DEBB021;"'2019-09-25 15:00'";17;26;21;12;1;good
DEBB021;"'2019-09-25 16:00'";15;24;21;11;1;good
DEBB021;"'2019-09-25 17:00'";9;32;16;7;1;good
DEBB021;"'2019-09-25 18:00'";9;30;14;7;1;good
DEBB021;"'2019-09-25 19:00'";11;26;16;9;1;good
DEBB021;"'2019-09-25 20:00'";10;19;21;8;1;good
DEBB021;"'2019-09-25 21:00'";11;12;25;8;1;good
DEBB021;"'2019-09-25 22:00'";12;11;19;9;1;good
DEBB021;"'2019-09-25 23:00'";14;11;17;11;1;good
DEBB021;"'2019-09-25 24:00'";16;8;13;11;1;good
DEBB021;"'2019-09-26 01:00'";15;6;13;11;1;good
DEBB021;"'2019-09-26 02:00'";15;6;15;11;1;good
DEBB021;"'2019-09-26 03:00'";15;4;16;12;1;good
DEBB021;"'2019-09-26 04:00'";12;4;14;10;1;good
DEBB021;"'2019-09-26 05:00'";11;5;15;9;1;good
DEBB021;"'2019-09-26 06:00'";10;6;14;8;1;good
DEBB021;"'2019-09-26 07:00'";10;5;19;8;1;good
DEBB021;"'2019-09-26 08:00'";10;2;26;9;1;good
DEBB021;"'2019-09-26 09:00'";13;5;25;10;1;good
DEBB021;"'2019-09-26 10:00'";10;12;22;8;1;good
DEBB021;"'2019-09-26 11:00'";11;19;18;8;1;good
DEBB021;"'2019-09-26 12:00'";11;28;15;7;1;good
DEBB021;"'2019-09-26 13:00'";10;37;11;6;1;good
DEBB021;"'2019-09-26 14:00'";11;40;13;6;1;good
DEBB021;"'2019-09-26 15:00'";9;45;9;5;1;good
DEBB021;"'2019-09-26 16:00'";9;42;13;5;1;good
DEBB021;"'2019-09-26 17:00'";9;42;16;4;1;good
DEBB021;"'2019-09-26 18:00'";11;42;16;5;1;good
DEBB021;"'2019-09-26 19:00'";12;33;21;6;1;good
DEBB021;"'2019-09-26 20:00'";11;26;26;7;1;good
DEBB021;"'2019-09-26 21:00'";11;26;24;8;1;good
DEBB021;"'2019-09-26 22:00'";11;24;23;8;1;good
DEBB021;"'2019-09-26 23:00'";11;30;16;8;1;good
DEBB021;"'2019-09-26 24:00'";10;26;17;7;1;good
DEBB021;"'2019-09-27 01:00'";7;30;11;6;1;good
DEBB021;"'2019-09-27 02:00'";8;24;11;6;1;good
DEBB021;"'2019-09-27 03:00'";6;26;8;5;1;good
DEBB021;"'2019-09-27 04:00'";7;24;8;5;1;"very good"
DEBB021;"'2019-09-27 05:00'";7;20;8;6;1;good
DEBB021;"'2019-09-27 06:00'";8;16;11;6;1;good
DEBB021;"'2019-09-27 07:00'";8;10;15;6;1;good
DEBB021;"'2019-09-27 08:00'";8;8;18;6;1;good
DEBB021;"'2019-09-27 09:00'";9;9;20;6;1;good
DEBB021;"'2019-09-27 10:00'";10;14;19;7;1;good
DEBB021;"'2019-09-27 11:00'";8;18;21;6;1;good
DEBB021;"'2019-09-27 12:00'";10;20;22;7;1;good
DEBB021;"'2019-09-27 13:00'";7;43;14;5;1;good
DEBB021;"'2019-09-27 14:00'";5;42;18;4;1;good
DEBB021;"'2019-09-27 15:00'";5;33;25;4;1;good
DEBB021;"'2019-09-27 16:00'";5;39;22;4;1;good
DEBB021;"'2019-09-27 17:00'";5;40;22;4;1;good
DEBB021;"'2019-09-27 18:00'";6;46;14;5;1;good
DEBB021;"'2019-09-27 19:00'";9;33;19;7;1;good
DEBB021;"'2019-09-27 20:00'";13;28;16;9;1;good
DEBB021;"'2019-09-27 21:00'";16;24;16;11;1;good
DEBB021;"'2019-09-27 22:00'";17;9;27;12;1;good
DEBB021;"'2019-09-27 23:00'";13;18;16;10;1;good
DEBB021;"'2019-09-27 24:00'";11;23;11;8;1;good
DEBB021;"'2019-09-28 01:00'";10;22;12;7;1;good
DEBB021;"'2019-09-28 02:00'";9;22;11;7;1;good
DEBB021;"'2019-09-28 03:00'";10;22;11;7;1;good
DEBB021;"'2019-09-28 04:00'";10;25;10;7;1;good
DEBB021;"'2019-09-28 05:00'";10;25;9;7;1;good
DEBB021;"'2019-09-28 06:00'";10;24;10;7;1;good
DEBB021;"'2019-09-28 07:00'";10;23;12;8;1;good
DEBB021;"'2019-09-28 08:00'";11;24;12;8;1;good
DEBB021;"'2019-09-28 09:00'";11;27;10;8;1;good
DEBB021;"'2019-09-28 10:00'";10;31;10;7;1;good
DEBB021;"'2019-09-28 11:00'";10;28;14;7;1;good
DEBB021;"'2019-09-28 12:00'";11;37;9;7;1;good
DEBB021;"'2019-09-28 13:00'";11;45;8;5;1;good
DEBB021;"'2019-09-28 14:00'";8;48;8;5;1;good
DEBB021;"'2019-09-28 15:00'";6;47;8;4;1;good
DEBB021;"'2019-09-28 16:00'";6;48;8;4;1;good
DEBB021;"'2019-09-28 17:00'";6;37;14;4;1;good
DEBB021;"'2019-09-28 18:00'";5;37;12;4;1;good
DEBB021;"'2019-09-28 19:00'";5;38;11;4;1;good
DEBB021;"'2019-09-28 20:00'";7;30;12;5;1;good
DEBB021;"'2019-09-28 21:00'";6;33;8;4;1;good
DEBB021;"'2019-09-28 22:00'";7;32;7;5;1;good
DEBB021;"'2019-09-28 23:00'";5;39;6;4;1;good
DEBB021;"'2019-09-28 24:00'";5;37;5;4;1;good
DEBB021;"'2019-09-29 01:00'";5;38;5;3;1;good
DEBB021;"'2019-09-29 02:00'";4;40;4;3;1;good
DEBB021;"'2019-09-29 03:00'";4;43;3;2;1;good
DEBB021;"'2019-09-29 04:00'";4;42;2;3;1;good
DEBB021;"'2019-09-29 05:00'";4;42;2;3;1;good
DEBB021;"'2019-09-29 06:00'";4;43;2;3;1;good
DEBB021;"'2019-09-29 07:00'";5;40;3;3;1;good
DEBB021;"'2019-09-29 08:00'";6;40;3;4;1;good
DEBB021;"'2019-09-29 09:00'";6;42;2;4;1;good
DEBB021;"'2019-09-29 10:00'";6;44;4;4;1;good
DEBB021;"'2019-09-29 11:00'";6;41;8;4;1;good
DEBB021;"'2019-09-29 12:00'";7;37;11;5;1;good
DEBB021;"'2019-09-29 13:00'";8;33;10;6;1;good
DEBB021;"'2019-09-29 14:00'";8;31;12;5;1;good
DEBB021;"'2019-09-29 15:00'";9;31;14;7;1;good
DEBB021;"'2019-09-29 16:00'";8;29;17;6;1;good
DEBB021;"'2019-09-29 17:00'";8;40;10;5;1;good
DEBB021;"'2019-09-29 18:00'";8;44;8;5;1;good
DEBB021;"'2019-09-29 19:00'";8;43;8;5;1;good
DEBB021;"'2019-09-29 20:00'";7;56;6;4;1;good
DEBB021;"'2019-09-29 21:00'";8;56;5;4;1;good
DEBB021;"'2019-09-29 22:00'";7;52;5;5;1;good
DEBB021;"'2019-09-29 23:00'";6;53;4;4;1;good
DEBB021;"'2019-09-29 24:00'";6;56;2;4;1;good
DEBB021;"'2019-09-30 01:00'";6;54;2;4;1;good
DEBB021;"'2019-09-30 02:00'";5;55;2;3;1;good
DEBB021;"'2019-09-30 03:00'";3;55;2;2;1;good
DEBB021;"'2019-09-30 04:00'";3;52;2;2;1;good
DEBB021;"'2019-09-30 05:00'";3;46;2;2;1;good
DEBB021;"'2019-09-30 06:00'";2;43;3;1;1;good
DEBB021;"'2019-09-30 07:00'";0.9;41;6;0.8;1;good
DEBB021;"'2019-09-30 08:00'";1;44;8;0.8;1;good
DEBB021;"'2019-09-30 09:00'";0.9;53;6;0.8;1;good
DEBB021;"'2019-09-30 10:00'";0.9;54;5;0.8;1;good
DEBB021;"'2019-09-30 11:00'";2;57;4;0.8;1;good
DEBB021;"'2019-09-30 12:00'";3;57;3;2;1;good
DEBB021;"'2019-09-30 13:00'";5;60;4;4;1;good
DEBB021;"'2019-09-30 14:00'";7;62;3;4;1;good
DEBB021;"'2019-09-30 15:00'";6;61;5;4;1;good
DEBB021;"'2019-09-30 16:00'";5;63;2;4;1;good
DEBB021;"'2019-09-30 17:00'";6;62;6;4;1;good
DEBB021;"'2019-09-30 18:00'";6;61;6;3;1;good
DEBB021;"'2019-09-30 19:00'";6;63;5;4;1;good
DEBB021;"'2019-09-30 20:00'";5;63;3;4;1;good
DEBB021;"'2019-09-30 21:00'";5;59;4;4;1;good
DEBB021;"'2019-09-30 22:00'";6;52;7;4;1;good
DEBB021;"'2019-09-30 23:00'";7;47;7;5;1;good
DEBB021;"'2019-09-30 24:00'";7;42;7;5;1;good
DEBB021;"'2019-10-01 01:00'";6;46;7;4;1;good
DEBB021;"'2019-10-01 02:00'";8;42;7;5;1;good
DEBB021;"'2019-10-01 03:00'";9;44;7;6;1;good
DEBB021;"'2019-10-01 04:00'";9;40;6;6;1;good
DEBB021;"'2019-10-01 05:00'";12;38;8;8;1;good
DEBB021;"'2019-10-01 06:00'";13;32;10;10;1;good
DEBB021;"'2019-10-01 07:00'";15;24;16;12;1;good
DEBB021;"'2019-10-01 08:00'";13;19;21;9;1;good
DEBB021;"'2019-10-01 09:00'";10;16;23;7;1;good
DEBB021;"'2019-10-01 10:00'";9;20;18;6;1;good
DEBB021;"'2019-10-01 11:00'";10;23;19;8;1;good
DEBB021;"'2019-10-01 12:00'";9;28;16;7;1;good
DEBB021;"'2019-10-01 13:00'";8;32;14;5;1;good
DEBB021;"'2019-10-01 14:00'";7;33;15;5;1;good
DEBB021;"'2019-10-01 15:00'";7;38;12;5;1;good
DEBB021;"'2019-10-01 16:00'";6;37;11;4;1;good
DEBB021;"'2019-10-01 17:00'";6;35;11;4;1;good
DEBB021;"'2019-10-01 18:00'";6;36;11;4;1;good
DEBB021;"'2019-10-01 19:00'";5;34;13;4;1;good
DEBB021;"'2019-10-01 20:00'";6;37;10;4;1;good
DEBB021;"'2019-10-01 21:00'";6;38;9;4;1;good
DEBB021;"'2019-10-01 22:00'";6;37;9;4;1;good
DEBB021;"'2019-10-01 23:00'";5;41;8;4;1;good
DEBB021;"'2019-10-01 24:00'";3;48;5;2;1;good
DEBB021;"'2019-10-02 01:00'";2;43;5;1;1;good
DEBB021;"'2019-10-02 02:00'";2;43;5;1;1;good
DEBB021;"'2019-10-02 03:00'";5;37;5;4;1;good
DEBB021;"'2019-10-02 04:00'";7;30;6;5;1;good
DEBB021;"'2019-10-02 05:00'";8;34;5;5;1;good
DEBB021;"'2019-10-02 06:00'";2;59;2;1;1;good
DEBB021;"'2019-10-02 07:00'";3;62;3;2;1;good
DEBB021;"'2019-10-02 08:00'";4;55;9;3;1;good
DEBB021;"'2019-10-02 09:00'";5;47;14;4;1;good
DEBB021;"'2019-10-02 10:00'";3;51;11;3;1;good
DEBB021;"'2019-10-02 11:00'";3;53;10;3;1;good
DEBB021;"'2019-10-02 12:00'";4;54;8;3;1;good
DEBB021;"'2019-10-02 13:00'";6;51;9;4;1;good
DEBB021;"'2019-10-02 14:00'";6;56;6;4;1;good
DEBB021;"'2019-10-02 15:00'";6;59;6;3;1;good
DEBB021;"'2019-10-02 16:00'";6;59;6;3;1;good
DEBB021;"'2019-10-02 17:00'";5;61;7;3;1;good
DEBB021;"'2019-10-02 18:00'";5;58;9;3;1;good
DEBB021;"'2019-10-02 19:00'";6;56;10;3;1;good
DEBB021;"'2019-10-02 20:00'";6;51;11;4;1;good
DEBB021;"'2019-10-02 21:00'";6;44;14;4;1;good
DEBB021;"'2019-10-02 22:00'";5;41;13;4;1;good
DEBB021;"'2019-10-02 23:00'";6;34;18;4;1;good
DEBB021;"'2019-10-02 24:00'";5;36;15;4;1;good
DEBB021;"'2019-10-03 01:00'";6;41;9;4;1;good
DEBB021;"'2019-10-03 02:00'";5;44;5;3;1;good
DEBB021;"'2019-10-03 03:00'";4;43;4;3;1;good
DEBB021;"'2019-10-03 04:00'";5;42;4;4;1;good
DEBB021;"'2019-10-03 05:00'";5;39;4;4;1;good
DEBB021;"'2019-10-03 06:00'";4;35;5;3;1;good
DEBB021;"'2019-10-03 07:00'";4;33;4;3;1;good
DEBB021;"'2019-10-03 08:00'";5;35;3;4;1;good
DEBB021;"'2019-10-03 09:00'";5;37;3;4;1;good
DEBB021;"'2019-10-03 10:00'";4;39;4;3;1;good
DEBB021;"'2019-10-03 11:00'";4;40;5;3;1;good
DEBB021;"'2019-10-03 12:00'";5;41;3;4;1;good
DEBB021;"'2019-10-03 13:00'";6;40;2;5;1;good
DEBB021;"'2019-10-03 14:00'";7;41;3;5;1;good
DEBB021;"'2019-10-03 15:00'";5;46;2;3;1;good
DEBB021;"'2019-10-03 16:00'";5;39;5;4;1;good
DEBB021;"'2019-10-03 17:00'";4;40;4;3;1;good
DEBB021;"'2019-10-03 18:00'";4;38;5;3;1;good
DEBB021;"'2019-10-03 19:00'";5;33;6;4;1;good
DEBB021;"'2019-10-03 20:00'";8;29;8;6;1;good
DEBB021;"'2019-10-03 21:00'";12;23;12;9;1;good
DEBB021;"'2019-10-03 22:00'";12;18;14;9;1;good
DEBB021;"'2019-10-03 23:00'";9;15;12;7;1;good
DEBB021;"'2019-10-03 24:00'";10;12;14;7;1;good
DEBB021;"'2019-10-04 01:00'";9;12;13;7;1;good
DEBB021;"'2019-10-04 02:00'";7;17;8;5;1;"very good"
DEBB021;"'2019-10-04 03:00'";8;11;10;5;1;"very good"
DEBB021;"'2019-10-04 04:00'";9;6;12;6;1;good
DEBB021;"'2019-10-04 05:00'";9;2;13;6;1;good
DEBB021;"'2019-10-04 06:00'";9;2;14;6;1;good
DEBB021;"'2019-10-04 07:00'";8;2;17;6;1;good
DEBB021;"'2019-10-04 08:00'";9;2;17;6;1;good
DEBB021;"'2019-10-04 09:00'";10;4;19;7;1;good
DEBB021;"'2019-10-04 10:00'";10;6;22;7;1;good
DEBB021;"'2019-10-04 11:00'";10;12;19;7;1;good
DEBB021;"'2019-10-04 12:00'";6;27;14;4;1;good
DEBB021;"'2019-10-04 13:00'";4;29;16;3;1;good
DEBB021;"'2019-10-04 14:00'";7;26;14;5;1;good
DEBB021;"'2019-10-04 15:00'";11;18;16;8;1;good
DEBB021;"'2019-10-04 16:00'";9;21;14;7;1;good
DEBB021;"'2019-10-04 17:00'";10;23;14;7;1;good
DEBB021;"'2019-10-04 18:00'";10;19;18;8;1;good
DEBB021;"'2019-10-04 19:00'";8;23;16;7;1;good
DEBB021;"'2019-10-04 20:00'";6;34;16;5;1;good
DEBB021;"'2019-10-04 21:00'";6;37;13;5;1;good
DEBB021;"'2019-10-04 22:00'";6;37;13;5;1;good
DEBB021;"'2019-10-04 23:00'";7;37;11;6;1;good
DEBB021;"'2019-10-04 24:00'";9;35;9;7;1;good
DEBB021;"'2019-10-05 01:00'";8;37;8;7;1;good
DEBB021;"'2019-10-05 02:00'";7;39;8;6;1;good
DEBB021;"'2019-10-05 03:00'";5;41;7;4;1;good
DEBB021;"'2019-10-05 04:00'";5;43;7;4;1;good
DEBB021;"'2019-10-05 05:00'";7;35;7;5;1;good
DEBB021;"'2019-10-05 06:00'";8;30;9;7;1;good
DEBB021;"'2019-10-05 07:00'";9;31;8;8;1;good
DEBB021;"'2019-10-05 08:00'";11;30;9;9;1;good
DEBB021;"'2019-10-05 09:00'";11;31;9;9;1;good
DEBB021;"'2019-10-05 10:00'";9;41;7;7;1;good
DEBB021;"'2019-10-05 11:00'";9;40;10;7;1;good
DEBB021;"'2019-10-05 12:00'";10;37;9;8;1;good
DEBB021;"'2019-10-05 13:00'";16;30;11;12;1;good
DEBB021;"'2019-10-05 14:00'";13;39;8;11;1;good
DEBB021;"'2019-10-05 15:00'";8;46;7;7;1;good
DEBB021;"'2019-10-05 16:00'";6;52;5;5;1;good
DEBB021;"'2019-10-05 17:00'";6;54;6;4;1;good
DEBB021;"'2019-10-05 18:00'";6;54;7;5;1;good
DEBB021;"'2019-10-05 19:00'";6;47;8;4;1;good
DEBB021;"'2019-10-05 20:00'";10;29;25;8;1;good
DEBB021;"'2019-10-05 21:00'";8;41;10;6;1;good
DEBB021;"'2019-10-05 22:00'";8;39;11;6;1;good
DEBB021;"'2019-10-05 23:00'";18;35;12;14;1;good
DEBB021;"'2019-10-05 24:00'";11;33;11;8;1;good
DEBB021;"'2019-10-06 01:00'";9;33;10;7;1;good
DEBB021;"'2019-10-06 02:00'";9;28;11;7;1;good
DEBB021;"'2019-10-06 03:00'";9;26;10;6;1;good
DEBB021;"'2019-10-06 04:00'";9;19;9;7;1;good
DEBB021;"'2019-10-06 05:00'";9;11;13;7;1;good
DEBB021;"'2019-10-06 06:00'";10;11;13;7;1;good
DEBB021;"'2019-10-06 07:00'";10;7;19;8;1;good
DEBB021;"'2019-10-06 08:00'";12;3;21;8;1;good
DEBB021;"'2019-10-06 09:00'";12;8;15;9;1;good
DEBB021;"'2019-10-06 10:00'";12;13;14;9;1;good
DEBB021;"'2019-10-06 11:00'";10;24;12;7;1;good
DEBB021;"'2019-10-06 12:00'";9;32;10;7;1;good
DEBB021;"'2019-10-06 13:00'";6;46;7;5;1;good
DEBB021;"'2019-10-06 14:00'";5;54;5;3;1;good
DEBB021;"'2019-10-06 15:00'";4;60;4;3;1;good
DEBB021;"'2019-10-06 16:00'";4;61;5;3;1;good
DEBB021;"'2019-10-06 17:00'";4;61;5;3;1;good
DEBB021;"'2019-10-06 18:00'";4;58;6;3;1;good
DEBB021;"'2019-10-06 19:00'";6;49;10;4;1;good
DEBB021;"'2019-10-06 20:00'";7;43;14;5;1;good
DEBB021;"'2019-10-06 21:00'";8;38;18;6;1;good
DEBB021;"'2019-10-06 22:00'";9;31;24;7;1;good
DEBB021;"'2019-10-06 23:00'";10;32;21;8;1;good
DEBB021;"'2019-10-06 24:00'";11;31;20;9;1;good
DEBB021;"'2019-10-07 01:00'";11;30;18;9;1;good
DEBB021;"'2019-10-07 02:00'";11;25;18;9;1;good
DEBB021;"'2019-10-07 03:00'";11;17;19;9;1;good
DEBB021;"'2019-10-07 04:00'";11;13;18;8;1;good
DEBB021;"'2019-10-07 05:00'";12;5;25;9;1;good
DEBB021;"'2019-10-07 06:00'";12;2;30;9;1;good
DEBB021;"'2019-10-07 07:00'";15;2;30;11;1;good
DEBB021;"'2019-10-07 08:00'";18;2;32;13;1;moderate
DEBB021;"'2019-10-07 09:00'";18;3;34;13;1;moderate
DEBB021;"'2019-10-07 10:00'";17;6;41;13;1;moderate
DEBB021;"'2019-10-07 11:00'";20;20;48;15;3;moderate
DEBB021;"'2019-10-07 12:00'";17;39;31;12;1;moderate
DEBB021;"'2019-10-07 13:00'";14;47;25;10;1;good
DEBB021;"'2019-10-07 14:00'";11;55;18;8;1;good
DEBB021;"'2019-10-07 15:00'";8;64;11;6;1;good
DEBB021;"'2019-10-07 16:00'";8;65;9;6;1;good
DEBB021;"'2019-10-07 17:00'";7;65;11;5;1;good
DEBB021;"'2019-10-07 18:00'";7;60;14;5;1;good
DEBB021;"'2019-10-07 19:00'";11;34;37;7;1;moderate
DEBB021;"'2019-10-07 20:00'";11;20;44;8;1;moderate
DEBB021;"'2019-10-07 21:00'";20;2;57;14;1;moderate
DEBB021;"'2019-10-07 22:00'";24;2;54;16;1;moderate
DEBB021;"'2019-10-07 23:00'";21;2;47;16;1;moderate
DEBB021;"'2019-10-07 24:00'";18;5;46;14;1;moderate
DEBB021;"'2019-10-08 01:00'";15;10;36;12;1;moderate
DEBB021;"'2019-10-08 02:00'";15;9;36;12;1;moderate
DEBB021;"'2019-10-08 03:00'";13;21;19;11;1;good
DEBB021;"'2019-10-08 04:00'";12;30;13;10;1;good
DEBB021;"'2019-10-08 05:00'";14;33;12;11;1;good
DEBB021;"'2019-10-08 06:00'";15;27;13;12;1;good
DEBB021;"'2019-10-08 07:00'";17;17;21;13;1;good
DEBB021;"'2019-10-08 08:00'";17;13;23;13;1;good
DEBB021;"'2019-10-08 09:00'";21;9;26;15;1;good
DEBB021;"'2019-10-08 10:00'";18;10;23;14;1;good
DEBB021;"'2019-10-08 11:00'";19;11;21;14;1;good
DEBB021;"'2019-10-08 12:00'";14;15;19;11;1;good
DEBB021;"'2019-10-08 13:00'";9;22;15;8;1;good
DEBB021;"'2019-10-08 14:00'";9;25;16;7;1;good
DEBB021;"'2019-10-08 15:00'";7;24;18;5;1;good
DEBB021;"'2019-10-08 16:00'";6;28;16;4;1;good
DEBB021;"'2019-10-08 17:00'";5;27;17;4;1;good
DEBB021;"'2019-10-08 18:00'";6;25;18;4;1;good
DEBB021;"'2019-10-08 19:00'";7;25;15;4;1;good
DEBB021;"'2019-10-08 20:00'";7;24;13;4;1;good
DEBB021;"'2019-10-08 21:00'";6;19;12;4;1;good
DEBB021;"'2019-10-08 22:00'";5;20;13;4;1;good
DEBB021;"'2019-10-08 23:00'";5;24;12;3;1;good
DEBB021;"'2019-10-08 24:00'";5;26;9;3;1;good
DEBB021;"'2019-10-09 01:00'";6;28;8;4;1;good
DEBB021;"'2019-10-09 02:00'";7;28;7;5;1;good
DEBB021;"'2019-10-09 03:00'";8;24;8;5;1;"very good"
DEBB021;"'2019-10-09 04:00'";11;19;17;7;1;good
DEBB021;"'2019-10-09 05:00'";14;20;12;9;1;good
DEBB021;"'2019-10-09 06:00'";14;22;10;9;1;good
DEBB021;"'2019-10-09 07:00'";13;21;14;9;1;good
DEBB021;"'2019-10-09 08:00'";13;23;15;9;1;good
DEBB021;"'2019-10-09 09:00'";14;27;13;9;1;good
DEBB021;"'2019-10-09 10:00'";14;33;11;9;1;good
DEBB021;"'2019-10-09 11:00'";15;39;9;9;1;good
DEBB021;"'2019-10-09 12:00'";15;45;8;8;1;good
DEBB021;"'2019-10-09 13:00'";16;52;9;8;1;good
DEBB021;"'2019-10-09 14:00'";17;51;10;7;1;good
DEBB021;"'2019-10-09 15:00'";15;51;9;6;1;good
DEBB021;"'2019-10-09 16:00'";13;52;10;6;1;good
DEBB021;"'2019-10-09 17:00'";12;48;13;6;1;good
DEBB021;"'2019-10-09 18:00'";14;38;19;6;1;good
DEBB021;"'2019-10-09 19:00'";13;33;21;6;1;good
DEBB021;"'2019-10-09 20:00'";9;44;11;5;1;good
DEBB021;"'2019-10-09 21:00'";6;49;7;4;1;good
DEBB021;"'2019-10-09 22:00'";5;50;6;3;1;good
DEBB021;"'2019-10-09 23:00'";3;50;9;2;1;good
DEBB021;"'2019-10-09 24:00'";3;48;13;3;1;good
DEBB021;"'2019-10-10 01:00'";5;45;7;4;1;good
DEBB021;"'2019-10-10 02:00'";6;39;9;4;1;good
DEBB021;"'2019-10-10 03:00'";5;39;7;4;1;good
DEBB021;"'2019-10-10 04:00'";5;39;6;3;1;good
DEBB021;"'2019-10-10 05:00'";5;38;7;3;1;good
DEBB021;"'2019-10-10 06:00'";4;43;9;3;1;good
DEBB021;"'2019-10-10 07:00'";5;39;16;3;1;good
DEBB021;"'2019-10-10 08:00'";7;34;17;5;1;good
DEBB021;"'2019-10-10 09:00'";8;35;11;5;1;good
DEBB021;"'2019-10-10 10:00'";7;37;10;5;1;good
DEBB021;"'2019-10-10 11:00'";8;43;9;5;1;good
DEBB021;"'2019-10-10 12:00'";9;49;8;5;1;good
DEBB021;"'2019-10-10 13:00'";9;52;7;5;1;good
DEBB021;"'2019-10-10 14:00'";9;54;6;5;1;good
DEBB021;"'2019-10-10 15:00'";9;58;5;5;1;good
DEBB021;"'2019-10-10 16:00'";11;57;7;6;1;good
DEBB021;"'2019-10-10 17:00'";11;56;9;7;1;good
DEBB021;"'2019-10-10 18:00'";9;56;11;6;1;good
DEBB021;"'2019-10-10 19:00'";11;46;18;7;1;good
DEBB021;"'2019-10-10 20:00'";11;43;14;7;1;good
DEBB021;"'2019-10-10 21:00'";8;47;10;6;1;good
DEBB021;"'2019-10-10 22:00'";7;43;12;5;1;good
DEBB021;"'2019-10-10 23:00'";9;38;10;7;1;good
DEBB021;"'2019-10-10 24:00'";10;40;8;7;1;good
DEBB021;"'2019-10-11 01:00'";9;39;9;6;1;good
DEBB021;"'2019-10-11 02:00'";8;40;7;5;1;good
DEBB021;"'2019-10-11 03:00'";7;40;6;5;1;good
DEBB021;"'2019-10-11 04:00'";7;40;6;5;1;good
DEBB021;"'2019-10-11 05:00'";8;40;6;5;1;good
DEBB021;"'2019-10-11 06:00'";8;40;6;5;1;good
DEBB021;"'2019-10-11 07:00'";8;39;9;5;1;good
DEBB021;"'2019-10-11 08:00'";9;36;11;6;1;good
DEBB021;"'2019-10-11 09:00'";10;35;12;6;1;good
DEBB021;"'2019-10-11 10:00'";10;35;13;6;1;good
DEBB021;"'2019-10-11 11:00'";11;36;11;6;1;good
DEBB021;"'2019-10-11 12:00'";11;37;12;7;1;good
DEBB021;"'2019-10-11 13:00'";12;39;11;6;1;good
DEBB021;"'2019-10-11 14:00'";15;40;11;7;1;good
DEBB021;"'2019-10-11 15:00'";16;41;11;7;1;good
DEBB021;"'2019-10-11 16:00'";17;44;10;7;1;good
DEBB021;"'2019-10-11 17:00'";13;45;12;7;1;good
DEBB021;"'2019-10-11 18:00'";11;45;11;6;1;good
DEBB021;"'2019-10-11 19:00'";8;44;10;5;1;good
DEBB021;"'2019-10-11 20:00'";7;42;10;5;1;good
DEBB021;"'2019-10-11 21:00'";7;41;9;5;1;good
DEBB021;"'2019-10-11 22:00'";7;40;9;5;1;good
DEBB021;"'2019-10-11 23:00'";7;40;8;5;1;good
DEBB021;"'2019-10-11 24:00'";7;42;7;5;1;good
DEBB021;"'2019-10-12 01:00'";7;43;5;5;1;good
DEBB021;"'2019-10-12 02:00'";7;44;5;4;1;good
DEBB021;"'2019-10-12 03:00'";8;47;4;4;1;good
DEBB021;"'2019-10-12 04:00'";7;48;4;4;1;good
DEBB021;"'2019-10-12 05:00'";7;49;3;5;1;good
DEBB021;"'2019-10-12 06:00'";7;49;4;4;1;good
DEBB021;"'2019-10-12 07:00'";7;48;8;4;1;good
DEBB021;"'2019-10-12 08:00'";6;46;8;4;1;good
DEBB021;"'2019-10-12 09:00'";7;47;7;4;1;good
DEBB021;"'2019-10-12 10:00'";8;49;7;4;1;good
DEBB021;"'2019-10-12 11:00'";9;49;8;4;1;good
DEBB021;"'2019-10-12 12:00'";10;53;7;4;1;good
DEBB021;"'2019-10-12 13:00'";11;61;6;5;1;good
DEBB021;"'2019-10-12 14:00'";10;62;8;4;1;good
DEBB021;"'2019-10-12 15:00'";12;63;9;5;1;good
DEBB021;"'2019-10-12 16:00'";9;66;8;4;1;good
DEBB021;"'2019-10-12 17:00'";8;65;7;4;1;good
DEBB021;"'2019-10-12 18:00'";9;61;9;5;1;good
DEBB021;"'2019-10-12 19:00'";15;50;16;8;1;good
DEBB021;"'2019-10-12 20:00'";20;13;52;12;1;moderate
DEBB021;"'2019-10-12 21:00'";19;12;47;12;1;moderate
DEBB021;"'2019-10-12 22:00'";25;10;39;16;1;moderate
DEBB021;"'2019-10-12 23:00'";34;4;45;24;1;moderate
DEBB021;"'2019-10-12 24:00'";24;29;24;16;1;moderate
DEBB021;"'2019-10-13 01:00'";19;45;9;12;1;good
DEBB021;"'2019-10-13 02:00'";17;49;9;10;1;good
DEBB021;"'2019-10-13 03:00'";16;53;8;9;1;good
DEBB021;"'2019-10-13 04:00'";14;55;6;8;1;good
DEBB021;"'2019-10-13 05:00'";13;53;6;8;1;good
DEBB021;"'2019-10-13 06:00'";12;53;6;8;1;good
DEBB021;"'2019-10-13 07:00'";13;43;9;8;1;good
DEBB021;"'2019-10-13 08:00'";14;41;8;9;1;good
DEBB021;"'2019-10-13 09:00'";15;39;10;10;1;good
DEBB021;"'2019-10-13 10:00'";15;39;10;9;1;good
DEBB021;"'2019-10-13 11:00'";16;43;11;9;1;good
DEBB021;"'2019-10-13 12:00'";16;47;13;8;1;good
DEBB021;"'2019-10-13 13:00'";16;59;8;8;1;good
DEBB021;"'2019-10-13 14:00'";17;63;9;8;1;good
DEBB021;"'2019-10-13 15:00'";18;68;9;8;1;good
DEBB021;"'2019-10-13 16:00'";18;64;11;8;1;good
DEBB021;"'2019-10-13 17:00'";18;58;14;9;1;good
DEBB021;"'2019-10-13 18:00'";19;54;16;9;1;good
DEBB021;"'2019-10-13 19:00'";21;52;15;11;1;good
DEBB021;"'2019-10-13 20:00'";19;55;11;10;1;good
DEBB021;"'2019-10-13 21:00'";18;55;9;9;1;good
DEBB021;"'2019-10-13 22:00'";19;53;9;9;1;good
DEBB021;"'2019-10-13 23:00'";18;51;9;9;1;good
DEBB021;"'2019-10-13 24:00'";17;51;7;8;1;good
DEBB021;"'2019-10-14 01:00'";17;49;9;8;1;good
DEBB021;"'2019-10-14 02:00'";17;49;8;8;1;good
DEBB021;"'2019-10-14 03:00'";16;51;7;8;1;good
DEBB021;"'2019-10-14 04:00'";16;52;6;8;1;good
DEBB021;"'2019-10-14 05:00'";17;50;7;8;1;good
DEBB021;"'2019-10-14 06:00'";18;46;10;9;1;good
DEBB021;"'2019-10-14 07:00'";19;39;16;9;1;good
DEBB021;"'2019-10-14 08:00'";17;20;32;10;1;moderate
DEBB021;"'2019-10-14 09:00'";18;16;37;11;1;moderate
DEBB021;"'2019-10-14 10:00'";18;28;26;11;1;good
DEBB021;"'2019-10-14 11:00'";18;42;17;9;1;good
DEBB021;"'2019-10-14 12:00'";15;55;10;8;1;good
DEBB021;"'2019-10-14 13:00'";16;60;8;9;1;good
DEBB021;"'2019-10-14 14:00'";14;66;7;8;1;good
DEBB021;"'2019-10-14 15:00'";14;68;7;7;1;good
DEBB021;"'2019-10-14 16:00'";14;72;8;8;1;good
DEBB021;"'2019-10-14 17:00'";15;68;12;8;1;good
DEBB021;"'2019-10-14 18:00'";16;60;17;8;1;good
DEBB021;"'2019-10-14 19:00'";18;42;30;10;1;good
DEBB021;"'2019-10-14 20:00'";18;32;34;11;1;moderate
DEBB021;"'2019-10-14 21:00'";18;37;28;11;1;good
DEBB021;"'2019-10-14 22:00'";19;45;15;12;1;good
DEBB021;"'2019-10-14 23:00'";21;45;14;13;1;good
DEBB021;"'2019-10-14 24:00'";24;40;15;15;1;good
DEBB021;"'2019-10-15 01:00'";26;36;15;16;1;moderate
DEBB021;"'2019-10-15 02:00'";28;30;16;18;1;moderate
DEBB021;"'2019-10-15 03:00'";29;26;16;19;1;moderate
DEBB021;"'2019-10-15 04:00'";29;21;17;19;1;moderate
DEBB021;"'2019-10-15 05:00'";29;17;17;20;1;moderate
DEBB021;"'2019-10-15 06:00'";31;11;24;21;1;moderate
DEBB021;"'2019-10-15 07:00'";32;6;33;22;1;moderate
DEBB021;"'2019-10-15 08:00'";33;2;38;22;1;moderate
DEBB021;"'2019-10-15 09:00'";35;6;36;23;1;moderate
DEBB021;"'2019-10-15 10:00'";35;12;32;24;1;moderate
DEBB021;"'2019-10-15 11:00'";34;26;22;23;1;moderate
DEBB021;"'2019-10-15 12:00'";37;38;14;25;1;moderate
DEBB021;"'2019-10-15 13:00'";36;45;15;24;3;moderate
DEBB021;"'2019-10-15 14:00'";32;48;16;19;3;moderate
DEBB021;"'2019-10-15 15:00'";32;55;14;19;4;moderate
DEBB021;"'2019-10-15 16:00'";31;62;13;18;3;moderate
DEBB021;"'2019-10-15 17:00'";31;63;15;17;3;moderate
DEBB021;"'2019-10-15 18:00'";35;48;28;20;3;moderate
DEBB021;"'2019-10-15 19:00'";41;20;55;25;2;moderate
DEBB021;"'2019-10-15 20:00'";44;5;66;29;2;poor
DEBB021;"'2019-10-15 21:00'";41;8;45;27;1;moderate
DEBB021;"'2019-10-15 22:00'";43;2;42;29;1;moderate
DEBB021;"'2019-10-15 23:00'";45;2;42;31;1;poor
DEBB021;"'2019-10-15 24:00'";44;2;41;31;1;poor
DEBB021;"'2019-10-16 01:00'";43;2;32;31;1;poor
DEBB021;"'2019-10-16 02:00'";40;2;30;30;1;moderate
DEBB021;"'2019-10-16 03:00'";38;2;32;30;1;moderate
DEBB021;"'2019-10-16 04:00'";37;9;24;29;1;moderate
DEBB021;"'2019-10-16 05:00'";36;8;21;29;1;moderate
DEBB021;"'2019-10-16 06:00'";38;8;20;29;1;moderate
DEBB021;"'2019-10-16 07:00'";31;13;19;24;1;moderate
DEBB021;"'2019-10-16 08:00'";9;33;14;7;1;good
DEBB021;"'2019-10-16 09:00'";2;46;9;1;1;good
DEBB021;"'2019-10-16 10:00'";3;48;12;2;1;good
DEBB021;"'2019-10-16 11:00'";3;43;15;2;1;good
DEBB021;"'2019-10-16 12:00'";4;48;10;3;1;good
DEBB021;"'2019-10-16 13:00'";5;51;11;3;1;good
DEBB021;"'2019-10-16 14:00'";4;52;12;3;1;good
DEBB021;"'2019-10-16 15:00'";5;47;13;3;1;good
DEBB021;"'2019-10-16 16:00'";5;40;14;4;1;good
DEBB021;"'2019-10-16 17:00'";6;39;14;4;1;good
DEBB021;"'2019-10-16 18:00'";6;39;12;4;1;good
DEBB021;"'2019-10-16 19:00'";8;31;15;5;1;good
DEBB021;"'2019-10-16 20:00'";11;26;17;7;1;good
DEBB021;"'2019-10-16 21:00'";14;24;18;9;1;good
DEBB021;"'2019-10-16 22:00'";11;32;12;7;1;good
DEBB021;"'2019-10-16 23:00'";10;30;11;7;1;good
DEBB021;"'2019-10-16 24:00'";11;29;9;7;1;good
DEBB021;"'2019-10-17 01:00'";11;27;9;7;1;good
DEBB021;"'2019-10-17 02:00'";8;35;6;5;1;good
DEBB021;"'2019-10-17 03:00'";8;34;6;5;1;good
DEBB021;"'2019-10-17 04:00'";8;34;6;5;1;good
DEBB021;"'2019-10-17 05:00'";9;31;7;5;1;good
DEBB021;"'2019-10-17 06:00'";9;29;10;6;1;good
DEBB021;"'2019-10-17 07:00'";9;27;15;6;1;good
DEBB021;"'2019-10-17 08:00'";9;25;20;5;1;good
DEBB021;"'2019-10-17 09:00'";8;28;22;5;1;good
DEBB021;"'2019-10-17 10:00'";10;32;15;5;1;good
DEBB021;"'2019-10-17 11:00'";13;31;19;5;1;good
DEBB021;"'2019-10-17 12:00'";12;32;18;5;2;good
DEBB021;"'2019-10-17 13:00'";12;35;17;5;3;good
DEBB021;"'2019-10-17 14:00'";13;38;17;5;3;good
DEBB021;"'2019-10-17 15:00'";11;39;17;5;3;good
DEBB021;"'2019-10-17 16:00'";13;44;14;5;2;good
DEBB021;"'2019-10-17 17:00'";13;34;24;5;2;good
DEBB021;"'2019-10-17 18:00'";14;36;19;5;1;good
DEBB021;"'2019-10-17 19:00'";11;30;21;5;1;good
DEBB021;"'2019-10-17 20:00'";11;21;29;5;1;good
DEBB021;"'2019-10-17 21:00'";10;28;18;6;1;good
DEBB021;"'2019-10-17 22:00'";9;29;15;6;1;good
DEBB021;"'2019-10-17 23:00'";9;27;15;6;1;good
DEBB021;"'2019-10-17 24:00'";10;16;24;7;1;good
DEBB021;"'2019-10-18 01:00'";10;17;19;6;1;good
DEBB021;"'2019-10-18 02:00'";9;22;13;6;1;good
DEBB021;"'2019-10-18 03:00'";9;24;11;6;1;good
DEBB021;"'2019-10-18 04:00'";10;25;10;6;1;good
DEBB021;"'2019-10-18 05:00'";10;27;9;7;1;good
DEBB021;"'2019-10-18 06:00'";11;18;13;8;1;good
DEBB021;"'2019-10-18 07:00'";12;15;18;8;1;good
DEBB021;"'2019-10-18 08:00'";13;10;22;9;1;good
DEBB021;"'2019-10-18 09:00'";13;12;22;9;1;good
DEBB021;"'2019-10-18 10:00'";12;17;19;8;1;good
DEBB021;"'2019-10-18 11:00'";14;23;18;9;1;good
DEBB021;"'2019-10-18 12:00'";8;37;13;4;1;good
DEBB021;"'2019-10-18 13:00'";7;41;14;3;1;good
DEBB021;"'2019-10-18 14:00'";10;48;10;4;1;good
DEBB021;"'2019-10-18 15:00'";8;51;9;3;1;good
DEBB021;"'2019-10-18 16:00'";8;48;12;4;2;good
DEBB021;"'2019-10-18 17:00'";8;46;12;4;1;good
DEBB021;"'2019-10-18 18:00'";9;47;10;4;1;good
DEBB021;"'2019-10-18 19:00'";10;44;11;5;1;good
DEBB021;"'2019-10-18 20:00'";5;52;11;3;1;good
DEBB021;"'2019-10-18 21:00'";4;56;9;3;1;good
DEBB021;"'2019-10-18 22:00'";4;64;7;3;1;good
DEBB021;"'2019-10-18 23:00'";5;56;13;3;1;good
DEBB021;"'2019-10-18 24:00'";4;48;10;3;1;good
DEBB021;"'2019-10-19 01:00'";5;48;6;3;1;good
DEBB021;"'2019-10-19 02:00'";5;44;7;3;1;good
DEBB021;"'2019-10-19 03:00'";5;41;7;3;1;good
DEBB021;"'2019-10-19 04:00'";6;36;9;3;1;good
DEBB021;"'2019-10-19 05:00'";6;38;8;4;1;good
DEBB021;"'2019-10-19 06:00'";5;33;10;3;1;good
DEBB021;"'2019-10-19 07:00'";6;29;13;3;1;good
DEBB021;"'2019-10-19 08:00'";7;26;13;4;1;good
DEBB021;"'2019-10-19 09:00'";8;22;16;5;1;good
DEBB021;"'2019-10-19 10:00'";8;21;15;5;1;good
DEBB021;"'2019-10-19 11:00'";8;24;14;5;1;good
DEBB021;"'2019-10-19 12:00'";9;30;12;4;1;good
DEBB021;"'2019-10-19 13:00'";9;30;19;4;1;good
DEBB021;"'2019-10-19 14:00'";8;34;17;4;1;good
DEBB021;"'2019-10-19 15:00'";7;42;12;3;1;good
DEBB021;"'2019-10-19 16:00'";7;49;9;3;1;good
DEBB021;"'2019-10-19 17:00'";6;47;10;3;1;good
DEBB021;"'2019-10-19 18:00'";6;43;10;4;1;good
DEBB021;"'2019-10-19 19:00'";7;42;11;5;1;good
DEBB021;"'2019-10-19 20:00'";8;37;13;6;1;good
DEBB021;"'2019-10-19 21:00'";12;30;16;8;1;good
DEBB021;"'2019-10-19 22:00'";12;26;16;8;1;good
DEBB021;"'2019-10-19 23:00'";15;23;17;10;1;good
DEBB021;"'2019-10-19 24:00'";14;23;18;9;1;good
DEBB021;"'2019-10-20 01:00'";10;35;10;7;1;good
DEBB021;"'2019-10-20 02:00'";10;35;9;6;1;good
DEBB021;"'2019-10-20 03:00'";10;31;9;7;1;good
DEBB021;"'2019-10-20 04:00'";10;30;9;6;1;good
DEBB021;"'2019-10-20 05:00'";10;27;10;7;1;good
DEBB021;"'2019-10-20 06:00'";10;23;12;7;1;good
DEBB021;"'2019-10-20 07:00'";10;24;10;6;1;good
DEBB021;"'2019-10-20 08:00'";10;25;10;6;1;good
DEBB021;"'2019-10-20 09:00'";10;25;11;6;1;good
DEBB021;"'2019-10-20 10:00'";10;23;12;7;1;good
DEBB021;"'2019-10-20 11:00'";10;24;16;6;1;good
DEBB021;"'2019-10-20 12:00'";11;36;14;5;1;good
DEBB021;"'2019-10-20 13:00'";8;49;7;4;1;good
DEBB021;"'2019-10-20 14:00'";11;44;8;6;1;good
DEBB021;"'2019-10-20 15:00'";11;51;7;6;3;good
DEBB021;"'2019-10-20 16:00'";12;51;8;7;2;good
DEBB021;"'2019-10-20 17:00'";11;54;8;6;1;good
DEBB021;"'2019-10-20 18:00'";12;44;18;6;1;good
DEBB021;"'2019-10-20 19:00'";17;14;47;10;1;moderate
DEBB021;"'2019-10-20 20:00'";16;14;36;10;1;moderate
DEBB021;"'2019-10-20 21:00'";19;18;27;12;1;good
DEBB021;"'2019-10-20 22:00'";19;22;31;13;1;moderate
DEBB021;"'2019-10-20 23:00'";20;29;22;14;1;good
DEBB021;"'2019-10-20 24:00'";22;31;16;16;1;moderate
DEBB021;"'2019-10-21 01:00'";22;30;13;16;1;moderate
DEBB021;"'2019-10-21 02:00'";23;19;20;16;1;moderate
DEBB021;"'2019-10-21 03:00'";23;21;18;17;1;moderate
DEBB021;"'2019-10-21 04:00'";24;18;18;17;1;moderate
DEBB021;"'2019-10-21 05:00'";25;16;20;18;1;moderate
DEBB021;"'2019-10-21 06:00'";26;13;20;18;1;moderate
DEBB021;"'2019-10-21 07:00'";27;3;31;19;1;moderate
DEBB021;"'2019-10-21 08:00'";31;2;32;20;1;moderate
DEBB021;"'2019-10-21 09:00'";36;2;34;22;1;moderate
DEBB021;"'2019-10-21 10:00'";32;4;30;22;1;moderate
DEBB021;"'2019-10-21 11:00'";-;-;-;-;-;-;
DEBB021;"'2019-10-21 12:00'";-;-;-;-;-;-;
DEBB021;"'2019-10-21 13:00'";-;-;-;-;-;-;
DEBB021;"'2019-10-21 14:00'";-;-;-;-;-;-;
DEBB021;"'2019-10-21 15:00'";-;-;-;-;-;-;
DEBB021;"'2019-10-21 16:00'";-;-;-;-;-;-;
DEBB021;"'2019-10-21 17:00'";-;-;-;-;-;-;
DEBB021;"'2019-10-21 18:00'";-;-;-;-;-;-;
DEBB021;"'2019-10-21 19:00'";-;-;-;-;-;-;
DEBB021;"'2019-10-21 20:00'";-;-;-;-;-;-;
DEBB021;"'2019-10-21 21:00'";-;-;-;-;-;-;
DEBB021;"'2019-10-21 22:00'";-;-;-;-;-;-;
DEBB021;"'2019-10-21 23:00'";-;-;-;-;-;-;
DEBB021;"'2019-10-21 24:00'";-;-;-;-;-;-;
DEBB021;"'2019-10-22 01:00'";-;-;-;-;-;-;
DEBB021;"'2019-10-22 02:00'";-;-;-;-;-;-;
DEBB021;"'2019-10-22 03:00'";-;-;-;-;-;-;
DEBB021;"'2019-10-22 04:00'";-;-;-;-;-;-;
DEBB021;"'2019-10-22 05:00'";-;-;-;-;-;-;
DEBB021;"'2019-10-22 06:00'";-;-;-;-;-;-;
DEBB021;"'2019-10-22 07:00'";-;-;-;-;-;-;
DEBB021;"'2019-10-22 08:00'";-;-;-;-;-;-;
DEBB021;"'2019-10-22 09:00'";-;-;-;-;-;-;
DEBB021;"'2019-10-22 10:00'";-;-;-;-;-;-;
DEBB021;"'2019-10-22 11:00'";-;-;-;-;-;-;
DEBB021;"'2019-10-22 12:00'";-;-;-;-;-;-;
DEBB021;"'2019-10-22 13:00'";-;-;-;-;-;-;
DEBB021;"'2019-10-22 14:00'";-;-;-;-;-;-;
DEBB021;"'2019-10-22 15:00'";-;-;-;-;-;-;
DEBB021;"'2019-10-22 16:00'";-;-;-;-;-;-;
DEBB021;"'2019-10-22 17:00'";18;34;-;10;1;good
DEBB021;"'2019-10-22 18:00'";18;29;17;9;1;good
DEBB021;"'2019-10-22 19:00'";16;17;26;10;1;good
DEBB021;"'2019-10-22 20:00'";16;14;27;10;1;good
DEBB021;"'2019-10-22 21:00'";17;13;30;12;1;good
DEBB021;"'2019-10-22 22:00'";17;14;30;12;1;good
DEBB021;"'2019-10-22 23:00'";15;27;17;11;1;good
DEBB021;"'2019-10-22 24:00'";17;20;17;12;1;good
DEBB021;"'2019-10-23 01:00'";16;13;19;11;1;good
DEBB021;"'2019-10-23 02:00'";17;9;20;11;1;good
DEBB021;"'2019-10-23 03:00'";17;9;16;11;1;good
DEBB021;"'2019-10-23 04:00'";18;2;21;11;1;good
DEBB021;"'2019-10-23 05:00'";17;2;19;11;1;good
DEBB021;"'2019-10-23 06:00'";18;2;20;11;1;good
DEBB021;"'2019-10-23 07:00'";20;2;27;14;1;good
DEBB021;"'2019-10-23 08:00'";23;2;26;15;1;good
DEBB021;"'2019-10-23 09:00'";24;2;27;15;1;good
DEBB021;"'2019-10-23 10:00'";25;4;36;17;2;moderate
DEBB021;"'2019-10-23 11:00'";25;8;35;17;3;moderate
DEBB021;"'2019-10-23 12:00'";24;17;26;16;3;moderate
DEBB021;"'2019-10-23 13:00'";29;27;19;17;4;moderate
DEBB021;"'2019-10-23 14:00'";36;31;16;17;4;moderate
DEBB021;"'2019-10-23 15:00'";46;37;15;20;3;moderate
DEBB021;"'2019-10-23 16:00'";31;32;18;19;5;moderate
DEBB021;"'2019-10-23 17:00'";33;35;19;20;3;moderate
DEBB021;"'2019-10-23 18:00'";29;31;22;19;2;moderate
DEBB021;"'2019-10-23 19:00'";29;21;29;20;1;moderate
DEBB021;"'2019-10-23 20:00'";31;21;25;22;1;moderate
DEBB021;"'2019-10-23 21:00'";32;22;21;24;1;moderate
DEBB021;"'2019-10-23 22:00'";33;22;18;25;1;moderate
DEBB021;"'2019-10-23 23:00'";36;21;16;28;1;moderate
DEBB021;"'2019-10-23 24:00'";44;27;13;36;1;poor
DEBB021;"'2019-10-24 01:00'";47;28;12;37;3;poor
DEBB021;"'2019-10-24 02:00'";46;23;16;36;3;poor
DEBB021;"'2019-10-24 03:00'";44;22;17;35;3;poor
DEBB021;"'2019-10-24 04:00'";42;29;10;33;1;poor
DEBB021;"'2019-10-24 05:00'";39;27;10;30;2;moderate
DEBB021;"'2019-10-24 06:00'";33;19;15;27;2;moderate
DEBB021;"'2019-10-24 07:00'";36;14;21;30;1;moderate
DEBB021;"'2019-10-24 08:00'";40;14;24;31;1;poor
DEBB021;"'2019-10-24 09:00'";37;17;22;30;2;moderate
DEBB021;"'2019-10-24 10:00'";42;24;19;34;3;poor
DEBB021;"'2019-10-24 11:00'";56;25;20;44;4;poor
DEBB021;"'2019-10-24 12:00'";64;29;18;50;4;poor
DEBB021;"'2019-10-24 13:00'";65;36;16;52;4;"very poor"
DEBB021;"'2019-10-24 14:00'";66;41;15;52;4;"very poor"
DEBB021;"'2019-10-24 15:00'";66;48;13;52;4;"very poor"
DEBB021;"'2019-10-24 16:00'";69;49;16;54;5;"very poor"
DEBB021;"'2019-10-24 17:00'";73;40;26;55;4;"very poor"
DEBB021;"'2019-10-24 18:00'";73;23;44;55;4;"very poor"
DEBB021;"'2019-10-24 19:00'";78;4;59;57;3;"very poor"
DEBB021;"'2019-10-24 20:00'";63;6;38;47;1;poor
DEBB021;"'2019-10-24 21:00'";54;4;30;40;1;poor
DEBB021;"'2019-10-24 22:00'";48;5;25;35;1;poor
DEBB021;"'2019-10-24 23:00'";43;2;23;31;1;poor
DEBB021;"'2019-10-24 24:00'";40;2;21;30;1;moderate
DEBB021;"'2019-10-25 01:00'";38;2;20;28;1;moderate
DEBB021;"'2019-10-25 02:00'";33;2;20;25;1;moderate
DEBB021;"'2019-10-25 03:00'";29;5;20;21;1;moderate
DEBB021;"'2019-10-25 04:00'";27;9;18;19;1;moderate
DEBB021;"'2019-10-25 05:00'";24;12;15;16;1;moderate
DEBB021;"'2019-10-25 06:00'";22;11;17;15;1;good
DEBB021;"'2019-10-25 07:00'";21;10;23;14;1;good
DEBB021;"'2019-10-25 08:00'";21;9;26;13;1;good
DEBB021;"'2019-10-25 09:00'";20;14;23;13;1;good
DEBB021;"'2019-10-25 10:00'";19;21;18;12;1;good
DEBB021;"'2019-10-25 11:00'";18;31;15;10;1;good
DEBB021;"'2019-10-25 12:00'";15;44;11;7;1;good
DEBB021;"'2019-10-25 13:00'";13;52;8;7;1;good
DEBB021;"'2019-10-25 14:00'";13;54;8;7;1;good
DEBB021;"'2019-10-25 15:00'";11;53;9;6;1;good
DEBB021;"'2019-10-25 16:00'";13;53;10;6;1;good
DEBB021;"'2019-10-25 17:00'";13;51;12;6;1;good
DEBB021;"'2019-10-25 18:00'";14;42;21;6;1;good
DEBB021;"'2019-10-25 19:00'";15;27;36;7;1;moderate
DEBB021;"'2019-10-25 20:00'";15;15;42;9;1;moderate
DEBB021;"'2019-10-25 21:00'";16;12;41;10;1;moderate
DEBB021;"'2019-10-25 22:00'";15;31;16;10;1;good
DEBB021;"'2019-10-25 23:00'";17;30;17;11;1;good
DEBB021;"'2019-10-25 24:00'";12;34;12;8;1;good
DEBB021;"'2019-10-26 01:00'";11;35;11;7;1;good
DEBB021;"'2019-10-26 02:00'";11;34;11;8;1;good
DEBB021;"'2019-10-26 03:00'";11;33;12;7;1;good
DEBB021;"'2019-10-26 04:00'";12;31;12;8;1;good
DEBB021;"'2019-10-26 05:00'";13;28;12;9;1;good
DEBB021;"'2019-10-26 06:00'";11;30;11;7;1;good
DEBB021;"'2019-10-26 07:00'";10;32;12;6;1;good
DEBB021;"'2019-10-26 08:00'";10;31;14;6;1;good
DEBB021;"'2019-10-26 09:00'";9;35;11;6;1;good
DEBB021;"'2019-10-26 10:00'";9;34;13;6;1;good
DEBB021;"'2019-10-26 11:00'";10;39;11;6;1;good
DEBB021;"'2019-10-26 12:00'";11;41;11;6;1;good
DEBB021;"'2019-10-26 13:00'";10;46;9;5;1;good
DEBB021;"'2019-10-26 14:00'";10;45;13;4;1;good
DEBB021;"'2019-10-26 15:00'";8;48;12;4;1;good
DEBB021;"'2019-10-26 16:00'";9;48;11;4;1;good
DEBB021;"'2019-10-26 17:00'";9;51;8;4;1;good
DEBB021;"'2019-10-26 18:00'";10;46;13;5;1;good
DEBB021;"'2019-10-26 19:00'";11;48;11;6;1;good
DEBB021;"'2019-10-26 20:00'";13;49;10;8;1;good
DEBB021;"'2019-10-26 21:00'";13;50;9;8;1;good
DEBB021;"'2019-10-26 22:00'";14;48;10;9;1;good
DEBB021;"'2019-10-26 23:00'";14;47;9;9;1;good
DEBB021;"'2019-10-26 24:00'";14;45;10;9;1;good
DEBB021;"'2019-10-27 01:00'";14;44;10;9;1;good
DEBB021;"'2019-10-27 02:00'";13;46;9;8;1;good
DEBB021;"'2019-10-27 03:00'";11;50;7;7;1;good
DEBB021;"'2019-10-27 03:00'";10;53;5;5;1;good
DEBB021;"'2019-10-27 04:00'";9;52;5;5;1;good
DEBB021;"'2019-10-27 05:00'";10;53;4;5;1;good
DEBB021;"'2019-10-27 06:00'";10;52;4;5;1;good
DEBB021;"'2019-10-27 07:00'";10;52;3;5;1;good
DEBB021;"'2019-10-27 08:00'";10;51;5;5;1;good
DEBB021;"'2019-10-27 09:00'";8;50;5;5;1;good
DEBB021;"'2019-10-27 10:00'";0.9;56;3;0.8;1;good
DEBB021;"'2019-10-27 11:00'";0.9;57;3;0.8;1;good
DEBB021;"'2019-10-27 12:00'";5;59;5;3;1;good
DEBB021;"'2019-10-27 13:00'";6;58;5;4;1;good
DEBB021;"'2019-10-27 14:00'";9;57;5;5;1;good
DEBB021;"'2019-10-27 15:00'";8;59;5;4;1;good
DEBB021;"'2019-10-27 16:00'";9;60;5;5;1;good
DEBB021;"'2019-10-27 17:00'";10;53;10;5;1;good
DEBB021;"'2019-10-27 18:00'";11;46;15;6;1;good
DEBB021;"'2019-10-27 19:00'";12;47;14;7;1;good
DEBB021;"'2019-10-27 20:00'";11;45;14;6;1;good
DEBB021;"'2019-10-27 21:00'";9;45;11;6;1;good
DEBB021;"'2019-10-27 22:00'";9;44;10;6;1;good
DEBB021;"'2019-10-27 23:00'";9;41;11;6;1;good
DEBB021;"'2019-10-27 24:00'";9;42;11;6;1;good
DEBB021;"'2019-10-28 01:00'";9;42;10;6;1;good
DEBB021;"'2019-10-28 02:00'";8;43;9;6;1;good
DEBB021;"'2019-10-28 03:00'";8;40;11;6;1;good
DEBB021;"'2019-10-28 04:00'";8;36;16;5;1;good
DEBB021;"'2019-10-28 05:00'";8;39;12;5;1;good
DEBB021;"'2019-10-28 06:00'";8;37;12;5;1;good
DEBB021;"'2019-10-28 07:00'";8;31;20;6;1;good
DEBB021;"'2019-10-28 08:00'";8;30;20;6;1;good
DEBB021;"'2019-10-28 09:00'";8;37;14;6;1;good
DEBB021;"'2019-10-28 10:00'";9;42;10;6;1;good
DEBB021;"'2019-10-28 11:00'";15;45;10;10;1;good
DEBB021;"'2019-10-28 12:00'";13;49;9;7;1;good
DEBB021;"'2019-10-28 13:00'";12;55;7;6;1;good
DEBB021;"'2019-10-28 14:00'";15;57;8;7;1;good
DEBB021;"'2019-10-28 15:00'";12;61;7;5;1;good
DEBB021;"'2019-10-28 16:00'";21;57;11;8;1;good
DEBB021;"'2019-10-28 17:00'";11;51;16;5;1;good
DEBB021;"'2019-10-28 18:00'";5;53;14;3;1;good
DEBB021;"'2019-10-28 19:00'";7;49;17;5;1;good
DEBB021;"'2019-10-28 20:00'";5;55;11;4;1;good
DEBB021;"'2019-10-28 21:00'";5;51;11;4;1;good
DEBB021;"'2019-10-28 22:00'";8;41;15;6;1;good
DEBB021;"'2019-10-28 23:00'";10;36;16;8;1;good
DEBB021;"'2019-10-28 24:00'";8;35;13;6;1;good
DEBB021;"'2019-10-29 01:00'";8;34;12;6;1;good
DEBB021;"'2019-10-29 02:00'";8;34;12;6;1;good
DEBB021;"'2019-10-29 03:00'";9;34;10;7;1;good
DEBB021;"'2019-10-29 04:00'";10;30;11;8;1;good
DEBB021;"'2019-10-29 05:00'";11;29;10;9;1;good
DEBB021;"'2019-10-29 06:00'";12;26;11;10;1;good
DEBB021;"'2019-10-29 07:00'";14;18;22;11;1;good
DEBB021;"'2019-10-29 08:00'";15;13;28;12;1;good
DEBB021;"'2019-10-29 09:00'";16;17;26;11;1;good
DEBB021;"'2019-10-29 10:00'";16;31;16;12;1;good
DEBB021;"'2019-10-29 11:00'";15;38;12;11;1;good
DEBB021;"'2019-10-29 12:00'";17;43;10;12;1;good
DEBB021;"'2019-10-29 13:00'";15;46;10;11;1;good
DEBB021;"'2019-10-29 14:00'";18;44;11;12;1;good
DEBB021;"'2019-10-29 15:00'";11;46;12;7;1;good
DEBB021;"'2019-10-29 16:00'";22;50;10;8;1;good
DEBB021;"'2019-10-29 17:00'";11;39;22;4;1;good
DEBB021;"'2019-10-29 18:00'";5;22;38;4;1;moderate
DEBB021;"'2019-10-29 19:00'";8;16;41;6;1;moderate
DEBB021;"'2019-10-29 20:00'";10;17;37;7;1;moderate
DEBB021;"'2019-10-29 21:00'";11;19;32;9;1;moderate
DEBB021;"'2019-10-29 22:00'";14;16;34;11;1;moderate
DEBB021;"'2019-10-29 23:00'";14;6;38;11;1;moderate
DEBB021;"'2019-10-29 24:00'";12;6;35;10;1;moderate
DEBB021;"'2019-10-30 01:00'";12;7;29;10;1;good
DEBB021;"'2019-10-30 02:00'";11;6;26;9;1;good
DEBB021;"'2019-10-30 03:00'";10;6;23;9;1;good
DEBB021;"'2019-10-30 04:00'";9;7;22;8;1;good
DEBB021;"'2019-10-30 05:00'";8;7;25;7;1;good
DEBB021;"'2019-10-30 06:00'";9;2;28;8;1;good
DEBB021;"'2019-10-30 07:00'";11;3;32;9;1;moderate
DEBB021;"'2019-10-30 08:00'";15;2;36;11;1;moderate
DEBB021;"'2019-10-30 09:00'";15;6;38;12;3;moderate
DEBB021;"'2019-10-30 10:00'";20;7;47;13;1;moderate
DEBB021;"'2019-10-30 11:00'";9;28;43;6;5;moderate
DEBB021;"'2019-10-30 12:00'";7;43;28;5;6;good
DEBB021;"'2019-10-30 13:00'";10;56;16;4;3;good
DEBB021;"'2019-10-30 14:00'";7;45;27;4;6;good
DEBB021;"'2019-10-30 15:00'";5;50;25;3;5;good
DEBB021;"'2019-10-30 16:00'";6;49;25;4;3;good
DEBB021;"'2019-10-30 17:00'";8;42;33;4;1;moderate
DEBB021;"'2019-10-30 18:00'";13;16;56;7;1;moderate
DEBB021;"'2019-10-30 19:00'";17;2;70;10;1;poor
DEBB021;"'2019-10-30 20:00'";20;2;65;14;1;poor
DEBB021;"'2019-10-30 21:00'";21;2;60;16;1;moderate
DEBB021;"'2019-10-30 22:00'";26;2;58;20;1;moderate
DEBB021;"'2019-10-30 23:00'";31;4;56;24;2;moderate
DEBB021;"'2019-10-30 24:00'";31;2;45;24;1;moderate
DEBB021;"'2019-10-31 01:00'";30;2;41;24;1;moderate
DEBB021;"'2019-10-31 02:00'";25;2;41;20;1;moderate
DEBB021;"'2019-10-31 03:00'";23;2;40;18;1;moderate
DEBB021;"'2019-10-31 04:00'";20;2;39;17;1;moderate
DEBB021;"'2019-10-31 05:00'";18;2;39;15;1;moderate
DEBB021;"'2019-10-31 06:00'";18;2;40;15;1;moderate
DEBB021;"'2019-10-31 07:00'";19;2;41;16;1;moderate
DEBB021;"'2019-10-31 08:00'";19;2;40;16;1;moderate
DEBB021;"'2019-10-31 09:00'";19;6;37;16;1;moderate
DEBB021;"'2019-10-31 10:00'";18;11;41;15;1;moderate
DEBB021;"'2019-10-31 11:00'";15;25;34;12;1;moderate
DEBB021;"'2019-10-31 12:00'";15;36;24;13;1;good
DEBB021;"'2019-10-31 13:00'";14;47;16;12;1;good
DEBB021;"'2019-10-31 14:00'";13;54;11;11;1;good
DEBB021;"'2019-10-31 15:00'";16;53;12;13;2;good
DEBB021;"'2019-10-31 16:00'";17;46;18;14;4;good
DEBB021;"'2019-10-31 17:00'";20;33;29;16;2;moderate
DEBB021;"'2019-10-31 18:00'";23;24;36;19;1;moderate
DEBB021;"'2019-10-31 19:00'";35;6;57;29;1;moderate
DEBB021;"'2019-10-31 20:00'";49;5;56;40;1;poor
DEBB021;"'2019-10-31 21:00'";51;6;54;43;1;poor
DEBB021;"'2019-10-31 22:00'";45;5;53;38;1;poor
DEBB021;"'2019-10-31 23:00'";42;5;50;35;1;poor
DEBB021;"'2019-10-31 24:00'";38;5;49;33;1;poor
DEBB021;"'2019-11-01 01:00'";36;6;44;31;1;poor
DEBB021;"'2019-11-01 02:00'";34;6;40;29;1;moderate
DEBB021;"'2019-11-01 03:00'";34;5;38;29;1;moderate
DEBB021;"'2019-11-01 04:00'";32;4;35;28;1;moderate
DEBB021;"'2019-11-01 05:00'";31;6;32;27;1;moderate
DEBB021;"'2019-11-01 06:00'";31;5;32;27;1;moderate
DEBB021;"'2019-11-01 07:00'";31;4;33;27;1;moderate
DEBB021;"'2019-11-01 08:00'";33;5;33;27;1;moderate
DEBB021;"'2019-11-01 09:00'";33;10;30;27;1;moderate
DEBB021;"'2019-11-01 10:00'";32;21;22;26;1;moderate
DEBB021;"'2019-11-01 11:00'";30;29;20;25;1;moderate
DEBB021;"'2019-11-01 12:00'";29;36;19;24;1;moderate
DEBB021;"'2019-11-01 13:00'";27;38;16;22;1;moderate
DEBB021;"'2019-11-01 14:00'";26;42;16;19;1;moderate
DEBB021;"'2019-11-01 15:00'";23;40;21;18;1;moderate
DEBB021;"'2019-11-01 16:00'";24;37;22;17;1;moderate
DEBB021;"'2019-11-01 17:00'";24;37;19;18;1;moderate
DEBB021;"'2019-11-01 18:00'";24;36;16;19;1;moderate
DEBB021;"'2019-11-01 19:00'";25;31;17;21;1;moderate
DEBB021;"'2019-11-01 20:00'";28;25;19;24;1;moderate
DEBB021;"'2019-11-01 21:00'";30;21;19;26;1;moderate
DEBB021;"'2019-11-01 22:00'";30;21;18;26;1;moderate
DEBB021;"'2019-11-01 23:00'";28;22;16;24;1;moderate
DEBB021;"'2019-11-01 24:00'";25;23;13;22;1;moderate
DEBB021;"'2019-11-02 01:00'";22;23;11;19;1;moderate
DEBB021;"'2019-11-02 02:00'";19;23;10;16;1;moderate
DEBB021;"'2019-11-02 03:00'";15;23;10;13;1;good
DEBB021;"'2019-11-02 04:00'";13;22;10;12;1;good
DEBB021;"'2019-11-02 05:00'";13;24;9;12;1;good
DEBB021;"'2019-11-02 06:00'";14;23;9;12;1;good
DEBB021;"'2019-11-02 07:00'";12;21;11;11;1;good
DEBB021;"'2019-11-02 08:00'";10;17;11;9;1;good
DEBB021;"'2019-11-02 09:00'";8;15;12;7;1;good
DEBB021;"'2019-11-02 10:00'";5;17;10;5;1;"very good"
DEBB021;"'2019-11-02 11:00'";4;16;12;3;1;good
DEBB021;"'2019-11-02 12:00'";3;20;11;2;1;good
DEBB021;"'2019-11-02 13:00'";3;20;15;2;1;good
DEBB021;"'2019-11-02 14:00'";3;29;13;2;1;good
DEBB021;"'2019-11-02 15:00'";3;33;12;2;1;good
DEBB021;"'2019-11-02 16:00'";3;33;12;2;1;good
DEBB021;"'2019-11-02 17:00'";3;32;13;2;1;good
DEBB021;"'2019-11-02 18:00'";4;32;17;3;1;good
DEBB021;"'2019-11-02 19:00'";4;32;17;3;1;good
DEBB021;"'2019-11-02 20:00'";8;30;17;7;1;good
DEBB021;"'2019-11-02 21:00'";7;28;13;5;1;good
DEBB021;"'2019-11-02 22:00'";6;32;9;5;1;good
DEBB021;"'2019-11-02 23:00'";5;31;12;4;1;good
DEBB021;"'2019-11-02 24:00'";5;33;8;4;1;good
DEBB021;"'2019-11-03 01:00'";6;31;7;4;1;good
DEBB021;"'2019-11-03 02:00'";6;29;8;5;1;good
DEBB021;"'2019-11-03 03:00'";7;29;8;5;1;good
DEBB021;"'2019-11-03 04:00'";8;30;7;6;1;good
DEBB021;"'2019-11-03 05:00'";12;25;8;9;1;good
DEBB021;"'2019-11-03 06:00'";11;28;7;9;1;good
DEBB021;"'2019-11-03 07:00'";7;38;5;5;1;good
DEBB021;"'2019-11-03 08:00'";5;42;5;3;1;good
DEBB021;"'2019-11-03 09:00'";7;29;9;6;1;good
DEBB021;"'2019-11-03 10:00'";7;33;8;5;1;good
DEBB021;"'2019-11-03 11:00'";7;33;9;6;1;good
DEBB021;"'2019-11-03 12:00'";9;32;9;7;1;good
DEBB021;"'2019-11-03 13:00'";10;33;8;8;1;good
DEBB021;"'2019-11-03 14:00'";13;29;9;11;1;good
DEBB021;"'2019-11-03 15:00'";16;26;11;14;1;good
DEBB021;"'2019-11-03 16:00'";19;22;11;15;1;good
DEBB021;"'2019-11-03 17:00'";19;18;13;16;1;moderate
DEBB021;"'2019-11-03 18:00'";24;8;21;19;1;moderate
DEBB021;"'2019-11-03 19:00'";24;5;22;19;1;moderate
DEBB021;"'2019-11-03 20:00'";24;2;21;19;1;moderate
DEBB021;"'2019-11-03 21:00'";26;2;21;19;1;moderate
DEBB021;"'2019-11-03 22:00'";24;2;20;17;1;moderate
DEBB021;"'2019-11-03 23:00'";20;2;19;15;1;good
DEBB021;"'2019-11-03 24:00'";17;2;19;13;1;good
DEBB021;"'2019-11-04 01:00'";16;2;18;13;1;good
DEBB021;"'2019-11-04 02:00'";19;2;17;14;1;good
DEBB021;"'2019-11-04 03:00'";16;2;15;13;1;good
DEBB021;"'2019-11-04 04:00'";17;2;14;14;1;good
DEBB021;"'2019-11-04 05:00'";19;2;14;14;1;good
DEBB021;"'2019-11-04 06:00'";19;4;19;14;1;good
DEBB021;"'2019-11-04 07:00'";17;8;21;13;1;good
DEBB021;"'2019-11-04 08:00'";17;8;26;13;1;good
DEBB021;"'2019-11-04 09:00'";14;10;28;11;1;good
DEBB021;"'2019-11-04 10:00'";10;15;26;8;1;good
DEBB021;"'2019-11-04 11:00'";8;23;22;6;1;good
DEBB021;"'2019-11-04 12:00'";6;-;-;5;-;"very good"
DEBB021;"'2019-11-04 13:00'";7;27;16;5;1;good
DEBB021;"'2019-11-04 14:00'";7;38;10;4;1;good
DEBB021;"'2019-11-04 15:00'";7;37;13;4;1;good
DEBB021;"'2019-11-04 16:00'";7;32;18;4;1;good
DEBB021;"'2019-11-04 17:00'";7;19;26;5;1;good
DEBB021;"'2019-11-04 18:00'";7;15;24;5;1;good
DEBB021;"'2019-11-04 19:00'";12;5;40;8;1;moderate
DEBB021;"'2019-11-04 20:00'";7;14;25;5;1;good
DEBB021;"'2019-11-04 21:00'";9;15;20;6;1;good
DEBB021;"'2019-11-04 22:00'";9;18;15;7;1;good
DEBB021;"'2019-11-04 23:00'";9;18;14;6;1;good
DEBB021;"'2019-11-04 24:00'";6;25;12;4;1;good
DEBB021;"'2019-11-05 01:00'";6;29;8;4;1;good
DEBB021;"'2019-11-05 02:00'";6;27;8;4;1;good
DEBB021;"'2019-11-05 03:00'";6;27;8;4;1;good
DEBB021;"'2019-11-05 04:00'";8;27;7;5;1;good
DEBB021;"'2019-11-05 05:00'";9;24;8;6;1;good
DEBB021;"'2019-11-05 06:00'";10;21;11;7;1;good
DEBB021;"'2019-11-05 07:00'";11;18;18;8;1;good
DEBB021;"'2019-11-05 08:00'";10;16;24;7;1;good
DEBB021;"'2019-11-05 09:00'";8;24;20;6;1;good
DEBB021;"'2019-11-05 10:00'";7;32;14;4;1;good
DEBB021;"'2019-11-05 11:00'";5;33;14;4;1;good
DEBB021;"'2019-11-05 12:00'";5;34;13;3;1;good
DEBB021;"'2019-11-05 13:00'";5;35;13;4;1;good
DEBB021;"'2019-11-05 14:00'";6;33;16;4;1;good
DEBB021;"'2019-11-05 15:00'";6;33;16;4;1;good
DEBB021;"'2019-11-05 16:00'";7;33;17;4;1;good
DEBB021;"'2019-11-05 17:00'";6;28;22;4;1;good
DEBB021;"'2019-11-05 18:00'";6;27;18;4;1;good
DEBB021;"'2019-11-05 19:00'";5;30;16;4;1;good
DEBB021;"'2019-11-05 20:00'";7;27;18;5;1;good
DEBB021;"'2019-11-05 21:00'";6;24;20;5;1;good
DEBB021;"'2019-11-05 22:00'";6;23;16;5;1;good
DEBB021;"'2019-11-05 23:00'";7;24;15;5;1;good
DEBB021;"'2019-11-05 24:00'";7;26;14;6;1;good
DEBB021;"'2019-11-06 01:00'";9;25;13;7;1;good
DEBB021;"'2019-11-06 02:00'";12;27;11;9;1;good
DEBB021;"'2019-11-06 03:00'";13;28;13;10;1;good
DEBB021;"'2019-11-06 04:00'";13;31;13;10;1;good
DEBB021;"'2019-11-06 05:00'";13;31;12;10;1;good
DEBB021;"'2019-11-06 06:00'";14;29;13;10;1;good
DEBB021;"'2019-11-06 07:00'";16;20;24;12;1;good
DEBB021;"'2019-11-06 08:00'";18;15;28;14;1;good
DEBB021;"'2019-11-06 09:00'";20;13;29;15;1;good
DEBB021;"'2019-11-06 10:00'";20;18;22;15;1;good
DEBB021;"'2019-11-06 11:00'";19;23;18;14;1;good
DEBB021;"'2019-11-06 12:00'";19;24;16;15;1;good
DEBB021;"'2019-11-06 13:00'";14;27;16;12;1;good
DEBB021;"'2019-11-06 14:00'";11;30;14;9;1;good
DEBB021;"'2019-11-06 15:00'";7;28;16;6;1;good
DEBB021;"'2019-11-06 16:00'";5;22;21;4;1;good
DEBB021;"'2019-11-06 17:00'";5;18;25;4;1;good
DEBB021;"'2019-11-06 18:00'";7;9;32;6;1;moderate
DEBB021;"'2019-11-06 19:00'";10;8;33;8;1;moderate
DEBB021;"'2019-11-06 20:00'";7;27;15;5;1;good
DEBB021;"'2019-11-06 21:00'";7;28;16;5;1;good
DEBB021;"'2019-11-06 22:00'";7;21;17;6;1;good
DEBB021;"'2019-11-06 23:00'";7;20;14;5;1;good
DEBB021;"'2019-11-06 24:00'";9;17;11;6;1;good
DEBB021;"'2019-11-07 01:00'";10;14;12;7;1;good
DEBB021;"'2019-11-07 02:00'";10;11;15;8;1;good
DEBB021;"'2019-11-07 03:00'";11;10;13;9;1;good
DEBB021;"'2019-11-07 04:00'";13;7;16;10;1;good
DEBB021;"'2019-11-07 05:00'";16;10;12;11;1;good
DEBB021;"'2019-11-07 06:00'";15;8;15;12;1;good
DEBB021;"'2019-11-07 07:00'";19;6;18;14;1;good
DEBB021;"'2019-11-07 08:00'";20;2;22;14;1;good
DEBB021;"'2019-11-07 09:00'";18;2;23;13;1;good
DEBB021;"'2019-11-07 10:00'";18;5;21;13;1;good
DEBB021;"'2019-11-07 11:00'";18;11;17;13;1;good
DEBB021;"'2019-11-07 12:00'";18;15;17;13;1;good
DEBB021;"'2019-11-07 13:00'";17;20;16;13;1;good
DEBB021;"'2019-11-07 14:00'";14;23;14;11;1;good
DEBB021;"'2019-11-07 15:00'";13;20;19;10;2;good
DEBB021;"'2019-11-07 16:00'";12;18;23;9;1;good
DEBB021;"'2019-11-07 17:00'";13;11;28;9;1;good
DEBB021;"'2019-11-07 18:00'";15;3;39;10;1;moderate
DEBB021;"'2019-11-07 19:00'";16;5;37;11;1;moderate
DEBB021;"'2019-11-07 20:00'";14;9;29;10;1;good
DEBB021;"'2019-11-07 21:00'";13;18;18;10;1;good
DEBB021;"'2019-11-07 22:00'";14;19;16;11;1;good
DEBB021;"'2019-11-07 23:00'";14;20;15;11;1;good
DEBB021;"'2019-11-07 24:00'";14;20;15;10;1;good
DEBB021;"'2019-11-08 01:00'";12;26;11;10;1;good
DEBB021;"'2019-11-08 02:00'";12;26;12;10;1;good
DEBB021;"'2019-11-08 03:00'";13;24;12;10;1;good
DEBB021;"'2019-11-08 04:00'";12;23;12;9;1;good
DEBB021;"'2019-11-08 05:00'";13;17;13;10;1;good
DEBB021;"'2019-11-08 06:00'";14;7;21;11;1;good
DEBB021;"'2019-11-08 07:00'";16;2;28;11;1;good
DEBB021;"'2019-11-08 08:00'";18;2;29;12;1;good
DEBB021;"'2019-11-08 09:00'";23;2;36;14;2;moderate
DEBB021;"'2019-11-08 10:00'";23;2;37;15;3;moderate
DEBB021;"'2019-11-08 11:00'";23;4;36;15;3;moderate
DEBB021;"'2019-11-08 12:00'";17;12;32;12;2;moderate
DEBB021;"'2019-11-08 13:00'";22;10;51;14;4;moderate
DEBB021;"'2019-11-08 14:00'";21;10;53;12;3;moderate
DEBB021;"'2019-11-08 15:00'";20;8;51;11;4;moderate
DEBB021;"'2019-11-08 16:00'";15;8;42;11;2;moderate
DEBB021;"'2019-11-08 17:00'";14;11;29;10;1;good
DEBB021;"'2019-11-08 18:00'";16;10;26;12;1;good
DEBB021;"'2019-11-08 19:00'";19;9;25;15;4;good
DEBB021;"'2019-11-08 20:00'";22;9;22;18;5;moderate
DEBB021;"'2019-11-08 21:00'";25;9;19;20;5;moderate
DEBB021;"'2019-11-08 22:00'";28;9;18;24;5;moderate
DEBB021;"'2019-11-08 23:00'";33;8;20;28;4;moderate
DEBB021;"'2019-11-08 24:00'";34;8;19;29;4;moderate
DEBB021;"'2019-11-09 01:00'";36;9;16;30;3;moderate
DEBB021;"'2019-11-09 02:00'";33;8;15;28;3;moderate
DEBB021;"'2019-11-09 03:00'";31;8;14;27;2;moderate
DEBB021;"'2019-11-09 04:00'";31;8;14;27;3;moderate
DEBB021;"'2019-11-09 05:00'";29;7;14;25;3;moderate
DEBB021;"'2019-11-09 06:00'";26;8;13;22;1;moderate
DEBB021;"'2019-11-09 07:00'";20;9;13;18;1;moderate
DEBB021;"'2019-11-09 08:00'";11;13;9;9;1;good
DEBB021;"'2019-11-09 09:00'";7;16;9;6;1;good
DEBB021;"'2019-11-09 10:00'";8;16;9;7;1;good
DEBB021;"'2019-11-09 11:00'";16;16;12;12;1;good
DEBB021;"'2019-11-09 12:00'";15;17;14;12;1;good
DEBB021;"'2019-11-09 13:00'";15;28;13;13;1;good
DEBB021;"'2019-11-09 14:00'";12;36;13;10;1;good
DEBB021;"'2019-11-09 15:00'";9;42;11;8;1;good
DEBB021;"'2019-11-09 16:00'";11;40;12;9;1;good
DEBB021;"'2019-11-09 17:00'";11;33;17;9;1;good
DEBB021;"'2019-11-09 18:00'";13;27;20;11;1;good
DEBB021;"'2019-11-09 19:00'";16;23;22;13;1;good
DEBB021;"'2019-11-09 20:00'";15;20;25;12;1;good
DEBB021;"'2019-11-09 21:00'";14;26;14;11;1;good
DEBB021;"'2019-11-09 22:00'";14;25;15;11;1;good
DEBB021;"'2019-11-09 23:00'";15;23;15;12;1;good
DEBB021;"'2019-11-09 24:00'";16;24;12;13;1;good
DEBB021;"'2019-11-10 01:00'";18;21;12;14;1;good
DEBB021;"'2019-11-10 02:00'";20;16;13;15;1;good
DEBB021;"'2019-11-10 03:00'";20;14;14;15;1;good
DEBB021;"'2019-11-10 04:00'";20;13;14;15;1;good
DEBB021;"'2019-11-10 05:00'";23;9;14;18;1;moderate
DEBB021;"'2019-11-10 06:00'";20;7;16;15;1;good
DEBB021;"'2019-11-10 07:00'";19;5;17;15;1;good
DEBB021;"'2019-11-10 08:00'";17;9;13;14;1;good
DEBB021;"'2019-11-10 09:00'";18;12;12;15;1;good
DEBB021;"'2019-11-10 10:00'";19;15;14;16;1;moderate
DEBB021;"'2019-11-10 11:00'";20;24;12;16;1;moderate
DEBB021;"'2019-11-10 12:00'";20;30;11;16;1;moderate
DEBB021;"'2019-11-10 13:00'";19;33;12;16;1;moderate
DEBB021;"'2019-11-10 14:00'";16;38;12;13;1;good
DEBB021;"'2019-11-10 15:00'";16;40;13;13;1;good
DEBB021;"'2019-11-10 16:00'";17;38;14;14;1;good
DEBB021;"'2019-11-10 17:00'";17;27;23;14;1;good
DEBB021;"'2019-11-10 18:00'";22;4;44;18;1;moderate
DEBB021;"'2019-11-10 19:00'";25;2;37;19;1;moderate
DEBB021;"'2019-11-10 20:00'";24;2;26;18;1;moderate
DEBB021;"'2019-11-10 21:00'";31;2;23;22;1;moderate
DEBB021;"'2019-11-10 22:00'";32;2;28;23;1;moderate
DEBB021;"'2019-11-10 23:00'";31;2;30;22;1;moderate
DEBB021;"'2019-11-10 24:00'";27;2;31;20;1;moderate
DEBB021;"'2019-11-11 01:00'";24;2;29;17;1;moderate
DEBB021;"'2019-11-11 02:00'";23;2;29;16;1;moderate
DEBB021;"'2019-11-11 03:00'";23;2;28;16;1;moderate
DEBB021;"'2019-11-11 04:00'";22;2;28;15;1;good
DEBB021;"'2019-11-11 05:00'";21;2;26;15;1;good
DEBB021;"'2019-11-11 06:00'";16;2;24;14;1;good
DEBB021;"'2019-11-11 07:00'";17;2;22;15;1;good
DEBB021;"'2019-11-11 08:00'";20;2;22;18;1;moderate
DEBB021;"'2019-11-11 09:00'";21;6;20;18;1;moderate
DEBB021;"'2019-11-11 10:00'";20;8;19;18;1;moderate
DEBB021;"'2019-11-11 11:00'";19;13;18;17;1;moderate
DEBB021;"'2019-11-11 12:00'";20;16;17;17;1;moderate
DEBB021;"'2019-11-11 13:00'";23;18;16;19;1;moderate
DEBB021;"'2019-11-11 14:00'";24;14;18;20;1;moderate
DEBB021;"'2019-11-11 15:00'";23;12;25;18;1;moderate
DEBB021;"'2019-11-11 16:00'";18;14;38;13;1;moderate
DEBB021;"'2019-11-11 17:00'";20;8;49;14;1;moderate
DEBB021;"'2019-11-11 18:00'";14;24;32;11;1;moderate
DEBB021;"'2019-11-11 19:00'";14;28;21;11;1;good
DEBB021;"'2019-11-11 20:00'";15;29;15;13;1;good
DEBB021;"'2019-11-11 21:00'";17;26;15;15;1;good
DEBB021;"'2019-11-11 22:00'";19;24;15;16;1;moderate
DEBB021;"'2019-11-11 23:00'";19;25;14;16;1;moderate
DEBB021;"'2019-11-11 24:00'";19;23;14;16;1;moderate
DEBB021;"'2019-11-12 01:00'";19;18;17;17;1;moderate
DEBB021;"'2019-11-12 02:00'";19;17;16;17;1;moderate
DEBB021;"'2019-11-12 03:00'";19;19;15;17;1;moderate
DEBB021;"'2019-11-12 04:00'";18;20;13;16;1;moderate
DEBB021;"'2019-11-12 05:00'";18;19;13;16;1;moderate
DEBB021;"'2019-11-12 06:00'";18;17;14;16;1;moderate
DEBB021;"'2019-11-12 07:00'";18;14;17;16;1;moderate
DEBB021;"'2019-11-12 08:00'";19;10;22;16;1;moderate
DEBB021;"'2019-11-12 09:00'";20;10;22;16;1;moderate
DEBB021;"'2019-11-12 10:00'";19;11;21;15;1;good
DEBB021;"'2019-11-12 11:00'";17;14;19;14;1;good
DEBB021;"'2019-11-12 12:00'";15;18;18;12;1;good
DEBB021;"'2019-11-12 13:00'";14;20;17;11;1;good
DEBB021;"'2019-11-12 14:00'";12;26;15;9;1;good
DEBB021;"'2019-11-12 15:00'";12;30;17;9;1;good
DEBB021;"'2019-11-12 16:00'";13;30;18;9;1;good
DEBB021;"'2019-11-12 17:00'";14;24;23;10;1;good
DEBB021;"'2019-11-12 18:00'";14;22;23;10;1;good
DEBB021;"'2019-11-12 19:00'";14;16;25;12;1;good
DEBB021;"'2019-11-12 20:00'";16;11;24;13;1;good
DEBB021;"'2019-11-12 21:00'";18;10;22;15;1;good
DEBB021;"'2019-11-12 22:00'";19;10;23;16;1;moderate
DEBB021;"'2019-11-12 23:00'";20;11;21;17;1;moderate
DEBB021;"'2019-11-12 24:00'";19;10;23;17;1;moderate
DEBB021;"'2019-11-13 01:00'";19;10;22;17;1;moderate
DEBB021;"'2019-11-13 02:00'";19;11;19;16;1;moderate
DEBB021;"'2019-11-13 03:00'";19;12;18;16;1;moderate
DEBB021;"'2019-11-13 04:00'";19;11;18;16;1;moderate
DEBB021;"'2019-11-13 05:00'";19;9;20;16;1;moderate
DEBB021;"'2019-11-13 06:00'";19;6;24;16;1;moderate
DEBB021;"'2019-11-13 07:00'";21;5;26;17;1;moderate
DEBB021;"'2019-11-13 08:00'";22;3;29;17;1;moderate
DEBB021;"'2019-11-13 09:00'";22;5;29;17;1;moderate
DEBB021;"'2019-11-13 10:00'";20;12;22;16;1;moderate
DEBB021;"'2019-11-13 11:00'";21;12;22;16;1;moderate
DEBB021;"'2019-11-13 12:00'";20;15;21;15;1;good
DEBB021;"'2019-11-13 13:00'";20;17;19;16;1;moderate
DEBB021;"'2019-11-13 14:00'";20;18;19;15;1;good
DEBB021;"'2019-11-13 15:00'";21;16;23;16;1;moderate
DEBB021;"'2019-11-13 16:00'";22;12;27;17;1;moderate
DEBB021;"'2019-11-13 17:00'";24;7;32;18;1;moderate
DEBB021;"'2019-11-13 18:00'";22;10;32;16;1;moderate
DEBB021;"'2019-11-13 19:00'";16;17;33;12;1;moderate
DEBB021;"'2019-11-13 20:00'";16;22;27;12;1;good
DEBB021;"'2019-11-13 21:00'";15;23;25;12;1;good
DEBB021;"'2019-11-13 22:00'";13;27;20;11;1;good
DEBB021;"'2019-11-13 23:00'";12;28;20;10;1;good
DEBB021;"'2019-11-13 24:00'";11;29;18;9;1;good
DEBB021;"'2019-11-14 01:00'";11;27;17;9;1;good
DEBB021;"'2019-11-14 02:00'";11;26;15;9;1;good
DEBB021;"'2019-11-14 03:00'";12;27;13;10;1;good
DEBB021;"'2019-11-14 04:00'";13;25;13;11;1;good
DEBB021;"'2019-11-14 05:00'";13;17;18;11;1;good
DEBB021;"'2019-11-14 06:00'";15;14;20;13;1;good
DEBB021;"'2019-11-14 07:00'";17;7;31;13;1;moderate
DEBB021;"'2019-11-14 08:00'";19;3;36;14;1;moderate
DEBB021;"'2019-11-14 09:00'";22;5;38;15;1;moderate
DEBB021;"'2019-11-14 10:00'";22;11;29;16;2;moderate
DEBB021;"'2019-11-14 11:00'";20;26;16;16;1;moderate
DEBB021;"'2019-11-14 12:00'";18;35;11;14;1;good
DEBB021;"'2019-11-14 13:00'";17;39;10;13;1;good
DEBB021;"'2019-11-14 14:00'";16;39;12;12;1;good
DEBB021;"'2019-11-14 15:00'";17;36;15;13;2;good
DEBB021;"'2019-11-14 16:00'";18;29;20;14;1;good
DEBB021;"'2019-11-14 17:00'";18;15;32;14;3;moderate
DEBB021;"'2019-11-14 18:00'";19;9;37;15;4;moderate
DEBB021;"'2019-11-14 19:00'";20;8;38;16;5;moderate
DEBB021;"'2019-11-14 20:00'";20;16;27;16;2;moderate
DEBB021;"'2019-11-14 21:00'";21;23;19;17;1;moderate
DEBB021;"'2019-11-14 22:00'";22;25;16;19;1;moderate
DEBB021;"'2019-11-14 23:00'";25;28;13;22;1;moderate
DEBB021;"'2019-11-14 24:00'";26;33;11;23;1;moderate
DEBB021;"'2019-11-15 01:00'";29;36;10;24;1;moderate
DEBB021;"'2019-11-15 02:00'";28;43;7;24;1;moderate
DEBB021;"'2019-11-15 03:00'";28;43;7;24;1;moderate
DEBB021;"'2019-11-15 04:00'";29;40;8;25;1;moderate
DEBB021;"'2019-11-15 05:00'";28;35;9;25;1;moderate
DEBB021;"'2019-11-15 06:00'";26;33;10;23;1;moderate
DEBB021;"'2019-11-15 07:00'";26;30;12;23;1;moderate
DEBB021;"'2019-11-15 08:00'";26;28;14;22;1;moderate
DEBB021;"'2019-11-15 09:00'";25;26;15;21;1;moderate
DEBB021;"'2019-11-15 10:00'";24;26;15;20;1;moderate
DEBB021;"'2019-11-15 11:00'";24;-;13;20;1;moderate
DEBB021;"'2019-11-15 12:00'";24;31;13;19;1;moderate
DEBB021;"'2019-11-15 13:00'";23;35;12;19;1;moderate
DEBB021;"'2019-11-15 14:00'";25;34;13;20;1;moderate
DEBB021;"'2019-11-15 15:00'";25;30;17;20;1;moderate
DEBB021;"'2019-11-15 16:00'";26;27;19;21;1;moderate
DEBB021;"'2019-11-15 17:00'";25;25;21;21;1;moderate
DEBB021;"'2019-11-15 18:00'";27;23;20;22;1;moderate
DEBB021;"'2019-11-15 19:00'";29;15;25;24;1;moderate
DEBB021;"'2019-11-15 20:00'";30;16;22;25;1;moderate
DEBB021;"'2019-11-15 21:00'";30;16;22;25;1;moderate
DEBB021;"'2019-11-15 22:00'";30;14;24;25;3;moderate
DEBB021;"'2019-11-15 23:00'";31;10;27;26;2;moderate
DEBB021;"'2019-11-15 24:00'";32;8;27;27;1;moderate
DEBB021;"'2019-11-16 01:00'";32;10;24;27;1;moderate
DEBB021;"'2019-11-16 02:00'";33;8;24;28;1;moderate
DEBB021;"'2019-11-16 03:00'";34;6;22;29;1;moderate
DEBB021;"'2019-11-16 04:00'";34;3;24;29;1;moderate
DEBB021;"'2019-11-16 05:00'";34;6;21;28;1;moderate
DEBB021;"'2019-11-16 06:00'";34;8;19;28;1;moderate
DEBB021;"'2019-11-16 07:00'";32;8;21;27;1;moderate
DEBB021;"'2019-11-16 08:00'";29;10;18;25;1;moderate
DEBB021;"'2019-11-16 09:00'";29;11;19;24;1;moderate
DEBB021;"'2019-11-16 10:00'";29;13;16;24;1;moderate
DEBB021;"'2019-11-16 11:00'";23;10;15;20;1;moderate
DEBB021;"'2019-11-16 12:00'";17;9;21;14;1;good
DEBB021;"'2019-11-16 13:00'";17;17;18;15;1;good
DEBB021;"'2019-11-16 14:00'";19;17;17;16;1;moderate
DEBB021;"'2019-11-16 15:00'";20;17;21;17;1;moderate
DEBB021;"'2019-11-16 16:00'";18;16;19;15;1;good
DEBB021;"'2019-11-16 17:00'";18;9;27;16;1;moderate
DEBB021;"'2019-11-16 18:00'";23;9;25;19;1;moderate
DEBB021;"'2019-11-16 19:00'";23;13;21;20;1;moderate
DEBB021;"'2019-11-16 20:00'";23;16;20;20;1;moderate
DEBB021;"'2019-11-16 21:00'";24;14;22;21;1;moderate
DEBB021;"'2019-11-16 22:00'";26;8;24;22;1;moderate
DEBB021;"'2019-11-16 23:00'";25;8;22;21;1;moderate
DEBB021;"'2019-11-16 24:00'";24;10;18;20;1;moderate
DEBB021;"'2019-11-17 01:00'";24;6;21;20;1;moderate
DEBB021;"'2019-11-17 02:00'";27;3;22;21;1;moderate
DEBB021;"'2019-11-17 03:00'";24;5;19;19;1;moderate
DEBB021;"'2019-11-17 04:00'";22;2;20;19;1;moderate
DEBB021;"'2019-11-17 05:00'";21;2;19;18;1;moderate
DEBB021;"'2019-11-17 06:00'";21;2;18;18;1;moderate
DEBB021;"'2019-11-17 07:00'";21;2;21;18;1;moderate
DEBB021;"'2019-11-17 08:00'";20;2;22;18;1;moderate
DEBB021;"'2019-11-17 09:00'";21;2;23;18;1;moderate
DEBB021;"'2019-11-17 10:00'";21;2;28;19;1;moderate
DEBB021;"'2019-11-17 11:00'";23;7;30;20;1;moderate
DEBB021;"'2019-11-17 12:00'";23;9;28;20;2;moderate
DEBB021;"'2019-11-17 13:00'";22;12;22;19;1;moderate
DEBB021;"'2019-11-17 14:00'";22;14;20;20;1;moderate
DEBB021;"'2019-11-17 15:00'";24;15;18;20;1;moderate
DEBB021;"'2019-11-17 16:00'";26;14;18;23;3;moderate
DEBB021;"'2019-11-17 17:00'";28;12;20;24;4;moderate
DEBB021;"'2019-11-17 18:00'";27;9;24;23;4;moderate
DEBB021;"'2019-11-17 19:00'";27;9;24;23;4;moderate
DEBB021;"'2019-11-17 20:00'";28;8;24;24;3;moderate
DEBB021;"'2019-11-17 21:00'";30;3;27;25;1;moderate
DEBB021;"'2019-11-17 22:00'";32;2;29;26;1;moderate
DEBB021;"'2019-11-17 23:00'";34;5;28;27;1;moderate
DEBB021;"'2019-11-17 24:00'";33;9;22;26;1;moderate
DEBB021;"'2019-11-18 01:00'";31;13;19;25;1;moderate
DEBB021;"'2019-11-18 02:00'";30;13;19;23;1;moderate
DEBB021;"'2019-11-18 03:00'";28;15;16;22;1;moderate
DEBB021;"'2019-11-18 04:00'";27;15;17;21;1;moderate
DEBB021;"'2019-11-18 05:00'";26;9;23;20;1;moderate
DEBB021;"'2019-11-18 06:00'";25;7;29;19;1;moderate
DEBB021;"'2019-11-18 07:00'";23;5;37;18;2;moderate
DEBB021;"'2019-11-18 08:00'";24;2;41;18;3;moderate
DEBB021;"'2019-11-18 09:00'";24;2;40;18;1;moderate
DEBB021;"'2019-11-18 10:00'";25;6;40;18;3;moderate
DEBB021;"'2019-11-18 11:00'";24;10;31;18;3;moderate
DEBB021;"'2019-11-18 12:00'";-;10;26;-;3;good
DEBB021;"'2019-11-18 13:00'";27;5;19;21;3;moderate
DEBB021;"'2019-11-18 14:00'";19;2;18;16;1;moderate
DEBB021;"'2019-11-18 15:00'";18;2;18;15;1;good
DEBB021;"'2019-11-18 16:00'";19;2;19;15;1;good
DEBB021;"'2019-11-18 17:00'";10;2;21;9;1;good
DEBB021;"'2019-11-18 18:00'";10;4;20;9;1;good
DEBB021;"'2019-11-18 19:00'";12;9;22;10;2;good
DEBB021;"'2019-11-18 20:00'";11;15;20;9;1;good
DEBB021;"'2019-11-18 21:00'";10;20;18;8;1;good
DEBB021;"'2019-11-18 22:00'";10;21;17;8;1;good
DEBB021;"'2019-11-18 23:00'";8;25;15;6;1;good
DEBB021;"'2019-11-18 24:00'";6;28;13;5;1;good
DEBB021;"'2019-11-19 01:00'";5;31;12;4;1;good
DEBB021;"'2019-11-19 02:00'";5;33;11;4;1;good
DEBB021;"'2019-11-19 03:00'";5;38;10;4;1;good
DEBB021;"'2019-11-19 04:00'";5;39;9;4;1;good
DEBB021;"'2019-11-19 05:00'";5;41;8;4;1;good
DEBB021;"'2019-11-19 06:00'";6;39;9;4;1;good
DEBB021;"'2019-11-19 07:00'";4;36;11;3;1;good
DEBB021;"'2019-11-19 08:00'";4;32;14;2;1;good
DEBB021;"'2019-11-19 09:00'";7;30;16;5;1;good
DEBB021;"'2019-11-19 10:00'";7;35;13;5;1;good
DEBB021;"'2019-11-19 11:00'";7;37;15;4;1;good
DEBB021;"'2019-11-19 12:00'";7;44;13;4;1;good
DEBB021;"'2019-11-19 13:00'";8;43;14;4;1;good
DEBB021;"'2019-11-19 14:00'";8;32;16;5;2;good
DEBB021;"'2019-11-19 15:00'";9;24;21;5;3;good
DEBB021;"'2019-11-19 16:00'";7;19;24;5;1;good
DEBB021;"'2019-11-19 17:00'";10;5;39;7;1;moderate
DEBB021;"'2019-11-19 18:00'";12;3;37;9;1;moderate
DEBB021;"'2019-11-19 19:00'";13;3;36;9;1;moderate
DEBB021;"'2019-11-19 20:00'";14;2;38;10;2;moderate
DEBB021;"'2019-11-19 21:00'";14;2;38;11;1;moderate
DEBB021;"'2019-11-19 22:00'";14;2;37;11;1;moderate
DEBB021;"'2019-11-19 23:00'";15;2;37;12;1;moderate
DEBB021;"'2019-11-19 24:00'";14;2;33;11;1;moderate
DEBB021;"'2019-11-20 01:00'";8;33;24;7;1;good
DEBB021;"'2019-11-20 02:00'";5;44;13;4;1;good
DEBB021;"'2019-11-20 03:00'";4;50;9;4;1;good
DEBB021;"'2019-11-20 04:00'";4;52;7;3;1;good
DEBB021;"'2019-11-20 05:00'";5;51;8;4;1;good
DEBB021;"'2019-11-20 06:00'";6;47;10;5;1;good
DEBB021;"'2019-11-20 07:00'";7;42;16;6;1;good
DEBB021;"'2019-11-20 08:00'";10;31;24;8;1;good
DEBB021;"'2019-11-20 09:00'";10;33;25;8;1;good
DEBB021;"'2019-11-20 10:00'";9;35;25;7;1;good
DEBB021;"'2019-11-20 11:00'";9;32;24;8;1;good
DEBB021;"'2019-11-20 12:00'";8;37;19;7;1;good
DEBB021;"'2019-11-20 13:00'";8;40;18;7;3;good
DEBB021;"'2019-11-20 14:00'";8;43;16;7;1;good
DEBB021;"'2019-11-20 15:00'";10;39;20;7;1;good
DEBB021;"'2019-11-20 16:00'";13;37;20;10;1;good
DEBB021;"'2019-11-20 17:00'";16;40;18;11;1;good
DEBB021;"'2019-11-20 18:00'";18;36;19;12;1;good
DEBB021;"'2019-11-20 19:00'";16;30;21;13;1;good
DEBB021;"'2019-11-20 20:00'";17;28;17;14;1;good
DEBB021;"'2019-11-20 21:00'";21;20;22;16;1;moderate
DEBB021;"'2019-11-20 22:00'";25;12;27;19;1;moderate
DEBB021;"'2019-11-20 23:00'";27;3;35;21;1;moderate
DEBB021;"'2019-11-20 24:00'";27;2;35;21;1;moderate
DEBB021;"'2019-11-21 01:00'";32;2;30;25;1;moderate
DEBB021;"'2019-11-21 02:00'";46;2;26;36;1;poor
DEBB021;"'2019-11-21 03:00'";50;2;22;40;1;poor
DEBB021;"'2019-11-21 04:00'";47;8;19;39;1;poor
DEBB021;"'2019-11-21 05:00'";47;11;17;38;1;poor
DEBB021;"'2019-11-21 06:00'";45;10;18;37;1;poor
DEBB021;"'2019-11-21 07:00'";37;8;22;30;1;moderate
DEBB021;"'2019-11-21 08:00'";31;3;26;26;1;moderate
DEBB021;"'2019-11-21 09:00'";29;2;25;25;1;moderate
DEBB021;"'2019-11-21 10:00'";31;2;25;26;1;moderate
DEBB021;"'2019-11-21 11:00'";33;4;21;28;1;moderate
DEBB021;"'2019-11-21 12:00'";35;6;18;29;1;moderate
DEBB021;"'2019-11-21 13:00'";37;8;17;31;1;poor
DEBB021;"'2019-11-21 14:00'";42;7;21;34;1;poor
DEBB021;"'2019-11-21 15:00'";44;4;24;35;1;poor
DEBB021;"'2019-11-21 16:00'";44;2;27;35;1;poor
DEBB021;"'2019-11-21 17:00'";43;2;27;35;1;poor
DEBB021;"'2019-11-21 18:00'";43;2;28;34;1;poor
DEBB021;"'2019-11-21 19:00'";40;2;27;34;1;poor
DEBB021;"'2019-11-21 20:00'";38;2;27;32;1;poor
DEBB021;"'2019-11-21 21:00'";34;2;25;29;1;moderate
DEBB021;"'2019-11-21 22:00'";33;2;23;28;1;moderate
DEBB021;"'2019-11-21 23:00'";35;2;25;29;1;moderate
DEBB021;"'2019-11-21 24:00'";32;2;25;27;1;moderate
DEBB021;"'2019-11-22 01:00'";29;2;25;25;1;moderate
DEBB021;"'2019-11-22 02:00'";33;2;24;27;1;moderate
DEBB021;"'2019-11-22 03:00'";38;2;24;31;1;poor
DEBB021;"'2019-11-22 04:00'";42;2;25;31;1;poor
DEBB021;"'2019-11-22 05:00'";36;2;21;29;1;moderate
DEBB021;"'2019-11-22 06:00'";26;2;19;23;1;moderate
DEBB021;"'2019-11-22 07:00'";23;2;23;20;1;moderate
DEBB021;"'2019-11-22 08:00'";21;2;25;17;2;moderate
DEBB021;"'2019-11-22 09:00'";23;2;21;19;3;moderate
DEBB021;"'2019-11-22 10:00'";21;2;20;18;3;moderate
DEBB021;"'2019-11-22 11:00'";22;5;19;18;3;moderate
DEBB021;"'2019-11-22 12:00'";19;6;20;15;4;good
DEBB021;"'2019-11-22 13:00'";20;7;20;16;3;moderate
DEBB021;"'2019-11-22 14:00'";20;10;22;16;3;moderate
DEBB021;"'2019-11-22 15:00'";20;18;22;16;1;moderate
DEBB021;"'2019-11-22 16:00'";19;13;26;15;1;good
DEBB021;"'2019-11-22 17:00'";21;6;29;16;1;moderate
DEBB021;"'2019-11-22 18:00'";22;3;32;17;1;moderate
DEBB021;"'2019-11-22 19:00'";27;6;29;21;1;moderate
DEBB021;"'2019-11-22 20:00'";31;7;27;25;1;moderate
DEBB021;"'2019-11-22 21:00'";33;5;28;27;1;moderate
DEBB021;"'2019-11-22 22:00'";32;2;28;26;1;moderate
DEBB021;"'2019-11-22 23:00'";33;3;25;27;1;moderate
DEBB021;"'2019-11-22 24:00'";31;6;22;25;2;moderate
DEBB021;"'2019-11-23 01:00'";31;6;20;25;1;moderate
DEBB021;"'2019-11-23 02:00'";32;7;19;26;1;moderate
DEBB021;"'2019-11-23 03:00'";32;7;17;26;1;moderate
DEBB021;"'2019-11-23 04:00'";31;7;16;26;1;moderate
DEBB021;"'2019-11-23 05:00'";32;8;17;26;3;moderate
DEBB021;"'2019-11-23 06:00'";32;8;17;27;3;moderate
DEBB021;"'2019-11-23 07:00'";33;8;17;27;3;moderate
DEBB021;"'2019-11-23 08:00'";33;8;18;27;1;moderate
DEBB021;"'2019-11-23 09:00'";33;10;16;28;1;moderate
DEBB021;"'2019-11-23 10:00'";34;11;14;28;1;moderate
DEBB021;"'2019-11-23 11:00'";34;11;15;28;1;moderate
DEBB021;"'2019-11-23 12:00'";33;14;14;28;2;moderate
DEBB021;"'2019-11-23 13:00'";31;19;14;25;3;moderate
DEBB021;"'2019-11-23 14:00'";28;22;15;23;3;moderate
DEBB021;"'2019-11-23 15:00'";27;20;20;22;4;moderate
DEBB021;"'2019-11-23 16:00'";26;18;22;21;4;moderate
DEBB021;"'2019-11-23 17:00'";25;20;21;21;4;moderate
DEBB021;"'2019-11-23 18:00'";28;18;20;23;4;moderate
DEBB021;"'2019-11-23 19:00'";30;19;17;25;4;moderate
DEBB021;"'2019-11-23 20:00'";33;19;15;27;2;moderate
DEBB021;"'2019-11-23 21:00'";35;16;14;30;1;moderate
DEBB021;"'2019-11-23 22:00'";36;14;16;31;2;poor
DEBB021;"'2019-11-23 23:00'";37;10;19;31;3;poor
DEBB021;"'2019-11-23 24:00'";37;9;18;31;1;poor
DEBB021;"'2019-11-24 01:00'";38;10;17;33;1;poor
DEBB021;"'2019-11-24 02:00'";39;11;15;34;2;poor
DEBB021;"'2019-11-24 03:00'";39;12;14;33;3;poor
DEBB021;"'2019-11-24 04:00'";38;11;14;32;1;poor
DEBB021;"'2019-11-24 05:00'";38;8;16;33;3;poor
DEBB021;"'2019-11-24 06:00'";38;8;15;33;3;poor
DEBB021;"'2019-11-24 07:00'";37;8;16;32;3;poor
DEBB021;"'2019-11-24 08:00'";36;9;15;31;3;poor
DEBB021;"'2019-11-24 09:00'";35;11;14;30;3;moderate
DEBB021;"'2019-11-24 10:00'";35;12;13;30;3;moderate
DEBB021;"'2019-11-24 11:00'";35;16;11;30;3;moderate
DEBB021;"'2019-11-24 12:00'";34;20;10;29;4;moderate
DEBB021;"'2019-11-24 13:00'";34;21;11;29;3;moderate
DEBB021;"'2019-11-24 14:00'";34;20;14;29;4;moderate
DEBB021;"'2019-11-24 15:00'";35;17;16;30;4;moderate
DEBB021;"'2019-11-24 16:00'";36;12;20;31;5;poor
DEBB021;"'2019-11-24 17:00'";36;13;20;30;4;moderate
DEBB021;"'2019-11-24 18:00'";36;8;24;30;4;moderate
DEBB021;"'2019-11-24 19:00'";36;5;24;30;4;moderate
DEBB021;"'2019-11-24 20:00'";36;7;21;31;4;poor
DEBB021;"'2019-11-24 21:00'";36;9;19;31;3;poor
DEBB021;"'2019-11-24 22:00'";36;8;19;31;3;poor
DEBB021;"'2019-11-24 23:00'";36;7;18;31;3;poor
DEBB021;"'2019-11-24 24:00'";37;8;15;32;3;poor
DEBB021;"'2019-11-25 01:00'";37;8;15;32;1;poor
DEBB021;"'2019-11-25 02:00'";38;9;15;33;3;poor
DEBB021;"'2019-11-25 03:00'";40;8;16;35;2;poor
DEBB021;"'2019-11-25 04:00'";37;9;16;32;3;poor
DEBB021;"'2019-11-25 05:00'";36;9;15;31;3;poor
DEBB021;"'2019-11-25 06:00'";40;7;16;32;3;poor
DEBB021;"'2019-11-25 07:00'";40;4;19;31;3;poor
DEBB021;"'2019-11-25 08:00'";37;2;21;31;3;poor
DEBB021;"'2019-11-25 09:00'";38;2;20;32;3;poor
DEBB021;"'2019-11-25 10:00'";42;2;19;35;3;poor
DEBB021;"'2019-11-25 11:00'";44;3;18;35;3;poor
DEBB021;"'2019-11-25 12:00'";43;3;18;35;3;poor
DEBB021;"'2019-11-25 13:00'";44;2;19;36;3;poor
DEBB021;"'2019-11-25 14:00'";44;2;19;36;3;poor
DEBB021;"'2019-11-25 15:00'";45;2;20;36;3;poor
DEBB021;"'2019-11-25 16:00'";44;2;22;36;3;poor
DEBB021;"'2019-11-25 17:00'";42;2;21;35;3;poor
DEBB021;"'2019-11-25 18:00'";43;2;20;36;3;poor
DEBB021;"'2019-11-25 19:00'";43;2;19;36;3;poor
DEBB021;"'2019-11-25 20:00'";43;2;20;36;3;poor
DEBB021;"'2019-11-25 21:00'";45;2;20;37;3;poor
DEBB021;"'2019-11-25 22:00'";45;2;20;37;3;poor
DEBB021;"'2019-11-25 23:00'";45;2;19;38;3;poor
DEBB021;"'2019-11-25 24:00'";45;2;17;38;3;poor
DEBB021;"'2019-11-26 01:00'";46;2;17;39;3;poor
DEBB021;"'2019-11-26 02:00'";47;2;16;40;3;poor
DEBB021;"'2019-11-26 03:00'";49;2;15;41;3;poor
DEBB021;"'2019-11-26 04:00'";48;2;16;40;3;poor
DEBB021;"'2019-11-26 05:00'";43;2;19;35;3;poor
DEBB021;"'2019-11-26 06:00'";24;2;21;21;3;moderate
DEBB021;"'2019-11-26 07:00'";17;2;23;15;2;good
DEBB021;"'2019-11-26 08:00'";19;2;23;15;3;good
DEBB021;"'2019-11-26 09:00'";20;2;21;16;2;moderate
DEBB021;"'2019-11-26 10:00'";20;2;20;16;1;moderate
DEBB021;"'2019-11-26 11:00'";20;2;18;16;3;moderate
DEBB021;"'2019-11-26 12:00'";20;3;17;16;2;moderate
DEBB021;"'2019-11-26 13:00'";21;4;18;17;1;moderate
DEBB021;"'2019-11-26 14:00'";20;11;22;16;1;moderate
DEBB021;"'2019-11-26 15:00'";16;18;23;13;1;good
DEBB021;"'2019-11-26 16:00'";15;14;29;12;1;good
DEBB021;"'2019-11-26 17:00'";16;8;39;11;1;moderate
DEBB021;"'2019-11-26 18:00'";15;7;38;11;1;moderate
DEBB021;"'2019-11-26 19:00'";20;2;41;15;1;moderate
DEBB021;"'2019-11-26 20:00'";18;2;36;14;1;moderate
DEBB021;"'2019-11-26 21:00'";14;7;26;11;1;good
DEBB021;"'2019-11-26 22:00'";14;10;21;11;1;good
DEBB021;"'2019-11-26 23:00'";13;12;20;11;1;good
DEBB021;"'2019-11-26 24:00'";13;13;19;11;1;good
DEBB021;"'2019-11-27 01:00'";14;11;21;11;1;good
DEBB021;"'2019-11-27 02:00'";14;8;22;11;1;good
DEBB021;"'2019-11-27 03:00'";13;8;22;11;1;good
DEBB021;"'2019-11-27 04:00'";13;9;21;11;3;good
DEBB021;"'2019-11-27 05:00'";14;8;21;12;3;good
DEBB021;"'2019-11-27 06:00'";15;4;26;12;3;good
DEBB021;"'2019-11-27 07:00'";16;2;30;13;3;good
DEBB021;"'2019-11-27 08:00'";18;2;33;14;1;moderate
DEBB021;"'2019-11-27 09:00'";20;2;33;16;1;moderate
DEBB021;"'2019-11-27 10:00'";19;6;28;15;3;good
DEBB021;"'2019-11-27 11:00'";19;10;23;15;1;good
DEBB021;"'2019-11-27 12:00'";18;14;19;14;1;good
DEBB021;"'2019-11-27 13:00'";17;14;18;13;1;good
DEBB021;"'2019-11-27 14:00'";14;13;22;12;3;good
DEBB021;"'2019-11-27 15:00'";13;14;23;10;3;good
DEBB021;"'2019-11-27 16:00'";10;13;25;9;2;good
DEBB021;"'2019-11-27 17:00'";10;14;25;8;1;good
DEBB021;"'2019-11-27 18:00'";11;15;23;9;1;good
DEBB021;"'2019-11-27 19:00'";11;21;19;9;1;good
DEBB021;"'2019-11-27 20:00'";11;25;16;9;1;good
DEBB021;"'2019-11-27 21:00'";10;24;18;8;1;good
DEBB021;"'2019-11-27 22:00'";10;22;18;8;1;good
DEBB021;"'2019-11-27 23:00'";9;24;16;8;1;good
DEBB021;"'2019-11-27 24:00'";9;25;14;7;1;good
DEBB021;"'2019-11-28 01:00'";9;27;12;7;1;good
DEBB021;"'2019-11-28 02:00'";9;26;12;8;3;good
DEBB021;"'2019-11-28 03:00'";9;27;12;7;2;good
DEBB021;"'2019-11-28 04:00'";8;30;11;6;3;good
DEBB021;"'2019-11-28 05:00'";6;36;9;4;3;good
DEBB021;"'2019-11-28 06:00'";4;41;9;3;3;good
DEBB021;"'2019-11-28 07:00'";4;38;13;3;3;good
DEBB021;"'2019-11-28 08:00'";4;36;17;3;3;good
DEBB021;"'2019-11-28 09:00'";4;36;17;3;3;good
DEBB021;"'2019-11-28 10:00'";4;45;14;2;3;good
DEBB021;"'2019-11-28 11:00'";6;51;14;2;2;good
DEBB021;"'2019-11-28 12:00'";6;54;12;3;1;good
DEBB021;"'2019-11-28 13:00'";5;56;11;2;1;good
DEBB021;"'2019-11-28 14:00'";5;56;11;2;1;good
DEBB021;"'2019-11-28 15:00'";6;55;11;2;1;good
DEBB021;"'2019-11-28 16:00'";5;55;13;3;1;good
DEBB021;"'2019-11-28 17:00'";5;55;13;2;1;good
DEBB021;"'2019-11-28 18:00'";4;55;11;2;1;good
DEBB021;"'2019-11-28 19:00'";3;53;10;2;1;good
DEBB021;"'2019-11-28 20:00'";3;54;8;2;1;good
DEBB021;"'2019-11-28 21:00'";3;52;9;2;1;good
DEBB021;"'2019-11-28 22:00'";3;51;11;2;1;good
DEBB021;"'2019-11-28 23:00'";3;50;9;3;1;good
DEBB021;"'2019-11-28 24:00'";3;49;9;3;1;good
DEBB021;"'2019-11-29 01:00'";4;45;9;3;1;good
DEBB021;"'2019-11-29 02:00'";5;42;9;4;1;good
DEBB021;"'2019-11-29 03:00'";6;36;7;5;1;good
DEBB021;"'2019-11-29 04:00'";3;37;4;3;1;good
DEBB021;"'2019-11-29 05:00'";6;65;2;4;1;good
DEBB021;"'2019-11-29 06:00'";8;69;4;5;1;good
DEBB021;"'2019-11-29 07:00'";9;62;10;5;1;good
DEBB021;"'2019-11-29 08:00'";10;59;15;6;1;good
DEBB021;"'2019-11-29 09:00'";10;63;11;6;1;good
DEBB021;"'2019-11-29 10:00'";10;57;16;6;1;good
DEBB021;"'2019-11-29 11:00'";8;54;9;5;1;good
DEBB021;"'2019-11-29 12:00'";7;48;7;4;1;good
DEBB021;"'2019-11-29 13:00'";7;50;7;4;1;good
DEBB021;"'2019-11-29 14:00'";7;51;8;5;1;good
DEBB021;"'2019-11-29 15:00'";5;51;10;3;1;good
DEBB021;"'2019-11-29 16:00'";3;54;10;3;1;good
DEBB021;"'2019-11-29 17:00'";3;63;7;1;1;good
DEBB021;"'2019-11-29 18:00'";4;68;7;3;1;good
DEBB021;"'2019-11-29 19:00'";7;66;9;5;1;good
DEBB021;"'2019-11-29 20:00'";8;62;9;5;1;good
DEBB021;"'2019-11-29 21:00'";8;59;9;6;1;good
DEBB021;"'2019-11-29 22:00'";8;55;10;5;1;good
DEBB021;"'2019-11-29 23:00'";7;54;9;5;1;good
DEBB021;"'2019-11-29 24:00'";6;51;9;4;1;good
DEBB021;"'2019-11-30 01:00'";6;47;11;4;1;good
DEBB021;"'2019-11-30 02:00'";6;45;12;4;1;good
DEBB021;"'2019-11-30 03:00'";6;42;13;4;1;good
DEBB021;"'2019-11-30 04:00'";6;37;17;4;1;good
DEBB021;"'2019-11-30 05:00'";5;29;27;4;1;good
DEBB021;"'2019-11-30 06:00'";7;32;20;5;1;good
DEBB021;"'2019-11-30 07:00'";10;28;23;8;1;good
DEBB021;"'2019-11-30 08:00'";17;22;23;13;1;good
DEBB021;"'2019-11-30 09:00'";19;22;21;15;1;good
DEBB021;"'2019-11-30 10:00'";18;22;22;14;1;good
DEBB021;"'2019-11-30 11:00'";16;32;17;13;1;good
DEBB021;"'2019-11-30 12:00'";13;40;13;11;1;good
DEBB021;"'2019-11-30 13:00'";14;42;12;12;1;good
DEBB021;"'2019-11-30 14:00'";13;46;12;11;1;good
DEBB021;"'2019-11-30 15:00'";12;49;12;10;1;good
DEBB021;"'2019-11-30 16:00'";14;44;18;12;2;good
DEBB021;"'2019-11-30 17:00'";17;27;34;14;1;moderate
DEBB021;"'2019-11-30 18:00'";17;15;47;14;1;moderate
DEBB021;"'2019-11-30 19:00'";19;20;37;16;1;moderate
DEBB021;"'2019-11-30 20:00'";18;28;27;15;1;good
DEBB021;"'2019-11-30 21:00'";16;33;21;13;2;good
DEBB021;"'2019-11-30 22:00'";16;27;25;14;2;good
DEBB021;"'2019-11-30 23:00'";16;24;25;13;1;good
DEBB021;"'2019-11-30 24:00'";18;22;24;15;1;good
DEBB021;"'2019-12-01 01:00'";19;17;24;16;1;moderate
DEBB021;"'2019-12-01 02:00'";20;12;27;17;1;moderate
DEBB021;"'2019-12-01 03:00'";20;14;21;17;1;moderate
DEBB021;"'2019-12-01 04:00'";21;18;14;18;1;moderate
DEBB021;"'2019-12-01 05:00'";22;16;13;18;1;moderate
DEBB021;"'2019-12-01 06:00'";22;14;15;18;1;moderate
DEBB021;"'2019-12-01 07:00'";23;21;14;19;1;moderate
DEBB021;"'2019-12-01 08:00'";25;15;22;21;1;moderate
DEBB021;"'2019-12-01 09:00'";27;18;19;23;1;moderate
DEBB021;"'2019-12-01 10:00'";33;23;15;24;1;moderate
DEBB021;"'2019-12-01 11:00'";30;25;15;24;1;moderate
DEBB021;"'2019-12-01 12:00'";25;27;15;22;1;moderate
DEBB021;"'2019-12-01 13:00'";25;27;14;22;1;moderate
DEBB021;"'2019-12-01 14:00'";25;26;18;21;2;moderate
DEBB021;"'2019-12-01 15:00'";24;28;18;21;1;moderate
DEBB021;"'2019-12-01 16:00'";25;20;25;21;1;moderate
DEBB021;"'2019-12-01 17:00'";25;20;24;22;1;moderate
DEBB021;"'2019-12-01 18:00'";28;16;28;24;1;moderate
DEBB021;"'2019-12-01 19:00'";26;23;23;23;1;moderate
DEBB021;"'2019-12-01 20:00'";29;15;30;25;3;moderate
DEBB021;"'2019-12-01 21:00'";29;15;26;25;3;moderate
DEBB021;"'2019-12-01 22:00'";27;14;25;23;1;moderate
DEBB021;"'2019-12-01 23:00'";27;14;22;23;1;moderate
DEBB021;"'2019-12-01 24:00'";28;15;19;22;1;moderate
DEBB021;"'2019-12-02 01:00'";22;20;16;19;1;moderate
DEBB021;"'2019-12-02 02:00'";19;24;13;17;1;moderate
DEBB021;"'2019-12-02 03:00'";18;22;13;16;1;moderate
DEBB021;"'2019-12-02 04:00'";16;25;12;14;1;good
DEBB021;"'2019-12-02 05:00'";17;26;11;15;1;good
DEBB021;"'2019-12-02 06:00'";17;20;15;15;1;good
DEBB021;"'2019-12-02 07:00'";19;22;16;17;1;moderate
DEBB021;"'2019-12-02 08:00'";17;28;16;15;1;good
DEBB021;"'2019-12-02 09:00'";16;32;16;14;1;good
DEBB021;"'2019-12-02 10:00'";15;36;17;13;1;good
DEBB021;"'2019-12-02 11:00'";15;38;17;13;1;good
DEBB021;"'2019-12-02 12:00'";13;46;13;11;1;good
DEBB021;"'2019-12-02 13:00'";12;-;-;10;-;good
DEBB021;"'2019-12-02 14:00'";13;52;11;10;1;good
DEBB021;"'2019-12-02 15:00'";13;52;13;10;1;good
DEBB021;"'2019-12-02 16:00'";15;45;17;12;1;good
DEBB021;"'2019-12-02 17:00'";14;43;16;12;1;good
DEBB021;"'2019-12-02 18:00'";12;47;13;11;1;good
DEBB021;"'2019-12-02 19:00'";13;47;14;11;1;good
DEBB021;"'2019-12-02 20:00'";12;48;12;10;1;good
DEBB021;"'2019-12-02 21:00'";11;47;11;9;1;good
DEBB021;"'2019-12-02 22:00'";8;52;9;7;1;good
DEBB021;"'2019-12-02 23:00'";6;53;9;5;1;good
DEBB021;"'2019-12-02 24:00'";6;51;9;5;1;good
DEBB021;"'2019-12-03 01:00'";6;49;9;5;1;good
DEBB021;"'2019-12-03 02:00'";7;46;10;5;1;good
DEBB021;"'2019-12-03 03:00'";7;39;12;6;1;good
DEBB021;"'2019-12-03 04:00'";8;36;14;6;1;good
DEBB021;"'2019-12-03 05:00'";10;29;16;7;1;good
DEBB021;"'2019-12-03 06:00'";10;22;19;8;1;good
DEBB021;"'2019-12-03 07:00'";11;5;31;9;1;moderate
DEBB021;"'2019-12-03 08:00'";12;2;37;9;1;moderate
DEBB021;"'2019-12-03 09:00'";12;3;33;8;1;moderate
DEBB021;"'2019-12-03 10:00'";11;7;33;8;1;moderate
DEBB021;"'2019-12-03 11:00'";14;18;-;10;1;good
DEBB021;"'2019-12-03 12:00'";19;30;23;13;1;good
DEBB021;"'2019-12-03 13:00'";17;41;16;13;2;good
DEBB021;"'2019-12-03 14:00'";15;39;17;12;1;good
DEBB021;"'2019-12-03 15:00'";18;34;22;14;1;good
DEBB021;"'2019-12-03 16:00'";18;20;33;14;1;moderate
DEBB021;"'2019-12-03 17:00'";16;19;29;13;1;good
DEBB021;"'2019-12-03 18:00'";17;13;34;15;1;moderate
DEBB021;"'2019-12-03 19:00'";22;18;30;19;1;moderate
DEBB021;"'2019-12-03 20:00'";18;26;25;15;1;good
DEBB021;"'2019-12-03 21:00'";15;30;20;13;1;good
DEBB021;"'2019-12-03 22:00'";13;33;20;11;1;good
DEBB021;"'2019-12-03 23:00'";10;36;18;9;1;good
DEBB021;"'2019-12-03 24:00'";10;39;16;9;2;good
DEBB021;"'2019-12-04 01:00'";11;42;11;10;2;good
DEBB021;"'2019-12-04 02:00'";12;38;13;11;3;good
DEBB021;"'2019-12-04 03:00'";12;36;11;11;3;good
DEBB021;"'2019-12-04 04:00'";13;33;10;11;1;good
DEBB021;"'2019-12-04 05:00'";14;26;18;12;1;good
DEBB021;"'2019-12-04 06:00'";14;28;16;12;1;good
DEBB021;"'2019-12-04 07:00'";15;20;26;13;1;good
DEBB021;"'2019-12-04 08:00'";17;17;25;14;1;good
DEBB021;"'2019-12-04 09:00'";18;20;22;14;1;good
DEBB021;"'2019-12-04 10:00'";17;23;19;14;1;good
DEBB021;"'2019-12-04 11:00'";19;23;19;15;1;good
DEBB021;"'2019-12-04 12:00'";20;25;19;16;3;moderate
DEBB021;"'2019-12-04 13:00'";20;29;19;16;4;moderate
DEBB021;"'2019-12-04 14:00'";20;28;22;15;4;good
DEBB021;"'2019-12-04 15:00'";21;28;24;16;4;moderate
DEBB021;"'2019-12-04 16:00'";20;18;36;15;4;moderate
DEBB021;"'2019-12-04 17:00'";16;9;42;13;4;moderate
DEBB021;"'2019-12-04 18:00'";19;8;36;16;3;moderate
DEBB021;"'2019-12-04 19:00'";20;7;35;16;2;moderate
DEBB021;"'2019-12-04 20:00'";21;7;33;18;3;moderate
DEBB021;"'2019-12-04 21:00'";22;3;37;18;4;moderate
DEBB021;"'2019-12-04 22:00'";23;2;36;19;3;moderate
DEBB021;"'2019-12-04 23:00'";24;2;35;20;3;moderate
DEBB021;"'2019-12-04 24:00'";23;2;34;20;3;moderate
DEBB021;"'2019-12-05 01:00'";21;2;35;18;2;moderate
DEBB021;"'2019-12-05 02:00'";21;2;32;18;3;moderate
DEBB021;"'2019-12-05 03:00'";23;2;32;20;1;moderate
DEBB021;"'2019-12-05 04:00'";24;2;32;20;1;moderate
DEBB021;"'2019-12-05 05:00'";24;2;31;21;1;moderate
DEBB021;"'2019-12-05 06:00'";24;2;30;20;1;moderate
DEBB021;"'2019-12-05 07:00'";27;2;32;22;2;moderate
DEBB021;"'2019-12-05 08:00'";30;2;39;25;4;moderate
DEBB021;"'2019-12-05 09:00'";31;2;40;26;4;moderate
DEBB021;"'2019-12-05 10:00'";32;3;38;27;3;moderate
DEBB021;"'2019-12-05 11:00'";31;14;25;26;4;moderate
DEBB021;"'2019-12-05 12:00'";30;14;26;24;4;moderate
DEBB021;"'2019-12-05 13:00'";27;18;27;22;3;moderate
DEBB021;"'2019-12-05 14:00'";24;21;25;18;4;moderate
DEBB021;"'2019-12-05 15:00'";21;17;29;17;4;moderate
DEBB021;"'2019-12-05 16:00'";21;8;38;16;3;moderate
DEBB021;"'2019-12-05 17:00'";20;6;43;16;3;moderate
DEBB021;"'2019-12-05 18:00'";22;7;36;18;2;moderate
DEBB021;"'2019-12-05 19:00'";25;9;33;21;3;moderate
DEBB021;"'2019-12-05 20:00'";28;9;32;23;4;moderate
DEBB021;"'2019-12-05 21:00'";28;8;32;24;4;moderate
DEBB021;"'2019-12-05 22:00'";28;7;32;24;4;moderate
DEBB021;"'2019-12-05 23:00'";29;7;30;25;3;moderate
DEBB021;"'2019-12-05 24:00'";30;5;32;26;3;moderate
DEBB021;"'2019-12-06 01:00'";32;3;31;28;3;moderate
DEBB021;"'2019-12-06 02:00'";30;7;29;26;3;moderate
DEBB021;"'2019-12-06 03:00'";29;9;30;25;3;moderate
DEBB021;"'2019-12-06 04:00'";27;8;32;24;3;moderate
DEBB021;"'2019-12-06 05:00'";26;9;33;23;3;moderate
DEBB021;"'2019-12-06 06:00'";25;10;34;23;3;moderate
DEBB021;"'2019-12-06 07:00'";24;11;35;21;3;moderate
DEBB021;"'2019-12-06 08:00'";23;13;35;20;3;moderate
DEBB021;"'2019-12-06 09:00'";24;14;34;19;3;moderate
DEBB021;"'2019-12-06 10:00'";21;19;33;17;3;moderate
DEBB021;"'2019-12-06 11:00'";21;22;32;17;1;moderate
DEBB021;"'2019-12-06 12:00'";20;25;31;16;1;moderate
DEBB021;"'2019-12-06 13:00'";19;24;32;16;1;moderate
DEBB021;"'2019-12-06 14:00'";19;23;31;16;1;moderate
DEBB021;"'2019-12-06 15:00'";18;25;31;15;1;moderate
DEBB021;"'2019-12-06 16:00'";17;31;27;14;1;good
DEBB021;"'2019-12-06 17:00'";16;31;26;14;1;good
DEBB021;"'2019-12-06 18:00'";16;32;26;14;1;good
DEBB021;"'2019-12-06 19:00'";16;33;26;14;1;good
DEBB021;"'2019-12-06 20:00'";15;35;23;13;1;good
DEBB021;"'2019-12-06 21:00'";13;40;19;11;1;good
DEBB021;"'2019-12-06 22:00'";11;44;16;9;1;good
DEBB021;"'2019-12-06 23:00'";10;47;14;9;1;good
DEBB021;"'2019-12-06 24:00'";9;48;12;8;1;good
DEBB021;"'2019-12-07 01:00'";8;48;10;7;1;good
DEBB021;"'2019-12-07 02:00'";7;48;8;6;1;good
DEBB021;"'2019-12-07 03:00'";5;47;8;5;1;good
DEBB021;"'2019-12-07 04:00'";5;47;8;4;1;good
DEBB021;"'2019-12-07 05:00'";4;48;7;4;1;good
DEBB021;"'2019-12-07 06:00'";4;49;7;3;1;good
DEBB021;"'2019-12-07 07:00'";4;47;10;4;1;good
DEBB021;"'2019-12-07 08:00'";3;45;11;3;1;good
DEBB021;"'2019-12-07 09:00'";3;48;11;3;1;good
DEBB021;"'2019-12-07 10:00'";4;54;10;3;1;good
DEBB021;"'2019-12-07 11:00'";4;54;12;3;2;good
DEBB021;"'2019-12-07 12:00'";4;59;10;3;1;good
DEBB021;"'2019-12-07 13:00'";6;59;10;5;1;good
DEBB021;"'2019-12-07 14:00'";8;56;12;6;1;good
DEBB021;"'2019-12-07 15:00'";7;56;11;6;1;good
DEBB021;"'2019-12-07 16:00'";7;57;11;6;1;good
DEBB021;"'2019-12-07 17:00'";9;53;13;8;1;good
DEBB021;"'2019-12-07 18:00'";10;53;14;8;1;good
DEBB021;"'2019-12-07 19:00'";11;50;15;9;1;good
DEBB021;"'2019-12-07 20:00'";11;51;12;9;1;good
DEBB021;"'2019-12-07 21:00'";9;49;13;8;1;good
DEBB021;"'2019-12-07 22:00'";10;44;16;8;1;good
DEBB021;"'2019-12-07 23:00'";13;42;13;11;2;good
DEBB021;"'2019-12-07 24:00'";14;44;12;12;3;good
DEBB021;"'2019-12-08 01:00'";11;48;9;9;1;good
DEBB021;"'2019-12-08 02:00'";8;50;7;6;1;good
DEBB021;"'2019-12-08 03:00'";6;52;6;5;1;good
DEBB021;"'2019-12-08 04:00'";6;54;5;4;1;good
DEBB021;"'2019-12-08 05:00'";5;55;5;4;1;good
DEBB021;"'2019-12-08 06:00'";5;56;5;4;1;good
DEBB021;"'2019-12-08 07:00'";5;55;5;4;1;good
DEBB021;"'2019-12-08 08:00'";5;56;6;4;1;good
DEBB021;"'2019-12-08 09:00'";6;54;7;5;1;good
DEBB021;"'2019-12-08 10:00'";5;62;5;4;1;good
DEBB021;"'2019-12-08 11:00'";5;62;6;3;1;good
DEBB021;"'2019-12-08 12:00'";4;61;7;3;1;good
DEBB021;"'2019-12-08 13:00'";4;61;7;3;1;good
DEBB021;"'2019-12-08 14:00'";3;60;8;2;1;good
DEBB021;"'2019-12-08 15:00'";3;59;9;3;1;good
DEBB021;"'2019-12-08 16:00'";3;59;9;2;1;good
DEBB021;"'2019-12-08 17:00'";4;55;11;3;1;good
DEBB021;"'2019-12-08 18:00'";4;54;9;3;1;good
DEBB021;"'2019-12-08 19:00'";3;57;8;3;1;good
DEBB021;"'2019-12-08 20:00'";3;60;8;2;1;good
DEBB021;"'2019-12-08 21:00'";3;63;9;2;1;good
DEBB021;"'2019-12-08 22:00'";4;67;7;3;1;good
DEBB021;"'2019-12-08 23:00'";7;67;6;5;1;good
DEBB021;"'2019-12-08 24:00'";11;70;5;8;1;good
DEBB021;"'2019-12-09 01:00'";10;71;5;7;1;good
DEBB021;"'2019-12-09 02:00'";7;70;5;5;1;good
DEBB021;"'2019-12-09 03:00'";6;67;5;4;1;good
DEBB021;"'2019-12-09 04:00'";5;70;3;4;1;good
DEBB021;"'2019-12-09 05:00'";3;76;2;2;1;moderate
DEBB021;"'2019-12-09 06:00'";3;74;5;2;1;moderate
DEBB021;"'2019-12-09 07:00'";4;64;13;3;1;good
DEBB021;"'2019-12-09 08:00'";5;57;18;3;1;good
DEBB021;"'2019-12-09 09:00'";5;52;21;3;2;good
DEBB021;"'2019-12-09 10:00'";7;47;23;4;2;good
DEBB021;"'2019-12-09 11:00'";6;53;17;3;3;good
DEBB021;"'2019-12-09 12:00'";9;59;13;4;3;good
DEBB021;"'2019-12-09 13:00'";7;64;13;3;1;good
DEBB021;"'2019-12-09 14:00'";5;65;11;3;1;good
DEBB021;"'2019-12-09 15:00'";5;62;13;2;1;good
DEBB021;"'2019-12-09 16:00'";4;59;14;2;1;good
DEBB021;"'2019-12-09 17:00'";3;54;18;2;1;good
DEBB021;"'2019-12-09 18:00'";3;59;12;2;1;good
DEBB021;"'2019-12-09 19:00'";5;54;12;4;1;good
DEBB021;"'2019-12-09 20:00'";7;47;13;6;1;good
DEBB021;"'2019-12-09 21:00'";8;48;11;7;1;good
DEBB021;"'2019-12-09 22:00'";9;50;9;7;1;good
DEBB021;"'2019-12-09 23:00'";9;53;7;7;1;good
DEBB021;"'2019-12-09 24:00'";9;59;6;6;1;good
DEBB021;"'2019-12-10 01:00'";10;61;6;6;1;good
DEBB021;"'2019-12-10 02:00'";10;63;5;7;1;good
DEBB021;"'2019-12-10 03:00'";10;64;5;6;1;good
DEBB021;"'2019-12-10 04:00'";8;64;5;6;1;good
DEBB021;"'2019-12-10 05:00'";7;63;5;5;1;good
DEBB021;"'2019-12-10 06:00'";7;63;5;5;1;good
DEBB021;"'2019-12-10 07:00'";7;55;10;5;1;good
DEBB021;"'2019-12-10 08:00'";7;51;14;5;1;good
DEBB021;"'2019-12-10 09:00'";8;47;16;6;1;good
DEBB021;"'2019-12-10 10:00'";9;48;15;6;1;good
DEBB021;"'2019-12-10 11:00'";10;52;14;6;1;good
DEBB021;"'2019-12-10 12:00'";10;56;12;7;1;good
DEBB021;"'2019-12-10 13:00'";11;61;11;7;3;good
DEBB021;"'2019-12-10 14:00'";13;58;14;8;2;good
DEBB021;"'2019-12-10 15:00'";15;53;20;9;1;good
DEBB021;"'2019-12-10 16:00'";15;42;31;9;3;moderate
DEBB021;"'2019-12-10 17:00'";14;20;50;9;1;moderate
DEBB021;"'2019-12-10 18:00'";15;14;53;10;3;moderate
DEBB021;"'2019-12-10 19:00'";15;29;34;10;1;moderate
DEBB021;"'2019-12-10 20:00'";15;32;28;10;1;good
DEBB021;"'2019-12-10 21:00'";15;36;21;10;1;good
DEBB021;"'2019-12-10 22:00'";14;43;17;10;1;good
DEBB021;"'2019-12-10 23:00'";13;42;16;9;3;good
DEBB021;"'2019-12-10 24:00'";13;40;16;9;3;good
DEBB021;"'2019-12-11 01:00'";12;45;14;9;1;good
DEBB021;"'2019-12-11 02:00'";12;45;12;9;3;good
DEBB021;"'2019-12-11 03:00'";11;47;11;9;3;good
DEBB021;"'2019-12-11 04:00'";9;52;10;7;3;good
DEBB021;"'2019-12-11 05:00'";8;55;10;6;2;good
DEBB021;"'2019-12-11 06:00'";8;57;9;6;1;good
DEBB021;"'2019-12-11 07:00'";8;50;14;6;1;good
DEBB021;"'2019-12-11 08:00'";9;44;20;6;1;good
DEBB021;"'2019-12-11 09:00'";15;43;20;7;1;good
DEBB021;"'2019-12-11 10:00'";12;35;24;7;1;good
DEBB021;"'2019-12-11 11:00'";12;33;28;7;1;good
DEBB021;"'2019-12-11 12:00'";15;36;27;7;1;good
DEBB021;"'2019-12-11 13:00'";10;46;18;7;1;good
DEBB021;"'2019-12-11 14:00'";15;42;21;8;1;good
DEBB021;"'2019-12-11 15:00'";11;37;25;7;1;good
DEBB021;"'2019-12-11 16:00'";14;27;33;8;1;moderate
DEBB021;"'2019-12-11 17:00'";13;21;38;8;1;moderate
DEBB021;"'2019-12-11 18:00'";12;31;29;8;1;good
DEBB021;"'2019-12-11 19:00'";12;30;32;8;1;moderate
DEBB021;"'2019-12-11 20:00'";13;29;28;9;1;good
DEBB021;"'2019-12-11 21:00'";13;29;27;9;1;good
DEBB021;"'2019-12-11 22:00'";12;31;24;9;2;good
DEBB021;"'2019-12-11 23:00'";12;30;23;9;1;good
DEBB021;"'2019-12-11 24:00'";11;35;19;9;1;good
DEBB021;"'2019-12-12 01:00'";10;48;12;9;1;good
DEBB021;"'2019-12-12 02:00'";12;46;11;11;1;good
DEBB021;"'2019-12-12 03:00'";14;42;10;12;1;good
DEBB021;"'2019-12-12 04:00'";12;38;11;10;1;good
DEBB021;"'2019-12-12 05:00'";10;34;12;9;1;good
DEBB021;"'2019-12-12 06:00'";9;29;15;8;1;good
DEBB021;"'2019-12-12 07:00'";9;25;18;8;1;good
DEBB021;"'2019-12-12 08:00'";12;19;21;10;1;good
DEBB021;"'2019-12-12 09:00'";16;17;22;13;1;good
DEBB021;"'2019-12-12 10:00'";16;16;22;13;1;good
DEBB021;"'2019-12-12 11:00'";15;12;27;13;1;good
DEBB021;"'2019-12-12 12:00'";17;15;22;14;1;good
DEBB021;"'2019-12-12 13:00'";18;14;26;15;1;good
DEBB021;"'2019-12-12 14:00'";17;17;25;14;1;good
DEBB021;"'2019-12-12 15:00'";18;16;28;15;1;good
DEBB021;"'2019-12-12 16:00'";18;16;31;14;1;moderate
DEBB021;"'2019-12-12 17:00'";18;13;34;14;1;moderate
DEBB021;"'2019-12-12 18:00'";15;12;30;12;1;good
DEBB021;"'2019-12-12 19:00'";14;7;32;11;1;moderate
DEBB021;"'2019-12-12 20:00'";14;8;29;11;1;good
DEBB021;"'2019-12-12 21:00'";14;5;31;12;1;moderate
DEBB021;"'2019-12-12 22:00'";14;10;28;12;1;good
DEBB021;"'2019-12-12 23:00'";13;13;25;11;1;good
DEBB021;"'2019-12-12 24:00'";15;13;25;13;1;good
DEBB021;"'2019-12-13 01:00'";20;10;27;17;1;moderate
DEBB021;"'2019-12-13 02:00'";22;8;28;19;1;moderate
DEBB021;"'2019-12-13 03:00'";23;7;30;20;1;moderate
DEBB021;"'2019-12-13 04:00'";23;6;31;20;1;moderate
DEBB021;"'2019-12-13 05:00'";24;5;30;21;1;moderate
DEBB021;"'2019-12-13 06:00'";25;10;24;22;1;moderate
DEBB021;"'2019-12-13 07:00'";25;8;29;22;1;moderate
DEBB021;"'2019-12-13 08:00'";25;8;31;22;1;moderate
DEBB021;"'2019-12-13 09:00'";25;10;28;22;1;moderate
DEBB021;"'2019-12-13 10:00'";21;16;25;18;1;moderate
DEBB021;"'2019-12-13 11:00'";19;23;20;17;2;moderate
DEBB021;"'2019-12-13 12:00'";20;23;20;17;1;moderate
DEBB021;"'2019-12-13 13:00'";18;29;19;15;1;good
DEBB021;"'2019-12-13 14:00'";17;29;19;14;1;good
DEBB021;"'2019-12-13 15:00'";17;22;23;14;3;good
DEBB021;"'2019-12-13 16:00'";19;10;32;16;3;moderate
DEBB021;"'2019-12-13 17:00'";18;7;35;15;3;moderate
DEBB021;"'2019-12-13 18:00'";16;15;28;13;1;good
DEBB021;"'2019-12-13 19:00'";16;15;27;14;1;good
DEBB021;"'2019-12-13 20:00'";17;23;17;15;1;good
DEBB021;"'2019-12-13 21:00'";19;23;16;17;1;moderate
DEBB021;"'2019-12-13 22:00'";20;19;18;18;1;moderate
DEBB021;"'2019-12-13 23:00'";21;11;26;18;1;moderate
DEBB021;"'2019-12-13 24:00'";22;11;23;19;1;moderate
DEBB021;"'2019-12-14 01:00'";20;10;23;18;1;moderate
DEBB021;"'2019-12-14 02:00'";19;13;20;17;1;moderate
DEBB021;"'2019-12-14 03:00'";18;15;19;16;1;moderate
DEBB021;"'2019-12-14 04:00'";15;22;15;13;1;good
DEBB021;"'2019-12-14 05:00'";11;20;14;10;1;good
DEBB021;"'2019-12-14 06:00'";8;17;17;7;1;good
DEBB021;"'2019-12-14 07:00'";9;24;17;8;1;good
DEBB021;"'2019-12-14 08:00'";8;35;12;7;1;good
DEBB021;"'2019-12-14 09:00'";7;39;12;6;1;good
DEBB021;"'2019-12-14 10:00'";4;38;14;4;1;good
DEBB021;"'2019-12-14 11:00'";5;41;14;4;1;good
DEBB021;"'2019-12-14 12:00'";5;51;14;4;1;good
DEBB021;"'2019-12-14 13:00'";4;52;18;3;1;good
DEBB021;"'2019-12-14 14:00'";10;40;30;8;1;good
DEBB021;"'2019-12-14 15:00'";6;48;18;5;1;good
DEBB021;"'2019-12-14 16:00'";8;47;20;6;1;good
DEBB021;"'2019-12-14 17:00'";9;56;16;7;1;good
DEBB021;"'2019-12-14 18:00'";9;59;17;8;1;good
DEBB021;"'2019-12-14 19:00'";8;58;16;7;1;good
DEBB021;"'2019-12-14 20:00'";7;62;13;6;1;good
DEBB021;"'2019-12-14 21:00'";5;66;9;4;1;good
DEBB021;"'2019-12-14 22:00'";4;69;8;3;1;good
DEBB021;"'2019-12-14 23:00'";4;72;6;3;1;good
DEBB021;"'2019-12-14 24:00'";1;82;3;0.8;1;moderate
DEBB021;"'2019-12-15 01:00'";2;81;3;1;1;moderate
DEBB021;"'2019-12-15 02:00'";3;74;5;2;1;moderate
DEBB021;"'2019-12-15 03:00'";5;71;6;3;1;good
DEBB021;"'2019-12-15 04:00'";6;68;6;4;1;good
DEBB021;"'2019-12-15 05:00'";6;64;6;4;1;good
DEBB021;"'2019-12-15 06:00'";7;62;7;5;1;good
DEBB021;"'2019-12-15 07:00'";9;63;6;6;1;good
DEBB021;"'2019-12-15 08:00'";8;63;6;5;1;good
DEBB021;"'2019-12-15 09:00'";5;62;5;4;1;good
DEBB021;"'2019-12-15 10:00'";4;61;6;3;1;good
DEBB021;"'2019-12-15 11:00'";3;58;9;3;1;good
DEBB021;"'2019-12-15 12:00'";3;63;9;3;1;good
DEBB021;"'2019-12-15 13:00'";2;68;8;1;1;good
DEBB021;"'2019-12-15 14:00'";4;75;9;3;1;moderate
DEBB021;"'2019-12-15 15:00'";5;73;12;4;1;moderate
DEBB021;"'2019-12-15 16:00'";6;66;18;5;1;good
DEBB021;"'2019-12-15 17:00'";6;66;15;4;1;good
DEBB021;"'2019-12-15 18:00'";7;68;13;5;1;good
DEBB021;"'2019-12-15 19:00'";7;68;11;5;1;good
DEBB021;"'2019-12-15 20:00'";6;69;9;4;1;good
DEBB021;"'2019-12-15 21:00'";6;70;8;4;1;good
DEBB021;"'2019-12-15 22:00'";5;69;6;4;1;good
DEBB021;"'2019-12-15 23:00'";5;67;6;3;1;good
DEBB021;"'2019-12-15 24:00'";5;66;6;3;1;good
DEBB021;"'2019-12-16 01:00'";5;67;5;3;1;good
DEBB021;"'2019-12-16 02:00'";6;67;5;4;1;good
DEBB021;"'2019-12-16 03:00'";5;65;6;3;1;good
DEBB021;"'2019-12-16 04:00'";5;63;6;3;1;good
DEBB021;"'2019-12-16 05:00'";5;59;7;3;1;good
DEBB021;"'2019-12-16 06:00'";5;53;11;4;1;good
DEBB021;"'2019-12-16 07:00'";6;39;23;5;1;good
DEBB021;"'2019-12-16 08:00'";6;15;45;5;1;moderate
DEBB021;"'2019-12-16 09:00'";7;14;44;5;1;moderate
DEBB021;"'2019-12-16 10:00'";6;36;21;5;1;good
DEBB021;"'2019-12-16 11:00'";6;34;24;4;1;good
DEBB021;"'2019-12-16 12:00'";6;39;21;5;1;good
DEBB021;"'2019-12-16 13:00'";5;35;23;4;1;good
DEBB021;"'2019-12-16 14:00'";6;23;32;5;1;moderate
DEBB021;"'2019-12-16 15:00'";6;24;34;4;1;moderate
DEBB021;"'2019-12-16 16:00'";7;22;33;5;1;moderate
DEBB021;"'2019-12-16 17:00'";7;19;35;6;1;moderate
DEBB021;"'2019-12-16 18:00'";8;14;35;6;1;moderate
DEBB021;"'2019-12-16 19:00'";10;8;41;8;1;moderate
DEBB021;"'2019-12-16 20:00'";10;3;43;8;1;moderate
DEBB021;"'2019-12-16 21:00'";11;2;41;9;1;moderate
DEBB021;"'2019-12-16 22:00'";12;5;38;10;1;moderate
DEBB021;"'2019-12-16 23:00'";11;7;33;9;1;moderate
DEBB021;"'2019-12-16 24:00'";11;11;28;9;1;good
DEBB021;"'2019-12-17 01:00'";12;11;26;10;1;good
DEBB021;"'2019-12-17 02:00'";12;12;25;9;1;good
DEBB021;"'2019-12-17 03:00'";12;14;23;10;1;good
DEBB021;"'2019-12-17 04:00'";14;14;23;12;1;good
DEBB021;"'2019-12-17 05:00'";16;10;26;13;1;good
DEBB021;"'2019-12-17 06:00'";17;10;26;15;1;good
DEBB021;"'2019-12-17 07:00'";17;6;31;15;1;moderate
DEBB021;"'2019-12-17 08:00'";20;7;31;16;1;moderate
DEBB021;"'2019-12-17 09:00'";20;8;29;16;1;moderate
DEBB021;"'2019-12-17 10:00'";17;16;27;14;1;good
DEBB021;"'2019-12-17 11:00'";14;25;20;12;1;good
DEBB021;"'2019-12-17 12:00'";13;24;22;10;1;good
DEBB021;"'2019-12-17 13:00'";12;23;24;9;1;good
DEBB021;"'2019-12-17 14:00'";12;25;23;8;1;good
DEBB021;"'2019-12-17 15:00'";11;21;28;7;1;good
DEBB021;"'2019-12-17 16:00'";12;17;31;7;1;moderate
DEBB021;"'2019-12-17 17:00'";13;15;32;9;1;moderate
DEBB021;"'2019-12-17 18:00'";13;16;30;9;1;good
DEBB021;"'2019-12-17 19:00'";14;16;28;10;1;good
DEBB021;"'2019-12-17 20:00'";13;20;25;10;1;good
DEBB021;"'2019-12-17 21:00'";12;20;25;9;1;good
DEBB021;"'2019-12-17 22:00'";12;24;24;8;1;good
DEBB021;"'2019-12-17 23:00'";11;27;21;8;1;good
DEBB021;"'2019-12-17 24:00'";10;30;19;7;1;good
DEBB021;"'2019-12-18 01:00'";9;34;16;7;1;good
DEBB021;"'2019-12-18 02:00'";9;30;17;7;1;good
DEBB021;"'2019-12-18 03:00'";9;29;17;7;1;good
DEBB021;"'2019-12-18 04:00'";8;33;16;6;1;good
DEBB021;"'2019-12-18 05:00'";9;33;17;6;1;good
DEBB021;"'2019-12-18 06:00'";9;35;18;6;1;good
DEBB021;"'2019-12-18 07:00'";4;56;10;3;1;good
DEBB021;"'2019-12-18 08:00'";5;53;11;4;1;good
DEBB021;"'2019-12-18 09:00'";3;58;11;2;1;good
DEBB021;"'2019-12-18 10:00'";3;59;13;1;1;good
DEBB021;"'2019-12-18 11:00'";3;66;12;1;1;good
DEBB021;"'2019-12-18 12:00'";6;61;14;3;1;good
DEBB021;"'2019-12-18 13:00'";9;63;14;6;1;good
DEBB021;"'2019-12-18 14:00'";6;66;13;5;1;good
DEBB021;"'2019-12-18 15:00'";7;64;16;5;1;good
DEBB021;"'2019-12-18 16:00'";10;38;41;4;1;moderate
DEBB021;"'2019-12-18 17:00'";9;12;67;6;1;poor
DEBB021;"'2019-12-18 18:00'";10;18;53;7;1;moderate
DEBB021;"'2019-12-18 19:00'";16;6;64;11;1;poor
DEBB021;"'2019-12-18 20:00'";22;2;68;15;1;poor
DEBB021;"'2019-12-18 21:00'";20;2;62;14;1;poor
DEBB021;"'2019-12-18 22:00'";20;2;55;15;1;moderate
DEBB021;"'2019-12-18 23:00'";19;2;47;16;1;moderate
DEBB021;"'2019-12-18 24:00'";24;2;41;16;1;moderate
DEBB021;"'2019-12-19 01:00'";20;2;34;12;1;moderate
DEBB021;"'2019-12-19 02:00'";10;6;28;7;1;good
DEBB021;"'2019-12-19 03:00'";14;2;33;10;1;moderate
DEBB021;"'2019-12-19 04:00'";12;2;32;9;1;moderate
DEBB021;"'2019-12-19 05:00'";10;4;25;7;1;good
DEBB021;"'2019-12-19 06:00'";8;6;23;6;1;good
DEBB021;"'2019-12-19 07:00'";10;3;26;7;1;good
DEBB021;"'2019-12-19 08:00'";15;2;28;11;1;good
DEBB021;"'2019-12-19 09:00'";17;2;27;12;1;good
DEBB021;"'2019-12-19 10:00'";19;2;27;15;1;good
DEBB021;"'2019-12-19 11:00'";22;4;25;18;1;moderate
DEBB021;"'2019-12-19 12:00'";25;6;24;20;1;moderate
DEBB021;"'2019-12-19 13:00'";26;8;25;21;1;moderate
DEBB021;"'2019-12-19 14:00'";28;8;28;20;1;moderate
DEBB021;"'2019-12-19 15:00'";28;6;32;20;1;moderate
DEBB021;"'2019-12-19 16:00'";29;2;34;21;1;moderate
DEBB021;"'2019-12-19 17:00'";29;2;37;22;1;moderate
DEBB021;"'2019-12-19 18:00'";31;2;34;24;1;moderate
DEBB021;"'2019-12-19 19:00'";33;2;32;26;1;moderate
DEBB021;"'2019-12-19 20:00'";33;2;31;27;1;moderate
DEBB021;"'2019-12-19 21:00'";33;2;31;28;1;moderate
DEBB021;"'2019-12-19 22:00'";37;2;29;27;1;moderate
DEBB021;"'2019-12-19 23:00'";40;7;26;26;1;moderate
DEBB021;"'2019-12-19 24:00'";29;10;24;24;1;moderate
DEBB021;"'2019-12-20 01:00'";28;10;22;25;1;moderate
DEBB021;"'2019-12-20 02:00'";33;9;22;25;1;moderate
DEBB021;"'2019-12-20 03:00'";41;8;20;26;1;moderate
DEBB021;"'2019-12-20 04:00'";34;5;23;24;1;moderate
DEBB021;"'2019-12-20 05:00'";30;2;25;22;1;moderate
DEBB021;"'2019-12-20 06:00'";27;2;25;22;1;moderate
DEBB021;"'2019-12-20 07:00'";31;2;28;23;1;moderate
DEBB021;"'2019-12-20 08:00'";30;2;30;22;1;moderate
DEBB021;"'2019-12-20 09:00'";30;2;31;21;1;moderate
DEBB021;"'2019-12-20 10:00'";26;2;36;23;1;moderate
DEBB021;"'2019-12-20 11:00'";25;4;36;21;1;moderate
DEBB021;"'2019-12-20 12:00'";25;8;38;20;1;moderate
DEBB021;"'2019-12-20 13:00'";21;18;33;17;1;moderate
DEBB021;"'2019-12-20 14:00'";19;22;27;15;1;good
DEBB021;"'2019-12-20 15:00'";18;25;24;14;1;good
DEBB021;"'2019-12-20 16:00'";20;13;35;16;1;moderate
DEBB021;"'2019-12-20 17:00'";21;8;41;17;1;moderate
DEBB021;"'2019-12-20 18:00'";23;17;34;19;1;moderate
DEBB021;"'2019-12-20 19:00'";26;12;40;22;1;moderate
DEBB021;"'2019-12-20 20:00'";26;18;31;22;1;moderate
DEBB021;"'2019-12-20 21:00'";27;17;30;23;1;moderate
DEBB021;"'2019-12-20 22:00'";29;14;31;25;1;moderate
DEBB021;"'2019-12-20 23:00'";29;9;33;25;1;moderate
DEBB021;"'2019-12-20 24:00'";29;8;34;24;1;moderate
DEBB021;"'2019-12-21 01:00'";25;14;26;21;1;moderate
DEBB021;"'2019-12-21 02:00'";20;23;19;17;1;moderate
DEBB021;"'2019-12-21 03:00'";14;27;16;11;1;good
DEBB021;"'2019-12-21 04:00'";11;29;14;9;1;good
DEBB021;"'2019-12-21 05:00'";10;30;13;9;1;good
DEBB021;"'2019-12-21 06:00'";12;29;14;10;1;good
DEBB021;"'2019-12-21 07:00'";13;25;17;11;1;good
DEBB021;"'2019-12-21 08:00'";13;26;17;11;1;good
DEBB021;"'2019-12-21 09:00'";12;24;20;10;1;good
DEBB021;"'2019-12-21 10:00'";12;23;21;9;1;good
DEBB021;"'2019-12-21 11:00'";8;26;24;6;1;good
DEBB021;"'2019-12-21 12:00'";7;38;19;5;1;good
DEBB021;"'2019-12-21 13:00'";6;39;19;5;1;good
DEBB021;"'2019-12-21 14:00'";7;47;18;5;1;good
DEBB021;"'2019-12-21 15:00'";6;40;21;5;1;good
DEBB021;"'2019-12-21 16:00'";7;36;23;5;1;good
DEBB021;"'2019-12-21 17:00'";8;27;29;6;1;good
DEBB021;"'2019-12-21 18:00'";10;19;35;8;1;moderate
DEBB021;"'2019-12-21 19:00'";14;14;36;11;1;moderate
DEBB021;"'2019-12-21 20:00'";15;14;32;12;1;moderate
DEBB021;"'2019-12-21 21:00'";14;12;34;12;1;moderate
DEBB021;"'2019-12-21 22:00'";16;9;34;14;1;moderate
DEBB021;"'2019-12-21 23:00'";15;8;32;13;1;moderate
DEBB021;"'2019-12-21 24:00'";14;10;27;12;1;good
DEBB021;"'2019-12-22 01:00'";14;8;28;12;1;good
DEBB021;"'2019-12-22 02:00'";15;17;17;13;1;good
DEBB021;"'2019-12-22 03:00'";23;9;21;17;1;moderate
DEBB021;"'2019-12-22 04:00'";33;6;20;21;1;moderate
DEBB021;"'2019-12-22 05:00'";25;3;23;18;1;moderate
DEBB021;"'2019-12-22 06:00'";22;4;23;15;1;good
DEBB021;"'2019-12-22 07:00'";20;4;24;15;1;good
DEBB021;"'2019-12-22 08:00'";20;6;22;15;1;good
DEBB021;"'2019-12-22 09:00'";22;8;19;15;1;good
DEBB021;"'2019-12-22 10:00'";20;10;18;14;1;good
DEBB021;"'2019-12-22 11:00'";18;13;17;14;1;good
DEBB021;"'2019-12-22 12:00'";17;13;20;15;1;good
DEBB021;"'2019-12-22 13:00'";18;15;21;16;1;moderate
DEBB021;"'2019-12-22 14:00'";18;16;23;16;1;moderate
DEBB021;"'2019-12-22 15:00'";18;17;25;16;1;moderate
DEBB021;"'2019-12-22 16:00'";18;16;29;16;1;moderate
DEBB021;"'2019-12-22 17:00'";19;10;32;16;1;moderate
DEBB021;"'2019-12-22 18:00'";18;9;31;16;1;moderate
DEBB021;"'2019-12-22 19:00'";18;9;29;16;1;moderate
DEBB021;"'2019-12-22 20:00'";18;11;27;16;1;moderate
DEBB021;"'2019-12-22 21:00'";18;11;26;16;1;moderate
DEBB021;"'2019-12-22 22:00'";18;10;25;16;1;moderate
DEBB021;"'2019-12-22 23:00'";19;10;23;16;1;moderate
DEBB021;"'2019-12-22 24:00'";18;8;23;16;1;moderate
DEBB021;"'2019-12-23 01:00'";18;8;20;16;1;moderate
DEBB021;"'2019-12-23 02:00'";18;9;18;16;1;moderate
DEBB021;"'2019-12-23 03:00'";18;8;18;15;1;good
DEBB021;"'2019-12-23 04:00'";17;8;18;14;1;good
DEBB021;"'2019-12-23 05:00'";12;22;12;10;1;good
DEBB021;"'2019-12-23 06:00'";6;32;13;5;1;good
DEBB021;"'2019-12-23 07:00'";2;44;11;2;1;good
DEBB021;"'2019-12-23 08:00'";4;43;8;3;1;good
DEBB021;"'2019-12-23 09:00'";5;46;10;4;1;good
DEBB021;"'2019-12-23 10:00'";9;47;11;8;1;good
DEBB021;"'2019-12-23 11:00'";15;48;11;13;1;good
DEBB021;"'2019-12-23 12:00'";15;51;12;12;1;good
DEBB021;"'2019-12-23 13:00'";11;53;13;9;1;good
DEBB021;"'2019-12-23 14:00'";9;56;12;7;1;good
DEBB021;"'2019-12-23 15:00'";10;54;13;8;1;good
DEBB021;"'2019-12-23 16:00'";10;50;16;8;1;good
DEBB021;"'2019-12-23 17:00'";11;50;15;9;1;good
DEBB021;"'2019-12-23 18:00'";13;48;17;11;1;good
DEBB021;"'2019-12-23 19:00'";16;47;17;13;1;good
DEBB021;"'2019-12-23 20:00'";14;43;19;12;1;good
DEBB021;"'2019-12-23 21:00'";10;45;17;8;1;good
DEBB021;"'2019-12-23 22:00'";11;47;14;9;1;good
DEBB021;"'2019-12-23 23:00'";12;49;11;10;1;good
DEBB021;"'2019-12-23 24:00'";13;46;11;11;1;good
DEBB021;"'2019-12-24 01:00'";13;43;11;11;1;good
DEBB021;"'2019-12-24 02:00'";13;43;10;11;1;good
DEBB021;"'2019-12-24 03:00'";11;46;9;9;1;good
DEBB021;"'2019-12-24 04:00'";9;49;8;7;1;good
DEBB021;"'2019-12-24 05:00'";8;48;8;6;1;good
DEBB021;"'2019-12-24 06:00'";8;45;10;6;1;good
DEBB021;"'2019-12-24 07:00'";9;40;11;7;1;good
DEBB021;"'2019-12-24 08:00'";10;39;11;8;1;good
DEBB021;"'2019-12-24 09:00'";11;39;10;9;1;good
DEBB021;"'2019-12-24 10:00'";9;40;10;7;1;good
DEBB021;"'2019-12-24 11:00'";8;43;10;6;1;good
DEBB021;"'2019-12-24 12:00'";7;48;8;5;1;good
DEBB021;"'2019-12-24 13:00'";7;48;9;5;1;good
DEBB021;"'2019-12-24 14:00'";7;47;10;5;1;good
DEBB021;"'2019-12-24 15:00'";7;47;12;5;1;good
DEBB021;"'2019-12-24 16:00'";7;44;13;5;1;good
DEBB021;"'2019-12-24 17:00'";7;41;13;5;1;good
DEBB021;"'2019-12-24 18:00'";6;42;12;5;1;good
DEBB021;"'2019-12-24 19:00'";5;45;11;4;1;good
DEBB021;"'2019-12-24 20:00'";3;55;8;3;1;good
DEBB021;"'2019-12-24 21:00'";3;56;8;3;1;good
DEBB021;"'2019-12-24 22:00'";4;51;9;4;1;good
DEBB021;"'2019-12-24 23:00'";6;47;9;5;1;good
DEBB021;"'2019-12-24 24:00'";9;36;15;7;1;good
DEBB021;"'2019-12-25 01:00'";8;42;8;7;1;good
DEBB021;"'2019-12-25 02:00'";7;40;8;6;1;good
DEBB021;"'2019-12-25 03:00'";8;38;8;7;1;good
DEBB021;"'2019-12-25 04:00'";6;46;5;5;1;good
DEBB021;"'2019-12-25 05:00'";5;48;4;4;1;good
DEBB021;"'2019-12-25 06:00'";4;48;4;4;1;good
DEBB021;"'2019-12-25 07:00'";5;45;5;4;1;good
DEBB021;"'2019-12-25 08:00'";6;45;5;5;1;good
DEBB021;"'2019-12-25 09:00'";7;47;5;6;1;good
DEBB021;"'2019-12-25 10:00'";8;43;6;6;1;good
DEBB021;"'2019-12-25 11:00'";8;42;7;7;1;good
DEBB021;"'2019-12-25 12:00'";8;41;7;7;1;good
DEBB021;"'2019-12-25 13:00'";10;37;8;8;1;good
DEBB021;"'2019-12-25 14:00'";12;35;8;10;1;good
DEBB021;"'2019-12-25 15:00'";10;36;9;8;1;good
DEBB021;"'2019-12-25 16:00'";9;39;9;7;1;good
DEBB021;"'2019-12-25 17:00'";9;41;9;7;1;good
DEBB021;"'2019-12-25 18:00'";6;48;8;6;1;good
DEBB021;"'2019-12-25 19:00'";8;46;9;7;1;good
DEBB021;"'2019-12-25 20:00'";11;43;11;9;1;good
DEBB021;"'2019-12-25 21:00'";12;38;11;10;1;good
DEBB021;"'2019-12-25 22:00'";12;37;10;11;1;good
DEBB021;"'2019-12-25 23:00'";10;41;8;8;1;good
DEBB021;"'2019-12-25 24:00'";7;47;6;6;1;good
DEBB021;"'2019-12-26 01:00'";8;39;8;7;1;good
DEBB021;"'2019-12-26 02:00'";7;37;8;6;1;good
DEBB021;"'2019-12-26 03:00'";5;41;7;4;1;good
DEBB021;"'2019-12-26 04:00'";4;44;6;3;1;good
DEBB021;"'2019-12-26 05:00'";4;42;6;3;1;good
DEBB021;"'2019-12-26 06:00'";4;39;8;4;1;good
DEBB021;"'2019-12-26 07:00'";6;42;7;5;1;good
DEBB021;"'2019-12-26 08:00'";7;45;6;6;1;good
DEBB021;"'2019-12-26 09:00'";8;45;6;7;1;good
DEBB021;"'2019-12-26 10:00'";9;44;8;7;1;good
DEBB021;"'2019-12-26 11:00'";10;44;8;9;1;good
DEBB021;"'2019-12-26 12:00'";10;47;8;8;1;good
DEBB021;"'2019-12-26 13:00'";10;48;8;9;1;good
DEBB021;"'2019-12-26 14:00'";11;47;9;9;1;good
DEBB021;"'2019-12-26 15:00'";10;50;11;8;1;good
DEBB021;"'2019-12-26 16:00'";11;52;11;9;1;good
DEBB021;"'2019-12-26 17:00'";12;50;12;10;1;good
DEBB021;"'2019-12-26 18:00'";12;42;16;10;1;good
DEBB021;"'2019-12-26 19:00'";11;42;13;9;1;good
DEBB021;"'2019-12-26 20:00'";10;41;14;9;1;good
DEBB021;"'2019-12-26 21:00'";10;42;11;9;1;good
DEBB021;"'2019-12-26 22:00'";12;36;14;10;1;good
DEBB021;"'2019-12-26 23:00'";10;39;10;9;1;good
DEBB021;"'2019-12-26 24:00'";8;43;10;7;1;good
DEBB021;"'2019-12-27 01:00'";9;41;10;7;1;good
DEBB021;"'2019-12-27 02:00'";8;42;10;7;1;good
DEBB021;"'2019-12-27 03:00'";8;43;9;6;1;good
DEBB021;"'2019-12-27 04:00'";8;42;8;7;1;good
DEBB021;"'2019-12-27 05:00'";9;36;9;8;1;good
DEBB021;"'2019-12-27 06:00'";10;34;8;9;1;good
DEBB021;"'2019-12-27 07:00'";10;29;13;9;1;good
DEBB021;"'2019-12-27 08:00'";10;27;14;9;1;good
DEBB021;"'2019-12-27 09:00'";9;29;11;8;1;good
DEBB021;"'2019-12-27 10:00'";7;37;9;6;1;good
DEBB021;"'2019-12-27 11:00'";6;43;8;5;1;good
DEBB021;"'2019-12-27 12:00'";5;44;8;4;1;good
DEBB021;"'2019-12-27 13:00'";5;42;8;5;1;good
DEBB021;"'2019-12-27 14:00'";6;36;10;5;1;good
DEBB021;"'2019-12-27 15:00'";5;29;12;4;1;good
DEBB021;"'2019-12-27 16:00'";4;24;12;3;1;good
DEBB021;"'2019-12-27 17:00'";4;23;12;4;1;good
DEBB021;"'2019-12-27 18:00'";4;24;12;3;1;good
DEBB021;"'2019-12-27 19:00'";4;38;10;3;1;good
DEBB021;"'2019-12-27 20:00'";3;40;9;2;1;good
DEBB021;"'2019-12-27 21:00'";4;37;9;3;1;good
DEBB021;"'2019-12-27 22:00'";4;35;9;4;1;good
DEBB021;"'2019-12-27 23:00'";5;32;10;4;1;good
DEBB021;"'2019-12-27 24:00'";4;32;9;4;1;good
DEBB021;"'2019-12-28 01:00'";4;32;7;3;1;good
DEBB021;"'2019-12-28 02:00'";3;33;6;3;1;good
DEBB021;"'2019-12-28 03:00'";3;34;5;2;1;good
DEBB021;"'2019-12-28 04:00'";2;36;5;2;1;good
DEBB021;"'2019-12-28 05:00'";2;38;4;2;1;good
DEBB021;"'2019-12-28 06:00'";2;37;6;2;1;good
DEBB021;"'2019-12-28 07:00'";2;40;7;0.8;1;good
DEBB021;"'2019-12-28 08:00'";1;44;7;0.8;1;good
DEBB021;"'2019-12-28 09:00'";2;42;10;1;1;good
DEBB021;"'2019-12-28 10:00'";3;36;12;2;1;good
DEBB021;"'2019-12-28 11:00'";3;41;11;2;1;good
DEBB021;"'2019-12-28 12:00'";3;55;9;2;1;good
DEBB021;"'2019-12-28 13:00'";3;61;8;2;1;good
DEBB021;"'2019-12-28 14:00'";4;64;7;2;1;good
DEBB021;"'2019-12-28 15:00'";4;61;10;3;1;good
DEBB021;"'2019-12-28 16:00'";4;60;10;4;1;good
DEBB021;"'2019-12-28 17:00'";5;53;14;4;1;good
DEBB021;"'2019-12-28 18:00'";8;49;15;7;1;good
DEBB021;"'2019-12-28 19:00'";9;47;15;8;1;good
DEBB021;"'2019-12-28 20:00'";10;42;19;9;1;good
DEBB021;"'2019-12-28 21:00'";11;41;18;9;1;good
DEBB021;"'2019-12-28 22:00'";10;42;17;8;1;good
DEBB021;"'2019-12-28 23:00'";10;36;19;8;1;good
DEBB021;"'2019-12-28 24:00'";11;26;24;9;1;good
DEBB021;"'2019-12-29 01:00'";16;22;20;14;1;good
DEBB021;"'2019-12-29 02:00'";15;22;19;13;1;good
DEBB021;"'2019-12-29 03:00'";13;12;29;11;1;good
DEBB021;"'2019-12-29 04:00'";12;15;25;11;1;good
DEBB021;"'2019-12-29 05:00'";11;17;22;10;1;good
DEBB021;"'2019-12-29 06:00'";12;16;24;10;1;good
DEBB021;"'2019-12-29 07:00'";7;38;11;6;1;good
DEBB021;"'2019-12-29 08:00'";7;36;11;6;1;good
DEBB021;"'2019-12-29 09:00'";9;31;13;8;1;good
DEBB021;"'2019-12-29 10:00'";10;28;15;9;1;good
DEBB021;"'2019-12-29 11:00'";10;39;11;9;1;good
DEBB021;"'2019-12-29 12:00'";10;45;10;9;1;good
DEBB021;"'2019-12-29 13:00'";10;46;10;8;1;good
DEBB021;"'2019-12-29 14:00'";11;43;11;9;1;good
DEBB021;"'2019-12-29 15:00'";11;40;12;9;1;good
DEBB021;"'2019-12-29 16:00'";12;33;18;10;1;good
DEBB021;"'2019-12-29 17:00'";12;27;22;10;1;good
DEBB021;"'2019-12-29 18:00'";14;24;23;12;1;good
DEBB021;"'2019-12-29 19:00'";16;17;29;13;1;good
DEBB021;"'2019-12-29 20:00'";16;18;24;14;1;good
DEBB021;"'2019-12-29 21:00'";17;20;21;14;1;good
DEBB021;"'2019-12-29 22:00'";17;19;21;15;1;good
DEBB021;"'2019-12-29 23:00'";18;15;25;15;1;good
DEBB021;"'2019-12-29 24:00'";16;22;18;14;1;good
DEBB021;"'2019-12-30 01:00'";17;19;21;15;1;good
DEBB021;"'2019-12-30 02:00'";17;22;17;15;1;good
DEBB021;"'2019-12-30 03:00'";16;25;15;14;1;good
DEBB021;"'2019-12-30 04:00'";15;28;14;13;1;good
DEBB021;"'2019-12-30 05:00'";14;29;14;12;1;good
DEBB021;"'2019-12-30 06:00'";13;28;17;11;1;good
DEBB021;"'2019-12-30 07:00'";12;27;20;10;1;good
DEBB021;"'2019-12-30 08:00'";11;27;21;8;1;good
DEBB021;"'2019-12-30 09:00'";10;25;27;8;1;good
DEBB021;"'2019-12-30 10:00'";9;29;24;7;1;good
DEBB021;"'2019-12-30 11:00'";10;19;39;7;1;moderate
DEBB021;"'2019-12-30 12:00'";9;25;32;6;1;moderate
DEBB021;"'2019-12-30 13:00'";8;29;30;6;1;good
DEBB021;"'2019-12-30 14:00'";7;38;24;5;1;good
DEBB021;"'2019-12-30 15:00'";7;39;25;5;1;good
DEBB021;"'2019-12-30 16:00'";7;41;23;5;1;good
DEBB021;"'2019-12-30 17:00'";7;37;27;5;1;good
DEBB021;"'2019-12-30 18:00'";9;46;18;7;1;good
DEBB021;"'2019-12-30 19:00'";7;51;15;5;1;good
DEBB021;"'2019-12-30 20:00'";7;50;15;6;1;good
DEBB021;"'2019-12-30 21:00'";7;49;15;6;1;good
DEBB021;"'2019-12-30 22:00'";7;50;13;6;1;good
DEBB021;"'2019-12-30 23:00'";7;49;13;6;1;good
DEBB021;"'2019-12-30 24:00'";7;51;11;6;1;good
DEBB021;"'2019-12-31 01:00'";6;51;12;5;1;good
DEBB021;"'2019-12-31 02:00'";6;51;12;5;1;good
DEBB021;"'2019-12-31 03:00'";7;46;13;6;1;good
DEBB021;"'2019-12-31 04:00'";11;36;17;9;1;good
DEBB021;"'2019-12-31 05:00'";14;30;19;12;1;good
DEBB021;"'2019-12-31 06:00'";17;28;18;14;1;good
DEBB021;"'2019-12-31 07:00'";19;27;17;16;1;moderate
DEBB021;"'2019-12-31 08:00'";18;32;15;16;1;moderate
DEBB021;"'2019-12-31 09:00'";19;36;14;16;1;moderate
DEBB021;"'2019-12-31 10:00'";15;44;12;13;1;good
DEBB021;"'2019-12-31 11:00'";11;59;9;9;1;good
DEBB021;"'2019-12-31 12:00'";11;61;8;9;1;good
DEBB021;"'2019-12-31 13:00'";11;67;7;8;1;good
DEBB021;"'2019-12-31 14:00'";10;69;7;7;1;good
DEBB021;"'2019-12-31 15:00'";10;71;7;7;1;good
DEBB021;"'2019-12-31 16:00'";11;68;8;7;1;good
DEBB021;"'2019-12-31 17:00'";11;64;10;7;1;good
DEBB021;"'2019-12-31 18:00'";13;61;11;10;1;good
DEBB021;"'2019-12-31 19:00'";15;61;11;11;1;good
DEBB021;"'2019-12-31 20:00'";16;63;9;12;1;good
DEBB021;"'2019-12-31 21:00'";15;63;8;11;1;good
DEBB021;"'2019-12-31 22:00'";20;60;9;15;1;good
DEBB021;"'2019-12-31 23:00'";18;63;8;13;1;good
DEBB021;"'2019-12-31 24:00'";25;60;9;18;1;moderate

"Source: German Environment Agency, https://www.umweltbundesamt.de/en/data/air/air-data/air-quality (Status: 21.07.2026). All times are given in the time valid at the time of measurement (CET or CEST)."
