"Station code";Date;"Particulate matter (PM₁₀) One hour average in µg/m³";"Ozone (O₃) One hour average in µg/m³";"Nitrogen dioxide (NO₂) One hour average in µg/m³";"Particulate matter (PM₂,₅) One hour average in µg/m³";"Sulphur dioxide (SO₂) One hour average in µg/m³";"Air quality index"
DEBB021;"'2016-01-01 01:00'";162;2;28;146;6;"very poor"
DEBB021;"'2016-01-01 02:00'";219;2;26;194;6;"very poor"
DEBB021;"'2016-01-01 03:00'";65;3;21;61;4;"very poor"
DEBB021;"'2016-01-01 04:00'";44;3;20;43;3;poor
DEBB021;"'2016-01-01 05:00'";36;2;20;36;3;poor
DEBB021;"'2016-01-01 06:00'";32;5;18;31;3;poor
DEBB021;"'2016-01-01 07:00'";30;6;17;29;3;moderate
DEBB021;"'2016-01-01 08:00'";30;2;19;29;3;moderate
DEBB021;"'2016-01-01 09:00'";31;2;21;30;2;moderate
DEBB021;"'2016-01-01 10:00'";39;4;18;31;2;poor
DEBB021;"'2016-01-01 11:00'";39;11;12;30;1;moderate
DEBB021;"'2016-01-01 12:00'";32;15;12;25;1;moderate
DEBB021;"'2016-01-01 13:00'";27;18;12;21;3;moderate
DEBB021;"'2016-01-01 14:00'";22;21;12;18;3;moderate
DEBB021;"'2016-01-01 15:00'";28;18;18;19;3;moderate
DEBB021;"'2016-01-01 16:00'";26;19;18;19;3;moderate
DEBB021;"'2016-01-01 17:00'";16;17;17;13;2;good
DEBB021;"'2016-01-01 18:00'";17;14;22;14;1;good
DEBB021;"'2016-01-01 19:00'";17;14;22;14;2;good
DEBB021;"'2016-01-01 20:00'";18;11;23;15;1;good
DEBB021;"'2016-01-01 21:00'";18;10;25;14;1;good
DEBB021;"'2016-01-01 22:00'";19;10;27;15;1;good
DEBB021;"'2016-01-01 23:00'";13;15;17;12;1;good
DEBB021;"'2016-01-01 24:00'";13;15;14;13;1;good
DEBB021;"'2016-01-02 01:00'";15;13;16;15;1;good
DEBB021;"'2016-01-02 02:00'";17;11;22;17;1;moderate
DEBB021;"'2016-01-02 03:00'";19;21;16;19;1;moderate
DEBB021;"'2016-01-02 04:00'";15;28;8;15;1;good
DEBB021;"'2016-01-02 05:00'";10;29;7;10;1;good
DEBB021;"'2016-01-02 06:00'";9;25;9;9;1;good
DEBB021;"'2016-01-02 07:00'";11;28;10;11;1;good
DEBB021;"'2016-01-02 08:00'";46;6;14;46;1;poor
DEBB021;"'2016-01-02 09:00'";65;5;14;64;2;"very poor"
DEBB021;"'2016-01-02 10:00'";79;8;15;78;3;"very poor"
DEBB021;"'2016-01-02 11:00'";80;11;15;79;4;"very poor"
DEBB021;"'2016-01-02 12:00'";74;14;15;73;5;"very poor"
DEBB021;"'2016-01-02 13:00'";66;19;16;65;7;"very poor"
DEBB021;"'2016-01-02 14:00'";43;31;12;42;7;poor
DEBB021;"'2016-01-02 15:00'";34;35;12;33;6;poor
DEBB021;"'2016-01-02 16:00'";32;37;12;31;6;poor
DEBB021;"'2016-01-02 17:00'";36;38;11;35;6;poor
DEBB021;"'2016-01-02 18:00'";38;40;10;37;5;poor
DEBB021;"'2016-01-02 19:00'";41;41;10;39;7;poor
DEBB021;"'2016-01-02 20:00'";41;40;10;38;8;poor
DEBB021;"'2016-01-02 21:00'";38;39;9;35;7;poor
DEBB021;"'2016-01-02 22:00'";37;36;9;33;8;poor
DEBB021;"'2016-01-02 23:00'";36;34;9;33;8;poor
DEBB021;"'2016-01-02 24:00'";36;33;9;33;8;poor
DEBB021;"'2016-01-03 01:00'";37;33;9;35;8;poor
DEBB021;"'2016-01-03 02:00'";38;32;9;37;8;poor
DEBB021;"'2016-01-03 03:00'";37;32;9;36;8;poor
DEBB021;"'2016-01-03 04:00'";39;31;9;37;8;poor
DEBB021;"'2016-01-03 05:00'";40;30;9;38;8;poor
DEBB021;"'2016-01-03 06:00'";40;28;9;38;8;poor
DEBB021;"'2016-01-03 07:00'";41;27;10;39;8;poor
DEBB021;"'2016-01-03 08:00'";40;25;10;39;8;poor
DEBB021;"'2016-01-03 09:00'";39;25;11;38;8;poor
DEBB021;"'2016-01-03 10:00'";40;25;10;39;8;poor
DEBB021;"'2016-01-03 11:00'";39;26;10;38;8;poor
DEBB021;"'2016-01-03 12:00'";39;26;11;38;8;poor
DEBB021;"'2016-01-03 13:00'";40;28;11;39;8;poor
DEBB021;"'2016-01-03 14:00'";41;29;11;40;8;poor
DEBB021;"'2016-01-03 15:00'";42;29;12;41;8;poor
DEBB021;"'2016-01-03 16:00'";43;28;14;42;8;poor
DEBB021;"'2016-01-03 17:00'";43;26;16;42;8;poor
DEBB021;"'2016-01-03 18:00'";43;24;18;41;8;poor
DEBB021;"'2016-01-03 19:00'";43;26;16;42;8;poor
DEBB021;"'2016-01-03 20:00'";46;27;13;45;8;poor
DEBB021;"'2016-01-03 21:00'";48;27;13;47;9;poor
DEBB021;"'2016-01-03 22:00'";50;25;14;49;10;poor
DEBB021;"'2016-01-03 23:00'";50;26;14;50;11;poor
DEBB021;"'2016-01-03 24:00'";53;24;16;52;12;"very poor"
DEBB021;"'2016-01-04 01:00'";56;21;17;54;13;"very poor"
DEBB021;"'2016-01-04 02:00'";58;20;18;57;13;"very poor"
DEBB021;"'2016-01-04 03:00'";61;20;18;60;14;"very poor"
DEBB021;"'2016-01-04 04:00'";62;20;18;60;14;"very poor"
DEBB021;"'2016-01-04 05:00'";61;19;18;60;13;"very poor"
DEBB021;"'2016-01-04 06:00'";60;18;20;59;13;"very poor"
DEBB021;"'2016-01-04 07:00'";60;15;24;58;12;"very poor"
DEBB021;"'2016-01-04 08:00'";59;12;28;58;12;"very poor"
DEBB021;"'2016-01-04 09:00'";60;12;29;58;13;"very poor"
DEBB021;"'2016-01-04 10:00'";59;14;25;57;14;"very poor"
DEBB021;"'2016-01-04 11:00'";59;17;23;57;14;"very poor"
DEBB021;"'2016-01-04 12:00'";59;18;23;56;14;"very poor"
DEBB021;"'2016-01-04 13:00'";60;19;24;57;14;"very poor"
DEBB021;"'2016-01-04 14:00'";60;20;26;58;15;"very poor"
DEBB021;"'2016-01-04 15:00'";60;20;27;57;14;"very poor"
DEBB021;"'2016-01-04 16:00'";59;16;31;56;14;"very poor"
DEBB021;"'2016-01-04 17:00'";60;11;36;57;11;"very poor"
DEBB021;"'2016-01-04 18:00'";60;13;32;57;10;"very poor"
DEBB021;"'2016-01-04 19:00'";61;13;32;59;10;"very poor"
DEBB021;"'2016-01-04 20:00'";65;14;29;62;11;"very poor"
DEBB021;"'2016-01-04 21:00'";66;13;29;64;11;"very poor"
DEBB021;"'2016-01-04 22:00'";68;14;27;66;11;"very poor"
DEBB021;"'2016-01-04 23:00'";68;15;25;66;11;"very poor"
DEBB021;"'2016-01-04 24:00'";68;15;24;66;11;"very poor"
DEBB021;"'2016-01-05 01:00'";69;14;25;67;11;"very poor"
DEBB021;"'2016-01-05 02:00'";70;11;27;68;11;"very poor"
DEBB021;"'2016-01-05 03:00'";80;8;29;72;10;"very poor"
DEBB021;"'2016-01-05 04:00'";74;9;27;70;11;"very poor"
DEBB021;"'2016-01-05 05:00'";75;7;30;71;11;"very poor"
DEBB021;"'2016-01-05 06:00'";74;5;32;71;11;"very poor"
DEBB021;"'2016-01-05 07:00'";74;3;33;71;11;"very poor"
DEBB021;"'2016-01-05 08:00'";75;2;34;71;11;"very poor"
DEBB021;"'2016-01-05 09:00'";78;2;35;72;13;"very poor"
DEBB021;"'2016-01-05 10:00'";80;5;33;73;13;"very poor"
DEBB021;"'2016-01-05 11:00'";81;7;33;73;12;"very poor"
DEBB021;"'2016-01-05 12:00'";81;7;33;72;13;"very poor"
DEBB021;"'2016-01-05 13:00'";80;9;31;72;14;"very poor"
DEBB021;"'2016-01-05 14:00'";83;8;32;73;14;"very poor"
DEBB021;"'2016-01-05 15:00'";81;6;36;73;14;"very poor"
DEBB021;"'2016-01-05 16:00'";83;5;39;75;14;"very poor"
DEBB021;"'2016-01-05 17:00'";84;2;42;76;14;"very poor"
DEBB021;"'2016-01-05 18:00'";84;2;42;78;15;"very poor"
DEBB021;"'2016-01-05 19:00'";85;2;40;79;14;"very poor"
DEBB021;"'2016-01-05 20:00'";86;2;39;81;14;"very poor"
DEBB021;"'2016-01-05 21:00'";87;2;37;83;13;"very poor"
DEBB021;"'2016-01-05 22:00'";91;2;36;85;13;"very poor"
DEBB021;"'2016-01-05 23:00'";90;2;36;87;14;"very poor"
DEBB021;"'2016-01-05 24:00'";93;2;36;88;14;"very poor"
DEBB021;"'2016-01-06 01:00'";93;2;35;89;15;"very poor"
DEBB021;"'2016-01-06 02:00'";91;2;35;88;17;"very poor"
DEBB021;"'2016-01-06 03:00'";90;2;35;86;19;"very poor"
DEBB021;"'2016-01-06 04:00'";86;2;36;84;20;"very poor"
DEBB021;"'2016-01-06 05:00'";84;2;35;81;18;"very poor"
DEBB021;"'2016-01-06 06:00'";82;2;36;79;18;"very poor"
DEBB021;"'2016-01-06 07:00'";85;2;38;80;18;"very poor"
DEBB021;"'2016-01-06 08:00'";82;2;41;79;20;"very poor"
DEBB021;"'2016-01-06 09:00'";82;2;40;80;24;"very poor"
DEBB021;"'2016-01-06 10:00'";83;5;37;79;23;"very poor"
DEBB021;"'2016-01-06 11:00'";86;7;35;81;20;"very poor"
DEBB021;"'2016-01-06 12:00'";83;7;37;80;20;"very poor"
DEBB021;"'2016-01-06 13:00'";85;7;38;82;20;"very poor"
DEBB021;"'2016-01-06 14:00'";85;7;40;82;20;"very poor"
DEBB021;"'2016-01-06 15:00'";85;6;41;83;19;"very poor"
DEBB021;"'2016-01-06 16:00'";86;3;45;83;21;"very poor"
DEBB021;"'2016-01-06 17:00'";85;2;47;82;18;"very poor"
DEBB021;"'2016-01-06 18:00'";86;2;47;83;19;"very poor"
DEBB021;"'2016-01-06 19:00'";88;2;45;86;20;"very poor"
DEBB021;"'2016-01-06 20:00'";83;2;44;81;15;"very poor"
DEBB021;"'2016-01-06 21:00'";87;2;41;85;16;"very poor"
DEBB021;"'2016-01-06 22:00'";89;2;40;88;16;"very poor"
DEBB021;"'2016-01-06 23:00'";91;2;39;89;16;"very poor"
DEBB021;"'2016-01-06 24:00'";91;2;38;89;16;"very poor"
DEBB021;"'2016-01-07 01:00'";91;2;36;89;15;"very poor"
DEBB021;"'2016-01-07 02:00'";91;2;33;89;14;"very poor"
DEBB021;"'2016-01-07 03:00'";91;2;32;90;13;"very poor"
DEBB021;"'2016-01-07 04:00'";92;2;32;90;13;"very poor"
DEBB021;"'2016-01-07 05:00'";90;2;32;88;13;"very poor"
DEBB021;"'2016-01-07 06:00'";89;2;31;87;13;"very poor"
DEBB021;"'2016-01-07 07:00'";88;2;33;85;13;"very poor"
DEBB021;"'2016-01-07 08:00'";86;2;33;84;12;"very poor"
DEBB021;"'2016-01-07 09:00'";85;2;31;82;11;"very poor"
DEBB021;"'2016-01-07 10:00'";82;6;28;80;9;"very poor"
DEBB021;"'2016-01-07 11:00'";80;9;26;78;10;"very poor"
DEBB021;"'2016-01-07 12:00'";82;9;25;80;10;"very poor"
DEBB021;"'2016-01-07 13:00'";88;10;25;86;10;"very poor"
DEBB021;"'2016-01-07 14:00'";92;9;28;90;11;"very poor"
DEBB021;"'2016-01-07 15:00'";94;7;31;92;11;"very poor"
DEBB021;"'2016-01-07 16:00'";93;7;32;90;12;"very poor"
DEBB021;"'2016-01-07 17:00'";88;3;35;85;10;"very poor"
DEBB021;"'2016-01-07 18:00'";84;2;36;82;9;"very poor"
DEBB021;"'2016-01-07 19:00'";86;2;36;83;10;"very poor"
DEBB021;"'2016-01-07 20:00'";92;2;35;90;11;"very poor"
DEBB021;"'2016-01-07 21:00'";91;4;34;90;12;"very poor"
DEBB021;"'2016-01-07 22:00'";92;5;35;91;12;"very poor"
DEBB021;"'2016-01-07 23:00'";93;6;36;92;13;"very poor"
DEBB021;"'2016-01-07 24:00'";89;9;34;88;12;"very poor"
DEBB021;"'2016-01-08 01:00'";84;9;34;83;12;"very poor"
DEBB021;"'2016-01-08 02:00'";81;8;36;81;11;"very poor"
DEBB021;"'2016-01-08 03:00'";79;9;35;78;10;"very poor"
DEBB021;"'2016-01-08 04:00'";70;10;32;69;8;"very poor"
DEBB021;"'2016-01-08 05:00'";35;16;28;35;6;poor
DEBB021;"'2016-01-08 06:00'";18;25;21;17;5;moderate
DEBB021;"'2016-01-08 07:00'";10;36;21;8;5;good
DEBB021;"'2016-01-08 08:00'";7;37;22;6;5;good
DEBB021;"'2016-01-08 09:00'";6;39;20;5;4;good
DEBB021;"'2016-01-08 10:00'";6;40;20;5;4;good
DEBB021;"'2016-01-08 11:00'";6;42;19;5;4;good
DEBB021;"'2016-01-08 12:00'";7;45;20;5;4;good
DEBB021;"'2016-01-08 13:00'";7;51;15;5;4;good
DEBB021;"'2016-01-08 14:00'";8;53;16;5;4;good
DEBB021;"'2016-01-08 15:00'";7;53;16;5;4;good
DEBB021;"'2016-01-08 16:00'";8;50;19;6;4;good
DEBB021;"'2016-01-08 17:00'";7;48;20;5;4;good
DEBB021;"'2016-01-08 18:00'";7;46;21;6;4;good
DEBB021;"'2016-01-08 19:00'";8;48;18;6;4;good
DEBB021;"'2016-01-08 20:00'";8;49;16;7;4;good
DEBB021;"'2016-01-08 21:00'";12;47;17;9;4;good
DEBB021;"'2016-01-08 22:00'";13;38;22;10;4;good
DEBB021;"'2016-01-08 23:00'";12;33;24;9;4;good
DEBB021;"'2016-01-08 24:00'";11;32;23;9;4;good
DEBB021;"'2016-01-09 01:00'";12;28;23;9;4;good
DEBB021;"'2016-01-09 02:00'";12;25;24;10;4;good
DEBB021;"'2016-01-09 03:00'";10;24;21;8;3;good
DEBB021;"'2016-01-09 04:00'";10;23;19;8;3;good
DEBB021;"'2016-01-09 05:00'";10;14;25;8;3;good
DEBB021;"'2016-01-09 06:00'";10;12;29;9;3;good
DEBB021;"'2016-01-09 07:00'";12;5;36;11;3;moderate
DEBB021;"'2016-01-09 08:00'";13;3;37;11;3;moderate
DEBB021;"'2016-01-09 09:00'";14;7;33;13;3;moderate
DEBB021;"'2016-01-09 10:00'";15;10;30;13;3;good
DEBB021;"'2016-01-09 11:00'";15;19;25;13;3;good
DEBB021;"'2016-01-09 12:00'";15;21;29;13;4;good
DEBB021;"'2016-01-09 13:00'";15;29;23;14;4;good
DEBB021;"'2016-01-09 14:00'";12;34;19;11;5;good
DEBB021;"'2016-01-09 15:00'";14;34;20;12;5;good
DEBB021;"'2016-01-09 16:00'";21;26;29;18;6;moderate
DEBB021;"'2016-01-09 17:00'";27;18;42;26;5;moderate
DEBB021;"'2016-01-09 18:00'";28;7;54;26;5;moderate
DEBB021;"'2016-01-09 19:00'";28;4;51;26;5;moderate
DEBB021;"'2016-01-09 20:00'";28;6;47;26;5;moderate
DEBB021;"'2016-01-09 21:00'";28;4;49;27;4;moderate
DEBB021;"'2016-01-09 22:00'";30;10;41;28;4;moderate
DEBB021;"'2016-01-09 23:00'";30;5;47;28;4;moderate
DEBB021;"'2016-01-09 24:00'";30;6;42;28;4;moderate
DEBB021;"'2016-01-10 01:00'";30;9;35;29;4;moderate
DEBB021;"'2016-01-10 02:00'";30;9;32;29;4;moderate
DEBB021;"'2016-01-10 03:00'";32;10;28;31;3;poor
DEBB021;"'2016-01-10 04:00'";35;12;24;34;4;poor
DEBB021;"'2016-01-10 05:00'";38;13;22;37;4;poor
DEBB021;"'2016-01-10 06:00'";36;11;24;35;4;poor
DEBB021;"'2016-01-10 07:00'";35;11;24;35;5;poor
DEBB021;"'2016-01-10 08:00'";38;14;19;38;5;poor
DEBB021;"'2016-01-10 09:00'";40;16;16;39;5;poor
DEBB021;"'2016-01-10 10:00'";40;15;18;39;4;poor
DEBB021;"'2016-01-10 11:00'";39;14;19;39;4;poor
DEBB021;"'2016-01-10 12:00'";39;12;21;39;5;poor
DEBB021;"'2016-01-10 13:00'";39;10;25;39;4;poor
DEBB021;"'2016-01-10 14:00'";38;10;24;37;4;poor
DEBB021;"'2016-01-10 15:00'";36;10;23;36;4;poor
DEBB021;"'2016-01-10 16:00'";29;9;27;29;4;moderate
DEBB021;"'2016-01-10 17:00'";21;8;32;21;4;moderate
DEBB021;"'2016-01-10 18:00'";17;13;28;17;3;moderate
DEBB021;"'2016-01-10 19:00'";22;5;39;21;3;moderate
DEBB021;"'2016-01-10 20:00'";25;3;42;25;3;moderate
DEBB021;"'2016-01-10 21:00'";21;6;37;21;3;moderate
DEBB021;"'2016-01-10 22:00'";22;3;39;21;3;moderate
DEBB021;"'2016-01-10 23:00'";19;5;36;19;3;moderate
DEBB021;"'2016-01-10 24:00'";16;10;31;16;3;moderate
DEBB021;"'2016-01-11 01:00'";16;11;29;15;3;good
DEBB021;"'2016-01-11 02:00'";15;10;30;15;3;good
DEBB021;"'2016-01-11 03:00'";14;18;22;14;3;good
DEBB021;"'2016-01-11 04:00'";14;27;14;14;3;good
DEBB021;"'2016-01-11 05:00'";16;26;13;15;3;good
DEBB021;"'2016-01-11 06:00'";22;7;35;19;3;moderate
DEBB021;"'2016-01-11 07:00'";20;2;40;17;3;moderate
DEBB021;"'2016-01-11 08:00'";18;2;44;15;3;moderate
DEBB021;"'2016-01-11 09:00'";15;2;46;15;3;moderate
DEBB021;"'2016-01-11 10:00'";17;2;52;16;4;moderate
DEBB021;"'2016-01-11 11:00'";22;4;48;18;3;moderate
DEBB021;"'2016-01-11 12:00'";21;6;40;17;3;moderate
DEBB021;"'2016-01-11 13:00'";19;6;40;17;3;moderate
DEBB021;"'2016-01-11 14:00'";18;5;41;16;3;moderate
DEBB021;"'2016-01-11 15:00'";17;3;42;16;3;moderate
DEBB021;"'2016-01-11 16:00'";23;2;44;20;3;moderate
DEBB021;"'2016-01-11 17:00'";25;2;48;20;3;moderate
DEBB021;"'2016-01-11 18:00'";20;2;46;16;3;moderate
DEBB021;"'2016-01-11 19:00'";15;2;46;15;3;moderate
DEBB021;"'2016-01-11 20:00'";14;2;41;14;3;moderate
DEBB021;"'2016-01-11 21:00'";14;2;39;14;3;moderate
DEBB021;"'2016-01-11 22:00'";18;2;37;18;3;moderate
DEBB021;"'2016-01-11 23:00'";19;2;37;19;3;moderate
DEBB021;"'2016-01-11 24:00'";16;2;35;16;3;moderate
DEBB021;"'2016-01-12 01:00'";14;2;34;14;3;moderate
DEBB021;"'2016-01-12 02:00'";13;2;34;13;3;moderate
DEBB021;"'2016-01-12 03:00'";15;2;31;15;3;moderate
DEBB021;"'2016-01-12 04:00'";15;2;29;15;3;good
DEBB021;"'2016-01-12 05:00'";16;2;29;15;3;good
DEBB021;"'2016-01-12 06:00'";16;2;30;16;3;moderate
DEBB021;"'2016-01-12 07:00'";20;2;33;17;3;moderate
DEBB021;"'2016-01-12 08:00'";19;2;44;18;3;moderate
DEBB021;"'2016-01-12 09:00'";16;2;42;16;3;moderate
DEBB021;"'2016-01-12 10:00'";18;2;44;17;4;moderate
DEBB021;"'2016-01-12 11:00'";16;2;45;16;4;moderate
DEBB021;"'2016-01-12 12:00'";19;2;51;17;4;moderate
DEBB021;"'2016-01-12 13:00'";19;2;52;16;4;moderate
DEBB021;"'2016-01-12 14:00'";16;17;35;15;3;moderate
DEBB021;"'2016-01-12 15:00'";17;22;32;16;3;moderate
DEBB021;"'2016-01-12 16:00'";19;19;37;17;3;moderate
DEBB021;"'2016-01-12 17:00'";20;13;44;17;3;moderate
DEBB021;"'2016-01-12 18:00'";20;19;35;19;3;moderate
DEBB021;"'2016-01-12 19:00'";21;16;38;20;3;moderate
DEBB021;"'2016-01-12 20:00'";17;23;29;17;3;moderate
DEBB021;"'2016-01-12 21:00'";17;22;26;17;3;moderate
DEBB021;"'2016-01-12 22:00'";16;23;21;15;3;good
DEBB021;"'2016-01-12 23:00'";13;24;19;13;3;good
DEBB021;"'2016-01-12 24:00'";11;28;15;10;3;good
DEBB021;"'2016-01-13 01:00'";9;28;14;9;3;good
DEBB021;"'2016-01-13 02:00'";8;28;13;8;3;good
DEBB021;"'2016-01-13 03:00'";7;31;10;7;3;good
DEBB021;"'2016-01-13 04:00'";7;29;11;7;3;good
DEBB021;"'2016-01-13 05:00'";7;30;10;6;3;good
DEBB021;"'2016-01-13 06:00'";6;30;13;5;2;good
DEBB021;"'2016-01-13 07:00'";5;26;21;4;1;good
DEBB021;"'2016-01-13 08:00'";6;26;23;6;3;good
DEBB021;"'2016-01-13 09:00'";7;18;34;5;3;moderate
DEBB021;"'2016-01-13 10:00'";7;20;30;6;3;good
DEBB021;"'2016-01-13 11:00'";10;24;23;9;3;good
DEBB021;"'2016-01-13 12:00'";12;25;20;12;3;good
DEBB021;"'2016-01-13 13:00'";12;26;17;12;3;good
DEBB021;"'2016-01-13 14:00'";13;26;17;12;3;good
DEBB021;"'2016-01-13 15:00'";12;24;18;11;3;good
DEBB021;"'2016-01-13 16:00'";7;18;19;7;3;good
DEBB021;"'2016-01-13 17:00'";3;26;16;2;3;good
DEBB021;"'2016-01-13 18:00'";3;38;13;3;3;good
DEBB021;"'2016-01-13 19:00'";6;40;11;6;1;good
DEBB021;"'2016-01-13 20:00'";9;36;13;8;1;good
DEBB021;"'2016-01-13 21:00'";9;35;13;9;2;good
DEBB021;"'2016-01-13 22:00'";10;29;18;10;3;good
DEBB021;"'2016-01-13 23:00'";9;25;20;9;3;good
DEBB021;"'2016-01-13 24:00'";8;30;13;7;2;good
DEBB021;"'2016-01-14 01:00'";8;29;13;8;1;good
DEBB021;"'2016-01-14 02:00'";7;32;11;7;1;good
DEBB021;"'2016-01-14 03:00'";10;32;10;10;2;good
DEBB021;"'2016-01-14 04:00'";12;27;12;12;3;good
DEBB021;"'2016-01-14 05:00'";12;25;16;12;1;good
DEBB021;"'2016-01-14 06:00'";13;22;18;12;3;good
DEBB021;"'2016-01-14 07:00'";14;17;25;13;3;good
DEBB021;"'2016-01-14 08:00'";16;16;27;14;3;good
DEBB021;"'2016-01-14 09:00'";18;15;30;15;3;good
DEBB021;"'2016-01-14 10:00'";17;24;24;15;3;good
DEBB021;"'2016-01-14 11:00'";18;26;22;16;3;moderate
DEBB021;"'2016-01-14 12:00'";19;31;20;16;3;moderate
DEBB021;"'2016-01-14 13:00'";15;38;16;12;3;good
DEBB021;"'2016-01-14 14:00'";13;39;19;10;3;good
DEBB021;"'2016-01-14 15:00'";13;39;21;10;3;good
DEBB021;"'2016-01-14 16:00'";13;28;30;11;4;good
DEBB021;"'2016-01-14 17:00'";11;19;40;9;3;moderate
DEBB021;"'2016-01-14 18:00'";11;16;41;9;3;moderate
DEBB021;"'2016-01-14 19:00'";15;5;52;13;3;moderate
DEBB021;"'2016-01-14 20:00'";14;11;42;13;3;moderate
DEBB021;"'2016-01-14 21:00'";12;26;23;11;1;good
DEBB021;"'2016-01-14 22:00'";13;26;21;12;3;good
DEBB021;"'2016-01-14 23:00'";14;22;24;13;1;good
DEBB021;"'2016-01-14 24:00'";15;18;26;14;3;good
DEBB021;"'2016-01-15 01:00'";15;18;25;14;3;good
DEBB021;"'2016-01-15 02:00'";16;14;28;15;3;good
DEBB021;"'2016-01-15 03:00'";17;9;34;16;3;moderate
DEBB021;"'2016-01-15 04:00'";18;9;32;16;3;moderate
DEBB021;"'2016-01-15 05:00'";21;6;34;19;3;moderate
DEBB021;"'2016-01-15 06:00'";23;4;36;21;3;moderate
DEBB021;"'2016-01-15 07:00'";26;2;38;25;3;moderate
DEBB021;"'2016-01-15 08:00'";29;2;43;26;3;moderate
DEBB021;"'2016-01-15 09:00'";28;2;43;26;3;moderate
DEBB021;"'2016-01-15 10:00'";27;2;42;25;3;moderate
DEBB021;"'2016-01-15 11:00'";26;3;43;25;3;moderate
DEBB021;"'2016-01-15 12:00'";26;5;45;24;3;moderate
DEBB021;"'2016-01-15 13:00'";28;5;52;25;4;moderate
DEBB021;"'2016-01-15 14:00'";35;2;50;31;5;poor
DEBB021;"'2016-01-15 15:00'";40;6;36;38;4;poor
DEBB021;"'2016-01-15 16:00'";41;7;37;39;4;poor
DEBB021;"'2016-01-15 17:00'";39;9;37;38;4;poor
DEBB021;"'2016-01-15 18:00'";40;14;27;39;4;poor
DEBB021;"'2016-01-15 19:00'";40;13;25;39;4;poor
DEBB021;"'2016-01-15 20:00'";39;13;25;39;4;poor
DEBB021;"'2016-01-15 21:00'";36;15;23;35;4;poor
DEBB021;"'2016-01-15 22:00'";34;21;15;33;4;poor
DEBB021;"'2016-01-15 23:00'";30;25;13;29;3;moderate
DEBB021;"'2016-01-15 24:00'";26;27;12;25;3;moderate
DEBB021;"'2016-01-16 01:00'";21;33;9;21;3;moderate
DEBB021;"'2016-01-16 02:00'";14;41;7;13;3;good
DEBB021;"'2016-01-16 03:00'";12;43;7;12;3;good
DEBB021;"'2016-01-16 04:00'";13;41;8;13;3;good
DEBB021;"'2016-01-16 05:00'";13;43;6;12;3;good
DEBB021;"'2016-01-16 06:00'";16;39;8;15;3;good
DEBB021;"'2016-01-16 07:00'";17;37;12;16;3;moderate
DEBB021;"'2016-01-16 08:00'";17;34;13;17;3;moderate
DEBB021;"'2016-01-16 09:00'";18;35;13;17;3;moderate
DEBB021;"'2016-01-16 10:00'";18;33;16;17;4;moderate
DEBB021;"'2016-01-16 11:00'";15;37;14;14;3;good
DEBB021;"'2016-01-16 12:00'";13;38;16;13;3;good
DEBB021;"'2016-01-16 13:00'";13;38;18;12;3;good
DEBB021;"'2016-01-16 14:00'";16;40;14;15;3;good
DEBB021;"'2016-01-16 15:00'";19;39;14;17;3;moderate
DEBB021;"'2016-01-16 16:00'";23;36;14;21;3;moderate
DEBB021;"'2016-01-16 17:00'";25;32;17;24;3;moderate
DEBB021;"'2016-01-16 18:00'";24;31;19;24;3;moderate
DEBB021;"'2016-01-16 19:00'";24;31;19;23;3;moderate
DEBB021;"'2016-01-16 20:00'";22;35;13;22;3;moderate
DEBB021;"'2016-01-16 21:00'";25;28;20;24;3;moderate
DEBB021;"'2016-01-16 22:00'";30;28;17;29;3;moderate
DEBB021;"'2016-01-16 23:00'";27;28;17;26;3;moderate
DEBB021;"'2016-01-16 24:00'";27;25;20;27;3;moderate
DEBB021;"'2016-01-17 01:00'";29;23;20;29;3;moderate
DEBB021;"'2016-01-17 02:00'";27;19;22;27;3;moderate
DEBB021;"'2016-01-17 03:00'";29;13;27;29;3;moderate
DEBB021;"'2016-01-17 04:00'";35;14;23;34;3;poor
DEBB021;"'2016-01-17 05:00'";33;15;21;33;3;poor
DEBB021;"'2016-01-17 06:00'";34;14;21;34;3;poor
DEBB021;"'2016-01-17 07:00'";34;8;25;33;3;poor
DEBB021;"'2016-01-17 08:00'";35;7;28;34;3;poor
DEBB021;"'2016-01-17 09:00'";38;8;26;38;4;poor
DEBB021;"'2016-01-17 10:00'";37;11;22;36;8;poor
DEBB021;"'2016-01-17 11:00'";30;15;17;30;4;moderate
DEBB021;"'2016-01-17 12:00'";28;17;17;28;3;moderate
DEBB021;"'2016-01-17 13:00'";27;21;15;27;4;moderate
DEBB021;"'2016-01-17 14:00'";24;28;12;24;4;moderate
DEBB021;"'2016-01-17 15:00'";20;36;12;20;5;moderate
DEBB021;"'2016-01-17 16:00'";24;31;12;24;4;moderate
DEBB021;"'2016-01-17 17:00'";23;30;13;23;3;moderate
DEBB021;"'2016-01-17 18:00'";22;31;14;21;3;moderate
DEBB021;"'2016-01-17 19:00'";21;33;16;21;3;moderate
DEBB021;"'2016-01-17 20:00'";21;34;17;21;3;moderate
DEBB021;"'2016-01-17 21:00'";16;39;15;16;3;moderate
DEBB021;"'2016-01-17 22:00'";17;38;11;17;3;moderate
DEBB021;"'2016-01-17 23:00'";15;44;8;15;3;good
DEBB021;"'2016-01-17 24:00'";13;45;9;12;3;good
DEBB021;"'2016-01-18 01:00'";9;47;7;9;3;good
DEBB021;"'2016-01-18 02:00'";8;49;7;7;3;good
DEBB021;"'2016-01-18 03:00'";7;48;7;7;3;good
DEBB021;"'2016-01-18 04:00'";6;45;16;6;3;good
DEBB021;"'2016-01-18 05:00'";7;42;12;7;3;good
DEBB021;"'2016-01-18 06:00'";9;38;14;8;3;good
DEBB021;"'2016-01-18 07:00'";11;27;26;11;3;good
DEBB021;"'2016-01-18 08:00'";16;10;44;15;3;moderate
DEBB021;"'2016-01-18 09:00'";16;8;48;15;4;moderate
DEBB021;"'2016-01-18 10:00'";16;18;35;15;3;moderate
DEBB021;"'2016-01-18 11:00'";17;26;26;16;4;moderate
DEBB021;"'2016-01-18 12:00'";17;34;20;16;4;moderate
DEBB021;"'2016-01-18 13:00'";18;38;17;17;4;moderate
DEBB021;"'2016-01-18 14:00'";18;40;16;17;3;moderate
DEBB021;"'2016-01-18 15:00'";18;38;20;17;3;moderate
DEBB021;"'2016-01-18 16:00'";17;37;20;16;3;moderate
DEBB021;"'2016-01-18 17:00'";17;30;31;16;3;moderate
DEBB021;"'2016-01-18 18:00'";18;17;42;18;3;moderate
DEBB021;"'2016-01-18 19:00'";21;9;50;20;3;moderate
DEBB021;"'2016-01-18 20:00'";25;6;51;24;3;moderate
DEBB021;"'2016-01-18 21:00'";26;2;52;26;3;moderate
DEBB021;"'2016-01-18 22:00'";29;4;50;28;3;moderate
DEBB021;"'2016-01-18 23:00'";26;8;44;26;3;moderate
DEBB021;"'2016-01-18 24:00'";29;9;40;29;3;moderate
DEBB021;"'2016-01-19 01:00'";36;3;47;35;3;poor
DEBB021;"'2016-01-19 02:00'";36;2;46;35;3;poor
DEBB021;"'2016-01-19 03:00'";34;2;44;34;3;poor
DEBB021;"'2016-01-19 04:00'";33;2;42;32;3;poor
DEBB021;"'2016-01-19 05:00'";30;3;38;29;3;moderate
DEBB021;"'2016-01-19 06:00'";29;2;42;29;3;moderate
DEBB021;"'2016-01-19 07:00'";30;2;43;30;3;moderate
DEBB021;"'2016-01-19 08:00'";33;2;48;32;4;poor
DEBB021;"'2016-01-19 09:00'";34;4;46;33;4;poor
DEBB021;"'2016-01-19 10:00'";33;9;39;32;5;poor
DEBB021;"'2016-01-19 11:00'";32;13;37;31;9;poor
DEBB021;"'2016-01-19 12:00'";31;19;32;31;9;poor
DEBB021;"'2016-01-19 13:00'";28;25;27;27;10;moderate
DEBB021;"'2016-01-19 14:00'";25;29;26;23;7;moderate
DEBB021;"'2016-01-19 15:00'";26;29;29;22;7;moderate
DEBB021;"'2016-01-19 16:00'";30;23;34;26;7;moderate
DEBB021;"'2016-01-19 17:00'";27;17;39;26;6;moderate
DEBB021;"'2016-01-19 18:00'";27;14;42;25;6;moderate
DEBB021;"'2016-01-19 19:00'";28;9;46;27;6;moderate
DEBB021;"'2016-01-19 20:00'";29;10;45;27;7;moderate
DEBB021;"'2016-01-19 21:00'";30;12;42;29;7;moderate
DEBB021;"'2016-01-19 22:00'";29;11;44;28;6;moderate
DEBB021;"'2016-01-19 23:00'";28;18;37;27;5;moderate
DEBB021;"'2016-01-19 24:00'";26;25;28;26;4;moderate
DEBB021;"'2016-01-20 01:00'";36;27;26;32;4;poor
DEBB021;"'2016-01-20 02:00'";30;24;28;28;4;moderate
DEBB021;"'2016-01-20 03:00'";33;18;33;31;4;poor
DEBB021;"'2016-01-20 04:00'";38;15;37;35;4;poor
DEBB021;"'2016-01-20 05:00'";43;11;41;39;4;poor
DEBB021;"'2016-01-20 06:00'";44;7;48;39;4;poor
DEBB021;"'2016-01-20 07:00'";40;6;51;37;3;poor
DEBB021;"'2016-01-20 08:00'";35;9;50;33;3;poor
DEBB021;"'2016-01-20 09:00'";34;12;45;32;3;poor
DEBB021;"'2016-01-20 10:00'";34;20;37;30;3;moderate
DEBB021;"'2016-01-20 11:00'";33;25;35;28;3;moderate
DEBB021;"'2016-01-20 12:00'";28;29;31;27;3;moderate
DEBB021;"'2016-01-20 13:00'";27;31;30;26;3;moderate
DEBB021;"'2016-01-20 14:00'";28;23;38;27;3;moderate
DEBB021;"'2016-01-20 15:00'";27;24;39;26;3;moderate
DEBB021;"'2016-01-20 16:00'";28;26;43;26;5;moderate
DEBB021;"'2016-01-20 17:00'";24;14;74;22;6;poor
DEBB021;"'2016-01-20 18:00'";25;10;92;24;6;poor
DEBB021;"'2016-01-20 19:00'";28;11;83;26;6;poor
DEBB021;"'2016-01-20 20:00'";29;9;68;28;5;poor
DEBB021;"'2016-01-20 21:00'";33;20;80;32;5;poor
DEBB021;"'2016-01-20 22:00'";20;26;60;19;6;moderate
DEBB021;"'2016-01-20 23:00'";23;31;49;22;4;moderate
DEBB021;"'2016-01-20 24:00'";18;33;29;18;3;moderate
DEBB021;"'2016-01-21 01:00'";19;31;23;18;3;moderate
DEBB021;"'2016-01-21 02:00'";16;43;14;16;3;moderate
DEBB021;"'2016-01-21 03:00'";13;45;15;13;3;good
DEBB021;"'2016-01-21 04:00'";10;54;10;10;3;good
DEBB021;"'2016-01-21 05:00'";10;54;11;10;3;good
DEBB021;"'2016-01-21 06:00'";11;48;15;10;3;good
DEBB021;"'2016-01-21 07:00'";10;43;21;10;3;good
DEBB021;"'2016-01-21 08:00'";9;40;27;9;3;good
DEBB021;"'2016-01-21 09:00'";10;37;31;10;3;moderate
DEBB021;"'2016-01-21 10:00'";12;43;23;11;3;good
DEBB021;"'2016-01-21 11:00'";11;47;21;11;3;good
DEBB021;"'2016-01-21 12:00'";11;54;17;10;3;good
DEBB021;"'2016-01-21 13:00'";11;57;14;11;3;good
DEBB021;"'2016-01-21 14:00'";14;55;16;13;3;good
DEBB021;"'2016-01-21 15:00'";18;54;16;18;3;moderate
DEBB021;"'2016-01-21 16:00'";20;50;21;19;3;moderate
DEBB021;"'2016-01-21 17:00'";21;34;38;20;4;moderate
DEBB021;"'2016-01-21 18:00'";26;8;68;24;3;poor
DEBB021;"'2016-01-21 19:00'";29;9;66;26;3;poor
DEBB021;"'2016-01-21 20:00'";27;7;65;26;3;poor
DEBB021;"'2016-01-21 21:00'";32;2;69;31;3;poor
DEBB021;"'2016-01-21 22:00'";36;2;70;35;3;poor
DEBB021;"'2016-01-21 23:00'";32;2;68;31;3;poor
DEBB021;"'2016-01-21 24:00'";32;2;68;31;3;poor
DEBB021;"'2016-01-22 01:00'";30;2;64;29;3;poor
DEBB021;"'2016-01-22 02:00'";30;4;55;30;3;moderate
DEBB021;"'2016-01-22 03:00'";30;7;49;29;3;moderate
DEBB021;"'2016-01-22 04:00'";30;8;48;30;3;moderate
DEBB021;"'2016-01-22 05:00'";30;9;44;30;3;moderate
DEBB021;"'2016-01-22 06:00'";31;7;45;30;3;moderate
DEBB021;"'2016-01-22 07:00'";31;2;54;30;3;moderate
DEBB021;"'2016-01-22 08:00'";32;2;57;31;3;poor
DEBB021;"'2016-01-22 09:00'";35;2;63;33;4;poor
DEBB021;"'2016-01-22 10:00'";37;7;52;35;4;poor
DEBB021;"'2016-01-22 11:00'";37;13;44;36;4;poor
DEBB021;"'2016-01-22 12:00'";36;20;38;34;4;poor
DEBB021;"'2016-01-22 13:00'";33;25;35;32;4;poor
DEBB021;"'2016-01-22 14:00'";34;29;32;32;4;poor
DEBB021;"'2016-01-22 15:00'";33;33;34;32;4;poor
DEBB021;"'2016-01-22 16:00'";33;31;37;31;4;poor
DEBB021;"'2016-01-22 17:00'";37;24;48;36;5;poor
DEBB021;"'2016-01-22 18:00'";32;16;57;31;7;poor
DEBB021;"'2016-01-22 19:00'";29;10;59;27;7;moderate
DEBB021;"'2016-01-22 20:00'";31;3;67;29;7;poor
DEBB021;"'2016-01-22 21:00'";32;13;52;31;6;poor
DEBB021;"'2016-01-22 22:00'";33;20;40;32;6;poor
DEBB021;"'2016-01-22 23:00'";32;22;38;31;7;poor
DEBB021;"'2016-01-22 24:00'";30;25;34;30;7;moderate
DEBB021;"'2016-01-23 01:00'";31;30;27;30;8;moderate
DEBB021;"'2016-01-23 02:00'";32;31;27;31;8;poor
DEBB021;"'2016-01-23 03:00'";33;31;26;32;9;poor
DEBB021;"'2016-01-23 04:00'";33;30;25;32;8;poor
DEBB021;"'2016-01-23 05:00'";32;29;26;31;8;poor
DEBB021;"'2016-01-23 06:00'";30;31;25;29;8;moderate
DEBB021;"'2016-01-23 07:00'";30;28;27;29;8;moderate
DEBB021;"'2016-01-23 08:00'";31;24;29;31;6;poor
DEBB021;"'2016-01-23 09:00'";32;17;35;31;5;poor
DEBB021;"'2016-01-23 10:00'";33;16;34;33;5;poor
DEBB021;"'2016-01-23 11:00'";35;13;35;35;5;poor
DEBB021;"'2016-01-23 12:00'";35;8;40;34;4;poor
DEBB021;"'2016-01-23 13:00'";34;7;43;33;4;poor
DEBB021;"'2016-01-23 14:00'";27;7;39;26;4;moderate
DEBB021;"'2016-01-23 15:00'";26;5;41;25;4;moderate
DEBB021;"'2016-01-23 16:00'";39;2;51;29;4;moderate
DEBB021;"'2016-01-23 17:00'";35;3;41;28;4;moderate
DEBB021;"'2016-01-23 18:00'";18;33;19;17;3;moderate
DEBB021;"'2016-01-23 19:00'";19;36;17;18;4;moderate
DEBB021;"'2016-01-23 20:00'";15;36;16;15;4;good
DEBB021;"'2016-01-23 21:00'";21;39;14;20;4;moderate
DEBB021;"'2016-01-23 22:00'";21;41;13;20;3;moderate
DEBB021;"'2016-01-23 23:00'";21;40;14;20;3;moderate
DEBB021;"'2016-01-23 24:00'";23;39;11;21;3;moderate
DEBB021;"'2016-01-24 01:00'";28;33;13;26;3;moderate
DEBB021;"'2016-01-24 02:00'";27;34;14;25;4;moderate
DEBB021;"'2016-01-24 03:00'";27;32;14;25;4;moderate
DEBB021;"'2016-01-24 04:00'";28;30;15;25;4;moderate
DEBB021;"'2016-01-24 05:00'";25;26;18;21;4;moderate
DEBB021;"'2016-01-24 06:00'";21;26;17;18;4;moderate
DEBB021;"'2016-01-24 07:00'";20;20;22;17;3;moderate
DEBB021;"'2016-01-24 08:00'";19;18;24;17;3;moderate
DEBB021;"'2016-01-24 09:00'";19;23;18;17;3;moderate
DEBB021;"'2016-01-24 10:00'";20;16;27;18;4;moderate
DEBB021;"'2016-01-24 11:00'";19;18;25;17;4;moderate
DEBB021;"'2016-01-24 12:00'";19;17;25;17;4;moderate
DEBB021;"'2016-01-24 13:00'";21;20;23;18;4;moderate
DEBB021;"'2016-01-24 14:00'";21;19;22;19;4;moderate
DEBB021;"'2016-01-24 15:00'";19;20;24;18;4;moderate
DEBB021;"'2016-01-24 16:00'";16;18;29;15;3;good
DEBB021;"'2016-01-24 17:00'";18;15;33;16;3;moderate
DEBB021;"'2016-01-24 18:00'";21;11;34;19;3;moderate
DEBB021;"'2016-01-24 19:00'";21;13;31;19;3;moderate
DEBB021;"'2016-01-24 20:00'";20;18;25;19;3;moderate
DEBB021;"'2016-01-24 21:00'";20;20;24;19;3;moderate
DEBB021;"'2016-01-24 22:00'";20;22;23;19;3;moderate
DEBB021;"'2016-01-24 23:00'";16;27;19;15;3;good
DEBB021;"'2016-01-24 24:00'";15;30;15;14;3;good
DEBB021;"'2016-01-25 01:00'";14;31;13;14;3;good
DEBB021;"'2016-01-25 02:00'";13;29;13;13;3;good
DEBB021;"'2016-01-25 03:00'";12;27;12;12;3;good
DEBB021;"'2016-01-25 04:00'";11;23;12;11;3;good
DEBB021;"'2016-01-25 05:00'";14;17;17;13;3;good
DEBB021;"'2016-01-25 06:00'";15;12;20;15;4;good
DEBB021;"'2016-01-25 07:00'";15;8;26;15;4;good
DEBB021;"'2016-01-25 08:00'";16;6;26;15;4;good
DEBB021;"'2016-01-25 09:00'";14;6;26;13;4;good
DEBB021;"'2016-01-25 10:00'";18;8;22;17;4;moderate
DEBB021;"'2016-01-25 11:00'";20;10;20;19;4;moderate
DEBB021;"'2016-01-25 12:00'";21;9;20;20;4;moderate
DEBB021;"'2016-01-25 13:00'";25;8;23;22;4;moderate
DEBB021;"'2016-01-25 14:00'";24;8;24;21;4;moderate
DEBB021;"'2016-01-25 15:00'";24;7;26;21;4;moderate
DEBB021;"'2016-01-25 16:00'";26;7;28;23;4;moderate
DEBB021;"'2016-01-25 17:00'";26;2;37;23;4;moderate
DEBB021;"'2016-01-25 18:00'";29;2;40;25;4;moderate
DEBB021;"'2016-01-25 19:00'";25;2;38;22;4;moderate
DEBB021;"'2016-01-25 20:00'";34;2;36;27;4;moderate
DEBB021;"'2016-01-25 21:00'";27;2;37;23;4;moderate
DEBB021;"'2016-01-25 22:00'";17;5;32;15;4;moderate
DEBB021;"'2016-01-25 23:00'";11;21;19;9;3;good
DEBB021;"'2016-01-25 24:00'";16;20;16;14;4;good
DEBB021;"'2016-01-26 01:00'";18;16;16;16;4;moderate
DEBB021;"'2016-01-26 02:00'";17;14;19;15;4;good
DEBB021;"'2016-01-26 03:00'";14;17;18;13;3;good
DEBB021;"'2016-01-26 04:00'";12;21;16;11;3;good
DEBB021;"'2016-01-26 05:00'";11;22;17;10;3;good
DEBB021;"'2016-01-26 06:00'";12;19;22;10;3;good
DEBB021;"'2016-01-26 07:00'";13;17;25;11;3;good
DEBB021;"'2016-01-26 08:00'";14;12;32;12;3;moderate
DEBB021;"'2016-01-26 09:00'";17;14;28;14;3;good
DEBB021;"'2016-01-26 10:00'";21;19;26;16;4;moderate
DEBB021;"'2016-01-26 11:00'";23;22;22;19;4;moderate
DEBB021;"'2016-01-26 12:00'";23;32;22;19;4;moderate
DEBB021;"'2016-01-26 13:00'";21;43;16;18;4;moderate
DEBB021;"'2016-01-26 14:00'";20;47;16;16;4;moderate
DEBB021;"'2016-01-26 15:00'";27;30;27;19;4;moderate
DEBB021;"'2016-01-26 16:00'";25;17;29;19;4;moderate
DEBB021;"'2016-01-26 17:00'";21;12;33;18;3;moderate
DEBB021;"'2016-01-26 18:00'";21;16;28;18;3;moderate
DEBB021;"'2016-01-26 19:00'";20;21;26;17;3;moderate
DEBB021;"'2016-01-26 20:00'";20;26;21;17;3;moderate
DEBB021;"'2016-01-26 21:00'";21;26;19;18;3;moderate
DEBB021;"'2016-01-26 22:00'";22;27;17;19;3;moderate
DEBB021;"'2016-01-26 23:00'";20;30;15;18;3;moderate
DEBB021;"'2016-01-26 24:00'";18;32;14;16;3;moderate
DEBB021;"'2016-01-27 01:00'";15;37;11;13;3;good
DEBB021;"'2016-01-27 02:00'";12;40;10;11;3;good
DEBB021;"'2016-01-27 03:00'";10;42;8;9;3;good
DEBB021;"'2016-01-27 04:00'";9;43;7;8;3;good
DEBB021;"'2016-01-27 05:00'";9;45;7;8;3;good
DEBB021;"'2016-01-27 06:00'";8;44;8;8;3;good
DEBB021;"'2016-01-27 07:00'";8;41;13;7;3;good
DEBB021;"'2016-01-27 08:00'";8;38;18;7;3;good
DEBB021;"'2016-01-27 09:00'";8;33;25;7;3;good
DEBB021;"'2016-01-27 10:00'";10;42;16;7;3;good
DEBB021;"'2016-01-27 11:00'";9;42;17;7;3;good
DEBB021;"'2016-01-27 12:00'";10;46;15;8;3;good
DEBB021;"'2016-01-27 13:00'";9;48;13;7;3;good
DEBB021;"'2016-01-27 14:00'";9;48;14;6;3;good
DEBB021;"'2016-01-27 15:00'";9;47;15;6;3;good
DEBB021;"'2016-01-27 16:00'";8;46;17;6;3;good
DEBB021;"'2016-01-27 17:00'";8;44;20;5;3;good
DEBB021;"'2016-01-27 18:00'";7;43;22;5;3;good
DEBB021;"'2016-01-27 19:00'";7;48;17;5;3;good
DEBB021;"'2016-01-27 20:00'";7;49;17;5;3;good
DEBB021;"'2016-01-27 21:00'";7;51;15;5;3;good
DEBB021;"'2016-01-27 22:00'";7;51;14;5;3;good
DEBB021;"'2016-01-27 23:00'";6;53;11;5;3;good
DEBB021;"'2016-01-27 24:00'";6;55;9;5;3;good
DEBB021;"'2016-01-28 01:00'";6;56;8;5;3;good
DEBB021;"'2016-01-28 02:00'";6;53;8;5;3;good
DEBB021;"'2016-01-28 03:00'";7;52;8;5;3;good
DEBB021;"'2016-01-28 04:00'";5;54;6;4;3;good
DEBB021;"'2016-01-28 05:00'";4;55;6;3;3;good
DEBB021;"'2016-01-28 06:00'";4;53;7;3;3;good
DEBB021;"'2016-01-28 07:00'";4;51;11;3;3;good
DEBB021;"'2016-01-28 08:00'";4;55;10;4;3;good
DEBB021;"'2016-01-28 09:00'";3;57;10;2;3;good
DEBB021;"'2016-01-28 10:00'";5;53;10;5;3;good
DEBB021;"'2016-01-28 11:00'";7;58;8;6;3;good
DEBB021;"'2016-01-28 12:00'";7;63;8;5;2;good
DEBB021;"'2016-01-28 13:00'";9;65;8;6;3;good
DEBB021;"'2016-01-28 14:00'";8;66;7;6;3;good
DEBB021;"'2016-01-28 15:00'";8;67;7;6;3;good
DEBB021;"'2016-01-28 16:00'";9;63;10;6;3;good
DEBB021;"'2016-01-28 17:00'";12;54;18;7;3;good
DEBB021;"'2016-01-28 18:00'";16;37;37;9;3;moderate
DEBB021;"'2016-01-28 19:00'";15;37;34;10;3;moderate
DEBB021;"'2016-01-28 20:00'";16;37;31;11;3;moderate
DEBB021;"'2016-01-28 21:00'";16;32;36;12;3;moderate
DEBB021;"'2016-01-28 22:00'";13;43;20;9;4;good
DEBB021;"'2016-01-28 23:00'";12;43;18;9;3;good
DEBB021;"'2016-01-28 24:00'";14;36;21;10;3;good
DEBB021;"'2016-01-29 01:00'";12;40;17;9;3;good
DEBB021;"'2016-01-29 02:00'";11;38;18;9;3;good
DEBB021;"'2016-01-29 03:00'";11;37;16;9;3;good
DEBB021;"'2016-01-29 04:00'";10;38;16;8;3;good
DEBB021;"'2016-01-29 05:00'";10;33;19;8;3;good
DEBB021;"'2016-01-29 06:00'";12;25;26;9;3;good
DEBB021;"'2016-01-29 07:00'";13;24;28;10;3;good
DEBB021;"'2016-01-29 08:00'";14;23;31;11;3;moderate
DEBB021;"'2016-01-29 09:00'";12;29;28;8;3;good
DEBB021;"'2016-01-29 10:00'";11;33;26;7;3;good
DEBB021;"'2016-01-29 11:00'";10;38;24;7;3;good
DEBB021;"'2016-01-29 12:00'";12;41;20;8;3;good
DEBB021;"'2016-01-29 13:00'";12;42;20;8;3;good
DEBB021;"'2016-01-29 14:00'";11;46;17;7;3;good
DEBB021;"'2016-01-29 15:00'";11;46;17;7;3;good
DEBB021;"'2016-01-29 16:00'";9;46;16;7;3;good
DEBB021;"'2016-01-29 17:00'";8;44;18;6;3;good
DEBB021;"'2016-01-29 18:00'";7;46;16;5;3;good
DEBB021;"'2016-01-29 19:00'";7;47;14;5;3;good
DEBB021;"'2016-01-29 20:00'";7;47;14;5;3;good
DEBB021;"'2016-01-29 21:00'";7;48;13;6;3;good
DEBB021;"'2016-01-29 22:00'";8;47;12;6;3;good
DEBB021;"'2016-01-29 23:00'";8;49;10;6;3;good
DEBB021;"'2016-01-29 24:00'";8;51;8;6;3;good
DEBB021;"'2016-01-30 01:00'";7;53;7;6;3;good
DEBB021;"'2016-01-30 02:00'";6;55;6;5;3;good
DEBB021;"'2016-01-30 03:00'";7;54;6;5;3;good
DEBB021;"'2016-01-30 04:00'";5;55;6;4;3;good
DEBB021;"'2016-01-30 05:00'";4;57;5;3;3;good
DEBB021;"'2016-01-30 06:00'";4;57;5;3;3;good
DEBB021;"'2016-01-30 07:00'";6;57;6;3;3;good
DEBB021;"'2016-01-30 08:00'";4;57;6;3;2;good
DEBB021;"'2016-01-30 09:00'";3;57;5;3;2;good
DEBB021;"'2016-01-30 10:00'";3;55;7;3;3;good
DEBB021;"'2016-01-30 11:00'";3;54;9;2;3;good
DEBB021;"'2016-01-30 12:00'";2;52;11;2;3;good
DEBB021;"'2016-01-30 13:00'";2;54;10;1;3;good
DEBB021;"'2016-01-30 14:00'";2;56;8;1;3;good
DEBB021;"'2016-01-30 15:00'";2;56;9;1;3;good
DEBB021;"'2016-01-30 16:00'";2;55;10;2;3;good
DEBB021;"'2016-01-30 17:00'";2;53;10;2;3;good
DEBB021;"'2016-01-30 18:00'";3;54;10;3;3;good
DEBB021;"'2016-01-30 19:00'";3;54;8;3;3;good
DEBB021;"'2016-01-30 20:00'";3;53;8;3;3;good
DEBB021;"'2016-01-30 21:00'";3;56;8;3;3;good
DEBB021;"'2016-01-30 22:00'";2;63;5;1;2;good
DEBB021;"'2016-01-30 23:00'";3;68;5;3;3;good
DEBB021;"'2016-01-30 24:00'";4;66;5;4;3;good
DEBB021;"'2016-01-31 01:00'";3;65;2;3;3;good
DEBB021;"'2016-01-31 02:00'";6;62;5;4;3;good
DEBB021;"'2016-01-31 03:00'";7;59;6;5;3;good
DEBB021;"'2016-01-31 04:00'";6;58;6;5;3;good
DEBB021;"'2016-01-31 05:00'";7;57;6;6;3;good
DEBB021;"'2016-01-31 06:00'";7;55;7;6;3;good
DEBB021;"'2016-01-31 07:00'";7;54;7;6;3;good
DEBB021;"'2016-01-31 08:00'";7;53;8;6;3;good
DEBB021;"'2016-01-31 09:00'";8;54;7;6;3;good
DEBB021;"'2016-01-31 10:00'";8;54;8;6;3;good
DEBB021;"'2016-01-31 11:00'";8;55;8;7;3;good
DEBB021;"'2016-01-31 12:00'";9;56;9;8;3;good
DEBB021;"'2016-01-31 13:00'";9;58;7;8;3;good
DEBB021;"'2016-01-31 14:00'";9;58;8;7;3;good
DEBB021;"'2016-01-31 15:00'";8;60;8;6;3;good
DEBB021;"'2016-01-31 16:00'";9;56;12;6;3;good
DEBB021;"'2016-01-31 17:00'";9;56;12;7;3;good
DEBB021;"'2016-01-31 18:00'";8;54;12;6;3;good
DEBB021;"'2016-01-31 19:00'";7;51;10;6;3;good
DEBB021;"'2016-01-31 20:00'";7;49;11;6;3;good
DEBB021;"'2016-01-31 21:00'";6;51;9;5;3;good
DEBB021;"'2016-01-31 22:00'";4;53;7;4;3;good
DEBB021;"'2016-01-31 23:00'";4;51;9;4;3;good
DEBB021;"'2016-01-31 24:00'";3;49;8;3;2;good
DEBB021;"'2016-02-01 01:00'";6;45;8;5;3;good
DEBB021;"'2016-02-01 02:00'";7;40;9;6;3;good
DEBB021;"'2016-02-01 03:00'";7;38;10;7;3;good
DEBB021;"'2016-02-01 04:00'";9;40;10;9;3;good
DEBB021;"'2016-02-01 05:00'";11;37;11;11;3;good
DEBB021;"'2016-02-01 06:00'";12;33;16;12;3;good
DEBB021;"'2016-02-01 07:00'";13;23;27;12;3;good
DEBB021;"'2016-02-01 08:00'";15;14;37;14;3;moderate
DEBB021;"'2016-02-01 09:00'";16;11;40;14;3;moderate
DEBB021;"'2016-02-01 10:00'";13;26;26;11;3;good
DEBB021;"'2016-02-01 11:00'";9;35;20;9;3;good
DEBB021;"'2016-02-01 12:00'";7;27;31;7;3;moderate
DEBB021;"'2016-02-01 13:00'";5;29;21;5;3;good
DEBB021;"'2016-02-01 14:00'";5;28;21;4;3;good
DEBB021;"'2016-02-01 15:00'";5;26;21;4;3;good
DEBB021;"'2016-02-01 16:00'";5;25;25;5;3;good
DEBB021;"'2016-02-01 17:00'";3;43;17;3;3;good
DEBB021;"'2016-02-01 18:00'";8;57;12;7;3;good
DEBB021;"'2016-02-01 19:00'";14;58;14;12;3;good
DEBB021;"'2016-02-01 20:00'";10;61;11;8;3;good
DEBB021;"'2016-02-01 21:00'";9;62;9;7;3;good
DEBB021;"'2016-02-01 22:00'";8;60;8;7;3;good
DEBB021;"'2016-02-01 23:00'";6;59;7;6;3;good
DEBB021;"'2016-02-01 24:00'";6;60;6;5;3;good
DEBB021;"'2016-02-02 01:00'";3;61;4;3;3;good
DEBB021;"'2016-02-02 02:00'";4;63;4;3;3;good
DEBB021;"'2016-02-02 03:00'";4;67;3;4;3;good
DEBB021;"'2016-02-02 04:00'";4;66;3;4;3;good
DEBB021;"'2016-02-02 05:00'";3;69;2;3;3;good
DEBB021;"'2016-02-02 06:00'";3;67;5;3;3;good
DEBB021;"'2016-02-02 07:00'";5;63;8;4;3;good
DEBB021;"'2016-02-02 08:00'";5;56;16;4;3;good
DEBB021;"'2016-02-02 09:00'";5;58;12;5;3;good
DEBB021;"'2016-02-02 10:00'";7;59;12;6;3;good
DEBB021;"'2016-02-02 11:00'";9;56;16;7;3;good
DEBB021;"'2016-02-02 12:00'";10;63;10;7;3;good
DEBB021;"'2016-02-02 13:00'";8;69;7;6;3;good
DEBB021;"'2016-02-02 14:00'";10;69;8;7;3;good
DEBB021;"'2016-02-02 15:00'";11;63;12;8;3;good
DEBB021;"'2016-02-02 16:00'";10;62;12;7;3;good
DEBB021;"'2016-02-02 17:00'";7;57;14;6;3;good
DEBB021;"'2016-02-02 18:00'";3;65;10;3;1;good
DEBB021;"'2016-02-02 19:00'";3;65;13;2;2;good
DEBB021;"'2016-02-02 20:00'";3;66;10;3;3;good
DEBB021;"'2016-02-02 21:00'";3;64;9;2;3;good
DEBB021;"'2016-02-02 22:00'";3;64;8;3;3;good
DEBB021;"'2016-02-02 23:00'";4;67;6;4;2;good
DEBB021;"'2016-02-02 24:00'";5;64;7;4;3;good
DEBB021;"'2016-02-03 01:00'";7;60;8;6;3;good
DEBB021;"'2016-02-03 02:00'";6;62;7;5;3;good
DEBB021;"'2016-02-03 03:00'";6;62;7;5;3;good
DEBB021;"'2016-02-03 04:00'";7;63;6;5;3;good
DEBB021;"'2016-02-03 05:00'";7;63;5;5;3;good
DEBB021;"'2016-02-03 06:00'";7;63;6;5;3;good
DEBB021;"'2016-02-03 07:00'";9;55;14;6;3;good
DEBB021;"'2016-02-03 08:00'";9;50;19;6;3;good
DEBB021;"'2016-02-03 09:00'";13;46;21;7;3;good
DEBB021;"'2016-02-03 10:00'";12;51;16;8;3;good
DEBB021;"'2016-02-03 11:00'";13;51;16;9;4;good
DEBB021;"'2016-02-03 12:00'";11;55;13;9;4;good
DEBB021;"'2016-02-03 13:00'";12;59;11;9;3;good
DEBB021;"'2016-02-03 14:00'";11;60;10;8;3;good
DEBB021;"'2016-02-03 15:00'";9;64;10;7;3;good
DEBB021;"'2016-02-03 16:00'";9;63;11;7;2;good
DEBB021;"'2016-02-03 17:00'";11;59;16;8;3;good
DEBB021;"'2016-02-03 18:00'";9;55;18;7;3;good
DEBB021;"'2016-02-03 19:00'";9;51;24;7;3;good
DEBB021;"'2016-02-03 20:00'";8;52;18;6;3;good
DEBB021;"'2016-02-03 21:00'";7;55;14;6;3;good
DEBB021;"'2016-02-03 22:00'";6;59;10;5;3;good
DEBB021;"'2016-02-03 23:00'";7;56;9;7;3;good
DEBB021;"'2016-02-03 24:00'";7;56;6;6;3;good
DEBB021;"'2016-02-04 01:00'";7;54;5;7;3;good
DEBB021;"'2016-02-04 02:00'";8;53;4;7;2;good
DEBB021;"'2016-02-04 03:00'";8;52;4;7;2;good
DEBB021;"'2016-02-04 04:00'";8;51;5;7;1;good
DEBB021;"'2016-02-04 05:00'";8;49;5;7;1;good
DEBB021;"'2016-02-04 06:00'";9;46;8;7;2;good
DEBB021;"'2016-02-04 07:00'";8;43;12;7;2;good
DEBB021;"'2016-02-04 08:00'";6;43;12;5;1;good
DEBB021;"'2016-02-04 09:00'";7;44;11;6;1;good
DEBB021;"'2016-02-04 10:00'";8;43;11;7;3;good
DEBB021;"'2016-02-04 11:00'";9;41;13;8;3;good
DEBB021;"'2016-02-04 12:00'";10;37;17;9;3;good
DEBB021;"'2016-02-04 13:00'";8;40;15;7;3;good
DEBB021;"'2016-02-04 14:00'";11;37;19;10;3;good
DEBB021;"'2016-02-04 15:00'";11;40;15;11;3;good
DEBB021;"'2016-02-04 16:00'";13;39;17;12;3;good
DEBB021;"'2016-02-04 17:00'";7;43;15;7;3;good
DEBB021;"'2016-02-04 18:00'";6;39;18;5;3;good
DEBB021;"'2016-02-04 19:00'";12;33;21;12;3;good
DEBB021;"'2016-02-04 20:00'";16;31;20;15;3;good
DEBB021;"'2016-02-04 21:00'";14;34;15;13;3;good
DEBB021;"'2016-02-04 22:00'";12;39;11;12;3;good
DEBB021;"'2016-02-04 23:00'";13;35;12;13;3;good
DEBB021;"'2016-02-04 24:00'";11;39;10;11;2;good
DEBB021;"'2016-02-05 01:00'";10;45;7;9;3;good
DEBB021;"'2016-02-05 02:00'";9;44;7;9;3;good
DEBB021;"'2016-02-05 03:00'";10;46;7;9;3;good
DEBB021;"'2016-02-05 04:00'";9;43;7;8;3;good
DEBB021;"'2016-02-05 05:00'";9;40;9;8;3;good
DEBB021;"'2016-02-05 06:00'";10;35;13;10;3;good
DEBB021;"'2016-02-05 07:00'";11;27;25;10;2;good
DEBB021;"'2016-02-05 08:00'";13;22;30;12;3;good
DEBB021;"'2016-02-05 09:00'";16;20;31;13;3;moderate
DEBB021;"'2016-02-05 10:00'";17;23;29;14;3;good
DEBB021;"'2016-02-05 11:00'";19;29;22;15;3;good
DEBB021;"'2016-02-05 12:00'";15;33;21;13;3;good
DEBB021;"'2016-02-05 13:00'";11;37;17;9;3;good
DEBB021;"'2016-02-05 14:00'";11;36;18;9;3;good
DEBB021;"'2016-02-05 15:00'";11;41;17;9;3;good
DEBB021;"'2016-02-05 16:00'";11;35;23;10;3;good
DEBB021;"'2016-02-05 17:00'";10;34;22;10;3;good
DEBB021;"'2016-02-05 18:00'";11;32;21;11;3;good
DEBB021;"'2016-02-05 19:00'";10;29;22;10;3;good
DEBB021;"'2016-02-05 20:00'";12;25;23;12;3;good
DEBB021;"'2016-02-05 21:00'";13;26;19;13;3;good
DEBB021;"'2016-02-05 22:00'";14;23;19;13;3;good
DEBB021;"'2016-02-05 23:00'";15;22;18;14;3;good
DEBB021;"'2016-02-05 24:00'";14;25;15;14;3;good
DEBB021;"'2016-02-06 01:00'";16;21;16;16;3;moderate
DEBB021;"'2016-02-06 02:00'";19;18;17;18;3;moderate
DEBB021;"'2016-02-06 03:00'";19;18;17;18;3;moderate
DEBB021;"'2016-02-06 04:00'";18;20;15;18;3;moderate
DEBB021;"'2016-02-06 05:00'";19;21;14;19;3;moderate
DEBB021;"'2016-02-06 06:00'";20;21;15;19;3;moderate
DEBB021;"'2016-02-06 07:00'";19;23;15;18;3;moderate
DEBB021;"'2016-02-06 08:00'";16;25;15;15;3;good
DEBB021;"'2016-02-06 09:00'";15;25;19;14;3;good
DEBB021;"'2016-02-06 10:00'";15;33;12;14;4;good
DEBB021;"'2016-02-06 11:00'";15;31;14;14;4;good
DEBB021;"'2016-02-06 12:00'";13;30;15;13;4;good
DEBB021;"'2016-02-06 13:00'";11;30;18;10;4;good
DEBB021;"'2016-02-06 14:00'";8;35;16;8;4;good
DEBB021;"'2016-02-06 15:00'";7;43;11;6;4;good
DEBB021;"'2016-02-06 16:00'";7;42;13;6;4;good
DEBB021;"'2016-02-06 17:00'";7;34;20;6;4;good
DEBB021;"'2016-02-06 18:00'";10;29;24;9;4;good
DEBB021;"'2016-02-06 19:00'";10;33;18;9;3;good
DEBB021;"'2016-02-06 20:00'";10;31;18;9;3;good
DEBB021;"'2016-02-06 21:00'";10;33;15;9;3;good
DEBB021;"'2016-02-06 22:00'";10;33;14;9;4;good
DEBB021;"'2016-02-06 23:00'";11;31;15;10;4;good
DEBB021;"'2016-02-06 24:00'";10;30;15;10;4;good
DEBB021;"'2016-02-07 01:00'";11;33;14;11;4;good
DEBB021;"'2016-02-07 02:00'";11;34;13;10;4;good
DEBB021;"'2016-02-07 03:00'";11;30;13;11;4;good
DEBB021;"'2016-02-07 04:00'";12;31;12;11;4;good
DEBB021;"'2016-02-07 05:00'";13;27;14;12;4;good
DEBB021;"'2016-02-07 06:00'";16;28;12;15;4;good
DEBB021;"'2016-02-07 07:00'";17;32;11;17;4;moderate
DEBB021;"'2016-02-07 08:00'";18;34;10;17;5;moderate
DEBB021;"'2016-02-07 09:00'";19;35;10;18;5;moderate
DEBB021;"'2016-02-07 10:00'";19;37;10;18;5;moderate
DEBB021;"'2016-02-07 11:00'";17;40;10;16;5;moderate
DEBB021;"'2016-02-07 12:00'";16;42;11;14;5;good
DEBB021;"'2016-02-07 13:00'";16;43;11;14;4;good
DEBB021;"'2016-02-07 14:00'";17;43;11;16;4;moderate
DEBB021;"'2016-02-07 15:00'";19;40;14;17;4;moderate
DEBB021;"'2016-02-07 16:00'";20;39;15;19;4;moderate
DEBB021;"'2016-02-07 17:00'";21;35;18;20;4;moderate
DEBB021;"'2016-02-07 18:00'";23;34;19;21;4;moderate
DEBB021;"'2016-02-07 19:00'";23;37;14;22;4;moderate
DEBB021;"'2016-02-07 20:00'";23;34;15;22;4;moderate
DEBB021;"'2016-02-07 21:00'";22;31;16;21;4;moderate
DEBB021;"'2016-02-07 22:00'";16;33;18;16;3;moderate
DEBB021;"'2016-02-07 23:00'";16;26;20;16;3;moderate
DEBB021;"'2016-02-07 24:00'";14;30;18;14;3;good
DEBB021;"'2016-02-08 01:00'";5;48;11;5;3;good
DEBB021;"'2016-02-08 02:00'";4;57;6;3;3;good
DEBB021;"'2016-02-08 03:00'";4;57;6;3;3;good
DEBB021;"'2016-02-08 04:00'";4;56;6;4;3;good
DEBB021;"'2016-02-08 05:00'";4;55;5;3;3;good
DEBB021;"'2016-02-08 06:00'";4;55;6;3;3;good
DEBB021;"'2016-02-08 07:00'";3;55;8;3;3;good
DEBB021;"'2016-02-08 08:00'";3;51;13;3;3;good
DEBB021;"'2016-02-08 09:00'";4;54;10;3;3;good
DEBB021;"'2016-02-08 10:00'";4;54;10;3;3;good
DEBB021;"'2016-02-08 11:00'";4;51;13;3;3;good
DEBB021;"'2016-02-08 12:00'";4;57;10;2;3;good
DEBB021;"'2016-02-08 13:00'";3;55;11;2;3;good
DEBB021;"'2016-02-08 14:00'";3;52;13;2;3;good
DEBB021;"'2016-02-08 15:00'";4;55;12;2;3;good
DEBB021;"'2016-02-08 16:00'";3;57;13;1;3;good
DEBB021;"'2016-02-08 17:00'";2;57;12;1;3;good
DEBB021;"'2016-02-08 18:00'";0.9;60;12;1;3;good
DEBB021;"'2016-02-08 19:00'";1;63;11;1;3;good
DEBB021;"'2016-02-08 20:00'";2;66;10;1;3;good
DEBB021;"'2016-02-08 21:00'";2;67;7;1;3;good
DEBB021;"'2016-02-08 22:00'";2;65;7;2;3;good
DEBB021;"'2016-02-08 23:00'";2;66;6;2;3;good
DEBB021;"'2016-02-08 24:00'";3;68;5;2;3;good
DEBB021;"'2016-02-09 01:00'";4;68;3;3;3;good
DEBB021;"'2016-02-09 02:00'";5;68;2;3;3;good
DEBB021;"'2016-02-09 03:00'";4;67;2;3;3;good
DEBB021;"'2016-02-09 04:00'";5;67;3;3;1;good
DEBB021;"'2016-02-09 05:00'";5;66;3;4;1;good
DEBB021;"'2016-02-09 06:00'";6;64;5;4;3;good
DEBB021;"'2016-02-09 07:00'";7;62;8;4;2;good
DEBB021;"'2016-02-09 08:00'";8;61;11;4;2;good
DEBB021;"'2016-02-09 09:00'";10;58;14;5;3;good
DEBB021;"'2016-02-09 10:00'";9;61;12;5;3;good
DEBB021;"'2016-02-09 11:00'";9;61;12;5;3;good
DEBB021;"'2016-02-09 12:00'";10;60;13;6;3;good
DEBB021;"'2016-02-09 13:00'";9;60;12;5;3;good
DEBB021;"'2016-02-09 14:00'";9;57;15;5;3;good
DEBB021;"'2016-02-09 15:00'";6;56;16;4;3;good
DEBB021;"'2016-02-09 16:00'";5;49;21;3;3;good
DEBB021;"'2016-02-09 17:00'";3;53;17;3;2;good
DEBB021;"'2016-02-09 18:00'";3;59;14;2;3;good
DEBB021;"'2016-02-09 19:00'";4;53;15;4;3;good
DEBB021;"'2016-02-09 20:00'";3;52;10;3;3;good
DEBB021;"'2016-02-09 21:00'";2;55;8;2;3;good
DEBB021;"'2016-02-09 22:00'";2;56;7;1;3;good
DEBB021;"'2016-02-09 23:00'";2;56;6;1;3;good
DEBB021;"'2016-02-09 24:00'";1;61;5;1;3;good
DEBB021;"'2016-02-10 01:00'";0.9;58;6;1;3;good
DEBB021;"'2016-02-10 02:00'";0.9;65;5;1;2;good
DEBB021;"'2016-02-10 03:00'";0.9;69;4;1;2;good
DEBB021;"'2016-02-10 04:00'";2;65;5;2;3;good
DEBB021;"'2016-02-10 05:00'";5;61;8;4;3;good
DEBB021;"'2016-02-10 06:00'";7;59;9;5;3;good
DEBB021;"'2016-02-10 07:00'";9;52;16;7;3;good
DEBB021;"'2016-02-10 08:00'";10;46;20;7;3;good
DEBB021;"'2016-02-10 09:00'";10;45;19;7;3;good
DEBB021;"'2016-02-10 10:00'";10;46;16;8;3;good
DEBB021;"'2016-02-10 11:00'";11;48;15;8;3;good
DEBB021;"'2016-02-10 12:00'";9;55;10;6;3;good
DEBB021;"'2016-02-10 13:00'";7;58;9;5;2;good
DEBB021;"'2016-02-10 14:00'";7;59;12;4;1;good
DEBB021;"'2016-02-10 15:00'";6;58;12;4;1;good
DEBB021;"'2016-02-10 16:00'";6;54;16;4;2;good
DEBB021;"'2016-02-10 17:00'";5;48;21;3;2;good
DEBB021;"'2016-02-10 18:00'";4;44;21;3;3;good
DEBB021;"'2016-02-10 19:00'";4;33;30;3;3;good
DEBB021;"'2016-02-10 20:00'";4;30;27;3;2;good
DEBB021;"'2016-02-10 21:00'";4;38;18;4;3;good
DEBB021;"'2016-02-10 22:00'";7;38;15;6;2;good
DEBB021;"'2016-02-10 23:00'";10;37;13;9;2;good
DEBB021;"'2016-02-10 24:00'";10;36;12;10;3;good
DEBB021;"'2016-02-11 01:00'";11;36;11;11;3;good
DEBB021;"'2016-02-11 02:00'";12;36;11;11;3;good
DEBB021;"'2016-02-11 03:00'";10;43;10;10;3;good
DEBB021;"'2016-02-11 04:00'";6;53;7;5;3;good
DEBB021;"'2016-02-11 05:00'";5;56;5;4;2;good
DEBB021;"'2016-02-11 06:00'";4;58;6;4;2;good
DEBB021;"'2016-02-11 07:00'";5;57;11;4;3;good
DEBB021;"'2016-02-11 08:00'";6;56;12;4;3;good
DEBB021;"'2016-02-11 09:00'";6;56;11;5;3;good
DEBB021;"'2016-02-11 10:00'";7;56;13;5;2;good
DEBB021;"'2016-02-11 11:00'";7;51;19;5;3;good
DEBB021;"'2016-02-11 12:00'";6;61;10;4;3;good
DEBB021;"'2016-02-11 13:00'";6;61;9;5;3;good
DEBB021;"'2016-02-11 14:00'";6;57;11;5;2;good
DEBB021;"'2016-02-11 15:00'";10;45;23;8;3;good
DEBB021;"'2016-02-11 16:00'";9;54;13;8;2;good
DEBB021;"'2016-02-11 17:00'";10;54;14;9;3;good
DEBB021;"'2016-02-11 18:00'";12;48;20;11;3;good
DEBB021;"'2016-02-11 19:00'";11;49;18;9;3;good
DEBB021;"'2016-02-11 20:00'";12;42;24;11;3;good
DEBB021;"'2016-02-11 21:00'";13;41;21;12;4;good
DEBB021;"'2016-02-11 22:00'";14;38;21;13;4;good
DEBB021;"'2016-02-11 23:00'";14;36;20;12;4;good
DEBB021;"'2016-02-11 24:00'";18;37;17;16;4;moderate
DEBB021;"'2016-02-12 01:00'";19;35;17;17;4;moderate
DEBB021;"'2016-02-12 02:00'";20;34;16;18;3;moderate
DEBB021;"'2016-02-12 03:00'";24;31;17;23;3;moderate
DEBB021;"'2016-02-12 04:00'";25;28;16;24;3;moderate
DEBB021;"'2016-02-12 05:00'";25;27;16;23;3;moderate
DEBB021;"'2016-02-12 06:00'";27;20;21;25;3;moderate
DEBB021;"'2016-02-12 07:00'";28;18;26;26;3;moderate
DEBB021;"'2016-02-12 08:00'";30;12;35;27;4;moderate
DEBB021;"'2016-02-12 09:00'";35;16;31;27;3;moderate
DEBB021;"'2016-02-12 10:00'";32;21;29;28;4;moderate
DEBB021;"'2016-02-12 11:00'";32;31;21;28;5;moderate
DEBB021;"'2016-02-12 12:00'";26;39;19;23;5;moderate
DEBB021;"'2016-02-12 13:00'";19;52;16;16;4;moderate
DEBB021;"'2016-02-12 14:00'";19;53;16;16;4;moderate
DEBB021;"'2016-02-12 15:00'";19;53;16;17;5;moderate
DEBB021;"'2016-02-12 16:00'";22;48;22;19;5;moderate
DEBB021;"'2016-02-12 17:00'";26;37;29;22;5;moderate
DEBB021;"'2016-02-12 18:00'";25;27;38;21;4;moderate
DEBB021;"'2016-02-12 19:00'";30;5;65;24;4;poor
DEBB021;"'2016-02-12 20:00'";35;2;75;29;4;poor
DEBB021;"'2016-02-12 21:00'";39;2;72;34;4;poor
DEBB021;"'2016-02-12 22:00'";38;2;64;35;4;poor
DEBB021;"'2016-02-12 23:00'";36;2;63;33;4;poor
DEBB021;"'2016-02-12 24:00'";33;2;60;31;3;poor
DEBB021;"'2016-02-13 01:00'";35;2;58;33;3;poor
DEBB021;"'2016-02-13 02:00'";32;2;54;31;3;poor
DEBB021;"'2016-02-13 03:00'";31;2;48;29;3;moderate
DEBB021;"'2016-02-13 04:00'";30;2;44;29;3;moderate
DEBB021;"'2016-02-13 05:00'";30;2;43;28;3;moderate
DEBB021;"'2016-02-13 06:00'";29;2;43;28;3;moderate
DEBB021;"'2016-02-13 07:00'";31;2;41;29;4;moderate
DEBB021;"'2016-02-13 08:00'";32;2;41;30;4;moderate
DEBB021;"'2016-02-13 09:00'";34;5;39;32;4;poor
DEBB021;"'2016-02-13 10:00'";38;11;34;36;5;poor
DEBB021;"'2016-02-13 11:00'";41;17;30;39;6;poor
DEBB021;"'2016-02-13 12:00'";41;25;28;38;6;poor
DEBB021;"'2016-02-13 13:00'";34;39;24;32;6;poor
DEBB021;"'2016-02-13 14:00'";28;53;19;26;5;moderate
DEBB021;"'2016-02-13 15:00'";26;53;20;24;7;moderate
DEBB021;"'2016-02-13 16:00'";29;47;26;27;9;moderate
DEBB021;"'2016-02-13 17:00'";27;52;19;25;5;moderate
DEBB021;"'2016-02-13 18:00'";30;40;31;27;5;moderate
DEBB021;"'2016-02-13 19:00'";33;34;37;31;6;poor
DEBB021;"'2016-02-13 20:00'";47;40;21;46;5;poor
DEBB021;"'2016-02-13 21:00'";53;38;18;53;4;"very poor"
DEBB021;"'2016-02-13 22:00'";48;41;15;48;4;poor
DEBB021;"'2016-02-13 23:00'";39;44;15;39;6;poor
DEBB021;"'2016-02-13 24:00'";38;45;12;38;5;poor
DEBB021;"'2016-02-14 01:00'";36;43;11;36;4;poor
DEBB021;"'2016-02-14 02:00'";35;42;10;35;4;poor
DEBB021;"'2016-02-14 03:00'";34;43;9;33;4;poor
DEBB021;"'2016-02-14 04:00'";34;43;8;33;4;poor
DEBB021;"'2016-02-14 05:00'";34;43;8;34;4;poor
DEBB021;"'2016-02-14 06:00'";36;42;7;35;4;poor
DEBB021;"'2016-02-14 07:00'";37;40;7;37;4;poor
DEBB021;"'2016-02-14 08:00'";35;38;9;35;4;poor
DEBB021;"'2016-02-14 09:00'";34;35;11;33;4;poor
DEBB021;"'2016-02-14 10:00'";33;33;12;33;4;poor
DEBB021;"'2016-02-14 11:00'";34;32;11;34;4;poor
DEBB021;"'2016-02-14 12:00'";37;29;12;37;4;poor
DEBB021;"'2016-02-14 13:00'";40;28;13;40;4;poor
DEBB021;"'2016-02-14 14:00'";43;26;15;42;4;poor
DEBB021;"'2016-02-14 15:00'";43;25;16;43;4;poor
DEBB021;"'2016-02-14 16:00'";45;21;18;43;4;poor
DEBB021;"'2016-02-14 17:00'";48;17;21;46;4;poor
DEBB021;"'2016-02-14 18:00'";50;13;24;48;4;poor
DEBB021;"'2016-02-14 19:00'";52;9;30;49;4;poor
DEBB021;"'2016-02-14 20:00'";53;8;28;51;4;"very poor"
DEBB021;"'2016-02-14 21:00'";52;7;27;50;3;poor
DEBB021;"'2016-02-14 22:00'";53;7;27;50;3;poor
DEBB021;"'2016-02-14 23:00'";51;6;27;49;3;poor
DEBB021;"'2016-02-14 24:00'";49;13;19;42;3;poor
DEBB021;"'2016-02-15 01:00'";39;13;18;36;3;poor
DEBB021;"'2016-02-15 02:00'";33;14;15;33;3;poor
DEBB021;"'2016-02-15 03:00'";31;14;14;31;3;poor
DEBB021;"'2016-02-15 04:00'";21;19;11;21;3;moderate
DEBB021;"'2016-02-15 05:00'";23;17;11;23;3;moderate
DEBB021;"'2016-02-15 06:00'";26;15;13;25;3;moderate
DEBB021;"'2016-02-15 07:00'";25;11;17;25;3;moderate
DEBB021;"'2016-02-15 08:00'";21;13;17;20;3;moderate
DEBB021;"'2016-02-15 09:00'";21;11;19;19;3;moderate
DEBB021;"'2016-02-15 10:00'";19;15;15;19;3;moderate
DEBB021;"'2016-02-15 11:00'";18;16;15;17;3;moderate
DEBB021;"'2016-02-15 12:00'";17;14;17;16;3;moderate
DEBB021;"'2016-02-15 13:00'";24;16;21;22;3;moderate
DEBB021;"'2016-02-15 14:00'";14;29;17;12;3;good
DEBB021;"'2016-02-15 15:00'";6;34;16;5;3;good
DEBB021;"'2016-02-15 16:00'";4;35;17;3;3;good
DEBB021;"'2016-02-15 17:00'";3;35;18;3;3;good
DEBB021;"'2016-02-15 18:00'";2;36;16;2;3;good
DEBB021;"'2016-02-15 19:00'";4;40;12;4;3;good
DEBB021;"'2016-02-15 20:00'";9;46;11;9;3;good
DEBB021;"'2016-02-15 21:00'";13;50;8;12;3;good
DEBB021;"'2016-02-15 22:00'";15;48;8;15;3;good
DEBB021;"'2016-02-15 23:00'";13;52;7;13;3;good
DEBB021;"'2016-02-15 24:00'";14;54;6;13;3;good
DEBB021;"'2016-02-16 01:00'";13;55;5;12;3;good
DEBB021;"'2016-02-16 02:00'";13;51;5;13;3;good
DEBB021;"'2016-02-16 03:00'";12;52;4;12;3;good
DEBB021;"'2016-02-16 04:00'";11;53;3;11;3;good
DEBB021;"'2016-02-16 05:00'";10;53;3;9;3;good
DEBB021;"'2016-02-16 06:00'";9;49;7;9;4;good
DEBB021;"'2016-02-16 07:00'";9;45;11;8;3;good
DEBB021;"'2016-02-16 08:00'";10;41;20;9;3;good
DEBB021;"'2016-02-16 09:00'";11;39;18;9;3;good
DEBB021;"'2016-02-16 10:00'";11;42;16;8;3;good
DEBB021;"'2016-02-16 11:00'";10;45;13;8;3;good
DEBB021;"'2016-02-16 12:00'";13;45;12;9;3;good
DEBB021;"'2016-02-16 13:00'";12;47;12;10;3;good
DEBB021;"'2016-02-16 14:00'";13;49;12;10;3;good
DEBB021;"'2016-02-16 15:00'";10;52;9;8;3;good
DEBB021;"'2016-02-16 16:00'";12;47;14;9;3;good
DEBB021;"'2016-02-16 17:00'";11;48;14;9;3;good
DEBB021;"'2016-02-16 18:00'";12;43;19;11;3;good
DEBB021;"'2016-02-16 19:00'";18;28;37;15;3;moderate
DEBB021;"'2016-02-16 20:00'";21;25;40;18;4;moderate
DEBB021;"'2016-02-16 21:00'";19;35;27;17;4;moderate
DEBB021;"'2016-02-16 22:00'";19;34;29;17;3;moderate
DEBB021;"'2016-02-16 23:00'";23;23;37;21;3;moderate
DEBB021;"'2016-02-16 24:00'";18;22;30;16;3;moderate
DEBB021;"'2016-02-17 01:00'";18;27;24;17;3;moderate
DEBB021;"'2016-02-17 02:00'";21;15;34;19;3;moderate
DEBB021;"'2016-02-17 03:00'";23;7;52;21;4;moderate
DEBB021;"'2016-02-17 04:00'";21;14;41;20;4;moderate
DEBB021;"'2016-02-17 05:00'";22;25;24;21;3;moderate
DEBB021;"'2016-02-17 06:00'";23;28;18;22;3;moderate
DEBB021;"'2016-02-17 07:00'";25;22;26;24;4;moderate
DEBB021;"'2016-02-17 08:00'";28;14;37;27;4;moderate
DEBB021;"'2016-02-17 09:00'";37;12;38;32;5;poor
DEBB021;"'2016-02-17 10:00'";34;21;28;32;5;poor
DEBB021;"'2016-02-17 11:00'";30;32;21;27;5;moderate
DEBB021;"'2016-02-17 12:00'";25;39;18;23;4;moderate
DEBB021;"'2016-02-17 13:00'";22;50;11;20;4;moderate
DEBB021;"'2016-02-17 14:00'";29;47;14;22;4;moderate
DEBB021;"'2016-02-17 15:00'";25;44;16;23;4;moderate
DEBB021;"'2016-02-17 16:00'";25;40;19;24;3;moderate
DEBB021;"'2016-02-17 17:00'";23;35;20;22;3;moderate
DEBB021;"'2016-02-17 18:00'";21;34;20;20;3;moderate
DEBB021;"'2016-02-17 19:00'";21;31;21;21;3;moderate
DEBB021;"'2016-02-17 20:00'";21;29;20;21;3;moderate
DEBB021;"'2016-02-17 21:00'";22;27;19;21;3;moderate
DEBB021;"'2016-02-17 22:00'";22;22;21;21;3;moderate
DEBB021;"'2016-02-17 23:00'";21;19;21;21;3;moderate
DEBB021;"'2016-02-17 24:00'";22;19;17;21;3;moderate
DEBB021;"'2016-02-18 01:00'";22;19;14;22;3;moderate
DEBB021;"'2016-02-18 02:00'";25;16;17;25;4;moderate
DEBB021;"'2016-02-18 03:00'";29;15;18;29;4;moderate
DEBB021;"'2016-02-18 04:00'";33;13;21;33;3;poor
DEBB021;"'2016-02-18 05:00'";35;15;19;35;3;poor
DEBB021;"'2016-02-18 06:00'";35;13;21;34;3;poor
DEBB021;"'2016-02-18 07:00'";34;11;26;34;3;poor
DEBB021;"'2016-02-18 08:00'";36;5;37;35;3;poor
DEBB021;"'2016-02-18 09:00'";38;9;31;35;4;poor
DEBB021;"'2016-02-18 10:00'";35;10;28;34;4;poor
DEBB021;"'2016-02-18 11:00'";34;8;31;33;4;poor
DEBB021;"'2016-02-18 12:00'";31;12;24;30;4;moderate
DEBB021;"'2016-02-18 13:00'";28;16;19;27;5;moderate
DEBB021;"'2016-02-18 14:00'";24;22;20;22;5;moderate
DEBB021;"'2016-02-18 15:00'";21;26;21;19;6;moderate
DEBB021;"'2016-02-18 16:00'";21;27;22;19;4;moderate
DEBB021;"'2016-02-18 17:00'";23;20;30;20;4;moderate
DEBB021;"'2016-02-18 18:00'";29;9;44;24;4;moderate
DEBB021;"'2016-02-18 19:00'";26;3;50;22;4;moderate
DEBB021;"'2016-02-18 20:00'";29;2;52;25;4;moderate
DEBB021;"'2016-02-18 21:00'";29;2;55;25;4;moderate
DEBB021;"'2016-02-18 22:00'";32;2;54;28;4;moderate
DEBB021;"'2016-02-18 23:00'";31;2;53;28;4;moderate
DEBB021;"'2016-02-18 24:00'";25;2;44;23;4;moderate
DEBB021;"'2016-02-19 01:00'";22;2;40;21;3;moderate
DEBB021;"'2016-02-19 02:00'";24;2;45;23;3;moderate
DEBB021;"'2016-02-19 03:00'";23;2;43;21;3;moderate
DEBB021;"'2016-02-19 04:00'";23;2;44;22;3;moderate
DEBB021;"'2016-02-19 05:00'";24;2;44;23;3;moderate
DEBB021;"'2016-02-19 06:00'";26;2;42;25;4;moderate
DEBB021;"'2016-02-19 07:00'";27;2;44;26;4;moderate
DEBB021;"'2016-02-19 08:00'";29;2;47;27;4;moderate
DEBB021;"'2016-02-19 09:00'";32;2;46;29;4;moderate
DEBB021;"'2016-02-19 10:00'";34;7;38;30;4;moderate
DEBB021;"'2016-02-19 11:00'";35;13;29;31;4;poor
DEBB021;"'2016-02-19 12:00'";28;31;16;26;4;moderate
DEBB021;"'2016-02-19 13:00'";24;42;15;22;4;moderate
DEBB021;"'2016-02-19 14:00'";23;47;15;21;4;moderate
DEBB021;"'2016-02-19 15:00'";21;53;13;19;4;moderate
DEBB021;"'2016-02-19 16:00'";20;54;15;19;4;moderate
DEBB021;"'2016-02-19 17:00'";28;40;24;26;5;moderate
DEBB021;"'2016-02-19 18:00'";34;33;22;32;7;poor
DEBB021;"'2016-02-19 19:00'";38;29;25;35;6;poor
DEBB021;"'2016-02-19 20:00'";34;29;27;32;5;poor
DEBB021;"'2016-02-19 21:00'";34;21;33;32;5;poor
DEBB021;"'2016-02-19 22:00'";37;16;34;34;6;poor
DEBB021;"'2016-02-19 23:00'";39;13;35;37;5;poor
DEBB021;"'2016-02-19 24:00'";42;11;37;40;5;poor
DEBB021;"'2016-02-20 01:00'";43;9;37;41;6;poor
DEBB021;"'2016-02-20 02:00'";43;10;32;40;6;poor
DEBB021;"'2016-02-20 03:00'";41;11;29;39;5;poor
DEBB021;"'2016-02-20 04:00'";40;13;25;38;4;poor
DEBB021;"'2016-02-20 05:00'";40;16;23;39;4;poor
DEBB021;"'2016-02-20 06:00'";39;16;22;38;4;poor
DEBB021;"'2016-02-20 07:00'";36;16;24;36;4;poor
DEBB021;"'2016-02-20 08:00'";31;23;21;31;4;poor
DEBB021;"'2016-02-20 09:00'";26;32;15;25;4;moderate
DEBB021;"'2016-02-20 10:00'";22;38;14;21;4;moderate
DEBB021;"'2016-02-20 11:00'";18;46;12;17;4;moderate
DEBB021;"'2016-02-20 12:00'";16;46;14;16;3;moderate
DEBB021;"'2016-02-20 13:00'";12;49;13;12;3;good
DEBB021;"'2016-02-20 14:00'";8;48;14;8;3;good
DEBB021;"'2016-02-20 15:00'";4;48;14;4;3;good
DEBB021;"'2016-02-20 16:00'";3;49;12;3;3;good
DEBB021;"'2016-02-20 17:00'";2;47;11;2;3;good
DEBB021;"'2016-02-20 18:00'";3;45;12;3;3;good
DEBB021;"'2016-02-20 19:00'";3;44;11;3;3;good
DEBB021;"'2016-02-20 20:00'";4;42;12;4;3;good
DEBB021;"'2016-02-20 21:00'";5;40;11;5;3;good
DEBB021;"'2016-02-20 22:00'";7;39;11;7;3;good
DEBB021;"'2016-02-20 23:00'";8;41;10;8;3;good
DEBB021;"'2016-02-20 24:00'";7;40;10;7;3;good
DEBB021;"'2016-02-21 01:00'";8;38;9;8;3;good
DEBB021;"'2016-02-21 02:00'";10;39;9;9;3;good
DEBB021;"'2016-02-21 03:00'";7;47;7;7;3;good
DEBB021;"'2016-02-21 04:00'";4;49;6;4;3;good
DEBB021;"'2016-02-21 05:00'";3;48;6;3;3;good
DEBB021;"'2016-02-21 06:00'";6;53;6;6;3;good
DEBB021;"'2016-02-21 07:00'";6;58;4;6;3;good
DEBB021;"'2016-02-21 08:00'";5;57;6;5;3;good
DEBB021;"'2016-02-21 09:00'";5;59;6;5;3;good
DEBB021;"'2016-02-21 10:00'";5;59;5;5;3;good
DEBB021;"'2016-02-21 11:00'";9;58;6;8;3;good
DEBB021;"'2016-02-21 12:00'";8;59;8;7;3;good
DEBB021;"'2016-02-21 13:00'";6;57;9;6;3;good
DEBB021;"'2016-02-21 14:00'";5;55;12;5;3;good
DEBB021;"'2016-02-21 15:00'";4;51;14;3;3;good
DEBB021;"'2016-02-21 16:00'";3;50;14;3;3;good
DEBB021;"'2016-02-21 17:00'";2;47;16;2;3;good
DEBB021;"'2016-02-21 18:00'";3;45;14;3;3;good
DEBB021;"'2016-02-21 19:00'";3;50;10;2;3;good
DEBB021;"'2016-02-21 20:00'";3;49;9;2;3;good
DEBB021;"'2016-02-21 21:00'";3;48;8;3;3;good
DEBB021;"'2016-02-21 22:00'";4;46;7;4;3;good
DEBB021;"'2016-02-21 23:00'";5;48;6;5;3;good
DEBB021;"'2016-02-21 24:00'";5;48;5;5;3;good
DEBB021;"'2016-02-22 01:00'";3;49;4;3;3;good
DEBB021;"'2016-02-22 02:00'";4;47;2;4;3;good
DEBB021;"'2016-02-22 03:00'";3;47;2;3;3;good
DEBB021;"'2016-02-22 04:00'";2;48;2;1;3;good
DEBB021;"'2016-02-22 05:00'";0.9;52;3;1;3;good
DEBB021;"'2016-02-22 06:00'";0.9;52;5;1;3;good
DEBB021;"'2016-02-22 07:00'";1;51;9;1;3;good
DEBB021;"'2016-02-22 08:00'";0.9;49;11;1;3;good
DEBB021;"'2016-02-22 09:00'";0.9;51;14;1;3;good
DEBB021;"'2016-02-22 10:00'";0.9;56;12;1;3;good
DEBB021;"'2016-02-22 11:00'";0.9;62;12;1;3;good
DEBB021;"'2016-02-22 12:00'";0.9;68;8;1;3;good
DEBB021;"'2016-02-22 13:00'";2;67;9;1;2;good
DEBB021;"'2016-02-22 14:00'";2;66;12;1;3;good
DEBB021;"'2016-02-22 15:00'";2;64;13;1;3;good
DEBB021;"'2016-02-22 16:00'";2;66;12;2;3;good
DEBB021;"'2016-02-22 17:00'";3;60;16;2;3;good
DEBB021;"'2016-02-22 18:00'";3;56;23;2;3;good
DEBB021;"'2016-02-22 19:00'";4;54;24;4;3;good
DEBB021;"'2016-02-22 20:00'";2;65;13;2;3;good
DEBB021;"'2016-02-22 21:00'";5;60;15;5;3;good
DEBB021;"'2016-02-22 22:00'";6;55;14;5;3;good
DEBB021;"'2016-02-22 23:00'";5;56;12;5;3;good
DEBB021;"'2016-02-22 24:00'";4;58;10;4;3;good
DEBB021;"'2016-02-23 01:00'";7;55;8;7;3;good
DEBB021;"'2016-02-23 02:00'";9;54;8;8;3;good
DEBB021;"'2016-02-23 03:00'";10;53;7;9;3;good
DEBB021;"'2016-02-23 04:00'";10;53;7;9;3;good
DEBB021;"'2016-02-23 05:00'";10;52;8;9;3;good
DEBB021;"'2016-02-23 06:00'";12;47;11;10;3;good
DEBB021;"'2016-02-23 07:00'";14;41;19;12;3;good
DEBB021;"'2016-02-23 08:00'";16;36;24;14;3;good
DEBB021;"'2016-02-23 09:00'";18;34;26;16;3;moderate
DEBB021;"'2016-02-23 10:00'";19;37;21;17;3;moderate
DEBB021;"'2016-02-23 11:00'";18;47;13;15;3;good
DEBB021;"'2016-02-23 12:00'";14;54;12;11;3;good
DEBB021;"'2016-02-23 13:00'";10;60;10;8;3;good
DEBB021;"'2016-02-23 14:00'";8;60;10;6;3;good
DEBB021;"'2016-02-23 15:00'";8;61;9;6;3;good
DEBB021;"'2016-02-23 16:00'";7;62;10;5;3;good
DEBB021;"'2016-02-23 17:00'";9;59;12;5;3;good
DEBB021;"'2016-02-23 18:00'";9;45;26;5;3;good
DEBB021;"'2016-02-23 19:00'";5;55;15;4;3;good
DEBB021;"'2016-02-23 20:00'";6;52;16;6;3;good
DEBB021;"'2016-02-23 21:00'";8;43;21;8;3;good
DEBB021;"'2016-02-23 22:00'";4;49;14;4;3;good
DEBB021;"'2016-02-23 23:00'";4;53;9;4;3;good
DEBB021;"'2016-02-23 24:00'";6;51;9;6;3;good
DEBB021;"'2016-02-24 01:00'";8;47;11;8;3;good
DEBB021;"'2016-02-24 02:00'";9;49;9;9;3;good
DEBB021;"'2016-02-24 03:00'";9;53;6;8;3;good
DEBB021;"'2016-02-24 04:00'";7;58;5;6;3;good
DEBB021;"'2016-02-24 05:00'";8;56;6;7;3;good
DEBB021;"'2016-02-24 06:00'";9;52;9;8;3;good
DEBB021;"'2016-02-24 07:00'";10;47;16;9;3;good
DEBB021;"'2016-02-24 08:00'";10;48;15;8;3;good
DEBB021;"'2016-02-24 09:00'";9;49;15;7;3;good
DEBB021;"'2016-02-24 10:00'";9;54;11;7;3;good
DEBB021;"'2016-02-24 11:00'";10;55;11;7;3;good
DEBB021;"'2016-02-24 12:00'";8;62;10;6;3;good
DEBB021;"'2016-02-24 13:00'";7;68;7;4;3;good
DEBB021;"'2016-02-24 14:00'";5;68;7;3;3;good
DEBB021;"'2016-02-24 15:00'";5;67;9;3;3;good
DEBB021;"'2016-02-24 16:00'";5;66;11;3;3;good
DEBB021;"'2016-02-24 17:00'";5;59;17;3;3;good
DEBB021;"'2016-02-24 18:00'";5;59;16;4;3;good
DEBB021;"'2016-02-24 19:00'";7;48;25;5;3;good
DEBB021;"'2016-02-24 20:00'";8;41;32;6;3;moderate
DEBB021;"'2016-02-24 21:00'";10;37;30;8;3;good
DEBB021;"'2016-02-24 22:00'";10;38;27;8;3;good
DEBB021;"'2016-02-24 23:00'";9;36;25;7;3;good
DEBB021;"'2016-02-24 24:00'";7;38;19;6;3;good
DEBB021;"'2016-02-25 01:00'";9;36;17;7;3;good
DEBB021;"'2016-02-25 02:00'";9;37;17;7;3;good
DEBB021;"'2016-02-25 03:00'";9;36;14;7;3;good
DEBB021;"'2016-02-25 04:00'";8;34;15;7;3;good
DEBB021;"'2016-02-25 05:00'";9;28;19;8;3;good
DEBB021;"'2016-02-25 06:00'";13;24;23;11;3;good
DEBB021;"'2016-02-25 07:00'";16;17;30;14;3;good
DEBB021;"'2016-02-25 08:00'";16;17;35;16;3;moderate
DEBB021;"'2016-02-25 09:00'";14;31;33;13;3;moderate
DEBB021;"'2016-02-25 10:00'";19;25;32;17;3;moderate
DEBB021;"'2016-02-25 11:00'";25;28;23;22;4;moderate
DEBB021;"'2016-02-25 12:00'";22;44;17;20;4;moderate
DEBB021;"'2016-02-25 13:00'";14;55;14;13;3;good
DEBB021;"'2016-02-25 14:00'";9;63;12;7;3;good
DEBB021;"'2016-02-25 15:00'";6;61;16;6;3;good
DEBB021;"'2016-02-25 16:00'";6;59;17;5;3;good
DEBB021;"'2016-02-25 17:00'";7;56;20;6;3;good
DEBB021;"'2016-02-25 18:00'";9;48;25;8;3;good
DEBB021;"'2016-02-25 19:00'";11;38;33;11;3;moderate
DEBB021;"'2016-02-25 20:00'";12;37;29;11;3;good
DEBB021;"'2016-02-25 21:00'";14;41;22;13;3;good
DEBB021;"'2016-02-25 22:00'";15;43;19;14;3;good
DEBB021;"'2016-02-25 23:00'";15;45;16;14;3;good
DEBB021;"'2016-02-25 24:00'";16;47;12;16;3;moderate
DEBB021;"'2016-02-26 01:00'";18;46;13;17;3;moderate
DEBB021;"'2016-02-26 02:00'";19;43;15;18;3;moderate
DEBB021;"'2016-02-26 03:00'";17;46;13;16;3;moderate
DEBB021;"'2016-02-26 04:00'";15;46;13;15;3;good
DEBB021;"'2016-02-26 05:00'";16;45;14;15;3;good
DEBB021;"'2016-02-26 06:00'";16;44;15;15;3;good
DEBB021;"'2016-02-26 07:00'";18;37;23;17;3;moderate
DEBB021;"'2016-02-26 08:00'";21;38;22;20;3;moderate
DEBB021;"'2016-02-26 09:00'";21;38;25;19;3;moderate
DEBB021;"'2016-02-26 10:00'";21;45;19;18;3;moderate
DEBB021;"'2016-02-26 11:00'";19;48;17;17;3;moderate
DEBB021;"'2016-02-26 12:00'";19;49;18;17;3;moderate
DEBB021;"'2016-02-26 13:00'";16;55;15;13;3;good
DEBB021;"'2016-02-26 14:00'";15;56;16;12;3;good
DEBB021;"'2016-02-26 15:00'";12;61;13;9;3;good
DEBB021;"'2016-02-26 16:00'";7;67;11;5;3;good
DEBB021;"'2016-02-26 17:00'";9;60;18;6;3;good
DEBB021;"'2016-02-26 18:00'";9;55;22;7;3;good
DEBB021;"'2016-02-26 19:00'";15;35;41;9;3;moderate
DEBB021;"'2016-02-26 20:00'";15;14;58;11;3;moderate
DEBB021;"'2016-02-26 21:00'";17;2;68;14;3;poor
DEBB021;"'2016-02-26 22:00'";21;2;67;17;3;poor
DEBB021;"'2016-02-26 23:00'";21;2;63;19;3;poor
DEBB021;"'2016-02-26 24:00'";20;2;60;19;3;moderate
DEBB021;"'2016-02-27 01:00'";21;2;68;20;3;poor
DEBB021;"'2016-02-27 02:00'";22;2;60;21;3;moderate
DEBB021;"'2016-02-27 03:00'";20;2;59;19;3;moderate
DEBB021;"'2016-02-27 04:00'";17;2;55;16;3;moderate
DEBB021;"'2016-02-27 05:00'";17;2;54;16;3;moderate
DEBB021;"'2016-02-27 06:00'";19;2;56;18;3;moderate
DEBB021;"'2016-02-27 07:00'";22;2;54;21;3;moderate
DEBB021;"'2016-02-27 08:00'";24;4;50;23;3;moderate
DEBB021;"'2016-02-27 09:00'";24;12;43;23;3;moderate
DEBB021;"'2016-02-27 10:00'";24;24;37;22;4;moderate
DEBB021;"'2016-02-27 11:00'";27;44;23;25;5;moderate
DEBB021;"'2016-02-27 12:00'";27;50;18;25;6;moderate
DEBB021;"'2016-02-27 13:00'";25;48;20;22;8;moderate
DEBB021;"'2016-02-27 14:00'";21;54;19;19;9;moderate
DEBB021;"'2016-02-27 15:00'";21;66;11;19;7;moderate
DEBB021;"'2016-02-27 16:00'";22;68;10;20;5;moderate
DEBB021;"'2016-02-27 17:00'";20;64;11;19;5;moderate
DEBB021;"'2016-02-27 18:00'";21;59;15;19;5;moderate
DEBB021;"'2016-02-27 19:00'";19;56;19;17;5;moderate
DEBB021;"'2016-02-27 20:00'";21;49;24;19;4;moderate
DEBB021;"'2016-02-27 21:00'";23;43;30;22;5;moderate
DEBB021;"'2016-02-27 22:00'";26;45;26;24;6;moderate
DEBB021;"'2016-02-27 23:00'";30;38;29;28;6;moderate
DEBB021;"'2016-02-27 24:00'";31;38;26;29;7;moderate
DEBB021;"'2016-02-28 01:00'";32;34;27;31;7;poor
DEBB021;"'2016-02-28 02:00'";33;34;25;31;7;poor
DEBB021;"'2016-02-28 03:00'";33;37;19;32;6;poor
DEBB021;"'2016-02-28 04:00'";32;32;20;31;5;poor
DEBB021;"'2016-02-28 05:00'";34;30;20;33;4;poor
DEBB021;"'2016-02-28 06:00'";35;28;19;34;4;poor
DEBB021;"'2016-02-28 07:00'";35;25;19;35;4;poor
DEBB021;"'2016-02-28 08:00'";35;23;19;35;4;poor
DEBB021;"'2016-02-28 09:00'";37;22;18;36;4;poor
DEBB021;"'2016-02-28 10:00'";41;24;18;40;6;poor
DEBB021;"'2016-02-28 11:00'";45;32;18;44;7;poor
DEBB021;"'2016-02-28 12:00'";46;44;17;44;7;poor
DEBB021;"'2016-02-28 13:00'";46;52;15;43;7;poor
DEBB021;"'2016-02-28 14:00'";44;59;15;42;7;poor
DEBB021;"'2016-02-28 15:00'";42;66;14;40;8;poor
DEBB021;"'2016-02-28 16:00'";42;69;14;39;7;poor
DEBB021;"'2016-02-28 17:00'";39;70;16;37;6;poor
DEBB021;"'2016-02-28 18:00'";45;60;18;42;6;poor
DEBB021;"'2016-02-28 19:00'";49;50;24;47;6;poor
DEBB021;"'2016-02-28 20:00'";50;45;27;48;6;poor
DEBB021;"'2016-02-28 21:00'";49;41;30;47;6;poor
DEBB021;"'2016-02-28 22:00'";47;40;30;45;6;poor
DEBB021;"'2016-02-28 23:00'";43;42;24;42;5;poor
DEBB021;"'2016-02-28 24:00'";40;44;19;39;5;poor
DEBB021;"'2016-02-29 01:00'";41;42;19;39;5;poor
DEBB021;"'2016-02-29 02:00'";40;41;18;39;5;poor
DEBB021;"'2016-02-29 03:00'";40;40;18;38;5;poor
DEBB021;"'2016-02-29 04:00'";36;40;17;35;4;poor
DEBB021;"'2016-02-29 05:00'";34;40;18;33;5;poor
DEBB021;"'2016-02-29 06:00'";32;38;22;31;5;poor
DEBB021;"'2016-02-29 07:00'";31;31;28;29;5;moderate
DEBB021;"'2016-02-29 08:00'";30;23;39;28;5;moderate
DEBB021;"'2016-02-29 09:00'";30;24;42;27;6;moderate
DEBB021;"'2016-02-29 10:00'";31;28;38;27;5;moderate
DEBB021;"'2016-02-29 11:00'";30;36;28;27;5;moderate
DEBB021;"'2016-02-29 12:00'";26;44;25;22;4;moderate
DEBB021;"'2016-02-29 13:00'";25;53;18;22;4;moderate
DEBB021;"'2016-02-29 14:00'";25;58;15;23;4;moderate
DEBB021;"'2016-02-29 15:00'";26;59;15;23;4;moderate
DEBB021;"'2016-02-29 16:00'";26;54;20;23;5;moderate
DEBB021;"'2016-02-29 17:00'";26;50;23;23;5;moderate
DEBB021;"'2016-02-29 18:00'";26;50;24;24;4;moderate
DEBB021;"'2016-02-29 19:00'";25;52;20;24;4;moderate
DEBB021;"'2016-02-29 20:00'";23;51;20;21;5;moderate
DEBB021;"'2016-02-29 21:00'";22;51;18;21;4;moderate
DEBB021;"'2016-02-29 22:00'";23;54;13;22;4;moderate
DEBB021;"'2016-02-29 23:00'";20;53;12;19;4;moderate
DEBB021;"'2016-02-29 24:00'";19;52;11;18;4;moderate
DEBB021;"'2016-03-01 01:00'";19;48;14;18;1;moderate
DEBB021;"'2016-03-01 02:00'";18;50;10;17;1;moderate
DEBB021;"'2016-03-01 03:00'";18;49;9;17;1;moderate
DEBB021;"'2016-03-01 04:00'";18;49;9;18;1;moderate
DEBB021;"'2016-03-01 05:00'";19;48;9;19;1;moderate
DEBB021;"'2016-03-01 06:00'";19;49;9;18;1;moderate
DEBB021;"'2016-03-01 07:00'";19;47;12;18;1;moderate
DEBB021;"'2016-03-01 08:00'";20;39;21;18;1;moderate
DEBB021;"'2016-03-01 09:00'";22;35;26;19;1;moderate
DEBB021;"'2016-03-01 10:00'";23;38;22;20;1;moderate
DEBB021;"'2016-03-01 11:00'";25;37;24;22;1;moderate
DEBB021;"'2016-03-01 12:00'";24;47;15;21;1;moderate
DEBB021;"'2016-03-01 13:00'";24;55;11;22;1;moderate
DEBB021;"'2016-03-01 14:00'";24;58;10;22;1;moderate
DEBB021;"'2016-03-01 15:00'";26;61;10;25;1;moderate
DEBB021;"'2016-03-01 16:00'";28;60;13;25;1;moderate
DEBB021;"'2016-03-01 17:00'";27;56;17;25;1;moderate
DEBB021;"'2016-03-01 18:00'";29;49;24;26;1;moderate
DEBB021;"'2016-03-01 19:00'";32;33;40;27;1;moderate
DEBB021;"'2016-03-01 20:00'";27;37;29;26;1;moderate
DEBB021;"'2016-03-01 21:00'";31;40;22;30;1;moderate
DEBB021;"'2016-03-01 22:00'";33;41;19;32;1;poor
DEBB021;"'2016-03-01 23:00'";35;42;17;34;1;poor
DEBB021;"'2016-03-01 24:00'";34;41;16;33;1;poor
DEBB021;"'2016-03-02 01:00'";34;37;18;33;1;poor
DEBB021;"'2016-03-02 02:00'";33;39;16;32;1;poor
DEBB021;"'2016-03-02 03:00'";33;41;14;32;1;poor
DEBB021;"'2016-03-02 04:00'";33;41;13;33;1;poor
DEBB021;"'2016-03-02 05:00'";33;41;12;32;1;poor
DEBB021;"'2016-03-02 06:00'";29;39;14;29;1;moderate
DEBB021;"'2016-03-02 07:00'";25;35;17;24;1;moderate
DEBB021;"'2016-03-02 08:00'";23;36;19;21;1;moderate
DEBB021;"'2016-03-02 09:00'";19;35;20;18;1;moderate
DEBB021;"'2016-03-02 10:00'";14;36;19;14;1;good
DEBB021;"'2016-03-02 11:00'";11;34;22;10;1;good
DEBB021;"'2016-03-02 12:00'";7;39;19;6;1;good
DEBB021;"'2016-03-02 13:00'";7;44;14;6;1;good
DEBB021;"'2016-03-02 14:00'";8;50;13;6;1;good
DEBB021;"'2016-03-02 15:00'";9;44;17;7;1;good
DEBB021;"'2016-03-02 16:00'";9;36;17;7;1;good
DEBB021;"'2016-03-02 17:00'";6;42;16;5;1;good
DEBB021;"'2016-03-02 18:00'";3;61;14;2;1;good
DEBB021;"'2016-03-02 19:00'";5;55;19;4;1;good
DEBB021;"'2016-03-02 20:00'";6;47;26;5;1;good
DEBB021;"'2016-03-02 21:00'";13;45;21;13;1;good
DEBB021;"'2016-03-02 22:00'";11;35;27;10;1;good
DEBB021;"'2016-03-02 23:00'";10;40;19;10;1;good
DEBB021;"'2016-03-02 24:00'";9;41;17;9;1;good
DEBB021;"'2016-03-03 01:00'";13;30;24;12;1;good
DEBB021;"'2016-03-03 02:00'";12;27;24;12;1;good
DEBB021;"'2016-03-03 03:00'";12;27;20;11;1;good
DEBB021;"'2016-03-03 04:00'";13;25;22;13;1;good
DEBB021;"'2016-03-03 05:00'";14;18;27;13;1;good
DEBB021;"'2016-03-03 06:00'";13;16;28;13;1;good
DEBB021;"'2016-03-03 07:00'";13;6;41;13;1;moderate
DEBB021;"'2016-03-03 08:00'";15;2;60;14;1;moderate
DEBB021;"'2016-03-03 09:00'";17;5;54;15;1;moderate
DEBB021;"'2016-03-03 10:00'";19;7;45;17;1;moderate
DEBB021;"'2016-03-03 11:00'";19;11;38;17;1;moderate
DEBB021;"'2016-03-03 12:00'";23;23;31;18;1;moderate
DEBB021;"'2016-03-03 13:00'";16;43;17;14;1;good
DEBB021;"'2016-03-03 14:00'";12;52;13;10;1;good
DEBB021;"'2016-03-03 15:00'";13;52;15;11;1;good
DEBB021;"'2016-03-03 16:00'";16;50;21;12;1;good
DEBB021;"'2016-03-03 17:00'";16;45;25;13;1;good
DEBB021;"'2016-03-03 18:00'";18;39;30;14;1;good
DEBB021;"'2016-03-03 19:00'";21;24;47;16;1;moderate
DEBB021;"'2016-03-03 20:00'";21;14;56;17;1;moderate
DEBB021;"'2016-03-03 21:00'";19;15;47;17;1;moderate
DEBB021;"'2016-03-03 22:00'";21;7;56;18;1;moderate
DEBB021;"'2016-03-03 23:00'";19;12;50;18;1;moderate
DEBB021;"'2016-03-03 24:00'";17;20;40;16;1;moderate
DEBB021;"'2016-03-04 01:00'";15;29;26;14;1;good
DEBB021;"'2016-03-04 02:00'";15;31;22;14;1;good
DEBB021;"'2016-03-04 03:00'";16;28;21;15;1;good
DEBB021;"'2016-03-04 04:00'";16;23;23;15;1;good
DEBB021;"'2016-03-04 05:00'";15;21;23;15;1;good
DEBB021;"'2016-03-04 06:00'";17;10;37;16;1;moderate
DEBB021;"'2016-03-04 07:00'";21;2;51;18;1;moderate
DEBB021;"'2016-03-04 08:00'";24;2;69;20;1;poor
DEBB021;"'2016-03-04 09:00'";31;2;75;23;1;poor
DEBB021;"'2016-03-04 10:00'";34;7;62;24;1;poor
DEBB021;"'2016-03-04 11:00'";25;32;31;21;1;moderate
DEBB021;"'2016-03-04 12:00'";21;48;14;19;1;moderate
DEBB021;"'2016-03-04 13:00'";20;54;12;17;1;moderate
DEBB021;"'2016-03-04 14:00'";17;61;10;15;1;good
DEBB021;"'2016-03-04 15:00'";15;62;11;12;1;good
DEBB021;"'2016-03-04 16:00'";14;62;11;11;1;good
DEBB021;"'2016-03-04 17:00'";13;62;14;9;1;good
DEBB021;"'2016-03-04 18:00'";15;50;25;12;1;good
DEBB021;"'2016-03-04 19:00'";13;47;27;10;1;good
DEBB021;"'2016-03-04 20:00'";13;45;28;11;4;good
DEBB021;"'2016-03-04 21:00'";13;45;26;12;5;good
DEBB021;"'2016-03-04 22:00'";15;44;24;13;6;good
DEBB021;"'2016-03-04 23:00'";16;43;21;14;4;good
DEBB021;"'2016-03-04 24:00'";18;45;17;16;4;moderate
DEBB021;"'2016-03-05 01:00'";21;45;16;19;3;moderate
DEBB021;"'2016-03-05 02:00'";23;43;17;22;5;moderate
DEBB021;"'2016-03-05 03:00'";25;44;14;24;5;moderate
DEBB021;"'2016-03-05 04:00'";25;45;15;24;4;moderate
DEBB021;"'2016-03-05 05:00'";26;43;13;26;4;moderate
DEBB021;"'2016-03-05 06:00'";30;40;13;29;4;moderate
DEBB021;"'2016-03-05 07:00'";31;37;15;30;3;moderate
DEBB021;"'2016-03-05 08:00'";32;35;18;31;3;poor
DEBB021;"'2016-03-05 09:00'";33;39;15;31;3;poor
DEBB021;"'2016-03-05 10:00'";34;39;17;32;3;poor
DEBB021;"'2016-03-05 11:00'";36;41;14;33;3;poor
DEBB021;"'2016-03-05 12:00'";35;42;13;33;3;poor
DEBB021;"'2016-03-05 13:00'";37;40;17;32;3;poor
DEBB021;"'2016-03-05 14:00'";37;38;20;34;4;poor
DEBB021;"'2016-03-05 15:00'";39;40;17;37;6;poor
DEBB021;"'2016-03-05 16:00'";43;36;22;41;7;poor
DEBB021;"'2016-03-05 17:00'";46;36;25;43;6;poor
DEBB021;"'2016-03-05 18:00'";49;41;21;47;4;poor
DEBB021;"'2016-03-05 19:00'";53;39;22;51;3;"very poor"
DEBB021;"'2016-03-05 20:00'";58;37;21;56;3;"very poor"
DEBB021;"'2016-03-05 21:00'";62;34;21;58;1;"very poor"
DEBB021;"'2016-03-05 22:00'";63;27;24;61;1;"very poor"
DEBB021;"'2016-03-05 23:00'";63;23;24;61;1;"very poor"
DEBB021;"'2016-03-05 24:00'";63;21;23;61;1;"very poor"
DEBB021;"'2016-03-06 01:00'";63;20;21;61;1;"very poor"
DEBB021;"'2016-03-06 02:00'";64;15;23;62;1;"very poor"
DEBB021;"'2016-03-06 03:00'";64;13;24;61;1;"very poor"
DEBB021;"'2016-03-06 04:00'";64;12;24;62;1;"very poor"
DEBB021;"'2016-03-06 05:00'";62;6;31;60;1;"very poor"
DEBB021;"'2016-03-06 06:00'";61;8;26;60;1;"very poor"
DEBB021;"'2016-03-06 07:00'";58;8;26;57;1;"very poor"
DEBB021;"'2016-03-06 08:00'";54;8;23;53;1;"very poor"
DEBB021;"'2016-03-06 09:00'";45;11;16;45;1;poor
DEBB021;"'2016-03-06 10:00'";40;20;12;40;1;poor
DEBB021;"'2016-03-06 11:00'";36;28;11;36;1;poor
DEBB021;"'2016-03-06 12:00'";28;24;12;27;1;moderate
DEBB021;"'2016-03-06 13:00'";14;18;16;14;1;good
DEBB021;"'2016-03-06 14:00'";14;26;13;14;1;good
DEBB021;"'2016-03-06 15:00'";19;34;11;19;1;moderate
DEBB021;"'2016-03-06 16:00'";22;38;11;22;1;moderate
DEBB021;"'2016-03-06 17:00'";22;42;12;21;1;moderate
DEBB021;"'2016-03-06 18:00'";21;34;17;20;1;moderate
DEBB021;"'2016-03-06 19:00'";23;28;21;22;1;moderate
DEBB021;"'2016-03-06 20:00'";24;23;25;23;1;moderate
DEBB021;"'2016-03-06 21:00'";25;22;26;25;1;moderate
DEBB021;"'2016-03-06 22:00'";25;27;22;25;1;moderate
DEBB021;"'2016-03-06 23:00'";26;29;17;26;1;moderate
DEBB021;"'2016-03-06 24:00'";26;28;15;26;1;moderate
DEBB021;"'2016-03-07 01:00'";27;21;22;26;1;moderate
DEBB021;"'2016-03-07 02:00'";26;13;29;26;1;moderate
DEBB021;"'2016-03-07 03:00'";26;16;24;25;1;moderate
DEBB021;"'2016-03-07 04:00'";26;12;28;26;1;moderate
DEBB021;"'2016-03-07 05:00'";23;23;18;23;1;moderate
DEBB021;"'2016-03-07 06:00'";21;35;15;21;1;moderate
DEBB021;"'2016-03-07 07:00'";23;25;28;22;1;moderate
DEBB021;"'2016-03-07 08:00'";26;17;36;25;1;moderate
DEBB021;"'2016-03-07 09:00'";28;19;35;26;1;moderate
DEBB021;"'2016-03-07 10:00'";31;31;29;30;1;moderate
DEBB021;"'2016-03-07 11:00'";29;47;19;26;1;moderate
DEBB021;"'2016-03-07 12:00'";23;57;13;21;1;moderate
DEBB021;"'2016-03-07 13:00'";20;62;8;18;1;moderate
DEBB021;"'2016-03-07 14:00'";21;60;11;20;1;moderate
DEBB021;"'2016-03-07 15:00'";20;60;11;18;1;moderate
DEBB021;"'2016-03-07 16:00'";21;55;19;19;1;moderate
DEBB021;"'2016-03-07 17:00'";21;56;19;19;1;moderate
DEBB021;"'2016-03-07 18:00'";21;53;17;19;1;moderate
DEBB021;"'2016-03-07 19:00'";27;16;59;22;1;moderate
DEBB021;"'2016-03-07 20:00'";28;2;73;22;1;poor
DEBB021;"'2016-03-07 21:00'";36;2;69;29;1;poor
DEBB021;"'2016-03-07 22:00'";29;2;54;25;1;moderate
DEBB021;"'2016-03-07 23:00'";30;2;49;27;1;moderate
DEBB021;"'2016-03-07 24:00'";29;2;43;27;1;moderate
DEBB021;"'2016-03-08 01:00'";30;2;35;28;1;moderate
DEBB021;"'2016-03-08 02:00'";34;2;34;32;1;poor
DEBB021;"'2016-03-08 03:00'";30;2;33;28;1;moderate
DEBB021;"'2016-03-08 04:00'";29;2;33;28;1;moderate
DEBB021;"'2016-03-08 05:00'";28;2;37;27;1;moderate
DEBB021;"'2016-03-08 06:00'";35;2;39;30;1;moderate
DEBB021;"'2016-03-08 07:00'";31;2;42;29;1;moderate
DEBB021;"'2016-03-08 08:00'";46;2;47;35;1;poor
DEBB021;"'2016-03-08 09:00'";41;4;56;35;1;poor
DEBB021;"'2016-03-08 10:00'";43;7;49;35;1;poor
DEBB021;"'2016-03-08 11:00'";42;31;35;36;1;poor
DEBB021;"'2016-03-08 12:00'";40;34;34;36;1;poor
DEBB021;"'2016-03-08 13:00'";33;59;13;31;1;poor
DEBB021;"'2016-03-08 14:00'";34;62;12;32;1;poor
DEBB021;"'2016-03-08 15:00'";31;64;13;29;1;moderate
DEBB021;"'2016-03-08 16:00'";34;67;13;32;1;poor
DEBB021;"'2016-03-08 17:00'";36;58;21;34;1;poor
DEBB021;"'2016-03-08 18:00'";39;48;31;34;1;poor
DEBB021;"'2016-03-08 19:00'";40;31;44;35;1;poor
DEBB021;"'2016-03-08 20:00'";41;19;55;36;1;poor
DEBB021;"'2016-03-08 21:00'";41;16;55;38;1;poor
DEBB021;"'2016-03-08 22:00'";43;17;50;40;1;poor
DEBB021;"'2016-03-08 23:00'";42;16;47;40;1;poor
DEBB021;"'2016-03-08 24:00'";41;19;42;40;1;poor
DEBB021;"'2016-03-09 01:00'";43;7;52;41;1;poor
DEBB021;"'2016-03-09 02:00'";44;2;53;43;1;poor
DEBB021;"'2016-03-09 03:00'";44;2;49;42;1;poor
DEBB021;"'2016-03-09 04:00'";42;2;44;41;1;poor
DEBB021;"'2016-03-09 05:00'";42;2;43;41;1;poor
DEBB021;"'2016-03-09 06:00'";42;2;42;41;1;poor
DEBB021;"'2016-03-09 07:00'";43;2;42;42;1;poor
DEBB021;"'2016-03-09 08:00'";45;2;47;43;1;poor
DEBB021;"'2016-03-09 09:00'";48;5;44;43;1;poor
DEBB021;"'2016-03-09 10:00'";47;11;38;42;1;poor
DEBB021;"'2016-03-09 11:00'";44;25;29;40;1;poor
DEBB021;"'2016-03-09 12:00'";36;50;20;33;1;poor
DEBB021;"'2016-03-09 13:00'";31;67;11;29;1;moderate
DEBB021;"'2016-03-09 14:00'";26;76;12;24;1;moderate
DEBB021;"'2016-03-09 15:00'";25;74;12;23;1;moderate
DEBB021;"'2016-03-09 16:00'";30;71;15;28;1;moderate
DEBB021;"'2016-03-09 17:00'";35;64;20;33;4;poor
DEBB021;"'2016-03-09 18:00'";36;56;29;33;2;poor
DEBB021;"'2016-03-09 19:00'";39;45;40;36;1;poor
DEBB021;"'2016-03-09 20:00'";35;49;31;33;1;poor
DEBB021;"'2016-03-09 21:00'";36;52;22;34;1;poor
DEBB021;"'2016-03-09 22:00'";39;49;19;37;1;poor
DEBB021;"'2016-03-09 23:00'";40;45;19;39;1;poor
DEBB021;"'2016-03-09 24:00'";37;49;14;36;1;poor
DEBB021;"'2016-03-10 01:00'";31;57;9;30;1;moderate
DEBB021;"'2016-03-10 02:00'";34;47;16;33;1;poor
DEBB021;"'2016-03-10 03:00'";33;47;16;32;1;poor
DEBB021;"'2016-03-10 04:00'";32;45;17;31;3;poor
DEBB021;"'2016-03-10 05:00'";35;41;16;35;2;poor
DEBB021;"'2016-03-10 06:00'";38;31;21;37;3;poor
DEBB021;"'2016-03-10 07:00'";39;23;27;38;1;poor
DEBB021;"'2016-03-10 08:00'";44;11;36;42;1;poor
DEBB021;"'2016-03-10 09:00'";50;8;38;47;1;poor
DEBB021;"'2016-03-10 10:00'";51;14;31;48;1;poor
DEBB021;"'2016-03-10 11:00'";51;17;29;47;2;poor
DEBB021;"'2016-03-10 12:00'";52;14;37;45;3;poor
DEBB021;"'2016-03-10 13:00'";49;25;27;44;1;poor
DEBB021;"'2016-03-10 14:00'";41;37;21;38;1;poor
DEBB021;"'2016-03-10 15:00'";41;43;22;38;1;poor
DEBB021;"'2016-03-10 16:00'";41;41;25;37;1;poor
DEBB021;"'2016-03-10 17:00'";38;44;28;36;1;poor
DEBB021;"'2016-03-10 18:00'";34;44;24;32;1;poor
DEBB021;"'2016-03-10 19:00'";27;51;19;26;1;moderate
DEBB021;"'2016-03-10 20:00'";26;48;23;25;1;moderate
DEBB021;"'2016-03-10 21:00'";26;50;20;25;1;moderate
DEBB021;"'2016-03-10 22:00'";27;44;22;26;1;moderate
DEBB021;"'2016-03-10 23:00'";30;38;24;28;1;moderate
DEBB021;"'2016-03-10 24:00'";30;34;23;28;1;moderate
DEBB021;"'2016-03-11 01:00'";30;35;16;29;1;moderate
DEBB021;"'2016-03-11 02:00'";32;39;10;31;1;poor
DEBB021;"'2016-03-11 03:00'";33;43;7;32;1;poor
DEBB021;"'2016-03-11 04:00'";31;45;7;30;1;moderate
DEBB021;"'2016-03-11 05:00'";30;44;8;29;1;moderate
DEBB021;"'2016-03-11 06:00'";28;43;9;27;1;moderate
DEBB021;"'2016-03-11 07:00'";28;35;17;27;1;moderate
DEBB021;"'2016-03-11 08:00'";32;26;30;30;1;moderate
DEBB021;"'2016-03-11 09:00'";33;24;33;30;1;moderate
DEBB021;"'2016-03-11 10:00'";33;28;30;30;1;moderate
DEBB021;"'2016-03-11 11:00'";29;37;21;27;1;moderate
DEBB021;"'2016-03-11 12:00'";29;40;22;26;1;moderate
DEBB021;"'2016-03-11 13:00'";28;45;21;26;1;moderate
DEBB021;"'2016-03-11 14:00'";21;52;15;20;1;moderate
DEBB021;"'2016-03-11 15:00'";17;47;16;15;1;good
DEBB021;"'2016-03-11 16:00'";17;48;14;16;1;moderate
DEBB021;"'2016-03-11 17:00'";19;44;21;17;1;moderate
DEBB021;"'2016-03-11 18:00'";17;48;16;16;1;moderate
DEBB021;"'2016-03-11 19:00'";17;47;20;16;1;moderate
DEBB021;"'2016-03-11 20:00'";17;49;16;15;1;good
DEBB021;"'2016-03-11 21:00'";16;51;11;15;1;good
DEBB021;"'2016-03-11 22:00'";14;51;9;12;1;good
DEBB021;"'2016-03-11 23:00'";13;49;10;12;1;good
DEBB021;"'2016-03-11 24:00'";11;50;9;11;1;good
DEBB021;"'2016-03-12 01:00'";11;49;8;11;1;good
DEBB021;"'2016-03-12 02:00'";11;51;7;11;1;good
DEBB021;"'2016-03-12 03:00'";10;61;4;9;1;good
DEBB021;"'2016-03-12 04:00'";11;64;6;11;1;good
DEBB021;"'2016-03-12 05:00'";11;65;4;10;1;good
DEBB021;"'2016-03-12 06:00'";14;68;5;14;1;good
DEBB021;"'2016-03-12 07:00'";18;66;9;17;1;moderate
DEBB021;"'2016-03-12 08:00'";18;66;10;17;1;moderate
DEBB021;"'2016-03-12 09:00'";22;66;10;21;1;moderate
DEBB021;"'2016-03-12 10:00'";21;65;12;20;1;moderate
DEBB021;"'2016-03-12 11:00'";21;62;16;20;1;moderate
DEBB021;"'2016-03-12 12:00'";17;60;18;16;1;moderate
DEBB021;"'2016-03-12 13:00'";18;59;20;16;1;moderate
DEBB021;"'2016-03-12 14:00'";18;58;19;17;1;moderate
DEBB021;"'2016-03-12 15:00'";17;54;22;16;1;moderate
DEBB021;"'2016-03-12 16:00'";19;59;16;17;1;moderate
DEBB021;"'2016-03-12 17:00'";19;58;18;18;1;moderate
DEBB021;"'2016-03-12 18:00'";17;60;15;15;1;good
DEBB021;"'2016-03-12 19:00'";18;56;19;17;1;moderate
DEBB021;"'2016-03-12 20:00'";20;55;17;18;1;moderate
DEBB021;"'2016-03-12 21:00'";17;59;12;16;1;moderate
DEBB021;"'2016-03-12 22:00'";17;63;9;16;1;moderate
DEBB021;"'2016-03-12 23:00'";17;60;9;17;1;moderate
DEBB021;"'2016-03-12 24:00'";14;64;7;14;1;good
DEBB021;"'2016-03-13 01:00'";16;62;9;15;1;good
DEBB021;"'2016-03-13 02:00'";15;61;8;14;1;good
DEBB021;"'2016-03-13 03:00'";15;56;12;14;1;good
DEBB021;"'2016-03-13 04:00'";15;56;9;15;1;good
DEBB021;"'2016-03-13 05:00'";15;52;11;15;1;good
DEBB021;"'2016-03-13 06:00'";18;58;9;17;1;moderate
DEBB021;"'2016-03-13 07:00'";23;64;7;22;1;moderate
DEBB021;"'2016-03-13 08:00'";24;65;9;23;1;moderate
DEBB021;"'2016-03-13 09:00'";19;64;10;18;1;moderate
DEBB021;"'2016-03-13 10:00'";20;68;10;19;1;moderate
DEBB021;"'2016-03-13 11:00'";20;69;9;19;1;moderate
DEBB021;"'2016-03-13 12:00'";23;68;12;22;1;moderate
DEBB021;"'2016-03-13 13:00'";23;67;11;23;1;moderate
DEBB021;"'2016-03-13 14:00'";25;65;13;24;1;moderate
DEBB021;"'2016-03-13 15:00'";27;64;14;26;1;moderate
DEBB021;"'2016-03-13 16:00'";29;60;17;28;1;moderate
DEBB021;"'2016-03-13 17:00'";30;60;18;29;1;moderate
DEBB021;"'2016-03-13 18:00'";27;59;17;26;1;moderate
DEBB021;"'2016-03-13 19:00'";22;61;13;21;1;moderate
DEBB021;"'2016-03-13 20:00'";20;61;11;20;1;moderate
DEBB021;"'2016-03-13 21:00'";21;56;13;20;1;moderate
DEBB021;"'2016-03-13 22:00'";23;57;11;22;1;moderate
DEBB021;"'2016-03-13 23:00'";24;51;13;23;1;moderate
DEBB021;"'2016-03-13 24:00'";23;53;10;22;1;moderate
DEBB021;"'2016-03-14 01:00'";19;63;5;19;1;moderate
DEBB021;"'2016-03-14 02:00'";18;63;5;18;1;moderate
DEBB021;"'2016-03-14 03:00'";20;60;6;20;1;moderate
DEBB021;"'2016-03-14 04:00'";21;56;8;21;1;moderate
DEBB021;"'2016-03-14 05:00'";27;34;20;26;1;moderate
DEBB021;"'2016-03-14 06:00'";28;24;28;27;2;moderate
DEBB021;"'2016-03-14 07:00'";30;14;42;28;1;moderate
DEBB021;"'2016-03-14 08:00'";37;7;51;29;1;moderate
DEBB021;"'2016-03-14 09:00'";34;21;42;29;1;moderate
DEBB021;"'2016-03-14 10:00'";27;56;12;26;1;moderate
DEBB021;"'2016-03-14 11:00'";25;61;10;24;1;moderate
DEBB021;"'2016-03-14 12:00'";27;62;9;25;1;moderate
DEBB021;"'2016-03-14 13:00'";25;63;8;23;1;moderate
DEBB021;"'2016-03-14 14:00'";25;64;8;23;1;moderate
DEBB021;"'2016-03-14 15:00'";22;67;8;21;1;moderate
DEBB021;"'2016-03-14 16:00'";24;63;12;22;1;moderate
DEBB021;"'2016-03-14 17:00'";26;59;16;23;1;moderate
DEBB021;"'2016-03-14 18:00'";26;61;14;23;1;moderate
DEBB021;"'2016-03-14 19:00'";27;51;23;24;1;moderate
DEBB021;"'2016-03-14 20:00'";29;43;29;26;1;moderate
DEBB021;"'2016-03-14 21:00'";25;51;17;23;1;moderate
DEBB021;"'2016-03-14 22:00'";24;51;14;23;1;moderate
DEBB021;"'2016-03-14 23:00'";25;49;10;24;1;moderate
DEBB021;"'2016-03-14 24:00'";32;42;11;30;1;moderate
DEBB021;"'2016-03-15 01:00'";30;42;9;29;1;moderate
DEBB021;"'2016-03-15 02:00'";23;49;6;23;1;moderate
DEBB021;"'2016-03-15 03:00'";21;51;4;20;1;moderate
DEBB021;"'2016-03-15 04:00'";18;50;4;17;1;moderate
DEBB021;"'2016-03-15 05:00'";16;45;6;16;1;moderate
DEBB021;"'2016-03-15 06:00'";16;39;9;16;1;moderate
DEBB021;"'2016-03-15 07:00'";19;33;16;19;1;moderate
DEBB021;"'2016-03-15 08:00'";18;33;19;17;1;moderate
DEBB021;"'2016-03-15 09:00'";16;38;14;15;1;good
DEBB021;"'2016-03-15 10:00'";13;42;15;12;1;good
DEBB021;"'2016-03-15 11:00'";11;46;19;9;1;good
DEBB021;"'2016-03-15 12:00'";20;47;18;18;1;moderate
DEBB021;"'2016-03-15 13:00'";16;48;17;14;1;good
DEBB021;"'2016-03-15 14:00'";11;56;14;8;1;good
DEBB021;"'2016-03-15 15:00'";10;53;17;8;1;good
DEBB021;"'2016-03-15 16:00'";8;56;18;6;1;good
DEBB021;"'2016-03-15 17:00'";9;52;24;6;1;good
DEBB021;"'2016-03-15 18:00'";11;48;27;8;1;good
DEBB021;"'2016-03-15 19:00'";11;49;22;10;1;good
DEBB021;"'2016-03-15 20:00'";10;52;14;9;1;good
DEBB021;"'2016-03-15 21:00'";12;54;12;11;1;good
DEBB021;"'2016-03-15 22:00'";15;51;13;14;3;good
DEBB021;"'2016-03-15 23:00'";14;52;11;14;1;good
DEBB021;"'2016-03-15 24:00'";16;49;11;15;1;good
DEBB021;"'2016-03-16 01:00'";19;43;9;19;1;moderate
DEBB021;"'2016-03-16 02:00'";20;40;9;20;1;moderate
DEBB021;"'2016-03-16 03:00'";21;38;10;21;1;moderate
DEBB021;"'2016-03-16 04:00'";22;35;10;21;2;moderate
DEBB021;"'2016-03-16 05:00'";24;32;10;23;1;moderate
DEBB021;"'2016-03-16 06:00'";26;29;13;26;2;moderate
DEBB021;"'2016-03-16 07:00'";29;23;23;28;2;moderate
DEBB021;"'2016-03-16 08:00'";30;19;28;28;4;moderate
DEBB021;"'2016-03-16 09:00'";30;24;28;28;3;moderate
DEBB021;"'2016-03-16 10:00'";28;33;24;25;3;moderate
DEBB021;"'2016-03-16 11:00'";27;46;18;22;2;moderate
DEBB021;"'2016-03-16 12:00'";26;60;11;18;1;moderate
DEBB021;"'2016-03-16 13:00'";20;63;10;17;1;moderate
DEBB021;"'2016-03-16 14:00'";33;61;11;23;1;moderate
DEBB021;"'2016-03-16 15:00'";28;63;12;22;1;moderate
DEBB021;"'2016-03-16 16:00'";22;66;14;18;1;moderate
DEBB021;"'2016-03-16 17:00'";21;65;16;18;1;moderate
DEBB021;"'2016-03-16 18:00'";21;62;20;19;1;moderate
DEBB021;"'2016-03-16 19:00'";23;53;29;20;1;moderate
DEBB021;"'2016-03-16 20:00'";29;31;50;23;1;moderate
DEBB021;"'2016-03-16 21:00'";29;24;50;23;1;moderate
DEBB021;"'2016-03-16 22:00'";29;20;49;25;1;moderate
DEBB021;"'2016-03-16 23:00'";31;15;51;27;1;moderate
DEBB021;"'2016-03-16 24:00'";31;7;58;27;1;moderate
DEBB021;"'2016-03-17 01:00'";36;2;61;33;1;poor
DEBB021;"'2016-03-17 02:00'";33;7;47;30;1;moderate
DEBB021;"'2016-03-17 03:00'";33;7;48;30;1;moderate
DEBB021;"'2016-03-17 04:00'";35;2;49;32;1;poor
DEBB021;"'2016-03-17 05:00'";33;2;48;31;1;poor
DEBB021;"'2016-03-17 06:00'";33;2;47;31;1;poor
DEBB021;"'2016-03-17 07:00'";42;2;54;34;1;poor
DEBB021;"'2016-03-17 08:00'";44;2;65;36;1;poor
DEBB021;"'2016-03-17 09:00'";45;11;68;39;1;poor
DEBB021;"'2016-03-17 10:00'";48;28;50;39;2;poor
DEBB021;"'2016-03-17 11:00'";45;46;34;36;2;poor
DEBB021;"'2016-03-17 12:00'";33;65;21;30;4;moderate
DEBB021;"'2016-03-17 13:00'";34;69;17;29;2;moderate
DEBB021;"'2016-03-17 14:00'";30;81;10;27;1;moderate
DEBB021;"'2016-03-17 15:00'";28;83;10;24;1;moderate
DEBB021;"'2016-03-17 16:00'";30;81;11;26;1;moderate
DEBB021;"'2016-03-17 17:00'";30;81;13;26;1;moderate
DEBB021;"'2016-03-17 18:00'";31;78;17;27;1;moderate
DEBB021;"'2016-03-17 19:00'";37;60;35;30;1;moderate
DEBB021;"'2016-03-17 20:00'";42;31;66;34;1;poor
DEBB021;"'2016-03-17 21:00'";44;17;71;35;1;poor
DEBB021;"'2016-03-17 22:00'";42;24;52;36;1;poor
DEBB021;"'2016-03-17 23:00'";39;28;41;34;1;poor
DEBB021;"'2016-03-17 24:00'";36;22;46;32;1;poor
DEBB021;"'2016-03-18 01:00'";35;29;40;32;1;poor
DEBB021;"'2016-03-18 02:00'";35;35;34;32;1;poor
DEBB021;"'2016-03-18 03:00'";36;37;29;33;1;poor
DEBB021;"'2016-03-18 04:00'";38;33;32;35;1;poor
DEBB021;"'2016-03-18 05:00'";40;23;37;37;1;poor
DEBB021;"'2016-03-18 06:00'";35;32;24;33;1;poor
DEBB021;"'2016-03-18 07:00'";33;33;19;32;1;poor
DEBB021;"'2016-03-18 08:00'";27;29;25;26;1;moderate
DEBB021;"'2016-03-18 09:00'";24;26;24;23;1;moderate
DEBB021;"'2016-03-18 10:00'";20;27;22;20;1;moderate
DEBB021;"'2016-03-18 11:00'";11;34;17;11;1;good
DEBB021;"'2016-03-18 12:00'";5;43;12;5;1;good
DEBB021;"'2016-03-18 13:00'";8;42;12;8;1;good
DEBB021;"'2016-03-18 14:00'";8;46;10;7;1;good
DEBB021;"'2016-03-18 15:00'";8;48;11;7;1;good
DEBB021;"'2016-03-18 16:00'";11;44;15;10;1;good
DEBB021;"'2016-03-18 17:00'";13;40;20;12;1;good
DEBB021;"'2016-03-18 18:00'";11;43;20;10;1;good
DEBB021;"'2016-03-18 19:00'";11;44;14;10;1;good
DEBB021;"'2016-03-18 20:00'";12;45;13;11;1;good
DEBB021;"'2016-03-18 21:00'";15;44;13;15;1;good
DEBB021;"'2016-03-18 22:00'";20;44;14;19;1;moderate
DEBB021;"'2016-03-18 23:00'";25;39;15;22;1;moderate
DEBB021;"'2016-03-18 24:00'";28;36;15;25;1;moderate
DEBB021;"'2016-03-19 01:00'";28;36;13;24;1;moderate
DEBB021;"'2016-03-19 02:00'";28;31;13;25;1;moderate
DEBB021;"'2016-03-19 03:00'";26;30;11;24;1;moderate
DEBB021;"'2016-03-19 04:00'";25;27;11;23;1;moderate
DEBB021;"'2016-03-19 05:00'";22;26;12;21;1;moderate
DEBB021;"'2016-03-19 06:00'";21;22;18;20;1;moderate
DEBB021;"'2016-03-19 07:00'";21;21;17;21;1;moderate
DEBB021;"'2016-03-19 08:00'";22;21;16;21;1;moderate
DEBB021;"'2016-03-19 09:00'";25;32;12;24;1;moderate
DEBB021;"'2016-03-19 10:00'";23;40;13;21;1;moderate
DEBB021;"'2016-03-19 11:00'";20;44;11;18;1;moderate
DEBB021;"'2016-03-19 12:00'";16;51;8;15;1;good
DEBB021;"'2016-03-19 13:00'";15;56;10;14;1;good
DEBB021;"'2016-03-19 14:00'";15;56;8;13;1;good
DEBB021;"'2016-03-19 15:00'";13;62;6;12;1;good
DEBB021;"'2016-03-19 16:00'";13;64;6;12;1;good
DEBB021;"'2016-03-19 17:00'";13;67;6;12;1;good
DEBB021;"'2016-03-19 18:00'";16;59;9;15;1;good
DEBB021;"'2016-03-19 19:00'";21;52;11;20;1;moderate
DEBB021;"'2016-03-19 20:00'";25;46;20;23;1;moderate
DEBB021;"'2016-03-19 21:00'";28;41;19;26;1;moderate
DEBB021;"'2016-03-19 22:00'";24;46;16;23;1;moderate
DEBB021;"'2016-03-19 23:00'";21;47;12;20;1;moderate
DEBB021;"'2016-03-19 24:00'";18;56;8;17;1;moderate
DEBB021;"'2016-03-20 01:00'";16;61;5;15;1;good
DEBB021;"'2016-03-20 02:00'";15;61;4;13;1;good
DEBB021;"'2016-03-20 03:00'";13;68;2;11;1;good
DEBB021;"'2016-03-20 04:00'";11;66;2;10;1;good
DEBB021;"'2016-03-20 05:00'";11;63;2;10;1;good
DEBB021;"'2016-03-20 06:00'";7;62;2;7;1;good
DEBB021;"'2016-03-20 07:00'";3;62;2;3;1;good
DEBB021;"'2016-03-20 08:00'";3;64;2;3;1;good
DEBB021;"'2016-03-20 09:00'";5;67;2;5;1;good
DEBB021;"'2016-03-20 10:00'";6;67;4;5;1;good
DEBB021;"'2016-03-20 11:00'";7;67;5;6;1;good
DEBB021;"'2016-03-20 12:00'";9;66;5;8;1;good
DEBB021;"'2016-03-20 13:00'";7;64;5;7;1;good
DEBB021;"'2016-03-20 14:00'";9;63;6;8;1;good
DEBB021;"'2016-03-20 15:00'";9;60;7;8;1;good
DEBB021;"'2016-03-20 16:00'";9;56;9;9;1;good
DEBB021;"'2016-03-20 17:00'";9;56;9;9;1;good
DEBB021;"'2016-03-20 18:00'";11;57;8;10;1;good
DEBB021;"'2016-03-20 19:00'";16;49;13;15;1;good
DEBB021;"'2016-03-20 20:00'";15;48;13;14;1;good
DEBB021;"'2016-03-20 21:00'";14;54;11;12;1;good
DEBB021;"'2016-03-20 22:00'";14;56;8;12;1;good
DEBB021;"'2016-03-20 23:00'";13;55;8;11;1;good
DEBB021;"'2016-03-20 24:00'";10;59;6;9;1;good
DEBB021;"'2016-03-21 01:00'";9;58;5;8;1;good
DEBB021;"'2016-03-21 02:00'";9;58;5;8;1;good
DEBB021;"'2016-03-21 03:00'";10;55;6;9;1;good
DEBB021;"'2016-03-21 04:00'";11;53;6;10;1;good
DEBB021;"'2016-03-21 05:00'";12;49;8;10;1;good
DEBB021;"'2016-03-21 06:00'";12;40;16;10;1;good
DEBB021;"'2016-03-21 07:00'";11;38;20;9;1;good
DEBB021;"'2016-03-21 08:00'";9;43;18;8;1;good
DEBB021;"'2016-03-21 09:00'";10;47;16;9;1;good
DEBB021;"'2016-03-21 10:00'";10;52;12;9;1;good
DEBB021;"'2016-03-21 11:00'";9;63;8;7;1;good
DEBB021;"'2016-03-21 12:00'";8;66;9;6;1;good
DEBB021;"'2016-03-21 13:00'";5;68;7;4;1;good
DEBB021;"'2016-03-21 14:00'";4;68;8;4;1;good
DEBB021;"'2016-03-21 15:00'";6;70;9;5;1;good
DEBB021;"'2016-03-21 16:00'";5;70;10;5;1;good
DEBB021;"'2016-03-21 17:00'";8;71;12;7;1;good
DEBB021;"'2016-03-21 18:00'";7;71;11;7;1;good
DEBB021;"'2016-03-21 19:00'";8;71;10;7;1;good
DEBB021;"'2016-03-21 20:00'";9;72;8;8;1;good
DEBB021;"'2016-03-21 21:00'";9;72;6;9;1;good
DEBB021;"'2016-03-21 22:00'";9;75;5;9;1;moderate
DEBB021;"'2016-03-21 23:00'";9;73;5;8;1;moderate
DEBB021;"'2016-03-21 24:00'";8;73;3;8;1;moderate
DEBB021;"'2016-03-22 01:00'";9;74;2;8;1;moderate
DEBB021;"'2016-03-22 02:00'";9;71;2;8;1;good
DEBB021;"'2016-03-22 03:00'";10;67;2;10;1;good
DEBB021;"'2016-03-22 04:00'";12;65;2;11;1;good
DEBB021;"'2016-03-22 05:00'";12;66;3;11;1;good
DEBB021;"'2016-03-22 06:00'";13;62;6;11;1;good
DEBB021;"'2016-03-22 07:00'";14;55;11;13;1;good
DEBB021;"'2016-03-22 08:00'";11;55;14;10;1;good
DEBB021;"'2016-03-22 09:00'";12;61;11;10;1;good
DEBB021;"'2016-03-22 10:00'";11;62;9;9;1;good
DEBB021;"'2016-03-22 11:00'";8;63;11;7;1;good
DEBB021;"'2016-03-22 12:00'";6;65;8;6;1;good
DEBB021;"'2016-03-22 13:00'";5;63;8;5;1;good
DEBB021;"'2016-03-22 14:00'";7;66;8;6;1;good
DEBB021;"'2016-03-22 15:00'";6;66;9;5;1;good
DEBB021;"'2016-03-22 16:00'";4;59;16;4;1;good
DEBB021;"'2016-03-22 17:00'";5;60;15;4;1;good
DEBB021;"'2016-03-22 18:00'";5;54;20;5;1;good
DEBB021;"'2016-03-22 19:00'";7;39;31;6;1;moderate
DEBB021;"'2016-03-22 20:00'";8;42;28;7;1;good
DEBB021;"'2016-03-22 21:00'";7;44;27;7;1;good
DEBB021;"'2016-03-22 22:00'";6;46;17;6;1;good
DEBB021;"'2016-03-22 23:00'";11;34;20;11;1;good
DEBB021;"'2016-03-22 24:00'";12;33;20;11;1;good
DEBB021;"'2016-03-23 01:00'";10;36;17;10;1;good
DEBB021;"'2016-03-23 02:00'";11;39;13;10;1;good
DEBB021;"'2016-03-23 03:00'";13;47;7;12;1;good
DEBB021;"'2016-03-23 04:00'";15;46;6;13;1;good
DEBB021;"'2016-03-23 05:00'";17;44;8;15;1;good
DEBB021;"'2016-03-23 06:00'";18;47;8;16;1;moderate
DEBB021;"'2016-03-23 07:00'";20;44;17;17;1;moderate
DEBB021;"'2016-03-23 08:00'";20;38;18;17;1;moderate
DEBB021;"'2016-03-23 09:00'";21;40;18;17;1;moderate
DEBB021;"'2016-03-23 10:00'";18;53;11;15;1;good
DEBB021;"'2016-03-23 11:00'";16;58;10;13;1;good
DEBB021;"'2016-03-23 12:00'";10;64;9;9;1;good
DEBB021;"'2016-03-23 13:00'";10;61;11;9;1;good
DEBB021;"'2016-03-23 14:00'";12;56;14;11;1;good
DEBB021;"'2016-03-23 15:00'";13;53;14;11;1;good
DEBB021;"'2016-03-23 16:00'";12;56;11;10;1;good
DEBB021;"'2016-03-23 17:00'";10;61;12;8;1;good
DEBB021;"'2016-03-23 18:00'";9;57;16;8;1;good
DEBB021;"'2016-03-23 19:00'";10;51;19;9;1;good
DEBB021;"'2016-03-23 20:00'";11;45;21;10;1;good
DEBB021;"'2016-03-23 21:00'";10;47;17;9;1;good
DEBB021;"'2016-03-23 22:00'";11;45;15;10;1;good
DEBB021;"'2016-03-23 23:00'";12;40;16;11;1;good
DEBB021;"'2016-03-23 24:00'";12;43;14;10;1;good
DEBB021;"'2016-03-24 01:00'";12;47;10;11;1;good
DEBB021;"'2016-03-24 02:00'";16;46;8;14;1;good
DEBB021;"'2016-03-24 03:00'";17;39;12;15;1;good
DEBB021;"'2016-03-24 04:00'";18;35;10;17;1;moderate
DEBB021;"'2016-03-24 05:00'";20;31;11;19;1;moderate
DEBB021;"'2016-03-24 06:00'";22;27;13;21;1;moderate
DEBB021;"'2016-03-24 07:00'";26;19;22;24;1;moderate
DEBB021;"'2016-03-24 08:00'";25;24;16;23;1;moderate
DEBB021;"'2016-03-24 09:00'";23;26;14;22;1;moderate
DEBB021;"'2016-03-24 10:00'";22;26;15;21;1;moderate
DEBB021;"'2016-03-24 11:00'";23;31;13;22;1;moderate
DEBB021;"'2016-03-24 12:00'";27;33;14;25;1;moderate
DEBB021;"'2016-03-24 13:00'";27;38;12;24;1;moderate
DEBB021;"'2016-03-24 14:00'";22;52;8;19;1;moderate
DEBB021;"'2016-03-24 15:00'";19;57;9;17;1;moderate
DEBB021;"'2016-03-24 16:00'";19;57;15;16;1;moderate
DEBB021;"'2016-03-24 17:00'";18;56;17;15;1;good
DEBB021;"'2016-03-24 18:00'";17;54;18;14;1;good
DEBB021;"'2016-03-24 19:00'";18;44;26;15;1;good
DEBB021;"'2016-03-24 20:00'";24;23;46;20;1;moderate
DEBB021;"'2016-03-24 21:00'";28;28;39;25;1;moderate
DEBB021;"'2016-03-24 22:00'";33;30;34;31;1;poor
DEBB021;"'2016-03-24 23:00'";34;22;43;31;1;poor
DEBB021;"'2016-03-24 24:00'";28;40;23;25;1;moderate
DEBB021;"'2016-03-25 01:00'";24;44;16;22;1;moderate
DEBB021;"'2016-03-25 02:00'";30;39;17;28;1;moderate
DEBB021;"'2016-03-25 03:00'";32;34;18;29;1;moderate
DEBB021;"'2016-03-25 04:00'";33;30;21;30;1;moderate
DEBB021;"'2016-03-25 05:00'";35;29;18;33;1;poor
DEBB021;"'2016-03-25 06:00'";36;26;17;35;1;poor
DEBB021;"'2016-03-25 07:00'";37;18;22;36;1;poor
DEBB021;"'2016-03-25 08:00'";35;20;21;34;1;poor
DEBB021;"'2016-03-25 09:00'";33;22;16;32;1;poor
DEBB021;"'2016-03-25 10:00'";32;23;16;30;1;moderate
DEBB021;"'2016-03-25 11:00'";32;28;16;30;1;moderate
DEBB021;"'2016-03-25 12:00'";30;39;11;29;1;moderate
DEBB021;"'2016-03-25 13:00'";25;42;11;25;1;moderate
DEBB021;"'2016-03-25 14:00'";20;44;13;20;1;moderate
DEBB021;"'2016-03-25 15:00'";20;43;14;20;1;moderate
DEBB021;"'2016-03-25 16:00'";18;41;16;17;1;moderate
DEBB021;"'2016-03-25 17:00'";13;41;16;13;1;good
DEBB021;"'2016-03-25 18:00'";12;40;17;11;1;good
DEBB021;"'2016-03-25 19:00'";14;36;18;13;1;good
DEBB021;"'2016-03-25 20:00'";10;41;17;10;1;good
DEBB021;"'2016-03-25 21:00'";18;36;19;17;1;moderate
DEBB021;"'2016-03-25 22:00'";17;33;17;16;1;moderate
DEBB021;"'2016-03-25 23:00'";17;32;16;16;1;moderate
DEBB021;"'2016-03-25 24:00'";18;32;13;17;1;moderate
DEBB021;"'2016-03-26 01:00'";19;28;13;19;1;moderate
DEBB021;"'2016-03-26 02:00'";20;27;12;19;1;moderate
DEBB021;"'2016-03-26 03:00'";20;28;9;19;1;moderate
DEBB021;"'2016-03-26 04:00'";19;31;8;18;1;moderate
DEBB021;"'2016-03-26 05:00'";19;36;5;18;1;moderate
DEBB021;"'2016-03-26 06:00'";20;36;6;19;1;moderate
DEBB021;"'2016-03-26 07:00'";20;35;9;19;1;moderate
DEBB021;"'2016-03-26 08:00'";22;32;10;20;1;moderate
DEBB021;"'2016-03-26 09:00'";19;46;6;17;1;moderate
DEBB021;"'2016-03-26 10:00'";17;52;6;16;1;moderate
DEBB021;"'2016-03-26 11:00'";15;61;5;14;1;good
DEBB021;"'2016-03-26 12:00'";16;62;7;15;1;good
DEBB021;"'2016-03-26 13:00'";13;65;7;11;1;good
DEBB021;"'2016-03-26 14:00'";9;74;5;8;1;moderate
DEBB021;"'2016-03-26 15:00'";7;76;5;6;1;moderate
DEBB021;"'2016-03-26 16:00'";6;77;5;5;1;moderate
DEBB021;"'2016-03-26 17:00'";8;74;6;7;1;moderate
DEBB021;"'2016-03-26 18:00'";9;71;9;8;1;good
DEBB021;"'2016-03-26 19:00'";11;65;13;10;1;good
DEBB021;"'2016-03-26 20:00'";33;57;18;32;1;poor
DEBB021;"'2016-03-26 21:00'";34;56;15;33;1;poor
DEBB021;"'2016-03-26 22:00'";46;45;21;44;1;poor
DEBB021;"'2016-03-26 23:00'";45;39;22;43;1;poor
DEBB021;"'2016-03-26 24:00'";40;40;14;39;1;poor
DEBB021;"'2016-03-27 01:00'";37;40;10;36;1;poor
DEBB021;"'2016-03-27 02:00'";32;42;8;31;1;poor
DEBB021;"'2016-03-27 04:00'";32;40;8;32;1;poor
DEBB021;"'2016-03-27 05:00'";46;35;8;46;1;poor
DEBB021;"'2016-03-27 06:00'";92;22;19;91;1;"very poor"
DEBB021;"'2016-03-27 07:00'";91;20;20;90;1;"very poor"
DEBB021;"'2016-03-27 08:00'";72;24;12;71;1;"very poor"
DEBB021;"'2016-03-27 09:00'";43;33;8;42;1;poor
DEBB021;"'2016-03-27 10:00'";28;39;7;27;1;moderate
DEBB021;"'2016-03-27 11:00'";18;46;7;17;1;moderate
DEBB021;"'2016-03-27 12:00'";14;53;6;13;1;good
DEBB021;"'2016-03-27 13:00'";13;60;6;11;1;good
DEBB021;"'2016-03-27 14:00'";12;63;7;11;1;good
DEBB021;"'2016-03-27 15:00'";12;63;8;11;1;good
DEBB021;"'2016-03-27 16:00'";12;62;12;11;1;good
DEBB021;"'2016-03-27 17:00'";13;57;12;12;1;good
DEBB021;"'2016-03-27 18:00'";15;52;11;14;1;good
DEBB021;"'2016-03-27 19:00'";8;59;12;8;1;good
DEBB021;"'2016-03-27 20:00'";8;63;13;8;1;good
DEBB021;"'2016-03-27 21:00'";11;60;14;11;1;good
DEBB021;"'2016-03-27 22:00'";11;59;15;10;1;good
DEBB021;"'2016-03-27 23:00'";11;58;14;10;1;good
DEBB021;"'2016-03-27 24:00'";11;54;12;11;1;good
DEBB021;"'2016-03-28 01:00'";13;52;12;13;1;good
DEBB021;"'2016-03-28 02:00'";22;49;11;22;1;moderate
DEBB021;"'2016-03-28 03:00'";16;48;10;16;1;moderate
DEBB021;"'2016-03-28 04:00'";17;40;12;16;1;moderate
DEBB021;"'2016-03-28 05:00'";15;35;11;14;1;good
DEBB021;"'2016-03-28 06:00'";14;33;11;14;1;good
DEBB021;"'2016-03-28 07:00'";16;28;12;16;1;moderate
DEBB021;"'2016-03-28 08:00'";16;26;15;16;1;moderate
DEBB021;"'2016-03-28 09:00'";15;33;12;15;1;good
DEBB021;"'2016-03-28 10:00'";11;45;11;11;1;good
DEBB021;"'2016-03-28 11:00'";7;58;7;6;1;good
DEBB021;"'2016-03-28 12:00'";4;68;5;4;1;good
DEBB021;"'2016-03-28 13:00'";4;75;3;3;1;moderate
DEBB021;"'2016-03-28 14:00'";3;76;5;2;1;moderate
DEBB021;"'2016-03-28 15:00'";3;76;5;3;1;moderate
DEBB021;"'2016-03-28 16:00'";4;73;7;3;1;moderate
DEBB021;"'2016-03-28 17:00'";5;70;11;3;1;good
DEBB021;"'2016-03-28 18:00'";5;80;6;2;1;moderate
DEBB021;"'2016-03-28 19:00'";2;79;7;2;1;moderate
DEBB021;"'2016-03-28 20:00'";3;73;9;3;1;moderate
DEBB021;"'2016-03-28 21:00'";3;68;9;2;1;good
DEBB021;"'2016-03-28 22:00'";4;65;9;3;1;good
DEBB021;"'2016-03-28 23:00'";3;63;9;3;1;good
DEBB021;"'2016-03-28 24:00'";3;63;8;2;1;good
DEBB021;"'2016-03-29 01:00'";2;66;5;2;1;good
DEBB021;"'2016-03-29 02:00'";2;64;5;2;1;good
DEBB021;"'2016-03-29 03:00'";2;62;5;2;1;good
DEBB021;"'2016-03-29 04:00'";3;59;6;3;1;good
DEBB021;"'2016-03-29 05:00'";4;52;9;4;1;good
DEBB021;"'2016-03-29 06:00'";5;47;12;5;1;good
DEBB021;"'2016-03-29 07:00'";6;44;16;5;1;good
DEBB021;"'2016-03-29 08:00'";3;53;22;2;1;good
DEBB021;"'2016-03-29 09:00'";4;52;17;3;1;good
DEBB021;"'2016-03-29 10:00'";2;59;14;2;1;good
DEBB021;"'2016-03-29 11:00'";3;57;16;3;1;good
DEBB021;"'2016-03-29 12:00'";5;63;11;5;1;good
DEBB021;"'2016-03-29 13:00'";7;63;12;6;1;good
DEBB021;"'2016-03-29 14:00'";7;62;12;6;1;good
DEBB021;"'2016-03-29 15:00'";5;63;11;4;1;good
DEBB021;"'2016-03-29 16:00'";5;63;11;4;1;good
DEBB021;"'2016-03-29 17:00'";4;61;11;3;1;good
DEBB021;"'2016-03-29 18:00'";5;60;12;4;1;good
DEBB021;"'2016-03-29 19:00'";6;52;16;6;1;good
DEBB021;"'2016-03-29 20:00'";8;49;20;7;1;good
DEBB021;"'2016-03-29 21:00'";8;51;18;7;1;good
DEBB021;"'2016-03-29 22:00'";7;59;13;6;1;good
DEBB021;"'2016-03-29 23:00'";8;46;16;7;1;good
DEBB021;"'2016-03-29 24:00'";8;52;13;8;1;good
DEBB021;"'2016-03-30 01:00'";8;54;10;7;1;good
DEBB021;"'2016-03-30 02:00'";7;43;13;7;1;good
DEBB021;"'2016-03-30 03:00'";9;37;16;8;1;good
DEBB021;"'2016-03-30 04:00'";10;39;13;9;1;good
DEBB021;"'2016-03-30 05:00'";7;38;13;7;1;good
DEBB021;"'2016-03-30 06:00'";7;32;17;7;1;good
DEBB021;"'2016-03-30 07:00'";9;26;25;8;1;good
DEBB021;"'2016-03-30 08:00'";8;34;26;7;1;good
DEBB021;"'2016-03-30 09:00'";8;27;31;7;1;moderate
DEBB021;"'2016-03-30 10:00'";7;31;26;6;1;good
DEBB021;"'2016-03-30 11:00'";7;36;19;6;1;good
DEBB021;"'2016-03-30 12:00'";7;39;20;7;1;good
DEBB021;"'2016-03-30 13:00'";7;45;16;6;1;good
DEBB021;"'2016-03-30 14:00'";9;42;16;8;1;good
DEBB021;"'2016-03-30 15:00'";8;55;13;6;1;good
DEBB021;"'2016-03-30 16:00'";8;62;11;7;1;good
DEBB021;"'2016-03-30 17:00'";11;63;11;9;1;good
DEBB021;"'2016-03-30 18:00'";12;63;11;10;1;good
DEBB021;"'2016-03-30 19:00'";10;64;12;9;1;good
DEBB021;"'2016-03-30 20:00'";11;55;23;8;1;good
DEBB021;"'2016-03-30 21:00'";11;43;28;8;1;good
DEBB021;"'2016-03-30 22:00'";10;41;26;8;1;good
DEBB021;"'2016-03-30 23:00'";12;36;26;10;1;good
DEBB021;"'2016-03-30 24:00'";15;37;23;13;1;good
DEBB021;"'2016-03-31 01:00'";16;28;25;13;1;good
DEBB021;"'2016-03-31 02:00'";14;27;23;12;1;good
DEBB021;"'2016-03-31 03:00'";15;23;26;13;1;good
DEBB021;"'2016-03-31 04:00'";15;20;25;13;1;good
DEBB021;"'2016-03-31 05:00'";16;17;28;14;1;good
DEBB021;"'2016-03-31 06:00'";16;20;29;14;1;good
DEBB021;"'2016-03-31 07:00'";17;17;41;14;1;moderate
DEBB021;"'2016-03-31 08:00'";18;23;38;14;1;moderate
DEBB021;"'2016-03-31 09:00'";19;33;32;14;1;moderate
DEBB021;"'2016-03-31 10:00'";20;41;29;12;1;good
DEBB021;"'2016-03-31 11:00'";19;45;22;13;1;good
DEBB021;"'2016-03-31 12:00'";17;58;16;11;1;good
DEBB021;"'2016-03-31 13:00'";13;69;11;9;1;good
DEBB021;"'2016-03-31 14:00'";14;69;9;10;1;good
DEBB021;"'2016-03-31 15:00'";13;70;7;10;1;good
DEBB021;"'2016-03-31 16:00'";13;72;8;10;1;good
DEBB021;"'2016-03-31 17:00'";12;73;9;9;1;moderate
DEBB021;"'2016-03-31 18:00'";10;72;11;7;1;good
DEBB021;"'2016-03-31 19:00'";10;68;14;8;1;good
DEBB021;"'2016-03-31 20:00'";10;59;20;8;1;good
DEBB021;"'2016-03-31 21:00'";8;62;12;6;1;good
DEBB021;"'2016-03-31 22:00'";12;45;27;8;1;good
DEBB021;"'2016-03-31 23:00'";11;51;20;9;1;good
DEBB021;"'2016-03-31 24:00'";17;28;36;13;1;moderate
DEBB021;"'2016-04-01 01:00'";10;53;15;8;1;good
DEBB021;"'2016-04-01 02:00'";9;53;13;8;1;good
DEBB021;"'2016-04-01 03:00'";9;53;12;8;1;good
DEBB021;"'2016-04-01 04:00'";10;52;12;9;1;good
DEBB021;"'2016-04-01 05:00'";10;53;10;9;1;good
DEBB021;"'2016-04-01 06:00'";12;39;21;10;1;good
DEBB021;"'2016-04-01 07:00'";14;34;25;11;1;good
DEBB021;"'2016-04-01 08:00'";17;24;39;13;1;moderate
DEBB021;"'2016-04-01 09:00'";18;35;27;13;1;good
DEBB021;"'2016-04-01 10:00'";15;46;19;10;1;good
DEBB021;"'2016-04-01 11:00'";11;60;12;7;1;good
DEBB021;"'2016-04-01 12:00'";10;65;9;7;1;good
DEBB021;"'2016-04-01 13:00'";7;70;8;5;1;good
DEBB021;"'2016-04-01 14:00'";7;73;7;4;1;moderate
DEBB021;"'2016-04-01 15:00'";7;75;6;4;1;moderate
DEBB021;"'2016-04-01 16:00'";7;75;8;5;1;moderate
DEBB021;"'2016-04-01 17:00'";6;74;8;4;1;moderate
DEBB021;"'2016-04-01 18:00'";6;77;6;4;1;moderate
DEBB021;"'2016-04-01 19:00'";6;76;8;5;1;moderate
DEBB021;"'2016-04-01 20:00'";7;67;15;6;1;good
DEBB021;"'2016-04-01 21:00'";15;50;30;12;1;good
DEBB021;"'2016-04-01 22:00'";21;18;60;13;1;moderate
DEBB021;"'2016-04-01 23:00'";25;8;60;15;1;moderate
DEBB021;"'2016-04-01 24:00'";18;14;44;14;1;moderate
DEBB021;"'2016-04-02 01:00'";22;13;46;18;1;moderate
DEBB021;"'2016-04-02 02:00'";27;3;68;23;1;poor
DEBB021;"'2016-04-02 03:00'";20;4;67;17;1;poor
DEBB021;"'2016-04-02 04:00'";19;2;63;16;1;poor
DEBB021;"'2016-04-02 05:00'";18;7;50;16;1;moderate
DEBB021;"'2016-04-02 06:00'";20;6;45;18;1;moderate
DEBB021;"'2016-04-02 07:00'";23;3;45;20;1;moderate
DEBB021;"'2016-04-02 08:00'";19;7;45;17;1;moderate
DEBB021;"'2016-04-02 09:00'";23;17;35;21;1;moderate
DEBB021;"'2016-04-02 10:00'";22;33;23;20;1;moderate
DEBB021;"'2016-04-02 11:00'";17;57;12;14;1;good
DEBB021;"'2016-04-02 12:00'";13;66;8;9;1;good
DEBB021;"'2016-04-02 13:00'";10;67;7;7;1;good
DEBB021;"'2016-04-02 14:00'";11;73;6;6;1;moderate
DEBB021;"'2016-04-02 15:00'";7;75;5;5;1;moderate
DEBB021;"'2016-04-02 16:00'";6;77;5;4;1;moderate
DEBB021;"'2016-04-02 17:00'";6;77;5;4;1;moderate
DEBB021;"'2016-04-02 18:00'";6;77;6;4;1;moderate
DEBB021;"'2016-04-02 19:00'";6;75;8;4;1;moderate
DEBB021;"'2016-04-02 20:00'";8;66;14;5;1;good
DEBB021;"'2016-04-02 21:00'";13;55;23;11;1;good
DEBB021;"'2016-04-02 22:00'";22;23;57;18;1;moderate
DEBB021;"'2016-04-02 23:00'";24;26;55;21;1;moderate
DEBB021;"'2016-04-02 24:00'";18;43;30;15;1;good
DEBB021;"'2016-04-03 01:00'";17;50;19;15;1;good
DEBB021;"'2016-04-03 02:00'";19;46;20;16;1;moderate
DEBB021;"'2016-04-03 03:00'";20;50;16;18;1;moderate
DEBB021;"'2016-04-03 04:00'";23;45;17;20;1;moderate
DEBB021;"'2016-04-03 05:00'";24;46;16;22;1;moderate
DEBB021;"'2016-04-03 06:00'";25;42;17;22;1;moderate
DEBB021;"'2016-04-03 07:00'";25;36;22;22;1;moderate
DEBB021;"'2016-04-03 08:00'";26;34;24;22;1;moderate
DEBB021;"'2016-04-03 09:00'";25;41;18;20;2;moderate
DEBB021;"'2016-04-03 10:00'";23;47;15;18;1;moderate
DEBB021;"'2016-04-03 11:00'";22;54;11;17;1;moderate
DEBB021;"'2016-04-03 12:00'";22;59;10;16;1;moderate
DEBB021;"'2016-04-03 13:00'";25;63;12;17;1;moderate
DEBB021;"'2016-04-03 14:00'";25;68;12;17;1;moderate
DEBB021;"'2016-04-03 15:00'";24;74;8;16;1;moderate
DEBB021;"'2016-04-03 16:00'";23;73;8;14;1;moderate
DEBB021;"'2016-04-03 17:00'";24;72;7;13;1;good
DEBB021;"'2016-04-03 18:00'";25;77;8;14;1;moderate
DEBB021;"'2016-04-03 19:00'";24;71;13;13;1;good
DEBB021;"'2016-04-03 20:00'";28;55;27;16;1;moderate
DEBB021;"'2016-04-03 21:00'";30;50;34;19;1;moderate
DEBB021;"'2016-04-03 22:00'";33;51;28;21;1;moderate
DEBB021;"'2016-04-03 23:00'";31;48;29;21;1;moderate
DEBB021;"'2016-04-03 24:00'";33;30;41;22;1;moderate
DEBB021;"'2016-04-04 01:00'";38;14;53;27;1;moderate
DEBB021;"'2016-04-04 02:00'";37;20;38;25;1;moderate
DEBB021;"'2016-04-04 03:00'";33;20;31;22;1;moderate
DEBB021;"'2016-04-04 04:00'";31;16;32;21;1;moderate
DEBB021;"'2016-04-04 05:00'";31;17;43;21;1;moderate
DEBB021;"'2016-04-04 06:00'";33;6;59;21;1;moderate
DEBB021;"'2016-04-04 07:00'";39;2;63;23;1;poor
DEBB021;"'2016-04-04 08:00'";37;3;62;23;1;poor
DEBB021;"'2016-04-04 09:00'";48;7;67;24;1;poor
DEBB021;"'2016-04-04 10:00'";46;12;57;24;1;moderate
DEBB021;"'2016-04-04 11:00'";41;25;47;23;2;moderate
DEBB021;"'2016-04-04 12:00'";36;48;28;21;4;moderate
DEBB021;"'2016-04-04 13:00'";39;57;18;21;3;moderate
DEBB021;"'2016-04-04 14:00'";35;64;14;21;3;moderate
DEBB021;"'2016-04-04 15:00'";32;70;13;21;3;moderate
DEBB021;"'2016-04-04 16:00'";34;73;15;20;3;moderate
DEBB021;"'2016-04-04 17:00'";39;74;18;20;4;moderate
DEBB021;"'2016-04-04 18:00'";35;77;14;20;3;moderate
DEBB021;"'2016-04-04 19:00'";40;73;18;22;4;moderate
DEBB021;"'2016-04-04 20:00'";42;51;38;23;3;moderate
DEBB021;"'2016-04-04 21:00'";47;16;77;29;2;poor
DEBB021;"'2016-04-04 22:00'";47;15;73;30;2;poor
DEBB021;"'2016-04-04 23:00'";52;23;49;29;1;moderate
DEBB021;"'2016-04-04 24:00'";45;10;55;30;1;moderate
DEBB021;"'2016-04-05 01:00'";43;3;54;30;1;moderate
DEBB021;"'2016-04-05 02:00'";40;8;39;30;1;moderate
DEBB021;"'2016-04-05 03:00'";39;3;39;29;1;moderate
DEBB021;"'2016-04-05 04:00'";38;2;39;29;1;moderate
DEBB021;"'2016-04-05 05:00'";42;12;35;34;1;poor
DEBB021;"'2016-04-05 06:00'";45;11;36;35;1;poor
DEBB021;"'2016-04-05 07:00'";46;8;45;36;1;poor
DEBB021;"'2016-04-05 08:00'";50;5;54;37;1;poor
DEBB021;"'2016-04-05 09:00'";50;7;45;36;1;poor
DEBB021;"'2016-04-05 10:00'";48;16;39;37;1;poor
DEBB021;"'2016-04-05 11:00'";62;12;56;42;2;poor
DEBB021;"'2016-04-05 12:00'";65;36;47;43;9;poor
DEBB021;"'2016-04-05 13:00'";55;63;30;36;11;poor
DEBB021;"'2016-04-05 14:00'";49;74;26;31;8;poor
DEBB021;"'2016-04-05 15:00'";40;93;17;25;9;moderate
DEBB021;"'2016-04-05 16:00'";46;89;19;27;10;moderate
DEBB021;"'2016-04-05 17:00'";42;88;20;27;12;moderate
DEBB021;"'2016-04-05 18:00'";39;93;17;23;6;moderate
DEBB021;"'2016-04-05 19:00'";45;85;18;31;5;poor
DEBB021;"'2016-04-05 20:00'";46;68;16;34;3;poor
DEBB021;"'2016-04-05 21:00'";47;61;22;33;2;poor
DEBB021;"'2016-04-05 22:00'";26;73;10;16;2;moderate
DEBB021;"'2016-04-05 23:00'";16;71;8;6;1;good
DEBB021;"'2016-04-05 24:00'";11;51;11;10;1;good
DEBB021;"'2016-04-06 01:00'";6;67;5;6;1;good
DEBB021;"'2016-04-06 02:00'";6;77;2;6;1;moderate
DEBB021;"'2016-04-06 03:00'";10;70;5;9;1;good
DEBB021;"'2016-04-06 04:00'";15;62;7;14;1;good
DEBB021;"'2016-04-06 05:00'";19;55;10;18;1;moderate
DEBB021;"'2016-04-06 06:00'";23;50;13;22;1;moderate
DEBB021;"'2016-04-06 07:00'";26;41;21;24;1;moderate
DEBB021;"'2016-04-06 08:00'";31;36;25;27;1;moderate
DEBB021;"'2016-04-06 09:00'";34;41;20;29;1;moderate
DEBB021;"'2016-04-06 10:00'";29;57;14;25;1;moderate
DEBB021;"'2016-04-06 11:00'";26;66;14;20;1;moderate
DEBB021;"'2016-04-06 12:00'";25;70;10;20;1;moderate
DEBB021;"'2016-04-06 13:00'";26;66;13;21;1;moderate
DEBB021;"'2016-04-06 14:00'";10;74;13;8;1;moderate
DEBB021;"'2016-04-06 15:00'";19;74;10;16;1;moderate
DEBB021;"'2016-04-06 16:00'";15;85;7;13;1;moderate
DEBB021;"'2016-04-06 17:00'";15;87;9;12;1;moderate
DEBB021;"'2016-04-06 18:00'";13;82;11;10;1;moderate
DEBB021;"'2016-04-06 19:00'";12;80;11;9;1;moderate
DEBB021;"'2016-04-06 20:00'";10;72;17;6;1;good
DEBB021;"'2016-04-06 21:00'";10;64;22;6;1;good
DEBB021;"'2016-04-06 22:00'";8;70;14;6;1;good
DEBB021;"'2016-04-06 23:00'";9;69;11;7;1;good
DEBB021;"'2016-04-06 24:00'";10;68;9;8;1;good
DEBB021;"'2016-04-07 01:00'";11;64;10;9;1;good
DEBB021;"'2016-04-07 02:00'";12;61;10;11;1;good
DEBB021;"'2016-04-07 03:00'";13;62;10;11;1;good
DEBB021;"'2016-04-07 04:00'";10;68;7;8;1;good
DEBB021;"'2016-04-07 05:00'";7;71;6;6;1;good
DEBB021;"'2016-04-07 06:00'";9;71;9;8;1;good
DEBB021;"'2016-04-07 07:00'";11;62;21;8;1;good
DEBB021;"'2016-04-07 08:00'";14;51;31;9;1;moderate
DEBB021;"'2016-04-07 09:00'";11;64;20;7;1;good
DEBB021;"'2016-04-07 10:00'";12;69;17;8;1;good
DEBB021;"'2016-04-07 11:00'";13;71;12;9;1;good
DEBB021;"'2016-04-07 12:00'";14;71;12;9;1;good
DEBB021;"'2016-04-07 13:00'";15;70;13;9;1;good
DEBB021;"'2016-04-07 14:00'";14;71;12;9;1;good
DEBB021;"'2016-04-07 15:00'";12;71;11;7;1;good
DEBB021;"'2016-04-07 16:00'";10;73;13;6;1;moderate
DEBB021;"'2016-04-07 17:00'";11;75;11;6;1;moderate
DEBB021;"'2016-04-07 18:00'";11;77;9;6;1;moderate
DEBB021;"'2016-04-07 19:00'";10;77;10;6;1;moderate
DEBB021;"'2016-04-07 20:00'";11;66;18;7;1;good
DEBB021;"'2016-04-07 21:00'";10;62;20;7;1;good
DEBB021;"'2016-04-07 22:00'";10;55;22;7;1;good
DEBB021;"'2016-04-07 23:00'";11;51;23;7;1;good
DEBB021;"'2016-04-07 24:00'";10;48;22;8;1;good
DEBB021;"'2016-04-08 01:00'";11;46;22;8;1;good
DEBB021;"'2016-04-08 02:00'";12;33;30;9;1;good
DEBB021;"'2016-04-08 03:00'";16;16;45;13;1;moderate
DEBB021;"'2016-04-08 04:00'";12;29;28;9;1;good
DEBB021;"'2016-04-08 05:00'";11;32;18;9;1;good
DEBB021;"'2016-04-08 06:00'";11;29;26;9;1;good
DEBB021;"'2016-04-08 07:00'";14;12;49;10;1;moderate
DEBB021;"'2016-04-08 08:00'";16;17;43;10;1;moderate
DEBB021;"'2016-04-08 09:00'";16;27;36;9;1;moderate
DEBB021;"'2016-04-08 10:00'";16;49;16;13;2;good
DEBB021;"'2016-04-08 11:00'";16;58;11;13;1;good
DEBB021;"'2016-04-08 12:00'";20;62;9;17;1;moderate
DEBB021;"'2016-04-08 13:00'";21;65;8;17;1;moderate
DEBB021;"'2016-04-08 14:00'";19;69;7;12;1;good
DEBB021;"'2016-04-08 15:00'";15;71;8;11;1;good
DEBB021;"'2016-04-08 16:00'";15;73;8;10;1;moderate
DEBB021;"'2016-04-08 17:00'";17;72;8;11;1;good
DEBB021;"'2016-04-08 18:00'";16;71;9;12;1;good
DEBB021;"'2016-04-08 19:00'";19;67;11;15;1;good
DEBB021;"'2016-04-08 20:00'";22;60;14;17;1;moderate
DEBB021;"'2016-04-08 21:00'";27;49;21;22;1;moderate
DEBB021;"'2016-04-08 22:00'";30;44;23;24;1;moderate
DEBB021;"'2016-04-08 23:00'";27;30;32;21;1;moderate
DEBB021;"'2016-04-08 24:00'";29;8;52;22;1;moderate
DEBB021;"'2016-04-09 01:00'";33;2;54;26;1;moderate
DEBB021;"'2016-04-09 02:00'";31;3;44;25;1;moderate
DEBB021;"'2016-04-09 03:00'";31;4;38;25;1;moderate
DEBB021;"'2016-04-09 04:00'";33;2;39;28;1;moderate
DEBB021;"'2016-04-09 05:00'";33;2;37;29;1;moderate
DEBB021;"'2016-04-09 06:00'";32;5;33;28;1;moderate
DEBB021;"'2016-04-09 07:00'";36;7;30;30;1;moderate
DEBB021;"'2016-04-09 08:00'";36;6;33;31;1;poor
DEBB021;"'2016-04-09 09:00'";33;21;27;30;1;moderate
DEBB021;"'2016-04-09 10:00'";31;47;14;24;1;moderate
DEBB021;"'2016-04-09 11:00'";23;60;10;20;1;moderate
DEBB021;"'2016-04-09 12:00'";23;66;11;18;1;moderate
DEBB021;"'2016-04-09 13:00'";19;76;7;15;1;moderate
DEBB021;"'2016-04-09 14:00'";19;75;13;14;1;moderate
DEBB021;"'2016-04-09 15:00'";18;77;10;14;1;moderate
DEBB021;"'2016-04-09 16:00'";18;77;12;14;1;moderate
DEBB021;"'2016-04-09 17:00'";18;79;12;14;1;moderate
DEBB021;"'2016-04-09 18:00'";18;79;12;14;1;moderate
DEBB021;"'2016-04-09 19:00'";18;80;10;13;1;moderate
DEBB021;"'2016-04-09 20:00'";26;72;12;20;1;moderate
DEBB021;"'2016-04-09 21:00'";28;65;15;24;1;moderate
DEBB021;"'2016-04-09 22:00'";34;52;26;28;1;moderate
DEBB021;"'2016-04-09 23:00'";48;38;35;36;1;poor
DEBB021;"'2016-04-09 24:00'";40;49;20;33;1;poor
DEBB021;"'2016-04-10 01:00'";30;49;19;26;1;moderate
DEBB021;"'2016-04-10 02:00'";19;68;11;16;1;moderate
DEBB021;"'2016-04-10 03:00'";15;68;10;13;1;good
DEBB021;"'2016-04-10 04:00'";15;62;11;13;1;good
DEBB021;"'2016-04-10 05:00'";16;61;10;14;1;good
DEBB021;"'2016-04-10 06:00'";18;56;11;15;1;good
DEBB021;"'2016-04-10 07:00'";19;48;16;16;1;moderate
DEBB021;"'2016-04-10 08:00'";19;48;15;16;1;moderate
DEBB021;"'2016-04-10 09:00'";21;47;15;18;1;moderate
DEBB021;"'2016-04-10 10:00'";24;55;10;21;1;moderate
DEBB021;"'2016-04-10 11:00'";21;71;7;18;1;moderate
DEBB021;"'2016-04-10 12:00'";23;72;8;18;1;moderate
DEBB021;"'2016-04-10 13:00'";17;77;8;15;1;moderate
DEBB021;"'2016-04-10 14:00'";14;83;7;11;1;moderate
DEBB021;"'2016-04-10 15:00'";12;84;7;11;1;moderate
DEBB021;"'2016-04-10 16:00'";13;83;8;10;1;moderate
DEBB021;"'2016-04-10 17:00'";10;81;9;8;1;moderate
DEBB021;"'2016-04-10 18:00'";9;82;8;7;1;moderate
DEBB021;"'2016-04-10 19:00'";9;81;9;7;1;moderate
DEBB021;"'2016-04-10 20:00'";16;77;10;11;1;moderate
DEBB021;"'2016-04-10 21:00'";14;72;11;13;1;good
DEBB021;"'2016-04-10 22:00'";18;65;14;16;1;moderate
DEBB021;"'2016-04-10 23:00'";24;52;23;21;1;moderate
DEBB021;"'2016-04-10 24:00'";23;43;25;21;1;moderate
DEBB021;"'2016-04-11 01:00'";24;39;23;22;1;moderate
DEBB021;"'2016-04-11 02:00'";23;41;20;21;1;moderate
DEBB021;"'2016-04-11 03:00'";18;47;16;16;1;moderate
DEBB021;"'2016-04-11 04:00'";15;48;12;13;1;good
DEBB021;"'2016-04-11 05:00'";14;45;13;13;1;good
DEBB021;"'2016-04-11 06:00'";14;41;17;12;3;good
DEBB021;"'2016-04-11 07:00'";15;32;25;12;2;good
DEBB021;"'2016-04-11 08:00'";17;24;36;13;3;moderate
DEBB021;"'2016-04-11 09:00'";20;19;42;15;4;moderate
DEBB021;"'2016-04-11 10:00'";22;19;43;15;4;moderate
DEBB021;"'2016-04-11 11:00'";28;29;41;17;5;moderate
DEBB021;"'2016-04-11 12:00'";29;42;37;16;4;moderate
DEBB021;"'2016-04-11 13:00'";30;46;31;17;3;moderate
DEBB021;"'2016-04-11 14:00'";40;48;27;19;1;moderate
DEBB021;"'2016-04-11 15:00'";34;47;27;18;1;moderate
DEBB021;"'2016-04-11 16:00'";38;47;28;19;3;moderate
DEBB021;"'2016-04-11 17:00'";32;48;26;19;2;moderate
DEBB021;"'2016-04-11 18:00'";30;48;27;18;2;moderate
DEBB021;"'2016-04-11 19:00'";29;54;22;16;2;moderate
DEBB021;"'2016-04-11 20:00'";26;48;25;16;4;moderate
DEBB021;"'2016-04-11 21:00'";24;46;24;15;4;good
DEBB021;"'2016-04-11 22:00'";29;36;32;16;4;moderate
DEBB021;"'2016-04-11 23:00'";24;36;29;16;3;moderate
DEBB021;"'2016-04-11 24:00'";20;48;18;15;1;good
DEBB021;"'2016-04-12 01:00'";23;48;16;15;1;good
DEBB021;"'2016-04-12 02:00'";22;46;18;15;1;good
DEBB021;"'2016-04-12 03:00'";21;38;20;15;1;good
DEBB021;"'2016-04-12 04:00'";21;36;18;15;1;good
DEBB021;"'2016-04-12 05:00'";21;38;18;15;1;good
DEBB021;"'2016-04-12 06:00'";21;32;24;15;1;good
DEBB021;"'2016-04-12 07:00'";24;25;31;16;1;moderate
DEBB021;"'2016-04-12 08:00'";29;20;41;17;1;moderate
DEBB021;"'2016-04-12 09:00'";39;20;45;20;1;moderate
DEBB021;"'2016-04-12 10:00'";40;17;46;21;1;moderate
DEBB021;"'2016-04-12 11:00'";46;17;46;23;1;moderate
DEBB021;"'2016-04-12 12:00'";47;22;36;25;1;moderate
DEBB021;"'2016-04-12 13:00'";49;24;34;27;1;moderate
DEBB021;"'2016-04-12 14:00'";51;24;34;28;1;moderate
DEBB021;"'2016-04-12 15:00'";61;25;37;30;1;poor
DEBB021;"'2016-04-12 16:00'";66;27;36;31;1;poor
DEBB021;"'2016-04-12 17:00'";57;40;26;30;1;poor
DEBB021;"'2016-04-12 18:00'";52;46;26;28;1;moderate
DEBB021;"'2016-04-12 19:00'";51;52;23;27;1;moderate
DEBB021;"'2016-04-12 20:00'";50;45;25;29;1;moderate
DEBB021;"'2016-04-12 21:00'";51;27;36;31;1;poor
DEBB021;"'2016-04-12 22:00'";45;20;34;34;1;poor
DEBB021;"'2016-04-12 23:00'";48;11;40;36;1;poor
DEBB021;"'2016-04-12 24:00'";49;4;45;36;1;poor
DEBB021;"'2016-04-13 01:00'";49;14;33;37;1;poor
DEBB021;"'2016-04-13 02:00'";48;14;31;38;1;poor
DEBB021;"'2016-04-13 03:00'";45;14;29;39;1;poor
DEBB021;"'2016-04-13 04:00'";45;11;27;40;1;poor
DEBB021;"'2016-04-13 05:00'";46;3;35;40;1;poor
DEBB021;"'2016-04-13 06:00'";47;2;36;40;1;poor
DEBB021;"'2016-04-13 07:00'";48;2;36;41;1;poor
DEBB021;"'2016-04-13 08:00'";48;2;37;42;1;poor
DEBB021;"'2016-04-13 09:00'";52;2;45;43;1;poor
DEBB021;"'2016-04-13 10:00'";49;14;28;41;1;poor
DEBB021;"'2016-04-13 11:00'";46;29;21;40;1;poor
DEBB021;"'2016-04-13 12:00'";47;42;17;39;1;poor
DEBB021;"'2016-04-13 13:00'";34;69;11;29;1;moderate
DEBB021;"'2016-04-13 14:00'";31;78;7;27;1;moderate
DEBB021;"'2016-04-13 15:00'";30;80;8;25;1;moderate
DEBB021;"'2016-04-13 16:00'";32;81;12;26;1;moderate
DEBB021;"'2016-04-13 17:00'";27;83;11;22;1;moderate
DEBB021;"'2016-04-13 18:00'";22;85;8;19;1;moderate
DEBB021;"'2016-04-13 19:00'";22;87;6;19;1;moderate
DEBB021;"'2016-04-13 20:00'";23;80;12;20;1;moderate
DEBB021;"'2016-04-13 21:00'";29;69;11;26;1;moderate
DEBB021;"'2016-04-13 22:00'";31;64;9;29;1;moderate
DEBB021;"'2016-04-13 23:00'";28;64;8;27;1;moderate
DEBB021;"'2016-04-13 24:00'";27;61;7;26;1;moderate
DEBB021;"'2016-04-14 01:00'";28;55;8;27;1;moderate
DEBB021;"'2016-04-14 02:00'";29;52;8;27;1;moderate
DEBB021;"'2016-04-14 03:00'";28;48;7;26;1;moderate
DEBB021;"'2016-04-14 04:00'";27;43;8;25;1;moderate
DEBB021;"'2016-04-14 05:00'";31;38;8;29;1;moderate
DEBB021;"'2016-04-14 06:00'";34;42;9;32;1;poor
DEBB021;"'2016-04-14 07:00'";33;39;15;31;1;poor
DEBB021;"'2016-04-14 08:00'";26;35;21;24;1;moderate
DEBB021;"'2016-04-14 09:00'";16;34;23;16;1;moderate
DEBB021;"'2016-04-14 10:00'";15;34;22;14;1;good
DEBB021;"'2016-04-14 11:00'";21;42;16;20;1;moderate
DEBB021;"'2016-04-14 12:00'";24;44;16;22;1;moderate
DEBB021;"'2016-04-14 13:00'";27;49;12;24;1;moderate
DEBB021;"'2016-04-14 14:00'";28;47;11;26;1;moderate
DEBB021;"'2016-04-14 15:00'";23;52;10;21;1;moderate
DEBB021;"'2016-04-14 16:00'";19;57;13;17;1;moderate
DEBB021;"'2016-04-14 17:00'";20;64;13;18;1;moderate
DEBB021;"'2016-04-14 18:00'";18;71;10;16;1;moderate
DEBB021;"'2016-04-14 19:00'";17;73;10;15;1;moderate
DEBB021;"'2016-04-14 20:00'";17;70;12;15;1;good
DEBB021;"'2016-04-14 21:00'";22;50;31;18;1;moderate
DEBB021;"'2016-04-14 22:00'";22;42;26;18;1;moderate
DEBB021;"'2016-04-14 23:00'";20;34;21;17;1;moderate
DEBB021;"'2016-04-14 24:00'";22;26;25;18;1;moderate
DEBB021;"'2016-04-15 01:00'";25;6;42;21;1;moderate
DEBB021;"'2016-04-15 02:00'";27;2;46;23;1;moderate
DEBB021;"'2016-04-15 03:00'";26;2;40;23;1;moderate
DEBB021;"'2016-04-15 04:00'";24;3;41;22;1;moderate
DEBB021;"'2016-04-15 05:00'";23;12;29;21;1;moderate
DEBB021;"'2016-04-15 06:00'";22;6;38;21;1;moderate
DEBB021;"'2016-04-15 07:00'";25;2;42;22;1;moderate
DEBB021;"'2016-04-15 08:00'";30;4;47;25;1;moderate
DEBB021;"'2016-04-15 09:00'";30;13;39;26;1;moderate
DEBB021;"'2016-04-15 10:00'";31;35;24;26;1;moderate
DEBB021;"'2016-04-15 11:00'";24;58;14;20;1;moderate
DEBB021;"'2016-04-15 12:00'";22;58;16;17;1;moderate
DEBB021;"'2016-04-15 13:00'";24;49;19;21;1;moderate
DEBB021;"'2016-04-15 14:00'";24;37;26;22;1;moderate
DEBB021;"'2016-04-15 15:00'";25;36;23;23;1;moderate
DEBB021;"'2016-04-15 16:00'";25;32;29;23;1;moderate
DEBB021;"'2016-04-15 17:00'";23;35;23;22;1;moderate
DEBB021;"'2016-04-15 18:00'";19;41;20;18;1;moderate
DEBB021;"'2016-04-15 19:00'";14;47;17;13;1;good
DEBB021;"'2016-04-15 20:00'";4;56;22;4;1;good
DEBB021;"'2016-04-15 21:00'";7;48;22;6;1;good
DEBB021;"'2016-04-15 22:00'";9;45;21;8;1;good
DEBB021;"'2016-04-15 23:00'";11;42;19;10;1;good
DEBB021;"'2016-04-15 24:00'";15;24;29;14;1;good
DEBB021;"'2016-04-16 01:00'";21;11;36;19;1;moderate
DEBB021;"'2016-04-16 02:00'";20;19;26;18;1;moderate
DEBB021;"'2016-04-16 03:00'";16;21;22;15;1;good
DEBB021;"'2016-04-16 04:00'";14;23;20;13;1;good
DEBB021;"'2016-04-16 05:00'";13;17;22;12;1;good
DEBB021;"'2016-04-16 06:00'";11;23;17;10;1;good
DEBB021;"'2016-04-16 07:00'";9;29;17;8;1;good
DEBB021;"'2016-04-16 08:00'";11;16;24;10;1;good
DEBB021;"'2016-04-16 09:00'";9;34;15;7;1;good
DEBB021;"'2016-04-16 10:00'";9;33;16;7;1;good
DEBB021;"'2016-04-16 11:00'";13;31;19;11;1;good
DEBB021;"'2016-04-16 12:00'";10;35;16;8;1;good
DEBB021;"'2016-04-16 13:00'";9;39;17;8;1;good
DEBB021;"'2016-04-16 14:00'";6;52;17;5;1;good
DEBB021;"'2016-04-16 15:00'";4;55;19;4;1;good
DEBB021;"'2016-04-16 16:00'";4;67;11;2;1;good
DEBB021;"'2016-04-16 17:00'";5;73;8;3;1;moderate
DEBB021;"'2016-04-16 18:00'";6;68;10;4;1;good
DEBB021;"'2016-04-16 19:00'";5;63;12;4;1;good
DEBB021;"'2016-04-16 20:00'";5;51;24;3;1;good
DEBB021;"'2016-04-16 21:00'";8;36;34;6;1;moderate
DEBB021;"'2016-04-16 22:00'";6;45;14;5;1;good
DEBB021;"'2016-04-16 23:00'";8;48;13;7;1;good
DEBB021;"'2016-04-16 24:00'";8;45;11;7;1;good
DEBB021;"'2016-04-17 01:00'";9;35;15;8;1;good
DEBB021;"'2016-04-17 02:00'";7;38;14;6;1;good
DEBB021;"'2016-04-17 03:00'";10;39;15;8;2;good
DEBB021;"'2016-04-17 04:00'";10;53;9;10;1;good
DEBB021;"'2016-04-17 05:00'";14;62;6;14;1;good
DEBB021;"'2016-04-17 06:00'";16;59;6;15;1;good
DEBB021;"'2016-04-17 07:00'";17;52;7;16;1;moderate
DEBB021;"'2016-04-17 08:00'";9;62;5;9;1;good
DEBB021;"'2016-04-17 09:00'";5;64;5;4;1;good
DEBB021;"'2016-04-17 10:00'";4;63;7;3;1;good
DEBB021;"'2016-04-17 11:00'";9;65;7;8;1;good
DEBB021;"'2016-04-17 12:00'";10;69;6;9;1;good
DEBB021;"'2016-04-17 13:00'";8;72;5;7;1;good
DEBB021;"'2016-04-17 14:00'";7;75;5;6;1;moderate
DEBB021;"'2016-04-17 15:00'";6;75;6;5;1;moderate
DEBB021;"'2016-04-17 16:00'";5;76;6;4;1;moderate
DEBB021;"'2016-04-17 17:00'";6;77;5;5;1;moderate
DEBB021;"'2016-04-17 18:00'";5;79;5;4;1;moderate
DEBB021;"'2016-04-17 19:00'";7;77;5;4;1;moderate
DEBB021;"'2016-04-17 20:00'";7;68;14;4;1;good
DEBB021;"'2016-04-17 21:00'";6;63;17;4;1;good
DEBB021;"'2016-04-17 22:00'";6;58;13;5;1;good
DEBB021;"'2016-04-17 23:00'";6;49;16;5;1;good
DEBB021;"'2016-04-17 24:00'";7;47;16;6;1;good
DEBB021;"'2016-04-18 01:00'";6;52;11;4;1;good
DEBB021;"'2016-04-18 02:00'";6;50;13;5;1;good
DEBB021;"'2016-04-18 03:00'";7;58;7;5;1;good
DEBB021;"'2016-04-18 04:00'";7;51;10;5;1;good
DEBB021;"'2016-04-18 05:00'";8;45;12;5;1;good
DEBB021;"'2016-04-18 06:00'";10;24;31;7;1;moderate
DEBB021;"'2016-04-18 07:00'";10;20;34;7;1;moderate
DEBB021;"'2016-04-18 08:00'";10;18;39;7;1;moderate
DEBB021;"'2016-04-18 09:00'";13;38;29;8;1;good
DEBB021;"'2016-04-18 10:00'";11;64;10;7;1;good
DEBB021;"'2016-04-18 11:00'";9;67;10;6;1;good
DEBB021;"'2016-04-18 12:00'";8;70;8;5;1;good
DEBB021;"'2016-04-18 13:00'";7;70;7;5;1;good
DEBB021;"'2016-04-18 14:00'";6;74;7;4;1;moderate
DEBB021;"'2016-04-18 15:00'";6;77;7;4;1;moderate
DEBB021;"'2016-04-18 16:00'";6;79;8;4;1;moderate
DEBB021;"'2016-04-18 17:00'";10;78;10;5;1;moderate
DEBB021;"'2016-04-18 18:00'";12;79;9;6;1;moderate
DEBB021;"'2016-04-18 19:00'";8;77;10;6;1;moderate
DEBB021;"'2016-04-18 20:00'";10;73;11;7;1;moderate
DEBB021;"'2016-04-18 21:00'";12;66;15;9;1;good
DEBB021;"'2016-04-18 22:00'";14;60;18;10;1;good
DEBB021;"'2016-04-18 23:00'";12;60;16;9;1;good
DEBB021;"'2016-04-18 24:00'";13;62;12;10;1;good
DEBB021;"'2016-04-19 01:00'";15;61;11;12;1;good
DEBB021;"'2016-04-19 02:00'";15;59;12;13;1;good
DEBB021;"'2016-04-19 03:00'";19;58;13;17;1;moderate
DEBB021;"'2016-04-19 04:00'";21;60;10;19;1;moderate
DEBB021;"'2016-04-19 05:00'";20;58;11;18;1;moderate
DEBB021;"'2016-04-19 06:00'";13;67;9;10;1;good
DEBB021;"'2016-04-19 07:00'";12;64;13;10;1;good
DEBB021;"'2016-04-19 08:00'";15;58;16;12;1;good
DEBB021;"'2016-04-19 09:00'";17;60;11;14;1;good
DEBB021;"'2016-04-19 10:00'";17;66;10;14;1;good
DEBB021;"'2016-04-19 11:00'";14;69;9;11;1;good
DEBB021;"'2016-04-19 12:00'";13;70;8;10;1;good
DEBB021;"'2016-04-19 13:00'";10;73;6;6;1;moderate
DEBB021;"'2016-04-19 14:00'";10;75;5;5;1;moderate
DEBB021;"'2016-04-19 15:00'";12;73;6;6;1;moderate
DEBB021;"'2016-04-19 16:00'";11;70;8;6;1;good
DEBB021;"'2016-04-19 17:00'";12;74;8;5;1;moderate
DEBB021;"'2016-04-19 18:00'";11;78;7;4;1;moderate
DEBB021;"'2016-04-19 19:00'";11;76;6;4;1;moderate
DEBB021;"'2016-04-19 20:00'";11;76;6;5;1;moderate
DEBB021;"'2016-04-19 21:00'";11;76;6;6;1;moderate
DEBB021;"'2016-04-19 22:00'";9;74;6;6;1;moderate
DEBB021;"'2016-04-19 23:00'";7;73;5;5;1;moderate
DEBB021;"'2016-04-19 24:00'";8;72;3;5;1;good
DEBB021;"'2016-04-20 01:00'";8;70;2;6;1;good
DEBB021;"'2016-04-20 02:00'";8;69;2;6;1;good
DEBB021;"'2016-04-20 03:00'";8;70;2;6;1;good
DEBB021;"'2016-04-20 04:00'";8;68;3;6;1;good
DEBB021;"'2016-04-20 05:00'";9;68;3;7;1;good
DEBB021;"'2016-04-20 06:00'";10;67;4;7;1;good
DEBB021;"'2016-04-20 07:00'";11;60;11;7;1;good
DEBB021;"'2016-04-20 08:00'";11;56;17;7;1;good
DEBB021;"'2016-04-20 09:00'";11;59;13;7;1;good
DEBB021;"'2016-04-20 10:00'";11;63;8;7;1;good
DEBB021;"'2016-04-20 11:00'";11;65;7;6;1;good
DEBB021;"'2016-04-20 12:00'";11;67;6;6;1;good
DEBB021;"'2016-04-20 13:00'";13;69;6;6;1;good
DEBB021;"'2016-04-20 14:00'";11;72;5;6;1;good
DEBB021;"'2016-04-20 15:00'";11;74;5;6;1;moderate
DEBB021;"'2016-04-20 16:00'";10;73;6;6;1;moderate
DEBB021;"'2016-04-20 17:00'";13;72;10;7;1;good
DEBB021;"'2016-04-20 18:00'";13;73;8;7;1;moderate
DEBB021;"'2016-04-20 19:00'";13;73;9;8;1;moderate
DEBB021;"'2016-04-20 20:00'";13;70;11;8;1;good
DEBB021;"'2016-04-20 21:00'";14;63;16;8;1;good
DEBB021;"'2016-04-20 22:00'";16;59;15;10;1;good
DEBB021;"'2016-04-20 23:00'";15;59;14;10;1;good
DEBB021;"'2016-04-20 24:00'";15;60;10;10;1;good
DEBB021;"'2016-04-21 01:00'";14;57;10;9;1;good
DEBB021;"'2016-04-21 02:00'";16;46;18;11;1;good
DEBB021;"'2016-04-21 03:00'";15;40;21;10;1;good
DEBB021;"'2016-04-21 04:00'";13;33;25;10;1;good
DEBB021;"'2016-04-21 05:00'";14;26;29;11;1;good
DEBB021;"'2016-04-21 06:00'";16;20;35;12;1;moderate
DEBB021;"'2016-04-21 07:00'";17;14;46;12;1;moderate
DEBB021;"'2016-04-21 08:00'";17;26;33;13;1;moderate
DEBB021;"'2016-04-21 09:00'";17;44;20;12;1;good
DEBB021;"'2016-04-21 10:00'";19;58;11;12;1;good
DEBB021;"'2016-04-21 11:00'";18;69;9;12;1;good
DEBB021;"'2016-04-21 12:00'";17;74;6;11;1;moderate
DEBB021;"'2016-04-21 13:00'";17;77;6;11;1;moderate
DEBB021;"'2016-04-21 14:00'";17;81;4;11;1;moderate
DEBB021;"'2016-04-21 15:00'";15;83;5;9;1;moderate
DEBB021;"'2016-04-21 16:00'";14;83;7;7;1;moderate
DEBB021;"'2016-04-21 17:00'";16;84;8;7;1;moderate
DEBB021;"'2016-04-21 18:00'";12;85;7;6;1;moderate
DEBB021;"'2016-04-21 19:00'";10;85;7;5;1;moderate
DEBB021;"'2016-04-21 20:00'";12;83;8;6;1;moderate
DEBB021;"'2016-04-21 21:00'";14;73;13;7;1;moderate
DEBB021;"'2016-04-21 22:00'";15;69;16;8;1;good
DEBB021;"'2016-04-21 23:00'";18;51;29;10;1;good
DEBB021;"'2016-04-21 24:00'";16;60;17;9;1;good
DEBB021;"'2016-04-22 01:00'";15;62;9;10;1;good
DEBB021;"'2016-04-22 02:00'";15;64;7;11;1;good
DEBB021;"'2016-04-22 03:00'";15;62;7;11;1;good
DEBB021;"'2016-04-22 04:00'";14;59;6;11;1;good
DEBB021;"'2016-04-22 05:00'";12;58;6;10;1;good
DEBB021;"'2016-04-22 06:00'";11;60;7;9;1;good
DEBB021;"'2016-04-22 07:00'";13;55;14;11;1;good
DEBB021;"'2016-04-22 08:00'";14;53;18;12;1;good
DEBB021;"'2016-04-22 09:00'";14;59;13;10;1;good
DEBB021;"'2016-04-22 10:00'";13;65;8;9;1;good
DEBB021;"'2016-04-22 11:00'";12;-;8;8;1;good
DEBB021;"'2016-04-22 12:00'";12;71;6;8;1;good
DEBB021;"'2016-04-22 13:00'";12;72;6;7;1;good
DEBB021;"'2016-04-22 14:00'";11;75;5;6;1;moderate
DEBB021;"'2016-04-22 15:00'";11;76;5;5;1;moderate
DEBB021;"'2016-04-22 16:00'";11;78;5;6;1;moderate
DEBB021;"'2016-04-22 17:00'";13;78;9;5;1;moderate
DEBB021;"'2016-04-22 18:00'";10;79;6;5;1;moderate
DEBB021;"'2016-04-22 19:00'";10;80;5;5;1;moderate
DEBB021;"'2016-04-22 20:00'";10;78;7;6;1;moderate
DEBB021;"'2016-04-22 21:00'";16;65;17;10;1;good
DEBB021;"'2016-04-22 22:00'";20;43;34;12;1;moderate
DEBB021;"'2016-04-22 23:00'";18;37;30;9;1;good
DEBB021;"'2016-04-22 24:00'";18;41;27;13;1;good
DEBB021;"'2016-04-23 01:00'";14;54;11;10;1;good
DEBB021;"'2016-04-23 02:00'";12;54;8;8;1;good
DEBB021;"'2016-04-23 03:00'";11;53;9;7;1;good
DEBB021;"'2016-04-23 04:00'";10;54;7;7;1;good
DEBB021;"'2016-04-23 05:00'";11;56;7;7;1;good
DEBB021;"'2016-04-23 06:00'";11;53;8;8;1;good
DEBB021;"'2016-04-23 07:00'";12;50;11;9;1;good
DEBB021;"'2016-04-23 08:00'";12;50;14;9;1;good
DEBB021;"'2016-04-23 09:00'";13;53;8;9;1;good
DEBB021;"'2016-04-23 10:00'";13;59;7;7;1;good
DEBB021;"'2016-04-23 11:00'";12;66;6;7;1;good
DEBB021;"'2016-04-23 12:00'";12;71;5;6;1;good
DEBB021;"'2016-04-23 13:00'";11;76;3;5;1;moderate
DEBB021;"'2016-04-23 14:00'";12;77;6;5;1;moderate
DEBB021;"'2016-04-23 15:00'";10;78;5;4;1;moderate
DEBB021;"'2016-04-23 16:00'";10;80;5;5;1;moderate
DEBB021;"'2016-04-23 17:00'";9;82;4;4;1;moderate
DEBB021;"'2016-04-23 18:00'";10;79;6;4;1;moderate
DEBB021;"'2016-04-23 19:00'";11;78;6;5;1;moderate
DEBB021;"'2016-04-23 20:00'";10;78;7;5;1;moderate
DEBB021;"'2016-04-23 21:00'";8;76;7;5;1;moderate
DEBB021;"'2016-04-23 22:00'";6;79;5;5;1;moderate
DEBB021;"'2016-04-23 23:00'";6;75;6;5;1;moderate
DEBB021;"'2016-04-23 24:00'";5;72;5;4;1;good
DEBB021;"'2016-04-24 01:00'";5;72;5;4;1;good
DEBB021;"'2016-04-24 02:00'";4;70;4;4;1;good
DEBB021;"'2016-04-24 03:00'";4;65;5;4;1;good
DEBB021;"'2016-04-24 04:00'";4;63;5;4;1;good
DEBB021;"'2016-04-24 05:00'";5;58;6;4;1;good
DEBB021;"'2016-04-24 06:00'";7;61;5;6;1;good
DEBB021;"'2016-04-24 07:00'";8;60;5;7;1;good
DEBB021;"'2016-04-24 08:00'";6;57;7;5;1;good
DEBB021;"'2016-04-24 09:00'";6;60;5;5;1;good
DEBB021;"'2016-04-24 10:00'";7;64;5;7;1;good
DEBB021;"'2016-04-24 11:00'";7;65;7;6;1;good
DEBB021;"'2016-04-24 12:00'";7;67;6;6;1;good
DEBB021;"'2016-04-24 13:00'";6;72;5;5;1;good
DEBB021;"'2016-04-24 14:00'";5;80;2;4;1;moderate
DEBB021;"'2016-04-24 15:00'";4;85;3;4;1;moderate
DEBB021;"'2016-04-24 16:00'";5;86;2;4;1;moderate
DEBB021;"'2016-04-24 17:00'";6;84;3;3;1;moderate
DEBB021;"'2016-04-24 18:00'";5;76;5;3;1;moderate
DEBB021;"'2016-04-24 19:00'";4;76;3;3;1;moderate
DEBB021;"'2016-04-24 20:00'";4;75;6;3;1;moderate
DEBB021;"'2016-04-24 21:00'";4;65;16;3;1;good
DEBB021;"'2016-04-24 22:00'";2;69;6;2;1;good
DEBB021;"'2016-04-24 23:00'";2;66;7;2;1;good
DEBB021;"'2016-04-24 24:00'";2;64;5;2;1;good
DEBB021;"'2016-04-25 01:00'";2;64;5;2;1;good
DEBB021;"'2016-04-25 02:00'";3;61;5;3;1;good
DEBB021;"'2016-04-25 03:00'";4;59;2;4;1;good
DEBB021;"'2016-04-25 04:00'";6;55;3;6;1;good
DEBB021;"'2016-04-25 05:00'";11;54;5;11;1;good
DEBB021;"'2016-04-25 06:00'";12;54;7;12;1;good
DEBB021;"'2016-04-25 07:00'";15;47;15;15;1;good
DEBB021;"'2016-04-25 08:00'";19;42;18;18;1;moderate
DEBB021;"'2016-04-25 09:00'";19;48;17;19;1;moderate
DEBB021;"'2016-04-25 10:00'";19;50;15;18;1;moderate
DEBB021;"'2016-04-25 11:00'";10;63;10;9;1;good
DEBB021;"'2016-04-25 12:00'";6;73;8;5;1;moderate
DEBB021;"'2016-04-25 13:00'";6;77;8;4;1;moderate
DEBB021;"'2016-04-25 14:00'";8;78;7;4;1;moderate
DEBB021;"'2016-04-25 15:00'";9;77;7;5;1;moderate
DEBB021;"'2016-04-25 16:00'";9;78;8;4;1;moderate
DEBB021;"'2016-04-25 17:00'";9;81;10;3;1;moderate
DEBB021;"'2016-04-25 18:00'";9;79;9;4;1;moderate
DEBB021;"'2016-04-25 19:00'";8;79;8;4;1;moderate
DEBB021;"'2016-04-25 20:00'";8;76;9;5;1;moderate
DEBB021;"'2016-04-25 21:00'";8;68;15;5;1;good
DEBB021;"'2016-04-25 22:00'";7;69;12;5;1;good
DEBB021;"'2016-04-25 23:00'";8;66;10;6;1;good
DEBB021;"'2016-04-25 24:00'";7;63;9;6;1;good
DEBB021;"'2016-04-26 01:00'";7;60;9;6;1;good
DEBB021;"'2016-04-26 02:00'";8;59;8;7;1;good
DEBB021;"'2016-04-26 03:00'";8;60;6;7;1;good
DEBB021;"'2016-04-26 04:00'";8;59;5;8;1;good
DEBB021;"'2016-04-26 05:00'";8;57;6;7;1;good
DEBB021;"'2016-04-26 06:00'";7;49;11;7;1;good
DEBB021;"'2016-04-26 07:00'";7;44;17;7;1;good
DEBB021;"'2016-04-26 08:00'";8;40;22;7;1;good
DEBB021;"'2016-04-26 09:00'";10;36;28;8;1;good
DEBB021;"'2016-04-26 10:00'";6;63;14;6;1;good
DEBB021;"'2016-04-26 11:00'";7;72;9;6;1;good
DEBB021;"'2016-04-26 12:00'";9;76;8;9;1;moderate
DEBB021;"'2016-04-26 13:00'";11;74;11;9;1;moderate
DEBB021;"'2016-04-26 14:00'";8;80;9;6;1;moderate
DEBB021;"'2016-04-26 15:00'";5;81;8;4;1;moderate
DEBB021;"'2016-04-26 16:00'";5;80;8;3;1;moderate
DEBB021;"'2016-04-26 17:00'";5;79;8;3;1;moderate
DEBB021;"'2016-04-26 18:00'";8;79;10;4;1;moderate
DEBB021;"'2016-04-26 19:00'";4;79;13;3;1;moderate
DEBB021;"'2016-04-26 20:00'";6;74;14;5;1;moderate
DEBB021;"'2016-04-26 21:00'";4;73;12;3;1;moderate
DEBB021;"'2016-04-26 22:00'";4;68;12;4;1;good
DEBB021;"'2016-04-26 23:00'";7;55;17;7;1;good
DEBB021;"'2016-04-26 24:00'";6;58;13;6;1;good
DEBB021;"'2016-04-27 01:00'";7;57;10;6;1;good
DEBB021;"'2016-04-27 02:00'";5;63;7;4;1;good
DEBB021;"'2016-04-27 03:00'";5;63;7;5;1;good
DEBB021;"'2016-04-27 04:00'";5;62;6;5;1;good
DEBB021;"'2016-04-27 05:00'";6;62;6;6;1;good
DEBB021;"'2016-04-27 06:00'";8;57;9;7;1;good
DEBB021;"'2016-04-27 07:00'";8;51;16;7;1;good
DEBB021;"'2016-04-27 08:00'";8;52;19;6;1;good
DEBB021;"'2016-04-27 09:00'";7;60;14;5;1;good
DEBB021;"'2016-04-27 10:00'";7;60;13;6;1;good
DEBB021;"'2016-04-27 11:00'";8;60;13;6;1;good
DEBB021;"'2016-04-27 12:00'";9;59;11;7;1;good
DEBB021;"'2016-04-27 13:00'";8;60;11;7;1;good
DEBB021;"'2016-04-27 14:00'";8;60;12;7;1;good
DEBB021;"'2016-04-27 15:00'";8;61;12;6;1;good
DEBB021;"'2016-04-27 16:00'";9;62;12;7;1;good
DEBB021;"'2016-04-27 17:00'";8;71;15;5;1;good
DEBB021;"'2016-04-27 18:00'";3;71;14;3;1;good
DEBB021;"'2016-04-27 19:00'";4;69;14;3;1;good
DEBB021;"'2016-04-27 20:00'";5;72;11;5;1;good
DEBB021;"'2016-04-27 21:00'";5;76;11;5;1;moderate
DEBB021;"'2016-04-27 22:00'";7;55;16;7;1;good
DEBB021;"'2016-04-27 23:00'";5;62;11;5;1;good
DEBB021;"'2016-04-27 24:00'";5;69;7;4;1;good
DEBB021;"'2016-04-28 01:00'";4;74;6;4;1;moderate
DEBB021;"'2016-04-28 02:00'";6;66;6;5;1;good
DEBB021;"'2016-04-28 03:00'";10;63;7;9;1;good
DEBB021;"'2016-04-28 04:00'";11;64;7;11;1;good
DEBB021;"'2016-04-28 05:00'";11;63;6;11;1;good
DEBB021;"'2016-04-28 06:00'";13;62;9;12;1;good
DEBB021;"'2016-04-28 07:00'";15;57;15;14;1;good
DEBB021;"'2016-04-28 08:00'";16;55;19;14;1;good
DEBB021;"'2016-04-28 09:00'";17;59;19;14;1;good
DEBB021;"'2016-04-28 10:00'";14;71;14;11;1;good
DEBB021;"'2016-04-28 11:00'";12;76;12;9;1;moderate
DEBB021;"'2016-04-28 12:00'";13;80;11;10;1;moderate
DEBB021;"'2016-04-28 13:00'";10;82;9;8;1;moderate
DEBB021;"'2016-04-28 14:00'";9;81;10;7;1;moderate
DEBB021;"'2016-04-28 15:00'";9;79;10;7;1;moderate
DEBB021;"'2016-04-28 16:00'";5;85;8;4;1;moderate
DEBB021;"'2016-04-28 17:00'";7;84;11;5;1;moderate
DEBB021;"'2016-04-28 18:00'";3;88;10;2;1;moderate
DEBB021;"'2016-04-28 19:00'";4;80;14;4;1;moderate
DEBB021;"'2016-04-28 20:00'";4;77;13;3;1;moderate
DEBB021;"'2016-04-28 21:00'";6;52;30;5;1;good
DEBB021;"'2016-04-28 22:00'";5;74;15;4;1;moderate
DEBB021;"'2016-04-28 23:00'";3;80;13;3;1;moderate
DEBB021;"'2016-04-28 24:00'";5;69;14;5;1;good
DEBB021;"'2016-04-29 01:00'";7;51;19;7;1;good
DEBB021;"'2016-04-29 02:00'";8;44;23;7;1;good
DEBB021;"'2016-04-29 03:00'";12;31;26;11;1;good
DEBB021;"'2016-04-29 04:00'";14;27;27;13;1;good
DEBB021;"'2016-04-29 05:00'";14;22;29;13;1;good
DEBB021;"'2016-04-29 06:00'";15;18;32;14;1;moderate
DEBB021;"'2016-04-29 07:00'";16;10;45;14;1;moderate
DEBB021;"'2016-04-29 08:00'";15;20;40;14;1;moderate
DEBB021;"'2016-04-29 09:00'";14;41;25;12;1;good
DEBB021;"'2016-04-29 10:00'";13;54;17;11;1;good
DEBB021;"'2016-04-29 11:00'";13;69;14;10;1;good
DEBB021;"'2016-04-29 12:00'";12;84;13;9;1;moderate
DEBB021;"'2016-04-29 13:00'";12;88;11;9;1;moderate
DEBB021;"'2016-04-29 14:00'";11;92;11;8;1;moderate
DEBB021;"'2016-04-29 15:00'";9;95;10;7;1;moderate
DEBB021;"'2016-04-29 16:00'";9;98;10;6;1;moderate
DEBB021;"'2016-04-29 17:00'";10;96;14;6;1;moderate
DEBB021;"'2016-04-29 18:00'";9;97;11;7;1;moderate
DEBB021;"'2016-04-29 19:00'";10;98;9;7;1;moderate
DEBB021;"'2016-04-29 20:00'";11;92;13;7;1;moderate
DEBB021;"'2016-04-29 21:00'";10;81;21;7;1;moderate
DEBB021;"'2016-04-29 22:00'";13;67;28;10;1;good
DEBB021;"'2016-04-29 23:00'";13;54;39;11;1;moderate
DEBB021;"'2016-04-29 24:00'";17;48;38;14;1;moderate
DEBB021;"'2016-04-30 01:00'";16;50;36;14;1;moderate
DEBB021;"'2016-04-30 02:00'";17;50;32;14;1;moderate
DEBB021;"'2016-04-30 03:00'";15;55;29;12;1;good
DEBB021;"'2016-04-30 04:00'";15;58;23;12;1;good
DEBB021;"'2016-04-30 05:00'";16;56;23;13;1;good
DEBB021;"'2016-04-30 06:00'";18;48;30;13;1;good
DEBB021;"'2016-04-30 07:00'";19;45;34;13;1;moderate
DEBB021;"'2016-04-30 08:00'";20;46;35;16;1;moderate
DEBB021;"'2016-04-30 09:00'";21;55;24;16;1;moderate
DEBB021;"'2016-04-30 10:00'";21;64;19;16;1;moderate
DEBB021;"'2016-04-30 11:00'";19;75;14;16;4;moderate
DEBB021;"'2016-04-30 12:00'";18;82;15;13;2;moderate
DEBB021;"'2016-04-30 13:00'";14;93;10;9;1;moderate
DEBB021;"'2016-04-30 14:00'";13;101;12;8;1;moderate
DEBB021;"'2016-04-30 15:00'";12;105;9;8;1;moderate
DEBB021;"'2016-04-30 16:00'";12;106;7;8;1;moderate
DEBB021;"'2016-04-30 17:00'";11;107;7;6;1;moderate
DEBB021;"'2016-04-30 18:00'";9;107;7;6;1;moderate
DEBB021;"'2016-04-30 19:00'";9;109;7;5;1;moderate
DEBB021;"'2016-04-30 20:00'";8;105;10;5;1;moderate
DEBB021;"'2016-04-30 21:00'";14;92;18;8;1;moderate
DEBB021;"'2016-04-30 22:00'";16;94;16;12;3;moderate
DEBB021;"'2016-04-30 23:00'";20;92;16;17;2;moderate
DEBB021;"'2016-04-30 24:00'";23;90;14;19;1;moderate
DEBB021;"'2016-05-01 01:00'";26;84;17;21;1;moderate
DEBB021;"'2016-05-01 02:00'";25;67;17;22;1;moderate
DEBB021;"'2016-05-01 03:00'";28;60;15;25;1;moderate
DEBB021;"'2016-05-01 04:00'";29;60;11;26;1;moderate
DEBB021;"'2016-05-01 05:00'";27;52;12;25;1;moderate
DEBB021;"'2016-05-01 06:00'";28;48;14;25;1;moderate
DEBB021;"'2016-05-01 07:00'";29;51;14;26;1;moderate
DEBB021;"'2016-05-01 08:00'";31;57;15;27;1;moderate
DEBB021;"'2016-05-01 09:00'";31;68;17;28;2;moderate
DEBB021;"'2016-05-01 10:00'";28;78;15;24;4;moderate
DEBB021;"'2016-05-01 11:00'";20;96;9;16;1;moderate
DEBB021;"'2016-05-01 12:00'";16;103;7;13;2;moderate
DEBB021;"'2016-05-01 13:00'";13;110;6;10;1;moderate
DEBB021;"'2016-05-01 14:00'";13;112;6;10;1;moderate
DEBB021;"'2016-05-01 15:00'";15;112;6;12;1;moderate
DEBB021;"'2016-05-01 16:00'";15;115;8;11;1;moderate
DEBB021;"'2016-05-01 17:00'";14;120;6;10;1;moderate
DEBB021;"'2016-05-01 18:00'";13;122;7;10;1;moderate
DEBB021;"'2016-05-01 19:00'";14;120;9;11;1;moderate
DEBB021;"'2016-05-01 20:00'";17;116;10;13;1;moderate
DEBB021;"'2016-05-01 21:00'";20;106;13;16;1;moderate
DEBB021;"'2016-05-01 22:00'";20;102;11;16;1;moderate
DEBB021;"'2016-05-01 23:00'";15;106;9;11;1;moderate
DEBB021;"'2016-05-01 24:00'";11;99;17;9;1;moderate
DEBB021;"'2016-05-02 01:00'";11;102;12;9;1;moderate
DEBB021;"'2016-05-02 02:00'";12;101;8;9;1;moderate
DEBB021;"'2016-05-02 03:00'";12;96;7;10;1;moderate
DEBB021;"'2016-05-02 04:00'";13;87;10;11;1;moderate
DEBB021;"'2016-05-02 05:00'";14;78;12;12;1;moderate
DEBB021;"'2016-05-02 06:00'";16;64;17;13;1;good
DEBB021;"'2016-05-02 07:00'";19;50;34;15;1;moderate
DEBB021;"'2016-05-02 08:00'";24;38;44;17;1;moderate
DEBB021;"'2016-05-02 09:00'";25;56;31;16;1;moderate
DEBB021;"'2016-05-02 10:00'";18;76;18;12;1;moderate
DEBB021;"'2016-05-02 11:00'";14;85;20;9;2;moderate
DEBB021;"'2016-05-02 12:00'";13;91;20;7;2;moderate
DEBB021;"'2016-05-02 13:00'";10;100;13;5;1;moderate
DEBB021;"'2016-05-02 14:00'";11;105;11;6;1;moderate
DEBB021;"'2016-05-02 15:00'";10;108;10;6;1;moderate
DEBB021;"'2016-05-02 16:00'";13;107;10;7;1;moderate
DEBB021;"'2016-05-02 17:00'";16;108;11;6;1;moderate
DEBB021;"'2016-05-02 18:00'";14;105;9;6;1;moderate
DEBB021;"'2016-05-02 19:00'";12;102;8;5;1;moderate
DEBB021;"'2016-05-02 20:00'";12;97;10;5;1;moderate
DEBB021;"'2016-05-02 21:00'";10;89;13;5;1;moderate
DEBB021;"'2016-05-02 22:00'";15;60;31;7;1;moderate
DEBB021;"'2016-05-02 23:00'";18;37;45;12;1;moderate
DEBB021;"'2016-05-02 24:00'";17;31;41;12;1;moderate
DEBB021;"'2016-05-03 01:00'";17;27;44;13;1;moderate
DEBB021;"'2016-05-03 02:00'";16;20;44;13;1;moderate
DEBB021;"'2016-05-03 03:00'";16;10;40;13;1;moderate
DEBB021;"'2016-05-03 04:00'";15;13;32;12;1;moderate
DEBB021;"'2016-05-03 05:00'";18;7;39;15;1;moderate
DEBB021;"'2016-05-03 06:00'";17;2;52;14;1;moderate
DEBB021;"'2016-05-03 07:00'";20;15;48;16;1;moderate
DEBB021;"'2016-05-03 08:00'";25;13;60;18;1;moderate
DEBB021;"'2016-05-03 09:00'";36;18;65;18;1;poor
DEBB021;"'2016-05-03 10:00'";37;37;54;17;1;moderate
DEBB021;"'2016-05-03 11:00'";27;69;28;14;1;good
DEBB021;"'2016-05-03 12:00'";21;97;8;13;1;moderate
DEBB021;"'2016-05-03 13:00'";19;102;7;13;1;moderate
DEBB021;"'2016-05-03 14:00'";23;102;11;13;1;moderate
DEBB021;"'2016-05-03 15:00'";21;108;8;13;1;moderate
DEBB021;"'2016-05-03 16:00'";26;113;11;12;1;moderate
DEBB021;"'2016-05-03 17:00'";41;85;11;17;1;moderate
DEBB021;"'2016-05-03 18:00'";19;69;8;7;1;good
DEBB021;"'2016-05-03 19:00'";8;76;6;4;1;moderate
DEBB021;"'2016-05-03 20:00'";6;74;7;3;1;moderate
DEBB021;"'2016-05-03 21:00'";6;76;5;3;1;moderate
DEBB021;"'2016-05-03 22:00'";4;77;4;3;1;moderate
DEBB021;"'2016-05-03 23:00'";4;77;3;4;1;moderate
DEBB021;"'2016-05-03 24:00'";5;76;2;4;1;moderate
DEBB021;"'2016-05-04 01:00'";7;67;5;6;1;good
DEBB021;"'2016-05-04 02:00'";6;66;5;6;1;good
DEBB021;"'2016-05-04 03:00'";7;59;5;6;1;good
DEBB021;"'2016-05-04 04:00'";6;58;4;5;1;good
DEBB021;"'2016-05-04 05:00'";6;62;3;5;1;good
DEBB021;"'2016-05-04 06:00'";7;63;7;5;1;good
DEBB021;"'2016-05-04 07:00'";7;54;14;6;1;good
DEBB021;"'2016-05-04 08:00'";9;51;18;7;1;good
DEBB021;"'2016-05-04 09:00'";10;50;15;8;1;good
DEBB021;"'2016-05-04 10:00'";11;51;13;9;1;good
DEBB021;"'2016-05-04 11:00'";13;50;13;11;1;good
DEBB021;"'2016-05-04 12:00'";17;52;11;13;1;good
DEBB021;"'2016-05-04 13:00'";17;55;10;14;1;good
DEBB021;"'2016-05-04 14:00'";17;62;8;13;1;good
DEBB021;"'2016-05-04 15:00'";13;70;7;10;1;good
DEBB021;"'2016-05-04 16:00'";12;70;10;8;1;good
DEBB021;"'2016-05-04 17:00'";10;75;11;6;1;moderate
DEBB021;"'2016-05-04 18:00'";8;80;9;5;1;moderate
DEBB021;"'2016-05-04 19:00'";7;81;8;5;1;moderate
DEBB021;"'2016-05-04 20:00'";8;78;9;5;1;moderate
DEBB021;"'2016-05-04 21:00'";11;63;21;7;1;good
DEBB021;"'2016-05-04 22:00'";13;55;25;9;1;good
DEBB021;"'2016-05-04 23:00'";15;30;37;11;1;moderate
DEBB021;"'2016-05-04 24:00'";12;40;25;9;1;good
DEBB021;"'2016-05-05 01:00'";9;59;13;7;1;good
DEBB021;"'2016-05-05 02:00'";10;57;11;8;1;good
DEBB021;"'2016-05-05 03:00'";10;43;15;8;1;good
DEBB021;"'2016-05-05 04:00'";9;43;15;7;1;good
DEBB021;"'2016-05-05 05:00'";10;49;14;8;1;good
DEBB021;"'2016-05-05 06:00'";10;46;13;8;1;good
DEBB021;"'2016-05-05 07:00'";10;43;16;8;1;good
DEBB021;"'2016-05-05 08:00'";11;50;13;8;1;good
DEBB021;"'2016-05-05 09:00'";10;65;9;7;1;good
DEBB021;"'2016-05-05 10:00'";7;77;7;4;1;moderate
DEBB021;"'2016-05-05 11:00'";5;82;7;3;1;moderate
DEBB021;"'2016-05-05 12:00'";4;84;8;2;1;moderate
DEBB021;"'2016-05-05 13:00'";5;89;7;3;1;moderate
DEBB021;"'2016-05-05 14:00'";6;94;8;4;1;moderate
DEBB021;"'2016-05-05 15:00'";10;100;7;6;1;moderate
DEBB021;"'2016-05-05 16:00'";12;107;5;7;1;moderate
DEBB021;"'2016-05-05 17:00'";15;107;4;8;1;moderate
DEBB021;"'2016-05-05 18:00'";15;108;4;9;1;moderate
DEBB021;"'2016-05-05 19:00'";17;108;2;9;1;moderate
DEBB021;"'2016-05-05 20:00'";19;104;7;10;1;moderate
DEBB021;"'2016-05-05 21:00'";21;96;10;12;1;moderate
DEBB021;"'2016-05-05 22:00'";31;66;29;20;1;moderate
DEBB021;"'2016-05-05 23:00'";36;44;37;24;1;moderate
DEBB021;"'2016-05-05 24:00'";38;47;29;29;1;moderate
DEBB021;"'2016-05-06 01:00'";33;51;28;26;1;moderate
DEBB021;"'2016-05-06 02:00'";24;56;21;18;1;moderate
DEBB021;"'2016-05-06 03:00'";21;54;18;15;1;good
DEBB021;"'2016-05-06 04:00'";20;53;17;15;1;good
DEBB021;"'2016-05-06 05:00'";19;46;20;15;1;good
DEBB021;"'2016-05-06 06:00'";19;40;26;14;1;good
DEBB021;"'2016-05-06 07:00'";20;33;38;14;1;moderate
DEBB021;"'2016-05-06 08:00'";26;32;44;16;1;moderate
DEBB021;"'2016-05-06 09:00'";31;50;31;16;1;moderate
DEBB021;"'2016-05-06 10:00'";28;72;21;15;1;moderate
DEBB021;"'2016-05-06 11:00'";28;92;15;14;1;moderate
DEBB021;"'2016-05-06 12:00'";26;102;9;14;1;moderate
DEBB021;"'2016-05-06 13:00'";24;111;8;11;1;moderate
DEBB021;"'2016-05-06 14:00'";24;111;10;10;4;moderate
DEBB021;"'2016-05-06 15:00'";22;115;8;8;1;moderate
DEBB021;"'2016-05-06 16:00'";23;117;8;8;1;moderate
DEBB021;"'2016-05-06 17:00'";21;116;11;8;1;moderate
DEBB021;"'2016-05-06 18:00'";19;120;6;8;2;moderate
DEBB021;"'2016-05-06 19:00'";18;123;7;8;1;moderate
DEBB021;"'2016-05-06 20:00'";18;118;8;9;1;moderate
DEBB021;"'2016-05-06 21:00'";26;106;13;11;1;moderate
DEBB021;"'2016-05-06 22:00'";26;95;17;14;1;moderate
DEBB021;"'2016-05-06 23:00'";27;82;24;16;1;moderate
DEBB021;"'2016-05-06 24:00'";24;83;18;17;1;moderate
DEBB021;"'2016-05-07 01:00'";22;87;15;16;1;moderate
DEBB021;"'2016-05-07 02:00'";24;92;11;16;1;moderate
DEBB021;"'2016-05-07 03:00'";22;92;11;16;1;moderate
DEBB021;"'2016-05-07 04:00'";22;86;10;17;1;moderate
DEBB021;"'2016-05-07 05:00'";24;76;17;18;1;moderate
DEBB021;"'2016-05-07 06:00'";25;79;14;19;1;moderate
DEBB021;"'2016-05-07 07:00'";34;72;22;19;1;moderate
DEBB021;"'2016-05-07 08:00'";33;71;25;20;2;moderate
DEBB021;"'2016-05-07 09:00'";33;80;19;18;2;moderate
DEBB021;"'2016-05-07 10:00'";35;87;17;16;1;moderate
DEBB021;"'2016-05-07 11:00'";28;101;15;13;3;moderate
DEBB021;"'2016-05-07 12:00'";36;112;9;11;3;moderate
DEBB021;"'2016-05-07 13:00'";30;118;8;9;4;moderate
DEBB021;"'2016-05-07 14:00'";35;118;9;9;2;moderate
DEBB021;"'2016-05-07 15:00'";29;116;5;8;1;moderate
DEBB021;"'2016-05-07 16:00'";24;113;6;8;1;moderate
DEBB021;"'2016-05-07 17:00'";19;112;4;7;1;moderate
DEBB021;"'2016-05-07 18:00'";24;115;4;8;1;moderate
DEBB021;"'2016-05-07 19:00'";22;117;5;9;1;moderate
DEBB021;"'2016-05-07 20:00'";23;115;6;9;1;moderate
DEBB021;"'2016-05-07 21:00'";23;110;8;10;1;moderate
DEBB021;"'2016-05-07 22:00'";29;102;11;13;1;moderate
DEBB021;"'2016-05-07 23:00'";26;95;12;15;1;moderate
DEBB021;"'2016-05-07 24:00'";24;95;11;14;1;moderate
DEBB021;"'2016-05-08 01:00'";22;98;9;13;1;moderate
DEBB021;"'2016-05-08 02:00'";24;95;10;14;1;moderate
DEBB021;"'2016-05-08 03:00'";22;87;10;14;1;moderate
DEBB021;"'2016-05-08 04:00'";22;87;10;14;1;moderate
DEBB021;"'2016-05-08 05:00'";21;84;9;14;1;moderate
DEBB021;"'2016-05-08 06:00'";21;82;9;14;1;moderate
DEBB021;"'2016-05-08 07:00'";21;78;10;14;1;moderate
DEBB021;"'2016-05-08 08:00'";23;79;11;14;3;moderate
DEBB021;"'2016-05-08 09:00'";19;83;11;13;5;moderate
DEBB021;"'2016-05-08 10:00'";29;95;6;12;1;moderate
DEBB021;"'2016-05-08 11:00'";29;102;5;11;2;moderate
DEBB021;"'2016-05-08 12:00'";34;105;5;11;1;moderate
DEBB021;"'2016-05-08 13:00'";32;107;4;11;1;moderate
DEBB021;"'2016-05-08 14:00'";36;106;4;10;1;moderate
DEBB021;"'2016-05-08 15:00'";35;107;3;9;1;moderate
DEBB021;"'2016-05-08 16:00'";24;108;4;9;1;moderate
DEBB021;"'2016-05-08 17:00'";21;108;6;9;1;moderate
DEBB021;"'2016-05-08 18:00'";18;109;3;9;1;moderate
DEBB021;"'2016-05-08 19:00'";17;110;4;9;1;moderate
DEBB021;"'2016-05-08 20:00'";19;109;6;10;1;moderate
DEBB021;"'2016-05-08 21:00'";21;100;12;11;1;moderate
DEBB021;"'2016-05-08 22:00'";30;87;17;14;1;moderate
DEBB021;"'2016-05-08 23:00'";27;72;19;16;1;moderate
DEBB021;"'2016-05-08 24:00'";25;67;17;17;1;moderate
DEBB021;"'2016-05-09 01:00'";25;70;20;18;1;moderate
DEBB021;"'2016-05-09 02:00'";24;69;19;18;1;moderate
DEBB021;"'2016-05-09 03:00'";23;74;15;18;1;moderate
DEBB021;"'2016-05-09 04:00'";21;80;11;17;1;moderate
DEBB021;"'2016-05-09 05:00'";19;80;9;16;1;moderate
DEBB021;"'2016-05-09 06:00'";22;72;14;17;1;moderate
DEBB021;"'2016-05-09 07:00'";28;60;25;18;1;moderate
DEBB021;"'2016-05-09 08:00'";33;59;26;17;1;moderate
DEBB021;"'2016-05-09 09:00'";38;69;22;16;1;moderate
DEBB021;"'2016-05-09 10:00'";29;83;13;12;1;moderate
DEBB021;"'2016-05-09 11:00'";26;91;10;11;1;moderate
DEBB021;"'2016-05-09 12:00'";38;97;11;11;1;moderate
DEBB021;"'2016-05-09 13:00'";29;105;7;11;1;moderate
DEBB021;"'2016-05-09 14:00'";30;106;9;9;1;moderate
DEBB021;"'2016-05-09 15:00'";31;108;8;9;1;moderate
DEBB021;"'2016-05-09 16:00'";26;109;7;9;1;moderate
DEBB021;"'2016-05-09 17:00'";34;108;11;9;1;moderate
DEBB021;"'2016-05-09 18:00'";27;112;7;8;1;moderate
DEBB021;"'2016-05-09 19:00'";21;113;6;8;1;moderate
DEBB021;"'2016-05-09 20:00'";19;112;6;8;1;moderate
DEBB021;"'2016-05-09 21:00'";28;104;10;10;1;moderate
DEBB021;"'2016-05-09 22:00'";24;94;13;12;1;moderate
DEBB021;"'2016-05-09 23:00'";22;94;12;13;1;moderate
DEBB021;"'2016-05-09 24:00'";30;89;12;14;1;moderate
DEBB021;"'2016-05-10 01:00'";23;90;10;13;1;moderate
DEBB021;"'2016-05-10 02:00'";24;84;11;15;1;moderate
DEBB021;"'2016-05-10 03:00'";23;81;10;16;1;moderate
DEBB021;"'2016-05-10 04:00'";23;75;11;17;1;moderate
DEBB021;"'2016-05-10 05:00'";22;81;10;18;1;moderate
DEBB021;"'2016-05-10 06:00'";25;75;13;20;1;moderate
DEBB021;"'2016-05-10 07:00'";29;67;18;21;1;moderate
DEBB021;"'2016-05-10 08:00'";36;60;25;21;1;moderate
DEBB021;"'2016-05-10 09:00'";39;63;27;20;1;moderate
DEBB021;"'2016-05-10 10:00'";34;84;15;18;1;moderate
DEBB021;"'2016-05-10 11:00'";39;98;11;15;1;moderate
DEBB021;"'2016-05-10 12:00'";33;103;10;16;1;moderate
DEBB021;"'2016-05-10 13:00'";32;109;7;15;1;moderate
DEBB021;"'2016-05-10 14:00'";28;113;6;12;1;moderate
DEBB021;"'2016-05-10 15:00'";32;115;7;10;1;moderate
DEBB021;"'2016-05-10 16:00'";33;116;8;9;1;moderate
DEBB021;"'2016-05-10 17:00'";33;119;9;10;1;moderate
DEBB021;"'2016-05-10 18:00'";26;121;9;9;1;moderate
DEBB021;"'2016-05-10 19:00'";25;122;7;9;1;moderate
DEBB021;"'2016-05-10 20:00'";22;118;7;10;1;moderate
DEBB021;"'2016-05-10 21:00'";21;113;7;11;1;moderate
DEBB021;"'2016-05-10 22:00'";24;105;10;12;1;moderate
DEBB021;"'2016-05-10 23:00'";20;96;13;13;1;moderate
DEBB021;"'2016-05-10 24:00'";21;95;11;14;1;moderate
DEBB021;"'2016-05-11 01:00'";19;92;10;13;1;moderate
DEBB021;"'2016-05-11 02:00'";20;87;11;14;1;moderate
DEBB021;"'2016-05-11 03:00'";18;83;12;13;1;moderate
DEBB021;"'2016-05-11 04:00'";19;75;16;14;1;moderate
DEBB021;"'2016-05-11 05:00'";20;72;15;15;1;good
DEBB021;"'2016-05-11 06:00'";25;63;22;16;1;moderate
DEBB021;"'2016-05-11 07:00'";29;53;34;17;1;moderate
DEBB021;"'2016-05-11 08:00'";40;53;35;18;1;moderate
DEBB021;"'2016-05-11 09:00'";41;61;33;19;1;moderate
DEBB021;"'2016-05-11 10:00'";37;86;19;17;1;moderate
DEBB021;"'2016-05-11 11:00'";31;99;13;14;1;moderate
DEBB021;"'2016-05-11 12:00'";-;110;12;18;1;moderate
DEBB021;"'2016-05-11 13:00'";32;118;10;10;3;moderate
DEBB021;"'2016-05-11 14:00'";32;121;11;11;5;moderate
DEBB021;"'2016-05-11 15:00'";37;126;9;9;2;moderate
DEBB021;"'2016-05-11 16:00'";27;128;9;9;1;moderate
DEBB021;"'2016-05-11 17:00'";37;130;11;11;1;moderate
DEBB021;"'2016-05-11 18:00'";30;129;10;9;1;moderate
DEBB021;"'2016-05-11 19:00'";23;126;11;9;1;moderate
DEBB021;"'2016-05-11 20:00'";21;126;8;9;1;moderate
DEBB021;"'2016-05-11 21:00'";22;121;9;9;1;moderate
DEBB021;"'2016-05-11 22:00'";25;109;14;11;1;moderate
DEBB021;"'2016-05-11 23:00'";22;106;14;11;1;moderate
DEBB021;"'2016-05-11 24:00'";19;106;12;11;1;moderate
DEBB021;"'2016-05-12 01:00'";18;107;10;11;1;moderate
DEBB021;"'2016-05-12 02:00'";24;106;8;13;1;moderate
DEBB021;"'2016-05-12 03:00'";27;102;7;15;1;moderate
DEBB021;"'2016-05-12 04:00'";31;97;9;16;2;moderate
DEBB021;"'2016-05-12 05:00'";27;94;8;16;1;moderate
DEBB021;"'2016-05-12 06:00'";24;92;11;15;1;moderate
DEBB021;"'2016-05-12 07:00'";26;82;21;15;3;moderate
DEBB021;"'2016-05-12 08:00'";28;80;24;15;4;moderate
DEBB021;"'2016-05-12 09:00'";28;84;23;14;3;moderate
DEBB021;"'2016-05-12 10:00'";33;95;19;15;3;moderate
DEBB021;"'2016-05-12 11:00'";37;103;19;13;2;moderate
DEBB021;"'2016-05-12 12:00'";43;115;17;13;1;moderate
DEBB021;"'2016-05-12 13:00'";37;119;9;12;1;moderate
DEBB021;"'2016-05-12 14:00'";48;120;9;13;1;moderate
DEBB021;"'2016-05-12 15:00'";39;119;9;14;1;moderate
DEBB021;"'2016-05-12 16:00'";37;120;10;12;1;moderate
DEBB021;"'2016-05-12 17:00'";37;121;13;12;1;moderate
DEBB021;"'2016-05-12 18:00'";26;120;10;11;1;moderate
DEBB021;"'2016-05-12 19:00'";27;113;11;13;1;moderate
DEBB021;"'2016-05-12 20:00'";23;97;15;14;1;moderate
DEBB021;"'2016-05-12 21:00'";27;94;14;14;1;moderate
DEBB021;"'2016-05-12 22:00'";25;93;11;15;1;moderate
DEBB021;"'2016-05-12 23:00'";24;75;21;14;1;moderate
DEBB021;"'2016-05-12 24:00'";22;70;17;12;2;good
DEBB021;"'2016-05-13 01:00'";22;76;10;10;2;moderate
DEBB021;"'2016-05-13 02:00'";19;73;13;10;1;moderate
DEBB021;"'2016-05-13 03:00'";17;71;11;10;1;good
DEBB021;"'2016-05-13 04:00'";14;70;6;8;1;good
DEBB021;"'2016-05-13 05:00'";13;67;7;8;1;good
DEBB021;"'2016-05-13 06:00'";15;65;9;9;1;good
DEBB021;"'2016-05-13 07:00'";20;57;16;11;1;good
DEBB021;"'2016-05-13 08:00'";25;56;18;14;1;good
DEBB021;"'2016-05-13 09:00'";27;55;18;14;1;good
DEBB021;"'2016-05-13 10:00'";28;67;13;13;1;moderate
DEBB021;"'2016-05-13 11:00'";29;79;9;11;1;moderate
DEBB021;"'2016-05-13 12:00'";29;97;7;11;1;moderate
DEBB021;"'2016-05-13 13:00'";32;107;8;11;1;moderate
DEBB021;"'2016-05-13 14:00'";39;109;7;11;1;moderate
DEBB021;"'2016-05-13 15:00'";41;111;6;13;1;moderate
DEBB021;"'2016-05-13 16:00'";32;108;6;10;1;moderate
DEBB021;"'2016-05-13 17:00'";37;107;8;10;1;moderate
DEBB021;"'2016-05-13 18:00'";27;110;5;7;1;moderate
DEBB021;"'2016-05-13 19:00'";26;111;4;6;1;moderate
DEBB021;"'2016-05-13 20:00'";16;113;5;4;1;moderate
DEBB021;"'2016-05-13 21:00'";12;107;7;4;1;moderate
DEBB021;"'2016-05-13 22:00'";16;98;7;4;1;moderate
DEBB021;"'2016-05-13 23:00'";23;86;13;6;1;moderate
DEBB021;"'2016-05-13 24:00'";16;78;14;8;1;moderate
DEBB021;"'2016-05-14 01:00'";22;66;18;9;1;good
DEBB021;"'2016-05-14 02:00'";12;68;17;7;1;good
DEBB021;"'2016-05-14 03:00'";13;67;15;7;1;good
DEBB021;"'2016-05-14 04:00'";15;71;12;9;1;good
DEBB021;"'2016-05-14 05:00'";16;74;8;10;1;moderate
DEBB021;"'2016-05-14 06:00'";18;64;7;9;1;good
DEBB021;"'2016-05-14 07:00'";19;66;7;9;1;good
DEBB021;"'2016-05-14 08:00'";20;71;7;11;1;good
DEBB021;"'2016-05-14 09:00'";18;72;5;11;1;good
DEBB021;"'2016-05-14 10:00'";21;76;6;10;1;moderate
DEBB021;"'2016-05-14 11:00'";22;84;6;9;1;moderate
DEBB021;"'2016-05-14 12:00'";28;88;5;8;1;moderate
DEBB021;"'2016-05-14 13:00'";34;89;6;9;1;moderate
DEBB021;"'2016-05-14 14:00'";30;91;6;9;1;moderate
DEBB021;"'2016-05-14 15:00'";34;90;5;9;1;moderate
DEBB021;"'2016-05-14 16:00'";15;89;5;5;1;moderate
DEBB021;"'2016-05-14 17:00'";15;89;6;4;1;moderate
DEBB021;"'2016-05-14 18:00'";17;91;5;4;1;moderate
DEBB021;"'2016-05-14 19:00'";15;87;6;5;1;moderate
DEBB021;"'2016-05-14 20:00'";14;85;6;4;1;moderate
DEBB021;"'2016-05-14 21:00'";13;82;6;4;1;moderate
DEBB021;"'2016-05-14 22:00'";14;78;5;5;1;moderate
DEBB021;"'2016-05-14 23:00'";13;81;4;4;1;moderate
DEBB021;"'2016-05-14 24:00'";10;78;4;5;1;moderate
DEBB021;"'2016-05-15 01:00'";9;71;4;4;1;good
DEBB021;"'2016-05-15 02:00'";7;76;2;4;1;moderate
DEBB021;"'2016-05-15 03:00'";7;75;2;4;1;moderate
DEBB021;"'2016-05-15 04:00'";7;70;2;5;1;good
DEBB021;"'2016-05-15 05:00'";7;68;2;5;1;good
DEBB021;"'2016-05-15 06:00'";5;63;3;4;1;good
DEBB021;"'2016-05-15 07:00'";5;62;3;4;1;good
DEBB021;"'2016-05-15 08:00'";5;60;5;4;1;good
DEBB021;"'2016-05-15 09:00'";5;62;2;5;1;good
DEBB021;"'2016-05-15 10:00'";6;67;3;4;1;good
DEBB021;"'2016-05-15 11:00'";8;74;2;4;1;moderate
DEBB021;"'2016-05-15 12:00'";7;70;5;4;1;good
DEBB021;"'2016-05-15 13:00'";4;76;4;3;1;moderate
DEBB021;"'2016-05-15 14:00'";3;72;2;2;1;good
DEBB021;"'2016-05-15 15:00'";5;77;2;3;1;moderate
DEBB021;"'2016-05-15 16:00'";9;75;2;3;1;moderate
DEBB021;"'2016-05-15 17:00'";6;74;3;3;1;moderate
DEBB021;"'2016-05-15 18:00'";7;78;3;2;1;moderate
DEBB021;"'2016-05-15 19:00'";4;74;5;3;1;moderate
DEBB021;"'2016-05-15 20:00'";3;69;4;3;1;good
DEBB021;"'2016-05-15 21:00'";3;64;5;2;1;good
DEBB021;"'2016-05-15 22:00'";3;62;5;2;1;good
DEBB021;"'2016-05-15 23:00'";4;63;3;3;1;good
DEBB021;"'2016-05-15 24:00'";3;64;3;2;1;good
DEBB021;"'2016-05-16 01:00'";2;62;3;2;1;good
DEBB021;"'2016-05-16 02:00'";4;56;3;3;1;good
DEBB021;"'2016-05-16 03:00'";5;51;4;4;1;good
DEBB021;"'2016-05-16 04:00'";6;52;3;5;1;good
DEBB021;"'2016-05-16 05:00'";6;54;2;5;1;good
DEBB021;"'2016-05-16 06:00'";7;53;2;5;1;good
DEBB021;"'2016-05-16 07:00'";6;50;4;5;1;good
DEBB021;"'2016-05-16 08:00'";7;50;5;6;1;good
DEBB021;"'2016-05-16 09:00'";7;55;2;6;1;good
DEBB021;"'2016-05-16 10:00'";8;61;2;6;1;good
DEBB021;"'2016-05-16 11:00'";7;66;2;5;1;good
DEBB021;"'2016-05-16 12:00'";7;68;2;4;1;good
DEBB021;"'2016-05-16 13:00'";8;70;2;5;1;good
DEBB021;"'2016-05-16 14:00'";7;71;3;4;1;good
DEBB021;"'2016-05-16 15:00'";7;72;3;4;1;good
DEBB021;"'2016-05-16 16:00'";7;72;6;3;1;good
DEBB021;"'2016-05-16 17:00'";7;76;3;3;1;moderate
DEBB021;"'2016-05-16 18:00'";8;73;4;3;1;moderate
DEBB021;"'2016-05-16 19:00'";10;76;3;4;1;moderate
DEBB021;"'2016-05-16 20:00'";7;76;4;3;1;moderate
DEBB021;"'2016-05-16 21:00'";7;70;7;4;1;good
DEBB021;"'2016-05-16 22:00'";9;62;14;5;1;good
DEBB021;"'2016-05-16 23:00'";7;68;8;4;1;good
DEBB021;"'2016-05-16 24:00'";6;76;3;3;1;moderate
DEBB021;"'2016-05-17 01:00'";6;76;4;4;1;moderate
DEBB021;"'2016-05-17 02:00'";5;75;2;3;1;moderate
DEBB021;"'2016-05-17 03:00'";5;67;7;4;1;good
DEBB021;"'2016-05-17 04:00'";6;67;8;4;1;good
DEBB021;"'2016-05-17 05:00'";6;69;8;4;1;good
DEBB021;"'2016-05-17 06:00'";6;64;10;5;1;good
DEBB021;"'2016-05-17 07:00'";8;55;16;6;1;good
DEBB021;"'2016-05-17 08:00'";6;63;13;5;1;good
DEBB021;"'2016-05-17 09:00'";7;63;15;5;1;good
DEBB021;"'2016-05-17 10:00'";7;72;10;4;1;good
DEBB021;"'2016-05-17 11:00'";6;76;8;3;1;moderate
DEBB021;"'2016-05-17 12:00'";5;79;8;3;1;moderate
DEBB021;"'2016-05-17 13:00'";5;80;7;3;1;moderate
DEBB021;"'2016-05-17 14:00'";6;78;8;3;1;moderate
DEBB021;"'2016-05-17 15:00'";8;73;12;4;1;moderate
DEBB021;"'2016-05-17 16:00'";8;77;11;3;1;moderate
DEBB021;"'2016-05-17 17:00'";7;74;14;3;1;moderate
DEBB021;"'2016-05-17 18:00'";7;77;11;4;1;moderate
DEBB021;"'2016-05-17 19:00'";7;77;13;4;1;moderate
DEBB021;"'2016-05-17 20:00'";8;76;12;4;1;moderate
DEBB021;"'2016-05-17 21:00'";8;77;11;4;1;moderate
DEBB021;"'2016-05-17 22:00'";8;71;14;5;1;good
DEBB021;"'2016-05-17 23:00'";9;62;22;6;1;good
DEBB021;"'2016-05-17 24:00'";10;54;23;8;1;good
DEBB021;"'2016-05-18 01:00'";9;60;16;7;1;good
DEBB021;"'2016-05-18 02:00'";8;54;20;6;1;good
DEBB021;"'2016-05-18 03:00'";7;55;15;5;1;good
DEBB021;"'2016-05-18 04:00'";7;46;16;6;1;good
DEBB021;"'2016-05-18 05:00'";7;38;20;6;1;good
DEBB021;"'2016-05-18 06:00'";10;28;28;9;1;good
DEBB021;"'2016-05-18 07:00'";19;7;52;14;1;moderate
DEBB021;"'2016-05-18 08:00'";35;15;42;21;1;moderate
DEBB021;"'2016-05-18 09:00'";36;35;24;24;1;moderate
DEBB021;"'2016-05-18 10:00'";37;60;16;26;1;moderate
DEBB021;"'2016-05-18 11:00'";30;83;13;22;1;moderate
DEBB021;"'2016-05-18 12:00'";31;97;8;21;1;moderate
DEBB021;"'2016-05-18 13:00'";30;104;8;20;1;moderate
DEBB021;"'2016-05-18 14:00'";35;102;11;20;1;moderate
DEBB021;"'2016-05-18 15:00'";49;95;16;21;1;moderate
DEBB021;"'2016-05-18 16:00'";42;94;17;21;1;moderate
DEBB021;"'2016-05-18 17:00'";46;95;15;21;1;moderate
DEBB021;"'2016-05-18 18:00'";47;94;14;19;1;moderate
DEBB021;"'2016-05-18 19:00'";37;94;15;15;1;moderate
DEBB021;"'2016-05-18 20:00'";29;93;14;12;1;moderate
DEBB021;"'2016-05-18 21:00'";27;83;20;12;1;moderate
DEBB021;"'2016-05-18 22:00'";28;67;31;15;1;moderate
DEBB021;"'2016-05-18 23:00'";35;66;25;16;1;moderate
DEBB021;"'2016-05-18 24:00'";23;63;19;14;1;good
DEBB021;"'2016-05-19 01:00'";22;66;16;15;1;good
DEBB021;"'2016-05-19 02:00'";25;55;25;18;1;moderate
DEBB021;"'2016-05-19 03:00'";24;48;28;18;1;moderate
DEBB021;"'2016-05-19 04:00'";24;47;25;18;1;moderate
DEBB021;"'2016-05-19 05:00'";25;40;27;20;1;moderate
DEBB021;"'2016-05-19 06:00'";32;28;40;25;1;moderate
DEBB021;"'2016-05-19 07:00'";42;21;45;29;1;moderate
DEBB021;"'2016-05-19 08:00'";55;23;49;29;1;poor
DEBB021;"'2016-05-19 09:00'";49;44;33;22;2;moderate
DEBB021;"'2016-05-19 10:00'";28;72;19;13;9;moderate
DEBB021;"'2016-05-19 11:00'";30;87;16;12;6;moderate
DEBB021;"'2016-05-19 12:00'";32;108;9;11;2;moderate
DEBB021;"'2016-05-19 13:00'";24;117;7;10;1;moderate
DEBB021;"'2016-05-19 14:00'";42;115;11;12;1;moderate
DEBB021;"'2016-05-19 15:00'";24;124;7;10;1;moderate
DEBB021;"'2016-05-19 16:00'";23;126;8;10;1;moderate
DEBB021;"'2016-05-19 17:00'";33;125;10;10;1;moderate
DEBB021;"'2016-05-19 18:00'";20;124;14;10;1;moderate
DEBB021;"'2016-05-19 19:00'";34;125;9;11;1;moderate
DEBB021;"'2016-05-19 20:00'";41;112;16;12;1;moderate
DEBB021;"'2016-05-19 21:00'";36;103;19;12;1;moderate
DEBB021;"'2016-05-19 22:00'";32;89;21;13;1;moderate
DEBB021;"'2016-05-19 23:00'";32;78;22;15;1;moderate
DEBB021;"'2016-05-19 24:00'";27;77;20;15;1;moderate
DEBB021;"'2016-05-20 01:00'";21;67;22;15;1;good
DEBB021;"'2016-05-20 02:00'";20;73;18;15;1;moderate
DEBB021;"'2016-05-20 03:00'";22;71;15;17;1;moderate
DEBB021;"'2016-05-20 04:00'";23;66;18;18;1;moderate
DEBB021;"'2016-05-20 05:00'";29;62;21;23;1;moderate
DEBB021;"'2016-05-20 06:00'";32;50;29;26;1;moderate
DEBB021;"'2016-05-20 07:00'";34;45;31;29;1;moderate
DEBB021;"'2016-05-20 08:00'";40;51;22;31;1;poor
DEBB021;"'2016-05-20 09:00'";39;56;18;30;1;moderate
DEBB021;"'2016-05-20 10:00'";39;69;13;27;1;moderate
DEBB021;"'2016-05-20 11:00'";38;83;10;25;1;moderate
DEBB021;"'2016-05-20 12:00'";30;93;9;19;3;moderate
DEBB021;"'2016-05-20 13:00'";29;95;10;15;2;moderate
DEBB021;"'2016-05-20 14:00'";28;96;10;12;1;moderate
DEBB021;"'2016-05-20 15:00'";21;100;8;9;1;moderate
DEBB021;"'2016-05-20 16:00'";20;101;10;8;1;moderate
DEBB021;"'2016-05-20 17:00'";22;100;11;8;1;moderate
DEBB021;"'2016-05-20 18:00'";17;100;9;5;1;moderate
DEBB021;"'2016-05-20 19:00'";16;91;9;7;1;moderate
DEBB021;"'2016-05-20 20:00'";13;83;9;7;1;moderate
DEBB021;"'2016-05-20 21:00'";14;76;9;8;1;moderate
DEBB021;"'2016-05-20 22:00'";16;70;11;10;1;good
DEBB021;"'2016-05-20 23:00'";16;66;11;10;1;good
DEBB021;"'2016-05-20 24:00'";13;62;9;10;1;good
DEBB021;"'2016-05-21 01:00'";16;56;10;13;1;good
DEBB021;"'2016-05-21 02:00'";20;53;10;17;1;moderate
DEBB021;"'2016-05-21 03:00'";20;50;10;17;1;moderate
DEBB021;"'2016-05-21 04:00'";22;45;12;18;1;moderate
DEBB021;"'2016-05-21 05:00'";21;41;12;16;1;moderate
DEBB021;"'2016-05-21 06:00'";23;36;14;16;1;moderate
DEBB021;"'2016-05-21 07:00'";31;27;24;19;1;moderate
DEBB021;"'2016-05-21 08:00'";33;35;20;21;1;moderate
DEBB021;"'2016-05-21 09:00'";33;48;13;19;1;moderate
DEBB021;"'2016-05-21 10:00'";37;57;13;18;1;moderate
DEBB021;"'2016-05-21 11:00'";35;66;11;17;1;moderate
DEBB021;"'2016-05-21 12:00'";34;73;7;15;1;moderate
DEBB021;"'2016-05-21 13:00'";30;77;6;12;1;moderate
DEBB021;"'2016-05-21 14:00'";29;79;15;9;1;moderate
DEBB021;"'2016-05-21 15:00'";20;85;6;8;1;moderate
DEBB021;"'2016-05-21 16:00'";16;89;5;7;1;moderate
DEBB021;"'2016-05-21 17:00'";21;91;5;7;1;moderate
DEBB021;"'2016-05-21 18:00'";17;93;6;6;1;moderate
DEBB021;"'2016-05-21 19:00'";16;92;6;6;1;moderate
DEBB021;"'2016-05-21 20:00'";20;89;10;6;1;moderate
DEBB021;"'2016-05-21 21:00'";19;80;15;6;1;moderate
DEBB021;"'2016-05-21 22:00'";24;71;17;10;1;good
DEBB021;"'2016-05-21 23:00'";28;61;20;18;1;moderate
DEBB021;"'2016-05-21 24:00'";28;47;30;20;1;moderate
DEBB021;"'2016-05-22 01:00'";21;51;26;16;1;moderate
DEBB021;"'2016-05-22 02:00'";24;50;24;18;1;moderate
DEBB021;"'2016-05-22 03:00'";16;58;15;12;1;good
DEBB021;"'2016-05-22 04:00'";17;50;18;13;1;good
DEBB021;"'2016-05-22 05:00'";24;39;21;20;1;moderate
DEBB021;"'2016-05-22 06:00'";26;40;15;23;1;moderate
DEBB021;"'2016-05-22 07:00'";34;42;14;24;1;moderate
DEBB021;"'2016-05-22 08:00'";23;53;11;19;1;moderate
DEBB021;"'2016-05-22 09:00'";22;63;10;16;2;moderate
DEBB021;"'2016-05-22 10:00'";18;82;8;10;3;moderate
DEBB021;"'2016-05-22 11:00'";31;100;5;7;2;moderate
DEBB021;"'2016-05-22 12:00'";45;107;4;7;1;moderate
DEBB021;"'2016-05-22 13:00'";26;107;5;5;1;moderate
DEBB021;"'2016-05-22 14:00'";30;108;5;5;1;moderate
DEBB021;"'2016-05-22 15:00'";24;110;7;4;1;moderate
DEBB021;"'2016-05-22 16:00'";28;114;6;5;1;moderate
DEBB021;"'2016-05-22 17:00'";21;116;5;5;1;moderate
DEBB021;"'2016-05-22 18:00'";29;113;9;6;1;moderate
DEBB021;"'2016-05-22 19:00'";19;117;8;6;1;moderate
DEBB021;"'2016-05-22 20:00'";19;114;7;6;1;moderate
DEBB021;"'2016-05-22 21:00'";19;104;11;7;1;moderate
DEBB021;"'2016-05-22 22:00'";28;83;21;10;1;moderate
DEBB021;"'2016-05-22 23:00'";22;74;27;10;1;moderate
DEBB021;"'2016-05-22 24:00'";22;63;32;11;1;moderate
DEBB021;"'2016-05-23 01:00'";19;67;25;11;1;good
DEBB021;"'2016-05-23 02:00'";19;64;21;12;1;good
DEBB021;"'2016-05-23 03:00'";17;67;16;11;1;good
DEBB021;"'2016-05-23 04:00'";18;61;15;12;1;good
DEBB021;"'2016-05-23 05:00'";18;53;18;13;1;good
DEBB021;"'2016-05-23 06:00'";22;66;10;15;1;good
DEBB021;"'2016-05-23 07:00'";26;63;14;16;1;moderate
DEBB021;"'2016-05-23 08:00'";32;57;20;18;1;moderate
DEBB021;"'2016-05-23 09:00'";30;64;15;20;1;moderate
DEBB021;"'2016-05-23 10:00'";33;69;11;21;1;moderate
DEBB021;"'2016-05-23 11:00'";29;68;10;20;1;moderate
DEBB021;"'2016-05-23 12:00'";26;72;8;19;1;moderate
DEBB021;"'2016-05-23 13:00'";26;79;8;20;1;moderate
DEBB021;"'2016-05-23 14:00'";29;92;7;22;1;moderate
DEBB021;"'2016-05-23 15:00'";29;106;7;22;1;moderate
DEBB021;"'2016-05-23 16:00'";29;110;8;21;1;moderate
DEBB021;"'2016-05-23 17:00'";32;112;10;20;1;moderate
DEBB021;"'2016-05-23 18:00'";32;117;9;22;1;moderate
DEBB021;"'2016-05-23 19:00'";23;109;8;18;1;moderate
DEBB021;"'2016-05-23 20:00'";17;100;9;13;1;moderate
DEBB021;"'2016-05-23 21:00'";16;91;8;11;1;moderate
DEBB021;"'2016-05-23 22:00'";18;88;8;13;1;moderate
DEBB021;"'2016-05-23 23:00'";21;81;8;15;1;moderate
DEBB021;"'2016-05-23 24:00'";13;90;7;10;1;moderate
DEBB021;"'2016-05-24 01:00'";5;100;5;4;1;moderate
DEBB021;"'2016-05-24 02:00'";5;95;4;4;1;moderate
DEBB021;"'2016-05-24 03:00'";5;76;5;4;1;moderate
DEBB021;"'2016-05-24 04:00'";7;54;13;6;1;good
DEBB021;"'2016-05-24 05:00'";9;57;8;8;1;good
DEBB021;"'2016-05-24 06:00'";12;54;12;10;1;good
DEBB021;"'2016-05-24 07:00'";19;50;16;16;1;moderate
DEBB021;"'2016-05-24 08:00'";20;50;16;17;1;moderate
DEBB021;"'2016-05-24 09:00'";25;48;14;21;1;moderate
DEBB021;"'2016-05-24 10:00'";30;50;11;26;1;moderate
DEBB021;"'2016-05-24 11:00'";29;63;9;24;1;moderate
DEBB021;"'2016-05-24 12:00'";25;74;8;22;1;moderate
DEBB021;"'2016-05-24 13:00'";26;71;8;22;1;moderate
DEBB021;"'2016-05-24 14:00'";28;71;7;25;1;moderate
DEBB021;"'2016-05-24 15:00'";32;65;10;27;1;moderate
DEBB021;"'2016-05-24 16:00'";31;54;10;27;1;moderate
DEBB021;"'2016-05-24 17:00'";21;38;11;17;1;moderate
DEBB021;"'2016-05-24 18:00'";17;36;10;14;1;good
DEBB021;"'2016-05-24 19:00'";17;45;9;15;1;good
DEBB021;"'2016-05-24 20:00'";19;50;8;16;1;moderate
DEBB021;"'2016-05-24 21:00'";24;52;7;19;1;moderate
DEBB021;"'2016-05-24 22:00'";24;52;7;20;1;moderate
DEBB021;"'2016-05-24 23:00'";25;46;7;19;1;moderate
DEBB021;"'2016-05-24 24:00'";27;42;6;20;1;moderate
DEBB021;"'2016-05-25 01:00'";27;43;6;21;1;moderate
DEBB021;"'2016-05-25 02:00'";24;44;5;19;1;moderate
DEBB021;"'2016-05-25 03:00'";27;44;5;21;1;moderate
DEBB021;"'2016-05-25 04:00'";23;46;4;19;1;moderate
DEBB021;"'2016-05-25 05:00'";21;44;5;18;1;moderate
DEBB021;"'2016-05-25 06:00'";21;43;6;18;1;moderate
DEBB021;"'2016-05-25 07:00'";17;39;10;15;1;good
DEBB021;"'2016-05-25 08:00'";19;34;16;15;1;good
DEBB021;"'2016-05-25 09:00'";18;41;12;15;1;good
DEBB021;"'2016-05-25 10:00'";18;43;14;14;1;good
DEBB021;"'2016-05-25 11:00'";16;50;9;13;1;good
DEBB021;"'2016-05-25 12:00'";15;47;10;13;1;good
DEBB021;"'2016-05-25 13:00'";13;43;9;11;1;good
DEBB021;"'2016-05-25 14:00'";14;44;9;12;1;good
DEBB021;"'2016-05-25 15:00'";16;44;10;13;1;good
DEBB021;"'2016-05-25 16:00'";18;49;13;15;1;good
DEBB021;"'2016-05-25 17:00'";18;58;12;14;1;good
DEBB021;"'2016-05-25 18:00'";16;63;9;14;1;good
DEBB021;"'2016-05-25 19:00'";17;60;10;14;1;good
DEBB021;"'2016-05-25 20:00'";18;60;9;15;1;good
DEBB021;"'2016-05-25 21:00'";18;54;9;15;1;good
DEBB021;"'2016-05-25 22:00'";18;52;10;15;1;good
DEBB021;"'2016-05-25 23:00'";18;52;8;16;1;moderate
DEBB021;"'2016-05-25 24:00'";20;50;7;17;1;moderate
DEBB021;"'2016-05-26 01:00'";21;48;6;18;1;moderate
DEBB021;"'2016-05-26 02:00'";23;46;5;18;1;moderate
DEBB021;"'2016-05-26 03:00'";26;45;5;19;1;moderate
DEBB021;"'2016-05-26 04:00'";27;41;6;20;1;moderate
DEBB021;"'2016-05-26 05:00'";30;40;6;22;1;moderate
DEBB021;"'2016-05-26 06:00'";25;46;7;20;1;moderate
DEBB021;"'2016-05-26 07:00'";30;43;13;22;1;moderate
DEBB021;"'2016-05-26 08:00'";30;32;20;22;1;moderate
DEBB021;"'2016-05-26 09:00'";26;35;15;21;1;moderate
DEBB021;"'2016-05-26 10:00'";27;34;17;21;1;moderate
DEBB021;"'2016-05-26 11:00'";29;39;15;22;1;moderate
DEBB021;"'2016-05-26 12:00'";27;41;14;21;1;moderate
DEBB021;"'2016-05-26 13:00'";26;41;12;21;1;moderate
DEBB021;"'2016-05-26 14:00'";29;46;11;23;1;moderate
DEBB021;"'2016-05-26 15:00'";34;50;10;27;1;moderate
DEBB021;"'2016-05-26 16:00'";36;45;13;28;1;moderate
DEBB021;"'2016-05-26 17:00'";37;43;14;30;1;moderate
DEBB021;"'2016-05-26 18:00'";36;43;11;30;1;moderate
DEBB021;"'2016-05-26 19:00'";36;49;9;30;1;moderate
DEBB021;"'2016-05-26 20:00'";34;53;10;29;1;moderate
DEBB021;"'2016-05-26 21:00'";35;44;14;29;1;moderate
DEBB021;"'2016-05-26 22:00'";34;26;24;29;1;moderate
DEBB021;"'2016-05-26 23:00'";35;7;37;30;1;moderate
DEBB021;"'2016-05-26 24:00'";37;2;33;33;1;poor
DEBB021;"'2016-05-27 01:00'";35;2;27;31;1;poor
DEBB021;"'2016-05-27 02:00'";32;2;25;29;1;moderate
DEBB021;"'2016-05-27 03:00'";31;5;20;27;1;moderate
DEBB021;"'2016-05-27 04:00'";27;12;15;22;1;moderate
DEBB021;"'2016-05-27 05:00'";28;15;15;19;1;moderate
DEBB021;"'2016-05-27 06:00'";16;16;17;13;1;good
DEBB021;"'2016-05-27 07:00'";18;5;38;14;1;moderate
DEBB021;"'2016-05-27 08:00'";14;9;35;12;1;moderate
DEBB021;"'2016-05-27 09:00'";14;25;21;12;1;good
DEBB021;"'2016-05-27 10:00'";16;46;12;12;1;good
DEBB021;"'2016-05-27 11:00'";20;60;11;17;1;moderate
DEBB021;"'2016-05-27 12:00'";31;74;7;24;1;moderate
DEBB021;"'2016-05-27 13:00'";38;86;8;29;1;moderate
DEBB021;"'2016-05-27 14:00'";39;92;6;29;1;moderate
DEBB021;"'2016-05-27 15:00'";38;102;7;31;1;poor
DEBB021;"'2016-05-27 16:00'";36;102;10;30;1;moderate
DEBB021;"'2016-05-27 17:00'";31;101;12;25;1;moderate
DEBB021;"'2016-05-27 18:00'";34;101;8;27;1;moderate
DEBB021;"'2016-05-27 19:00'";28;104;6;24;1;moderate
DEBB021;"'2016-05-27 20:00'";31;101;7;26;1;moderate
DEBB021;"'2016-05-27 21:00'";32;90;10;26;1;moderate
DEBB021;"'2016-05-27 22:00'";32;71;17;27;1;moderate
DEBB021;"'2016-05-27 23:00'";40;63;18;36;1;poor
DEBB021;"'2016-05-27 24:00'";36;38;32;32;1;poor
DEBB021;"'2016-05-28 01:00'";39;24;29;35;1;poor
DEBB021;"'2016-05-28 02:00'";33;26;19;30;1;moderate
DEBB021;"'2016-05-28 03:00'";31;24;15;28;1;moderate
DEBB021;"'2016-05-28 04:00'";27;18;17;24;1;moderate
DEBB021;"'2016-05-28 05:00'";19;21;19;17;1;moderate
DEBB021;"'2016-05-28 06:00'";14;25;25;12;1;good
DEBB021;"'2016-05-28 07:00'";13;26;17;11;1;good
DEBB021;"'2016-05-28 08:00'";13;31;18;11;1;good
DEBB021;"'2016-05-28 09:00'";18;40;14;13;1;good
DEBB021;"'2016-05-28 10:00'";23;64;11;17;1;moderate
DEBB021;"'2016-05-28 11:00'";27;84;10;18;1;moderate
DEBB021;"'2016-05-28 12:00'";24;99;10;18;1;moderate
DEBB021;"'2016-05-28 13:00'";26;108;9;18;1;moderate
DEBB021;"'2016-05-28 14:00'";30;112;10;16;1;moderate
DEBB021;"'2016-05-28 15:00'";27;115;10;15;1;moderate
DEBB021;"'2016-05-28 16:00'";23;120;10;16;1;moderate
DEBB021;"'2016-05-28 17:00'";22;124;8;15;1;moderate
DEBB021;"'2016-05-28 18:00'";24;117;11;18;1;moderate
DEBB021;"'2016-05-28 19:00'";30;109;13;24;1;moderate
DEBB021;"'2016-05-28 20:00'";36;99;19;28;1;moderate
DEBB021;"'2016-05-28 21:00'";33;96;12;28;1;moderate
DEBB021;"'2016-05-28 22:00'";31;90;14;26;1;moderate
DEBB021;"'2016-05-28 23:00'";26;81;12;22;1;moderate
DEBB021;"'2016-05-28 24:00'";25;74;11;22;2;moderate
DEBB021;"'2016-05-29 01:00'";26;72;9;22;4;moderate
DEBB021;"'2016-05-29 02:00'";26;67;10;23;4;moderate
DEBB021;"'2016-05-29 03:00'";26;54;17;24;4;moderate
DEBB021;"'2016-05-29 04:00'";27;52;14;25;2;moderate
DEBB021;"'2016-05-29 05:00'";28;52;10;25;2;moderate
DEBB021;"'2016-05-29 06:00'";28;49;10;26;2;moderate
DEBB021;"'2016-05-29 07:00'";29;46;11;27;2;moderate
DEBB021;"'2016-05-29 08:00'";30;50;10;28;2;moderate
DEBB021;"'2016-05-29 09:00'";32;59;10;29;3;moderate
DEBB021;"'2016-05-29 10:00'";30;74;9;26;2;moderate
DEBB021;"'2016-05-29 11:00'";25;88;9;20;3;moderate
DEBB021;"'2016-05-29 12:00'";25;97;7;17;1;moderate
DEBB021;"'2016-05-29 13:00'";24;105;8;16;1;moderate
DEBB021;"'2016-05-29 14:00'";25;111;9;15;1;moderate
DEBB021;"'2016-05-29 15:00'";31;118;10;16;1;moderate
DEBB021;"'2016-05-29 16:00'";23;121;10;14;1;moderate
DEBB021;"'2016-05-29 17:00'";27;114;8;11;1;moderate
DEBB021;"'2016-05-29 18:00'";22;112;7;11;1;moderate
DEBB021;"'2016-05-29 19:00'";21;110;7;13;1;moderate
DEBB021;"'2016-05-29 20:00'";22;109;8;14;1;moderate
DEBB021;"'2016-05-29 21:00'";23;104;10;17;1;moderate
DEBB021;"'2016-05-29 22:00'";24;100;8;18;1;moderate
DEBB021;"'2016-05-29 23:00'";25;91;10;19;1;moderate
DEBB021;"'2016-05-29 24:00'";22;99;6;16;1;moderate
DEBB021;"'2016-05-30 01:00'";23;89;7;18;1;moderate
DEBB021;"'2016-05-30 02:00'";22;86;7;17;1;moderate
DEBB021;"'2016-05-30 03:00'";24;81;8;20;1;moderate
DEBB021;"'2016-05-30 04:00'";26;77;8;22;1;moderate
DEBB021;"'2016-05-30 05:00'";27;73;9;23;1;moderate
DEBB021;"'2016-05-30 06:00'";28;68;12;24;1;moderate
DEBB021;"'2016-05-30 07:00'";29;68;13;24;1;moderate
DEBB021;"'2016-05-30 08:00'";33;66;17;25;1;moderate
DEBB021;"'2016-05-30 09:00'";38;66;15;26;1;moderate
DEBB021;"'2016-05-30 10:00'";36;75;12;24;1;moderate
DEBB021;"'2016-05-30 11:00'";41;87;11;23;1;moderate
DEBB021;"'2016-05-30 12:00'";42;101;9;19;1;moderate
DEBB021;"'2016-05-30 13:00'";40;101;9;19;1;moderate
DEBB021;"'2016-05-30 14:00'";36;98;12;19;1;moderate
DEBB021;"'2016-05-30 15:00'";31;90;14;19;1;moderate
DEBB021;"'2016-05-30 16:00'";29;103;11;18;1;moderate
DEBB021;"'2016-05-30 17:00'";35;103;14;20;1;moderate
DEBB021;"'2016-05-30 18:00'";30;80;27;20;1;moderate
DEBB021;"'2016-05-30 19:00'";28;75;28;19;1;moderate
DEBB021;"'2016-05-30 20:00'";29;68;28;21;1;moderate
DEBB021;"'2016-05-30 21:00'";20;95;11;15;1;moderate
DEBB021;"'2016-05-30 22:00'";20;84;12;16;1;moderate
DEBB021;"'2016-05-30 23:00'";22;74;13;18;1;moderate
DEBB021;"'2016-05-30 24:00'";23;57;15;19;1;moderate
DEBB021;"'2016-05-31 01:00'";24;50;15;20;1;moderate
DEBB021;"'2016-05-31 02:00'";26;44;17;22;1;moderate
DEBB021;"'2016-05-31 03:00'";28;35;18;24;1;moderate
DEBB021;"'2016-05-31 04:00'";29;28;18;25;1;moderate
DEBB021;"'2016-05-31 05:00'";28;20;20;24;1;moderate
DEBB021;"'2016-05-31 06:00'";29;14;23;25;1;moderate
DEBB021;"'2016-05-31 07:00'";33;10;36;27;1;moderate
DEBB021;"'2016-05-31 08:00'";23;39;27;19;1;moderate
DEBB021;"'2016-05-31 09:00'";19;57;14;14;1;good
DEBB021;"'2016-05-31 10:00'";19;69;10;14;1;good
DEBB021;"'2016-05-31 11:00'";26;75;21;19;1;moderate
DEBB021;"'2016-05-31 12:00'";27;93;19;17;1;moderate
DEBB021;"'2016-05-31 13:00'";25;99;18;18;1;moderate
DEBB021;"'2016-05-31 14:00'";26;100;22;19;1;moderate
DEBB021;"'2016-05-31 15:00'";24;114;15;17;1;moderate
DEBB021;"'2016-05-31 16:00'";24;119;13;16;1;moderate
DEBB021;"'2016-05-31 17:00'";30;106;13;20;1;moderate
DEBB021;"'2016-05-31 18:00'";27;70;23;22;1;moderate
DEBB021;"'2016-05-31 19:00'";25;81;17;20;1;moderate
DEBB021;"'2016-05-31 20:00'";22;86;10;17;1;moderate
DEBB021;"'2016-05-31 21:00'";14;88;9;12;1;moderate
DEBB021;"'2016-05-31 22:00'";14;79;9;12;1;moderate
DEBB021;"'2016-05-31 23:00'";18;75;8;15;1;moderate
DEBB021;"'2016-05-31 24:00'";20;72;5;16;1;moderate
DEBB021;"'2016-06-01 01:00'";21;63;6;17;1;moderate
DEBB021;"'2016-06-01 02:00'";24;51;7;19;1;moderate
DEBB021;"'2016-06-01 03:00'";24;55;7;18;1;moderate
DEBB021;"'2016-06-01 04:00'";24;49;8;19;1;moderate
DEBB021;"'2016-06-01 05:00'";24;40;10;20;1;moderate
DEBB021;"'2016-06-01 06:00'";25;33;10;20;1;moderate
DEBB021;"'2016-06-01 07:00'";24;24;18;21;1;moderate
DEBB021;"'2016-06-01 08:00'";25;19;23;22;1;moderate
DEBB021;"'2016-06-01 09:00'";24;26;20;20;1;moderate
DEBB021;"'2016-06-01 10:00'";20;32;20;17;1;moderate
DEBB021;"'2016-06-01 11:00'";27;31;25;22;1;moderate
DEBB021;"'2016-06-01 12:00'";26;34;24;22;1;moderate
DEBB021;"'2016-06-01 13:00'";23;35;24;19;1;moderate
DEBB021;"'2016-06-01 14:00'";11;54;14;9;1;good
DEBB021;"'2016-06-01 15:00'";12;75;11;9;1;moderate
DEBB021;"'2016-06-01 16:00'";15;81;8;12;1;moderate
DEBB021;"'2016-06-01 17:00'";19;79;9;16;1;moderate
DEBB021;"'2016-06-01 18:00'";19;82;8;16;1;moderate
DEBB021;"'2016-06-01 19:00'";20;84;7;18;1;moderate
DEBB021;"'2016-06-01 20:00'";20;86;9;17;1;moderate
DEBB021;"'2016-06-01 21:00'";23;76;10;19;1;moderate
DEBB021;"'2016-06-01 22:00'";26;64;15;21;1;moderate
DEBB021;"'2016-06-01 23:00'";29;46;13;23;1;moderate
DEBB021;"'2016-06-01 24:00'";33;41;17;28;1;moderate
DEBB021;"'2016-06-02 01:00'";35;26;23;29;1;moderate
DEBB021;"'2016-06-02 02:00'";34;18;21;29;1;moderate
DEBB021;"'2016-06-02 03:00'";32;25;18;27;1;moderate
DEBB021;"'2016-06-02 04:00'";33;21;14;27;1;moderate
DEBB021;"'2016-06-02 05:00'";34;13;19;29;1;moderate
DEBB021;"'2016-06-02 06:00'";36;17;19;30;1;moderate
DEBB021;"'2016-06-02 07:00'";37;22;22;30;1;moderate
DEBB021;"'2016-06-02 08:00'";37;9;43;30;1;moderate
DEBB021;"'2016-06-02 09:00'";33;21;40;24;1;moderate
DEBB021;"'2016-06-02 10:00'";26;48;20;20;1;moderate
DEBB021;"'2016-06-02 11:00'";24;71;13;16;1;moderate
DEBB021;"'2016-06-02 12:00'";20;84;13;14;1;moderate
DEBB021;"'2016-06-02 13:00'";16;99;13;11;1;moderate
DEBB021;"'2016-06-02 14:00'";17;101;11;9;1;moderate
DEBB021;"'2016-06-02 15:00'";16;103;10;10;1;moderate
DEBB021;"'2016-06-02 16:00'";18;101;11;11;1;moderate
DEBB021;"'2016-06-02 17:00'";20;104;8;14;1;moderate
DEBB021;"'2016-06-02 18:00'";19;103;10;14;1;moderate
DEBB021;"'2016-06-02 19:00'";18;95;10;13;1;moderate
DEBB021;"'2016-06-02 20:00'";14;89;10;11;1;moderate
DEBB021;"'2016-06-02 21:00'";16;72;15;13;1;good
DEBB021;"'2016-06-02 22:00'";17;59;21;14;1;good
DEBB021;"'2016-06-02 23:00'";21;38;20;17;1;moderate
DEBB021;"'2016-06-02 24:00'";26;28;23;22;1;moderate
DEBB021;"'2016-06-03 01:00'";25;30;28;22;1;moderate
DEBB021;"'2016-06-03 02:00'";28;23;26;23;1;moderate
DEBB021;"'2016-06-03 03:00'";17;82;7;14;1;moderate
DEBB021;"'2016-06-03 04:00'";18;75;6;14;1;moderate
DEBB021;"'2016-06-03 05:00'";23;61;9;19;1;moderate
DEBB021;"'2016-06-03 06:00'";27;52;16;23;1;moderate
DEBB021;"'2016-06-03 07:00'";27;48;25;23;1;moderate
DEBB021;"'2016-06-03 08:00'";26;49;26;21;1;moderate
DEBB021;"'2016-06-03 09:00'";24;56;25;19;1;moderate
DEBB021;"'2016-06-03 10:00'";25;69;23;17;1;moderate
DEBB021;"'2016-06-03 11:00'";23;86;14;13;1;moderate
DEBB021;"'2016-06-03 12:00'";19;92;9;11;1;moderate
DEBB021;"'2016-06-03 13:00'";18;92;8;10;1;moderate
DEBB021;"'2016-06-03 14:00'";17;96;8;10;1;moderate
DEBB021;"'2016-06-03 15:00'";17;96;9;10;1;moderate
DEBB021;"'2016-06-03 16:00'";18;102;8;10;1;moderate
DEBB021;"'2016-06-03 17:00'";21;102;9;9;1;moderate
DEBB021;"'2016-06-03 18:00'";16;103;8;9;1;moderate
DEBB021;"'2016-06-03 19:00'";18;104;6;10;1;moderate
DEBB021;"'2016-06-03 20:00'";18;107;7;11;1;moderate
DEBB021;"'2016-06-03 21:00'";20;104;9;12;1;moderate
DEBB021;"'2016-06-03 22:00'";22;98;13;14;1;moderate
DEBB021;"'2016-06-03 23:00'";23;84;18;16;1;moderate
DEBB021;"'2016-06-03 24:00'";26;72;20;18;1;moderate
DEBB021;"'2016-06-04 01:00'";26;63;18;19;1;moderate
DEBB021;"'2016-06-04 02:00'";29;60;17;22;1;moderate
DEBB021;"'2016-06-04 03:00'";32;46;21;25;1;moderate
DEBB021;"'2016-06-04 04:00'";32;33;22;26;1;moderate
DEBB021;"'2016-06-04 05:00'";32;23;22;27;1;moderate
DEBB021;"'2016-06-04 06:00'";35;27;21;29;1;moderate
DEBB021;"'2016-06-04 07:00'";38;25;24;31;1;poor
DEBB021;"'2016-06-04 08:00'";40;41;29;32;1;poor
DEBB021;"'2016-06-04 09:00'";37;66;25;27;1;moderate
DEBB021;"'2016-06-04 10:00'";30;95;14;20;1;moderate
DEBB021;"'2016-06-04 11:00'";23;112;10;14;1;moderate
DEBB021;"'2016-06-04 12:00'";22;119;12;12;1;moderate
DEBB021;"'2016-06-04 13:00'";23;126;6;13;1;moderate
DEBB021;"'2016-06-04 14:00'";21;124;9;12;1;moderate
DEBB021;"'2016-06-04 15:00'";21;124;7;12;1;moderate
DEBB021;"'2016-06-04 16:00'";17;124;6;10;1;moderate
DEBB021;"'2016-06-04 17:00'";16;126;5;9;1;moderate
DEBB021;"'2016-06-04 18:00'";19;128;5;10;1;moderate
DEBB021;"'2016-06-04 19:00'";17;126;7;9;1;moderate
DEBB021;"'2016-06-04 20:00'";21;116;7;12;1;moderate
DEBB021;"'2016-06-04 21:00'";25;104;6;17;1;moderate
DEBB021;"'2016-06-04 22:00'";25;108;9;18;1;moderate
DEBB021;"'2016-06-04 23:00'";26;94;15;20;1;moderate
DEBB021;"'2016-06-04 24:00'";30;74;22;23;1;moderate
DEBB021;"'2016-06-05 01:00'";32;60;23;27;1;moderate
DEBB021;"'2016-06-05 02:00'";37;57;20;31;1;poor
DEBB021;"'2016-06-05 03:00'";35;59;14;29;1;moderate
DEBB021;"'2016-06-05 04:00'";35;42;15;30;1;moderate
DEBB021;"'2016-06-05 05:00'";34;37;15;30;1;moderate
DEBB021;"'2016-06-05 06:00'";33;36;13;29;1;moderate
DEBB021;"'2016-06-05 07:00'";34;36;11;29;1;moderate
DEBB021;"'2016-06-05 08:00'";33;42;10;29;1;moderate
DEBB021;"'2016-06-05 09:00'";31;66;9;26;1;moderate
DEBB021;"'2016-06-05 10:00'";29;90;8;23;1;moderate
DEBB021;"'2016-06-05 11:00'";28;111;5;20;1;moderate
DEBB021;"'2016-06-05 12:00'";26;118;5;18;1;moderate
DEBB021;"'2016-06-05 13:00'";24;122;2;18;1;moderate
DEBB021;"'2016-06-05 14:00'";24;123;5;17;1;moderate
DEBB021;"'2016-06-05 15:00'";28;107;9;21;1;moderate
DEBB021;"'2016-06-05 16:00'";24;86;11;19;1;moderate
DEBB021;"'2016-06-05 17:00'";21;83;10;17;1;moderate
DEBB021;"'2016-06-05 18:00'";19;92;9;15;1;moderate
DEBB021;"'2016-06-05 19:00'";20;95;7;16;1;moderate
DEBB021;"'2016-06-05 20:00'";22;89;6;18;1;moderate
DEBB021;"'2016-06-05 21:00'";24;82;6;19;1;moderate
DEBB021;"'2016-06-05 22:00'";21;80;8;17;1;moderate
DEBB021;"'2016-06-05 23:00'";20;77;13;16;1;moderate
DEBB021;"'2016-06-05 24:00'";19;64;19;15;1;good
DEBB021;"'2016-06-06 01:00'";18;64;13;14;1;good
DEBB021;"'2016-06-06 02:00'";17;55;15;13;1;good
DEBB021;"'2016-06-06 03:00'";17;55;12;12;1;good
DEBB021;"'2016-06-06 04:00'";16;57;8;11;1;good
DEBB021;"'2016-06-06 05:00'";16;55;8;10;1;good
DEBB021;"'2016-06-06 06:00'";16;52;12;8;1;good
DEBB021;"'2016-06-06 07:00'";14;54;14;7;1;good
DEBB021;"'2016-06-06 08:00'";14;59;15;5;1;good
DEBB021;"'2016-06-06 09:00'";14;61;16;5;1;good
DEBB021;"'2016-06-06 10:00'";13;64;14;5;1;good
DEBB021;"'2016-06-06 11:00'";13;69;14;5;1;good
DEBB021;"'2016-06-06 12:00'";13;78;12;5;1;moderate
DEBB021;"'2016-06-06 13:00'";13;89;8;5;1;moderate
DEBB021;"'2016-06-06 14:00'";14;95;7;5;1;moderate
DEBB021;"'2016-06-06 15:00'";11;99;6;4;1;moderate
DEBB021;"'2016-06-06 16:00'";12;104;8;5;1;moderate
DEBB021;"'2016-06-06 17:00'";12;103;9;5;1;moderate
DEBB021;"'2016-06-06 18:00'";12;99;9;5;1;moderate
DEBB021;"'2016-06-06 19:00'";10;96;7;6;1;moderate
DEBB021;"'2016-06-06 20:00'";10;91;8;5;1;moderate
DEBB021;"'2016-06-06 21:00'";11;85;8;6;1;moderate
DEBB021;"'2016-06-06 22:00'";11;82;11;6;1;moderate
DEBB021;"'2016-06-06 23:00'";11;78;12;6;1;moderate
DEBB021;"'2016-06-06 24:00'";11;74;12;7;1;moderate
DEBB021;"'2016-06-07 01:00'";11;68;8;6;1;good
DEBB021;"'2016-06-07 02:00'";9;64;9;5;3;good
DEBB021;"'2016-06-07 03:00'";8;63;9;5;4;good
DEBB021;"'2016-06-07 04:00'";8;60;11;5;3;good
DEBB021;"'2016-06-07 05:00'";8;61;11;5;3;good
DEBB021;"'2016-06-07 06:00'";10;55;14;5;4;good
DEBB021;"'2016-06-07 07:00'";13;50;20;6;3;good
DEBB021;"'2016-06-07 08:00'";18;44;26;7;1;good
DEBB021;"'2016-06-07 09:00'";18;50;22;8;3;good
DEBB021;"'2016-06-07 10:00'";20;58;21;8;2;good
DEBB021;"'2016-06-07 11:00'";14;83;11;7;1;moderate
DEBB021;"'2016-06-07 12:00'";16;90;10;6;1;moderate
DEBB021;"'2016-06-07 13:00'";30;99;13;7;1;moderate
DEBB021;"'2016-06-07 14:00'";17;108;12;6;1;moderate
DEBB021;"'2016-06-07 15:00'";13;114;11;5;1;moderate
DEBB021;"'2016-06-07 16:00'";14;121;11;5;1;moderate
DEBB021;"'2016-06-07 17:00'";17;125;15;5;1;moderate
DEBB021;"'2016-06-07 18:00'";14;136;13;6;1;moderate
DEBB021;"'2016-06-07 19:00'";15;141;14;6;1;moderate
DEBB021;"'2016-06-07 20:00'";15;144;13;6;1;moderate
DEBB021;"'2016-06-07 21:00'";21;124;17;8;1;moderate
DEBB021;"'2016-06-07 22:00'";25;91;32;11;1;moderate
DEBB021;"'2016-06-07 23:00'";26;79;30;15;1;moderate
DEBB021;"'2016-06-07 24:00'";19;70;30;11;1;good
DEBB021;"'2016-06-08 01:00'";20;44;42;14;1;moderate
DEBB021;"'2016-06-08 02:00'";21;38;43;14;1;moderate
DEBB021;"'2016-06-08 03:00'";19;40;35;13;1;moderate
DEBB021;"'2016-06-08 04:00'";16;58;21;12;1;good
DEBB021;"'2016-06-08 05:00'";19;39;28;15;1;good
DEBB021;"'2016-06-08 06:00'";21;25;36;16;1;moderate
DEBB021;"'2016-06-08 07:00'";27;31;35;21;1;moderate
DEBB021;"'2016-06-08 08:00'";28;42;27;20;1;moderate
DEBB021;"'2016-06-08 09:00'";19;59;16;12;1;good
DEBB021;"'2016-06-08 10:00'";18;73;11;10;1;moderate
DEBB021;"'2016-06-08 11:00'";24;90;9;15;1;moderate
DEBB021;"'2016-06-08 12:00'";21;105;10;13;1;moderate
DEBB021;"'2016-06-08 13:00'";23;109;9;13;1;moderate
DEBB021;"'2016-06-08 14:00'";25;111;7;15;1;moderate
DEBB021;"'2016-06-08 15:00'";26;110;7;16;1;moderate
DEBB021;"'2016-06-08 16:00'";24;103;8;13;1;moderate
DEBB021;"'2016-06-08 17:00'";20;94;9;9;1;moderate
DEBB021;"'2016-06-08 18:00'";19;88;6;8;1;moderate
DEBB021;"'2016-06-08 19:00'";17;87;5;8;1;moderate
DEBB021;"'2016-06-08 20:00'";22;87;4;12;1;moderate
DEBB021;"'2016-06-08 21:00'";24;83;6;16;1;moderate
DEBB021;"'2016-06-08 22:00'";26;76;8;17;1;moderate
DEBB021;"'2016-06-08 23:00'";22;72;6;14;1;good
DEBB021;"'2016-06-08 24:00'";19;69;6;12;1;good
DEBB021;"'2016-06-09 01:00'";16;71;5;10;1;good
DEBB021;"'2016-06-09 02:00'";17;72;3;12;1;good
DEBB021;"'2016-06-09 03:00'";19;68;5;14;1;good
DEBB021;"'2016-06-09 04:00'";22;61;6;16;1;moderate
DEBB021;"'2016-06-09 05:00'";25;56;6;18;1;moderate
DEBB021;"'2016-06-09 06:00'";25;53;7;18;1;moderate
DEBB021;"'2016-06-09 07:00'";24;51;12;18;1;moderate
DEBB021;"'2016-06-09 08:00'";25;46;13;19;1;moderate
DEBB021;"'2016-06-09 09:00'";28;46;16;21;1;moderate
DEBB021;"'2016-06-09 10:00'";33;51;10;23;1;moderate
DEBB021;"'2016-06-09 11:00'";33;58;9;23;1;moderate
DEBB021;"'2016-06-09 12:00'";32;61;11;22;1;moderate
DEBB021;"'2016-06-09 13:00'";29;70;9;20;1;moderate
DEBB021;"'2016-06-09 14:00'";29;80;7;20;1;moderate
DEBB021;"'2016-06-09 15:00'";31;81;6;20;1;moderate
DEBB021;"'2016-06-09 16:00'";27;87;6;18;1;moderate
DEBB021;"'2016-06-09 17:00'";24;84;10;16;1;moderate
DEBB021;"'2016-06-09 18:00'";18;83;7;13;1;moderate
DEBB021;"'2016-06-09 19:00'";16;87;5;11;1;moderate
DEBB021;"'2016-06-09 20:00'";18;84;6;12;1;moderate
DEBB021;"'2016-06-09 21:00'";19;79;8;14;1;moderate
DEBB021;"'2016-06-09 22:00'";21;72;12;15;1;good
DEBB021;"'2016-06-09 23:00'";19;67;15;13;1;good
DEBB021;"'2016-06-09 24:00'";19;62;12;14;1;good
DEBB021;"'2016-06-10 01:00'";23;50;18;17;1;moderate
DEBB021;"'2016-06-10 02:00'";19;68;9;14;1;good
DEBB021;"'2016-06-10 03:00'";22;68;6;17;1;moderate
DEBB021;"'2016-06-10 04:00'";24;62;6;19;1;moderate
DEBB021;"'2016-06-10 05:00'";22;64;4;18;1;moderate
DEBB021;"'2016-06-10 06:00'";17;62;6;13;1;good
DEBB021;"'2016-06-10 07:00'";17;60;11;12;1;good
DEBB021;"'2016-06-10 08:00'";19;60;11;11;1;good
DEBB021;"'2016-06-10 09:00'";18;69;7;10;1;good
DEBB021;"'2016-06-10 10:00'";20;73;7;10;1;moderate
DEBB021;"'2016-06-10 11:00'";22;79;6;11;1;moderate
DEBB021;"'2016-06-10 12:00'";21;83;6;10;1;moderate
DEBB021;"'2016-06-10 13:00'";23;83;5;10;1;moderate
DEBB021;"'2016-06-10 14:00'";21;86;3;9;1;moderate
DEBB021;"'2016-06-10 15:00'";21;85;5;9;1;moderate
DEBB021;"'2016-06-10 16:00'";17;83;8;8;1;moderate
DEBB021;"'2016-06-10 17:00'";17;87;7;7;1;moderate
DEBB021;"'2016-06-10 18:00'";15;89;6;7;1;moderate
DEBB021;"'2016-06-10 19:00'";15;88;5;8;1;moderate
DEBB021;"'2016-06-10 20:00'";12;91;5;7;1;moderate
DEBB021;"'2016-06-10 21:00'";12;92;5;6;1;moderate
DEBB021;"'2016-06-10 22:00'";14;90;6;7;1;moderate
DEBB021;"'2016-06-10 23:00'";15;84;7;8;1;moderate
DEBB021;"'2016-06-10 24:00'";17;72;10;9;1;good
DEBB021;"'2016-06-11 01:00'";16;70;8;9;1;good
DEBB021;"'2016-06-11 02:00'";16;58;12;9;1;good
DEBB021;"'2016-06-11 03:00'";16;52;13;10;1;good
DEBB021;"'2016-06-11 04:00'";13;61;8;9;1;good
DEBB021;"'2016-06-11 05:00'";13;56;8;9;1;good
DEBB021;"'2016-06-11 06:00'";13;49;12;9;1;good
DEBB021;"'2016-06-11 07:00'";10;57;12;6;1;good
DEBB021;"'2016-06-11 08:00'";10;62;12;5;1;good
DEBB021;"'2016-06-11 09:00'";10;66;15;4;1;good
DEBB021;"'2016-06-11 10:00'";8;76;9;3;1;moderate
DEBB021;"'2016-06-11 11:00'";9;80;8;3;1;moderate
DEBB021;"'2016-06-11 12:00'";16;89;4;4;1;moderate
DEBB021;"'2016-06-11 13:00'";11;92;4;4;1;moderate
DEBB021;"'2016-06-11 14:00'";11;94;4;4;1;moderate
DEBB021;"'2016-06-11 15:00'";9;96;2;4;1;moderate
DEBB021;"'2016-06-11 16:00'";8;97;2;4;1;moderate
DEBB021;"'2016-06-11 17:00'";10;99;2;4;1;moderate
DEBB021;"'2016-06-11 18:00'";10;99;2;4;1;moderate
DEBB021;"'2016-06-11 19:00'";9;102;3;4;1;moderate
DEBB021;"'2016-06-11 20:00'";10;101;2;4;1;moderate
DEBB021;"'2016-06-11 21:00'";10;95;6;4;1;moderate
DEBB021;"'2016-06-11 22:00'";9;87;7;5;1;moderate
DEBB021;"'2016-06-11 23:00'";10;79;8;5;1;moderate
DEBB021;"'2016-06-11 24:00'";10;70;7;4;1;good
DEBB021;"'2016-06-12 01:00'";8;65;6;4;1;good
DEBB021;"'2016-06-12 02:00'";7;61;7;4;1;good
DEBB021;"'2016-06-12 03:00'";7;59;6;4;1;good
DEBB021;"'2016-06-12 04:00'";6;55;6;3;1;good
DEBB021;"'2016-06-12 05:00'";6;51;7;4;1;good
DEBB021;"'2016-06-12 06:00'";7;47;9;4;1;good
DEBB021;"'2016-06-12 07:00'";8;45;10;4;1;good
DEBB021;"'2016-06-12 08:00'";10;50;7;5;1;good
DEBB021;"'2016-06-12 09:00'";13;54;7;6;1;good
DEBB021;"'2016-06-12 10:00'";13;61;6;7;1;good
DEBB021;"'2016-06-12 11:00'";13;71;6;8;1;good
DEBB021;"'2016-06-12 12:00'";16;77;10;10;1;moderate
DEBB021;"'2016-06-12 13:00'";18;86;11;11;3;moderate
DEBB021;"'2016-06-12 14:00'";19;91;11;11;4;moderate
DEBB021;"'2016-06-12 15:00'";20;100;8;11;3;moderate
DEBB021;"'2016-06-12 16:00'";22;103;7;12;2;moderate
DEBB021;"'2016-06-12 17:00'";24;99;8;12;3;moderate
DEBB021;"'2016-06-12 18:00'";25;100;8;14;3;moderate
DEBB021;"'2016-06-12 19:00'";27;95;9;14;1;moderate
DEBB021;"'2016-06-12 20:00'";20;89;11;13;3;moderate
DEBB021;"'2016-06-12 21:00'";17;89;9;10;2;moderate
DEBB021;"'2016-06-12 22:00'";14;87;8;9;1;moderate
DEBB021;"'2016-06-12 23:00'";12;89;6;9;1;moderate
DEBB021;"'2016-06-12 24:00'";12;89;6;9;1;moderate
DEBB021;"'2016-06-13 01:00'";12;83;8;9;1;moderate
DEBB021;"'2016-06-13 02:00'";13;70;13;11;1;good
DEBB021;"'2016-06-13 03:00'";11;76;5;10;1;moderate
DEBB021;"'2016-06-13 04:00'";11;72;7;10;1;good
DEBB021;"'2016-06-13 05:00'";11;68;7;10;1;good
DEBB021;"'2016-06-13 06:00'";12;64;10;11;1;good
DEBB021;"'2016-06-13 07:00'";13;59;14;11;1;good
DEBB021;"'2016-06-13 08:00'";17;52;20;13;1;good
DEBB021;"'2016-06-13 09:00'";23;48;23;14;1;good
DEBB021;"'2016-06-13 10:00'";25;49;24;18;1;moderate
DEBB021;"'2016-06-13 11:00'";29;45;26;24;1;moderate
DEBB021;"'2016-06-13 12:00'";30;38;37;25;1;moderate
DEBB021;"'2016-06-13 13:00'";34;39;41;28;1;moderate
DEBB021;"'2016-06-13 14:00'";29;57;27;22;1;moderate
DEBB021;"'2016-06-13 15:00'";24;71;19;17;1;moderate
DEBB021;"'2016-06-13 16:00'";27;69;21;17;1;moderate
DEBB021;"'2016-06-13 17:00'";33;64;20;26;1;moderate
DEBB021;"'2016-06-13 18:00'";36;70;18;27;1;moderate
DEBB021;"'2016-06-13 19:00'";36;66;20;27;1;moderate
DEBB021;"'2016-06-13 20:00'";31;61;18;25;1;moderate
DEBB021;"'2016-06-13 21:00'";27;58;15;24;1;moderate
DEBB021;"'2016-06-13 22:00'";26;59;13;24;1;moderate
DEBB021;"'2016-06-13 23:00'";30;57;12;28;1;moderate
DEBB021;"'2016-06-13 24:00'";30;55;11;28;1;moderate
DEBB021;"'2016-06-14 01:00'";28;52;11;26;1;moderate
DEBB021;"'2016-06-14 02:00'";25;49;11;24;1;moderate
DEBB021;"'2016-06-14 03:00'";26;46;10;25;1;moderate
DEBB021;"'2016-06-14 04:00'";29;38;13;28;1;moderate
DEBB021;"'2016-06-14 05:00'";32;29;18;30;1;moderate
DEBB021;"'2016-06-14 06:00'";29;29;14;27;1;moderate
DEBB021;"'2016-06-14 07:00'";25;35;14;23;1;moderate
DEBB021;"'2016-06-14 08:00'";24;37;16;22;1;moderate
DEBB021;"'2016-06-14 09:00'";28;39;17;24;1;moderate
DEBB021;"'2016-06-14 10:00'";26;43;13;23;1;moderate
DEBB021;"'2016-06-14 11:00'";25;46;15;22;1;moderate
DEBB021;"'2016-06-14 12:00'";26;59;11;21;1;moderate
DEBB021;"'2016-06-14 13:00'";15;47;13;12;1;good
DEBB021;"'2016-06-14 14:00'";12;73;7;11;1;moderate
DEBB021;"'2016-06-14 15:00'";11;84;5;9;1;moderate
DEBB021;"'2016-06-14 16:00'";8;86;7;6;1;moderate
DEBB021;"'2016-06-14 17:00'";7;82;10;4;1;moderate
DEBB021;"'2016-06-14 18:00'";6;82;8;5;1;moderate
DEBB021;"'2016-06-14 19:00'";8;80;8;6;1;moderate
DEBB021;"'2016-06-14 20:00'";6;85;5;5;1;moderate
DEBB021;"'2016-06-14 21:00'";8;77;8;6;1;moderate
DEBB021;"'2016-06-14 22:00'";8;64;7;7;1;good
DEBB021;"'2016-06-14 23:00'";10;50;11;9;1;good
DEBB021;"'2016-06-14 24:00'";9;40;11;8;1;good
DEBB021;"'2016-06-15 01:00'";7;37;14;6;1;good
DEBB021;"'2016-06-15 02:00'";6;41;9;5;1;good
DEBB021;"'2016-06-15 03:00'";6;36;13;5;1;good
DEBB021;"'2016-06-15 04:00'";7;29;14;6;1;good
DEBB021;"'2016-06-15 05:00'";8;21;15;7;1;good
DEBB021;"'2016-06-15 06:00'";9;12;21;7;1;good
DEBB021;"'2016-06-15 07:00'";12;10;24;9;1;good
DEBB021;"'2016-06-15 08:00'";15;5;30;11;1;good
DEBB021;"'2016-06-15 09:00'";17;2;33;13;1;moderate
DEBB021;"'2016-06-15 10:00'";20;7;27;15;1;good
DEBB021;"'2016-06-15 11:00'";21;15;25;16;1;moderate
DEBB021;"'2016-06-15 12:00'";16;32;22;13;1;good
DEBB021;"'2016-06-15 13:00'";14;35;21;11;1;good
DEBB021;"'2016-06-15 14:00'";9;45;21;8;1;good
DEBB021;"'2016-06-15 15:00'";9;52;13;7;1;good
DEBB021;"'2016-06-15 16:00'";9;61;10;7;1;good
DEBB021;"'2016-06-15 17:00'";10;62;12;7;1;good
DEBB021;"'2016-06-15 18:00'";11;56;15;9;1;good
DEBB021;"'2016-06-15 19:00'";11;59;13;8;1;good
DEBB021;"'2016-06-15 20:00'";6;62;11;4;1;good
DEBB021;"'2016-06-15 21:00'";8;50;14;6;1;good
DEBB021;"'2016-06-15 22:00'";10;42;16;7;1;good
DEBB021;"'2016-06-15 23:00'";13;34;17;10;1;good
DEBB021;"'2016-06-15 24:00'";14;35;12;11;1;good
DEBB021;"'2016-06-16 01:00'";14;27;13;11;1;good
DEBB021;"'2016-06-16 02:00'";15;19;17;11;1;good
DEBB021;"'2016-06-16 03:00'";17;20;12;13;1;good
DEBB021;"'2016-06-16 04:00'";18;16;16;13;1;good
DEBB021;"'2016-06-16 05:00'";17;17;15;13;1;good
DEBB021;"'2016-06-16 06:00'";15;16;17;11;1;good
DEBB021;"'2016-06-16 07:00'";13;20;22;10;1;good
DEBB021;"'2016-06-16 08:00'";11;27;18;8;1;good
DEBB021;"'2016-06-16 09:00'";10;41;12;6;1;good
DEBB021;"'2016-06-16 10:00'";9;48;10;5;1;good
DEBB021;"'2016-06-16 11:00'";8;54;11;5;1;good
DEBB021;"'2016-06-16 12:00'";7;65;7;4;1;good
DEBB021;"'2016-06-16 13:00'";6;70;6;3;1;good
DEBB021;"'2016-06-16 14:00'";5;73;7;3;1;moderate
DEBB021;"'2016-06-16 15:00'";6;72;7;3;1;good
DEBB021;"'2016-06-16 16:00'";6;69;11;3;1;good
DEBB021;"'2016-06-16 17:00'";7;69;12;3;1;good
DEBB021;"'2016-06-16 18:00'";7;65;14;3;1;good
DEBB021;"'2016-06-16 19:00'";7;63;17;3;1;good
DEBB021;"'2016-06-16 20:00'";7;67;13;4;1;good
DEBB021;"'2016-06-16 21:00'";7;59;14;4;1;good
DEBB021;"'2016-06-16 22:00'";7;51;14;4;1;good
DEBB021;"'2016-06-16 23:00'";8;44;14;4;1;good
DEBB021;"'2016-06-16 24:00'";8;46;11;5;1;good
DEBB021;"'2016-06-17 01:00'";9;46;12;5;1;good
DEBB021;"'2016-06-17 02:00'";8;45;14;5;1;good
DEBB021;"'2016-06-17 03:00'";8;47;11;5;1;good
DEBB021;"'2016-06-17 04:00'";7;44;11;5;1;good
DEBB021;"'2016-06-17 05:00'";8;34;12;6;1;good
DEBB021;"'2016-06-17 06:00'";10;27;19;8;1;good
DEBB021;"'2016-06-17 07:00'";10;27;21;9;1;good
DEBB021;"'2016-06-17 08:00'";10;34;26;9;1;good
DEBB021;"'2016-06-17 09:00'";9;45;17;8;1;good
DEBB021;"'2016-06-17 10:00'";13;47;14;12;1;good
DEBB021;"'2016-06-17 11:00'";24;45;13;23;1;moderate
DEBB021;"'2016-06-17 12:00'";26;43;16;24;1;moderate
DEBB021;"'2016-06-17 13:00'";19;50;15;17;1;moderate
DEBB021;"'2016-06-17 14:00'";22;50;14;21;1;moderate
DEBB021;"'2016-06-17 15:00'";15;63;8;14;1;good
DEBB021;"'2016-06-17 16:00'";11;62;13;9;1;good
DEBB021;"'2016-06-17 17:00'";9;66;10;7;1;good
DEBB021;"'2016-06-17 18:00'";6;69;8;4;1;good
DEBB021;"'2016-06-17 19:00'";6;62;12;4;1;good
DEBB021;"'2016-06-17 20:00'";10;51;16;8;1;good
DEBB021;"'2016-06-17 21:00'";13;59;11;10;1;good
DEBB021;"'2016-06-17 22:00'";17;46;15;14;1;good
DEBB021;"'2016-06-17 23:00'";17;50;14;14;1;good
DEBB021;"'2016-06-17 24:00'";15;52;12;12;1;good
DEBB021;"'2016-06-18 01:00'";15;51;11;12;1;good
DEBB021;"'2016-06-18 02:00'";15;45;12;12;1;good
DEBB021;"'2016-06-18 03:00'";17;45;13;13;1;good
DEBB021;"'2016-06-18 04:00'";18;45;12;15;1;good
DEBB021;"'2016-06-18 05:00'";20;40;13;16;1;moderate
DEBB021;"'2016-06-18 06:00'";20;38;9;15;1;good
DEBB021;"'2016-06-18 07:00'";19;34;12;15;1;good
DEBB021;"'2016-06-18 08:00'";19;36;9;14;1;good
DEBB021;"'2016-06-18 09:00'";20;48;7;15;1;good
DEBB021;"'2016-06-18 10:00'";19;56;7;14;1;good
DEBB021;"'2016-06-18 11:00'";18;61;10;13;1;good
DEBB021;"'2016-06-18 12:00'";14;74;7;8;1;moderate
DEBB021;"'2016-06-18 13:00'";14;74;11;7;1;moderate
DEBB021;"'2016-06-18 14:00'";9;81;11;5;1;moderate
DEBB021;"'2016-06-18 15:00'";8;89;6;4;1;moderate
DEBB021;"'2016-06-18 16:00'";10;85;7;6;1;moderate
DEBB021;"'2016-06-18 17:00'";6;75;10;4;1;moderate
DEBB021;"'2016-06-18 18:00'";4;80;7;3;1;moderate
DEBB021;"'2016-06-18 19:00'";8;79;9;6;1;moderate
DEBB021;"'2016-06-18 20:00'";10;70;10;7;1;good
DEBB021;"'2016-06-18 21:00'";8;70;7;7;1;good
DEBB021;"'2016-06-18 22:00'";10;53;11;9;1;good
DEBB021;"'2016-06-18 23:00'";14;43;13;11;1;good
DEBB021;"'2016-06-18 24:00'";15;37;12;12;1;good
DEBB021;"'2016-06-19 01:00'";16;30;12;13;1;good
DEBB021;"'2016-06-19 02:00'";17;30;9;13;1;good
DEBB021;"'2016-06-19 03:00'";18;24;7;14;1;good
DEBB021;"'2016-06-19 04:00'";18;16;10;15;1;good
DEBB021;"'2016-06-19 05:00'";19;19;9;15;1;good
DEBB021;"'2016-06-19 06:00'";19;27;9;15;1;good
DEBB021;"'2016-06-19 07:00'";19;40;7;16;1;moderate
DEBB021;"'2016-06-19 08:00'";18;53;5;15;1;good
DEBB021;"'2016-06-19 09:00'";16;63;3;14;1;good
DEBB021;"'2016-06-19 10:00'";19;68;3;17;1;moderate
DEBB021;"'2016-06-19 11:00'";20;74;3;17;1;moderate
DEBB021;"'2016-06-19 12:00'";16;77;6;14;1;moderate
DEBB021;"'2016-06-19 13:00'";15;80;3;13;1;moderate
DEBB021;"'2016-06-19 14:00'";13;81;3;11;1;moderate
DEBB021;"'2016-06-19 15:00'";11;85;2;9;1;moderate
DEBB021;"'2016-06-19 16:00'";14;74;3;9;1;moderate
DEBB021;"'2016-06-19 17:00'";10;77;2;8;1;moderate
DEBB021;"'2016-06-19 18:00'";9;79;2;8;1;moderate
DEBB021;"'2016-06-19 19:00'";12;79;2;9;1;moderate
DEBB021;"'2016-06-19 20:00'";15;72;4;11;1;good
DEBB021;"'2016-06-19 21:00'";15;71;2;10;1;good
DEBB021;"'2016-06-19 22:00'";13;68;4;9;1;good
DEBB021;"'2016-06-19 23:00'";14;57;10;10;1;good
DEBB021;"'2016-06-19 24:00'";12;58;7;9;1;good
DEBB021;"'2016-06-20 01:00'";12;54;6;9;1;good
DEBB021;"'2016-06-20 02:00'";12;45;6;9;1;good
DEBB021;"'2016-06-20 03:00'";12;41;6;9;1;good
DEBB021;"'2016-06-20 04:00'";12;41;6;9;1;good
DEBB021;"'2016-06-20 05:00'";13;33;8;10;1;good
DEBB021;"'2016-06-20 06:00'";13;19;21;10;1;good
DEBB021;"'2016-06-20 07:00'";14;29;20;10;1;good
DEBB021;"'2016-06-20 08:00'";14;39;19;10;1;good
DEBB021;"'2016-06-20 09:00'";14;57;11;9;1;good
DEBB021;"'2016-06-20 10:00'";13;65;8;9;1;good
DEBB021;"'2016-06-20 11:00'";14;75;7;9;1;moderate
DEBB021;"'2016-06-20 12:00'";19;77;7;11;1;moderate
DEBB021;"'2016-06-20 13:00'";15;79;6;10;1;moderate
DEBB021;"'2016-06-20 14:00'";22;83;7;11;1;moderate
DEBB021;"'2016-06-20 15:00'";18;91;7;10;1;moderate
DEBB021;"'2016-06-20 16:00'";23;91;10;11;1;moderate
DEBB021;"'2016-06-20 17:00'";24;85;16;11;1;moderate
DEBB021;"'2016-06-20 18:00'";19;91;11;10;1;moderate
DEBB021;"'2016-06-20 19:00'";19;96;7;12;1;moderate
DEBB021;"'2016-06-20 20:00'";69;86;15;19;1;poor
DEBB021;"'2016-06-20 21:00'";54;72;23;17;1;moderate
DEBB021;"'2016-06-20 22:00'";21;71;16;13;1;good
DEBB021;"'2016-06-20 23:00'";17;65;12;13;1;good
DEBB021;"'2016-06-20 24:00'";15;68;8;12;1;good
DEBB021;"'2016-06-21 01:00'";15;66;6;11;1;good
DEBB021;"'2016-06-21 02:00'";15;63;6;12;1;good
DEBB021;"'2016-06-21 03:00'";16;59;7;12;1;good
DEBB021;"'2016-06-21 04:00'";16;52;8;13;1;good
DEBB021;"'2016-06-21 05:00'";9;77;4;7;1;moderate
DEBB021;"'2016-06-21 06:00'";7;79;5;6;1;moderate
DEBB021;"'2016-06-21 07:00'";8;62;12;6;1;good
DEBB021;"'2016-06-21 08:00'";8;45;19;7;1;good
DEBB021;"'2016-06-21 09:00'";8;44;16;6;1;good
DEBB021;"'2016-06-21 10:00'";7;40;13;5;1;good
DEBB021;"'2016-06-21 11:00'";5;39;11;4;1;good
DEBB021;"'2016-06-21 12:00'";6;55;6;4;1;good
DEBB021;"'2016-06-21 13:00'";6;70;5;4;1;good
DEBB021;"'2016-06-21 14:00'";7;67;6;4;1;good
DEBB021;"'2016-06-21 15:00'";6;70;3;4;1;good
DEBB021;"'2016-06-21 16:00'";8;75;7;6;1;moderate
DEBB021;"'2016-06-21 17:00'";10;77;8;6;1;moderate
DEBB021;"'2016-06-21 18:00'";12;80;9;8;1;moderate
DEBB021;"'2016-06-21 19:00'";11;86;8;9;1;moderate
DEBB021;"'2016-06-21 20:00'";13;92;7;10;1;moderate
DEBB021;"'2016-06-21 21:00'";12;93;8;10;1;moderate
DEBB021;"'2016-06-21 22:00'";15;68;16;12;1;good
DEBB021;"'2016-06-21 23:00'";16;36;36;13;1;moderate
DEBB021;"'2016-06-21 24:00'";19;31;28;16;1;moderate
DEBB021;"'2016-06-22 01:00'";20;19;34;18;1;moderate
DEBB021;"'2016-06-22 02:00'";20;13;37;18;1;moderate
DEBB021;"'2016-06-22 03:00'";18;18;35;16;1;moderate
DEBB021;"'2016-06-22 04:00'";17;21;26;15;1;good
DEBB021;"'2016-06-22 05:00'";17;14;30;14;1;good
DEBB021;"'2016-06-22 06:00'";17;12;27;14;1;good
DEBB021;"'2016-06-22 07:00'";18;13;33;14;1;moderate
DEBB021;"'2016-06-22 08:00'";20;14;34;14;1;moderate
DEBB021;"'2016-06-22 09:00'";30;23;33;15;1;moderate
DEBB021;"'2016-06-22 10:00'";14;61;15;8;1;good
DEBB021;"'2016-06-22 11:00'";14;76;12;7;1;moderate
DEBB021;"'2016-06-22 12:00'";12;79;13;6;1;moderate
DEBB021;"'2016-06-22 13:00'";13;82;12;7;1;moderate
DEBB021;"'2016-06-22 14:00'";25;88;10;9;1;moderate
DEBB021;"'2016-06-22 15:00'";27;86;12;10;1;moderate
DEBB021;"'2016-06-22 16:00'";17;86;13;9;1;moderate
DEBB021;"'2016-06-22 17:00'";14;88;12;7;1;moderate
DEBB021;"'2016-06-22 18:00'";17;88;11;8;1;moderate
DEBB021;"'2016-06-22 19:00'";16;83;9;9;1;moderate
DEBB021;"'2016-06-22 20:00'";20;76;11;9;1;moderate
DEBB021;"'2016-06-22 21:00'";13;72;9;7;1;good
DEBB021;"'2016-06-22 22:00'";17;48;22;10;1;good
DEBB021;"'2016-06-22 23:00'";18;19;37;13;1;moderate
DEBB021;"'2016-06-22 24:00'";21;13;34;17;1;moderate
DEBB021;"'2016-06-23 01:00'";22;8;33;19;1;moderate
DEBB021;"'2016-06-23 02:00'";22;4;37;20;1;moderate
DEBB021;"'2016-06-23 03:00'";19;2;39;17;1;moderate
DEBB021;"'2016-06-23 04:00'";21;3;34;19;1;moderate
DEBB021;"'2016-06-23 05:00'";22;2;35;19;1;moderate
DEBB021;"'2016-06-23 06:00'";28;2;35;25;1;moderate
DEBB021;"'2016-06-23 07:00'";42;6;39;38;1;poor
DEBB021;"'2016-06-23 08:00'";36;15;51;30;1;moderate
DEBB021;"'2016-06-23 09:00'";29;41;38;20;1;moderate
DEBB021;"'2016-06-23 10:00'";22;83;15;13;1;moderate
DEBB021;"'2016-06-23 11:00'";23;90;9;14;1;moderate
DEBB021;"'2016-06-23 12:00'";48;95;8;17;1;moderate
DEBB021;"'2016-06-23 13:00'";20;97;8;10;1;moderate
DEBB021;"'2016-06-23 14:00'";21;95;7;9;1;moderate
DEBB021;"'2016-06-23 15:00'";19;95;10;8;1;moderate
DEBB021;"'2016-06-23 16:00'";17;99;7;6;1;moderate
DEBB021;"'2016-06-23 17:00'";15;101;10;5;1;moderate
DEBB021;"'2016-06-23 18:00'";12;100;9;5;1;moderate
DEBB021;"'2016-06-23 19:00'";12;102;8;5;1;moderate
DEBB021;"'2016-06-23 20:00'";11;107;9;5;1;moderate
DEBB021;"'2016-06-23 21:00'";18;108;10;6;1;moderate
DEBB021;"'2016-06-23 22:00'";15;97;12;8;1;moderate
DEBB021;"'2016-06-23 23:00'";19;79;20;12;1;moderate
DEBB021;"'2016-06-23 24:00'";20;67;22;14;1;good
DEBB021;"'2016-06-24 01:00'";20;68;16;15;1;good
DEBB021;"'2016-06-24 02:00'";21;57;16;16;1;moderate
DEBB021;"'2016-06-24 03:00'";23;53;16;19;1;moderate
DEBB021;"'2016-06-24 04:00'";24;53;14;20;1;moderate
DEBB021;"'2016-06-24 05:00'";26;43;17;22;1;moderate
DEBB021;"'2016-06-24 06:00'";28;38;25;23;1;moderate
DEBB021;"'2016-06-24 07:00'";28;43;26;21;1;moderate
DEBB021;"'2016-06-24 08:00'";38;56;25;25;1;moderate
DEBB021;"'2016-06-24 09:00'";47;70;23;24;1;moderate
DEBB021;"'2016-06-24 10:00'";36;87;18;22;1;moderate
DEBB021;"'2016-06-24 11:00'";-;100;21;-;1;moderate
DEBB021;"'2016-06-24 12:00'";36;115;18;16;1;moderate
DEBB021;"'2016-06-24 13:00'";23;139;9;12;1;moderate
DEBB021;"'2016-06-24 14:00'";25;150;8;14;1;poor
DEBB021;"'2016-06-24 15:00'";23;154;9;12;1;poor
DEBB021;"'2016-06-24 16:00'";23;114;13;9;1;moderate
DEBB021;"'2016-06-24 17:00'";19;117;8;8;1;moderate
DEBB021;"'2016-06-24 18:00'";20;111;14;8;1;moderate
DEBB021;"'2016-06-24 19:00'";19;105;12;8;1;moderate
DEBB021;"'2016-06-24 20:00'";16;94;19;9;1;moderate
DEBB021;"'2016-06-24 21:00'";42;96;15;12;1;moderate
DEBB021;"'2016-06-24 22:00'";31;107;6;10;1;moderate
DEBB021;"'2016-06-24 23:00'";18;101;6;8;1;moderate
DEBB021;"'2016-06-24 24:00'";20;96;5;10;1;moderate
DEBB021;"'2016-06-25 01:00'";21;88;6;12;1;moderate
DEBB021;"'2016-06-25 02:00'";21;75;11;14;1;moderate
DEBB021;"'2016-06-25 03:00'";20;66;9;14;1;good
DEBB021;"'2016-06-25 04:00'";19;60;10;14;1;good
DEBB021;"'2016-06-25 05:00'";20;53;10;14;1;good
DEBB021;"'2016-06-25 06:00'";19;53;13;14;1;good
DEBB021;"'2016-06-25 07:00'";21;53;16;15;1;good
DEBB021;"'2016-06-25 08:00'";24;53;13;17;1;moderate
DEBB021;"'2016-06-25 09:00'";28;61;11;18;1;moderate
DEBB021;"'2016-06-25 10:00'";29;82;10;19;1;moderate
DEBB021;"'2016-06-25 11:00'";35;121;11;24;1;moderate
DEBB021;"'2016-06-25 12:00'";41;163;13;28;1;poor
DEBB021;"'2016-06-25 13:00'";44;165;18;27;1;poor
DEBB021;"'2016-06-25 14:00'";44;165;16;29;1;poor
DEBB021;"'2016-06-25 15:00'";46;161;9;31;1;poor
DEBB021;"'2016-06-25 16:00'";39;133;8;25;1;moderate
DEBB021;"'2016-06-25 17:00'";39;135;9;28;1;moderate
DEBB021;"'2016-06-25 18:00'";41;110;5;28;1;moderate
DEBB021;"'2016-06-25 19:00'";34;88;5;24;1;moderate
DEBB021;"'2016-06-25 20:00'";30;82;5;22;1;moderate
DEBB021;"'2016-06-25 21:00'";27;90;5;21;1;moderate
DEBB021;"'2016-06-25 22:00'";24;84;6;19;1;moderate
DEBB021;"'2016-06-25 23:00'";25;76;7;20;1;moderate
DEBB021;"'2016-06-25 24:00'";21;72;6;18;1;moderate
DEBB021;"'2016-06-26 01:00'";16;68;5;15;1;good
DEBB021;"'2016-06-26 02:00'";10;47;5;9;1;good
DEBB021;"'2016-06-26 03:00'";6;45;3;4;1;good
DEBB021;"'2016-06-26 04:00'";0.9;62;2;1;1;good
DEBB021;"'2016-06-26 05:00'";1;62;2;1;1;good
DEBB021;"'2016-06-26 06:00'";3;65;2;2;1;good
DEBB021;"'2016-06-26 07:00'";7;61;2;5;1;good
DEBB021;"'2016-06-26 08:00'";7;62;2;6;1;good
DEBB021;"'2016-06-26 09:00'";6;70;2;5;1;good
DEBB021;"'2016-06-26 10:00'";6;75;2;4;1;moderate
DEBB021;"'2016-06-26 11:00'";11;75;2;8;1;moderate
DEBB021;"'2016-06-26 12:00'";16;75;5;12;1;moderate
DEBB021;"'2016-06-26 13:00'";18;84;2;15;1;moderate
DEBB021;"'2016-06-26 14:00'";21;85;4;15;1;moderate
DEBB021;"'2016-06-26 15:00'";16;88;2;12;1;moderate
DEBB021;"'2016-06-26 16:00'";11;86;3;8;1;moderate
DEBB021;"'2016-06-26 17:00'";9;81;2;6;1;moderate
DEBB021;"'2016-06-26 18:00'";9;80;4;6;1;moderate
DEBB021;"'2016-06-26 19:00'";8;81;2;6;1;moderate
DEBB021;"'2016-06-26 20:00'";8;81;2;6;1;moderate
DEBB021;"'2016-06-26 21:00'";9;76;6;6;1;moderate
DEBB021;"'2016-06-26 22:00'";12;66;10;7;1;good
DEBB021;"'2016-06-26 23:00'";15;55;12;8;1;good
DEBB021;"'2016-06-26 24:00'";15;46;15;9;1;good
DEBB021;"'2016-06-27 01:00'";13;35;17;9;1;good
DEBB021;"'2016-06-27 02:00'";12;32;16;10;1;good
DEBB021;"'2016-06-27 03:00'";13;23;18;11;1;good
DEBB021;"'2016-06-27 04:00'";14;26;20;12;1;good
DEBB021;"'2016-06-27 05:00'";16;32;19;14;1;good
DEBB021;"'2016-06-27 06:00'";17;31;22;13;1;good
DEBB021;"'2016-06-27 07:00'";17;35;22;12;1;good
DEBB021;"'2016-06-27 08:00'";15;53;16;9;1;good
DEBB021;"'2016-06-27 09:00'";10;64;13;7;1;good
DEBB021;"'2016-06-27 10:00'";11;74;7;8;1;moderate
DEBB021;"'2016-06-27 11:00'";10;79;8;8;1;moderate
DEBB021;"'2016-06-27 12:00'";14;81;8;7;1;moderate
DEBB021;"'2016-06-27 13:00'";14;84;7;6;1;moderate
DEBB021;"'2016-06-27 14:00'";17;87;7;7;1;moderate
DEBB021;"'2016-06-27 15:00'";11;92;6;7;1;moderate
DEBB021;"'2016-06-27 16:00'";13;91;7;6;1;moderate
DEBB021;"'2016-06-27 17:00'";11;92;7;6;1;moderate
DEBB021;"'2016-06-27 18:00'";8;94;5;5;1;moderate
DEBB021;"'2016-06-27 19:00'";10;92;7;5;1;moderate
DEBB021;"'2016-06-27 20:00'";12;88;5;5;1;moderate
DEBB021;"'2016-06-27 21:00'";10;86;8;5;1;moderate
DEBB021;"'2016-06-27 22:00'";12;78;10;6;1;moderate
DEBB021;"'2016-06-27 23:00'";14;67;11;8;1;good
DEBB021;"'2016-06-27 24:00'";12;67;9;8;1;good
DEBB021;"'2016-06-28 01:00'";13;58;11;8;1;good
DEBB021;"'2016-06-28 02:00'";13;54;12;9;1;good
DEBB021;"'2016-06-28 03:00'";11;53;11;9;1;good
DEBB021;"'2016-06-28 04:00'";12;48;12;10;1;good
DEBB021;"'2016-06-28 05:00'";12;44;10;9;1;good
DEBB021;"'2016-06-28 06:00'";9;42;10;7;1;good
DEBB021;"'2016-06-28 07:00'";11;35;12;8;1;good
DEBB021;"'2016-06-28 08:00'";8;36;11;7;1;good
DEBB021;"'2016-06-28 09:00'";10;39;10;8;1;good
DEBB021;"'2016-06-28 10:00'";11;49;6;8;1;good
DEBB021;"'2016-06-28 11:00'";10;63;5;6;1;good
DEBB021;"'2016-06-28 12:00'";14;66;5;8;1;good
DEBB021;"'2016-06-28 13:00'";17;65;5;11;1;good
DEBB021;"'2016-06-28 14:00'";17;71;2;11;1;good
DEBB021;"'2016-06-28 15:00'";17;79;3;10;1;moderate
DEBB021;"'2016-06-28 16:00'";15;82;3;8;1;moderate
DEBB021;"'2016-06-28 17:00'";14;85;7;6;1;moderate
DEBB021;"'2016-06-28 18:00'";12;86;5;6;1;moderate
DEBB021;"'2016-06-28 19:00'";10;87;4;5;1;moderate
DEBB021;"'2016-06-28 20:00'";10;87;4;5;1;moderate
DEBB021;"'2016-06-28 21:00'";11;81;5;6;1;moderate
DEBB021;"'2016-06-28 22:00'";15;69;9;6;1;good
DEBB021;"'2016-06-28 23:00'";17;59;11;7;1;good
DEBB021;"'2016-06-28 24:00'";13;47;14;7;1;good
DEBB021;"'2016-06-29 01:00'";14;28;25;9;1;good
DEBB021;"'2016-06-29 02:00'";15;17;36;9;1;moderate
DEBB021;"'2016-06-29 03:00'";14;16;38;10;1;moderate
DEBB021;"'2016-06-29 04:00'";17;15;47;10;1;moderate
DEBB021;"'2016-06-29 05:00'";17;23;39;11;1;moderate
DEBB021;"'2016-06-29 06:00'";17;26;37;12;1;moderate
DEBB021;"'2016-06-29 07:00'";17;31;26;13;1;good
DEBB021;"'2016-06-29 08:00'";17;35;19;12;1;good
DEBB021;"'2016-06-29 09:00'";17;36;13;13;1;good
DEBB021;"'2016-06-29 10:00'";18;43;12;12;1;good
DEBB021;"'2016-06-29 11:00'";17;58;11;8;1;good
DEBB021;"'2016-06-29 12:00'";18;59;11;8;1;good
DEBB021;"'2016-06-29 13:00'";12;46;15;9;1;good
DEBB021;"'2016-06-29 14:00'";12;56;13;7;1;good
DEBB021;"'2016-06-29 15:00'";9;78;7;4;1;moderate
DEBB021;"'2016-06-29 16:00'";10;75;10;5;1;moderate
DEBB021;"'2016-06-29 17:00'";10;84;7;4;1;moderate
DEBB021;"'2016-06-29 18:00'";10;94;6;4;1;moderate
DEBB021;"'2016-06-29 19:00'";12;91;6;5;1;moderate
DEBB021;"'2016-06-29 20:00'";11;89;6;5;1;moderate
DEBB021;"'2016-06-29 21:00'";10;86;6;5;1;moderate
DEBB021;"'2016-06-29 22:00'";11;78;9;5;1;moderate
DEBB021;"'2016-06-29 23:00'";13;58;21;6;1;good
DEBB021;"'2016-06-29 24:00'";13;42;29;8;1;good
DEBB021;"'2016-06-30 01:00'";18;32;30;13;1;good
DEBB021;"'2016-06-30 02:00'";19;26;31;15;1;moderate
DEBB021;"'2016-06-30 03:00'";16;27;27;13;1;good
DEBB021;"'2016-06-30 04:00'";13;25;26;11;1;good
DEBB021;"'2016-06-30 05:00'";13;12;37;11;1;moderate
DEBB021;"'2016-06-30 06:00'";15;8;48;11;1;moderate
DEBB021;"'2016-06-30 07:00'";19;16;45;12;1;moderate
DEBB021;"'2016-06-30 08:00'";27;25;42;14;1;moderate
DEBB021;"'2016-06-30 09:00'";27;41;29;12;1;good
DEBB021;"'2016-06-30 10:00'";25;61;17;11;1;good
DEBB021;"'2016-06-30 11:00'";18;74;16;8;1;moderate
DEBB021;"'2016-06-30 12:00'";17;73;24;6;1;moderate
DEBB021;"'2016-06-30 13:00'";15;79;12;5;1;moderate
DEBB021;"'2016-06-30 14:00'";19;73;11;6;1;moderate
DEBB021;"'2016-06-30 15:00'";17;72;12;7;1;good
DEBB021;"'2016-06-30 16:00'";14;78;11;7;1;moderate
DEBB021;"'2016-06-30 17:00'";15;74;15;7;1;moderate
DEBB021;"'2016-06-30 18:00'";13;72;12;7;1;good
DEBB021;"'2016-06-30 19:00'";11;76;7;6;1;moderate
DEBB021;"'2016-06-30 20:00'";11;74;8;7;1;moderate
DEBB021;"'2016-06-30 21:00'";12;73;9;8;1;moderate
DEBB021;"'2016-06-30 22:00'";13;67;12;8;1;good
DEBB021;"'2016-06-30 23:00'";14;56;12;9;1;good
DEBB021;"'2016-06-30 24:00'";15;30;29;12;1;good
DEBB021;"'2016-07-01 01:00'";15;27;27;11;1;good
DEBB021;"'2016-07-01 02:00'";13;27;21;10;1;good
DEBB021;"'2016-07-01 03:00'";14;22;24;12;1;good
DEBB021;"'2016-07-01 04:00'";16;16;29;13;1;good
DEBB021;"'2016-07-01 05:00'";15;17;23;13;1;good
DEBB021;"'2016-07-01 06:00'";18;28;15;15;1;good
DEBB021;"'2016-07-01 07:00'";22;29;22;16;1;moderate
DEBB021;"'2016-07-01 08:00'";24;36;20;15;1;good
DEBB021;"'2016-07-01 09:00'";22;46;15;12;1;good
DEBB021;"'2016-07-01 10:00'";17;54;12;9;1;good
DEBB021;"'2016-07-01 11:00'";17;65;11;7;1;good
DEBB021;"'2016-07-01 12:00'";20;70;10;7;1;good
DEBB021;"'2016-07-01 13:00'";21;69;12;7;1;good
DEBB021;"'2016-07-01 14:00'";20;74;9;7;1;moderate
DEBB021;"'2016-07-01 15:00'";21;73;12;6;1;moderate
DEBB021;"'2016-07-01 16:00'";13;62;19;7;1;good
DEBB021;"'2016-07-01 17:00'";18;75;13;6;1;moderate
DEBB021;"'2016-07-01 18:00'";14;77;11;6;1;moderate
DEBB021;"'2016-07-01 19:00'";15;80;7;5;1;moderate
DEBB021;"'2016-07-01 20:00'";15;82;6;5;1;moderate
DEBB021;"'2016-07-01 21:00'";18;76;10;6;1;moderate
DEBB021;"'2016-07-01 22:00'";17;59;24;8;1;good
DEBB021;"'2016-07-01 23:00'";18;62;16;9;1;good
DEBB021;"'2016-07-01 24:00'";17;60;13;9;1;good
DEBB021;"'2016-07-02 01:00'";16;58;11;10;1;good
DEBB021;"'2016-07-02 02:00'";16;55;14;11;1;good
DEBB021;"'2016-07-02 03:00'";12;53;12;9;1;good
DEBB021;"'2016-07-02 04:00'";14;53;10;10;1;good
DEBB021;"'2016-07-02 05:00'";13;51;9;10;1;good
DEBB021;"'2016-07-02 06:00'";14;43;13;11;1;good
DEBB021;"'2016-07-02 07:00'";17;37;16;12;1;good
DEBB021;"'2016-07-02 08:00'";19;39;12;12;1;good
DEBB021;"'2016-07-02 09:00'";20;50;13;10;1;good
DEBB021;"'2016-07-02 10:00'";20;58;13;10;1;good
DEBB021;"'2016-07-02 11:00'";19;57;13;10;1;good
DEBB021;"'2016-07-02 12:00'";11;63;7;6;1;good
DEBB021;"'2016-07-02 13:00'";5;62;6;2;1;good
DEBB021;"'2016-07-02 14:00'";5;62;6;3;1;good
DEBB021;"'2016-07-02 15:00'";3;67;4;3;1;good
DEBB021;"'2016-07-02 16:00'";7;64;5;5;1;good
DEBB021;"'2016-07-02 17:00'";9;66;5;8;1;good
DEBB021;"'2016-07-02 18:00'";11;63;7;8;1;good
DEBB021;"'2016-07-02 19:00'";14;61;6;11;1;good
DEBB021;"'2016-07-02 20:00'";13;61;6;10;1;good
DEBB021;"'2016-07-02 21:00'";11;62;6;8;1;good
DEBB021;"'2016-07-02 22:00'";10;59;5;6;1;good
DEBB021;"'2016-07-02 23:00'";7;62;5;5;1;good
DEBB021;"'2016-07-02 24:00'";6;62;5;5;1;good
DEBB021;"'2016-07-03 01:00'";11;56;8;9;1;good
DEBB021;"'2016-07-03 02:00'";8;56;5;6;1;good
DEBB021;"'2016-07-03 03:00'";6;54;6;4;1;good
DEBB021;"'2016-07-03 04:00'";6;49;6;4;1;good
DEBB021;"'2016-07-03 05:00'";6;45;7;4;1;good
DEBB021;"'2016-07-03 06:00'";6;43;7;5;1;good
DEBB021;"'2016-07-03 07:00'";7;45;5;5;1;good
DEBB021;"'2016-07-03 08:00'";8;46;6;5;1;good
DEBB021;"'2016-07-03 09:00'";9;54;4;5;1;good
DEBB021;"'2016-07-03 10:00'";11;63;3;5;1;good
DEBB021;"'2016-07-03 11:00'";13;71;2;5;1;good
DEBB021;"'2016-07-03 12:00'";11;73;3;5;1;moderate
DEBB021;"'2016-07-03 13:00'";9;71;2;4;1;good
DEBB021;"'2016-07-03 14:00'";8;71;2;3;1;good
DEBB021;"'2016-07-03 15:00'";14;63;7;3;1;good
DEBB021;"'2016-07-03 16:00'";7;62;8;3;1;good
DEBB021;"'2016-07-03 17:00'";5;70;2;2;1;good
DEBB021;"'2016-07-03 18:00'";7;69;2;3;1;good
DEBB021;"'2016-07-03 19:00'";8;69;4;4;1;good
DEBB021;"'2016-07-03 20:00'";8;72;4;4;1;good
DEBB021;"'2016-07-03 21:00'";8;72;5;4;1;good
DEBB021;"'2016-07-03 22:00'";8;68;4;4;1;good
DEBB021;"'2016-07-03 23:00'";7;63;6;3;1;good
DEBB021;"'2016-07-03 24:00'";6;55;8;3;1;good
DEBB021;"'2016-07-04 01:00'";7;50;10;4;1;good
DEBB021;"'2016-07-04 02:00'";6;49;11;4;1;good
DEBB021;"'2016-07-04 03:00'";5;43;10;3;1;good
DEBB021;"'2016-07-04 04:00'";5;44;8;4;1;good
DEBB021;"'2016-07-04 05:00'";5;36;11;4;1;good
DEBB021;"'2016-07-04 06:00'";7;39;12;6;1;good
DEBB021;"'2016-07-04 07:00'";10;30;23;7;1;good
DEBB021;"'2016-07-04 08:00'";11;41;15;8;1;good
DEBB021;"'2016-07-04 09:00'";10;53;12;6;1;good
DEBB021;"'2016-07-04 10:00'";10;62;9;6;1;good
DEBB021;"'2016-07-04 11:00'";8;71;5;5;1;good
DEBB021;"'2016-07-04 12:00'";9;75;3;4;1;moderate
DEBB021;"'2016-07-04 13:00'";8;78;5;4;1;moderate
DEBB021;"'2016-07-04 14:00'";8;82;4;4;1;moderate
DEBB021;"'2016-07-04 15:00'";11;84;6;4;1;moderate
DEBB021;"'2016-07-04 16:00'";10;86;8;4;1;moderate
DEBB021;"'2016-07-04 17:00'";12;87;11;5;1;moderate
DEBB021;"'2016-07-04 18:00'";14;87;9;5;1;moderate
DEBB021;"'2016-07-04 19:00'";10;93;5;5;1;moderate
DEBB021;"'2016-07-04 20:00'";10;96;5;5;1;moderate
DEBB021;"'2016-07-04 21:00'";24;88;9;7;1;moderate
DEBB021;"'2016-07-04 22:00'";19;65;23;8;1;good
DEBB021;"'2016-07-04 23:00'";15;51;27;9;1;good
DEBB021;"'2016-07-04 24:00'";17;43;28;11;1;good
DEBB021;"'2016-07-05 01:00'";14;42;26;10;1;good
DEBB021;"'2016-07-05 02:00'";15;41;29;9;1;good
DEBB021;"'2016-07-05 03:00'";15;43;23;9;1;good
DEBB021;"'2016-07-05 04:00'";13;44;21;9;1;good
DEBB021;"'2016-07-05 05:00'";14;40;23;9;1;good
DEBB021;"'2016-07-05 06:00'";15;39;23;9;1;good
DEBB021;"'2016-07-05 07:00'";24;31;30;11;1;good
DEBB021;"'2016-07-05 08:00'";28;36;23;10;1;moderate
DEBB021;"'2016-07-05 09:00'";27;47;17;9;1;good
DEBB021;"'2016-07-05 10:00'";21;57;14;9;1;good
DEBB021;"'2016-07-05 11:00'";18;70;11;7;1;good
DEBB021;"'2016-07-05 12:00'";20;75;12;6;1;moderate
DEBB021;"'2016-07-05 13:00'";16;75;14;5;1;moderate
DEBB021;"'2016-07-05 14:00'";33;80;13;7;1;moderate
DEBB021;"'2016-07-05 15:00'";34;76;11;8;1;moderate
DEBB021;"'2016-07-05 16:00'";14;78;12;8;1;moderate
DEBB021;"'2016-07-05 17:00'";18;77;17;9;1;moderate
DEBB021;"'2016-07-05 18:00'";19;95;9;10;1;moderate
DEBB021;"'2016-07-05 19:00'";16;86;5;7;1;moderate
DEBB021;"'2016-07-05 20:00'";15;68;3;5;1;good
DEBB021;"'2016-07-05 21:00'";13;65;6;7;1;good
DEBB021;"'2016-07-05 22:00'";11;65;6;6;1;good
DEBB021;"'2016-07-05 23:00'";10;60;8;6;1;good
DEBB021;"'2016-07-05 24:00'";9;57;7;6;1;good
DEBB021;"'2016-07-06 01:00'";12;68;3;4;1;good
DEBB021;"'2016-07-06 02:00'";10;75;2;3;1;moderate
DEBB021;"'2016-07-06 03:00'";7;76;2;2;1;moderate
DEBB021;"'2016-07-06 04:00'";8;74;2;3;1;moderate
DEBB021;"'2016-07-06 05:00'";7;70;2;3;1;good
DEBB021;"'2016-07-06 06:00'";7;64;2;4;1;good
DEBB021;"'2016-07-06 07:00'";8;59;6;5;1;good
DEBB021;"'2016-07-06 08:00'";8;58;7;4;1;good
DEBB021;"'2016-07-06 09:00'";6;61;5;3;1;good
DEBB021;"'2016-07-06 10:00'";8;63;5;3;1;good
DEBB021;"'2016-07-06 11:00'";14;64;3;5;1;good
DEBB021;"'2016-07-06 12:00'";-;65;4;-;1;good
DEBB021;"'2016-07-06 13:00'";14;65;5;5;1;good
DEBB021;"'2016-07-06 14:00'";10;64;3;4;1;good
DEBB021;"'2016-07-06 15:00'";16;70;2;5;1;good
DEBB021;"'2016-07-06 16:00'";16;68;4;5;1;good
DEBB021;"'2016-07-06 17:00'";8;62;7;4;1;good
DEBB021;"'2016-07-06 18:00'";9;65;5;4;1;good
DEBB021;"'2016-07-06 19:00'";10;71;2;4;1;good
DEBB021;"'2016-07-06 20:00'";10;69;2;4;1;good
DEBB021;"'2016-07-06 21:00'";10;68;2;5;1;good
DEBB021;"'2016-07-06 22:00'";8;68;2;5;1;good
DEBB021;"'2016-07-06 23:00'";8;67;2;5;1;good
DEBB021;"'2016-07-06 24:00'";9;63;3;5;1;good
DEBB021;"'2016-07-07 01:00'";7;62;2;5;1;good
DEBB021;"'2016-07-07 02:00'";7;61;2;5;1;good
DEBB021;"'2016-07-07 03:00'";9;57;2;6;1;good
DEBB021;"'2016-07-07 04:00'";9;54;2;6;1;good
DEBB021;"'2016-07-07 05:00'";9;50;3;7;1;good
DEBB021;"'2016-07-07 06:00'";9;47;6;7;1;good
DEBB021;"'2016-07-07 07:00'";11;41;11;8;1;good
DEBB021;"'2016-07-07 08:00'";12;45;10;9;1;good
DEBB021;"'2016-07-07 09:00'";14;52;8;9;1;good
DEBB021;"'2016-07-07 10:00'";13;59;5;8;1;good
DEBB021;"'2016-07-07 11:00'";12;62;5;7;1;good
DEBB021;"'2016-07-07 12:00'";12;65;5;6;1;good
DEBB021;"'2016-07-07 13:00'";9;68;3;5;1;good
DEBB021;"'2016-07-07 14:00'";10;69;5;4;1;good
DEBB021;"'2016-07-07 15:00'";9;72;3;4;1;good
DEBB021;"'2016-07-07 16:00'";10;75;4;3;1;moderate
DEBB021;"'2016-07-07 17:00'";9;78;6;3;1;moderate
DEBB021;"'2016-07-07 18:00'";7;78;6;3;1;moderate
DEBB021;"'2016-07-07 19:00'";6;81;4;3;1;moderate
DEBB021;"'2016-07-07 20:00'";6;82;5;3;1;moderate
DEBB021;"'2016-07-07 21:00'";9;76;7;4;1;moderate
DEBB021;"'2016-07-07 22:00'";17;62;13;5;1;good
DEBB021;"'2016-07-07 23:00'";11;60;10;4;1;good
DEBB021;"'2016-07-07 24:00'";13;54;15;5;1;good
DEBB021;"'2016-07-08 01:00'";10;51;16;5;1;good
DEBB021;"'2016-07-08 02:00'";10;53;17;6;1;good
DEBB021;"'2016-07-08 03:00'";11;61;12;6;1;good
DEBB021;"'2016-07-08 04:00'";10;61;10;6;1;good
DEBB021;"'2016-07-08 05:00'";12;64;8;6;1;good
DEBB021;"'2016-07-08 06:00'";14;58;12;7;1;good
DEBB021;"'2016-07-08 07:00'";18;53;18;7;1;good
DEBB021;"'2016-07-08 08:00'";32;41;30;8;1;moderate
DEBB021;"'2016-07-08 09:00'";29;50;22;8;1;moderate
DEBB021;"'2016-07-08 10:00'";21;56;20;7;1;good
DEBB021;"'2016-07-08 11:00'";27;79;20;6;1;moderate
DEBB021;"'2016-07-08 12:00'";22;99;16;6;1;moderate
DEBB021;"'2016-07-08 13:00'";27;104;17;9;1;moderate
DEBB021;"'2016-07-08 14:00'";30;114;12;11;1;moderate
DEBB021;"'2016-07-08 15:00'";36;116;11;12;1;moderate
DEBB021;"'2016-07-08 16:00'";38;99;19;10;1;moderate
DEBB021;"'2016-07-08 17:00'";25;94;21;7;1;moderate
DEBB021;"'2016-07-08 18:00'";23;109;13;9;1;moderate
DEBB021;"'2016-07-08 19:00'";23;113;12;9;1;moderate
DEBB021;"'2016-07-08 20:00'";24;102;10;9;1;moderate
DEBB021;"'2016-07-08 21:00'";14;69;17;10;1;good
DEBB021;"'2016-07-08 22:00'";19;65;16;15;1;good
DEBB021;"'2016-07-08 23:00'";11;57;7;9;1;good
DEBB021;"'2016-07-08 24:00'";9;50;6;7;1;good
DEBB021;"'2016-07-09 01:00'";6;51;5;5;1;good
DEBB021;"'2016-07-09 02:00'";8;47;5;7;1;good
DEBB021;"'2016-07-09 03:00'";11;44;6;9;1;good
DEBB021;"'2016-07-09 04:00'";11;45;6;10;1;good
DEBB021;"'2016-07-09 05:00'";11;53;5;9;1;good
DEBB021;"'2016-07-09 06:00'";14;47;6;11;1;good
DEBB021;"'2016-07-09 07:00'";15;50;6;12;1;good
DEBB021;"'2016-07-09 08:00'";14;52;5;11;1;good
DEBB021;"'2016-07-09 09:00'";13;53;3;10;1;good
DEBB021;"'2016-07-09 10:00'";12;57;3;9;1;good
DEBB021;"'2016-07-09 11:00'";10;61;2;7;1;good
DEBB021;"'2016-07-09 12:00'";8;64;3;5;1;good
DEBB021;"'2016-07-09 13:00'";8;67;4;5;1;good
DEBB021;"'2016-07-09 14:00'";9;64;6;5;1;good
DEBB021;"'2016-07-09 15:00'";9;66;4;5;1;good
DEBB021;"'2016-07-09 16:00'";7;69;5;4;1;good
DEBB021;"'2016-07-09 17:00'";8;71;4;4;1;good
DEBB021;"'2016-07-09 18:00'";8;73;3;4;1;moderate
DEBB021;"'2016-07-09 19:00'";8;75;3;4;1;moderate
DEBB021;"'2016-07-09 20:00'";8;74;6;5;1;moderate
DEBB021;"'2016-07-09 21:00'";10;70;7;6;1;good
DEBB021;"'2016-07-09 22:00'";12;61;13;7;1;good
DEBB021;"'2016-07-09 23:00'";21;49;22;13;1;good
DEBB021;"'2016-07-09 24:00'";24;42;23;17;1;moderate
DEBB021;"'2016-07-10 01:00'";18;39;21;11;1;good
DEBB021;"'2016-07-10 02:00'";15;52;12;10;1;good
DEBB021;"'2016-07-10 03:00'";17;46;13;10;1;good
DEBB021;"'2016-07-10 04:00'";17;47;12;11;1;good
DEBB021;"'2016-07-10 05:00'";16;50;10;10;1;good
DEBB021;"'2016-07-10 06:00'";24;53;8;10;1;good
DEBB021;"'2016-07-10 07:00'";23;53;9;10;1;good
DEBB021;"'2016-07-10 08:00'";19;66;7;13;1;good
DEBB021;"'2016-07-10 09:00'";21;74;6;15;1;moderate
DEBB021;"'2016-07-10 10:00'";20;83;5;14;1;moderate
DEBB021;"'2016-07-10 11:00'";15;78;4;10;1;moderate
DEBB021;"'2016-07-10 12:00'";15;76;6;9;1;moderate
DEBB021;"'2016-07-10 13:00'";15;75;8;9;1;moderate
DEBB021;"'2016-07-10 14:00'";13;78;7;8;1;moderate
DEBB021;"'2016-07-10 15:00'";13;77;12;7;1;moderate
DEBB021;"'2016-07-10 16:00'";9;81;4;5;1;moderate
DEBB021;"'2016-07-10 17:00'";9;78;3;5;1;moderate
DEBB021;"'2016-07-10 18:00'";10;70;5;5;1;good
DEBB021;"'2016-07-10 19:00'";8;73;5;4;1;moderate
DEBB021;"'2016-07-10 20:00'";11;89;7;6;1;moderate
DEBB021;"'2016-07-10 21:00'";13;87;10;7;1;moderate
DEBB021;"'2016-07-10 22:00'";15;81;11;9;1;moderate
DEBB021;"'2016-07-10 23:00'";18;64;18;12;1;good
DEBB021;"'2016-07-10 24:00'";17;58;16;12;1;good
DEBB021;"'2016-07-11 01:00'";18;61;11;11;1;good
DEBB021;"'2016-07-11 02:00'";17;58;11;11;1;good
DEBB021;"'2016-07-11 03:00'";17;56;10;12;1;good
DEBB021;"'2016-07-11 04:00'";19;56;10;13;1;good
DEBB021;"'2016-07-11 05:00'";18;54;10;14;1;good
DEBB021;"'2016-07-11 06:00'";21;52;16;16;1;moderate
DEBB021;"'2016-07-11 07:00'";27;43;28;18;1;moderate
DEBB021;"'2016-07-11 08:00'";24;50;26;16;1;moderate
DEBB021;"'2016-07-11 09:00'";22;66;15;14;1;good
DEBB021;"'2016-07-11 10:00'";18;71;9;12;1;good
DEBB021;"'2016-07-11 11:00'";-;70;7;-;1;good
DEBB021;"'2016-07-11 12:00'";16;77;7;8;1;moderate
DEBB021;"'2016-07-11 13:00'";17;80;6;9;1;moderate
DEBB021;"'2016-07-11 14:00'";19;83;7;8;1;moderate
DEBB021;"'2016-07-11 15:00'";16;91;6;8;1;moderate
DEBB021;"'2016-07-11 16:00'";19;89;11;9;1;moderate
DEBB021;"'2016-07-11 17:00'";20;86;13;10;1;moderate
DEBB021;"'2016-07-11 18:00'";18;85;9;11;1;moderate
DEBB021;"'2016-07-11 19:00'";18;85;9;11;1;moderate
DEBB021;"'2016-07-11 20:00'";19;86;8;12;1;moderate
DEBB021;"'2016-07-11 21:00'";17;87;7;10;1;moderate
DEBB021;"'2016-07-11 22:00'";17;90;5;9;1;moderate
DEBB021;"'2016-07-11 23:00'";19;83;7;9;1;moderate
DEBB021;"'2016-07-11 24:00'";20;78;8;10;1;moderate
DEBB021;"'2016-07-12 01:00'";18;66;11;11;1;good
DEBB021;"'2016-07-12 02:00'";18;65;8;11;1;good
DEBB021;"'2016-07-12 03:00'";18;63;9;11;1;good
DEBB021;"'2016-07-12 04:00'";19;60;11;13;1;good
DEBB021;"'2016-07-12 05:00'";21;64;9;13;1;good
DEBB021;"'2016-07-12 06:00'";21;56;16;13;1;good
DEBB021;"'2016-07-12 07:00'";25;52;19;13;1;good
DEBB021;"'2016-07-12 08:00'";23;50;19;12;1;good
DEBB021;"'2016-07-12 09:00'";21;50;19;10;1;good
DEBB021;"'2016-07-12 10:00'";19;52;14;9;1;good
DEBB021;"'2016-07-12 11:00'";16;60;10;7;1;good
DEBB021;"'2016-07-12 12:00'";22;68;9;7;1;good
DEBB021;"'2016-07-12 13:00'";18;82;8;7;1;moderate
DEBB021;"'2016-07-12 14:00'";17;89;6;6;1;moderate
DEBB021;"'2016-07-12 15:00'";16;88;8;6;1;moderate
DEBB021;"'2016-07-12 16:00'";19;89;9;7;1;moderate
DEBB021;"'2016-07-12 17:00'";15;91;9;6;1;moderate
DEBB021;"'2016-07-12 18:00'";13;90;8;5;1;moderate
DEBB021;"'2016-07-12 19:00'";12;91;8;5;1;moderate
DEBB021;"'2016-07-12 20:00'";14;85;12;5;1;moderate
DEBB021;"'2016-07-12 21:00'";22;80;12;6;1;moderate
DEBB021;"'2016-07-12 22:00'";19;65;19;6;1;good
DEBB021;"'2016-07-12 23:00'";18;58;20;7;1;good
DEBB021;"'2016-07-12 24:00'";14;71;10;6;1;good
DEBB021;"'2016-07-13 01:00'";13;66;8;6;1;good
DEBB021;"'2016-07-13 02:00'";13;59;9;7;1;good
DEBB021;"'2016-07-13 03:00'";14;51;10;8;1;good
DEBB021;"'2016-07-13 04:00'";13;48;11;9;1;good
DEBB021;"'2016-07-13 05:00'";12;43;14;9;1;good
DEBB021;"'2016-07-13 06:00'";12;40;14;10;1;good
DEBB021;"'2016-07-13 07:00'";15;39;18;10;1;good
DEBB021;"'2016-07-13 08:00'";14;41;17;9;1;good
DEBB021;"'2016-07-13 09:00'";18;36;21;10;1;good
DEBB021;"'2016-07-13 10:00'";21;42;17;10;1;good
DEBB021;"'2016-07-13 11:00'";17;33;22;11;1;good
DEBB021;"'2016-07-13 12:00'";12;46;16;10;1;good
DEBB021;"'2016-07-13 13:00'";12;61;11;9;1;good
DEBB021;"'2016-07-13 14:00'";11;60;12;9;1;good
DEBB021;"'2016-07-13 15:00'";9;67;12;7;1;good
DEBB021;"'2016-07-13 16:00'";7;80;6;6;1;moderate
DEBB021;"'2016-07-13 17:00'";9;83;8;7;1;moderate
DEBB021;"'2016-07-13 18:00'";8;85;6;7;1;moderate
DEBB021;"'2016-07-13 19:00'";7;88;8;5;1;moderate
DEBB021;"'2016-07-13 20:00'";6;82;7;5;1;moderate
DEBB021;"'2016-07-13 21:00'";7;64;12;6;1;good
DEBB021;"'2016-07-13 22:00'";7;53;13;6;1;good
DEBB021;"'2016-07-13 23:00'";9;40;15;8;1;good
DEBB021;"'2016-07-13 24:00'";9;41;13;8;1;good
DEBB021;"'2016-07-14 01:00'";12;40;7;8;1;good
DEBB021;"'2016-07-14 02:00'";12;40;5;8;1;good
DEBB021;"'2016-07-14 03:00'";10;45;5;7;1;good
DEBB021;"'2016-07-14 04:00'";11;41;6;7;1;good
DEBB021;"'2016-07-14 05:00'";10;41;6;7;1;good
DEBB021;"'2016-07-14 06:00'";12;39;8;8;1;good
DEBB021;"'2016-07-14 07:00'";13;31;12;9;1;good
DEBB021;"'2016-07-14 08:00'";14;28;16;10;1;good
DEBB021;"'2016-07-14 09:00'";13;31;15;9;1;good
DEBB021;"'2016-07-14 10:00'";11;31;12;8;1;good
DEBB021;"'2016-07-14 11:00'";11;33;11;7;1;good
DEBB021;"'2016-07-14 12:00'";12;37;11;8;1;good
DEBB021;"'2016-07-14 13:00'";14;44;9;7;1;good
DEBB021;"'2016-07-14 14:00'";12;49;9;5;1;good
DEBB021;"'2016-07-14 15:00'";11;54;8;5;1;good
DEBB021;"'2016-07-14 16:00'";8;58;8;3;1;good
DEBB021;"'2016-07-14 17:00'";7;57;10;3;1;good
DEBB021;"'2016-07-14 18:00'";7;56;11;4;1;good
DEBB021;"'2016-07-14 19:00'";7;57;9;4;1;good
DEBB021;"'2016-07-14 20:00'";7;58;9;5;1;good
DEBB021;"'2016-07-14 21:00'";6;60;4;3;1;good
DEBB021;"'2016-07-14 22:00'";5;57;2;2;1;good
DEBB021;"'2016-07-14 23:00'";4;54;2;2;1;good
DEBB021;"'2016-07-14 24:00'";4;52;2;3;1;good
DEBB021;"'2016-07-15 01:00'";4;51;2;3;1;good
DEBB021;"'2016-07-15 02:00'";4;51;2;3;1;good
DEBB021;"'2016-07-15 03:00'";3;49;2;2;1;good
DEBB021;"'2016-07-15 04:00'";3;50;2;3;1;good
DEBB021;"'2016-07-15 05:00'";3;52;2;2;1;good
DEBB021;"'2016-07-15 06:00'";3;51;2;3;1;good
DEBB021;"'2016-07-15 07:00'";4;51;9;3;1;good
DEBB021;"'2016-07-15 08:00'";4;47;9;3;1;good
DEBB021;"'2016-07-15 09:00'";5;49;9;4;1;good
DEBB021;"'2016-07-15 10:00'";5;49;8;4;1;good
DEBB021;"'2016-07-15 11:00'";4;55;5;3;1;good
DEBB021;"'2016-07-15 12:00'";6;60;4;4;1;good
DEBB021;"'2016-07-15 13:00'";6;62;5;4;1;good
DEBB021;"'2016-07-15 14:00'";6;62;4;4;1;good
DEBB021;"'2016-07-15 15:00'";5;61;7;4;1;good
DEBB021;"'2016-07-15 16:00'";5;50;9;4;1;good
DEBB021;"'2016-07-15 17:00'";4;47;11;3;1;good
DEBB021;"'2016-07-15 18:00'";6;54;5;4;1;good
DEBB021;"'2016-07-15 19:00'";8;54;5;5;1;good
DEBB021;"'2016-07-15 20:00'";8;55;5;5;1;good
DEBB021;"'2016-07-15 21:00'";8;56;5;5;1;good
DEBB021;"'2016-07-15 22:00'";10;56;6;6;1;good
DEBB021;"'2016-07-15 23:00'";12;48;11;7;1;good
DEBB021;"'2016-07-15 24:00'";12;36;17;8;1;good
DEBB021;"'2016-07-16 01:00'";13;31;19;10;1;good
DEBB021;"'2016-07-16 02:00'";12;31;19;10;1;good
DEBB021;"'2016-07-16 03:00'";10;29;19;8;1;good
DEBB021;"'2016-07-16 04:00'";10;26;16;8;1;good
DEBB021;"'2016-07-16 05:00'";10;27;13;8;1;good
DEBB021;"'2016-07-16 06:00'";10;18;17;8;1;good
DEBB021;"'2016-07-16 07:00'";10;18;18;7;1;good
DEBB021;"'2016-07-16 08:00'";9;28;13;7;1;good
DEBB021;"'2016-07-16 09:00'";10;40;11;7;1;good
DEBB021;"'2016-07-16 10:00'";10;57;9;5;1;good
DEBB021;"'2016-07-16 11:00'";12;74;5;8;1;moderate
DEBB021;"'2016-07-16 12:00'";16;82;6;11;1;moderate
DEBB021;"'2016-07-16 13:00'";21;88;6;15;1;moderate
DEBB021;"'2016-07-16 14:00'";15;92;7;11;1;moderate
DEBB021;"'2016-07-16 15:00'";10;94;4;6;1;moderate
DEBB021;"'2016-07-16 16:00'";7;90;4;4;1;moderate
DEBB021;"'2016-07-16 17:00'";8;96;4;5;1;moderate
DEBB021;"'2016-07-16 18:00'";8;94;5;5;1;moderate
DEBB021;"'2016-07-16 19:00'";10;93;5;7;1;moderate
DEBB021;"'2016-07-16 20:00'";11;84;6;7;1;moderate
DEBB021;"'2016-07-16 21:00'";13;75;7;9;1;moderate
DEBB021;"'2016-07-16 22:00'";13;72;7;9;1;good
DEBB021;"'2016-07-16 23:00'";13;68;7;10;1;good
DEBB021;"'2016-07-16 24:00'";14;59;8;11;1;good
DEBB021;"'2016-07-17 01:00'";17;52;10;13;1;good
DEBB021;"'2016-07-17 02:00'";18;47;9;15;1;good
DEBB021;"'2016-07-17 03:00'";21;40;12;18;1;moderate
DEBB021;"'2016-07-17 04:00'";22;35;11;19;1;moderate
DEBB021;"'2016-07-17 05:00'";24;31;10;21;1;moderate
DEBB021;"'2016-07-17 06:00'";25;28;10;22;1;moderate
DEBB021;"'2016-07-17 07:00'";24;26;9;20;1;moderate
DEBB021;"'2016-07-17 08:00'";20;30;7;16;1;moderate
DEBB021;"'2016-07-17 09:00'";13;40;4;11;1;good
DEBB021;"'2016-07-17 10:00'";10;42;6;9;1;good
DEBB021;"'2016-07-17 11:00'";8;41;7;7;1;good
DEBB021;"'2016-07-17 12:00'";7;39;6;7;1;good
DEBB021;"'2016-07-17 13:00'";11;38;8;11;1;good
DEBB021;"'2016-07-17 14:00'";12;33;8;12;1;good
DEBB021;"'2016-07-17 15:00'";11;33;9;10;1;good
DEBB021;"'2016-07-17 16:00'";7;41;4;6;1;good
DEBB021;"'2016-07-17 17:00'";3;56;2;3;1;good
DEBB021;"'2016-07-17 18:00'";4;63;2;3;1;good
DEBB021;"'2016-07-17 19:00'";5;66;3;4;1;good
DEBB021;"'2016-07-17 20:00'";6;67;3;5;1;good
DEBB021;"'2016-07-17 21:00'";7;69;5;6;1;good
DEBB021;"'2016-07-17 22:00'";8;66;5;6;1;good
DEBB021;"'2016-07-17 23:00'";9;63;6;7;1;good
DEBB021;"'2016-07-17 24:00'";10;58;6;7;1;good
DEBB021;"'2016-07-18 01:00'";10;55;4;7;1;good
DEBB021;"'2016-07-18 02:00'";10;53;2;7;1;good
DEBB021;"'2016-07-18 03:00'";9;49;4;7;1;good
DEBB021;"'2016-07-18 04:00'";8;51;4;6;1;good
DEBB021;"'2016-07-18 05:00'";8;49;6;6;1;good
DEBB021;"'2016-07-18 06:00'";8;53;7;6;1;good
DEBB021;"'2016-07-18 07:00'";9;46;16;6;1;good
DEBB021;"'2016-07-18 08:00'";10;41;20;6;1;good
DEBB021;"'2016-07-18 09:00'";12;46;16;8;1;good
DEBB021;"'2016-07-18 10:00'";11;58;7;8;1;good
DEBB021;"'2016-07-18 11:00'";9;57;7;6;1;good
DEBB021;"'2016-07-18 12:00'";11;57;7;7;1;good
DEBB021;"'2016-07-18 13:00'";11;58;6;8;1;good
DEBB021;"'2016-07-18 14:00'";10;57;6;7;1;good
DEBB021;"'2016-07-18 15:00'";10;58;5;7;1;good
DEBB021;"'2016-07-18 16:00'";10;62;5;7;1;good
DEBB021;"'2016-07-18 17:00'";11;65;7;7;1;good
DEBB021;"'2016-07-18 18:00'";12;70;5;8;1;good
DEBB021;"'2016-07-18 19:00'";12;72;6;8;1;good
DEBB021;"'2016-07-18 20:00'";13;73;5;8;1;moderate
DEBB021;"'2016-07-18 21:00'";14;70;8;9;1;good
DEBB021;"'2016-07-18 22:00'";15;58;11;9;1;good
DEBB021;"'2016-07-18 23:00'";15;42;17;10;1;good
DEBB021;"'2016-07-18 24:00'";16;46;15;11;1;good
DEBB021;"'2016-07-19 01:00'";9;61;7;7;1;good
DEBB021;"'2016-07-19 02:00'";9;54;6;7;1;good
DEBB021;"'2016-07-19 03:00'";10;47;8;8;1;good
DEBB021;"'2016-07-19 04:00'";9;45;12;7;1;good
DEBB021;"'2016-07-19 05:00'";9;48;8;7;1;good
DEBB021;"'2016-07-19 06:00'";9;45;11;7;1;good
DEBB021;"'2016-07-19 07:00'";12;39;19;7;1;good
DEBB021;"'2016-07-19 08:00'";11;37;21;7;1;good
DEBB021;"'2016-07-19 09:00'";11;44;13;7;1;good
DEBB021;"'2016-07-19 10:00'";10;43;10;6;1;good
DEBB021;"'2016-07-19 11:00'";8;43;8;5;1;good
DEBB021;"'2016-07-19 12:00'";7;43;6;4;1;good
DEBB021;"'2016-07-19 13:00'";8;44;5;5;1;good
DEBB021;"'2016-07-19 14:00'";8;47;5;4;1;good
DEBB021;"'2016-07-19 15:00'";10;52;6;5;1;good
DEBB021;"'2016-07-19 16:00'";11;53;7;5;1;good
DEBB021;"'2016-07-19 17:00'";7;53;5;4;1;good
DEBB021;"'2016-07-19 18:00'";8;58;5;4;1;good
DEBB021;"'2016-07-19 19:00'";6;63;2;4;1;good
DEBB021;"'2016-07-19 20:00'";6;65;2;3;1;good
DEBB021;"'2016-07-19 21:00'";8;60;4;4;1;good
DEBB021;"'2016-07-19 22:00'";10;41;14;6;1;good
DEBB021;"'2016-07-19 23:00'";11;13;40;8;1;moderate
DEBB021;"'2016-07-19 24:00'";9;13;28;7;1;good
DEBB021;"'2016-07-20 01:00'";22;5;34;15;1;moderate
DEBB021;"'2016-07-20 02:00'";10;2;30;8;1;good
DEBB021;"'2016-07-20 03:00'";8;8;17;7;1;good
DEBB021;"'2016-07-20 04:00'";9;5;20;7;1;good
DEBB021;"'2016-07-20 05:00'";9;5;24;8;1;good
DEBB021;"'2016-07-20 06:00'";10;2;24;8;1;good
DEBB021;"'2016-07-20 07:00'";12;3;28;9;1;good
DEBB021;"'2016-07-20 08:00'";13;4;37;9;1;moderate
DEBB021;"'2016-07-20 09:00'";16;13;37;8;1;moderate
DEBB021;"'2016-07-20 10:00'";19;23;31;7;1;moderate
DEBB021;"'2016-07-20 11:00'";13;45;15;5;1;good
DEBB021;"'2016-07-20 12:00'";16;54;13;5;1;good
DEBB021;"'2016-07-20 13:00'";13;68;8;4;1;good
DEBB021;"'2016-07-20 14:00'";8;81;7;4;-;moderate
DEBB021;"'2016-07-20 15:00'";11;90;6;4;1;moderate
DEBB021;"'2016-07-20 16:00'";15;98;8;4;1;moderate
DEBB021;"'2016-07-20 17:00'";12;105;11;5;1;moderate
DEBB021;"'2016-07-20 18:00'";13;107;12;6;1;moderate
DEBB021;"'2016-07-20 19:00'";14;112;12;5;1;moderate
DEBB021;"'2016-07-20 20:00'";14;104;7;4;1;moderate
DEBB021;"'2016-07-20 21:00'";17;86;10;5;1;moderate
DEBB021;"'2016-07-20 22:00'";21;74;13;7;1;moderate
DEBB021;"'2016-07-20 23:00'";13;58;13;6;1;good
DEBB021;"'2016-07-20 24:00'";11;48;16;6;1;good
DEBB021;"'2016-07-21 01:00'";13;42;18;6;1;good
DEBB021;"'2016-07-21 02:00'";10;41;15;6;1;good
DEBB021;"'2016-07-21 03:00'";10;39;13;7;1;good
DEBB021;"'2016-07-21 04:00'";12;38;11;9;1;good
DEBB021;"'2016-07-21 05:00'";13;30;14;10;1;good
DEBB021;"'2016-07-21 06:00'";15;28;19;13;1;good
DEBB021;"'2016-07-21 07:00'";17;29;21;13;1;good
DEBB021;"'2016-07-21 08:00'";19;32;27;12;1;good
DEBB021;"'2016-07-21 09:00'";28;42;24;13;2;moderate
DEBB021;"'2016-07-21 10:00'";26;48;26;13;4;good
DEBB021;"'2016-07-21 11:00'";26;67;15;13;5;good
DEBB021;"'2016-07-21 12:00'";28;69;16;14;4;moderate
DEBB021;"'2016-07-21 13:00'";28;70;16;15;5;moderate
DEBB021;"'2016-07-21 14:00'";30;70;14;14;3;moderate
DEBB021;"'2016-07-21 15:00'";23;91;11;10;2;moderate
DEBB021;"'2016-07-21 16:00'";24;107;8;11;1;moderate
DEBB021;"'2016-07-21 17:00'";28;106;11;13;1;moderate
DEBB021;"'2016-07-21 18:00'";28;113;8;14;1;moderate
DEBB021;"'2016-07-21 19:00'";31;111;8;16;1;moderate
DEBB021;"'2016-07-21 20:00'";32;104;10;18;1;moderate
DEBB021;"'2016-07-21 21:00'";31;92;12;19;1;moderate
DEBB021;"'2016-07-21 22:00'";35;73;13;22;1;moderate
DEBB021;"'2016-07-21 23:00'";35;55;16;24;1;moderate
DEBB021;"'2016-07-21 24:00'";33;40;21;25;1;moderate
DEBB021;"'2016-07-22 01:00'";35;24;31;28;1;moderate
DEBB021;"'2016-07-22 02:00'";35;21;26;28;1;moderate
DEBB021;"'2016-07-22 03:00'";37;23;20;31;1;poor
DEBB021;"'2016-07-22 04:00'";37;21;23;31;1;poor
DEBB021;"'2016-07-22 05:00'";20;36;11;16;1;moderate
DEBB021;"'2016-07-22 06:00'";19;31;15;15;1;good
DEBB021;"'2016-07-22 07:00'";17;34;21;12;1;good
DEBB021;"'2016-07-22 08:00'";21;37;21;9;1;good
DEBB021;"'2016-07-22 09:00'";25;43;21;10;1;good
DEBB021;"'2016-07-22 10:00'";27;58;21;12;1;good
DEBB021;"'2016-07-22 11:00'";28;70;21;10;1;moderate
DEBB021;"'2016-07-22 12:00'";31;82;17;8;1;moderate
DEBB021;"'2016-07-22 13:00'";23;101;11;7;1;moderate
DEBB021;"'2016-07-22 14:00'";23;114;9;6;1;moderate
DEBB021;"'2016-07-22 15:00'";19;118;8;5;1;moderate
DEBB021;"'2016-07-22 16:00'";15;114;11;4;1;moderate
DEBB021;"'2016-07-22 17:00'";10;112;10;2;1;moderate
DEBB021;"'2016-07-22 18:00'";11;112;10;2;1;moderate
DEBB021;"'2016-07-22 19:00'";11;107;10;2;1;moderate
DEBB021;"'2016-07-22 20:00'";13;101;11;3;1;moderate
DEBB021;"'2016-07-22 21:00'";14;90;14;3;1;moderate
DEBB021;"'2016-07-22 22:00'";18;73;21;4;1;moderate
DEBB021;"'2016-07-22 23:00'";21;62;22;6;1;good
DEBB021;"'2016-07-22 24:00'";18;63;18;7;1;good
DEBB021;"'2016-07-23 01:00'";12;66;11;4;1;good
DEBB021;"'2016-07-23 02:00'";11;66;8;4;1;good
DEBB021;"'2016-07-23 03:00'";11;63;7;4;1;good
DEBB021;"'2016-07-23 04:00'";12;55;8;5;1;good
DEBB021;"'2016-07-23 05:00'";11;47;9;5;1;good
DEBB021;"'2016-07-23 06:00'";10;39;14;6;1;good
DEBB021;"'2016-07-23 07:00'";11;39;14;7;1;good
DEBB021;"'2016-07-23 08:00'";21;47;13;9;1;good
DEBB021;"'2016-07-23 09:00'";22;59;9;10;1;good
DEBB021;"'2016-07-23 10:00'";24;66;14;10;1;good
DEBB021;"'2016-07-23 11:00'";24;78;14;9;1;moderate
DEBB021;"'2016-07-23 12:00'";24;95;9;8;1;moderate
DEBB021;"'2016-07-23 13:00'";21;101;7;6;3;moderate
DEBB021;"'2016-07-23 14:00'";21;108;8;6;1;moderate
DEBB021;"'2016-07-23 15:00'";28;108;9;8;1;moderate
DEBB021;"'2016-07-23 16:00'";17;113;6;7;1;moderate
DEBB021;"'2016-07-23 17:00'";18;115;6;8;1;moderate
DEBB021;"'2016-07-23 18:00'";16;115;6;8;1;moderate
DEBB021;"'2016-07-23 19:00'";17;105;8;8;1;moderate
DEBB021;"'2016-07-23 20:00'";20;96;9;10;1;moderate
DEBB021;"'2016-07-23 21:00'";24;86;10;13;1;moderate
DEBB021;"'2016-07-23 22:00'";31;73;8;19;1;moderate
DEBB021;"'2016-07-23 23:00'";30;63;10;21;1;moderate
DEBB021;"'2016-07-23 24:00'";30;58;9;23;1;moderate
DEBB021;"'2016-07-24 01:00'";31;53;11;24;1;moderate
DEBB021;"'2016-07-24 02:00'";31;48;9;24;1;moderate
DEBB021;"'2016-07-24 03:00'";29;47;8;23;1;moderate
DEBB021;"'2016-07-24 04:00'";28;45;7;23;1;moderate
DEBB021;"'2016-07-24 05:00'";29;43;8;24;1;moderate
DEBB021;"'2016-07-24 06:00'";29;43;7;24;1;moderate
DEBB021;"'2016-07-24 07:00'";29;44;7;24;1;moderate
DEBB021;"'2016-07-24 08:00'";28;47;7;24;1;moderate
DEBB021;"'2016-07-24 09:00'";29;55;7;24;1;moderate
DEBB021;"'2016-07-24 10:00'";32;68;5;22;1;moderate
DEBB021;"'2016-07-24 11:00'";30;78;3;22;1;moderate
DEBB021;"'2016-07-24 12:00'";29;89;4;22;1;moderate
DEBB021;"'2016-07-24 13:00'";28;100;5;21;1;moderate
DEBB021;"'2016-07-24 14:00'";31;104;8;21;1;moderate
DEBB021;"'2016-07-24 15:00'";25;120;5;19;1;moderate
DEBB021;"'2016-07-24 16:00'";25;124;5;18;1;moderate
DEBB021;"'2016-07-24 17:00'";23;122;2;16;1;moderate
DEBB021;"'2016-07-24 18:00'";25;121;3;16;1;moderate
DEBB021;"'2016-07-24 19:00'";24;121;5;17;1;moderate
DEBB021;"'2016-07-24 20:00'";25;117;5;17;1;moderate
DEBB021;"'2016-07-24 21:00'";25;101;7;17;1;moderate
DEBB021;"'2016-07-24 22:00'";31;86;12;19;1;moderate
DEBB021;"'2016-07-24 23:00'";28;71;18;21;1;moderate
DEBB021;"'2016-07-24 24:00'";29;74;16;23;1;moderate
DEBB021;"'2016-07-25 01:00'";31;66;17;25;1;moderate
DEBB021;"'2016-07-25 02:00'";33;56;18;27;1;moderate
DEBB021;"'2016-07-25 03:00'";33;48;19;28;1;moderate
DEBB021;"'2016-07-25 04:00'";30;41;18;27;1;moderate
DEBB021;"'2016-07-25 05:00'";30;35;18;26;1;moderate
DEBB021;"'2016-07-25 06:00'";31;23;26;27;1;moderate
DEBB021;"'2016-07-25 07:00'";35;13;44;28;1;moderate
DEBB021;"'2016-07-25 08:00'";39;21;45;31;1;poor
DEBB021;"'2016-07-25 09:00'";41;35;38;28;1;moderate
DEBB021;"'2016-07-25 10:00'";36;72;18;21;1;moderate
DEBB021;"'2016-07-25 11:00'";33;96;8;19;1;moderate
DEBB021;"'2016-07-25 12:00'";30;108;7;18;1;moderate
DEBB021;"'2016-07-25 13:00'";30;110;5;16;1;moderate
DEBB021;"'2016-07-25 14:00'";32;110;2;15;1;moderate
DEBB021;"'2016-07-25 15:00'";29;118;6;15;1;moderate
DEBB021;"'2016-07-25 16:00'";31;123;7;15;1;moderate
DEBB021;"'2016-07-25 17:00'";29;124;9;15;1;moderate
DEBB021;"'2016-07-25 18:00'";31;126;7;15;1;moderate
DEBB021;"'2016-07-25 19:00'";35;116;6;15;1;moderate
DEBB021;"'2016-07-25 20:00'";38;114;7;15;1;moderate
DEBB021;"'2016-07-25 21:00'";40;109;10;18;1;moderate
DEBB021;"'2016-07-25 22:00'";39;86;18;20;1;moderate
DEBB021;"'2016-07-25 23:00'";38;70;25;21;1;moderate
DEBB021;"'2016-07-25 24:00'";43;81;14;21;1;moderate
DEBB021;"'2016-07-26 01:00'";34;85;9;20;1;moderate
DEBB021;"'2016-07-26 02:00'";30;72;13;20;1;moderate
DEBB021;"'2016-07-26 03:00'";29;76;13;21;1;moderate
DEBB021;"'2016-07-26 04:00'";27;77;9;21;1;moderate
DEBB021;"'2016-07-26 05:00'";25;75;7;20;1;moderate
DEBB021;"'2016-07-26 06:00'";25;65;10;21;1;moderate
DEBB021;"'2016-07-26 07:00'";26;57;15;22;1;moderate
DEBB021;"'2016-07-26 08:00'";30;55;18;24;1;moderate
DEBB021;"'2016-07-26 09:00'";32;64;12;24;1;moderate
DEBB021;"'2016-07-26 10:00'";31;72;11;23;1;moderate
DEBB021;"'2016-07-26 11:00'";33;79;10;23;1;moderate
DEBB021;"'2016-07-26 12:00'";36;87;8;24;1;moderate
DEBB021;"'2016-07-26 13:00'";28;81;7;17;1;moderate
DEBB021;"'2016-07-26 14:00'";21;77;5;11;1;moderate
DEBB021;"'2016-07-26 15:00'";21;77;6;10;1;moderate
DEBB021;"'2016-07-26 16:00'";21;83;5;9;1;moderate
DEBB021;"'2016-07-26 17:00'";22;88;7;10;1;moderate
DEBB021;"'2016-07-26 18:00'";19;88;6;9;1;moderate
DEBB021;"'2016-07-26 19:00'";17;87;5;8;1;moderate
DEBB021;"'2016-07-26 20:00'";18;84;5;8;1;moderate
DEBB021;"'2016-07-26 21:00'";17;79;6;8;1;moderate
DEBB021;"'2016-07-26 22:00'";17;68;10;8;1;good
DEBB021;"'2016-07-26 23:00'";18;61;10;8;1;good
DEBB021;"'2016-07-26 24:00'";19;60;9;9;1;good
DEBB021;"'2016-07-27 01:00'";22;59;11;11;1;good
DEBB021;"'2016-07-27 02:00'";16;65;8;9;1;good
DEBB021;"'2016-07-27 03:00'";13;65;6;8;1;good
DEBB021;"'2016-07-27 04:00'";12;60;7;7;1;good
DEBB021;"'2016-07-27 05:00'";12;56;7;8;1;good
DEBB021;"'2016-07-27 06:00'";13;56;8;8;1;good
DEBB021;"'2016-07-27 07:00'";16;50;13;9;1;good
DEBB021;"'2016-07-27 08:00'";19;50;14;10;1;good
DEBB021;"'2016-07-27 09:00'";36;51;16;11;1;moderate
DEBB021;"'2016-07-27 10:00'";23;58;13;11;1;good
DEBB021;"'2016-07-27 11:00'";30;62;11;14;1;moderate
DEBB021;"'2016-07-27 12:00'";41;67;12;18;1;moderate
DEBB021;"'2016-07-27 13:00'";38;68;9;18;1;moderate
DEBB021;"'2016-07-27 14:00'";32;78;8;17;1;moderate
DEBB021;"'2016-07-27 15:00'";30;72;16;16;1;moderate
DEBB021;"'2016-07-27 16:00'";20;40;22;14;1;good
DEBB021;"'2016-07-27 17:00'";12;59;19;10;1;good
DEBB021;"'2016-07-27 18:00'";10;72;15;9;1;good
DEBB021;"'2016-07-27 19:00'";12;67;15;11;1;good
DEBB021;"'2016-07-27 20:00'";18;57;13;16;1;moderate
DEBB021;"'2016-07-27 21:00'";18;48;13;15;1;good
DEBB021;"'2016-07-27 22:00'";20;40;15;16;1;moderate
DEBB021;"'2016-07-27 23:00'";22;41;15;19;1;moderate
DEBB021;"'2016-07-27 24:00'";23;52;10;20;1;moderate
DEBB021;"'2016-07-28 01:00'";24;50;8;20;1;moderate
DEBB021;"'2016-07-28 02:00'";30;45;7;22;1;moderate
DEBB021;"'2016-07-28 03:00'";26;34;7;20;1;moderate
DEBB021;"'2016-07-28 04:00'";24;28;11;21;1;moderate
DEBB021;"'2016-07-28 05:00'";30;34;12;25;1;moderate
DEBB021;"'2016-07-28 06:00'";33;35;12;27;1;moderate
DEBB021;"'2016-07-28 07:00'";36;27;26;28;1;moderate
DEBB021;"'2016-07-28 08:00'";36;39;22;28;1;moderate
DEBB021;"'2016-07-28 09:00'";35;48;16;26;1;moderate
DEBB021;"'2016-07-28 10:00'";29;61;10;21;1;moderate
DEBB021;"'2016-07-28 11:00'";25;54;12;16;1;moderate
DEBB021;"'2016-07-28 12:00'";20;-;9;14;1;good
DEBB021;"'2016-07-28 13:00'";19;58;10;11;1;good
DEBB021;"'2016-07-28 14:00'";18;61;9;12;1;good
DEBB021;"'2016-07-28 15:00'";21;68;6;15;1;good
DEBB021;"'2016-07-28 16:00'";19;70;10;13;1;good
DEBB021;"'2016-07-28 17:00'";12;75;8;9;1;moderate
DEBB021;"'2016-07-28 18:00'";14;77;7;10;1;moderate
DEBB021;"'2016-07-28 19:00'";14;81;5;10;1;moderate
DEBB021;"'2016-07-28 20:00'";12;76;7;9;1;moderate
DEBB021;"'2016-07-28 21:00'";14;63;14;10;1;good
DEBB021;"'2016-07-28 22:00'";20;45;29;15;1;good
DEBB021;"'2016-07-28 23:00'";18;54;15;13;1;good
DEBB021;"'2016-07-28 24:00'";20;59;11;15;1;good
DEBB021;"'2016-07-29 01:00'";17;62;8;15;1;good
DEBB021;"'2016-07-29 02:00'";10;63;7;9;1;good
DEBB021;"'2016-07-29 03:00'";13;54;7;11;1;good
DEBB021;"'2016-07-29 04:00'";12;40;7;10;1;good
DEBB021;"'2016-07-29 05:00'";12;46;7;10;1;good
DEBB021;"'2016-07-29 06:00'";13;34;16;10;1;good
DEBB021;"'2016-07-29 07:00'";14;31;23;12;1;good
DEBB021;"'2016-07-29 08:00'";20;30;22;16;1;moderate
DEBB021;"'2016-07-29 09:00'";21;37;13;16;1;moderate
DEBB021;"'2016-07-29 10:00'";24;40;14;18;1;moderate
DEBB021;"'2016-07-29 11:00'";24;56;9;18;1;moderate
DEBB021;"'2016-07-29 12:00'";25;71;9;16;1;moderate
DEBB021;"'2016-07-29 13:00'";25;81;8;17;1;moderate
DEBB021;"'2016-07-29 14:00'";27;85;8;16;1;moderate
DEBB021;"'2016-07-29 15:00'";22;86;10;15;1;moderate
DEBB021;"'2016-07-29 16:00'";22;77;13;15;1;moderate
DEBB021;"'2016-07-29 17:00'";22;78;20;13;1;moderate
DEBB021;"'2016-07-29 18:00'";15;83;9;10;1;moderate
DEBB021;"'2016-07-29 19:00'";11;83;9;7;1;moderate
DEBB021;"'2016-07-29 20:00'";11;74;10;7;1;moderate
DEBB021;"'2016-07-29 21:00'";10;68;8;6;1;good
DEBB021;"'2016-07-29 22:00'";9;57;11;6;1;good
DEBB021;"'2016-07-29 23:00'";18;50;11;15;1;good
DEBB021;"'2016-07-29 24:00'";9;44;13;6;1;good
DEBB021;"'2016-07-30 01:00'";10;40;15;6;1;good
DEBB021;"'2016-07-30 02:00'";8;43;8;6;1;good
DEBB021;"'2016-07-30 03:00'";8;42;8;6;1;good
DEBB021;"'2016-07-30 04:00'";8;41;7;7;1;good
DEBB021;"'2016-07-30 05:00'";8;38;7;7;1;good
DEBB021;"'2016-07-30 06:00'";9;37;9;8;1;good
DEBB021;"'2016-07-30 07:00'";10;35;11;8;1;good
DEBB021;"'2016-07-30 08:00'";11;37;9;9;1;good
DEBB021;"'2016-07-30 09:00'";12;42;8;9;1;good
DEBB021;"'2016-07-30 10:00'";12;47;9;9;1;good
DEBB021;"'2016-07-30 11:00'";11;52;9;7;1;good
DEBB021;"'2016-07-30 12:00'";12;49;9;8;1;good
DEBB021;"'2016-07-30 13:00'";13;48;11;8;1;good
DEBB021;"'2016-07-30 14:00'";11;53;12;6;1;good
DEBB021;"'2016-07-30 15:00'";10;62;10;5;1;good
DEBB021;"'2016-07-30 16:00'";11;73;6;6;1;moderate
DEBB021;"'2016-07-30 17:00'";12;78;5;6;1;moderate
DEBB021;"'2016-07-30 18:00'";13;76;6;7;1;moderate
DEBB021;"'2016-07-30 19:00'";13;74;6;7;1;moderate
DEBB021;"'2016-07-30 20:00'";19;75;8;10;1;moderate
DEBB021;"'2016-07-30 21:00'";29;79;10;17;1;moderate
DEBB021;"'2016-07-30 22:00'";31;73;12;18;1;moderate
DEBB021;"'2016-07-30 23:00'";32;60;13;19;1;moderate
DEBB021;"'2016-07-30 24:00'";32;45;20;18;1;moderate
DEBB021;"'2016-07-31 01:00'";24;36;25;17;1;moderate
DEBB021;"'2016-07-31 02:00'";19;24;30;14;1;good
DEBB021;"'2016-07-31 03:00'";14;34;17;11;1;good
DEBB021;"'2016-07-31 04:00'";12;33;14;10;1;good
DEBB021;"'2016-07-31 05:00'";13;19;18;11;1;good
DEBB021;"'2016-07-31 06:00'";17;19;21;12;1;good
DEBB021;"'2016-07-31 07:00'";12;29;12;10;1;good
DEBB021;"'2016-07-31 08:00'";10;46;6;8;1;good
DEBB021;"'2016-07-31 09:00'";12;47;8;9;1;good
DEBB021;"'2016-07-31 10:00'";12;55;9;9;1;good
DEBB021;"'2016-07-31 11:00'";14;68;7;9;1;good
DEBB021;"'2016-07-31 12:00'";15;77;6;9;1;moderate
DEBB021;"'2016-07-31 13:00'";14;85;6;8;1;moderate
DEBB021;"'2016-07-31 14:00'";14;89;7;8;1;moderate
DEBB021;"'2016-07-31 15:00'";14;93;5;9;1;moderate
DEBB021;"'2016-07-31 16:00'";12;94;4;8;1;moderate
DEBB021;"'2016-07-31 17:00'";18;76;6;12;1;moderate
DEBB021;"'2016-07-31 18:00'";15;67;6;11;1;good
DEBB021;"'2016-07-31 19:00'";13;68;6;11;1;good
DEBB021;"'2016-07-31 20:00'";14;56;7;12;1;good
DEBB021;"'2016-07-31 21:00'";10;59;7;8;1;good
DEBB021;"'2016-07-31 22:00'";7;58;6;5;1;good
DEBB021;"'2016-07-31 23:00'";8;53;3;6;1;good
DEBB021;"'2016-07-31 24:00'";8;47;2;7;1;good
DEBB021;"'2016-08-01 01:00'";7;47;2;6;1;good
DEBB021;"'2016-08-01 02:00'";9;41;2;7;1;good
DEBB021;"'2016-08-01 03:00'";9;40;2;7;1;good
DEBB021;"'2016-08-01 04:00'";9;35;4;7;1;good
DEBB021;"'2016-08-01 05:00'";13;30;5;10;1;good
DEBB021;"'2016-08-01 06:00'";15;28;7;11;1;good
DEBB021;"'2016-08-01 07:00'";16;28;10;12;1;good
DEBB021;"'2016-08-01 08:00'";14;34;10;10;1;good
DEBB021;"'2016-08-01 09:00'";11;41;8;7;1;good
DEBB021;"'2016-08-01 10:00'";12;51;6;7;1;good
DEBB021;"'2016-08-01 11:00'";10;53;5;5;1;good
DEBB021;"'2016-08-01 12:00'";14;57;3;5;1;good
DEBB021;"'2016-08-01 13:00'";18;59;3;6;1;good
DEBB021;"'2016-08-01 14:00'";15;55;7;5;1;good
DEBB021;"'2016-08-01 15:00'";10;61;3;4;1;good
DEBB021;"'2016-08-01 16:00'";10;67;3;4;1;good
DEBB021;"'2016-08-01 17:00'";8;67;5;4;1;good
DEBB021;"'2016-08-01 18:00'";8;66;6;4;1;good
DEBB021;"'2016-08-01 19:00'";8;66;5;3;1;good
DEBB021;"'2016-08-01 20:00'";9;68;5;4;1;good
DEBB021;"'2016-08-01 21:00'";9;65;8;5;1;good
DEBB021;"'2016-08-01 22:00'";10;50;13;5;1;good
DEBB021;"'2016-08-01 23:00'";10;34;24;6;1;good
DEBB021;"'2016-08-01 24:00'";8;33;18;6;1;good
DEBB021;"'2016-08-02 01:00'";8;34;16;6;1;good
DEBB021;"'2016-08-02 02:00'";8;34;15;6;1;good
DEBB021;"'2016-08-02 03:00'";9;29;17;7;1;good
DEBB021;"'2016-08-02 04:00'";9;24;20;7;1;good
DEBB021;"'2016-08-02 05:00'";9;22;20;7;1;good
DEBB021;"'2016-08-02 06:00'";10;18;21;8;1;good
DEBB021;"'2016-08-02 07:00'";12;13;29;9;1;good
DEBB021;"'2016-08-02 08:00'";12;27;23;9;1;good
DEBB021;"'2016-08-02 09:00'";15;33;23;11;1;good
DEBB021;"'2016-08-02 10:00'";17;43;21;12;1;good
DEBB021;"'2016-08-02 11:00'";13;51;17;10;1;good
DEBB021;"'2016-08-02 12:00'";12;51;16;9;1;good
DEBB021;"'2016-08-02 13:00'";14;53;16;11;1;good
DEBB021;"'2016-08-02 14:00'";15;55;17;12;1;good
DEBB021;"'2016-08-02 15:00'";17;50;20;14;1;good
DEBB021;"'2016-08-02 16:00'";15;55;17;12;1;good
DEBB021;"'2016-08-02 17:00'";14;51;20;12;1;good
DEBB021;"'2016-08-02 18:00'";11;56;14;9;1;good
DEBB021;"'2016-08-02 19:00'";11;56;12;9;1;good
DEBB021;"'2016-08-02 20:00'";13;51;13;11;1;good
DEBB021;"'2016-08-02 21:00'";12;52;13;10;1;good
DEBB021;"'2016-08-02 22:00'";13;40;18;11;1;good
DEBB021;"'2016-08-02 23:00'";12;36;18;11;1;good
DEBB021;"'2016-08-02 24:00'";14;32;18;13;1;good
DEBB021;"'2016-08-03 01:00'";16;35;12;15;1;good
DEBB021;"'2016-08-03 02:00'";18;25;15;16;1;moderate
DEBB021;"'2016-08-03 03:00'";18;18;16;16;1;moderate
DEBB021;"'2016-08-03 04:00'";19;14;15;16;1;moderate
DEBB021;"'2016-08-03 05:00'";18;14;12;15;1;good
DEBB021;"'2016-08-03 06:00'";17;10;14;14;1;good
DEBB021;"'2016-08-03 07:00'";16;8;20;12;1;good
DEBB021;"'2016-08-03 08:00'";14;11;18;10;1;good
DEBB021;"'2016-08-03 09:00'";9;14;16;6;1;good
DEBB021;"'2016-08-03 10:00'";6;18;12;5;1;good
DEBB021;"'2016-08-03 11:00'";7;20;12;5;1;good
DEBB021;"'2016-08-03 12:00'";6;19;12;4;1;good
DEBB021;"'2016-08-03 13:00'";6;19;13;3;1;good
DEBB021;"'2016-08-03 14:00'";9;20;16;3;1;good
DEBB021;"'2016-08-03 15:00'";6;28;12;2;1;good
DEBB021;"'2016-08-03 16:00'";8;31;12;3;1;good
DEBB021;"'2016-08-03 17:00'";7;30;13;3;1;good
DEBB021;"'2016-08-03 18:00'";6;32;12;2;1;good
DEBB021;"'2016-08-03 19:00'";4;29;11;2;1;good
DEBB021;"'2016-08-03 20:00'";4;29;11;2;1;good
DEBB021;"'2016-08-03 21:00'";3;36;7;2;1;good
DEBB021;"'2016-08-03 22:00'";3;31;7;2;1;good
DEBB021;"'2016-08-03 23:00'";4;23;8;3;1;"very good"
DEBB021;"'2016-08-03 24:00'";6;21;8;5;1;"very good"
DEBB021;"'2016-08-04 01:00'";7;22;9;6;1;good
DEBB021;"'2016-08-04 02:00'";8;22;10;6;1;good
DEBB021;"'2016-08-04 03:00'";8;18;12;6;1;good
DEBB021;"'2016-08-04 04:00'";8;19;9;6;1;good
DEBB021;"'2016-08-04 05:00'";9;17;10;7;1;good
DEBB021;"'2016-08-04 06:00'";9;14;12;7;1;good
DEBB021;"'2016-08-04 07:00'";10;11;16;7;1;good
DEBB021;"'2016-08-04 08:00'";10;15;19;7;1;good
DEBB021;"'2016-08-04 09:00'";11;20;14;7;1;good
DEBB021;"'2016-08-04 10:00'";15;29;10;7;1;good
DEBB021;"'2016-08-04 11:00'";17;35;12;8;1;good
DEBB021;"'2016-08-04 12:00'";24;33;13;8;1;good
DEBB021;"'2016-08-04 13:00'";11;33;12;8;1;good
DEBB021;"'2016-08-04 14:00'";12;31;16;7;1;good
DEBB021;"'2016-08-04 15:00'";16;32;16;6;1;good
DEBB021;"'2016-08-04 16:00'";14;31;18;7;1;good
DEBB021;"'2016-08-04 17:00'";11;35;16;6;1;good
DEBB021;"'2016-08-04 18:00'";9;34;15;5;1;good
DEBB021;"'2016-08-04 19:00'";7;27;17;5;1;good
DEBB021;"'2016-08-04 20:00'";7;25;16;5;1;good
DEBB021;"'2016-08-04 21:00'";7;22;17;5;1;good
DEBB021;"'2016-08-04 22:00'";8;15;21;6;1;good
DEBB021;"'2016-08-04 23:00'";9;5;26;7;1;good
DEBB021;"'2016-08-04 24:00'";10;6;28;8;1;good
DEBB021;"'2016-08-05 01:00'";10;18;15;7;1;good
DEBB021;"'2016-08-05 02:00'";10;14;15;8;1;good
DEBB021;"'2016-08-05 03:00'";10;20;17;8;1;good
DEBB021;"'2016-08-05 04:00'";10;30;11;8;1;good
DEBB021;"'2016-08-05 05:00'";11;30;8;8;1;good
DEBB021;"'2016-08-05 06:00'";8;33;9;6;1;good
DEBB021;"'2016-08-05 07:00'";7;27;19;6;1;good
DEBB021;"'2016-08-05 08:00'";8;12;35;7;1;moderate
DEBB021;"'2016-08-05 09:00'";10;13;39;8;1;moderate
DEBB021;"'2016-08-05 10:00'";11;27;21;8;1;good
DEBB021;"'2016-08-05 11:00'";15;26;19;12;1;good
DEBB021;"'2016-08-05 12:00'";22;24;18;16;1;moderate
DEBB021;"'2016-08-05 13:00'";23;26;15;17;1;moderate
DEBB021;"'2016-08-05 14:00'";24;32;18;16;1;moderate
DEBB021;"'2016-08-05 15:00'";21;50;16;14;1;good
DEBB021;"'2016-08-05 16:00'";19;59;13;13;1;good
DEBB021;"'2016-08-05 17:00'";14;76;8;9;1;moderate
DEBB021;"'2016-08-05 18:00'";8;76;9;5;1;moderate
DEBB021;"'2016-08-05 19:00'";8;76;11;5;1;moderate
DEBB021;"'2016-08-05 20:00'";10;70;14;6;1;good
DEBB021;"'2016-08-05 21:00'";11;63;18;7;1;good
DEBB021;"'2016-08-05 22:00'";12;56;22;8;1;good
DEBB021;"'2016-08-05 23:00'";13;53;16;9;1;good
DEBB021;"'2016-08-05 24:00'";14;47;15;10;1;good
DEBB021;"'2016-08-06 01:00'";9;55;9;7;1;good
DEBB021;"'2016-08-06 02:00'";6;55;8;5;1;good
DEBB021;"'2016-08-06 03:00'";6;49;7;5;1;good
DEBB021;"'2016-08-06 04:00'";7;45;8;5;1;good
DEBB021;"'2016-08-06 05:00'";8;43;8;6;1;good
DEBB021;"'2016-08-06 06:00'";8;37;9;6;1;good
DEBB021;"'2016-08-06 07:00'";9;37;12;6;1;good
DEBB021;"'2016-08-06 08:00'";10;42;10;7;1;good
DEBB021;"'2016-08-06 09:00'";10;51;6;7;1;good
DEBB021;"'2016-08-06 10:00'";10;56;5;6;1;good
DEBB021;"'2016-08-06 11:00'";9;55;6;6;1;good
DEBB021;"'2016-08-06 12:00'";9;55;7;6;1;good
DEBB021;"'2016-08-06 13:00'";7;60;7;5;1;good
DEBB021;"'2016-08-06 14:00'";5;65;8;4;1;good
DEBB021;"'2016-08-06 15:00'";5;71;6;3;1;good
DEBB021;"'2016-08-06 16:00'";6;76;7;4;1;moderate
DEBB021;"'2016-08-06 17:00'";8;80;8;5;1;moderate
DEBB021;"'2016-08-06 18:00'";9;75;8;4;1;moderate
DEBB021;"'2016-08-06 19:00'";7;76;8;3;1;moderate
DEBB021;"'2016-08-06 20:00'";8;70;11;4;1;good
DEBB021;"'2016-08-06 21:00'";9;67;11;6;1;good
DEBB021;"'2016-08-06 22:00'";11;64;13;8;1;good
DEBB021;"'2016-08-06 23:00'";13;55;14;11;1;good
DEBB021;"'2016-08-06 24:00'";11;54;13;10;1;good
DEBB021;"'2016-08-07 01:00'";9;55;10;7;1;good
DEBB021;"'2016-08-07 02:00'";8;50;11;7;1;good
DEBB021;"'2016-08-07 03:00'";9;47;11;7;1;good
DEBB021;"'2016-08-07 04:00'";9;36;12;8;1;good
DEBB021;"'2016-08-07 05:00'";12;37;14;11;1;good
DEBB021;"'2016-08-07 06:00'";14;37;12;12;1;good
DEBB021;"'2016-08-07 07:00'";16;36;11;14;1;good
DEBB021;"'2016-08-07 08:00'";17;34;11;14;1;good
DEBB021;"'2016-08-07 09:00'";14;44;8;12;1;good
DEBB021;"'2016-08-07 10:00'";10;61;5;7;1;good
DEBB021;"'2016-08-07 11:00'";8;64;5;5;1;good
DEBB021;"'2016-08-07 12:00'";8;65;5;5;1;good
DEBB021;"'2016-08-07 13:00'";7;68;6;5;1;good
DEBB021;"'2016-08-07 14:00'";8;69;7;5;1;good
DEBB021;"'2016-08-07 15:00'";7;72;7;4;1;good
DEBB021;"'2016-08-07 16:00'";6;74;8;4;1;moderate
DEBB021;"'2016-08-07 17:00'";6;71;10;3;1;good
DEBB021;"'2016-08-07 18:00'";6;72;10;3;1;good
DEBB021;"'2016-08-07 19:00'";6;67;12;3;1;good
DEBB021;"'2016-08-07 20:00'";5;58;15;2;1;good
DEBB021;"'2016-08-07 21:00'";6;52;18;3;1;good
DEBB021;"'2016-08-07 22:00'";9;43;21;5;1;good
DEBB021;"'2016-08-07 23:00'";10;37;26;6;1;good
DEBB021;"'2016-08-07 24:00'";11;37;26;7;1;good
DEBB021;"'2016-08-08 01:00'";16;43;19;8;1;good
DEBB021;"'2016-08-08 02:00'";17;42;16;8;1;good
DEBB021;"'2016-08-08 03:00'";20;35;19;9;1;good
DEBB021;"'2016-08-08 04:00'";20;31;20;9;1;good
DEBB021;"'2016-08-08 05:00'";20;36;17;9;1;good
DEBB021;"'2016-08-08 06:00'";22;23;29;11;1;good
DEBB021;"'2016-08-08 07:00'";28;41;26;13;1;moderate
DEBB021;"'2016-08-08 08:00'";30;41;30;14;1;moderate
DEBB021;"'2016-08-08 09:00'";30;50;26;13;1;moderate
DEBB021;"'2016-08-08 10:00'";20;51;20;10;1;good
DEBB021;"'2016-08-08 11:00'";17;57;14;7;1;good
DEBB021;"'2016-08-08 12:00'";17;66;13;6;1;good
DEBB021;"'2016-08-08 13:00'";15;74;12;5;1;moderate
DEBB021;"'2016-08-08 14:00'";15;76;11;6;1;moderate
DEBB021;"'2016-08-08 15:00'";14;91;10;5;1;moderate
DEBB021;"'2016-08-08 16:00'";14;94;12;4;1;moderate
DEBB021;"'2016-08-08 17:00'";15;97;11;6;1;moderate
DEBB021;"'2016-08-08 18:00'";17;88;12;9;1;moderate
DEBB021;"'2016-08-08 19:00'";19;71;11;11;1;good
DEBB021;"'2016-08-08 20:00'";14;59;11;8;1;good
DEBB021;"'2016-08-08 21:00'";12;59;12;8;1;good
DEBB021;"'2016-08-08 22:00'";12;59;12;7;1;good
DEBB021;"'2016-08-08 23:00'";10;62;11;6;1;good
DEBB021;"'2016-08-08 24:00'";11;59;12;7;1;good
DEBB021;"'2016-08-09 01:00'";14;63;9;8;1;good
DEBB021;"'2016-08-09 02:00'";15;62;9;9;1;good
DEBB021;"'2016-08-09 03:00'";15;57;9;9;1;good
DEBB021;"'2016-08-09 04:00'";15;51;9;9;1;good
DEBB021;"'2016-08-09 05:00'";12;45;10;9;1;good
DEBB021;"'2016-08-09 06:00'";11;42;10;7;1;good
DEBB021;"'2016-08-09 07:00'";11;37;18;6;1;good
DEBB021;"'2016-08-09 08:00'";14;39;15;6;1;good
DEBB021;"'2016-08-09 09:00'";10;45;10;6;1;good
DEBB021;"'2016-08-09 10:00'";9;47;9;5;1;good
DEBB021;"'2016-08-09 11:00'";12;51;9;5;1;good
DEBB021;"'2016-08-09 12:00'";12;55;6;5;1;good
DEBB021;"'2016-08-09 13:00'";14;61;7;6;1;good
DEBB021;"'2016-08-09 14:00'";12;68;6;5;1;good
DEBB021;"'2016-08-09 15:00'";13;70;7;5;1;good
DEBB021;"'2016-08-09 16:00'";9;70;7;4;1;good
DEBB021;"'2016-08-09 17:00'";10;72;7;4;1;good
DEBB021;"'2016-08-09 18:00'";12;71;8;4;1;good
DEBB021;"'2016-08-09 19:00'";14;71;9;5;1;good
DEBB021;"'2016-08-09 20:00'";10;69;7;4;1;good
DEBB021;"'2016-08-09 21:00'";8;66;7;4;1;good
DEBB021;"'2016-08-09 22:00'";11;57;8;4;1;good
DEBB021;"'2016-08-09 23:00'";9;54;6;3;1;good
DEBB021;"'2016-08-09 24:00'";10;53;5;3;1;good
DEBB021;"'2016-08-10 01:00'";9;52;5;4;1;good
DEBB021;"'2016-08-10 02:00'";8;50;4;3;1;good
DEBB021;"'2016-08-10 03:00'";8;47;5;4;1;good
DEBB021;"'2016-08-10 04:00'";7;46;5;4;1;good
DEBB021;"'2016-08-10 05:00'";7;44;6;3;1;good
DEBB021;"'2016-08-10 06:00'";9;40;9;4;1;good
DEBB021;"'2016-08-10 07:00'";12;25;22;5;1;good
DEBB021;"'2016-08-10 08:00'";13;33;15;5;1;good
DEBB021;"'2016-08-10 09:00'";12;38;12;5;1;good
DEBB021;"'2016-08-10 10:00'";10;42;9;4;1;good
DEBB021;"'2016-08-10 11:00'";9;52;5;3;1;good
DEBB021;"'2016-08-10 12:00'";10;58;6;3;1;good
DEBB021;"'2016-08-10 13:00'";14;59;7;4;1;good
DEBB021;"'2016-08-10 14:00'";10;58;7;3;1;good
DEBB021;"'2016-08-10 15:00'";9;60;7;3;1;good
DEBB021;"'2016-08-10 16:00'";7;60;8;2;1;good
DEBB021;"'2016-08-10 17:00'";9;57;10;2;1;good
DEBB021;"'2016-08-10 18:00'";6;60;7;2;1;good
DEBB021;"'2016-08-10 19:00'";5;57;7;2;1;good
DEBB021;"'2016-08-10 20:00'";5;50;10;3;1;good
DEBB021;"'2016-08-10 21:00'";8;48;13;4;1;good
DEBB021;"'2016-08-10 22:00'";7;45;14;4;1;good
DEBB021;"'2016-08-10 23:00'";6;47;10;3;1;good
DEBB021;"'2016-08-10 24:00'";7;46;8;3;1;good
DEBB021;"'2016-08-11 01:00'";4;42;8;2;-;good
DEBB021;"'2016-08-11 02:00'";4;43;6;2;1;good
DEBB021;"'2016-08-11 03:00'";4;40;6;3;1;good
DEBB021;"'2016-08-11 04:00'";4;37;6;3;1;good
DEBB021;"'2016-08-11 05:00'";4;36;6;3;1;good
DEBB021;"'2016-08-11 06:00'";6;30;11;4;1;good
DEBB021;"'2016-08-11 07:00'";6;19;25;5;1;good
DEBB021;"'2016-08-11 08:00'";7;23;21;5;1;good
DEBB021;"'2016-08-11 09:00'";10;31;13;5;1;good
DEBB021;"'2016-08-11 10:00'";9;45;8;5;1;good
DEBB021;"'2016-08-11 11:00'";9;51;6;4;1;good
DEBB021;"'2016-08-11 12:00'";10;55;5;4;1;good
DEBB021;"'2016-08-11 13:00'";7;58;5;3;1;good
DEBB021;"'2016-08-11 14:00'";13;60;5;3;1;good
DEBB021;"'2016-08-11 15:00'";11;63;6;3;1;good
DEBB021;"'2016-08-11 16:00'";11;63;7;3;1;good
DEBB021;"'2016-08-11 17:00'";12;61;8;4;1;good
DEBB021;"'2016-08-11 18:00'";10;59;8;3;1;good
DEBB021;"'2016-08-11 19:00'";9;57;8;3;1;good
DEBB021;"'2016-08-11 20:00'";13;54;8;3;1;good
DEBB021;"'2016-08-11 21:00'";8;49;9;3;1;good
DEBB021;"'2016-08-11 22:00'";9;37;18;4;1;good
DEBB021;"'2016-08-11 23:00'";9;34;20;5;1;good
DEBB021;"'2016-08-11 24:00'";8;48;11;4;1;good
DEBB021;"'2016-08-12 01:00'";7;52;9;4;1;good
DEBB021;"'2016-08-12 02:00'";9;51;9;5;-;good
DEBB021;"'2016-08-12 03:00'";9;51;7;5;1;good
DEBB021;"'2016-08-12 04:00'";8;53;7;5;1;good
DEBB021;"'2016-08-12 05:00'";8;53;7;5;1;good
DEBB021;"'2016-08-12 06:00'";8;46;11;5;1;good
DEBB021;"'2016-08-12 07:00'";10;36;20;5;1;good
DEBB021;"'2016-08-12 08:00'";9;31;22;6;1;good
DEBB021;"'2016-08-12 09:00'";12;35;16;7;1;good
DEBB021;"'2016-08-12 10:00'";10;37;13;6;1;good
DEBB021;"'2016-08-12 11:00'";10;37;12;6;1;good
DEBB021;"'2016-08-12 12:00'";10;35;12;4;1;good
DEBB021;"'2016-08-12 13:00'";6;36;10;3;1;good
DEBB021;"'2016-08-12 14:00'";8;33;13;3;1;good
DEBB021;"'2016-08-12 15:00'";5;36;11;3;1;good
DEBB021;"'2016-08-12 16:00'";7;38;10;4;1;good
DEBB021;"'2016-08-12 17:00'";8;34;12;5;1;good
DEBB021;"'2016-08-12 18:00'";9;34;11;6;1;good
DEBB021;"'2016-08-12 19:00'";8;27;13;7;1;good
DEBB021;"'2016-08-12 20:00'";7;21;16;6;1;good
DEBB021;"'2016-08-12 21:00'";6;15;17;6;1;good
DEBB021;"'2016-08-12 22:00'";6;13;16;5;1;good
DEBB021;"'2016-08-12 23:00'";6;10;17;6;1;good
DEBB021;"'2016-08-12 24:00'";6;6;19;6;1;good
DEBB021;"'2016-08-13 01:00'";7;6;19;6;1;good
DEBB021;"'2016-08-13 02:00'";8;5;21;7;1;good
DEBB021;"'2016-08-13 03:00'";11;6;18;9;1;good
DEBB021;"'2016-08-13 04:00'";11;8;13;9;1;good
DEBB021;"'2016-08-13 05:00'";12;9;10;10;1;good
DEBB021;"'2016-08-13 06:00'";14;9;12;11;1;good
DEBB021;"'2016-08-13 07:00'";15;8;14;12;1;good
DEBB021;"'2016-08-13 08:00'";18;11;12;14;1;good
DEBB021;"'2016-08-13 09:00'";21;19;8;17;1;moderate
DEBB021;"'2016-08-13 10:00'";21;26;9;17;1;moderate
DEBB021;"'2016-08-13 11:00'";19;36;8;13;1;good
DEBB021;"'2016-08-13 12:00'";15;51;8;9;1;good
DEBB021;"'2016-08-13 13:00'";12;64;7;7;1;good
DEBB021;"'2016-08-13 14:00'";16;69;10;8;1;good
DEBB021;"'2016-08-13 15:00'";13;77;7;7;1;moderate
DEBB021;"'2016-08-13 16:00'";14;93;7;6;1;moderate
DEBB021;"'2016-08-13 17:00'";13;99;6;6;1;moderate
DEBB021;"'2016-08-13 18:00'";14;99;7;7;1;moderate
DEBB021;"'2016-08-13 19:00'";18;98;8;12;1;moderate
DEBB021;"'2016-08-13 20:00'";20;92;9;13;1;moderate
DEBB021;"'2016-08-13 21:00'";19;86;8;13;1;moderate
DEBB021;"'2016-08-13 22:00'";18;80;8;12;1;moderate
DEBB021;"'2016-08-13 23:00'";15;66;6;10;1;good
DEBB021;"'2016-08-13 24:00'";14;57;6;10;1;good
DEBB021;"'2016-08-14 01:00'";14;52;8;11;1;good
DEBB021;"'2016-08-14 02:00'";14;48;8;11;1;good
DEBB021;"'2016-08-14 03:00'";14;46;7;10;1;good
DEBB021;"'2016-08-14 04:00'";14;41;8;11;1;good
DEBB021;"'2016-08-14 05:00'";11;44;6;9;1;good
DEBB021;"'2016-08-14 06:00'";11;41;8;9;1;good
DEBB021;"'2016-08-14 07:00'";10;41;6;9;1;good
DEBB021;"'2016-08-14 08:00'";8;45;5;7;1;good
DEBB021;"'2016-08-14 09:00'";6;52;2;4;1;good
DEBB021;"'2016-08-14 10:00'";5;53;2;4;1;good
DEBB021;"'2016-08-14 11:00'";6;53;2;4;1;good
DEBB021;"'2016-08-14 12:00'";7;53;4;4;1;good
DEBB021;"'2016-08-14 13:00'";7;58;2;4;1;good
DEBB021;"'2016-08-14 14:00'";7;60;3;4;1;good
DEBB021;"'2016-08-14 15:00'";6;61;3;3;1;good
DEBB021;"'2016-08-14 16:00'";5;63;3;3;1;good
DEBB021;"'2016-08-14 17:00'";5;63;5;3;1;good
DEBB021;"'2016-08-14 18:00'";5;63;4;3;1;good
DEBB021;"'2016-08-14 19:00'";5;63;5;3;1;good
DEBB021;"'2016-08-14 20:00'";7;60;6;3;1;good
DEBB021;"'2016-08-14 21:00'";7;54;7;3;1;good
DEBB021;"'2016-08-14 22:00'";13;47;11;5;1;good
DEBB021;"'2016-08-14 23:00'";6;55;7;3;1;good
DEBB021;"'2016-08-14 24:00'";6;56;5;3;1;good
DEBB021;"'2016-08-15 01:00'";4;55;5;3;1;good
DEBB021;"'2016-08-15 02:00'";5;50;5;3;1;good
DEBB021;"'2016-08-15 03:00'";6;46;6;3;1;good
DEBB021;"'2016-08-15 04:00'";5;43;6;4;1;good
DEBB021;"'2016-08-15 05:00'";5;40;6;4;1;good
DEBB021;"'2016-08-15 06:00'";6;35;10;4;1;good
DEBB021;"'2016-08-15 07:00'";6;29;15;5;1;good
DEBB021;"'2016-08-15 08:00'";8;26;16;5;2;good
DEBB021;"'2016-08-15 09:00'";9;35;10;6;1;good
DEBB021;"'2016-08-15 10:00'";10;45;6;6;1;good
DEBB021;"'2016-08-15 11:00'";11;50;4;5;1;good
DEBB021;"'2016-08-15 12:00'";8;54;4;4;1;good
DEBB021;"'2016-08-15 13:00'";8;58;3;4;1;good
DEBB021;"'2016-08-15 14:00'";6;59;4;3;1;good
DEBB021;"'2016-08-15 15:00'";7;61;3;3;1;good
DEBB021;"'2016-08-15 16:00'";10;59;6;4;1;good
DEBB021;"'2016-08-15 17:00'";13;58;6;5;1;good
DEBB021;"'2016-08-15 18:00'";11;60;4;5;1;good
DEBB021;"'2016-08-15 19:00'";12;60;5;5;1;good
DEBB021;"'2016-08-15 20:00'";12;59;5;6;1;good
DEBB021;"'2016-08-15 21:00'";13;54;9;6;1;good
DEBB021;"'2016-08-15 22:00'";13;49;11;7;1;good
DEBB021;"'2016-08-15 23:00'";9;54;5;6;1;good
DEBB021;"'2016-08-15 24:00'";10;48;5;6;1;good
DEBB021;"'2016-08-16 01:00'";10;40;7;7;1;good
DEBB021;"'2016-08-16 02:00'";9;31;12;7;1;good
DEBB021;"'2016-08-16 03:00'";8;32;9;7;1;good
DEBB021;"'2016-08-16 04:00'";8;33;8;7;1;good
DEBB021;"'2016-08-16 05:00'";9;26;13;7;1;good
DEBB021;"'2016-08-16 06:00'";10;23;18;7;1;good
DEBB021;"'2016-08-16 07:00'";12;12;27;8;1;good
DEBB021;"'2016-08-16 08:00'";13;13;29;9;1;good
DEBB021;"'2016-08-16 09:00'";14;28;20;9;1;good
DEBB021;"'2016-08-16 10:00'";16;54;7;8;1;good
DEBB021;"'2016-08-16 11:00'";16;61;6;7;1;good
DEBB021;"'2016-08-16 12:00'";15;64;7;7;1;good
DEBB021;"'2016-08-16 13:00'";13;69;4;6;1;good
DEBB021;"'2016-08-16 14:00'";16;70;4;6;1;good
DEBB021;"'2016-08-16 15:00'";14;72;2;6;1;good
DEBB021;"'2016-08-16 16:00'";14;72;6;5;1;good
DEBB021;"'2016-08-16 17:00'";14;72;7;5;1;good
DEBB021;"'2016-08-16 18:00'";12;70;8;6;1;good
DEBB021;"'2016-08-16 19:00'";12;67;7;6;1;good
DEBB021;"'2016-08-16 20:00'";12;56;7;5;1;good
DEBB021;"'2016-08-16 21:00'";4;50;10;3;1;good
DEBB021;"'2016-08-16 22:00'";3;49;9;3;1;good
DEBB021;"'2016-08-16 23:00'";4;41;12;4;1;good
DEBB021;"'2016-08-16 24:00'";4;38;10;4;1;good
DEBB021;"'2016-08-17 01:00'";5;34;8;4;1;good
DEBB021;"'2016-08-17 02:00'";5;33;7;4;1;good
DEBB021;"'2016-08-17 03:00'";5;26;8;4;1;good
DEBB021;"'2016-08-17 04:00'";9;24;7;7;1;good
DEBB021;"'2016-08-17 05:00'";11;27;6;8;1;good
DEBB021;"'2016-08-17 06:00'";14;24;8;9;1;good
DEBB021;"'2016-08-17 07:00'";17;13;15;11;1;good
DEBB021;"'2016-08-17 08:00'";6;11;18;5;1;good
DEBB021;"'2016-08-17 09:00'";6;16;16;4;1;good
DEBB021;"'2016-08-17 10:00'";7;31;12;4;1;good
DEBB021;"'2016-08-17 11:00'";7;47;4;3;1;good
DEBB021;"'2016-08-17 12:00'";10;54;3;3;1;good
DEBB021;"'2016-08-17 13:00'";8;57;5;3;1;good
DEBB021;"'2016-08-17 14:00'";10;62;7;3;1;good
DEBB021;"'2016-08-17 15:00'";9;67;7;3;1;good
DEBB021;"'2016-08-17 16:00'";11;72;5;3;1;good
DEBB021;"'2016-08-17 17:00'";12;74;7;3;1;moderate
DEBB021;"'2016-08-17 18:00'";8;78;4;3;1;moderate
DEBB021;"'2016-08-17 19:00'";10;75;6;3;1;moderate
DEBB021;"'2016-08-17 20:00'";12;70;6;3;1;good
DEBB021;"'2016-08-17 21:00'";22;54;13;4;1;good
DEBB021;"'2016-08-17 22:00'";33;15;46;7;1;moderate
DEBB021;"'2016-08-17 23:00'";15;12;41;7;1;moderate
DEBB021;"'2016-08-17 24:00'";7;21;20;6;1;good
DEBB021;"'2016-08-18 01:00'";8;19;18;6;1;good
DEBB021;"'2016-08-18 02:00'";8;19;20;7;1;good
DEBB021;"'2016-08-18 03:00'";8;19;22;7;1;good
DEBB021;"'2016-08-18 04:00'";8;29;23;6;1;good
DEBB021;"'2016-08-18 05:00'";8;32;22;6;1;good
DEBB021;"'2016-08-18 06:00'";10;17;30;7;1;good
DEBB021;"'2016-08-18 07:00'";13;6;51;9;1;moderate
DEBB021;"'2016-08-18 08:00'";17;14;43;10;1;moderate
DEBB021;"'2016-08-18 09:00'";27;24;32;10;1;moderate
DEBB021;"'2016-08-18 10:00'";27;31;24;9;1;good
DEBB021;"'2016-08-18 11:00'";22;46;17;7;1;good
DEBB021;"'2016-08-18 12:00'";17;73;7;5;1;moderate
DEBB021;"'2016-08-18 13:00'";18;79;7;5;1;moderate
DEBB021;"'2016-08-18 14:00'";16;72;8;6;1;good
DEBB021;"'2016-08-18 15:00'";17;67;11;6;1;good
DEBB021;"'2016-08-18 16:00'";18;73;9;6;1;moderate
DEBB021;"'2016-08-18 17:00'";16;68;11;6;1;good
DEBB021;"'2016-08-18 18:00'";16;68;8;5;1;good
DEBB021;"'2016-08-18 19:00'";12;66;5;4;1;good
DEBB021;"'2016-08-18 20:00'";11;62;6;5;1;good
DEBB021;"'2016-08-18 21:00'";17;48;15;6;1;good
DEBB021;"'2016-08-18 22:00'";13;42;16;6;1;good
DEBB021;"'2016-08-18 23:00'";12;33;22;8;1;good
DEBB021;"'2016-08-18 24:00'";16;20;28;9;1;good
DEBB021;"'2016-08-19 01:00'";16;9;34;12;1;moderate
DEBB021;"'2016-08-19 02:00'";14;4;30;11;1;good
DEBB021;"'2016-08-19 03:00'";13;2;27;10;1;good
DEBB021;"'2016-08-19 04:00'";13;2;23;10;1;good
DEBB021;"'2016-08-19 05:00'";12;4;20;9;1;good
DEBB021;"'2016-08-19 06:00'";12;2;24;9;1;good
DEBB021;"'2016-08-19 07:00'";12;2;25;9;1;good
DEBB021;"'2016-08-19 08:00'";12;7;28;9;1;good
DEBB021;"'2016-08-19 09:00'";15;15;22;10;1;good
DEBB021;"'2016-08-19 10:00'";16;33;13;9;1;good
DEBB021;"'2016-08-19 11:00'";12;60;2;4;1;good
DEBB021;"'2016-08-19 12:00'";10;68;5;4;1;good
DEBB021;"'2016-08-19 13:00'";21;79;6;5;1;moderate
DEBB021;"'2016-08-19 14:00'";16;92;7;5;1;moderate
DEBB021;"'2016-08-19 15:00'";17;102;6;5;1;moderate
DEBB021;"'2016-08-19 16:00'";19;110;8;6;1;moderate
DEBB021;"'2016-08-19 17:00'";19;117;9;6;1;moderate
DEBB021;"'2016-08-19 18:00'";20;125;6;7;1;moderate
DEBB021;"'2016-08-19 19:00'";24;126;7;8;1;moderate
DEBB021;"'2016-08-19 20:00'";33;111;15;9;1;moderate
DEBB021;"'2016-08-19 21:00'";55;87;25;12;1;poor
DEBB021;"'2016-08-19 22:00'";29;73;29;11;1;moderate
DEBB021;"'2016-08-19 23:00'";39;60;36;15;1;moderate
DEBB021;"'2016-08-19 24:00'";43;66;32;16;1;moderate
DEBB021;"'2016-08-20 01:00'";27;76;22;15;1;moderate
DEBB021;"'2016-08-20 02:00'";24;79;17;14;1;moderate
DEBB021;"'2016-08-20 03:00'";27;69;18;16;1;moderate
DEBB021;"'2016-08-20 04:00'";26;63;18;17;1;moderate
DEBB021;"'2016-08-20 05:00'";27;68;11;18;1;moderate
DEBB021;"'2016-08-20 06:00'";22;50;11;17;1;moderate
DEBB021;"'2016-08-20 07:00'";25;41;19;20;1;moderate
DEBB021;"'2016-08-20 08:00'";25;32;20;22;1;moderate
DEBB021;"'2016-08-20 09:00'";25;32;20;22;1;moderate
DEBB021;"'2016-08-20 10:00'";28;29;25;24;1;moderate
DEBB021;"'2016-08-20 11:00'";27;47;15;24;1;moderate
DEBB021;"'2016-08-20 12:00'";21;64;10;18;1;moderate
DEBB021;"'2016-08-20 13:00'";15;76;10;12;1;moderate
DEBB021;"'2016-08-20 14:00'";11;86;12;8;1;moderate
DEBB021;"'2016-08-20 15:00'";10;90;12;7;1;moderate
DEBB021;"'2016-08-20 16:00'";10;96;9;8;1;moderate
DEBB021;"'2016-08-20 17:00'";10;89;20;7;1;moderate
DEBB021;"'2016-08-20 18:00'";9;84;18;7;1;moderate
DEBB021;"'2016-08-20 19:00'";12;82;16;8;1;moderate
DEBB021;"'2016-08-20 20:00'";13;75;12;11;1;moderate
DEBB021;"'2016-08-20 21:00'";14;61;9;12;1;good
DEBB021;"'2016-08-20 22:00'";16;51;11;14;1;good
DEBB021;"'2016-08-20 23:00'";16;45;15;14;1;good
DEBB021;"'2016-08-20 24:00'";8;60;9;7;1;good
DEBB021;"'2016-08-21 01:00'";7;61;5;5;1;good
DEBB021;"'2016-08-21 02:00'";7;56;6;5;1;good
DEBB021;"'2016-08-21 03:00'";5;57;3;4;1;good
DEBB021;"'2016-08-21 04:00'";6;54;3;4;1;good
DEBB021;"'2016-08-21 05:00'";8;42;4;6;1;good
DEBB021;"'2016-08-21 06:00'";10;33;6;7;1;good
DEBB021;"'2016-08-21 07:00'";11;26;9;8;1;good
DEBB021;"'2016-08-21 08:00'";12;25;8;8;1;good
DEBB021;"'2016-08-21 09:00'";12;24;8;9;1;good
DEBB021;"'2016-08-21 10:00'";13;40;5;9;1;good
DEBB021;"'2016-08-21 11:00'";14;52;5;9;1;good
DEBB021;"'2016-08-21 12:00'";15;55;8;9;1;good
DEBB021;"'2016-08-21 13:00'";15;68;5;9;1;good
DEBB021;"'2016-08-21 14:00'";8;64;10;6;1;good
DEBB021;"'2016-08-21 15:00'";10;67;10;7;1;good
DEBB021;"'2016-08-21 16:00'";12;75;3;8;1;moderate
DEBB021;"'2016-08-21 17:00'";12;77;3;8;1;moderate
DEBB021;"'2016-08-21 18:00'";9;76;6;6;1;moderate
DEBB021;"'2016-08-21 19:00'";7;68;7;5;1;good
DEBB021;"'2016-08-21 20:00'";6;50;11;5;1;good
DEBB021;"'2016-08-21 21:00'";7;35;20;5;1;good
DEBB021;"'2016-08-21 22:00'";7;26;19;6;1;good
DEBB021;"'2016-08-21 23:00'";9;20;16;6;1;good
DEBB021;"'2016-08-21 24:00'";9;23;11;7;1;good
DEBB021;"'2016-08-22 01:00'";8;26;11;6;1;good
DEBB021;"'2016-08-22 02:00'";6;32;11;5;1;good
DEBB021;"'2016-08-22 03:00'";6;27;12;5;1;good
DEBB021;"'2016-08-22 04:00'";6;31;12;5;1;good
DEBB021;"'2016-08-22 05:00'";8;31;11;6;1;good
DEBB021;"'2016-08-22 06:00'";11;30;14;9;1;good
DEBB021;"'2016-08-22 07:00'";13;22;22;11;1;good
DEBB021;"'2016-08-22 08:00'";17;22;23;13;1;good
DEBB021;"'2016-08-22 09:00'";17;32;16;13;1;good
DEBB021;"'2016-08-22 10:00'";17;45;8;13;1;good
DEBB021;"'2016-08-22 11:00'";18;51;7;13;1;good
DEBB021;"'2016-08-22 12:00'";17;59;7;12;1;good
DEBB021;"'2016-08-22 13:00'";16;66;6;12;1;good
DEBB021;"'2016-08-22 14:00'";13;75;5;10;1;moderate
DEBB021;"'2016-08-22 15:00'";14;75;6;9;1;moderate
DEBB021;"'2016-08-22 16:00'";14;77;6;9;1;moderate
DEBB021;"'2016-08-22 17:00'";10;76;7;6;1;moderate
DEBB021;"'2016-08-22 18:00'";9;72;10;6;1;good
DEBB021;"'2016-08-22 19:00'";10;68;12;6;1;good
DEBB021;"'2016-08-22 20:00'";10;60;15;7;1;good
DEBB021;"'2016-08-22 21:00'";13;52;16;9;1;good
DEBB021;"'2016-08-22 22:00'";14;53;15;8;1;good
DEBB021;"'2016-08-22 23:00'";13;53;8;8;1;good
DEBB021;"'2016-08-22 24:00'";12;48;9;7;1;good
DEBB021;"'2016-08-23 01:00'";8;42;10;5;1;good
DEBB021;"'2016-08-23 02:00'";8;38;11;5;1;good
DEBB021;"'2016-08-23 03:00'";9;35;11;7;1;good
DEBB021;"'2016-08-23 04:00'";13;29;12;11;1;good
DEBB021;"'2016-08-23 05:00'";13;28;8;11;1;good
DEBB021;"'2016-08-23 06:00'";14;21;12;12;1;good
DEBB021;"'2016-08-23 07:00'";14;19;16;11;1;good
DEBB021;"'2016-08-23 08:00'";15;20;20;11;1;good
DEBB021;"'2016-08-23 09:00'";17;33;14;12;1;good
DEBB021;"'2016-08-23 10:00'";18;44;10;12;1;good
DEBB021;"'2016-08-23 11:00'";19;41;15;13;1;good
DEBB021;"'2016-08-23 12:00'";18;43;12;12;1;good
DEBB021;"'2016-08-23 13:00'";19;46;9;13;1;good
DEBB021;"'2016-08-23 14:00'";20;50;8;15;1;good
DEBB021;"'2016-08-23 15:00'";14;54;8;10;1;good
DEBB021;"'2016-08-23 16:00'";12;59;8;9;1;good
DEBB021;"'2016-08-23 17:00'";14;60;9;10;1;good
DEBB021;"'2016-08-23 18:00'";14;64;7;10;1;good
DEBB021;"'2016-08-23 19:00'";13;63;7;8;1;good
DEBB021;"'2016-08-23 20:00'";12;56;8;8;1;good
DEBB021;"'2016-08-23 21:00'";12;33;22;9;1;good
DEBB021;"'2016-08-23 22:00'";13;7;43;10;1;moderate
DEBB021;"'2016-08-23 23:00'";14;11;31;11;1;moderate
DEBB021;"'2016-08-23 24:00'";15;4;31;13;1;moderate
DEBB021;"'2016-08-24 01:00'";17;2;30;13;1;good
DEBB021;"'2016-08-24 02:00'";15;2;33;13;1;moderate
DEBB021;"'2016-08-24 03:00'";14;2;35;12;1;moderate
DEBB021;"'2016-08-24 04:00'";13;2;28;11;1;good
DEBB021;"'2016-08-24 05:00'";15;2;26;13;1;good
DEBB021;"'2016-08-24 06:00'";16;2;26;14;1;good
DEBB021;"'2016-08-24 07:00'";21;3;26;19;1;moderate
DEBB021;"'2016-08-24 08:00'";24;3;28;21;1;moderate
DEBB021;"'2016-08-24 09:00'";25;14;31;20;1;moderate
DEBB021;"'2016-08-24 10:00'";20;42;17;16;1;moderate
DEBB021;"'2016-08-24 11:00'";15;60;10;11;1;good
DEBB021;"'2016-08-24 12:00'";12;70;7;8;1;good
DEBB021;"'2016-08-24 13:00'";12;77;6;8;1;moderate
DEBB021;"'2016-08-24 14:00'";11;82;5;7;1;moderate
DEBB021;"'2016-08-24 15:00'";9;84;6;6;1;moderate
DEBB021;"'2016-08-24 16:00'";11;92;6;6;1;moderate
DEBB021;"'2016-08-24 17:00'";11;97;6;6;1;moderate
DEBB021;"'2016-08-24 18:00'";11;96;6;6;1;moderate
DEBB021;"'2016-08-24 19:00'";10;87;6;5;1;moderate
DEBB021;"'2016-08-24 20:00'";11;85;10;6;1;moderate
DEBB021;"'2016-08-24 21:00'";15;68;21;9;1;good
DEBB021;"'2016-08-24 22:00'";13;52;22;8;1;good
DEBB021;"'2016-08-24 23:00'";11;53;17;7;1;good
DEBB021;"'2016-08-24 24:00'";11;48;18;8;1;good
DEBB021;"'2016-08-25 01:00'";11;46;17;8;1;good
DEBB021;"'2016-08-25 02:00'";10;43;15;8;1;good
DEBB021;"'2016-08-25 03:00'";11;42;14;9;1;good
DEBB021;"'2016-08-25 04:00'";11;41;13;9;1;good
DEBB021;"'2016-08-25 05:00'";13;36;15;11;1;good
DEBB021;"'2016-08-25 06:00'";14;33;18;12;1;good
DEBB021;"'2016-08-25 07:00'";15;19;31;13;1;moderate
DEBB021;"'2016-08-25 08:00'";16;25;30;13;1;good
DEBB021;"'2016-08-25 09:00'";17;32;27;13;1;good
DEBB021;"'2016-08-25 10:00'";19;48;18;11;1;good
DEBB021;"'2016-08-25 11:00'";23;67;13;11;2;good
DEBB021;"'2016-08-25 12:00'";23;84;12;12;1;moderate
DEBB021;"'2016-08-25 13:00'";19;100;8;10;2;moderate
DEBB021;"'2016-08-25 14:00'";18;102;8;8;1;moderate
DEBB021;"'2016-08-25 15:00'";13;101;7;6;1;moderate
DEBB021;"'2016-08-25 16:00'";17;103;12;6;2;moderate
DEBB021;"'2016-08-25 17:00'";15;111;10;6;4;moderate
DEBB021;"'2016-08-25 18:00'";14;115;8;6;4;moderate
DEBB021;"'2016-08-25 19:00'";17;120;10;8;5;moderate
DEBB021;"'2016-08-25 20:00'";19;108;11;8;4;moderate
DEBB021;"'2016-08-25 21:00'";20;93;16;10;3;moderate
DEBB021;"'2016-08-25 22:00'";20;91;16;11;5;moderate
DEBB021;"'2016-08-25 23:00'";18;92;12;11;4;moderate
DEBB021;"'2016-08-25 24:00'";19;95;9;11;3;moderate
DEBB021;"'2016-08-26 01:00'";19;93;8;11;4;moderate
DEBB021;"'2016-08-26 02:00'";20;89;11;12;4;moderate
DEBB021;"'2016-08-26 03:00'";22;82;15;13;5;moderate
DEBB021;"'2016-08-26 04:00'";23;76;13;15;5;moderate
DEBB021;"'2016-08-26 05:00'";24;64;15;17;4;moderate
DEBB021;"'2016-08-26 06:00'";24;52;26;18;3;moderate
DEBB021;"'2016-08-26 07:00'";27;42;32;19;2;moderate
DEBB021;"'2016-08-26 08:00'";30;36;34;21;2;moderate
DEBB021;"'2016-08-26 09:00'";27;49;25;18;3;moderate
DEBB021;"'2016-08-26 10:00'";30;63;19;15;1;moderate
DEBB021;"'2016-08-26 11:00'";29;82;15;12;4;moderate
DEBB021;"'2016-08-26 12:00'";21;98;13;9;5;moderate
DEBB021;"'2016-08-26 13:00'";20;109;11;8;4;moderate
DEBB021;"'2016-08-26 14:00'";18;115;13;7;2;moderate
DEBB021;"'2016-08-26 15:00'";16;119;11;6;1;moderate
DEBB021;"'2016-08-26 16:00'";15;121;9;5;1;moderate
DEBB021;"'2016-08-26 17:00'";13;112;14;4;1;moderate
DEBB021;"'2016-08-26 18:00'";16;123;7;4;1;moderate
DEBB021;"'2016-08-26 19:00'";15;118;12;4;1;moderate
DEBB021;"'2016-08-26 20:00'";28;78;32;7;1;moderate
DEBB021;"'2016-08-26 21:00'";21;40;69;9;1;poor
DEBB021;"'2016-08-26 22:00'";27;44;57;12;1;moderate
DEBB021;"'2016-08-26 23:00'";30;36;56;15;1;moderate
DEBB021;"'2016-08-26 24:00'";25;52;36;14;1;moderate
DEBB021;"'2016-08-27 01:00'";26;47;36;15;1;moderate
DEBB021;"'2016-08-27 02:00'";25;43;34;17;1;moderate
DEBB021;"'2016-08-27 03:00'";23;48;29;16;1;moderate
DEBB021;"'2016-08-27 04:00'";22;63;14;15;1;good
DEBB021;"'2016-08-27 05:00'";23;52;15;16;1;moderate
DEBB021;"'2016-08-27 06:00'";25;50;19;19;1;moderate
DEBB021;"'2016-08-27 07:00'";27;43;21;20;1;moderate
DEBB021;"'2016-08-27 08:00'";27;68;15;20;1;moderate
DEBB021;"'2016-08-27 09:00'";26;81;12;20;1;moderate
DEBB021;"'2016-08-27 10:00'";25;78;18;17;1;moderate
DEBB021;"'2016-08-27 11:00'";25;86;17;16;1;moderate
DEBB021;"'2016-08-27 12:00'";26;111;11;15;3;moderate
DEBB021;"'2016-08-27 13:00'";26;135;10;15;4;moderate
DEBB021;"'2016-08-27 14:00'";37;156;11;15;4;poor
DEBB021;"'2016-08-27 15:00'";25;172;12;13;3;poor
DEBB021;"'2016-08-27 16:00'";26;187;10;13;3;poor
DEBB021;"'2016-08-27 17:00'";25;190;9;12;3;poor
DEBB021;"'2016-08-27 18:00'";27;185;10;12;2;poor
DEBB021;"'2016-08-27 19:00'";29;170;17;13;1;poor
DEBB021;"'2016-08-27 20:00'";32;132;34;16;1;moderate
DEBB021;"'2016-08-27 21:00'";48;109;31;25;1;moderate
DEBB021;"'2016-08-27 22:00'";32;87;31;20;1;moderate
DEBB021;"'2016-08-27 23:00'";28;84;19;18;1;moderate
DEBB021;"'2016-08-27 24:00'";24;80;10;15;1;moderate
DEBB021;"'2016-08-28 01:00'";23;69;11;14;1;good
DEBB021;"'2016-08-28 02:00'";22;66;9;12;1;good
DEBB021;"'2016-08-28 03:00'";18;59;9;12;1;good
DEBB021;"'2016-08-28 04:00'";18;52;9;13;1;good
DEBB021;"'2016-08-28 05:00'";20;46;10;14;1;good
DEBB021;"'2016-08-28 06:00'";23;40;11;16;1;moderate
DEBB021;"'2016-08-28 07:00'";25;31;14;18;1;moderate
DEBB021;"'2016-08-28 08:00'";27;31;16;20;1;moderate
DEBB021;"'2016-08-28 09:00'";28;55;10;22;1;moderate
DEBB021;"'2016-08-28 10:00'";30;71;8;22;1;moderate
DEBB021;"'2016-08-28 11:00'";27;88;8;18;1;moderate
DEBB021;"'2016-08-28 12:00'";26;106;8;15;3;moderate
DEBB021;"'2016-08-28 13:00'";23;120;11;12;3;moderate
DEBB021;"'2016-08-28 14:00'";23;124;15;11;3;moderate
DEBB021;"'2016-08-28 15:00'";23;123;24;9;1;moderate
DEBB021;"'2016-08-28 16:00'";17;146;8;8;1;poor
DEBB021;"'2016-08-28 17:00'";18;129;13;8;1;moderate
DEBB021;"'2016-08-28 18:00'";22;100;32;10;1;moderate
DEBB021;"'2016-08-28 19:00'";27;104;24;11;1;moderate
DEBB021;"'2016-08-28 20:00'";25;100;22;12;1;moderate
DEBB021;"'2016-08-28 21:00'";25;84;27;14;1;moderate
DEBB021;"'2016-08-28 22:00'";29;105;10;13;1;moderate
DEBB021;"'2016-08-28 23:00'";29;102;5;14;1;moderate
DEBB021;"'2016-08-28 24:00'";22;63;9;15;1;good
DEBB021;"'2016-08-29 01:00'";22;47;11;15;1;good
DEBB021;"'2016-08-29 02:00'";16;78;4;12;1;moderate
DEBB021;"'2016-08-29 03:00'";12;79;2;9;1;moderate
DEBB021;"'2016-08-29 04:00'";12;69;2;9;1;good
DEBB021;"'2016-08-29 05:00'";11;66;3;8;1;good
DEBB021;"'2016-08-29 06:00'";12;57;9;9;1;good
DEBB021;"'2016-08-29 07:00'";11;53;13;7;1;good
DEBB021;"'2016-08-29 08:00'";15;39;23;7;1;good
DEBB021;"'2016-08-29 09:00'";20;49;15;7;1;good
DEBB021;"'2016-08-29 10:00'";12;55;8;6;1;good
DEBB021;"'2016-08-29 11:00'";11;56;8;6;1;good
DEBB021;"'2016-08-29 12:00'";16;54;9;8;1;good
DEBB021;"'2016-08-29 13:00'";15;55;10;8;1;good
DEBB021;"'2016-08-29 14:00'";18;68;6;11;1;good
DEBB021;"'2016-08-29 15:00'";20;82;6;10;1;moderate
DEBB021;"'2016-08-29 16:00'";11;72;8;8;1;good
DEBB021;"'2016-08-29 17:00'";8;76;7;4;1;moderate
DEBB021;"'2016-08-29 18:00'";7;76;7;3;1;moderate
DEBB021;"'2016-08-29 19:00'";5;72;7;3;1;good
DEBB021;"'2016-08-29 20:00'";7;67;9;4;1;good
DEBB021;"'2016-08-29 21:00'";6;64;9;4;1;good
DEBB021;"'2016-08-29 22:00'";5;62;7;3;1;good
DEBB021;"'2016-08-29 23:00'";5;64;5;3;1;good
DEBB021;"'2016-08-29 24:00'";7;62;5;3;1;good
DEBB021;"'2016-08-30 01:00'";7;58;4;4;1;good
DEBB021;"'2016-08-30 02:00'";7;54;4;4;1;good
DEBB021;"'2016-08-30 03:00'";7;52;4;4;1;good
DEBB021;"'2016-08-30 04:00'";6;48;5;4;1;good
DEBB021;"'2016-08-30 05:00'";6;46;6;5;1;good
DEBB021;"'2016-08-30 06:00'";7;40;9;5;1;good
DEBB021;"'2016-08-30 07:00'";8;30;15;6;1;good
DEBB021;"'2016-08-30 08:00'";12;27;20;8;1;good
DEBB021;"'2016-08-30 09:00'";9;39;13;6;1;good
DEBB021;"'2016-08-30 10:00'";11;55;6;6;1;good
DEBB021;"'2016-08-30 11:00'";12;63;6;6;1;good
DEBB021;"'2016-08-30 12:00'";11;68;3;5;1;good
DEBB021;"'2016-08-30 13:00'";15;70;3;5;1;good
DEBB021;"'2016-08-30 14:00'";10;71;5;4;1;good
DEBB021;"'2016-08-30 15:00'";13;74;3;4;1;moderate
DEBB021;"'2016-08-30 16:00'";9;78;4;4;1;moderate
DEBB021;"'2016-08-30 17:00'";9;78;6;4;1;moderate
DEBB021;"'2016-08-30 18:00'";10;80;5;4;1;moderate
DEBB021;"'2016-08-30 19:00'";8;79;6;4;1;moderate
DEBB021;"'2016-08-30 20:00'";11;72;9;4;1;good
DEBB021;"'2016-08-30 21:00'";25;44;27;9;1;good
DEBB021;"'2016-08-30 22:00'";18;40;23;10;1;good
DEBB021;"'2016-08-30 23:00'";12;17;42;8;1;moderate
DEBB021;"'2016-08-30 24:00'";10;2;53;8;1;moderate
DEBB021;"'2016-08-31 01:00'";11;2;49;9;1;moderate
DEBB021;"'2016-08-31 02:00'";11;4;37;9;1;moderate
DEBB021;"'2016-08-31 03:00'";11;2;35;8;1;moderate
DEBB021;"'2016-08-31 04:00'";11;2;32;8;1;moderate
DEBB021;"'2016-08-31 05:00'";9;2;30;7;1;good
DEBB021;"'2016-08-31 06:00'";9;2;34;7;1;moderate
DEBB021;"'2016-08-31 07:00'";10;2;45;7;1;moderate
DEBB021;"'2016-08-31 08:00'";14;2;53;10;1;moderate
DEBB021;"'2016-08-31 09:00'";17;4;55;10;1;moderate
DEBB021;"'2016-08-31 10:00'";32;17;48;9;1;moderate
DEBB021;"'2016-08-31 11:00'";32;50;31;8;1;moderate
DEBB021;"'2016-08-31 12:00'";33;66;28;7;1;moderate
DEBB021;"'2016-08-31 13:00'";30;71;8;7;1;moderate
DEBB021;"'2016-08-31 14:00'";23;75;24;7;1;moderate
DEBB021;"'2016-08-31 15:00'";33;78;21;6;1;moderate
DEBB021;"'2016-08-31 16:00'";36;81;16;6;1;moderate
DEBB021;"'2016-08-31 17:00'";24;92;7;6;1;moderate
DEBB021;"'2016-08-31 18:00'";21;91;8;5;1;moderate
DEBB021;"'2016-08-31 19:00'";51;95;10;7;2;moderate
DEBB021;"'2016-08-31 20:00'";359;84;16;23;1;"very poor"
DEBB021;"'2016-08-31 21:00'";705;58;34;46;1;"very poor"
DEBB021;"'2016-08-31 22:00'";58;41;48;12;2;poor
DEBB021;"'2016-08-31 23:00'";25;24;62;12;2;poor
DEBB021;"'2016-08-31 24:00'";23;27;53;13;3;moderate
DEBB021;"'2016-09-01 01:00'";20;28;43;13;1;moderate
DEBB021;"'2016-09-01 02:00'";17;21;45;11;1;moderate
DEBB021;"'2016-09-01 03:00'";14;19;44;10;1;moderate
DEBB021;"'2016-09-01 04:00'";15;21;41;11;1;moderate
DEBB021;"'2016-09-01 05:00'";16;16;39;12;1;moderate
DEBB021;"'2016-09-01 06:00'";16;7;45;11;1;moderate
DEBB021;"'2016-09-01 07:00'";18;2;58;12;1;moderate
DEBB021;"'2016-09-01 08:00'";27;25;41;12;1;moderate
DEBB021;"'2016-09-01 09:00'";44;39;30;12;1;moderate
DEBB021;"'2016-09-01 10:00'";45;46;28;11;1;moderate
DEBB021;"'2016-09-01 11:00'";27;79;15;9;1;moderate
DEBB021;"'2016-09-01 12:00'";29;105;8;12;1;moderate
DEBB021;"'2016-09-01 13:00'";27;117;6;13;1;moderate
DEBB021;"'2016-09-01 14:00'";25;121;5;12;1;moderate
DEBB021;"'2016-09-01 15:00'";26;123;5;12;1;moderate
DEBB021;"'2016-09-01 16:00'";27;124;7;14;1;moderate
DEBB021;"'2016-09-01 17:00'";29;123;8;17;1;moderate
DEBB021;"'2016-09-01 18:00'";28;121;7;16;1;moderate
DEBB021;"'2016-09-01 19:00'";29;117;11;16;1;moderate
DEBB021;"'2016-09-01 20:00'";43;98;23;18;1;moderate
DEBB021;"'2016-09-01 21:00'";49;82;26;19;1;moderate
DEBB021;"'2016-09-01 22:00'";36;52;41;18;1;moderate
DEBB021;"'2016-09-01 23:00'";38;35;47;20;1;moderate
DEBB021;"'2016-09-01 24:00'";19;67;13;11;1;good
DEBB021;"'2016-09-02 01:00'";19;57;13;11;1;good
DEBB021;"'2016-09-02 02:00'";15;55;10;9;1;good
DEBB021;"'2016-09-02 03:00'";12;53;8;8;1;good
DEBB021;"'2016-09-02 04:00'";10;45;10;8;1;good
DEBB021;"'2016-09-02 05:00'";9;42;11;7;1;good
DEBB021;"'2016-09-02 06:00'";8;43;12;6;1;good
DEBB021;"'2016-09-02 07:00'";10;26;28;7;1;good
DEBB021;"'2016-09-02 08:00'";11;28;28;8;1;good
DEBB021;"'2016-09-02 09:00'";17;45;17;8;5;good
DEBB021;"'2016-09-02 10:00'";20;50;14;9;4;good
DEBB021;"'2016-09-02 11:00'";20;51;18;8;2;good
DEBB021;"'2016-09-02 12:00'";32;53;25;10;1;moderate
DEBB021;"'2016-09-02 13:00'";24;71;14;9;1;good
DEBB021;"'2016-09-02 14:00'";22;83;7;10;1;moderate
DEBB021;"'2016-09-02 15:00'";21;86;7;9;1;moderate
DEBB021;"'2016-09-02 16:00'";24;92;6;8;1;moderate
DEBB021;"'2016-09-02 17:00'";21;100;6;8;1;moderate
DEBB021;"'2016-09-02 18:00'";21;104;8;8;1;moderate
DEBB021;"'2016-09-02 19:00'";22;103;9;8;1;moderate
DEBB021;"'2016-09-02 20:00'";25;91;17;10;1;moderate
DEBB021;"'2016-09-02 21:00'";45;53;39;14;1;moderate
DEBB021;"'2016-09-02 22:00'";37;26;61;19;1;poor
DEBB021;"'2016-09-02 23:00'";42;18;64;26;1;poor
DEBB021;"'2016-09-02 24:00'";38;18;59;26;1;moderate
DEBB021;"'2016-09-03 01:00'";46;3;68;28;1;poor
DEBB021;"'2016-09-03 02:00'";38;5;63;27;1;poor
DEBB021;"'2016-09-03 03:00'";30;10;61;20;1;poor
DEBB021;"'2016-09-03 04:00'";27;18;57;18;1;moderate
DEBB021;"'2016-09-03 05:00'";25;53;18;16;1;moderate
DEBB021;"'2016-09-03 06:00'";24;49;19;16;1;moderate
DEBB021;"'2016-09-03 07:00'";23;43;22;15;1;good
DEBB021;"'2016-09-03 08:00'";25;40;25;15;1;good
DEBB021;"'2016-09-03 09:00'";30;48;14;16;1;moderate
DEBB021;"'2016-09-03 10:00'";26;53;11;15;1;good
DEBB021;"'2016-09-03 11:00'";28;61;10;17;1;moderate
DEBB021;"'2016-09-03 12:00'";30;69;9;14;1;moderate
DEBB021;"'2016-09-03 13:00'";23;74;8;12;1;moderate
DEBB021;"'2016-09-03 14:00'";18;78;8;8;1;moderate
DEBB021;"'2016-09-03 15:00'";14;88;6;5;1;moderate
DEBB021;"'2016-09-03 16:00'";15;92;6;4;1;moderate
DEBB021;"'2016-09-03 17:00'";14;92;8;5;1;moderate
DEBB021;"'2016-09-03 18:00'";15;94;6;5;1;moderate
DEBB021;"'2016-09-03 19:00'";13;82;8;5;1;moderate
DEBB021;"'2016-09-03 20:00'";18;75;10;8;1;moderate
DEBB021;"'2016-09-03 21:00'";32;63;15;10;1;moderate
DEBB021;"'2016-09-03 22:00'";19;59;13;10;1;good
DEBB021;"'2016-09-03 23:00'";48;50;14;13;1;moderate
DEBB021;"'2016-09-03 24:00'";26;37;22;14;1;good
DEBB021;"'2016-09-04 01:00'";25;22;30;19;1;moderate
DEBB021;"'2016-09-04 02:00'";21;23;26;17;1;moderate
DEBB021;"'2016-09-04 03:00'";19;18;27;16;1;moderate
DEBB021;"'2016-09-04 04:00'";22;10;36;19;1;moderate
DEBB021;"'2016-09-04 05:00'";22;16;34;19;1;moderate
DEBB021;"'2016-09-04 06:00'";19;25;22;16;1;moderate
DEBB021;"'2016-09-04 07:00'";21;13;31;18;1;moderate
DEBB021;"'2016-09-04 08:00'";21;28;22;18;1;moderate
DEBB021;"'2016-09-04 09:00'";21;40;13;15;1;good
DEBB021;"'2016-09-04 10:00'";21;54;10;11;1;good
DEBB021;"'2016-09-04 11:00'";19;63;10;9;1;good
DEBB021;"'2016-09-04 12:00'";13;62;9;8;1;good
DEBB021;"'2016-09-04 13:00'";12;55;13;9;1;good
DEBB021;"'2016-09-04 14:00'";11;55;12;9;1;good
DEBB021;"'2016-09-04 15:00'";11;59;11;9;1;good
DEBB021;"'2016-09-04 16:00'";10;65;8;8;1;good
DEBB021;"'2016-09-04 17:00'";8;71;7;5;1;good
DEBB021;"'2016-09-04 18:00'";7;70;10;5;1;good
DEBB021;"'2016-09-04 19:00'";2;67;7;1;1;good
DEBB021;"'2016-09-04 20:00'";2;60;7;1;1;good
DEBB021;"'2016-09-04 21:00'";3;47;13;2;1;good
DEBB021;"'2016-09-04 22:00'";3;45;12;3;1;good
DEBB021;"'2016-09-04 23:00'";5;56;6;3;1;good
DEBB021;"'2016-09-04 24:00'";7;59;2;5;1;good
DEBB021;"'2016-09-05 01:00'";6;59;2;5;1;good
DEBB021;"'2016-09-05 02:00'";6;52;3;5;1;good
DEBB021;"'2016-09-05 03:00'";5;51;3;4;1;good
DEBB021;"'2016-09-05 04:00'";8;43;7;6;1;good
DEBB021;"'2016-09-05 05:00'";7;37;9;6;1;good
DEBB021;"'2016-09-05 06:00'";5;41;7;5;1;good
DEBB021;"'2016-09-05 07:00'";6;39;9;5;1;good
DEBB021;"'2016-09-05 08:00'";6;34;12;5;1;good
DEBB021;"'2016-09-05 09:00'";7;29;17;6;1;good
DEBB021;"'2016-09-05 10:00'";7;34;12;6;1;good
DEBB021;"'2016-09-05 11:00'";5;40;8;4;1;good
DEBB021;"'2016-09-05 12:00'";7;43;8;6;1;good
DEBB021;"'2016-09-05 13:00'";8;50;7;6;1;good
DEBB021;"'2016-09-05 14:00'";7;55;5;6;1;good
DEBB021;"'2016-09-05 15:00'";5;66;5;4;1;good
DEBB021;"'2016-09-05 16:00'";4;68;7;3;1;good
DEBB021;"'2016-09-05 17:00'";4;71;7;3;1;good
DEBB021;"'2016-09-05 18:00'";4;67;8;3;1;good
DEBB021;"'2016-09-05 19:00'";5;68;7;3;1;good
DEBB021;"'2016-09-05 20:00'";5;64;7;4;1;good
DEBB021;"'2016-09-05 21:00'";7;57;7;6;1;good
DEBB021;"'2016-09-05 22:00'";9;49;7;8;1;good
DEBB021;"'2016-09-05 23:00'";9;43;7;7;1;good
DEBB021;"'2016-09-05 24:00'";7;41;6;6;1;good
DEBB021;"'2016-09-06 01:00'";6;35;9;5;1;good
DEBB021;"'2016-09-06 02:00'";5;37;6;4;1;good
DEBB021;"'2016-09-06 03:00'";5;31;7;4;1;good
DEBB021;"'2016-09-06 04:00'";5;25;9;4;1;good
DEBB021;"'2016-09-06 05:00'";5;19;11;4;1;good
DEBB021;"'2016-09-06 06:00'";5;21;8;4;1;"very good"
DEBB021;"'2016-09-06 07:00'";6;15;14;5;1;good
DEBB021;"'2016-09-06 08:00'";7;13;22;5;1;good
DEBB021;"'2016-09-06 09:00'";5;30;20;4;1;good
DEBB021;"'2016-09-06 10:00'";6;33;24;3;1;good
DEBB021;"'2016-09-06 11:00'";8;41;22;3;1;good
DEBB021;"'2016-09-06 12:00'";9;49;16;4;1;good
DEBB021;"'2016-09-06 13:00'";7;55;14;4;1;good
DEBB021;"'2016-09-06 14:00'";11;61;12;4;1;good
DEBB021;"'2016-09-06 15:00'";15;69;10;4;1;good
DEBB021;"'2016-09-06 16:00'";15;77;8;4;1;moderate
DEBB021;"'2016-09-06 17:00'";10;79;8;3;1;moderate
DEBB021;"'2016-09-06 18:00'";8;78;9;3;1;moderate
DEBB021;"'2016-09-06 19:00'";9;75;10;3;1;moderate
DEBB021;"'2016-09-06 20:00'";11;63;16;4;1;good
DEBB021;"'2016-09-06 21:00'";11;37;32;5;1;moderate
DEBB021;"'2016-09-06 22:00'";10;7;58;7;1;moderate
DEBB021;"'2016-09-06 23:00'";8;28;35;6;1;moderate
DEBB021;"'2016-09-06 24:00'";9;17;38;7;1;moderate
DEBB021;"'2016-09-07 01:00'";10;4;47;8;1;moderate
DEBB021;"'2016-09-07 02:00'";9;2;45;7;1;moderate
DEBB021;"'2016-09-07 03:00'";7;2;43;6;1;moderate
DEBB021;"'2016-09-07 04:00'";7;2;37;6;1;moderate
DEBB021;"'2016-09-07 05:00'";8;2;33;7;1;moderate
DEBB021;"'2016-09-07 06:00'";9;2;36;8;1;moderate
DEBB021;"'2016-09-07 07:00'";14;2;36;13;1;moderate
DEBB021;"'2016-09-07 08:00'";19;2;43;14;1;moderate
DEBB021;"'2016-09-07 09:00'";19;4;51;13;1;moderate
DEBB021;"'2016-09-07 10:00'";25;19;40;14;1;moderate
DEBB021;"'2016-09-07 11:00'";31;31;32;14;1;moderate
DEBB021;"'2016-09-07 12:00'";38;54;15;12;1;moderate
DEBB021;"'2016-09-07 13:00'";33;66;11;11;2;moderate
DEBB021;"'2016-09-07 14:00'";29;84;7;9;2;moderate
DEBB021;"'2016-09-07 15:00'";40;90;7;10;1;moderate
DEBB021;"'2016-09-07 16:00'";19;98;7;10;1;moderate
DEBB021;"'2016-09-07 17:00'";23;100;13;13;1;moderate
DEBB021;"'2016-09-07 18:00'";22;105;8;13;1;moderate
DEBB021;"'2016-09-07 19:00'";22;102;11;14;3;moderate
DEBB021;"'2016-09-07 20:00'";24;88;17;16;3;moderate
DEBB021;"'2016-09-07 21:00'";24;48;45;17;1;moderate
DEBB021;"'2016-09-07 22:00'";25;37;42;19;1;moderate
DEBB021;"'2016-09-07 23:00'";23;33;36;19;1;moderate
DEBB021;"'2016-09-07 24:00'";23;33;28;19;1;moderate
DEBB021;"'2016-09-08 01:00'";22;39;31;18;1;moderate
DEBB021;"'2016-09-08 02:00'";21;41;29;18;1;moderate
DEBB021;"'2016-09-08 03:00'";21;49;18;18;1;moderate
DEBB021;"'2016-09-08 04:00'";22;42;18;19;1;moderate
DEBB021;"'2016-09-08 05:00'";23;34;20;20;1;moderate
DEBB021;"'2016-09-08 06:00'";25;23;30;21;1;moderate
DEBB021;"'2016-09-08 07:00'";28;10;42;23;1;moderate
DEBB021;"'2016-09-08 08:00'";34;7;47;25;1;moderate
DEBB021;"'2016-09-08 09:00'";40;11;46;28;1;moderate
DEBB021;"'2016-09-08 10:00'";43;33;30;27;1;moderate
DEBB021;"'2016-09-08 11:00'";52;67;14;25;1;moderate
DEBB021;"'2016-09-08 12:00'";63;87;9;22;1;poor
DEBB021;"'2016-09-08 13:00'";47;98;11;19;1;moderate
DEBB021;"'2016-09-08 14:00'";58;105;9;15;1;poor
DEBB021;"'2016-09-08 15:00'";64;107;11;16;1;poor
DEBB021;"'2016-09-08 16:00'";58;110;9;16;1;poor
DEBB021;"'2016-09-08 17:00'";31;109;12;13;1;moderate
DEBB021;"'2016-09-08 18:00'";29;114;11;14;1;moderate
DEBB021;"'2016-09-08 19:00'";32;115;13;16;1;moderate
DEBB021;"'2016-09-08 20:00'";46;94;22;21;1;moderate
DEBB021;"'2016-09-08 21:00'";52;64;40;24;1;moderate
DEBB021;"'2016-09-08 22:00'";40;28;77;26;1;poor
DEBB021;"'2016-09-08 23:00'";36;22;69;25;1;poor
DEBB021;"'2016-09-08 24:00'";34;33;53;25;1;moderate
DEBB021;"'2016-09-09 01:00'";34;43;42;26;1;moderate
DEBB021;"'2016-09-09 02:00'";33;42;34;27;1;moderate
DEBB021;"'2016-09-09 03:00'";33;32;38;27;1;moderate
DEBB021;"'2016-09-09 04:00'";32;39;21;27;1;moderate
DEBB021;"'2016-09-09 05:00'";32;44;22;26;1;moderate
DEBB021;"'2016-09-09 06:00'";32;48;26;26;1;moderate
DEBB021;"'2016-09-09 07:00'";35;43;35;28;1;moderate
DEBB021;"'2016-09-09 08:00'";36;50;32;28;1;moderate
DEBB021;"'2016-09-09 09:00'";37;63;27;28;1;moderate
DEBB021;"'2016-09-09 10:00'";32;-;12;25;1;moderate
DEBB021;"'2016-09-09 11:00'";-;-;-;-;-;-;
DEBB021;"'2016-09-09 12:00'";28;122;8;20;1;moderate
DEBB021;"'2016-09-09 13:00'";25;132;8;17;1;moderate
DEBB021;"'2016-09-09 14:00'";27;132;9;19;1;moderate
DEBB021;"'2016-09-09 15:00'";27;133;9;18;1;moderate
DEBB021;"'2016-09-09 16:00'";27;125;8;17;1;moderate
DEBB021;"'2016-09-09 17:00'";22;117;10;14;1;moderate
DEBB021;"'2016-09-09 18:00'";21;115;6;13;1;moderate
DEBB021;"'2016-09-09 19:00'";24;109;9;15;1;moderate
DEBB021;"'2016-09-09 20:00'";42;88;17;17;1;moderate
DEBB021;"'2016-09-09 21:00'";40;52;38;19;1;moderate
DEBB021;"'2016-09-09 22:00'";58;33;50;26;1;poor
DEBB021;"'2016-09-09 23:00'";39;21;53;28;1;moderate
DEBB021;"'2016-09-09 24:00'";28;41;27;22;1;moderate
DEBB021;"'2016-09-10 01:00'";24;53;14;18;1;moderate
DEBB021;"'2016-09-10 02:00'";25;38;17;20;1;moderate
DEBB021;"'2016-09-10 03:00'";26;31;17;21;1;moderate
DEBB021;"'2016-09-10 04:00'";25;21;17;21;1;moderate
DEBB021;"'2016-09-10 05:00'";26;18;18;22;1;moderate
DEBB021;"'2016-09-10 06:00'";27;13;18;23;1;moderate
DEBB021;"'2016-09-10 07:00'";27;7;22;23;1;moderate
DEBB021;"'2016-09-10 08:00'";31;8;34;25;1;moderate
DEBB021;"'2016-09-10 09:00'";40;27;29;31;1;poor
DEBB021;"'2016-09-10 10:00'";45;47;26;34;1;poor
DEBB021;"'2016-09-10 11:00'";47;70;16;25;1;moderate
DEBB021;"'2016-09-10 12:00'";32;85;11;18;1;moderate
DEBB021;"'2016-09-10 13:00'";31;99;8;14;1;moderate
DEBB021;"'2016-09-10 14:00'";44;111;11;15;1;moderate
DEBB021;"'2016-09-10 15:00'";35;122;8;15;1;moderate
DEBB021;"'2016-09-10 16:00'";38;126;7;17;1;moderate
DEBB021;"'2016-09-10 17:00'";34;131;7;17;1;moderate
DEBB021;"'2016-09-10 18:00'";34;131;7;16;1;moderate
DEBB021;"'2016-09-10 19:00'";37;121;9;17;1;moderate
DEBB021;"'2016-09-10 20:00'";32;105;21;18;1;moderate
DEBB021;"'2016-09-10 21:00'";30;95;15;18;1;moderate
DEBB021;"'2016-09-10 22:00'";34;80;19;20;1;moderate
DEBB021;"'2016-09-10 23:00'";36;71;19;22;1;moderate
DEBB021;"'2016-09-10 24:00'";27;72;16;20;1;moderate
DEBB021;"'2016-09-11 01:00'";23;72;14;18;1;moderate
DEBB021;"'2016-09-11 02:00'";24;66;15;17;1;moderate
DEBB021;"'2016-09-11 03:00'";22;62;14;16;1;moderate
DEBB021;"'2016-09-11 04:00'";21;60;12;17;1;moderate
DEBB021;"'2016-09-11 05:00'";21;58;11;17;1;moderate
DEBB021;"'2016-09-11 06:00'";22;54;12;17;1;moderate
DEBB021;"'2016-09-11 07:00'";23;43;16;18;1;moderate
DEBB021;"'2016-09-11 08:00'";25;40;17;19;1;moderate
DEBB021;"'2016-09-11 09:00'";28;43;20;21;1;moderate
DEBB021;"'2016-09-11 10:00'";33;58;16;24;1;moderate
DEBB021;"'2016-09-11 11:00'";33;91;8;23;1;moderate
DEBB021;"'2016-09-11 12:00'";33;105;11;22;1;moderate
DEBB021;"'2016-09-11 13:00'";39;117;7;22;1;moderate
DEBB021;"'2016-09-11 14:00'";33;131;6;20;1;moderate
DEBB021;"'2016-09-11 15:00'";30;143;4;18;1;moderate
DEBB021;"'2016-09-11 16:00'";29;147;5;18;1;poor
DEBB021;"'2016-09-11 17:00'";31;148;5;18;1;poor
DEBB021;"'2016-09-11 18:00'";27;146;7;16;1;poor
DEBB021;"'2016-09-11 19:00'";28;135;9;14;1;moderate
DEBB021;"'2016-09-11 20:00'";28;124;12;14;1;moderate
DEBB021;"'2016-09-11 21:00'";26;116;10;15;1;moderate
DEBB021;"'2016-09-11 22:00'";24;115;6;15;1;moderate
DEBB021;"'2016-09-11 23:00'";24;106;7;15;1;moderate
DEBB021;"'2016-09-11 24:00'";26;102;10;18;1;moderate
DEBB021;"'2016-09-12 01:00'";24;107;7;15;1;moderate
DEBB021;"'2016-09-12 02:00'";20;106;7;12;2;moderate
DEBB021;"'2016-09-12 03:00'";20;100;7;11;2;moderate
DEBB021;"'2016-09-12 04:00'";20;98;8;11;2;moderate
DEBB021;"'2016-09-12 05:00'";16;83;10;10;1;moderate
DEBB021;"'2016-09-12 06:00'";16;62;20;12;1;good
DEBB021;"'2016-09-12 07:00'";19;40;44;13;1;moderate
DEBB021;"'2016-09-12 08:00'";23;34;54;15;1;moderate
DEBB021;"'2016-09-12 09:00'";39;40;49;18;1;moderate
DEBB021;"'2016-09-12 10:00'";43;47;40;21;1;moderate
DEBB021;"'2016-09-12 11:00'";53;55;37;23;1;moderate
DEBB021;"'2016-09-12 12:00'";54;68;36;21;1;moderate
DEBB021;"'2016-09-12 13:00'";52;96;28;18;1;moderate
DEBB021;"'2016-09-12 14:00'";57;116;22;17;1;poor
DEBB021;"'2016-09-12 15:00'";32;132;15;14;1;moderate
DEBB021;"'2016-09-12 16:00'";58;138;9;16;1;poor
DEBB021;"'2016-09-12 17:00'";38;144;10;16;2;moderate
DEBB021;"'2016-09-12 18:00'";36;134;11;15;2;moderate
DEBB021;"'2016-09-12 19:00'";37;116;20;16;1;moderate
DEBB021;"'2016-09-12 20:00'";48;93;35;21;1;moderate
DEBB021;"'2016-09-12 21:00'";46;86;31;25;1;moderate
DEBB021;"'2016-09-12 22:00'";40;81;28;26;1;moderate
DEBB021;"'2016-09-12 23:00'";41;62;27;28;1;moderate
DEBB021;"'2016-09-12 24:00'";39;45;39;28;1;moderate
DEBB021;"'2016-09-13 01:00'";40;61;27;29;1;moderate
DEBB021;"'2016-09-13 02:00'";38;73;22;30;1;moderate
DEBB021;"'2016-09-13 03:00'";38;70;20;31;1;poor
DEBB021;"'2016-09-13 04:00'";37;71;17;31;1;poor
DEBB021;"'2016-09-13 05:00'";40;63;16;33;1;poor
DEBB021;"'2016-09-13 06:00'";40;56;22;34;1;poor
DEBB021;"'2016-09-13 07:00'";45;43;37;35;1;poor
DEBB021;"'2016-09-13 08:00'";62;30;56;42;1;poor
DEBB021;"'2016-09-13 09:00'";97;42;49;40;1;"very poor"
DEBB021;"'2016-09-13 10:00'";75;55;44;35;4;poor
DEBB021;"'2016-09-13 11:00'";73;80;33;28;3;poor
DEBB021;"'2016-09-13 12:00'";89;94;30;24;5;poor
DEBB021;"'2016-09-13 13:00'";65;124;12;20;5;poor
DEBB021;"'2016-09-13 14:00'";140;129;9;25;4;"very poor"
DEBB021;"'2016-09-13 15:00'";73;126;10;18;3;poor
DEBB021;"'2016-09-13 16:00'";69;128;9;18;2;poor
DEBB021;"'2016-09-13 17:00'";47;125;10;16;1;moderate
DEBB021;"'2016-09-13 18:00'";43;126;8;15;1;moderate
DEBB021;"'2016-09-13 19:00'";40;116;12;15;1;moderate
DEBB021;"'2016-09-13 20:00'";40;101;22;17;1;moderate
DEBB021;"'2016-09-13 21:00'";47;86;26;21;1;moderate
DEBB021;"'2016-09-13 22:00'";42;79;32;25;1;moderate
DEBB021;"'2016-09-13 23:00'";43;89;22;27;1;moderate
DEBB021;"'2016-09-13 24:00'";41;95;14;28;1;moderate
DEBB021;"'2016-09-14 01:00'";41;96;12;28;1;moderate
DEBB021;"'2016-09-14 02:00'";39;98;9;27;1;moderate
DEBB021;"'2016-09-14 03:00'";40;93;10;28;1;moderate
DEBB021;"'2016-09-14 04:00'";40;87;10;29;1;moderate
DEBB021;"'2016-09-14 05:00'";41;86;9;29;1;moderate
DEBB021;"'2016-09-14 06:00'";43;78;12;31;1;poor
DEBB021;"'2016-09-14 07:00'";46;64;22;34;1;poor
DEBB021;"'2016-09-14 08:00'";54;47;35;37;1;poor
DEBB021;"'2016-09-14 09:00'";58;51;31;37;1;poor
DEBB021;"'2016-09-14 10:00'";80;63;26;37;1;poor
DEBB021;"'2016-09-14 11:00'";58;77;20;30;1;poor
DEBB021;"'2016-09-14 12:00'";56;91;18;27;1;poor
DEBB021;"'2016-09-14 13:00'";58;111;12;25;1;poor
DEBB021;"'2016-09-14 14:00'";76;124;9;22;1;poor
DEBB021;"'2016-09-14 15:00'";58;122;11;19;1;poor
DEBB021;"'2016-09-14 16:00'";62;121;10;18;1;poor
DEBB021;"'2016-09-14 17:00'";43;121;7;16;1;moderate
DEBB021;"'2016-09-14 18:00'";39;117;8;13;1;moderate
DEBB021;"'2016-09-14 19:00'";43;108;10;13;1;moderate
DEBB021;"'2016-09-14 20:00'";53;95;15;14;1;moderate
DEBB021;"'2016-09-14 21:00'";24;76;20;10;1;moderate
DEBB021;"'2016-09-14 22:00'";17;68;15;7;1;good
DEBB021;"'2016-09-14 23:00'";18;62;15;7;1;good
DEBB021;"'2016-09-14 24:00'";16;64;12;7;1;good
DEBB021;"'2016-09-15 01:00'";15;63;10;7;1;good
DEBB021;"'2016-09-15 02:00'";15;64;8;7;1;good
DEBB021;"'2016-09-15 03:00'";15;64;8;8;1;good
DEBB021;"'2016-09-15 04:00'";16;63;8;8;1;good
DEBB021;"'2016-09-15 05:00'";18;59;8;9;1;good
DEBB021;"'2016-09-15 06:00'";18;55;11;10;1;good
DEBB021;"'2016-09-15 07:00'";20;52;14;11;1;good
DEBB021;"'2016-09-15 08:00'";33;43;26;12;3;moderate
DEBB021;"'2016-09-15 09:00'";65;39;31;14;1;poor
DEBB021;"'2016-09-15 10:00'";136;52;23;20;1;"very poor"
DEBB021;"'2016-09-15 11:00'";79;65;18;13;1;poor
DEBB021;"'2016-09-15 12:00'";86;79;11;13;1;poor
DEBB021;"'2016-09-15 13:00'";39;91;6;9;1;moderate
DEBB021;"'2016-09-15 14:00'";44;98;6;9;1;moderate
DEBB021;"'2016-09-15 15:00'";43;104;9;9;1;moderate
DEBB021;"'2016-09-15 16:00'";40;102;7;8;1;moderate
DEBB021;"'2016-09-15 17:00'";44;101;8;9;1;moderate
DEBB021;"'2016-09-15 18:00'";31;103;8;7;1;moderate
DEBB021;"'2016-09-15 19:00'";31;105;8;7;1;moderate
DEBB021;"'2016-09-15 20:00'";32;99;14;8;1;moderate
DEBB021;"'2016-09-15 21:00'";30;95;15;8;1;moderate
DEBB021;"'2016-09-15 22:00'";29;83;19;10;1;moderate
DEBB021;"'2016-09-15 23:00'";30;76;21;10;1;moderate
DEBB021;"'2016-09-15 24:00'";25;79;17;10;1;moderate
DEBB021;"'2016-09-16 01:00'";26;81;14;11;1;moderate
DEBB021;"'2016-09-16 02:00'";27;83;11;11;1;moderate
DEBB021;"'2016-09-16 03:00'";27;75;11;12;1;moderate
DEBB021;"'2016-09-16 04:00'";26;70;11;12;1;good
DEBB021;"'2016-09-16 05:00'";25;64;13;12;1;good
DEBB021;"'2016-09-16 06:00'";25;57;17;13;1;good
DEBB021;"'2016-09-16 07:00'";39;42;34;14;1;moderate
DEBB021;"'2016-09-16 08:00'";44;30;43;16;1;moderate
DEBB021;"'2016-09-16 09:00'";48;31;42;17;3;moderate
DEBB021;"'2016-09-16 10:00'";61;36;43;18;3;poor
DEBB021;"'2016-09-16 11:00'";59;50;36;18;3;poor
DEBB021;"'2016-09-16 12:00'";54;60;37;17;3;moderate
DEBB021;"'2016-09-16 13:00'";53;75;32;17;2;moderate
DEBB021;"'2016-09-16 14:00'";54;104;22;18;1;moderate
DEBB021;"'2016-09-16 15:00'";54;115;20;19;1;moderate
DEBB021;"'2016-09-16 16:00'";63;130;12;19;1;poor
DEBB021;"'2016-09-16 17:00'";48;131;16;19;1;moderate
DEBB021;"'2016-09-16 18:00'";48;129;17;20;1;moderate
DEBB021;"'2016-09-16 19:00'";49;124;17;20;2;moderate
DEBB021;"'2016-09-16 20:00'";55;111;17;21;2;poor
DEBB021;"'2016-09-16 21:00'";47;83;13;21;1;moderate
DEBB021;"'2016-09-16 22:00'";40;62;12;21;1;moderate
DEBB021;"'2016-09-16 23:00'";40;62;12;22;1;moderate
DEBB021;"'2016-09-16 24:00'";38;61;10;23;1;moderate
DEBB021;"'2016-09-17 01:00'";39;58;11;22;1;moderate
DEBB021;"'2016-09-17 02:00'";34;51;12;23;1;moderate
DEBB021;"'2016-09-17 03:00'";33;46;10;25;1;moderate
DEBB021;"'2016-09-17 04:00'";32;40;9;28;1;moderate
DEBB021;"'2016-09-17 05:00'";34;36;10;30;1;moderate
DEBB021;"'2016-09-17 06:00'";37;35;11;31;1;poor
DEBB021;"'2016-09-17 07:00'";35;53;11;26;1;moderate
DEBB021;"'2016-09-17 08:00'";31;64;10;20;1;moderate
DEBB021;"'2016-09-17 09:00'";26;62;10;15;1;good
DEBB021;"'2016-09-17 10:00'";23;55;18;16;1;moderate
DEBB021;"'2016-09-17 11:00'";22;49;20;13;1;good
DEBB021;"'2016-09-17 12:00'";18;37;24;13;1;good
DEBB021;"'2016-09-17 13:00'";17;46;14;13;1;good
DEBB021;"'2016-09-17 14:00'";19;45;14;15;1;good
DEBB021;"'2016-09-17 15:00'";21;57;11;16;1;moderate
DEBB021;"'2016-09-17 16:00'";25;54;16;15;1;good
DEBB021;"'2016-09-17 17:00'";28;58;17;14;1;moderate
DEBB021;"'2016-09-17 18:00'";29;69;14;14;1;moderate
DEBB021;"'2016-09-17 19:00'";31;71;16;14;1;moderate
DEBB021;"'2016-09-17 20:00'";28;72;19;12;1;moderate
DEBB021;"'2016-09-17 21:00'";25;76;16;10;1;moderate
DEBB021;"'2016-09-17 22:00'";23;70;16;10;1;good
DEBB021;"'2016-09-17 23:00'";21;65;13;11;1;good
DEBB021;"'2016-09-17 24:00'";18;53;12;10;1;good
DEBB021;"'2016-09-18 01:00'";17;55;7;10;1;good
DEBB021;"'2016-09-18 02:00'";15;55;6;10;1;good
DEBB021;"'2016-09-18 03:00'";14;53;5;10;1;good
DEBB021;"'2016-09-18 04:00'";13;49;7;9;1;good
DEBB021;"'2016-09-18 05:00'";13;41;11;9;1;good
DEBB021;"'2016-09-18 06:00'";13;40;11;9;1;good
DEBB021;"'2016-09-18 07:00'";12;40;9;9;1;good
DEBB021;"'2016-09-18 08:00'";12;36;13;8;1;good
DEBB021;"'2016-09-18 09:00'";11;40;7;8;1;good
DEBB021;"'2016-09-18 10:00'";13;41;7;8;1;good
DEBB021;"'2016-09-18 11:00'";14;44;8;7;1;good
DEBB021;"'2016-09-18 12:00'";14;52;8;7;1;good
DEBB021;"'2016-09-18 13:00'";14;59;7;7;1;good
DEBB021;"'2016-09-18 14:00'";15;65;6;7;1;good
DEBB021;"'2016-09-18 15:00'";16;69;5;7;1;good
DEBB021;"'2016-09-18 16:00'";18;69;5;8;1;good
DEBB021;"'2016-09-18 17:00'";18;67;7;8;1;good
DEBB021;"'2016-09-18 18:00'";17;61;8;9;1;good
DEBB021;"'2016-09-18 19:00'";17;51;6;13;1;good
DEBB021;"'2016-09-18 20:00'";14;48;7;10;1;good
DEBB021;"'2016-09-18 21:00'";18;48;8;9;1;good
DEBB021;"'2016-09-18 22:00'";21;43;10;10;1;good
DEBB021;"'2016-09-18 23:00'";19;52;7;9;1;good
DEBB021;"'2016-09-18 24:00'";16;61;3;7;1;good
DEBB021;"'2016-09-19 01:00'";17;58;6;7;1;good
DEBB021;"'2016-09-19 02:00'";17;53;5;8;1;good
DEBB021;"'2016-09-19 03:00'";16;50;6;7;1;good
DEBB021;"'2016-09-19 04:00'";15;47;6;7;1;good
DEBB021;"'2016-09-19 05:00'";14;40;9;6;1;good
DEBB021;"'2016-09-19 06:00'";13;37;11;6;1;good
DEBB021;"'2016-09-19 07:00'";12;34;14;6;1;good
DEBB021;"'2016-09-19 08:00'";14;23;24;6;2;good
DEBB021;"'2016-09-19 09:00'";15;16;32;7;4;moderate
DEBB021;"'2016-09-19 10:00'";17;20;28;7;-;good
DEBB021;"'2016-09-19 11:00'";17;27;23;7;-;good
DEBB021;"'2016-09-19 12:00'";19;37;19;7;1;good
DEBB021;"'2016-09-19 13:00'";17;59;9;6;1;good
DEBB021;"'2016-09-19 14:00'";17;66;8;6;1;good
DEBB021;"'2016-09-19 15:00'";17;72;7;6;1;good
DEBB021;"'2016-09-19 16:00'";18;74;9;6;1;moderate
DEBB021;"'2016-09-19 17:00'";19;75;9;6;1;moderate
DEBB021;"'2016-09-19 18:00'";20;71;10;6;1;good
DEBB021;"'2016-09-19 19:00'";21;67;11;7;1;good
DEBB021;"'2016-09-19 20:00'";22;54;20;7;1;good
DEBB021;"'2016-09-19 21:00'";21;56;13;8;1;good
DEBB021;"'2016-09-19 22:00'";21;51;13;9;1;good
DEBB021;"'2016-09-19 23:00'";16;49;11;7;1;good
DEBB021;"'2016-09-19 24:00'";15;43;12;7;1;good
DEBB021;"'2016-09-20 01:00'";14;41;11;7;1;good
DEBB021;"'2016-09-20 02:00'";13;39;11;7;1;good
DEBB021;"'2016-09-20 03:00'";11;39;9;8;1;good
DEBB021;"'2016-09-20 04:00'";11;37;11;8;1;good
DEBB021;"'2016-09-20 05:00'";12;37;9;8;2;good
DEBB021;"'2016-09-20 06:00'";12;34;11;9;1;good
DEBB021;"'2016-09-20 07:00'";13;20;25;10;1;good
DEBB021;"'2016-09-20 08:00'";14;10;37;10;3;moderate
DEBB021;"'2016-09-20 09:00'";15;13;34;11;1;moderate
DEBB021;"'2016-09-20 10:00'";20;12;38;11;1;moderate
DEBB021;"'2016-09-20 11:00'";21;26;30;10;1;good
DEBB021;"'2016-09-20 12:00'";18;45;20;8;1;good
DEBB021;"'2016-09-20 13:00'";12;67;10;6;1;good
DEBB021;"'2016-09-20 14:00'";12;63;16;6;1;good
DEBB021;"'2016-09-20 15:00'";13;70;11;5;1;good
DEBB021;"'2016-09-20 16:00'";14;74;9;5;1;moderate
DEBB021;"'2016-09-20 17:00'";19;76;9;5;1;moderate
DEBB021;"'2016-09-20 18:00'";14;73;9;5;1;moderate
DEBB021;"'2016-09-20 19:00'";25;62;14;5;1;good
DEBB021;"'2016-09-20 20:00'";28;50;22;6;1;moderate
DEBB021;"'2016-09-20 21:00'";21;42;28;6;1;good
DEBB021;"'2016-09-20 22:00'";16;46;20;6;1;good
DEBB021;"'2016-09-20 23:00'";15;51;14;6;1;good
DEBB021;"'2016-09-20 24:00'";13;51;11;6;1;good
DEBB021;"'2016-09-21 01:00'";13;51;8;6;1;good
DEBB021;"'2016-09-21 02:00'";13;48;7;6;1;good
DEBB021;"'2016-09-21 03:00'";13;47;7;6;1;good
DEBB021;"'2016-09-21 04:00'";15;43;7;6;1;good
DEBB021;"'2016-09-21 05:00'";13;36;10;7;1;good
DEBB021;"'2016-09-21 06:00'";12;31;13;8;1;good
DEBB021;"'2016-09-21 07:00'";13;21;24;9;1;good
DEBB021;"'2016-09-21 08:00'";15;16;31;11;1;moderate
DEBB021;"'2016-09-21 09:00'";19;18;31;13;1;moderate
DEBB021;"'2016-09-21 10:00'";14;35;17;10;1;good
DEBB021;"'2016-09-21 11:00'";12;51;12;7;1;good
DEBB021;"'2016-09-21 12:00'";14;60;10;7;1;good
DEBB021;"'2016-09-21 13:00'";13;70;6;7;1;good
DEBB021;"'2016-09-21 14:00'";11;75;4;7;1;moderate
DEBB021;"'2016-09-21 15:00'";15;71;7;9;1;good
DEBB021;"'2016-09-21 16:00'";14;71;11;9;1;good
DEBB021;"'2016-09-21 17:00'";14;74;11;9;1;moderate
DEBB021;"'2016-09-21 18:00'";14;78;7;8;1;moderate
DEBB021;"'2016-09-21 19:00'";12;70;11;7;1;good
DEBB021;"'2016-09-21 20:00'";16;54;21;8;1;good
DEBB021;"'2016-09-21 21:00'";18;47;26;9;4;good
DEBB021;"'2016-09-21 22:00'";20;49;21;9;2;good
DEBB021;"'2016-09-21 23:00'";19;47;17;9;1;good
DEBB021;"'2016-09-21 24:00'";19;50;12;9;1;good
DEBB021;"'2016-09-22 01:00'";19;50;12;9;1;good
DEBB021;"'2016-09-22 02:00'";20;44;14;10;1;good
DEBB021;"'2016-09-22 03:00'";19;40;15;10;1;good
DEBB021;"'2016-09-22 04:00'";18;36;17;10;1;good
DEBB021;"'2016-09-22 05:00'";20;33;17;11;1;good
DEBB021;"'2016-09-22 06:00'";20;21;30;13;1;good
DEBB021;"'2016-09-22 07:00'";18;10;40;13;1;moderate
DEBB021;"'2016-09-22 08:00'";21;4;47;14;1;moderate
DEBB021;"'2016-09-22 09:00'";30;9;46;16;1;moderate
DEBB021;"'2016-09-22 10:00'";41;13;46;16;1;moderate
DEBB021;"'2016-09-22 11:00'";37;24;39;15;2;moderate
DEBB021;"'2016-09-22 12:00'";37;48;17;10;1;moderate
DEBB021;"'2016-09-22 13:00'";30;62;8;8;1;moderate
DEBB021;"'2016-09-22 14:00'";26;-;7;8;1;good
DEBB021;"'2016-09-22 15:00'";28;73;8;8;1;moderate
DEBB021;"'2016-09-22 16:00'";43;78;9;10;1;moderate
DEBB021;"'2016-09-22 17:00'";25;83;12;9;1;moderate
DEBB021;"'2016-09-22 18:00'";23;83;10;9;1;moderate
DEBB021;"'2016-09-22 19:00'";31;73;15;9;1;moderate
DEBB021;"'2016-09-22 20:00'";34;45;33;11;1;moderate
DEBB021;"'2016-09-22 21:00'";45;11;64;14;1;poor
DEBB021;"'2016-09-22 22:00'";43;3;69;14;1;poor
DEBB021;"'2016-09-22 23:00'";26;4;63;15;1;poor
DEBB021;"'2016-09-22 24:00'";21;3;58;15;1;moderate
DEBB021;"'2016-09-23 01:00'";20;2;54;15;1;moderate
DEBB021;"'2016-09-23 02:00'";19;3;49;15;1;moderate
DEBB021;"'2016-09-23 03:00'";18;4;46;14;1;moderate
DEBB021;"'2016-09-23 04:00'";18;2;54;14;1;moderate
DEBB021;"'2016-09-23 05:00'";18;2;49;13;1;moderate
DEBB021;"'2016-09-23 06:00'";18;2;50;14;1;moderate
DEBB021;"'2016-09-23 07:00'";21;2;55;15;1;moderate
DEBB021;"'2016-09-23 08:00'";26;2;59;17;1;moderate
DEBB021;"'2016-09-23 09:00'";35;2;62;21;2;poor
DEBB021;"'2016-09-23 10:00'";67;6;60;20;8;poor
DEBB021;"'2016-09-23 11:00'";51;26;43;21;1;moderate
DEBB021;"'2016-09-23 12:00'";50;36;33;23;1;moderate
DEBB021;"'2016-09-23 13:00'";46;57;22;23;1;moderate
DEBB021;"'2016-09-23 14:00'";33;76;14;16;1;moderate
DEBB021;"'2016-09-23 15:00'";27;93;11;12;1;moderate
DEBB021;"'2016-09-23 16:00'";24;96;10;12;1;moderate
DEBB021;"'2016-09-23 17:00'";26;99;12;13;1;moderate
DEBB021;"'2016-09-23 18:00'";25;101;10;14;1;moderate
DEBB021;"'2016-09-23 19:00'";33;87;19;16;1;moderate
DEBB021;"'2016-09-23 20:00'";34;63;36;16;1;moderate
DEBB021;"'2016-09-23 21:00'";31;64;32;20;1;moderate
DEBB021;"'2016-09-23 22:00'";39;58;26;23;1;moderate
DEBB021;"'2016-09-23 23:00'";38;49;34;26;1;moderate
DEBB021;"'2016-09-23 24:00'";33;54;25;26;1;moderate
DEBB021;"'2016-09-24 01:00'";34;51;20;26;1;moderate
DEBB021;"'2016-09-24 02:00'";31;45;20;24;1;moderate
DEBB021;"'2016-09-24 03:00'";30;39;18;24;1;moderate
DEBB021;"'2016-09-24 04:00'";29;38;18;24;1;moderate
DEBB021;"'2016-09-24 05:00'";28;32;18;24;1;moderate
DEBB021;"'2016-09-24 06:00'";28;27;21;24;1;moderate
DEBB021;"'2016-09-24 07:00'";30;20;26;24;1;moderate
DEBB021;"'2016-09-24 08:00'";33;9;33;25;1;moderate
DEBB021;"'2016-09-24 09:00'";29;23;25;24;1;moderate
DEBB021;"'2016-09-24 10:00'";27;34;17;21;1;moderate
DEBB021;"'2016-09-24 11:00'";24;54;13;14;1;good
DEBB021;"'2016-09-24 12:00'";23;68;10;9;1;good
DEBB021;"'2016-09-24 13:00'";26;79;7;9;1;moderate
DEBB021;"'2016-09-24 14:00'";21;78;9;9;1;moderate
DEBB021;"'2016-09-24 15:00'";19;84;6;8;1;moderate
DEBB021;"'2016-09-24 16:00'";15;87;6;7;1;moderate
DEBB021;"'2016-09-24 17:00'";18;88;5;7;1;moderate
DEBB021;"'2016-09-24 18:00'";20;86;8;8;1;moderate
DEBB021;"'2016-09-24 19:00'";33;75;12;9;1;moderate
DEBB021;"'2016-09-24 20:00'";33;41;42;13;1;moderate
DEBB021;"'2016-09-24 21:00'";30;4;76;19;1;poor
DEBB021;"'2016-09-24 22:00'";47;3;70;37;1;poor
DEBB021;"'2016-09-24 23:00'";63;6;66;53;1;"very poor"
DEBB021;"'2016-09-24 24:00'";50;8;57;39;1;poor
DEBB021;"'2016-09-25 01:00'";36;4;60;29;1;moderate
DEBB021;"'2016-09-25 02:00'";30;6;56;26;1;moderate
DEBB021;"'2016-09-25 03:00'";28;12;47;24;1;moderate
DEBB021;"'2016-09-25 04:00'";27;15;40;23;1;moderate
DEBB021;"'2016-09-25 05:00'";27;7;45;23;1;moderate
DEBB021;"'2016-09-25 06:00'";28;4;43;25;1;moderate
DEBB021;"'2016-09-25 07:00'";29;8;35;25;1;moderate
DEBB021;"'2016-09-25 08:00'";27;10;32;23;1;moderate
DEBB021;"'2016-09-25 09:00'";24;18;25;20;1;moderate
DEBB021;"'2016-09-25 10:00'";24;32;18;19;1;moderate
DEBB021;"'2016-09-25 11:00'";28;42;16;18;1;moderate
DEBB021;"'2016-09-25 12:00'";29;58;14;17;1;moderate
DEBB021;"'2016-09-25 13:00'";29;80;6;15;1;moderate
DEBB021;"'2016-09-25 14:00'";33;93;6;15;1;moderate
DEBB021;"'2016-09-25 15:00'";39;97;6;13;1;moderate
DEBB021;"'2016-09-25 16:00'";24;102;5;12;1;moderate
DEBB021;"'2016-09-25 17:00'";45;100;5;14;1;moderate
DEBB021;"'2016-09-25 18:00'";28;94;10;13;3;moderate
DEBB021;"'2016-09-25 19:00'";32;86;15;13;5;moderate
DEBB021;"'2016-09-25 20:00'";24;78;19;13;4;moderate
DEBB021;"'2016-09-25 21:00'";24;64;25;15;2;good
DEBB021;"'2016-09-25 22:00'";23;52;30;16;1;moderate
DEBB021;"'2016-09-25 23:00'";19;53;30;15;1;good
DEBB021;"'2016-09-25 24:00'";18;65;16;14;1;good
DEBB021;"'2016-09-26 01:00'";18;63;13;14;1;good
DEBB021;"'2016-09-26 02:00'";17;60;13;14;1;good
DEBB021;"'2016-09-26 03:00'";18;53;14;15;1;good
DEBB021;"'2016-09-26 04:00'";18;45;16;16;1;moderate
DEBB021;"'2016-09-26 05:00'";19;36;20;17;1;moderate
DEBB021;"'2016-09-26 06:00'";21;34;23;17;1;moderate
DEBB021;"'2016-09-26 07:00'";22;16;44;18;1;moderate
DEBB021;"'2016-09-26 08:00'";27;7;56;19;1;moderate
DEBB021;"'2016-09-26 09:00'";30;10;55;21;1;moderate
DEBB021;"'2016-09-26 10:00'";39;16;50;22;1;moderate
DEBB021;"'2016-09-26 11:00'";41;29;37;21;1;moderate
DEBB021;"'2016-09-26 12:00'";41;35;38;20;2;moderate
DEBB021;"'2016-09-26 13:00'";37;49;27;18;2;moderate
DEBB021;"'2016-09-26 14:00'";40;58;26;17;1;moderate
DEBB021;"'2016-09-26 15:00'";48;57;33;18;2;moderate
DEBB021;"'2016-09-26 16:00'";45;72;24;17;1;moderate
DEBB021;"'2016-09-26 17:00'";45;57;32;18;3;moderate
DEBB021;"'2016-09-26 18:00'";46;43;44;18;3;moderate
DEBB021;"'2016-09-26 19:00'";47;20;62;19;1;poor
DEBB021;"'2016-09-26 20:00'";35;3;78;21;1;poor
DEBB021;"'2016-09-26 21:00'";30;18;54;21;1;moderate
DEBB021;"'2016-09-26 22:00'";30;13;54;22;1;moderate
DEBB021;"'2016-09-26 23:00'";30;15;45;22;1;moderate
DEBB021;"'2016-09-26 24:00'";27;18;48;19;1;moderate
DEBB021;"'2016-09-27 01:00'";24;27;41;17;1;moderate
DEBB021;"'2016-09-27 02:00'";24;23;42;18;1;moderate
DEBB021;"'2016-09-27 03:00'";23;22;35;17;1;moderate
DEBB021;"'2016-09-27 04:00'";21;26;29;16;1;moderate
DEBB021;"'2016-09-27 05:00'";21;30;25;16;1;moderate
DEBB021;"'2016-09-27 06:00'";21;25;31;16;1;moderate
DEBB021;"'2016-09-27 07:00'";24;7;52;18;1;moderate
DEBB021;"'2016-09-27 08:00'";28;2;60;19;1;moderate
DEBB021;"'2016-09-27 09:00'";29;8;57;20;1;moderate
DEBB021;"'2016-09-27 10:00'";41;16;48;22;1;moderate
DEBB021;"'2016-09-27 11:00'";58;19;46;23;1;poor
DEBB021;"'2016-09-27 12:00'";49;28;39;21;1;moderate
DEBB021;"'2016-09-27 13:00'";45;58;22;16;1;moderate
DEBB021;"'2016-09-27 14:00'";43;76;14;14;1;moderate
DEBB021;"'2016-09-27 15:00'";36;83;12;14;1;moderate
DEBB021;"'2016-09-27 16:00'";35;91;11;14;1;moderate
DEBB021;"'2016-09-27 17:00'";43;90;15;14;1;moderate
DEBB021;"'2016-09-27 18:00'";38;96;9;14;1;moderate
DEBB021;"'2016-09-27 19:00'";83;71;26;19;1;poor
DEBB021;"'2016-09-27 20:00'";69;25;66;20;1;poor
DEBB021;"'2016-09-27 21:00'";46;5;89;20;1;poor
DEBB021;"'2016-09-27 22:00'";41;17;68;21;1;poor
DEBB021;"'2016-09-27 23:00'";32;34;44;21;1;moderate
DEBB021;"'2016-09-27 24:00'";27;30;41;19;1;moderate
DEBB021;"'2016-09-28 01:00'";26;29;39;19;1;moderate
DEBB021;"'2016-09-28 02:00'";29;42;29;21;1;moderate
DEBB021;"'2016-09-28 03:00'";34;61;13;25;1;moderate
DEBB021;"'2016-09-28 04:00'";36;56;13;29;1;moderate
DEBB021;"'2016-09-28 05:00'";36;48;14;30;1;moderate
DEBB021;"'2016-09-28 06:00'";36;39;21;31;1;poor
DEBB021;"'2016-09-28 07:00'";35;28;27;29;1;moderate
DEBB021;"'2016-09-28 08:00'";33;21;34;25;1;moderate
DEBB021;"'2016-09-28 09:00'";29;40;20;20;1;moderate
DEBB021;"'2016-09-28 10:00'";32;43;17;18;1;moderate
DEBB021;"'2016-09-28 11:00'";46;46;17;17;1;moderate
DEBB021;"'2016-09-28 12:00'";-;50;18;-;1;good
DEBB021;"'2016-09-28 13:00'";52;55;14;13;1;moderate
DEBB021;"'2016-09-28 14:00'";39;55;10;9;1;moderate
DEBB021;"'2016-09-28 15:00'";39;50;12;8;1;moderate
DEBB021;"'2016-09-28 16:00'";37;47;15;8;1;moderate
DEBB021;"'2016-09-28 17:00'";33;43;17;8;1;moderate
DEBB021;"'2016-09-28 18:00'";23;41;17;7;1;good
DEBB021;"'2016-09-28 19:00'";25;42;16;7;1;good
DEBB021;"'2016-09-28 20:00'";23;36;21;9;1;good
DEBB021;"'2016-09-28 21:00'";17;36;18;7;1;good
DEBB021;"'2016-09-28 22:00'";15;35;17;7;1;good
DEBB021;"'2016-09-28 23:00'";15;33;19;7;1;good
DEBB021;"'2016-09-28 24:00'";15;35;15;8;1;good
DEBB021;"'2016-09-29 01:00'";14;34;13;8;1;good
DEBB021;"'2016-09-29 02:00'";13;35;11;7;1;good
DEBB021;"'2016-09-29 03:00'";12;36;11;7;1;good
DEBB021;"'2016-09-29 04:00'";12;36;10;6;1;good
DEBB021;"'2016-09-29 05:00'";10;35;11;6;1;good
DEBB021;"'2016-09-29 06:00'";10;32;12;6;1;good
DEBB021;"'2016-09-29 07:00'";14;28;17;5;1;good
DEBB021;"'2016-09-29 08:00'";23;25;22;6;1;good
DEBB021;"'2016-09-29 09:00'";31;25;22;7;1;moderate
DEBB021;"'2016-09-29 10:00'";24;29;19;6;1;good
DEBB021;"'2016-09-29 11:00'";35;33;19;6;1;moderate
DEBB021;"'2016-09-29 12:00'";49;47;12;6;1;moderate
DEBB021;"'2016-09-29 13:00'";71;56;12;10;1;poor
DEBB021;"'2016-09-29 14:00'";69;53;18;8;1;poor
DEBB021;"'2016-09-29 15:00'";59;63;18;7;1;poor
DEBB021;"'2016-09-29 16:00'";67;70;16;7;1;poor
DEBB021;"'2016-09-29 17:00'";80;68;22;9;1;poor
DEBB021;"'2016-09-29 18:00'";69;69;21;8;1;poor
DEBB021;"'2016-09-29 19:00'";57;63;24;8;1;poor
DEBB021;"'2016-09-29 20:00'";35;67;20;7;1;moderate
DEBB021;"'2016-09-29 21:00'";29;75;12;7;1;moderate
DEBB021;"'2016-09-29 22:00'";25;75;9;7;1;moderate
DEBB021;"'2016-09-29 23:00'";24;78;8;7;1;moderate
DEBB021;"'2016-09-29 24:00'";24;73;12;8;1;moderate
DEBB021;"'2016-09-30 01:00'";19;67;9;7;1;good
DEBB021;"'2016-09-30 02:00'";22;57;4;5;1;good
DEBB021;"'2016-09-30 03:00'";3;62;2;2;1;good
DEBB021;"'2016-09-30 04:00'";3;61;2;2;1;good
DEBB021;"'2016-09-30 05:00'";4;63;2;2;1;good
DEBB021;"'2016-09-30 06:00'";5;58;7;3;1;good
DEBB021;"'2016-09-30 07:00'";12;45;17;4;1;good
DEBB021;"'2016-09-30 08:00'";19;36;25;5;1;good
DEBB021;"'2016-09-30 09:00'";17;37;22;5;1;good
DEBB021;"'2016-09-30 10:00'";16;39;19;4;1;good
DEBB021;"'2016-09-30 11:00'";18;44;19;5;1;good
DEBB021;"'2016-09-30 12:00'";35;55;14;6;1;moderate
DEBB021;"'2016-09-30 13:00'";32;64;10;7;1;moderate
DEBB021;"'2016-09-30 14:00'";38;64;11;8;1;moderate
DEBB021;"'2016-09-30 15:00'";35;62;13;8;1;moderate
DEBB021;"'2016-09-30 16:00'";23;59;16;9;1;good
DEBB021;"'2016-09-30 17:00'";29;52;22;8;1;moderate
DEBB021;"'2016-09-30 18:00'";32;44;22;6;1;moderate
DEBB021;"'2016-09-30 19:00'";23;38;24;5;1;good
DEBB021;"'2016-09-30 20:00'";18;33;25;6;1;good
DEBB021;"'2016-09-30 21:00'";8;24;28;6;1;good
DEBB021;"'2016-09-30 22:00'";9;16;32;7;1;moderate
DEBB021;"'2016-09-30 23:00'";11;13;29;8;1;good
DEBB021;"'2016-09-30 24:00'";12;7;30;8;1;good
DEBB021;"'2016-10-01 01:00'";12;3;30;9;1;good
DEBB021;"'2016-10-01 02:00'";12;2;29;9;1;good
DEBB021;"'2016-10-01 03:00'";11;2;29;9;1;good
DEBB021;"'2016-10-01 04:00'";9;2;26;8;1;good
DEBB021;"'2016-10-01 05:00'";8;2;24;7;1;good
DEBB021;"'2016-10-01 06:00'";6;2;22;5;1;good
DEBB021;"'2016-10-01 07:00'";7;2;22;6;1;good
DEBB021;"'2016-10-01 08:00'";10;2;23;8;1;good
DEBB021;"'2016-10-01 09:00'";15;2;23;11;1;good
DEBB021;"'2016-10-01 10:00'";17;5;25;12;1;good
DEBB021;"'2016-10-01 11:00'";19;6;29;13;1;good
DEBB021;"'2016-10-01 12:00'";19;9;26;14;1;good
DEBB021;"'2016-10-01 13:00'";20;13;23;16;1;moderate
DEBB021;"'2016-10-01 14:00'";18;15;27;15;1;good
DEBB021;"'2016-10-01 15:00'";16;22;24;13;1;good
DEBB021;"'2016-10-01 16:00'";14;25;21;12;2;good
DEBB021;"'2016-10-01 17:00'";17;18;23;14;1;good
DEBB021;"'2016-10-01 18:00'";19;9;27;15;1;good
DEBB021;"'2016-10-01 19:00'";20;3;30;17;1;moderate
DEBB021;"'2016-10-01 20:00'";21;2;28;18;1;moderate
DEBB021;"'2016-10-01 21:00'";23;2;24;20;1;moderate
DEBB021;"'2016-10-01 22:00'";21;7;24;19;1;moderate
DEBB021;"'2016-10-01 23:00'";21;11;18;20;1;moderate
DEBB021;"'2016-10-01 24:00'";18;16;14;17;1;moderate
DEBB021;"'2016-10-02 01:00'";14;28;10;13;1;good
DEBB021;"'2016-10-02 02:00'";15;24;10;14;1;good
DEBB021;"'2016-10-02 03:00'";16;19;12;15;1;good
DEBB021;"'2016-10-02 04:00'";16;14;13;15;1;good
DEBB021;"'2016-10-02 05:00'";17;11;13;15;1;good
DEBB021;"'2016-10-02 06:00'";16;14;11;15;1;good
DEBB021;"'2016-10-02 07:00'";17;11;11;15;1;good
DEBB021;"'2016-10-02 08:00'";15;9;11;13;1;good
DEBB021;"'2016-10-02 09:00'";13;10;10;12;1;good
DEBB021;"'2016-10-02 10:00'";12;16;9;11;1;good
DEBB021;"'2016-10-02 11:00'";12;24;8;11;1;good
DEBB021;"'2016-10-02 12:00'";12;36;8;9;1;good
DEBB021;"'2016-10-02 13:00'";8;40;10;6;1;good
DEBB021;"'2016-10-02 14:00'";5;50;6;4;1;good
DEBB021;"'2016-10-02 15:00'";4;53;7;3;1;good
DEBB021;"'2016-10-02 16:00'";3;56;7;2;1;good
DEBB021;"'2016-10-02 17:00'";3;59;6;2;1;good
DEBB021;"'2016-10-02 18:00'";3;60;6;2;1;good
DEBB021;"'2016-10-02 19:00'";5;35;19;4;1;good
DEBB021;"'2016-10-02 20:00'";7;11;32;6;1;moderate
DEBB021;"'2016-10-02 21:00'";14;7;31;13;1;moderate
DEBB021;"'2016-10-02 22:00'";21;2;32;19;1;moderate
DEBB021;"'2016-10-02 23:00'";14;16;25;13;1;good
DEBB021;"'2016-10-02 24:00'";10;25;12;8;1;good
DEBB021;"'2016-10-03 01:00'";11;17;10;9;1;good
DEBB021;"'2016-10-03 02:00'";11;9;14;9;1;good
DEBB021;"'2016-10-03 03:00'";10;12;12;9;1;good
DEBB021;"'2016-10-03 04:00'";11;3;14;10;1;good
DEBB021;"'2016-10-03 05:00'";10;7;12;9;1;good
DEBB021;"'2016-10-03 06:00'";9;9;12;8;1;good
DEBB021;"'2016-10-03 07:00'";9;8;13;8;1;good
DEBB021;"'2016-10-03 08:00'";10;8;13;8;1;good
DEBB021;"'2016-10-03 09:00'";11;9;13;9;1;good
DEBB021;"'2016-10-03 10:00'";11;13;16;10;1;good
DEBB021;"'2016-10-03 11:00'";11;30;9;9;1;good
DEBB021;"'2016-10-03 12:00'";8;40;7;7;1;good
DEBB021;"'2016-10-03 13:00'";7;52;7;6;1;good
DEBB021;"'2016-10-03 14:00'";6;60;7;5;1;good
DEBB021;"'2016-10-03 15:00'";5;66;6;4;1;good
DEBB021;"'2016-10-03 16:00'";5;67;5;4;1;good
DEBB021;"'2016-10-03 17:00'";5;64;7;4;1;good
DEBB021;"'2016-10-03 18:00'";6;62;9;5;1;good
DEBB021;"'2016-10-03 19:00'";10;58;11;9;1;good
DEBB021;"'2016-10-03 20:00'";10;56;8;9;1;good
DEBB021;"'2016-10-03 21:00'";9;56;5;8;1;good
DEBB021;"'2016-10-03 22:00'";8;55;5;7;1;good
DEBB021;"'2016-10-03 23:00'";8;50;5;7;1;good
DEBB021;"'2016-10-03 24:00'";6;46;5;6;1;good
DEBB021;"'2016-10-04 01:00'";4;48;2;4;1;good
DEBB021;"'2016-10-04 02:00'";5;46;2;4;1;good
DEBB021;"'2016-10-04 03:00'";5;48;2;4;1;good
DEBB021;"'2016-10-04 04:00'";6;53;2;5;1;good
DEBB021;"'2016-10-04 05:00'";6;52;2;5;1;good
DEBB021;"'2016-10-04 06:00'";5;52;2;4;1;good
DEBB021;"'2016-10-04 07:00'";5;50;6;3;1;good
DEBB021;"'2016-10-04 08:00'";4;45;11;3;1;good
DEBB021;"'2016-10-04 09:00'";4;45;14;2;1;good
DEBB021;"'2016-10-04 10:00'";4;49;11;2;1;good
DEBB021;"'2016-10-04 11:00'";5;53;10;1;1;good
DEBB021;"'2016-10-04 12:00'";5;57;8;1;1;good
DEBB021;"'2016-10-04 13:00'";7;60;6;2;1;good
DEBB021;"'2016-10-04 14:00'";7;62;5;2;1;good
DEBB021;"'2016-10-04 15:00'";8;65;4;2;1;good
DEBB021;"'2016-10-04 16:00'";8;65;5;2;1;good
DEBB021;"'2016-10-04 17:00'";6;61;7;2;1;good
DEBB021;"'2016-10-04 18:00'";5;60;6;2;1;good
DEBB021;"'2016-10-04 19:00'";5;59;6;2;1;good
DEBB021;"'2016-10-04 20:00'";4;58;6;2;1;good
DEBB021;"'2016-10-04 21:00'";5;58;4;3;1;good
DEBB021;"'2016-10-04 22:00'";4;60;2;2;1;good
DEBB021;"'2016-10-04 23:00'";4;62;2;2;1;good
DEBB021;"'2016-10-04 24:00'";4;60;3;2;1;good
DEBB021;"'2016-10-05 01:00'";4;59;2;3;1;good
DEBB021;"'2016-10-05 02:00'";4;55;2;2;1;good
DEBB021;"'2016-10-05 03:00'";3;51;2;2;1;good
DEBB021;"'2016-10-05 04:00'";3;46;3;2;1;good
DEBB021;"'2016-10-05 05:00'";3;44;2;2;1;good
DEBB021;"'2016-10-05 06:00'";2;46;4;1;1;good
DEBB021;"'2016-10-05 07:00'";2;44;8;1;1;good
DEBB021;"'2016-10-05 08:00'";2;37;14;1;1;good
DEBB021;"'2016-10-05 09:00'";3;35;14;2;1;good
DEBB021;"'2016-10-05 10:00'";2;37;10;1;1;good
DEBB021;"'2016-10-05 11:00'";3;38;8;2;1;good
DEBB021;"'2016-10-05 12:00'";3;42;6;1;1;good
DEBB021;"'2016-10-05 13:00'";3;47;5;1;1;good
DEBB021;"'2016-10-05 14:00'";3;47;6;1;1;good
DEBB021;"'2016-10-05 15:00'";2;47;5;2;1;good
DEBB021;"'2016-10-05 16:00'";4;46;7;3;1;good
DEBB021;"'2016-10-05 17:00'";4;43;11;3;1;good
DEBB021;"'2016-10-05 18:00'";4;46;9;3;1;good
DEBB021;"'2016-10-05 19:00'";4;47;7;3;1;good
DEBB021;"'2016-10-05 20:00'";4;47;6;4;1;good
DEBB021;"'2016-10-05 21:00'";3;50;3;2;1;good
DEBB021;"'2016-10-05 22:00'";3;51;2;3;1;good
DEBB021;"'2016-10-05 23:00'";4;53;2;3;1;good
DEBB021;"'2016-10-05 24:00'";4;53;2;3;1;good
DEBB021;"'2016-10-06 01:00'";3;52;2;2;1;good
DEBB021;"'2016-10-06 02:00'";3;52;2;2;1;good
DEBB021;"'2016-10-06 03:00'";3;51;2;2;1;good
DEBB021;"'2016-10-06 04:00'";2;50;2;1;1;good
DEBB021;"'2016-10-06 05:00'";0.9;48;2;1;1;good
DEBB021;"'2016-10-06 06:00'";1;45;2;1;1;good
DEBB021;"'2016-10-06 07:00'";2;41;4;2;1;good
DEBB021;"'2016-10-06 08:00'";4;34;8;4;1;good
DEBB021;"'2016-10-06 09:00'";5;30;11;4;1;good
DEBB021;"'2016-10-06 10:00'";4;27;12;3;1;good
DEBB021;"'2016-10-06 11:00'";5;29;-;4;1;good
DEBB021;"'2016-10-06 12:00'";6;30;13;5;1;good
DEBB021;"'2016-10-06 13:00'";4;34;10;3;1;good
DEBB021;"'2016-10-06 14:00'";5;38;-;4;1;good
DEBB021;"'2016-10-06 15:00'";7;38;12;5;1;good
DEBB021;"'2016-10-06 16:00'";6;41;10;5;1;good
DEBB021;"'2016-10-06 17:00'";6;39;11;5;1;good
DEBB021;"'2016-10-06 18:00'";6;35;13;4;1;good
DEBB021;"'2016-10-06 19:00'";6;33;11;5;1;good
DEBB021;"'2016-10-06 20:00'";11;36;9;8;1;good
DEBB021;"'2016-10-06 21:00'";14;38;7;12;1;good
DEBB021;"'2016-10-06 22:00'";10;36;7;9;1;good
DEBB021;"'2016-10-06 23:00'";6;29;8;5;1;good
DEBB021;"'2016-10-06 24:00'";7;27;7;6;1;good
DEBB021;"'2016-10-07 01:00'";5;27;6;4;1;good
DEBB021;"'2016-10-07 02:00'";6;24;7;5;1;"very good"
DEBB021;"'2016-10-07 03:00'";7;21;8;6;1;good
DEBB021;"'2016-10-07 04:00'";9;21;6;7;1;good
DEBB021;"'2016-10-07 05:00'";10;20;6;9;1;good
DEBB021;"'2016-10-07 06:00'";10;16;9;9;1;good
DEBB021;"'2016-10-07 07:00'";10;10;14;9;1;good
DEBB021;"'2016-10-07 08:00'";10;6;-;9;1;good
DEBB021;"'2016-10-07 09:00'";8;5;22;7;1;good
DEBB021;"'2016-10-07 10:00'";6;5;19;5;1;good
DEBB021;"'2016-10-07 11:00'";3;11;12;3;1;good
DEBB021;"'2016-10-07 12:00'";3;14;11;3;1;good
DEBB021;"'2016-10-07 13:00'";6;11;13;5;1;good
DEBB021;"'2016-10-07 14:00'";7;10;17;6;1;good
DEBB021;"'2016-10-07 15:00'";5;14;11;4;1;good
DEBB021;"'2016-10-07 16:00'";5;15;10;4;1;"very good"
DEBB021;"'2016-10-07 17:00'";5;17;11;4;1;good
DEBB021;"'2016-10-07 18:00'";8;19;12;7;1;good
DEBB021;"'2016-10-07 19:00'";5;19;12;4;1;good
DEBB021;"'2016-10-07 20:00'";4;31;8;3;1;good
DEBB021;"'2016-10-07 21:00'";6;45;7;5;1;good
DEBB021;"'2016-10-07 22:00'";8;41;7;6;1;good
DEBB021;"'2016-10-07 23:00'";8;40;6;6;1;good
DEBB021;"'2016-10-07 24:00'";8;36;8;7;1;good
DEBB021;"'2016-10-08 01:00'";8;32;8;7;1;good
DEBB021;"'2016-10-08 02:00'";6;37;7;5;1;good
DEBB021;"'2016-10-08 03:00'";5;39;5;4;1;good
DEBB021;"'2016-10-08 04:00'";4;39;5;4;1;good
DEBB021;"'2016-10-08 05:00'";4;40;4;3;1;good
DEBB021;"'2016-10-08 06:00'";4;38;5;3;1;good
DEBB021;"'2016-10-08 07:00'";4;39;6;3;1;good
DEBB021;"'2016-10-08 08:00'";4;36;7;3;1;good
DEBB021;"'2016-10-08 09:00'";4;36;8;3;1;good
DEBB021;"'2016-10-08 10:00'";3;30;10;3;1;good
DEBB021;"'2016-10-08 11:00'";4;32;8;3;1;good
DEBB021;"'2016-10-08 12:00'";4;39;7;3;1;good
DEBB021;"'2016-10-08 13:00'";5;47;7;3;1;good
DEBB021;"'2016-10-08 14:00'";4;47;8;4;1;good
DEBB021;"'2016-10-08 15:00'";4;48;7;3;1;good
DEBB021;"'2016-10-08 16:00'";3;48;6;3;1;good
DEBB021;"'2016-10-08 17:00'";3;47;5;2;1;good
DEBB021;"'2016-10-08 18:00'";3;46;6;2;1;good
DEBB021;"'2016-10-08 19:00'";3;42;8;3;1;good
DEBB021;"'2016-10-08 20:00'";4;43;7;3;1;good
DEBB021;"'2016-10-08 21:00'";4;43;5;4;1;good
DEBB021;"'2016-10-08 22:00'";4;42;6;3;1;good
DEBB021;"'2016-10-08 23:00'";4;40;6;4;1;good
DEBB021;"'2016-10-08 24:00'";5;36;6;4;1;good
DEBB021;"'2016-10-09 01:00'";6;35;5;5;1;good
DEBB021;"'2016-10-09 02:00'";5;34;3;5;1;good
DEBB021;"'2016-10-09 03:00'";5;35;2;4;1;good
DEBB021;"'2016-10-09 04:00'";6;33;2;5;1;good
DEBB021;"'2016-10-09 05:00'";7;30;4;6;1;good
DEBB021;"'2016-10-09 06:00'";7;29;4;6;1;good
DEBB021;"'2016-10-09 07:00'";6;26;4;6;1;good
DEBB021;"'2016-10-09 08:00'";5;24;5;5;1;"very good"
DEBB021;"'2016-10-09 09:00'";6;26;6;5;1;good
DEBB021;"'2016-10-09 10:00'";6;26;7;5;1;good
DEBB021;"'2016-10-09 11:00'";5;29;7;5;1;good
DEBB021;"'2016-10-09 12:00'";4;33;7;4;1;good
DEBB021;"'2016-10-09 13:00'";4;36;7;4;1;good
DEBB021;"'2016-10-09 14:00'";3;40;5;3;1;good
DEBB021;"'2016-10-09 15:00'";2;44;5;2;1;good
DEBB021;"'2016-10-09 16:00'";2;43;6;2;1;good
DEBB021;"'2016-10-09 17:00'";3;37;8;3;1;good
DEBB021;"'2016-10-09 18:00'";3;39;8;2;1;good
DEBB021;"'2016-10-09 19:00'";5;28;15;5;1;good
DEBB021;"'2016-10-09 20:00'";8;11;23;7;1;good
DEBB021;"'2016-10-09 21:00'";8;17;21;7;1;good
DEBB021;"'2016-10-09 22:00'";8;17;16;8;1;good
DEBB021;"'2016-10-09 23:00'";10;8;19;9;1;good
DEBB021;"'2016-10-09 24:00'";10;4;19;9;1;good
DEBB021;"'2016-10-10 01:00'";8;3;14;7;1;good
DEBB021;"'2016-10-10 02:00'";10;2;17;9;1;good
DEBB021;"'2016-10-10 03:00'";10;2;15;9;1;good
DEBB021;"'2016-10-10 04:00'";9;2;15;8;1;good
DEBB021;"'2016-10-10 05:00'";10;2;20;9;1;good
DEBB021;"'2016-10-10 06:00'";13;7;17;10;1;good
DEBB021;"'2016-10-10 07:00'";16;19;14;12;1;good
DEBB021;"'2016-10-10 08:00'";11;20;14;9;1;good
DEBB021;"'2016-10-10 09:00'";11;17;18;9;1;good
DEBB021;"'2016-10-10 10:00'";8;22;15;7;1;good
DEBB021;"'2016-10-10 11:00'";9;23;14;8;1;good
DEBB021;"'2016-10-10 12:00'";9;28;12;8;1;good
DEBB021;"'2016-10-10 13:00'";9;38;10;7;1;good
DEBB021;"'2016-10-10 14:00'";6;48;8;5;1;good
DEBB021;"'2016-10-10 15:00'";2;51;6;2;1;good
DEBB021;"'2016-10-10 16:00'";4;49;8;3;1;good
DEBB021;"'2016-10-10 17:00'";4;44;12;3;1;good
DEBB021;"'2016-10-10 18:00'";5;40;14;3;1;good
DEBB021;"'2016-10-10 19:00'";5;25;23;4;1;good
DEBB021;"'2016-10-10 20:00'";5;25;20;4;1;good
DEBB021;"'2016-10-10 21:00'";6;24;16;6;1;good
DEBB021;"'2016-10-10 22:00'";7;17;20;6;1;good
DEBB021;"'2016-10-10 23:00'";9;5;29;8;1;good
DEBB021;"'2016-10-10 24:00'";10;2;32;8;1;moderate
DEBB021;"'2016-10-11 01:00'";9;2;32;8;1;moderate
DEBB021;"'2016-10-11 02:00'";10;2;26;9;1;good
DEBB021;"'2016-10-11 03:00'";9;2;22;8;1;good
DEBB021;"'2016-10-11 04:00'";10;3;22;9;1;good
DEBB021;"'2016-10-11 05:00'";11;8;20;10;1;good
DEBB021;"'2016-10-11 06:00'";12;7;21;11;1;good
DEBB021;"'2016-10-11 07:00'";12;6;25;11;1;good
DEBB021;"'2016-10-11 08:00'";12;4;28;11;1;good
DEBB021;"'2016-10-11 09:00'";12;5;22;11;1;good
DEBB021;"'2016-10-11 10:00'";9;14;19;9;1;good
DEBB021;"'2016-10-11 11:00'";5;26;12;5;1;good
DEBB021;"'2016-10-11 12:00'";6;27;12;5;1;good
DEBB021;"'2016-10-11 13:00'";4;31;13;4;1;good
DEBB021;"'2016-10-11 14:00'";6;27;16;5;1;good
DEBB021;"'2016-10-11 15:00'";5;23;19;4;1;good
DEBB021;"'2016-10-11 16:00'";5;18;18;4;1;good
DEBB021;"'2016-10-11 17:00'";4;6;16;3;1;good
DEBB021;"'2016-10-11 18:00'";4;5;16;4;1;good
DEBB021;"'2016-10-11 19:00'";6;4;17;6;1;good
DEBB021;"'2016-10-11 20:00'";7;3;16;7;1;good
DEBB021;"'2016-10-11 21:00'";11;4;14;10;1;good
DEBB021;"'2016-10-11 22:00'";12;8;11;12;1;good
DEBB021;"'2016-10-11 23:00'";14;8;11;13;1;good
DEBB021;"'2016-10-11 24:00'";16;10;10;15;1;good
DEBB021;"'2016-10-12 01:00'";16;11;8;15;1;good
DEBB021;"'2016-10-12 02:00'";15;12;8;14;1;good
DEBB021;"'2016-10-12 03:00'";15;12;7;14;1;good
DEBB021;"'2016-10-12 04:00'";16;12;7;14;1;good
DEBB021;"'2016-10-12 05:00'";14;13;6;13;1;good
DEBB021;"'2016-10-12 06:00'";11;12;8;10;1;good
DEBB021;"'2016-10-12 07:00'";8;7;12;8;1;good
DEBB021;"'2016-10-12 08:00'";7;2;18;7;1;good
DEBB021;"'2016-10-12 09:00'";6;3;18;5;1;good
DEBB021;"'2016-10-12 10:00'";5;3;19;5;1;good
DEBB021;"'2016-10-12 11:00'";8;4;19;8;1;good
DEBB021;"'2016-10-12 12:00'";11;8;15;10;1;good
DEBB021;"'2016-10-12 13:00'";11;8;14;10;1;good
DEBB021;"'2016-10-12 14:00'";11;7;15;10;1;good
DEBB021;"'2016-10-12 15:00'";13;7;15;12;1;good
DEBB021;"'2016-10-12 16:00'";14;7;15;13;1;good
DEBB021;"'2016-10-12 17:00'";15;9;15;14;1;good
DEBB021;"'2016-10-12 18:00'";16;6;19;15;1;good
DEBB021;"'2016-10-12 19:00'";15;2;22;15;1;good
DEBB021;"'2016-10-12 20:00'";15;2;21;14;1;good
DEBB021;"'2016-10-12 21:00'";14;4;20;14;1;good
DEBB021;"'2016-10-12 22:00'";13;7;16;12;1;good
DEBB021;"'2016-10-12 23:00'";13;9;13;12;1;good
DEBB021;"'2016-10-12 24:00'";14;10;11;13;1;good
DEBB021;"'2016-10-13 01:00'";16;11;10;15;1;good
DEBB021;"'2016-10-13 02:00'";17;13;8;16;1;moderate
DEBB021;"'2016-10-13 03:00'";18;13;7;17;1;moderate
DEBB021;"'2016-10-13 04:00'";15;13;8;15;1;good
DEBB021;"'2016-10-13 05:00'";12;13;9;12;1;good
DEBB021;"'2016-10-13 06:00'";13;11;11;13;1;good
DEBB021;"'2016-10-13 07:00'";16;8;15;16;1;moderate
DEBB021;"'2016-10-13 08:00'";22;6;20;20;1;moderate
DEBB021;"'2016-10-13 09:00'";27;8;22;24;1;moderate
DEBB021;"'2016-10-13 10:00'";25;10;20;23;1;moderate
DEBB021;"'2016-10-13 11:00'";25;13;21;22;1;moderate
DEBB021;"'2016-10-13 12:00'";23;20;16;20;1;moderate
DEBB021;"'2016-10-13 13:00'";18;22;15;16;1;moderate
DEBB021;"'2016-10-13 14:00'";15;22;14;14;1;good
DEBB021;"'2016-10-13 15:00'";17;23;16;14;1;good
DEBB021;"'2016-10-13 16:00'";12;22;17;11;1;good
DEBB021;"'2016-10-13 17:00'";11;27;14;10;1;good
DEBB021;"'2016-10-13 18:00'";13;24;18;11;1;good
DEBB021;"'2016-10-13 19:00'";16;25;14;14;1;good
DEBB021;"'2016-10-13 20:00'";19;25;14;17;1;moderate
DEBB021;"'2016-10-13 21:00'";22;29;11;20;1;moderate
DEBB021;"'2016-10-13 22:00'";24;30;9;22;1;moderate
DEBB021;"'2016-10-13 23:00'";24;31;9;22;1;moderate
DEBB021;"'2016-10-13 24:00'";22;36;6;20;1;moderate
DEBB021;"'2016-10-14 01:00'";26;31;8;23;1;moderate
DEBB021;"'2016-10-14 02:00'";22;34;7;21;1;moderate
DEBB021;"'2016-10-14 03:00'";22;34;7;21;1;moderate
DEBB021;"'2016-10-14 04:00'";23;33;8;21;1;moderate
DEBB021;"'2016-10-14 05:00'";26;28;9;24;1;moderate
DEBB021;"'2016-10-14 06:00'";30;21;11;27;1;moderate
DEBB021;"'2016-10-14 07:00'";31;13;17;28;1;moderate
DEBB021;"'2016-10-14 08:00'";33;9;22;29;1;moderate
DEBB021;"'2016-10-14 09:00'";33;10;22;30;1;moderate
DEBB021;"'2016-10-14 10:00'";32;15;17;29;1;moderate
DEBB021;"'2016-10-14 11:00'";31;21;14;28;1;moderate
DEBB021;"'2016-10-14 12:00'";30;28;13;26;1;moderate
DEBB021;"'2016-10-14 13:00'";30;32;13;26;1;moderate
DEBB021;"'2016-10-14 14:00'";29;39;11;25;1;moderate
DEBB021;"'2016-10-14 15:00'";28;42;13;24;1;moderate
DEBB021;"'2016-10-14 16:00'";27;41;14;23;1;moderate
DEBB021;"'2016-10-14 17:00'";25;40;15;21;3;moderate
DEBB021;"'2016-10-14 18:00'";24;39;16;20;2;moderate
DEBB021;"'2016-10-14 19:00'";24;41;14;21;1;moderate
DEBB021;"'2016-10-14 20:00'";25;43;12;22;1;moderate
DEBB021;"'2016-10-14 21:00'";25;46;10;21;1;moderate
DEBB021;"'2016-10-14 22:00'";22;46;9;19;1;moderate
DEBB021;"'2016-10-14 23:00'";22;43;9;19;1;moderate
DEBB021;"'2016-10-14 24:00'";23;40;10;20;1;moderate
DEBB021;"'2016-10-15 01:00'";25;36;10;22;1;moderate
DEBB021;"'2016-10-15 02:00'";27;33;11;24;1;moderate
DEBB021;"'2016-10-15 03:00'";29;30;10;26;1;moderate
DEBB021;"'2016-10-15 04:00'";30;27;10;27;1;moderate
DEBB021;"'2016-10-15 05:00'";29;24;11;27;1;moderate
DEBB021;"'2016-10-15 06:00'";28;22;11;26;1;moderate
DEBB021;"'2016-10-15 07:00'";28;21;13;25;1;moderate
DEBB021;"'2016-10-15 08:00'";27;19;13;25;1;moderate
DEBB021;"'2016-10-15 09:00'";28;17;15;25;1;moderate
DEBB021;"'2016-10-15 10:00'";27;18;15;25;1;moderate
DEBB021;"'2016-10-15 11:00'";27;17;17;24;1;moderate
DEBB021;"'2016-10-15 12:00'";28;15;18;25;1;moderate
DEBB021;"'2016-10-15 13:00'";28;15;18;25;1;moderate
DEBB021;"'2016-10-15 14:00'";29;14;19;26;1;moderate
DEBB021;"'2016-10-15 15:00'";29;15;19;26;1;moderate
DEBB021;"'2016-10-15 16:00'";29;16;18;26;1;moderate
DEBB021;"'2016-10-15 17:00'";29;17;18;26;1;moderate
DEBB021;"'2016-10-15 18:00'";31;14;19;27;1;moderate
DEBB021;"'2016-10-15 19:00'";31;8;24;27;1;moderate
DEBB021;"'2016-10-15 20:00'";32;8;23;29;1;moderate
DEBB021;"'2016-10-15 21:00'";33;9;20;30;1;moderate
DEBB021;"'2016-10-15 22:00'";34;7;21;31;1;poor
DEBB021;"'2016-10-15 23:00'";32;6;22;30;1;moderate
DEBB021;"'2016-10-15 24:00'";31;3;21;29;1;moderate
DEBB021;"'2016-10-16 01:00'";33;2;21;31;1;poor
DEBB021;"'2016-10-16 02:00'";37;2;19;34;1;poor
DEBB021;"'2016-10-16 03:00'";39;5;14;34;1;poor
DEBB021;"'2016-10-16 04:00'";36;7;12;33;1;poor
DEBB021;"'2016-10-16 05:00'";42;6;12;36;1;poor
DEBB021;"'2016-10-16 06:00'";45;3;12;37;1;poor
DEBB021;"'2016-10-16 07:00'";47;2;14;40;1;poor
DEBB021;"'2016-10-16 08:00'";50;2;14;41;1;poor
DEBB021;"'2016-10-16 09:00'";50;2;12;42;1;poor
DEBB021;"'2016-10-16 10:00'";48;3;11;43;1;poor
DEBB021;"'2016-10-16 11:00'";48;4;11;43;1;poor
DEBB021;"'2016-10-16 12:00'";48;5;10;44;1;poor
DEBB021;"'2016-10-16 13:00'";50;7;10;45;1;poor
DEBB021;"'2016-10-16 14:00'";52;9;10;46;1;poor
DEBB021;"'2016-10-16 15:00'";50;11;10;45;1;poor
DEBB021;"'2016-10-16 16:00'";49;13;11;45;1;poor
DEBB021;"'2016-10-16 17:00'";49;11;14;45;1;poor
DEBB021;"'2016-10-16 18:00'";60;7;15;55;1;"very poor"
DEBB021;"'2016-10-16 19:00'";60;5;16;56;1;"very poor"
DEBB021;"'2016-10-16 20:00'";56;7;13;53;1;"very poor"
DEBB021;"'2016-10-16 21:00'";47;8;12;45;1;poor
DEBB021;"'2016-10-16 22:00'";41;3;15;40;1;poor
DEBB021;"'2016-10-16 23:00'";38;2;16;37;4;poor
DEBB021;"'2016-10-16 24:00'";40;3;13;38;3;poor
DEBB021;"'2016-10-17 01:00'";38;7;9;36;1;poor
DEBB021;"'2016-10-17 02:00'";37;6;13;35;1;poor
DEBB021;"'2016-10-17 03:00'";33;2;18;31;3;poor
DEBB021;"'2016-10-17 04:00'";28;3;18;26;3;moderate
DEBB021;"'2016-10-17 05:00'";26;5;16;25;3;moderate
DEBB021;"'2016-10-17 06:00'";26;2;18;23;3;moderate
DEBB021;"'2016-10-17 07:00'";23;2;18;20;3;moderate
DEBB021;"'2016-10-17 08:00'";19;2;18;18;3;moderate
DEBB021;"'2016-10-17 09:00'";20;5;16;18;3;moderate
DEBB021;"'2016-10-17 10:00'";21;5;17;19;3;moderate
DEBB021;"'2016-10-17 11:00'";27;6;17;24;3;moderate
DEBB021;"'2016-10-17 12:00'";29;7;18;28;3;moderate
DEBB021;"'2016-10-17 13:00'";33;9;19;31;2;poor
DEBB021;"'2016-10-17 14:00'";32;13;16;30;1;moderate
DEBB021;"'2016-10-17 15:00'";31;15;17;28;1;moderate
DEBB021;"'2016-10-17 16:00'";32;14;18;29;1;moderate
DEBB021;"'2016-10-17 17:00'";28;13;20;26;3;moderate
DEBB021;"'2016-10-17 18:00'";28;10;24;26;3;moderate
DEBB021;"'2016-10-17 19:00'";30;8;25;28;4;moderate
DEBB021;"'2016-10-17 20:00'";30;9;26;28;4;moderate
DEBB021;"'2016-10-17 21:00'";32;10;23;30;4;moderate
DEBB021;"'2016-10-17 22:00'";34;13;17;30;2;moderate
DEBB021;"'2016-10-17 23:00'";34;13;15;30;1;moderate
DEBB021;"'2016-10-17 24:00'";32;14;14;29;1;moderate
DEBB021;"'2016-10-18 01:00'";32;13;13;28;1;moderate
DEBB021;"'2016-10-18 02:00'";32;12;12;29;1;moderate
DEBB021;"'2016-10-18 03:00'";32;10;14;29;1;moderate
DEBB021;"'2016-10-18 04:00'";32;10;13;29;1;moderate
DEBB021;"'2016-10-18 05:00'";33;7;16;30;1;moderate
DEBB021;"'2016-10-18 06:00'";33;2;19;30;1;moderate
DEBB021;"'2016-10-18 07:00'";33;2;21;29;1;moderate
DEBB021;"'2016-10-18 08:00'";35;2;22;31;1;poor
DEBB021;"'2016-10-18 09:00'";35;2;22;31;1;poor
DEBB021;"'2016-10-18 10:00'";40;2;20;33;1;poor
DEBB021;"'2016-10-18 11:00'";38;2;20;30;1;moderate
DEBB021;"'2016-10-18 12:00'";38;6;17;31;1;poor
DEBB021;"'2016-10-18 13:00'";53;6;20;44;1;poor
DEBB021;"'2016-10-18 14:00'";49;7;17;41;1;poor
DEBB021;"'2016-10-18 15:00'";48;8;20;40;1;poor
DEBB021;"'2016-10-18 16:00'";42;12;20;37;1;poor
DEBB021;"'2016-10-18 17:00'";40;14;22;35;1;poor
DEBB021;"'2016-10-18 18:00'";42;5;28;37;1;poor
DEBB021;"'2016-10-18 19:00'";42;2;30;38;1;poor
DEBB021;"'2016-10-18 20:00'";40;5;28;37;1;poor
DEBB021;"'2016-10-18 21:00'";38;5;25;36;1;poor
DEBB021;"'2016-10-18 22:00'";36;4;22;34;1;poor
DEBB021;"'2016-10-18 23:00'";38;2;21;35;1;poor
DEBB021;"'2016-10-18 24:00'";37;2;17;34;1;poor
DEBB021;"'2016-10-19 01:00'";34;2;15;31;1;poor
DEBB021;"'2016-10-19 02:00'";25;15;14;24;1;moderate
DEBB021;"'2016-10-19 03:00'";23;15;13;21;1;moderate
DEBB021;"'2016-10-19 04:00'";20;13;13;19;1;moderate
DEBB021;"'2016-10-19 05:00'";13;26;9;11;1;good
DEBB021;"'2016-10-19 06:00'";11;28;10;9;1;good
DEBB021;"'2016-10-19 07:00'";11;22;17;10;1;good
DEBB021;"'2016-10-19 08:00'";7;40;18;6;1;good
DEBB021;"'2016-10-19 09:00'";7;36;25;6;1;good
DEBB021;"'2016-10-19 10:00'";8;28;34;6;1;moderate
DEBB021;"'2016-10-19 11:00'";8;30;31;6;1;moderate
DEBB021;"'2016-10-19 12:00'";8;35;22;6;1;good
DEBB021;"'2016-10-19 13:00'";13;35;18;10;1;good
DEBB021;"'2016-10-19 14:00'";14;31;21;11;1;good
DEBB021;"'2016-10-19 15:00'";11;29;27;9;1;good
DEBB021;"'2016-10-19 16:00'";9;41;18;8;1;good
DEBB021;"'2016-10-19 17:00'";6;38;16;5;1;good
DEBB021;"'2016-10-19 18:00'";5;33;21;4;1;good
DEBB021;"'2016-10-19 19:00'";7;13;33;6;1;moderate
DEBB021;"'2016-10-19 20:00'";10;16;27;8;1;good
DEBB021;"'2016-10-19 21:00'";10;8;36;8;1;moderate
DEBB021;"'2016-10-19 22:00'";8;16;27;7;1;good
DEBB021;"'2016-10-19 23:00'";10;19;22;9;1;good
DEBB021;"'2016-10-19 24:00'";12;22;16;11;1;good
DEBB021;"'2016-10-20 01:00'";12;23;13;11;1;good
DEBB021;"'2016-10-20 02:00'";11;22;11;10;1;good
DEBB021;"'2016-10-20 03:00'";11;22;10;9;1;good
DEBB021;"'2016-10-20 04:00'";9;26;8;8;1;good
DEBB021;"'2016-10-20 05:00'";8;26;10;7;1;good
DEBB021;"'2016-10-20 06:00'";8;17;14;7;1;good
DEBB021;"'2016-10-20 07:00'";8;8;23;7;1;good
DEBB021;"'2016-10-20 08:00'";9;2;33;7;1;moderate
DEBB021;"'2016-10-20 09:00'";10;2;39;8;1;moderate
DEBB021;"'2016-10-20 10:00'";11;4;37;8;1;moderate
DEBB021;"'2016-10-20 11:00'";10;6;36;8;1;moderate
DEBB021;"'2016-10-20 12:00'";10;13;28;8;1;good
DEBB021;"'2016-10-20 13:00'";9;29;16;7;1;good
DEBB021;"'2016-10-20 14:00'";8;35;14;7;1;good
DEBB021;"'2016-10-20 15:00'";9;41;11;8;1;good
DEBB021;"'2016-10-20 16:00'";12;34;17;9;1;good
DEBB021;"'2016-10-20 17:00'";12;29;21;9;1;good
DEBB021;"'2016-10-20 18:00'";11;28;22;9;1;good
DEBB021;"'2016-10-20 19:00'";14;11;34;12;1;moderate
DEBB021;"'2016-10-20 20:00'";16;5;39;13;1;moderate
DEBB021;"'2016-10-20 21:00'";16;2;41;14;1;moderate
DEBB021;"'2016-10-20 22:00'";17;2;39;15;1;moderate
DEBB021;"'2016-10-20 23:00'";27;2;32;24;1;moderate
DEBB021;"'2016-10-20 24:00'";33;4;28;29;1;moderate
DEBB021;"'2016-10-21 01:00'";34;5;25;31;1;poor
DEBB021;"'2016-10-21 02:00'";33;2;26;29;1;moderate
DEBB021;"'2016-10-21 03:00'";31;5;21;29;1;moderate
DEBB021;"'2016-10-21 04:00'";19;18;17;19;1;moderate
DEBB021;"'2016-10-21 05:00'";25;2;23;24;1;moderate
DEBB021;"'2016-10-21 06:00'";19;5;23;19;1;moderate
DEBB021;"'2016-10-21 07:00'";20;3;27;20;1;moderate
DEBB021;"'2016-10-21 08:00'";21;2;30;20;1;moderate
DEBB021;"'2016-10-21 09:00'";18;5;28;17;1;moderate
DEBB021;"'2016-10-21 10:00'";17;11;26;15;1;good
DEBB021;"'2016-10-21 11:00'";16;16;24;15;1;good
DEBB021;"'2016-10-21 12:00'";14;20;22;12;1;good
DEBB021;"'2016-10-21 13:00'";12;23;21;11;1;good
DEBB021;"'2016-10-21 14:00'";12;26;16;11;1;good
DEBB021;"'2016-10-21 15:00'";12;21;18;10;1;good
DEBB021;"'2016-10-21 16:00'";9;19;16;8;1;good
DEBB021;"'2016-10-21 17:00'";8;17;20;7;1;good
DEBB021;"'2016-10-21 18:00'";8;17;20;7;1;good
DEBB021;"'2016-10-21 19:00'";8;12;23;7;1;good
DEBB021;"'2016-10-21 20:00'";9;12;24;8;1;good
DEBB021;"'2016-10-21 21:00'";14;20;19;13;1;good
DEBB021;"'2016-10-21 22:00'";9;21;16;8;1;good
DEBB021;"'2016-10-21 23:00'";12;13;22;10;1;good
DEBB021;"'2016-10-21 24:00'";14;7;25;13;1;good
DEBB021;"'2016-10-22 01:00'";16;7;23;15;1;good
DEBB021;"'2016-10-22 02:00'";17;9;20;15;1;good
DEBB021;"'2016-10-22 03:00'";18;10;14;16;1;moderate
DEBB021;"'2016-10-22 04:00'";18;9;13;16;1;moderate
DEBB021;"'2016-10-22 05:00'";20;7;14;17;1;moderate
DEBB021;"'2016-10-22 06:00'";20;5;15;17;1;moderate
DEBB021;"'2016-10-22 07:00'";19;4;16;16;1;moderate
DEBB021;"'2016-10-22 08:00'";19;2;16;16;1;moderate
DEBB021;"'2016-10-22 09:00'";19;4;15;15;1;good
DEBB021;"'2016-10-22 10:00'";17;8;15;15;1;good
DEBB021;"'2016-10-22 11:00'";18;16;13;16;1;moderate
DEBB021;"'2016-10-22 12:00'";19;24;9;17;1;moderate
DEBB021;"'2016-10-22 13:00'";18;29;10;17;1;moderate
DEBB021;"'2016-10-22 14:00'";23;27;16;18;1;moderate
DEBB021;"'2016-10-22 15:00'";20;28;15;17;1;moderate
DEBB021;"'2016-10-22 16:00'";21;20;19;19;1;moderate
DEBB021;"'2016-10-22 17:00'";21;14;20;20;1;moderate
DEBB021;"'2016-10-22 18:00'";13;13;25;13;1;good
DEBB021;"'2016-10-22 19:00'";11;18;23;10;1;good
DEBB021;"'2016-10-22 20:00'";12;12;26;12;1;good
DEBB021;"'2016-10-22 21:00'";16;10;24;15;1;good
DEBB021;"'2016-10-22 22:00'";17;7;26;16;1;moderate
DEBB021;"'2016-10-22 23:00'";14;13;18;13;1;good
DEBB021;"'2016-10-22 24:00'";16;9;20;15;1;good
DEBB021;"'2016-10-23 01:00'";20;2;22;18;1;moderate
DEBB021;"'2016-10-23 02:00'";16;5;17;14;1;good
DEBB021;"'2016-10-23 03:00'";15;5;14;13;1;good
DEBB021;"'2016-10-23 04:00'";17;2;15;14;1;good
DEBB021;"'2016-10-23 05:00'";16;2;13;14;1;good
DEBB021;"'2016-10-23 06:00'";16;2;13;14;1;good
DEBB021;"'2016-10-23 07:00'";15;2;12;14;1;good
DEBB021;"'2016-10-23 08:00'";16;2;10;15;1;good
DEBB021;"'2016-10-23 09:00'";18;3;10;17;1;moderate
DEBB021;"'2016-10-23 10:00'";19;6;9;18;1;moderate
DEBB021;"'2016-10-23 11:00'";21;8;8;19;1;moderate
DEBB021;"'2016-10-23 12:00'";23;13;8;22;1;moderate
DEBB021;"'2016-10-23 13:00'";24;21;8;23;1;moderate
DEBB021;"'2016-10-23 14:00'";19;26;9;18;1;moderate
DEBB021;"'2016-10-23 15:00'";18;25;12;17;1;moderate
DEBB021;"'2016-10-23 16:00'";17;27;11;16;1;moderate
DEBB021;"'2016-10-23 17:00'";20;24;15;19;1;moderate
DEBB021;"'2016-10-23 18:00'";19;17;18;17;1;moderate
DEBB021;"'2016-10-23 19:00'";17;12;22;16;1;moderate
DEBB021;"'2016-10-23 20:00'";18;7;25;17;1;moderate
DEBB021;"'2016-10-23 21:00'";20;4;29;18;1;moderate
DEBB021;"'2016-10-23 22:00'";21;2;29;19;1;moderate
DEBB021;"'2016-10-23 23:00'";21;6;25;20;1;moderate
DEBB021;"'2016-10-23 24:00'";21;6;22;20;1;moderate
DEBB021;"'2016-10-24 01:00'";22;8;18;21;1;moderate
DEBB021;"'2016-10-24 02:00'";24;7;19;23;1;moderate
DEBB021;"'2016-10-24 03:00'";25;2;21;24;1;moderate
DEBB021;"'2016-10-24 04:00'";31;6;20;28;1;moderate
DEBB021;"'2016-10-24 05:00'";32;3;20;30;1;moderate
DEBB021;"'2016-10-24 06:00'";34;3;22;32;1;poor
DEBB021;"'2016-10-24 07:00'";37;2;26;34;1;poor
DEBB021;"'2016-10-24 08:00'";38;2;25;35;1;poor
DEBB021;"'2016-10-24 09:00'";52;2;27;44;1;poor
DEBB021;"'2016-10-24 10:00'";48;3;24;45;1;poor
DEBB021;"'2016-10-24 11:00'";53;5;28;48;1;poor
DEBB021;"'2016-10-24 12:00'";52;6;30;47;1;poor
DEBB021;"'2016-10-24 13:00'";54;7;34;47;1;poor
DEBB021;"'2016-10-24 14:00'";57;6;37;49;3;poor
DEBB021;"'2016-10-24 15:00'";60;5;34;50;2;poor
DEBB021;"'2016-10-24 16:00'";56;5;35;48;1;poor
DEBB021;"'2016-10-24 17:00'";52;4;35;47;1;poor
DEBB021;"'2016-10-24 18:00'";52;2;35;48;1;poor
DEBB021;"'2016-10-24 19:00'";49;2;35;46;1;poor
DEBB021;"'2016-10-24 20:00'";46;2;34;44;1;poor
DEBB021;"'2016-10-24 21:00'";44;2;33;43;1;poor
DEBB021;"'2016-10-24 22:00'";44;2;31;43;1;poor
DEBB021;"'2016-10-24 23:00'";44;2;29;43;1;poor
DEBB021;"'2016-10-24 24:00'";42;2;26;41;1;poor
DEBB021;"'2016-10-25 01:00'";38;2;25;37;1;poor
DEBB021;"'2016-10-25 02:00'";38;5;23;37;1;poor
DEBB021;"'2016-10-25 03:00'";40;4;20;38;1;poor
DEBB021;"'2016-10-25 04:00'";41;8;12;38;1;poor
DEBB021;"'2016-10-25 05:00'";37;9;11;35;1;poor
DEBB021;"'2016-10-25 06:00'";35;9;12;33;1;poor
DEBB021;"'2016-10-25 07:00'";32;7;16;31;1;poor
DEBB021;"'2016-10-25 08:00'";33;3;23;32;1;poor
DEBB021;"'2016-10-25 09:00'";31;2;21;30;1;moderate
DEBB021;"'2016-10-25 10:00'";31;4;19;30;1;moderate
DEBB021;"'2016-10-25 11:00'";32;7;16;30;1;moderate
DEBB021;"'2016-10-25 12:00'";34;10;15;31;1;poor
DEBB021;"'2016-10-25 13:00'";36;10;15;34;1;poor
DEBB021;"'2016-10-25 14:00'";38;10;18;36;1;poor
DEBB021;"'2016-10-25 15:00'";40;13;16;38;1;poor
DEBB021;"'2016-10-25 16:00'";44;11;21;40;1;poor
DEBB021;"'2016-10-25 17:00'";45;11;23;40;1;poor
DEBB021;"'2016-10-25 18:00'";43;10;26;39;1;poor
DEBB021;"'2016-10-25 19:00'";44;3;29;40;1;poor
DEBB021;"'2016-10-25 20:00'";44;7;23;39;1;poor
DEBB021;"'2016-10-25 21:00'";33;20;17;31;2;poor
DEBB021;"'2016-10-25 22:00'";29;21;16;26;1;moderate
DEBB021;"'2016-10-25 23:00'";31;10;20;28;1;moderate
DEBB021;"'2016-10-25 24:00'";28;16;18;26;1;moderate
DEBB021;"'2016-10-26 01:00'";25;25;9;23;1;moderate
DEBB021;"'2016-10-26 02:00'";25;24;9;22;1;moderate
DEBB021;"'2016-10-26 03:00'";23;22;12;20;1;moderate
DEBB021;"'2016-10-26 04:00'";28;21;12;20;1;moderate
DEBB021;"'2016-10-26 05:00'";22;18;14;18;1;moderate
DEBB021;"'2016-10-26 06:00'";22;17;14;18;1;moderate
DEBB021;"'2016-10-26 07:00'";21;11;21;17;1;moderate
DEBB021;"'2016-10-26 08:00'";18;11;22;17;1;moderate
DEBB021;"'2016-10-26 09:00'";18;11;24;17;1;moderate
DEBB021;"'2016-10-26 10:00'";19;13;27;17;1;moderate
DEBB021;"'2016-10-26 11:00'";19;15;27;17;1;moderate
DEBB021;"'2016-10-26 12:00'";17;22;21;14;-;good
DEBB021;"'2016-10-26 13:00'";15;27;16;14;1;good
DEBB021;"'2016-10-26 14:00'";18;28;15;16;1;moderate
DEBB021;"'2016-10-26 15:00'";17;29;15;16;1;moderate
DEBB021;"'2016-10-26 16:00'";18;25;16;16;1;moderate
DEBB021;"'2016-10-26 17:00'";18;21;23;16;1;moderate
DEBB021;"'2016-10-26 18:00'";19;21;25;17;1;moderate
DEBB021;"'2016-10-26 19:00'";21;13;30;19;1;moderate
DEBB021;"'2016-10-26 20:00'";23;8;30;20;1;moderate
DEBB021;"'2016-10-26 21:00'";22;8;26;20;1;moderate
DEBB021;"'2016-10-26 22:00'";23;6;26;19;1;moderate
DEBB021;"'2016-10-26 23:00'";23;2;26;20;1;moderate
DEBB021;"'2016-10-26 24:00'";24;2;23;20;1;moderate
DEBB021;"'2016-10-27 01:00'";22;6;15;19;1;moderate
DEBB021;"'2016-10-27 02:00'";22;12;12;19;1;moderate
DEBB021;"'2016-10-27 03:00'";23;17;10;20;1;moderate
DEBB021;"'2016-10-27 04:00'";23;16;10;21;1;moderate
DEBB021;"'2016-10-27 05:00'";25;12;10;22;1;moderate
DEBB021;"'2016-10-27 06:00'";26;4;16;21;1;moderate
DEBB021;"'2016-10-27 07:00'";27;2;21;23;1;moderate
DEBB021;"'2016-10-27 08:00'";28;2;24;24;1;moderate
DEBB021;"'2016-10-27 09:00'";30;2;24;26;1;moderate
DEBB021;"'2016-10-27 10:00'";38;3;24;31;1;poor
DEBB021;"'2016-10-27 11:00'";43;7;23;35;1;poor
DEBB021;"'2016-10-27 12:00'";43;7;28;36;1;poor
DEBB021;"'2016-10-27 13:00'";45;10;24;39;1;poor
DEBB021;"'2016-10-27 14:00'";45;14;26;39;1;poor
DEBB021;"'2016-10-27 15:00'";48;11;29;42;1;poor
DEBB021;"'2016-10-27 16:00'";51;9;32;42;1;poor
DEBB021;"'2016-10-27 17:00'";46;9;37;38;1;poor
DEBB021;"'2016-10-27 18:00'";39;8;44;33;1;poor
DEBB021;"'2016-10-27 19:00'";40;5;41;33;1;poor
DEBB021;"'2016-10-27 20:00'";43;2;41;36;1;poor
DEBB021;"'2016-10-27 21:00'";36;2;31;31;1;poor
DEBB021;"'2016-10-27 22:00'";35;4;25;31;1;poor
DEBB021;"'2016-10-27 23:00'";35;2;24;31;1;poor
DEBB021;"'2016-10-27 24:00'";33;6;22;30;1;moderate
DEBB021;"'2016-10-28 01:00'";30;14;17;27;1;moderate
DEBB021;"'2016-10-28 02:00'";27;14;18;24;1;moderate
DEBB021;"'2016-10-28 03:00'";27;16;16;24;1;moderate
DEBB021;"'2016-10-28 04:00'";26;17;14;23;1;moderate
DEBB021;"'2016-10-28 05:00'";26;22;12;23;1;moderate
DEBB021;"'2016-10-28 06:00'";25;21;15;22;1;moderate
DEBB021;"'2016-10-28 07:00'";26;19;20;22;1;moderate
DEBB021;"'2016-10-28 08:00'";26;18;20;22;1;moderate
DEBB021;"'2016-10-28 09:00'";26;17;22;22;1;moderate
DEBB021;"'2016-10-28 10:00'";29;18;23;22;1;moderate
DEBB021;"'2016-10-28 11:00'";29;28;23;21;1;moderate
DEBB021;"'2016-10-28 12:00'";23;34;20;18;1;moderate
DEBB021;"'2016-10-28 13:00'";22;35;19;17;1;moderate
DEBB021;"'2016-10-28 14:00'";22;33;22;17;1;moderate
DEBB021;"'2016-10-28 15:00'";22;31;23;18;1;moderate
DEBB021;"'2016-10-28 16:00'";22;29;23;19;1;moderate
DEBB021;"'2016-10-28 17:00'";21;30;18;19;1;moderate
DEBB021;"'2016-10-28 18:00'";18;28;18;16;1;moderate
DEBB021;"'2016-10-28 19:00'";17;26;17;16;1;moderate
DEBB021;"'2016-10-28 20:00'";14;26;16;13;1;good
DEBB021;"'2016-10-28 21:00'";10;32;12;9;1;good
DEBB021;"'2016-10-28 22:00'";8;37;10;7;1;good
DEBB021;"'2016-10-28 23:00'";8;52;6;6;1;good
DEBB021;"'2016-10-28 24:00'";9;59;5;6;1;good
DEBB021;"'2016-10-29 01:00'";9;52;6;6;1;good
DEBB021;"'2016-10-29 02:00'";9;48;7;6;1;good
DEBB021;"'2016-10-29 03:00'";10;51;7;7;1;good
DEBB021;"'2016-10-29 04:00'";10;46;8;7;1;good
DEBB021;"'2016-10-29 05:00'";10;47;7;7;1;good
DEBB021;"'2016-10-29 06:00'";10;46;8;7;1;good
DEBB021;"'2016-10-29 07:00'";10;48;8;7;1;good
DEBB021;"'2016-10-29 08:00'";10;48;9;7;1;good
DEBB021;"'2016-10-29 09:00'";9;48;10;7;1;good
DEBB021;"'2016-10-29 10:00'";10;50;8;7;1;good
DEBB021;"'2016-10-29 11:00'";11;51;8;7;1;good
DEBB021;"'2016-10-29 12:00'";11;56;7;7;1;good
DEBB021;"'2016-10-29 13:00'";13;59;7;8;1;good
DEBB021;"'2016-10-29 14:00'";11;62;7;7;1;good
DEBB021;"'2016-10-29 15:00'";10;64;7;7;1;good
DEBB021;"'2016-10-29 16:00'";10;62;8;6;1;good
DEBB021;"'2016-10-29 17:00'";11;60;9;7;1;good
DEBB021;"'2016-10-29 18:00'";12;57;10;7;1;good
DEBB021;"'2016-10-29 19:00'";13;54;12;8;1;good
DEBB021;"'2016-10-29 20:00'";13;55;10;9;1;good
DEBB021;"'2016-10-29 21:00'";11;60;7;8;1;good
DEBB021;"'2016-10-29 22:00'";12;58;7;8;1;good
DEBB021;"'2016-10-29 23:00'";12;57;6;9;1;good
DEBB021;"'2016-10-29 24:00'";11;56;6;8;1;good
DEBB021;"'2016-10-30 01:00'";12;52;7;9;1;good
DEBB021;"'2016-10-30 02:00'";12;51;6;9;1;good
DEBB021;"'2016-10-30 03:00'";11;53;5;8;1;good
DEBB021;"'2016-10-30 03:00'";11;50;6;8;1;good
DEBB021;"'2016-10-30 04:00'";11;49;6;8;1;good
DEBB021;"'2016-10-30 05:00'";11;46;6;8;1;good
DEBB021;"'2016-10-30 06:00'";11;45;6;8;1;good
DEBB021;"'2016-10-30 07:00'";11;46;6;8;1;good
DEBB021;"'2016-10-30 08:00'";12;44;8;8;1;good
DEBB021;"'2016-10-30 09:00'";12;47;6;8;1;good
DEBB021;"'2016-10-30 10:00'";12;52;5;9;1;good
DEBB021;"'2016-10-30 11:00'";11;63;3;7;1;good
DEBB021;"'2016-10-30 12:00'";10;65;5;7;1;good
DEBB021;"'2016-10-30 13:00'";9;70;2;6;1;good
DEBB021;"'2016-10-30 14:00'";8;70;3;6;1;good
DEBB021;"'2016-10-30 15:00'";9;68;5;6;1;good
DEBB021;"'2016-10-30 16:00'";8;64;7;6;1;good
DEBB021;"'2016-10-30 17:00'";12;53;15;8;1;good
DEBB021;"'2016-10-30 18:00'";14;44;23;10;1;good
DEBB021;"'2016-10-30 19:00'";20;37;29;16;1;moderate
DEBB021;"'2016-10-30 20:00'";20;14;45;15;1;moderate
DEBB021;"'2016-10-30 21:00'";27;4;50;22;1;moderate
DEBB021;"'2016-10-30 22:00'";25;2;43;21;1;moderate
DEBB021;"'2016-10-30 23:00'";25;2;37;21;1;moderate
DEBB021;"'2016-10-30 24:00'";26;2;29;22;1;moderate
DEBB021;"'2016-10-31 01:00'";26;2;26;22;1;moderate
DEBB021;"'2016-10-31 02:00'";24;2;26;21;1;moderate
DEBB021;"'2016-10-31 03:00'";22;2;20;20;1;moderate
DEBB021;"'2016-10-31 04:00'";19;5;17;16;1;moderate
DEBB021;"'2016-10-31 05:00'";16;6;15;14;1;good
DEBB021;"'2016-10-31 06:00'";23;2;20;20;1;moderate
DEBB021;"'2016-10-31 07:00'";20;2;20;17;1;moderate
DEBB021;"'2016-10-31 08:00'";14;6;18;11;1;good
DEBB021;"'2016-10-31 09:00'";16;10;16;12;1;good
DEBB021;"'2016-10-31 10:00'";20;9;18;17;1;moderate
DEBB021;"'2016-10-31 11:00'";20;9;17;17;1;moderate
DEBB021;"'2016-10-31 12:00'";21;15;13;19;1;moderate
DEBB021;"'2016-10-31 13:00'";19;13;17;18;1;moderate
DEBB021;"'2016-10-31 14:00'";18;10;19;16;1;moderate
DEBB021;"'2016-10-31 15:00'";13;14;21;12;1;good
DEBB021;"'2016-10-31 16:00'";12;13;19;11;1;good
DEBB021;"'2016-10-31 17:00'";16;22;13;15;1;good
DEBB021;"'2016-10-31 18:00'";18;24;13;16;1;moderate
DEBB021;"'2016-10-31 19:00'";22;22;14;20;1;moderate
DEBB021;"'2016-10-31 20:00'";26;20;15;23;1;moderate
DEBB021;"'2016-10-31 21:00'";28;17;13;24;1;moderate
DEBB021;"'2016-10-31 22:00'";23;19;12;20;1;moderate
DEBB021;"'2016-10-31 23:00'";24;18;11;21;1;moderate
DEBB021;"'2016-10-31 24:00'";24;19;11;21;1;moderate
DEBB021;"'2016-11-01 01:00'";20;26;7;18;1;moderate
DEBB021;"'2016-11-01 02:00'";20;29;7;18;1;moderate
DEBB021;"'2016-11-01 03:00'";21;29;7;19;1;moderate
DEBB021;"'2016-11-01 04:00'";22;30;7;20;1;moderate
DEBB021;"'2016-11-01 05:00'";21;28;11;20;1;moderate
DEBB021;"'2016-11-01 06:00'";24;24;10;21;1;moderate
DEBB021;"'2016-11-01 07:00'";24;8;23;21;1;moderate
DEBB021;"'2016-11-01 08:00'";21;6;24;19;1;moderate
DEBB021;"'2016-11-01 09:00'";19;9;21;16;1;moderate
DEBB021;"'2016-11-01 10:00'";17;13;21;14;1;good
DEBB021;"'2016-11-01 11:00'";15;20;18;11;1;good
DEBB021;"'2016-11-01 12:00'";15;22;18;11;1;good
DEBB021;"'2016-11-01 13:00'";16;17;21;12;1;good
DEBB021;"'2016-11-01 14:00'";18;16;20;14;1;good
DEBB021;"'2016-11-01 15:00'";18;13;22;14;1;good
DEBB021;"'2016-11-01 16:00'";15;8;27;12;1;good
DEBB021;"'2016-11-01 17:00'";15;7;34;12;1;moderate
DEBB021;"'2016-11-01 18:00'";15;7;33;13;1;moderate
DEBB021;"'2016-11-01 19:00'";21;8;29;18;1;moderate
DEBB021;"'2016-11-01 20:00'";16;24;21;15;1;good
DEBB021;"'2016-11-01 21:00'";7;56;8;6;1;good
DEBB021;"'2016-11-01 22:00'";4;62;5;3;1;good
DEBB021;"'2016-11-01 23:00'";4;62;5;3;1;good
DEBB021;"'2016-11-01 24:00'";5;56;6;4;1;good
DEBB021;"'2016-11-02 01:00'";6;53;6;5;1;good
DEBB021;"'2016-11-02 02:00'";6;52;3;5;1;good
DEBB021;"'2016-11-02 03:00'";7;49;3;5;1;good
DEBB021;"'2016-11-02 04:00'";8;45;5;6;1;good
DEBB021;"'2016-11-02 05:00'";9;43;5;8;1;good
DEBB021;"'2016-11-02 06:00'";10;39;8;9;1;good
DEBB021;"'2016-11-02 07:00'";9;37;10;8;1;good
DEBB021;"'2016-11-02 08:00'";9;31;16;7;1;good
DEBB021;"'2016-11-02 09:00'";7;34;14;6;1;good
DEBB021;"'2016-11-02 10:00'";5;42;9;4;1;good
DEBB021;"'2016-11-02 11:00'";4;47;7;3;1;good
DEBB021;"'2016-11-02 12:00'";5;49;7;3;1;good
DEBB021;"'2016-11-02 13:00'";3;55;5;1;1;good
DEBB021;"'2016-11-02 14:00'";4;51;7;2;1;good
DEBB021;"'2016-11-02 15:00'";3;53;6;2;1;good
DEBB021;"'2016-11-02 16:00'";3;52;9;2;1;good
DEBB021;"'2016-11-02 17:00'";3;49;12;2;1;good
DEBB021;"'2016-11-02 18:00'";2;50;12;2;1;good
DEBB021;"'2016-11-02 19:00'";2;49;11;2;1;good
DEBB021;"'2016-11-02 20:00'";3;47;9;2;1;good
DEBB021;"'2016-11-02 21:00'";4;42;9;4;1;good
DEBB021;"'2016-11-02 22:00'";4;41;6;3;1;good
DEBB021;"'2016-11-02 23:00'";4;40;6;4;1;good
DEBB021;"'2016-11-02 24:00'";4;38;6;3;1;good
DEBB021;"'2016-11-03 01:00'";5;35;6;4;1;good
DEBB021;"'2016-11-03 02:00'";5;34;6;4;1;good
DEBB021;"'2016-11-03 03:00'";5;33;6;5;1;good
DEBB021;"'2016-11-03 04:00'";5;31;7;5;1;good
DEBB021;"'2016-11-03 05:00'";6;27;8;5;1;good
DEBB021;"'2016-11-03 06:00'";6;24;10;5;1;"very good"
DEBB021;"'2016-11-03 07:00'";7;16;18;6;1;good
DEBB021;"'2016-11-03 08:00'";8;11;26;6;1;good
DEBB021;"'2016-11-03 09:00'";8;13;22;7;1;good
DEBB021;"'2016-11-03 10:00'";8;18;17;7;1;good
DEBB021;"'2016-11-03 11:00'";8;22;14;7;1;good
DEBB021;"'2016-11-03 12:00'";8;27;13;7;1;good
DEBB021;"'2016-11-03 13:00'";8;36;10;6;1;good
DEBB021;"'2016-11-03 14:00'";6;43;10;5;1;good
DEBB021;"'2016-11-03 15:00'";5;44;12;4;1;good
DEBB021;"'2016-11-03 16:00'";5;40;16;4;1;good
DEBB021;"'2016-11-03 17:00'";10;16;40;6;1;moderate
DEBB021;"'2016-11-03 18:00'";9;5;50;6;1;moderate
DEBB021;"'2016-11-03 19:00'";9;5;44;8;1;moderate
DEBB021;"'2016-11-03 20:00'";12;2;44;9;1;moderate
DEBB021;"'2016-11-03 21:00'";15;2;47;12;1;moderate
DEBB021;"'2016-11-03 22:00'";12;2;43;10;1;moderate
DEBB021;"'2016-11-03 23:00'";11;2;39;10;1;moderate
DEBB021;"'2016-11-03 24:00'";10;10;25;9;1;good
DEBB021;"'2016-11-04 01:00'";11;8;24;9;1;good
DEBB021;"'2016-11-04 02:00'";12;8;23;10;1;good
DEBB021;"'2016-11-04 03:00'";12;10;21;11;1;good
DEBB021;"'2016-11-04 04:00'";13;12;18;11;1;good
DEBB021;"'2016-11-04 05:00'";13;16;16;11;1;good
DEBB021;"'2016-11-04 06:00'";13;15;18;12;1;good
DEBB021;"'2016-11-04 07:00'";15;9;24;14;1;good
DEBB021;"'2016-11-04 08:00'";18;7;26;16;1;moderate
DEBB021;"'2016-11-04 09:00'";20;8;27;17;1;moderate
DEBB021;"'2016-11-04 10:00'";20;12;25;16;1;moderate
DEBB021;"'2016-11-04 11:00'";20;19;22;14;1;good
DEBB021;"'2016-11-04 12:00'";18;20;25;13;1;good
DEBB021;"'2016-11-04 13:00'";16;20;27;12;1;good
DEBB021;"'2016-11-04 14:00'";14;22;25;11;1;good
DEBB021;"'2016-11-04 15:00'";18;19;27;15;1;good
DEBB021;"'2016-11-04 16:00'";20;14;33;17;1;moderate
DEBB021;"'2016-11-04 17:00'";21;12;30;17;1;moderate
DEBB021;"'2016-11-04 18:00'";20;15;27;17;3;moderate
DEBB021;"'2016-11-04 19:00'";19;9;34;16;3;moderate
DEBB021;"'2016-11-04 20:00'";19;10;32;16;1;moderate
DEBB021;"'2016-11-04 21:00'";20;5;36;17;1;moderate
DEBB021;"'2016-11-04 22:00'";20;2;38;18;1;moderate
DEBB021;"'2016-11-04 23:00'";19;3;34;17;1;moderate
DEBB021;"'2016-11-04 24:00'";18;8;27;16;1;moderate
DEBB021;"'2016-11-05 01:00'";18;8;25;16;1;moderate
DEBB021;"'2016-11-05 02:00'";19;8;25;16;1;moderate
DEBB021;"'2016-11-05 03:00'";19;6;26;17;1;moderate
DEBB021;"'2016-11-05 04:00'";20;5;27;18;1;moderate
DEBB021;"'2016-11-05 05:00'";20;5;26;18;1;moderate
DEBB021;"'2016-11-05 06:00'";20;5;28;18;1;moderate
DEBB021;"'2016-11-05 07:00'";21;5;29;19;1;moderate
DEBB021;"'2016-11-05 08:00'";22;4;28;19;1;moderate
DEBB021;"'2016-11-05 09:00'";23;7;27;20;1;moderate
DEBB021;"'2016-11-05 10:00'";23;13;21;21;2;moderate
DEBB021;"'2016-11-05 11:00'";23;14;19;21;3;moderate
DEBB021;"'2016-11-05 12:00'";25;12;25;22;3;moderate
DEBB021;"'2016-11-05 13:00'";26;16;22;22;3;moderate
DEBB021;"'2016-11-05 14:00'";26;14;26;22;2;moderate
DEBB021;"'2016-11-05 15:00'";26;12;26;22;1;moderate
DEBB021;"'2016-11-05 16:00'";26;7;30;23;1;moderate
DEBB021;"'2016-11-05 17:00'";25;5;30;23;1;moderate
DEBB021;"'2016-11-05 18:00'";25;5;33;24;1;moderate
DEBB021;"'2016-11-05 19:00'";26;3;35;25;1;moderate
DEBB021;"'2016-11-05 20:00'";25;5;32;24;1;moderate
DEBB021;"'2016-11-05 21:00'";25;8;30;24;1;moderate
DEBB021;"'2016-11-05 22:00'";24;15;21;23;1;moderate
DEBB021;"'2016-11-05 23:00'";25;16;21;24;1;moderate
DEBB021;"'2016-11-05 24:00'";24;16;23;23;1;moderate
DEBB021;"'2016-11-06 01:00'";21;15;26;20;1;moderate
DEBB021;"'2016-11-06 02:00'";20;14;22;19;1;moderate
DEBB021;"'2016-11-06 03:00'";20;17;16;19;1;moderate
DEBB021;"'2016-11-06 04:00'";21;20;14;20;1;moderate
DEBB021;"'2016-11-06 05:00'";21;19;12;19;1;moderate
DEBB021;"'2016-11-06 06:00'";20;16;12;19;1;moderate
DEBB021;"'2016-11-06 07:00'";21;17;11;19;1;moderate
DEBB021;"'2016-11-06 08:00'";22;16;12;20;1;moderate
DEBB021;"'2016-11-06 09:00'";23;17;11;21;1;moderate
DEBB021;"'2016-11-06 10:00'";24;16;14;22;1;moderate
DEBB021;"'2016-11-06 11:00'";24;17;16;22;1;moderate
DEBB021;"'2016-11-06 12:00'";22;22;16;20;1;moderate
DEBB021;"'2016-11-06 13:00'";22;24;14;20;1;moderate
DEBB021;"'2016-11-06 14:00'";22;25;15;19;1;moderate
DEBB021;"'2016-11-06 15:00'";20;25;19;18;1;moderate
DEBB021;"'2016-11-06 16:00'";20;24;21;18;1;moderate
DEBB021;"'2016-11-06 17:00'";21;15;28;18;1;moderate
DEBB021;"'2016-11-06 18:00'";14;29;21;12;1;good
DEBB021;"'2016-11-06 19:00'";12;23;26;11;1;good
DEBB021;"'2016-11-06 20:00'";13;19;24;12;1;good
DEBB021;"'2016-11-06 21:00'";13;21;21;11;1;good
DEBB021;"'2016-11-06 22:00'";13;25;17;12;1;good
DEBB021;"'2016-11-06 23:00'";13;24;16;11;1;good
DEBB021;"'2016-11-06 24:00'";9;33;11;9;1;good
DEBB021;"'2016-11-07 01:00'";10;30;9;10;1;good
DEBB021;"'2016-11-07 02:00'";10;26;11;9;1;good
DEBB021;"'2016-11-07 03:00'";11;27;8;10;1;good
DEBB021;"'2016-11-07 04:00'";10;29;8;9;1;good
DEBB021;"'2016-11-07 05:00'";12;24;9;11;1;good
DEBB021;"'2016-11-07 06:00'";13;21;12;12;1;good
DEBB021;"'2016-11-07 07:00'";12;19;17;11;1;good
DEBB021;"'2016-11-07 08:00'";11;13;22;10;1;good
DEBB021;"'2016-11-07 09:00'";9;18;19;8;1;good
DEBB021;"'2016-11-07 10:00'";6;27;13;5;1;good
DEBB021;"'2016-11-07 11:00'";5;30;13;4;1;good
DEBB021;"'2016-11-07 12:00'";5;32;12;4;1;good
DEBB021;"'2016-11-07 13:00'";2;38;11;1;1;good
DEBB021;"'2016-11-07 14:00'";2;39;11;2;1;good
DEBB021;"'2016-11-07 15:00'";4;37;12;3;1;good
DEBB021;"'2016-11-07 16:00'";3;39;13;2;1;good
DEBB021;"'2016-11-07 17:00'";4;28;25;4;1;good
DEBB021;"'2016-11-07 18:00'";6;19;29;5;1;good
DEBB021;"'2016-11-07 19:00'";6;23;23;6;1;good
DEBB021;"'2016-11-07 20:00'";8;25;18;7;1;good
DEBB021;"'2016-11-07 21:00'";9;30;14;9;1;good
DEBB021;"'2016-11-07 22:00'";10;27;16;9;1;good
DEBB021;"'2016-11-07 23:00'";10;24;19;9;1;good
DEBB021;"'2016-11-07 24:00'";12;24;17;11;1;good
DEBB021;"'2016-11-08 01:00'";11;25;15;11;1;good
DEBB021;"'2016-11-08 02:00'";12;20;18;11;1;good
DEBB021;"'2016-11-08 03:00'";12;17;19;11;1;good
DEBB021;"'2016-11-08 04:00'";11;26;10;10;1;good
DEBB021;"'2016-11-08 05:00'";12;25;9;11;1;good
DEBB021;"'2016-11-08 06:00'";15;17;13;14;1;good
DEBB021;"'2016-11-08 07:00'";17;10;21;15;1;good
DEBB021;"'2016-11-08 08:00'";15;5;28;14;1;good
DEBB021;"'2016-11-08 09:00'";13;10;27;12;1;good
DEBB021;"'2016-11-08 10:00'";18;8;27;16;1;moderate
DEBB021;"'2016-11-08 11:00'";21;10;22;19;1;moderate
DEBB021;"'2016-11-08 12:00'";22;14;19;20;1;moderate
DEBB021;"'2016-11-08 13:00'";22;19;16;21;1;moderate
DEBB021;"'2016-11-08 14:00'";23;16;22;21;1;moderate
DEBB021;"'2016-11-08 15:00'";22;17;21;20;1;moderate
DEBB021;"'2016-11-08 16:00'";16;15;25;16;1;moderate
DEBB021;"'2016-11-08 17:00'";11;14;27;10;1;good
DEBB021;"'2016-11-08 18:00'";4;13;21;4;1;good
DEBB021;"'2016-11-08 19:00'";7;12;23;6;1;good
DEBB021;"'2016-11-08 20:00'";8;18;19;8;1;good
DEBB021;"'2016-11-08 21:00'";8;22;18;8;1;good
DEBB021;"'2016-11-08 22:00'";10;29;14;9;1;good
DEBB021;"'2016-11-08 23:00'";9;36;11;9;1;good
DEBB021;"'2016-11-08 24:00'";9;40;9;9;1;good
DEBB021;"'2016-11-09 01:00'";11;37;10;11;1;good
DEBB021;"'2016-11-09 02:00'";10;41;7;10;1;good
DEBB021;"'2016-11-09 03:00'";8;42;6;8;1;good
DEBB021;"'2016-11-09 04:00'";6;45;6;6;1;good
DEBB021;"'2016-11-09 05:00'";8;40;7;8;1;good
DEBB021;"'2016-11-09 06:00'";9;29;15;9;1;good
DEBB021;"'2016-11-09 07:00'";11;11;34;10;1;moderate
DEBB021;"'2016-11-09 08:00'";11;2;36;10;1;moderate
DEBB021;"'2016-11-09 09:00'";15;7;33;14;1;moderate
DEBB021;"'2016-11-09 10:00'";15;17;20;14;1;good
DEBB021;"'2016-11-09 11:00'";16;22;18;15;1;good
DEBB021;"'2016-11-09 12:00'";16;24;15;14;1;good
DEBB021;"'2016-11-09 13:00'";14;25;16;14;1;good
DEBB021;"'2016-11-09 14:00'";16;25;18;14;2;good
DEBB021;"'2016-11-09 15:00'";18;22;19;16;1;moderate
DEBB021;"'2016-11-09 16:00'";20;19;23;18;1;moderate
DEBB021;"'2016-11-09 17:00'";22;9;32;21;1;moderate
DEBB021;"'2016-11-09 18:00'";24;2;41;22;1;moderate
DEBB021;"'2016-11-09 19:00'";24;2;40;21;1;moderate
DEBB021;"'2016-11-09 20:00'";22;2;35;20;1;moderate
DEBB021;"'2016-11-09 21:00'";20;2;32;19;1;moderate
DEBB021;"'2016-11-09 22:00'";20;2;30;19;1;moderate
DEBB021;"'2016-11-09 23:00'";20;2;30;19;1;moderate
DEBB021;"'2016-11-09 24:00'";20;2;29;19;1;moderate
DEBB021;"'2016-11-10 01:00'";21;2;28;20;1;moderate
DEBB021;"'2016-11-10 02:00'";21;3;24;21;1;moderate
DEBB021;"'2016-11-10 03:00'";22;5;21;21;1;moderate
DEBB021;"'2016-11-10 04:00'";24;4;23;23;1;moderate
DEBB021;"'2016-11-10 05:00'";26;5;22;25;1;moderate
DEBB021;"'2016-11-10 06:00'";27;5;24;26;1;moderate
DEBB021;"'2016-11-10 07:00'";29;2;28;28;1;moderate
DEBB021;"'2016-11-10 08:00'";30;2;32;29;3;moderate
DEBB021;"'2016-11-10 09:00'";32;3;35;30;3;moderate
DEBB021;"'2016-11-10 10:00'";33;6;35;30;3;moderate
DEBB021;"'2016-11-10 11:00'";34;8;36;31;3;poor
DEBB021;"'2016-11-10 12:00'";35;11;34;31;4;poor
DEBB021;"'2016-11-10 13:00'";35;15;34;31;5;poor
DEBB021;"'2016-11-10 14:00'";39;12;37;34;4;poor
DEBB021;"'2016-11-10 15:00'";46;7;43;40;5;poor
DEBB021;"'2016-11-10 16:00'";48;4;43;42;5;poor
DEBB021;"'2016-11-10 17:00'";47;2;44;42;5;poor
DEBB021;"'2016-11-10 18:00'";47;2;40;43;4;poor
DEBB021;"'2016-11-10 19:00'";52;2;41;47;2;poor
DEBB021;"'2016-11-10 20:00'";57;2;43;51;1;"very poor"
DEBB021;"'2016-11-10 21:00'";60;2;42;54;3;"very poor"
DEBB021;"'2016-11-10 22:00'";61;2;41;56;1;"very poor"
DEBB021;"'2016-11-10 23:00'";60;2;39;56;1;"very poor"
DEBB021;"'2016-11-10 24:00'";58;2;36;56;1;"very poor"
DEBB021;"'2016-11-11 01:00'";53;5;31;52;1;"very poor"
DEBB021;"'2016-11-11 02:00'";54;2;32;52;1;"very poor"
DEBB021;"'2016-11-11 03:00'";47;11;25;46;1;poor
DEBB021;"'2016-11-11 04:00'";46;17;20;45;1;poor
DEBB021;"'2016-11-11 05:00'";41;21;20;40;1;poor
DEBB021;"'2016-11-11 06:00'";41;15;25;40;1;poor
DEBB021;"'2016-11-11 07:00'";46;4;35;45;5;poor
DEBB021;"'2016-11-11 08:00'";41;10;33;40;3;poor
DEBB021;"'2016-11-11 09:00'";41;8;35;39;3;poor
DEBB021;"'2016-11-11 10:00'";33;15;32;31;2;poor
DEBB021;"'2016-11-11 11:00'";30;20;30;27;2;moderate
DEBB021;"'2016-11-11 12:00'";32;22;29;29;4;moderate
DEBB021;"'2016-11-11 13:00'";34;25;27;32;5;poor
DEBB021;"'2016-11-11 14:00'";38;24;28;35;6;poor
DEBB021;"'2016-11-11 15:00'";34;28;27;31;5;poor
DEBB021;"'2016-11-11 16:00'";39;18;38;36;4;poor
DEBB021;"'2016-11-11 17:00'";37;16;40;35;4;poor
DEBB021;"'2016-11-11 18:00'";48;7;46;44;5;poor
DEBB021;"'2016-11-11 19:00'";54;2;43;50;4;poor
DEBB021;"'2016-11-11 20:00'";55;2;41;52;3;"very poor"
DEBB021;"'2016-11-11 21:00'";59;2;42;56;3;"very poor"
DEBB021;"'2016-11-11 22:00'";59;2;42;57;3;"very poor"
DEBB021;"'2016-11-11 23:00'";57;2;40;55;2;"very poor"
DEBB021;"'2016-11-11 24:00'";55;2;37;53;1;"very poor"
DEBB021;"'2016-11-12 01:00'";53;2;34;52;1;"very poor"
DEBB021;"'2016-11-12 02:00'";51;2;33;50;1;poor
DEBB021;"'2016-11-12 03:00'";51;2;30;50;1;poor
DEBB021;"'2016-11-12 04:00'";49;2;30;48;1;poor
DEBB021;"'2016-11-12 05:00'";47;2;27;46;1;poor
DEBB021;"'2016-11-12 06:00'";51;2;26;46;1;poor
DEBB021;"'2016-11-12 07:00'";96;2;28;69;1;"very poor"
DEBB021;"'2016-11-12 08:00'";66;2;28;54;1;"very poor"
DEBB021;"'2016-11-12 09:00'";56;4;27;44;1;poor
DEBB021;"'2016-11-12 10:00'";38;12;23;36;1;poor
DEBB021;"'2016-11-12 11:00'";34;15;24;33;2;poor
DEBB021;"'2016-11-12 12:00'";35;14;31;33;2;poor
DEBB021;"'2016-11-12 13:00'";18;34;21;17;1;moderate
DEBB021;"'2016-11-12 14:00'";14;42;16;13;1;good
DEBB021;"'2016-11-12 15:00'";13;42;14;13;1;good
DEBB021;"'2016-11-12 16:00'";17;33;21;16;1;moderate
DEBB021;"'2016-11-12 17:00'";32;2;46;30;2;moderate
DEBB021;"'2016-11-12 18:00'";33;2;45;32;1;poor
DEBB021;"'2016-11-12 19:00'";44;2;45;41;3;poor
DEBB021;"'2016-11-12 20:00'";33;2;41;33;1;poor
DEBB021;"'2016-11-12 21:00'";34;2;42;32;1;poor
DEBB021;"'2016-11-12 22:00'";39;2;47;37;1;poor
DEBB021;"'2016-11-12 23:00'";50;2;47;48;1;poor
DEBB021;"'2016-11-12 24:00'";50;2;40;47;1;poor
DEBB021;"'2016-11-13 01:00'";45;2;35;43;1;poor
DEBB021;"'2016-11-13 02:00'";39;2;38;38;1;poor
DEBB021;"'2016-11-13 03:00'";36;2;38;36;1;poor
DEBB021;"'2016-11-13 04:00'";38;2;37;37;1;poor
DEBB021;"'2016-11-13 05:00'";41;2;35;40;1;poor
DEBB021;"'2016-11-13 06:00'";38;2;32;38;1;poor
DEBB021;"'2016-11-13 07:00'";37;2;31;37;1;poor
DEBB021;"'2016-11-13 08:00'";36;2;29;36;1;poor
DEBB021;"'2016-11-13 09:00'";34;2;27;33;1;poor
DEBB021;"'2016-11-13 10:00'";34;5;30;33;1;poor
DEBB021;"'2016-11-13 11:00'";33;11;33;32;1;poor
DEBB021;"'2016-11-13 12:00'";33;19;31;32;2;poor
DEBB021;"'2016-11-13 13:00'";28;31;23;27;3;moderate
DEBB021;"'2016-11-13 14:00'";20;39;16;19;4;moderate
DEBB021;"'2016-11-13 15:00'";22;44;14;22;4;moderate
DEBB021;"'2016-11-13 16:00'";22;34;27;21;4;moderate
DEBB021;"'2016-11-13 17:00'";27;11;53;25;3;moderate
DEBB021;"'2016-11-13 18:00'";34;2;59;30;2;moderate
DEBB021;"'2016-11-13 19:00'";39;2;62;36;3;poor
DEBB021;"'2016-11-13 20:00'";39;2;59;36;1;poor
DEBB021;"'2016-11-13 21:00'";40;2;56;38;1;poor
DEBB021;"'2016-11-13 22:00'";33;2;53;31;1;poor
DEBB021;"'2016-11-13 23:00'";30;2;52;29;1;moderate
DEBB021;"'2016-11-13 24:00'";28;2;52;28;1;moderate
DEBB021;"'2016-11-14 01:00'";30;2;51;30;1;moderate
DEBB021;"'2016-11-14 02:00'";30;2;47;29;1;moderate
DEBB021;"'2016-11-14 03:00'";31;2;46;31;1;poor
DEBB021;"'2016-11-14 04:00'";31;2;42;30;1;moderate
DEBB021;"'2016-11-14 05:00'";29;2;39;28;1;moderate
DEBB021;"'2016-11-14 06:00'";28;2;40;28;1;moderate
DEBB021;"'2016-11-14 07:00'";28;2;45;27;1;moderate
DEBB021;"'2016-11-14 08:00'";30;2;51;27;1;moderate
DEBB021;"'2016-11-14 09:00'";37;2;67;30;2;poor
DEBB021;"'2016-11-14 10:00'";43;2;69;31;3;poor
DEBB021;"'2016-11-14 11:00'";42;4;58;31;2;poor
DEBB021;"'2016-11-14 12:00'";21;25;30;18;1;moderate
DEBB021;"'2016-11-14 13:00'";15;40;19;13;1;good
DEBB021;"'2016-11-14 14:00'";13;45;18;11;2;good
DEBB021;"'2016-11-14 15:00'";10;47;19;9;3;good
DEBB021;"'2016-11-14 16:00'";13;33;32;10;1;moderate
DEBB021;"'2016-11-14 17:00'";17;14;54;11;1;moderate
DEBB021;"'2016-11-14 18:00'";17;16;45;15;1;moderate
DEBB021;"'2016-11-14 19:00'";16;17;40;15;1;moderate
DEBB021;"'2016-11-14 20:00'";18;15;38;16;3;moderate
DEBB021;"'2016-11-14 21:00'";18;18;32;16;3;moderate
DEBB021;"'2016-11-14 22:00'";18;20;29;17;3;moderate
DEBB021;"'2016-11-14 23:00'";18;19;29;17;3;moderate
DEBB021;"'2016-11-14 24:00'";17;22;26;16;3;moderate
DEBB021;"'2016-11-15 01:00'";16;26;23;15;3;good
DEBB021;"'2016-11-15 02:00'";15;31;18;14;3;good
DEBB021;"'2016-11-15 03:00'";15;33;16;14;1;good
DEBB021;"'2016-11-15 04:00'";14;34;14;13;1;good
DEBB021;"'2016-11-15 05:00'";15;31;15;14;1;good
DEBB021;"'2016-11-15 06:00'";15;27;18;14;2;good
DEBB021;"'2016-11-15 07:00'";17;23;23;15;3;good
DEBB021;"'2016-11-15 08:00'";17;19;27;15;4;good
DEBB021;"'2016-11-15 09:00'";19;21;26;16;3;moderate
DEBB021;"'2016-11-15 10:00'";22;24;24;19;2;moderate
DEBB021;"'2016-11-15 11:00'";22;22;26;20;1;moderate
DEBB021;"'2016-11-15 12:00'";22;19;29;21;1;moderate
DEBB021;"'2016-11-15 13:00'";19;19;28;18;1;moderate
DEBB021;"'2016-11-15 14:00'";15;19;28;15;1;good
DEBB021;"'2016-11-15 15:00'";15;15;36;15;1;moderate
DEBB021;"'2016-11-15 16:00'";15;12;33;14;1;moderate
DEBB021;"'2016-11-15 17:00'";13;8;35;13;1;moderate
DEBB021;"'2016-11-15 18:00'";11;8;31;11;1;moderate
DEBB021;"'2016-11-15 19:00'";9;7;30;9;1;good
DEBB021;"'2016-11-15 20:00'";9;6;28;9;1;good
DEBB021;"'2016-11-15 21:00'";9;4;30;9;1;good
DEBB021;"'2016-11-15 22:00'";9;2;33;9;1;moderate
DEBB021;"'2016-11-15 23:00'";6;2;34;6;1;moderate
DEBB021;"'2016-11-15 24:00'";6;2;34;6;1;moderate
DEBB021;"'2016-11-16 01:00'";6;2;33;5;1;moderate
DEBB021;"'2016-11-16 02:00'";6;2;32;6;1;moderate
DEBB021;"'2016-11-16 03:00'";6;2;33;6;1;moderate
DEBB021;"'2016-11-16 04:00'";9;3;34;7;1;moderate
DEBB021;"'2016-11-16 05:00'";10;10;32;8;1;moderate
DEBB021;"'2016-11-16 06:00'";11;10;33;9;1;moderate
DEBB021;"'2016-11-16 07:00'";14;3;41;11;1;moderate
DEBB021;"'2016-11-16 08:00'";15;2;37;11;1;moderate
DEBB021;"'2016-11-16 09:00'";11;3;34;9;1;moderate
DEBB021;"'2016-11-16 10:00'";11;5;30;9;1;good
DEBB021;"'2016-11-16 11:00'";14;6;28;13;1;good
DEBB021;"'2016-11-16 12:00'";17;9;25;15;1;good
DEBB021;"'2016-11-16 13:00'";20;7;24;18;1;moderate
DEBB021;"'2016-11-16 14:00'";19;6;23;17;1;moderate
DEBB021;"'2016-11-16 15:00'";14;2;25;14;1;good
DEBB021;"'2016-11-16 16:00'";5;2;25;5;1;good
DEBB021;"'2016-11-16 17:00'";3;2;27;3;1;good
DEBB021;"'2016-11-16 18:00'";3;2;26;3;1;good
DEBB021;"'2016-11-16 19:00'";4;2;27;3;1;good
DEBB021;"'2016-11-16 20:00'";4;3;26;3;1;good
DEBB021;"'2016-11-16 21:00'";5;3;27;4;1;good
DEBB021;"'2016-11-16 22:00'";6;5;24;6;1;good
DEBB021;"'2016-11-16 23:00'";7;7;22;6;1;good
DEBB021;"'2016-11-16 24:00'";8;7;21;7;1;good
DEBB021;"'2016-11-17 01:00'";7;8;21;6;1;good
DEBB021;"'2016-11-17 02:00'";8;10;18;7;1;good
DEBB021;"'2016-11-17 03:00'";9;14;16;8;1;good
DEBB021;"'2016-11-17 04:00'";9;15;15;8;1;good
DEBB021;"'2016-11-17 05:00'";9;18;13;7;1;good
DEBB021;"'2016-11-17 06:00'";8;21;13;7;1;good
DEBB021;"'2016-11-17 07:00'";7;25;15;6;1;good
DEBB021;"'2016-11-17 08:00'";7;26;18;6;1;good
DEBB021;"'2016-11-17 09:00'";8;16;29;7;1;good
DEBB021;"'2016-11-17 10:00'";7;25;21;6;1;good
DEBB021;"'2016-11-17 11:00'";5;28;22;4;1;good
DEBB021;"'2016-11-17 12:00'";5;25;23;4;1;good
DEBB021;"'2016-11-17 13:00'";5;27;20;4;1;good
DEBB021;"'2016-11-17 14:00'";4;29;20;3;1;good
DEBB021;"'2016-11-17 15:00'";3;30;22;3;1;good
DEBB021;"'2016-11-17 16:00'";3;31;27;3;1;good
DEBB021;"'2016-11-17 17:00'";3;38;22;3;1;good
DEBB021;"'2016-11-17 18:00'";3;42;20;3;1;good
DEBB021;"'2016-11-17 19:00'";3;47;17;2;1;good
DEBB021;"'2016-11-17 20:00'";2;42;19;2;1;good
DEBB021;"'2016-11-17 21:00'";3;39;15;3;1;good
DEBB021;"'2016-11-17 22:00'";6;35;15;5;1;good
DEBB021;"'2016-11-17 23:00'";5;36;11;4;1;good
DEBB021;"'2016-11-17 24:00'";4;38;10;3;1;good
DEBB021;"'2016-11-18 01:00'";3;40;9;3;1;good
DEBB021;"'2016-11-18 02:00'";3;44;6;2;1;good
DEBB021;"'2016-11-18 03:00'";3;46;6;2;1;good
DEBB021;"'2016-11-18 04:00'";2;46;6;2;1;good
DEBB021;"'2016-11-18 05:00'";3;42;7;3;1;good
DEBB021;"'2016-11-18 06:00'";3;42;8;2;1;good
DEBB021;"'2016-11-18 07:00'";3;39;12;2;1;good
DEBB021;"'2016-11-18 08:00'";4;33;17;3;1;good
DEBB021;"'2016-11-18 09:00'";5;35;18;3;1;good
DEBB021;"'2016-11-18 10:00'";4;42;12;2;1;good
DEBB021;"'2016-11-18 11:00'";5;47;11;3;1;good
DEBB021;"'2016-11-18 12:00'";4;62;14;3;1;good
DEBB021;"'2016-11-18 13:00'";2;54;21;2;1;good
DEBB021;"'2016-11-18 14:00'";1;55;19;1;1;good
DEBB021;"'2016-11-18 15:00'";2;51;20;1;1;good
DEBB021;"'2016-11-18 16:00'";1;45;21;1;1;good
DEBB021;"'2016-11-18 17:00'";3;34;30;2;1;good
DEBB021;"'2016-11-18 18:00'";2;46;21;2;1;good
DEBB021;"'2016-11-18 19:00'";1;57;15;1;1;good
DEBB021;"'2016-11-18 20:00'";1;54;15;1;1;good
DEBB021;"'2016-11-18 21:00'";2;52;13;1;1;good
DEBB021;"'2016-11-18 22:00'";2;59;8;1;1;good
DEBB021;"'2016-11-18 23:00'";2;53;12;1;1;good
DEBB021;"'2016-11-18 24:00'";3;53;11;3;1;good
DEBB021;"'2016-11-19 01:00'";3;55;9;2;1;good
DEBB021;"'2016-11-19 02:00'";3;57;8;2;1;good
DEBB021;"'2016-11-19 03:00'";3;57;7;2;1;good
DEBB021;"'2016-11-19 04:00'";3;47;10;3;1;good
DEBB021;"'2016-11-19 05:00'";4;41;12;3;1;good
DEBB021;"'2016-11-19 06:00'";4;38;14;3;1;good
DEBB021;"'2016-11-19 07:00'";4;44;11;3;1;good
DEBB021;"'2016-11-19 08:00'";4;38;16;4;1;good
DEBB021;"'2016-11-19 09:00'";6;14;36;5;1;moderate
DEBB021;"'2016-11-19 10:00'";9;15;38;8;1;moderate
DEBB021;"'2016-11-19 11:00'";5;23;30;4;1;good
DEBB021;"'2016-11-19 12:00'";5;30;23;4;1;good
DEBB021;"'2016-11-19 13:00'";5;31;22;4;1;good
DEBB021;"'2016-11-19 14:00'";6;30;24;5;1;good
DEBB021;"'2016-11-19 15:00'";9;20;34;7;1;moderate
DEBB021;"'2016-11-19 16:00'";11;13;38;9;1;moderate
DEBB021;"'2016-11-19 17:00'";9;18;32;9;1;moderate
DEBB021;"'2016-11-19 18:00'";7;25;29;7;1;good
DEBB021;"'2016-11-19 19:00'";8;30;25;7;1;good
DEBB021;"'2016-11-19 20:00'";8;33;20;8;1;good
DEBB021;"'2016-11-19 21:00'";8;36;14;8;1;good
DEBB021;"'2016-11-19 22:00'";8;39;11;7;1;good
DEBB021;"'2016-11-19 23:00'";7;37;12;6;1;good
DEBB021;"'2016-11-19 24:00'";6;39;12;5;1;good
DEBB021;"'2016-11-20 01:00'";8;36;14;7;1;good
DEBB021;"'2016-11-20 02:00'";10;32;13;9;1;good
DEBB021;"'2016-11-20 03:00'";8;29;12;8;1;good
DEBB021;"'2016-11-20 04:00'";8;31;10;7;1;good
DEBB021;"'2016-11-20 05:00'";8;30;9;7;1;good
DEBB021;"'2016-11-20 06:00'";7;38;7;7;1;good
DEBB021;"'2016-11-20 07:00'";7;36;7;7;1;good
DEBB021;"'2016-11-20 08:00'";6;34;8;6;1;good
DEBB021;"'2016-11-20 09:00'";7;30;13;6;1;good
DEBB021;"'2016-11-20 10:00'";10;33;14;10;1;good
DEBB021;"'2016-11-20 11:00'";7;40;12;6;1;good
DEBB021;"'2016-11-20 12:00'";5;46;9;5;1;good
DEBB021;"'2016-11-20 13:00'";5;47;10;4;1;good
DEBB021;"'2016-11-20 14:00'";5;44;11;4;1;good
DEBB021;"'2016-11-20 15:00'";4;45;8;3;1;good
DEBB021;"'2016-11-20 16:00'";5;45;9;4;1;good
DEBB021;"'2016-11-20 17:00'";6;45;11;4;1;good
DEBB021;"'2016-11-20 18:00'";6;50;10;5;1;good
DEBB021;"'2016-11-20 19:00'";7;49;10;5;1;good
DEBB021;"'2016-11-20 20:00'";7;49;10;5;1;good
DEBB021;"'2016-11-20 21:00'";7;44;11;6;1;good
DEBB021;"'2016-11-20 22:00'";7;47;9;6;1;good
DEBB021;"'2016-11-20 23:00'";7;43;11;6;1;good
DEBB021;"'2016-11-20 24:00'";6;45;9;6;1;good
DEBB021;"'2016-11-21 01:00'";7;45;9;6;1;good
DEBB021;"'2016-11-21 02:00'";7;43;9;6;1;good
DEBB021;"'2016-11-21 03:00'";7;43;8;6;1;good
DEBB021;"'2016-11-21 04:00'";8;39;9;7;1;good
DEBB021;"'2016-11-21 05:00'";9;34;11;8;1;good
DEBB021;"'2016-11-21 06:00'";10;23;19;9;1;good
DEBB021;"'2016-11-21 07:00'";11;15;28;10;1;good
DEBB021;"'2016-11-21 08:00'";13;2;45;11;1;moderate
DEBB021;"'2016-11-21 09:00'";15;2;44;12;1;moderate
DEBB021;"'2016-11-21 10:00'";17;5;44;13;1;moderate
DEBB021;"'2016-11-21 11:00'";17;10;35;13;1;moderate
DEBB021;"'2016-11-21 12:00'";16;15;33;12;1;moderate
DEBB021;"'2016-11-21 13:00'";16;21;29;12;1;good
DEBB021;"'2016-11-21 14:00'";18;25;24;14;1;good
DEBB021;"'2016-11-21 15:00'";18;21;28;14;1;good
DEBB021;"'2016-11-21 16:00'";19;11;33;15;1;moderate
DEBB021;"'2016-11-21 17:00'";21;5;41;16;1;moderate
DEBB021;"'2016-11-21 18:00'";20;2;43;16;1;moderate
DEBB021;"'2016-11-21 19:00'";20;3;43;17;1;moderate
DEBB021;"'2016-11-21 20:00'";21;3;44;18;1;moderate
DEBB021;"'2016-11-21 21:00'";22;5;43;19;1;moderate
DEBB021;"'2016-11-21 22:00'";23;10;32;20;1;moderate
DEBB021;"'2016-11-21 23:00'";23;11;27;21;1;moderate
DEBB021;"'2016-11-21 24:00'";24;14;24;21;1;moderate
DEBB021;"'2016-11-22 01:00'";24;18;18;21;1;moderate
DEBB021;"'2016-11-22 02:00'";24;19;16;21;1;moderate
DEBB021;"'2016-11-22 03:00'";24;17;16;21;1;moderate
DEBB021;"'2016-11-22 04:00'";26;16;16;23;1;moderate
DEBB021;"'2016-11-22 05:00'";26;12;19;24;1;moderate
DEBB021;"'2016-11-22 06:00'";26;7;24;24;1;moderate
DEBB021;"'2016-11-22 07:00'";26;2;35;24;1;moderate
DEBB021;"'2016-11-22 08:00'";31;2;43;27;1;moderate
DEBB021;"'2016-11-22 09:00'";32;2;40;27;1;moderate
DEBB021;"'2016-11-22 10:00'";30;3;36;25;1;moderate
DEBB021;"'2016-11-22 11:00'";28;9;29;24;1;moderate
DEBB021;"'2016-11-22 12:00'";26;11;26;23;1;moderate
DEBB021;"'2016-11-22 13:00'";28;8;30;23;1;moderate
DEBB021;"'2016-11-22 14:00'";26;7;32;21;1;moderate
DEBB021;"'2016-11-22 15:00'";25;6;32;20;1;moderate
DEBB021;"'2016-11-22 16:00'";24;4;37;19;1;moderate
DEBB021;"'2016-11-22 17:00'";29;2;44;22;1;moderate
DEBB021;"'2016-11-22 18:00'";31;2;49;24;1;moderate
DEBB021;"'2016-11-22 19:00'";26;2;38;21;1;moderate
DEBB021;"'2016-11-22 20:00'";28;2;40;23;1;moderate
DEBB021;"'2016-11-22 21:00'";30;2;38;25;1;moderate
DEBB021;"'2016-11-22 22:00'";32;2;38;28;1;moderate
DEBB021;"'2016-11-22 23:00'";31;2;33;27;1;moderate
DEBB021;"'2016-11-22 24:00'";30;2;29;27;1;moderate
DEBB021;"'2016-11-23 01:00'";29;2;25;27;1;moderate
DEBB021;"'2016-11-23 02:00'";30;2;20;28;1;moderate
DEBB021;"'2016-11-23 03:00'";31;2;21;28;1;moderate
DEBB021;"'2016-11-23 04:00'";22;2;22;21;1;moderate
DEBB021;"'2016-11-23 05:00'";21;2;21;21;1;moderate
DEBB021;"'2016-11-23 06:00'";25;2;22;22;1;moderate
DEBB021;"'2016-11-23 07:00'";27;2;25;23;1;moderate
DEBB021;"'2016-11-23 08:00'";24;2;34;23;1;moderate
DEBB021;"'2016-11-23 09:00'";33;2;36;27;1;moderate
DEBB021;"'2016-11-23 10:00'";32;2;33;28;1;moderate
DEBB021;"'2016-11-23 11:00'";34;2;30;29;2;moderate
DEBB021;"'2016-11-23 12:00'";34;5;27;30;3;moderate
DEBB021;"'2016-11-23 13:00'";35;6;29;30;3;moderate
DEBB021;"'2016-11-23 14:00'";27;9;23;25;3;moderate
DEBB021;"'2016-11-23 15:00'";29;6;29;25;3;moderate
DEBB021;"'2016-11-23 16:00'";32;2;36;28;2;moderate
DEBB021;"'2016-11-23 17:00'";38;2;48;30;3;moderate
DEBB021;"'2016-11-23 18:00'";39;2;47;32;2;poor
DEBB021;"'2016-11-23 19:00'";41;2;48;33;1;poor
DEBB021;"'2016-11-23 20:00'";45;2;53;35;2;poor
DEBB021;"'2016-11-23 21:00'";42;2;34;35;1;poor
DEBB021;"'2016-11-23 22:00'";33;2;24;29;1;moderate
DEBB021;"'2016-11-23 23:00'";58;2;23;41;1;poor
DEBB021;"'2016-11-23 24:00'";49;2;27;37;1;poor
DEBB021;"'2016-11-24 01:00'";39;2;27;31;1;poor
DEBB021;"'2016-11-24 02:00'";29;2;27;25;1;moderate
DEBB021;"'2016-11-24 03:00'";25;2;26;24;1;moderate
DEBB021;"'2016-11-24 04:00'";28;2;27;25;1;moderate
DEBB021;"'2016-11-24 05:00'";34;2;23;26;1;moderate
DEBB021;"'2016-11-24 06:00'";24;2;23;24;1;moderate
DEBB021;"'2016-11-24 07:00'";24;2;27;22;1;moderate
DEBB021;"'2016-11-24 08:00'";25;2;30;21;1;moderate
DEBB021;"'2016-11-24 09:00'";21;10;31;17;1;moderate
DEBB021;"'2016-11-24 10:00'";18;14;30;16;1;moderate
DEBB021;"'2016-11-24 11:00'";17;14;32;15;1;moderate
DEBB021;"'2016-11-24 12:00'";13;23;31;11;1;moderate
DEBB021;"'2016-11-24 13:00'";13;26;30;9;2;good
DEBB021;"'2016-11-24 14:00'";12;27;28;8;3;good
DEBB021;"'2016-11-24 15:00'";10;26;27;8;1;good
DEBB021;"'2016-11-24 16:00'";8;27;25;6;1;good
DEBB021;"'2016-11-24 17:00'";9;14;40;6;1;moderate
DEBB021;"'2016-11-24 18:00'";11;7;50;8;1;moderate
DEBB021;"'2016-11-24 19:00'";9;9;44;6;1;moderate
DEBB021;"'2016-11-24 20:00'";16;7;49;13;1;moderate
DEBB021;"'2016-11-24 21:00'";11;14;35;9;1;moderate
DEBB021;"'2016-11-24 22:00'";12;13;34;10;1;moderate
DEBB021;"'2016-11-24 23:00'";14;11;33;11;1;moderate
DEBB021;"'2016-11-24 24:00'";12;14;29;10;1;good
DEBB021;"'2016-11-25 01:00'";13;8;30;11;1;good
DEBB021;"'2016-11-25 02:00'";11;12;25;9;1;good
DEBB021;"'2016-11-25 03:00'";9;16;22;7;1;good
DEBB021;"'2016-11-25 04:00'";8;16;21;6;1;good
DEBB021;"'2016-11-25 05:00'";9;15;21;7;1;good
DEBB021;"'2016-11-25 06:00'";8;11;24;6;1;good
DEBB021;"'2016-11-25 07:00'";7;8;29;6;1;good
DEBB021;"'2016-11-25 08:00'";8;6;32;6;1;moderate
DEBB021;"'2016-11-25 09:00'";8;6;33;6;1;moderate
DEBB021;"'2016-11-25 10:00'";9;6;42;7;1;moderate
DEBB021;"'2016-11-25 11:00'";15;7;48;12;1;moderate
DEBB021;"'2016-11-25 12:00'";13;7;46;12;1;moderate
DEBB021;"'2016-11-25 13:00'";14;11;45;13;1;moderate
DEBB021;"'2016-11-25 14:00'";14;15;45;13;1;moderate
DEBB021;"'2016-11-25 15:00'";18;10;51;16;3;moderate
DEBB021;"'2016-11-25 16:00'";22;4;60;18;3;moderate
DEBB021;"'2016-11-25 17:00'";23;2;61;19;3;poor
DEBB021;"'2016-11-25 18:00'";24;2;63;20;1;poor
DEBB021;"'2016-11-25 19:00'";25;2;63;21;1;poor
DEBB021;"'2016-11-25 20:00'";26;2;63;23;2;poor
DEBB021;"'2016-11-25 21:00'";27;4;57;23;3;moderate
DEBB021;"'2016-11-25 22:00'";27;7;52;23;3;moderate
DEBB021;"'2016-11-25 23:00'";25;12;40;22;1;moderate
DEBB021;"'2016-11-25 24:00'";24;14;37;22;1;moderate
DEBB021;"'2016-11-26 01:00'";22;14;36;20;1;moderate
DEBB021;"'2016-11-26 02:00'";20;19;28;19;1;moderate
DEBB021;"'2016-11-26 03:00'";19;17;28;18;1;moderate
DEBB021;"'2016-11-26 04:00'";19;12;33;18;1;moderate
DEBB021;"'2016-11-26 05:00'";17;14;28;16;1;moderate
DEBB021;"'2016-11-26 06:00'";15;20;21;13;1;good
DEBB021;"'2016-11-26 07:00'";21;21;18;18;1;moderate
DEBB021;"'2016-11-26 08:00'";23;20;17;21;1;moderate
DEBB021;"'2016-11-26 09:00'";14;17;17;12;1;good
DEBB021;"'2016-11-26 10:00'";13;18;15;11;1;good
DEBB021;"'2016-11-26 11:00'";13;18;16;12;1;good
DEBB021;"'2016-11-26 12:00'";15;17;17;14;1;good
DEBB021;"'2016-11-26 13:00'";16;18;19;15;1;good
DEBB021;"'2016-11-26 14:00'";17;15;22;16;1;moderate
DEBB021;"'2016-11-26 15:00'";16;18;19;15;1;good
DEBB021;"'2016-11-26 16:00'";16;14;25;15;1;good
DEBB021;"'2016-11-26 17:00'";21;14;25;19;1;moderate
DEBB021;"'2016-11-26 18:00'";26;11;28;25;1;moderate
DEBB021;"'2016-11-26 19:00'";27;8;31;26;1;moderate
DEBB021;"'2016-11-26 20:00'";27;12;27;25;1;moderate
DEBB021;"'2016-11-26 21:00'";24;16;24;23;1;moderate
DEBB021;"'2016-11-26 22:00'";19;21;22;19;1;moderate
DEBB021;"'2016-11-26 23:00'";15;27;19;15;1;good
DEBB021;"'2016-11-26 24:00'";15;31;17;15;1;good
DEBB021;"'2016-11-27 01:00'";17;28;17;17;1;moderate
DEBB021;"'2016-11-27 02:00'";16;24;18;16;1;moderate
DEBB021;"'2016-11-27 03:00'";16;23;17;16;1;moderate
DEBB021;"'2016-11-27 04:00'";14;32;13;13;1;good
DEBB021;"'2016-11-27 05:00'";13;37;10;12;1;good
DEBB021;"'2016-11-27 06:00'";13;37;9;12;1;good
DEBB021;"'2016-11-27 07:00'";12;43;8;10;1;good
DEBB021;"'2016-11-27 08:00'";11;47;7;9;1;good
DEBB021;"'2016-11-27 09:00'";11;44;7;9;1;good
DEBB021;"'2016-11-27 10:00'";10;49;7;8;1;good
DEBB021;"'2016-11-27 11:00'";9;52;7;7;1;good
DEBB021;"'2016-11-27 12:00'";8;55;7;6;1;good
DEBB021;"'2016-11-27 13:00'";8;57;6;6;1;good
DEBB021;"'2016-11-27 14:00'";8;57;7;5;1;good
DEBB021;"'2016-11-27 15:00'";7;57;9;5;1;good
DEBB021;"'2016-11-27 16:00'";7;49;16;5;1;good
DEBB021;"'2016-11-27 17:00'";6;50;14;4;1;good
DEBB021;"'2016-11-27 18:00'";7;46;19;5;1;good
DEBB021;"'2016-11-27 19:00'";7;49;14;5;1;good
DEBB021;"'2016-11-27 20:00'";7;50;11;5;1;good
DEBB021;"'2016-11-27 21:00'";8;57;6;5;1;good
DEBB021;"'2016-11-27 22:00'";10;57;7;7;1;good
DEBB021;"'2016-11-27 23:00'";8;58;6;5;1;good
DEBB021;"'2016-11-27 24:00'";7;56;7;5;1;good
DEBB021;"'2016-11-28 01:00'";6;51;7;4;1;good
DEBB021;"'2016-11-28 02:00'";6;48;8;4;1;good
DEBB021;"'2016-11-28 03:00'";4;51;6;3;1;good
DEBB021;"'2016-11-28 04:00'";3;55;4;2;1;good
DEBB021;"'2016-11-28 05:00'";3;55;5;2;1;good
DEBB021;"'2016-11-28 06:00'";3;50;9;2;1;good
DEBB021;"'2016-11-28 07:00'";3;41;20;2;1;good
DEBB021;"'2016-11-28 08:00'";5;32;31;3;1;moderate
DEBB021;"'2016-11-28 09:00'";6;33;31;3;1;moderate
DEBB021;"'2016-11-28 10:00'";6;36;26;4;1;good
DEBB021;"'2016-11-28 11:00'";6;45;16;3;1;good
DEBB021;"'2016-11-28 12:00'";5;51;12;3;1;good
DEBB021;"'2016-11-28 13:00'";4;54;12;3;1;good
DEBB021;"'2016-11-28 14:00'";4;55;12;2;1;good
DEBB021;"'2016-11-28 15:00'";4;58;12;2;1;good
DEBB021;"'2016-11-28 16:00'";5;50;19;3;1;good
DEBB021;"'2016-11-28 17:00'";10;29;40;5;1;moderate
DEBB021;"'2016-11-28 18:00'";13;17;52;7;1;moderate
DEBB021;"'2016-11-28 19:00'";13;11;56;9;1;moderate
DEBB021;"'2016-11-28 20:00'";11;16;49;9;1;moderate
DEBB021;"'2016-11-28 21:00'";10;20;43;9;1;moderate
DEBB021;"'2016-11-28 22:00'";12;12;46;11;1;moderate
DEBB021;"'2016-11-28 23:00'";12;10;47;11;1;moderate
DEBB021;"'2016-11-28 24:00'";12;15;40;11;1;moderate
DEBB021;"'2016-11-29 01:00'";11;13;38;10;1;moderate
DEBB021;"'2016-11-29 02:00'";12;12;34;11;1;moderate
DEBB021;"'2016-11-29 03:00'";10;12;34;10;1;moderate
DEBB021;"'2016-11-29 04:00'";9;15;33;9;1;moderate
DEBB021;"'2016-11-29 05:00'";9;11;36;8;1;moderate
DEBB021;"'2016-11-29 06:00'";8;8;40;7;1;moderate
DEBB021;"'2016-11-29 07:00'";9;7;42;7;1;moderate
DEBB021;"'2016-11-29 08:00'";9;6;43;8;1;moderate
DEBB021;"'2016-11-29 09:00'";12;8;44;10;1;moderate
DEBB021;"'2016-11-29 10:00'";13;16;36;11;1;moderate
DEBB021;"'2016-11-29 11:00'";15;25;30;12;1;good
DEBB021;"'2016-11-29 12:00'";15;35;24;12;1;good
DEBB021;"'2016-11-29 13:00'";13;41;21;10;1;good
DEBB021;"'2016-11-29 14:00'";12;42;22;8;1;good
DEBB021;"'2016-11-29 15:00'";14;37;27;9;1;good
DEBB021;"'2016-11-29 16:00'";14;21;42;10;1;moderate
DEBB021;"'2016-11-29 17:00'";20;7;57;15;1;moderate
DEBB021;"'2016-11-29 18:00'";20;4;60;16;1;moderate
DEBB021;"'2016-11-29 19:00'";18;5;58;15;1;moderate
DEBB021;"'2016-11-29 20:00'";21;3;54;18;1;moderate
DEBB021;"'2016-11-29 21:00'";21;4;48;18;1;moderate
DEBB021;"'2016-11-29 22:00'";20;8;41;18;1;moderate
DEBB021;"'2016-11-29 23:00'";22;10;38;21;1;moderate
DEBB021;"'2016-11-29 24:00'";19;11;36;18;1;moderate
DEBB021;"'2016-11-30 01:00'";17;21;28;16;3;moderate
DEBB021;"'2016-11-30 02:00'";17;24;25;16;1;moderate
DEBB021;"'2016-11-30 03:00'";16;21;30;15;1;good
DEBB021;"'2016-11-30 04:00'";14;24;28;12;1;good
DEBB021;"'2016-11-30 05:00'";10;27;26;10;2;good
DEBB021;"'2016-11-30 06:00'";10;24;31;9;6;moderate
DEBB021;"'2016-11-30 07:00'";12;22;34;9;8;moderate
DEBB021;"'2016-11-30 08:00'";11;21;33;9;7;moderate
DEBB021;"'2016-11-30 09:00'";12;21;34;9;6;moderate
DEBB021;"'2016-11-30 10:00'";12;21;36;9;5;moderate
DEBB021;"'2016-11-30 11:00'";14;19;36;10;6;moderate
DEBB021;"'2016-11-30 12:00'";16;22;33;12;3;moderate
DEBB021;"'2016-11-30 13:00'";17;23;32;13;2;moderate
DEBB021;"'2016-11-30 14:00'";19;23;32;15;1;moderate
DEBB021;"'2016-11-30 15:00'";18;20;34;17;1;moderate
DEBB021;"'2016-11-30 16:00'";19;18;36;18;1;moderate
DEBB021;"'2016-11-30 17:00'";19;17;37;19;1;moderate
DEBB021;"'2016-11-30 18:00'";21;13;40;20;1;moderate
DEBB021;"'2016-11-30 19:00'";22;9;44;22;1;moderate
DEBB021;"'2016-11-30 20:00'";22;8;44;22;1;moderate
DEBB021;"'2016-11-30 21:00'";22;7;45;22;1;moderate
DEBB021;"'2016-11-30 22:00'";23;7;45;23;1;moderate
DEBB021;"'2016-11-30 23:00'";26;8;43;26;1;moderate
DEBB021;"'2016-11-30 24:00'";27;14;36;27;1;moderate
DEBB021;"'2016-12-01 01:00'";27;19;30;26;1;moderate
DEBB021;"'2016-12-01 02:00'";25;23;27;25;1;moderate
DEBB021;"'2016-12-01 03:00'";25;28;23;24;1;moderate
DEBB021;"'2016-12-01 04:00'";26;30;21;25;1;moderate
DEBB021;"'2016-12-01 05:00'";27;29;20;26;1;moderate
DEBB021;"'2016-12-01 06:00'";25;30;20;25;1;moderate
DEBB021;"'2016-12-01 07:00'";21;33;18;20;1;moderate
DEBB021;"'2016-12-01 08:00'";15;37;17;14;1;good
DEBB021;"'2016-12-01 09:00'";16;37;16;15;1;good
DEBB021;"'2016-12-01 10:00'";15;36;16;14;1;good
DEBB021;"'2016-12-01 11:00'";15;37;15;14;1;good
DEBB021;"'2016-12-01 12:00'";13;38;15;12;1;good
DEBB021;"'2016-12-01 13:00'";12;44;13;11;1;good
DEBB021;"'2016-12-01 14:00'";10;48;13;9;1;good
DEBB021;"'2016-12-01 15:00'";9;53;11;7;1;good
DEBB021;"'2016-12-01 16:00'";7;53;11;6;1;good
DEBB021;"'2016-12-01 17:00'";6;49;12;6;1;good
DEBB021;"'2016-12-01 18:00'";6;50;11;6;1;good
DEBB021;"'2016-12-01 19:00'";6;51;10;6;1;good
DEBB021;"'2016-12-01 20:00'";4;58;8;4;1;good
DEBB021;"'2016-12-01 21:00'";4;65;5;4;1;good
DEBB021;"'2016-12-01 22:00'";3;65;4;3;1;good
DEBB021;"'2016-12-01 23:00'";2;65;2;2;1;good
DEBB021;"'2016-12-01 24:00'";3;69;2;2;1;good
DEBB021;"'2016-12-02 01:00'";2;71;2;2;1;good
DEBB021;"'2016-12-02 02:00'";3;72;2;2;1;good
DEBB021;"'2016-12-02 03:00'";3;73;2;2;1;moderate
DEBB021;"'2016-12-02 04:00'";5;75;2;3;1;moderate
DEBB021;"'2016-12-02 05:00'";5;75;2;4;1;moderate
DEBB021;"'2016-12-02 06:00'";6;72;3;4;1;good
DEBB021;"'2016-12-02 07:00'";7;65;9;5;1;good
DEBB021;"'2016-12-02 08:00'";7;60;12;5;1;good
DEBB021;"'2016-12-02 09:00'";6;55;17;4;1;good
DEBB021;"'2016-12-02 10:00'";6;58;15;3;1;good
DEBB021;"'2016-12-02 11:00'";5;59;15;3;1;good
DEBB021;"'2016-12-02 12:00'";7;60;12;4;1;good
DEBB021;"'2016-12-02 13:00'";8;61;11;5;1;good
DEBB021;"'2016-12-02 14:00'";8;60;12;5;1;good
DEBB021;"'2016-12-02 15:00'";7;59;14;5;1;good
DEBB021;"'2016-12-02 16:00'";7;52;19;5;1;good
DEBB021;"'2016-12-02 17:00'";7;45;25;5;1;good
DEBB021;"'2016-12-02 18:00'";8;44;24;5;1;good
DEBB021;"'2016-12-02 19:00'";9;42;23;7;1;good
DEBB021;"'2016-12-02 20:00'";10;40;22;8;1;good
DEBB021;"'2016-12-02 21:00'";9;43;17;8;1;good
DEBB021;"'2016-12-02 22:00'";8;40;19;7;1;good
DEBB021;"'2016-12-02 23:00'";7;37;19;6;1;good
DEBB021;"'2016-12-02 24:00'";8;33;20;6;1;good
DEBB021;"'2016-12-03 01:00'";7;31;20;6;1;good
DEBB021;"'2016-12-03 02:00'";7;28;21;6;1;good
DEBB021;"'2016-12-03 03:00'";8;25;22;6;1;good
DEBB021;"'2016-12-03 04:00'";9;20;25;7;1;good
DEBB021;"'2016-12-03 05:00'";10;15;28;8;1;good
DEBB021;"'2016-12-03 06:00'";11;8;35;9;1;moderate
DEBB021;"'2016-12-03 07:00'";14;2;41;11;1;moderate
DEBB021;"'2016-12-03 08:00'";27;2;43;23;1;moderate
DEBB021;"'2016-12-03 09:00'";19;4;38;16;1;moderate
DEBB021;"'2016-12-03 10:00'";17;8;35;14;1;moderate
DEBB021;"'2016-12-03 11:00'";19;13;29;17;1;moderate
DEBB021;"'2016-12-03 12:00'";21;14;34;17;1;moderate
DEBB021;"'2016-12-03 13:00'";17;26;28;14;1;good
DEBB021;"'2016-12-03 14:00'";15;36;28;13;1;good
DEBB021;"'2016-12-03 15:00'";15;33;33;12;1;moderate
DEBB021;"'2016-12-03 16:00'";18;20;48;15;1;moderate
DEBB021;"'2016-12-03 17:00'";21;3;67;18;1;poor
DEBB021;"'2016-12-03 18:00'";24;2;62;20;1;poor
DEBB021;"'2016-12-03 19:00'";26;2;57;23;1;moderate
DEBB021;"'2016-12-03 20:00'";26;2;50;23;1;moderate
DEBB021;"'2016-12-03 21:00'";32;2;48;29;1;moderate
DEBB021;"'2016-12-03 22:00'";28;2;45;26;1;moderate
DEBB021;"'2016-12-03 23:00'";30;2;43;27;1;moderate
DEBB021;"'2016-12-03 24:00'";31;2;42;27;1;moderate
DEBB021;"'2016-12-04 01:00'";35;2;37;32;1;poor
DEBB021;"'2016-12-04 02:00'";29;2;36;27;1;moderate
DEBB021;"'2016-12-04 03:00'";30;2;35;27;1;moderate
DEBB021;"'2016-12-04 04:00'";29;4;34;26;1;moderate
DEBB021;"'2016-12-04 05:00'";29;6;33;27;1;moderate
DEBB021;"'2016-12-04 06:00'";31;2;36;27;1;moderate
DEBB021;"'2016-12-04 07:00'";47;3;36;33;1;poor
DEBB021;"'2016-12-04 08:00'";43;2;35;32;1;poor
DEBB021;"'2016-12-04 09:00'";41;6;33;30;1;moderate
DEBB021;"'2016-12-04 10:00'";33;10;29;27;1;moderate
DEBB021;"'2016-12-04 11:00'";36;10;34;28;1;moderate
DEBB021;"'2016-12-04 12:00'";36;11;34;31;1;poor
DEBB021;"'2016-12-04 13:00'";32;14;33;26;1;moderate
DEBB021;"'2016-12-04 14:00'";39;15;33;28;1;moderate
DEBB021;"'2016-12-04 15:00'";50;9;39;34;1;poor
DEBB021;"'2016-12-04 16:00'";68;7;36;46;1;poor
DEBB021;"'2016-12-04 17:00'";31;2;37;25;1;moderate
DEBB021;"'2016-12-04 18:00'";31;2;38;25;1;moderate
DEBB021;"'2016-12-04 19:00'";33;2;36;27;1;moderate
DEBB021;"'2016-12-04 20:00'";33;2;34;27;1;moderate
DEBB021;"'2016-12-04 21:00'";31;2;30;25;1;moderate
DEBB021;"'2016-12-04 22:00'";30;2;29;25;1;moderate
DEBB021;"'2016-12-04 23:00'";32;2;29;25;1;moderate
DEBB021;"'2016-12-04 24:00'";27;4;26;22;1;moderate
DEBB021;"'2016-12-05 01:00'";28;7;25;23;1;moderate
DEBB021;"'2016-12-05 02:00'";28;9;23;22;1;moderate
DEBB021;"'2016-12-05 03:00'";26;12;22;21;1;moderate
DEBB021;"'2016-12-05 04:00'";23;15;21;19;1;moderate
DEBB021;"'2016-12-05 05:00'";24;15;21;18;1;moderate
DEBB021;"'2016-12-05 06:00'";23;11;24;18;1;moderate
DEBB021;"'2016-12-05 07:00'";26;3;36;20;1;moderate
DEBB021;"'2016-12-05 08:00'";26;2;35;21;1;moderate
DEBB021;"'2016-12-05 09:00'";25;2;33;23;1;moderate
DEBB021;"'2016-12-05 10:00'";25;4;28;25;1;moderate
DEBB021;"'2016-12-05 11:00'";27;6;28;26;1;moderate
DEBB021;"'2016-12-05 12:00'";30;5;37;29;1;moderate
DEBB021;"'2016-12-05 13:00'";29;6;37;28;1;moderate
DEBB021;"'2016-12-05 14:00'";29;7;38;28;1;moderate
DEBB021;"'2016-12-05 15:00'";32;8;43;29;1;moderate
DEBB021;"'2016-12-05 16:00'";35;2;47;30;1;moderate
DEBB021;"'2016-12-05 17:00'";32;2;45;31;1;poor
DEBB021;"'2016-12-05 18:00'";35;2;44;33;1;poor
DEBB021;"'2016-12-05 19:00'";37;2;43;35;1;poor
DEBB021;"'2016-12-05 20:00'";41;2;42;39;1;poor
DEBB021;"'2016-12-05 21:00'";41;2;42;39;1;poor
DEBB021;"'2016-12-05 22:00'";39;2;40;38;1;poor
DEBB021;"'2016-12-05 23:00'";36;2;42;35;1;poor
DEBB021;"'2016-12-05 24:00'";37;2;43;35;2;poor
DEBB021;"'2016-12-06 01:00'";30;2;49;29;2;moderate
DEBB021;"'2016-12-06 02:00'";25;2;50;24;1;moderate
DEBB021;"'2016-12-06 03:00'";22;2;51;21;1;moderate
DEBB021;"'2016-12-06 04:00'";19;2;53;19;1;moderate
DEBB021;"'2016-12-06 05:00'";19;2;53;18;1;moderate
DEBB021;"'2016-12-06 06:00'";19;2;53;18;1;moderate
DEBB021;"'2016-12-06 07:00'";18;5;52;17;1;moderate
DEBB021;"'2016-12-06 08:00'";18;3;55;17;1;moderate
DEBB021;"'2016-12-06 09:00'";20;4;54;18;1;moderate
DEBB021;"'2016-12-06 10:00'";21;7;50;19;1;moderate
DEBB021;"'2016-12-06 11:00'";23;8;49;21;1;moderate
DEBB021;"'2016-12-06 12:00'";25;10;45;22;1;moderate
DEBB021;"'2016-12-06 13:00'";25;11;45;21;1;moderate
DEBB021;"'2016-12-06 14:00'";25;9;50;22;1;moderate
DEBB021;"'2016-12-06 15:00'";27;7;49;24;1;moderate
DEBB021;"'2016-12-06 16:00'";27;5;50;24;1;moderate
DEBB021;"'2016-12-06 17:00'";26;2;52;24;1;moderate
DEBB021;"'2016-12-06 18:00'";29;2;53;26;1;moderate
DEBB021;"'2016-12-06 19:00'";29;2;50;27;1;moderate
DEBB021;"'2016-12-06 20:00'";29;2;49;27;1;moderate
DEBB021;"'2016-12-06 21:00'";30;2;47;27;1;moderate
DEBB021;"'2016-12-06 22:00'";31;2;47;29;1;moderate
DEBB021;"'2016-12-06 23:00'";41;2;46;33;1;poor
DEBB021;"'2016-12-06 24:00'";45;2;42;32;1;poor
DEBB021;"'2016-12-07 01:00'";29;2;40;23;1;moderate
DEBB021;"'2016-12-07 02:00'";37;2;38;30;1;moderate
DEBB021;"'2016-12-07 03:00'";37;2;34;33;1;poor
DEBB021;"'2016-12-07 04:00'";35;2;34;34;1;poor
DEBB021;"'2016-12-07 05:00'";36;2;35;35;1;poor
DEBB021;"'2016-12-07 06:00'";32;2;34;31;1;poor
DEBB021;"'2016-12-07 07:00'";31;2;36;30;1;moderate
DEBB021;"'2016-12-07 08:00'";31;2;38;30;3;moderate
DEBB021;"'2016-12-07 09:00'";29;2;38;28;1;moderate
DEBB021;"'2016-12-07 10:00'";29;3;37;27;1;moderate
DEBB021;"'2016-12-07 11:00'";28;9;34;26;1;moderate
DEBB021;"'2016-12-07 12:00'";24;14;30;23;2;moderate
DEBB021;"'2016-12-07 13:00'";22;16;30;22;3;moderate
DEBB021;"'2016-12-07 14:00'";20;13;37;19;4;moderate
DEBB021;"'2016-12-07 15:00'";20;11;39;17;3;moderate
DEBB021;"'2016-12-07 16:00'";20;7;45;17;3;moderate
DEBB021;"'2016-12-07 17:00'";19;2;51;17;3;moderate
DEBB021;"'2016-12-07 18:00'";20;2;48;19;3;moderate
DEBB021;"'2016-12-07 19:00'";21;6;45;20;2;moderate
DEBB021;"'2016-12-07 20:00'";19;12;37;19;1;moderate
DEBB021;"'2016-12-07 21:00'";18;17;33;18;1;moderate
DEBB021;"'2016-12-07 22:00'";16;22;28;16;1;moderate
DEBB021;"'2016-12-07 23:00'";15;24;26;15;1;good
DEBB021;"'2016-12-07 24:00'";15;28;22;14;1;good
DEBB021;"'2016-12-08 01:00'";14;28;21;14;1;good
DEBB021;"'2016-12-08 02:00'";14;29;19;13;1;good
DEBB021;"'2016-12-08 03:00'";13;31;16;13;1;good
DEBB021;"'2016-12-08 04:00'";12;33;15;12;1;good
DEBB021;"'2016-12-08 05:00'";11;33;15;11;1;good
DEBB021;"'2016-12-08 06:00'";11;33;16;11;1;good
DEBB021;"'2016-12-08 07:00'";11;27;23;10;1;good
DEBB021;"'2016-12-08 08:00'";11;24;26;10;1;good
DEBB021;"'2016-12-08 09:00'";12;27;26;10;1;good
DEBB021;"'2016-12-08 10:00'";10;31;26;9;1;good
DEBB021;"'2016-12-08 11:00'";18;25;40;11;1;moderate
DEBB021;"'2016-12-08 12:00'";18;36;34;9;1;moderate
DEBB021;"'2016-12-08 13:00'";12;46;26;7;1;good
DEBB021;"'2016-12-08 14:00'";12;43;30;7;1;good
DEBB021;"'2016-12-08 15:00'";11;38;35;7;1;moderate
DEBB021;"'2016-12-08 16:00'";10;33;41;6;1;moderate
DEBB021;"'2016-12-08 17:00'";10;31;41;6;1;moderate
DEBB021;"'2016-12-08 18:00'";10;35;37;7;1;moderate
DEBB021;"'2016-12-08 19:00'";11;27;42;8;1;moderate
DEBB021;"'2016-12-08 20:00'";10;24;37;8;1;moderate
DEBB021;"'2016-12-08 21:00'";11;20;41;9;1;moderate
DEBB021;"'2016-12-08 22:00'";10;23;33;9;1;moderate
DEBB021;"'2016-12-08 23:00'";11;25;27;10;1;good
DEBB021;"'2016-12-08 24:00'";11;25;29;11;1;good
DEBB021;"'2016-12-09 01:00'";13;22;29;12;1;good
DEBB021;"'2016-12-09 02:00'";13;20;31;12;1;moderate
DEBB021;"'2016-12-09 03:00'";13;21;30;12;1;good
DEBB021;"'2016-12-09 04:00'";15;21;30;14;1;good
DEBB021;"'2016-12-09 05:00'";15;16;30;14;1;good
DEBB021;"'2016-12-09 06:00'";17;11;38;16;1;moderate
DEBB021;"'2016-12-09 07:00'";20;6;47;19;1;moderate
DEBB021;"'2016-12-09 08:00'";22;5;45;21;1;moderate
DEBB021;"'2016-12-09 09:00'";22;6;40;21;1;moderate
DEBB021;"'2016-12-09 10:00'";22;7;39;21;1;moderate
DEBB021;"'2016-12-09 11:00'";18;9;35;18;1;moderate
DEBB021;"'2016-12-09 12:00'";19;9;33;18;1;moderate
DEBB021;"'2016-12-09 13:00'";20;11;28;19;1;moderate
DEBB021;"'2016-12-09 14:00'";19;15;25;19;1;moderate
DEBB021;"'2016-12-09 15:00'";19;22;23;18;1;moderate
DEBB021;"'2016-12-09 16:00'";17;28;22;16;1;moderate
DEBB021;"'2016-12-09 17:00'";17;31;21;16;1;moderate
DEBB021;"'2016-12-09 18:00'";20;32;21;19;1;moderate
DEBB021;"'2016-12-09 19:00'";25;26;27;24;1;moderate
DEBB021;"'2016-12-09 20:00'";26;23;30;24;1;moderate
DEBB021;"'2016-12-09 21:00'";30;14;33;27;1;moderate
DEBB021;"'2016-12-09 22:00'";28;20;25;26;1;moderate
DEBB021;"'2016-12-09 23:00'";22;20;22;21;1;moderate
DEBB021;"'2016-12-09 24:00'";20;20;19;19;1;moderate
DEBB021;"'2016-12-10 01:00'";19;19;18;19;1;moderate
DEBB021;"'2016-12-10 02:00'";18;19;17;18;1;moderate
DEBB021;"'2016-12-10 03:00'";17;20;18;17;1;moderate
DEBB021;"'2016-12-10 04:00'";18;19;22;17;1;moderate
DEBB021;"'2016-12-10 05:00'";19;24;21;18;1;moderate
DEBB021;"'2016-12-10 06:00'";20;23;25;19;1;moderate
DEBB021;"'2016-12-10 07:00'";19;22;30;18;1;moderate
DEBB021;"'2016-12-10 08:00'";17;22;27;16;1;moderate
DEBB021;"'2016-12-10 09:00'";15;28;21;14;1;good
DEBB021;"'2016-12-10 10:00'";13;33;21;12;1;good
DEBB021;"'2016-12-10 11:00'";13;38;19;12;2;good
DEBB021;"'2016-12-10 12:00'";14;43;17;13;3;good
DEBB021;"'2016-12-10 13:00'";16;38;20;14;3;good
DEBB021;"'2016-12-10 14:00'";18;38;20;17;3;moderate
DEBB021;"'2016-12-10 15:00'";20;34;21;18;3;moderate
DEBB021;"'2016-12-10 16:00'";22;27;25;21;1;moderate
DEBB021;"'2016-12-10 17:00'";23;24;28;22;1;moderate
DEBB021;"'2016-12-10 18:00'";26;21;29;25;1;moderate
DEBB021;"'2016-12-10 19:00'";28;20;27;27;1;moderate
DEBB021;"'2016-12-10 20:00'";28;17;27;26;1;moderate
DEBB021;"'2016-12-10 21:00'";26;17;25;25;1;moderate
DEBB021;"'2016-12-10 22:00'";22;18;23;22;1;moderate
DEBB021;"'2016-12-10 23:00'";21;20;20;21;1;moderate
DEBB021;"'2016-12-10 24:00'";24;20;20;24;1;moderate
DEBB021;"'2016-12-11 01:00'";23;18;21;22;1;moderate
DEBB021;"'2016-12-11 02:00'";22;17;20;22;1;moderate
DEBB021;"'2016-12-11 03:00'";22;19;17;21;1;moderate
DEBB021;"'2016-12-11 04:00'";22;20;15;22;1;moderate
DEBB021;"'2016-12-11 05:00'";16;24;13;16;1;moderate
DEBB021;"'2016-12-11 06:00'";14;27;12;14;1;good
DEBB021;"'2016-12-11 07:00'";18;30;12;17;1;moderate
DEBB021;"'2016-12-11 08:00'";19;35;11;19;1;moderate
DEBB021;"'2016-12-11 09:00'";17;40;9;17;1;moderate
DEBB021;"'2016-12-11 10:00'";12;37;13;12;1;good
DEBB021;"'2016-12-11 11:00'";6;28;14;6;1;good
DEBB021;"'2016-12-11 12:00'";0.9;59;7;1;1;good
DEBB021;"'2016-12-11 13:00'";2;66;5;1;1;good
DEBB021;"'2016-12-11 14:00'";3;64;7;3;1;good
DEBB021;"'2016-12-11 15:00'";4;61;7;4;1;good
DEBB021;"'2016-12-11 16:00'";4;59;7;4;1;good
DEBB021;"'2016-12-11 17:00'";4;61;9;4;1;good
DEBB021;"'2016-12-11 18:00'";5;59;10;5;1;good
DEBB021;"'2016-12-11 19:00'";5;60;7;4;1;good
DEBB021;"'2016-12-11 20:00'";6;55;7;6;1;good
DEBB021;"'2016-12-11 21:00'";7;53;7;6;1;good
DEBB021;"'2016-12-11 22:00'";7;55;5;6;1;good
DEBB021;"'2016-12-11 23:00'";8;55;4;7;1;good
DEBB021;"'2016-12-11 24:00'";8;55;4;7;1;good
DEBB021;"'2016-12-12 01:00'";7;54;2;6;1;good
DEBB021;"'2016-12-12 02:00'";6;54;2;5;1;good
DEBB021;"'2016-12-12 03:00'";5;56;2;4;1;good
DEBB021;"'2016-12-12 04:00'";2;61;2;2;1;good
DEBB021;"'2016-12-12 05:00'";0.9;64;3;1;1;good
DEBB021;"'2016-12-12 06:00'";0.9;60;7;1;1;good
DEBB021;"'2016-12-12 07:00'";2;57;11;2;1;good
DEBB021;"'2016-12-12 08:00'";4;45;21;3;1;good
DEBB021;"'2016-12-12 09:00'";5;37;26;4;1;good
DEBB021;"'2016-12-12 10:00'";6;37;25;5;1;good
DEBB021;"'2016-12-12 11:00'";3;41;16;3;1;good
DEBB021;"'2016-12-12 12:00'";5;43;17;5;1;good
DEBB021;"'2016-12-12 13:00'";3;51;17;2;1;good
DEBB021;"'2016-12-12 14:00'";4;51;20;2;1;good
DEBB021;"'2016-12-12 15:00'";5;46;23;3;1;good
DEBB021;"'2016-12-12 16:00'";5;35;35;3;1;moderate
DEBB021;"'2016-12-12 17:00'";6;16;55;4;1;moderate
DEBB021;"'2016-12-12 18:00'";9;2;78;7;1;poor
DEBB021;"'2016-12-12 19:00'";12;2;76;8;1;poor
DEBB021;"'2016-12-12 20:00'";19;2;76;14;1;poor
DEBB021;"'2016-12-12 21:00'";12;2;61;10;1;poor
DEBB021;"'2016-12-12 22:00'";14;2;57;13;1;moderate
DEBB021;"'2016-12-12 23:00'";14;2;53;13;1;moderate
DEBB021;"'2016-12-12 24:00'";12;2;50;11;1;moderate
DEBB021;"'2016-12-13 01:00'";12;2;43;11;1;moderate
DEBB021;"'2016-12-13 02:00'";12;2;40;12;1;moderate
DEBB021;"'2016-12-13 03:00'";13;4;33;13;1;moderate
DEBB021;"'2016-12-13 04:00'";12;7;30;12;1;good
DEBB021;"'2016-12-13 05:00'";10;16;24;10;1;good
DEBB021;"'2016-12-13 06:00'";9;15;27;9;1;good
DEBB021;"'2016-12-13 07:00'";10;6;38;9;1;moderate
DEBB021;"'2016-12-13 08:00'";12;2;45;10;1;moderate
DEBB021;"'2016-12-13 09:00'";13;2;43;11;1;moderate
DEBB021;"'2016-12-13 10:00'";14;2;44;13;1;moderate
DEBB021;"'2016-12-13 11:00'";18;2;38;15;1;moderate
DEBB021;"'2016-12-13 12:00'";20;5;32;17;1;moderate
DEBB021;"'2016-12-13 13:00'";19;6;28;17;2;moderate
DEBB021;"'2016-12-13 14:00'";19;8;27;17;1;moderate
DEBB021;"'2016-12-13 15:00'";21;4;39;18;1;moderate
DEBB021;"'2016-12-13 16:00'";23;2;35;20;1;moderate
DEBB021;"'2016-12-13 17:00'";25;2;36;22;1;moderate
DEBB021;"'2016-12-13 18:00'";22;2;37;20;1;moderate
DEBB021;"'2016-12-13 19:00'";25;2;36;23;1;moderate
DEBB021;"'2016-12-13 20:00'";19;2;35;17;1;moderate
DEBB021;"'2016-12-13 21:00'";18;2;36;16;1;moderate
DEBB021;"'2016-12-13 22:00'";16;2;39;16;1;moderate
DEBB021;"'2016-12-13 23:00'";16;2;38;15;1;moderate
DEBB021;"'2016-12-13 24:00'";17;2;38;16;1;moderate
DEBB021;"'2016-12-14 01:00'";22;4;34;20;1;moderate
DEBB021;"'2016-12-14 02:00'";22;11;24;21;1;moderate
DEBB021;"'2016-12-14 03:00'";20;10;24;20;1;moderate
DEBB021;"'2016-12-14 04:00'";18;8;25;18;1;moderate
DEBB021;"'2016-12-14 05:00'";15;6;26;14;1;good
DEBB021;"'2016-12-14 06:00'";14;3;29;13;1;good
DEBB021;"'2016-12-14 07:00'";13;2;33;13;1;moderate
DEBB021;"'2016-12-14 08:00'";14;2;35;13;1;moderate
DEBB021;"'2016-12-14 09:00'";14;2;34;12;1;moderate
DEBB021;"'2016-12-14 10:00'";14;2;33;12;1;moderate
DEBB021;"'2016-12-14 11:00'";14;4;31;13;1;moderate
DEBB021;"'2016-12-14 12:00'";17;13;28;16;1;moderate
DEBB021;"'2016-12-14 13:00'";17;22;23;16;1;moderate
DEBB021;"'2016-12-14 14:00'";17;31;23;16;1;moderate
DEBB021;"'2016-12-14 15:00'";17;30;22;16;1;moderate
DEBB021;"'2016-12-14 16:00'";15;36;20;14;1;good
DEBB021;"'2016-12-14 17:00'";16;33;27;15;1;good
DEBB021;"'2016-12-14 18:00'";14;36;21;13;1;good
DEBB021;"'2016-12-14 19:00'";15;34;24;14;1;good
DEBB021;"'2016-12-14 20:00'";19;27;30;18;1;moderate
DEBB021;"'2016-12-14 21:00'";23;16;38;21;1;moderate
DEBB021;"'2016-12-14 22:00'";19;20;30;18;1;moderate
DEBB021;"'2016-12-14 23:00'";19;5;38;18;1;moderate
DEBB021;"'2016-12-14 24:00'";19;2;36;18;1;moderate
DEBB021;"'2016-12-15 01:00'";20;9;31;18;1;moderate
DEBB021;"'2016-12-15 02:00'";15;26;18;14;1;good
DEBB021;"'2016-12-15 03:00'";16;30;18;15;1;good
DEBB021;"'2016-12-15 04:00'";19;22;27;18;1;moderate
DEBB021;"'2016-12-15 05:00'";16;27;20;15;1;good
DEBB021;"'2016-12-15 06:00'";14;32;16;13;1;good
DEBB021;"'2016-12-15 07:00'";14;31;19;13;1;good
DEBB021;"'2016-12-15 08:00'";17;32;23;16;1;moderate
DEBB021;"'2016-12-15 09:00'";15;29;31;14;1;moderate
DEBB021;"'2016-12-15 10:00'";13;36;25;12;1;good
DEBB021;"'2016-12-15 11:00'";11;43;18;10;1;good
DEBB021;"'2016-12-15 12:00'";12;46;15;11;1;good
DEBB021;"'2016-12-15 13:00'";16;45;16;15;1;good
DEBB021;"'2016-12-15 14:00'";14;45;14;13;1;good
DEBB021;"'2016-12-15 15:00'";12;40;22;10;1;good
DEBB021;"'2016-12-15 16:00'";6;47;15;6;1;good
DEBB021;"'2016-12-15 17:00'";7;40;23;6;1;good
DEBB021;"'2016-12-15 18:00'";6;43;20;6;2;good
DEBB021;"'2016-12-15 19:00'";6;43;20;6;3;good
DEBB021;"'2016-12-15 20:00'";8;45;17;8;3;good
DEBB021;"'2016-12-15 21:00'";9;44;17;9;3;good
DEBB021;"'2016-12-15 22:00'";10;43;14;10;1;good
DEBB021;"'2016-12-15 23:00'";9;39;18;9;1;good
DEBB021;"'2016-12-15 24:00'";8;36;19;8;1;good
DEBB021;"'2016-12-16 01:00'";10;34;19;10;1;good
DEBB021;"'2016-12-16 02:00'";12;37;13;12;1;good
DEBB021;"'2016-12-16 03:00'";14;35;12;14;1;good
DEBB021;"'2016-12-16 04:00'";16;29;16;16;2;moderate
DEBB021;"'2016-12-16 05:00'";18;26;20;18;3;moderate
DEBB021;"'2016-12-16 06:00'";18;20;29;18;4;moderate
DEBB021;"'2016-12-16 07:00'";18;20;31;17;3;moderate
DEBB021;"'2016-12-16 08:00'";18;15;37;17;3;moderate
DEBB021;"'2016-12-16 09:00'";18;7;46;17;3;moderate
DEBB021;"'2016-12-16 10:00'";18;11;40;17;1;moderate
DEBB021;"'2016-12-16 11:00'";18;20;30;17;1;moderate
DEBB021;"'2016-12-16 12:00'";19;28;21;18;1;moderate
DEBB021;"'2016-12-16 13:00'";20;31;17;18;1;moderate
DEBB021;"'2016-12-16 14:00'";20;29;18;19;1;moderate
DEBB021;"'2016-12-16 15:00'";20;21;35;19;2;moderate
DEBB021;"'2016-12-16 16:00'";22;15;37;20;4;moderate
DEBB021;"'2016-12-16 17:00'";25;4;50;22;3;moderate
DEBB021;"'2016-12-16 18:00'";24;2;50;21;1;moderate
DEBB021;"'2016-12-16 19:00'";23;2;49;22;1;moderate
DEBB021;"'2016-12-16 20:00'";25;2;50;24;1;moderate
DEBB021;"'2016-12-16 21:00'";26;2;49;25;1;moderate
DEBB021;"'2016-12-16 22:00'";29;2;51;28;1;moderate
DEBB021;"'2016-12-16 23:00'";31;2;47;29;1;moderate
DEBB021;"'2016-12-16 24:00'";31;2;43;29;1;moderate
DEBB021;"'2016-12-17 01:00'";30;2;37;29;1;moderate
DEBB021;"'2016-12-17 02:00'";27;2;33;27;1;moderate
DEBB021;"'2016-12-17 03:00'";27;2;33;26;1;moderate
DEBB021;"'2016-12-17 04:00'";26;2;31;26;1;moderate
DEBB021;"'2016-12-17 05:00'";26;2;35;25;1;moderate
DEBB021;"'2016-12-17 06:00'";25;2;38;24;1;moderate
DEBB021;"'2016-12-17 07:00'";26;2;36;25;1;moderate
DEBB021;"'2016-12-17 08:00'";26;2;32;25;1;moderate
DEBB021;"'2016-12-17 09:00'";26;2;31;26;1;moderate
DEBB021;"'2016-12-17 10:00'";28;2;29;26;1;moderate
DEBB021;"'2016-12-17 11:00'";28;7;25;26;1;moderate
DEBB021;"'2016-12-17 12:00'";23;10;21;21;1;moderate
DEBB021;"'2016-12-17 13:00'";24;11;20;21;1;moderate
DEBB021;"'2016-12-17 14:00'";27;12;22;22;1;moderate
DEBB021;"'2016-12-17 15:00'";34;10;23;24;1;moderate
DEBB021;"'2016-12-17 16:00'";32;8;28;25;1;moderate
DEBB021;"'2016-12-17 17:00'";34;2;34;30;1;moderate
DEBB021;"'2016-12-17 18:00'";36;2;32;35;1;poor
DEBB021;"'2016-12-17 19:00'";37;2;32;36;1;poor
DEBB021;"'2016-12-17 20:00'";33;2;33;32;1;poor
DEBB021;"'2016-12-17 21:00'";35;2;31;34;1;poor
DEBB021;"'2016-12-17 22:00'";32;2;29;31;1;poor
DEBB021;"'2016-12-17 23:00'";30;2;30;29;1;moderate
DEBB021;"'2016-12-17 24:00'";31;2;31;30;1;moderate
DEBB021;"'2016-12-18 01:00'";40;2;31;35;1;poor
DEBB021;"'2016-12-18 02:00'";45;2;32;36;1;poor
DEBB021;"'2016-12-18 03:00'";35;2;32;34;1;poor
DEBB021;"'2016-12-18 04:00'";31;2;37;30;1;moderate
DEBB021;"'2016-12-18 05:00'";28;2;38;28;1;moderate
DEBB021;"'2016-12-18 06:00'";26;2;35;26;1;moderate
DEBB021;"'2016-12-18 07:00'";23;2;34;23;1;moderate
DEBB021;"'2016-12-18 08:00'";24;2;34;24;1;moderate
DEBB021;"'2016-12-18 09:00'";24;6;31;23;1;moderate
DEBB021;"'2016-12-18 10:00'";22;10;28;22;1;moderate
DEBB021;"'2016-12-18 11:00'";22;13;27;21;1;moderate
DEBB021;"'2016-12-18 12:00'";21;16;26;21;1;moderate
DEBB021;"'2016-12-18 13:00'";18;19;24;17;1;moderate
DEBB021;"'2016-12-18 14:00'";16;26;19;16;1;moderate
DEBB021;"'2016-12-18 15:00'";15;29;17;14;1;good
DEBB021;"'2016-12-18 16:00'";14;30;20;13;1;good
DEBB021;"'2016-12-18 17:00'";16;25;32;15;1;moderate
DEBB021;"'2016-12-18 18:00'";17;25;29;16;1;moderate
DEBB021;"'2016-12-18 19:00'";19;19;33;17;1;moderate
DEBB021;"'2016-12-18 20:00'";14;34;22;13;1;good
DEBB021;"'2016-12-18 21:00'";14;36;18;13;1;good
DEBB021;"'2016-12-18 22:00'";14;32;15;13;1;good
DEBB021;"'2016-12-18 23:00'";16;25;19;16;1;moderate
DEBB021;"'2016-12-18 24:00'";14;23;19;14;1;good
DEBB021;"'2016-12-19 01:00'";11;29;14;11;1;good
DEBB021;"'2016-12-19 02:00'";9;33;15;9;1;good
DEBB021;"'2016-12-19 03:00'";10;28;15;10;1;good
DEBB021;"'2016-12-19 04:00'";10;21;18;9;1;good
DEBB021;"'2016-12-19 05:00'";11;12;24;11;1;good
DEBB021;"'2016-12-19 06:00'";12;4;31;12;1;moderate
DEBB021;"'2016-12-19 07:00'";14;2;29;13;1;good
DEBB021;"'2016-12-19 08:00'";14;2;26;13;1;good
DEBB021;"'2016-12-19 09:00'";15;2;28;14;1;good
DEBB021;"'2016-12-19 10:00'";14;2;25;13;1;good
DEBB021;"'2016-12-19 11:00'";14;2;26;13;1;good
DEBB021;"'2016-12-19 12:00'";13;4;27;12;1;good
DEBB021;"'2016-12-19 13:00'";13;5;30;12;1;good
DEBB021;"'2016-12-19 14:00'";14;6;35;12;1;moderate
DEBB021;"'2016-12-19 15:00'";15;6;36;14;1;moderate
DEBB021;"'2016-12-19 16:00'";12;15;29;11;1;good
DEBB021;"'2016-12-19 17:00'";12;14;35;12;1;moderate
DEBB021;"'2016-12-19 18:00'";13;24;27;12;1;good
DEBB021;"'2016-12-19 19:00'";15;26;21;14;1;good
DEBB021;"'2016-12-19 20:00'";14;31;18;14;1;good
DEBB021;"'2016-12-19 21:00'";16;32;20;15;1;good
DEBB021;"'2016-12-19 22:00'";14;33;14;14;1;good
DEBB021;"'2016-12-19 23:00'";13;33;12;13;1;good
DEBB021;"'2016-12-19 24:00'";15;30;13;15;1;good
DEBB021;"'2016-12-20 01:00'";18;30;11;18;1;moderate
DEBB021;"'2016-12-20 02:00'";19;28;11;19;1;moderate
DEBB021;"'2016-12-20 03:00'";20;26;11;20;1;moderate
DEBB021;"'2016-12-20 04:00'";23;22;13;23;1;moderate
DEBB021;"'2016-12-20 05:00'";24;15;18;24;1;moderate
DEBB021;"'2016-12-20 06:00'";24;9;25;24;1;moderate
DEBB021;"'2016-12-20 07:00'";27;3;34;25;1;moderate
DEBB021;"'2016-12-20 08:00'";22;4;34;22;1;moderate
DEBB021;"'2016-12-20 09:00'";23;11;28;23;1;moderate
DEBB021;"'2016-12-20 10:00'";24;12;26;23;1;moderate
DEBB021;"'2016-12-20 11:00'";28;10;25;25;1;moderate
DEBB021;"'2016-12-20 12:00'";27;9;27;25;1;moderate
DEBB021;"'2016-12-20 13:00'";30;13;24;27;1;moderate
DEBB021;"'2016-12-20 14:00'";26;12;25;26;4;moderate
DEBB021;"'2016-12-20 15:00'";26;8;29;25;4;moderate
DEBB021;"'2016-12-20 16:00'";23;9;32;23;4;moderate
DEBB021;"'2016-12-20 17:00'";24;11;30;23;4;moderate
DEBB021;"'2016-12-20 18:00'";24;13;29;23;5;moderate
DEBB021;"'2016-12-20 19:00'";25;12;30;25;6;moderate
DEBB021;"'2016-12-20 20:00'";24;14;31;24;7;moderate
DEBB021;"'2016-12-20 21:00'";25;15;28;25;7;moderate
DEBB021;"'2016-12-20 22:00'";26;19;23;26;4;moderate
DEBB021;"'2016-12-20 23:00'";27;22;20;26;2;moderate
DEBB021;"'2016-12-20 24:00'";27;22;19;26;1;moderate
DEBB021;"'2016-12-21 01:00'";27;25;15;26;1;moderate
DEBB021;"'2016-12-21 02:00'";28;24;15;28;1;moderate
DEBB021;"'2016-12-21 03:00'";29;20;16;29;1;moderate
DEBB021;"'2016-12-21 04:00'";30;18;16;29;1;moderate
DEBB021;"'2016-12-21 05:00'";29;15;18;28;1;moderate
DEBB021;"'2016-12-21 06:00'";27;11;21;27;1;moderate
DEBB021;"'2016-12-21 07:00'";27;7;26;27;1;moderate
DEBB021;"'2016-12-21 08:00'";27;2;31;26;2;moderate
DEBB021;"'2016-12-21 09:00'";27;2;32;26;2;moderate
DEBB021;"'2016-12-21 10:00'";26;4;32;25;1;moderate
DEBB021;"'2016-12-21 11:00'";27;6;31;26;1;moderate
DEBB021;"'2016-12-21 12:00'";27;5;33;26;1;moderate
DEBB021;"'2016-12-21 13:00'";25;13;27;24;1;moderate
DEBB021;"'2016-12-21 14:00'";28;9;27;26;1;moderate
DEBB021;"'2016-12-21 15:00'";30;7;37;28;1;moderate
DEBB021;"'2016-12-21 16:00'";28;3;35;26;1;moderate
DEBB021;"'2016-12-21 17:00'";29;2;41;27;2;moderate
DEBB021;"'2016-12-21 18:00'";29;2;36;28;2;moderate
DEBB021;"'2016-12-21 19:00'";28;2;35;26;1;moderate
DEBB021;"'2016-12-21 20:00'";26;2;35;25;1;moderate
DEBB021;"'2016-12-21 21:00'";26;2;34;25;1;moderate
DEBB021;"'2016-12-21 22:00'";25;2;33;25;1;moderate
DEBB021;"'2016-12-21 23:00'";25;2;33;25;1;moderate
DEBB021;"'2016-12-21 24:00'";25;2;32;25;1;moderate
DEBB021;"'2016-12-22 01:00'";24;2;32;23;2;moderate
DEBB021;"'2016-12-22 02:00'";24;2;31;23;3;moderate
DEBB021;"'2016-12-22 03:00'";24;2;31;23;3;moderate
DEBB021;"'2016-12-22 04:00'";23;2;30;23;1;moderate
DEBB021;"'2016-12-22 05:00'";22;2;30;22;1;moderate
DEBB021;"'2016-12-22 06:00'";22;2;32;22;1;moderate
DEBB021;"'2016-12-22 07:00'";22;2;34;21;1;moderate
DEBB021;"'2016-12-22 08:00'";22;2;36;21;4;moderate
DEBB021;"'2016-12-22 09:00'";23;2;36;22;4;moderate
DEBB021;"'2016-12-22 10:00'";24;4;36;22;5;moderate
DEBB021;"'2016-12-22 11:00'";22;8;35;21;4;moderate
DEBB021;"'2016-12-22 12:00'";22;8;33;21;2;moderate
DEBB021;"'2016-12-22 13:00'";22;9;33;21;1;moderate
DEBB021;"'2016-12-22 14:00'";21;8;35;20;2;moderate
DEBB021;"'2016-12-22 15:00'";20;6;41;20;1;moderate
DEBB021;"'2016-12-22 16:00'";19;2;43;18;1;moderate
DEBB021;"'2016-12-22 17:00'";18;2;46;18;1;moderate
DEBB021;"'2016-12-22 18:00'";18;2;43;17;1;moderate
DEBB021;"'2016-12-22 19:00'";18;5;40;17;1;moderate
DEBB021;"'2016-12-22 20:00'";17;2;40;17;1;moderate
DEBB021;"'2016-12-22 21:00'";17;3;39;17;1;moderate
DEBB021;"'2016-12-22 22:00'";18;6;34;17;1;moderate
DEBB021;"'2016-12-22 23:00'";18;7;31;18;1;moderate
DEBB021;"'2016-12-22 24:00'";21;6;32;20;1;moderate
DEBB021;"'2016-12-23 01:00'";20;9;29;19;1;moderate
DEBB021;"'2016-12-23 02:00'";21;7;31;18;1;moderate
DEBB021;"'2016-12-23 03:00'";20;7;30;19;1;moderate
DEBB021;"'2016-12-23 04:00'";18;9;32;18;1;moderate
DEBB021;"'2016-12-23 05:00'";18;15;25;17;1;moderate
DEBB021;"'2016-12-23 06:00'";16;18;21;16;1;moderate
DEBB021;"'2016-12-23 07:00'";17;16;25;17;1;moderate
DEBB021;"'2016-12-23 08:00'";16;16;27;16;1;moderate
DEBB021;"'2016-12-23 09:00'";14;17;23;14;1;good
DEBB021;"'2016-12-23 10:00'";14;15;26;13;1;good
DEBB021;"'2016-12-23 11:00'";14;16;28;13;1;good
DEBB021;"'2016-12-23 12:00'";15;16;31;14;1;moderate
DEBB021;"'2016-12-23 13:00'";16;17;33;15;1;moderate
DEBB021;"'2016-12-23 14:00'";17;18;31;16;1;moderate
DEBB021;"'2016-12-23 15:00'";16;17;39;15;1;moderate
DEBB021;"'2016-12-23 16:00'";15;17;34;14;1;moderate
DEBB021;"'2016-12-23 17:00'";14;21;34;14;1;moderate
DEBB021;"'2016-12-23 18:00'";15;12;34;14;1;moderate
DEBB021;"'2016-12-23 19:00'";17;11;33;16;1;moderate
DEBB021;"'2016-12-23 20:00'";18;14;32;18;1;moderate
DEBB021;"'2016-12-23 21:00'";18;20;27;18;1;moderate
DEBB021;"'2016-12-23 22:00'";16;31;20;16;1;moderate
DEBB021;"'2016-12-23 23:00'";18;32;17;18;1;moderate
DEBB021;"'2016-12-23 24:00'";16;17;27;15;1;good
DEBB021;"'2016-12-24 01:00'";13;10;33;13;1;moderate
DEBB021;"'2016-12-24 02:00'";13;14;27;13;1;good
DEBB021;"'2016-12-24 03:00'";13;20;23;13;1;good
DEBB021;"'2016-12-24 04:00'";12;23;21;12;1;good
DEBB021;"'2016-12-24 05:00'";10;24;20;10;1;good
DEBB021;"'2016-12-24 06:00'";11;25;17;11;1;good
DEBB021;"'2016-12-24 07:00'";12;27;15;12;1;good
DEBB021;"'2016-12-24 08:00'";12;26;15;12;1;good
DEBB021;"'2016-12-24 09:00'";12;27;14;11;1;good
DEBB021;"'2016-12-24 10:00'";11;24;17;11;1;good
DEBB021;"'2016-12-24 11:00'";9;25;17;9;1;good
DEBB021;"'2016-12-24 12:00'";9;26;17;8;1;good
DEBB021;"'2016-12-24 13:00'";8;30;15;8;1;good
DEBB021;"'2016-12-24 14:00'";8;35;19;7;1;good
DEBB021;"'2016-12-24 15:00'";9;43;14;8;1;good
DEBB021;"'2016-12-24 16:00'";8;41;13;7;1;good
DEBB021;"'2016-12-24 17:00'";9;44;17;8;1;good
DEBB021;"'2016-12-24 18:00'";11;51;15;10;1;good
DEBB021;"'2016-12-24 19:00'";12;57;10;11;1;good
DEBB021;"'2016-12-24 20:00'";13;54;11;11;1;good
DEBB021;"'2016-12-24 21:00'";15;50;16;13;1;good
DEBB021;"'2016-12-24 22:00'";16;51;15;14;1;good
DEBB021;"'2016-12-24 23:00'";15;51;15;13;1;good
DEBB021;"'2016-12-24 24:00'";14;49;17;12;1;good
DEBB021;"'2016-12-25 01:00'";12;54;12;11;1;good
DEBB021;"'2016-12-25 02:00'";12;58;8;10;1;good
DEBB021;"'2016-12-25 03:00'";11;57;9;10;1;good
DEBB021;"'2016-12-25 04:00'";2;66;3;2;1;good
DEBB021;"'2016-12-25 05:00'";0.9;67;3;1;1;good
DEBB021;"'2016-12-25 06:00'";2;59;7;2;1;good
DEBB021;"'2016-12-25 07:00'";4;54;9;4;1;good
DEBB021;"'2016-12-25 08:00'";6;50;11;6;1;good
DEBB021;"'2016-12-25 09:00'";7;57;7;6;1;good
DEBB021;"'2016-12-25 10:00'";7;49;15;6;1;good
DEBB021;"'2016-12-25 11:00'";9;47;17;8;1;good
DEBB021;"'2016-12-25 12:00'";8;51;11;8;1;good
DEBB021;"'2016-12-25 13:00'";9;53;10;8;1;good
DEBB021;"'2016-12-25 14:00'";10;53;10;10;1;good
DEBB021;"'2016-12-25 15:00'";6;52;10;6;1;good
DEBB021;"'2016-12-25 16:00'";4;51;10;4;1;good
DEBB021;"'2016-12-25 17:00'";4;50;10;4;1;good
DEBB021;"'2016-12-25 18:00'";5;52;9;5;1;good
DEBB021;"'2016-12-25 19:00'";4;51;9;4;1;good
DEBB021;"'2016-12-25 20:00'";4;48;9;3;1;good
DEBB021;"'2016-12-25 21:00'";4;46;10;4;1;good
DEBB021;"'2016-12-25 22:00'";3;47;8;3;1;good
DEBB021;"'2016-12-25 23:00'";5;46;8;4;1;good
DEBB021;"'2016-12-25 24:00'";3;48;6;3;1;good
DEBB021;"'2016-12-26 01:00'";3;48;7;3;1;good
DEBB021;"'2016-12-26 02:00'";3;48;6;3;1;good
DEBB021;"'2016-12-26 03:00'";3;49;5;3;1;good
DEBB021;"'2016-12-26 04:00'";3;50;5;3;1;good
DEBB021;"'2016-12-26 05:00'";3;50;6;3;1;good
DEBB021;"'2016-12-26 06:00'";4;51;6;3;1;good
DEBB021;"'2016-12-26 07:00'";4;53;5;4;1;good
DEBB021;"'2016-12-26 08:00'";4;46;6;3;1;good
DEBB021;"'2016-12-26 09:00'";3;44;3;3;1;good
DEBB021;"'2016-12-26 10:00'";2;44;4;2;1;good
DEBB021;"'2016-12-26 11:00'";1;44;6;1;1;good
DEBB021;"'2016-12-26 12:00'";1;43;7;1;1;good
DEBB021;"'2016-12-26 13:00'";2;48;8;1;1;good
DEBB021;"'2016-12-26 14:00'";1;78;5;1;1;moderate
DEBB021;"'2016-12-26 15:00'";2;73;5;1;1;moderate
DEBB021;"'2016-12-26 16:00'";4;69;5;3;1;good
DEBB021;"'2016-12-26 17:00'";5;68;6;4;1;good
DEBB021;"'2016-12-26 18:00'";5;72;3;4;1;good
DEBB021;"'2016-12-26 19:00'";6;74;4;4;1;moderate
DEBB021;"'2016-12-26 20:00'";5;74;2;4;1;moderate
DEBB021;"'2016-12-26 21:00'";6;72;2;5;1;good
DEBB021;"'2016-12-26 22:00'";8;72;2;5;1;good
DEBB021;"'2016-12-26 23:00'";7;71;2;5;1;good
DEBB021;"'2016-12-26 24:00'";8;71;2;6;1;good
DEBB021;"'2016-12-27 01:00'";7;70;2;6;1;good
DEBB021;"'2016-12-27 02:00'";6;70;2;5;1;good
DEBB021;"'2016-12-27 03:00'";6;71;2;4;1;good
DEBB021;"'2016-12-27 04:00'";5;71;2;4;1;good
DEBB021;"'2016-12-27 05:00'";5;71;2;4;1;good
DEBB021;"'2016-12-27 06:00'";6;72;2;5;1;good
DEBB021;"'2016-12-27 07:00'";7;73;3;5;1;moderate
DEBB021;"'2016-12-27 08:00'";7;73;3;6;1;moderate
DEBB021;"'2016-12-27 09:00'";8;71;5;7;1;good
DEBB021;"'2016-12-27 10:00'";9;70;5;8;1;good
DEBB021;"'2016-12-27 11:00'";11;70;7;9;1;good
DEBB021;"'2016-12-27 12:00'";10;72;7;8;1;good
DEBB021;"'2016-12-27 13:00'";10;70;8;8;1;good
DEBB021;"'2016-12-27 14:00'";10;70;7;8;1;good
DEBB021;"'2016-12-27 15:00'";11;72;6;8;1;good
DEBB021;"'2016-12-27 16:00'";13;72;6;9;1;good
DEBB021;"'2016-12-27 17:00'";11;73;6;8;1;moderate
DEBB021;"'2016-12-27 18:00'";13;69;7;8;1;good
DEBB021;"'2016-12-27 19:00'";13;63;11;9;1;good
DEBB021;"'2016-12-27 20:00'";13;62;10;10;1;good
DEBB021;"'2016-12-27 21:00'";11;59;9;8;1;good
DEBB021;"'2016-12-27 22:00'";7;58;8;6;1;good
DEBB021;"'2016-12-27 23:00'";4;57;6;4;1;good
DEBB021;"'2016-12-27 24:00'";7;59;5;6;1;good
DEBB021;"'2016-12-28 01:00'";3;62;2;3;1;good
DEBB021;"'2016-12-28 02:00'";5;63;2;5;1;good
DEBB021;"'2016-12-28 03:00'";5;64;2;5;1;good
DEBB021;"'2016-12-28 04:00'";2;65;2;2;1;good
DEBB021;"'2016-12-28 05:00'";0.9;67;2;1;1;good
DEBB021;"'2016-12-28 06:00'";0.9;64;4;1;1;good
DEBB021;"'2016-12-28 07:00'";0.9;65;7;1;1;good
DEBB021;"'2016-12-28 08:00'";0.9;59;11;1;1;good
DEBB021;"'2016-12-28 09:00'";2;55;12;2;1;good
DEBB021;"'2016-12-28 10:00'";8;57;9;7;1;good
DEBB021;"'2016-12-28 11:00'";9;58;10;8;1;good
DEBB021;"'2016-12-28 12:00'";9;61;8;7;1;good
DEBB021;"'2016-12-28 13:00'";7;60;8;6;1;good
DEBB021;"'2016-12-28 14:00'";7;58;9;6;1;good
DEBB021;"'2016-12-28 15:00'";6;59;10;5;1;good
DEBB021;"'2016-12-28 16:00'";4;61;11;3;1;good
DEBB021;"'2016-12-28 17:00'";3;61;13;3;1;good
DEBB021;"'2016-12-28 18:00'";5;55;15;4;1;good
DEBB021;"'2016-12-28 19:00'";4;61;10;4;1;good
DEBB021;"'2016-12-28 20:00'";7;53;14;6;1;good
DEBB021;"'2016-12-28 21:00'";6;57;10;5;1;good
DEBB021;"'2016-12-28 22:00'";8;53;11;7;1;good
DEBB021;"'2016-12-28 23:00'";9;51;12;8;1;good
DEBB021;"'2016-12-28 24:00'";9;55;10;8;1;good
DEBB021;"'2016-12-29 01:00'";11;49;7;9;1;good
DEBB021;"'2016-12-29 02:00'";12;46;6;9;1;good
DEBB021;"'2016-12-29 03:00'";12;43;7;10;1;good
DEBB021;"'2016-12-29 04:00'";11;39;9;9;1;good
DEBB021;"'2016-12-29 05:00'";11;33;12;9;1;good
DEBB021;"'2016-12-29 06:00'";13;24;19;10;1;good
DEBB021;"'2016-12-29 07:00'";14;13;31;11;1;moderate
DEBB021;"'2016-12-29 08:00'";14;15;29;11;1;good
DEBB021;"'2016-12-29 09:00'";13;21;24;10;1;good
DEBB021;"'2016-12-29 10:00'";12;19;27;10;1;good
DEBB021;"'2016-12-29 11:00'";14;29;24;11;1;good
DEBB021;"'2016-12-29 12:00'";12;43;18;9;1;good
DEBB021;"'2016-12-29 13:00'";14;54;13;10;1;good
DEBB021;"'2016-12-29 14:00'";13;60;12;10;1;good
DEBB021;"'2016-12-29 15:00'";18;53;18;14;1;good
DEBB021;"'2016-12-29 16:00'";21;37;34;17;1;moderate
DEBB021;"'2016-12-29 17:00'";20;22;40;16;1;moderate
DEBB021;"'2016-12-29 18:00'";16;21;36;14;1;moderate
DEBB021;"'2016-12-29 19:00'";15;19;37;13;1;moderate
DEBB021;"'2016-12-29 20:00'";18;14;39;16;1;moderate
DEBB021;"'2016-12-29 21:00'";20;4;44;18;1;moderate
DEBB021;"'2016-12-29 22:00'";18;13;32;16;1;moderate
DEBB021;"'2016-12-29 23:00'";20;2;40;19;1;moderate
DEBB021;"'2016-12-29 24:00'";17;6;32;16;1;moderate
DEBB021;"'2016-12-30 01:00'";16;9;28;16;1;moderate
DEBB021;"'2016-12-30 02:00'";18;2;33;17;1;moderate
DEBB021;"'2016-12-30 03:00'";17;2;29;16;1;moderate
DEBB021;"'2016-12-30 04:00'";16;2;28;16;1;moderate
DEBB021;"'2016-12-30 05:00'";17;2;27;17;1;moderate
DEBB021;"'2016-12-30 06:00'";18;3;27;18;1;moderate
DEBB021;"'2016-12-30 07:00'";18;2;31;17;1;moderate
DEBB021;"'2016-12-30 08:00'";19;4;32;19;1;moderate
DEBB021;"'2016-12-30 09:00'";20;4;31;19;1;moderate
DEBB021;"'2016-12-30 10:00'";20;6;29;20;1;moderate
DEBB021;"'2016-12-30 11:00'";19;10;27;19;1;moderate
DEBB021;"'2016-12-30 12:00'";18;15;24;18;1;moderate
DEBB021;"'2016-12-30 13:00'";19;14;25;18;1;moderate
DEBB021;"'2016-12-30 14:00'";19;16;28;18;1;moderate
DEBB021;"'2016-12-30 15:00'";18;13;28;18;1;moderate
DEBB021;"'2016-12-30 16:00'";21;7;31;21;1;moderate
DEBB021;"'2016-12-30 17:00'";21;2;39;21;1;moderate
DEBB021;"'2016-12-30 18:00'";22;2;38;21;1;moderate
DEBB021;"'2016-12-30 19:00'";20;2;39;19;1;moderate
DEBB021;"'2016-12-30 20:00'";19;2;40;18;1;moderate
DEBB021;"'2016-12-30 21:00'";18;2;38;17;1;moderate
DEBB021;"'2016-12-30 22:00'";17;2;39;17;1;moderate
DEBB021;"'2016-12-30 23:00'";16;2;40;16;1;moderate
DEBB021;"'2016-12-30 24:00'";16;4;36;16;1;moderate
DEBB021;"'2016-12-31 01:00'";17;5;34;16;1;moderate
DEBB021;"'2016-12-31 02:00'";15;9;32;15;1;moderate
DEBB021;"'2016-12-31 03:00'";13;14;27;13;1;good
DEBB021;"'2016-12-31 04:00'";11;19;24;11;1;good
DEBB021;"'2016-12-31 05:00'";11;16;26;10;1;good
DEBB021;"'2016-12-31 06:00'";11;11;29;11;1;good
DEBB021;"'2016-12-31 07:00'";11;12;29;11;1;good
DEBB021;"'2016-12-31 08:00'";11;15;27;10;1;good
DEBB021;"'2016-12-31 09:00'";12;13;28;11;1;good
DEBB021;"'2016-12-31 10:00'";12;12;30;12;1;good
DEBB021;"'2016-12-31 11:00'";13;14;31;12;1;moderate
DEBB021;"'2016-12-31 12:00'";14;20;31;13;2;moderate
DEBB021;"'2016-12-31 13:00'";14;27;29;13;5;good
DEBB021;"'2016-12-31 14:00'";15;28;29;14;6;good
DEBB021;"'2016-12-31 15:00'";15;27;30;14;5;good
DEBB021;"'2016-12-31 16:00'";17;21;35;16;4;moderate
DEBB021;"'2016-12-31 17:00'";19;12;42;18;4;moderate
DEBB021;"'2016-12-31 18:00'";27;9;45;25;4;moderate
DEBB021;"'2016-12-31 19:00'";22;26;27;21;2;moderate
DEBB021;"'2016-12-31 20:00'";24;19;35;23;1;moderate
DEBB021;"'2016-12-31 21:00'";28;23;30;26;2;moderate
DEBB021;"'2016-12-31 22:00'";26;34;23;24;1;moderate
DEBB021;"'2016-12-31 23:00'";24;45;16;21;4;moderate
DEBB021;"'2016-12-31 24:00'";23;49;12;21;1;moderate

"Source: German Environment Agency, https://www.umweltbundesamt.de/en/data/air/air-data/air-quality (Status: 21.07.2026). All times are given in the time valid at the time of measurement (CET or CEST)."
