"Station code";Date;"Particulate matter (PM₁₀) One hour average in µg/m³";"Ozone (O₃) One hour average in µg/m³";"Nitrogen dioxide (NO₂) One hour average in µg/m³";"Particulate matter (PM₂,₅) One hour average in µg/m³";"Sulphur dioxide (SO₂) One hour average in µg/m³";"Air quality index"
DEBB021;"'2025-01-01 01:00'";57;34;14;50;6;poor
DEBB021;"'2025-01-01 02:00'";30;37;10;26;4;moderate
DEBB021;"'2025-01-01 03:00'";22;37;9;19;3;moderate
DEBB021;"'2025-01-01 04:00'";21;39;9;19;3;moderate
DEBB021;"'2025-01-01 05:00'";19;40;8;17;3;moderate
DEBB021;"'2025-01-01 06:00'";14;42;6;12;3;good
DEBB021;"'2025-01-01 07:00'";10;46;5;8;2;good
DEBB021;"'2025-01-01 08:00'";10;47;4;8;3;good
DEBB021;"'2025-01-01 09:00'";11;49;4;9;2;good
DEBB021;"'2025-01-01 10:00'";10;52;4;8;2;good
DEBB021;"'2025-01-01 11:00'";8;54;3;6;2;good
DEBB021;"'2025-01-01 12:00'";7;57;3;5;2;good
DEBB021;"'2025-01-01 13:00'";7;60;3;4;2;good
DEBB021;"'2025-01-01 14:00'";7;62;3;4;2;good
DEBB021;"'2025-01-01 15:00'";7;63;3;4;2;good
DEBB021;"'2025-01-01 16:00'";6;64;4;4;2;good
DEBB021;"'2025-01-01 17:00'";6;63;4;4;2;good
DEBB021;"'2025-01-01 18:00'";7;62;5;5;2;good
DEBB021;"'2025-01-01 19:00'";7;63;4;5;2;good
DEBB021;"'2025-01-01 20:00'";7;65;4;4;2;good
DEBB021;"'2025-01-01 21:00'";6;68;3;4;2;good
DEBB021;"'2025-01-01 22:00'";7;69;3;4;2;good
DEBB021;"'2025-01-01 23:00'";6;68;3;4;2;good
DEBB021;"'2025-01-01 24:00'";6;67;3;4;2;good
DEBB021;"'2025-01-02 01:00'";6;66;3;4;2;good
DEBB021;"'2025-01-02 02:00'";6;65;2;4;2;good
DEBB021;"'2025-01-02 03:00'";6;63;2;4;2;good
DEBB021;"'2025-01-02 04:00'";6;58;3;4;2;good
DEBB021;"'2025-01-02 05:00'";5;58;3;4;2;good
DEBB021;"'2025-01-02 06:00'";4;63;3;3;2;good
DEBB021;"'2025-01-02 07:00'";3;75;3;2;2;moderate
DEBB021;"'2025-01-02 08:00'";6;76;4;3;2;moderate
DEBB021;"'2025-01-02 09:00'";8;73;4;4;2;moderate
DEBB021;"'2025-01-02 10:00'";9;67;6;5;2;good
DEBB021;"'2025-01-02 11:00'";9;63;7;5;2;good
DEBB021;"'2025-01-02 12:00'";10;63;6;5;2;good
DEBB021;"'2025-01-02 13:00'";10;64;5;5;2;good
DEBB021;"'2025-01-02 14:00'";9;65;4;5;2;good
DEBB021;"'2025-01-02 15:00'";10;63;6;5;3;good
DEBB021;"'2025-01-02 16:00'";10;59;9;5;2;good
DEBB021;"'2025-01-02 17:00'";10;59;9;5;2;good
DEBB021;"'2025-01-02 18:00'";10;61;8;6;2;good
DEBB021;"'2025-01-02 19:00'";11;56;10;6;2;good
DEBB021;"'2025-01-02 20:00'";9;60;7;5;2;good
DEBB021;"'2025-01-02 21:00'";8;60;6;5;2;good
DEBB021;"'2025-01-02 22:00'";9;59;7;5;2;good
DEBB021;"'2025-01-02 23:00'";7;61;6;4;2;good
DEBB021;"'2025-01-02 24:00'";7;60;5;4;3;good
DEBB021;"'2025-01-03 01:00'";7;61;5;4;2;good
DEBB021;"'2025-01-03 02:00'";7;65;4;4;2;good
DEBB021;"'2025-01-03 03:00'";6;69;2;3;2;good
DEBB021;"'2025-01-03 04:00'";5;70;2;3;2;good
DEBB021;"'2025-01-03 05:00'";5;69;3;3;2;good
DEBB021;"'2025-01-03 06:00'";5;66;3;3;2;good
DEBB021;"'2025-01-03 07:00'";5;67;4;3;2;good
DEBB021;"'2025-01-03 08:00'";6;66;5;4;2;good
DEBB021;"'2025-01-03 09:00'";8;63;7;4;2;good
DEBB021;"'2025-01-03 10:00'";6;66;6;4;2;good
DEBB021;"'2025-01-03 11:00'";7;66;7;4;2;good
DEBB021;"'2025-01-03 12:00'";6;70;6;4;2;good
DEBB021;"'2025-01-03 13:00'";6;70;6;4;2;good
DEBB021;"'2025-01-03 14:00'";7;74;5;4;2;moderate
DEBB021;"'2025-01-03 15:00'";6;71;5;4;2;good
DEBB021;"'2025-01-03 16:00'";5;72;5;3;2;good
DEBB021;"'2025-01-03 17:00'";4;70;5;2;2;good
DEBB021;"'2025-01-03 18:00'";5;69;5;3;2;good
DEBB021;"'2025-01-03 19:00'";7;71;5;4;2;good
DEBB021;"'2025-01-03 20:00'";6;69;5;4;2;good
DEBB021;"'2025-01-03 21:00'";6;66;5;4;2;good
DEBB021;"'2025-01-03 22:00'";5;66;5;3;2;good
DEBB021;"'2025-01-03 23:00'";5;67;4;3;2;good
DEBB021;"'2025-01-03 24:00'";5;69;3;3;2;good
DEBB021;"'2025-01-04 01:00'";6;68;3;4;2;good
DEBB021;"'2025-01-04 02:00'";6;68;3;4;2;good
DEBB021;"'2025-01-04 03:00'";7;67;3;4;2;good
DEBB021;"'2025-01-04 04:00'";7;66;3;4;2;good
DEBB021;"'2025-01-04 05:00'";6;66;3;4;2;good
DEBB021;"'2025-01-04 06:00'";6;67;3;4;2;good
DEBB021;"'2025-01-04 07:00'";6;66;4;4;2;good
DEBB021;"'2025-01-04 08:00'";7;63;6;4;2;good
DEBB021;"'2025-01-04 09:00'";10;61;6;5;2;good
DEBB021;"'2025-01-04 10:00'";11;60;6;6;2;good
DEBB021;"'2025-01-04 11:00'";9;63;5;6;2;good
DEBB021;"'2025-01-04 12:00'";11;61;8;7;2;good
DEBB021;"'2025-01-04 13:00'";11;58;13;7;2;good
DEBB021;"'2025-01-04 14:00'";11;62;10;6;2;good
DEBB021;"'2025-01-04 15:00'";11;57;11;6;2;good
DEBB021;"'2025-01-04 16:00'";10;51;15;6;2;good
DEBB021;"'2025-01-04 17:00'";10;47;13;7;2;good
DEBB021;"'2025-01-04 18:00'";13;43;15;10;2;good
DEBB021;"'2025-01-04 19:00'";13;43;14;10;2;good
DEBB021;"'2025-01-04 20:00'";13;41;14;11;2;good
DEBB021;"'2025-01-04 21:00'";14;39;14;11;2;good
DEBB021;"'2025-01-04 22:00'";14;41;12;12;2;good
DEBB021;"'2025-01-04 23:00'";13;44;11;11;2;good
DEBB021;"'2025-01-04 24:00'";14;43;11;12;2;good
DEBB021;"'2025-01-05 01:00'";14;41;11;12;3;good
DEBB021;"'2025-01-05 02:00'";14;40;10;12;2;good
DEBB021;"'2025-01-05 03:00'";15;39;10;13;2;good
DEBB021;"'2025-01-05 04:00'";15;37;11;13;3;good
DEBB021;"'2025-01-05 05:00'";16;31;12;14;3;good
DEBB021;"'2025-01-05 06:00'";16;28;12;14;2;good
DEBB021;"'2025-01-05 07:00'";16;28;12;14;2;good
DEBB021;"'2025-01-05 08:00'";16;32;10;14;2;good
DEBB021;"'2025-01-05 09:00'";15;34;10;13;2;good
DEBB021;"'2025-01-05 10:00'";16;31;14;13;2;good
DEBB021;"'2025-01-05 11:00'";15;35;15;13;3;good
DEBB021;"'2025-01-05 12:00'";14;38;14;12;3;good
DEBB021;"'2025-01-05 13:00'";14;40;13;11;3;good
DEBB021;"'2025-01-05 14:00'";14;44;12;11;3;good
DEBB021;"'2025-01-05 15:00'";14;49;10;11;3;good
DEBB021;"'2025-01-05 16:00'";12;53;9;10;3;good
DEBB021;"'2025-01-05 17:00'";11;54;10;9;3;good
DEBB021;"'2025-01-05 18:00'";9;54;12;7;3;good
DEBB021;"'2025-01-05 19:00'";9;54;11;7;3;good
DEBB021;"'2025-01-05 20:00'";9;50;16;8;3;good
DEBB021;"'2025-01-05 21:00'";8;49;9;6;3;good
DEBB021;"'2025-01-05 22:00'";8;43;10;6;2;good
DEBB021;"'2025-01-05 23:00'";8;37;13;7;2;good
DEBB021;"'2025-01-05 24:00'";9;34;12;7;2;good
DEBB021;"'2025-01-06 01:00'";9;34;8;7;2;good
DEBB021;"'2025-01-06 02:00'";9;34;8;7;2;good
DEBB021;"'2025-01-06 03:00'";9;31;9;8;2;good
DEBB021;"'2025-01-06 04:00'";8;38;8;6;2;good
DEBB021;"'2025-01-06 05:00'";7;39;9;6;2;good
DEBB021;"'2025-01-06 06:00'";7;43;8;5;2;good
DEBB021;"'2025-01-06 07:00'";6;47;9;5;2;good
DEBB021;"'2025-01-06 08:00'";6;46;12;4;2;good
DEBB021;"'2025-01-06 09:00'";7;44;13;4;3;good
DEBB021;"'2025-01-06 10:00'";7;48;11;4;3;good
DEBB021;"'2025-01-06 11:00'";7;47;12;4;2;good
DEBB021;"'2025-01-06 12:00'";7;46;12;4;2;good
DEBB021;"'2025-01-06 13:00'";7;50;10;4;2;good
DEBB021;"'2025-01-06 14:00'";8;53;10;4;3;good
DEBB021;"'2025-01-06 15:00'";8;53;10;4;3;good
DEBB021;"'2025-01-06 16:00'";8;57;12;4;3;good
DEBB021;"'2025-01-06 17:00'";8;54;16;4;3;good
DEBB021;"'2025-01-06 18:00'";7;66;8;4;3;good
DEBB021;"'2025-01-06 19:00'";6;69;6;4;3;good
DEBB021;"'2025-01-06 20:00'";6;70;6;3;3;good
DEBB021;"'2025-01-06 21:00'";5;68;5;3;3;good
DEBB021;"'2025-01-06 22:00'";4;67;3;2;2;good
DEBB021;"'2025-01-06 23:00'";4;69;4;2;2;good
DEBB021;"'2025-01-06 24:00'";4;70;3;2;2;good
DEBB021;"'2025-01-07 01:00'";3;73;3;1;2;moderate
DEBB021;"'2025-01-07 02:00'";3;73;2;1;2;moderate
DEBB021;"'2025-01-07 03:00'";3;69;2;1;2;good
DEBB021;"'2025-01-07 04:00'";4;66;3;2;2;good
DEBB021;"'2025-01-07 05:00'";4;69;2;2;2;good
DEBB021;"'2025-01-07 06:00'";4;68;3;2;2;good
DEBB021;"'2025-01-07 07:00'";5;68;4;2;2;good
DEBB021;"'2025-01-07 08:00'";5;68;5;2;2;good
DEBB021;"'2025-01-07 09:00'";5;69;6;2;2;good
DEBB021;"'2025-01-07 10:00'";6;64;8;3;2;good
DEBB021;"'2025-01-07 11:00'";5;68;5;2;2;good
DEBB021;"'2025-01-07 12:00'";5;73;5;2;2;moderate
DEBB021;"'2025-01-07 13:00'";5;73;4;2;2;moderate
DEBB021;"'2025-01-07 14:00'";5;73;5;2;2;moderate
DEBB021;"'2025-01-07 15:00'";5;70;5;2;2;good
DEBB021;"'2025-01-07 16:00'";5;69;6;2;2;good
DEBB021;"'2025-01-07 17:00'";5;69;5;2;2;good
DEBB021;"'2025-01-07 18:00'";5;69;6;3;2;good
DEBB021;"'2025-01-07 19:00'";3;68;6;2;2;good
DEBB021;"'2025-01-07 20:00'";4;63;7;2;2;good
DEBB021;"'2025-01-07 21:00'";4;60;6;2;2;good
DEBB021;"'2025-01-07 22:00'";4;57;6;2;2;good
DEBB021;"'2025-01-07 23:00'";4;65;4;2;2;good
DEBB021;"'2025-01-07 24:00'";3;71;2;2;2;good
DEBB021;"'2025-01-08 01:00'";2;71;1;1;2;good
DEBB021;"'2025-01-08 02:00'";2;68;2;1;2;good
DEBB021;"'2025-01-08 03:00'";3;66;2;1;2;good
DEBB021;"'2025-01-08 04:00'";3;62;2;2;2;good
DEBB021;"'2025-01-08 05:00'";3;58;3;2;2;good
DEBB021;"'2025-01-08 06:00'";3;59;4;2;2;good
DEBB021;"'2025-01-08 07:00'";4;54;7;2;2;good
DEBB021;"'2025-01-08 08:00'";4;50;8;3;2;good
DEBB021;"'2025-01-08 09:00'";6;49;10;3;2;good
DEBB021;"'2025-01-08 10:00'";5;52;9;3;2;good
DEBB021;"'2025-01-08 11:00'";6;52;11;4;2;good
DEBB021;"'2025-01-08 12:00'";10;55;9;4;2;good
DEBB021;"'2025-01-08 13:00'";7;60;6;4;2;good
DEBB021;"'2025-01-08 14:00'";8;58;9;4;2;good
DEBB021;"'2025-01-08 15:00'";7;59;9;4;2;good
DEBB021;"'2025-01-08 16:00'";7;58;10;4;2;good
DEBB021;"'2025-01-08 17:00'";6;58;11;4;2;good
DEBB021;"'2025-01-08 18:00'";7;52;13;4;2;good
DEBB021;"'2025-01-08 19:00'";6;48;15;4;2;good
DEBB021;"'2025-01-08 20:00'";7;46;12;4;2;good
DEBB021;"'2025-01-08 21:00'";8;43;12;6;2;good
DEBB021;"'2025-01-08 22:00'";10;29;22;8;2;good
DEBB021;"'2025-01-08 23:00'";11;28;21;9;3;good
DEBB021;"'2025-01-08 24:00'";8;32;17;6;2;good
DEBB021;"'2025-01-09 01:00'";8;31;16;6;2;good
DEBB021;"'2025-01-09 02:00'";8;31;13;6;2;good
DEBB021;"'2025-01-09 03:00'";7;34;12;5;2;good
DEBB021;"'2025-01-09 04:00'";6;40;8;4;2;good
DEBB021;"'2025-01-09 05:00'";7;35;11;6;2;good
DEBB021;"'2025-01-09 06:00'";7;34;15;6;3;good
DEBB021;"'2025-01-09 07:00'";9;23;25;7;3;good
DEBB021;"'2025-01-09 08:00'";10;20;28;8;3;good
DEBB021;"'2025-01-09 09:00'";13;16;30;10;3;good
DEBB021;"'2025-01-09 10:00'";12;17;29;10;3;good
DEBB021;"'2025-01-09 11:00'";8;29;17;7;3;good
DEBB021;"'2025-01-09 12:00'";9;23;21;7;3;good
DEBB021;"'2025-01-09 13:00'";9;27;19;7;2;good
DEBB021;"'2025-01-09 14:00'";9;24;22;7;2;good
DEBB021;"'2025-01-09 15:00'";8;28;21;6;3;good
DEBB021;"'2025-01-09 16:00'";8;23;24;6;3;good
DEBB021;"'2025-01-09 17:00'";6;32;16;4;3;good
DEBB021;"'2025-01-09 18:00'";6;39;9;4;2;good
DEBB021;"'2025-01-09 19:00'";4;48;7;3;2;good
DEBB021;"'2025-01-09 20:00'";3;66;4;2;2;good
DEBB021;"'2025-01-09 21:00'";3;70;6;2;3;good
DEBB021;"'2025-01-09 22:00'";3;64;4;2;2;good
DEBB021;"'2025-01-09 23:00'";5;52;8;3;2;good
DEBB021;"'2025-01-09 24:00'";8;38;12;7;2;good
DEBB021;"'2025-01-10 01:00'";9;51;7;7;2;good
DEBB021;"'2025-01-10 02:00'";8;52;7;6;2;good
DEBB021;"'2025-01-10 03:00'";9;56;6;8;2;good
DEBB021;"'2025-01-10 04:00'";7;62;4;6;2;good
DEBB021;"'2025-01-10 05:00'";5;64;4;4;2;good
DEBB021;"'2025-01-10 06:00'";5;64;4;3;2;good
DEBB021;"'2025-01-10 07:00'";7;64;5;4;2;good
DEBB021;"'2025-01-10 08:00'";8;60;8;5;2;good
DEBB021;"'2025-01-10 09:00'";10;54;12;7;3;good
DEBB021;"'2025-01-10 10:00'";12;48;12;9;3;good
DEBB021;"'2025-01-10 11:00'";11;43;16;9;3;good
DEBB021;"'2025-01-10 12:00'";11;45;14;9;3;good
DEBB021;"'2025-01-10 13:00'";11;47;14;8;2;good
DEBB021;"'2025-01-10 14:00'";8;52;12;6;2;good
DEBB021;"'2025-01-10 15:00'";8;55;11;6;2;good
DEBB021;"'2025-01-10 16:00'";7;57;10;5;2;good
DEBB021;"'2025-01-10 17:00'";6;57;10;5;2;good
DEBB021;"'2025-01-10 18:00'";10;53;10;8;2;good
DEBB021;"'2025-01-10 19:00'";8;51;10;6;2;good
DEBB021;"'2025-01-10 20:00'";7;51;9;6;2;good
DEBB021;"'2025-01-10 21:00'";7;50;8;6;2;good
DEBB021;"'2025-01-10 22:00'";7;51;7;6;2;good
DEBB021;"'2025-01-10 23:00'";9;49;6;7;3;good
DEBB021;"'2025-01-10 24:00'";9;45;7;7;2;good
DEBB021;"'2025-01-11 01:00'";10;43;7;8;3;good
DEBB021;"'2025-01-11 02:00'";10;39;7;9;2;good
DEBB021;"'2025-01-11 03:00'";10;38;8;8;2;good
DEBB021;"'2025-01-11 04:00'";8;38;6;7;2;good
DEBB021;"'2025-01-11 05:00'";7;39;6;5;2;good
DEBB021;"'2025-01-11 06:00'";6;46;5;4;2;good
DEBB021;"'2025-01-11 07:00'";6;50;5;4;2;good
DEBB021;"'2025-01-11 08:00'";6;56;4;4;2;good
DEBB021;"'2025-01-11 09:00'";7;58;4;4;2;good
DEBB021;"'2025-01-11 10:00'";6;58;5;3;2;good
DEBB021;"'2025-01-11 11:00'";6;57;5;3;2;good
DEBB021;"'2025-01-11 12:00'";7;59;4;4;2;good
DEBB021;"'2025-01-11 13:00'";6;61;4;3;2;good
DEBB021;"'2025-01-11 14:00'";6;63;4;3;2;good
DEBB021;"'2025-01-11 15:00'";6;62;4;3;2;good
DEBB021;"'2025-01-11 16:00'";5;62;4;3;2;good
DEBB021;"'2025-01-11 17:00'";6;61;4;4;3;good
DEBB021;"'2025-01-11 18:00'";9;61;4;6;2;good
DEBB021;"'2025-01-11 19:00'";7;60;4;5;2;good
DEBB021;"'2025-01-11 20:00'";8;59;4;5;2;good
DEBB021;"'2025-01-11 21:00'";7;58;4;4;2;good
DEBB021;"'2025-01-11 22:00'";7;58;4;4;2;good
DEBB021;"'2025-01-11 23:00'";8;57;4;5;2;good
DEBB021;"'2025-01-11 24:00'";7;55;4;4;2;good
DEBB021;"'2025-01-12 01:00'";7;55;3;4;2;good
DEBB021;"'2025-01-12 02:00'";7;54;4;4;2;good
DEBB021;"'2025-01-12 03:00'";8;55;3;5;2;good
DEBB021;"'2025-01-12 04:00'";6;62;3;3;2;good
DEBB021;"'2025-01-12 05:00'";6;67;2;3;2;good
DEBB021;"'2025-01-12 06:00'";5;68;1;3;2;good
DEBB021;"'2025-01-12 07:00'";5;67;2;3;2;good
DEBB021;"'2025-01-12 08:00'";6;68;2;3;2;good
DEBB021;"'2025-01-12 09:00'";7;69;2;3;2;good
DEBB021;"'2025-01-12 10:00'";6;57;4;4;2;good
DEBB021;"'2025-01-12 11:00'";7;56;5;4;2;good
DEBB021;"'2025-01-12 12:00'";7;59;4;5;2;good
DEBB021;"'2025-01-12 13:00'";7;63;4;4;2;good
DEBB021;"'2025-01-12 14:00'";7;64;4;4;2;good
DEBB021;"'2025-01-12 15:00'";8;62;5;6;2;good
DEBB021;"'2025-01-12 16:00'";9;58;7;6;2;good
DEBB021;"'2025-01-12 17:00'";8;55;8;5;2;good
DEBB021;"'2025-01-12 18:00'";10;52;10;7;2;good
DEBB021;"'2025-01-12 19:00'";12;48;12;9;2;good
DEBB021;"'2025-01-12 20:00'";9;47;11;6;2;good
DEBB021;"'2025-01-12 21:00'";8;55;12;6;2;good
DEBB021;"'2025-01-12 22:00'";7;62;10;5;2;good
DEBB021;"'2025-01-12 23:00'";5;69;4;3;2;good
DEBB021;"'2025-01-12 24:00'";5;65;6;3;2;good
DEBB021;"'2025-01-13 01:00'";5;65;4;3;2;good
DEBB021;"'2025-01-13 02:00'";4;68;3;3;2;good
DEBB021;"'2025-01-13 03:00'";4;65;5;3;3;good
DEBB021;"'2025-01-13 04:00'";5;64;6;4;2;good
DEBB021;"'2025-01-13 05:00'";6;63;5;4;2;good
DEBB021;"'2025-01-13 06:00'";6;57;8;4;2;good
DEBB021;"'2025-01-13 07:00'";6;34;26;4;2;good
DEBB021;"'2025-01-13 08:00'";8;13;47;5;2;moderate
DEBB021;"'2025-01-13 09:00'";14;3;61;8;3;poor
DEBB021;"'2025-01-13 10:00'";13;17;42;9;3;moderate
DEBB021;"'2025-01-13 11:00'";8;49;16;5;2;good
DEBB021;"'2025-01-13 12:00'";7;63;7;4;2;good
DEBB021;"'2025-01-13 13:00'";7;64;7;5;2;good
DEBB021;"'2025-01-13 14:00'";10;63;7;6;2;good
DEBB021;"'2025-01-13 15:00'";10;62;8;7;2;good
DEBB021;"'2025-01-13 16:00'";11;60;8;8;2;good
DEBB021;"'2025-01-13 17:00'";12;55;11;9;2;good
DEBB021;"'2025-01-13 18:00'";14;46;17;9;2;good
DEBB021;"'2025-01-13 19:00'";13;50;11;9;2;good
DEBB021;"'2025-01-13 20:00'";13;47;13;10;2;good
DEBB021;"'2025-01-13 21:00'";16;42;15;12;3;good
DEBB021;"'2025-01-13 22:00'";18;38;17;14;3;good
DEBB021;"'2025-01-13 23:00'";18;38;16;15;4;good
DEBB021;"'2025-01-13 24:00'";17;47;11;13;3;good
DEBB021;"'2025-01-14 01:00'";14;49;10;12;3;good
DEBB021;"'2025-01-14 02:00'";13;45;14;11;3;good
DEBB021;"'2025-01-14 03:00'";12;47;11;10;3;good
DEBB021;"'2025-01-14 04:00'";13;46;11;10;2;good
DEBB021;"'2025-01-14 05:00'";12;46;9;10;2;good
DEBB021;"'2025-01-14 06:00'";13;44;12;10;2;good
DEBB021;"'2025-01-14 07:00'";14;42;13;11;2;good
DEBB021;"'2025-01-14 08:00'";14;36;17;10;2;good
DEBB021;"'2025-01-14 09:00'";18;34;19;11;3;good
DEBB021;"'2025-01-14 10:00'";16;37;19;11;3;good
DEBB021;"'2025-01-14 11:00'";16;40;18;11;2;good
DEBB021;"'2025-01-14 12:00'";16;43;17;10;3;good
DEBB021;"'2025-01-14 13:00'";13;51;15;8;3;good
DEBB021;"'2025-01-14 14:00'";13;46;20;8;2;good
DEBB021;"'2025-01-14 15:00'";12;50;19;7;2;good
DEBB021;"'2025-01-14 16:00'";11;53;19;6;3;good
DEBB021;"'2025-01-14 17:00'";11;57;18;6;3;good
DEBB021;"'2025-01-14 18:00'";11;60;13;7;3;good
DEBB021;"'2025-01-14 19:00'";10;54;14;8;3;good
DEBB021;"'2025-01-14 20:00'";10;53;13;9;2;good
DEBB021;"'2025-01-14 21:00'";12;50;12;10;3;good
DEBB021;"'2025-01-14 22:00'";14;44;13;12;2;good
DEBB021;"'2025-01-14 23:00'";16;38;14;14;2;good
DEBB021;"'2025-01-14 24:00'";18;34;15;16;2;moderate
DEBB021;"'2025-01-15 01:00'";17;31;16;15;2;good
DEBB021;"'2025-01-15 02:00'";16;28;16;14;2;good
DEBB021;"'2025-01-15 03:00'";15;28;14;14;2;good
DEBB021;"'2025-01-15 04:00'";15;27;14;14;2;good
DEBB021;"'2025-01-15 05:00'";14;27;13;12;3;good
DEBB021;"'2025-01-15 06:00'";12;28;13;11;2;good
DEBB021;"'2025-01-15 07:00'";11;30;13;10;3;good
DEBB021;"'2025-01-15 08:00'";12;30;15;11;2;good
DEBB021;"'2025-01-15 09:00'";15;34;14;11;2;good
DEBB021;"'2025-01-15 10:00'";13;39;13;10;2;good
DEBB021;"'2025-01-15 11:00'";11;46;13;9;3;good
DEBB021;"'2025-01-15 12:00'";10;57;8;7;3;good
DEBB021;"'2025-01-15 13:00'";12;60;8;9;3;good
DEBB021;"'2025-01-15 14:00'";9;63;6;6;3;good
DEBB021;"'2025-01-15 15:00'";10;61;7;7;2;good
DEBB021;"'2025-01-15 16:00'";10;58;9;7;2;good
DEBB021;"'2025-01-15 17:00'";9;59;11;6;2;good
DEBB021;"'2025-01-15 18:00'";10;57;10;7;3;good
DEBB021;"'2025-01-15 19:00'";9;60;8;7;2;good
DEBB021;"'2025-01-15 20:00'";10;57;8;8;2;good
DEBB021;"'2025-01-15 21:00'";10;59;6;7;2;good
DEBB021;"'2025-01-15 22:00'";10;60;6;7;2;good
DEBB021;"'2025-01-15 23:00'";11;60;5;9;2;good
DEBB021;"'2025-01-15 24:00'";11;60;4;8;2;good
DEBB021;"'2025-01-16 01:00'";10;63;3;8;2;good
DEBB021;"'2025-01-16 02:00'";10;62;3;8;2;good
DEBB021;"'2025-01-16 03:00'";8;62;2;6;2;good
DEBB021;"'2025-01-16 04:00'";8;61;3;6;2;good
DEBB021;"'2025-01-16 05:00'";6;58;4;4;2;good
DEBB021;"'2025-01-16 06:00'";4;57;4;3;2;good
DEBB021;"'2025-01-16 07:00'";3;53;8;2;2;good
DEBB021;"'2025-01-16 08:00'";6;49;10;4;3;good
DEBB021;"'2025-01-16 09:00'";8;50;9;5;2;good
DEBB021;"'2025-01-16 10:00'";7;54;7;5;2;good
DEBB021;"'2025-01-16 11:00'";6;53;9;5;2;good
DEBB021;"'2025-01-16 12:00'";9;52;9;7;2;good
DEBB021;"'2025-01-16 13:00'";14;52;8;10;2;good
DEBB021;"'2025-01-16 14:00'";11;52;9;8;2;good
DEBB021;"'2025-01-16 15:00'";11;50;9;8;2;good
DEBB021;"'2025-01-16 16:00'";10;47;11;8;2;good
DEBB021;"'2025-01-16 17:00'";11;45;11;8;2;good
DEBB021;"'2025-01-16 18:00'";11;45;10;9;2;good
DEBB021;"'2025-01-16 19:00'";13;44;11;10;3;good
DEBB021;"'2025-01-16 20:00'";14;45;11;11;2;good
DEBB021;"'2025-01-16 21:00'";14;46;8;11;2;good
DEBB021;"'2025-01-16 22:00'";15;45;8;13;3;good
DEBB021;"'2025-01-16 23:00'";16;44;7;14;3;good
DEBB021;"'2025-01-16 24:00'";17;43;7;14;2;good
DEBB021;"'2025-01-17 01:00'";17;42;6;15;3;good
DEBB021;"'2025-01-17 02:00'";18;38;8;15;2;good
DEBB021;"'2025-01-17 03:00'";17;32;11;15;3;good
DEBB021;"'2025-01-17 04:00'";15;30;12;13;3;good
DEBB021;"'2025-01-17 05:00'";15;31;10;14;3;good
DEBB021;"'2025-01-17 06:00'";17;28;11;16;3;moderate
DEBB021;"'2025-01-17 07:00'";19;25;12;17;2;moderate
DEBB021;"'2025-01-17 08:00'";20;23;15;18;2;moderate
DEBB021;"'2025-01-17 09:00'";20;23;15;17;3;moderate
DEBB021;"'2025-01-17 10:00'";19;23;14;16;2;moderate
DEBB021;"'2025-01-17 11:00'";20;22;14;17;3;moderate
DEBB021;"'2025-01-17 12:00'";20;24;15;17;3;moderate
DEBB021;"'2025-01-17 13:00'";19;24;14;16;2;moderate
DEBB021;"'2025-01-17 14:00'";17;27;13;15;2;good
DEBB021;"'2025-01-17 15:00'";15;24;15;12;2;good
DEBB021;"'2025-01-17 16:00'";14;21;16;12;2;good
DEBB021;"'2025-01-17 17:00'";12;21;17;10;2;good
DEBB021;"'2025-01-17 18:00'";12;20;16;10;2;good
DEBB021;"'2025-01-17 19:00'";13;21;16;11;2;good
DEBB021;"'2025-01-17 20:00'";14;20;16;12;2;good
DEBB021;"'2025-01-17 21:00'";15;20;16;14;2;good
DEBB021;"'2025-01-17 22:00'";14;21;15;13;2;good
DEBB021;"'2025-01-17 23:00'";13;18;17;11;2;good
DEBB021;"'2025-01-17 24:00'";10;17;15;8;2;good
DEBB021;"'2025-01-18 01:00'";9;16;16;8;3;good
DEBB021;"'2025-01-18 02:00'";9;17;15;8;2;good
DEBB021;"'2025-01-18 03:00'";9;16;15;7;2;good
DEBB021;"'2025-01-18 04:00'";8;15;16;6;2;good
DEBB021;"'2025-01-18 05:00'";7;19;12;6;2;good
DEBB021;"'2025-01-18 06:00'";7;18;14;5;2;good
DEBB021;"'2025-01-18 07:00'";6;18;12;4;2;good
DEBB021;"'2025-01-18 08:00'";6;14;17;5;2;good
DEBB021;"'2025-01-18 09:00'";8;13;19;6;2;good
DEBB021;"'2025-01-18 10:00'";8;16;14;6;2;good
DEBB021;"'2025-01-18 11:00'";8;16;16;7;2;good
DEBB021;"'2025-01-18 12:00'";10;16;17;7;2;good
DEBB021;"'2025-01-18 13:00'";11;15;21;8;3;good
DEBB021;"'2025-01-18 14:00'";10;16;19;7;2;good
DEBB021;"'2025-01-18 15:00'";10;14;21;7;2;good
DEBB021;"'2025-01-18 16:00'";12;8;32;9;3;moderate
DEBB021;"'2025-01-18 17:00'";13;3;38;11;2;moderate
DEBB021;"'2025-01-18 18:00'";13;2;37;12;2;moderate
DEBB021;"'2025-01-18 19:00'";12;2;39;10;2;moderate
DEBB021;"'2025-01-18 20:00'";15;2;38;13;3;moderate
DEBB021;"'2025-01-18 21:00'";16;2;38;15;3;moderate
DEBB021;"'2025-01-18 22:00'";24;2;41;22;3;moderate
DEBB021;"'2025-01-18 23:00'";29;2;42;27;3;moderate
DEBB021;"'2025-01-18 24:00'";31;2;43;29;3;moderate
DEBB021;"'2025-01-19 01:00'";27;2;44;25;3;moderate
DEBB021;"'2025-01-19 02:00'";18;2;40;16;3;moderate
DEBB021;"'2025-01-19 03:00'";16;2;35;15;3;moderate
DEBB021;"'2025-01-19 04:00'";15;3;32;13;3;moderate
DEBB021;"'2025-01-19 05:00'";14;5;26;13;3;good
DEBB021;"'2025-01-19 06:00'";14;7;21;12;3;good
DEBB021;"'2025-01-19 07:00'";14;8;18;12;3;good
DEBB021;"'2025-01-19 08:00'";15;8;17;13;3;good
DEBB021;"'2025-01-19 09:00'";16;9;15;14;3;good
DEBB021;"'2025-01-19 10:00'";19;11;14;17;3;moderate
DEBB021;"'2025-01-19 11:00'";21;12;15;18;3;moderate
DEBB021;"'2025-01-19 12:00'";21;14;18;19;3;moderate
DEBB021;"'2025-01-19 13:00'";23;20;16;19;3;moderate
DEBB021;"'2025-01-19 14:00'";23;23;17;19;3;moderate
DEBB021;"'2025-01-19 15:00'";22;28;19;18;3;moderate
DEBB021;"'2025-01-19 16:00'";20;28;24;17;4;moderate
DEBB021;"'2025-01-19 17:00'";21;22;31;18;4;moderate
DEBB021;"'2025-01-19 18:00'";23;20;28;20;4;moderate
DEBB021;"'2025-01-19 19:00'";27;15;29;24;4;moderate
DEBB021;"'2025-01-19 20:00'";31;15;29;28;3;moderate
DEBB021;"'2025-01-19 21:00'";34;14;31;31;3;poor
DEBB021;"'2025-01-19 22:00'";37;12;32;33;3;poor
DEBB021;"'2025-01-19 23:00'";40;12;30;36;3;poor
DEBB021;"'2025-01-19 24:00'";43;12;27;39;4;poor
DEBB021;"'2025-01-20 01:00'";45;10;26;42;3;poor
DEBB021;"'2025-01-20 02:00'";49;8;25;45;3;poor
DEBB021;"'2025-01-20 03:00'";51;9;23;47;3;poor
DEBB021;"'2025-01-20 04:00'";52;7;24;48;3;poor
DEBB021;"'2025-01-20 05:00'";52;11;22;48;3;poor
DEBB021;"'2025-01-20 06:00'";50;7;27;47;3;poor
DEBB021;"'2025-01-20 07:00'";51;3;30;47;3;poor
DEBB021;"'2025-01-20 08:00'";51;2;34;47;3;poor
DEBB021;"'2025-01-20 09:00'";52;3;38;46;3;poor
DEBB021;"'2025-01-20 10:00'";46;9;34;42;3;poor
DEBB021;"'2025-01-20 11:00'";41;17;29;37;-;poor
DEBB021;"'2025-01-20 12:00'";30;30;19;27;2;moderate
DEBB021;"'2025-01-20 13:00'";25;34;16;22;2;moderate
DEBB021;"'2025-01-20 14:00'";22;34;17;18;1;moderate
DEBB021;"'2025-01-20 15:00'";20;29;22;15;2;good
DEBB021;"'2025-01-20 16:00'";19;32;20;14;2;good
DEBB021;"'2025-01-20 17:00'";19;21;29;15;2;good
DEBB021;"'2025-01-20 18:00'";20;12;32;17;1;moderate
DEBB021;"'2025-01-20 19:00'";25;3;37;22;1;moderate
DEBB021;"'2025-01-20 20:00'";29;2;34;25;0.8;moderate
DEBB021;"'2025-01-20 21:00'";27;2;34;25;0.5;moderate
DEBB021;"'2025-01-20 22:00'";25;2;34;23;0.5;moderate
DEBB021;"'2025-01-20 23:00'";23;2;33;21;0.5;moderate
DEBB021;"'2025-01-20 24:00'";22;3;32;20;0.5;moderate
DEBB021;"'2025-01-21 01:00'";22;3;32;20;0.5;moderate
DEBB021;"'2025-01-21 02:00'";25;7;31;23;0.5;moderate
DEBB021;"'2025-01-21 03:00'";26;9;32;24;0.5;moderate
DEBB021;"'2025-01-21 04:00'";27;8;34;25;0.5;moderate
DEBB021;"'2025-01-21 05:00'";29;8;35;26;0.5;moderate
DEBB021;"'2025-01-21 06:00'";27;7;39;24;0.5;moderate
DEBB021;"'2025-01-21 07:00'";25;3;48;22;0.5;moderate
DEBB021;"'2025-01-21 08:00'";25;2;50;22;0.5;moderate
DEBB021;"'2025-01-21 09:00'";25;6;47;22;0.5;moderate
DEBB021;"'2025-01-21 10:00'";-;11;42;-;0.5;moderate
DEBB021;"'2025-01-21 11:00'";27;13;39;23;0.5;moderate
DEBB021;"'2025-01-21 12:00'";28;15;34;24;0.5;moderate
DEBB021;"'2025-01-21 13:00'";27;17;31;24;0.5;moderate
DEBB021;"'2025-01-21 14:00'";29;18;30;25;0.5;moderate
DEBB021;"'2025-01-21 15:00'";30;17;29;26;0.5;moderate
DEBB021;"'2025-01-21 16:00'";31;16;30;27;0.5;moderate
DEBB021;"'2025-01-21 17:00'";30;16;29;27;0.5;moderate
DEBB021;"'2025-01-21 18:00'";29;17;26;26;0.5;moderate
DEBB021;"'2025-01-21 19:00'";29;15;26;26;0.5;moderate
DEBB021;"'2025-01-21 20:00'";31;13;26;28;0.5;moderate
DEBB021;"'2025-01-21 21:00'";30;14;24;28;0.5;moderate
DEBB021;"'2025-01-21 22:00'";29;15;22;27;0.5;moderate
DEBB021;"'2025-01-21 23:00'";29;15;21;27;0.5;moderate
DEBB021;"'2025-01-21 24:00'";29;14;21;27;0.5;moderate
DEBB021;"'2025-01-22 01:00'";28;13;22;26;0.5;moderate
DEBB021;"'2025-01-22 02:00'";27;11;22;25;0.5;moderate
DEBB021;"'2025-01-22 03:00'";25;6;30;23;0.5;moderate
DEBB021;"'2025-01-22 04:00'";22;4;30;20;0.5;moderate
DEBB021;"'2025-01-22 05:00'";20;2;33;18;0.5;moderate
DEBB021;"'2025-01-22 06:00'";19;2;32;17;0.5;moderate
DEBB021;"'2025-01-22 07:00'";19;1;33;18;0.5;moderate
DEBB021;"'2025-01-22 08:00'";23;1;36;21;0.5;moderate
DEBB021;"'2025-01-22 09:00'";23;3;31;20;0.5;moderate
DEBB021;"'2025-01-22 10:00'";31;6;29;22;0.5;moderate
DEBB021;"'2025-01-22 11:00'";26;9;26;23;0.5;moderate
DEBB021;"'2025-01-22 12:00'";26;14;24;22;0.5;moderate
DEBB021;"'2025-01-22 13:00'";26;13;25;21;0.5;moderate
DEBB021;"'2025-01-22 14:00'";26;14;25;21;0.5;moderate
DEBB021;"'2025-01-22 15:00'";25;15;26;20;0.5;moderate
DEBB021;"'2025-01-22 16:00'";25;14;28;20;0.5;moderate
DEBB021;"'2025-01-22 17:00'";25;10;33;19;0.5;moderate
DEBB021;"'2025-01-22 18:00'";22;10;34;19;0.5;moderate
DEBB021;"'2025-01-22 19:00'";22;11;36;18;0.5;moderate
DEBB021;"'2025-01-22 20:00'";21;18;31;17;0.5;moderate
DEBB021;"'2025-01-22 21:00'";20;26;28;16;0.5;moderate
DEBB021;"'2025-01-22 22:00'";20;31;21;16;0.5;moderate
DEBB021;"'2025-01-22 23:00'";19;35;14;15;0.5;good
DEBB021;"'2025-01-22 24:00'";18;34;14;15;0.5;good
DEBB021;"'2025-01-23 01:00'";18;30;15;16;0.5;moderate
DEBB021;"'2025-01-23 02:00'";20;26;17;17;0.5;moderate
DEBB021;"'2025-01-23 03:00'";22;24;17;19;0.5;moderate
DEBB021;"'2025-01-23 04:00'";24;25;17;21;0.5;moderate
DEBB021;"'2025-01-23 05:00'";24;24;15;21;0.5;moderate
DEBB021;"'2025-01-23 06:00'";23;23;17;20;0.5;moderate
DEBB021;"'2025-01-23 07:00'";22;22;18;20;0.5;moderate
DEBB021;"'2025-01-23 08:00'";21;24;18;18;0.9;moderate
DEBB021;"'2025-01-23 09:00'";18;25;18;15;0.5;good
DEBB021;"'2025-01-23 10:00'";14;29;15;12;0.5;good
DEBB021;"'2025-01-23 11:00'";13;27;16;11;0.5;good
DEBB021;"'2025-01-23 12:00'";14;25;19;11;0.5;good
DEBB021;"'2025-01-23 13:00'";13;22;21;10;0.5;good
DEBB021;"'2025-01-23 14:00'";7;22;23;5;0.5;good
DEBB021;"'2025-01-23 15:00'";8;29;23;6;0.5;good
DEBB021;"'2025-01-23 16:00'";8;38;20;6;0.5;good
DEBB021;"'2025-01-23 17:00'";8;41;19;7;0.5;good
DEBB021;"'2025-01-23 18:00'";8;39;23;7;0.5;good
DEBB021;"'2025-01-23 19:00'";8;47;16;6;0.5;good
DEBB021;"'2025-01-23 20:00'";8;47;16;7;0.5;good
DEBB021;"'2025-01-23 21:00'";8;49;11;6;0.5;good
DEBB021;"'2025-01-23 22:00'";7;52;10;5;0.5;good
DEBB021;"'2025-01-23 23:00'";6;53;9;5;0.5;good
DEBB021;"'2025-01-23 24:00'";7;54;7;5;0.5;good
DEBB021;"'2025-01-24 01:00'";8;53;7;7;0.5;good
DEBB021;"'2025-01-24 02:00'";9;51;8;7;0.5;good
DEBB021;"'2025-01-24 03:00'";9;49;7;7;0.5;good
DEBB021;"'2025-01-24 04:00'";9;46;7;7;0.5;good
DEBB021;"'2025-01-24 05:00'";9;48;8;7;0.5;good
DEBB021;"'2025-01-24 06:00'";10;48;8;8;0.5;good
DEBB021;"'2025-01-24 07:00'";10;46;9;8;0.5;good
DEBB021;"'2025-01-24 08:00'";9;44;11;7;0.5;good
DEBB021;"'2025-01-24 09:00'";8;43;13;6;0.5;good
DEBB021;"'2025-01-24 10:00'";7;46;11;5;0.5;good
DEBB021;"'2025-01-24 11:00'";7;48;12;4;0.5;good
DEBB021;"'2025-01-24 12:00'";7;51;12;4;0.5;good
DEBB021;"'2025-01-24 13:00'";6;54;9;3;0.5;good
DEBB021;"'2025-01-24 14:00'";7;56;8;4;0.5;good
DEBB021;"'2025-01-24 15:00'";8;55;9;4;0.5;good
DEBB021;"'2025-01-24 16:00'";6;54;9;4;0.5;good
DEBB021;"'2025-01-24 17:00'";6;55;9;3;0.5;good
DEBB021;"'2025-01-24 18:00'";5;57;9;3;0.5;good
DEBB021;"'2025-01-24 19:00'";5;57;8;3;0.5;good
DEBB021;"'2025-01-24 20:00'";5;54;9;3;0.5;good
DEBB021;"'2025-01-24 21:00'";5;53;9;3;0.5;good
DEBB021;"'2025-01-24 22:00'";5;54;9;3;0.5;good
DEBB021;"'2025-01-24 23:00'";5;52;9;3;0.5;good
DEBB021;"'2025-01-24 24:00'";5;52;8;3;0.5;good
DEBB021;"'2025-01-25 01:00'";5;53;8;3;0.5;good
DEBB021;"'2025-01-25 02:00'";5;51;7;3;0.5;good
DEBB021;"'2025-01-25 03:00'";5;47;8;3;0.5;good
DEBB021;"'2025-01-25 04:00'";5;44;7;3;0.5;good
DEBB021;"'2025-01-25 05:00'";5;42;7;3;0.5;good
DEBB021;"'2025-01-25 06:00'";5;43;9;3;0.5;good
DEBB021;"'2025-01-25 07:00'";5;38;11;3;0.5;good
DEBB021;"'2025-01-25 08:00'";5;44;10;3;0.5;good
DEBB021;"'2025-01-25 09:00'";5;49;8;3;0.5;good
DEBB021;"'2025-01-25 10:00'";5;53;9;3;0.8;good
DEBB021;"'2025-01-25 11:00'";5;53;10;3;1;good
DEBB021;"'2025-01-25 12:00'";5;56;10;3;1;good
DEBB021;"'2025-01-25 13:00'";5;57;11;3;2;good
DEBB021;"'2025-01-25 14:00'";6;58;12;3;2;good
DEBB021;"'2025-01-25 15:00'";6;61;11;3;1;good
DEBB021;"'2025-01-25 16:00'";7;62;10;3;1;good
DEBB021;"'2025-01-25 17:00'";6;59;12;3;1;good
DEBB021;"'2025-01-25 18:00'";9;49;19;5;1;good
DEBB021;"'2025-01-25 19:00'";11;48;18;6;0.5;good
DEBB021;"'2025-01-25 20:00'";7;64;6;5;0.5;good
DEBB021;"'2025-01-25 21:00'";5;61;7;3;0.5;good
DEBB021;"'2025-01-25 22:00'";6;53;8;5;0.5;good
DEBB021;"'2025-01-25 23:00'";6;52;7;5;0.5;good
DEBB021;"'2025-01-25 24:00'";8;53;7;7;0.5;good
DEBB021;"'2025-01-26 01:00'";5;50;8;4;0.5;good
DEBB021;"'2025-01-26 02:00'";7;46;8;5;0.5;good
DEBB021;"'2025-01-26 03:00'";7;41;8;5;0.5;good
DEBB021;"'2025-01-26 04:00'";6;43;9;4;0.5;good
DEBB021;"'2025-01-26 05:00'";6;48;7;4;0.5;good
DEBB021;"'2025-01-26 06:00'";7;31;11;6;0.5;good
DEBB021;"'2025-01-26 07:00'";12;20;13;10;0.5;good
DEBB021;"'2025-01-26 08:00'";13;21;11;11;0.5;good
DEBB021;"'2025-01-26 09:00'";13;22;11;11;0.5;good
DEBB021;"'2025-01-26 10:00'";13;23;10;11;0.5;good
DEBB021;"'2025-01-26 11:00'";11;31;10;9;0.5;good
DEBB021;"'2025-01-26 12:00'";10;34;12;8;0.5;good
DEBB021;"'2025-01-26 13:00'";8;41;11;6;0.5;good
DEBB021;"'2025-01-26 14:00'";7;55;9;4;0.5;good
DEBB021;"'2025-01-26 15:00'";4;71;5;2;0.5;good
DEBB021;"'2025-01-26 16:00'";6;66;7;4;0.5;good
DEBB021;"'2025-01-26 17:00'";3;65;5;2;0.5;good
DEBB021;"'2025-01-26 18:00'";5;56;7;4;0.5;good
DEBB021;"'2025-01-26 19:00'";7;53;9;5;0.5;good
DEBB021;"'2025-01-26 20:00'";6;54;8;5;0.5;good
DEBB021;"'2025-01-26 21:00'";6;54;8;4;0.5;good
DEBB021;"'2025-01-26 22:00'";6;49;10;4;0.5;good
DEBB021;"'2025-01-26 23:00'";7;43;9;5;0.5;good
DEBB021;"'2025-01-26 24:00'";8;35;11;6;0.5;good
DEBB021;"'2025-01-27 01:00'";8;34;12;6;0.5;good
DEBB021;"'2025-01-27 02:00'";5;44;7;4;0.5;good
DEBB021;"'2025-01-27 03:00'";4;46;7;2;0.5;good
DEBB021;"'2025-01-27 04:00'";3;48;6;2;0.5;good
DEBB021;"'2025-01-27 05:00'";3;52;6;2;0.5;good
DEBB021;"'2025-01-27 06:00'";4;52;7;2;0.5;good
DEBB021;"'2025-01-27 07:00'";4;52;8;2;0.5;good
DEBB021;"'2025-01-27 08:00'";4;56;10;2;0.5;good
DEBB021;"'2025-01-27 09:00'";4;58;10;2;0.5;good
DEBB021;"'2025-01-27 10:00'";4;61;10;2;0.5;good
DEBB021;"'2025-01-27 11:00'";4;64;8;2;0.5;good
DEBB021;"'2025-01-27 12:00'";3;67;8;2;0.5;good
DEBB021;"'2025-01-27 13:00'";4;71;6;2;0.5;good
DEBB021;"'2025-01-27 14:00'";4;70;7;2;0.5;good
DEBB021;"'2025-01-27 15:00'";5;66;9;2;0.5;good
DEBB021;"'2025-01-27 16:00'";4;64;9;2;0.5;good
DEBB021;"'2025-01-27 17:00'";4;61;11;2;0.5;good
DEBB021;"'2025-01-27 18:00'";5;61;10;3;0.5;good
DEBB021;"'2025-01-27 19:00'";5;56;14;3;0.5;good
DEBB021;"'2025-01-27 20:00'";4;65;7;2;0.5;good
DEBB021;"'2025-01-27 21:00'";4;60;8;2;0.5;good
DEBB021;"'2025-01-27 22:00'";4;64;7;2;0.5;good
DEBB021;"'2025-01-27 23:00'";4;61;6;2;0.5;good
DEBB021;"'2025-01-27 24:00'";4;55;6;2;0.5;good
DEBB021;"'2025-01-28 01:00'";4;51;7;3;0.5;good
DEBB021;"'2025-01-28 02:00'";4;57;6;2;0.5;good
DEBB021;"'2025-01-28 03:00'";4;61;5;2;0.5;good
DEBB021;"'2025-01-28 04:00'";4;62;5;2;0.5;good
DEBB021;"'2025-01-28 05:00'";4;64;5;2;0.5;good
DEBB021;"'2025-01-28 06:00'";4;59;8;2;0.5;good
DEBB021;"'2025-01-28 07:00'";4;62;9;2;0.5;good
DEBB021;"'2025-01-28 08:00'";5;58;12;3;0.5;good
DEBB021;"'2025-01-28 09:00'";5;57;12;3;0.5;good
DEBB021;"'2025-01-28 10:00'";5;53;13;3;0.5;good
DEBB021;"'2025-01-28 11:00'";6;46;18;3;0.5;good
DEBB021;"'2025-01-28 12:00'";8;44;19;4;0.5;good
DEBB021;"'2025-01-28 13:00'";7;47;16;3;0.5;good
DEBB021;"'2025-01-28 14:00'";6;43;21;4;0.5;good
DEBB021;"'2025-01-28 15:00'";6;42;19;4;0.5;good
DEBB021;"'2025-01-28 16:00'";8;38;27;4;0.5;good
DEBB021;"'2025-01-28 17:00'";8;29;28;5;0.5;good
DEBB021;"'2025-01-28 18:00'";9;31;23;7;0.5;good
DEBB021;"'2025-01-28 19:00'";9;35;20;7;0.5;good
DEBB021;"'2025-01-28 20:00'";8;46;13;6;0.5;good
DEBB021;"'2025-01-28 21:00'";8;47;11;6;0.5;good
DEBB021;"'2025-01-28 22:00'";9;43;11;7;0.5;good
DEBB021;"'2025-01-28 23:00'";9;47;8;7;0.5;good
DEBB021;"'2025-01-28 24:00'";9;45;9;6;0.5;good
DEBB021;"'2025-01-29 01:00'";8;44;9;6;0.5;good
DEBB021;"'2025-01-29 02:00'";8;44;8;5;0.5;good
DEBB021;"'2025-01-29 03:00'";7;45;7;5;0.5;good
DEBB021;"'2025-01-29 04:00'";7;44;7;5;0.5;good
DEBB021;"'2025-01-29 05:00'";7;45;6;5;0.5;good
DEBB021;"'2025-01-29 06:00'";7;43;7;5;0.5;good
DEBB021;"'2025-01-29 07:00'";7;39;11;5;0.5;good
DEBB021;"'2025-01-29 08:00'";6;41;11;4;0.5;good
DEBB021;"'2025-01-29 09:00'";7;41;13;4;0.5;good
DEBB021;"'2025-01-29 10:00'";6;44;11;3;0.5;good
DEBB021;"'2025-01-29 11:00'";7;48;10;3;0.5;good
DEBB021;"'2025-01-29 12:00'";6;49;10;3;0.5;good
DEBB021;"'2025-01-29 13:00'";4;52;8;2;0.5;good
DEBB021;"'2025-01-29 14:00'";4;60;8;2;0.5;good
DEBB021;"'2025-01-29 15:00'";4;61;8;2;0.5;good
DEBB021;"'2025-01-29 16:00'";5;59;8;3;0.5;good
DEBB021;"'2025-01-29 17:00'";5;58;9;3;0.5;good
DEBB021;"'2025-01-29 18:00'";5;58;9;3;0.5;good
DEBB021;"'2025-01-29 19:00'";4;58;8;2;0.5;good
DEBB021;"'2025-01-29 20:00'";5;54;9;3;0.5;good
DEBB021;"'2025-01-29 21:00'";5;53;9;3;0.5;good
DEBB021;"'2025-01-29 22:00'";5;54;8;3;0.5;good
DEBB021;"'2025-01-29 23:00'";4;55;6;3;0.5;good
DEBB021;"'2025-01-29 24:00'";4;55;5;2;0.5;good
DEBB021;"'2025-01-30 01:00'";4;55;5;2;0.5;good
DEBB021;"'2025-01-30 02:00'";4;55;4;2;0.5;good
DEBB021;"'2025-01-30 03:00'";5;56;4;2;0.5;good
DEBB021;"'2025-01-30 04:00'";4;50;6;3;0.5;good
DEBB021;"'2025-01-30 05:00'";5;46;7;3;0.5;good
DEBB021;"'2025-01-30 06:00'";6;45;8;4;0.5;good
DEBB021;"'2025-01-30 07:00'";6;41;12;4;0.5;good
DEBB021;"'2025-01-30 08:00'";7;38;14;4;0.5;good
DEBB021;"'2025-01-30 09:00'";10;35;15;5;0.5;good
DEBB021;"'2025-01-30 10:00'";9;37;15;5;0.5;good
DEBB021;"'2025-01-30 11:00'";8;39;16;5;0.5;good
DEBB021;"'2025-01-30 12:00'";9;40;17;5;0.5;good
DEBB021;"'2025-01-30 13:00'";8;40;13;5;0.5;good
DEBB021;"'2025-01-30 14:00'";10;40;14;5;0.8;good
DEBB021;"'2025-01-30 15:00'";9;41;13;4;1;good
DEBB021;"'2025-01-30 16:00'";10;39;16;5;1;good
DEBB021;"'2025-01-30 17:00'";11;34;19;5;1;good
DEBB021;"'2025-01-30 18:00'";9;31;20;5;0.9;good
DEBB021;"'2025-01-30 19:00'";8;29;19;5;0.5;good
DEBB021;"'2025-01-30 20:00'";8;25;24;6;0.8;good
DEBB021;"'2025-01-30 21:00'";9;25;23;6;1;good
DEBB021;"'2025-01-30 22:00'";9;34;16;6;0.5;good
DEBB021;"'2025-01-30 23:00'";7;58;6;5;0.5;good
DEBB021;"'2025-01-30 24:00'";4;66;3;3;0.5;good
DEBB021;"'2025-01-31 01:00'";4;73;2;2;0.5;moderate
DEBB021;"'2025-01-31 02:00'";4;78;2;2;0.5;moderate
DEBB021;"'2025-01-31 03:00'";4;76;3;2;0.5;moderate
DEBB021;"'2025-01-31 04:00'";4;73;3;3;0.5;moderate
DEBB021;"'2025-01-31 05:00'";6;70;3;4;0.5;good
DEBB021;"'2025-01-31 06:00'";9;68;4;5;0.5;good
DEBB021;"'2025-01-31 07:00'";9;70;4;5;0.5;good
DEBB021;"'2025-01-31 08:00'";8;65;9;5;0.5;good
DEBB021;"'2025-01-31 09:00'";8;62;9;5;0.5;good
DEBB021;"'2025-01-31 10:00'";9;60;10;6;0.5;good
DEBB021;"'2025-01-31 11:00'";10;60;7;6;0.5;good
DEBB021;"'2025-01-31 12:00'";11;60;8;6;0.5;good
DEBB021;"'2025-01-31 13:00'";10;63;8;6;0.5;good
DEBB021;"'2025-01-31 14:00'";12;67;7;7;0.5;good
DEBB021;"'2025-01-31 15:00'";8;71;4;4;0.5;good
DEBB021;"'2025-01-31 16:00'";7;70;5;4;0.5;good
DEBB021;"'2025-01-31 17:00'";7;66;6;4;0.5;good
DEBB021;"'2025-01-31 18:00'";8;63;7;4;0.5;good
DEBB021;"'2025-01-31 19:00'";8;62;7;5;0.5;good
DEBB021;"'2025-01-31 20:00'";9;61;8;6;0.5;good
DEBB021;"'2025-01-31 21:00'";9;58;9;6;0.5;good
DEBB021;"'2025-01-31 22:00'";9;54;10;6;0.5;good
DEBB021;"'2025-01-31 23:00'";10;51;10;7;0.5;good
DEBB021;"'2025-01-31 24:00'";10;53;9;7;0.5;good
DEBB021;"'2025-02-01 01:00'";10;51;10;7;0.5;good
DEBB021;"'2025-02-01 02:00'";10;48;9;7;0.5;good
DEBB021;"'2025-02-01 03:00'";11;43;13;8;0.5;good
DEBB021;"'2025-02-01 04:00'";12;37;13;9;0.5;good
DEBB021;"'2025-02-01 05:00'";13;33;13;11;0.5;good
DEBB021;"'2025-02-01 06:00'";14;31;15;12;0.5;good
DEBB021;"'2025-02-01 07:00'";18;33;13;15;0.5;good
DEBB021;"'2025-02-01 08:00'";21;30;16;17;0.5;moderate
DEBB021;"'2025-02-01 09:00'";24;29;16;19;0.5;moderate
DEBB021;"'2025-02-01 10:00'";24;30;16;20;1;moderate
DEBB021;"'2025-02-01 11:00'";24;35;14;19;1;moderate
DEBB021;"'2025-02-01 12:00'";22;37;14;18;1;moderate
DEBB021;"'2025-02-01 13:00'";21;45;14;16;0.8;moderate
DEBB021;"'2025-02-01 14:00'";19;51;13;14;0.9;good
DEBB021;"'2025-02-01 15:00'";19;53;12;15;1;good
DEBB021;"'2025-02-01 16:00'";19;52;14;15;0.9;good
DEBB021;"'2025-02-01 17:00'";20;49;15;16;1;moderate
DEBB021;"'2025-02-01 18:00'";22;47;16;17;1;moderate
DEBB021;"'2025-02-01 19:00'";24;42;20;19;1;moderate
DEBB021;"'2025-02-01 20:00'";27;40;18;22;0.8;moderate
DEBB021;"'2025-02-01 21:00'";26;40;17;22;0.5;moderate
DEBB021;"'2025-02-01 22:00'";20;43;12;16;0.5;moderate
DEBB021;"'2025-02-01 23:00'";14;54;12;11;0.5;good
DEBB021;"'2025-02-01 24:00'";14;41;16;11;0.5;good
DEBB021;"'2025-02-02 01:00'";14;33;20;11;0.5;good
DEBB021;"'2025-02-02 02:00'";14;27;23;11;0.5;good
DEBB021;"'2025-02-02 03:00'";13;41;14;10;0.5;good
DEBB021;"'2025-02-02 04:00'";13;39;14;10;0.5;good
DEBB021;"'2025-02-02 05:00'";14;41;10;11;0.5;good
DEBB021;"'2025-02-02 06:00'";15;40;8;12;0.5;good
DEBB021;"'2025-02-02 07:00'";15;37;10;12;0.5;good
DEBB021;"'2025-02-02 08:00'";12;44;10;10;0.5;good
DEBB021;"'2025-02-02 09:00'";17;30;14;14;0.5;good
DEBB021;"'2025-02-02 10:00'";15;34;10;13;0.5;good
DEBB021;"'2025-02-02 11:00'";16;38;8;13;0.5;good
DEBB021;"'2025-02-02 12:00'";16;42;8;13;0.5;good
DEBB021;"'2025-02-02 13:00'";15;47;8;12;0.5;good
DEBB021;"'2025-02-02 14:00'";14;47;9;12;0.5;good
DEBB021;"'2025-02-02 15:00'";11;57;7;9;0.5;good
DEBB021;"'2025-02-02 16:00'";10;61;7;8;0.5;good
DEBB021;"'2025-02-02 17:00'";10;52;10;8;0.5;good
DEBB021;"'2025-02-02 18:00'";11;48;12;9;0.5;good
DEBB021;"'2025-02-02 19:00'";12;52;12;9;0.5;good
DEBB021;"'2025-02-02 20:00'";14;51;13;11;0.5;good
DEBB021;"'2025-02-02 21:00'";16;46;15;13;0.5;good
DEBB021;"'2025-02-02 22:00'";14;40;18;11;0.5;good
DEBB021;"'2025-02-02 23:00'";16;29;26;13;0.5;good
DEBB021;"'2025-02-02 24:00'";13;34;18;10;0.5;good
DEBB021;"'2025-02-03 01:00'";12;29;18;9;0.5;good
DEBB021;"'2025-02-03 02:00'";13;25;20;10;0.5;good
DEBB021;"'2025-02-03 03:00'";12;26;22;10;0.5;good
DEBB021;"'2025-02-03 04:00'";12;19;19;10;0.5;good
DEBB021;"'2025-02-03 05:00'";11;11;23;9;0.5;good
DEBB021;"'2025-02-03 06:00'";11;10;25;9;0.5;good
DEBB021;"'2025-02-03 07:00'";11;6;30;8;0.5;good
DEBB021;"'2025-02-03 08:00'";13;2;36;10;0.9;moderate
DEBB021;"'2025-02-03 09:00'";16;3;39;11;1;moderate
DEBB021;"'2025-02-03 10:00'";19;5;38;12;1;moderate
DEBB021;"'2025-02-03 11:00'";19;14;38;12;0.9;moderate
DEBB021;"'2025-02-03 12:00'";15;44;17;9;0.5;good
DEBB021;"'2025-02-03 13:00'";10;57;11;7;0.5;good
DEBB021;"'2025-02-03 14:00'";9;66;8;5;1;good
DEBB021;"'2025-02-03 15:00'";10;68;8;7;2;good
DEBB021;"'2025-02-03 16:00'";12;65;10;9;2;good
DEBB021;"'2025-02-03 17:00'";14;62;13;11;2;good
DEBB021;"'2025-02-03 18:00'";19;45;25;14;2;good
DEBB021;"'2025-02-03 19:00'";20;30;38;16;2;moderate
DEBB021;"'2025-02-03 20:00'";21;24;39;16;1;moderate
DEBB021;"'2025-02-03 21:00'";27;3;61;21;1;poor
DEBB021;"'2025-02-03 22:00'";26;3;57;21;0.5;moderate
DEBB021;"'2025-02-03 23:00'";27;3;56;23;0.8;moderate
DEBB021;"'2025-02-03 24:00'";26;3;52;22;0.5;moderate
DEBB021;"'2025-02-04 01:00'";25;4;47;21;0.5;moderate
DEBB021;"'2025-02-04 02:00'";24;4;43;20;0.5;moderate
DEBB021;"'2025-02-04 03:00'";24;3;39;20;0.5;moderate
DEBB021;"'2025-02-04 04:00'";24;5;34;20;0.5;moderate
DEBB021;"'2025-02-04 05:00'";24;7;30;21;0.5;moderate
DEBB021;"'2025-02-04 06:00'";24;5;31;21;0.5;moderate
DEBB021;"'2025-02-04 07:00'";26;2;34;22;0.5;moderate
DEBB021;"'2025-02-04 08:00'";28;2;36;23;0.5;moderate
DEBB021;"'2025-02-04 09:00'";31;4;35;26;0.8;moderate
DEBB021;"'2025-02-04 10:00'";33;14;24;28;0.5;moderate
DEBB021;"'2025-02-04 11:00'";32;22;17;28;0.5;moderate
DEBB021;"'2025-02-04 12:00'";32;29;16;27;0.5;moderate
DEBB021;"'2025-02-04 13:00'";31;35;15;26;0.8;moderate
DEBB021;"'2025-02-04 14:00'";29;40;15;25;2;moderate
DEBB021;"'2025-02-04 15:00'";28;43;15;24;2;moderate
DEBB021;"'2025-02-04 16:00'";30;35;20;25;2;moderate
DEBB021;"'2025-02-04 17:00'";28;32;24;24;2;moderate
DEBB021;"'2025-02-04 18:00'";29;25;30;24;2;moderate
DEBB021;"'2025-02-04 19:00'";26;21;33;23;2;moderate
DEBB021;"'2025-02-04 20:00'";26;12;37;22;1;moderate
DEBB021;"'2025-02-04 21:00'";26;12;34;22;1;moderate
DEBB021;"'2025-02-04 22:00'";26;4;42;23;0.8;moderate
DEBB021;"'2025-02-04 23:00'";28;8;38;24;0.5;moderate
DEBB021;"'2025-02-04 24:00'";26;20;22;23;0.5;moderate
DEBB021;"'2025-02-05 01:00'";25;20;20;23;0.5;moderate
DEBB021;"'2025-02-05 02:00'";26;19;19;23;0.5;moderate
DEBB021;"'2025-02-05 03:00'";27;18;18;24;0.5;moderate
DEBB021;"'2025-02-05 04:00'";28;18;18;24;0.5;moderate
DEBB021;"'2025-02-05 05:00'";28;18;18;26;0.5;moderate
DEBB021;"'2025-02-05 06:00'";29;16;20;26;0.5;moderate
DEBB021;"'2025-02-05 07:00'";29;16;22;26;0.5;moderate
DEBB021;"'2025-02-05 08:00'";30;14;26;25;0.5;moderate
DEBB021;"'2025-02-05 09:00'";30;15;27;25;0.5;moderate
DEBB021;"'2025-02-05 10:00'";26;23;24;23;0.5;moderate
DEBB021;"'2025-02-05 11:00'";26;26;22;22;0.8;moderate
DEBB021;"'2025-02-05 12:00'";25;29;19;22;0.5;moderate
DEBB021;"'2025-02-05 13:00'";25;28;19;22;0.5;moderate
DEBB021;"'2025-02-05 14:00'";21;28;18;18;0.5;moderate
DEBB021;"'2025-02-05 15:00'";19;34;16;15;0.5;good
DEBB021;"'2025-02-05 16:00'";14;38;16;11;0.5;good
DEBB021;"'2025-02-05 17:00'";11;40;15;10;0.5;good
DEBB021;"'2025-02-05 18:00'";12;37;18;10;0.5;good
DEBB021;"'2025-02-05 19:00'";13;37;17;11;0.5;good
DEBB021;"'2025-02-05 20:00'";13;36;17;11;0.5;good
DEBB021;"'2025-02-05 21:00'";15;37;15;13;0.5;good
DEBB021;"'2025-02-05 22:00'";14;36;14;12;0.5;good
DEBB021;"'2025-02-05 23:00'";14;35;13;12;0.5;good
DEBB021;"'2025-02-05 24:00'";15;31;14;13;0.5;good
DEBB021;"'2025-02-06 01:00'";16;29;14;14;0.5;good
DEBB021;"'2025-02-06 02:00'";17;26;14;15;0.5;good
DEBB021;"'2025-02-06 03:00'";19;26;13;16;0.5;moderate
DEBB021;"'2025-02-06 04:00'";21;30;10;18;0.5;moderate
DEBB021;"'2025-02-06 05:00'";24;32;9;21;0.5;moderate
DEBB021;"'2025-02-06 06:00'";30;29;11;26;0.5;moderate
DEBB021;"'2025-02-06 07:00'";31;28;13;26;0.5;moderate
DEBB021;"'2025-02-06 08:00'";25;26;16;22;0.5;moderate
DEBB021;"'2025-02-06 09:00'";24;26;14;20;0.5;moderate
DEBB021;"'2025-02-06 10:00'";19;35;11;16;0.5;moderate
DEBB021;"'2025-02-06 11:00'";17;37;11;14;0.5;good
DEBB021;"'2025-02-06 12:00'";16;41;11;13;0.5;good
DEBB021;"'2025-02-06 13:00'";13;45;9;10;0.5;good
DEBB021;"'2025-02-06 14:00'";11;46;10;9;0.5;good
DEBB021;"'2025-02-06 15:00'";13;44;13;10;1;good
DEBB021;"'2025-02-06 16:00'";13;46;16;9;2;good
DEBB021;"'2025-02-06 17:00'";11;43;15;8;0.8;good
DEBB021;"'2025-02-06 18:00'";11;47;12;7;0.5;good
DEBB021;"'2025-02-06 19:00'";11;47;13;8;0.8;good
DEBB021;"'2025-02-06 20:00'";10;51;11;7;0.5;good
DEBB021;"'2025-02-06 21:00'";11;47;13;9;0.5;good
DEBB021;"'2025-02-06 22:00'";8;57;9;6;0.5;good
DEBB021;"'2025-02-06 23:00'";7;59;6;5;0.5;good
DEBB021;"'2025-02-06 24:00'";7;59;4;5;0.5;good
DEBB021;"'2025-02-07 01:00'";7;59;5;6;0.5;good
DEBB021;"'2025-02-07 02:00'";8;56;9;6;0.5;good
DEBB021;"'2025-02-07 03:00'";8;57;7;6;0.5;good
DEBB021;"'2025-02-07 04:00'";9;56;8;7;0.5;good
DEBB021;"'2025-02-07 05:00'";10;49;9;8;0.5;good
DEBB021;"'2025-02-07 06:00'";10;52;9;8;0.5;good
DEBB021;"'2025-02-07 07:00'";9;60;8;7;0.5;good
DEBB021;"'2025-02-07 08:00'";10;62;8;7;0.5;good
DEBB021;"'2025-02-07 09:00'";12;57;8;9;0.5;good
DEBB021;"'2025-02-07 10:00'";16;52;9;13;0.5;good
DEBB021;"'2025-02-07 11:00'";17;51;10;14;0.5;good
DEBB021;"'2025-02-07 12:00'";18;49;11;14;0.5;good
DEBB021;"'2025-02-07 13:00'";16;49;12;13;0.5;good
DEBB021;"'2025-02-07 14:00'";15;56;12;11;0.5;good
DEBB021;"'2025-02-07 15:00'";13;59;11;10;0.5;good
DEBB021;"'2025-02-07 16:00'";13;59;9;10;1;good
DEBB021;"'2025-02-07 17:00'";14;54;12;11;0.8;good
DEBB021;"'2025-02-07 18:00'";14;55;11;11;0.5;good
DEBB021;"'2025-02-07 19:00'";13;53;10;11;0.5;good
DEBB021;"'2025-02-07 20:00'";15;49;9;13;0.5;good
DEBB021;"'2025-02-07 21:00'";18;46;10;15;0.5;good
DEBB021;"'2025-02-07 22:00'";24;49;9;21;0.9;moderate
DEBB021;"'2025-02-07 23:00'";25;52;7;22;2;moderate
DEBB021;"'2025-02-07 24:00'";24;48;8;20;4;moderate
DEBB021;"'2025-02-08 01:00'";24;43;8;21;4;moderate
DEBB021;"'2025-02-08 02:00'";24;40;8;21;3;moderate
DEBB021;"'2025-02-08 03:00'";24;38;8;21;2;moderate
DEBB021;"'2025-02-08 04:00'";24;36;9;21;2;moderate
DEBB021;"'2025-02-08 05:00'";25;35;9;21;2;moderate
DEBB021;"'2025-02-08 06:00'";25;34;10;21;3;moderate
DEBB021;"'2025-02-08 07:00'";25;33;11;21;3;moderate
DEBB021;"'2025-02-08 08:00'";26;32;12;22;3;moderate
DEBB021;"'2025-02-08 09:00'";26;31;12;22;3;moderate
DEBB021;"'2025-02-08 10:00'";26;30;12;22;3;moderate
DEBB021;"'2025-02-08 11:00'";27;34;10;23;3;moderate
DEBB021;"'2025-02-08 12:00'";29;38;10;25;3;moderate
DEBB021;"'2025-02-08 13:00'";30;45;10;26;4;moderate
DEBB021;"'2025-02-08 14:00'";30;49;10;27;4;moderate
DEBB021;"'2025-02-08 15:00'";31;51;10;27;3;moderate
DEBB021;"'2025-02-08 16:00'";32;51;11;28;4;moderate
DEBB021;"'2025-02-08 17:00'";32;48;13;28;4;moderate
DEBB021;"'2025-02-08 18:00'";33;41;16;29;3;moderate
DEBB021;"'2025-02-08 19:00'";36;38;19;31;3;poor
DEBB021;"'2025-02-08 20:00'";35;38;19;31;3;poor
DEBB021;"'2025-02-08 21:00'";35;32;23;31;2;poor
DEBB021;"'2025-02-08 22:00'";35;34;18;31;2;poor
DEBB021;"'2025-02-08 23:00'";36;34;15;31;2;poor
DEBB021;"'2025-02-08 24:00'";36;32;16;31;2;poor
DEBB021;"'2025-02-09 01:00'";37;25;21;32;2;poor
DEBB021;"'2025-02-09 02:00'";37;23;22;32;2;poor
DEBB021;"'2025-02-09 03:00'";37;22;21;32;2;poor
DEBB021;"'2025-02-09 04:00'";36;20;22;32;3;poor
DEBB021;"'2025-02-09 05:00'";36;21;21;32;2;poor
DEBB021;"'2025-02-09 06:00'";37;19;22;32;2;poor
DEBB021;"'2025-02-09 07:00'";37;19;22;33;2;poor
DEBB021;"'2025-02-09 08:00'";37;19;22;33;2;poor
DEBB021;"'2025-02-09 09:00'";37;20;21;33;2;poor
DEBB021;"'2025-02-09 10:00'";38;24;16;33;3;poor
DEBB021;"'2025-02-09 11:00'";39;27;17;35;4;poor
DEBB021;"'2025-02-09 12:00'";40;31;17;36;4;poor
DEBB021;"'2025-02-09 13:00'";41;33;19;36;4;poor
DEBB021;"'2025-02-09 14:00'";41;36;19;36;4;poor
DEBB021;"'2025-02-09 15:00'";40;37;20;35;6;poor
DEBB021;"'2025-02-09 16:00'";38;40;20;33;5;poor
DEBB021;"'2025-02-09 17:00'";38;37;18;33;4;poor
DEBB021;"'2025-02-09 18:00'";41;32;20;36;3;poor
DEBB021;"'2025-02-09 19:00'";42;26;22;38;3;poor
DEBB021;"'2025-02-09 20:00'";46;20;25;41;3;poor
DEBB021;"'2025-02-09 21:00'";46;19;25;41;3;poor
DEBB021;"'2025-02-09 22:00'";46;18;25;41;2;poor
DEBB021;"'2025-02-09 23:00'";45;17;23;40;2;poor
DEBB021;"'2025-02-09 24:00'";45;14;25;40;1;poor
DEBB021;"'2025-02-10 01:00'";45;17;21;41;2;poor
DEBB021;"'2025-02-10 02:00'";46;17;17;42;2;poor
DEBB021;"'2025-02-10 03:00'";47;15;17;42;2;poor
DEBB021;"'2025-02-10 04:00'";46;14;19;42;2;poor
DEBB021;"'2025-02-10 05:00'";47;14;18;42;2;poor
DEBB021;"'2025-02-10 06:00'";47;16;17;43;2;poor
DEBB021;"'2025-02-10 07:00'";48;14;21;43;2;poor
DEBB021;"'2025-02-10 08:00'";48;12;23;43;2;poor
DEBB021;"'2025-02-10 09:00'";50;13;23;43;3;poor
DEBB021;"'2025-02-10 10:00'";50;15;20;44;3;poor
DEBB021;"'2025-02-10 11:00'";50;17;18;43;3;poor
DEBB021;"'2025-02-10 12:00'";52;20;17;44;3;poor
DEBB021;"'2025-02-10 13:00'";52;23;17;45;4;poor
DEBB021;"'2025-02-10 14:00'";53;29;16;46;5;poor
DEBB021;"'2025-02-10 15:00'";53;28;19;46;5;poor
DEBB021;"'2025-02-10 16:00'";52;27;22;45;5;poor
DEBB021;"'2025-02-10 17:00'";49;27;25;42;4;poor
DEBB021;"'2025-02-10 18:00'";47;22;30;41;3;poor
DEBB021;"'2025-02-10 19:00'";45;25;21;40;4;poor
DEBB021;"'2025-02-10 20:00'";44;24;20;38;4;poor
DEBB021;"'2025-02-10 21:00'";43;27;18;37;4;poor
DEBB021;"'2025-02-10 22:00'";42;30;17;37;3;poor
DEBB021;"'2025-02-10 23:00'";41;34;15;35;3;poor
DEBB021;"'2025-02-10 24:00'";39;36;14;33;3;poor
DEBB021;"'2025-02-11 01:00'";37;36;15;32;3;poor
DEBB021;"'2025-02-11 02:00'";37;36;15;31;3;poor
DEBB021;"'2025-02-11 03:00'";36;37;14;31;3;poor
DEBB021;"'2025-02-11 04:00'";36;37;13;31;3;poor
DEBB021;"'2025-02-11 05:00'";36;37;13;31;3;poor
DEBB021;"'2025-02-11 06:00'";37;36;14;31;3;poor
DEBB021;"'2025-02-11 07:00'";37;34;15;32;3;poor
DEBB021;"'2025-02-11 08:00'";38;29;19;32;3;poor
DEBB021;"'2025-02-11 09:00'";39;30;18;32;4;poor
DEBB021;"'2025-02-11 10:00'";40;34;16;33;4;poor
DEBB021;"'2025-02-11 11:00'";45;40;15;33;5;poor
DEBB021;"'2025-02-11 12:00'";40;45;15;32;4;poor
DEBB021;"'2025-02-11 13:00'";36;54;14;28;4;moderate
DEBB021;"'2025-02-11 14:00'";33;59;13;25;4;moderate
DEBB021;"'2025-02-11 15:00'";33;61;14;24;4;moderate
DEBB021;"'2025-02-11 16:00'";30;63;15;22;3;moderate
DEBB021;"'2025-02-11 17:00'";27;63;15;21;3;moderate
DEBB021;"'2025-02-11 18:00'";30;58;16;24;2;moderate
DEBB021;"'2025-02-11 19:00'";33;59;14;27;3;moderate
DEBB021;"'2025-02-11 20:00'";34;55;16;29;4;moderate
DEBB021;"'2025-02-11 21:00'";36;51;17;30;5;moderate
DEBB021;"'2025-02-11 22:00'";40;47;17;33;5;poor
DEBB021;"'2025-02-11 23:00'";42;43;16;36;4;poor
DEBB021;"'2025-02-11 24:00'";45;39;16;40;3;poor
DEBB021;"'2025-02-12 01:00'";46;35;15;40;3;poor
DEBB021;"'2025-02-12 02:00'";46;31;16;40;3;poor
DEBB021;"'2025-02-12 03:00'";46;27;17;40;3;poor
DEBB021;"'2025-02-12 04:00'";47;25;17;42;3;poor
DEBB021;"'2025-02-12 05:00'";48;23;17;43;2;poor
DEBB021;"'2025-02-12 06:00'";49;21;17;44;2;poor
DEBB021;"'2025-02-12 07:00'";52;17;19;46;2;poor
DEBB021;"'2025-02-12 08:00'";54;15;20;48;2;poor
DEBB021;"'2025-02-12 09:00'";58;17;18;50;2;poor
DEBB021;"'2025-02-12 10:00'";60;21;17;53;2;"very poor"
DEBB021;"'2025-02-12 11:00'";62;24;16;53;2;"very poor"
DEBB021;"'2025-02-12 12:00'";61;29;15;53;3;"very poor"
DEBB021;"'2025-02-12 13:00'";61;32;16;52;3;"very poor"
DEBB021;"'2025-02-12 14:00'";60;34;18;51;3;"very poor"
DEBB021;"'2025-02-12 15:00'";61;33;20;52;3;"very poor"
DEBB021;"'2025-02-12 16:00'";59;32;22;50;3;poor
DEBB021;"'2025-02-12 17:00'";57;27;26;48;3;poor
DEBB021;"'2025-02-12 18:00'";55;25;26;47;3;poor
DEBB021;"'2025-02-12 19:00'";53;25;24;46;3;poor
DEBB021;"'2025-02-12 20:00'";53;24;21;47;2;poor
DEBB021;"'2025-02-12 21:00'";53;23;21;47;3;poor
DEBB021;"'2025-02-12 22:00'";56;21;22;49;3;poor
DEBB021;"'2025-02-12 23:00'";56;15;27;49;2;poor
DEBB021;"'2025-02-12 24:00'";56;15;25;49;2;poor
DEBB021;"'2025-02-13 01:00'";57;12;29;51;2;"very poor"
DEBB021;"'2025-02-13 02:00'";58;11;28;52;2;"very poor"
DEBB021;"'2025-02-13 03:00'";59;10;29;53;2;"very poor"
DEBB021;"'2025-02-13 04:00'";58;11;28;52;2;"very poor"
DEBB021;"'2025-02-13 05:00'";58;10;28;52;2;"very poor"
DEBB021;"'2025-02-13 06:00'";57;10;27;52;2;"very poor"
DEBB021;"'2025-02-13 07:00'";55;10;25;50;2;poor
DEBB021;"'2025-02-13 08:00'";55;12;23;50;1;poor
DEBB021;"'2025-02-13 09:00'";55;11;23;50;2;poor
DEBB021;"'2025-02-13 10:00'";55;14;21;49;2;poor
DEBB021;"'2025-02-13 11:00'";56;15;21;50;2;poor
DEBB021;"'2025-02-13 12:00'";57;17;20;51;3;"very poor"
DEBB021;"'2025-02-13 13:00'";59;18;20;53;3;"very poor"
DEBB021;"'2025-02-13 14:00'";61;21;18;55;2;"very poor"
DEBB021;"'2025-02-13 15:00'";65;22;17;58;2;"very poor"
DEBB021;"'2025-02-13 16:00'";61;21;18;55;2;"very poor"
DEBB021;"'2025-02-13 17:00'";59;18;22;54;1;"very poor"
DEBB021;"'2025-02-13 18:00'";56;18;22;51;1;"very poor"
DEBB021;"'2025-02-13 19:00'";57;18;22;52;1;"very poor"
DEBB021;"'2025-02-13 20:00'";58;19;22;53;0.5;"very poor"
DEBB021;"'2025-02-13 21:00'";59;20;20;54;0.8;"very poor"
DEBB021;"'2025-02-13 22:00'";59;20;20;55;0.5;"very poor"
DEBB021;"'2025-02-13 23:00'";56;22;17;52;0.5;"very poor"
DEBB021;"'2025-02-13 24:00'";53;23;16;49;0.8;poor
DEBB021;"'2025-02-14 01:00'";51;24;16;47;0.5;poor
DEBB021;"'2025-02-14 02:00'";46;32;13;42;1;poor
DEBB021;"'2025-02-14 03:00'";43;35;13;38;1;poor
DEBB021;"'2025-02-14 04:00'";37;39;13;33;1;poor
DEBB021;"'2025-02-14 05:00'";27;51;11;23;0.5;moderate
DEBB021;"'2025-02-14 06:00'";18;56;12;15;0.5;good
DEBB021;"'2025-02-14 07:00'";16;52;18;13;0.5;good
DEBB021;"'2025-02-14 08:00'";15;48;21;12;0.5;good
DEBB021;"'2025-02-14 09:00'";13;51;19;9;0.5;good
DEBB021;"'2025-02-14 10:00'";10;55;15;7;0.5;good
DEBB021;"'2025-02-14 11:00'";9;57;12;6;0.5;good
DEBB021;"'2025-02-14 12:00'";7;59;11;4;0.5;good
DEBB021;"'2025-02-14 13:00'";5;58;10;3;0.5;good
DEBB021;"'2025-02-14 14:00'";5;60;9;3;0.5;good
DEBB021;"'2025-02-14 15:00'";6;61;10;4;0.5;good
DEBB021;"'2025-02-14 16:00'";6;63;10;4;0.5;good
DEBB021;"'2025-02-14 17:00'";6;64;10;4;0.5;good
DEBB021;"'2025-02-14 18:00'";5;63;12;4;0.5;good
DEBB021;"'2025-02-14 19:00'";9;59;14;7;0.5;good
DEBB021;"'2025-02-14 20:00'";10;55;17;7;0.5;good
DEBB021;"'2025-02-14 21:00'";11;52;19;8;0.5;good
DEBB021;"'2025-02-14 22:00'";12;50;20;10;0.5;good
DEBB021;"'2025-02-14 23:00'";13;54;14;10;0.5;good
DEBB021;"'2025-02-14 24:00'";10;52;12;8;0.5;good
DEBB021;"'2025-02-15 01:00'";9;49;12;7;0.5;good
DEBB021;"'2025-02-15 02:00'";9;46;12;6;0.5;good
DEBB021;"'2025-02-15 03:00'";10;44;13;7;0.5;good
DEBB021;"'2025-02-15 04:00'";9;44;13;6;0.5;good
DEBB021;"'2025-02-15 05:00'";8;44;12;6;0.5;good
DEBB021;"'2025-02-15 06:00'";8;38;17;6;0.5;good
DEBB021;"'2025-02-15 07:00'";8;39;18;6;0.5;good
DEBB021;"'2025-02-15 08:00'";10;41;17;6;0.5;good
DEBB021;"'2025-02-15 09:00'";8;45;12;6;0.5;good
DEBB021;"'2025-02-15 10:00'";9;50;12;6;0.5;good
DEBB021;"'2025-02-15 11:00'";9;60;10;6;0.5;good
DEBB021;"'2025-02-15 12:00'";7;72;7;5;0.5;good
DEBB021;"'2025-02-15 13:00'";8;75;7;6;0.5;moderate
DEBB021;"'2025-02-15 14:00'";9;77;6;7;0.5;moderate
DEBB021;"'2025-02-15 15:00'";9;77;6;7;0.5;moderate
DEBB021;"'2025-02-15 16:00'";9;77;6;7;0.5;moderate
DEBB021;"'2025-02-15 17:00'";10;77;7;7;0.5;moderate
DEBB021;"'2025-02-15 18:00'";10;69;13;7;0.5;good
DEBB021;"'2025-02-15 19:00'";18;55;27;14;0.5;good
DEBB021;"'2025-02-15 20:00'";18;34;44;15;0.5;moderate
DEBB021;"'2025-02-15 21:00'";21;26;47;19;0.5;moderate
DEBB021;"'2025-02-15 22:00'";22;25;41;19;0.5;moderate
DEBB021;"'2025-02-15 23:00'";19;30;33;16;0.5;moderate
DEBB021;"'2025-02-15 24:00'";20;33;27;17;0.5;moderate
DEBB021;"'2025-02-16 01:00'";19;34;23;17;0.5;moderate
DEBB021;"'2025-02-16 02:00'";20;40;25;17;0.5;moderate
DEBB021;"'2025-02-16 03:00'";18;35;23;16;0.5;moderate
DEBB021;"'2025-02-16 04:00'";17;37;22;15;0.5;good
DEBB021;"'2025-02-16 05:00'";15;39;20;12;0.5;good
DEBB021;"'2025-02-16 06:00'";14;41;16;12;0.5;good
DEBB021;"'2025-02-16 07:00'";15;37;18;13;0.5;good
DEBB021;"'2025-02-16 08:00'";17;37;18;14;0.5;good
DEBB021;"'2025-02-16 09:00'";18;39;16;15;0.5;good
DEBB021;"'2025-02-16 10:00'";19;42;16;16;0.5;moderate
DEBB021;"'2025-02-16 11:00'";19;47;18;16;1;moderate
DEBB021;"'2025-02-16 12:00'";20;57;13;17;0.5;moderate
DEBB021;"'2025-02-16 13:00'";19;61;12;16;0.5;moderate
DEBB021;"'2025-02-16 14:00'";17;61;14;14;0.5;good
DEBB021;"'2025-02-16 15:00'";17;61;14;13;1;good
DEBB021;"'2025-02-16 16:00'";10;69;11;8;0.8;good
DEBB021;"'2025-02-16 17:00'";7;71;11;5;0.5;good
DEBB021;"'2025-02-16 18:00'";8;63;19;5;0.5;good
DEBB021;"'2025-02-16 19:00'";10;54;27;6;0.5;good
DEBB021;"'2025-02-16 20:00'";12;34;43;8;0.5;moderate
DEBB021;"'2025-02-16 21:00'";18;26;44;15;0.5;moderate
DEBB021;"'2025-02-16 22:00'";12;43;24;10;0.5;good
DEBB021;"'2025-02-16 23:00'";15;37;28;13;0.5;good
DEBB021;"'2025-02-16 24:00'";17;30;31;14;0.5;moderate
DEBB021;"'2025-02-17 01:00'";17;25;35;14;0.5;moderate
DEBB021;"'2025-02-17 02:00'";17;21;37;15;0.5;moderate
DEBB021;"'2025-02-17 03:00'";17;15;40;14;0.5;moderate
DEBB021;"'2025-02-17 04:00'";17;4;54;14;0.5;moderate
DEBB021;"'2025-02-17 05:00'";16;9;46;13;0.5;moderate
DEBB021;"'2025-02-17 06:00'";15;12;40;13;0.5;moderate
DEBB021;"'2025-02-17 07:00'";14;8;45;11;0.5;moderate
DEBB021;"'2025-02-17 08:00'";17;3;49;13;0.5;moderate
DEBB021;"'2025-02-17 09:00'";23;6;51;17;1;moderate
DEBB021;"'2025-02-17 10:00'";25;12;52;19;2;moderate
DEBB021;"'2025-02-17 11:00'";17;37;37;13;2;moderate
DEBB021;"'2025-02-17 12:00'";12;59;22;9;2;good
DEBB021;"'2025-02-17 13:00'";7;73;12;5;1;moderate
DEBB021;"'2025-02-17 14:00'";7;77;10;4;1;moderate
DEBB021;"'2025-02-17 15:00'";9;76;10;5;1;moderate
DEBB021;"'2025-02-17 16:00'";8;77;9;4;1;moderate
DEBB021;"'2025-02-17 17:00'";7;80;7;4;0.5;moderate
DEBB021;"'2025-02-17 18:00'";9;75;11;6;0.5;moderate
DEBB021;"'2025-02-17 19:00'";14;59;25;10;0.8;good
DEBB021;"'2025-02-17 20:00'";15;45;37;11;1;moderate
DEBB021;"'2025-02-17 21:00'";21;24;53;15;1;moderate
DEBB021;"'2025-02-17 22:00'";19;19;49;13;0.5;moderate
DEBB021;"'2025-02-17 23:00'";15;26;38;12;0.5;moderate
DEBB021;"'2025-02-17 24:00'";17;22;37;14;0.5;moderate
DEBB021;"'2025-02-18 01:00'";17;19;35;14;0.5;moderate
DEBB021;"'2025-02-18 02:00'";16;28;24;14;0.5;good
DEBB021;"'2025-02-18 03:00'";16;26;25;14;0.5;good
DEBB021;"'2025-02-18 04:00'";17;13;38;15;0.5;moderate
DEBB021;"'2025-02-18 05:00'";17;17;35;14;0.5;moderate
DEBB021;"'2025-02-18 06:00'";16;16;36;13;0.5;moderate
DEBB021;"'2025-02-18 07:00'";16;9;44;13;0.5;moderate
DEBB021;"'2025-02-18 08:00'";20;4;52;15;0.5;moderate
DEBB021;"'2025-02-18 09:00'";22;14;47;16;0.5;moderate
DEBB021;"'2025-02-18 10:00'";21;30;35;16;0.5;moderate
DEBB021;"'2025-02-18 11:00'";17;51;21;13;0.5;good
DEBB021;"'2025-02-18 12:00'";12;67;14;9;0.5;good
DEBB021;"'2025-02-18 13:00'";10;76;8;6;0.5;moderate
DEBB021;"'2025-02-18 14:00'";9;78;7;6;0.5;moderate
DEBB021;"'2025-02-18 15:00'";8;79;6;5;0.5;moderate
DEBB021;"'2025-02-18 16:00'";7;79;7;5;0.5;moderate
DEBB021;"'2025-02-18 17:00'";8;78;7;6;0.5;moderate
DEBB021;"'2025-02-18 18:00'";11;67;17;8;0.5;good
DEBB021;"'2025-02-18 19:00'";16;29;52;11;0.5;moderate
DEBB021;"'2025-02-18 20:00'";22;7;74;13;0.5;poor
DEBB021;"'2025-02-18 21:00'";17;29;42;11;0.5;moderate
DEBB021;"'2025-02-18 22:00'";19;30;40;14;0.5;moderate
DEBB021;"'2025-02-18 23:00'";27;9;60;19;0.5;moderate
DEBB021;"'2025-02-18 24:00'";30;5;66;23;0.5;poor
DEBB021;"'2025-02-19 01:00'";28;4;61;23;0.5;poor
DEBB021;"'2025-02-19 02:00'";21;20;39;17;0.5;moderate
DEBB021;"'2025-02-19 03:00'";17;18;35;14;0.5;moderate
DEBB021;"'2025-02-19 04:00'";21;6;49;17;0.5;moderate
DEBB021;"'2025-02-19 05:00'";23;2;55;19;0.5;moderate
DEBB021;"'2025-02-19 06:00'";21;11;46;17;0.5;moderate
DEBB021;"'2025-02-19 07:00'";22;3;60;17;0.5;moderate
DEBB021;"'2025-02-19 08:00'";22;3;63;17;1;poor
DEBB021;"'2025-02-19 09:00'";28;9;61;22;1;poor
DEBB021;"'2025-02-19 10:00'";27;22;60;20;1;moderate
DEBB021;"'2025-02-19 11:00'";22;37;50;16;1;moderate
DEBB021;"'2025-02-19 12:00'";16;61;27;11;2;good
DEBB021;"'2025-02-19 13:00'";9;71;15;6;2;good
DEBB021;"'2025-02-19 14:00'";10;70;13;6;2;good
DEBB021;"'2025-02-19 15:00'";9;70;13;6;3;good
DEBB021;"'2025-02-19 16:00'";10;65;16;6;4;good
DEBB021;"'2025-02-19 17:00'";9;63;19;5;5;good
DEBB021;"'2025-02-19 18:00'";9;50;31;6;7;moderate
DEBB021;"'2025-02-19 19:00'";12;40;37;8;9;moderate
DEBB021;"'2025-02-19 20:00'";14;37;40;10;11;moderate
DEBB021;"'2025-02-19 21:00'";14;36;42;11;8;moderate
DEBB021;"'2025-02-19 22:00'";15;46;32;11;5;moderate
DEBB021;"'2025-02-19 23:00'";14;52;26;11;3;good
DEBB021;"'2025-02-19 24:00'";14;56;21;12;2;good
DEBB021;"'2025-02-20 01:00'";15;62;15;11;2;good
DEBB021;"'2025-02-20 02:00'";16;60;16;13;2;good
DEBB021;"'2025-02-20 03:00'";18;59;14;14;2;good
DEBB021;"'2025-02-20 04:00'";19;58;14;16;2;moderate
DEBB021;"'2025-02-20 05:00'";22;55;16;19;2;moderate
DEBB021;"'2025-02-20 06:00'";23;49;20;20;2;moderate
DEBB021;"'2025-02-20 07:00'";25;41;27;21;2;moderate
DEBB021;"'2025-02-20 08:00'";28;27;44;22;2;moderate
DEBB021;"'2025-02-20 09:00'";29;37;36;23;2;moderate
DEBB021;"'2025-02-20 10:00'";30;50;25;23;2;moderate
DEBB021;"'2025-02-20 11:00'";30;63;18;23;2;moderate
DEBB021;"'2025-02-20 12:00'";30;72;16;23;2;moderate
DEBB021;"'2025-02-20 13:00'";29;76;15;23;2;moderate
DEBB021;"'2025-02-20 14:00'";28;80;13;23;2;moderate
DEBB021;"'2025-02-20 15:00'";29;83;14;22;2;moderate
DEBB021;"'2025-02-20 16:00'";29;85;13;22;2;moderate
DEBB021;"'2025-02-20 17:00'";28;78;21;22;2;moderate
DEBB021;"'2025-02-20 18:00'";28;80;19;22;1;moderate
DEBB021;"'2025-02-20 19:00'";27;81;17;21;1;moderate
DEBB021;"'2025-02-20 20:00'";27;83;16;21;1;moderate
DEBB021;"'2025-02-20 21:00'";28;80;17;23;1;moderate
DEBB021;"'2025-02-20 22:00'";30;79;18;25;2;moderate
DEBB021;"'2025-02-20 23:00'";32;75;17;27;2;moderate
DEBB021;"'2025-02-20 24:00'";34;70;18;29;2;moderate
DEBB021;"'2025-02-21 01:00'";35;66;16;30;2;moderate
DEBB021;"'2025-02-21 02:00'";36;61;17;31;2;poor
DEBB021;"'2025-02-21 03:00'";36;57;16;32;2;poor
DEBB021;"'2025-02-21 04:00'";36;54;17;32;2;poor
DEBB021;"'2025-02-21 05:00'";36;50;17;31;2;poor
DEBB021;"'2025-02-21 06:00'";35;44;21;30;2;moderate
DEBB021;"'2025-02-21 07:00'";34;34;28;30;2;moderate
DEBB021;"'2025-02-21 08:00'";36;20;40;30;2;moderate
DEBB021;"'2025-02-21 09:00'";36;20;38;30;2;moderate
DEBB021;"'2025-02-21 10:00'";35;24;28;30;2;moderate
DEBB021;"'2025-02-21 11:00'";37;27;23;31;2;poor
DEBB021;"'2025-02-21 12:00'";36;31;19;30;2;moderate
DEBB021;"'2025-02-21 13:00'";37;32;18;31;2;poor
DEBB021;"'2025-02-21 14:00'";36;35;18;31;2;poor
DEBB021;"'2025-02-21 15:00'";35;39;18;30;3;moderate
DEBB021;"'2025-02-21 16:00'";30;50;15;25;3;moderate
DEBB021;"'2025-02-21 17:00'";27;52;14;23;2;moderate
DEBB021;"'2025-02-21 18:00'";40;39;23;34;2;poor
DEBB021;"'2025-02-21 19:00'";39;38;24;34;2;poor
DEBB021;"'2025-02-21 20:00'";35;42;22;30;2;moderate
DEBB021;"'2025-02-21 21:00'";33;41;24;28;2;moderate
DEBB021;"'2025-02-21 22:00'";31;38;26;27;2;moderate
DEBB021;"'2025-02-21 23:00'";32;38;23;27;1;moderate
DEBB021;"'2025-02-21 24:00'";33;36;23;29;1;moderate
DEBB021;"'2025-02-22 01:00'";32;41;19;28;1;moderate
DEBB021;"'2025-02-22 02:00'";32;44;16;28;1;moderate
DEBB021;"'2025-02-22 03:00'";33;43;17;29;1;moderate
DEBB021;"'2025-02-22 04:00'";35;43;16;31;1;poor
DEBB021;"'2025-02-22 05:00'";35;46;15;31;1;poor
DEBB021;"'2025-02-22 06:00'";33;46;15;29;1;moderate
DEBB021;"'2025-02-22 07:00'";30;47;16;27;1;moderate
DEBB021;"'2025-02-22 08:00'";30;50;16;26;1;moderate
DEBB021;"'2025-02-22 09:00'";27;57;13;23;2;moderate
DEBB021;"'2025-02-22 10:00'";25;63;12;20;2;moderate
DEBB021;"'2025-02-22 11:00'";24;66;11;19;3;moderate
DEBB021;"'2025-02-22 12:00'";24;71;10;17;3;moderate
DEBB021;"'2025-02-22 13:00'";22;73;12;16;3;moderate
DEBB021;"'2025-02-22 14:00'";22;78;10;16;3;moderate
DEBB021;"'2025-02-22 15:00'";23;81;9;17;2;moderate
DEBB021;"'2025-02-22 16:00'";23;81;11;18;2;moderate
DEBB021;"'2025-02-22 17:00'";26;83;12;19;3;moderate
DEBB021;"'2025-02-22 18:00'";27;81;12;21;4;moderate
DEBB021;"'2025-02-22 19:00'";29;77;14;23;4;moderate
DEBB021;"'2025-02-22 20:00'";32;76;15;26;5;moderate
DEBB021;"'2025-02-22 21:00'";35;78;13;30;6;moderate
DEBB021;"'2025-02-22 22:00'";37;75;14;33;6;poor
DEBB021;"'2025-02-22 23:00'";41;71;14;35;6;poor
DEBB021;"'2025-02-22 24:00'";40;65;15;35;5;poor
DEBB021;"'2025-02-23 01:00'";39;58;15;34;4;poor
DEBB021;"'2025-02-23 02:00'";34;52;13;29;3;moderate
DEBB021;"'2025-02-23 03:00'";31;47;13;27;2;moderate
DEBB021;"'2025-02-23 04:00'";29;43;14;26;2;moderate
DEBB021;"'2025-02-23 05:00'";28;40;15;24;2;moderate
DEBB021;"'2025-02-23 06:00'";25;43;11;22;2;moderate
DEBB021;"'2025-02-23 07:00'";23;40;14;20;1;moderate
DEBB021;"'2025-02-23 08:00'";17;50;10;15;1;good
DEBB021;"'2025-02-23 09:00'";12;56;8;10;1;good
DEBB021;"'2025-02-23 10:00'";10;61;7;8;2;good
DEBB021;"'2025-02-23 11:00'";9;65;6;7;2;good
DEBB021;"'2025-02-23 12:00'";8;73;5;6;2;moderate
DEBB021;"'2025-02-23 13:00'";11;71;5;7;1;good
DEBB021;"'2025-02-23 14:00'";11;73;5;7;1;moderate
DEBB021;"'2025-02-23 15:00'";11;75;5;8;1;moderate
DEBB021;"'2025-02-23 16:00'";13;77;5;9;1;moderate
DEBB021;"'2025-02-23 17:00'";13;76;7;9;1;moderate
DEBB021;"'2025-02-23 18:00'";20;68;13;15;1;good
DEBB021;"'2025-02-23 19:00'";18;48;27;13;1;good
DEBB021;"'2025-02-23 20:00'";16;12;59;12;0.5;moderate
DEBB021;"'2025-02-23 21:00'";16;6;57;12;0.5;moderate
DEBB021;"'2025-02-23 22:00'";18;5;51;13;0.5;moderate
DEBB021;"'2025-02-23 23:00'";20;4;51;16;0.5;moderate
DEBB021;"'2025-02-23 24:00'";19;4;50;16;0.5;moderate
DEBB021;"'2025-02-24 01:00'";17;2;48;14;0.5;moderate
DEBB021;"'2025-02-24 02:00'";14;3;43;12;0.5;moderate
DEBB021;"'2025-02-24 03:00'";12;12;31;10;0.5;moderate
DEBB021;"'2025-02-24 04:00'";11;20;21;9;0.5;good
DEBB021;"'2025-02-24 05:00'";11;18;23;9;0.5;good
DEBB021;"'2025-02-24 06:00'";12;15;24;10;0.5;good
DEBB021;"'2025-02-24 07:00'";14;9;31;12;0.5;moderate
DEBB021;"'2025-02-24 08:00'";18;5;35;15;0.5;moderate
DEBB021;"'2025-02-24 09:00'";20;12;31;17;0.5;moderate
DEBB021;"'2025-02-24 10:00'";22;22;24;17;0.5;moderate
DEBB021;"'2025-02-24 11:00'";19;33;18;15;0.9;good
DEBB021;"'2025-02-24 12:00'";14;-;-;9;1;good
DEBB021;"'2025-02-24 13:00'";14;54;9;8;1;good
DEBB021;"'2025-02-24 14:00'";12;62;10;6;1;good
DEBB021;"'2025-02-24 15:00'";11;66;9;6;1;good
DEBB021;"'2025-02-24 16:00'";10;67;11;4;1;good
DEBB021;"'2025-02-24 17:00'";11;68;11;4;1;good
DEBB021;"'2025-02-24 18:00'";11;65;13;4;2;good
DEBB021;"'2025-02-24 19:00'";8;66;11;4;1;good
DEBB021;"'2025-02-24 20:00'";8;67;7;5;0.5;good
DEBB021;"'2025-02-24 21:00'";8;63;7;6;0.8;good
DEBB021;"'2025-02-24 22:00'";10;59;8;7;2;good
DEBB021;"'2025-02-24 23:00'";11;55;9;9;2;good
DEBB021;"'2025-02-24 24:00'";12;53;8;10;2;good
DEBB021;"'2025-02-25 01:00'";13;52;8;11;1;good
DEBB021;"'2025-02-25 02:00'";14;47;9;11;1;good
DEBB021;"'2025-02-25 03:00'";14;44;8;12;0.5;good
DEBB021;"'2025-02-25 04:00'";15;42;8;12;0.5;good
DEBB021;"'2025-02-25 05:00'";14;41;8;12;0.5;good
DEBB021;"'2025-02-25 06:00'";14;37;10;12;0.5;good
DEBB021;"'2025-02-25 07:00'";14;34;11;12;0.5;good
DEBB021;"'2025-02-25 08:00'";15;31;13;12;0.5;good
DEBB021;"'2025-02-25 09:00'";15;28;16;12;0.5;good
DEBB021;"'2025-02-25 10:00'";16;31;14;12;0.5;good
DEBB021;"'2025-02-25 11:00'";16;35;12;12;0.5;good
DEBB021;"'2025-02-25 12:00'";16;52;9;12;0.5;good
DEBB021;"'2025-02-25 13:00'";17;65;7;13;0.5;good
DEBB021;"'2025-02-25 14:00'";17;73;5;12;0.5;moderate
DEBB021;"'2025-02-25 15:00'";14;73;6;10;0.5;moderate
DEBB021;"'2025-02-25 16:00'";13;73;6;9;0.5;moderate
DEBB021;"'2025-02-25 17:00'";14;66;9;9;0.5;good
DEBB021;"'2025-02-25 18:00'";14;58;12;10;0.5;good
DEBB021;"'2025-02-25 19:00'";15;30;36;11;0.5;moderate
DEBB021;"'2025-02-25 20:00'";16;32;29;13;0.5;good
DEBB021;"'2025-02-25 21:00'";17;24;34;14;0.5;moderate
DEBB021;"'2025-02-25 22:00'";20;14;38;16;0.5;moderate
DEBB021;"'2025-02-25 23:00'";19;9;37;16;0.5;moderate
DEBB021;"'2025-02-25 24:00'";19;12;30;16;0.5;moderate
DEBB021;"'2025-02-26 01:00'";18;17;21;16;0.5;moderate
DEBB021;"'2025-02-26 02:00'";17;13;21;15;0.5;good
DEBB021;"'2025-02-26 03:00'";17;18;17;14;0.5;good
DEBB021;"'2025-02-26 04:00'";18;18;16;15;0.5;good
DEBB021;"'2025-02-26 05:00'";20;17;17;18;0.5;moderate
DEBB021;"'2025-02-26 06:00'";22;12;20;19;0.5;moderate
DEBB021;"'2025-02-26 07:00'";25;9;23;23;0.5;moderate
DEBB021;"'2025-02-26 08:00'";28;4;29;24;0.5;moderate
DEBB021;"'2025-02-26 09:00'";28;6;28;24;0.5;moderate
DEBB021;"'2025-02-26 10:00'";30;10;26;26;0.5;moderate
DEBB021;"'2025-02-26 11:00'";32;16;22;28;0.5;moderate
DEBB021;"'2025-02-26 12:00'";33;23;15;29;0.5;moderate
DEBB021;"'2025-02-26 13:00'";30;26;14;27;0.5;moderate
DEBB021;"'2025-02-26 14:00'";25;30;14;22;0.5;moderate
DEBB021;"'2025-02-26 15:00'";24;26;18;20;0.5;moderate
DEBB021;"'2025-02-26 16:00'";18;18;18;15;0.5;good
DEBB021;"'2025-02-26 17:00'";18;17;18;15;0.5;good
DEBB021;"'2025-02-26 18:00'";16;11;22;14;0.5;good
DEBB021;"'2025-02-26 19:00'";10;13;16;8;0.5;good
DEBB021;"'2025-02-26 20:00'";14;27;13;12;0.5;good
DEBB021;"'2025-02-26 21:00'";17;46;9;14;0.5;good
DEBB021;"'2025-02-26 22:00'";18;40;11;15;0.5;good
DEBB021;"'2025-02-26 23:00'";22;37;13;18;0.5;moderate
DEBB021;"'2025-02-26 24:00'";27;32;13;22;0.5;moderate
DEBB021;"'2025-02-27 01:00'";30;31;13;25;0.5;moderate
DEBB021;"'2025-02-27 02:00'";24;36;10;20;0.5;moderate
DEBB021;"'2025-02-27 03:00'";21;37;11;18;0.5;moderate
DEBB021;"'2025-02-27 04:00'";20;36;8;16;0.5;moderate
DEBB021;"'2025-02-27 05:00'";19;35;8;16;0.5;moderate
DEBB021;"'2025-02-27 06:00'";18;34;9;14;0.5;good
DEBB021;"'2025-02-27 07:00'";18;27;15;14;0.5;good
DEBB021;"'2025-02-27 08:00'";17;25;19;13;0.5;good
DEBB021;"'2025-02-27 09:00'";16;34;16;12;0.5;good
DEBB021;"'2025-02-27 10:00'";13;42;13;10;0.5;good
DEBB021;"'2025-02-27 11:00'";13;51;10;9;1;good
DEBB021;"'2025-02-27 12:00'";12;62;8;8;0.5;good
DEBB021;"'2025-02-27 13:00'";13;63;9;8;1;good
DEBB021;"'2025-02-27 14:00'";10;63;10;7;0.8;good
DEBB021;"'2025-02-27 15:00'";9;61;11;6;0.5;good
DEBB021;"'2025-02-27 16:00'";11;56;12;8;0.5;good
DEBB021;"'2025-02-27 17:00'";11;56;12;8;0.5;good
DEBB021;"'2025-02-27 18:00'";10;54;14;8;0.5;good
DEBB021;"'2025-02-27 19:00'";11;51;14;8;0.5;good
DEBB021;"'2025-02-27 20:00'";10;47;14;8;0.5;good
DEBB021;"'2025-02-27 21:00'";11;42;15;8;0.5;good
DEBB021;"'2025-02-27 22:00'";10;43;13;8;0.5;good
DEBB021;"'2025-02-27 23:00'";10;41;13;8;0.5;good
DEBB021;"'2025-02-27 24:00'";10;37;12;8;0.5;good
DEBB021;"'2025-02-28 01:00'";10;36;12;8;0.5;good
DEBB021;"'2025-02-28 02:00'";11;40;10;8;0.5;good
DEBB021;"'2025-02-28 03:00'";11;42;9;9;0.5;good
DEBB021;"'2025-02-28 04:00'";12;36;11;9;0.5;good
DEBB021;"'2025-02-28 05:00'";12;29;13;10;0.5;good
DEBB021;"'2025-02-28 06:00'";13;23;20;11;0.5;good
DEBB021;"'2025-02-28 07:00'";14;21;21;12;0.5;good
DEBB021;"'2025-02-28 08:00'";17;18;23;14;0.5;good
DEBB021;"'2025-02-28 09:00'";17;20;23;13;0.5;good
DEBB021;"'2025-02-28 10:00'";17;28;20;14;0.5;good
DEBB021;"'2025-02-28 11:00'";17;40;14;13;0.5;good
DEBB021;"'2025-02-28 12:00'";16;47;10;13;0.5;good
DEBB021;"'2025-02-28 13:00'";21;47;9;18;0.5;moderate
DEBB021;"'2025-02-28 14:00'";16;48;8;14;0.5;good
DEBB021;"'2025-02-28 15:00'";17;52;8;14;0.5;good
DEBB021;"'2025-02-28 16:00'";14;52;8;12;0.5;good
DEBB021;"'2025-02-28 17:00'";13;40;11;11;0.5;good
DEBB021;"'2025-02-28 18:00'";11;30;14;9;0.5;good
DEBB021;"'2025-02-28 19:00'";11;26;14;9;0.5;good
DEBB021;"'2025-02-28 20:00'";9;31;12;7;0.5;good
DEBB021;"'2025-02-28 21:00'";10;40;8;8;0.5;good
DEBB021;"'2025-02-28 22:00'";10;49;7;9;0.5;good
DEBB021;"'2025-02-28 23:00'";8;57;5;6;0.5;good
DEBB021;"'2025-02-28 24:00'";7;71;3;5;0.5;good
DEBB021;"'2025-03-01 01:00'";7;72;4;5;0.5;good
DEBB021;"'2025-03-01 02:00'";4;74;3;3;0.5;moderate
DEBB021;"'2025-03-01 03:00'";4;74;3;3;0.5;moderate
DEBB021;"'2025-03-01 04:00'";4;72;3;3;0.5;good
DEBB021;"'2025-03-01 05:00'";4;66;4;3;0.5;good
DEBB021;"'2025-03-01 06:00'";5;62;5;3;0.5;good
DEBB021;"'2025-03-01 07:00'";6;57;7;4;0.5;good
DEBB021;"'2025-03-01 08:00'";8;57;7;5;0.5;good
DEBB021;"'2025-03-01 09:00'";9;57;6;6;0.5;good
DEBB021;"'2025-03-01 10:00'";9;57;6;7;0.5;good
DEBB021;"'2025-03-01 11:00'";11;48;6;9;0.5;good
DEBB021;"'2025-03-01 12:00'";13;52;7;11;0.5;good
DEBB021;"'2025-03-01 13:00'";12;59;6;9;0.5;good
DEBB021;"'2025-03-01 14:00'";10;66;5;8;0.5;good
DEBB021;"'2025-03-01 15:00'";10;70;4;7;0.5;good
DEBB021;"'2025-03-01 16:00'";9;71;5;6;0.5;good
DEBB021;"'2025-03-01 17:00'";10;69;6;7;0.5;good
DEBB021;"'2025-03-01 18:00'";11;64;9;8;0.5;good
DEBB021;"'2025-03-01 19:00'";21;56;15;17;0.5;moderate
DEBB021;"'2025-03-01 20:00'";17;52;15;14;0.5;good
DEBB021;"'2025-03-01 21:00'";20;39;25;16;0.5;moderate
DEBB021;"'2025-03-01 22:00'";21;34;27;17;0.5;moderate
DEBB021;"'2025-03-01 23:00'";21;41;18;18;0.5;moderate
DEBB021;"'2025-03-01 24:00'";20;46;11;17;0.5;moderate
DEBB021;"'2025-03-02 01:00'";13;53;6;11;0.5;good
DEBB021;"'2025-03-02 02:00'";12;57;5;10;0.5;good
DEBB021;"'2025-03-02 03:00'";11;62;4;9;0.5;good
DEBB021;"'2025-03-02 04:00'";13;58;5;10;0.5;good
DEBB021;"'2025-03-02 05:00'";12;59;5;10;0.5;good
DEBB021;"'2025-03-02 06:00'";17;58;6;14;0.5;good
DEBB021;"'2025-03-02 07:00'";19;60;6;17;0.5;moderate
DEBB021;"'2025-03-02 08:00'";19;59;6;16;0.5;moderate
DEBB021;"'2025-03-02 09:00'";15;61;5;12;0.5;good
DEBB021;"'2025-03-02 10:00'";12;61;6;10;0.5;good
DEBB021;"'2025-03-02 11:00'";11;61;6;10;0.5;good
DEBB021;"'2025-03-02 12:00'";12;61;6;10;0.5;good
DEBB021;"'2025-03-02 13:00'";14;66;5;12;0.5;good
DEBB021;"'2025-03-02 14:00'";16;74;5;13;0.5;moderate
DEBB021;"'2025-03-02 15:00'";13;84;5;10;0.5;moderate
DEBB021;"'2025-03-02 16:00'";14;83;5;10;0.5;moderate
DEBB021;"'2025-03-02 17:00'";11;79;7;8;0.5;moderate
DEBB021;"'2025-03-02 18:00'";10;77;7;8;0.5;moderate
DEBB021;"'2025-03-02 19:00'";12;76;8;10;0.5;moderate
DEBB021;"'2025-03-02 20:00'";8;77;6;6;0.5;moderate
DEBB021;"'2025-03-02 21:00'";8;76;6;6;0.5;moderate
DEBB021;"'2025-03-02 22:00'";8;76;6;6;0.5;moderate
DEBB021;"'2025-03-02 23:00'";8;76;5;5;0.5;moderate
DEBB021;"'2025-03-02 24:00'";8;76;5;6;0.5;moderate
DEBB021;"'2025-03-03 01:00'";7;75;5;5;0.5;moderate
DEBB021;"'2025-03-03 02:00'";7;72;6;5;0.5;good
DEBB021;"'2025-03-03 03:00'";8;70;6;5;0.5;good
DEBB021;"'2025-03-03 04:00'";8;67;7;6;0.5;good
DEBB021;"'2025-03-03 05:00'";8;65;8;6;0.5;good
DEBB021;"'2025-03-03 06:00'";10;58;13;7;0.5;good
DEBB021;"'2025-03-03 07:00'";13;51;17;8;0.5;good
DEBB021;"'2025-03-03 08:00'";12;49;19;9;0.5;good
DEBB021;"'2025-03-03 09:00'";15;57;15;10;1;good
DEBB021;"'2025-03-03 10:00'";14;65;10;10;1;good
DEBB021;"'2025-03-03 11:00'";13;73;8;10;1;moderate
DEBB021;"'2025-03-03 12:00'";14;79;6;10;1;moderate
DEBB021;"'2025-03-03 13:00'";11;85;5;8;1;moderate
DEBB021;"'2025-03-03 14:00'";9;89;5;6;0.5;moderate
DEBB021;"'2025-03-03 15:00'";9;90;5;6;0.5;moderate
DEBB021;"'2025-03-03 16:00'";9;90;5;6;0.9;moderate
DEBB021;"'2025-03-03 17:00'";10;85;7;7;0.5;moderate
DEBB021;"'2025-03-03 18:00'";10;82;8;7;0.5;moderate
DEBB021;"'2025-03-03 19:00'";17;67;20;13;0.5;good
DEBB021;"'2025-03-03 20:00'";16;55;28;11;0.5;good
DEBB021;"'2025-03-03 21:00'";13;52;28;10;0.5;good
DEBB021;"'2025-03-03 22:00'";14;52;23;10;0.5;good
DEBB021;"'2025-03-03 23:00'";14;48;26;10;0.5;good
DEBB021;"'2025-03-03 24:00'";15;46;22;11;0.5;good
DEBB021;"'2025-03-04 01:00'";14;50;19;10;0.5;good
DEBB021;"'2025-03-04 02:00'";14;46;19;10;0.5;good
DEBB021;"'2025-03-04 03:00'";13;51;12;10;0.5;good
DEBB021;"'2025-03-04 04:00'";13;46;14;10;0.5;good
DEBB021;"'2025-03-04 05:00'";13;43;14;10;0.5;good
DEBB021;"'2025-03-04 06:00'";14;43;15;10;0.5;good
DEBB021;"'2025-03-04 07:00'";16;43;19;11;0.5;good
DEBB021;"'2025-03-04 08:00'";16;38;25;12;0.5;good
DEBB021;"'2025-03-04 09:00'";18;41;28;13;0.8;good
DEBB021;"'2025-03-04 10:00'";22;53;-;15;-;good
DEBB021;"'2025-03-04 11:00'";21;67;16;16;2;moderate
DEBB021;"'2025-03-04 12:00'";24;71;14;19;3;moderate
DEBB021;"'2025-03-04 13:00'";25;75;12;20;3;moderate
DEBB021;"'2025-03-04 14:00'";19;78;12;15;3;moderate
DEBB021;"'2025-03-04 15:00'";18;80;13;13;2;moderate
DEBB021;"'2025-03-04 16:00'";17;81;12;13;2;moderate
DEBB021;"'2025-03-04 17:00'";17;82;13;13;2;moderate
DEBB021;"'2025-03-04 18:00'";19;77;16;14;2;moderate
DEBB021;"'2025-03-04 19:00'";22;61;30;16;2;moderate
DEBB021;"'2025-03-04 20:00'";20;62;23;14;2;good
DEBB021;"'2025-03-04 21:00'";20;64;20;14;2;good
DEBB021;"'2025-03-04 22:00'";21;57;23;16;2;moderate
DEBB021;"'2025-03-04 23:00'";22;35;37;18;2;moderate
DEBB021;"'2025-03-04 24:00'";24;35;32;18;2;moderate
DEBB021;"'2025-03-05 01:00'";21;41;25;17;2;moderate
DEBB021;"'2025-03-05 02:00'";21;32;27;17;1;moderate
DEBB021;"'2025-03-05 03:00'";19;39;17;15;1;good
DEBB021;"'2025-03-05 04:00'";19;30;24;15;1;good
DEBB021;"'2025-03-05 05:00'";19;43;18;15;1;good
DEBB021;"'2025-03-05 06:00'";19;36;22;15;1;good
DEBB021;"'2025-03-05 07:00'";20;14;40;15;0.8;moderate
DEBB021;"'2025-03-05 08:00'";27;14;49;15;1;moderate
DEBB021;"'2025-03-05 09:00'";19;45;28;12;2;good
DEBB021;"'2025-03-05 10:00'";17;54;22;11;2;good
DEBB021;"'2025-03-05 11:00'";17;63;22;11;6;good
DEBB021;"'2025-03-05 12:00'";17;69;20;11;5;good
DEBB021;"'2025-03-05 13:00'";11;82;15;7;3;moderate
DEBB021;"'2025-03-05 14:00'";9;90;12;5;1;moderate
DEBB021;"'2025-03-05 15:00'";10;93;11;5;0.5;moderate
DEBB021;"'2025-03-05 16:00'";10;92;11;5;0.5;moderate
DEBB021;"'2025-03-05 17:00'";10;89;14;5;0.5;moderate
DEBB021;"'2025-03-05 18:00'";11;88;13;6;0.5;moderate
DEBB021;"'2025-03-05 19:00'";17;70;25;11;0.5;good
DEBB021;"'2025-03-05 20:00'";16;44;45;11;0.5;moderate
DEBB021;"'2025-03-05 21:00'";15;52;35;10;0.5;moderate
DEBB021;"'2025-03-05 22:00'";23;44;38;12;0.5;moderate
DEBB021;"'2025-03-05 23:00'";22;30;49;14;0.8;moderate
DEBB021;"'2025-03-05 24:00'";23;8;69;17;0.8;poor
DEBB021;"'2025-03-06 01:00'";24;9;63;18;0.8;poor
DEBB021;"'2025-03-06 02:00'";21;14;53;17;0.5;moderate
DEBB021;"'2025-03-06 03:00'";19;19;41;15;0.5;moderate
DEBB021;"'2025-03-06 04:00'";16;36;26;12;0.5;good
DEBB021;"'2025-03-06 05:00'";16;25;37;12;0.5;moderate
DEBB021;"'2025-03-06 06:00'";17;15;49;12;0.5;moderate
DEBB021;"'2025-03-06 07:00'";19;6;60;14;0.5;moderate
DEBB021;"'2025-03-06 08:00'";25;6;61;16;1;poor
DEBB021;"'2025-03-06 09:00'";30;10;57;18;2;moderate
DEBB021;"'2025-03-06 10:00'";29;46;28;17;2;moderate
DEBB021;"'2025-03-06 11:00'";21;61;21;16;2;moderate
DEBB021;"'2025-03-06 12:00'";21;74;16;15;2;moderate
DEBB021;"'2025-03-06 13:00'";20;79;14;15;1;moderate
DEBB021;"'2025-03-06 14:00'";20;88;13;14;0.5;moderate
DEBB021;"'2025-03-06 15:00'";19;94;13;14;0.5;moderate
DEBB021;"'2025-03-06 16:00'";19;96;13;13;0.5;moderate
DEBB021;"'2025-03-06 17:00'";19;94;16;12;1;moderate
DEBB021;"'2025-03-06 18:00'";21;88;18;15;0.5;moderate
DEBB021;"'2025-03-06 19:00'";26;66;35;18;0.5;moderate
DEBB021;"'2025-03-06 20:00'";24;78;24;19;0.9;moderate
DEBB021;"'2025-03-06 21:00'";28;58;38;22;0.9;moderate
DEBB021;"'2025-03-06 22:00'";30;27;62;23;0.5;poor
DEBB021;"'2025-03-06 23:00'";39;5;79;30;2;poor
DEBB021;"'2025-03-06 24:00'";43;4;75;35;1;poor
DEBB021;"'2025-03-07 01:00'";33;15;62;27;0.5;poor
DEBB021;"'2025-03-07 02:00'";27;37;34;22;0.5;moderate
DEBB021;"'2025-03-07 03:00'";25;39;27;20;0.5;moderate
DEBB021;"'2025-03-07 04:00'";25;41;26;20;0.5;moderate
DEBB021;"'2025-03-07 05:00'";24;31;30;20;0.5;moderate
DEBB021;"'2025-03-07 06:00'";25;28;34;20;0.9;moderate
DEBB021;"'2025-03-07 07:00'";28;21;41;22;0.5;moderate
DEBB021;"'2025-03-07 08:00'";30;8;54;23;0.5;moderate
DEBB021;"'2025-03-07 09:00'";36;11;53;25;0.9;moderate
DEBB021;"'2025-03-07 10:00'";40;24;47;25;1;moderate
DEBB021;"'2025-03-07 11:00'";37;39;39;25;2;moderate
DEBB021;"'2025-03-07 12:00'";25;81;19;18;3;moderate
DEBB021;"'2025-03-07 13:00'";19;98;12;14;1;moderate
DEBB021;"'2025-03-07 14:00'";19;105;10;13;1;moderate
DEBB021;"'2025-03-07 15:00'";18;111;9;14;1;moderate
DEBB021;"'2025-03-07 16:00'";19;110;11;13;0.8;moderate
DEBB021;"'2025-03-07 17:00'";17;109;12;12;1;moderate
DEBB021;"'2025-03-07 18:00'";15;91;24;9;0.5;moderate
DEBB021;"'2025-03-07 19:00'";19;28;83;12;1;poor
DEBB021;"'2025-03-07 20:00'";23;4;103;14;2;"very poor"
DEBB021;"'2025-03-07 21:00'";28;4;90;17;1;poor
DEBB021;"'2025-03-07 22:00'";26;16;61;18;0.5;poor
DEBB021;"'2025-03-07 23:00'";24;18;50;17;0.5;moderate
DEBB021;"'2025-03-07 24:00'";28;9;53;21;0.8;moderate
DEBB021;"'2025-03-08 01:00'";33;7;52;26;1;moderate
DEBB021;"'2025-03-08 02:00'";31;7;50;25;1;moderate
DEBB021;"'2025-03-08 03:00'";30;7;51;24;1;moderate
DEBB021;"'2025-03-08 04:00'";29;4;54;24;0.8;moderate
DEBB021;"'2025-03-08 05:00'";27;5;47;22;0.5;moderate
DEBB021;"'2025-03-08 06:00'";27;2;48;22;0.5;moderate
DEBB021;"'2025-03-08 07:00'";27;4;41;21;0.5;moderate
DEBB021;"'2025-03-08 08:00'";28;7;40;23;0.5;moderate
DEBB021;"'2025-03-08 09:00'";32;17;47;25;1;moderate
DEBB021;"'2025-03-08 10:00'";38;53;38;30;2;moderate
DEBB021;"'2025-03-08 11:00'";42;96;18;33;2;poor
DEBB021;"'2025-03-08 12:00'";42;107;14;33;2;poor
DEBB021;"'2025-03-08 13:00'";39;113;14;31;2;poor
DEBB021;"'2025-03-08 14:00'";35;119;13;28;2;moderate
DEBB021;"'2025-03-08 15:00'";33;118;16;26;2;moderate
DEBB021;"'2025-03-08 16:00'";33;116;15;25;2;moderate
DEBB021;"'2025-03-08 17:00'";28;108;17;20;0.8;moderate
DEBB021;"'2025-03-08 18:00'";21;103;16;15;0.9;moderate
DEBB021;"'2025-03-08 19:00'";22;79;36;16;1;moderate
DEBB021;"'2025-03-08 20:00'";28;70;38;22;3;moderate
DEBB021;"'2025-03-08 21:00'";28;70;32;22;5;moderate
DEBB021;"'2025-03-08 22:00'";30;82;25;24;4;moderate
DEBB021;"'2025-03-08 23:00'";37;86;22;27;4;moderate
DEBB021;"'2025-03-08 24:00'";36;76;24;29;3;moderate
DEBB021;"'2025-03-09 01:00'";37;64;30;30;3;moderate
DEBB021;"'2025-03-09 02:00'";35;65;24;29;2;moderate
DEBB021;"'2025-03-09 03:00'";35;60;23;29;0.9;moderate
DEBB021;"'2025-03-09 04:00'";36;61;22;30;0.5;moderate
DEBB021;"'2025-03-09 05:00'";34;59;22;29;0.5;moderate
DEBB021;"'2025-03-09 06:00'";34;52;25;28;0.5;moderate
DEBB021;"'2025-03-09 07:00'";33;57;21;28;0.5;moderate
DEBB021;"'2025-03-09 08:00'";33;53;24;28;0.5;moderate
DEBB021;"'2025-03-09 09:00'";35;59;23;29;0.5;moderate
DEBB021;"'2025-03-09 10:00'";45;65;23;37;3;poor
DEBB021;"'2025-03-09 11:00'";57;80;18;49;5;poor
DEBB021;"'2025-03-09 12:00'";60;88;18;50;6;poor
DEBB021;"'2025-03-09 13:00'";58;97;17;47;6;poor
DEBB021;"'2025-03-09 14:00'";56;104;19;45;7;poor
DEBB021;"'2025-03-09 15:00'";54;109;20;42;7;poor
DEBB021;"'2025-03-09 16:00'";53;107;22;42;7;poor
DEBB021;"'2025-03-09 17:00'";53;113;17;41;5;poor
DEBB021;"'2025-03-09 18:00'";52;99;28;40;5;poor
DEBB021;"'2025-03-09 19:00'";55;67;53;43;4;poor
DEBB021;"'2025-03-09 20:00'";53;60;48;41;2;poor
DEBB021;"'2025-03-09 21:00'";55;47;48;45;2;poor
DEBB021;"'2025-03-09 22:00'";59;29;55;49;1;poor
DEBB021;"'2025-03-09 23:00'";54;35;41;45;0.5;poor
DEBB021;"'2025-03-09 24:00'";55;31;40;45;0.5;poor
DEBB021;"'2025-03-10 01:00'";61;11;50;50;0.5;poor
DEBB021;"'2025-03-10 02:00'";58;20;38;50;0.5;poor
DEBB021;"'2025-03-10 03:00'";56;22;32;48;0.5;poor
DEBB021;"'2025-03-10 04:00'";55;11;40;48;0.5;poor
DEBB021;"'2025-03-10 05:00'";57;10;36;49;0.5;poor
DEBB021;"'2025-03-10 06:00'";58;6;42;50;0.5;poor
DEBB021;"'2025-03-10 07:00'";65;4;43;56;0.5;"very poor"
DEBB021;"'2025-03-10 08:00'";69;6;43;59;0.8;"very poor"
DEBB021;"'2025-03-10 09:00'";84;20;39;63;1;"very poor"
DEBB021;"'2025-03-10 10:00'";72;29;40;59;1;"very poor"
DEBB021;"'2025-03-10 11:00'";70;54;31;57;2;"very poor"
DEBB021;"'2025-03-10 12:00'";60;84;20;49;2;poor
DEBB021;"'2025-03-10 13:00'";54;110;13;44;3;poor
DEBB021;"'2025-03-10 14:00'";49;119;11;41;2;poor
DEBB021;"'2025-03-10 15:00'";43;124;10;34;2;poor
DEBB021;"'2025-03-10 16:00'";43;124;10;35;2;poor
DEBB021;"'2025-03-10 17:00'";46;119;11;38;2;poor
DEBB021;"'2025-03-10 18:00'";43;113;13;34;2;poor
DEBB021;"'2025-03-10 19:00'";60;105;17;50;1;poor
DEBB021;"'2025-03-10 20:00'";47;104;18;38;1;poor
DEBB021;"'2025-03-10 21:00'";52;93;19;43;1;poor
DEBB021;"'2025-03-10 22:00'";49;61;31;41;0.5;poor
DEBB021;"'2025-03-10 23:00'";53;76;16;46;0.5;poor
DEBB021;"'2025-03-10 24:00'";50;62;21;42;0.5;poor
DEBB021;"'2025-03-11 01:00'";52;56;18;46;0.5;poor
DEBB021;"'2025-03-11 02:00'";54;49;16;48;0.5;poor
DEBB021;"'2025-03-11 03:00'";55;41;12;49;0.5;poor
DEBB021;"'2025-03-11 04:00'";45;39;10;42;0.5;poor
DEBB021;"'2025-03-11 05:00'";35;45;9;32;0.5;poor
DEBB021;"'2025-03-11 06:00'";33;52;9;31;0.5;poor
DEBB021;"'2025-03-11 07:00'";33;55;10;30;0.5;moderate
DEBB021;"'2025-03-11 08:00'";33;55;11;30;0.5;moderate
DEBB021;"'2025-03-11 09:00'";35;51;14;31;0.5;poor
DEBB021;"'2025-03-11 10:00'";36;47;18;31;0.5;poor
DEBB021;"'2025-03-11 11:00'";36;49;16;32;0.5;poor
DEBB021;"'2025-03-11 12:00'";39;49;14;35;0.5;poor
DEBB021;"'2025-03-11 13:00'";46;46;17;40;0.5;poor
DEBB021;"'2025-03-11 14:00'";48;48;16;42;0.5;poor
DEBB021;"'2025-03-11 15:00'";50;53;15;44;0.5;poor
DEBB021;"'2025-03-11 16:00'";52;56;14;45;0.5;poor
DEBB021;"'2025-03-11 17:00'";52;56;15;45;0.5;poor
DEBB021;"'2025-03-11 18:00'";52;51;18;46;0.5;poor
DEBB021;"'2025-03-11 19:00'";53;46;22;47;0.5;poor
DEBB021;"'2025-03-11 20:00'";55;42;21;49;0.5;poor
DEBB021;"'2025-03-11 21:00'";61;34;25;52;0.5;"very poor"
DEBB021;"'2025-03-11 22:00'";60;18;34;52;0.5;"very poor"
DEBB021;"'2025-03-11 23:00'";63;20;33;55;0.5;"very poor"
DEBB021;"'2025-03-11 24:00'";57;35;21;51;0.5;"very poor"
DEBB021;"'2025-03-12 01:00'";52;43;17;47;0.5;poor
DEBB021;"'2025-03-12 02:00'";52;34;20;48;0.5;poor
DEBB021;"'2025-03-12 03:00'";65;28;23;57;0.5;"very poor"
DEBB021;"'2025-03-12 04:00'";63;30;19;56;0.5;"very poor"
DEBB021;"'2025-03-12 05:00'";50;28;15;46;0.5;poor
DEBB021;"'2025-03-12 06:00'";39;26;17;36;0.5;poor
DEBB021;"'2025-03-12 07:00'";32;27;19;28;0.5;moderate
DEBB021;"'2025-03-12 08:00'";31;28;20;27;0.5;moderate
DEBB021;"'2025-03-12 09:00'";29;36;18;23;0.5;moderate
DEBB021;"'2025-03-12 10:00'";19;51;12;15;0.5;good
DEBB021;"'2025-03-12 11:00'";12;60;9;9;0.5;good
DEBB021;"'2025-03-12 12:00'";12;63;9;8;0.5;good
DEBB021;"'2025-03-12 13:00'";9;66;9;6;0.5;good
DEBB021;"'2025-03-12 14:00'";11;64;9;7;0.5;good
DEBB021;"'2025-03-12 15:00'";10;69;8;6;0.5;good
DEBB021;"'2025-03-12 16:00'";10;71;10;6;0.5;good
DEBB021;"'2025-03-12 17:00'";9;71;10;5;0.5;good
DEBB021;"'2025-03-12 18:00'";8;68;11;5;0.5;good
DEBB021;"'2025-03-12 19:00'";9;65;13;5;0.5;good
DEBB021;"'2025-03-12 20:00'";10;61;15;6;0.5;good
DEBB021;"'2025-03-12 21:00'";8;62;13;5;0.5;good
DEBB021;"'2025-03-12 22:00'";8;60;12;6;0.5;good
DEBB021;"'2025-03-12 23:00'";10;48;11;8;0.5;good
DEBB021;"'2025-03-12 24:00'";12;42;11;9;0.5;good
DEBB021;"'2025-03-13 01:00'";12;40;11;10;0.5;good
DEBB021;"'2025-03-13 02:00'";13;38;11;11;0.5;good
DEBB021;"'2025-03-13 03:00'";14;36;11;11;0.5;good
DEBB021;"'2025-03-13 04:00'";14;30;12;12;0.5;good
DEBB021;"'2025-03-13 05:00'";15;27;15;12;0.5;good
DEBB021;"'2025-03-13 06:00'";15;17;21;12;0.5;good
DEBB021;"'2025-03-13 07:00'";15;15;24;12;0.5;good
DEBB021;"'2025-03-13 08:00'";16;20;25;11;0.5;good
DEBB021;"'2025-03-13 09:00'";13;29;20;9;0.5;good
DEBB021;"'2025-03-13 10:00'";13;37;19;8;0.5;good
DEBB021;"'2025-03-13 11:00'";13;50;16;8;0.5;good
DEBB021;"'2025-03-13 12:00'";10;70;8;6;0.5;good
DEBB021;"'2025-03-13 13:00'";10;74;8;6;0.5;moderate
DEBB021;"'2025-03-13 14:00'";9;79;8;6;0.5;moderate
DEBB021;"'2025-03-13 15:00'";12;83;8;8;0.5;moderate
DEBB021;"'2025-03-13 16:00'";13;81;8;9;0.5;moderate
DEBB021;"'2025-03-13 17:00'";12;80;8;9;0.5;moderate
DEBB021;"'2025-03-13 18:00'";15;76;10;11;0.5;moderate
DEBB021;"'2025-03-13 19:00'";18;65;17;13;0.5;good
DEBB021;"'2025-03-13 20:00'";19;51;29;13;0.5;good
DEBB021;"'2025-03-13 21:00'";17;46;29;12;0.5;good
DEBB021;"'2025-03-13 22:00'";18;46;26;13;0.5;good
DEBB021;"'2025-03-13 23:00'";19;47;23;14;0.5;good
DEBB021;"'2025-03-13 24:00'";17;45;22;13;0.5;good
DEBB021;"'2025-03-14 01:00'";16;44;22;12;0.5;good
DEBB021;"'2025-03-14 02:00'";15;44;21;11;0.5;good
DEBB021;"'2025-03-14 03:00'";14;41;21;10;0.5;good
DEBB021;"'2025-03-14 04:00'";12;46;14;8;0.5;good
DEBB021;"'2025-03-14 05:00'";10;45;18;8;0.5;good
DEBB021;"'2025-03-14 06:00'";11;45;16;8;0.5;good
DEBB021;"'2025-03-14 07:00'";14;33;27;9;0.5;good
DEBB021;"'2025-03-14 08:00'";14;28;31;10;0.5;moderate
DEBB021;"'2025-03-14 09:00'";19;33;26;11;0.5;good
DEBB021;"'2025-03-14 10:00'";14;45;16;10;0.5;good
DEBB021;"'2025-03-14 11:00'";12;57;12;9;0.5;good
DEBB021;"'2025-03-14 12:00'";13;63;10;9;0.5;good
DEBB021;"'2025-03-14 13:00'";15;65;9;11;0.8;good
DEBB021;"'2025-03-14 14:00'";13;70;9;10;0.8;good
DEBB021;"'2025-03-14 15:00'";13;75;9;9;0.5;moderate
DEBB021;"'2025-03-14 16:00'";10;75;8;7;0.5;moderate
DEBB021;"'2025-03-14 17:00'";9;77;9;7;0.5;moderate
DEBB021;"'2025-03-14 18:00'";10;76;9;7;0.5;moderate
DEBB021;"'2025-03-14 19:00'";10;67;11;7;0.5;good
DEBB021;"'2025-03-14 20:00'";13;60;14;10;0.5;good
DEBB021;"'2025-03-14 21:00'";16;56;15;11;0.5;good
DEBB021;"'2025-03-14 22:00'";15;57;13;11;0.5;good
DEBB021;"'2025-03-14 23:00'";15;51;17;12;0.5;good
DEBB021;"'2025-03-14 24:00'";14;54;15;11;0.5;good
DEBB021;"'2025-03-15 01:00'";13;57;14;11;0.5;good
DEBB021;"'2025-03-15 02:00'";15;47;16;13;1;good
DEBB021;"'2025-03-15 03:00'";15;48;13;13;1;good
DEBB021;"'2025-03-15 04:00'";17;46;15;14;2;good
DEBB021;"'2025-03-15 05:00'";18;45;14;16;0.9;moderate
DEBB021;"'2025-03-15 06:00'";25;39;16;22;2;moderate
DEBB021;"'2025-03-15 07:00'";28;43;15;25;0.5;moderate
DEBB021;"'2025-03-15 08:00'";23;49;12;20;0.5;moderate
DEBB021;"'2025-03-15 09:00'";21;48;14;18;0.5;moderate
DEBB021;"'2025-03-15 10:00'";21;46;13;18;0.5;moderate
DEBB021;"'2025-03-15 11:00'";22;46;15;19;0.5;moderate
DEBB021;"'2025-03-15 12:00'";21;45;16;18;0.5;moderate
DEBB021;"'2025-03-15 13:00'";21;49;13;18;0.5;moderate
DEBB021;"'2025-03-15 14:00'";23;50;14;19;0.5;moderate
DEBB021;"'2025-03-15 15:00'";21;64;12;18;0.5;moderate
DEBB021;"'2025-03-15 16:00'";22;64;15;18;0.5;moderate
DEBB021;"'2025-03-15 17:00'";21;66;15;17;0.5;moderate
DEBB021;"'2025-03-15 18:00'";20;65;15;17;0.5;moderate
DEBB021;"'2025-03-15 19:00'";22;55;19;18;0.5;moderate
DEBB021;"'2025-03-15 20:00'";26;45;24;22;0.5;moderate
DEBB021;"'2025-03-15 21:00'";27;43;22;23;0.5;moderate
DEBB021;"'2025-03-15 22:00'";29;40;23;26;0.5;moderate
DEBB021;"'2025-03-15 23:00'";28;39;23;25;0.5;moderate
DEBB021;"'2025-03-15 24:00'";27;40;22;24;0.5;moderate
DEBB021;"'2025-03-16 01:00'";28;33;27;25;0.5;moderate
DEBB021;"'2025-03-16 02:00'";29;31;26;26;0.5;moderate
DEBB021;"'2025-03-16 03:00'";30;25;28;26;0.5;moderate
DEBB021;"'2025-03-16 04:00'";29;24;24;26;0.5;moderate
DEBB021;"'2025-03-16 05:00'";32;22;22;28;0.5;moderate
DEBB021;"'2025-03-16 06:00'";31;24;19;28;0.5;moderate
DEBB021;"'2025-03-16 07:00'";30;17;22;27;0.5;moderate
DEBB021;"'2025-03-16 08:00'";29;27;15;27;0.5;moderate
DEBB021;"'2025-03-16 09:00'";23;31;12;21;0.5;moderate
DEBB021;"'2025-03-16 10:00'";21;35;11;19;0.5;moderate
DEBB021;"'2025-03-16 11:00'";22;46;11;19;0.5;moderate
DEBB021;"'2025-03-16 12:00'";21;64;9;18;0.5;moderate
DEBB021;"'2025-03-16 13:00'";18;74;8;15;0.5;moderate
DEBB021;"'2025-03-16 14:00'";12;84;7;10;0.5;moderate
DEBB021;"'2025-03-16 15:00'";8;87;7;6;0.5;moderate
DEBB021;"'2025-03-16 16:00'";7;87;7;5;0.5;moderate
DEBB021;"'2025-03-16 17:00'";6;87;6;4;0.5;moderate
DEBB021;"'2025-03-16 18:00'";7;82;8;5;0.5;moderate
DEBB021;"'2025-03-16 19:00'";6;79;8;4;0.5;moderate
DEBB021;"'2025-03-16 20:00'";7;78;9;5;0.5;moderate
DEBB021;"'2025-03-16 21:00'";11;72;11;8;0.5;good
DEBB021;"'2025-03-16 22:00'";8;73;9;6;0.5;moderate
DEBB021;"'2025-03-16 23:00'";8;69;9;6;0.5;good
DEBB021;"'2025-03-16 24:00'";7;68;8;5;0.5;good
DEBB021;"'2025-03-17 01:00'";7;69;7;4;0.5;good
DEBB021;"'2025-03-17 02:00'";5;74;7;3;0.5;moderate
DEBB021;"'2025-03-17 03:00'";4;75;9;2;1;moderate
DEBB021;"'2025-03-17 04:00'";3;75;9;2;1;moderate
DEBB021;"'2025-03-17 05:00'";4;74;7;2;0.5;moderate
DEBB021;"'2025-03-17 06:00'";3;68;9;2;0.5;good
DEBB021;"'2025-03-17 07:00'";4;62;12;2;0.5;good
DEBB021;"'2025-03-17 08:00'";4;61;13;2;0.5;good
DEBB021;"'2025-03-17 09:00'";5;60;16;3;1;good
DEBB021;"'2025-03-17 10:00'";7;73;11;3;0.5;moderate
DEBB021;"'2025-03-17 11:00'";7;77;9;3;1;moderate
DEBB021;"'2025-03-17 12:00'";7;80;8;3;0.8;moderate
DEBB021;"'2025-03-17 13:00'";7;82;7;2;0.5;moderate
DEBB021;"'2025-03-17 14:00'";5;83;6;2;0.5;moderate
DEBB021;"'2025-03-17 15:00'";5;84;6;2;0.5;moderate
DEBB021;"'2025-03-17 16:00'";6;83;6;2;0.5;moderate
DEBB021;"'2025-03-17 17:00'";4;82;6;2;0.5;moderate
DEBB021;"'2025-03-17 18:00'";5;81;7;2;0.5;moderate
DEBB021;"'2025-03-17 19:00'";6;75;10;3;0.5;moderate
DEBB021;"'2025-03-17 20:00'";6;71;13;3;0.5;good
DEBB021;"'2025-03-17 21:00'";9;64;15;5;0.5;good
DEBB021;"'2025-03-17 22:00'";9;59;15;6;0.5;good
DEBB021;"'2025-03-17 23:00'";12;39;27;8;0.5;good
DEBB021;"'2025-03-17 24:00'";9;37;25;6;0.5;good
DEBB021;"'2025-03-18 01:00'";7;40;20;4;0.5;good
DEBB021;"'2025-03-18 02:00'";8;45;17;5;0.5;good
DEBB021;"'2025-03-18 03:00'";7;45;19;5;0.5;good
DEBB021;"'2025-03-18 04:00'";7;43;22;4;0.5;good
DEBB021;"'2025-03-18 05:00'";6;41;20;4;0.5;good
DEBB021;"'2025-03-18 06:00'";9;32;25;5;0.5;good
DEBB021;"'2025-03-18 07:00'";10;41;24;5;0.5;good
DEBB021;"'2025-03-18 08:00'";15;37;32;6;0.5;moderate
DEBB021;"'2025-03-18 09:00'";17;52;24;6;0.5;good
DEBB021;"'2025-03-18 10:00'";9;71;11;4;0.5;good
DEBB021;"'2025-03-18 11:00'";7;77;9;3;0.5;moderate
DEBB021;"'2025-03-18 12:00'";7;82;7;3;0.5;moderate
DEBB021;"'2025-03-18 13:00'";6;83;6;3;0.5;moderate
DEBB021;"'2025-03-18 14:00'";6;85;6;3;0.5;moderate
DEBB021;"'2025-03-18 15:00'";6;87;6;3;0.5;moderate
DEBB021;"'2025-03-18 16:00'";7;88;6;4;0.5;moderate
DEBB021;"'2025-03-18 17:00'";9;87;7;5;0.5;moderate
DEBB021;"'2025-03-18 18:00'";8;84;9;4;0.5;moderate
DEBB021;"'2025-03-18 19:00'";10;73;17;5;0.5;moderate
DEBB021;"'2025-03-18 20:00'";13;33;51;6;0.9;moderate
DEBB021;"'2025-03-18 21:00'";20;23;53;12;0.8;moderate
DEBB021;"'2025-03-18 22:00'";19;36;38;12;0.5;moderate
DEBB021;"'2025-03-18 23:00'";24;16;53;16;0.5;moderate
DEBB021;"'2025-03-18 24:00'";25;6;65;16;0.5;poor
DEBB021;"'2025-03-19 01:00'";21;5;65;15;0.5;poor
DEBB021;"'2025-03-19 02:00'";20;6;59;14;0.5;moderate
DEBB021;"'2025-03-19 03:00'";21;8;55;14;0.5;moderate
DEBB021;"'2025-03-19 04:00'";14;16;47;10;0.5;moderate
DEBB021;"'2025-03-19 05:00'";11;16;43;8;0.5;moderate
DEBB021;"'2025-03-19 06:00'";11;19;37;8;0.5;moderate
DEBB021;"'2025-03-19 07:00'";14;14;45;9;0.5;moderate
DEBB021;"'2025-03-19 08:00'";19;13;50;10;0.9;moderate
DEBB021;"'2025-03-19 09:00'";56;19;45;15;0.9;poor
DEBB021;"'2025-03-19 10:00'";32;28;38;13;1;moderate
DEBB021;"'2025-03-19 11:00'";23;55;24;11;6;good
DEBB021;"'2025-03-19 12:00'";19;68;16;10;4;good
DEBB021;"'2025-03-19 13:00'";16;79;13;9;5;moderate
DEBB021;"'2025-03-19 14:00'";16;83;12;9;4;moderate
DEBB021;"'2025-03-19 15:00'";15;89;10;8;2;moderate
DEBB021;"'2025-03-19 16:00'";16;94;8;7;1;moderate
DEBB021;"'2025-03-19 17:00'";18;92;9;7;0.5;moderate
DEBB021;"'2025-03-19 18:00'";16;88;11;8;0.5;moderate
DEBB021;"'2025-03-19 19:00'";15;76;20;8;0.5;moderate
DEBB021;"'2025-03-19 20:00'";18;48;44;10;0.8;moderate
DEBB021;"'2025-03-19 21:00'";24;8;80;13;1;poor
DEBB021;"'2025-03-19 22:00'";29;14;70;18;0.5;poor
DEBB021;"'2025-03-19 23:00'";27;31;53;18;0.5;moderate
DEBB021;"'2025-03-19 24:00'";18;48;27;12;0.5;good
DEBB021;"'2025-03-20 01:00'";21;19;56;15;0.5;moderate
DEBB021;"'2025-03-20 02:00'";19;21;49;14;0.5;moderate
DEBB021;"'2025-03-20 03:00'";17;29;40;12;0.5;moderate
DEBB021;"'2025-03-20 04:00'";17;34;33;12;0.5;moderate
DEBB021;"'2025-03-20 05:00'";18;31;32;13;0.5;moderate
DEBB021;"'2025-03-20 06:00'";21;25;36;15;0.5;moderate
DEBB021;"'2025-03-20 07:00'";31;14;46;17;0.5;moderate
DEBB021;"'2025-03-20 08:00'";32;11;52;18;2;moderate
DEBB021;"'2025-03-20 09:00'";38;15;50;19;2;moderate
DEBB021;"'2025-03-20 10:00'";37;31;37;18;3;moderate
DEBB021;"'2025-03-20 11:00'";27;61;20;14;2;good
DEBB021;"'2025-03-20 12:00'";23;74;15;13;0.5;moderate
DEBB021;"'2025-03-20 13:00'";19;87;12;11;0.5;moderate
DEBB021;"'2025-03-20 14:00'";18;98;10;10;0.5;moderate
DEBB021;"'2025-03-20 15:00'";17;103;9;10;0.5;moderate
DEBB021;"'2025-03-20 16:00'";18;106;9;10;0.5;moderate
DEBB021;"'2025-03-20 17:00'";17;107;9;10;0.5;moderate
DEBB021;"'2025-03-20 18:00'";13;103;13;8;0.5;moderate
DEBB021;"'2025-03-20 19:00'";15;71;39;8;0.5;moderate
DEBB021;"'2025-03-20 20:00'";26;13;91;11;0.8;poor
DEBB021;"'2025-03-20 21:00'";26;4;88;12;1;poor
DEBB021;"'2025-03-20 22:00'";22;16;62;12;0.8;poor
DEBB021;"'2025-03-20 23:00'";51;9;63;16;0.5;poor
DEBB021;"'2025-03-20 24:00'";114;8;63;25;0.9;"very poor"
DEBB021;"'2025-03-21 01:00'";35;11;62;22;0.5;poor
DEBB021;"'2025-03-21 02:00'";29;10;62;20;0.5;poor
DEBB021;"'2025-03-21 03:00'";25;3;67;17;0.5;poor
DEBB021;"'2025-03-21 04:00'";23;23;43;16;0.5;moderate
DEBB021;"'2025-03-21 05:00'";22;21;41;16;0.5;moderate
DEBB021;"'2025-03-21 06:00'";22;8;55;15;0.5;moderate
DEBB021;"'2025-03-21 07:00'";27;14;52;18;0.5;moderate
DEBB021;"'2025-03-21 08:00'";37;14;54;26;0.5;moderate
DEBB021;"'2025-03-21 09:00'";49;22;53;29;1;moderate
DEBB021;"'2025-03-21 10:00'";44;40;41;29;2;moderate
DEBB021;"'2025-03-21 11:00'";39;57;33;26;2;moderate
DEBB021;"'2025-03-21 12:00'";31;86;19;19;1;moderate
DEBB021;"'2025-03-21 13:00'";29;102;13;17;1;moderate
DEBB021;"'2025-03-21 14:00'";27;109;12;16;0.5;moderate
DEBB021;"'2025-03-21 15:00'";28;111;11;16;0.5;moderate
DEBB021;"'2025-03-21 16:00'";30;113;11;17;1;moderate
DEBB021;"'2025-03-21 17:00'";33;112;11;19;2;moderate
DEBB021;"'2025-03-21 18:00'";28;109;12;18;2;moderate
DEBB021;"'2025-03-21 19:00'";28;102;17;18;2;moderate
DEBB021;"'2025-03-21 20:00'";24;101;16;16;0.9;moderate
DEBB021;"'2025-03-21 21:00'";21;99;15;15;0.5;moderate
DEBB021;"'2025-03-21 22:00'";27;97;14;17;0.9;moderate
DEBB021;"'2025-03-21 23:00'";28;97;14;19;1;moderate
DEBB021;"'2025-03-21 24:00'";27;95;15;21;2;moderate
DEBB021;"'2025-03-22 01:00'";28;97;14;21;2;moderate
DEBB021;"'2025-03-22 02:00'";30;95;14;21;2;moderate
DEBB021;"'2025-03-22 03:00'";28;94;13;21;2;moderate
DEBB021;"'2025-03-22 04:00'";31;91;13;23;2;moderate
DEBB021;"'2025-03-22 05:00'";36;83;13;24;2;moderate
DEBB021;"'2025-03-22 06:00'";34;74;14;27;2;moderate
DEBB021;"'2025-03-22 07:00'";37;71;14;27;1;moderate
DEBB021;"'2025-03-22 08:00'";36;70;14;25;2;moderate
DEBB021;"'2025-03-22 09:00'";36;78;13;23;1;moderate
DEBB021;"'2025-03-22 10:00'";36;82;12;21;2;moderate
DEBB021;"'2025-03-22 11:00'";39;89;12;20;2;moderate
DEBB021;"'2025-03-22 12:00'";52;93;11;20;1;moderate
DEBB021;"'2025-03-22 13:00'";36;98;10;19;0.5;moderate
DEBB021;"'2025-03-22 14:00'";33;103;10;18;0.5;moderate
DEBB021;"'2025-03-22 15:00'";35;105;10;17;0.5;moderate
DEBB021;"'2025-03-22 16:00'";30;104;10;16;0.5;moderate
DEBB021;"'2025-03-22 17:00'";25;103;9;13;0.5;moderate
DEBB021;"'2025-03-22 18:00'";26;101;10;13;0.5;moderate
DEBB021;"'2025-03-22 19:00'";22;99;10;13;0.5;moderate
DEBB021;"'2025-03-22 20:00'";22;96;11;14;0.5;moderate
DEBB021;"'2025-03-22 21:00'";24;92;13;16;2;moderate
DEBB021;"'2025-03-22 22:00'";28;91;13;19;2;moderate
DEBB021;"'2025-03-22 23:00'";30;92;12;22;2;moderate
DEBB021;"'2025-03-22 24:00'";32;90;12;24;2;moderate
DEBB021;"'2025-03-23 01:00'";32;89;12;24;2;moderate
DEBB021;"'2025-03-23 02:00'";33;88;13;25;2;moderate
DEBB021;"'2025-03-23 03:00'";33;88;12;25;2;moderate
DEBB021;"'2025-03-23 04:00'";32;89;12;25;2;moderate
DEBB021;"'2025-03-23 05:00'";32;88;12;25;2;moderate
DEBB021;"'2025-03-23 06:00'";31;81;13;25;2;moderate
DEBB021;"'2025-03-23 07:00'";32;79;13;25;2;moderate
DEBB021;"'2025-03-23 08:00'";33;78;13;25;2;moderate
DEBB021;"'2025-03-23 09:00'";33;80;12;26;2;moderate
DEBB021;"'2025-03-23 10:00'";32;82;12;26;3;moderate
DEBB021;"'2025-03-23 11:00'";31;87;12;24;3;moderate
DEBB021;"'2025-03-23 12:00'";34;87;12;23;2;moderate
DEBB021;"'2025-03-23 13:00'";31;88;12;23;2;moderate
DEBB021;"'2025-03-23 14:00'";29;94;11;21;2;moderate
DEBB021;"'2025-03-23 15:00'";32;95;11;22;2;moderate
DEBB021;"'2025-03-23 16:00'";32;97;11;23;2;moderate
DEBB021;"'2025-03-23 17:00'";31;95;13;21;2;moderate
DEBB021;"'2025-03-23 18:00'";28;91;13;20;2;moderate
DEBB021;"'2025-03-23 19:00'";27;83;16;20;2;moderate
DEBB021;"'2025-03-23 20:00'";25;80;14;19;1;moderate
DEBB021;"'2025-03-23 21:00'";25;75;14;19;2;moderate
DEBB021;"'2025-03-23 22:00'";24;69;16;19;2;moderate
DEBB021;"'2025-03-23 23:00'";25;66;17;20;2;moderate
DEBB021;"'2025-03-23 24:00'";25;64;18;20;2;moderate
DEBB021;"'2025-03-24 01:00'";26;58;19;21;1;moderate
DEBB021;"'2025-03-24 02:00'";27;51;22;21;1;moderate
DEBB021;"'2025-03-24 03:00'";26;45;21;21;0.5;moderate
DEBB021;"'2025-03-24 04:00'";26;40;22;20;0.5;moderate
DEBB021;"'2025-03-24 05:00'";25;40;23;20;0.5;moderate
DEBB021;"'2025-03-24 06:00'";24;40;26;19;0.9;moderate
DEBB021;"'2025-03-24 07:00'";25;36;30;20;1;moderate
DEBB021;"'2025-03-24 08:00'";28;39;31;21;2;moderate
DEBB021;"'2025-03-24 09:00'";31;41;30;21;1;moderate
DEBB021;"'2025-03-24 10:00'";42;39;32;24;2;moderate
DEBB021;"'2025-03-24 11:00'";35;46;31;26;3;moderate
DEBB021;"'2025-03-24 12:00'";36;61;21;24;3;moderate
DEBB021;"'2025-03-24 13:00'";29;74;15;21;3;moderate
DEBB021;"'2025-03-24 14:00'";29;82;14;21;2;moderate
DEBB021;"'2025-03-24 15:00'";25;90;11;18;2;moderate
DEBB021;"'2025-03-24 16:00'";28;96;10;18;2;moderate
DEBB021;"'2025-03-24 17:00'";25;96;10;19;0.5;moderate
DEBB021;"'2025-03-24 18:00'";28;91;12;20;0.5;moderate
DEBB021;"'2025-03-24 19:00'";29;85;15;20;0.5;moderate
DEBB021;"'2025-03-24 20:00'";32;61;29;22;0.8;moderate
DEBB021;"'2025-03-24 21:00'";32;56;28;22;0.5;moderate
DEBB021;"'2025-03-24 22:00'";32;35;40;23;0.5;moderate
DEBB021;"'2025-03-24 23:00'";34;37;40;26;0.5;moderate
DEBB021;"'2025-03-24 24:00'";33;49;26;26;0.5;moderate
DEBB021;"'2025-03-25 01:00'";34;46;26;26;0.5;moderate
DEBB021;"'2025-03-25 02:00'";33;49;22;27;0.5;moderate
DEBB021;"'2025-03-25 03:00'";32;45;20;26;0.5;moderate
DEBB021;"'2025-03-25 04:00'";32;52;15;26;1;moderate
DEBB021;"'2025-03-25 05:00'";32;47;16;26;1;moderate
DEBB021;"'2025-03-25 06:00'";29;45;20;24;0.5;moderate
DEBB021;"'2025-03-25 07:00'";32;39;19;26;0.8;moderate
DEBB021;"'2025-03-25 08:00'";40;41;18;32;0.5;poor
DEBB021;"'2025-03-25 09:00'";47;57;13;38;1;poor
DEBB021;"'2025-03-25 10:00'";45;70;13;36;2;poor
DEBB021;"'2025-03-25 11:00'";41;76;12;33;2;poor
DEBB021;"'2025-03-25 12:00'";36;81;10;29;0.8;moderate
DEBB021;"'2025-03-25 13:00'";35;88;9;28;0.5;moderate
DEBB021;"'2025-03-25 14:00'";41;74;10;32;0.5;poor
DEBB021;"'2025-03-25 15:00'";42;66;9;34;0.5;poor
DEBB021;"'2025-03-25 16:00'";39;64;10;31;0.5;poor
DEBB021;"'2025-03-25 17:00'";37;64;10;32;0.5;poor
DEBB021;"'2025-03-25 18:00'";39;64;11;33;0.5;poor
DEBB021;"'2025-03-25 19:00'";41;65;11;35;0.5;poor
DEBB021;"'2025-03-25 20:00'";36;66;10;31;0.5;poor
DEBB021;"'2025-03-25 21:00'";37;66;11;31;0.5;poor
DEBB021;"'2025-03-25 22:00'";37;62;11;31;0.5;poor
DEBB021;"'2025-03-25 23:00'";37;58;12;32;0.5;poor
DEBB021;"'2025-03-25 24:00'";34;55;17;29;0.5;moderate
DEBB021;"'2025-03-26 01:00'";33;55;16;28;0.5;moderate
DEBB021;"'2025-03-26 02:00'";35;49;19;30;0.5;moderate
DEBB021;"'2025-03-26 03:00'";37;49;16;31;0.5;poor
DEBB021;"'2025-03-26 04:00'";39;48;14;32;0.5;poor
DEBB021;"'2025-03-26 05:00'";40;46;14;33;0.5;poor
DEBB021;"'2025-03-26 06:00'";40;44;14;33;0.5;poor
DEBB021;"'2025-03-26 07:00'";36;38;16;31;0.5;poor
DEBB021;"'2025-03-26 08:00'";27;36;15;24;0.5;moderate
DEBB021;"'2025-03-26 09:00'";11;55;11;9;0.5;good
DEBB021;"'2025-03-26 10:00'";7;64;9;5;0.5;good
DEBB021;"'2025-03-26 11:00'";5;71;8;3;0.5;good
DEBB021;"'2025-03-26 12:00'";4;69;8;2;0.5;good
DEBB021;"'2025-03-26 13:00'";5;69;8;2;0.5;good
DEBB021;"'2025-03-26 14:00'";5;69;8;3;0.5;good
DEBB021;"'2025-03-26 15:00'";6;69;8;3;0.5;good
DEBB021;"'2025-03-26 16:00'";7;70;9;4;0.5;good
DEBB021;"'2025-03-26 17:00'";8;67;10;5;0.5;good
DEBB021;"'2025-03-26 18:00'";8;69;10;5;0.5;good
DEBB021;"'2025-03-26 19:00'";13;64;13;9;0.5;good
DEBB021;"'2025-03-26 20:00'";12;54;20;7;0.5;good
DEBB021;"'2025-03-26 21:00'";12;45;24;8;0.5;good
DEBB021;"'2025-03-26 22:00'";14;36;27;9;0.5;good
DEBB021;"'2025-03-26 23:00'";13;40;23;9;0.5;good
DEBB021;"'2025-03-26 24:00'";13;39;22;9;0.5;good
DEBB021;"'2025-03-27 01:00'";12;44;13;9;0.5;good
DEBB021;"'2025-03-27 02:00'";11;41;11;8;0.5;good
DEBB021;"'2025-03-27 03:00'";11;38;11;8;0.5;good
DEBB021;"'2025-03-27 04:00'";10;35;11;8;0.5;good
DEBB021;"'2025-03-27 05:00'";12;36;11;9;0.5;good
DEBB021;"'2025-03-27 06:00'";11;39;10;9;0.5;good
DEBB021;"'2025-03-27 07:00'";11;42;10;8;0.5;good
DEBB021;"'2025-03-27 08:00'";12;44;11;10;0.5;good
DEBB021;"'2025-03-27 09:00'";13;45;12;10;0.5;good
DEBB021;"'2025-03-27 10:00'";15;47;11;12;0.5;good
DEBB021;"'2025-03-27 11:00'";16;48;11;13;0.5;good
DEBB021;"'2025-03-27 12:00'";17;51;10;13;0.5;good
DEBB021;"'2025-03-27 13:00'";18;52;10;13;0.5;good
DEBB021;"'2025-03-27 14:00'";16;52;10;12;0.5;good
DEBB021;"'2025-03-27 15:00'";15;57;9;11;0.5;good
DEBB021;"'2025-03-27 16:00'";15;59;10;10;0.5;good
DEBB021;"'2025-03-27 17:00'";15;59;9;10;0.5;good
DEBB021;"'2025-03-27 18:00'";14;58;10;10;0.5;good
DEBB021;"'2025-03-27 19:00'";14;52;14;10;0.5;good
DEBB021;"'2025-03-27 20:00'";15;44;17;10;0.8;good
DEBB021;"'2025-03-27 21:00'";16;35;22;12;0.5;good
DEBB021;"'2025-03-27 22:00'";17;34;20;13;0.5;good
DEBB021;"'2025-03-27 23:00'";16;31;20;13;0.5;good
DEBB021;"'2025-03-27 24:00'";16;28;19;12;0.5;good
DEBB021;"'2025-03-28 01:00'";11;22;22;9;0.5;good
DEBB021;"'2025-03-28 02:00'";9;21;18;8;0.5;good
DEBB021;"'2025-03-28 03:00'";8;23;15;7;0.9;good
DEBB021;"'2025-03-28 04:00'";8;25;14;7;0.5;good
DEBB021;"'2025-03-28 05:00'";8;26;14;6;0.5;good
DEBB021;"'2025-03-28 06:00'";8;29;13;6;0.5;good
DEBB021;"'2025-03-28 07:00'";10;22;16;8;0.5;good
DEBB021;"'2025-03-28 08:00'";13;18;20;10;0.5;good
DEBB021;"'2025-03-28 09:00'";11;18;24;9;0.5;good
DEBB021;"'2025-03-28 10:00'";13;23;23;10;0.5;good
DEBB021;"'2025-03-28 11:00'";18;33;19;14;0.5;good
DEBB021;"'2025-03-28 12:00'";20;49;15;15;0.8;good
DEBB021;"'2025-03-28 13:00'";20;57;14;13;4;good
DEBB021;"'2025-03-28 14:00'";17;70;11;11;0.8;good
DEBB021;"'2025-03-28 15:00'";16;81;9;8;0.5;moderate
DEBB021;"'2025-03-28 16:00'";12;89;8;6;0.5;moderate
DEBB021;"'2025-03-28 17:00'";16;85;10;7;0.9;moderate
DEBB021;"'2025-03-28 18:00'";15;85;12;8;0.5;moderate
DEBB021;"'2025-03-28 19:00'";18;76;17;10;0.5;moderate
DEBB021;"'2025-03-28 20:00'";19;67;22;12;0.5;good
DEBB021;"'2025-03-28 21:00'";33;54;32;18;0.5;moderate
DEBB021;"'2025-03-28 22:00'";45;24;59;24;0.5;moderate
DEBB021;"'2025-03-28 23:00'";41;26;49;25;0.5;moderate
DEBB021;"'2025-03-28 24:00'";26;30;32;20;0.5;moderate
DEBB021;"'2025-03-29 01:00'";29;29;35;20;0.5;moderate
DEBB021;"'2025-03-29 02:00'";28;15;44;21;0.5;moderate
DEBB021;"'2025-03-29 03:00'";30;13;42;23;0.5;moderate
DEBB021;"'2025-03-29 04:00'";25;15;40;20;0.5;moderate
DEBB021;"'2025-03-29 05:00'";25;22;31;19;0.5;moderate
DEBB021;"'2025-03-29 06:00'";29;25;29;22;0.5;moderate
DEBB021;"'2025-03-29 07:00'";28;26;30;23;0.5;moderate
DEBB021;"'2025-03-29 08:00'";28;37;20;22;0.5;moderate
DEBB021;"'2025-03-29 09:00'";26;49;12;20;0.5;moderate
DEBB021;"'2025-03-29 10:00'";26;52;10;21;0.5;moderate
DEBB021;"'2025-03-29 11:00'";33;57;9;27;0.5;moderate
DEBB021;"'2025-03-29 12:00'";31;62;8;26;0.5;moderate
DEBB021;"'2025-03-29 13:00'";28;69;7;23;0.5;moderate
DEBB021;"'2025-03-29 14:00'";28;75;7;22;0.5;moderate
DEBB021;"'2025-03-29 15:00'";26;75;7;21;0.5;moderate
DEBB021;"'2025-03-29 16:00'";22;71;8;17;1;moderate
DEBB021;"'2025-03-29 17:00'";16;68;8;12;0.5;good
DEBB021;"'2025-03-29 18:00'";11;72;8;7;0.5;good
DEBB021;"'2025-03-29 19:00'";12;69;10;7;0.5;good
DEBB021;"'2025-03-29 20:00'";13;65;12;9;0.5;good
DEBB021;"'2025-03-29 21:00'";9;76;11;5;0.9;moderate
DEBB021;"'2025-03-29 22:00'";9;76;13;5;1;moderate
DEBB021;"'2025-03-29 23:00'";17;60;22;9;0.8;good
DEBB021;"'2025-03-29 24:00'";19;54;21;8;0.5;good
DEBB021;"'2025-03-30 01:00'";12;53;21;8;0.5;good
DEBB021;"'2025-03-30 02:00'";10;56;18;7;0.5;good
DEBB021;"'2025-03-30 04:00'";11;55;15;7;0.5;good
DEBB021;"'2025-03-30 05:00'";8;59;12;5;0.5;good
DEBB021;"'2025-03-30 06:00'";8;61;11;5;0.5;good
DEBB021;"'2025-03-30 07:00'";7;58;12;5;0.5;good
DEBB021;"'2025-03-30 08:00'";9;60;12;5;0.5;good
DEBB021;"'2025-03-30 09:00'";8;64;11;4;0.5;good
DEBB021;"'2025-03-30 10:00'";11;65;11;5;0.5;good
DEBB021;"'2025-03-30 11:00'";12;70;10;6;0.5;good
DEBB021;"'2025-03-30 12:00'";10;66;11;7;0.5;good
DEBB021;"'2025-03-30 13:00'";11;64;10;8;0.5;good
DEBB021;"'2025-03-30 14:00'";11;63;9;8;0.5;good
DEBB021;"'2025-03-30 15:00'";11;63;10;8;0.5;good
DEBB021;"'2025-03-30 16:00'";10;64;10;7;0.5;good
DEBB021;"'2025-03-30 17:00'";7;63;11;5;0.5;good
DEBB021;"'2025-03-30 18:00'";6;67;11;4;0.5;good
DEBB021;"'2025-03-30 19:00'";5;75;9;3;0.5;moderate
DEBB021;"'2025-03-30 20:00'";8;79;7;5;0.5;moderate
DEBB021;"'2025-03-30 21:00'";5;83;7;3;0.5;moderate
DEBB021;"'2025-03-30 22:00'";7;74;8;4;0.5;moderate
DEBB021;"'2025-03-30 23:00'";9;74;8;6;0.5;moderate
DEBB021;"'2025-03-30 24:00'";10;77;7;7;0.5;moderate
DEBB021;"'2025-03-31 01:00'";12;76;7;8;0.5;moderate
DEBB021;"'2025-03-31 02:00'";9;76;7;6;0.5;moderate
DEBB021;"'2025-03-31 03:00'";8;72;6;5;0.5;good
DEBB021;"'2025-03-31 04:00'";8;71;6;5;0.5;good
DEBB021;"'2025-03-31 05:00'";7;69;8;5;0.5;good
DEBB021;"'2025-03-31 06:00'";7;66;7;5;0.5;good
DEBB021;"'2025-03-31 07:00'";7;65;8;5;0.5;good
DEBB021;"'2025-03-31 08:00'";6;61;10;5;0.5;good
DEBB021;"'2025-03-31 09:00'";6;56;11;4;0.5;good
DEBB021;"'2025-03-31 10:00'";6;53;10;4;0.5;good
DEBB021;"'2025-03-31 11:00'";6;51;9;4;0.5;good
DEBB021;"'2025-03-31 12:00'";6;55;8;5;0.5;good
DEBB021;"'2025-03-31 13:00'";7;56;9;5;0.5;good
DEBB021;"'2025-03-31 14:00'";7;65;8;5;0.5;good
DEBB021;"'2025-03-31 15:00'";8;65;9;5;0.5;good
DEBB021;"'2025-03-31 16:00'";8;65;9;6;0.5;good
DEBB021;"'2025-03-31 17:00'";6;62;9;4;0.5;good
DEBB021;"'2025-03-31 18:00'";7;63;9;5;0.5;good
DEBB021;"'2025-03-31 19:00'";7;64;9;5;0.5;good
DEBB021;"'2025-03-31 20:00'";7;63;10;5;0.5;good
DEBB021;"'2025-03-31 21:00'";7;63;9;5;0.5;good
DEBB021;"'2025-03-31 22:00'";7;61;9;5;0.5;good
DEBB021;"'2025-03-31 23:00'";7;59;8;5;0.5;good
DEBB021;"'2025-03-31 24:00'";8;56;8;6;0.5;good
DEBB021;"'2025-04-01 01:00'";9;54;8;6;0.5;good
DEBB021;"'2025-04-01 02:00'";9;52;8;7;0.5;good
DEBB021;"'2025-04-01 03:00'";9;49;8;7;0.5;good
DEBB021;"'2025-04-01 04:00'";9;48;8;7;0.5;good
DEBB021;"'2025-04-01 05:00'";10;47;9;8;0.5;good
DEBB021;"'2025-04-01 06:00'";10;43;11;8;0.5;good
DEBB021;"'2025-04-01 07:00'";11;40;13;9;0.5;good
DEBB021;"'2025-04-01 08:00'";12;35;17;9;0.5;good
DEBB021;"'2025-04-01 09:00'";12;38;17;9;0.5;good
DEBB021;"'2025-04-01 10:00'";12;46;16;8;1;good
DEBB021;"'2025-04-01 11:00'";10;56;15;7;3;good
DEBB021;"'2025-04-01 12:00'";9;64;12;5;3;good
DEBB021;"'2025-04-01 13:00'";6;73;8;3;0.9;moderate
DEBB021;"'2025-04-01 14:00'";5;75;7;3;0.5;moderate
DEBB021;"'2025-04-01 15:00'";5;78;7;2;0.5;moderate
DEBB021;"'2025-04-01 16:00'";5;79;8;2;0.5;moderate
DEBB021;"'2025-04-01 17:00'";7;76;9;3;0.5;moderate
DEBB021;"'2025-04-01 18:00'";8;75;9;5;0.5;moderate
DEBB021;"'2025-04-01 19:00'";7;72;10;4;0.5;good
DEBB021;"'2025-04-01 20:00'";7;73;10;4;0.5;moderate
DEBB021;"'2025-04-01 21:00'";6;69;11;3;0.5;good
DEBB021;"'2025-04-01 22:00'";6;67;10;3;0.5;good
DEBB021;"'2025-04-01 23:00'";6;63;9;3;0.5;good
DEBB021;"'2025-04-01 24:00'";6;59;10;3;0.5;good
DEBB021;"'2025-04-02 01:00'";6;57;11;3;0.5;good
DEBB021;"'2025-04-02 02:00'";6;53;11;4;0.5;good
DEBB021;"'2025-04-02 03:00'";6;48;12;4;0.5;good
DEBB021;"'2025-04-02 04:00'";8;43;15;5;1;good
DEBB021;"'2025-04-02 05:00'";9;39;16;6;2;good
DEBB021;"'2025-04-02 06:00'";11;35;17;8;1;good
DEBB021;"'2025-04-02 07:00'";13;30;18;10;1;good
DEBB021;"'2025-04-02 08:00'";21;31;18;18;0.9;moderate
DEBB021;"'2025-04-02 09:00'";22;39;16;19;0.5;moderate
DEBB021;"'2025-04-02 10:00'";20;46;16;18;0.9;moderate
DEBB021;"'2025-04-02 11:00'";20;52;15;16;1;moderate
DEBB021;"'2025-04-02 12:00'";20;57;14;16;1;moderate
DEBB021;"'2025-04-02 13:00'";21;64;13;16;1;moderate
DEBB021;"'2025-04-02 14:00'";22;72;12;16;1;moderate
DEBB021;"'2025-04-02 15:00'";19;84;11;15;0.9;moderate
DEBB021;"'2025-04-02 16:00'";19;97;10;14;0.5;moderate
DEBB021;"'2025-04-02 17:00'";16;96;9;12;0.5;moderate
DEBB021;"'2025-04-02 18:00'";15;93;10;10;2;moderate
DEBB021;"'2025-04-02 19:00'";12;90;10;9;2;moderate
DEBB021;"'2025-04-02 20:00'";12;84;11;9;2;moderate
DEBB021;"'2025-04-02 21:00'";10;73;16;6;2;moderate
DEBB021;"'2025-04-02 22:00'";9;67;13;5;3;good
DEBB021;"'2025-04-02 23:00'";7;64;15;4;3;good
DEBB021;"'2025-04-02 24:00'";7;66;12;3;2;good
DEBB021;"'2025-04-03 01:00'";7;65;12;3;2;good
DEBB021;"'2025-04-03 02:00'";7;58;15;4;2;good
DEBB021;"'2025-04-03 03:00'";7;45;24;4;2;good
DEBB021;"'2025-04-03 04:00'";8;48;17;4;2;good
DEBB021;"'2025-04-03 05:00'";9;46;16;4;2;good
DEBB021;"'2025-04-03 06:00'";8;42;18;4;2;good
DEBB021;"'2025-04-03 07:00'";10;27;31;5;2;moderate
DEBB021;"'2025-04-03 08:00'";16;8;44;7;1;moderate
DEBB021;"'2025-04-03 09:00'";19;23;40;8;2;moderate
DEBB021;"'2025-04-03 10:00'";12;55;20;6;2;good
DEBB021;"'2025-04-03 11:00'";14;61;17;6;2;good
DEBB021;"'2025-04-03 12:00'";15;66;16;7;2;good
DEBB021;"'2025-04-03 13:00'";15;80;12;8;3;moderate
DEBB021;"'2025-04-03 14:00'";13;89;10;7;3;moderate
DEBB021;"'2025-04-03 15:00'";11;90;9;5;2;moderate
DEBB021;"'2025-04-03 16:00'";10;90;8;5;0.8;moderate
DEBB021;"'2025-04-03 17:00'";9;87;9;4;0.5;moderate
DEBB021;"'2025-04-03 18:00'";9;82;9;3;0.5;moderate
DEBB021;"'2025-04-03 19:00'";8;79;10;3;1;moderate
DEBB021;"'2025-04-03 20:00'";9;76;11;4;2;moderate
DEBB021;"'2025-04-03 21:00'";10;55;27;4;0.9;good
DEBB021;"'2025-04-03 22:00'";13;58;20;5;0.9;good
DEBB021;"'2025-04-03 23:00'";13;54;19;8;1;good
DEBB021;"'2025-04-03 24:00'";13;51;20;7;0.9;good
DEBB021;"'2025-04-04 01:00'";13;44;21;8;1;good
DEBB021;"'2025-04-04 02:00'";12;31;23;7;1;good
DEBB021;"'2025-04-04 03:00'";12;21;25;6;0.5;good
DEBB021;"'2025-04-04 04:00'";14;12;27;7;0.5;good
DEBB021;"'2025-04-04 05:00'";10;15;24;6;0.5;good
DEBB021;"'2025-04-04 06:00'";10;14;23;6;0.5;good
DEBB021;"'2025-04-04 07:00'";12;5;34;7;0.8;moderate
DEBB021;"'2025-04-04 08:00'";11;15;31;6;0.5;moderate
DEBB021;"'2025-04-04 09:00'";14;19;37;7;1;moderate
DEBB021;"'2025-04-04 10:00'";12;38;22;6;2;good
DEBB021;"'2025-04-04 11:00'";13;50;20;6;2;good
DEBB021;"'2025-04-04 12:00'";10;74;11;4;1;moderate
DEBB021;"'2025-04-04 13:00'";9;82;8;4;0.8;moderate
DEBB021;"'2025-04-04 14:00'";10;86;9;4;0.5;moderate
DEBB021;"'2025-04-04 15:00'";10;90;9;4;0.8;moderate
DEBB021;"'2025-04-04 16:00'";10;94;7;4;0.5;moderate
DEBB021;"'2025-04-04 17:00'";9;95;6;4;0.5;moderate
DEBB021;"'2025-04-04 18:00'";8;96;6;4;0.5;moderate
DEBB021;"'2025-04-04 19:00'";9;93;7;5;0.5;moderate
DEBB021;"'2025-04-04 20:00'";9;86;9;4;0.5;moderate
DEBB021;"'2025-04-04 21:00'";12;70;19;7;0.9;good
DEBB021;"'2025-04-04 22:00'";13;64;21;8;1;good
DEBB021;"'2025-04-04 23:00'";12;78;12;6;0.5;moderate
DEBB021;"'2025-04-04 24:00'";12;78;13;7;0.5;moderate
DEBB021;"'2025-04-05 01:00'";13;80;10;8;1;moderate
DEBB021;"'2025-04-05 02:00'";13;78;9;9;1;moderate
DEBB021;"'2025-04-05 03:00'";15;73;11;10;2;moderate
DEBB021;"'2025-04-05 04:00'";17;66;11;13;0.9;good
DEBB021;"'2025-04-05 05:00'";20;60;10;16;1;moderate
DEBB021;"'2025-04-05 06:00'";18;57;11;16;1;moderate
DEBB021;"'2025-04-05 07:00'";16;59;11;12;0.8;good
DEBB021;"'2025-04-05 08:00'";10;62;10;7;0.5;good
DEBB021;"'2025-04-05 09:00'";9;61;11;5;1;good
DEBB021;"'2025-04-05 10:00'";9;66;9;5;0.9;good
DEBB021;"'2025-04-05 11:00'";9;71;9;4;0.5;good
DEBB021;"'2025-04-05 12:00'";7;79;7;3;0.9;moderate
DEBB021;"'2025-04-05 13:00'";8;82;6;3;0.9;moderate
DEBB021;"'2025-04-05 14:00'";9;80;7;4;0.5;moderate
DEBB021;"'2025-04-05 15:00'";7;83;6;3;0.5;moderate
DEBB021;"'2025-04-05 16:00'";7;85;6;2;0.5;moderate
DEBB021;"'2025-04-05 17:00'";7;88;5;2;0.5;moderate
DEBB021;"'2025-04-05 18:00'";7;86;5;2;0.5;moderate
DEBB021;"'2025-04-05 19:00'";7;85;5;2;0.5;moderate
DEBB021;"'2025-04-05 20:00'";8;85;5;2;0.5;moderate
DEBB021;"'2025-04-05 21:00'";7;85;6;2;0.9;moderate
DEBB021;"'2025-04-05 22:00'";7;80;8;3;2;moderate
DEBB021;"'2025-04-05 23:00'";6;80;8;3;1;moderate
DEBB021;"'2025-04-05 24:00'";6;79;7;3;0.5;moderate
DEBB021;"'2025-04-06 01:00'";5;81;6;3;0.5;moderate
DEBB021;"'2025-04-06 02:00'";5;78;7;3;0.5;moderate
DEBB021;"'2025-04-06 03:00'";5;77;8;3;1;moderate
DEBB021;"'2025-04-06 04:00'";5;72;11;3;0.5;good
DEBB021;"'2025-04-06 05:00'";5;73;7;3;0.5;moderate
DEBB021;"'2025-04-06 06:00'";5;69;7;3;0.8;good
DEBB021;"'2025-04-06 07:00'";5;64;9;3;0.5;good
DEBB021;"'2025-04-06 08:00'";6;61;9;3;0.5;good
DEBB021;"'2025-04-06 09:00'";5;73;7;3;0.9;moderate
DEBB021;"'2025-04-06 10:00'";5;80;5;2;0.5;moderate
DEBB021;"'2025-04-06 11:00'";5;83;5;2;0.9;moderate
DEBB021;"'2025-04-06 12:00'";5;84;5;2;0.5;moderate
DEBB021;"'2025-04-06 13:00'";5;86;5;2;0.5;moderate
DEBB021;"'2025-04-06 14:00'";5;89;4;2;1;moderate
DEBB021;"'2025-04-06 15:00'";5;89;5;2;0.5;moderate
DEBB021;"'2025-04-06 16:00'";5;89;5;2;0.5;moderate
DEBB021;"'2025-04-06 17:00'";6;89;4;2;0.5;moderate
DEBB021;"'2025-04-06 18:00'";5;88;5;2;0.5;moderate
DEBB021;"'2025-04-06 19:00'";4;88;5;2;0.5;moderate
DEBB021;"'2025-04-06 20:00'";4;86;5;2;0.5;moderate
DEBB021;"'2025-04-06 21:00'";4;78;10;2;0.5;moderate
DEBB021;"'2025-04-06 22:00'";6;67;18;4;0.5;good
DEBB021;"'2025-04-06 23:00'";9;64;16;7;0.5;good
DEBB021;"'2025-04-06 24:00'";9;64;14;6;0.5;good
DEBB021;"'2025-04-07 01:00'";6;61;15;4;0.5;good
DEBB021;"'2025-04-07 02:00'";4;67;9;2;0.5;good
DEBB021;"'2025-04-07 03:00'";4;70;7;2;0.5;good
DEBB021;"'2025-04-07 04:00'";4;72;6;2;0.5;good
DEBB021;"'2025-04-07 05:00'";4;73;6;2;0.5;moderate
DEBB021;"'2025-04-07 06:00'";5;70;8;3;0.5;good
DEBB021;"'2025-04-07 07:00'";5;69;9;3;0.5;good
DEBB021;"'2025-04-07 08:00'";6;72;10;3;0.5;good
DEBB021;"'2025-04-07 09:00'";5;74;9;3;0.5;moderate
DEBB021;"'2025-04-07 10:00'";7;74;8;3;0.5;moderate
DEBB021;"'2025-04-07 11:00'";8;77;8;4;1;moderate
DEBB021;"'2025-04-07 12:00'";8;82;7;4;0.5;moderate
DEBB021;"'2025-04-07 13:00'";8;86;6;3;0.5;moderate
DEBB021;"'2025-04-07 14:00'";6;89;6;3;0.5;moderate
DEBB021;"'2025-04-07 15:00'";8;88;6;3;0.5;moderate
DEBB021;"'2025-04-07 16:00'";8;89;6;3;0.5;moderate
DEBB021;"'2025-04-07 17:00'";7;90;6;3;0.5;moderate
DEBB021;"'2025-04-07 18:00'";7;90;6;3;0.5;moderate
DEBB021;"'2025-04-07 19:00'";8;89;6;3;0.5;moderate
DEBB021;"'2025-04-07 20:00'";7;90;6;3;1;moderate
DEBB021;"'2025-04-07 21:00'";9;84;8;4;0.9;moderate
DEBB021;"'2025-04-07 22:00'";8;81;9;3;0.5;moderate
DEBB021;"'2025-04-07 23:00'";7;75;13;3;0.5;moderate
DEBB021;"'2025-04-07 24:00'";7;68;13;3;0.5;good
DEBB021;"'2025-04-08 01:00'";8;56;17;4;0.5;good
DEBB021;"'2025-04-08 02:00'";8;57;15;4;0.5;good
DEBB021;"'2025-04-08 03:00'";8;56;15;4;0.5;good
DEBB021;"'2025-04-08 04:00'";9;52;18;4;0.5;good
DEBB021;"'2025-04-08 05:00'";8;59;13;5;0.5;good
DEBB021;"'2025-04-08 06:00'";9;59;15;5;0.5;good
DEBB021;"'2025-04-08 07:00'";10;63;14;6;0.5;good
DEBB021;"'2025-04-08 08:00'";17;41;30;7;0.9;good
DEBB021;"'2025-04-08 09:00'";19;36;33;8;0.5;moderate
DEBB021;"'2025-04-08 10:00'";19;41;31;9;0.8;moderate
DEBB021;"'2025-04-08 11:00'";20;50;25;9;1;good
DEBB021;"'2025-04-08 12:00'";13;68;18;6;1;good
DEBB021;"'2025-04-08 13:00'";9;81;12;4;0.5;moderate
DEBB021;"'2025-04-08 14:00'";9;89;9;3;0.5;moderate
DEBB021;"'2025-04-08 15:00'";12;88;9;4;0.5;moderate
DEBB021;"'2025-04-08 16:00'";11;89;9;4;0.5;moderate
DEBB021;"'2025-04-08 17:00'";10;91;7;3;0.5;moderate
DEBB021;"'2025-04-08 18:00'";11;94;6;5;0.8;moderate
DEBB021;"'2025-04-08 19:00'";8;90;7;4;0.5;moderate
DEBB021;"'2025-04-08 20:00'";9;80;13;4;0.5;moderate
DEBB021;"'2025-04-08 21:00'";12;68;20;6;0.5;good
DEBB021;"'2025-04-08 22:00'";12;44;34;7;0.5;moderate
DEBB021;"'2025-04-08 23:00'";11;43;31;5;0.5;moderate
DEBB021;"'2025-04-08 24:00'";10;50;23;5;0.5;good
DEBB021;"'2025-04-09 01:00'";9;55;19;5;0.5;good
DEBB021;"'2025-04-09 02:00'";10;43;26;5;0.5;good
DEBB021;"'2025-04-09 03:00'";9;48;21;5;0.5;good
DEBB021;"'2025-04-09 04:00'";7;60;16;4;0.5;good
DEBB021;"'2025-04-09 05:00'";7;54;17;4;0.9;good
DEBB021;"'2025-04-09 06:00'";10;59;14;6;2;good
DEBB021;"'2025-04-09 07:00'";9;64;16;5;1;good
DEBB021;"'2025-04-09 08:00'";13;39;35;5;1;moderate
DEBB021;"'2025-04-09 09:00'";16;45;31;5;0.5;moderate
DEBB021;"'2025-04-09 10:00'";16;48;27;6;0.5;good
DEBB021;"'2025-04-09 11:00'";23;60;16;10;1;good
DEBB021;"'2025-04-09 12:00'";21;80;9;11;0.9;moderate
DEBB021;"'2025-04-09 13:00'";13;93;6;7;0.5;moderate
DEBB021;"'2025-04-09 14:00'";14;96;6;8;0.5;moderate
DEBB021;"'2025-04-09 15:00'";13;97;6;8;0.5;moderate
DEBB021;"'2025-04-09 16:00'";14;96;6;7;0.5;moderate
DEBB021;"'2025-04-09 17:00'";12;94;7;6;0.5;moderate
DEBB021;"'2025-04-09 18:00'";14;92;6;8;0.5;moderate
DEBB021;"'2025-04-09 19:00'";16;88;7;10;0.5;moderate
DEBB021;"'2025-04-09 20:00'";14;81;8;8;0.8;moderate
DEBB021;"'2025-04-09 21:00'";15;76;9;9;1;moderate
DEBB021;"'2025-04-09 22:00'";18;66;10;12;1;good
DEBB021;"'2025-04-09 23:00'";17;58;10;12;0.9;good
DEBB021;"'2025-04-09 24:00'";18;66;9;13;0.5;good
DEBB021;"'2025-04-10 01:00'";16;69;8;11;1;good
DEBB021;"'2025-04-10 02:00'";14;72;7;10;0.8;good
DEBB021;"'2025-04-10 03:00'";10;73;6;7;0.5;moderate
DEBB021;"'2025-04-10 04:00'";10;73;6;6;0.5;moderate
DEBB021;"'2025-04-10 05:00'";11;73;6;8;0.5;moderate
DEBB021;"'2025-04-10 06:00'";12;70;6;9;0.5;good
DEBB021;"'2025-04-10 07:00'";14;65;9;10;0.8;good
DEBB021;"'2025-04-10 08:00'";16;66;10;10;1;good
DEBB021;"'2025-04-10 09:00'";14;71;7;10;0.8;good
DEBB021;"'2025-04-10 10:00'";14;72;7;10;0.8;good
DEBB021;"'2025-04-10 11:00'";14;75;7;9;0.5;moderate
DEBB021;"'2025-04-10 12:00'";15;75;6;9;0.5;moderate
DEBB021;"'2025-04-10 13:00'";17;78;7;11;0.5;moderate
DEBB021;"'2025-04-10 14:00'";18;80;7;12;0.8;moderate
DEBB021;"'2025-04-10 15:00'";17;83;7;11;0.5;moderate
DEBB021;"'2025-04-10 16:00'";15;85;6;9;0.5;moderate
DEBB021;"'2025-04-10 17:00'";14;87;6;8;0.5;moderate
DEBB021;"'2025-04-10 18:00'";15;91;6;9;0.5;moderate
DEBB021;"'2025-04-10 19:00'";16;92;6;10;0.5;moderate
DEBB021;"'2025-04-10 20:00'";16;88;8;11;0.5;moderate
DEBB021;"'2025-04-10 21:00'";20;84;9;12;0.8;moderate
DEBB021;"'2025-04-10 22:00'";17;76;9;10;1;moderate
DEBB021;"'2025-04-10 23:00'";19;72;10;12;0.8;good
DEBB021;"'2025-04-10 24:00'";18;70;10;13;0.5;good
DEBB021;"'2025-04-11 01:00'";20;69;10;13;0.5;good
DEBB021;"'2025-04-11 02:00'";21;69;9;13;0.9;good
DEBB021;"'2025-04-11 03:00'";20;70;8;13;1;good
DEBB021;"'2025-04-11 04:00'";18;77;6;12;1;moderate
DEBB021;"'2025-04-11 05:00'";16;82;5;10;0.9;moderate
DEBB021;"'2025-04-11 06:00'";14;81;6;10;0.5;moderate
DEBB021;"'2025-04-11 07:00'";14;83;7;10;0.5;moderate
DEBB021;"'2025-04-11 08:00'";15;84;10;9;0.8;moderate
DEBB021;"'2025-04-11 09:00'";18;84;10;9;0.5;moderate
DEBB021;"'2025-04-11 10:00'";18;86;8;9;0.5;moderate
DEBB021;"'2025-04-11 11:00'";19;90;7;10;0.5;moderate
DEBB021;"'2025-04-11 12:00'";20;89;8;11;0.8;moderate
DEBB021;"'2025-04-11 13:00'";21;91;9;13;1;moderate
DEBB021;"'2025-04-11 14:00'";21;91;8;13;0.5;moderate
DEBB021;"'2025-04-11 15:00'";19;92;8;12;0.5;moderate
DEBB021;"'2025-04-11 16:00'";18;92;8;11;0.5;moderate
DEBB021;"'2025-04-11 17:00'";19;98;7;11;0.5;moderate
DEBB021;"'2025-04-11 18:00'";21;98;7;11;0.5;moderate
DEBB021;"'2025-04-11 19:00'";25;96;8;12;0.8;moderate
DEBB021;"'2025-04-11 20:00'";25;90;12;13;1;moderate
DEBB021;"'2025-04-11 21:00'";26;81;15;13;2;moderate
DEBB021;"'2025-04-11 22:00'";23;72;17;14;1;good
DEBB021;"'2025-04-11 23:00'";22;76;13;15;0.5;moderate
DEBB021;"'2025-04-11 24:00'";30;53;24;14;0.5;moderate
DEBB021;"'2025-04-12 01:00'";38;45;25;16;0.5;moderate
DEBB021;"'2025-04-12 02:00'";30;51;18;13;1;moderate
DEBB021;"'2025-04-12 03:00'";13;62;10;8;1;good
DEBB021;"'2025-04-12 04:00'";11;60;9;7;0.5;good
DEBB021;"'2025-04-12 05:00'";10;59;8;7;0.5;good
DEBB021;"'2025-04-12 06:00'";9;59;8;7;0.8;good
DEBB021;"'2025-04-12 07:00'";10;57;10;7;0.9;good
DEBB021;"'2025-04-12 08:00'";11;55;10;8;0.5;good
DEBB021;"'2025-04-12 09:00'";11;59;8;8;0.5;good
DEBB021;"'2025-04-12 10:00'";11;67;6;8;0.5;good
DEBB021;"'2025-04-12 11:00'";16;64;8;10;0.5;good
DEBB021;"'2025-04-12 12:00'";18;65;7;11;0.5;good
DEBB021;"'2025-04-12 13:00'";21;68;6;13;0.5;good
DEBB021;"'2025-04-12 14:00'";22;73;7;12;0.5;moderate
DEBB021;"'2025-04-12 15:00'";20;83;6;10;0.5;moderate
DEBB021;"'2025-04-12 16:00'";23;82;9;9;0.5;moderate
DEBB021;"'2025-04-12 17:00'";22;91;7;7;0.5;moderate
DEBB021;"'2025-04-12 18:00'";20;94;6;7;0.5;moderate
DEBB021;"'2025-04-12 19:00'";18;91;7;7;0.5;moderate
DEBB021;"'2025-04-12 20:00'";16;87;12;6;0.5;moderate
DEBB021;"'2025-04-12 21:00'";30;62;30;10;1;moderate
DEBB021;"'2025-04-12 22:00'";27;39;37;14;0.5;moderate
DEBB021;"'2025-04-12 23:00'";43;38;34;19;0.5;moderate
DEBB021;"'2025-04-12 24:00'";34;35;37;19;0.9;moderate
DEBB021;"'2025-04-13 01:00'";28;29;35;20;1;moderate
DEBB021;"'2025-04-13 02:00'";26;38;29;19;1;moderate
DEBB021;"'2025-04-13 03:00'";-;-;-;-;-;-;
DEBB021;"'2025-04-13 04:00'";-;42;18;-;0.5;good
DEBB021;"'2025-04-13 05:00'";18;40;18;14;0.5;good
DEBB021;"'2025-04-13 06:00'";18;41;16;14;0.8;good
DEBB021;"'2025-04-13 07:00'";20;40;16;15;0.5;good
DEBB021;"'2025-04-13 08:00'";20;45;14;17;0.5;moderate
DEBB021;"'2025-04-13 09:00'";23;54;12;17;0.5;moderate
DEBB021;"'2025-04-13 10:00'";22;66;-;14;0.9;good
DEBB021;"'2025-04-13 11:00'";17;73;9;10;1;moderate
DEBB021;"'2025-04-13 12:00'";18;82;9;9;2;moderate
DEBB021;"'2025-04-13 13:00'";25;85;11;8;1;moderate
DEBB021;"'2025-04-13 14:00'";28;90;9;8;0.5;moderate
DEBB021;"'2025-04-13 15:00'";32;93;9;8;0.5;moderate
DEBB021;"'2025-04-13 16:00'";39;94;10;8;0.5;moderate
DEBB021;"'2025-04-13 17:00'";26;90;8;7;0.5;moderate
DEBB021;"'2025-04-13 18:00'";14;86;7;5;0.5;moderate
DEBB021;"'2025-04-13 19:00'";12;89;7;5;0.5;moderate
DEBB021;"'2025-04-13 20:00'";14;87;11;6;0.5;moderate
DEBB021;"'2025-04-13 21:00'";23;66;25;7;0.5;good
DEBB021;"'2025-04-13 22:00'";14;72;20;7;1;good
DEBB021;"'2025-04-13 23:00'";8;87;9;5;0.5;moderate
DEBB021;"'2025-04-13 24:00'";8;80;12;5;0.5;moderate
DEBB021;"'2025-04-14 01:00'";7;78;10;5;0.5;moderate
DEBB021;"'2025-04-14 02:00'";8;72;12;5;0.5;good
DEBB021;"'2025-04-14 03:00'";9;68;10;6;0.5;good
DEBB021;"'2025-04-14 04:00'";10;61;11;6;0.5;good
DEBB021;"'2025-04-14 05:00'";9;52;10;6;0.5;good
DEBB021;"'2025-04-14 06:00'";10;43;12;7;0.5;good
DEBB021;"'2025-04-14 07:00'";14;23;26;8;0.5;good
DEBB021;"'2025-04-14 08:00'";25;38;22;10;0.5;good
DEBB021;"'2025-04-14 09:00'";14;50;18;8;0.9;good
DEBB021;"'2025-04-14 10:00'";12;72;11;8;2;good
DEBB021;"'2025-04-14 11:00'";18;76;9;13;2;moderate
DEBB021;"'2025-04-14 12:00'";25;77;9;17;1;moderate
DEBB021;"'2025-04-14 13:00'";26;85;9;18;0.8;moderate
DEBB021;"'2025-04-14 14:00'";22;99;7;14;0.5;moderate
DEBB021;"'2025-04-14 15:00'";20;105;7;11;0.5;moderate
DEBB021;"'2025-04-14 16:00'";16;108;7;9;0.5;moderate
DEBB021;"'2025-04-14 17:00'";18;110;6;9;0.5;moderate
DEBB021;"'2025-04-14 18:00'";15;112;5;9;0.5;moderate
DEBB021;"'2025-04-14 19:00'";19;110;6;8;0.5;moderate
DEBB021;"'2025-04-14 20:00'";24;105;9;9;0.5;moderate
DEBB021;"'2025-04-14 21:00'";19;93;14;9;0.5;moderate
DEBB021;"'2025-04-14 22:00'";22;76;16;10;0.5;moderate
DEBB021;"'2025-04-14 23:00'";21;56;24;11;0.8;good
DEBB021;"'2025-04-14 24:00'";20;67;16;11;1;good
DEBB021;"'2025-04-15 01:00'";20;67;19;12;1;good
DEBB021;"'2025-04-15 02:00'";19;77;14;11;3;moderate
DEBB021;"'2025-04-15 03:00'";18;80;11;11;3;moderate
DEBB021;"'2025-04-15 04:00'";19;78;11;12;2;moderate
DEBB021;"'2025-04-15 05:00'";17;77;10;12;2;moderate
DEBB021;"'2025-04-15 06:00'";17;75;10;12;2;moderate
DEBB021;"'2025-04-15 07:00'";19;69;14;13;2;good
DEBB021;"'2025-04-15 08:00'";20;65;17;13;2;good
DEBB021;"'2025-04-15 09:00'";28;66;19;14;2;moderate
DEBB021;"'2025-04-15 10:00'";-;77;13;-;2;moderate
DEBB021;"'2025-04-15 11:00'";33;85;10;13;1;moderate
DEBB021;"'2025-04-15 12:00'";38;95;7;12;2;moderate
DEBB021;"'2025-04-15 13:00'";31;95;7;11;1;moderate
DEBB021;"'2025-04-15 14:00'";26;92;7;10;0.9;moderate
DEBB021;"'2025-04-15 15:00'";20;88;7;8;0.5;moderate
DEBB021;"'2025-04-15 16:00'";21;84;9;8;1;moderate
DEBB021;"'2025-04-15 17:00'";30;80;8;9;1;moderate
DEBB021;"'2025-04-15 18:00'";36;78;7;10;0.5;moderate
DEBB021;"'2025-04-15 19:00'";18;74;8;8;0.8;moderate
DEBB021;"'2025-04-15 20:00'";17;71;9;9;0.9;good
DEBB021;"'2025-04-15 21:00'";13;65;9;7;1;good
DEBB021;"'2025-04-15 22:00'";10;59;9;5;0.8;good
DEBB021;"'2025-04-15 23:00'";10;54;9;6;0.5;good
DEBB021;"'2025-04-15 24:00'";12;51;9;7;0.5;good
DEBB021;"'2025-04-16 01:00'";13;48;11;9;0.5;good
DEBB021;"'2025-04-16 02:00'";15;45;10;11;0.5;good
DEBB021;"'2025-04-16 03:00'";17;40;12;12;0.5;good
DEBB021;"'2025-04-16 04:00'";17;40;9;13;0.5;good
DEBB021;"'2025-04-16 05:00'";16;36;13;12;0.5;good
DEBB021;"'2025-04-16 06:00'";17;36;11;12;0.5;good
DEBB021;"'2025-04-16 07:00'";23;30;16;14;0.5;good
DEBB021;"'2025-04-16 08:00'";21;32;16;15;0.5;good
DEBB021;"'2025-04-16 09:00'";26;40;15;15;1;good
DEBB021;"'2025-04-16 10:00'";18;63;9;11;1;good
DEBB021;"'2025-04-16 11:00'";13;82;8;6;1;moderate
DEBB021;"'2025-04-16 12:00'";15;86;7;6;1;moderate
DEBB021;"'2025-04-16 13:00'";12;91;6;5;1;moderate
DEBB021;"'2025-04-16 14:00'";14;94;7;5;1;moderate
DEBB021;"'2025-04-16 15:00'";18;97;7;5;1;moderate
DEBB021;"'2025-04-16 16:00'";19;100;6;5;1;moderate
DEBB021;"'2025-04-16 17:00'";22;102;7;5;1;moderate
DEBB021;"'2025-04-16 18:00'";23;102;7;6;1;moderate
DEBB021;"'2025-04-16 19:00'";14;100;8;4;1;moderate
DEBB021;"'2025-04-16 20:00'";12;95;10;4;1;moderate
DEBB021;"'2025-04-16 21:00'";18;87;13;6;1;moderate
DEBB021;"'2025-04-16 22:00'";18;82;17;7;2;moderate
DEBB021;"'2025-04-16 23:00'";19;84;15;8;3;moderate
DEBB021;"'2025-04-16 24:00'";19;86;10;8;2;moderate
DEBB021;"'2025-04-17 01:00'";15;83;9;8;1;moderate
DEBB021;"'2025-04-17 02:00'";15;81;11;8;1;moderate
DEBB021;"'2025-04-17 03:00'";16;78;10;9;1;moderate
DEBB021;"'2025-04-17 04:00'";19;76;10;9;2;moderate
DEBB021;"'2025-04-17 05:00'";19;73;10;10;2;moderate
DEBB021;"'2025-04-17 06:00'";23;65;13;11;1;good
DEBB021;"'2025-04-17 07:00'";26;53;20;12;2;good
DEBB021;"'2025-04-17 08:00'";31;43;31;13;2;moderate
DEBB021;"'2025-04-17 09:00'";39;56;22;15;3;moderate
DEBB021;"'2025-04-17 10:00'";40;62;14;15;2;moderate
DEBB021;"'2025-04-17 11:00'";37;73;11;15;2;moderate
DEBB021;"'2025-04-17 12:00'";40;77;12;15;2;moderate
DEBB021;"'2025-04-17 13:00'";37;80;10;14;2;moderate
DEBB021;"'2025-04-17 14:00'";38;81;9;14;2;moderate
DEBB021;"'2025-04-17 15:00'";29;80;9;15;1;moderate
DEBB021;"'2025-04-17 16:00'";35;81;9;18;1;moderate
DEBB021;"'2025-04-17 17:00'";34;80;8;18;1;moderate
DEBB021;"'2025-04-17 18:00'";31;70;8;18;1;moderate
DEBB021;"'2025-04-17 19:00'";36;64;8;23;1;moderate
DEBB021;"'2025-04-17 20:00'";37;60;9;26;1;moderate
DEBB021;"'2025-04-17 21:00'";36;57;11;27;0.9;moderate
DEBB021;"'2025-04-17 22:00'";32;48;12;24;0.8;moderate
DEBB021;"'2025-04-17 23:00'";32;45;12;24;0.5;moderate
DEBB021;"'2025-04-17 24:00'";32;45;12;25;0.5;moderate
DEBB021;"'2025-04-18 01:00'";31;39;12;25;0.5;moderate
DEBB021;"'2025-04-18 02:00'";35;30;12;28;1;moderate
DEBB021;"'2025-04-18 03:00'";38;29;12;31;0.8;poor
DEBB021;"'2025-04-18 04:00'";42;31;11;33;0.5;poor
DEBB021;"'2025-04-18 05:00'";55;29;10;41;0.5;poor
DEBB021;"'2025-04-18 06:00'";32;22;10;27;0.8;moderate
DEBB021;"'2025-04-18 07:00'";18;16;14;15;1;good
DEBB021;"'2025-04-18 08:00'";9;15;11;7;1;good
DEBB021;"'2025-04-18 09:00'";7;22;9;5;1;"very good"
DEBB021;"'2025-04-18 10:00'";7;31;7;5;0.8;good
DEBB021;"'2025-04-18 11:00'";8;35;7;6;1;good
DEBB021;"'2025-04-18 12:00'";8;38;7;5;2;good
DEBB021;"'2025-04-18 13:00'";9;41;8;6;1;good
DEBB021;"'2025-04-18 14:00'";9;45;7;7;1;good
DEBB021;"'2025-04-18 15:00'";10;49;7;7;0.8;good
DEBB021;"'2025-04-18 16:00'";11;49;7;8;1;good
DEBB021;"'2025-04-18 17:00'";12;53;7;8;1;good
DEBB021;"'2025-04-18 18:00'";11;55;8;8;1;good
DEBB021;"'2025-04-18 19:00'";14;56;8;11;2;good
DEBB021;"'2025-04-18 20:00'";10;54;8;8;1;good
DEBB021;"'2025-04-18 21:00'";10;51;8;8;0.9;good
DEBB021;"'2025-04-18 22:00'";10;55;7;8;0.5;good
DEBB021;"'2025-04-18 23:00'";10;54;7;8;0.5;good
DEBB021;"'2025-04-18 24:00'";11;51;6;8;0.5;good
DEBB021;"'2025-04-19 01:00'";8;48;6;6;0.5;good
DEBB021;"'2025-04-19 02:00'";6;49;6;5;0.5;good
DEBB021;"'2025-04-19 03:00'";6;53;5;4;0.5;good
DEBB021;"'2025-04-19 04:00'";5;53;6;4;1;good
DEBB021;"'2025-04-19 05:00'";6;51;6;5;1;good
DEBB021;"'2025-04-19 06:00'";7;46;7;6;1;good
DEBB021;"'2025-04-19 07:00'";9;39;13;7;0.5;good
DEBB021;"'2025-04-19 08:00'";11;45;9;9;1;good
DEBB021;"'2025-04-19 09:00'";9;48;9;7;2;good
DEBB021;"'2025-04-19 10:00'";6;48;8;5;2;good
DEBB021;"'2025-04-19 11:00'";7;51;9;4;1;good
DEBB021;"'2025-04-19 12:00'";5;55;10;3;1;good
DEBB021;"'2025-04-19 13:00'";5;51;10;3;2;good
DEBB021;"'2025-04-19 14:00'";5;54;10;3;1;good
DEBB021;"'2025-04-19 15:00'";5;61;8;3;0.5;good
DEBB021;"'2025-04-19 16:00'";6;54;9;4;0.5;good
DEBB021;"'2025-04-19 17:00'";6;57;10;4;0.5;good
DEBB021;"'2025-04-19 18:00'";6;57;9;4;0.9;good
DEBB021;"'2025-04-19 19:00'";6;57;9;4;1;good
DEBB021;"'2025-04-19 20:00'";7;52;11;4;2;good
DEBB021;"'2025-04-19 21:00'";7;50;10;5;1;good
DEBB021;"'2025-04-19 22:00'";11;51;10;8;1;good
DEBB021;"'2025-04-19 23:00'";14;49;9;10;0.5;good
DEBB021;"'2025-04-19 24:00'";16;47;8;13;0.5;good
DEBB021;"'2025-04-20 01:00'";16;40;8;12;0.5;good
DEBB021;"'2025-04-20 02:00'";16;29;12;13;0.5;good
DEBB021;"'2025-04-20 03:00'";16;26;11;13;0.5;good
DEBB021;"'2025-04-20 04:00'";17;21;13;14;0.5;good
DEBB021;"'2025-04-20 05:00'";19;18;12;17;0.5;moderate
DEBB021;"'2025-04-20 06:00'";20;18;11;18;0.5;moderate
DEBB021;"'2025-04-20 07:00'";20;15;11;18;0.5;moderate
DEBB021;"'2025-04-20 08:00'";21;15;9;19;0.5;moderate
DEBB021;"'2025-04-20 09:00'";21;18;8;19;0.5;moderate
DEBB021;"'2025-04-20 10:00'";18;39;9;15;1;good
DEBB021;"'2025-04-20 11:00'";9;77;6;7;1;moderate
DEBB021;"'2025-04-20 12:00'";8;86;5;6;2;moderate
DEBB021;"'2025-04-20 13:00'";8;89;5;6;1;moderate
DEBB021;"'2025-04-20 14:00'";8;93;5;6;1;moderate
DEBB021;"'2025-04-20 15:00'";8;95;5;5;0.8;moderate
DEBB021;"'2025-04-20 16:00'";8;99;6;5;1;moderate
DEBB021;"'2025-04-20 17:00'";8;101;5;5;0.9;moderate
DEBB021;"'2025-04-20 18:00'";8;102;6;5;0.5;moderate
DEBB021;"'2025-04-20 19:00'";9;101;7;5;0.5;moderate
DEBB021;"'2025-04-20 20:00'";9;96;10;6;0.8;moderate
DEBB021;"'2025-04-20 21:00'";12;74;19;8;0.8;moderate
DEBB021;"'2025-04-20 22:00'";15;52;24;10;0.5;good
DEBB021;"'2025-04-20 23:00'";21;30;32;14;0.5;moderate
DEBB021;"'2025-04-20 24:00'";24;27;27;19;0.5;moderate
DEBB021;"'2025-04-21 01:00'";21;37;19;15;0.5;good
DEBB021;"'2025-04-21 02:00'";24;46;17;19;0.5;moderate
DEBB021;"'2025-04-21 03:00'";20;55;13;16;0.5;moderate
DEBB021;"'2025-04-21 04:00'";14;62;8;11;0.5;good
DEBB021;"'2025-04-21 05:00'";13;54;9;10;0.5;good
DEBB021;"'2025-04-21 06:00'";13;41;10;10;0.5;good
DEBB021;"'2025-04-21 07:00'";15;36;10;13;0.5;good
DEBB021;"'2025-04-21 08:00'";13;45;9;11;0.5;good
DEBB021;"'2025-04-21 09:00'";10;59;7;8;1;good
DEBB021;"'2025-04-21 10:00'";9;64;7;6;0.5;good
DEBB021;"'2025-04-21 11:00'";10;67;7;7;0.9;good
DEBB021;"'2025-04-21 12:00'";12;77;7;8;2;moderate
DEBB021;"'2025-04-21 13:00'";9;87;6;6;1;moderate
DEBB021;"'2025-04-21 14:00'";8;98;5;5;0.5;moderate
DEBB021;"'2025-04-21 15:00'";9;98;5;6;0.8;moderate
DEBB021;"'2025-04-21 16:00'";8;94;6;5;0.5;moderate
DEBB021;"'2025-04-21 17:00'";8;97;6;4;0.5;moderate
DEBB021;"'2025-04-21 18:00'";7;96;7;4;0.5;moderate
DEBB021;"'2025-04-21 19:00'";8;94;6;4;1;moderate
DEBB021;"'2025-04-21 20:00'";8;93;7;4;0.9;moderate
DEBB021;"'2025-04-21 21:00'";8;77;11;5;0.5;moderate
DEBB021;"'2025-04-21 22:00'";10;65;12;7;0.5;good
DEBB021;"'2025-04-21 23:00'";10;55;12;7;0.5;good
DEBB021;"'2025-04-21 24:00'";11;42;16;8;0.5;good
DEBB021;"'2025-04-22 01:00'";13;29;22;9;0.5;good
DEBB021;"'2025-04-22 02:00'";11;33;13;8;0.5;good
DEBB021;"'2025-04-22 03:00'";11;24;14;7;0.5;good
DEBB021;"'2025-04-22 04:00'";11;30;13;8;0.5;good
DEBB021;"'2025-04-22 05:00'";10;46;12;7;0.5;good
DEBB021;"'2025-04-22 06:00'";10;42;17;7;0.5;good
DEBB021;"'2025-04-22 07:00'";9;54;15;6;0.5;good
DEBB021;"'2025-04-22 08:00'";9;55;16;6;0.5;good
DEBB021;"'2025-04-22 09:00'";8;63;16;4;0.8;good
DEBB021;"'2025-04-22 10:00'";7;71;11;4;0.5;good
DEBB021;"'2025-04-22 11:00'";5;88;7;3;0.5;moderate
DEBB021;"'2025-04-22 12:00'";6;88;6;3;0.9;moderate
DEBB021;"'2025-04-22 13:00'";5;-;-;3;-;"very good"
DEBB021;"'2025-04-22 14:00'";6;87;8;2;0.5;moderate
DEBB021;"'2025-04-22 15:00'";6;84;9;3;0.5;moderate
DEBB021;"'2025-04-22 16:00'";7;88;7;4;0.5;moderate
DEBB021;"'2025-04-22 17:00'";10;86;7;6;0.5;moderate
DEBB021;"'2025-04-22 18:00'";10;88;8;7;0.5;moderate
DEBB021;"'2025-04-22 19:00'";12;88;7;9;0.5;moderate
DEBB021;"'2025-04-22 20:00'";19;81;8;16;0.5;moderate
DEBB021;"'2025-04-22 21:00'";18;68;13;14;0.5;good
DEBB021;"'2025-04-22 22:00'";13;63;15;10;0.5;good
DEBB021;"'2025-04-22 23:00'";12;57;14;8;0.5;good
DEBB021;"'2025-04-22 24:00'";13;43;18;9;0.5;good
DEBB021;"'2025-04-23 01:00'";13;28;19;10;0.5;good
DEBB021;"'2025-04-23 02:00'";13;22;18;9;0.5;good
DEBB021;"'2025-04-23 03:00'";13;29;13;9;0.8;good
DEBB021;"'2025-04-23 04:00'";12;22;16;8;0.5;good
DEBB021;"'2025-04-23 05:00'";11;21;16;9;0.5;good
DEBB021;"'2025-04-23 06:00'";12;17;22;9;0.5;good
DEBB021;"'2025-04-23 07:00'";14;14;26;10;0.5;good
DEBB021;"'2025-04-23 08:00'";14;26;22;11;0.9;good
DEBB021;"'2025-04-23 09:00'";16;45;16;12;1;good
DEBB021;"'2025-04-23 10:00'";16;55;14;13;2;good
DEBB021;"'2025-04-23 11:00'";16;64;13;13;1;good
DEBB021;"'2025-04-23 12:00'";15;78;13;11;0.5;moderate
DEBB021;"'2025-04-23 13:00'";14;85;10;10;0.5;moderate
DEBB021;"'2025-04-23 14:00'";13;89;10;9;0.5;moderate
DEBB021;"'2025-04-23 15:00'";19;92;10;11;0.5;moderate
DEBB021;"'2025-04-23 16:00'";14;93;11;11;0.5;moderate
DEBB021;"'2025-04-23 17:00'";15;92;10;10;0.5;moderate
DEBB021;"'2025-04-23 18:00'";13;87;11;9;0.5;moderate
DEBB021;"'2025-04-23 19:00'";12;85;11;8;0.5;moderate
DEBB021;"'2025-04-23 20:00'";13;80;13;10;0.5;moderate
DEBB021;"'2025-04-23 21:00'";13;74;14;10;0.5;moderate
DEBB021;"'2025-04-23 22:00'";16;70;14;12;0.5;good
DEBB021;"'2025-04-23 23:00'";18;66;15;14;0.5;good
DEBB021;"'2025-04-23 24:00'";19;62;15;14;0.5;good
DEBB021;"'2025-04-24 01:00'";17;57;14;13;0.5;good
DEBB021;"'2025-04-24 02:00'";14;56;12;11;0.5;good
DEBB021;"'2025-04-24 03:00'";15;54;11;11;0.5;good
DEBB021;"'2025-04-24 04:00'";12;59;11;9;0.5;good
DEBB021;"'2025-04-24 05:00'";11;57;13;8;0.5;good
DEBB021;"'2025-04-24 06:00'";11;55;14;8;1;good
DEBB021;"'2025-04-24 07:00'";10;60;15;7;0.9;good
DEBB021;"'2025-04-24 08:00'";10;60;16;6;1;good
DEBB021;"'2025-04-24 09:00'";12;62;14;8;0.8;good
DEBB021;"'2025-04-24 10:00'";12;69;13;7;0.9;good
DEBB021;"'2025-04-24 11:00'";9;77;10;5;0.5;moderate
DEBB021;"'2025-04-24 12:00'";8;86;9;4;0.5;moderate
DEBB021;"'2025-04-24 13:00'";9;95;8;4;0.9;moderate
DEBB021;"'2025-04-24 14:00'";9;99;8;4;0.8;moderate
DEBB021;"'2025-04-24 15:00'";9;100;8;4;2;moderate
DEBB021;"'2025-04-24 16:00'";10;99;7;5;0.8;moderate
DEBB021;"'2025-04-24 17:00'";9;95;7;5;0.5;moderate
DEBB021;"'2025-04-24 18:00'";10;92;6;5;0.5;moderate
DEBB021;"'2025-04-24 19:00'";10;92;6;5;0.5;moderate
DEBB021;"'2025-04-24 20:00'";9;91;6;4;0.5;moderate
DEBB021;"'2025-04-24 21:00'";8;88;7;4;0.5;moderate
DEBB021;"'2025-04-24 22:00'";8;86;7;4;0.5;moderate
DEBB021;"'2025-04-24 23:00'";8;84;7;5;0.5;moderate
DEBB021;"'2025-04-24 24:00'";9;77;7;6;0.5;moderate
DEBB021;"'2025-04-25 01:00'";12;72;6;9;0.5;good
DEBB021;"'2025-04-25 02:00'";12;71;6;10;0.5;good
DEBB021;"'2025-04-25 03:00'";12;74;6;10;0.5;moderate
DEBB021;"'2025-04-25 04:00'";11;73;5;9;0.5;moderate
DEBB021;"'2025-04-25 05:00'";11;73;5;9;0.5;moderate
DEBB021;"'2025-04-25 06:00'";12;69;6;10;0.5;good
DEBB021;"'2025-04-25 07:00'";13;66;6;10;0.5;good
DEBB021;"'2025-04-25 08:00'";12;63;8;10;0.5;good
DEBB021;"'2025-04-25 09:00'";11;64;9;8;1;good
DEBB021;"'2025-04-25 10:00'";12;64;10;8;1;good
DEBB021;"'2025-04-25 11:00'";12;67;8;9;0.5;good
DEBB021;"'2025-04-25 12:00'";11;70;8;8;0.5;good
DEBB021;"'2025-04-25 13:00'";9;75;6;5;0.5;moderate
DEBB021;"'2025-04-25 14:00'";9;78;6;5;0.5;moderate
DEBB021;"'2025-04-25 15:00'";8;86;6;3;0.5;moderate
DEBB021;"'2025-04-25 16:00'";9;97;7;3;0.5;moderate
DEBB021;"'2025-04-25 17:00'";8;99;7;4;0.5;moderate
DEBB021;"'2025-04-25 18:00'";9;95;7;3;1;moderate
DEBB021;"'2025-04-25 19:00'";9;96;8;3;1;moderate
DEBB021;"'2025-04-25 20:00'";8;95;8;3;1;moderate
DEBB021;"'2025-04-25 21:00'";9;89;10;3;2;moderate
DEBB021;"'2025-04-25 22:00'";10;85;8;4;1;moderate
DEBB021;"'2025-04-25 23:00'";9;79;9;4;3;moderate
DEBB021;"'2025-04-25 24:00'";8;76;8;4;2;moderate
DEBB021;"'2025-04-26 01:00'";7;73;8;4;0.5;moderate
DEBB021;"'2025-04-26 02:00'";7;68;9;4;0.9;good
DEBB021;"'2025-04-26 03:00'";8;66;9;4;0.5;good
DEBB021;"'2025-04-26 04:00'";9;62;9;4;0.5;good
DEBB021;"'2025-04-26 05:00'";9;58;10;4;0.5;good
DEBB021;"'2025-04-26 06:00'";11;55;10;5;0.5;good
DEBB021;"'2025-04-26 07:00'";10;54;11;5;0.5;good
DEBB021;"'2025-04-26 08:00'";9;60;9;5;0.8;good
DEBB021;"'2025-04-26 09:00'";8;67;8;4;1;good
DEBB021;"'2025-04-26 10:00'";8;71;8;4;1;good
DEBB021;"'2025-04-26 11:00'";9;76;6;3;0.5;moderate
DEBB021;"'2025-04-26 12:00'";9;80;7;3;0.5;moderate
DEBB021;"'2025-04-26 13:00'";10;86;6;3;0.5;moderate
DEBB021;"'2025-04-26 14:00'";10;89;7;3;0.5;moderate
DEBB021;"'2025-04-26 15:00'";8;93;5;3;0.5;moderate
DEBB021;"'2025-04-26 16:00'";9;93;5;3;0.5;moderate
DEBB021;"'2025-04-26 17:00'";9;94;5;3;0.5;moderate
DEBB021;"'2025-04-26 18:00'";10;95;6;3;0.5;moderate
DEBB021;"'2025-04-26 19:00'";11;95;6;4;0.5;moderate
DEBB021;"'2025-04-26 20:00'";9;94;6;4;0.5;moderate
DEBB021;"'2025-04-26 21:00'";8;88;8;4;0.5;moderate
DEBB021;"'2025-04-26 22:00'";11;72;17;6;0.5;good
DEBB021;"'2025-04-26 23:00'";11;67;15;6;0.5;good
DEBB021;"'2025-04-26 24:00'";12;69;13;5;0.5;good
DEBB021;"'2025-04-27 01:00'";12;75;11;5;0.5;moderate
DEBB021;"'2025-04-27 02:00'";9;74;8;4;0.5;moderate
DEBB021;"'2025-04-27 03:00'";9;69;8;5;0.5;good
DEBB021;"'2025-04-27 04:00'";10;64;10;5;0.5;good
DEBB021;"'2025-04-27 05:00'";10;63;11;6;1;good
DEBB021;"'2025-04-27 06:00'";11;64;11;6;1;good
DEBB021;"'2025-04-27 07:00'";13;61;15;7;2;good
DEBB021;"'2025-04-27 08:00'";13;66;11;8;2;good
DEBB021;"'2025-04-27 09:00'";19;68;11;9;2;good
DEBB021;"'2025-04-27 10:00'";14;74;9;7;2;moderate
DEBB021;"'2025-04-27 11:00'";17;85;7;7;1;moderate
DEBB021;"'2025-04-27 12:00'";16;94;6;7;0.5;moderate
DEBB021;"'2025-04-27 13:00'";16;99;6;7;0.5;moderate
DEBB021;"'2025-04-27 14:00'";16;103;6;7;0.5;moderate
DEBB021;"'2025-04-27 15:00'";16;105;6;7;0.5;moderate
DEBB021;"'2025-04-27 16:00'";23;108;7;8;0.5;moderate
DEBB021;"'2025-04-27 17:00'";17;111;6;7;0.5;moderate
DEBB021;"'2025-04-27 18:00'";15;109;5;6;0.5;moderate
DEBB021;"'2025-04-27 19:00'";15;108;6;6;0.5;moderate
DEBB021;"'2025-04-27 20:00'";13;103;7;6;0.5;moderate
DEBB021;"'2025-04-27 21:00'";16;94;9;6;1;moderate
DEBB021;"'2025-04-27 22:00'";11;84;13;6;0.9;moderate
DEBB021;"'2025-04-27 23:00'";12;77;15;7;0.5;moderate
DEBB021;"'2025-04-27 24:00'";14;62;25;8;0.5;good
DEBB021;"'2025-04-28 01:00'";12;67;18;7;0.5;good
DEBB021;"'2025-04-28 02:00'";13;61;19;7;0.5;good
DEBB021;"'2025-04-28 03:00'";11;64;16;7;0.8;good
DEBB021;"'2025-04-28 04:00'";13;60;17;7;0.5;good
DEBB021;"'2025-04-28 05:00'";11;55;21;7;0.5;good
DEBB021;"'2025-04-28 06:00'";14;52;24;7;0.5;good
DEBB021;"'2025-04-28 07:00'";15;41;35;8;0.8;moderate
DEBB021;"'2025-04-28 08:00'";19;44;35;9;2;moderate
DEBB021;"'2025-04-28 09:00'";23;51;32;10;2;moderate
DEBB021;"'2025-04-28 10:00'";19;67;20;9;2;good
DEBB021;"'2025-04-28 11:00'";19;82;16;9;2;moderate
DEBB021;"'2025-04-28 12:00'";20;102;10;8;0.9;moderate
DEBB021;"'2025-04-28 13:00'";19;108;9;8;0.9;moderate
DEBB021;"'2025-04-28 14:00'";15;111;9;7;0.5;moderate
DEBB021;"'2025-04-28 15:00'";14;115;8;6;0.5;moderate
DEBB021;"'2025-04-28 16:00'";16;118;8;7;0.5;moderate
DEBB021;"'2025-04-28 17:00'";14;121;8;6;0.5;moderate
DEBB021;"'2025-04-28 18:00'";13;124;7;6;0.5;moderate
DEBB021;"'2025-04-28 19:00'";11;123;7;5;0.5;moderate
DEBB021;"'2025-04-28 20:00'";15;119;8;7;0.5;moderate
DEBB021;"'2025-04-28 21:00'";17;104;13;6;0.5;moderate
DEBB021;"'2025-04-28 22:00'";18;60;37;8;0.5;moderate
DEBB021;"'2025-04-28 23:00'";20;43;39;10;0.5;moderate
DEBB021;"'2025-04-28 24:00'";17;57;22;8;0.5;good
DEBB021;"'2025-04-29 01:00'";14;53;20;7;0.5;good
DEBB021;"'2025-04-29 02:00'";16;55;15;8;0.5;good
DEBB021;"'2025-04-29 03:00'";14;42;19;8;0.5;good
DEBB021;"'2025-04-29 04:00'";14;32;24;9;0.5;good
DEBB021;"'2025-04-29 05:00'";15;42;21;9;1;good
DEBB021;"'2025-04-29 06:00'";29;37;22;11;2;moderate
DEBB021;"'2025-04-29 07:00'";26;38;33;11;1;moderate
DEBB021;"'2025-04-29 08:00'";23;59;28;12;2;good
DEBB021;"'2025-04-29 09:00'";25;70;20;13;2;good
DEBB021;"'2025-04-29 10:00'";20;89;12;10;2;moderate
DEBB021;"'2025-04-29 11:00'";17;96;7;9;1;moderate
DEBB021;"'2025-04-29 12:00'";15;97;5;7;0.5;moderate
DEBB021;"'2025-04-29 13:00'";13;95;5;6;0.5;moderate
DEBB021;"'2025-04-29 14:00'";12;93;5;5;0.5;moderate
DEBB021;"'2025-04-29 15:00'";10;92;4;5;0.5;moderate
DEBB021;"'2025-04-29 16:00'";9;92;4;4;0.5;moderate
DEBB021;"'2025-04-29 17:00'";11;94;5;5;0.5;moderate
DEBB021;"'2025-04-29 18:00'";11;93;5;5;0.5;moderate
DEBB021;"'2025-04-29 19:00'";12;91;5;5;0.5;moderate
DEBB021;"'2025-04-29 20:00'";13;86;6;6;0.5;moderate
DEBB021;"'2025-04-29 21:00'";14;76;10;6;0.5;moderate
DEBB021;"'2025-04-29 22:00'";16;64;13;7;0.8;good
DEBB021;"'2025-04-29 23:00'";12;61;13;5;0.9;good
DEBB021;"'2025-04-29 24:00'";11;61;10;5;0.9;good
DEBB021;"'2025-04-30 01:00'";10;63;7;4;0.5;good
DEBB021;"'2025-04-30 02:00'";9;54;9;4;0.5;good
DEBB021;"'2025-04-30 03:00'";9;41;15;5;0.5;good
DEBB021;"'2025-04-30 04:00'";11;26;14;5;1;good
DEBB021;"'2025-04-30 05:00'";9;16;18;6;2;good
DEBB021;"'2025-04-30 06:00'";11;22;16;6;2;good
DEBB021;"'2025-04-30 07:00'";11;15;27;6;2;good
DEBB021;"'2025-04-30 08:00'";14;32;25;7;2;good
DEBB021;"'2025-04-30 09:00'";15;50;19;7;2;good
DEBB021;"'2025-04-30 10:00'";11;73;10;5;2;moderate
DEBB021;"'2025-04-30 11:00'";13;82;6;5;0.5;moderate
DEBB021;"'2025-04-30 12:00'";12;85;5;6;0.5;moderate
DEBB021;"'2025-04-30 13:00'";14;88;5;6;0.5;moderate
DEBB021;"'2025-04-30 14:00'";13;92;5;5;0.5;moderate
DEBB021;"'2025-04-30 15:00'";12;95;4;5;0.5;moderate
DEBB021;"'2025-04-30 16:00'";12;97;5;5;0.5;moderate
DEBB021;"'2025-04-30 17:00'";11;97;5;4;0.5;moderate
DEBB021;"'2025-04-30 18:00'";12;94;4;5;0.5;moderate
DEBB021;"'2025-04-30 19:00'";11;92;5;4;0.5;moderate
DEBB021;"'2025-04-30 20:00'";9;89;6;3;0.5;moderate
DEBB021;"'2025-04-30 21:00'";16;74;12;5;0.5;moderate
DEBB021;"'2025-04-30 22:00'";19;46;26;7;0.5;good
DEBB021;"'2025-04-30 23:00'";18;44;25;8;0.5;good
DEBB021;"'2025-04-30 24:00'";15;59;10;6;1;good
DEBB021;"'2025-05-01 01:00'";16;57;12;7;1;good
DEBB021;"'2025-05-01 02:00'";20;51;11;8;0.8;good
DEBB021;"'2025-05-01 03:00'";14;41;13;7;0.5;good
DEBB021;"'2025-05-01 04:00'";13;23;23;8;0.5;good
DEBB021;"'2025-05-01 05:00'";12;20;22;8;0.5;good
DEBB021;"'2025-05-01 06:00'";14;16;21;8;0.5;good
DEBB021;"'2025-05-01 07:00'";15;12;21;9;0.5;good
DEBB021;"'2025-05-01 08:00'";15;28;22;10;1;good
DEBB021;"'2025-05-01 09:00'";12;56;11;7;0.8;good
DEBB021;"'2025-05-01 10:00'";12;79;8;6;0.5;moderate
DEBB021;"'2025-05-01 11:00'";13;100;6;6;0.5;moderate
DEBB021;"'2025-05-01 12:00'";11;103;5;5;0.5;moderate
DEBB021;"'2025-05-01 13:00'";11;102;5;5;0.5;moderate
DEBB021;"'2025-05-01 14:00'";14;97;4;4;0.5;moderate
DEBB021;"'2025-05-01 15:00'";13;96;4;4;0.5;moderate
DEBB021;"'2025-05-01 16:00'";13;99;4;4;0.5;moderate
DEBB021;"'2025-05-01 17:00'";10;100;5;4;0.5;moderate
DEBB021;"'2025-05-01 18:00'";13;98;5;4;0.5;moderate
DEBB021;"'2025-05-01 19:00'";12;99;5;4;0.5;moderate
DEBB021;"'2025-05-01 20:00'";17;94;8;5;0.5;moderate
DEBB021;"'2025-05-01 21:00'";19;85;11;6;0.5;moderate
DEBB021;"'2025-05-01 22:00'";18;72;17;7;0.5;good
DEBB021;"'2025-05-01 23:00'";24;66;17;8;0.5;good
DEBB021;"'2025-05-01 24:00'";21;56;22;10;0.5;good
DEBB021;"'2025-05-02 01:00'";19;71;12;8;0.5;good
DEBB021;"'2025-05-02 02:00'";22;56;18;9;0.5;good
DEBB021;"'2025-05-02 03:00'";14;60;12;8;0.5;good
DEBB021;"'2025-05-02 04:00'";12;62;11;7;0.5;good
DEBB021;"'2025-05-02 05:00'";13;59;9;8;0.5;good
DEBB021;"'2025-05-02 06:00'";16;56;10;10;0.9;good
DEBB021;"'2025-05-02 07:00'";17;51;16;10;1;good
DEBB021;"'2025-05-02 08:00'";25;42;23;12;1;good
DEBB021;"'2025-05-02 09:00'";28;61;15;13;3;moderate
DEBB021;"'2025-05-02 10:00'";72;78;13;19;2;poor
DEBB021;"'2025-05-02 11:00'";28;101;11;12;2;moderate
DEBB021;"'2025-05-02 12:00'";24;118;9;11;2;moderate
DEBB021;"'2025-05-02 13:00'";22;140;7;9;3;moderate
DEBB021;"'2025-05-02 14:00'";27;147;6;10;2;poor
DEBB021;"'2025-05-02 15:00'";26;148;6;9;1;poor
DEBB021;"'2025-05-02 16:00'";24;150;6;9;1;poor
DEBB021;"'2025-05-02 17:00'";22;145;6;8;1;poor
DEBB021;"'2025-05-02 18:00'";19;140;6;8;2;moderate
DEBB021;"'2025-05-02 19:00'";55;134;6;13;1;poor
DEBB021;"'2025-05-02 20:00'";21;115;7;11;0.5;moderate
DEBB021;"'2025-05-02 21:00'";15;94;9;10;1;moderate
DEBB021;"'2025-05-02 22:00'";14;77;12;9;1;moderate
DEBB021;"'2025-05-02 23:00'";15;68;12;10;1;good
DEBB021;"'2025-05-02 24:00'";19;68;10;14;1;good
DEBB021;"'2025-05-03 01:00'";16;68;10;11;0.5;good
DEBB021;"'2025-05-03 02:00'";17;65;9;13;0.5;good
DEBB021;"'2025-05-03 03:00'";18;69;8;13;0.5;good
DEBB021;"'2025-05-03 04:00'";21;74;7;17;0.5;moderate
DEBB021;"'2025-05-03 05:00'";21;64;6;16;0.5;moderate
DEBB021;"'2025-05-03 06:00'";16;56;7;13;0.5;good
DEBB021;"'2025-05-03 07:00'";14;55;8;10;0.5;good
DEBB021;"'2025-05-03 08:00'";11;57;7;6;0.5;good
DEBB021;"'2025-05-03 09:00'";9;60;6;5;0.5;good
DEBB021;"'2025-05-03 10:00'";11;64;5;6;0.8;good
DEBB021;"'2025-05-03 11:00'";10;70;5;6;0.9;good
DEBB021;"'2025-05-03 12:00'";10;73;5;5;1;moderate
DEBB021;"'2025-05-03 13:00'";10;77;5;5;1;moderate
DEBB021;"'2025-05-03 14:00'";9;79;5;5;2;moderate
DEBB021;"'2025-05-03 15:00'";10;79;6;5;1;moderate
DEBB021;"'2025-05-03 16:00'";10;76;6;6;0.8;moderate
DEBB021;"'2025-05-03 17:00'";10;72;8;7;0.5;good
DEBB021;"'2025-05-03 18:00'";9;72;8;6;0.5;good
DEBB021;"'2025-05-03 19:00'";10;67;9;6;0.5;good
DEBB021;"'2025-05-03 20:00'";10;64;10;6;0.5;good
DEBB021;"'2025-05-03 21:00'";11;58;11;7;0.8;good
DEBB021;"'2025-05-03 22:00'";11;52;12;8;0.5;good
DEBB021;"'2025-05-03 23:00'";12;53;10;8;0.5;good
DEBB021;"'2025-05-03 24:00'";12;47;9;8;1;good
DEBB021;"'2025-05-04 01:00'";12;49;9;8;1;good
DEBB021;"'2025-05-04 02:00'";11;67;6;6;2;good
DEBB021;"'2025-05-04 03:00'";10;71;6;4;1;good
DEBB021;"'2025-05-04 04:00'";9;78;5;3;0.5;moderate
DEBB021;"'2025-05-04 05:00'";7;79;5;3;1;moderate
DEBB021;"'2025-05-04 06:00'";7;77;4;3;2;moderate
DEBB021;"'2025-05-04 07:00'";8;76;4;4;2;moderate
DEBB021;"'2025-05-04 08:00'";8;74;4;4;1;moderate
DEBB021;"'2025-05-04 09:00'";8;71;4;4;0.5;good
DEBB021;"'2025-05-04 10:00'";8;71;4;4;0.8;good
DEBB021;"'2025-05-04 11:00'";8;75;4;4;2;moderate
DEBB021;"'2025-05-04 12:00'";8;73;5;5;2;moderate
DEBB021;"'2025-05-04 13:00'";9;75;5;5;2;moderate
DEBB021;"'2025-05-04 14:00'";11;80;4;5;0.9;moderate
DEBB021;"'2025-05-04 15:00'";12;85;4;6;2;moderate
DEBB021;"'2025-05-04 16:00'";11;86;4;6;2;moderate
DEBB021;"'2025-05-04 17:00'";11;85;4;6;0.9;moderate
DEBB021;"'2025-05-04 18:00'";10;86;4;5;0.5;moderate
DEBB021;"'2025-05-04 19:00'";11;84;5;6;0.9;moderate
DEBB021;"'2025-05-04 20:00'";10;82;5;5;2;moderate
DEBB021;"'2025-05-04 21:00'";10;78;6;5;2;moderate
DEBB021;"'2025-05-04 22:00'";8;79;5;4;1;moderate
DEBB021;"'2025-05-04 23:00'";4;81;4;2;0.5;moderate
DEBB021;"'2025-05-04 24:00'";3;76;6;2;0.5;moderate
DEBB021;"'2025-05-05 01:00'";4;67;8;2;0.5;good
DEBB021;"'2025-05-05 02:00'";5;57;8;3;1;good
DEBB021;"'2025-05-05 03:00'";5;52;7;2;2;good
DEBB021;"'2025-05-05 04:00'";5;50;7;2;2;good
DEBB021;"'2025-05-05 05:00'";4;49;7;2;2;good
DEBB021;"'2025-05-05 06:00'";4;44;8;2;1;good
DEBB021;"'2025-05-05 07:00'";6;38;10;2;2;good
DEBB021;"'2025-05-05 08:00'";7;36;13;3;2;good
DEBB021;"'2025-05-05 09:00'";7;37;12;3;2;good
DEBB021;"'2025-05-05 10:00'";8;40;10;3;2;good
DEBB021;"'2025-05-05 11:00'";12;47;8;4;2;good
DEBB021;"'2025-05-05 12:00'";10;54;6;3;2;good
DEBB021;"'2025-05-05 13:00'";10;59;6;3;1;good
DEBB021;"'2025-05-05 14:00'";11;65;5;3;2;good
DEBB021;"'2025-05-05 15:00'";9;68;6;3;2;good
DEBB021;"'2025-05-05 16:00'";9;71;6;3;2;good
DEBB021;"'2025-05-05 17:00'";7;71;5;3;1;good
DEBB021;"'2025-05-05 18:00'";7;72;5;3;2;good
DEBB021;"'2025-05-05 19:00'";7;72;5;3;2;good
DEBB021;"'2025-05-05 20:00'";6;70;6;3;0.5;good
DEBB021;"'2025-05-05 21:00'";6;70;7;3;0.5;good
DEBB021;"'2025-05-05 22:00'";7;67;8;3;2;good
DEBB021;"'2025-05-05 23:00'";6;68;8;3;1;good
DEBB021;"'2025-05-05 24:00'";6;62;11;3;0.9;good
DEBB021;"'2025-05-06 01:00'";6;51;18;3;3;good
DEBB021;"'2025-05-06 02:00'";6;48;17;3;2;good
DEBB021;"'2025-05-06 03:00'";6;41;18;3;2;good
DEBB021;"'2025-05-06 04:00'";7;30;25;3;1;good
DEBB021;"'2025-05-06 05:00'";6;32;16;3;2;good
DEBB021;"'2025-05-06 06:00'";8;28;20;4;1;good
DEBB021;"'2025-05-06 07:00'";7;38;17;4;1;good
DEBB021;"'2025-05-06 08:00'";10;41;17;4;1;good
DEBB021;"'2025-05-06 09:00'";8;52;11;3;1;good
DEBB021;"'2025-05-06 10:00'";8;65;8;3;2;good
DEBB021;"'2025-05-06 11:00'";9;73;5;3;2;moderate
DEBB021;"'2025-05-06 12:00'";8;77;5;3;0.5;moderate
DEBB021;"'2025-05-06 13:00'";11;82;4;5;0.9;moderate
DEBB021;"'2025-05-06 14:00'";10;87;4;4;1;moderate
DEBB021;"'2025-05-06 15:00'";11;88;4;4;0.5;moderate
DEBB021;"'2025-05-06 16:00'";13;86;4;4;0.5;moderate
DEBB021;"'2025-05-06 17:00'";11;81;5;4;0.5;moderate
DEBB021;"'2025-05-06 18:00'";11;81;6;5;0.5;moderate
DEBB021;"'2025-05-06 19:00'";12;84;6;6;1;moderate
DEBB021;"'2025-05-06 20:00'";11;85;6;6;2;moderate
DEBB021;"'2025-05-06 21:00'";12;81;7;7;2;moderate
DEBB021;"'2025-05-06 22:00'";14;72;11;8;0.5;good
DEBB021;"'2025-05-06 23:00'";12;70;10;7;0.5;good
DEBB021;"'2025-05-06 24:00'";12;65;10;7;2;good
DEBB021;"'2025-05-07 01:00'";12;54;13;8;1;good
DEBB021;"'2025-05-07 02:00'";11;44;19;8;0.9;good
DEBB021;"'2025-05-07 03:00'";12;42;17;8;2;good
DEBB021;"'2025-05-07 04:00'";11;31;18;8;2;good
DEBB021;"'2025-05-07 05:00'";11;20;21;7;2;good
DEBB021;"'2025-05-07 06:00'";12;30;20;7;2;good
DEBB021;"'2025-05-07 07:00'";12;39;20;7;1;good
DEBB021;"'2025-05-07 08:00'";10;46;16;6;2;good
DEBB021;"'2025-05-07 09:00'";14;57;16;5;2;good
DEBB021;"'2025-05-07 10:00'";10;65;12;3;2;good
DEBB021;"'2025-05-07 11:00'";11;72;9;3;2;good
DEBB021;"'2025-05-07 12:00'";12;82;6;3;2;moderate
DEBB021;"'2025-05-07 13:00'";13;84;5;3;1;moderate
DEBB021;"'2025-05-07 14:00'";12;83;5;3;0.5;moderate
DEBB021;"'2025-05-07 15:00'";12;83;6;3;0.8;moderate
DEBB021;"'2025-05-07 16:00'";13;85;5;3;1;moderate
DEBB021;"'2025-05-07 17:00'";11;85;5;3;0.5;moderate
DEBB021;"'2025-05-07 18:00'";12;86;5;3;0.5;moderate
DEBB021;"'2025-05-07 19:00'";9;86;5;3;0.5;moderate
DEBB021;"'2025-05-07 20:00'";8;85;6;3;0.5;moderate
DEBB021;"'2025-05-07 21:00'";7;83;6;3;0.5;moderate
DEBB021;"'2025-05-07 22:00'";6;77;9;3;0.5;moderate
DEBB021;"'2025-05-07 23:00'";8;66;13;4;0.9;good
DEBB021;"'2025-05-07 24:00'";8;62;12;3;0.8;good
DEBB021;"'2025-05-08 01:00'";7;58;11;4;0.5;good
DEBB021;"'2025-05-08 02:00'";7;49;16;4;0.5;good
DEBB021;"'2025-05-08 03:00'";8;45;15;4;2;good
DEBB021;"'2025-05-08 04:00'";9;46;13;4;2;good
DEBB021;"'2025-05-08 05:00'";8;41;14;5;0.5;good
DEBB021;"'2025-05-08 06:00'";11;35;17;5;1;good
DEBB021;"'2025-05-08 07:00'";12;25;29;6;1;good
DEBB021;"'2025-05-08 08:00'";17;32;31;9;3;moderate
DEBB021;"'2025-05-08 09:00'";16;51;23;6;2;good
DEBB021;"'2025-05-08 10:00'";16;65;19;5;1;good
DEBB021;"'2025-05-08 11:00'";13;81;8;4;0.8;moderate
DEBB021;"'2025-05-08 12:00'";11;86;7;4;0.9;moderate
DEBB021;"'2025-05-08 13:00'";10;86;7;4;2;moderate
DEBB021;"'2025-05-08 14:00'";12;87;7;4;2;moderate
DEBB021;"'2025-05-08 15:00'";14;87;7;4;2;moderate
DEBB021;"'2025-05-08 16:00'";16;86;7;4;1;moderate
DEBB021;"'2025-05-08 17:00'";18;84;8;4;1;moderate
DEBB021;"'2025-05-08 18:00'";18;86;7;4;0.5;moderate
DEBB021;"'2025-05-08 19:00'";20;85;8;4;0.9;moderate
DEBB021;"'2025-05-08 20:00'";17;86;8;4;1;moderate
DEBB021;"'2025-05-08 21:00'";11;77;14;4;0.5;moderate
DEBB021;"'2025-05-08 22:00'";16;66;17;5;0.5;good
DEBB021;"'2025-05-08 23:00'";15;60;20;6;0.5;good
DEBB021;"'2025-05-08 24:00'";15;44;25;6;0.5;good
DEBB021;"'2025-05-09 01:00'";15;44;17;7;0.5;good
DEBB021;"'2025-05-09 02:00'";11;44;13;6;0.5;good
DEBB021;"'2025-05-09 03:00'";14;34;18;7;0.5;good
DEBB021;"'2025-05-09 04:00'";13;22;22;8;0.5;good
DEBB021;"'2025-05-09 05:00'";11;12;32;7;0.5;moderate
DEBB021;"'2025-05-09 06:00'";14;5;35;8;0.5;moderate
DEBB021;"'2025-05-09 07:00'";13;10;24;8;0.5;good
DEBB021;"'2025-05-09 08:00'";15;21;28;9;0.5;good
DEBB021;"'2025-05-09 09:00'";19;41;29;10;0.5;good
DEBB021;"'2025-05-09 10:00'";14;73;12;6;0.5;moderate
DEBB021;"'2025-05-09 11:00'";10;87;8;4;0.5;moderate
DEBB021;"'2025-05-09 12:00'";13;91;6;4;0.5;moderate
DEBB021;"'2025-05-09 13:00'";17;93;6;4;0.5;moderate
DEBB021;"'2025-05-09 14:00'";18;95;6;4;0.5;moderate
DEBB021;"'2025-05-09 15:00'";15;98;5;4;0.5;moderate
DEBB021;"'2025-05-09 16:00'";11;100;4;3;0.5;moderate
DEBB021;"'2025-05-09 17:00'";13;99;5;4;0.5;moderate
DEBB021;"'2025-05-09 18:00'";11;98;4;3;0.5;moderate
DEBB021;"'2025-05-09 19:00'";11;97;4;5;0.5;moderate
DEBB021;"'2025-05-09 20:00'";11;96;5;4;0.5;moderate
DEBB021;"'2025-05-09 21:00'";27;83;11;9;0.5;moderate
DEBB021;"'2025-05-09 22:00'";37;52;31;11;0.5;moderate
DEBB021;"'2025-05-09 23:00'";39;50;23;10;0.5;moderate
DEBB021;"'2025-05-09 24:00'";45;57;13;10;0.5;moderate
DEBB021;"'2025-05-10 01:00'";24;55;20;9;0.5;good
DEBB021;"'2025-05-10 02:00'";12;66;19;6;0.5;good
DEBB021;"'2025-05-10 03:00'";12;70;11;6;0.5;good
DEBB021;"'2025-05-10 04:00'";11;65;12;6;0.5;good
DEBB021;"'2025-05-10 05:00'";12;62;12;6;0.5;good
DEBB021;"'2025-05-10 06:00'";48;56;14;10;0.5;moderate
DEBB021;"'2025-05-10 07:00'";18;55;14;7;0.5;good
DEBB021;"'2025-05-10 08:00'";12;64;8;7;0.5;good
DEBB021;"'2025-05-10 09:00'";13;69;6;8;0.5;good
DEBB021;"'2025-05-10 10:00'";14;74;5;8;0.5;moderate
DEBB021;"'2025-05-10 11:00'";15;76;4;8;0.5;moderate
DEBB021;"'2025-05-10 12:00'";16;77;4;9;0.5;moderate
DEBB021;"'2025-05-10 13:00'";14;81;4;8;0.5;moderate
DEBB021;"'2025-05-10 14:00'";14;79;4;7;0.5;moderate
DEBB021;"'2025-05-10 15:00'";12;75;4;6;0.5;moderate
DEBB021;"'2025-05-10 16:00'";15;73;4;6;0.5;moderate
DEBB021;"'2025-05-10 17:00'";11;76;4;5;0.5;moderate
DEBB021;"'2025-05-10 18:00'";14;77;4;5;0.5;moderate
DEBB021;"'2025-05-10 19:00'";12;78;4;5;0.5;moderate
DEBB021;"'2025-05-10 20:00'";12;75;6;6;0.5;moderate
DEBB021;"'2025-05-10 21:00'";12;72;6;6;0.5;good
DEBB021;"'2025-05-10 22:00'";13;68;10;6;2;good
DEBB021;"'2025-05-10 23:00'";9;71;6;4;0.5;good
DEBB021;"'2025-05-10 24:00'";9;70;5;4;0.5;good
DEBB021;"'2025-05-11 01:00'";8;64;7;4;0.5;good
DEBB021;"'2025-05-11 02:00'";8;61;8;4;0.5;good
DEBB021;"'2025-05-11 03:00'";9;57;9;4;0.5;good
DEBB021;"'2025-05-11 04:00'";7;56;10;4;0.5;good
DEBB021;"'2025-05-11 05:00'";8;46;11;5;0.5;good
DEBB021;"'2025-05-11 06:00'";12;44;9;6;0.5;good
DEBB021;"'2025-05-11 07:00'";9;42;10;6;0.5;good
DEBB021;"'2025-05-11 08:00'";11;48;10;7;0.5;good
DEBB021;"'2025-05-11 09:00'";16;48;8;12;0.5;good
DEBB021;"'2025-05-11 10:00'";17;53;7;12;1;good
DEBB021;"'2025-05-11 11:00'";17;61;7;12;1;good
DEBB021;"'2025-05-11 12:00'";16;71;6;10;1;good
DEBB021;"'2025-05-11 13:00'";16;77;6;9;0.9;moderate
DEBB021;"'2025-05-11 14:00'";13;85;5;8;1;moderate
DEBB021;"'2025-05-11 15:00'";14;92;6;6;2;moderate
DEBB021;"'2025-05-11 16:00'";15;95;5;6;0.5;moderate
DEBB021;"'2025-05-11 17:00'";11;94;6;4;0.5;moderate
DEBB021;"'2025-05-11 18:00'";16;92;5;5;0.5;moderate
DEBB021;"'2025-05-11 19:00'";14;89;5;4;0.5;moderate
DEBB021;"'2025-05-11 20:00'";14;87;6;4;0.5;moderate
DEBB021;"'2025-05-11 21:00'";11;85;7;4;0.5;moderate
DEBB021;"'2025-05-11 22:00'";8;82;8;3;0.5;moderate
DEBB021;"'2025-05-11 23:00'";7;77;9;4;0.5;moderate
DEBB021;"'2025-05-11 24:00'";9;76;9;4;0.8;moderate
DEBB021;"'2025-05-12 01:00'";10;80;7;4;1;moderate
DEBB021;"'2025-05-12 02:00'";8;78;7;4;1;moderate
DEBB021;"'2025-05-12 03:00'";10;76;6;5;0.5;moderate
DEBB021;"'2025-05-12 04:00'";9;73;7;5;0.5;moderate
DEBB021;"'2025-05-12 05:00'";9;65;9;5;0.5;good
DEBB021;"'2025-05-12 06:00'";26;60;11;7;0.9;good
DEBB021;"'2025-05-12 07:00'";12;59;13;5;1;good
DEBB021;"'2025-05-12 08:00'";16;59;13;6;2;good
DEBB021;"'2025-05-12 09:00'";15;58;15;7;2;good
DEBB021;"'2025-05-12 10:00'";34;59;16;10;2;moderate
DEBB021;"'2025-05-12 11:00'";18;66;16;8;2;good
DEBB021;"'2025-05-12 12:00'";21;85;12;9;1;moderate
DEBB021;"'2025-05-12 13:00'";19;97;8;8;1;moderate
DEBB021;"'2025-05-12 14:00'";17;105;6;8;0.5;moderate
DEBB021;"'2025-05-12 15:00'";17;111;6;7;0.5;moderate
DEBB021;"'2025-05-12 16:00'";20;116;7;7;0.5;moderate
DEBB021;"'2025-05-12 17:00'";22;118;7;8;0.5;moderate
DEBB021;"'2025-05-12 18:00'";24;117;7;8;0.5;moderate
DEBB021;"'2025-05-12 19:00'";19;117;7;8;0.5;moderate
DEBB021;"'2025-05-12 20:00'";16;109;7;7;0.5;moderate
DEBB021;"'2025-05-12 21:00'";15;101;8;6;0.5;moderate
DEBB021;"'2025-05-12 22:00'";14;96;8;6;0.5;moderate
DEBB021;"'2025-05-12 23:00'";12;89;10;6;0.5;moderate
DEBB021;"'2025-05-12 24:00'";12;83;12;7;0.5;moderate
DEBB021;"'2025-05-13 01:00'";12;82;11;7;0.5;moderate
DEBB021;"'2025-05-13 02:00'";12;81;11;7;0.5;moderate
DEBB021;"'2025-05-13 03:00'";12;67;12;8;0.5;good
DEBB021;"'2025-05-13 04:00'";13;59;12;8;0.5;good
DEBB021;"'2025-05-13 05:00'";14;51;13;9;0.5;good
DEBB021;"'2025-05-13 06:00'";20;42;16;9;0.5;good
DEBB021;"'2025-05-13 07:00'";18;36;25;9;0.5;good
DEBB021;"'2025-05-13 08:00'";23;48;25;10;0.5;good
DEBB021;"'2025-05-13 09:00'";27;64;20;10;1;good
DEBB021;"'2025-05-13 10:00'";24;84;15;8;1;moderate
DEBB021;"'2025-05-13 11:00'";27;93;12;8;0.5;moderate
DEBB021;"'2025-05-13 12:00'";17;101;10;7;0.5;moderate
DEBB021;"'2025-05-13 13:00'";26;108;8;8;0.8;moderate
DEBB021;"'2025-05-13 14:00'";17;115;7;7;0.5;moderate
DEBB021;"'2025-05-13 15:00'";22;118;7;7;0.5;moderate
DEBB021;"'2025-05-13 16:00'";21;120;6;7;0.5;moderate
DEBB021;"'2025-05-13 17:00'";18;120;6;6;0.5;moderate
DEBB021;"'2025-05-13 18:00'";23;120;6;7;1;moderate
DEBB021;"'2025-05-13 19:00'";17;119;6;6;0.5;moderate
DEBB021;"'2025-05-13 20:00'";19;114;6;7;0.5;moderate
DEBB021;"'2025-05-13 21:00'";18;106;9;9;0.5;moderate
DEBB021;"'2025-05-13 22:00'";17;88;19;8;0.5;moderate
DEBB021;"'2025-05-13 23:00'";24;75;18;10;0.5;moderate
DEBB021;"'2025-05-13 24:00'";18;64;19;9;0.5;good
DEBB021;"'2025-05-14 01:00'";19;47;24;10;0.5;good
DEBB021;"'2025-05-14 02:00'";18;43;23;11;0.5;good
DEBB021;"'2025-05-14 03:00'";19;55;16;11;0.5;good
DEBB021;"'2025-05-14 04:00'";17;54;14;11;0.5;good
DEBB021;"'2025-05-14 05:00'";17;61;13;10;0.5;good
DEBB021;"'2025-05-14 06:00'";32;64;15;12;0.5;moderate
DEBB021;"'2025-05-14 07:00'";25;59;20;12;0.5;good
DEBB021;"'2025-05-14 08:00'";27;57;20;13;0.5;good
DEBB021;"'2025-05-14 09:00'";22;66;13;11;0.8;good
DEBB021;"'2025-05-14 10:00'";18;83;9;7;1;moderate
DEBB021;"'2025-05-14 11:00'";22;89;8;7;0.9;moderate
DEBB021;"'2025-05-14 12:00'";21;91;6;6;0.9;moderate
DEBB021;"'2025-05-14 13:00'";18;91;4;5;0.5;moderate
DEBB021;"'2025-05-14 14:00'";17;99;4;5;0.5;moderate
DEBB021;"'2025-05-14 15:00'";15;104;4;5;0.5;moderate
DEBB021;"'2025-05-14 16:00'";18;109;6;5;0.8;moderate
DEBB021;"'2025-05-14 17:00'";23;114;6;6;1;moderate
DEBB021;"'2025-05-14 18:00'";24;115;5;6;0.5;moderate
DEBB021;"'2025-05-14 19:00'";23;119;5;7;0.5;moderate
DEBB021;"'2025-05-14 20:00'";24;119;5;8;0.5;moderate
DEBB021;"'2025-05-14 21:00'";20;109;6;9;0.5;moderate
DEBB021;"'2025-05-14 22:00'";18;99;5;8;0.5;moderate
DEBB021;"'2025-05-14 23:00'";16;93;5;8;0.5;moderate
DEBB021;"'2025-05-14 24:00'";19;89;5;9;0.5;moderate
DEBB021;"'2025-05-15 01:00'";19;85;5;10;0.5;moderate
DEBB021;"'2025-05-15 02:00'";19;93;5;7;0.9;moderate
DEBB021;"'2025-05-15 03:00'";14;97;5;6;2;moderate
DEBB021;"'2025-05-15 04:00'";13;96;5;5;1;moderate
DEBB021;"'2025-05-15 05:00'";11;87;5;5;0.5;moderate
DEBB021;"'2025-05-15 06:00'";14;80;7;5;0.8;moderate
DEBB021;"'2025-05-15 07:00'";13;74;9;5;1;moderate
DEBB021;"'2025-05-15 08:00'";16;75;9;7;2;moderate
DEBB021;"'2025-05-15 09:00'";17;81;7;7;3;moderate
DEBB021;"'2025-05-15 10:00'";16;86;5;6;2;moderate
DEBB021;"'2025-05-15 11:00'";17;83;5;5;0.9;moderate
DEBB021;"'2025-05-15 12:00'";29;83;4;5;0.5;moderate
DEBB021;"'2025-05-15 13:00'";22;84;4;4;0.5;moderate
DEBB021;"'2025-05-15 14:00'";21;85;4;4;0.5;moderate
DEBB021;"'2025-05-15 15:00'";31;86;4;5;0.5;moderate
DEBB021;"'2025-05-15 16:00'";28;85;5;5;0.5;moderate
DEBB021;"'2025-05-15 17:00'";18;82;5;4;0.5;moderate
DEBB021;"'2025-05-15 18:00'";16;78;6;4;1;moderate
DEBB021;"'2025-05-15 19:00'";13;75;7;4;1;moderate
DEBB021;"'2025-05-15 20:00'";13;76;5;4;0.5;moderate
DEBB021;"'2025-05-15 21:00'";12;70;7;5;0.5;good
DEBB021;"'2025-05-15 22:00'";10;62;7;5;0.5;good
DEBB021;"'2025-05-15 23:00'";11;54;10;6;0.5;good
DEBB021;"'2025-05-15 24:00'";9;51;8;6;0.5;good
DEBB021;"'2025-05-16 01:00'";9;51;7;4;0.5;good
DEBB021;"'2025-05-16 02:00'";8;48;7;4;0.5;good
DEBB021;"'2025-05-16 03:00'";8;51;9;4;0.5;good
DEBB021;"'2025-05-16 04:00'";9;47;7;5;0.5;good
DEBB021;"'2025-05-16 05:00'";11;46;9;6;0.5;good
DEBB021;"'2025-05-16 06:00'";12;54;8;7;0.5;good
DEBB021;"'2025-05-16 07:00'";11;55;12;6;0.5;good
DEBB021;"'2025-05-16 08:00'";11;63;9;6;0.5;good
DEBB021;"'2025-05-16 09:00'";11;68;8;5;0.5;good
DEBB021;"'2025-05-16 10:00'";11;75;8;5;0.5;moderate
DEBB021;"'2025-05-16 11:00'";12;79;10;5;0.8;moderate
DEBB021;"'2025-05-16 12:00'";12;77;9;5;0.5;moderate
DEBB021;"'2025-05-16 13:00'";12;79;7;6;0.5;moderate
DEBB021;"'2025-05-16 14:00'";13;76;7;6;0.5;moderate
DEBB021;"'2025-05-16 15:00'";14;76;7;7;0.8;moderate
DEBB021;"'2025-05-16 16:00'";14;83;6;7;0.5;moderate
DEBB021;"'2025-05-16 17:00'";9;86;6;5;0.5;moderate
DEBB021;"'2025-05-16 18:00'";11;87;5;6;0.5;moderate
DEBB021;"'2025-05-16 19:00'";13;89;6;5;0.5;moderate
DEBB021;"'2025-05-16 20:00'";10;91;4;5;0.5;moderate
DEBB021;"'2025-05-16 21:00'";9;88;5;5;0.5;moderate
DEBB021;"'2025-05-16 22:00'";9;85;5;5;0.5;moderate
DEBB021;"'2025-05-16 23:00'";10;75;9;5;0.5;moderate
DEBB021;"'2025-05-16 24:00'";11;70;10;5;0.5;good
DEBB021;"'2025-05-17 01:00'";11;63;12;7;0.5;good
DEBB021;"'2025-05-17 02:00'";11;61;12;6;0.5;good
DEBB021;"'2025-05-17 03:00'";12;68;8;8;0.5;good
DEBB021;"'2025-05-17 04:00'";11;71;8;6;0.5;good
DEBB021;"'2025-05-17 05:00'";11;71;7;6;0.8;good
DEBB021;"'2025-05-17 06:00'";13;66;7;7;0.8;good
DEBB021;"'2025-05-17 07:00'";12;62;8;7;0.9;good
DEBB021;"'2025-05-17 08:00'";12;59;8;7;2;good
DEBB021;"'2025-05-17 09:00'";10;61;7;6;1;good
DEBB021;"'2025-05-17 10:00'";10;64;6;5;1;good
DEBB021;"'2025-05-17 11:00'";10;71;5;5;0.8;good
DEBB021;"'2025-05-17 12:00'";10;78;5;4;0.5;moderate
DEBB021;"'2025-05-17 13:00'";12;79;5;5;0.5;moderate
DEBB021;"'2025-05-17 14:00'";12;82;5;5;0.5;moderate
DEBB021;"'2025-05-17 15:00'";12;85;5;5;0.5;moderate
DEBB021;"'2025-05-17 16:00'";12;74;7;5;0.5;moderate
DEBB021;"'2025-05-17 17:00'";8;78;7;4;0.5;moderate
DEBB021;"'2025-05-17 18:00'";8;91;5;3;0.5;moderate
DEBB021;"'2025-05-17 19:00'";6;97;5;3;0.5;moderate
DEBB021;"'2025-05-17 20:00'";5;104;6;2;0.5;moderate
DEBB021;"'2025-05-17 21:00'";6;93;7;4;0.5;moderate
DEBB021;"'2025-05-17 22:00'";7;86;7;5;0.5;moderate
DEBB021;"'2025-05-17 23:00'";5;82;8;3;0.5;moderate
DEBB021;"'2025-05-17 24:00'";10;75;7;7;1;moderate
DEBB021;"'2025-05-18 01:00'";6;73;6;4;1;moderate
DEBB021;"'2025-05-18 02:00'";7;67;7;5;0.9;good
DEBB021;"'2025-05-18 03:00'";7;62;6;5;0.5;good
DEBB021;"'2025-05-18 04:00'";6;52;8;4;0.5;good
DEBB021;"'2025-05-18 05:00'";7;48;8;5;0.5;good
DEBB021;"'2025-05-18 06:00'";9;48;7;6;0.5;good
DEBB021;"'2025-05-18 07:00'";10;50;6;7;0.5;good
DEBB021;"'2025-05-18 08:00'";9;54;6;6;0.5;good
DEBB021;"'2025-05-18 09:00'";8;68;5;5;0.5;good
DEBB021;"'2025-05-18 10:00'";7;74;5;5;0.9;moderate
DEBB021;"'2025-05-18 11:00'";9;69;6;5;2;good
DEBB021;"'2025-05-18 12:00'";9;71;6;6;0.9;good
DEBB021;"'2025-05-18 13:00'";9;76;7;6;0.5;moderate
DEBB021;"'2025-05-18 14:00'";8;82;6;5;0.5;moderate
DEBB021;"'2025-05-18 15:00'";9;87;6;5;0.5;moderate
DEBB021;"'2025-05-18 16:00'";9;90;5;4;0.8;moderate
DEBB021;"'2025-05-18 17:00'";8;94;5;3;0.5;moderate
DEBB021;"'2025-05-18 18:00'";7;94;5;3;0.5;moderate
DEBB021;"'2025-05-18 19:00'";8;87;5;4;0.5;moderate
DEBB021;"'2025-05-18 20:00'";8;85;6;4;0.5;moderate
DEBB021;"'2025-05-18 21:00'";5;83;5;3;0.5;moderate
DEBB021;"'2025-05-18 22:00'";5;82;4;3;0.5;moderate
DEBB021;"'2025-05-18 23:00'";6;82;4;3;0.5;moderate
DEBB021;"'2025-05-18 24:00'";6;79;5;4;0.5;moderate
DEBB021;"'2025-05-19 01:00'";8;76;5;5;0.5;moderate
DEBB021;"'2025-05-19 02:00'";7;78;5;4;0.5;moderate
DEBB021;"'2025-05-19 03:00'";7;78;4;4;0.5;moderate
DEBB021;"'2025-05-19 04:00'";7;76;4;4;0.8;moderate
DEBB021;"'2025-05-19 05:00'";6;77;4;4;0.5;moderate
DEBB021;"'2025-05-19 06:00'";6;72;6;4;0.5;good
DEBB021;"'2025-05-19 07:00'";7;69;6;4;0.5;good
DEBB021;"'2025-05-19 08:00'";7;65;8;4;0.5;good
DEBB021;"'2025-05-19 09:00'";9;67;7;5;0.5;good
DEBB021;"'2025-05-19 10:00'";9;65;7;5;1;good
DEBB021;"'2025-05-19 11:00'";15;65;6;7;1;good
DEBB021;"'2025-05-19 12:00'";11;70;6;6;2;good
DEBB021;"'2025-05-19 13:00'";11;71;6;6;1;good
DEBB021;"'2025-05-19 14:00'";12;76;5;6;0.8;moderate
DEBB021;"'2025-05-19 15:00'";12;76;7;7;1;moderate
DEBB021;"'2025-05-19 16:00'";13;75;7;7;0.9;moderate
DEBB021;"'2025-05-19 17:00'";12;78;7;7;0.5;moderate
DEBB021;"'2025-05-19 18:00'";11;82;7;6;0.5;moderate
DEBB021;"'2025-05-19 19:00'";11;81;7;7;1;moderate
DEBB021;"'2025-05-19 20:00'";11;82;6;7;1;moderate
DEBB021;"'2025-05-19 21:00'";11;79;7;7;0.5;moderate
DEBB021;"'2025-05-19 22:00'";15;67;12;11;0.5;good
DEBB021;"'2025-05-19 23:00'";13;61;13;9;0.5;good
DEBB021;"'2025-05-19 24:00'";15;53;13;11;0.5;good
DEBB021;"'2025-05-20 01:00'";13;37;15;9;0.5;good
DEBB021;"'2025-05-20 02:00'";14;30;15;10;0.5;good
DEBB021;"'2025-05-20 03:00'";14;24;14;10;0.5;good
DEBB021;"'2025-05-20 04:00'";13;13;17;9;0.5;good
DEBB021;"'2025-05-20 05:00'";13;7;19;10;0.5;good
DEBB021;"'2025-05-20 06:00'";15;8;17;11;0.5;good
DEBB021;"'2025-05-20 07:00'";16;15;23;11;0.5;good
DEBB021;"'2025-05-20 08:00'";18;43;17;12;0.5;good
DEBB021;"'2025-05-20 09:00'";17;70;9;10;1;good
DEBB021;"'2025-05-20 10:00'";15;83;8;9;1;moderate
DEBB021;"'2025-05-20 11:00'";13;97;6;7;0.8;moderate
DEBB021;"'2025-05-20 12:00'";13;100;5;7;1;moderate
DEBB021;"'2025-05-20 13:00'";14;105;5;7;1;moderate
DEBB021;"'2025-05-20 14:00'";14;108;5;7;1;moderate
DEBB021;"'2025-05-20 15:00'";15;115;5;7;1;moderate
DEBB021;"'2025-05-20 16:00'";13;116;5;7;1;moderate
DEBB021;"'2025-05-20 17:00'";13;115;4;6;0.8;moderate
DEBB021;"'2025-05-20 18:00'";12;115;4;7;1;moderate
DEBB021;"'2025-05-20 19:00'";13;116;4;7;0.8;moderate
DEBB021;"'2025-05-20 20:00'";12;114;5;6;0.5;moderate
DEBB021;"'2025-05-20 21:00'";14;104;7;8;0.5;moderate
DEBB021;"'2025-05-20 22:00'";16;81;15;9;0.5;moderate
DEBB021;"'2025-05-20 23:00'";17;78;13;9;0.5;moderate
DEBB021;"'2025-05-20 24:00'";15;82;10;9;0.5;moderate
DEBB021;"'2025-05-21 01:00'";13;85;9;8;0.5;moderate
DEBB021;"'2025-05-21 02:00'";13;80;8;9;0.5;moderate
DEBB021;"'2025-05-21 03:00'";13;77;8;9;1;moderate
DEBB021;"'2025-05-21 04:00'";14;74;8;9;0.5;moderate
DEBB021;"'2025-05-21 05:00'";13;80;7;7;0.5;moderate
DEBB021;"'2025-05-21 06:00'";14;77;7;6;0.9;moderate
DEBB021;"'2025-05-21 07:00'";11;74;10;6;0.5;moderate
DEBB021;"'2025-05-21 08:00'";12;82;9;6;0.5;moderate
DEBB021;"'2025-05-21 09:00'";14;89;8;7;1;moderate
DEBB021;"'2025-05-21 10:00'";13;97;7;6;2;moderate
DEBB021;"'2025-05-21 11:00'";13;102;7;6;1;moderate
DEBB021;"'2025-05-21 12:00'";13;105;8;5;1;moderate
DEBB021;"'2025-05-21 13:00'";15;110;5;6;1;moderate
DEBB021;"'2025-05-21 14:00'";17;110;6;7;1;moderate
DEBB021;"'2025-05-21 15:00'";17;106;5;7;2;moderate
DEBB021;"'2025-05-21 16:00'";18;103;6;7;1;moderate
DEBB021;"'2025-05-21 17:00'";17;106;5;7;0.5;moderate
DEBB021;"'2025-05-21 18:00'";17;110;5;7;1;moderate
DEBB021;"'2025-05-21 19:00'";15;109;5;7;0.5;moderate
DEBB021;"'2025-05-21 20:00'";18;108;5;8;0.5;moderate
DEBB021;"'2025-05-21 21:00'";19;104;6;10;0.5;moderate
DEBB021;"'2025-05-21 22:00'";21;96;7;9;0.5;moderate
DEBB021;"'2025-05-21 23:00'";20;91;10;10;0.5;moderate
DEBB021;"'2025-05-21 24:00'";19;91;6;10;0.5;moderate
DEBB021;"'2025-05-22 01:00'";24;86;5;12;0.9;moderate
DEBB021;"'2025-05-22 02:00'";23;83;5;11;1;moderate
DEBB021;"'2025-05-22 03:00'";21;82;5;11;1;moderate
DEBB021;"'2025-05-22 04:00'";19;80;5;10;1;moderate
DEBB021;"'2025-05-22 05:00'";17;79;5;10;1;moderate
DEBB021;"'2025-05-22 06:00'";18;76;6;10;2;moderate
DEBB021;"'2025-05-22 07:00'";19;76;6;10;2;moderate
DEBB021;"'2025-05-22 08:00'";20;76;7;10;1;moderate
DEBB021;"'2025-05-22 09:00'";20;81;6;9;1;moderate
DEBB021;"'2025-05-22 10:00'";19;86;5;8;1;moderate
DEBB021;"'2025-05-22 11:00'";19;86;5;8;1;moderate
DEBB021;"'2025-05-22 12:00'";19;85;5;8;1;moderate
DEBB021;"'2025-05-22 13:00'";19;84;5;9;0.5;moderate
DEBB021;"'2025-05-22 14:00'";18;85;5;7;0.5;moderate
DEBB021;"'2025-05-22 15:00'";18;87;5;7;0.5;moderate
DEBB021;"'2025-05-22 16:00'";18;86;6;6;0.5;moderate
DEBB021;"'2025-05-22 17:00'";37;86;4;8;0.5;moderate
DEBB021;"'2025-05-22 18:00'";25;84;4;6;0.5;moderate
DEBB021;"'2025-05-22 19:00'";13;84;4;4;0.5;moderate
DEBB021;"'2025-05-22 20:00'";14;84;4;5;0.5;moderate
DEBB021;"'2025-05-22 21:00'";10;80;4;4;0.5;moderate
DEBB021;"'2025-05-22 22:00'";7;77;5;3;0.5;moderate
DEBB021;"'2025-05-22 23:00'";6;75;5;3;0.5;moderate
DEBB021;"'2025-05-22 24:00'";6;73;6;3;0.5;moderate
DEBB021;"'2025-05-23 01:00'";5;69;6;3;0.5;good
DEBB021;"'2025-05-23 02:00'";6;68;5;3;0.5;good
DEBB021;"'2025-05-23 03:00'";7;66;6;3;0.5;good
DEBB021;"'2025-05-23 04:00'";8;62;6;3;0.5;good
DEBB021;"'2025-05-23 05:00'";10;62;7;4;0.5;good
DEBB021;"'2025-05-23 06:00'";12;56;9;5;0.5;good
DEBB021;"'2025-05-23 07:00'";11;53;12;5;0.5;good
DEBB021;"'2025-05-23 08:00'";14;55;11;6;0.8;good
DEBB021;"'2025-05-23 09:00'";15;63;9;6;1;good
DEBB021;"'2025-05-23 10:00'";13;74;6;5;0.9;moderate
DEBB021;"'2025-05-23 11:00'";12;74;7;5;0.5;moderate
DEBB021;"'2025-05-23 12:00'";15;74;8;5;0.5;moderate
DEBB021;"'2025-05-23 13:00'";34;71;8;7;0.5;moderate
DEBB021;"'2025-05-23 14:00'";8;73;7;3;0.5;moderate
DEBB021;"'2025-05-23 15:00'";6;71;7;3;0.5;good
DEBB021;"'2025-05-23 16:00'";6;78;5;2;0.5;moderate
DEBB021;"'2025-05-23 17:00'";7;77;5;2;0.5;moderate
DEBB021;"'2025-05-23 18:00'";8;73;7;4;0.5;moderate
DEBB021;"'2025-05-23 19:00'";4;87;5;2;0.5;moderate
DEBB021;"'2025-05-23 20:00'";6;80;7;2;0.5;moderate
DEBB021;"'2025-05-23 21:00'";6;67;7;3;0.5;good
DEBB021;"'2025-05-23 22:00'";7;63;8;3;0.5;good
DEBB021;"'2025-05-23 23:00'";7;64;9;3;0.5;good
DEBB021;"'2025-05-23 24:00'";7;67;8;3;0.5;good
DEBB021;"'2025-05-24 01:00'";6;64;8;3;0.5;good
DEBB021;"'2025-05-24 02:00'";7;62;8;4;0.5;good
DEBB021;"'2025-05-24 03:00'";7;60;8;4;0.5;good
DEBB021;"'2025-05-24 04:00'";7;58;7;4;0.8;good
DEBB021;"'2025-05-24 05:00'";8;55;8;4;1;good
DEBB021;"'2025-05-24 06:00'";7;51;9;4;0.8;good
DEBB021;"'2025-05-24 07:00'";9;48;11;4;1;good
DEBB021;"'2025-05-24 08:00'";9;55;8;5;1;good
DEBB021;"'2025-05-24 09:00'";10;62;6;5;1;good
DEBB021;"'2025-05-24 10:00'";9;68;5;5;1;good
DEBB021;"'2025-05-24 11:00'";9;71;6;5;1;good
DEBB021;"'2025-05-24 12:00'";7;75;6;3;0.5;moderate
DEBB021;"'2025-05-24 13:00'";9;79;6;4;0.5;moderate
DEBB021;"'2025-05-24 14:00'";9;84;5;4;0.5;moderate
DEBB021;"'2025-05-24 15:00'";11;90;6;5;0.5;moderate
DEBB021;"'2025-05-24 16:00'";11;95;6;6;0.5;moderate
DEBB021;"'2025-05-24 17:00'";13;95;6;6;0.5;moderate
DEBB021;"'2025-05-24 18:00'";14;98;7;6;0.5;moderate
DEBB021;"'2025-05-24 19:00'";14;100;7;6;0.5;moderate
DEBB021;"'2025-05-24 20:00'";13;96;7;6;0.5;moderate
DEBB021;"'2025-05-24 21:00'";12;93;8;6;0.5;moderate
DEBB021;"'2025-05-24 22:00'";13;94;8;6;0.5;moderate
DEBB021;"'2025-05-24 23:00'";13;90;8;7;0.5;moderate
DEBB021;"'2025-05-24 24:00'";25;81;10;8;0.5;moderate
DEBB021;"'2025-05-25 01:00'";20;87;7;7;0.5;moderate
DEBB021;"'2025-05-25 02:00'";12;85;7;7;0.5;moderate
DEBB021;"'2025-05-25 03:00'";12;85;7;7;0.5;moderate
DEBB021;"'2025-05-25 04:00'";12;83;7;7;0.5;moderate
DEBB021;"'2025-05-25 05:00'";11;83;7;7;0.5;moderate
DEBB021;"'2025-05-25 06:00'";12;81;8;7;2;moderate
DEBB021;"'2025-05-25 07:00'";12;75;8;8;2;moderate
DEBB021;"'2025-05-25 08:00'";11;77;7;7;2;moderate
DEBB021;"'2025-05-25 09:00'";9;81;6;5;2;moderate
DEBB021;"'2025-05-25 10:00'";8;75;6;5;1;moderate
DEBB021;"'2025-05-25 11:00'";8;69;6;6;0.5;good
DEBB021;"'2025-05-25 12:00'";7;64;7;5;0.5;good
DEBB021;"'2025-05-25 13:00'";7;61;9;5;0.5;good
DEBB021;"'2025-05-25 14:00'";11;52;11;6;0.5;good
DEBB021;"'2025-05-25 15:00'";8;50;8;6;0.5;good
DEBB021;"'2025-05-25 16:00'";7;47;7;5;0.5;good
DEBB021;"'2025-05-25 17:00'";6;46;7;4;0.5;good
DEBB021;"'2025-05-25 18:00'";5;49;6;3;1;good
DEBB021;"'2025-05-25 19:00'";5;43;6;3;0.5;good
DEBB021;"'2025-05-25 20:00'";7;42;6;5;0.5;good
DEBB021;"'2025-05-25 21:00'";9;40;7;6;0.5;good
DEBB021;"'2025-05-25 22:00'";10;33;7;7;0.5;good
DEBB021;"'2025-05-25 23:00'";11;28;9;8;0.5;good
DEBB021;"'2025-05-25 24:00'";12;31;9;9;0.5;good
DEBB021;"'2025-05-26 01:00'";13;27;9;9;0.5;good
DEBB021;"'2025-05-26 02:00'";12;20;8;9;0.8;good
DEBB021;"'2025-05-26 03:00'";13;14;9;10;0.5;good
DEBB021;"'2025-05-26 04:00'";14;21;10;10;0.8;good
DEBB021;"'2025-05-26 05:00'";12;27;9;9;0.8;good
DEBB021;"'2025-05-26 06:00'";10;36;9;7;0.8;good
DEBB021;"'2025-05-26 07:00'";10;44;7;7;0.5;good
DEBB021;"'2025-05-26 08:00'";11;46;7;7;0.5;good
DEBB021;"'2025-05-26 09:00'";12;54;6;7;1;good
DEBB021;"'2025-05-26 10:00'";11;67;5;6;1;good
DEBB021;"'2025-05-26 11:00'";11;79;4;6;1;moderate
DEBB021;"'2025-05-26 12:00'";10;85;4;5;1;moderate
DEBB021;"'2025-05-26 13:00'";9;90;4;5;0.5;moderate
DEBB021;"'2025-05-26 14:00'";10;92;4;5;0.5;moderate
DEBB021;"'2025-05-26 15:00'";9;95;5;5;0.5;moderate
DEBB021;"'2025-05-26 16:00'";9;96;5;4;0.5;moderate
DEBB021;"'2025-05-26 17:00'";9;100;5;5;0.8;moderate
DEBB021;"'2025-05-26 18:00'";11;98;5;6;1;moderate
DEBB021;"'2025-05-26 19:00'";13;91;6;7;2;moderate
DEBB021;"'2025-05-26 20:00'";11;92;6;7;1;moderate
DEBB021;"'2025-05-26 21:00'";11;88;7;7;0.9;moderate
DEBB021;"'2025-05-26 22:00'";11;89;7;7;0.5;moderate
DEBB021;"'2025-05-26 23:00'";11;81;9;7;1;moderate
DEBB021;"'2025-05-26 24:00'";10;67;11;7;0.8;good
DEBB021;"'2025-05-27 01:00'";11;64;8;7;0.5;good
DEBB021;"'2025-05-27 02:00'";10;58;8;7;0.5;good
DEBB021;"'2025-05-27 03:00'";10;41;9;7;0.5;good
DEBB021;"'2025-05-27 04:00'";12;39;9;8;1;good
DEBB021;"'2025-05-27 05:00'";11;50;9;8;1;good
DEBB021;"'2025-05-27 06:00'";12;39;15;8;0.5;good
DEBB021;"'2025-05-27 07:00'";14;48;16;10;0.5;good
DEBB021;"'2025-05-27 08:00'";16;46;16;10;0.8;good
DEBB021;"'2025-05-27 09:00'";18;54;13;10;1;good
DEBB021;"'2025-05-27 10:00'";18;54;15;9;1;good
DEBB021;"'2025-05-27 11:00'";22;71;9;8;2;good
DEBB021;"'2025-05-27 12:00'";21;81;8;7;2;moderate
DEBB021;"'2025-05-27 13:00'";14;86;6;6;2;moderate
DEBB021;"'2025-05-27 14:00'";14;89;6;6;1;moderate
DEBB021;"'2025-05-27 15:00'";14;90;6;6;0.5;moderate
DEBB021;"'2025-05-27 16:00'";14;91;7;6;0.5;moderate
DEBB021;"'2025-05-27 17:00'";14;93;7;6;0.5;moderate
DEBB021;"'2025-05-27 18:00'";13;94;7;6;0.5;moderate
DEBB021;"'2025-05-27 19:00'";13;93;7;6;0.5;moderate
DEBB021;"'2025-05-27 20:00'";11;95;7;5;0.5;moderate
DEBB021;"'2025-05-27 21:00'";11;93;7;5;0.5;moderate
DEBB021;"'2025-05-27 22:00'";11;88;7;6;0.5;moderate
DEBB021;"'2025-05-27 23:00'";13;85;8;8;0.5;moderate
DEBB021;"'2025-05-27 24:00'";12;85;7;6;0.5;moderate
DEBB021;"'2025-05-28 01:00'";11;82;8;6;0.9;moderate
DEBB021;"'2025-05-28 02:00'";11;78;7;6;0.5;moderate
DEBB021;"'2025-05-28 03:00'";10;79;6;6;0.5;moderate
DEBB021;"'2025-05-28 04:00'";9;75;5;5;0.5;moderate
DEBB021;"'2025-05-28 05:00'";8;66;5;4;0.5;good
DEBB021;"'2025-05-28 06:00'";7;62;6;4;0.5;good
DEBB021;"'2025-05-28 07:00'";6;58;7;4;0.5;good
DEBB021;"'2025-05-28 08:00'";7;57;7;3;0.5;good
DEBB021;"'2025-05-28 09:00'";6;53;7;3;1;good
DEBB021;"'2025-05-28 10:00'";7;47;8;4;1;good
DEBB021;"'2025-05-28 11:00'";6;44;9;3;1;good
DEBB021;"'2025-05-28 12:00'";8;46;9;4;1;good
DEBB021;"'2025-05-28 13:00'";8;50;9;4;2;good
DEBB021;"'2025-05-28 14:00'";9;62;8;5;2;good
DEBB021;"'2025-05-28 15:00'";8;73;7;4;2;moderate
DEBB021;"'2025-05-28 16:00'";8;73;5;4;2;moderate
DEBB021;"'2025-05-28 17:00'";9;70;5;5;2;good
DEBB021;"'2025-05-28 18:00'";8;72;5;4;1;good
DEBB021;"'2025-05-28 19:00'";8;69;6;5;2;good
DEBB021;"'2025-05-28 20:00'";8;71;7;5;2;good
DEBB021;"'2025-05-28 21:00'";8;81;5;4;1;moderate
DEBB021;"'2025-05-28 22:00'";6;77;6;3;0.9;moderate
DEBB021;"'2025-05-28 23:00'";5;74;6;2;2;moderate
DEBB021;"'2025-05-28 24:00'";6;76;5;3;2;moderate
DEBB021;"'2025-05-29 01:00'";6;73;5;4;0.9;moderate
DEBB021;"'2025-05-29 02:00'";6;75;5;3;0.5;moderate
DEBB021;"'2025-05-29 03:00'";6;72;4;4;1;good
DEBB021;"'2025-05-29 04:00'";6;67;4;4;3;good
DEBB021;"'2025-05-29 05:00'";7;62;5;4;2;good
DEBB021;"'2025-05-29 06:00'";7;63;5;4;1;good
DEBB021;"'2025-05-29 07:00'";6;67;4;4;1;good
DEBB021;"'2025-05-29 08:00'";7;75;4;4;0.5;moderate
DEBB021;"'2025-05-29 09:00'";8;77;3;5;0.5;moderate
DEBB021;"'2025-05-29 10:00'";8;76;4;5;0.5;moderate
DEBB021;"'2025-05-29 11:00'";8;78;4;5;0.5;moderate
DEBB021;"'2025-05-29 12:00'";8;82;4;5;1;moderate
DEBB021;"'2025-05-29 13:00'";8;84;4;5;2;moderate
DEBB021;"'2025-05-29 14:00'";8;86;4;5;2;moderate
DEBB021;"'2025-05-29 15:00'";8;87;4;5;1;moderate
DEBB021;"'2025-05-29 16:00'";8;90;4;5;0.5;moderate
DEBB021;"'2025-05-29 17:00'";8;90;4;5;0.5;moderate
DEBB021;"'2025-05-29 18:00'";8;91;4;5;0.5;moderate
DEBB021;"'2025-05-29 19:00'";11;92;5;7;0.5;moderate
DEBB021;"'2025-05-29 20:00'";8;89;5;5;0.5;moderate
DEBB021;"'2025-05-29 21:00'";8;84;7;4;0.5;moderate
DEBB021;"'2025-05-29 22:00'";8;83;6;5;0.8;moderate
DEBB021;"'2025-05-29 23:00'";9;79;7;6;0.9;moderate
DEBB021;"'2025-05-29 24:00'";8;78;6;5;0.5;moderate
DEBB021;"'2025-05-30 01:00'";6;81;4;3;0.5;moderate
DEBB021;"'2025-05-30 02:00'";5;73;4;3;0.5;moderate
DEBB021;"'2025-05-30 03:00'";5;65;5;3;0.5;good
DEBB021;"'2025-05-30 04:00'";5;59;5;3;0.5;good
DEBB021;"'2025-05-30 05:00'";7;55;5;5;0.8;good
DEBB021;"'2025-05-30 06:00'";9;47;7;6;0.8;good
DEBB021;"'2025-05-30 07:00'";10;39;9;6;0.5;good
DEBB021;"'2025-05-30 08:00'";11;36;8;7;1;good
DEBB021;"'2025-05-30 09:00'";13;36;7;9;1;good
DEBB021;"'2025-05-30 10:00'";15;40;7;10;0.9;good
DEBB021;"'2025-05-30 11:00'";17;45;7;12;1;good
DEBB021;"'2025-05-30 12:00'";17;55;6;11;1;good
DEBB021;"'2025-05-30 13:00'";16;61;6;11;0.9;good
DEBB021;"'2025-05-30 14:00'";16;64;5;10;1;good
DEBB021;"'2025-05-30 15:00'";15;68;5;10;1;good
DEBB021;"'2025-05-30 16:00'";13;68;5;8;1;good
DEBB021;"'2025-05-30 17:00'";11;69;4;7;1;good
DEBB021;"'2025-05-30 18:00'";11;71;5;6;1;good
DEBB021;"'2025-05-30 19:00'";13;77;5;8;0.8;moderate
DEBB021;"'2025-05-30 20:00'";13;76;5;9;0.5;moderate
DEBB021;"'2025-05-30 21:00'";13;72;7;8;0.8;good
DEBB021;"'2025-05-30 22:00'";12;59;14;8;1;good
DEBB021;"'2025-05-30 23:00'";13;44;19;9;1;good
DEBB021;"'2025-05-30 24:00'";16;41;19;10;0.5;good
DEBB021;"'2025-05-31 01:00'";17;36;17;11;0.5;good
DEBB021;"'2025-05-31 02:00'";16;30;19;12;1;good
DEBB021;"'2025-05-31 03:00'";15;28;17;11;2;good
DEBB021;"'2025-05-31 04:00'";14;31;14;10;2;good
DEBB021;"'2025-05-31 05:00'";13;26;13;10;1;good
DEBB021;"'2025-05-31 06:00'";13;16;18;10;1;good
DEBB021;"'2025-05-31 07:00'";15;32;14;11;2;good
DEBB021;"'2025-05-31 08:00'";14;38;10;9;2;good
DEBB021;"'2025-05-31 09:00'";12;44;6;8;0.5;good
DEBB021;"'2025-05-31 10:00'";11;51;5;7;1;good
DEBB021;"'2025-05-31 11:00'";12;55;6;7;1;good
DEBB021;"'2025-05-31 12:00'";12;63;7;6;1;good
DEBB021;"'2025-05-31 13:00'";12;71;6;7;1;good
DEBB021;"'2025-05-31 14:00'";13;82;6;7;1;moderate
DEBB021;"'2025-05-31 15:00'";14;89;5;8;1;moderate
DEBB021;"'2025-05-31 16:00'";13;90;5;9;1;moderate
DEBB021;"'2025-05-31 17:00'";13;92;5;9;1;moderate
DEBB021;"'2025-05-31 18:00'";13;91;5;9;0.9;moderate
DEBB021;"'2025-05-31 19:00'";12;89;5;8;0.8;moderate
DEBB021;"'2025-05-31 20:00'";12;88;7;8;1;moderate
DEBB021;"'2025-05-31 21:00'";12;80;8;8;1;moderate
DEBB021;"'2025-05-31 22:00'";16;64;15;9;1;good
DEBB021;"'2025-05-31 23:00'";15;48;17;9;0.8;good
DEBB021;"'2025-05-31 24:00'";15;46;17;9;1;good
DEBB021;"'2025-06-01 01:00'";11;52;12;7;2;good
DEBB021;"'2025-06-01 02:00'";12;44;15;7;2;good
DEBB021;"'2025-06-01 03:00'";13;46;12;8;2;good
DEBB021;"'2025-06-01 04:00'";16;48;10;11;1;good
DEBB021;"'2025-06-01 05:00'";13;38;11;10;1;good
DEBB021;"'2025-06-01 06:00'";13;34;11;10;1;good
DEBB021;"'2025-06-01 07:00'";17;38;10;13;1;good
DEBB021;"'2025-06-01 08:00'";22;42;9;17;2;moderate
DEBB021;"'2025-06-01 09:00'";21;52;8;17;2;moderate
DEBB021;"'2025-06-01 10:00'";21;68;6;17;2;moderate
DEBB021;"'2025-06-01 11:00'";18;76;7;13;1;moderate
DEBB021;"'2025-06-01 12:00'";12;86;7;8;1;moderate
DEBB021;"'2025-06-01 13:00'";11;92;6;7;1;moderate
DEBB021;"'2025-06-01 14:00'";11;99;5;6;0.9;moderate
DEBB021;"'2025-06-01 15:00'";10;104;5;5;1;moderate
DEBB021;"'2025-06-01 16:00'";11;103;6;6;1;moderate
DEBB021;"'2025-06-01 17:00'";11;107;6;5;2;moderate
DEBB021;"'2025-06-01 18:00'";13;107;6;5;2;moderate
DEBB021;"'2025-06-01 19:00'";9;105;5;4;0.9;moderate
DEBB021;"'2025-06-01 20:00'";9;95;8;4;0.8;moderate
DEBB021;"'2025-06-01 21:00'";8;88;9;4;0.8;moderate
DEBB021;"'2025-06-01 22:00'";9;84;8;4;0.8;moderate
DEBB021;"'2025-06-01 23:00'";8;79;8;5;0.8;moderate
DEBB021;"'2025-06-01 24:00'";9;78;7;5;0.5;moderate
DEBB021;"'2025-06-02 01:00'";11;69;6;7;0.5;good
DEBB021;"'2025-06-02 02:00'";12;69;6;8;0.5;good
DEBB021;"'2025-06-02 03:00'";13;69;6;9;0.5;good
DEBB021;"'2025-06-02 04:00'";13;67;6;10;0.8;good
DEBB021;"'2025-06-02 05:00'";15;64;6;10;0.5;good
DEBB021;"'2025-06-02 06:00'";15;57;9;10;0.5;good
DEBB021;"'2025-06-02 07:00'";14;50;13;10;0.5;good
DEBB021;"'2025-06-02 08:00'";17;54;10;11;0.5;good
DEBB021;"'2025-06-02 09:00'";16;69;8;11;0.5;good
DEBB021;"'2025-06-02 10:00'";18;77;7;12;0.8;moderate
DEBB021;"'2025-06-02 11:00'";19;79;8;12;0.5;moderate
DEBB021;"'2025-06-02 12:00'";18;-;-;12;-;good
DEBB021;"'2025-06-02 13:00'";18;82;6;13;0.5;moderate
DEBB021;"'2025-06-02 14:00'";19;84;6;13;0.9;moderate
DEBB021;"'2025-06-02 15:00'";21;82;7;14;1;moderate
DEBB021;"'2025-06-02 16:00'";21;84;8;14;1;moderate
DEBB021;"'2025-06-02 17:00'";20;96;7;14;1;moderate
DEBB021;"'2025-06-02 18:00'";18;108;5;14;1;moderate
DEBB021;"'2025-06-02 19:00'";17;107;5;11;1;moderate
DEBB021;"'2025-06-02 20:00'";14;105;5;10;1;moderate
DEBB021;"'2025-06-02 21:00'";15;100;7;11;0.9;moderate
DEBB021;"'2025-06-02 22:00'";15;87;11;10;0.8;moderate
DEBB021;"'2025-06-02 23:00'";14;85;11;9;1;moderate
DEBB021;"'2025-06-02 24:00'";15;78;10;9;0.8;moderate
DEBB021;"'2025-06-03 01:00'";13;70;8;8;0.8;good
DEBB021;"'2025-06-03 02:00'";11;64;8;7;0.5;good
DEBB021;"'2025-06-03 03:00'";12;55;9;6;0.5;good
DEBB021;"'2025-06-03 04:00'";10;56;10;6;0.8;good
DEBB021;"'2025-06-03 05:00'";11;52;11;6;1;good
DEBB021;"'2025-06-03 06:00'";11;56;12;6;1;good
DEBB021;"'2025-06-03 07:00'";10;58;14;6;1;good
DEBB021;"'2025-06-03 08:00'";13;69;11;7;1;good
DEBB021;"'2025-06-03 09:00'";11;76;8;6;1;moderate
DEBB021;"'2025-06-03 10:00'";22;81;8;7;1;moderate
DEBB021;"'2025-06-03 11:00'";10;90;7;5;1;moderate
DEBB021;"'2025-06-03 12:00'";12;97;6;5;2;moderate
DEBB021;"'2025-06-03 13:00'";14;99;7;6;2;moderate
DEBB021;"'2025-06-03 14:00'";13;101;6;6;2;moderate
DEBB021;"'2025-06-03 15:00'";12;105;7;7;1;moderate
DEBB021;"'2025-06-03 16:00'";15;109;7;8;1;moderate
DEBB021;"'2025-06-03 17:00'";16;112;7;9;1;moderate
DEBB021;"'2025-06-03 18:00'";18;114;7;10;1;moderate
DEBB021;"'2025-06-03 19:00'";19;112;7;12;1;moderate
DEBB021;"'2025-06-03 20:00'";19;111;7;13;1;moderate
DEBB021;"'2025-06-03 21:00'";18;102;8;13;2;moderate
DEBB021;"'2025-06-03 22:00'";18;94;9;13;2;moderate
DEBB021;"'2025-06-03 23:00'";19;87;9;14;1;moderate
DEBB021;"'2025-06-03 24:00'";22;68;17;15;1;good
DEBB021;"'2025-06-04 01:00'";21;58;20;16;1;moderate
DEBB021;"'2025-06-04 02:00'";21;53;19;17;0.5;moderate
DEBB021;"'2025-06-04 03:00'";22;48;18;17;0.8;moderate
DEBB021;"'2025-06-04 04:00'";23;53;16;17;0.5;moderate
DEBB021;"'2025-06-04 05:00'";22;53;15;17;0.5;moderate
DEBB021;"'2025-06-04 06:00'";22;44;17;17;0.9;moderate
DEBB021;"'2025-06-04 07:00'";23;39;21;17;1;moderate
DEBB021;"'2025-06-04 08:00'";23;45;18;15;2;good
DEBB021;"'2025-06-04 09:00'";19;55;12;12;3;good
DEBB021;"'2025-06-04 10:00'";23;69;10;12;2;good
DEBB021;"'2025-06-04 11:00'";23;84;9;12;2;moderate
DEBB021;"'2025-06-04 12:00'";20;89;8;11;2;moderate
DEBB021;"'2025-06-04 13:00'";21;89;7;11;2;moderate
DEBB021;"'2025-06-04 14:00'";26;86;7;11;1;moderate
DEBB021;"'2025-06-04 15:00'";20;82;7;10;2;moderate
DEBB021;"'2025-06-04 16:00'";19;82;8;9;2;moderate
DEBB021;"'2025-06-04 17:00'";15;80;9;8;1;moderate
DEBB021;"'2025-06-04 18:00'";13;86;7;7;1;moderate
DEBB021;"'2025-06-04 19:00'";12;86;7;6;1;moderate
DEBB021;"'2025-06-04 20:00'";11;89;8;5;1;moderate
DEBB021;"'2025-06-04 21:00'";10;89;6;5;1;moderate
DEBB021;"'2025-06-04 22:00'";12;79;10;6;1;moderate
DEBB021;"'2025-06-04 23:00'";11;78;9;5;0.8;moderate
DEBB021;"'2025-06-04 24:00'";9;76;8;5;0.8;moderate
DEBB021;"'2025-06-05 01:00'";7;75;7;4;1;moderate
DEBB021;"'2025-06-05 02:00'";7;75;6;4;1;moderate
DEBB021;"'2025-06-05 03:00'";7;71;6;4;1;good
DEBB021;"'2025-06-05 04:00'";11;53;7;7;0.9;good
DEBB021;"'2025-06-05 05:00'";14;65;6;9;2;good
DEBB021;"'2025-06-05 06:00'";14;59;7;8;2;good
DEBB021;"'2025-06-05 07:00'";12;58;10;8;2;good
DEBB021;"'2025-06-05 08:00'";13;60;10;8;2;good
DEBB021;"'2025-06-05 09:00'";14;64;8;8;1;good
DEBB021;"'2025-06-05 10:00'";15;67;8;9;1;good
DEBB021;"'2025-06-05 11:00'";15;62;9;9;1;good
DEBB021;"'2025-06-05 12:00'";17;63;9;10;1;good
DEBB021;"'2025-06-05 13:00'";13;65;8;8;1;good
DEBB021;"'2025-06-05 14:00'";9;77;6;5;1;moderate
DEBB021;"'2025-06-05 15:00'";9;80;7;5;1;moderate
DEBB021;"'2025-06-05 16:00'";8;80;9;4;1;moderate
DEBB021;"'2025-06-05 17:00'";7;79;9;4;1;moderate
DEBB021;"'2025-06-05 18:00'";10;81;8;5;2;moderate
DEBB021;"'2025-06-05 19:00'";11;91;7;6;2;moderate
DEBB021;"'2025-06-05 20:00'";11;95;7;6;2;moderate
DEBB021;"'2025-06-05 21:00'";13;90;7;6;2;moderate
DEBB021;"'2025-06-05 22:00'";8;83;7;4;2;moderate
DEBB021;"'2025-06-05 23:00'";7;80;6;4;2;moderate
DEBB021;"'2025-06-05 24:00'";7;76;6;4;1;moderate
DEBB021;"'2025-06-06 01:00'";7;72;5;4;1;good
DEBB021;"'2025-06-06 02:00'";7;69;6;4;1;good
DEBB021;"'2025-06-06 03:00'";8;65;8;4;0.9;good
DEBB021;"'2025-06-06 04:00'";9;67;7;4;2;good
DEBB021;"'2025-06-06 05:00'";9;63;7;5;2;good
DEBB021;"'2025-06-06 06:00'";9;58;8;5;2;good
DEBB021;"'2025-06-06 07:00'";8;53;10;5;1;good
DEBB021;"'2025-06-06 08:00'";7;50;10;5;2;good
DEBB021;"'2025-06-06 09:00'";9;51;8;5;2;good
DEBB021;"'2025-06-06 10:00'";8;58;7;4;2;good
DEBB021;"'2025-06-06 11:00'";9;65;7;3;1;good
DEBB021;"'2025-06-06 12:00'";9;65;6;3;0.5;good
DEBB021;"'2025-06-06 13:00'";8;62;6;2;0.8;good
DEBB021;"'2025-06-06 14:00'";7;72;5;3;0.5;good
DEBB021;"'2025-06-06 15:00'";12;90;4;4;0.5;moderate
DEBB021;"'2025-06-06 16:00'";14;97;4;5;1;moderate
DEBB021;"'2025-06-06 17:00'";16;106;4;5;1;moderate
DEBB021;"'2025-06-06 18:00'";13;107;4;4;0.8;moderate
DEBB021;"'2025-06-06 19:00'";12;107;4;5;0.8;moderate
DEBB021;"'2025-06-06 20:00'";9;107;5;4;0.5;moderate
DEBB021;"'2025-06-06 21:00'";9;103;6;4;0.5;moderate
DEBB021;"'2025-06-06 22:00'";16;89;10;5;0.5;moderate
DEBB021;"'2025-06-06 23:00'";14;85;8;5;0.9;moderate
DEBB021;"'2025-06-06 24:00'";14;79;10;8;2;moderate
DEBB021;"'2025-06-07 01:00'";16;75;10;9;2;moderate
DEBB021;"'2025-06-07 02:00'";9;73;7;5;2;moderate
DEBB021;"'2025-06-07 03:00'";9;69;7;4;2;good
DEBB021;"'2025-06-07 04:00'";9;63;8;4;2;good
DEBB021;"'2025-06-07 05:00'";8;60;7;4;2;good
DEBB021;"'2025-06-07 06:00'";8;53;8;4;2;good
DEBB021;"'2025-06-07 07:00'";7;48;9;5;2;good
DEBB021;"'2025-06-07 08:00'";9;45;10;5;2;good
DEBB021;"'2025-06-07 09:00'";8;55;7;4;2;good
DEBB021;"'2025-06-07 10:00'";10;65;5;5;1;good
DEBB021;"'2025-06-07 11:00'";11;70;7;5;1;good
DEBB021;"'2025-06-07 12:00'";12;76;7;5;0.5;moderate
DEBB021;"'2025-06-07 13:00'";12;79;6;5;0.8;moderate
DEBB021;"'2025-06-07 14:00'";12;85;6;5;0.8;moderate
DEBB021;"'2025-06-07 15:00'";19;90;5;6;1;moderate
DEBB021;"'2025-06-07 16:00'";12;77;6;7;0.5;moderate
DEBB021;"'2025-06-07 17:00'";7;77;7;3;0.5;moderate
DEBB021;"'2025-06-07 18:00'";8;79;6;4;0.5;moderate
DEBB021;"'2025-06-07 19:00'";9;76;6;5;1;moderate
DEBB021;"'2025-06-07 20:00'";9;72;7;5;0.5;good
DEBB021;"'2025-06-07 21:00'";8;67;7;4;0.5;good
DEBB021;"'2025-06-07 22:00'";8;59;8;4;0.5;good
DEBB021;"'2025-06-07 23:00'";7;52;9;4;1;good
DEBB021;"'2025-06-07 24:00'";7;54;7;3;1;good
DEBB021;"'2025-06-08 01:00'";7;46;9;3;1;good
DEBB021;"'2025-06-08 02:00'";7;47;8;4;2;good
DEBB021;"'2025-06-08 03:00'";9;44;7;5;1;good
DEBB021;"'2025-06-08 04:00'";8;44;6;4;2;good
DEBB021;"'2025-06-08 05:00'";8;39;9;4;2;good
DEBB021;"'2025-06-08 06:00'";8;34;8;5;2;good
DEBB021;"'2025-06-08 07:00'";9;37;8;5;2;good
DEBB021;"'2025-06-08 08:00'";9;38;8;5;2;good
DEBB021;"'2025-06-08 09:00'";10;42;6;5;1;good
DEBB021;"'2025-06-08 10:00'";9;49;6;5;1;good
DEBB021;"'2025-06-08 11:00'";12;56;5;6;2;good
DEBB021;"'2025-06-08 12:00'";9;59;5;6;2;good
DEBB021;"'2025-06-08 13:00'";10;66;4;7;1;good
DEBB021;"'2025-06-08 14:00'";14;77;4;7;0.5;moderate
DEBB021;"'2025-06-08 15:00'";19;85;4;9;0.5;moderate
DEBB021;"'2025-06-08 16:00'";18;85;4;9;0.5;moderate
DEBB021;"'2025-06-08 17:00'";15;84;4;7;0.5;moderate
DEBB021;"'2025-06-08 18:00'";11;83;4;5;0.5;moderate
DEBB021;"'2025-06-08 19:00'";9;80;4;4;0.9;moderate
DEBB021;"'2025-06-08 20:00'";8;79;4;4;0.8;moderate
DEBB021;"'2025-06-08 21:00'";7;77;5;4;0.9;moderate
DEBB021;"'2025-06-08 22:00'";7;76;4;3;1;moderate
DEBB021;"'2025-06-08 23:00'";6;73;4;3;0.9;moderate
DEBB021;"'2025-06-08 24:00'";6;73;4;3;2;moderate
DEBB021;"'2025-06-09 01:00'";5;65;4;3;2;good
DEBB021;"'2025-06-09 02:00'";5;65;4;3;2;good
DEBB021;"'2025-06-09 03:00'";5;63;4;3;2;good
DEBB021;"'2025-06-09 04:00'";5;64;4;3;2;good
DEBB021;"'2025-06-09 05:00'";5;66;3;3;2;good
DEBB021;"'2025-06-09 06:00'";5;67;4;3;2;good
DEBB021;"'2025-06-09 07:00'";6;66;3;3;2;good
DEBB021;"'2025-06-09 08:00'";7;65;3;4;2;good
DEBB021;"'2025-06-09 09:00'";9;65;4;5;2;good
DEBB021;"'2025-06-09 10:00'";10;66;3;5;2;good
DEBB021;"'2025-06-09 11:00'";10;66;4;5;2;good
DEBB021;"'2025-06-09 12:00'";8;67;5;5;2;good
DEBB021;"'2025-06-09 13:00'";7;70;5;4;1;good
DEBB021;"'2025-06-09 14:00'";7;77;5;5;1;moderate
DEBB021;"'2025-06-09 15:00'";8;81;4;5;0.5;moderate
DEBB021;"'2025-06-09 16:00'";9;83;4;6;0.8;moderate
DEBB021;"'2025-06-09 17:00'";8;85;5;6;0.5;moderate
DEBB021;"'2025-06-09 18:00'";9;88;5;6;0.5;moderate
DEBB021;"'2025-06-09 19:00'";12;87;5;9;0.5;moderate
DEBB021;"'2025-06-09 20:00'";13;85;5;10;0.5;moderate
DEBB021;"'2025-06-09 21:00'";12;74;9;9;0.5;moderate
DEBB021;"'2025-06-09 22:00'";14;61;14;10;0.5;good
DEBB021;"'2025-06-09 23:00'";13;63;11;10;0.5;good
DEBB021;"'2025-06-09 24:00'";15;62;12;12;0.5;good
DEBB021;"'2025-06-10 01:00'";17;58;12;14;0.5;good
DEBB021;"'2025-06-10 02:00'";17;55;12;14;0.5;good
DEBB021;"'2025-06-10 03:00'";20;54;12;16;1;moderate
DEBB021;"'2025-06-10 04:00'";19;39;16;15;1;good
DEBB021;"'2025-06-10 05:00'";18;39;16;16;2;moderate
DEBB021;"'2025-06-10 06:00'";18;37;14;16;2;moderate
DEBB021;"'2025-06-10 07:00'";20;35;18;16;2;moderate
DEBB021;"'2025-06-10 08:00'";20;42;15;15;2;good
DEBB021;"'2025-06-10 09:00'";18;48;14;14;2;good
DEBB021;"'2025-06-10 10:00'";17;57;11;13;2;good
DEBB021;"'2025-06-10 11:00'";18;60;12;13;2;good
DEBB021;"'2025-06-10 12:00'";20;72;11;15;2;good
DEBB021;"'2025-06-10 13:00'";22;83;9;16;2;moderate
DEBB021;"'2025-06-10 14:00'";22;84;9;16;1;moderate
DEBB021;"'2025-06-10 15:00'";24;88;10;19;1;moderate
DEBB021;"'2025-06-10 16:00'";23;83;10;20;0.5;moderate
DEBB021;"'2025-06-10 17:00'";23;79;10;19;0.5;moderate
DEBB021;"'2025-06-10 18:00'";23;81;9;20;0.5;moderate
DEBB021;"'2025-06-10 19:00'";23;81;8;20;0.5;moderate
DEBB021;"'2025-06-10 20:00'";17;80;8;15;0.9;moderate
DEBB021;"'2025-06-10 21:00'";21;74;9;18;1;moderate
DEBB021;"'2025-06-10 22:00'";20;69;8;17;2;moderate
DEBB021;"'2025-06-10 23:00'";19;62;8;16;2;moderate
DEBB021;"'2025-06-10 24:00'";14;57;8;12;2;good
DEBB021;"'2025-06-11 01:00'";12;58;7;9;2;good
DEBB021;"'2025-06-11 02:00'";8;77;4;4;2;moderate
DEBB021;"'2025-06-11 03:00'";7;84;3;4;2;moderate
DEBB021;"'2025-06-11 04:00'";11;90;3;7;3;moderate
DEBB021;"'2025-06-11 05:00'";11;86;4;7;3;moderate
DEBB021;"'2025-06-11 06:00'";14;86;4;10;2;moderate
DEBB021;"'2025-06-11 07:00'";14;83;5;11;1;moderate
DEBB021;"'2025-06-11 08:00'";14;81;7;11;1;moderate
DEBB021;"'2025-06-11 09:00'";14;81;6;10;2;moderate
DEBB021;"'2025-06-11 10:00'";13;82;6;9;1;moderate
DEBB021;"'2025-06-11 11:00'";12;81;5;8;1;moderate
DEBB021;"'2025-06-11 12:00'";12;82;5;8;1;moderate
DEBB021;"'2025-06-11 13:00'";12;87;4;8;0.8;moderate
DEBB021;"'2025-06-11 14:00'";13;91;4;9;0.5;moderate
DEBB021;"'2025-06-11 15:00'";12;94;5;8;0.8;moderate
DEBB021;"'2025-06-11 16:00'";13;95;5;9;0.5;moderate
DEBB021;"'2025-06-11 17:00'";12;96;5;9;0.5;moderate
DEBB021;"'2025-06-11 18:00'";13;98;5;8;0.8;moderate
DEBB021;"'2025-06-11 19:00'";13;101;5;9;1;moderate
DEBB021;"'2025-06-11 20:00'";15;100;5;11;1;moderate
DEBB021;"'2025-06-11 21:00'";19;95;6;14;1;moderate
DEBB021;"'2025-06-11 22:00'";14;89;8;10;1;moderate
DEBB021;"'2025-06-11 23:00'";15;75;12;11;1;moderate
DEBB021;"'2025-06-11 24:00'";17;61;15;13;1;good
DEBB021;"'2025-06-12 01:00'";16;49;17;13;1;good
DEBB021;"'2025-06-12 02:00'";16;46;16;12;1;good
DEBB021;"'2025-06-12 03:00'";15;46;14;11;2;good
DEBB021;"'2025-06-12 04:00'";15;33;13;11;1;good
DEBB021;"'2025-06-12 05:00'";15;26;13;11;1;good
DEBB021;"'2025-06-12 06:00'";14;18;16;11;1;good
DEBB021;"'2025-06-12 07:00'";14;32;13;10;2;good
DEBB021;"'2025-06-12 08:00'";13;50;10;8;2;good
DEBB021;"'2025-06-12 09:00'";12;58;12;6;2;good
DEBB021;"'2025-06-12 10:00'";12;70;11;6;2;good
DEBB021;"'2025-06-12 11:00'";11;81;8;6;2;moderate
DEBB021;"'2025-06-12 12:00'";11;88;7;5;2;moderate
DEBB021;"'2025-06-12 13:00'";10;95;7;5;2;moderate
DEBB021;"'2025-06-12 14:00'";10;103;6;5;2;moderate
DEBB021;"'2025-06-12 15:00'";10;107;7;5;2;moderate
DEBB021;"'2025-06-12 16:00'";10;109;7;5;1;moderate
DEBB021;"'2025-06-12 17:00'";11;110;8;5;1;moderate
DEBB021;"'2025-06-12 18:00'";11;111;7;5;1;moderate
DEBB021;"'2025-06-12 19:00'";10;106;8;5;1;moderate
DEBB021;"'2025-06-12 20:00'";10;98;6;5;1;moderate
DEBB021;"'2025-06-12 21:00'";9;92;7;4;0.9;moderate
DEBB021;"'2025-06-12 22:00'";8;86;7;4;0.8;moderate
DEBB021;"'2025-06-12 23:00'";8;80;6;3;0.8;moderate
DEBB021;"'2025-06-12 24:00'";6;74;6;3;0.5;moderate
DEBB021;"'2025-06-13 01:00'";6;70;6;3;2;good
DEBB021;"'2025-06-13 02:00'";6;67;6;3;2;good
DEBB021;"'2025-06-13 03:00'";7;64;7;4;2;good
DEBB021;"'2025-06-13 04:00'";8;64;5;5;1;good
DEBB021;"'2025-06-13 05:00'";10;63;6;5;0.8;good
DEBB021;"'2025-06-13 06:00'";8;59;7;5;1;good
DEBB021;"'2025-06-13 07:00'";9;57;9;6;1;good
DEBB021;"'2025-06-13 08:00'";11;57;9;6;2;good
DEBB021;"'2025-06-13 09:00'";24;62;9;7;2;good
DEBB021;"'2025-06-13 10:00'";44;67;7;10;1;moderate
DEBB021;"'2025-06-13 11:00'";14;74;7;6;1;moderate
DEBB021;"'2025-06-13 12:00'";16;81;8;6;1;moderate
DEBB021;"'2025-06-13 13:00'";17;88;6;6;1;moderate
DEBB021;"'2025-06-13 14:00'";15;95;8;6;2;moderate
DEBB021;"'2025-06-13 15:00'";14;102;7;6;2;moderate
DEBB021;"'2025-06-13 16:00'";15;108;7;6;2;moderate
DEBB021;"'2025-06-13 17:00'";12;110;6;5;2;moderate
DEBB021;"'2025-06-13 18:00'";13;110;5;5;2;moderate
DEBB021;"'2025-06-13 19:00'";10;108;6;4;2;moderate
DEBB021;"'2025-06-13 20:00'";10;104;5;5;2;moderate
DEBB021;"'2025-06-13 21:00'";11;102;7;5;2;moderate
DEBB021;"'2025-06-13 22:00'";13;91;11;6;2;moderate
DEBB021;"'2025-06-13 23:00'";11;84;12;6;1;moderate
DEBB021;"'2025-06-13 24:00'";17;76;14;7;1;moderate
DEBB021;"'2025-06-14 01:00'";20;77;11;7;1;moderate
DEBB021;"'2025-06-14 02:00'";13;77;11;6;2;moderate
DEBB021;"'2025-06-14 03:00'";11;78;9;6;2;moderate
DEBB021;"'2025-06-14 04:00'";12;78;8;7;2;moderate
DEBB021;"'2025-06-14 05:00'";11;76;8;7;2;moderate
DEBB021;"'2025-06-14 06:00'";12;72;9;8;2;good
DEBB021;"'2025-06-14 07:00'";14;69;10;9;2;good
DEBB021;"'2025-06-14 08:00'";13;73;9;9;1;moderate
DEBB021;"'2025-06-14 09:00'";15;81;7;9;2;moderate
DEBB021;"'2025-06-14 10:00'";15;91;7;8;2;moderate
DEBB021;"'2025-06-14 11:00'";15;99;7;8;2;moderate
DEBB021;"'2025-06-14 12:00'";16;106;6;8;2;moderate
DEBB021;"'2025-06-14 13:00'";16;113;6;8;2;moderate
DEBB021;"'2025-06-14 14:00'";19;118;6;9;3;moderate
DEBB021;"'2025-06-14 15:00'";18;120;6;10;2;moderate
DEBB021;"'2025-06-14 16:00'";17;119;5;9;2;moderate
DEBB021;"'2025-06-14 17:00'";17;123;6;9;2;moderate
DEBB021;"'2025-06-14 18:00'";16;129;6;9;2;moderate
DEBB021;"'2025-06-14 19:00'";15;128;6;9;2;moderate
DEBB021;"'2025-06-14 20:00'";15;127;6;9;2;moderate
DEBB021;"'2025-06-14 21:00'";18;117;8;9;2;moderate
DEBB021;"'2025-06-14 22:00'";20;107;10;11;2;moderate
DEBB021;"'2025-06-14 23:00'";23;98;13;12;2;moderate
DEBB021;"'2025-06-14 24:00'";26;100;11;12;2;moderate
DEBB021;"'2025-06-15 01:00'";18;104;9;11;2;moderate
DEBB021;"'2025-06-15 02:00'";17;99;8;12;2;moderate
DEBB021;"'2025-06-15 03:00'";18;96;7;12;2;moderate
DEBB021;"'2025-06-15 04:00'";20;89;9;13;2;moderate
DEBB021;"'2025-06-15 05:00'";26;89;9;15;2;moderate
DEBB021;"'2025-06-15 06:00'";21;85;8;14;2;moderate
DEBB021;"'2025-06-15 07:00'";19;83;8;14;2;moderate
DEBB021;"'2025-06-15 08:00'";18;84;8;14;2;moderate
DEBB021;"'2025-06-15 09:00'";38;87;12;17;3;moderate
DEBB021;"'2025-06-15 10:00'";30;101;9;14;3;moderate
DEBB021;"'2025-06-15 11:00'";18;120;8;11;3;moderate
DEBB021;"'2025-06-15 12:00'";21;131;9;12;3;moderate
DEBB021;"'2025-06-15 13:00'";21;140;7;13;3;moderate
DEBB021;"'2025-06-15 14:00'";24;142;7;13;2;moderate
DEBB021;"'2025-06-15 15:00'";21;145;7;12;3;poor
DEBB021;"'2025-06-15 16:00'";20;149;6;13;3;poor
DEBB021;"'2025-06-15 17:00'";19;145;7;12;2;poor
DEBB021;"'2025-06-15 18:00'";30;121;6;16;2;moderate
DEBB021;"'2025-06-15 19:00'";28;92;7;18;1;moderate
DEBB021;"'2025-06-15 20:00'";21;93;6;14;1;moderate
DEBB021;"'2025-06-15 21:00'";13;94;5;10;1;moderate
DEBB021;"'2025-06-15 22:00'";11;96;4;7;1;moderate
DEBB021;"'2025-06-15 23:00'";10;77;5;7;1;moderate
DEBB021;"'2025-06-15 24:00'";9;71;5;7;1;good
DEBB021;"'2025-06-16 01:00'";10;77;5;7;1;moderate
DEBB021;"'2025-06-16 02:00'";11;67;5;8;1;good
DEBB021;"'2025-06-16 03:00'";11;64;6;8;1;good
DEBB021;"'2025-06-16 04:00'";12;63;6;8;1;good
DEBB021;"'2025-06-16 05:00'";12;69;5;8;1;good
DEBB021;"'2025-06-16 06:00'";10;79;6;6;1;moderate
DEBB021;"'2025-06-16 07:00'";10;80;6;6;2;moderate
DEBB021;"'2025-06-16 08:00'";10;82;6;6;1;moderate
DEBB021;"'2025-06-16 09:00'";10;83;5;6;1;moderate
DEBB021;"'2025-06-16 10:00'";11;83;5;7;1;moderate
DEBB021;"'2025-06-16 11:00'";10;81;5;5;1;moderate
DEBB021;"'2025-06-16 12:00'";8;78;5;5;1;moderate
DEBB021;"'2025-06-16 13:00'";10;-;-;5;-;good
DEBB021;"'2025-06-16 14:00'";12;79;5;6;1;moderate
DEBB021;"'2025-06-16 15:00'";12;81;4;6;1;moderate
DEBB021;"'2025-06-16 16:00'";11;84;4;5;1;moderate
DEBB021;"'2025-06-16 17:00'";11;85;4;6;1;moderate
DEBB021;"'2025-06-16 18:00'";11;93;4;7;1;moderate
DEBB021;"'2025-06-16 19:00'";12;89;4;7;1;moderate
DEBB021;"'2025-06-16 20:00'";12;88;4;7;1;moderate
DEBB021;"'2025-06-16 21:00'";10;86;5;6;1;moderate
DEBB021;"'2025-06-16 22:00'";13;82;6;9;1;moderate
DEBB021;"'2025-06-16 23:00'";15;74;9;10;1;moderate
DEBB021;"'2025-06-16 24:00'";12;71;8;8;1;good
DEBB021;"'2025-06-17 01:00'";9;73;7;5;1;moderate
DEBB021;"'2025-06-17 02:00'";11;71;5;8;1;good
DEBB021;"'2025-06-17 03:00'";9;68;6;6;1;good
DEBB021;"'2025-06-17 04:00'";9;61;7;6;1;good
DEBB021;"'2025-06-17 05:00'";10;51;9;6;2;good
DEBB021;"'2025-06-17 06:00'";12;47;12;7;2;good
DEBB021;"'2025-06-17 07:00'";11;47;13;7;2;good
DEBB021;"'2025-06-17 08:00'";10;61;8;7;2;good
DEBB021;"'2025-06-17 09:00'";11;66;6;7;2;good
DEBB021;"'2025-06-17 10:00'";12;69;6;8;2;good
DEBB021;"'2025-06-17 11:00'";14;75;7;9;2;moderate
DEBB021;"'2025-06-17 12:00'";16;88;6;9;2;moderate
DEBB021;"'2025-06-17 13:00'";17;100;5;10;2;moderate
DEBB021;"'2025-06-17 14:00'";17;104;4;11;2;moderate
DEBB021;"'2025-06-17 15:00'";18;103;4;11;2;moderate
DEBB021;"'2025-06-17 16:00'";14;103;4;9;2;moderate
DEBB021;"'2025-06-17 17:00'";15;102;4;9;2;moderate
DEBB021;"'2025-06-17 18:00'";14;103;4;9;2;moderate
DEBB021;"'2025-06-17 19:00'";14;102;4;9;2;moderate
DEBB021;"'2025-06-17 20:00'";14;101;4;9;2;moderate
DEBB021;"'2025-06-17 21:00'";14;97;6;9;1;moderate
DEBB021;"'2025-06-17 22:00'";19;81;11;11;1;moderate
DEBB021;"'2025-06-17 23:00'";20;65;14;12;1;good
DEBB021;"'2025-06-17 24:00'";17;60;11;11;1;good
DEBB021;"'2025-06-18 01:00'";16;51;14;11;2;good
DEBB021;"'2025-06-18 02:00'";17;50;9;12;2;good
DEBB021;"'2025-06-18 03:00'";17;56;9;12;2;good
DEBB021;"'2025-06-18 04:00'";20;56;13;13;2;good
DEBB021;"'2025-06-18 05:00'";22;47;19;13;2;good
DEBB021;"'2025-06-18 06:00'";18;49;20;13;2;good
DEBB021;"'2025-06-18 07:00'";22;49;23;14;2;good
DEBB021;"'2025-06-18 08:00'";20;63;17;13;2;good
DEBB021;"'2025-06-18 09:00'";19;88;9;12;2;moderate
DEBB021;"'2025-06-18 10:00'";18;97;6;10;2;moderate
DEBB021;"'2025-06-18 11:00'";19;-;6;9;2;good
DEBB021;"'2025-06-18 12:00'";17;-;6;9;2;good
DEBB021;"'2025-06-18 13:00'";17;109;5;8;2;moderate
DEBB021;"'2025-06-18 14:00'";18;108;6;10;2;moderate
DEBB021;"'2025-06-18 15:00'";18;111;5;12;2;moderate
DEBB021;"'2025-06-18 16:00'";21;116;5;14;2;moderate
DEBB021;"'2025-06-18 17:00'";24;119;6;16;1;moderate
DEBB021;"'2025-06-18 18:00'";23;116;4;16;2;moderate
DEBB021;"'2025-06-18 19:00'";19;112;5;13;2;moderate
DEBB021;"'2025-06-18 20:00'";19;110;5;12;2;moderate
DEBB021;"'2025-06-18 21:00'";18;106;6;13;2;moderate
DEBB021;"'2025-06-18 22:00'";19;101;7;13;2;moderate
DEBB021;"'2025-06-18 23:00'";24;92;9;15;2;moderate
DEBB021;"'2025-06-18 24:00'";22;88;8;15;2;moderate
DEBB021;"'2025-06-19 01:00'";22;85;8;13;2;moderate
DEBB021;"'2025-06-19 02:00'";16;95;6;12;2;moderate
DEBB021;"'2025-06-19 03:00'";13;89;5;9;2;moderate
DEBB021;"'2025-06-19 04:00'";11;82;5;8;2;moderate
DEBB021;"'2025-06-19 05:00'";10;79;5;7;2;moderate
DEBB021;"'2025-06-19 06:00'";10;74;6;7;2;moderate
DEBB021;"'2025-06-19 07:00'";10;69;6;6;2;good
DEBB021;"'2025-06-19 08:00'";11;68;5;6;2;good
DEBB021;"'2025-06-19 09:00'";10;69;4;5;2;good
DEBB021;"'2025-06-19 10:00'";10;71;4;4;2;good
DEBB021;"'2025-06-19 11:00'";9;69;3;4;2;good
DEBB021;"'2025-06-19 12:00'";11;69;4;4;1;good
DEBB021;"'2025-06-19 13:00'";12;72;4;4;1;good
DEBB021;"'2025-06-19 14:00'";12;77;4;5;1;moderate
DEBB021;"'2025-06-19 15:00'";14;79;4;6;1;moderate
DEBB021;"'2025-06-19 16:00'";14;82;4;6;1;moderate
DEBB021;"'2025-06-19 17:00'";13;82;4;6;1;moderate
DEBB021;"'2025-06-19 18:00'";14;83;4;5;1;moderate
DEBB021;"'2025-06-19 19:00'";12;85;4;5;1;moderate
DEBB021;"'2025-06-19 20:00'";12;85;4;5;1;moderate
DEBB021;"'2025-06-19 21:00'";13;85;4;5;1;moderate
DEBB021;"'2025-06-19 22:00'";13;78;7;6;1;moderate
DEBB021;"'2025-06-19 23:00'";12;74;7;6;1;moderate
DEBB021;"'2025-06-19 24:00'";12;69;7;6;1;good
DEBB021;"'2025-06-20 01:00'";11;66;6;5;1;good
DEBB021;"'2025-06-20 02:00'";14;62;7;8;1;good
DEBB021;"'2025-06-20 03:00'";10;59;8;5;2;good
DEBB021;"'2025-06-20 04:00'";11;54;9;5;2;good
DEBB021;"'2025-06-20 05:00'";11;53;8;5;1;good
DEBB021;"'2025-06-20 06:00'";10;51;8;5;2;good
DEBB021;"'2025-06-20 07:00'";11;48;10;5;1;good
DEBB021;"'2025-06-20 08:00'";12;51;9;5;2;good
DEBB021;"'2025-06-20 09:00'";16;58;6;6;3;good
DEBB021;"'2025-06-20 10:00'";13;65;5;6;2;good
DEBB021;"'2025-06-20 11:00'";14;69;5;6;2;good
DEBB021;"'2025-06-20 12:00'";14;73;4;6;2;moderate
DEBB021;"'2025-06-20 13:00'";13;76;4;6;2;moderate
DEBB021;"'2025-06-20 14:00'";14;80;4;5;2;moderate
DEBB021;"'2025-06-20 15:00'";15;85;4;5;2;moderate
DEBB021;"'2025-06-20 16:00'";13;89;4;5;1;moderate
DEBB021;"'2025-06-20 17:00'";13;93;4;5;2;moderate
DEBB021;"'2025-06-20 18:00'";12;95;3;5;2;moderate
DEBB021;"'2025-06-20 19:00'";11;94;4;5;2;moderate
DEBB021;"'2025-06-20 20:00'";12;94;4;5;2;moderate
DEBB021;"'2025-06-20 21:00'";14;93;5;6;2;moderate
DEBB021;"'2025-06-20 22:00'";16;85;8;7;2;moderate
DEBB021;"'2025-06-20 23:00'";18;74;12;7;2;moderate
DEBB021;"'2025-06-20 24:00'";20;59;17;8;2;good
DEBB021;"'2025-06-21 01:00'";22;63;11;8;2;good
DEBB021;"'2025-06-21 02:00'";18;61;10;7;2;good
DEBB021;"'2025-06-21 03:00'";15;53;10;7;2;good
DEBB021;"'2025-06-21 04:00'";15;40;13;7;2;good
DEBB021;"'2025-06-21 05:00'";13;36;12;8;2;good
DEBB021;"'2025-06-21 06:00'";15;31;14;8;2;good
DEBB021;"'2025-06-21 07:00'";13;32;15;8;2;good
DEBB021;"'2025-06-21 08:00'";15;42;19;7;2;good
DEBB021;"'2025-06-21 09:00'";15;64;15;7;2;good
DEBB021;"'2025-06-21 10:00'";16;85;9;7;1;moderate
DEBB021;"'2025-06-21 11:00'";15;100;5;6;1;moderate
DEBB021;"'2025-06-21 12:00'";17;105;5;6;2;moderate
DEBB021;"'2025-06-21 13:00'";22;113;5;7;2;moderate
DEBB021;"'2025-06-21 14:00'";27;115;8;8;2;moderate
DEBB021;"'2025-06-21 15:00'";23;118;5;7;2;moderate
DEBB021;"'2025-06-21 16:00'";14;120;4;7;2;moderate
DEBB021;"'2025-06-21 17:00'";15;119;5;6;2;moderate
DEBB021;"'2025-06-21 18:00'";16;117;5;6;2;moderate
DEBB021;"'2025-06-21 19:00'";16;117;4;7;2;moderate
DEBB021;"'2025-06-21 20:00'";19;114;6;7;2;moderate
DEBB021;"'2025-06-21 21:00'";41;103;7;10;2;moderate
DEBB021;"'2025-06-21 22:00'";53;76;18;14;2;moderate
DEBB021;"'2025-06-21 23:00'";74;50;30;18;3;poor
DEBB021;"'2025-06-21 24:00'";93;30;40;21;2;"very poor"
DEBB021;"'2025-06-22 01:00'";190;41;33;34;2;"very poor"
DEBB021;"'2025-06-22 02:00'";57;54;16;18;2;poor
DEBB021;"'2025-06-22 03:00'";33;41;21;14;3;moderate
DEBB021;"'2025-06-22 04:00'";25;34;21;14;2;good
DEBB021;"'2025-06-22 05:00'";27;46;14;14;2;good
DEBB021;"'2025-06-22 06:00'";28;42;16;13;1;moderate
DEBB021;"'2025-06-22 07:00'";21;36;17;13;2;good
DEBB021;"'2025-06-22 08:00'";30;54;17;14;3;moderate
DEBB021;"'2025-06-22 09:00'";22;81;11;12;3;moderate
DEBB021;"'2025-06-22 10:00'";20;108;9;9;3;moderate
DEBB021;"'2025-06-22 11:00'";16;118;5;8;2;moderate
DEBB021;"'2025-06-22 12:00'";27;123;5;8;3;moderate
DEBB021;"'2025-06-22 13:00'";28;123;7;9;3;moderate
DEBB021;"'2025-06-22 14:00'";17;129;6;9;2;moderate
DEBB021;"'2025-06-22 15:00'";25;133;6;11;2;moderate
DEBB021;"'2025-06-22 16:00'";25;137;5;10;2;moderate
DEBB021;"'2025-06-22 17:00'";24;140;7;10;2;moderate
DEBB021;"'2025-06-22 18:00'";21;144;6;11;3;moderate
DEBB021;"'2025-06-22 19:00'";24;135;7;11;2;moderate
DEBB021;"'2025-06-22 20:00'";21;130;9;11;2;moderate
DEBB021;"'2025-06-22 21:00'";25;117;10;13;2;moderate
DEBB021;"'2025-06-22 22:00'";26;111;11;13;2;moderate
DEBB021;"'2025-06-22 23:00'";22;99;13;13;2;moderate
DEBB021;"'2025-06-22 24:00'";21;97;10;13;2;moderate
DEBB021;"'2025-06-23 01:00'";22;84;12;14;2;moderate
DEBB021;"'2025-06-23 02:00'";20;88;10;14;2;moderate
DEBB021;"'2025-06-23 03:00'";21;88;8;13;2;moderate
DEBB021;"'2025-06-23 04:00'";20;88;9;13;2;moderate
DEBB021;"'2025-06-23 05:00'";25;87;7;15;2;moderate
DEBB021;"'2025-06-23 06:00'";23;78;8;15;1;moderate
DEBB021;"'2025-06-23 07:00'";19;80;9;14;2;moderate
DEBB021;"'2025-06-23 08:00'";19;91;10;13;2;moderate
DEBB021;"'2025-06-23 09:00'";18;92;10;12;2;moderate
DEBB021;"'2025-06-23 10:00'";15;90;7;9;2;moderate
DEBB021;"'2025-06-23 11:00'";16;91;8;8;2;moderate
DEBB021;"'2025-06-23 12:00'";16;86;8;7;2;moderate
DEBB021;"'2025-06-23 13:00'";18;83;5;6;2;moderate
DEBB021;"'2025-06-23 14:00'";17;82;6;6;2;moderate
DEBB021;"'2025-06-23 15:00'";17;83;6;7;1;moderate
DEBB021;"'2025-06-23 16:00'";21;84;5;7;2;moderate
DEBB021;"'2025-06-23 17:00'";18;83;5;6;2;moderate
DEBB021;"'2025-06-23 18:00'";39;89;4;8;2;moderate
DEBB021;"'2025-06-23 19:00'";9;79;5;5;2;moderate
DEBB021;"'2025-06-23 20:00'";11;80;4;5;2;moderate
DEBB021;"'2025-06-23 21:00'";9;80;4;4;2;moderate
DEBB021;"'2025-06-23 22:00'";11;78;5;6;2;moderate
DEBB021;"'2025-06-23 23:00'";11;73;6;5;2;moderate
DEBB021;"'2025-06-23 24:00'";10;70;6;5;1;good
DEBB021;"'2025-06-24 01:00'";12;65;8;6;2;good
DEBB021;"'2025-06-24 02:00'";11;70;4;5;2;good
DEBB021;"'2025-06-24 03:00'";10;68;5;4;2;good
DEBB021;"'2025-06-24 04:00'";10;64;8;4;2;good
DEBB021;"'2025-06-24 05:00'";10;62;10;4;2;good
DEBB021;"'2025-06-24 06:00'";9;62;10;5;2;good
DEBB021;"'2025-06-24 07:00'";10;63;11;4;2;good
DEBB021;"'2025-06-24 08:00'";11;62;15;4;2;good
DEBB021;"'2025-06-24 09:00'";12;74;9;5;2;moderate
DEBB021;"'2025-06-24 10:00'";13;85;6;5;2;moderate
DEBB021;"'2025-06-24 11:00'";18;91;7;6;2;moderate
DEBB021;"'2025-06-24 12:00'";17;91;7;6;3;moderate
DEBB021;"'2025-06-24 13:00'";19;94;5;6;3;moderate
DEBB021;"'2025-06-24 14:00'";16;93;6;6;2;moderate
DEBB021;"'2025-06-24 15:00'";17;94;8;6;1;moderate
DEBB021;"'2025-06-24 16:00'";20;99;6;6;1;moderate
DEBB021;"'2025-06-24 17:00'";16;102;5;6;1;moderate
DEBB021;"'2025-06-24 18:00'";16;102;5;7;1;moderate
DEBB021;"'2025-06-24 19:00'";18;100;7;8;2;moderate
DEBB021;"'2025-06-24 20:00'";15;100;6;8;1;moderate
DEBB021;"'2025-06-24 21:00'";15;98;7;9;2;moderate
DEBB021;"'2025-06-24 22:00'";17;91;9;10;2;moderate
DEBB021;"'2025-06-24 23:00'";16;83;9;9;2;moderate
DEBB021;"'2025-06-24 24:00'";12;79;8;7;2;moderate
DEBB021;"'2025-06-25 01:00'";11;74;7;6;1;moderate
DEBB021;"'2025-06-25 02:00'";9;65;7;6;1;good
DEBB021;"'2025-06-25 03:00'";10;62;7;6;2;good
DEBB021;"'2025-06-25 04:00'";10;62;6;6;2;good
DEBB021;"'2025-06-25 05:00'";10;57;6;6;2;good
DEBB021;"'2025-06-25 06:00'";11;42;10;7;2;good
DEBB021;"'2025-06-25 07:00'";12;40;12;8;2;good
DEBB021;"'2025-06-25 08:00'";13;40;13;8;2;good
DEBB021;"'2025-06-25 09:00'";14;38;15;8;2;good
DEBB021;"'2025-06-25 10:00'";11;41;11;8;2;good
DEBB021;"'2025-06-25 11:00'";9;53;9;6;2;good
DEBB021;"'2025-06-25 12:00'";10;65;6;6;2;good
DEBB021;"'2025-06-25 13:00'";10;72;4;5;2;good
DEBB021;"'2025-06-25 14:00'";10;73;5;5;3;moderate
DEBB021;"'2025-06-25 15:00'";10;74;5;5;3;moderate
DEBB021;"'2025-06-25 16:00'";10;68;5;6;2;good
DEBB021;"'2025-06-25 17:00'";10;72;4;6;2;good
DEBB021;"'2025-06-25 18:00'";10;75;4;6;2;moderate
DEBB021;"'2025-06-25 19:00'";11;75;4;6;3;moderate
DEBB021;"'2025-06-25 20:00'";9;75;4;6;3;moderate
DEBB021;"'2025-06-25 21:00'";9;71;5;6;2;good
DEBB021;"'2025-06-25 22:00'";8;65;6;5;2;good
DEBB021;"'2025-06-25 23:00'";9;59;8;6;2;good
DEBB021;"'2025-06-25 24:00'";10;46;13;6;2;good
DEBB021;"'2025-06-26 01:00'";9;33;18;5;2;good
DEBB021;"'2025-06-26 02:00'";9;22;18;5;2;good
DEBB021;"'2025-06-26 03:00'";10;24;14;5;1;good
DEBB021;"'2025-06-26 04:00'";9;18;15;6;1;good
DEBB021;"'2025-06-26 05:00'";10;29;10;5;1;good
DEBB021;"'2025-06-26 06:00'";12;30;14;7;2;good
DEBB021;"'2025-06-26 07:00'";12;32;16;6;2;good
DEBB021;"'2025-06-26 08:00'";14;41;16;6;2;good
DEBB021;"'2025-06-26 09:00'";14;53;13;6;2;good
DEBB021;"'2025-06-26 10:00'";13;64;8;6;2;good
DEBB021;"'2025-06-26 11:00'";38;69;9;9;2;moderate
DEBB021;"'2025-06-26 12:00'";20;77;7;8;2;moderate
DEBB021;"'2025-06-26 13:00'";17;82;8;8;2;moderate
DEBB021;"'2025-06-26 14:00'";18;89;8;7;2;moderate
DEBB021;"'2025-06-26 15:00'";20;106;7;8;2;moderate
DEBB021;"'2025-06-26 16:00'";22;117;7;9;2;moderate
DEBB021;"'2025-06-26 17:00'";20;127;9;9;2;moderate
DEBB021;"'2025-06-26 18:00'";23;130;6;9;2;moderate
DEBB021;"'2025-06-26 19:00'";20;105;5;6;1;moderate
DEBB021;"'2025-06-26 20:00'";8;96;6;5;2;moderate
DEBB021;"'2025-06-26 21:00'";9;94;7;5;2;moderate
DEBB021;"'2025-06-26 22:00'";10;89;8;6;2;moderate
DEBB021;"'2025-06-26 23:00'";9;84;6;6;2;moderate
DEBB021;"'2025-06-26 24:00'";12;79;7;7;2;moderate
DEBB021;"'2025-06-27 01:00'";13;74;7;8;2;moderate
DEBB021;"'2025-06-27 02:00'";15;69;8;9;2;good
DEBB021;"'2025-06-27 03:00'";14;65;9;10;2;good
DEBB021;"'2025-06-27 04:00'";13;55;7;9;2;good
DEBB021;"'2025-06-27 05:00'";13;49;8;8;2;good
DEBB021;"'2025-06-27 06:00'";12;45;10;7;2;good
DEBB021;"'2025-06-27 07:00'";11;44;9;6;2;good
DEBB021;"'2025-06-27 08:00'";10;45;9;5;2;good
DEBB021;"'2025-06-27 09:00'";11;49;8;6;2;good
DEBB021;"'2025-06-27 10:00'";12;69;7;6;2;good
DEBB021;"'2025-06-27 11:00'";14;76;6;6;2;moderate
DEBB021;"'2025-06-27 12:00'";13;77;6;7;2;moderate
DEBB021;"'2025-06-27 13:00'";12;72;6;6;2;good
DEBB021;"'2025-06-27 14:00'";10;69;5;6;2;good
DEBB021;"'2025-06-27 15:00'";10;75;5;6;2;moderate
DEBB021;"'2025-06-27 16:00'";11;76;6;7;2;moderate
DEBB021;"'2025-06-27 17:00'";10;71;6;7;2;good
DEBB021;"'2025-06-27 18:00'";8;78;4;5;2;moderate
DEBB021;"'2025-06-27 19:00'";8;75;5;5;2;moderate
DEBB021;"'2025-06-27 20:00'";8;75;5;5;2;moderate
DEBB021;"'2025-06-27 21:00'";8;71;6;6;2;good
DEBB021;"'2025-06-27 22:00'";9;66;7;6;2;good
DEBB021;"'2025-06-27 23:00'";10;64;7;7;2;good
DEBB021;"'2025-06-27 24:00'";10;64;7;6;2;good
DEBB021;"'2025-06-28 01:00'";11;58;10;7;2;good
DEBB021;"'2025-06-28 02:00'";10;56;13;7;2;good
DEBB021;"'2025-06-28 03:00'";10;55;13;7;2;good
DEBB021;"'2025-06-28 04:00'";11;54;13;7;2;good
DEBB021;"'2025-06-28 05:00'";12;51;11;8;2;good
DEBB021;"'2025-06-28 06:00'";12;48;9;8;2;good
DEBB021;"'2025-06-28 07:00'";12;50;10;8;2;good
DEBB021;"'2025-06-28 08:00'";14;61;9;8;2;good
DEBB021;"'2025-06-28 09:00'";11;75;7;7;2;moderate
DEBB021;"'2025-06-28 10:00'";13;87;8;8;2;moderate
DEBB021;"'2025-06-28 11:00'";13;95;5;8;2;moderate
DEBB021;"'2025-06-28 12:00'";13;95;6;8;2;moderate
DEBB021;"'2025-06-28 13:00'";14;98;6;9;2;moderate
DEBB021;"'2025-06-28 14:00'";12;98;6;7;2;moderate
DEBB021;"'2025-06-28 15:00'";10;96;5;6;2;moderate
DEBB021;"'2025-06-28 16:00'";11;97;5;6;2;moderate
DEBB021;"'2025-06-28 17:00'";12;98;4;7;2;moderate
DEBB021;"'2025-06-28 18:00'";12;100;5;8;2;moderate
DEBB021;"'2025-06-28 19:00'";12;100;6;8;2;moderate
DEBB021;"'2025-06-28 20:00'";16;96;6;11;2;moderate
DEBB021;"'2025-06-28 21:00'";13;91;7;9;2;moderate
DEBB021;"'2025-06-28 22:00'";16;83;7;10;2;moderate
DEBB021;"'2025-06-28 23:00'";14;75;8;8;2;moderate
DEBB021;"'2025-06-28 24:00'";12;67;8;7;2;good
DEBB021;"'2025-06-29 01:00'";11;63;8;7;2;good
DEBB021;"'2025-06-29 02:00'";14;61;8;9;2;good
DEBB021;"'2025-06-29 03:00'";11;56;7;7;2;good
DEBB021;"'2025-06-29 04:00'";10;51;6;7;3;good
DEBB021;"'2025-06-29 05:00'";12;45;11;8;3;good
DEBB021;"'2025-06-29 06:00'";13;41;11;9;3;good
DEBB021;"'2025-06-29 07:00'";12;46;8;8;2;good
DEBB021;"'2025-06-29 08:00'";12;56;6;8;3;good
DEBB021;"'2025-06-29 09:00'";11;65;5;7;3;good
DEBB021;"'2025-06-29 10:00'";10;71;5;6;3;good
DEBB021;"'2025-06-29 11:00'";10;76;5;6;3;moderate
DEBB021;"'2025-06-29 12:00'";10;79;5;6;2;moderate
DEBB021;"'2025-06-29 13:00'";11;83;4;6;2;moderate
DEBB021;"'2025-06-29 14:00'";11;83;5;6;2;moderate
DEBB021;"'2025-06-29 15:00'";14;84;4;8;2;moderate
DEBB021;"'2025-06-29 16:00'";11;83;4;7;3;moderate
DEBB021;"'2025-06-29 17:00'";12;82;3;6;3;moderate
DEBB021;"'2025-06-29 18:00'";10;82;3;5;2;moderate
DEBB021;"'2025-06-29 19:00'";10;79;4;5;2;moderate
DEBB021;"'2025-06-29 20:00'";10;79;4;5;2;moderate
DEBB021;"'2025-06-29 21:00'";9;80;4;4;2;moderate
DEBB021;"'2025-06-29 22:00'";9;84;5;4;2;moderate
DEBB021;"'2025-06-29 23:00'";11;78;6;6;2;moderate
DEBB021;"'2025-06-29 24:00'";10;70;5;6;2;good
DEBB021;"'2025-06-30 01:00'";11;66;5;6;2;good
DEBB021;"'2025-06-30 02:00'";11;64;6;6;2;good
DEBB021;"'2025-06-30 03:00'";11;65;6;7;1;good
DEBB021;"'2025-06-30 04:00'";12;61;6;7;2;good
DEBB021;"'2025-06-30 05:00'";14;57;7;7;2;good
DEBB021;"'2025-06-30 06:00'";15;55;8;8;2;good
DEBB021;"'2025-06-30 07:00'";13;55;8;8;2;good
DEBB021;"'2025-06-30 08:00'";14;60;6;8;2;good
DEBB021;"'2025-06-30 09:00'";16;62;5;9;2;good
DEBB021;"'2025-06-30 10:00'";14;65;5;8;2;good
DEBB021;"'2025-06-30 11:00'";14;68;5;7;2;good
DEBB021;"'2025-06-30 12:00'";13;72;4;7;2;good
DEBB021;"'2025-06-30 13:00'";12;74;4;5;2;moderate
DEBB021;"'2025-06-30 14:00'";10;77;4;5;3;moderate
DEBB021;"'2025-06-30 15:00'";10;80;4;4;3;moderate
DEBB021;"'2025-06-30 16:00'";10;84;4;5;2;moderate
DEBB021;"'2025-06-30 17:00'";11;89;4;5;2;moderate
DEBB021;"'2025-06-30 18:00'";11;93;4;6;2;moderate
DEBB021;"'2025-06-30 19:00'";11;94;4;5;2;moderate
DEBB021;"'2025-06-30 20:00'";12;94;5;6;2;moderate
DEBB021;"'2025-06-30 21:00'";12;90;5;6;2;moderate
DEBB021;"'2025-06-30 22:00'";14;76;9;6;2;moderate
DEBB021;"'2025-06-30 23:00'";14;67;10;6;2;good
DEBB021;"'2025-06-30 24:00'";13;62;10;7;2;good
DEBB021;"'2025-07-01 01:00'";13;57;10;7;1;good
DEBB021;"'2025-07-01 02:00'";12;53;12;7;2;good
DEBB021;"'2025-07-01 03:00'";12;56;11;7;2;good
DEBB021;"'2025-07-01 04:00'";12;59;9;7;2;good
DEBB021;"'2025-07-01 05:00'";12;56;9;7;2;good
DEBB021;"'2025-07-01 06:00'";14;51;11;7;2;good
DEBB021;"'2025-07-01 07:00'";15;48;16;8;2;good
DEBB021;"'2025-07-01 08:00'";19;52;19;8;3;good
DEBB021;"'2025-07-01 09:00'";47;62;19;12;4;moderate
DEBB021;"'2025-07-01 10:00'";22;82;13;8;3;moderate
DEBB021;"'2025-07-01 11:00'";18;93;7;7;3;moderate
DEBB021;"'2025-07-01 12:00'";18;101;7;7;2;moderate
DEBB021;"'2025-07-01 13:00'";18;105;5;7;2;moderate
DEBB021;"'2025-07-01 14:00'";20;108;6;6;2;moderate
DEBB021;"'2025-07-01 15:00'";15;109;6;6;2;moderate
DEBB021;"'2025-07-01 16:00'";14;115;6;5;2;moderate
DEBB021;"'2025-07-01 17:00'";14;127;6;6;2;moderate
DEBB021;"'2025-07-01 18:00'";17;128;6;6;2;moderate
DEBB021;"'2025-07-01 19:00'";16;123;7;6;2;moderate
DEBB021;"'2025-07-01 20:00'";16;122;7;6;2;moderate
DEBB021;"'2025-07-01 21:00'";19;115;10;6;2;moderate
DEBB021;"'2025-07-01 22:00'";16;101;13;7;2;moderate
DEBB021;"'2025-07-01 23:00'";17;85;12;7;2;moderate
DEBB021;"'2025-07-01 24:00'";15;77;13;7;2;moderate
DEBB021;"'2025-07-02 01:00'";14;66;18;7;2;good
DEBB021;"'2025-07-02 02:00'";15;60;17;7;2;good
DEBB021;"'2025-07-02 03:00'";15;59;15;8;2;good
DEBB021;"'2025-07-02 04:00'";16;55;15;8;2;good
DEBB021;"'2025-07-02 05:00'";16;51;16;9;2;good
DEBB021;"'2025-07-02 06:00'";21;43;20;10;2;good
DEBB021;"'2025-07-02 07:00'";21;46;27;11;3;good
DEBB021;"'2025-07-02 08:00'";30;64;27;13;4;moderate
DEBB021;"'2025-07-02 09:00'";29;90;24;12;3;moderate
DEBB021;"'2025-07-02 10:00'";32;122;16;11;3;moderate
DEBB021;"'2025-07-02 11:00'";26;139;12;9;3;moderate
DEBB021;"'2025-07-02 12:00'";23;135;7;8;3;moderate
DEBB021;"'2025-07-02 13:00'";25;134;7;8;3;moderate
DEBB021;"'2025-07-02 14:00'";19;132;6;6;3;moderate
DEBB021;"'2025-07-02 15:00'";19;132;6;6;2;moderate
DEBB021;"'2025-07-02 16:00'";15;135;6;5;2;moderate
DEBB021;"'2025-07-02 17:00'";17;136;6;5;2;moderate
DEBB021;"'2025-07-02 18:00'";15;140;8;6;2;moderate
DEBB021;"'2025-07-02 19:00'";22;141;8;14;2;moderate
DEBB021;"'2025-07-02 20:00'";23;136;8;13;2;moderate
DEBB021;"'2025-07-02 21:00'";27;119;11;12;2;moderate
DEBB021;"'2025-07-02 22:00'";26;102;18;12;2;moderate
DEBB021;"'2025-07-02 23:00'";32;69;34;17;3;moderate
DEBB021;"'2025-07-02 24:00'";28;73;27;15;2;moderate
DEBB021;"'2025-07-03 01:00'";32;103;10;16;2;moderate
DEBB021;"'2025-07-03 02:00'";52;101;7;16;2;moderate
DEBB021;"'2025-07-03 03:00'";34;109;5;12;2;moderate
DEBB021;"'2025-07-03 04:00'";22;107;5;9;2;moderate
DEBB021;"'2025-07-03 05:00'";20;100;6;10;2;moderate
DEBB021;"'2025-07-03 06:00'";20;99;6;9;2;moderate
DEBB021;"'2025-07-03 07:00'";15;99;7;8;2;moderate
DEBB021;"'2025-07-03 08:00'";14;93;8;8;2;moderate
DEBB021;"'2025-07-03 09:00'";15;81;9;10;2;moderate
DEBB021;"'2025-07-03 10:00'";13;75;7;8;2;moderate
DEBB021;"'2025-07-03 11:00'";10;75;6;7;2;moderate
DEBB021;"'2025-07-03 12:00'";12;77;6;8;2;moderate
DEBB021;"'2025-07-03 13:00'";12;87;5;6;2;moderate
DEBB021;"'2025-07-03 14:00'";10;92;4;5;2;moderate
DEBB021;"'2025-07-03 15:00'";12;93;5;5;2;moderate
DEBB021;"'2025-07-03 16:00'";10;94;5;4;2;moderate
DEBB021;"'2025-07-03 17:00'";10;94;4;3;2;moderate
DEBB021;"'2025-07-03 18:00'";9;95;4;4;2;moderate
DEBB021;"'2025-07-03 19:00'";9;93;4;4;2;moderate
DEBB021;"'2025-07-03 20:00'";11;91;4;5;2;moderate
DEBB021;"'2025-07-03 21:00'";10;87;4;4;2;moderate
DEBB021;"'2025-07-03 22:00'";13;79;5;7;2;moderate
DEBB021;"'2025-07-03 23:00'";18;70;8;11;2;good
DEBB021;"'2025-07-03 24:00'";19;68;7;13;2;good
DEBB021;"'2025-07-04 01:00'";13;66;6;7;2;good
DEBB021;"'2025-07-04 02:00'";11;60;7;6;2;good
DEBB021;"'2025-07-04 03:00'";11;57;8;6;2;good
DEBB021;"'2025-07-04 04:00'";12;55;8;5;2;good
DEBB021;"'2025-07-04 05:00'";13;46;11;6;2;good
DEBB021;"'2025-07-04 06:00'";19;46;11;6;2;good
DEBB021;"'2025-07-04 07:00'";16;53;9;6;2;good
DEBB021;"'2025-07-04 08:00'";12;61;8;5;2;good
DEBB021;"'2025-07-04 09:00'";15;61;8;6;2;good
DEBB021;"'2025-07-04 10:00'";12;72;5;6;2;good
DEBB021;"'2025-07-04 11:00'";12;76;5;5;2;moderate
DEBB021;"'2025-07-04 12:00'";13;79;5;4;2;moderate
DEBB021;"'2025-07-04 13:00'";10;81;4;5;2;moderate
DEBB021;"'2025-07-04 14:00'";10;83;4;5;2;moderate
DEBB021;"'2025-07-04 15:00'";9;83;4;4;2;moderate
DEBB021;"'2025-07-04 16:00'";10;85;4;4;1;moderate
DEBB021;"'2025-07-04 17:00'";10;87;4;4;1;moderate
DEBB021;"'2025-07-04 18:00'";10;90;4;4;1;moderate
DEBB021;"'2025-07-04 19:00'";14;91;4;4;1;moderate
DEBB021;"'2025-07-04 20:00'";13;88;5;6;1;moderate
DEBB021;"'2025-07-04 21:00'";15;84;7;5;1;moderate
DEBB021;"'2025-07-04 22:00'";19;74;9;5;1;moderate
DEBB021;"'2025-07-04 23:00'";52;55;18;10;1;moderate
DEBB021;"'2025-07-04 24:00'";61;52;17;11;1;poor
DEBB021;"'2025-07-05 01:00'";26;47;16;9;1;good
DEBB021;"'2025-07-05 02:00'";40;37;19;10;2;moderate
DEBB021;"'2025-07-05 03:00'";20;42;15;7;1;good
DEBB021;"'2025-07-05 04:00'";17;56;10;6;1;good
DEBB021;"'2025-07-05 05:00'";10;69;7;5;1;good
DEBB021;"'2025-07-05 06:00'";44;62;10;9;1;moderate
DEBB021;"'2025-07-05 07:00'";20;44;18;7;1;good
DEBB021;"'2025-07-05 08:00'";18;60;13;6;2;good
DEBB021;"'2025-07-05 09:00'";18;86;7;7;2;moderate
DEBB021;"'2025-07-05 10:00'";26;97;6;15;2;moderate
DEBB021;"'2025-07-05 11:00'";33;101;8;15;2;moderate
DEBB021;"'2025-07-05 12:00'";29;106;7;7;2;moderate
DEBB021;"'2025-07-05 13:00'";15;106;5;5;2;moderate
DEBB021;"'2025-07-05 14:00'";22;107;6;6;2;moderate
DEBB021;"'2025-07-05 15:00'";14;114;5;5;2;moderate
DEBB021;"'2025-07-05 16:00'";13;120;5;5;2;moderate
DEBB021;"'2025-07-05 17:00'";15;126;6;5;2;moderate
DEBB021;"'2025-07-05 18:00'";13;126;6;6;2;moderate
DEBB021;"'2025-07-05 19:00'";14;124;6;5;2;moderate
DEBB021;"'2025-07-05 20:00'";14;122;6;6;3;moderate
DEBB021;"'2025-07-05 21:00'";15;118;7;6;2;moderate
DEBB021;"'2025-07-05 22:00'";14;108;7;6;2;moderate
DEBB021;"'2025-07-05 23:00'";19;101;7;9;2;moderate
DEBB021;"'2025-07-05 24:00'";18;90;7;11;2;moderate
DEBB021;"'2025-07-06 01:00'";17;78;9;8;2;moderate
DEBB021;"'2025-07-06 02:00'";23;68;11;8;2;good
DEBB021;"'2025-07-06 03:00'";14;67;9;6;2;good
DEBB021;"'2025-07-06 04:00'";12;71;8;5;2;good
DEBB021;"'2025-07-06 05:00'";11;69;9;6;2;good
DEBB021;"'2025-07-06 06:00'";13;79;8;6;2;moderate
DEBB021;"'2025-07-06 07:00'";13;81;7;7;2;moderate
DEBB021;"'2025-07-06 08:00'";26;82;10;9;2;moderate
DEBB021;"'2025-07-06 09:00'";36;86;8;11;2;moderate
DEBB021;"'2025-07-06 10:00'";20;90;6;7;2;moderate
DEBB021;"'2025-07-06 11:00'";15;97;5;6;2;moderate
DEBB021;"'2025-07-06 12:00'";14;98;7;6;2;moderate
DEBB021;"'2025-07-06 13:00'";21;100;7;6;2;moderate
DEBB021;"'2025-07-06 14:00'";17;95;6;5;2;moderate
DEBB021;"'2025-07-06 15:00'";21;93;5;5;2;moderate
DEBB021;"'2025-07-06 16:00'";19;87;6;4;2;moderate
DEBB021;"'2025-07-06 17:00'";13;86;4;3;2;moderate
DEBB021;"'2025-07-06 18:00'";13;86;5;4;2;moderate
DEBB021;"'2025-07-06 19:00'";14;97;5;6;2;moderate
DEBB021;"'2025-07-06 20:00'";10;116;6;4;2;moderate
DEBB021;"'2025-07-06 21:00'";8;115;5;4;2;moderate
DEBB021;"'2025-07-06 22:00'";10;108;6;5;2;moderate
DEBB021;"'2025-07-06 23:00'";10;104;6;5;2;moderate
DEBB021;"'2025-07-06 24:00'";9;105;5;4;1;moderate
DEBB021;"'2025-07-07 01:00'";9;102;5;4;2;moderate
DEBB021;"'2025-07-07 02:00'";7;93;6;4;2;moderate
DEBB021;"'2025-07-07 03:00'";6;87;6;3;2;moderate
DEBB021;"'2025-07-07 04:00'";6;79;8;3;2;moderate
DEBB021;"'2025-07-07 05:00'";6;68;7;3;1;good
DEBB021;"'2025-07-07 06:00'";7;59;7;3;0.8;good
DEBB021;"'2025-07-07 07:00'";7;53;10;4;1;good
DEBB021;"'2025-07-07 08:00'";10;52;12;5;0.9;good
DEBB021;"'2025-07-07 09:00'";9;57;11;4;0.5;good
DEBB021;"'2025-07-07 10:00'";8;58;8;3;0.5;good
DEBB021;"'2025-07-07 11:00'";14;56;10;4;0.5;good
DEBB021;"'2025-07-07 12:00'";7;51;8;3;0.5;good
DEBB021;"'2025-07-07 13:00'";8;47;10;4;0.5;good
DEBB021;"'2025-07-07 14:00'";14;59;7;5;0.5;good
DEBB021;"'2025-07-07 15:00'";5;65;7;3;0.5;good
DEBB021;"'2025-07-07 16:00'";4;75;5;2;0.9;moderate
DEBB021;"'2025-07-07 17:00'";6;81;6;3;1;moderate
DEBB021;"'2025-07-07 18:00'";9;81;7;4;1;moderate
DEBB021;"'2025-07-07 19:00'";6;74;7;3;1;moderate
DEBB021;"'2025-07-07 20:00'";7;64;8;3;2;good
DEBB021;"'2025-07-07 21:00'";6;55;11;4;2;good
DEBB021;"'2025-07-07 22:00'";8;85;6;4;2;moderate
DEBB021;"'2025-07-07 23:00'";6;64;11;3;1;good
DEBB021;"'2025-07-07 24:00'";7;57;10;3;1;good
DEBB021;"'2025-07-08 01:00'";8;48;6;5;1;good
DEBB021;"'2025-07-08 02:00'";7;48;5;4;1;good
DEBB021;"'2025-07-08 03:00'";7;47;4;4;1;good
DEBB021;"'2025-07-08 04:00'";8;42;5;5;1;good
DEBB021;"'2025-07-08 05:00'";9;41;5;5;2;good
DEBB021;"'2025-07-08 06:00'";10;43;6;5;1;good
DEBB021;"'2025-07-08 07:00'";11;46;7;5;1;good
DEBB021;"'2025-07-08 08:00'";14;46;8;6;1;good
DEBB021;"'2025-07-08 09:00'";13;50;6;6;1;good
DEBB021;"'2025-07-08 10:00'";-;58;5;-;1;good
DEBB021;"'2025-07-08 11:00'";13;63;5;6;1;good
DEBB021;"'2025-07-08 12:00'";12;70;5;6;1;good
DEBB021;"'2025-07-08 13:00'";14;72;5;8;1;good
DEBB021;"'2025-07-08 14:00'";11;76;5;6;2;moderate
DEBB021;"'2025-07-08 15:00'";11;80;4;5;1;moderate
DEBB021;"'2025-07-08 16:00'";9;81;5;4;2;moderate
DEBB021;"'2025-07-08 17:00'";11;80;4;5;2;moderate
DEBB021;"'2025-07-08 18:00'";9;82;4;5;1;moderate
DEBB021;"'2025-07-08 19:00'";9;81;4;5;2;moderate
DEBB021;"'2025-07-08 20:00'";12;80;5;6;1;moderate
DEBB021;"'2025-07-08 21:00'";13;76;7;8;2;moderate
DEBB021;"'2025-07-08 22:00'";12;75;6;7;1;moderate
DEBB021;"'2025-07-08 23:00'";12;72;5;7;1;good
DEBB021;"'2025-07-08 24:00'";10;67;5;6;1;good
DEBB021;"'2025-07-09 01:00'";8;63;6;4;1;good
DEBB021;"'2025-07-09 02:00'";7;60;5;4;2;good
DEBB021;"'2025-07-09 03:00'";7;59;5;4;2;good
DEBB021;"'2025-07-09 04:00'";8;58;5;5;2;good
DEBB021;"'2025-07-09 05:00'";8;56;5;5;0.8;good
DEBB021;"'2025-07-09 06:00'";8;53;6;5;0.5;good
DEBB021;"'2025-07-09 07:00'";8;52;7;5;0.5;good
DEBB021;"'2025-07-09 08:00'";8;57;6;5;0.5;good
DEBB021;"'2025-07-09 09:00'";8;57;6;5;0.5;good
DEBB021;"'2025-07-09 10:00'";9;54;7;5;0.5;good
DEBB021;"'2025-07-09 11:00'";7;53;7;4;0.5;good
DEBB021;"'2025-07-09 12:00'";5;56;7;3;0.5;good
DEBB021;"'2025-07-09 13:00'";7;57;6;5;0.5;good
DEBB021;"'2025-07-09 14:00'";9;59;5;4;0.9;good
DEBB021;"'2025-07-09 15:00'";11;59;5;5;1;good
DEBB021;"'2025-07-09 16:00'";9;68;4;5;1;good
DEBB021;"'2025-07-09 17:00'";9;68;4;5;1;good
DEBB021;"'2025-07-09 18:00'";8;66;4;4;1;good
DEBB021;"'2025-07-09 19:00'";9;65;4;4;0.8;good
DEBB021;"'2025-07-09 20:00'";9;66;4;5;1;good
DEBB021;"'2025-07-09 21:00'";9;64;5;5;2;good
DEBB021;"'2025-07-09 22:00'";10;61;6;6;2;good
DEBB021;"'2025-07-09 23:00'";10;59;5;6;0.5;good
DEBB021;"'2025-07-09 24:00'";10;58;5;6;0.5;good
DEBB021;"'2025-07-10 01:00'";13;55;6;8;0.8;good
DEBB021;"'2025-07-10 02:00'";9;58;5;5;1;good
DEBB021;"'2025-07-10 03:00'";9;56;5;5;0.9;good
DEBB021;"'2025-07-10 04:00'";9;54;5;5;0.5;good
DEBB021;"'2025-07-10 05:00'";9;52;5;6;0.5;good
DEBB021;"'2025-07-10 06:00'";10;50;6;6;0.5;good
DEBB021;"'2025-07-10 07:00'";10;49;7;6;0.5;good
DEBB021;"'2025-07-10 08:00'";11;53;6;7;0.5;good
DEBB021;"'2025-07-10 09:00'";16;54;5;8;0.5;good
DEBB021;"'2025-07-10 10:00'";13;60;4;8;0.5;good
DEBB021;"'2025-07-10 11:00'";14;63;4;8;0.9;good
DEBB021;"'2025-07-10 12:00'";13;66;5;8;1;good
DEBB021;"'2025-07-10 13:00'";13;70;4;8;0.5;good
DEBB021;"'2025-07-10 14:00'";13;72;4;8;0.5;good
DEBB021;"'2025-07-10 15:00'";11;75;5;6;0.8;moderate
DEBB021;"'2025-07-10 16:00'";8;74;6;4;1;moderate
DEBB021;"'2025-07-10 17:00'";6;71;6;4;1;good
DEBB021;"'2025-07-10 18:00'";8;66;7;5;0.5;good
DEBB021;"'2025-07-10 19:00'";10;60;9;7;0.5;good
DEBB021;"'2025-07-10 20:00'";10;63;7;7;0.5;good
DEBB021;"'2025-07-10 21:00'";8;62;6;5;1;good
DEBB021;"'2025-07-10 22:00'";11;54;8;7;1;good
DEBB021;"'2025-07-10 23:00'";12;50;8;8;0.8;good
DEBB021;"'2025-07-10 24:00'";14;42;9;10;0.5;good
DEBB021;"'2025-07-11 01:00'";10;31;12;6;0.5;good
DEBB021;"'2025-07-11 02:00'";11;28;13;7;0.9;good
DEBB021;"'2025-07-11 03:00'";10;27;10;6;1;good
DEBB021;"'2025-07-11 04:00'";10;26;9;6;0.8;good
DEBB021;"'2025-07-11 05:00'";10;28;10;6;0.8;good
DEBB021;"'2025-07-11 06:00'";11;29;10;6;2;good
DEBB021;"'2025-07-11 07:00'";11;35;10;6;1;good
DEBB021;"'2025-07-11 08:00'";11;43;11;6;0.8;good
DEBB021;"'2025-07-11 09:00'";11;61;7;5;0.5;good
DEBB021;"'2025-07-11 10:00'";11;66;6;5;0.8;good
DEBB021;"'2025-07-11 11:00'";11;72;5;5;0.8;good
DEBB021;"'2025-07-11 12:00'";10;75;5;5;1;moderate
DEBB021;"'2025-07-11 13:00'";12;78;5;5;0.5;moderate
DEBB021;"'2025-07-11 14:00'";12;79;5;6;0.5;moderate
DEBB021;"'2025-07-11 15:00'";13;80;5;6;1;moderate
DEBB021;"'2025-07-11 16:00'";13;76;6;6;0.8;moderate
DEBB021;"'2025-07-11 17:00'";12;78;5;6;1;moderate
DEBB021;"'2025-07-11 18:00'";12;81;4;6;1;moderate
DEBB021;"'2025-07-11 19:00'";12;79;5;6;1;moderate
DEBB021;"'2025-07-11 20:00'";12;80;5;6;1;moderate
DEBB021;"'2025-07-11 21:00'";10;75;5;6;1;moderate
DEBB021;"'2025-07-11 22:00'";10;69;5;6;1;good
DEBB021;"'2025-07-11 23:00'";8;70;5;5;1;good
DEBB021;"'2025-07-11 24:00'";9;64;5;7;1;good
DEBB021;"'2025-07-12 01:00'";8;56;6;5;1;good
DEBB021;"'2025-07-12 02:00'";8;56;6;5;1;good
DEBB021;"'2025-07-12 03:00'";9;55;5;6;1;good
DEBB021;"'2025-07-12 04:00'";10;55;5;7;2;good
DEBB021;"'2025-07-12 05:00'";9;51;5;6;0.8;good
DEBB021;"'2025-07-12 06:00'";12;49;5;7;0.5;good
DEBB021;"'2025-07-12 07:00'";11;48;5;7;0.5;good
DEBB021;"'2025-07-12 08:00'";10;47;5;6;1;good
DEBB021;"'2025-07-12 09:00'";8;48;5;6;1;good
DEBB021;"'2025-07-12 10:00'";8;46;6;6;1;good
DEBB021;"'2025-07-12 11:00'";8;43;7;6;2;good
DEBB021;"'2025-07-12 12:00'";9;41;7;7;2;good
DEBB021;"'2025-07-12 13:00'";10;47;6;7;0.5;good
DEBB021;"'2025-07-12 14:00'";12;41;8;9;0.5;good
DEBB021;"'2025-07-12 15:00'";13;40;7;9;0.5;good
DEBB021;"'2025-07-12 16:00'";13;39;7;9;0.5;good
DEBB021;"'2025-07-12 17:00'";9;41;6;7;0.5;good
DEBB021;"'2025-07-12 18:00'";9;41;6;6;0.5;good
DEBB021;"'2025-07-12 19:00'";8;43;6;6;0.5;good
DEBB021;"'2025-07-12 20:00'";7;41;7;5;0.5;good
DEBB021;"'2025-07-12 21:00'";8;39;7;6;1;good
DEBB021;"'2025-07-12 22:00'";9;35;7;6;1;good
DEBB021;"'2025-07-12 23:00'";9;31;7;5;1;good
DEBB021;"'2025-07-12 24:00'";9;27;7;5;1;good
DEBB021;"'2025-07-13 01:00'";12;26;7;6;2;good
DEBB021;"'2025-07-13 02:00'";9;32;6;5;0.8;good
DEBB021;"'2025-07-13 03:00'";9;40;4;4;0.5;good
DEBB021;"'2025-07-13 04:00'";12;33;6;6;0.5;good
DEBB021;"'2025-07-13 05:00'";17;32;5;8;0.5;good
DEBB021;"'2025-07-13 06:00'";14;33;5;7;0.5;good
DEBB021;"'2025-07-13 07:00'";8;32;5;5;0.5;good
DEBB021;"'2025-07-13 08:00'";6;31;5;4;1;good
DEBB021;"'2025-07-13 09:00'";5;35;5;3;0.9;good
DEBB021;"'2025-07-13 10:00'";7;38;5;4;0.5;good
DEBB021;"'2025-07-13 11:00'";8;40;4;5;0.5;good
DEBB021;"'2025-07-13 12:00'";11;45;5;7;0.9;good
DEBB021;"'2025-07-13 13:00'";11;48;5;7;0.5;good
DEBB021;"'2025-07-13 14:00'";12;57;4;8;0.8;good
DEBB021;"'2025-07-13 15:00'";11;59;4;7;0.9;good
DEBB021;"'2025-07-13 16:00'";11;64;4;7;1;good
DEBB021;"'2025-07-13 17:00'";11;65;5;7;1;good
DEBB021;"'2025-07-13 18:00'";12;71;5;7;1;good
DEBB021;"'2025-07-13 19:00'";10;72;5;7;1;good
DEBB021;"'2025-07-13 20:00'";10;72;5;7;1;good
DEBB021;"'2025-07-13 21:00'";8;67;5;5;0.5;good
DEBB021;"'2025-07-13 22:00'";8;52;9;4;0.5;good
DEBB021;"'2025-07-13 23:00'";8;37;11;5;0.5;good
DEBB021;"'2025-07-13 24:00'";10;27;14;5;0.5;good
DEBB021;"'2025-07-14 01:00'";10;21;15;6;0.8;good
DEBB021;"'2025-07-14 02:00'";10;13;18;6;1;good
DEBB021;"'2025-07-14 03:00'";11;12;20;7;1;good
DEBB021;"'2025-07-14 04:00'";11;8;17;7;1;good
DEBB021;"'2025-07-14 05:00'";11;9;15;7;0.8;good
DEBB021;"'2025-07-14 06:00'";11;9;15;7;0.5;good
DEBB021;"'2025-07-14 07:00'";14;16;15;10;0.5;good
DEBB021;"'2025-07-14 08:00'";15;23;18;10;0.9;good
DEBB021;"'2025-07-14 09:00'";14;44;14;9;2;good
DEBB021;"'2025-07-14 10:00'";15;66;9;8;2;good
DEBB021;"'2025-07-14 11:00'";11;81;8;6;0.9;moderate
DEBB021;"'2025-07-14 12:00'";13;84;9;7;0.8;moderate
DEBB021;"'2025-07-14 13:00'";-;83;7;-;-;moderate
DEBB021;"'2025-07-14 14:00'";13;92;7;8;0.5;moderate
DEBB021;"'2025-07-14 15:00'";15;104;6;10;0.5;moderate
DEBB021;"'2025-07-14 16:00'";17;112;6;11;0.5;moderate
DEBB021;"'2025-07-14 17:00'";16;105;6;9;0.5;moderate
DEBB021;"'2025-07-14 18:00'";16;110;5;9;0.5;moderate
DEBB021;"'2025-07-14 19:00'";16;113;5;10;0.5;moderate
DEBB021;"'2025-07-14 20:00'";15;100;7;9;0.5;moderate
DEBB021;"'2025-07-14 21:00'";14;104;7;10;0.5;moderate
DEBB021;"'2025-07-14 22:00'";13;80;17;9;0.5;moderate
DEBB021;"'2025-07-14 23:00'";16;61;22;11;0.5;good
DEBB021;"'2025-07-14 24:00'";15;46;21;11;0.5;good
DEBB021;"'2025-07-15 01:00'";16;48;15;11;0.5;good
DEBB021;"'2025-07-15 02:00'";17;41;18;12;0.5;good
DEBB021;"'2025-07-15 03:00'";17;31;17;12;0.5;good
DEBB021;"'2025-07-15 04:00'";17;41;14;13;0.5;good
DEBB021;"'2025-07-15 05:00'";18;36;16;14;0.5;good
DEBB021;"'2025-07-15 06:00'";19;41;14;14;0.5;good
DEBB021;"'2025-07-15 07:00'";19;42;18;15;0.5;good
DEBB021;"'2025-07-15 08:00'";19;40;20;14;0.5;good
DEBB021;"'2025-07-15 09:00'";21;33;22;14;0.5;good
DEBB021;"'2025-07-15 10:00'";18;47;17;13;0.5;good
DEBB021;"'2025-07-15 11:00'";16;66;11;11;0.5;good
DEBB021;"'2025-07-15 12:00'";15;77;10;10;0.5;moderate
DEBB021;"'2025-07-15 13:00'";16;81;11;9;0.5;moderate
DEBB021;"'2025-07-15 14:00'";13;73;8;7;0.5;moderate
DEBB021;"'2025-07-15 15:00'";11;69;7;7;0.5;good
DEBB021;"'2025-07-15 16:00'";11;81;5;8;0.9;moderate
DEBB021;"'2025-07-15 17:00'";12;88;4;9;0.5;moderate
DEBB021;"'2025-07-15 18:00'";13;84;4;9;0.5;moderate
DEBB021;"'2025-07-15 19:00'";14;87;4;11;0.5;moderate
DEBB021;"'2025-07-15 20:00'";14;84;5;10;0.5;moderate
DEBB021;"'2025-07-15 21:00'";10;86;6;7;0.5;moderate
DEBB021;"'2025-07-15 22:00'";8;74;7;5;0.5;moderate
DEBB021;"'2025-07-15 23:00'";9;60;7;6;0.5;good
DEBB021;"'2025-07-15 24:00'";10;54;6;6;0.5;good
DEBB021;"'2025-07-16 01:00'";10;49;7;6;0.5;good
DEBB021;"'2025-07-16 02:00'";10;41;7;5;0.5;good
DEBB021;"'2025-07-16 03:00'";11;37;8;6;0.5;good
DEBB021;"'2025-07-16 04:00'";12;37;8;6;0.5;good
DEBB021;"'2025-07-16 05:00'";12;30;9;7;0.5;good
DEBB021;"'2025-07-16 06:00'";12;25;13;7;0.5;good
DEBB021;"'2025-07-16 07:00'";13;31;14;8;0.5;good
DEBB021;"'2025-07-16 08:00'";13;40;15;7;0.5;good
DEBB021;"'2025-07-16 09:00'";11;52;13;6;0.5;good
DEBB021;"'2025-07-16 10:00'";11;58;11;6;0.8;good
DEBB021;"'2025-07-16 11:00'";10;68;9;5;0.5;good
DEBB021;"'2025-07-16 12:00'";10;73;9;6;0.8;moderate
DEBB021;"'2025-07-16 13:00'";11;85;5;5;0.9;moderate
DEBB021;"'2025-07-16 14:00'";12;90;6;6;1;moderate
DEBB021;"'2025-07-16 15:00'";13;82;9;6;0.8;moderate
DEBB021;"'2025-07-16 16:00'";11;74;14;6;0.5;moderate
DEBB021;"'2025-07-16 17:00'";9;70;13;6;0.5;good
DEBB021;"'2025-07-16 18:00'";9;76;7;5;0.5;moderate
DEBB021;"'2025-07-16 19:00'";10;78;6;6;0.5;moderate
DEBB021;"'2025-07-16 20:00'";9;73;6;5;0.5;moderate
DEBB021;"'2025-07-16 21:00'";11;64;7;7;0.5;good
DEBB021;"'2025-07-16 22:00'";11;47;11;7;0.5;good
DEBB021;"'2025-07-16 23:00'";12;29;18;7;0.5;good
DEBB021;"'2025-07-16 24:00'";11;30;16;7;0.5;good
DEBB021;"'2025-07-17 01:00'";11;38;11;7;0.5;good
DEBB021;"'2025-07-17 02:00'";11;42;11;7;0.5;good
DEBB021;"'2025-07-17 03:00'";11;43;8;6;0.5;good
DEBB021;"'2025-07-17 04:00'";10;43;8;6;0.5;good
DEBB021;"'2025-07-17 05:00'";10;39;8;6;0.5;good
DEBB021;"'2025-07-17 06:00'";10;37;9;6;0.5;good
DEBB021;"'2025-07-17 07:00'";11;36;9;6;1;good
DEBB021;"'2025-07-17 08:00'";12;37;9;7;1;good
DEBB021;"'2025-07-17 09:00'";14;45;8;6;0.9;good
DEBB021;"'2025-07-17 10:00'";15;48;7;6;0.9;good
DEBB021;"'2025-07-17 11:00'";13;53;6;5;0.5;good
DEBB021;"'2025-07-17 12:00'";13;60;7;6;1;good
DEBB021;"'2025-07-17 13:00'";12;62;6;6;1;good
DEBB021;"'2025-07-17 14:00'";16;61;13;8;1;good
DEBB021;"'2025-07-17 15:00'";13;61;9;7;0.5;good
DEBB021;"'2025-07-17 16:00'";8;63;8;5;0.5;good
DEBB021;"'2025-07-17 17:00'";9;58;9;5;0.5;good
DEBB021;"'2025-07-17 18:00'";6;53;8;4;0.5;good
DEBB021;"'2025-07-17 19:00'";9;49;8;6;0.5;good
DEBB021;"'2025-07-17 20:00'";10;48;8;7;0.5;good
DEBB021;"'2025-07-17 21:00'";11;44;9;8;0.5;good
DEBB021;"'2025-07-17 22:00'";11;45;9;8;0.5;good
DEBB021;"'2025-07-17 23:00'";14;46;6;9;0.5;good
DEBB021;"'2025-07-17 24:00'";14;43;6;8;0.5;good
DEBB021;"'2025-07-18 01:00'";9;57;4;6;0.5;good
DEBB021;"'2025-07-18 02:00'";9;58;4;5;0.5;good
DEBB021;"'2025-07-18 03:00'";10;55;5;5;0.5;good
DEBB021;"'2025-07-18 04:00'";10;55;5;6;0.5;good
DEBB021;"'2025-07-18 05:00'";10;51;5;6;0.5;good
DEBB021;"'2025-07-18 06:00'";12;47;6;7;0.5;good
DEBB021;"'2025-07-18 07:00'";12;43;10;7;0.5;good
DEBB021;"'2025-07-18 08:00'";12;51;10;7;1;good
DEBB021;"'2025-07-18 09:00'";13;54;8;7;0.9;good
DEBB021;"'2025-07-18 10:00'";13;65;6;7;0.5;good
DEBB021;"'2025-07-18 11:00'";12;73;6;8;0.5;moderate
DEBB021;"'2025-07-18 12:00'";13;77;5;8;0.5;moderate
DEBB021;"'2025-07-18 13:00'";14;85;4;8;0.5;moderate
DEBB021;"'2025-07-18 14:00'";13;90;4;7;0.5;moderate
DEBB021;"'2025-07-18 15:00'";12;85;4;7;0.5;moderate
DEBB021;"'2025-07-18 16:00'";10;90;5;6;0.5;moderate
DEBB021;"'2025-07-18 17:00'";10;93;4;7;0.5;moderate
DEBB021;"'2025-07-18 18:00'";10;101;5;7;0.5;moderate
DEBB021;"'2025-07-18 19:00'";12;104;6;7;0.5;moderate
DEBB021;"'2025-07-18 20:00'";11;101;5;7;0.5;moderate
DEBB021;"'2025-07-18 21:00'";12;87;10;8;0.5;moderate
DEBB021;"'2025-07-18 22:00'";13;60;21;8;0.5;good
DEBB021;"'2025-07-18 23:00'";15;35;31;10;0.8;moderate
DEBB021;"'2025-07-18 24:00'";15;35;22;10;0.5;good
DEBB021;"'2025-07-19 01:00'";18;33;17;12;0.5;good
DEBB021;"'2025-07-19 02:00'";19;22;22;13;0.9;good
DEBB021;"'2025-07-19 03:00'";19;28;15;13;0.5;good
DEBB021;"'2025-07-19 04:00'";17;34;13;12;0.5;good
DEBB021;"'2025-07-19 05:00'";15;33;15;12;0.5;good
DEBB021;"'2025-07-19 06:00'";18;24;19;13;0.5;good
DEBB021;"'2025-07-19 07:00'";16;27;14;12;0.5;good
DEBB021;"'2025-07-19 08:00'";15;35;12;12;0.5;good
DEBB021;"'2025-07-19 09:00'";15;56;9;11;0.5;good
DEBB021;"'2025-07-19 10:00'";13;76;7;9;1;moderate
DEBB021;"'2025-07-19 11:00'";12;91;5;8;1;moderate
DEBB021;"'2025-07-19 12:00'";11;95;4;7;0.8;moderate
DEBB021;"'2025-07-19 13:00'";10;102;4;7;1;moderate
DEBB021;"'2025-07-19 14:00'";11;110;6;7;1;moderate
DEBB021;"'2025-07-19 15:00'";11;119;6;7;0.5;moderate
DEBB021;"'2025-07-19 16:00'";10;119;7;6;0.5;moderate
DEBB021;"'2025-07-19 17:00'";10;115;6;6;0.5;moderate
DEBB021;"'2025-07-19 18:00'";11;112;7;7;0.5;moderate
DEBB021;"'2025-07-19 19:00'";12;107;6;7;0.5;moderate
DEBB021;"'2025-07-19 20:00'";12;106;6;7;0.5;moderate
DEBB021;"'2025-07-19 21:00'";10;95;9;7;0.5;moderate
DEBB021;"'2025-07-19 22:00'";14;70;21;9;0.5;good
DEBB021;"'2025-07-19 23:00'";16;49;25;12;0.5;good
DEBB021;"'2025-07-19 24:00'";15;52;22;10;0.5;good
DEBB021;"'2025-07-20 01:00'";17;47;18;11;0.5;good
DEBB021;"'2025-07-20 02:00'";18;37;20;13;0.5;good
DEBB021;"'2025-07-20 03:00'";21;39;15;14;0.8;good
DEBB021;"'2025-07-20 04:00'";21;39;16;15;0.5;good
DEBB021;"'2025-07-20 05:00'";21;38;15;15;0.5;good
DEBB021;"'2025-07-20 06:00'";22;35;15;16;0.8;moderate
DEBB021;"'2025-07-20 07:00'";20;43;10;15;1;good
DEBB021;"'2025-07-20 08:00'";19;49;9;15;0.5;good
DEBB021;"'2025-07-20 09:00'";19;61;10;14;1;good
DEBB021;"'2025-07-20 10:00'";19;74;7;13;2;moderate
DEBB021;"'2025-07-20 11:00'";19;86;6;12;2;moderate
DEBB021;"'2025-07-20 12:00'";18;99;6;12;2;moderate
DEBB021;"'2025-07-20 13:00'";18;101;6;11;2;moderate
DEBB021;"'2025-07-20 14:00'";17;106;5;11;2;moderate
DEBB021;"'2025-07-20 15:00'";18;111;6;11;2;moderate
DEBB021;"'2025-07-20 16:00'";18;118;6;12;2;moderate
DEBB021;"'2025-07-20 17:00'";18;123;7;12;2;moderate
DEBB021;"'2025-07-20 18:00'";16;123;6;11;2;moderate
DEBB021;"'2025-07-20 19:00'";19;122;7;11;2;moderate
DEBB021;"'2025-07-20 20:00'";17;112;9;11;2;moderate
DEBB021;"'2025-07-20 21:00'";18;99;13;12;1;moderate
DEBB021;"'2025-07-20 22:00'";18;89;14;13;1;moderate
DEBB021;"'2025-07-20 23:00'";19;81;14;14;1;moderate
DEBB021;"'2025-07-20 24:00'";20;75;14;13;1;moderate
DEBB021;"'2025-07-21 01:00'";19;72;10;13;1;good
DEBB021;"'2025-07-21 02:00'";20;64;12;14;0.8;good
DEBB021;"'2025-07-21 03:00'";21;70;10;15;1;good
DEBB021;"'2025-07-21 04:00'";19;91;7;13;1;moderate
DEBB021;"'2025-07-21 05:00'";17;90;6;11;0.8;moderate
DEBB021;"'2025-07-21 06:00'";16;73;11;11;0.5;moderate
DEBB021;"'2025-07-21 07:00'";17;58;15;11;0.5;good
DEBB021;"'2025-07-21 08:00'";18;52;23;12;0.5;good
DEBB021;"'2025-07-21 09:00'";18;68;15;11;0.5;good
DEBB021;"'2025-07-21 10:00'";15;66;9;8;0.8;good
DEBB021;"'2025-07-21 11:00'";16;61;10;9;1;good
DEBB021;"'2025-07-21 12:00'";17;58;10;11;1;good
DEBB021;"'2025-07-21 13:00'";19;53;10;11;1;good
DEBB021;"'2025-07-21 14:00'";16;50;12;10;1;good
DEBB021;"'2025-07-21 15:00'";11;45;13;6;1;good
DEBB021;"'2025-07-21 16:00'";11;45;11;7;1;good
DEBB021;"'2025-07-21 17:00'";11;59;8;6;0.5;good
DEBB021;"'2025-07-21 18:00'";7;75;6;4;0.5;moderate
DEBB021;"'2025-07-21 19:00'";7;84;6;4;0.5;moderate
DEBB021;"'2025-07-21 20:00'";6;86;5;4;0.5;moderate
DEBB021;"'2025-07-21 21:00'";6;82;5;4;0.5;moderate
DEBB021;"'2025-07-21 22:00'";7;83;5;4;0.5;moderate
DEBB021;"'2025-07-21 23:00'";8;79;5;4;0.5;moderate
DEBB021;"'2025-07-21 24:00'";7;73;5;4;0.5;moderate
DEBB021;"'2025-07-22 01:00'";8;62;7;4;0.5;good
DEBB021;"'2025-07-22 02:00'";8;57;7;4;0.5;good
DEBB021;"'2025-07-22 03:00'";7;55;6;4;0.5;good
DEBB021;"'2025-07-22 04:00'";9;46;6;5;0.5;good
DEBB021;"'2025-07-22 05:00'";10;43;7;5;0.5;good
DEBB021;"'2025-07-22 06:00'";16;34;9;10;0.5;good
DEBB021;"'2025-07-22 07:00'";19;31;11;11;0.5;good
DEBB021;"'2025-07-22 08:00'";18;28;13;9;0.8;good
DEBB021;"'2025-07-22 09:00'";14;40;9;6;1;good
DEBB021;"'2025-07-22 10:00'";12;50;6;4;1;good
DEBB021;"'2025-07-22 11:00'";12;50;8;5;1;good
DEBB021;"'2025-07-22 12:00'";14;58;8;6;1;good
DEBB021;"'2025-07-22 13:00'";12;65;8;6;1;good
DEBB021;"'2025-07-22 14:00'";10;51;12;5;1;good
DEBB021;"'2025-07-22 15:00'";10;64;8;5;1;good
DEBB021;"'2025-07-22 16:00'";8;80;6;4;1;moderate
DEBB021;"'2025-07-22 17:00'";10;83;5;6;1;moderate
DEBB021;"'2025-07-22 18:00'";10;77;11;6;1;moderate
DEBB021;"'2025-07-22 19:00'";12;80;9;8;1;moderate
DEBB021;"'2025-07-22 20:00'";10;81;8;6;0.8;moderate
DEBB021;"'2025-07-22 21:00'";7;80;7;4;0.5;moderate
DEBB021;"'2025-07-22 22:00'";7;74;8;4;0.5;moderate
DEBB021;"'2025-07-22 23:00'";7;75;6;4;0.8;moderate
DEBB021;"'2025-07-22 24:00'";8;73;6;5;0.8;moderate
DEBB021;"'2025-07-23 01:00'";9;70;9;6;1;good
DEBB021;"'2025-07-23 02:00'";10;70;7;6;1;good
DEBB021;"'2025-07-23 03:00'";9;69;5;6;0.9;good
DEBB021;"'2025-07-23 04:00'";10;59;5;6;0.5;good
DEBB021;"'2025-07-23 05:00'";10;57;5;6;0.5;good
DEBB021;"'2025-07-23 06:00'";10;60;6;6;0.8;good
DEBB021;"'2025-07-23 07:00'";10;58;6;5;0.5;good
DEBB021;"'2025-07-23 08:00'";11;53;9;5;0.5;good
DEBB021;"'2025-07-23 09:00'";11;56;7;6;0.5;good
DEBB021;"'2025-07-23 10:00'";10;55;8;6;0.8;good
DEBB021;"'2025-07-23 11:00'";10;56;9;5;1;good
DEBB021;"'2025-07-23 12:00'";12;65;10;5;1;good
DEBB021;"'2025-07-23 13:00'";11;70;8;6;0.5;good
DEBB021;"'2025-07-23 14:00'";11;59;16;6;0.5;good
DEBB021;"'2025-07-23 15:00'";13;76;9;6;1;moderate
DEBB021;"'2025-07-23 16:00'";13;82;7;6;0.8;moderate
DEBB021;"'2025-07-23 17:00'";13;81;7;6;1;moderate
DEBB021;"'2025-07-23 18:00'";15;80;9;7;1;moderate
DEBB021;"'2025-07-23 19:00'";15;67;12;10;1;good
DEBB021;"'2025-07-23 20:00'";14;84;7;7;1;moderate
DEBB021;"'2025-07-23 21:00'";11;84;5;6;1;moderate
DEBB021;"'2025-07-23 22:00'";12;82;7;7;1;moderate
DEBB021;"'2025-07-23 23:00'";12;82;6;7;1;moderate
DEBB021;"'2025-07-23 24:00'";13;78;7;8;1;moderate
DEBB021;"'2025-07-24 01:00'";12;72;7;8;1;good
DEBB021;"'2025-07-24 02:00'";12;67;8;8;1;good
DEBB021;"'2025-07-24 03:00'";12;58;7;8;1;good
DEBB021;"'2025-07-24 04:00'";13;47;8;10;1;good
DEBB021;"'2025-07-24 05:00'";11;49;8;7;1;good
DEBB021;"'2025-07-24 06:00'";11;43;11;7;1;good
DEBB021;"'2025-07-24 07:00'";11;46;10;7;1;good
DEBB021;"'2025-07-24 08:00'";13;50;8;7;1;good
DEBB021;"'2025-07-24 09:00'";12;50;10;7;1;good
DEBB021;"'2025-07-24 10:00'";11;56;7;7;2;good
DEBB021;"'2025-07-24 11:00'";11;58;9;7;1;good
DEBB021;"'2025-07-24 12:00'";10;64;6;7;1;good
DEBB021;"'2025-07-24 13:00'";8;79;5;6;1;moderate
DEBB021;"'2025-07-24 14:00'";9;81;6;6;1;moderate
DEBB021;"'2025-07-24 15:00'";8;84;5;5;1;moderate
DEBB021;"'2025-07-24 16:00'";8;86;5;6;1;moderate
DEBB021;"'2025-07-24 17:00'";9;94;4;6;0.5;moderate
DEBB021;"'2025-07-24 18:00'";9;85;5;6;0.9;moderate
DEBB021;"'2025-07-24 19:00'";8;90;5;6;0.5;moderate
DEBB021;"'2025-07-24 20:00'";11;84;6;7;1;moderate
DEBB021;"'2025-07-24 21:00'";11;81;7;7;1;moderate
DEBB021;"'2025-07-24 22:00'";12;62;14;9;0.8;good
DEBB021;"'2025-07-24 23:00'";14;39;27;10;1;good
DEBB021;"'2025-07-24 24:00'";14;52;14;10;1;good
DEBB021;"'2025-07-25 01:00'";12;43;13;8;1;good
DEBB021;"'2025-07-25 02:00'";12;45;11;8;0.8;good
DEBB021;"'2025-07-25 03:00'";10;62;7;7;0.8;good
DEBB021;"'2025-07-25 04:00'";7;72;4;5;0.5;good
DEBB021;"'2025-07-25 05:00'";7;65;5;5;0.5;good
DEBB021;"'2025-07-25 06:00'";8;62;5;5;0.8;good
DEBB021;"'2025-07-25 07:00'";9;51;13;6;0.8;good
DEBB021;"'2025-07-25 08:00'";11;43;16;8;1;good
DEBB021;"'2025-07-25 09:00'";17;39;15;11;1;good
DEBB021;"'2025-07-25 10:00'";17;54;10;12;1;good
DEBB021;"'2025-07-25 11:00'";21;63;8;11;1;good
DEBB021;"'2025-07-25 12:00'";18;66;14;10;1;good
DEBB021;"'2025-07-25 13:00'";13;61;8;10;1;good
DEBB021;"'2025-07-25 14:00'";12;69;6;9;1;good
DEBB021;"'2025-07-25 15:00'";11;69;5;8;1;good
DEBB021;"'2025-07-25 16:00'";10;72;5;7;1;good
DEBB021;"'2025-07-25 17:00'";11;80;5;8;1;moderate
DEBB021;"'2025-07-25 18:00'";12;80;4;9;1;moderate
DEBB021;"'2025-07-25 19:00'";13;80;4;10;1;moderate
DEBB021;"'2025-07-25 20:00'";14;78;4;11;1;moderate
DEBB021;"'2025-07-25 21:00'";10;77;5;7;1;moderate
DEBB021;"'2025-07-25 22:00'";13;64;8;9;1;good
DEBB021;"'2025-07-25 23:00'";14;58;8;10;1;good
DEBB021;"'2025-07-25 24:00'";16;55;6;12;1;good
DEBB021;"'2025-07-26 01:00'";18;53;5;14;1;good
DEBB021;"'2025-07-26 02:00'";14;55;4;9;1;good
DEBB021;"'2025-07-26 03:00'";13;52;4;8;1;good
DEBB021;"'2025-07-26 04:00'";13;52;5;8;1;good
DEBB021;"'2025-07-26 05:00'";13;51;4;7;1;good
DEBB021;"'2025-07-26 06:00'";12;56;5;6;1;good
DEBB021;"'2025-07-26 07:00'";10;58;4;6;1;good
DEBB021;"'2025-07-26 08:00'";11;58;4;6;1;good
DEBB021;"'2025-07-26 09:00'";9;62;4;5;1;good
DEBB021;"'2025-07-26 10:00'";7;72;3;4;1;good
DEBB021;"'2025-07-26 11:00'";6;73;4;3;1;moderate
DEBB021;"'2025-07-26 12:00'";6;74;4;3;1;moderate
DEBB021;"'2025-07-26 13:00'";6;75;5;3;1;moderate
DEBB021;"'2025-07-26 14:00'";7;78;4;4;1;moderate
DEBB021;"'2025-07-26 15:00'";8;79;4;5;1;moderate
DEBB021;"'2025-07-26 16:00'";7;80;4;5;1;moderate
DEBB021;"'2025-07-26 17:00'";7;82;3;4;1;moderate
DEBB021;"'2025-07-26 18:00'";7;80;5;4;1;moderate
DEBB021;"'2025-07-26 19:00'";8;78;5;4;1;moderate
DEBB021;"'2025-07-26 20:00'";8;75;5;4;1;moderate
DEBB021;"'2025-07-26 21:00'";7;71;7;4;1;good
DEBB021;"'2025-07-26 22:00'";8;52;14;5;1;good
DEBB021;"'2025-07-26 23:00'";10;21;35;6;1;moderate
DEBB021;"'2025-07-26 24:00'";12;9;42;8;1;moderate
DEBB021;"'2025-07-27 01:00'";14;23;20;9;1;good
DEBB021;"'2025-07-27 02:00'";13;44;10;9;1;good
DEBB021;"'2025-07-27 03:00'";12;40;10;8;1;good
DEBB021;"'2025-07-27 04:00'";15;32;13;10;1;good
DEBB021;"'2025-07-27 05:00'";12;39;9;8;1;good
DEBB021;"'2025-07-27 06:00'";13;35;9;9;1;good
DEBB021;"'2025-07-27 07:00'";12;25;12;8;1;good
DEBB021;"'2025-07-27 08:00'";14;23;12;9;1;good
DEBB021;"'2025-07-27 09:00'";14;37;10;9;1;good
DEBB021;"'2025-07-27 10:00'";13;59;9;8;2;good
DEBB021;"'2025-07-27 11:00'";10;75;7;7;2;moderate
DEBB021;"'2025-07-27 12:00'";11;83;5;7;2;moderate
DEBB021;"'2025-07-27 13:00'";11;90;4;7;1;moderate
DEBB021;"'2025-07-27 14:00'";11;89;5;8;2;moderate
DEBB021;"'2025-07-27 15:00'";12;91;6;8;2;moderate
DEBB021;"'2025-07-27 16:00'";10;93;4;7;1;moderate
DEBB021;"'2025-07-27 17:00'";10;92;4;7;1;moderate
DEBB021;"'2025-07-27 18:00'";10;93;4;7;1;moderate
DEBB021;"'2025-07-27 19:00'";11;96;4;7;1;moderate
DEBB021;"'2025-07-27 20:00'";15;82;6;9;1;moderate
DEBB021;"'2025-07-27 21:00'";13;73;5;8;1;moderate
DEBB021;"'2025-07-27 22:00'";12;67;4;8;1;good
DEBB021;"'2025-07-27 23:00'";11;60;6;8;1;good
DEBB021;"'2025-07-27 24:00'";11;55;6;7;1;good
DEBB021;"'2025-07-28 01:00'";12;51;5;9;1;good
DEBB021;"'2025-07-28 02:00'";15;41;5;10;1;good
DEBB021;"'2025-07-28 03:00'";19;37;5;12;1;good
DEBB021;"'2025-07-28 04:00'";20;38;4;13;1;good
DEBB021;"'2025-07-28 05:00'";18;36;5;11;1;good
DEBB021;"'2025-07-28 06:00'";19;33;6;11;1;good
DEBB021;"'2025-07-28 07:00'";18;31;7;10;1;good
DEBB021;"'2025-07-28 08:00'";14;34;7;9;1;good
DEBB021;"'2025-07-28 09:00'";11;38;8;7;1;good
DEBB021;"'2025-07-28 10:00'";11;40;7;8;1;good
DEBB021;"'2025-07-28 11:00'";15;40;7;10;1;good
DEBB021;"'2025-07-28 12:00'";12;49;6;8;1;good
DEBB021;"'2025-07-28 13:00'";12;55;5;7;2;good
DEBB021;"'2025-07-28 14:00'";12;57;5;7;2;good
DEBB021;"'2025-07-28 15:00'";11;61;4;6;2;good
DEBB021;"'2025-07-28 16:00'";10;65;4;6;2;good
DEBB021;"'2025-07-28 17:00'";10;72;4;6;2;good
DEBB021;"'2025-07-28 18:00'";12;77;4;7;2;moderate
DEBB021;"'2025-07-28 19:00'";13;81;3;8;2;moderate
DEBB021;"'2025-07-28 20:00'";13;78;4;9;1;moderate
DEBB021;"'2025-07-28 21:00'";13;75;5;9;1;moderate
DEBB021;"'2025-07-28 22:00'";17;70;5;11;1;good
DEBB021;"'2025-07-28 23:00'";16;63;5;11;1;good
DEBB021;"'2025-07-28 24:00'";11;61;4;6;1;good
DEBB021;"'2025-07-29 01:00'";10;59;4;6;1;good
DEBB021;"'2025-07-29 02:00'";11;55;4;6;1;good
DEBB021;"'2025-07-29 03:00'";11;53;4;6;2;good
DEBB021;"'2025-07-29 04:00'";11;49;5;6;2;good
DEBB021;"'2025-07-29 05:00'";9;47;5;5;2;good
DEBB021;"'2025-07-29 06:00'";9;47;6;5;1;good
DEBB021;"'2025-07-29 07:00'";10;45;8;6;1;good
DEBB021;"'2025-07-29 08:00'";14;45;7;6;2;good
DEBB021;"'2025-07-29 09:00'";14;50;7;6;2;good
DEBB021;"'2025-07-29 10:00'";9;55;8;5;2;good
DEBB021;"'2025-07-29 11:00'";17;61;6;6;2;good
DEBB021;"'2025-07-29 12:00'";11;62;5;5;2;good
DEBB021;"'2025-07-29 13:00'";10;63;5;5;2;good
DEBB021;"'2025-07-29 14:00'";7;69;4;4;2;good
DEBB021;"'2025-07-29 15:00'";7;68;7;3;1;good
DEBB021;"'2025-07-29 16:00'";8;71;4;4;1;good
DEBB021;"'2025-07-29 17:00'";7;75;4;4;2;moderate
DEBB021;"'2025-07-29 18:00'";8;76;4;4;2;moderate
DEBB021;"'2025-07-29 19:00'";11;73;4;7;1;moderate
DEBB021;"'2025-07-29 20:00'";11;71;6;7;1;good
DEBB021;"'2025-07-29 21:00'";8;67;5;4;1;good
DEBB021;"'2025-07-29 22:00'";10;61;6;4;1;good
DEBB021;"'2025-07-29 23:00'";7;60;7;4;1;good
DEBB021;"'2025-07-29 24:00'";7;58;7;4;1;good
DEBB021;"'2025-07-30 01:00'";8;55;8;5;1;good
DEBB021;"'2025-07-30 02:00'";8;52;9;4;1;good
DEBB021;"'2025-07-30 03:00'";9;47;9;5;2;good
DEBB021;"'2025-07-30 04:00'";8;46;8;5;1;good
DEBB021;"'2025-07-30 05:00'";8;44;8;5;2;good
DEBB021;"'2025-07-30 06:00'";9;37;9;5;2;good
DEBB021;"'2025-07-30 07:00'";11;36;12;6;2;good
DEBB021;"'2025-07-30 08:00'";12;42;11;6;2;good
DEBB021;"'2025-07-30 09:00'";11;50;7;6;2;good
DEBB021;"'2025-07-30 10:00'";11;58;5;6;2;good
DEBB021;"'2025-07-30 11:00'";8;64;5;5;2;good
DEBB021;"'2025-07-30 12:00'";8;68;6;5;2;good
DEBB021;"'2025-07-30 13:00'";8;72;4;5;2;good
DEBB021;"'2025-07-30 14:00'";8;73;5;4;2;moderate
DEBB021;"'2025-07-30 15:00'";9;75;6;4;2;moderate
DEBB021;"'2025-07-30 16:00'";9;79;6;5;2;moderate
DEBB021;"'2025-07-30 17:00'";10;83;5;5;2;moderate
DEBB021;"'2025-07-30 18:00'";11;82;6;6;2;moderate
DEBB021;"'2025-07-30 19:00'";10;84;4;5;2;moderate
DEBB021;"'2025-07-30 20:00'";13;80;6;7;2;moderate
DEBB021;"'2025-07-30 21:00'";13;78;6;8;2;moderate
DEBB021;"'2025-07-30 22:00'";11;69;9;6;1;good
DEBB021;"'2025-07-30 23:00'";9;65;8;5;1;good
DEBB021;"'2025-07-30 24:00'";9;64;6;5;2;good
DEBB021;"'2025-07-31 01:00'";12;61;6;6;2;good
DEBB021;"'2025-07-31 02:00'";12;61;6;6;2;good
DEBB021;"'2025-07-31 03:00'";10;61;5;5;2;good
DEBB021;"'2025-07-31 04:00'";8;54;5;5;1;good
DEBB021;"'2025-07-31 05:00'";9;48;5;5;2;good
DEBB021;"'2025-07-31 06:00'";9;45;6;5;2;good
DEBB021;"'2025-07-31 07:00'";9;45;7;5;2;good
DEBB021;"'2025-07-31 08:00'";9;46;8;5;2;good
DEBB021;"'2025-07-31 09:00'";8;53;7;5;2;good
DEBB021;"'2025-07-31 10:00'";10;45;7;6;2;good
DEBB021;"'2025-07-31 11:00'";11;53;7;6;2;good
DEBB021;"'2025-07-31 12:00'";11;58;10;6;2;good
DEBB021;"'2025-07-31 13:00'";10;55;9;7;1;good
DEBB021;"'2025-07-31 14:00'";10;47;9;6;2;good
DEBB021;"'2025-07-31 15:00'";12;56;8;7;2;good
DEBB021;"'2025-07-31 16:00'";14;68;7;9;2;good
DEBB021;"'2025-07-31 17:00'";12;69;6;8;2;good
DEBB021;"'2025-07-31 18:00'";9;71;5;6;2;good
DEBB021;"'2025-07-31 19:00'";8;68;5;5;1;good
DEBB021;"'2025-07-31 20:00'";8;68;4;6;2;good
DEBB021;"'2025-07-31 21:00'";8;60;8;5;2;good
DEBB021;"'2025-07-31 22:00'";8;59;7;5;2;good
DEBB021;"'2025-07-31 23:00'";8;57;7;5;2;good
DEBB021;"'2025-07-31 24:00'";8;57;6;5;2;good
DEBB021;"'2025-08-01 01:00'";8;51;6;5;2;good
DEBB021;"'2025-08-01 02:00'";9;44;9;6;2;good
DEBB021;"'2025-08-01 03:00'";9;52;6;6;2;good
DEBB021;"'2025-08-01 04:00'";7;64;4;5;2;good
DEBB021;"'2025-08-01 05:00'";7;67;4;5;2;good
DEBB021;"'2025-08-01 06:00'";8;55;6;5;1;good
DEBB021;"'2025-08-01 07:00'";9;44;13;6;2;good
DEBB021;"'2025-08-01 08:00'";9;47;11;6;2;good
DEBB021;"'2025-08-01 09:00'";10;48;11;7;2;good
DEBB021;"'2025-08-01 10:00'";10;53;7;7;2;good
DEBB021;"'2025-08-01 11:00'";10;53;11;7;2;good
DEBB021;"'2025-08-01 12:00'";11;62;6;7;2;good
DEBB021;"'2025-08-01 13:00'";12;66;8;8;2;good
DEBB021;"'2025-08-01 14:00'";14;61;8;10;2;good
DEBB021;"'2025-08-01 15:00'";10;67;5;6;2;good
DEBB021;"'2025-08-01 16:00'";10;72;7;7;2;good
DEBB021;"'2025-08-01 17:00'";9;71;6;6;2;good
DEBB021;"'2025-08-01 18:00'";9;69;5;6;2;good
DEBB021;"'2025-08-01 19:00'";8;73;5;5;2;moderate
DEBB021;"'2025-08-01 20:00'";9;72;5;5;2;good
DEBB021;"'2025-08-01 21:00'";11;61;10;7;2;good
DEBB021;"'2025-08-01 22:00'";7;59;8;4;2;good
DEBB021;"'2025-08-01 23:00'";7;58;7;4;2;good
DEBB021;"'2025-08-01 24:00'";7;54;8;5;2;good
DEBB021;"'2025-08-02 01:00'";8;50;7;5;2;good
DEBB021;"'2025-08-02 02:00'";8;47;7;5;2;good
DEBB021;"'2025-08-02 03:00'";8;47;6;5;2;good
DEBB021;"'2025-08-02 04:00'";7;47;7;5;2;good
DEBB021;"'2025-08-02 05:00'";8;42;7;5;2;good
DEBB021;"'2025-08-02 06:00'";8;40;7;5;2;good
DEBB021;"'2025-08-02 07:00'";9;35;8;6;2;good
DEBB021;"'2025-08-02 08:00'";9;39;8;6;2;good
DEBB021;"'2025-08-02 09:00'";9;46;5;6;2;good
DEBB021;"'2025-08-02 10:00'";8;59;4;5;2;good
DEBB021;"'2025-08-02 11:00'";8;64;4;5;2;good
DEBB021;"'2025-08-02 12:00'";9;65;5;5;2;good
DEBB021;"'2025-08-02 13:00'";8;69;4;5;2;good
DEBB021;"'2025-08-02 14:00'";8;64;5;5;2;good
DEBB021;"'2025-08-02 15:00'";9;66;5;6;2;good
DEBB021;"'2025-08-02 16:00'";8;67;4;5;2;good
DEBB021;"'2025-08-02 17:00'";8;70;4;4;2;good
DEBB021;"'2025-08-02 18:00'";7;71;5;4;2;good
DEBB021;"'2025-08-02 19:00'";6;71;5;4;2;good
DEBB021;"'2025-08-02 20:00'";7;68;6;4;2;good
DEBB021;"'2025-08-02 21:00'";7;62;8;4;2;good
DEBB021;"'2025-08-02 22:00'";8;45;17;5;2;good
DEBB021;"'2025-08-02 23:00'";9;41;16;5;2;good
DEBB021;"'2025-08-02 24:00'";11;42;13;7;2;good
DEBB021;"'2025-08-03 01:00'";13;33;14;9;2;good
DEBB021;"'2025-08-03 02:00'";11;51;8;7;2;good
DEBB021;"'2025-08-03 03:00'";8;49;6;5;2;good
DEBB021;"'2025-08-03 04:00'";8;45;6;5;2;good
DEBB021;"'2025-08-03 05:00'";7;40;6;4;2;good
DEBB021;"'2025-08-03 06:00'";8;35;6;4;2;good
DEBB021;"'2025-08-03 07:00'";8;40;5;5;2;good
DEBB021;"'2025-08-03 08:00'";9;48;4;5;2;good
DEBB021;"'2025-08-03 09:00'";7;49;4;4;2;good
DEBB021;"'2025-08-03 10:00'";8;48;3;5;2;good
DEBB021;"'2025-08-03 11:00'";7;52;3;4;2;good
DEBB021;"'2025-08-03 12:00'";7;56;4;5;2;good
DEBB021;"'2025-08-03 13:00'";8;60;3;5;2;good
DEBB021;"'2025-08-03 14:00'";7;60;3;4;2;good
DEBB021;"'2025-08-03 15:00'";7;59;4;4;2;good
DEBB021;"'2025-08-03 16:00'";7;59;5;4;2;good
DEBB021;"'2025-08-03 17:00'";8;59;4;5;2;good
DEBB021;"'2025-08-03 18:00'";6;59;4;4;2;good
DEBB021;"'2025-08-03 19:00'";6;59;4;4;2;good
DEBB021;"'2025-08-03 20:00'";7;58;6;5;2;good
DEBB021;"'2025-08-03 21:00'";7;57;7;5;2;good
DEBB021;"'2025-08-03 22:00'";7;56;8;4;2;good
DEBB021;"'2025-08-03 23:00'";7;55;6;4;2;good
DEBB021;"'2025-08-03 24:00'";8;53;6;6;2;good
DEBB021;"'2025-08-04 01:00'";9;43;7;6;2;good
DEBB021;"'2025-08-04 02:00'";10;41;6;7;2;good
DEBB021;"'2025-08-04 03:00'";10;39;6;7;2;good
DEBB021;"'2025-08-04 04:00'";10;38;7;7;2;good
DEBB021;"'2025-08-04 05:00'";10;41;6;6;2;good
DEBB021;"'2025-08-04 06:00'";11;43;12;6;2;good
DEBB021;"'2025-08-04 07:00'";10;45;8;6;2;good
DEBB021;"'2025-08-04 08:00'";8;42;11;6;2;good
DEBB021;"'2025-08-04 09:00'";8;43;10;5;2;good
DEBB021;"'2025-08-04 10:00'";-;50;9;-;2;good
DEBB021;"'2025-08-04 11:00'";7;49;9;4;2;good
DEBB021;"'2025-08-04 12:00'";9;48;10;5;2;good
DEBB021;"'2025-08-04 13:00'";6;52;7;4;2;good
DEBB021;"'2025-08-04 14:00'";7;57;6;4;2;good
DEBB021;"'2025-08-04 15:00'";6;66;4;4;2;good
DEBB021;"'2025-08-04 16:00'";6;75;4;3;2;moderate
DEBB021;"'2025-08-04 17:00'";8;80;3;4;2;moderate
DEBB021;"'2025-08-04 18:00'";9;84;4;5;2;moderate
DEBB021;"'2025-08-04 19:00'";9;88;4;5;2;moderate
DEBB021;"'2025-08-04 20:00'";11;83;6;6;2;moderate
DEBB021;"'2025-08-04 21:00'";9;63;15;5;2;good
DEBB021;"'2025-08-04 22:00'";11;53;16;6;2;good
DEBB021;"'2025-08-04 23:00'";9;59;10;5;2;good
DEBB021;"'2025-08-04 24:00'";12;56;11;8;2;good
DEBB021;"'2025-08-05 01:00'";13;61;7;8;2;good
DEBB021;"'2025-08-05 02:00'";12;66;6;8;2;good
DEBB021;"'2025-08-05 03:00'";12;65;6;7;2;good
DEBB021;"'2025-08-05 04:00'";11;59;6;7;2;good
DEBB021;"'2025-08-05 05:00'";11;49;7;7;2;good
DEBB021;"'2025-08-05 06:00'";11;46;7;7;2;good
DEBB021;"'2025-08-05 07:00'";10;44;8;7;2;good
DEBB021;"'2025-08-05 08:00'";9;41;9;6;2;good
DEBB021;"'2025-08-05 09:00'";14;39;9;7;2;good
DEBB021;"'2025-08-05 10:00'";11;48;7;5;2;good
DEBB021;"'2025-08-05 11:00'";7;49;11;4;2;good
DEBB021;"'2025-08-05 12:00'";8;48;9;5;2;good
DEBB021;"'2025-08-05 13:00'";11;48;9;6;2;good
DEBB021;"'2025-08-05 14:00'";10;41;14;5;2;good
DEBB021;"'2025-08-05 15:00'";11;52;8;6;2;good
DEBB021;"'2025-08-05 16:00'";13;55;7;6;2;good
DEBB021;"'2025-08-05 17:00'";13;66;4;6;2;good
DEBB021;"'2025-08-05 18:00'";12;71;4;6;2;good
DEBB021;"'2025-08-05 19:00'";12;67;5;6;2;good
DEBB021;"'2025-08-05 20:00'";12;63;6;6;2;good
DEBB021;"'2025-08-05 21:00'";13;55;8;7;2;good
DEBB021;"'2025-08-05 22:00'";11;66;4;5;2;good
DEBB021;"'2025-08-05 23:00'";8;69;3;4;2;good
DEBB021;"'2025-08-05 24:00'";8;64;4;4;2;good
DEBB021;"'2025-08-06 01:00'";8;57;6;4;2;good
DEBB021;"'2025-08-06 02:00'";8;52;6;4;2;good
DEBB021;"'2025-08-06 03:00'";8;52;5;4;2;good
DEBB021;"'2025-08-06 04:00'";8;54;5;4;2;good
DEBB021;"'2025-08-06 05:00'";8;52;5;4;2;good
DEBB021;"'2025-08-06 06:00'";8;50;7;4;2;good
DEBB021;"'2025-08-06 07:00'";8;46;10;4;2;good
DEBB021;"'2025-08-06 08:00'";9;49;11;4;2;good
DEBB021;"'2025-08-06 09:00'";9;54;6;4;2;good
DEBB021;"'2025-08-06 10:00'";9;57;6;4;2;good
DEBB021;"'2025-08-06 11:00'";-;-;-;-;-;-;
DEBB021;"'2025-08-06 12:00'";-;61;6;-;-;good
DEBB021;"'2025-08-06 13:00'";9;64;4;5;-;good
DEBB021;"'2025-08-06 14:00'";8;66;6;4;-;good
DEBB021;"'2025-08-06 15:00'";8;67;5;4;0.5;good
DEBB021;"'2025-08-06 16:00'";9;70;5;4;0.5;good
DEBB021;"'2025-08-06 17:00'";9;76;4;5;0.5;moderate
DEBB021;"'2025-08-06 18:00'";9;78;4;5;0.5;moderate
DEBB021;"'2025-08-06 19:00'";11;79;4;6;0.5;moderate
DEBB021;"'2025-08-06 20:00'";11;77;5;6;0.5;moderate
DEBB021;"'2025-08-06 21:00'";16;64;11;9;0.5;good
DEBB021;"'2025-08-06 22:00'";15;51;17;8;0.5;good
DEBB021;"'2025-08-06 23:00'";14;45;15;7;0.5;good
DEBB021;"'2025-08-06 24:00'";13;33;20;8;0.5;good
DEBB021;"'2025-08-07 01:00'";14;40;12;8;0.5;good
DEBB021;"'2025-08-07 02:00'";18;30;14;10;0.5;good
DEBB021;"'2025-08-07 03:00'";14;18;19;9;0.5;good
DEBB021;"'2025-08-07 04:00'";14;18;16;9;0.5;good
DEBB021;"'2025-08-07 05:00'";13;11;22;8;0.5;good
DEBB021;"'2025-08-07 06:00'";14;13;19;8;0.5;good
DEBB021;"'2025-08-07 07:00'";17;9;23;9;0.5;good
DEBB021;"'2025-08-07 08:00'";16;9;29;9;0.5;good
DEBB021;"'2025-08-07 09:00'";20;17;25;10;0.5;good
DEBB021;"'2025-08-07 10:00'";17;30;16;9;0.5;good
DEBB021;"'2025-08-07 11:00'";17;43;12;8;0.5;good
DEBB021;"'2025-08-07 12:00'";13;62;10;6;0.8;good
DEBB021;"'2025-08-07 13:00'";12;74;6;5;0.9;moderate
DEBB021;"'2025-08-07 14:00'";11;79;7;5;0.5;moderate
DEBB021;"'2025-08-07 15:00'";11;83;7;5;0.5;moderate
DEBB021;"'2025-08-07 16:00'";11;87;6;5;0.5;moderate
DEBB021;"'2025-08-07 17:00'";11;91;7;5;0.5;moderate
DEBB021;"'2025-08-07 18:00'";11;95;6;4;0.5;moderate
DEBB021;"'2025-08-07 19:00'";11;95;7;4;0.5;moderate
DEBB021;"'2025-08-07 20:00'";10;92;7;4;0.5;moderate
DEBB021;"'2025-08-07 21:00'";11;79;11;6;0.5;moderate
DEBB021;"'2025-08-07 22:00'";12;48;28;6;0.8;good
DEBB021;"'2025-08-07 23:00'";15;34;36;8;0.9;moderate
DEBB021;"'2025-08-07 24:00'";22;42;27;10;0.5;good
DEBB021;"'2025-08-08 01:00'";21;46;19;10;0.5;good
DEBB021;"'2025-08-08 02:00'";15;57;13;8;0.5;good
DEBB021;"'2025-08-08 03:00'";16;53;15;8;0.5;good
DEBB021;"'2025-08-08 04:00'";15;44;17;8;0.5;good
DEBB021;"'2025-08-08 05:00'";15;43;17;8;0.5;good
DEBB021;"'2025-08-08 06:00'";16;33;21;8;0.5;good
DEBB021;"'2025-08-08 07:00'";18;35;22;9;0.5;good
DEBB021;"'2025-08-08 08:00'";29;42;20;10;0.5;moderate
DEBB021;"'2025-08-08 09:00'";24;56;18;10;0.5;good
DEBB021;"'2025-08-08 10:00'";22;71;13;10;0.5;good
DEBB021;"'2025-08-08 11:00'";16;92;11;8;0.8;moderate
DEBB021;"'2025-08-08 12:00'";17;96;11;8;0.5;moderate
DEBB021;"'2025-08-08 13:00'";17;105;9;7;0.5;moderate
DEBB021;"'2025-08-08 14:00'";17;104;10;7;0.5;moderate
DEBB021;"'2025-08-08 15:00'";19;109;8;7;0.5;moderate
DEBB021;"'2025-08-08 16:00'";19;105;7;7;0.5;moderate
DEBB021;"'2025-08-08 17:00'";17;99;6;7;0.5;moderate
DEBB021;"'2025-08-08 18:00'";13;100;6;6;0.5;moderate
DEBB021;"'2025-08-08 19:00'";15;99;7;8;0.8;moderate
DEBB021;"'2025-08-08 20:00'";16;99;8;8;1;moderate
DEBB021;"'2025-08-08 21:00'";18;96;11;9;1;moderate
DEBB021;"'2025-08-08 22:00'";22;84;15;12;0.9;moderate
DEBB021;"'2025-08-08 23:00'";23;65;19;10;0.5;good
DEBB021;"'2025-08-08 24:00'";23;54;19;11;0.5;good
DEBB021;"'2025-08-09 01:00'";26;34;26;18;0.5;moderate
DEBB021;"'2025-08-09 02:00'";20;25;27;13;0.5;good
DEBB021;"'2025-08-09 03:00'";18;33;21;13;0.5;good
DEBB021;"'2025-08-09 04:00'";16;48;13;10;0.5;good
DEBB021;"'2025-08-09 05:00'";15;43;12;9;0.5;good
DEBB021;"'2025-08-09 06:00'";15;35;16;9;0.5;good
DEBB021;"'2025-08-09 07:00'";16;39;15;10;0.5;good
DEBB021;"'2025-08-09 08:00'";16;48;9;10;0.5;good
DEBB021;"'2025-08-09 09:00'";18;52;8;11;0.5;good
DEBB021;"'2025-08-09 10:00'";18;59;11;11;0.5;good
DEBB021;"'2025-08-09 11:00'";16;86;11;9;0.5;moderate
DEBB021;"'2025-08-09 12:00'";16;99;8;9;0.5;moderate
DEBB021;"'2025-08-09 13:00'";16;101;7;8;0.5;moderate
DEBB021;"'2025-08-09 14:00'";16;105;6;9;0.5;moderate
DEBB021;"'2025-08-09 15:00'";18;104;8;9;0.5;moderate
DEBB021;"'2025-08-09 16:00'";18;107;8;9;0.5;moderate
DEBB021;"'2025-08-09 17:00'";18;113;7;8;0.5;moderate
DEBB021;"'2025-08-09 18:00'";19;119;9;9;0.5;moderate
DEBB021;"'2025-08-09 19:00'";21;123;8;10;0.5;moderate
DEBB021;"'2025-08-09 20:00'";25;117;13;12;0.5;moderate
DEBB021;"'2025-08-09 21:00'";27;99;21;15;0.5;moderate
DEBB021;"'2025-08-09 22:00'";34;66;33;21;0.5;moderate
DEBB021;"'2025-08-09 23:00'";34;85;14;21;0.5;moderate
DEBB021;"'2025-08-09 24:00'";22;94;7;13;0.5;moderate
DEBB021;"'2025-08-10 01:00'";25;87;8;15;0.5;moderate
DEBB021;"'2025-08-10 02:00'";20;77;11;11;0.5;moderate
DEBB021;"'2025-08-10 03:00'";19;86;8;12;0.9;moderate
DEBB021;"'2025-08-10 04:00'";19;84;6;11;0.5;moderate
DEBB021;"'2025-08-10 05:00'";18;83;7;11;0.5;moderate
DEBB021;"'2025-08-10 06:00'";17;84;5;11;0.5;moderate
DEBB021;"'2025-08-10 07:00'";16;81;5;10;0.5;moderate
DEBB021;"'2025-08-10 08:00'";13;76;4;9;0.5;moderate
DEBB021;"'2025-08-10 09:00'";11;73;3;7;0.5;moderate
DEBB021;"'2025-08-10 10:00'";11;73;3;6;0.5;moderate
DEBB021;"'2025-08-10 11:00'";12;73;3;7;0.5;moderate
DEBB021;"'2025-08-10 12:00'";12;73;3;8;0.5;moderate
DEBB021;"'2025-08-10 13:00'";13;78;3;8;0.5;moderate
DEBB021;"'2025-08-10 14:00'";13;82;3;8;0.5;moderate
DEBB021;"'2025-08-10 15:00'";12;85;4;7;0.5;moderate
DEBB021;"'2025-08-10 16:00'";12;86;3;6;0.5;moderate
DEBB021;"'2025-08-10 17:00'";13;87;4;8;0.5;moderate
DEBB021;"'2025-08-10 18:00'";12;85;4;7;0.5;moderate
DEBB021;"'2025-08-10 19:00'";11;86;4;6;0.5;moderate
DEBB021;"'2025-08-10 20:00'";13;85;4;7;0.5;moderate
DEBB021;"'2025-08-10 21:00'";11;81;6;6;0.5;moderate
DEBB021;"'2025-08-10 22:00'";11;66;11;6;0.5;good
DEBB021;"'2025-08-10 23:00'";12;50;17;6;0.5;good
DEBB021;"'2025-08-10 24:00'";16;44;17;8;1;good
DEBB021;"'2025-08-11 01:00'";14;44;16;7;0.5;good
DEBB021;"'2025-08-11 02:00'";13;27;22;7;0.5;good
DEBB021;"'2025-08-11 03:00'";12;21;23;6;0.5;good
DEBB021;"'2025-08-11 04:00'";14;24;16;7;0.5;good
DEBB021;"'2025-08-11 05:00'";12;22;16;6;0.5;good
DEBB021;"'2025-08-11 06:00'";13;25;16;6;0.5;good
DEBB021;"'2025-08-11 07:00'";18;20;20;7;0.5;good
DEBB021;"'2025-08-11 08:00'";16;39;21;7;0.5;good
DEBB021;"'2025-08-11 09:00'";16;45;19;7;0.5;good
DEBB021;"'2025-08-11 10:00'";15;65;11;6;0.5;good
DEBB021;"'2025-08-11 11:00'";13;79;7;5;0.5;moderate
DEBB021;"'2025-08-11 12:00'";12;-;-;6;0.5;good
DEBB021;"'2025-08-11 13:00'";16;85;6;6;0.5;moderate
DEBB021;"'2025-08-11 14:00'";15;89;6;6;0.5;moderate
DEBB021;"'2025-08-11 15:00'";14;92;5;6;0.5;moderate
DEBB021;"'2025-08-11 16:00'";15;97;4;6;0.5;moderate
DEBB021;"'2025-08-11 17:00'";14;98;5;7;0.5;moderate
DEBB021;"'2025-08-11 18:00'";14;98;5;7;0.5;moderate
DEBB021;"'2025-08-11 19:00'";14;101;5;7;0.5;moderate
DEBB021;"'2025-08-11 20:00'";13;97;7;7;0.5;moderate
DEBB021;"'2025-08-11 21:00'";19;73;15;8;0.5;moderate
DEBB021;"'2025-08-11 22:00'";17;58;16;8;0.5;good
DEBB021;"'2025-08-11 23:00'";19;49;15;8;0.5;good
DEBB021;"'2025-08-11 24:00'";16;51;18;9;0.5;good
DEBB021;"'2025-08-12 01:00'";15;45;15;9;0.5;good
DEBB021;"'2025-08-12 02:00'";14;36;13;8;0.5;good
DEBB021;"'2025-08-12 03:00'";16;34;18;9;0.5;good
DEBB021;"'2025-08-12 04:00'";16;37;19;10;0.5;good
DEBB021;"'2025-08-12 05:00'";16;35;22;11;0.9;good
DEBB021;"'2025-08-12 06:00'";16;28;26;11;0.5;good
DEBB021;"'2025-08-12 07:00'";18;17;36;11;0.5;moderate
DEBB021;"'2025-08-12 08:00'";22;20;34;13;0.5;moderate
DEBB021;"'2025-08-12 09:00'";24;38;30;14;0.5;good
DEBB021;"'2025-08-12 10:00'";43;60;20;15;0.5;moderate
DEBB021;"'2025-08-12 11:00'";17;86;11;9;0.5;moderate
DEBB021;"'2025-08-12 12:00'";17;102;6;8;0.8;moderate
DEBB021;"'2025-08-12 13:00'";19;103;7;8;0.5;moderate
DEBB021;"'2025-08-12 14:00'";18;114;7;8;0.9;moderate
DEBB021;"'2025-08-12 15:00'";19;116;8;8;1;moderate
DEBB021;"'2025-08-12 16:00'";18;116;6;8;1;moderate
DEBB021;"'2025-08-12 17:00'";17;111;6;7;1;moderate
DEBB021;"'2025-08-12 18:00'";15;112;6;7;1;moderate
DEBB021;"'2025-08-12 19:00'";15;112;7;7;2;moderate
DEBB021;"'2025-08-12 20:00'";17;104;8;7;1;moderate
DEBB021;"'2025-08-12 21:00'";22;92;13;8;0.5;moderate
DEBB021;"'2025-08-12 22:00'";18;89;12;8;0.5;moderate
DEBB021;"'2025-08-12 23:00'";19;86;11;9;1;moderate
DEBB021;"'2025-08-12 24:00'";18;81;10;9;0.8;moderate
DEBB021;"'2025-08-13 01:00'";18;77;12;9;1;moderate
DEBB021;"'2025-08-13 02:00'";16;79;10;9;0.8;moderate
DEBB021;"'2025-08-13 03:00'";16;75;9;9;0.5;moderate
DEBB021;"'2025-08-13 04:00'";18;79;9;9;1;moderate
DEBB021;"'2025-08-13 05:00'";16;78;9;9;0.5;moderate
DEBB021;"'2025-08-13 06:00'";19;73;12;10;0.5;moderate
DEBB021;"'2025-08-13 07:00'";21;71;15;10;0.5;good
DEBB021;"'2025-08-13 08:00'";20;68;18;11;0.5;good
DEBB021;"'2025-08-13 09:00'";23;74;17;11;1;moderate
DEBB021;"'2025-08-13 10:00'";26;78;18;11;2;moderate
DEBB021;"'2025-08-13 11:00'";26;90;15;11;2;moderate
DEBB021;"'2025-08-13 12:00'";29;110;11;12;2;moderate
DEBB021;"'2025-08-13 13:00'";28;124;10;11;2;moderate
DEBB021;"'2025-08-13 14:00'";24;128;9;10;2;moderate
DEBB021;"'2025-08-13 15:00'";26;132;7;10;1;moderate
DEBB021;"'2025-08-13 16:00'";19;133;8;8;1;moderate
DEBB021;"'2025-08-13 17:00'";20;133;8;8;1;moderate
DEBB021;"'2025-08-13 18:00'";21;137;7;8;1;moderate
DEBB021;"'2025-08-13 19:00'";21;142;8;9;1;moderate
DEBB021;"'2025-08-13 20:00'";20;135;13;9;2;moderate
DEBB021;"'2025-08-13 21:00'";24;118;12;10;1;moderate
DEBB021;"'2025-08-13 22:00'";23;104;16;11;1;moderate
DEBB021;"'2025-08-13 23:00'";24;102;14;12;2;moderate
DEBB021;"'2025-08-13 24:00'";27;101;13;13;3;moderate
DEBB021;"'2025-08-14 01:00'";22;95;12;12;3;moderate
DEBB021;"'2025-08-14 02:00'";21;84;16;12;2;moderate
DEBB021;"'2025-08-14 03:00'";22;83;14;12;3;moderate
DEBB021;"'2025-08-14 04:00'";24;79;14;13;3;moderate
DEBB021;"'2025-08-14 05:00'";23;78;14;12;3;moderate
DEBB021;"'2025-08-14 06:00'";24;73;16;13;3;moderate
DEBB021;"'2025-08-14 07:00'";27;60;24;13;2;good
DEBB021;"'2025-08-14 08:00'";33;67;21;15;2;moderate
DEBB021;"'2025-08-14 09:00'";44;69;21;17;3;moderate
DEBB021;"'2025-08-14 10:00'";37;86;18;17;3;moderate
DEBB021;"'2025-08-14 11:00'";38;100;18;17;3;moderate
DEBB021;"'2025-08-14 12:00'";41;124;14;17;2;moderate
DEBB021;"'2025-08-14 13:00'";35;144;11;15;2;moderate
DEBB021;"'2025-08-14 14:00'";33;138;21;15;2;moderate
DEBB021;"'2025-08-14 15:00'";34;143;10;15;1;moderate
DEBB021;"'2025-08-14 16:00'";29;142;8;14;1;moderate
DEBB021;"'2025-08-14 17:00'";31;146;7;14;1;poor
DEBB021;"'2025-08-14 18:00'";28;145;8;14;1;poor
DEBB021;"'2025-08-14 19:00'";29;145;8;14;1;poor
DEBB021;"'2025-08-14 20:00'";35;131;18;16;1;moderate
DEBB021;"'2025-08-14 21:00'";37;109;23;18;0.8;moderate
DEBB021;"'2025-08-14 22:00'";43;84;25;20;0.8;moderate
DEBB021;"'2025-08-14 23:00'";48;76;23;21;0.5;moderate
DEBB021;"'2025-08-14 24:00'";37;67;21;20;0.5;moderate
DEBB021;"'2025-08-15 01:00'";60;65;23;23;0.9;poor
DEBB021;"'2025-08-15 02:00'";53;76;20;24;0.5;moderate
DEBB021;"'2025-08-15 03:00'";32;75;21;22;0.5;moderate
DEBB021;"'2025-08-15 04:00'";45;68;19;25;4;moderate
DEBB021;"'2025-08-15 05:00'";36;64;18;23;1;moderate
DEBB021;"'2025-08-15 06:00'";32;62;19;23;0.5;moderate
DEBB021;"'2025-08-15 07:00'";45;51;26;25;0.5;moderate
DEBB021;"'2025-08-15 08:00'";39;55;29;25;2;moderate
DEBB021;"'2025-08-15 09:00'";39;79;22;25;2;moderate
DEBB021;"'2025-08-15 10:00'";125;95;18;34;2;"very poor"
DEBB021;"'2025-08-15 11:00'";42;123;15;25;2;moderate
DEBB021;"'2025-08-15 12:00'";41;144;12;23;2;moderate
DEBB021;"'2025-08-15 13:00'";36;154;6;18;2;poor
DEBB021;"'2025-08-15 14:00'";36;155;6;17;2;poor
DEBB021;"'2025-08-15 15:00'";35;151;6;17;1;poor
DEBB021;"'2025-08-15 16:00'";39;152;6;21;2;poor
DEBB021;"'2025-08-15 17:00'";35;151;6;19;2;poor
DEBB021;"'2025-08-15 18:00'";35;153;6;20;1;poor
DEBB021;"'2025-08-15 19:00'";36;146;6;21;1;poor
DEBB021;"'2025-08-15 20:00'";32;127;6;18;1;moderate
DEBB021;"'2025-08-15 21:00'";23;103;6;13;0.5;moderate
DEBB021;"'2025-08-15 22:00'";20;93;6;10;0.8;moderate
DEBB021;"'2025-08-15 23:00'";18;86;6;10;0.5;moderate
DEBB021;"'2025-08-15 24:00'";18;77;7;10;0.5;moderate
DEBB021;"'2025-08-16 01:00'";26;75;7;17;0.5;moderate
DEBB021;"'2025-08-16 02:00'";17;74;6;9;0.5;moderate
DEBB021;"'2025-08-16 03:00'";18;72;6;11;0.5;good
DEBB021;"'2025-08-16 04:00'";17;67;8;11;0.5;good
DEBB021;"'2025-08-16 05:00'";17;63;7;11;0.5;good
DEBB021;"'2025-08-16 06:00'";17;60;7;11;0.5;good
DEBB021;"'2025-08-16 07:00'";21;61;7;13;0.5;good
DEBB021;"'2025-08-16 08:00'";20;71;6;14;0.5;good
DEBB021;"'2025-08-16 09:00'";20;81;4;14;0.5;moderate
DEBB021;"'2025-08-16 10:00'";21;86;5;15;0.5;moderate
DEBB021;"'2025-08-16 11:00'";21;97;5;15;0.5;moderate
DEBB021;"'2025-08-16 12:00'";22;99;4;14;0.5;moderate
DEBB021;"'2025-08-16 13:00'";21;95;4;13;0.5;moderate
DEBB021;"'2025-08-16 14:00'";21;92;4;12;0.5;moderate
DEBB021;"'2025-08-16 15:00'";21;91;4;12;0.5;moderate
DEBB021;"'2025-08-16 16:00'";19;90;4;11;0.5;moderate
DEBB021;"'2025-08-16 17:00'";17;84;4;10;0.5;moderate
DEBB021;"'2025-08-16 18:00'";13;85;4;6;0.5;moderate
DEBB021;"'2025-08-16 19:00'";12;87;4;5;0.5;moderate
DEBB021;"'2025-08-16 20:00'";13;83;5;6;0.5;moderate
DEBB021;"'2025-08-16 21:00'";15;78;6;7;0.5;moderate
DEBB021;"'2025-08-16 22:00'";16;76;6;8;0.5;moderate
DEBB021;"'2025-08-16 23:00'";20;72;5;10;0.5;good
DEBB021;"'2025-08-16 24:00'";16;67;5;8;0.5;good
DEBB021;"'2025-08-17 01:00'";14;62;5;7;0.5;good
DEBB021;"'2025-08-17 02:00'";15;59;5;8;0.5;good
DEBB021;"'2025-08-17 03:00'";14;56;6;8;0.9;good
DEBB021;"'2025-08-17 04:00'";14;56;5;7;0.5;good
DEBB021;"'2025-08-17 05:00'";12;54;6;6;0.5;good
DEBB021;"'2025-08-17 06:00'";12;52;5;6;0.5;good
DEBB021;"'2025-08-17 07:00'";14;50;5;6;0.5;good
DEBB021;"'2025-08-17 08:00'";13;51;5;6;0.5;good
DEBB021;"'2025-08-17 09:00'";14;54;4;7;0.5;good
DEBB021;"'2025-08-17 10:00'";16;55;4;8;0.5;good
DEBB021;"'2025-08-17 11:00'";16;58;4;8;0.5;good
DEBB021;"'2025-08-17 12:00'";15;63;4;8;0.5;good
DEBB021;"'2025-08-17 13:00'";16;68;3;8;0.5;good
DEBB021;"'2025-08-17 14:00'";26;71;3;8;0.5;good
DEBB021;"'2025-08-17 15:00'";15;74;3;7;0.5;moderate
DEBB021;"'2025-08-17 16:00'";15;76;3;7;0.5;moderate
DEBB021;"'2025-08-17 17:00'";13;77;3;6;0.5;moderate
DEBB021;"'2025-08-17 18:00'";15;79;4;7;0.5;moderate
DEBB021;"'2025-08-17 19:00'";15;79;5;7;0.5;moderate
DEBB021;"'2025-08-17 20:00'";14;77;6;7;0.5;moderate
DEBB021;"'2025-08-17 21:00'";15;71;8;7;0.5;good
DEBB021;"'2025-08-17 22:00'";19;69;9;11;0.5;good
DEBB021;"'2025-08-17 23:00'";17;63;10;9;0.5;good
DEBB021;"'2025-08-17 24:00'";13;56;12;6;0.5;good
DEBB021;"'2025-08-18 01:00'";12;46;14;5;0.5;good
DEBB021;"'2025-08-18 02:00'";10;42;13;5;0.5;good
DEBB021;"'2025-08-18 03:00'";10;43;12;5;0.5;good
DEBB021;"'2025-08-18 04:00'";8;37;14;4;0.5;good
DEBB021;"'2025-08-18 05:00'";8;32;16;4;0.5;good
DEBB021;"'2025-08-18 06:00'";10;19;22;5;0.5;good
DEBB021;"'2025-08-18 07:00'";11;21;19;5;0.5;good
DEBB021;"'2025-08-18 08:00'";13;19;22;6;0.5;good
DEBB021;"'2025-08-18 09:00'";11;46;14;5;0.9;good
DEBB021;"'2025-08-18 10:00'";8;74;6;3;2;moderate
DEBB021;"'2025-08-18 11:00'";11;78;7;3;1;moderate
DEBB021;"'2025-08-18 12:00'";13;85;7;3;0.5;moderate
DEBB021;"'2025-08-18 13:00'";11;94;6;3;0.5;moderate
DEBB021;"'2025-08-18 14:00'";9;104;5;3;0.5;moderate
DEBB021;"'2025-08-18 15:00'";11;109;5;3;0.5;moderate
DEBB021;"'2025-08-18 16:00'";11;109;6;3;1;moderate
DEBB021;"'2025-08-18 17:00'";13;100;5;4;1;moderate
DEBB021;"'2025-08-18 18:00'";13;94;5;4;0.5;moderate
DEBB021;"'2025-08-18 19:00'";16;89;5;4;0.5;moderate
DEBB021;"'2025-08-18 20:00'";14;81;6;4;0.5;moderate
DEBB021;"'2025-08-18 21:00'";15;71;9;4;0.5;good
DEBB021;"'2025-08-18 22:00'";19;61;13;8;0.5;good
DEBB021;"'2025-08-18 23:00'";20;55;15;7;0.5;good
DEBB021;"'2025-08-18 24:00'";15;52;15;6;0.5;good
DEBB021;"'2025-08-19 01:00'";12;47;15;5;0.5;good
DEBB021;"'2025-08-19 02:00'";10;41;16;5;0.5;good
DEBB021;"'2025-08-19 03:00'";10;39;16;5;0.5;good
DEBB021;"'2025-08-19 04:00'";11;29;17;5;0.5;good
DEBB021;"'2025-08-19 05:00'";10;24;18;6;0.5;good
DEBB021;"'2025-08-19 06:00'";13;18;23;7;0.5;good
DEBB021;"'2025-08-19 07:00'";14;14;32;7;0.5;moderate
DEBB021;"'2025-08-19 08:00'";16;19;32;8;0.5;moderate
DEBB021;"'2025-08-19 09:00'";17;40;22;7;0.5;good
DEBB021;"'2025-08-19 10:00'";15;68;10;5;1;good
DEBB021;"'2025-08-19 11:00'";17;74;10;5;2;moderate
DEBB021;"'2025-08-19 12:00'";15;86;5;4;0.8;moderate
DEBB021;"'2025-08-19 13:00'";16;92;4;4;0.5;moderate
DEBB021;"'2025-08-19 14:00'";17;97;5;5;0.5;moderate
DEBB021;"'2025-08-19 15:00'";18;97;5;5;0.5;moderate
DEBB021;"'2025-08-19 16:00'";15;101;5;4;0.5;moderate
DEBB021;"'2025-08-19 17:00'";14;104;5;4;0.5;moderate
DEBB021;"'2025-08-19 18:00'";11;107;5;4;0.5;moderate
DEBB021;"'2025-08-19 19:00'";14;107;5;5;0.5;moderate
DEBB021;"'2025-08-19 20:00'";16;103;6;5;0.5;moderate
DEBB021;"'2025-08-19 21:00'";38;83;15;8;0.5;moderate
DEBB021;"'2025-08-19 22:00'";34;57;23;8;0.5;moderate
DEBB021;"'2025-08-19 23:00'";27;42;28;8;0.5;good
DEBB021;"'2025-08-19 24:00'";26;46;23;8;0.5;good
DEBB021;"'2025-08-20 01:00'";18;63;16;6;0.5;good
DEBB021;"'2025-08-20 02:00'";16;68;12;6;0.5;good
DEBB021;"'2025-08-20 03:00'";14;76;7;5;0.5;moderate
DEBB021;"'2025-08-20 04:00'";12;68;8;5;0.5;good
DEBB021;"'2025-08-20 05:00'";13;62;11;6;0.5;good
DEBB021;"'2025-08-20 06:00'";16;56;11;7;0.5;good
DEBB021;"'2025-08-20 07:00'";16;52;11;7;0.5;good
DEBB021;"'2025-08-20 08:00'";15;52;9;7;0.5;good
DEBB021;"'2025-08-20 09:00'";16;61;6;8;0.5;good
DEBB021;"'2025-08-20 10:00'";17;68;5;9;0.5;good
DEBB021;"'2025-08-20 11:00'";18;72;4;9;0.5;good
DEBB021;"'2025-08-20 12:00'";18;78;4;9;0.5;moderate
DEBB021;"'2025-08-20 13:00'";21;78;5;9;0.5;moderate
DEBB021;"'2025-08-20 14:00'";20;78;4;9;0.5;moderate
DEBB021;"'2025-08-20 15:00'";23;82;4;9;0.5;moderate
DEBB021;"'2025-08-20 16:00'";21;91;4;9;0.5;moderate
DEBB021;"'2025-08-20 17:00'";19;90;5;9;0.5;moderate
DEBB021;"'2025-08-20 18:00'";17;85;4;9;0.5;moderate
DEBB021;"'2025-08-20 19:00'";16;77;4;7;0.5;moderate
DEBB021;"'2025-08-20 20:00'";16;70;6;6;0.5;good
DEBB021;"'2025-08-20 21:00'";12;67;4;4;0.5;good
DEBB021;"'2025-08-20 22:00'";10;67;4;3;0.5;good
DEBB021;"'2025-08-20 23:00'";8;69;5;3;0.5;good
DEBB021;"'2025-08-20 24:00'";7;69;5;3;0.5;good
DEBB021;"'2025-08-21 01:00'";7;67;5;3;0.5;good
DEBB021;"'2025-08-21 02:00'";7;64;6;3;0.5;good
DEBB021;"'2025-08-21 03:00'";6;60;5;3;0.5;good
DEBB021;"'2025-08-21 04:00'";7;56;6;3;0.5;good
DEBB021;"'2025-08-21 05:00'";6;53;6;3;0.5;good
DEBB021;"'2025-08-21 06:00'";7;48;7;3;0.5;good
DEBB021;"'2025-08-21 07:00'";13;39;12;4;0.5;good
DEBB021;"'2025-08-21 08:00'";10;38;12;4;3;good
DEBB021;"'2025-08-21 09:00'";12;42;9;4;2;good
DEBB021;"'2025-08-21 10:00'";15;49;8;4;2;good
DEBB021;"'2025-08-21 11:00'";15;61;6;5;0.9;good
DEBB021;"'2025-08-21 12:00'";16;71;6;4;0.5;good
DEBB021;"'2025-08-21 13:00'";13;78;4;4;0.5;moderate
DEBB021;"'2025-08-21 14:00'";13;84;4;4;0.5;moderate
DEBB021;"'2025-08-21 15:00'";21;83;4;4;0.5;moderate
DEBB021;"'2025-08-21 16:00'";15;82;4;3;0.5;moderate
DEBB021;"'2025-08-21 17:00'";14;81;4;3;0.5;moderate
DEBB021;"'2025-08-21 18:00'";15;79;4;3;0.5;moderate
DEBB021;"'2025-08-21 19:00'";12;83;5;3;0.5;moderate
DEBB021;"'2025-08-21 20:00'";13;82;5;3;0.5;moderate
DEBB021;"'2025-08-21 21:00'";15;73;8;4;0.5;moderate
DEBB021;"'2025-08-21 22:00'";15;72;6;4;0.5;good
DEBB021;"'2025-08-21 23:00'";13;70;5;4;0.5;good
DEBB021;"'2025-08-21 24:00'";15;67;5;5;0.5;good
DEBB021;"'2025-08-22 01:00'";15;60;7;6;0.5;good
DEBB021;"'2025-08-22 02:00'";12;55;10;5;0.5;good
DEBB021;"'2025-08-22 03:00'";10;58;6;4;0.5;good
DEBB021;"'2025-08-22 04:00'";9;59;5;3;0.5;good
DEBB021;"'2025-08-22 05:00'";8;57;5;3;0.5;good
DEBB021;"'2025-08-22 06:00'";8;52;7;3;0.5;good
DEBB021;"'2025-08-22 07:00'";10;48;8;4;0.5;good
DEBB021;"'2025-08-22 08:00'";18;48;9;5;0.5;good
DEBB021;"'2025-08-22 09:00'";11;51;6;4;0.5;good
DEBB021;"'2025-08-22 10:00'";10;50;6;4;0.5;good
DEBB021;"'2025-08-22 11:00'";12;55;6;4;0.5;good
DEBB021;"'2025-08-22 12:00'";16;65;4;4;0.5;good
DEBB021;"'2025-08-22 13:00'";16;71;5;4;0.5;good
DEBB021;"'2025-08-22 14:00'";15;75;4;5;0.5;moderate
DEBB021;"'2025-08-22 15:00'";20;75;4;5;0.5;moderate
DEBB021;"'2025-08-22 16:00'";13;78;4;4;0.5;moderate
DEBB021;"'2025-08-22 17:00'";19;77;4;6;0.5;moderate
DEBB021;"'2025-08-22 18:00'";15;75;4;4;0.5;moderate
DEBB021;"'2025-08-22 19:00'";15;74;5;5;0.5;moderate
DEBB021;"'2025-08-22 20:00'";17;72;6;5;0.5;good
DEBB021;"'2025-08-22 21:00'";12;75;4;4;0.5;moderate
DEBB021;"'2025-08-22 22:00'";15;71;5;5;0.5;good
DEBB021;"'2025-08-22 23:00'";12;73;4;3;0.5;moderate
DEBB021;"'2025-08-22 24:00'";11;70;4;4;0.5;good
DEBB021;"'2025-08-23 01:00'";8;69;4;3;0.5;good
DEBB021;"'2025-08-23 02:00'";7;69;4;3;0.8;good
DEBB021;"'2025-08-23 03:00'";7;68;4;3;0.5;good
DEBB021;"'2025-08-23 04:00'";6;66;4;3;0.5;good
DEBB021;"'2025-08-23 05:00'";6;65;4;3;0.5;good
DEBB021;"'2025-08-23 06:00'";8;66;4;3;0.5;good
DEBB021;"'2025-08-23 07:00'";12;66;4;3;0.5;good
DEBB021;"'2025-08-23 08:00'";9;63;6;3;0.5;good
DEBB021;"'2025-08-23 09:00'";9;58;6;4;0.5;good
DEBB021;"'2025-08-23 10:00'";11;62;4;4;0.5;good
DEBB021;"'2025-08-23 11:00'";11;70;3;3;0.5;good
DEBB021;"'2025-08-23 12:00'";13;73;3;4;0.5;moderate
DEBB021;"'2025-08-23 13:00'";10;72;4;3;0.5;good
DEBB021;"'2025-08-23 14:00'";7;72;4;3;0.5;good
DEBB021;"'2025-08-23 15:00'";9;64;5;3;0.5;good
DEBB021;"'2025-08-23 16:00'";6;67;4;3;0.5;good
DEBB021;"'2025-08-23 17:00'";5;63;6;3;0.5;good
DEBB021;"'2025-08-23 18:00'";5;60;5;3;0.5;good
DEBB021;"'2025-08-23 19:00'";5;65;4;3;0.5;good
DEBB021;"'2025-08-23 20:00'";8;60;7;5;0.5;good
DEBB021;"'2025-08-23 21:00'";9;45;14;7;0.5;good
DEBB021;"'2025-08-23 22:00'";11;36;18;7;0.5;good
DEBB021;"'2025-08-23 23:00'";10;34;15;7;0.5;good
DEBB021;"'2025-08-23 24:00'";11;35;13;6;0.5;good
DEBB021;"'2025-08-24 01:00'";8;41;10;5;0.5;good
DEBB021;"'2025-08-24 02:00'";7;35;11;4;0.5;good
DEBB021;"'2025-08-24 03:00'";8;40;10;4;0.5;good
DEBB021;"'2025-08-24 04:00'";8;34;9;4;0.5;good
DEBB021;"'2025-08-24 05:00'";7;36;9;4;0.5;good
DEBB021;"'2025-08-24 06:00'";7;34;8;4;0.5;good
DEBB021;"'2025-08-24 07:00'";7;34;8;4;0.5;good
DEBB021;"'2025-08-24 08:00'";7;36;7;4;0.5;good
DEBB021;"'2025-08-24 09:00'";7;43;6;4;0.5;good
DEBB021;"'2025-08-24 10:00'";7;53;4;4;0.5;good
DEBB021;"'2025-08-24 11:00'";7;60;3;4;0.5;good
DEBB021;"'2025-08-24 12:00'";8;65;3;4;0.5;good
DEBB021;"'2025-08-24 13:00'";8;68;3;4;0.5;good
DEBB021;"'2025-08-24 14:00'";8;68;3;4;0.5;good
DEBB021;"'2025-08-24 15:00'";9;71;3;5;0.5;good
DEBB021;"'2025-08-24 16:00'";8;72;4;5;0.5;good
DEBB021;"'2025-08-24 17:00'";9;71;3;4;0.5;good
DEBB021;"'2025-08-24 18:00'";9;71;4;5;0.5;good
DEBB021;"'2025-08-24 19:00'";8;71;4;5;0.5;good
DEBB021;"'2025-08-24 20:00'";8;72;4;5;0.5;good
DEBB021;"'2025-08-24 21:00'";8;67;6;5;0.5;good
DEBB021;"'2025-08-24 22:00'";8;65;7;5;0.5;good
DEBB021;"'2025-08-24 23:00'";9;60;9;5;0.5;good
DEBB021;"'2025-08-24 24:00'";7;60;7;4;0.5;good
DEBB021;"'2025-08-25 01:00'";8;60;7;4;0.5;good
DEBB021;"'2025-08-25 02:00'";7;57;7;4;0.5;good
DEBB021;"'2025-08-25 03:00'";7;56;7;4;0.5;good
DEBB021;"'2025-08-25 04:00'";6;54;6;4;0.5;good
DEBB021;"'2025-08-25 05:00'";7;51;7;4;0.5;good
DEBB021;"'2025-08-25 06:00'";7;49;8;4;0.5;good
DEBB021;"'2025-08-25 07:00'";9;46;10;4;0.5;good
DEBB021;"'2025-08-25 08:00'";9;43;15;5;0.5;good
DEBB021;"'2025-08-25 09:00'";12;46;15;5;0.5;good
DEBB021;"'2025-08-25 10:00'";10;52;12;5;0.5;good
DEBB021;"'2025-08-25 11:00'";10;-;9;5;0.5;good
DEBB021;"'2025-08-25 12:00'";9;65;7;4;0.5;good
DEBB021;"'2025-08-25 13:00'";8;72;5;4;0.5;good
DEBB021;"'2025-08-25 14:00'";8;77;5;4;0.5;moderate
DEBB021;"'2025-08-25 15:00'";8;79;4;4;0.5;moderate
DEBB021;"'2025-08-25 16:00'";8;82;4;3;0.5;moderate
DEBB021;"'2025-08-25 17:00'";9;84;4;3;0.5;moderate
DEBB021;"'2025-08-25 18:00'";11;84;3;4;0.5;moderate
DEBB021;"'2025-08-25 19:00'";14;84;4;8;0.5;moderate
DEBB021;"'2025-08-25 20:00'";11;74;8;5;0.5;moderate
DEBB021;"'2025-08-25 21:00'";16;53;19;8;0.5;good
DEBB021;"'2025-08-25 22:00'";16;27;33;9;0.5;moderate
DEBB021;"'2025-08-25 23:00'";18;19;35;11;0.5;moderate
DEBB021;"'2025-08-25 24:00'";18;16;30;13;0.5;good
DEBB021;"'2025-08-26 01:00'";19;9;28;14;0.5;good
DEBB021;"'2025-08-26 02:00'";19;9;22;15;0.5;good
DEBB021;"'2025-08-26 03:00'";18;34;15;13;0.5;good
DEBB021;"'2025-08-26 04:00'";16;31;15;11;0.5;good
DEBB021;"'2025-08-26 05:00'";13;38;14;9;0.5;good
DEBB021;"'2025-08-26 06:00'";12;35;14;7;0.5;good
DEBB021;"'2025-08-26 07:00'";13;37;16;7;0.5;good
DEBB021;"'2025-08-26 08:00'";11;38;19;6;0.5;good
DEBB021;"'2025-08-26 09:00'";14;47;14;6;0.5;good
DEBB021;"'2025-08-26 10:00'";9;62;8;5;0.5;good
DEBB021;"'2025-08-26 11:00'";10;69;5;4;0.5;good
DEBB021;"'2025-08-26 12:00'";9;74;4;4;0.5;moderate
DEBB021;"'2025-08-26 13:00'";8;78;4;4;0.5;moderate
DEBB021;"'2025-08-26 14:00'";7;82;4;3;0.5;moderate
DEBB021;"'2025-08-26 15:00'";8;83;4;3;0.5;moderate
DEBB021;"'2025-08-26 16:00'";9;80;6;3;0.5;moderate
DEBB021;"'2025-08-26 17:00'";9;83;4;3;0.5;moderate
DEBB021;"'2025-08-26 18:00'";9;83;4;3;0.5;moderate
DEBB021;"'2025-08-26 19:00'";10;81;5;3;0.5;moderate
DEBB021;"'2025-08-26 20:00'";9;77;8;4;0.5;moderate
DEBB021;"'2025-08-26 21:00'";13;63;14;5;0.5;good
DEBB021;"'2025-08-26 22:00'";14;55;18;6;0.5;good
DEBB021;"'2025-08-26 23:00'";21;55;19;7;0.5;good
DEBB021;"'2025-08-26 24:00'";12;52;21;5;0.5;good
DEBB021;"'2025-08-27 01:00'";11;50;19;5;0.5;good
DEBB021;"'2025-08-27 02:00'";10;53;14;5;0.5;good
DEBB021;"'2025-08-27 03:00'";9;54;11;5;0.5;good
DEBB021;"'2025-08-27 04:00'";10;55;11;5;0.5;good
DEBB021;"'2025-08-27 05:00'";10;55;10;5;0.5;good
DEBB021;"'2025-08-27 06:00'";11;50;12;5;1;good
DEBB021;"'2025-08-27 07:00'";13;47;15;6;0.5;good
DEBB021;"'2025-08-27 08:00'";15;42;21;6;0.5;good
DEBB021;"'2025-08-27 09:00'";19;44;18;7;0.8;good
DEBB021;"'2025-08-27 10:00'";20;51;14;8;1;good
DEBB021;"'2025-08-27 11:00'";22;53;16;9;1;good
DEBB021;"'2025-08-27 12:00'";22;65;12;9;1;good
DEBB021;"'2025-08-27 13:00'";25;89;9;9;0.9;moderate
DEBB021;"'2025-08-27 14:00'";27;112;8;11;0.8;moderate
DEBB021;"'2025-08-27 15:00'";27;120;8;11;0.8;moderate
DEBB021;"'2025-08-27 16:00'";28;125;11;11;1;moderate
DEBB021;"'2025-08-27 17:00'";28;128;10;12;1;moderate
DEBB021;"'2025-08-27 18:00'";26;131;10;10;1;moderate
DEBB021;"'2025-08-27 19:00'";28;139;10;10;1;moderate
DEBB021;"'2025-08-27 20:00'";29;109;25;11;1;moderate
DEBB021;"'2025-08-27 21:00'";29;59;53;13;1;moderate
DEBB021;"'2025-08-27 22:00'";38;46;47;16;1;moderate
DEBB021;"'2025-08-27 23:00'";29;43;45;15;0.8;moderate
DEBB021;"'2025-08-27 24:00'";29;78;23;15;0.9;moderate
DEBB021;"'2025-08-28 01:00'";26;95;12;14;1;moderate
DEBB021;"'2025-08-28 02:00'";19;79;8;11;0.5;moderate
DEBB021;"'2025-08-28 03:00'";17;65;8;12;0.5;good
DEBB021;"'2025-08-28 04:00'";18;56;8;13;0.5;good
DEBB021;"'2025-08-28 05:00'";17;45;8;13;0.5;good
DEBB021;"'2025-08-28 06:00'";17;40;10;14;0.5;good
DEBB021;"'2025-08-28 07:00'";21;30;16;16;0.5;moderate
DEBB021;"'2025-08-28 08:00'";21;26;16;17;0.5;moderate
DEBB021;"'2025-08-28 09:00'";24;25;21;19;0.5;moderate
DEBB021;"'2025-08-28 10:00'";24;28;22;19;0.5;moderate
DEBB021;"'2025-08-28 11:00'";25;21;24;20;0.5;moderate
DEBB021;"'2025-08-28 12:00'";24;24;24;19;0.5;moderate
DEBB021;"'2025-08-28 13:00'";21;44;14;17;0.5;moderate
DEBB021;"'2025-08-28 14:00'";17;55;11;13;0.5;good
DEBB021;"'2025-08-28 15:00'";17;53;12;13;0.5;good
DEBB021;"'2025-08-28 16:00'";16;45;19;12;0.5;good
DEBB021;"'2025-08-28 17:00'";17;46;15;13;0.5;good
DEBB021;"'2025-08-28 18:00'";15;45;14;12;0.5;good
DEBB021;"'2025-08-28 19:00'";13;54;11;9;0.5;good
DEBB021;"'2025-08-28 20:00'";13;44;14;9;0.5;good
DEBB021;"'2025-08-28 21:00'";14;37;11;10;0.5;good
DEBB021;"'2025-08-28 22:00'";14;35;11;10;0.5;good
DEBB021;"'2025-08-28 23:00'";13;35;12;9;0.5;good
DEBB021;"'2025-08-28 24:00'";13;35;9;9;0.5;good
DEBB021;"'2025-08-29 01:00'";15;25;10;10;0.9;good
DEBB021;"'2025-08-29 02:00'";13;21;11;10;0.5;good
DEBB021;"'2025-08-29 03:00'";14;23;10;10;0.5;good
DEBB021;"'2025-08-29 04:00'";13;19;10;9;0.5;good
DEBB021;"'2025-08-29 05:00'";11;12;11;8;0.5;good
DEBB021;"'2025-08-29 06:00'";11;9;13;9;0.5;good
DEBB021;"'2025-08-29 07:00'";11;7;16;8;0.5;good
DEBB021;"'2025-08-29 08:00'";13;7;19;9;0.5;good
DEBB021;"'2025-08-29 09:00'";15;16;18;10;0.5;good
DEBB021;"'2025-08-29 10:00'";16;27;13;11;0.5;good
DEBB021;"'2025-08-29 11:00'";16;33;12;11;0.5;good
DEBB021;"'2025-08-29 12:00'";16;39;11;11;0.5;good
DEBB021;"'2025-08-29 13:00'";15;43;10;12;0.5;good
DEBB021;"'2025-08-29 14:00'";15;42;10;12;0.5;good
DEBB021;"'2025-08-29 15:00'";14;53;10;11;0.5;good
DEBB021;"'2025-08-29 16:00'";14;66;9;10;0.5;good
DEBB021;"'2025-08-29 17:00'";14;69;9;9;0.5;good
DEBB021;"'2025-08-29 18:00'";13;62;10;9;0.5;good
DEBB021;"'2025-08-29 19:00'";15;53;13;11;0.5;good
DEBB021;"'2025-08-29 20:00'";15;44;19;12;0.5;good
DEBB021;"'2025-08-29 21:00'";17;24;18;13;0.5;good
DEBB021;"'2025-08-29 22:00'";18;13;21;15;0.5;good
DEBB021;"'2025-08-29 23:00'";21;19;17;16;0.5;moderate
DEBB021;"'2025-08-29 24:00'";20;12;20;16;0.5;moderate
DEBB021;"'2025-08-30 01:00'";23;6;20;19;0.5;moderate
DEBB021;"'2025-08-30 02:00'";21;4;21;17;0.5;moderate
DEBB021;"'2025-08-30 03:00'";20;8;18;16;0.5;moderate
DEBB021;"'2025-08-30 04:00'";19;6;21;16;0.5;moderate
DEBB021;"'2025-08-30 05:00'";12;10;15;10;0.5;good
DEBB021;"'2025-08-30 06:00'";13;8;16;11;0.5;good
DEBB021;"'2025-08-30 07:00'";17;4;17;12;0.5;good
DEBB021;"'2025-08-30 08:00'";14;6;18;11;0.5;good
DEBB021;"'2025-08-30 09:00'";14;10;14;11;0.5;good
DEBB021;"'2025-08-30 10:00'";15;37;8;11;0.5;good
DEBB021;"'2025-08-30 11:00'";10;51;7;6;0.8;good
DEBB021;"'2025-08-30 12:00'";8;60;6;5;1;good
DEBB021;"'2025-08-30 13:00'";8;66;5;5;1;good
DEBB021;"'2025-08-30 14:00'";8;70;8;5;0.8;good
DEBB021;"'2025-08-30 15:00'";9;74;7;4;0.5;moderate
DEBB021;"'2025-08-30 16:00'";9;78;6;6;0.5;moderate
DEBB021;"'2025-08-30 17:00'";9;77;6;6;0.5;moderate
DEBB021;"'2025-08-30 18:00'";7;79;7;4;0.5;moderate
DEBB021;"'2025-08-30 19:00'";8;80;6;5;0.5;moderate
DEBB021;"'2025-08-30 20:00'";10;69;11;6;0.5;good
DEBB021;"'2025-08-30 21:00'";8;58;12;5;0.5;good
DEBB021;"'2025-08-30 22:00'";10;50;14;6;0.5;good
DEBB021;"'2025-08-30 23:00'";11;37;18;7;0.5;good
DEBB021;"'2025-08-30 24:00'";10;38;14;6;0.5;good
DEBB021;"'2025-08-31 01:00'";10;25;16;7;0.5;good
DEBB021;"'2025-08-31 02:00'";12;16;17;8;0.5;good
DEBB021;"'2025-08-31 03:00'";15;8;19;11;0.5;good
DEBB021;"'2025-08-31 04:00'";15;11;14;10;0.5;good
DEBB021;"'2025-08-31 05:00'";12;10;14;8;0.5;good
DEBB021;"'2025-08-31 06:00'";13;5;12;8;0.5;good
DEBB021;"'2025-08-31 07:00'";13;4;14;8;0.5;good
DEBB021;"'2025-08-31 08:00'";11;7;12;8;0.5;good
DEBB021;"'2025-08-31 09:00'";10;23;10;6;0.5;good
DEBB021;"'2025-08-31 10:00'";8;43;8;5;0.5;good
DEBB021;"'2025-08-31 11:00'";8;53;7;5;0.5;good
DEBB021;"'2025-08-31 12:00'";7;69;6;4;0.5;good
DEBB021;"'2025-08-31 13:00'";6;75;6;4;0.5;moderate
DEBB021;"'2025-08-31 14:00'";7;79;6;4;0.5;moderate
DEBB021;"'2025-08-31 15:00'";7;81;5;4;0.5;moderate
DEBB021;"'2025-08-31 16:00'";6;79;7;3;0.5;moderate
DEBB021;"'2025-08-31 17:00'";6;82;5;3;0.5;moderate
DEBB021;"'2025-08-31 18:00'";6;82;5;3;0.8;moderate
DEBB021;"'2025-08-31 19:00'";6;81;9;3;1;moderate
DEBB021;"'2025-08-31 20:00'";8;74;12;4;1;moderate
DEBB021;"'2025-08-31 21:00'";10;44;28;4;0.8;good
DEBB021;"'2025-08-31 22:00'";10;24;32;6;0.5;moderate
DEBB021;"'2025-08-31 23:00'";10;18;29;5;0.5;good
DEBB021;"'2025-08-31 24:00'";10;31;23;7;0.5;good
DEBB021;"'2025-09-01 01:00'";12;29;22;8;0.5;good
DEBB021;"'2025-09-01 02:00'";9;42;16;6;0.5;good
DEBB021;"'2025-09-01 03:00'";8;41;15;5;0.8;good
DEBB021;"'2025-09-01 04:00'";9;37;15;5;0.5;good
DEBB021;"'2025-09-01 05:00'";8;32;15;5;0.5;good
DEBB021;"'2025-09-01 06:00'";9;26;19;6;0.5;good
DEBB021;"'2025-09-01 07:00'";9;20;22;6;0.5;good
DEBB021;"'2025-09-01 08:00'";10;27;19;6;0.5;good
DEBB021;"'2025-09-01 09:00'";12;31;19;7;0.5;good
DEBB021;"'2025-09-01 10:00'";11;49;13;7;1;good
DEBB021;"'2025-09-01 11:00'";11;73;9;7;1;moderate
DEBB021;"'2025-09-01 12:00'";12;86;7;7;0.5;moderate
DEBB021;"'2025-09-01 13:00'";11;86;7;6;1;moderate
DEBB021;"'2025-09-01 14:00'";11;90;6;6;0.5;moderate
DEBB021;"'2025-09-01 15:00'";12;95;6;6;0.5;moderate
DEBB021;"'2025-09-01 16:00'";12;95;9;6;0.5;moderate
DEBB021;"'2025-09-01 17:00'";13;100;6;7;0.5;moderate
DEBB021;"'2025-09-01 18:00'";13;99;9;6;1;moderate
DEBB021;"'2025-09-01 19:00'";13;92;11;5;1;moderate
DEBB021;"'2025-09-01 20:00'";14;71;9;5;2;good
DEBB021;"'2025-09-01 21:00'";14;62;9;7;1;good
DEBB021;"'2025-09-01 22:00'";12;57;9;7;0.5;good
DEBB021;"'2025-09-01 23:00'";11;54;8;6;0.5;good
DEBB021;"'2025-09-01 24:00'";8;49;8;3;0.5;good
DEBB021;"'2025-09-02 01:00'";6;42;8;3;0.5;good
DEBB021;"'2025-09-02 02:00'";7;35;8;3;0.5;good
DEBB021;"'2025-09-02 03:00'";6;27;8;3;0.5;good
DEBB021;"'2025-09-02 04:00'";7;25;8;3;0.5;good
DEBB021;"'2025-09-02 05:00'";7;19;10;4;0.9;"very good"
DEBB021;"'2025-09-02 06:00'";7;21;12;4;0.5;good
DEBB021;"'2025-09-02 07:00'";8;18;15;5;0.5;good
DEBB021;"'2025-09-02 08:00'";8;13;26;5;0.5;good
DEBB021;"'2025-09-02 09:00'";9;20;19;5;0.5;good
DEBB021;"'2025-09-02 10:00'";10;29;15;5;0.5;good
DEBB021;"'2025-09-02 11:00'";9;32;18;6;0.5;good
DEBB021;"'2025-09-02 12:00'";8;36;13;6;0.5;good
DEBB021;"'2025-09-02 13:00'";8;38;15;5;0.5;good
DEBB021;"'2025-09-02 14:00'";8;49;10;5;0.5;good
DEBB021;"'2025-09-02 15:00'";8;53;7;5;0.5;good
DEBB021;"'2025-09-02 16:00'";8;58;6;5;0.5;good
DEBB021;"'2025-09-02 17:00'";7;61;7;4;0.5;good
DEBB021;"'2025-09-02 18:00'";8;66;8;5;0.5;good
DEBB021;"'2025-09-02 19:00'";8;64;10;5;0.5;good
DEBB021;"'2025-09-02 20:00'";9;71;7;5;0.5;good
DEBB021;"'2025-09-02 21:00'";8;53;12;4;0.5;good
DEBB021;"'2025-09-02 22:00'";7;46;9;3;0.5;good
DEBB021;"'2025-09-02 23:00'";7;39;8;4;0.5;good
DEBB021;"'2025-09-02 24:00'";7;41;7;4;0.5;good
DEBB021;"'2025-09-03 01:00'";9;32;9;4;0.5;good
DEBB021;"'2025-09-03 02:00'";9;22;9;4;0.5;"very good"
DEBB021;"'2025-09-03 03:00'";9;17;12;4;0.5;good
DEBB021;"'2025-09-03 04:00'";9;22;9;5;0.5;"very good"
DEBB021;"'2025-09-03 05:00'";9;24;9;5;0.5;"very good"
DEBB021;"'2025-09-03 06:00'";8;27;9;4;0.8;good
DEBB021;"'2025-09-03 07:00'";14;26;12;6;0.5;good
DEBB021;"'2025-09-03 08:00'";11;23;14;6;0.5;good
DEBB021;"'2025-09-03 09:00'";10;24;12;5;0.5;good
DEBB021;"'2025-09-03 10:00'";9;31;9;4;0.5;good
DEBB021;"'2025-09-03 11:00'";25;46;8;8;1;good
DEBB021;"'2025-09-03 12:00'";25;59;7;9;1;good
DEBB021;"'2025-09-03 13:00'";26;65;6;8;2;good
DEBB021;"'2025-09-03 14:00'";11;67;7;4;0.9;good
DEBB021;"'2025-09-03 15:00'";10;70;7;4;0.5;good
DEBB021;"'2025-09-03 16:00'";18;68;8;5;0.5;good
DEBB021;"'2025-09-03 17:00'";14;68;6;5;0.8;good
DEBB021;"'2025-09-03 18:00'";16;68;6;6;0.5;good
DEBB021;"'2025-09-03 19:00'";6;66;6;2;0.5;good
DEBB021;"'2025-09-03 20:00'";6;58;9;3;0.5;good
DEBB021;"'2025-09-03 21:00'";7;52;12;3;0.5;good
DEBB021;"'2025-09-03 22:00'";7;46;13;3;0.5;good
DEBB021;"'2025-09-03 23:00'";8;42;13;3;0.5;good
DEBB021;"'2025-09-03 24:00'";7;45;10;4;0.5;good
DEBB021;"'2025-09-04 01:00'";7;40;10;3;0.5;good
DEBB021;"'2025-09-04 02:00'";6;34;11;3;0.5;good
DEBB021;"'2025-09-04 03:00'";6;31;11;3;0.5;good
DEBB021;"'2025-09-04 04:00'";7;36;10;4;0.5;good
DEBB021;"'2025-09-04 05:00'";7;35;9;4;0.5;good
DEBB021;"'2025-09-04 06:00'";7;33;11;4;0.5;good
DEBB021;"'2025-09-04 07:00'";8;27;17;4;0.5;good
DEBB021;"'2025-09-04 08:00'";8;22;21;4;0.5;good
DEBB021;"'2025-09-04 09:00'";8;29;18;4;0.5;good
DEBB021;"'2025-09-04 10:00'";28;46;10;7;3;moderate
DEBB021;"'2025-09-04 11:00'";13;48;12;5;3;good
DEBB021;"'2025-09-04 12:00'";11;66;7;5;0.9;good
DEBB021;"'2025-09-04 13:00'";14;71;8;5;0.5;good
DEBB021;"'2025-09-04 14:00'";11;75;8;5;0.5;moderate
DEBB021;"'2025-09-04 15:00'";32;79;8;9;1;moderate
DEBB021;"'2025-09-04 16:00'";46;78;13;18;7;moderate
DEBB021;"'2025-09-04 17:00'";24;84;9;9;4;moderate
DEBB021;"'2025-09-04 18:00'";29;85;9;9;2;moderate
DEBB021;"'2025-09-04 19:00'";9;79;10;4;1;moderate
DEBB021;"'2025-09-04 20:00'";10;69;14;4;1;good
DEBB021;"'2025-09-04 21:00'";11;36;36;5;0.8;moderate
DEBB021;"'2025-09-04 22:00'";12;34;30;6;0.5;good
DEBB021;"'2025-09-04 23:00'";12;27;30;7;0.5;good
DEBB021;"'2025-09-04 24:00'";13;16;35;8;0.5;moderate
DEBB021;"'2025-09-05 01:00'";13;27;23;7;0.5;good
DEBB021;"'2025-09-05 02:00'";11;23;25;7;0.5;good
DEBB021;"'2025-09-05 03:00'";12;24;24;7;0.5;good
DEBB021;"'2025-09-05 04:00'";10;51;10;5;0.5;good
DEBB021;"'2025-09-05 05:00'";8;63;6;4;0.5;good
DEBB021;"'2025-09-05 06:00'";6;62;5;3;0.5;good
DEBB021;"'2025-09-05 07:00'";6;58;6;3;0.5;good
DEBB021;"'2025-09-05 08:00'";7;47;13;4;0.5;good
DEBB021;"'2025-09-05 09:00'";6;48;13;3;0.5;good
DEBB021;"'2025-09-05 10:00'";5;52;12;3;0.5;good
DEBB021;"'2025-09-05 11:00'";6;54;11;3;0.5;good
DEBB021;"'2025-09-05 12:00'";6;51;12;4;0.5;good
DEBB021;"'2025-09-05 13:00'";7;62;5;4;0.5;good
DEBB021;"'2025-09-05 14:00'";7;62;6;5;0.5;good
DEBB021;"'2025-09-05 15:00'";9;60;6;5;0.5;good
DEBB021;"'2025-09-05 16:00'";10;69;5;7;0.5;good
DEBB021;"'2025-09-05 17:00'";10;72;5;6;0.5;good
DEBB021;"'2025-09-05 18:00'";10;82;5;6;0.5;moderate
DEBB021;"'2025-09-05 19:00'";10;84;6;7;0.5;moderate
DEBB021;"'2025-09-05 20:00'";13;71;10;9;0.5;good
DEBB021;"'2025-09-05 21:00'";15;52;20;10;0.5;good
DEBB021;"'2025-09-05 22:00'";15;45;17;10;0.5;good
DEBB021;"'2025-09-05 23:00'";11;52;11;7;0.5;good
DEBB021;"'2025-09-05 24:00'";14;57;10;10;0.5;good
DEBB021;"'2025-09-06 01:00'";8;59;6;5;0.5;good
DEBB021;"'2025-09-06 02:00'";10;56;7;7;0.5;good
DEBB021;"'2025-09-06 03:00'";11;54;6;8;0.5;good
DEBB021;"'2025-09-06 04:00'";8;51;7;5;0.5;good
DEBB021;"'2025-09-06 05:00'";8;50;6;4;0.5;good
DEBB021;"'2025-09-06 06:00'";8;42;8;4;0.5;good
DEBB021;"'2025-09-06 07:00'";9;35;9;5;0.5;good
DEBB021;"'2025-09-06 08:00'";8;35;8;4;0.5;good
DEBB021;"'2025-09-06 09:00'";8;40;8;5;0.5;good
DEBB021;"'2025-09-06 10:00'";9;59;5;4;0.5;good
DEBB021;"'2025-09-06 11:00'";8;69;4;4;0.5;good
DEBB021;"'2025-09-06 12:00'";8;72;3;4;0.5;good
DEBB021;"'2025-09-06 13:00'";8;74;4;4;0.5;moderate
DEBB021;"'2025-09-06 14:00'";6;77;4;3;0.5;moderate
DEBB021;"'2025-09-06 15:00'";8;79;3;4;0.8;moderate
DEBB021;"'2025-09-06 16:00'";9;80;3;4;0.5;moderate
DEBB021;"'2025-09-06 17:00'";15;81;5;6;4;moderate
DEBB021;"'2025-09-06 18:00'";8;81;4;4;2;moderate
DEBB021;"'2025-09-06 19:00'";8;79;5;4;1;moderate
DEBB021;"'2025-09-06 20:00'";15;67;10;6;3;good
DEBB021;"'2025-09-06 21:00'";10;37;25;7;1;good
DEBB021;"'2025-09-06 22:00'";11;28;26;7;0.5;good
DEBB021;"'2025-09-06 23:00'";15;23;29;11;1;good
DEBB021;"'2025-09-06 24:00'";18;17;30;14;0.5;good
DEBB021;"'2025-09-07 01:00'";18;16;29;14;0.5;good
DEBB021;"'2025-09-07 02:00'";16;20;24;12;0.5;good
DEBB021;"'2025-09-07 03:00'";15;22;20;11;0.5;good
DEBB021;"'2025-09-07 04:00'";14;20;17;11;0.5;good
DEBB021;"'2025-09-07 05:00'";13;19;16;10;0.5;good
DEBB021;"'2025-09-07 06:00'";13;15;18;10;0.5;good
DEBB021;"'2025-09-07 07:00'";14;12;22;10;0.5;good
DEBB021;"'2025-09-07 08:00'";16;14;19;10;0.8;good
DEBB021;"'2025-09-07 09:00'";13;21;14;9;0.5;good
DEBB021;"'2025-09-07 10:00'";10;38;10;7;0.5;good
DEBB021;"'2025-09-07 11:00'";9;57;8;5;0.8;good
DEBB021;"'2025-09-07 12:00'";7;69;5;4;0.9;good
DEBB021;"'2025-09-07 13:00'";7;75;5;4;0.5;moderate
DEBB021;"'2025-09-07 14:00'";7;78;4;4;0.5;moderate
DEBB021;"'2025-09-07 15:00'";7;81;5;4;0.5;moderate
DEBB021;"'2025-09-07 16:00'";6;80;5;3;0.5;moderate
DEBB021;"'2025-09-07 17:00'";6;77;5;3;0.5;moderate
DEBB021;"'2025-09-07 18:00'";6;75;6;3;0.5;moderate
DEBB021;"'2025-09-07 19:00'";5;76;6;3;0.5;moderate
DEBB021;"'2025-09-07 20:00'";5;70;8;3;0.5;good
DEBB021;"'2025-09-07 21:00'";7;61;12;3;0.5;good
DEBB021;"'2025-09-07 22:00'";7;41;21;4;0.5;good
DEBB021;"'2025-09-07 23:00'";8;42;18;5;0.5;good
DEBB021;"'2025-09-07 24:00'";8;42;14;5;0.5;good
DEBB021;"'2025-09-08 01:00'";8;39;12;5;0.5;good
DEBB021;"'2025-09-08 02:00'";8;36;11;5;0.5;good
DEBB021;"'2025-09-08 03:00'";7;31;12;5;0.5;good
DEBB021;"'2025-09-08 04:00'";9;28;12;5;0.8;good
DEBB021;"'2025-09-08 05:00'";8;27;11;5;0.5;good
DEBB021;"'2025-09-08 06:00'";9;21;14;6;0.5;good
DEBB021;"'2025-09-08 07:00'";9;12;22;6;0.5;good
DEBB021;"'2025-09-08 08:00'";10;16;19;7;0.5;good
DEBB021;"'2025-09-08 09:00'";10;28;15;7;0.5;good
DEBB021;"'2025-09-08 10:00'";9;43;13;6;0.9;good
DEBB021;"'2025-09-08 11:00'";13;57;11;6;0.5;good
DEBB021;"'2025-09-08 12:00'";17;71;-;7;0.5;good
DEBB021;"'2025-09-08 13:00'";22;80;-;9;2;moderate
DEBB021;"'2025-09-08 14:00'";33;81;8;11;0.9;moderate
DEBB021;"'2025-09-08 15:00'";12;86;6;6;0.5;moderate
DEBB021;"'2025-09-08 16:00'";9;88;6;6;0.5;moderate
DEBB021;"'2025-09-08 17:00'";9;88;7;5;0.5;moderate
DEBB021;"'2025-09-08 18:00'";9;86;7;5;0.5;moderate
DEBB021;"'2025-09-08 19:00'";9;84;9;5;0.5;moderate
DEBB021;"'2025-09-08 20:00'";11;72;14;6;0.5;good
DEBB021;"'2025-09-08 21:00'";11;52;20;7;0.5;good
DEBB021;"'2025-09-08 22:00'";11;36;24;7;0.5;good
DEBB021;"'2025-09-08 23:00'";13;25;27;9;0.5;good
DEBB021;"'2025-09-08 24:00'";13;32;18;9;0.5;good
DEBB021;"'2025-09-09 01:00'";12;29;17;9;0.5;good
DEBB021;"'2025-09-09 02:00'";13;17;18;10;0.5;good
DEBB021;"'2025-09-09 03:00'";13;18;16;10;0.5;good
DEBB021;"'2025-09-09 04:00'";13;15;16;10;0.5;good
DEBB021;"'2025-09-09 05:00'";14;12;17;11;0.5;good
DEBB021;"'2025-09-09 06:00'";14;10;16;11;0.5;good
DEBB021;"'2025-09-09 07:00'";14;3;22;11;0.5;good
DEBB021;"'2025-09-09 08:00'";25;4;26;13;0.5;good
DEBB021;"'2025-09-09 09:00'";18;20;24;12;0.5;good
DEBB021;"'2025-09-09 10:00'";20;37;20;14;0.5;good
DEBB021;"'2025-09-09 11:00'";24;56;13;17;1;moderate
DEBB021;"'2025-09-09 12:00'";22;75;9;16;0.9;moderate
DEBB021;"'2025-09-09 13:00'";23;91;7;15;0.5;moderate
DEBB021;"'2025-09-09 14:00'";23;99;7;14;0.8;moderate
DEBB021;"'2025-09-09 15:00'";24;106;7;15;1;moderate
DEBB021;"'2025-09-09 16:00'";22;106;6;14;1;moderate
DEBB021;"'2025-09-09 17:00'";23;103;8;14;0.8;moderate
DEBB021;"'2025-09-09 18:00'";22;107;9;14;1;moderate
DEBB021;"'2025-09-09 19:00'";22;98;11;14;1;moderate
DEBB021;"'2025-09-09 20:00'";22;87;16;14;1;moderate
DEBB021;"'2025-09-09 21:00'";24;69;21;16;0.5;moderate
DEBB021;"'2025-09-09 22:00'";23;44;32;16;0.5;moderate
DEBB021;"'2025-09-09 23:00'";25;51;24;16;0.5;moderate
DEBB021;"'2025-09-09 24:00'";25;61;20;17;0.5;moderate
DEBB021;"'2025-09-10 01:00'";21;78;9;16;1;moderate
DEBB021;"'2025-09-10 02:00'";18;80;8;14;0.5;moderate
DEBB021;"'2025-09-10 03:00'";20;72;7;15;0.5;good
DEBB021;"'2025-09-10 04:00'";17;69;7;14;0.5;good
DEBB021;"'2025-09-10 05:00'";16;63;7;13;0.5;good
DEBB021;"'2025-09-10 06:00'";16;52;8;13;0.5;good
DEBB021;"'2025-09-10 07:00'";21;39;14;15;0.5;good
DEBB021;"'2025-09-10 08:00'";25;29;18;15;0.5;good
DEBB021;"'2025-09-10 09:00'";21;42;17;15;0.9;good
DEBB021;"'2025-09-10 10:00'";18;54;13;14;1;good
DEBB021;"'2025-09-10 11:00'";18;72;9;13;1;good
DEBB021;"'2025-09-10 12:00'";20;81;8;15;1;moderate
DEBB021;"'2025-09-10 13:00'";21;86;7;16;1;moderate
DEBB021;"'2025-09-10 14:00'";23;91;8;16;2;moderate
DEBB021;"'2025-09-10 15:00'";21;90;8;14;2;moderate
DEBB021;"'2025-09-10 16:00'";16;90;10;10;2;moderate
DEBB021;"'2025-09-10 17:00'";15;89;9;9;2;moderate
DEBB021;"'2025-09-10 18:00'";13;86;8;8;2;moderate
DEBB021;"'2025-09-10 19:00'";15;78;9;9;2;moderate
DEBB021;"'2025-09-10 20:00'";15;66;17;10;1;good
DEBB021;"'2025-09-10 21:00'";17;63;16;12;2;good
DEBB021;"'2025-09-10 22:00'";15;58;14;11;1;good
DEBB021;"'2025-09-10 23:00'";15;67;10;12;1;good
DEBB021;"'2025-09-10 24:00'";12;61;8;10;0.5;good
DEBB021;"'2025-09-11 01:00'";12;54;7;9;0.5;good
DEBB021;"'2025-09-11 02:00'";12;49;8;8;0.5;good
DEBB021;"'2025-09-11 03:00'";12;39;8;9;0.5;good
DEBB021;"'2025-09-11 04:00'";13;35;8;9;0.5;good
DEBB021;"'2025-09-11 05:00'";13;33;8;9;0.5;good
DEBB021;"'2025-09-11 06:00'";11;28;8;8;0.5;good
DEBB021;"'2025-09-11 07:00'";22;23;12;10;1;good
DEBB021;"'2025-09-11 08:00'";16;30;14;8;0.5;good
DEBB021;"'2025-09-11 09:00'";10;35;11;6;0.5;good
DEBB021;"'2025-09-11 10:00'";9;40;10;5;0.5;good
DEBB021;"'2025-09-11 11:00'";9;45;10;5;0.5;good
DEBB021;"'2025-09-11 12:00'";8;56;8;5;1;good
DEBB021;"'2025-09-11 13:00'";9;67;7;5;1;good
DEBB021;"'2025-09-11 14:00'";9;72;7;5;0.9;good
DEBB021;"'2025-09-11 15:00'";8;67;8;4;0.5;good
DEBB021;"'2025-09-11 16:00'";10;69;6;4;0.5;good
DEBB021;"'2025-09-11 17:00'";8;66;8;4;0.5;good
DEBB021;"'2025-09-11 18:00'";9;63;8;4;0.5;good
DEBB021;"'2025-09-11 19:00'";8;62;7;4;0.5;good
DEBB021;"'2025-09-11 20:00'";6;56;8;3;0.5;good
DEBB021;"'2025-09-11 21:00'";6;48;8;3;0.5;good
DEBB021;"'2025-09-11 22:00'";12;41;8;4;0.5;good
DEBB021;"'2025-09-11 23:00'";7;40;7;3;0.5;good
DEBB021;"'2025-09-11 24:00'";6;46;5;3;0.5;good
DEBB021;"'2025-09-12 01:00'";7;45;5;3;0.9;good
DEBB021;"'2025-09-12 02:00'";8;39;7;4;0.5;good
DEBB021;"'2025-09-12 03:00'";7;38;7;4;0.5;good
DEBB021;"'2025-09-12 04:00'";8;40;7;4;0.5;good
DEBB021;"'2025-09-12 05:00'";7;36;7;4;0.5;good
DEBB021;"'2025-09-12 06:00'";8;33;9;4;0.5;good
DEBB021;"'2025-09-12 07:00'";8;28;12;4;0.5;good
DEBB021;"'2025-09-12 08:00'";8;29;13;4;0.5;good
DEBB021;"'2025-09-12 09:00'";7;30;13;4;0.5;good
DEBB021;"'2025-09-12 10:00'";7;28;12;4;0.5;good
DEBB021;"'2025-09-12 11:00'";6;35;11;3;0.5;good
DEBB021;"'2025-09-12 12:00'";6;55;7;3;0.5;good
DEBB021;"'2025-09-12 13:00'";6;54;10;3;0.5;good
DEBB021;"'2025-09-12 14:00'";9;56;8;4;0.5;good
DEBB021;"'2025-09-12 15:00'";10;64;5;4;0.5;good
DEBB021;"'2025-09-12 16:00'";8;64;5;4;0.5;good
DEBB021;"'2025-09-12 17:00'";8;65;5;4;0.5;good
DEBB021;"'2025-09-12 18:00'";7;64;6;3;0.5;good
DEBB021;"'2025-09-12 19:00'";6;65;5;3;0.5;good
DEBB021;"'2025-09-12 20:00'";8;59;7;5;0.5;good
DEBB021;"'2025-09-12 21:00'";9;49;14;6;0.5;good
DEBB021;"'2025-09-12 22:00'";7;49;9;4;0.5;good
DEBB021;"'2025-09-12 23:00'";6;48;8;3;0.5;good
DEBB021;"'2025-09-12 24:00'";6;43;12;3;0.5;good
DEBB021;"'2025-09-13 01:00'";5;47;8;3;0.5;good
DEBB021;"'2025-09-13 02:00'";6;40;9;3;0.9;good
DEBB021;"'2025-09-13 03:00'";6;30;11;4;0.5;good
DEBB021;"'2025-09-13 04:00'";7;28;11;4;0.5;good
DEBB021;"'2025-09-13 05:00'";6;24;11;4;0.5;good
DEBB021;"'2025-09-13 06:00'";7;31;9;4;0.5;good
DEBB021;"'2025-09-13 07:00'";7;28;10;4;0.5;good
DEBB021;"'2025-09-13 08:00'";8;26;11;5;0.5;good
DEBB021;"'2025-09-13 09:00'";8;24;12;5;0.5;good
DEBB021;"'2025-09-13 10:00'";9;26;10;5;0.5;good
DEBB021;"'2025-09-13 11:00'";8;35;8;4;0.5;good
DEBB021;"'2025-09-13 12:00'";8;45;6;4;0.5;good
DEBB021;"'2025-09-13 13:00'";7;59;6;4;0.5;good
DEBB021;"'2025-09-13 14:00'";8;67;5;4;0.5;good
DEBB021;"'2025-09-13 15:00'";8;66;7;4;0.5;good
DEBB021;"'2025-09-13 16:00'";8;64;8;4;0.5;good
DEBB021;"'2025-09-13 17:00'";9;60;10;5;0.5;good
DEBB021;"'2025-09-13 18:00'";7;49;12;4;0.5;good
DEBB021;"'2025-09-13 19:00'";7;36;19;4;0.5;good
DEBB021;"'2025-09-13 20:00'";8;20;20;5;0.5;good
DEBB021;"'2025-09-13 21:00'";10;19;23;7;0.5;good
DEBB021;"'2025-09-13 22:00'";14;13;31;11;0.5;moderate
DEBB021;"'2025-09-13 23:00'";15;19;25;11;0.5;good
DEBB021;"'2025-09-13 24:00'";12;29;17;9;0.5;good
DEBB021;"'2025-09-14 01:00'";11;35;13;8;0.5;good
DEBB021;"'2025-09-14 02:00'";10;38;11;7;0.5;good
DEBB021;"'2025-09-14 03:00'";9;35;9;6;0.8;good
DEBB021;"'2025-09-14 04:00'";9;29;9;6;0.5;good
DEBB021;"'2025-09-14 05:00'";8;27;10;6;0.5;good
DEBB021;"'2025-09-14 06:00'";7;31;8;5;0.5;good
DEBB021;"'2025-09-14 07:00'";7;33;8;5;0.5;good
DEBB021;"'2025-09-14 08:00'";7;37;7;5;0.5;good
DEBB021;"'2025-09-14 09:00'";7;34;11;4;0.5;good
DEBB021;"'2025-09-14 10:00'";7;41;9;4;0.5;good
DEBB021;"'2025-09-14 11:00'";8;41;7;5;0.5;good
DEBB021;"'2025-09-14 12:00'";7;57;6;4;0.5;good
DEBB021;"'2025-09-14 13:00'";5;70;4;3;0.5;good
DEBB021;"'2025-09-14 14:00'";5;74;3;3;0.5;moderate
DEBB021;"'2025-09-14 15:00'";6;74;4;3;0.5;moderate
DEBB021;"'2025-09-14 16:00'";5;75;4;3;0.5;moderate
DEBB021;"'2025-09-14 17:00'";7;79;4;4;0.5;moderate
DEBB021;"'2025-09-14 18:00'";8;78;5;4;0.5;moderate
DEBB021;"'2025-09-14 19:00'";10;73;7;7;0.5;moderate
DEBB021;"'2025-09-14 20:00'";11;60;11;8;0.5;good
DEBB021;"'2025-09-14 21:00'";10;42;20;6;0.5;good
DEBB021;"'2025-09-14 22:00'";9;45;13;5;0.5;good
DEBB021;"'2025-09-14 23:00'";12;32;19;8;0.5;good
DEBB021;"'2025-09-14 24:00'";11;26;20;8;0.5;good
DEBB021;"'2025-09-15 01:00'";9;25;18;6;0.5;good
DEBB021;"'2025-09-15 02:00'";8;36;14;5;0.5;good
DEBB021;"'2025-09-15 03:00'";7;38;12;5;0.5;good
DEBB021;"'2025-09-15 04:00'";7;37;9;4;1;good
DEBB021;"'2025-09-15 05:00'";6;35;8;4;0.5;good
DEBB021;"'2025-09-15 06:00'";5;41;7;3;0.5;good
DEBB021;"'2025-09-15 07:00'";5;41;7;3;0.5;good
DEBB021;"'2025-09-15 08:00'";5;38;8;3;0.5;good
DEBB021;"'2025-09-15 09:00'";5;35;9;3;0.5;good
DEBB021;"'2025-09-15 10:00'";5;33;8;3;0.5;good
DEBB021;"'2025-09-15 11:00'";5;33;7;3;0.5;good
DEBB021;"'2025-09-15 12:00'";5;35;7;2;0.5;good
DEBB021;"'2025-09-15 13:00'";5;52;6;3;0.5;good
DEBB021;"'2025-09-15 14:00'";5;46;8;3;0.5;good
DEBB021;"'2025-09-15 15:00'";5;44;7;2;0.5;good
DEBB021;"'2025-09-15 16:00'";7;64;5;3;0.5;good
DEBB021;"'2025-09-15 17:00'";9;74;4;4;0.5;moderate
DEBB021;"'2025-09-15 18:00'";9;75;6;4;0.5;moderate
DEBB021;"'2025-09-15 19:00'";9;68;10;4;0.5;good
DEBB021;"'2025-09-15 20:00'";9;58;12;4;0.5;good
DEBB021;"'2025-09-15 21:00'";9;39;20;5;0.5;good
DEBB021;"'2025-09-15 22:00'";9;27;22;5;0.5;good
DEBB021;"'2025-09-15 23:00'";9;35;15;5;0.5;good
DEBB021;"'2025-09-15 24:00'";8;49;7;4;0.5;good
DEBB021;"'2025-09-16 01:00'";8;57;5;4;0.5;good
DEBB021;"'2025-09-16 02:00'";8;59;4;4;0.5;good
DEBB021;"'2025-09-16 03:00'";7;66;4;3;0.5;good
DEBB021;"'2025-09-16 04:00'";7;70;3;3;0.5;good
DEBB021;"'2025-09-16 05:00'";7;69;3;3;0.5;good
DEBB021;"'2025-09-16 06:00'";7;65;5;4;0.5;good
DEBB021;"'2025-09-16 07:00'";8;64;5;4;0.5;good
DEBB021;"'2025-09-16 08:00'";8;62;6;4;0.5;good
DEBB021;"'2025-09-16 09:00'";8;60;6;4;0.5;good
DEBB021;"'2025-09-16 10:00'";9;59;5;4;0.5;good
DEBB021;"'2025-09-16 11:00'";9;59;6;4;0.5;good
DEBB021;"'2025-09-16 12:00'";10;59;5;5;0.5;good
DEBB021;"'2025-09-16 13:00'";11;60;5;4;0.5;good
DEBB021;"'2025-09-16 14:00'";9;59;6;5;0.5;good
DEBB021;"'2025-09-16 15:00'";11;60;6;5;0.5;good
DEBB021;"'2025-09-16 16:00'";12;65;6;6;0.5;good
DEBB021;"'2025-09-16 17:00'";10;72;5;5;0.5;good
DEBB021;"'2025-09-16 18:00'";11;67;7;5;0.5;good
DEBB021;"'2025-09-16 19:00'";12;69;7;6;0.5;good
DEBB021;"'2025-09-16 20:00'";9;67;6;6;0.5;good
DEBB021;"'2025-09-16 21:00'";7;63;8;4;0.5;good
DEBB021;"'2025-09-16 22:00'";7;64;6;4;0.5;good
DEBB021;"'2025-09-16 23:00'";7;63;5;4;0.5;good
DEBB021;"'2025-09-16 24:00'";7;58;5;4;0.5;good
DEBB021;"'2025-09-17 01:00'";7;52;6;4;0.5;good
DEBB021;"'2025-09-17 02:00'";6;56;4;3;0.5;good
DEBB021;"'2025-09-17 03:00'";6;56;4;4;0.5;good
DEBB021;"'2025-09-17 04:00'";7;55;4;4;0.5;good
DEBB021;"'2025-09-17 05:00'";6;54;5;4;1;good
DEBB021;"'2025-09-17 06:00'";7;50;6;4;0.8;good
DEBB021;"'2025-09-17 07:00'";10;46;9;5;0.5;good
DEBB021;"'2025-09-17 08:00'";8;45;11;4;0.5;good
DEBB021;"'2025-09-17 09:00'";7;48;9;4;0.5;good
DEBB021;"'2025-09-17 10:00'";7;52;6;4;0.5;good
DEBB021;"'2025-09-17 11:00'";8;55;7;4;0.5;good
DEBB021;"'2025-09-17 12:00'";9;60;7;5;0.5;good
DEBB021;"'2025-09-17 13:00'";10;63;6;6;0.5;good
DEBB021;"'2025-09-17 14:00'";10;68;6;6;0.5;good
DEBB021;"'2025-09-17 15:00'";10;69;6;6;0.5;good
DEBB021;"'2025-09-17 16:00'";10;67;7;6;0.5;good
DEBB021;"'2025-09-17 17:00'";10;70;5;6;0.5;good
DEBB021;"'2025-09-17 18:00'";11;70;6;6;0.5;good
DEBB021;"'2025-09-17 19:00'";12;69;6;7;0.5;good
DEBB021;"'2025-09-17 20:00'";11;60;11;7;0.5;good
DEBB021;"'2025-09-17 21:00'";12;46;19;8;0.5;good
DEBB021;"'2025-09-17 22:00'";11;44;16;7;0.5;good
DEBB021;"'2025-09-17 23:00'";9;44;13;6;0.5;good
DEBB021;"'2025-09-17 24:00'";9;52;9;5;0.5;good
DEBB021;"'2025-09-18 01:00'";9;55;7;5;0.5;good
DEBB021;"'2025-09-18 02:00'";8;56;6;5;0.5;good
DEBB021;"'2025-09-18 03:00'";8;57;5;4;0.5;good
DEBB021;"'2025-09-18 04:00'";7;56;5;4;0.5;good
DEBB021;"'2025-09-18 05:00'";6;58;5;4;0.5;good
DEBB021;"'2025-09-18 06:00'";7;57;5;4;0.5;good
DEBB021;"'2025-09-18 07:00'";6;52;6;4;0.9;good
DEBB021;"'2025-09-18 08:00'";6;45;8;3;0.5;good
DEBB021;"'2025-09-18 09:00'";4;42;8;2;0.5;good
DEBB021;"'2025-09-18 10:00'";5;40;10;3;0.5;good
DEBB021;"'2025-09-18 11:00'";6;40;10;4;0.5;good
DEBB021;"'2025-09-18 12:00'";8;41;9;5;0.5;good
DEBB021;"'2025-09-18 13:00'";8;41;9;4;0.5;good
DEBB021;"'2025-09-18 14:00'";8;43;9;4;0.5;good
DEBB021;"'2025-09-18 15:00'";7;47;9;4;0.5;good
DEBB021;"'2025-09-18 16:00'";7;49;8;4;0.5;good
DEBB021;"'2025-09-18 17:00'";8;51;7;4;0.5;good
DEBB021;"'2025-09-18 18:00'";8;49;8;4;0.5;good
DEBB021;"'2025-09-18 19:00'";8;46;9;4;0.5;good
DEBB021;"'2025-09-18 20:00'";8;44;10;5;0.5;good
DEBB021;"'2025-09-18 21:00'";8;43;8;5;0.5;good
DEBB021;"'2025-09-18 22:00'";6;50;6;4;0.5;good
DEBB021;"'2025-09-18 23:00'";6;48;6;4;0.5;good
DEBB021;"'2025-09-18 24:00'";7;47;6;4;0.8;good
DEBB021;"'2025-09-19 01:00'";7;45;6;4;1;good
DEBB021;"'2025-09-19 02:00'";7;39;12;4;0.5;good
DEBB021;"'2025-09-19 03:00'";7;42;7;5;0.5;good
DEBB021;"'2025-09-19 04:00'";7;40;8;5;0.5;good
DEBB021;"'2025-09-19 05:00'";9;39;8;6;1;good
DEBB021;"'2025-09-19 06:00'";9;34;11;6;0.5;good
DEBB021;"'2025-09-19 07:00'";9;34;9;7;0.8;good
DEBB021;"'2025-09-19 08:00'";11;32;11;7;1;good
DEBB021;"'2025-09-19 09:00'";17;32;10;7;1;good
DEBB021;"'2025-09-19 10:00'";11;34;10;7;1;good
DEBB021;"'2025-09-19 11:00'";10;44;9;6;1;good
DEBB021;"'2025-09-19 12:00'";13;53;8;8;0.9;good
DEBB021;"'2025-09-19 13:00'";11;60;7;8;0.8;good
DEBB021;"'2025-09-19 14:00'";12;70;6;8;0.8;good
DEBB021;"'2025-09-19 15:00'";11;77;5;7;0.5;moderate
DEBB021;"'2025-09-19 16:00'";11;76;7;7;1;moderate
DEBB021;"'2025-09-19 17:00'";11;75;9;7;0.8;moderate
DEBB021;"'2025-09-19 18:00'";11;76;8;6;1;moderate
DEBB021;"'2025-09-19 19:00'";12;70;9;7;1;good
DEBB021;"'2025-09-19 20:00'";14;48;22;8;1;good
DEBB021;"'2025-09-19 21:00'";16;36;29;11;1;good
DEBB021;"'2025-09-19 22:00'";16;24;37;12;0.9;moderate
DEBB021;"'2025-09-19 23:00'";20;33;27;12;1;good
DEBB021;"'2025-09-19 24:00'";17;38;21;11;0.8;good
DEBB021;"'2025-09-20 01:00'";13;44;15;9;1;good
DEBB021;"'2025-09-20 02:00'";13;47;11;8;0.9;good
DEBB021;"'2025-09-20 03:00'";13;37;14;9;0.5;good
DEBB021;"'2025-09-20 04:00'";12;34;12;8;0.5;good
DEBB021;"'2025-09-20 05:00'";11;34;11;7;0.5;good
DEBB021;"'2025-09-20 06:00'";11;26;12;7;0.5;good
DEBB021;"'2025-09-20 07:00'";11;27;14;7;0.5;good
DEBB021;"'2025-09-20 08:00'";14;26;18;8;0.5;good
DEBB021;"'2025-09-20 09:00'";13;41;13;7;0.5;good
DEBB021;"'2025-09-20 10:00'";11;54;14;6;1;good
DEBB021;"'2025-09-20 11:00'";11;71;12;6;2;good
DEBB021;"'2025-09-20 12:00'";13;82;11;7;2;moderate
DEBB021;"'2025-09-20 13:00'";13;99;9;7;2;moderate
DEBB021;"'2025-09-20 14:00'";13;108;11;7;2;moderate
DEBB021;"'2025-09-20 15:00'";13;112;12;7;2;moderate
DEBB021;"'2025-09-20 16:00'";14;114;11;7;2;moderate
DEBB021;"'2025-09-20 17:00'";16;108;16;7;2;moderate
DEBB021;"'2025-09-20 18:00'";14;112;13;7;2;moderate
DEBB021;"'2025-09-20 19:00'";18;95;19;8;2;moderate
DEBB021;"'2025-09-20 20:00'";17;68;34;9;2;moderate
DEBB021;"'2025-09-20 21:00'";18;56;33;13;1;moderate
DEBB021;"'2025-09-20 22:00'";27;29;53;20;1;moderate
DEBB021;"'2025-09-20 23:00'";58;45;39;23;1;poor
DEBB021;"'2025-09-20 24:00'";24;56;24;14;1;good
DEBB021;"'2025-09-21 01:00'";19;42;21;14;1;good
DEBB021;"'2025-09-21 02:00'";19;39;23;15;1;good
DEBB021;"'2025-09-21 03:00'";17;54;15;12;1;good
DEBB021;"'2025-09-21 04:00'";19;45;18;11;0.5;good
DEBB021;"'2025-09-21 05:00'";16;42;15;12;0.5;good
DEBB021;"'2025-09-21 06:00'";16;41;12;11;0.5;good
DEBB021;"'2025-09-21 07:00'";16;40;13;11;0.5;good
DEBB021;"'2025-09-21 08:00'";17;45;14;11;0.5;good
DEBB021;"'2025-09-21 09:00'";15;51;13;10;1;good
DEBB021;"'2025-09-21 10:00'";14;60;10;9;2;good
DEBB021;"'2025-09-21 11:00'";15;66;11;9;1;good
DEBB021;"'2025-09-21 12:00'";14;79;10;8;1;moderate
DEBB021;"'2025-09-21 13:00'";14;85;5;8;0.5;moderate
DEBB021;"'2025-09-21 14:00'";17;80;5;9;0.5;moderate
DEBB021;"'2025-09-21 15:00'";14;76;6;8;0.8;moderate
DEBB021;"'2025-09-21 16:00'";13;77;5;8;0.5;moderate
DEBB021;"'2025-09-21 17:00'";13;74;5;8;0.5;moderate
DEBB021;"'2025-09-21 18:00'";11;72;6;7;0.5;good
DEBB021;"'2025-09-21 19:00'";12;74;6;8;1;moderate
DEBB021;"'2025-09-21 20:00'";11;73;6;6;0.5;moderate
DEBB021;"'2025-09-21 21:00'";11;68;6;7;0.5;good
DEBB021;"'2025-09-21 22:00'";8;66;5;4;0.5;good
DEBB021;"'2025-09-21 23:00'";6;65;4;3;0.5;good
DEBB021;"'2025-09-21 24:00'";5;65;3;3;0.5;good
DEBB021;"'2025-09-22 01:00'";5;58;4;3;0.5;good
DEBB021;"'2025-09-22 02:00'";5;51;4;2;0.5;good
DEBB021;"'2025-09-22 03:00'";6;49;4;3;0.5;good
DEBB021;"'2025-09-22 04:00'";7;50;4;3;0.9;good
DEBB021;"'2025-09-22 05:00'";7;50;4;3;0.5;good
DEBB021;"'2025-09-22 06:00'";8;44;7;3;0.5;good
DEBB021;"'2025-09-22 07:00'";8;38;10;4;0.5;good
DEBB021;"'2025-09-22 08:00'";10;33;14;4;0.5;good
DEBB021;"'2025-09-22 09:00'";12;33;14;4;0.5;good
DEBB021;"'2025-09-22 10:00'";10;41;9;4;0.5;good
DEBB021;"'2025-09-22 11:00'";10;45;10;4;0.5;good
DEBB021;"'2025-09-22 12:00'";10;49;7;4;0.5;good
DEBB021;"'2025-09-22 13:00'";10;59;5;5;0.5;good
DEBB021;"'2025-09-22 14:00'";12;61;5;5;0.5;good
DEBB021;"'2025-09-22 15:00'";10;62;5;5;0.5;good
DEBB021;"'2025-09-22 16:00'";10;64;5;5;0.5;good
DEBB021;"'2025-09-22 17:00'";11;64;6;5;0.5;good
DEBB021;"'2025-09-22 18:00'";11;61;6;5;0.5;good
DEBB021;"'2025-09-22 19:00'";11;59;9;5;0.5;good
DEBB021;"'2025-09-22 20:00'";12;55;9;6;0.5;good
DEBB021;"'2025-09-22 21:00'";11;56;8;5;0.5;good
DEBB021;"'2025-09-22 22:00'";10;57;7;5;0.5;good
DEBB021;"'2025-09-22 23:00'";10;57;7;4;0.5;good
DEBB021;"'2025-09-22 24:00'";7;46;8;4;0.5;good
DEBB021;"'2025-09-23 01:00'";7;38;10;4;0.5;good
DEBB021;"'2025-09-23 02:00'";7;38;9;4;0.5;good
DEBB021;"'2025-09-23 03:00'";7;32;10;4;0.5;good
DEBB021;"'2025-09-23 04:00'";7;25;11;4;0.5;good
DEBB021;"'2025-09-23 05:00'";8;25;11;4;0.5;good
DEBB021;"'2025-09-23 06:00'";8;26;10;4;0.5;good
DEBB021;"'2025-09-23 07:00'";9;17;21;5;0.5;good
DEBB021;"'2025-09-23 08:00'";11;16;24;6;0.5;good
DEBB021;"'2025-09-23 09:00'";10;27;18;5;0.5;good
DEBB021;"'2025-09-23 10:00'";9;38;13;4;0.5;good
DEBB021;"'2025-09-23 11:00'";9;57;7;4;0.5;good
DEBB021;"'2025-09-23 12:00'";10;64;6;4;0.5;good
DEBB021;"'2025-09-23 13:00'";9;70;4;4;0.5;good
DEBB021;"'2025-09-23 14:00'";8;73;4;3;0.5;moderate
DEBB021;"'2025-09-23 15:00'";7;74;4;3;0.5;moderate
DEBB021;"'2025-09-23 16:00'";7;73;5;3;0.5;moderate
DEBB021;"'2025-09-23 17:00'";7;73;4;3;0.5;moderate
DEBB021;"'2025-09-23 18:00'";6;71;4;2;0.5;good
DEBB021;"'2025-09-23 19:00'";6;67;6;3;0.5;good
DEBB021;"'2025-09-23 20:00'";7;58;11;3;0.5;good
DEBB021;"'2025-09-23 21:00'";7;54;12;3;0.5;good
DEBB021;"'2025-09-23 22:00'";7;54;11;3;0.5;good
DEBB021;"'2025-09-23 23:00'";8;54;11;4;3;good
DEBB021;"'2025-09-23 24:00'";7;59;9;3;3;good
DEBB021;"'2025-09-24 01:00'";6;50;12;3;8;good
DEBB021;"'2025-09-24 02:00'";6;50;9;3;9;good
DEBB021;"'2025-09-24 03:00'";6;46;10;3;7;good
DEBB021;"'2025-09-24 04:00'";6;42;10;3;4;good
DEBB021;"'2025-09-24 05:00'";6;46;9;3;2;good
DEBB021;"'2025-09-24 06:00'";7;40;11;4;1;good
DEBB021;"'2025-09-24 07:00'";6;36;15;3;0.8;good
DEBB021;"'2025-09-24 08:00'";7;40;16;3;0.5;good
DEBB021;"'2025-09-24 09:00'";7;42;16;3;0.5;good
DEBB021;"'2025-09-24 10:00'";9;53;11;3;0.5;good
DEBB021;"'2025-09-24 11:00'";8;60;9;3;0.5;good
DEBB021;"'2025-09-24 12:00'";8;67;6;3;0.5;good
DEBB021;"'2025-09-24 13:00'";10;69;5;3;0.5;good
DEBB021;"'2025-09-24 14:00'";10;71;5;3;0.5;good
DEBB021;"'2025-09-24 15:00'";10;71;5;3;0.5;good
DEBB021;"'2025-09-24 16:00'";9;71;5;3;0.5;good
DEBB021;"'2025-09-24 17:00'";10;69;5;3;0.5;good
DEBB021;"'2025-09-24 18:00'";8;68;5;2;0.5;good
DEBB021;"'2025-09-24 19:00'";8;67;5;2;0.5;good
DEBB021;"'2025-09-24 20:00'";7;64;7;2;0.5;good
DEBB021;"'2025-09-24 21:00'";7;60;8;3;0.5;good
DEBB021;"'2025-09-24 22:00'";8;59;9;3;1;good
DEBB021;"'2025-09-24 23:00'";7;59;8;3;2;good
DEBB021;"'2025-09-24 24:00'";8;59;7;3;2;good
DEBB021;"'2025-09-25 01:00'";7;59;6;3;2;good
DEBB021;"'2025-09-25 02:00'";7;59;6;3;1;good
DEBB021;"'2025-09-25 03:00'";7;58;5;3;0.5;good
DEBB021;"'2025-09-25 04:00'";7;56;6;3;0.5;good
DEBB021;"'2025-09-25 05:00'";6;54;6;3;0.5;good
DEBB021;"'2025-09-25 06:00'";6;53;6;3;0.5;good
DEBB021;"'2025-09-25 07:00'";7;49;9;3;1;good
DEBB021;"'2025-09-25 08:00'";7;46;11;3;1;good
DEBB021;"'2025-09-25 09:00'";8;46;11;3;1;good
DEBB021;"'2025-09-25 10:00'";8;49;9;3;2;good
DEBB021;"'2025-09-25 11:00'";9;54;8;3;1;good
DEBB021;"'2025-09-25 12:00'";9;61;6;3;0.5;good
DEBB021;"'2025-09-25 13:00'";11;61;6;3;1;good
DEBB021;"'2025-09-25 14:00'";14;65;6;3;0.8;good
DEBB021;"'2025-09-25 15:00'";14;68;6;3;0.8;good
DEBB021;"'2025-09-25 16:00'";14;67;8;3;1;good
DEBB021;"'2025-09-25 17:00'";15;67;9;4;0.5;good
DEBB021;"'2025-09-25 18:00'";13;68;8;3;0.9;good
DEBB021;"'2025-09-25 19:00'";13;66;9;3;1;good
DEBB021;"'2025-09-25 20:00'";14;62;11;4;1;good
DEBB021;"'2025-09-25 21:00'";11;47;15;4;0.5;good
DEBB021;"'2025-09-25 22:00'";12;57;12;4;2;good
DEBB021;"'2025-09-25 23:00'";12;61;9;4;2;good
DEBB021;"'2025-09-25 24:00'";13;60;8;4;2;good
DEBB021;"'2025-09-26 01:00'";11;59;7;4;2;good
DEBB021;"'2025-09-26 02:00'";10;58;7;4;2;good
DEBB021;"'2025-09-26 03:00'";11;57;7;4;1;good
DEBB021;"'2025-09-26 04:00'";11;58;6;4;0.5;good
DEBB021;"'2025-09-26 05:00'";10;55;6;4;0.5;good
DEBB021;"'2025-09-26 06:00'";9;51;8;4;1;good
DEBB021;"'2025-09-26 07:00'";10;49;10;4;1;good
DEBB021;"'2025-09-26 08:00'";12;47;12;5;1;good
DEBB021;"'2025-09-26 09:00'";10;44;13;5;2;good
DEBB021;"'2025-09-26 10:00'";13;44;12;5;2;good
DEBB021;"'2025-09-26 11:00'";11;46;10;5;2;good
DEBB021;"'2025-09-26 12:00'";10;45;10;4;2;good
DEBB021;"'2025-09-26 13:00'";14;45;11;5;2;good
DEBB021;"'2025-09-26 14:00'";13;49;9;5;1;good
DEBB021;"'2025-09-26 15:00'";15;55;9;5;1;good
DEBB021;"'2025-09-26 16:00'";13;57;9;5;1;good
DEBB021;"'2025-09-26 17:00'";18;64;8;5;1;good
DEBB021;"'2025-09-26 18:00'";19;65;9;5;0.9;good
DEBB021;"'2025-09-26 19:00'";19;62;12;6;0.8;good
DEBB021;"'2025-09-26 20:00'";19;61;12;6;0.5;good
DEBB021;"'2025-09-26 21:00'";24;63;11;6;1;good
DEBB021;"'2025-09-26 22:00'";24;63;9;7;2;good
DEBB021;"'2025-09-26 23:00'";22;63;8;6;1;good
DEBB021;"'2025-09-26 24:00'";19;62;8;6;1;good
DEBB021;"'2025-09-27 01:00'";18;62;8;6;1;good
DEBB021;"'2025-09-27 02:00'";17;61;7;6;2;good
DEBB021;"'2025-09-27 03:00'";16;59;7;6;1;good
DEBB021;"'2025-09-27 04:00'";15;56;8;6;1;good
DEBB021;"'2025-09-27 05:00'";14;55;8;6;1;good
DEBB021;"'2025-09-27 06:00'";14;52;9;6;1;good
DEBB021;"'2025-09-27 07:00'";14;48;11;6;1;good
DEBB021;"'2025-09-27 08:00'";15;46;13;6;1;good
DEBB021;"'2025-09-27 09:00'";13;45;12;6;2;good
DEBB021;"'2025-09-27 10:00'";15;46;10;6;2;good
DEBB021;"'2025-09-27 11:00'";15;48;9;7;2;good
DEBB021;"'2025-09-27 12:00'";16;50;9;7;2;good
DEBB021;"'2025-09-27 13:00'";17;54;8;8;2;good
DEBB021;"'2025-09-27 14:00'";18;61;9;8;2;good
DEBB021;"'2025-09-27 15:00'";19;69;7;8;2;good
DEBB021;"'2025-09-27 16:00'";-;-;-;-;-;-;
DEBB021;"'2025-09-27 17:00'";-;-;-;-;-;-;
DEBB021;"'2025-09-27 18:00'";-;-;-;-;5;"very good"
DEBB021;"'2025-09-27 19:00'";17;72;9;7;0.9;good
DEBB021;"'2025-09-27 20:00'";16;66;12;8;0.5;good
DEBB021;"'2025-09-27 21:00'";17;61;15;8;0.8;good
DEBB021;"'2025-09-27 22:00'";22;55;17;9;0.5;good
DEBB021;"'2025-09-27 23:00'";19;51;19;10;0.5;good
DEBB021;"'2025-09-27 24:00'";20;50;18;11;0.5;good
DEBB021;"'2025-09-28 01:00'";18;50;15;10;1;good
DEBB021;"'2025-09-28 02:00'";20;51;12;10;2;good
DEBB021;"'2025-09-28 03:00'";18;52;11;9;2;good
DEBB021;"'2025-09-28 04:00'";19;48;12;9;2;good
DEBB021;"'2025-09-28 05:00'";16;49;13;8;2;good
DEBB021;"'2025-09-28 06:00'";17;45;13;9;2;good
DEBB021;"'2025-09-28 07:00'";17;40;15;9;2;good
DEBB021;"'2025-09-28 08:00'";18;35;19;10;2;good
DEBB021;"'2025-09-28 09:00'";18;40;15;9;3;good
DEBB021;"'2025-09-28 10:00'";18;45;13;10;3;good
DEBB021;"'2025-09-28 11:00'";19;50;11;11;4;good
DEBB021;"'2025-09-28 12:00'";19;62;10;9;3;good
DEBB021;"'2025-09-28 13:00'";17;74;9;8;2;moderate
DEBB021;"'2025-09-28 14:00'";17;82;8;7;2;moderate
DEBB021;"'2025-09-28 15:00'";18;88;7;7;3;moderate
DEBB021;"'2025-09-28 16:00'";18;91;8;7;2;moderate
DEBB021;"'2025-09-28 17:00'";20;90;10;7;3;moderate
DEBB021;"'2025-09-28 18:00'";15;90;9;7;2;moderate
DEBB021;"'2025-09-28 19:00'";14;86;10;6;2;moderate
DEBB021;"'2025-09-28 20:00'";13;79;13;6;2;moderate
DEBB021;"'2025-09-28 21:00'";15;57;23;7;2;good
DEBB021;"'2025-09-28 22:00'";12;54;19;8;1;good
DEBB021;"'2025-09-28 23:00'";14;51;15;8;2;good
DEBB021;"'2025-09-28 24:00'";12;46;13;7;1;good
DEBB021;"'2025-09-29 01:00'";12;42;15;8;1;good
DEBB021;"'2025-09-29 02:00'";12;33;18;8;0.8;good
DEBB021;"'2025-09-29 03:00'";11;30;17;7;0.5;good
DEBB021;"'2025-09-29 04:00'";10;28;16;7;0.9;good
DEBB021;"'2025-09-29 05:00'";11;23;16;7;0.5;good
DEBB021;"'2025-09-29 06:00'";11;19;18;7;0.5;good
DEBB021;"'2025-09-29 07:00'";12;11;26;8;0.5;good
DEBB021;"'2025-09-29 08:00'";17;4;38;9;0.5;moderate
DEBB021;"'2025-09-29 09:00'";15;12;31;9;0.5;moderate
DEBB021;"'2025-09-29 10:00'";16;25;22;9;1;good
DEBB021;"'2025-09-29 11:00'";17;30;21;9;1;good
DEBB021;"'2025-09-29 12:00'";12;50;12;6;1;good
DEBB021;"'2025-09-29 13:00'";12;60;7;5;0.8;good
DEBB021;"'2025-09-29 14:00'";13;60;8;5;0.5;good
DEBB021;"'2025-09-29 15:00'";12;61;8;4;0.5;good
DEBB021;"'2025-09-29 16:00'";11;61;8;5;0.5;good
DEBB021;"'2025-09-29 17:00'";14;57;10;5;0.5;good
DEBB021;"'2025-09-29 18:00'";15;55;12;5;0.5;good
DEBB021;"'2025-09-29 19:00'";15;51;13;6;0.5;good
DEBB021;"'2025-09-29 20:00'";14;42;16;8;0.5;good
DEBB021;"'2025-09-29 21:00'";13;42;16;8;0.5;good
DEBB021;"'2025-09-29 22:00'";11;41;15;7;0.5;good
DEBB021;"'2025-09-29 23:00'";11;38;14;7;0.5;good
DEBB021;"'2025-09-29 24:00'";13;34;14;8;0.5;good
DEBB021;"'2025-09-30 01:00'";12;29;16;8;0.5;good
DEBB021;"'2025-09-30 02:00'";11;25;16;8;0.5;good
DEBB021;"'2025-09-30 03:00'";11;16;21;8;0.5;good
DEBB021;"'2025-09-30 04:00'";12;21;16;8;0.5;good
DEBB021;"'2025-09-30 05:00'";13;21;14;9;0.8;good
DEBB021;"'2025-09-30 06:00'";13;20;13;9;0.5;good
DEBB021;"'2025-09-30 07:00'";15;13;21;10;0.5;good
DEBB021;"'2025-09-30 08:00'";19;6;26;11;0.5;good
DEBB021;"'2025-09-30 09:00'";23;14;19;12;0.5;good
DEBB021;"'2025-09-30 10:00'";21;19;17;12;1;good
DEBB021;"'2025-09-30 11:00'";19;28;13;10;1;good
DEBB021;"'2025-09-30 12:00'";15;40;10;7;0.5;good
DEBB021;"'2025-09-30 13:00'";14;49;8;6;0.5;good
DEBB021;"'2025-09-30 14:00'";16;52;8;5;0.5;good
DEBB021;"'2025-09-30 15:00'";15;56;7;5;0.5;good
DEBB021;"'2025-09-30 16:00'";15;48;8;5;0.9;good
DEBB021;"'2025-09-30 17:00'";14;46;9;6;1;good
DEBB021;"'2025-09-30 18:00'";14;46;9;5;1;good
DEBB021;"'2025-09-30 19:00'";12;43;11;5;2;good
DEBB021;"'2025-09-30 20:00'";10;35;15;6;2;good
DEBB021;"'2025-09-30 21:00'";12;27;15;7;1;good
DEBB021;"'2025-09-30 22:00'";13;22;15;8;2;good
DEBB021;"'2025-09-30 23:00'";13;19;14;9;2;good
DEBB021;"'2025-09-30 24:00'";13;16;14;10;3;good
DEBB021;"'2025-10-01 01:00'";13;10;18;10;2;good
DEBB021;"'2025-10-01 02:00'";13;4;20;10;1;good
DEBB021;"'2025-10-01 03:00'";12;5;17;10;1;good
DEBB021;"'2025-10-01 04:00'";13;8;14;10;1;good
DEBB021;"'2025-10-01 05:00'";13;6;15;10;1;good
DEBB021;"'2025-10-01 06:00'";14;7;16;11;2;good
DEBB021;"'2025-10-01 07:00'";14;4;18;11;1;good
DEBB021;"'2025-10-01 08:00'";17;3;19;11;1;good
DEBB021;"'2025-10-01 09:00'";16;6;17;12;1;good
DEBB021;"'2025-10-01 10:00'";18;8;17;13;2;good
DEBB021;"'2025-10-01 11:00'";21;27;14;14;2;good
DEBB021;"'2025-10-01 12:00'";18;44;10;12;1;good
DEBB021;"'2025-10-01 13:00'";19;38;14;12;2;good
DEBB021;"'2025-10-01 14:00'";21;36;14;13;2;good
DEBB021;"'2025-10-01 15:00'";23;38;13;15;2;good
DEBB021;"'2025-10-01 16:00'";24;40;12;15;1;good
DEBB021;"'2025-10-01 17:00'";24;41;12;15;1;good
DEBB021;"'2025-10-01 18:00'";21;39;14;15;1;good
DEBB021;"'2025-10-01 19:00'";21;42;13;13;1;good
DEBB021;"'2025-10-01 20:00'";18;39;14;12;1;good
DEBB021;"'2025-10-01 21:00'";16;33;18;12;1;good
DEBB021;"'2025-10-01 22:00'";18;30;19;13;1;good
DEBB021;"'2025-10-01 23:00'";19;20;23;13;1;good
DEBB021;"'2025-10-01 24:00'";19;12;24;14;1;good
DEBB021;"'2025-10-02 01:00'";19;10;21;14;1;good
DEBB021;"'2025-10-02 02:00'";17;4;21;13;1;good
DEBB021;"'2025-10-02 03:00'";16;2;17;13;1;good
DEBB021;"'2025-10-02 04:00'";16;1;17;13;1;good
DEBB021;"'2025-10-02 05:00'";16;1;17;13;1;good
DEBB021;"'2025-10-02 06:00'";16;1;18;13;1;good
DEBB021;"'2025-10-02 07:00'";15;1;22;13;1;good
DEBB021;"'2025-10-02 08:00'";19;1;22;14;1;good
DEBB021;"'2025-10-02 09:00'";24;4;23;16;1;moderate
DEBB021;"'2025-10-02 10:00'";-;-;-;-;-;-;
DEBB021;"'2025-10-02 11:00'";-;-;-;-;-;-;
DEBB021;"'2025-10-02 12:00'";-;-;-;-;-;-;
DEBB021;"'2025-10-02 13:00'";-;-;-;-;-;-;
DEBB021;"'2025-10-02 14:00'";-;-;-;-;-;-;
DEBB021;"'2025-10-02 15:00'";-;-;-;-;-;-;
DEBB021;"'2025-10-02 16:00'";-;-;-;-;-;-;
DEBB021;"'2025-10-02 17:00'";19;68;9;7;1;good
DEBB021;"'2025-10-02 18:00'";15;69;7;6;1;good
DEBB021;"'2025-10-02 19:00'";19;55;15;8;1;good
DEBB021;"'2025-10-02 20:00'";32;22;38;12;1;moderate
DEBB021;"'2025-10-02 21:00'";48;7;41;15;1;moderate
DEBB021;"'2025-10-02 22:00'";123;2;42;27;1;"very poor"
DEBB021;"'2025-10-02 23:00'";99;2;36;26;1;"very poor"
DEBB021;"'2025-10-02 24:00'";91;2;32;24;1;"very poor"
DEBB021;"'2025-10-03 01:00'";40;3;34;23;1;moderate
DEBB021;"'2025-10-03 02:00'";28;3;28;22;1;moderate
DEBB021;"'2025-10-03 03:00'";32;2;24;27;1;moderate
DEBB021;"'2025-10-03 04:00'";26;2;23;21;1;moderate
DEBB021;"'2025-10-03 05:00'";22;2;20;19;1;moderate
DEBB021;"'2025-10-03 06:00'";23;2;18;19;1;moderate
DEBB021;"'2025-10-03 07:00'";19;1;19;15;1;good
DEBB021;"'2025-10-03 08:00'";21;2;19;15;1;good
DEBB021;"'2025-10-03 09:00'";20;3;20;15;1;good
DEBB021;"'2025-10-03 10:00'";21;13;28;15;1;good
DEBB021;"'2025-10-03 11:00'";18;41;20;12;1;good
DEBB021;"'2025-10-03 12:00'";18;56;13;10;1;good
DEBB021;"'2025-10-03 13:00'";14;65;9;7;1;good
DEBB021;"'2025-10-03 14:00'";17;67;8;7;1;good
DEBB021;"'2025-10-03 15:00'";17;72;7;6;1;good
DEBB021;"'2025-10-03 16:00'";34;72;7;7;1;moderate
DEBB021;"'2025-10-03 17:00'";13;73;6;5;1;moderate
DEBB021;"'2025-10-03 18:00'";18;70;6;6;1;good
DEBB021;"'2025-10-03 19:00'";21;61;10;9;1;good
DEBB021;"'2025-10-03 20:00'";25;49;19;14;1;good
DEBB021;"'2025-10-03 21:00'";23;46;17;15;1;good
DEBB021;"'2025-10-03 22:00'";20;37;20;14;1;good
DEBB021;"'2025-10-03 23:00'";18;37;17;14;1;good
DEBB021;"'2025-10-03 24:00'";16;37;13;13;1;good
DEBB021;"'2025-10-04 01:00'";15;39;11;12;1;good
DEBB021;"'2025-10-04 02:00'";13;42;9;10;1;good
DEBB021;"'2025-10-04 03:00'";12;45;7;9;1;good
DEBB021;"'2025-10-04 04:00'";12;45;7;9;1;good
DEBB021;"'2025-10-04 05:00'";14;45;7;9;1;good
DEBB021;"'2025-10-04 06:00'";15;46;7;9;1;good
DEBB021;"'2025-10-04 07:00'";17;45;8;9;1;good
DEBB021;"'2025-10-04 08:00'";19;48;8;9;1;good
DEBB021;"'2025-10-04 09:00'";22;51;7;9;1;good
DEBB021;"'2025-10-04 10:00'";19;54;8;7;1;good
DEBB021;"'2025-10-04 11:00'";11;48;10;7;1;good
DEBB021;"'2025-10-04 12:00'";11;47;10;7;1;good
DEBB021;"'2025-10-04 13:00'";11;50;10;6;1;good
DEBB021;"'2025-10-04 14:00'";9;48;9;5;1;good
DEBB021;"'2025-10-04 15:00'";10;43;10;6;1;good
DEBB021;"'2025-10-04 16:00'";10;35;11;6;1;good
DEBB021;"'2025-10-04 17:00'";8;36;10;5;1;good
DEBB021;"'2025-10-04 18:00'";7;38;10;4;1;good
DEBB021;"'2025-10-04 19:00'";5;53;8;3;1;good
DEBB021;"'2025-10-04 20:00'";4;60;8;2;1;good
DEBB021;"'2025-10-04 21:00'";6;64;6;3;1;good
DEBB021;"'2025-10-04 22:00'";7;68;6;4;1;good
DEBB021;"'2025-10-04 23:00'";6;71;5;3;1;good
DEBB021;"'2025-10-04 24:00'";7;61;6;3;1;good
DEBB021;"'2025-10-05 01:00'";8;59;5;4;1;good
DEBB021;"'2025-10-05 02:00'";7;60;4;4;1;good
DEBB021;"'2025-10-05 03:00'";9;61;4;4;1;good
DEBB021;"'2025-10-05 04:00'";8;60;4;3;1;good
DEBB021;"'2025-10-05 05:00'";6;57;5;3;1;good
DEBB021;"'2025-10-05 06:00'";6;58;4;3;1;good
DEBB021;"'2025-10-05 07:00'";5;57;4;3;1;good
DEBB021;"'2025-10-05 08:00'";6;51;6;3;1;good
DEBB021;"'2025-10-05 09:00'";6;52;5;3;1;good
DEBB021;"'2025-10-05 10:00'";7;52;4;4;1;good
DEBB021;"'2025-10-05 11:00'";8;56;4;4;1;good
DEBB021;"'2025-10-05 12:00'";8;55;5;5;1;good
DEBB021;"'2025-10-05 13:00'";9;56;5;5;1;good
DEBB021;"'2025-10-05 14:00'";11;60;5;6;1;good
DEBB021;"'2025-10-05 15:00'";11;58;6;6;1;good
DEBB021;"'2025-10-05 16:00'";10;61;6;6;1;good
DEBB021;"'2025-10-05 17:00'";10;60;7;6;1;good
DEBB021;"'2025-10-05 18:00'";11;59;7;7;1;good
DEBB021;"'2025-10-05 19:00'";11;59;7;7;1;good
DEBB021;"'2025-10-05 20:00'";11;60;7;7;1;good
DEBB021;"'2025-10-05 21:00'";11;56;8;7;1;good
DEBB021;"'2025-10-05 22:00'";10;57;7;6;1;good
DEBB021;"'2025-10-05 23:00'";8;56;6;5;1;good
DEBB021;"'2025-10-05 24:00'";7;54;5;5;1;good
DEBB021;"'2025-10-06 01:00'";8;55;5;5;1;good
DEBB021;"'2025-10-06 02:00'";7;55;4;5;1;good
DEBB021;"'2025-10-06 03:00'";7;57;3;5;1;good
DEBB021;"'2025-10-06 04:00'";9;59;3;5;1;good
DEBB021;"'2025-10-06 05:00'";9;61;3;5;1;good
DEBB021;"'2025-10-06 06:00'";6;60;4;3;1;good
DEBB021;"'2025-10-06 07:00'";6;60;4;3;1;good
DEBB021;"'2025-10-06 08:00'";8;58;6;5;1;good
DEBB021;"'2025-10-06 09:00'";13;58;7;7;1;good
DEBB021;"'2025-10-06 10:00'";17;58;7;9;1;good
DEBB021;"'2025-10-06 11:00'";18;60;5;9;1;good
DEBB021;"'2025-10-06 12:00'";18;-;-;9;1;good
DEBB021;"'2025-10-06 13:00'";19;63;5;9;1;good
DEBB021;"'2025-10-06 14:00'";16;63;6;8;1;good
DEBB021;"'2025-10-06 15:00'";15;64;5;7;1;good
DEBB021;"'2025-10-06 16:00'";12;64;5;6;1;good
DEBB021;"'2025-10-06 17:00'";13;64;6;7;1;good
DEBB021;"'2025-10-06 18:00'";9;56;6;5;1;good
DEBB021;"'2025-10-06 19:00'";8;49;8;5;1;good
DEBB021;"'2025-10-06 20:00'";7;43;9;4;1;good
DEBB021;"'2025-10-06 21:00'";8;37;10;6;1;good
DEBB021;"'2025-10-06 22:00'";7;31;14;5;1;good
DEBB021;"'2025-10-06 23:00'";7;35;8;5;1;good
DEBB021;"'2025-10-06 24:00'";10;35;6;8;1;good
DEBB021;"'2025-10-07 01:00'";8;35;5;5;1;good
DEBB021;"'2025-10-07 02:00'";8;38;5;5;1;good
DEBB021;"'2025-10-07 03:00'";8;37;4;6;1;good
DEBB021;"'2025-10-07 04:00'";8;38;5;6;1;good
DEBB021;"'2025-10-07 05:00'";9;38;5;6;1;good
DEBB021;"'2025-10-07 06:00'";8;39;5;6;1;good
DEBB021;"'2025-10-07 07:00'";7;36;8;5;1;good
DEBB021;"'2025-10-07 08:00'";11;27;14;7;1;good
DEBB021;"'2025-10-07 09:00'";12;24;14;8;1;good
DEBB021;"'2025-10-07 10:00'";14;19;17;10;1;good
DEBB021;"'2025-10-07 11:00'";21;15;17;15;1;good
DEBB021;"'2025-10-07 12:00'";20;13;16;15;1;good
DEBB021;"'2025-10-07 13:00'";14;16;16;10;1;good
DEBB021;"'2025-10-07 14:00'";14;36;11;10;1;good
DEBB021;"'2025-10-07 15:00'";12;37;11;9;1;good
DEBB021;"'2025-10-07 16:00'";12;28;15;9;1;good
DEBB021;"'2025-10-07 17:00'";11;31;12;7;1;good
DEBB021;"'2025-10-07 18:00'";9;27;12;6;1;good
DEBB021;"'2025-10-07 19:00'";8;21;13;5;1;good
DEBB021;"'2025-10-07 20:00'";8;15;14;5;1;good
DEBB021;"'2025-10-07 21:00'";8;13;13;5;1;good
DEBB021;"'2025-10-07 22:00'";8;13;12;6;1;good
DEBB021;"'2025-10-07 23:00'";8;16;10;5;1;"very good"
DEBB021;"'2025-10-07 24:00'";8;18;9;6;1;good
DEBB021;"'2025-10-08 01:00'";8;15;9;6;1;good
DEBB021;"'2025-10-08 02:00'";9;14;9;7;1;good
DEBB021;"'2025-10-08 03:00'";8;15;8;6;1;good
DEBB021;"'2025-10-08 04:00'";8;17;7;6;1;good
DEBB021;"'2025-10-08 05:00'";8;17;7;6;1;good
DEBB021;"'2025-10-08 06:00'";7;16;9;5;1;"very good"
DEBB021;"'2025-10-08 07:00'";7;10;14;5;1;good
DEBB021;"'2025-10-08 08:00'";20;7;19;13;1;good
DEBB021;"'2025-10-08 09:00'";20;9;17;15;1;good
DEBB021;"'2025-10-08 10:00'";14;19;12;10;1;good
DEBB021;"'2025-10-08 11:00'";9;29;9;5;1;good
DEBB021;"'2025-10-08 12:00'";9;35;8;5;1;good
DEBB021;"'2025-10-08 13:00'";8;39;8;5;1;good
DEBB021;"'2025-10-08 14:00'";11;38;9;7;1;good
DEBB021;"'2025-10-08 15:00'";10;36;9;6;1;good
DEBB021;"'2025-10-08 16:00'";10;30;11;6;1;good
DEBB021;"'2025-10-08 17:00'";10;28;11;6;1;good
DEBB021;"'2025-10-08 18:00'";10;20;14;7;1;good
DEBB021;"'2025-10-08 19:00'";8;45;8;5;1;good
DEBB021;"'2025-10-08 20:00'";7;37;11;4;1;good
DEBB021;"'2025-10-08 21:00'";9;32;12;6;1;good
DEBB021;"'2025-10-08 22:00'";9;30;9;6;1;good
DEBB021;"'2025-10-08 23:00'";10;24;13;7;1;good
DEBB021;"'2025-10-08 24:00'";9;25;10;7;1;good
DEBB021;"'2025-10-09 01:00'";10;24;9;7;1;good
DEBB021;"'2025-10-09 02:00'";11;23;9;7;1;good
DEBB021;"'2025-10-09 03:00'";11;25;7;7;1;good
DEBB021;"'2025-10-09 04:00'";7;29;8;5;1;good
DEBB021;"'2025-10-09 05:00'";10;31;7;7;1;good
DEBB021;"'2025-10-09 06:00'";7;53;4;4;1;good
DEBB021;"'2025-10-09 07:00'";6;47;8;3;-;good
DEBB021;"'2025-10-09 08:00'";8;41;11;4;1;good
DEBB021;"'2025-10-09 09:00'";9;34;11;4;1;good
DEBB021;"'2025-10-09 10:00'";10;40;9;5;1;good
DEBB021;"'2025-10-09 11:00'";9;44;8;5;1;good
DEBB021;"'2025-10-09 12:00'";9;54;7;4;1;good
DEBB021;"'2025-10-09 13:00'";10;59;7;5;1;good
DEBB021;"'2025-10-09 14:00'";12;66;6;5;1;good
DEBB021;"'2025-10-09 15:00'";12;63;9;6;1;good
DEBB021;"'2025-10-09 16:00'";10;55;9;5;1;good
DEBB021;"'2025-10-09 17:00'";9;55;8;5;1;good
DEBB021;"'2025-10-09 18:00'";9;55;8;5;1;good
DEBB021;"'2025-10-09 19:00'";10;51;10;6;1;good
DEBB021;"'2025-10-09 20:00'";11;51;9;7;1;good
DEBB021;"'2025-10-09 21:00'";10;50;9;6;1;good
DEBB021;"'2025-10-09 22:00'";9;53;7;5;1;good
DEBB021;"'2025-10-09 23:00'";8;56;6;4;1;good
DEBB021;"'2025-10-09 24:00'";8;59;5;4;1;good
DEBB021;"'2025-10-10 01:00'";8;60;5;4;1;good
DEBB021;"'2025-10-10 02:00'";7;56;6;4;1;good
DEBB021;"'2025-10-10 03:00'";8;53;7;4;1;good
DEBB021;"'2025-10-10 04:00'";9;54;6;5;1;good
DEBB021;"'2025-10-10 05:00'";9;54;5;5;1;good
DEBB021;"'2025-10-10 06:00'";8;50;6;5;1;good
DEBB021;"'2025-10-10 07:00'";7;48;7;4;1;good
DEBB021;"'2025-10-10 08:00'";10;41;11;6;1;good
DEBB021;"'2025-10-10 09:00'";11;42;10;6;1;good
DEBB021;"'2025-10-10 10:00'";14;47;7;7;1;good
DEBB021;"'2025-10-10 11:00'";18;50;8;10;1;good
DEBB021;"'2025-10-10 12:00'";17;50;8;9;1;good
DEBB021;"'2025-10-10 13:00'";17;51;8;9;1;good
DEBB021;"'2025-10-10 14:00'";16;54;7;9;1;good
DEBB021;"'2025-10-10 15:00'";15;56;7;9;1;good
DEBB021;"'2025-10-10 16:00'";13;57;7;8;1;good
DEBB021;"'2025-10-10 17:00'";14;56;7;9;1;good
DEBB021;"'2025-10-10 18:00'";13;52;7;8;1;good
DEBB021;"'2025-10-10 19:00'";13;49;7;8;1;good
DEBB021;"'2025-10-10 20:00'";12;50;7;8;1;good
DEBB021;"'2025-10-10 21:00'";11;52;7;7;1;good
DEBB021;"'2025-10-10 22:00'";10;54;6;7;1;good
DEBB021;"'2025-10-10 23:00'";10;53;6;7;1;good
DEBB021;"'2025-10-10 24:00'";12;50;6;8;1;good
DEBB021;"'2025-10-11 01:00'";13;51;6;9;1;good
DEBB021;"'2025-10-11 02:00'";11;63;4;8;1;good
DEBB021;"'2025-10-11 03:00'";12;61;4;8;1;good
DEBB021;"'2025-10-11 04:00'";11;61;4;7;1;good
DEBB021;"'2025-10-11 05:00'";9;67;3;6;1;good
DEBB021;"'2025-10-11 06:00'";9;67;4;5;1;good
DEBB021;"'2025-10-11 07:00'";8;72;4;5;1;good
DEBB021;"'2025-10-11 08:00'";8;69;4;4;1;good
DEBB021;"'2025-10-11 09:00'";7;66;4;4;1;good
DEBB021;"'2025-10-11 10:00'";7;64;4;4;1;good
DEBB021;"'2025-10-11 11:00'";8;64;5;5;1;good
DEBB021;"'2025-10-11 12:00'";9;65;5;5;1;good
DEBB021;"'2025-10-11 13:00'";10;66;5;6;1;good
DEBB021;"'2025-10-11 14:00'";12;67;6;7;1;good
DEBB021;"'2025-10-11 15:00'";10;71;5;6;1;good
DEBB021;"'2025-10-11 16:00'";10;69;6;6;1;good
DEBB021;"'2025-10-11 17:00'";11;72;6;6;1;good
DEBB021;"'2025-10-11 18:00'";11;69;7;7;1;good
DEBB021;"'2025-10-11 19:00'";11;63;7;7;1;good
DEBB021;"'2025-10-11 20:00'";16;60;8;12;1;good
DEBB021;"'2025-10-11 21:00'";12;64;8;9;1;good
DEBB021;"'2025-10-11 22:00'";12;67;7;8;1;good
DEBB021;"'2025-10-11 23:00'";12;65;9;8;1;good
DEBB021;"'2025-10-11 24:00'";12;67;6;9;1;good
DEBB021;"'2025-10-12 01:00'";11;70;6;8;1;good
DEBB021;"'2025-10-12 02:00'";9;73;4;6;1;moderate
DEBB021;"'2025-10-12 03:00'";9;71;4;6;1;good
DEBB021;"'2025-10-12 04:00'";9;68;4;6;1;good
DEBB021;"'2025-10-12 05:00'";10;62;5;6;1;good
DEBB021;"'2025-10-12 06:00'";11;62;5;7;1;good
DEBB021;"'2025-10-12 07:00'";10;65;4;7;1;good
DEBB021;"'2025-10-12 08:00'";12;65;6;7;1;good
DEBB021;"'2025-10-12 09:00'";10;68;5;7;1;good
DEBB021;"'2025-10-12 10:00'";8;69;4;5;1;good
DEBB021;"'2025-10-12 11:00'";9;67;5;5;1;good
DEBB021;"'2025-10-12 12:00'";9;66;5;5;1;good
DEBB021;"'2025-10-12 13:00'";10;60;5;6;1;good
DEBB021;"'2025-10-12 14:00'";10;56;6;7;1;good
DEBB021;"'2025-10-12 15:00'";10;54;7;6;1;good
DEBB021;"'2025-10-12 16:00'";9;53;6;6;1;good
DEBB021;"'2025-10-12 17:00'";10;50;7;7;1;good
DEBB021;"'2025-10-12 18:00'";9;49;8;6;1;good
DEBB021;"'2025-10-12 19:00'";7;47;8;5;1;good
DEBB021;"'2025-10-12 20:00'";10;43;8;8;1;good
DEBB021;"'2025-10-12 21:00'";8;47;6;6;1;good
DEBB021;"'2025-10-12 22:00'";8;39;9;6;1;good
DEBB021;"'2025-10-12 23:00'";6;32;9;4;1;good
DEBB021;"'2025-10-12 24:00'";8;33;6;6;1;good
DEBB021;"'2025-10-13 01:00'";7;32;5;4;1;good
DEBB021;"'2025-10-13 02:00'";6;32;6;4;1;good
DEBB021;"'2025-10-13 03:00'";6;28;6;4;1;good
DEBB021;"'2025-10-13 04:00'";6;29;6;4;1;good
DEBB021;"'2025-10-13 05:00'";7;33;6;4;1;good
DEBB021;"'2025-10-13 06:00'";7;21;7;4;1;"very good"
DEBB021;"'2025-10-13 07:00'";8;10;18;5;1;good
DEBB021;"'2025-10-13 08:00'";13;28;13;8;1;good
DEBB021;"'2025-10-13 09:00'";9;35;10;7;1;good
DEBB021;"'2025-10-13 10:00'";7;35;7;5;1;good
DEBB021;"'2025-10-13 11:00'";7;40;6;4;1;good
DEBB021;"'2025-10-13 12:00'";10;43;6;5;1;good
DEBB021;"'2025-10-13 13:00'";10;45;5;5;1;good
DEBB021;"'2025-10-13 14:00'";9;46;5;5;1;good
DEBB021;"'2025-10-13 15:00'";8;48;5;5;1;good
DEBB021;"'2025-10-13 16:00'";7;52;5;4;1;good
DEBB021;"'2025-10-13 17:00'";7;56;5;3;1;good
DEBB021;"'2025-10-13 18:00'";9;55;7;6;1;good
DEBB021;"'2025-10-13 19:00'";14;45;14;11;1;good
DEBB021;"'2025-10-13 20:00'";13;29;22;8;1;good
DEBB021;"'2025-10-13 21:00'";12;15;27;7;1;good
DEBB021;"'2025-10-13 22:00'";12;20;20;9;1;good
DEBB021;"'2025-10-13 23:00'";10;7;23;7;1;good
DEBB021;"'2025-10-13 24:00'";12;6;21;8;1;good
DEBB021;"'2025-10-14 01:00'";10;4;17;7;1;good
DEBB021;"'2025-10-14 02:00'";8;6;14;5;1;good
DEBB021;"'2025-10-14 03:00'";8;6;13;5;1;good
DEBB021;"'2025-10-14 04:00'";9;7;13;5;1;good
DEBB021;"'2025-10-14 05:00'";8;21;12;5;1;good
DEBB021;"'2025-10-14 06:00'";8;21;12;5;1;good
DEBB021;"'2025-10-14 07:00'";9;23;16;6;1;good
DEBB021;"'2025-10-14 08:00'";13;19;19;8;1;good
DEBB021;"'2025-10-14 09:00'";14;21;18;8;1;good
DEBB021;"'2025-10-14 10:00'";-;28;12;-;1;good
DEBB021;"'2025-10-14 11:00'";10;33;10;6;1;good
DEBB021;"'2025-10-14 12:00'";10;37;8;6;1;good
DEBB021;"'2025-10-14 13:00'";7;36;8;5;1;good
DEBB021;"'2025-10-14 14:00'";13;34;8;7;1;good
DEBB021;"'2025-10-14 15:00'";11;31;9;6;1;good
DEBB021;"'2025-10-14 16:00'";8;31;10;5;1;good
DEBB021;"'2025-10-14 17:00'";7;31;9;4;1;good
DEBB021;"'2025-10-14 18:00'";6;40;7;4;1;good
DEBB021;"'2025-10-14 19:00'";9;41;7;7;1;good
DEBB021;"'2025-10-14 20:00'";8;39;7;6;1;good
DEBB021;"'2025-10-14 21:00'";5;40;7;3;1;good
DEBB021;"'2025-10-14 22:00'";4;41;9;3;1;good
DEBB021;"'2025-10-14 23:00'";5;34;9;3;1;good
DEBB021;"'2025-10-14 24:00'";5;25;9;4;1;good
DEBB021;"'2025-10-15 01:00'";7;26;11;5;1;good
DEBB021;"'2025-10-15 02:00'";7;27;8;5;1;good
DEBB021;"'2025-10-15 03:00'";6;33;7;5;1;good
DEBB021;"'2025-10-15 04:00'";6;35;6;5;1;good
DEBB021;"'2025-10-15 05:00'";6;28;6;5;1;good
DEBB021;"'2025-10-15 06:00'";7;32;7;5;1;good
DEBB021;"'2025-10-15 07:00'";8;35;10;4;1;good
DEBB021;"'2025-10-15 08:00'";14;31;12;6;1;good
DEBB021;"'2025-10-15 09:00'";14;32;11;6;1;good
DEBB021;"'2025-10-15 10:00'";7;27;14;4;1;good
DEBB021;"'2025-10-15 11:00'";8;25;11;4;1;good
DEBB021;"'2025-10-15 12:00'";11;40;8;7;1;good
DEBB021;"'2025-10-15 13:00'";9;47;7;6;1;good
DEBB021;"'2025-10-15 14:00'";10;45;8;6;1;good
DEBB021;"'2025-10-15 15:00'";9;44;12;6;1;good
DEBB021;"'2025-10-15 16:00'";13;40;12;8;1;good
DEBB021;"'2025-10-15 17:00'";10;38;10;7;1;good
DEBB021;"'2025-10-15 18:00'";11;40;11;7;1;good
DEBB021;"'2025-10-15 19:00'";11;42;11;8;1;good
DEBB021;"'2025-10-15 20:00'";13;38;12;9;1;good
DEBB021;"'2025-10-15 21:00'";11;34;12;7;1;good
DEBB021;"'2025-10-15 22:00'";10;30;13;7;1;good
DEBB021;"'2025-10-15 23:00'";9;30;12;6;1;good
DEBB021;"'2025-10-15 24:00'";8;36;8;5;1;good
DEBB021;"'2025-10-16 01:00'";8;40;7;5;1;good
DEBB021;"'2025-10-16 02:00'";8;40;7;5;1;good
DEBB021;"'2025-10-16 03:00'";9;37;7;6;1;good
DEBB021;"'2025-10-16 04:00'";10;37;6;7;1;good
DEBB021;"'2025-10-16 05:00'";10;37;7;7;1;good
DEBB021;"'2025-10-16 06:00'";9;39;7;7;1;good
DEBB021;"'2025-10-16 07:00'";9;37;10;6;1;good
DEBB021;"'2025-10-16 08:00'";12;42;12;6;1;good
DEBB021;"'2025-10-16 09:00'";12;45;11;6;1;good
DEBB021;"'2025-10-16 10:00'";9;49;9;5;1;good
DEBB021;"'2025-10-16 11:00'";10;49;9;6;1;good
DEBB021;"'2025-10-16 12:00'";14;48;11;7;1;good
DEBB021;"'2025-10-16 13:00'";11;55;9;6;1;good
DEBB021;"'2025-10-16 14:00'";11;60;10;5;1;good
DEBB021;"'2025-10-16 15:00'";9;62;7;4;1;good
DEBB021;"'2025-10-16 16:00'";8;62;8;4;1;good
DEBB021;"'2025-10-16 17:00'";7;68;6;3;1;good
DEBB021;"'2025-10-16 18:00'";8;60;8;5;1;good
DEBB021;"'2025-10-16 19:00'";10;47;15;5;1;good
DEBB021;"'2025-10-16 20:00'";10;38;15;5;1;good
DEBB021;"'2025-10-16 21:00'";9;35;14;5;1;good
DEBB021;"'2025-10-16 22:00'";9;37;12;5;1;good
DEBB021;"'2025-10-16 23:00'";9;40;9;5;1;good
DEBB021;"'2025-10-16 24:00'";10;44;8;6;1;good
DEBB021;"'2025-10-17 01:00'";9;46;6;5;1;good
DEBB021;"'2025-10-17 02:00'";8;56;5;5;1;good
DEBB021;"'2025-10-17 03:00'";8;56;5;4;1;good
DEBB021;"'2025-10-17 04:00'";8;54;5;4;1;good
DEBB021;"'2025-10-17 05:00'";8;56;5;5;1;good
DEBB021;"'2025-10-17 06:00'";8;56;5;4;1;good
DEBB021;"'2025-10-17 07:00'";7;56;7;4;1;good
DEBB021;"'2025-10-17 08:00'";16;54;9;6;1;good
DEBB021;"'2025-10-17 09:00'";10;53;9;4;1;good
DEBB021;"'2025-10-17 10:00'";9;53;7;5;1;good
DEBB021;"'2025-10-17 11:00'";10;59;6;5;1;good
DEBB021;"'2025-10-17 12:00'";9;68;5;5;1;good
DEBB021;"'2025-10-17 13:00'";9;68;6;5;1;good
DEBB021;"'2025-10-17 14:00'";10;70;5;5;1;good
DEBB021;"'2025-10-17 15:00'";9;67;6;5;1;good
DEBB021;"'2025-10-17 16:00'";10;66;6;5;1;good
DEBB021;"'2025-10-17 17:00'";10;67;6;5;1;good
DEBB021;"'2025-10-17 18:00'";12;64;7;6;1;good
DEBB021;"'2025-10-17 19:00'";16;56;10;10;1;good
DEBB021;"'2025-10-17 20:00'";19;49;13;10;1;good
DEBB021;"'2025-10-17 21:00'";15;49;11;8;1;good
DEBB021;"'2025-10-17 22:00'";14;58;6;10;1;good
DEBB021;"'2025-10-17 23:00'";9;64;4;4;1;good
DEBB021;"'2025-10-17 24:00'";9;63;4;5;1;good
DEBB021;"'2025-10-18 01:00'";8;60;4;4;1;good
DEBB021;"'2025-10-18 02:00'";10;57;4;6;1;good
DEBB021;"'2025-10-18 03:00'";8;54;4;4;1;good
DEBB021;"'2025-10-18 04:00'";7;51;4;3;1;good
DEBB021;"'2025-10-18 05:00'";7;45;5;3;1;good
DEBB021;"'2025-10-18 06:00'";7;40;6;3;1;good
DEBB021;"'2025-10-18 07:00'";7;35;8;3;1;good
DEBB021;"'2025-10-18 08:00'";8;35;8;4;1;good
DEBB021;"'2025-10-18 09:00'";6;32;10;3;1;good
DEBB021;"'2025-10-18 10:00'";6;42;7;3;1;good
DEBB021;"'2025-10-18 11:00'";5;55;5;2;1;good
DEBB021;"'2025-10-18 12:00'";5;61;5;2;1;good
DEBB021;"'2025-10-18 13:00'";4;64;4;2;1;good
DEBB021;"'2025-10-18 14:00'";4;67;4;2;1;good
DEBB021;"'2025-10-18 15:00'";5;69;4;2;1;good
DEBB021;"'2025-10-18 16:00'";5;69;5;3;1;good
DEBB021;"'2025-10-18 17:00'";5;69;5;3;1;good
DEBB021;"'2025-10-18 18:00'";4;64;8;2;1;good
DEBB021;"'2025-10-18 19:00'";9;49;18;6;1;good
DEBB021;"'2025-10-18 20:00'";13;15;43;9;1;moderate
DEBB021;"'2025-10-18 21:00'";18;5;47;12;1;moderate
DEBB021;"'2025-10-18 22:00'";22;4;38;17;1;moderate
DEBB021;"'2025-10-18 23:00'";20;4;33;16;1;moderate
DEBB021;"'2025-10-18 24:00'";20;3;32;16;1;moderate
DEBB021;"'2025-10-19 01:00'";20;4;31;17;1;moderate
DEBB021;"'2025-10-19 02:00'";20;3;29;17;1;moderate
DEBB021;"'2025-10-19 03:00'";15;2;29;12;1;good
DEBB021;"'2025-10-19 04:00'";14;2;29;11;1;good
DEBB021;"'2025-10-19 05:00'";15;3;31;12;1;moderate
DEBB021;"'2025-10-19 06:00'";16;3;29;13;1;good
DEBB021;"'2025-10-19 07:00'";15;3;29;12;1;good
DEBB021;"'2025-10-19 08:00'";14;4;28;11;1;good
DEBB021;"'2025-10-19 09:00'";13;12;22;10;1;good
DEBB021;"'2025-10-19 10:00'";12;19;18;9;1;good
DEBB021;"'2025-10-19 11:00'";10;31;13;7;1;good
DEBB021;"'2025-10-19 12:00'";8;45;10;5;1;good
DEBB021;"'2025-10-19 13:00'";7;55;7;3;2;good
DEBB021;"'2025-10-19 14:00'";8;56;7;4;2;good
DEBB021;"'2025-10-19 15:00'";8;55;7;4;2;good
DEBB021;"'2025-10-19 16:00'";9;61;7;4;2;good
DEBB021;"'2025-10-19 17:00'";8;60;8;4;1;good
DEBB021;"'2025-10-19 18:00'";8;54;12;4;1;good
DEBB021;"'2025-10-19 19:00'";7;47;15;4;1;good
DEBB021;"'2025-10-19 20:00'";6;50;13;4;1;good
DEBB021;"'2025-10-19 21:00'";7;48;12;4;1;good
DEBB021;"'2025-10-19 22:00'";7;45;12;4;1;good
DEBB021;"'2025-10-19 23:00'";7;44;11;4;1;good
DEBB021;"'2025-10-19 24:00'";7;42;11;4;1;good
DEBB021;"'2025-10-20 01:00'";8;40;11;5;1;good
DEBB021;"'2025-10-20 02:00'";8;38;11;5;1;good
DEBB021;"'2025-10-20 03:00'";8;36;10;5;1;good
DEBB021;"'2025-10-20 04:00'";8;33;10;6;1;good
DEBB021;"'2025-10-20 05:00'";8;30;12;6;1;good
DEBB021;"'2025-10-20 06:00'";9;27;15;6;1;good
DEBB021;"'2025-10-20 07:00'";9;25;17;7;1;good
DEBB021;"'2025-10-20 08:00'";11;18;24;7;1;good
DEBB021;"'2025-10-20 09:00'";13;18;25;8;1;good
DEBB021;"'2025-10-20 10:00'";13;29;18;8;1;good
DEBB021;"'2025-10-20 11:00'";12;40;12;7;1;good
DEBB021;"'2025-10-20 12:00'";13;45;11;7;1;good
DEBB021;"'2025-10-20 13:00'";14;47;12;8;1;good
DEBB021;"'2025-10-20 14:00'";13;53;11;8;1;good
DEBB021;"'2025-10-20 15:00'";15;58;11;8;1;good
DEBB021;"'2025-10-20 16:00'";15;60;9;8;1;good
DEBB021;"'2025-10-20 17:00'";14;62;10;7;1;good
DEBB021;"'2025-10-20 18:00'";12;56;11;6;1;good
DEBB021;"'2025-10-20 19:00'";13;54;13;6;1;good
DEBB021;"'2025-10-20 20:00'";13;52;13;7;1;good
DEBB021;"'2025-10-20 21:00'";13;53;11;7;2;good
DEBB021;"'2025-10-20 22:00'";12;53;9;7;2;good
DEBB021;"'2025-10-20 23:00'";13;50;9;8;2;good
DEBB021;"'2025-10-20 24:00'";14;46;10;8;2;good
DEBB021;"'2025-10-21 01:00'";13;43;10;8;2;good
DEBB021;"'2025-10-21 02:00'";12;39;10;8;2;good
DEBB021;"'2025-10-21 03:00'";13;45;8;9;2;good
DEBB021;"'2025-10-21 04:00'";14;46;7;9;2;good
DEBB021;"'2025-10-21 05:00'";15;46;8;10;1;good
DEBB021;"'2025-10-21 06:00'";15;45;9;10;1;good
DEBB021;"'2025-10-21 07:00'";15;42;12;10;1;good
DEBB021;"'2025-10-21 08:00'";16;40;17;11;2;good
DEBB021;"'2025-10-21 09:00'";17;39;15;11;2;good
DEBB021;"'2025-10-21 10:00'";17;40;12;11;2;good
DEBB021;"'2025-10-21 11:00'";15;41;11;10;2;good
DEBB021;"'2025-10-21 12:00'";13;42;10;8;2;good
DEBB021;"'2025-10-21 13:00'";12;46;9;7;1;good
DEBB021;"'2025-10-21 14:00'";12;49;9;6;1;good
DEBB021;"'2025-10-21 15:00'";9;54;8;4;1;good
DEBB021;"'2025-10-21 16:00'";11;50;9;4;1;good
DEBB021;"'2025-10-21 17:00'";8;54;8;3;1;good
DEBB021;"'2025-10-21 18:00'";6;59;8;2;1;good
DEBB021;"'2025-10-21 19:00'";7;58;8;3;1;good
DEBB021;"'2025-10-21 20:00'";7;58;7;3;1;good
DEBB021;"'2025-10-21 21:00'";7;57;8;3;1;good
DEBB021;"'2025-10-21 22:00'";7;50;11;3;1;good
DEBB021;"'2025-10-21 23:00'";8;50;9;4;1;good
DEBB021;"'2025-10-21 24:00'";8;47;9;3;1;good
DEBB021;"'2025-10-22 01:00'";7;51;7;3;1;good
DEBB021;"'2025-10-22 02:00'";6;51;7;3;1;good
DEBB021;"'2025-10-22 03:00'";6;49;7;3;1;good
DEBB021;"'2025-10-22 04:00'";6;43;7;3;1;good
DEBB021;"'2025-10-22 05:00'";6;32;11;3;1;good
DEBB021;"'2025-10-22 06:00'";7;27;13;4;1;good
DEBB021;"'2025-10-22 07:00'";7;17;19;4;1;good
DEBB021;"'2025-10-22 08:00'";10;10;27;5;1;good
DEBB021;"'2025-10-22 09:00'";9;21;17;5;1;good
DEBB021;"'2025-10-22 10:00'";9;26;12;5;1;good
DEBB021;"'2025-10-22 11:00'";10;24;12;5;1;good
DEBB021;"'2025-10-22 12:00'";10;22;13;5;1;good
DEBB021;"'2025-10-22 13:00'";11;29;11;5;1;good
DEBB021;"'2025-10-22 14:00'";13;32;11;5;1;good
DEBB021;"'2025-10-22 15:00'";9;34;13;4;1;good
DEBB021;"'2025-10-22 16:00'";8;35;13;4;1;good
DEBB021;"'2025-10-22 17:00'";6;36;13;3;1;good
DEBB021;"'2025-10-22 18:00'";7;25;22;4;1;good
DEBB021;"'2025-10-22 19:00'";8;12;27;5;1;good
DEBB021;"'2025-10-22 20:00'";11;5;31;8;1;moderate
DEBB021;"'2025-10-22 21:00'";15;4;32;12;1;moderate
DEBB021;"'2025-10-22 22:00'";12;6;30;9;1;good
DEBB021;"'2025-10-22 23:00'";10;14;22;7;1;good
DEBB021;"'2025-10-22 24:00'";10;18;16;7;1;good
DEBB021;"'2025-10-23 01:00'";9;16;16;6;1;good
DEBB021;"'2025-10-23 02:00'";9;15;11;6;1;good
DEBB021;"'2025-10-23 03:00'";11;13;11;7;1;good
DEBB021;"'2025-10-23 04:00'";11;14;11;8;1;good
DEBB021;"'2025-10-23 05:00'";15;8;15;11;1;good
DEBB021;"'2025-10-23 06:00'";15;7;18;11;1;good
DEBB021;"'2025-10-23 07:00'";14;8;20;11;1;good
DEBB021;"'2025-10-23 08:00'";13;8;21;11;1;good
DEBB021;"'2025-10-23 09:00'";14;11;19;11;1;good
DEBB021;"'2025-10-23 10:00'";12;18;15;9;1;good
DEBB021;"'2025-10-23 11:00'";11;21;15;8;1;good
DEBB021;"'2025-10-23 12:00'";11;25;11;7;1;good
DEBB021;"'2025-10-23 13:00'";9;33;11;6;1;good
DEBB021;"'2025-10-23 14:00'";8;37;11;4;1;good
DEBB021;"'2025-10-23 15:00'";7;41;9;4;1;good
DEBB021;"'2025-10-23 16:00'";8;45;8;3;1;good
DEBB021;"'2025-10-23 17:00'";5;44;9;2;1;good
DEBB021;"'2025-10-23 18:00'";6;41;9;3;1;good
DEBB021;"'2025-10-23 19:00'";5;50;8;2;1;good
DEBB021;"'2025-10-23 20:00'";6;60;6;2;1;good
DEBB021;"'2025-10-23 21:00'";6;63;6;2;1;good
DEBB021;"'2025-10-23 22:00'";6;66;5;2;1;good
DEBB021;"'2025-10-23 23:00'";6;67;5;2;1;good
DEBB021;"'2025-10-23 24:00'";6;66;4;2;1;good
DEBB021;"'2025-10-24 01:00'";5;64;4;2;1;good
DEBB021;"'2025-10-24 02:00'";5;62;4;2;1;good
DEBB021;"'2025-10-24 03:00'";4;60;4;2;1;good
DEBB021;"'2025-10-24 04:00'";4;60;4;2;1;good
DEBB021;"'2025-10-24 05:00'";4;60;4;2;1;good
DEBB021;"'2025-10-24 06:00'";4;58;5;2;1;good
DEBB021;"'2025-10-24 07:00'";5;60;7;2;1;good
DEBB021;"'2025-10-24 08:00'";7;60;7;3;1;good
DEBB021;"'2025-10-24 09:00'";9;61;7;3;1;good
DEBB021;"'2025-10-24 10:00'";7;62;7;3;1;good
DEBB021;"'2025-10-24 11:00'";20;60;9;5;1;good
DEBB021;"'2025-10-24 12:00'";14;60;8;4;1;good
DEBB021;"'2025-10-24 13:00'";20;58;8;7;1;good
DEBB021;"'2025-10-24 14:00'";16;59;8;6;1;good
DEBB021;"'2025-10-24 15:00'";12;60;7;5;1;good
DEBB021;"'2025-10-24 16:00'";11;60;7;4;1;good
DEBB021;"'2025-10-24 17:00'";9;58;6;4;1;good
DEBB021;"'2025-10-24 18:00'";8;56;8;4;1;good
DEBB021;"'2025-10-24 19:00'";8;53;8;3;1;good
DEBB021;"'2025-10-24 20:00'";8;55;7;4;1;good
DEBB021;"'2025-10-24 21:00'";8;54;8;4;1;good
DEBB021;"'2025-10-24 22:00'";8;54;8;4;1;good
DEBB021;"'2025-10-24 23:00'";7;57;6;3;1;good
DEBB021;"'2025-10-24 24:00'";7;57;5;3;1;good
DEBB021;"'2025-10-25 01:00'";6;53;7;3;1;good
DEBB021;"'2025-10-25 02:00'";7;52;6;3;1;good
DEBB021;"'2025-10-25 03:00'";6;52;6;3;1;good
DEBB021;"'2025-10-25 04:00'";6;53;5;3;1;good
DEBB021;"'2025-10-25 05:00'";6;53;5;3;1;good
DEBB021;"'2025-10-25 06:00'";7;46;7;3;1;good
DEBB021;"'2025-10-25 07:00'";7;40;8;3;1;good
DEBB021;"'2025-10-25 08:00'";8;40;9;4;1;good
DEBB021;"'2025-10-25 09:00'";7;47;6;4;1;good
DEBB021;"'2025-10-25 10:00'";7;49;7;4;1;good
DEBB021;"'2025-10-25 11:00'";6;53;6;3;1;good
DEBB021;"'2025-10-25 12:00'";6;59;6;3;1;good
DEBB021;"'2025-10-25 13:00'";7;63;5;3;1;good
DEBB021;"'2025-10-25 14:00'";9;65;6;3;1;good
DEBB021;"'2025-10-25 15:00'";8;66;5;3;1;good
DEBB021;"'2025-10-25 16:00'";8;64;6;3;1;good
DEBB021;"'2025-10-25 17:00'";7;61;6;3;1;good
DEBB021;"'2025-10-25 18:00'";5;55;7;3;1;good
DEBB021;"'2025-10-25 19:00'";5;52;7;3;1;good
DEBB021;"'2025-10-25 20:00'";4;51;6;2;1;good
DEBB021;"'2025-10-25 21:00'";5;46;7;3;1;good
DEBB021;"'2025-10-25 22:00'";5;42;8;3;1;good
DEBB021;"'2025-10-25 23:00'";5;43;8;3;1;good
DEBB021;"'2025-10-25 24:00'";6;44;11;4;1;good
DEBB021;"'2025-10-26 01:00'";7;63;5;4;1;good
DEBB021;"'2025-10-26 02:00'";8;67;4;4;1;good
DEBB021;"'2025-10-26 03:00'";8;65;4;5;1;good
DEBB021;"'2025-10-26 03:00'";10;66;4;5;1;good
DEBB021;"'2025-10-26 04:00'";9;64;4;4;1;good
DEBB021;"'2025-10-26 05:00'";8;60;4;4;1;good
DEBB021;"'2025-10-26 06:00'";7;60;4;4;1;good
DEBB021;"'2025-10-26 07:00'";7;61;4;4;1;good
DEBB021;"'2025-10-26 08:00'";7;59;5;4;1;good
DEBB021;"'2025-10-26 09:00'";6;59;5;3;1;good
DEBB021;"'2025-10-26 10:00'";6;63;4;3;1;good
DEBB021;"'2025-10-26 11:00'";7;64;4;3;1;good
DEBB021;"'2025-10-26 12:00'";5;62;5;3;1;good
DEBB021;"'2025-10-26 13:00'";4;61;6;2;1;good
DEBB021;"'2025-10-26 14:00'";5;55;9;2;1;good
DEBB021;"'2025-10-26 15:00'";5;52;8;2;1;good
DEBB021;"'2025-10-26 16:00'";6;57;5;3;1;good
DEBB021;"'2025-10-26 17:00'";7;59;5;4;1;good
DEBB021;"'2025-10-26 18:00'";10;64;5;5;1;good
DEBB021;"'2025-10-26 19:00'";9;67;5;5;1;good
DEBB021;"'2025-10-26 20:00'";8;67;5;4;1;good
DEBB021;"'2025-10-26 21:00'";8;66;4;4;1;good
DEBB021;"'2025-10-26 22:00'";7;66;4;3;1;good
DEBB021;"'2025-10-26 23:00'";8;66;4;3;1;good
DEBB021;"'2025-10-26 24:00'";8;65;4;4;1;good
DEBB021;"'2025-10-27 01:00'";8;64;5;4;1;good
DEBB021;"'2025-10-27 02:00'";8;63;5;4;1;good
DEBB021;"'2025-10-27 03:00'";7;62;4;4;1;good
DEBB021;"'2025-10-27 04:00'";6;62;4;3;1;good
DEBB021;"'2025-10-27 05:00'";5;55;5;3;1;good
DEBB021;"'2025-10-27 06:00'";5;52;4;3;1;good
DEBB021;"'2025-10-27 07:00'";4;54;5;2;1;good
DEBB021;"'2025-10-27 08:00'";4;54;7;2;1;good
DEBB021;"'2025-10-27 09:00'";4;50;8;2;1;good
DEBB021;"'2025-10-27 10:00'";4;48;7;2;1;good
DEBB021;"'2025-10-27 11:00'";4;49;7;2;1;good
DEBB021;"'2025-10-27 12:00'";4;50;8;2;1;good
DEBB021;"'2025-10-27 13:00'";4;58;7;2;1;good
DEBB021;"'2025-10-27 14:00'";7;67;7;3;1;good
DEBB021;"'2025-10-27 15:00'";8;65;7;3;1;good
DEBB021;"'2025-10-27 16:00'";6;63;7;3;1;good
DEBB021;"'2025-10-27 17:00'";5;60;6;3;1;good
DEBB021;"'2025-10-27 18:00'";6;54;8;3;1;good
DEBB021;"'2025-10-27 19:00'";6;55;8;3;1;good
DEBB021;"'2025-10-27 20:00'";5;57;6;3;1;good
DEBB021;"'2025-10-27 21:00'";5;60;5;3;1;good
DEBB021;"'2025-10-27 22:00'";5;61;5;3;1;good
DEBB021;"'2025-10-27 23:00'";6;61;5;3;1;good
DEBB021;"'2025-10-27 24:00'";6;63;5;3;1;good
DEBB021;"'2025-10-28 01:00'";7;65;4;4;1;good
DEBB021;"'2025-10-28 02:00'";8;66;4;4;1;good
DEBB021;"'2025-10-28 03:00'";10;67;4;5;1;good
DEBB021;"'2025-10-28 04:00'";10;66;4;5;1;good
DEBB021;"'2025-10-28 05:00'";10;67;4;5;1;good
DEBB021;"'2025-10-28 06:00'";9;66;5;5;1;good
DEBB021;"'2025-10-28 07:00'";11;62;7;6;1;good
DEBB021;"'2025-10-28 08:00'";11;60;8;5;1;good
DEBB021;"'2025-10-28 09:00'";9;60;7;4;1;good
DEBB021;"'2025-10-28 10:00'";8;56;7;4;1;good
DEBB021;"'2025-10-28 11:00'";8;49;14;4;1;good
DEBB021;"'2025-10-28 12:00'";7;44;9;4;1;good
DEBB021;"'2025-10-28 13:00'";6;42;9;4;1;good
DEBB021;"'2025-10-28 14:00'";5;43;10;3;1;good
DEBB021;"'2025-10-28 15:00'";5;43;10;3;1;good
DEBB021;"'2025-10-28 16:00'";6;41;11;3;1;good
DEBB021;"'2025-10-28 17:00'";6;50;10;3;1;good
DEBB021;"'2025-10-28 18:00'";6;49;11;3;1;good
DEBB021;"'2025-10-28 19:00'";7;54;10;4;1;good
DEBB021;"'2025-10-28 20:00'";7;53;9;4;1;good
DEBB021;"'2025-10-28 21:00'";8;55;8;5;1;good
DEBB021;"'2025-10-28 22:00'";9;56;7;5;1;good
DEBB021;"'2025-10-28 23:00'";8;54;7;5;1;good
DEBB021;"'2025-10-28 24:00'";9;54;7;5;1;good
DEBB021;"'2025-10-29 01:00'";10;55;6;6;1;good
DEBB021;"'2025-10-29 02:00'";10;53;5;5;1;good
DEBB021;"'2025-10-29 03:00'";10;54;5;6;1;good
DEBB021;"'2025-10-29 04:00'";10;53;5;5;1;good
DEBB021;"'2025-10-29 05:00'";9;50;6;5;1;good
DEBB021;"'2025-10-29 06:00'";9;48;7;5;1;good
DEBB021;"'2025-10-29 07:00'";9;46;9;5;1;good
DEBB021;"'2025-10-29 08:00'";9;46;10;5;1;good
DEBB021;"'2025-10-29 09:00'";9;49;8;5;1;good
DEBB021;"'2025-10-29 10:00'";9;51;8;5;1;good
DEBB021;"'2025-10-29 11:00'";9;55;7;5;1;good
DEBB021;"'2025-10-29 12:00'";10;60;7;5;1;good
DEBB021;"'2025-10-29 13:00'";9;62;6;5;1;good
DEBB021;"'2025-10-29 14:00'";8;58;9;4;1;good
DEBB021;"'2025-10-29 15:00'";7;62;6;3;1;good
DEBB021;"'2025-10-29 16:00'";7;55;12;3;1;good
DEBB021;"'2025-10-29 17:00'";8;46;17;3;1;good
DEBB021;"'2025-10-29 18:00'";7;44;15;3;1;good
DEBB021;"'2025-10-29 19:00'";7;46;12;3;1;good
DEBB021;"'2025-10-29 20:00'";7;43;10;4;1;good
DEBB021;"'2025-10-29 21:00'";7;43;11;4;1;good
DEBB021;"'2025-10-29 22:00'";8;44;10;4;1;good
DEBB021;"'2025-10-29 23:00'";7;42;12;4;1;good
DEBB021;"'2025-10-29 24:00'";6;44;8;4;1;good
DEBB021;"'2025-10-30 01:00'";7;48;7;4;1;good
DEBB021;"'2025-10-30 02:00'";7;46;7;4;1;good
DEBB021;"'2025-10-30 03:00'";7;46;7;4;1;good
DEBB021;"'2025-10-30 04:00'";7;45;7;4;1;good
DEBB021;"'2025-10-30 05:00'";6;42;7;4;1;good
DEBB021;"'2025-10-30 06:00'";6;38;8;4;1;good
DEBB021;"'2025-10-30 07:00'";7;43;8;3;1;good
DEBB021;"'2025-10-30 08:00'";6;47;9;3;1;good
DEBB021;"'2025-10-30 09:00'";4;57;7;2;1;good
DEBB021;"'2025-10-30 10:00'";4;60;8;2;1;good
DEBB021;"'2025-10-30 11:00'";4;66;6;2;1;good
DEBB021;"'2025-10-30 12:00'";5;68;6;2;1;good
DEBB021;"'2025-10-30 13:00'";7;68;5;3;1;good
DEBB021;"'2025-10-30 14:00'";11;68;5;5;1;good
DEBB021;"'2025-10-30 15:00'";7;67;5;4;1;good
DEBB021;"'2025-10-30 16:00'";9;62;7;4;1;good
DEBB021;"'2025-10-30 17:00'";9;62;8;5;1;good
DEBB021;"'2025-10-30 18:00'";9;57;11;5;1;good
DEBB021;"'2025-10-30 19:00'";8;58;10;4;1;good
DEBB021;"'2025-10-30 20:00'";9;54;12;5;1;good
DEBB021;"'2025-10-30 21:00'";9;52;12;5;1;good
DEBB021;"'2025-10-30 22:00'";10;49;11;6;1;good
DEBB021;"'2025-10-30 23:00'";10;48;11;6;1;good
DEBB021;"'2025-10-30 24:00'";10;45;13;6;1;good
DEBB021;"'2025-10-31 01:00'";9;42;13;5;1;good
DEBB021;"'2025-10-31 02:00'";9;41;11;5;1;good
DEBB021;"'2025-10-31 03:00'";9;41;9;6;1;good
DEBB021;"'2025-10-31 04:00'";10;37;9;6;1;good
DEBB021;"'2025-10-31 05:00'";10;33;9;6;1;good
DEBB021;"'2025-10-31 06:00'";10;29;10;7;1;good
DEBB021;"'2025-10-31 07:00'";11;29;11;7;1;good
DEBB021;"'2025-10-31 08:00'";19;14;21;10;1;good
DEBB021;"'2025-10-31 09:00'";11;18;16;7;1;good
DEBB021;"'2025-10-31 10:00'";13;23;14;8;1;good
DEBB021;"'2025-10-31 11:00'";11;36;11;7;1;good
DEBB021;"'2025-10-31 12:00'";10;40;9;5;1;good
DEBB021;"'2025-10-31 13:00'";9;58;6;4;1;good
DEBB021;"'2025-10-31 14:00'";8;59;6;4;1;good
DEBB021;"'2025-10-31 15:00'";9;57;7;4;1;good
DEBB021;"'2025-10-31 16:00'";9;54;9;4;1;good
DEBB021;"'2025-10-31 17:00'";10;48;13;6;1;good
DEBB021;"'2025-10-31 18:00'";12;44;15;7;1;good
DEBB021;"'2025-10-31 19:00'";13;37;19;9;1;good
DEBB021;"'2025-10-31 20:00'";16;32;21;11;1;good
DEBB021;"'2025-10-31 21:00'";14;31;18;11;1;good
DEBB021;"'2025-10-31 22:00'";16;29;19;12;1;good
DEBB021;"'2025-10-31 23:00'";14;29;16;11;1;good
DEBB021;"'2025-10-31 24:00'";13;33;13;9;1;good
DEBB021;"'2025-11-01 01:00'";13;33;12;9;1;good
DEBB021;"'2025-11-01 02:00'";13;32;12;9;1;good
DEBB021;"'2025-11-01 03:00'";13;30;13;9;1;good
DEBB021;"'2025-11-01 04:00'";14;28;13;9;1;good
DEBB021;"'2025-11-01 05:00'";12;25;13;9;1;good
DEBB021;"'2025-11-01 06:00'";12;22;14;9;1;good
DEBB021;"'2025-11-01 07:00'";13;17;16;9;1;good
DEBB021;"'2025-11-01 08:00'";14;13;20;9;1;good
DEBB021;"'2025-11-01 09:00'";14;16;18;9;1;good
DEBB021;"'2025-11-01 10:00'";14;22;14;9;1;good
DEBB021;"'2025-11-01 11:00'";13;27;14;8;1;good
DEBB021;"'2025-11-01 12:00'";10;36;10;6;1;good
DEBB021;"'2025-11-01 13:00'";10;41;10;5;1;good
DEBB021;"'2025-11-01 14:00'";12;40;10;6;1;good
DEBB021;"'2025-11-01 15:00'";10;40;11;5;1;good
DEBB021;"'2025-11-01 16:00'";13;36;14;7;1;good
DEBB021;"'2025-11-01 17:00'";12;28;20;8;1;good
DEBB021;"'2025-11-01 18:00'";13;25;21;9;1;good
DEBB021;"'2025-11-01 19:00'";13;29;15;9;1;good
DEBB021;"'2025-11-01 20:00'";12;33;12;9;1;good
DEBB021;"'2025-11-01 21:00'";10;40;9;-;1;good
DEBB021;"'2025-11-01 22:00'";9;39;9;-;1;good
DEBB021;"'2025-11-01 23:00'";9;39;8;-;1;good
DEBB021;"'2025-11-01 24:00'";10;36;9;-;1;good
DEBB021;"'2025-11-02 01:00'";11;29;11;7;1;good
DEBB021;"'2025-11-02 02:00'";11;22;12;7;1;good
DEBB021;"'2025-11-02 03:00'";11;18;11;7;1;good
DEBB021;"'2025-11-02 04:00'";11;23;9;8;1;good
DEBB021;"'2025-11-02 05:00'";10;29;9;6;1;good
DEBB021;"'2025-11-02 06:00'";9;33;7;6;1;good
DEBB021;"'2025-11-02 07:00'";9;30;8;6;1;good
DEBB021;"'2025-11-02 08:00'";16;21;10;8;1;good
DEBB021;"'2025-11-02 09:00'";10;21;11;7;1;good
DEBB021;"'2025-11-02 10:00'";10;25;10;7;1;good
DEBB021;"'2025-11-02 11:00'";14;29;10;8;1;good
DEBB021;"'2025-11-02 12:00'";10;39;10;5;1;good
DEBB021;"'2025-11-02 13:00'";8;46;9;4;1;good
DEBB021;"'2025-11-02 14:00'";9;47;7;4;1;good
DEBB021;"'2025-11-02 15:00'";8;48;7;4;1;good
DEBB021;"'2025-11-02 16:00'";9;42;11;4;1;good
DEBB021;"'2025-11-02 17:00'";10;33;13;5;1;good
DEBB021;"'2025-11-02 18:00'";14;20;20;8;1;good
DEBB021;"'2025-11-02 19:00'";13;14;24;8;1;good
DEBB021;"'2025-11-02 20:00'";15;8;25;10;1;good
DEBB021;"'2025-11-02 21:00'";14;6;24;10;1;good
DEBB021;"'2025-11-02 22:00'";14;5;26;10;1;good
DEBB021;"'2025-11-02 23:00'";14;5;24;9;1;good
DEBB021;"'2025-11-02 24:00'";14;5;22;9;1;good
DEBB021;"'2025-11-03 01:00'";12;5;19;8;1;good
DEBB021;"'2025-11-03 02:00'";12;10;14;8;1;good
DEBB021;"'2025-11-03 03:00'";12;15;11;7;1;good
DEBB021;"'2025-11-03 04:00'";12;21;10;7;1;good
DEBB021;"'2025-11-03 05:00'";10;32;9;6;1;good
DEBB021;"'2025-11-03 06:00'";9;38;8;5;1;good
DEBB021;"'2025-11-03 07:00'";8;39;11;5;1;good
DEBB021;"'2025-11-03 08:00'";11;39;14;7;1;good
DEBB021;"'2025-11-03 09:00'";12;38;15;7;1;good
DEBB021;"'2025-11-03 10:00'";12;44;11;7;1;good
DEBB021;"'2025-11-03 11:00'";11;55;12;6;1;good
DEBB021;"'2025-11-03 12:00'";10;67;7;5;1;good
DEBB021;"'2025-11-03 13:00'";10;68;7;5;1;good
DEBB021;"'2025-11-03 14:00'";9;70;8;5;1;good
DEBB021;"'2025-11-03 15:00'";10;71;9;4;1;good
DEBB021;"'2025-11-03 16:00'";9;66;12;4;1;good
DEBB021;"'2025-11-03 17:00'";10;54;17;4;1;good
DEBB021;"'2025-11-03 18:00'";9;49;16;4;1;good
DEBB021;"'2025-11-03 19:00'";9;50;13;5;1;good
DEBB021;"'2025-11-03 20:00'";8;56;9;4;1;good
DEBB021;"'2025-11-03 21:00'";8;59;8;4;1;good
DEBB021;"'2025-11-03 22:00'";8;57;7;4;1;good
DEBB021;"'2025-11-03 23:00'";8;54;8;5;1;good
DEBB021;"'2025-11-03 24:00'";9;54;7;5;1;good
DEBB021;"'2025-11-04 01:00'";9;52;6;5;1;good
DEBB021;"'2025-11-04 02:00'";8;50;6;5;1;good
DEBB021;"'2025-11-04 03:00'";9;48;6;5;1;good
DEBB021;"'2025-11-04 04:00'";9;47;6;5;1;good
DEBB021;"'2025-11-04 05:00'";8;45;8;5;1;good
DEBB021;"'2025-11-04 06:00'";9;44;8;5;1;good
DEBB021;"'2025-11-04 07:00'";10;41;10;6;1;good
DEBB021;"'2025-11-04 08:00'";12;36;17;6;1;good
DEBB021;"'2025-11-04 09:00'";12;36;15;6;1;good
DEBB021;"'2025-11-04 10:00'";12;40;12;5;1;good
DEBB021;"'2025-11-04 11:00'";9;40;13;4;1;good
DEBB021;"'2025-11-04 12:00'";9;43;12;4;1;good
DEBB021;"'2025-11-04 13:00'";8;50;9;4;1;good
DEBB021;"'2025-11-04 14:00'";11;44;11;4;1;good
DEBB021;"'2025-11-04 15:00'";10;42;14;4;1;good
DEBB021;"'2025-11-04 16:00'";10;38;16;5;1;good
DEBB021;"'2025-11-04 17:00'";10;30;20;5;1;good
DEBB021;"'2025-11-04 18:00'";11;25;22;6;1;good
DEBB021;"'2025-11-04 19:00'";12;11;32;7;1;moderate
DEBB021;"'2025-11-04 20:00'";14;4;40;9;1;moderate
DEBB021;"'2025-11-04 21:00'";13;7;32;8;1;moderate
DEBB021;"'2025-11-04 22:00'";12;7;31;8;1;moderate
DEBB021;"'2025-11-04 23:00'";11;26;16;7;1;good
DEBB021;"'2025-11-04 24:00'";10;33;13;6;1;good
DEBB021;"'2025-11-05 01:00'";9;32;12;6;1;good
DEBB021;"'2025-11-05 02:00'";10;27;13;6;1;good
DEBB021;"'2025-11-05 03:00'";10;24;12;7;1;good
DEBB021;"'2025-11-05 04:00'";11;20;13;8;1;good
DEBB021;"'2025-11-05 05:00'";12;19;13;8;1;good
DEBB021;"'2025-11-05 06:00'";12;16;14;9;1;good
DEBB021;"'2025-11-05 07:00'";12;13;19;9;1;good
DEBB021;"'2025-11-05 08:00'";13;13;22;8;1;good
DEBB021;"'2025-11-05 09:00'";16;18;20;8;1;good
DEBB021;"'2025-11-05 10:00'";10;29;16;5;1;good
DEBB021;"'2025-11-05 11:00'";9;35;14;5;1;good
DEBB021;"'2025-11-05 12:00'";9;40;13;4;2;good
DEBB021;"'2025-11-05 13:00'";10;42;14;4;2;good
DEBB021;"'2025-11-05 14:00'";11;50;14;4;1;good
DEBB021;"'2025-11-05 15:00'";10;56;15;4;1;good
DEBB021;"'2025-11-05 16:00'";8;53;17;3;1;good
DEBB021;"'2025-11-05 17:00'";10;44;20;4;1;good
DEBB021;"'2025-11-05 18:00'";11;32;25;6;1;good
DEBB021;"'2025-11-05 19:00'";12;26;27;6;1;good
DEBB021;"'2025-11-05 20:00'";12;16;33;7;1;moderate
DEBB021;"'2025-11-05 21:00'";12;19;27;8;1;good
DEBB021;"'2025-11-05 22:00'";13;20;25;8;1;good
DEBB021;"'2025-11-05 23:00'";12;19;23;9;1;good
DEBB021;"'2025-11-05 24:00'";13;24;17;9;1;good
DEBB021;"'2025-11-06 01:00'";12;24;16;9;1;good
DEBB021;"'2025-11-06 02:00'";13;26;13;10;1;good
DEBB021;"'2025-11-06 03:00'";14;22;14;11;1;good
DEBB021;"'2025-11-06 04:00'";14;21;15;12;1;good
DEBB021;"'2025-11-06 05:00'";14;18;17;11;1;good
DEBB021;"'2025-11-06 06:00'";14;17;20;11;1;good
DEBB021;"'2025-11-06 07:00'";14;10;31;10;1;moderate
DEBB021;"'2025-11-06 08:00'";24;5;37;13;1;moderate
DEBB021;"'2025-11-06 09:00'";17;9;39;11;1;moderate
DEBB021;"'2025-11-06 10:00'";16;27;29;10;1;good
DEBB021;"'2025-11-06 11:00'";13;56;11;8;1;good
DEBB021;"'2025-11-06 12:00'";12;58;12;7;1;good
DEBB021;"'2025-11-06 13:00'";12;62;9;6;1;good
DEBB021;"'2025-11-06 14:00'";11;63;10;6;1;good
DEBB021;"'2025-11-06 15:00'";11;62;10;6;1;good
DEBB021;"'2025-11-06 16:00'";12;56;18;6;1;good
DEBB021;"'2025-11-06 17:00'";15;21;43;8;1;moderate
DEBB021;"'2025-11-06 18:00'";16;14;50;9;1;moderate
DEBB021;"'2025-11-06 19:00'";19;6;56;13;1;moderate
DEBB021;"'2025-11-06 20:00'";17;15;42;12;1;moderate
DEBB021;"'2025-11-06 21:00'";20;13;38;14;1;moderate
DEBB021;"'2025-11-06 22:00'";20;20;31;15;1;moderate
DEBB021;"'2025-11-06 23:00'";18;22;27;14;1;good
DEBB021;"'2025-11-06 24:00'";18;24;25;14;1;good
DEBB021;"'2025-11-07 01:00'";18;28;19;14;1;good
DEBB021;"'2025-11-07 02:00'";17;31;16;14;1;good
DEBB021;"'2025-11-07 03:00'";18;33;13;14;1;good
DEBB021;"'2025-11-07 04:00'";18;34;12;15;1;good
DEBB021;"'2025-11-07 05:00'";19;32;13;16;1;moderate
DEBB021;"'2025-11-07 06:00'";19;31;14;15;1;good
DEBB021;"'2025-11-07 07:00'";18;26;19;15;1;good
DEBB021;"'2025-11-07 08:00'";20;17;28;16;1;moderate
DEBB021;"'2025-11-07 09:00'";21;19;25;17;1;moderate
DEBB021;"'2025-11-07 10:00'";24;27;20;19;1;moderate
DEBB021;"'2025-11-07 11:00'";24;38;14;20;1;moderate
DEBB021;"'2025-11-07 12:00'";23;45;12;19;1;moderate
DEBB021;"'2025-11-07 13:00'";22;48;12;19;2;moderate
DEBB021;"'2025-11-07 14:00'";22;53;10;17;2;moderate
DEBB021;"'2025-11-07 15:00'";23;51;13;18;2;moderate
DEBB021;"'2025-11-07 16:00'";23;45;20;18;2;moderate
DEBB021;"'2025-11-07 17:00'";30;25;37;22;2;moderate
DEBB021;"'2025-11-07 18:00'";28;5;55;22;1;moderate
DEBB021;"'2025-11-07 19:00'";30;3;50;23;1;moderate
DEBB021;"'2025-11-07 20:00'";39;4;47;33;1;poor
DEBB021;"'2025-11-07 21:00'";44;4;46;38;1;poor
DEBB021;"'2025-11-07 22:00'";40;4;43;35;1;poor
DEBB021;"'2025-11-07 23:00'";30;10;38;26;1;moderate
DEBB021;"'2025-11-07 24:00'";26;18;25;23;1;moderate
DEBB021;"'2025-11-08 01:00'";27;11;27;23;1;moderate
DEBB021;"'2025-11-08 02:00'";26;17;20;23;1;moderate
DEBB021;"'2025-11-08 03:00'";27;11;24;24;1;moderate
DEBB021;"'2025-11-08 04:00'";28;8;22;25;1;moderate
DEBB021;"'2025-11-08 05:00'";25;6;22;23;1;moderate
DEBB021;"'2025-11-08 06:00'";26;5;21;23;1;moderate
DEBB021;"'2025-11-08 07:00'";24;3;25;22;1;moderate
DEBB021;"'2025-11-08 08:00'";21;4;24;19;1;moderate
DEBB021;"'2025-11-08 09:00'";24;7;17;20;1;moderate
DEBB021;"'2025-11-08 10:00'";24;13;15;22;1;moderate
DEBB021;"'2025-11-08 11:00'";27;12;19;24;1;moderate
DEBB021;"'2025-11-08 12:00'";26;14;20;22;1;moderate
DEBB021;"'2025-11-08 13:00'";28;10;21;24;1;moderate
DEBB021;"'2025-11-08 14:00'";27;13;20;24;1;moderate
DEBB021;"'2025-11-08 15:00'";24;18;15;22;1;moderate
DEBB021;"'2025-11-08 16:00'";28;18;16;22;1;moderate
DEBB021;"'2025-11-08 17:00'";22;19;17;19;1;moderate
DEBB021;"'2025-11-08 18:00'";23;21;18;20;1;moderate
DEBB021;"'2025-11-08 19:00'";27;19;23;24;1;moderate
DEBB021;"'2025-11-08 20:00'";30;22;19;27;1;moderate
DEBB021;"'2025-11-08 21:00'";31;10;24;28;1;moderate
DEBB021;"'2025-11-08 22:00'";30;7;23;27;1;moderate
DEBB021;"'2025-11-08 23:00'";29;4;24;26;1;moderate
DEBB021;"'2025-11-08 24:00'";28;3;24;26;1;moderate
DEBB021;"'2025-11-09 01:00'";28;2;21;25;1;moderate
DEBB021;"'2025-11-09 02:00'";24;2;19;22;1;moderate
DEBB021;"'2025-11-09 03:00'";21;2;19;19;1;moderate
DEBB021;"'2025-11-09 04:00'";19;2;17;18;1;moderate
DEBB021;"'2025-11-09 05:00'";19;3;16;17;1;moderate
DEBB021;"'2025-11-09 06:00'";20;3;16;18;1;moderate
DEBB021;"'2025-11-09 07:00'";20;3;15;18;1;moderate
DEBB021;"'2025-11-09 08:00'";20;3;14;18;1;moderate
DEBB021;"'2025-11-09 09:00'";22;5;15;19;1;moderate
DEBB021;"'2025-11-09 10:00'";21;8;13;19;1;moderate
DEBB021;"'2025-11-09 11:00'";23;10;12;20;1;moderate
DEBB021;"'2025-11-09 12:00'";24;14;14;22;1;moderate
DEBB021;"'2025-11-09 13:00'";24;18;14;21;1;moderate
DEBB021;"'2025-11-09 14:00'";24;18;17;21;1;moderate
DEBB021;"'2025-11-09 15:00'";22;22;18;19;1;moderate
DEBB021;"'2025-11-09 16:00'";23;20;16;20;1;moderate
DEBB021;"'2025-11-09 17:00'";25;15;19;22;1;moderate
DEBB021;"'2025-11-09 18:00'";27;10;20;23;1;moderate
DEBB021;"'2025-11-09 19:00'";31;7;23;28;1;moderate
DEBB021;"'2025-11-09 20:00'";28;4;24;24;1;moderate
DEBB021;"'2025-11-09 21:00'";26;3;22;23;1;moderate
DEBB021;"'2025-11-09 22:00'";25;5;21;22;1;moderate
DEBB021;"'2025-11-09 23:00'";24;5;22;21;1;moderate
DEBB021;"'2025-11-09 24:00'";25;4;21;21;1;moderate
DEBB021;"'2025-11-10 01:00'";31;2;20;25;1;moderate
DEBB021;"'2025-11-10 02:00'";28;2;19;24;1;moderate
DEBB021;"'2025-11-10 03:00'";27;2;18;24;1;moderate
DEBB021;"'2025-11-10 04:00'";26;3;18;24;1;moderate
DEBB021;"'2025-11-10 05:00'";23;3;18;22;1;moderate
DEBB021;"'2025-11-10 06:00'";25;2;19;23;1;moderate
DEBB021;"'2025-11-10 07:00'";24;2;19;23;1;moderate
DEBB021;"'2025-11-10 08:00'";22;2;21;19;1;moderate
DEBB021;"'2025-11-10 09:00'";19;4;20;16;1;moderate
DEBB021;"'2025-11-10 10:00'";22;5;17;19;1;moderate
DEBB021;"'2025-11-10 11:00'";26;5;18;22;1;moderate
DEBB021;"'2025-11-10 12:00'";18;22;14;14;1;good
DEBB021;"'2025-11-10 13:00'";17;32;14;13;1;good
DEBB021;"'2025-11-10 14:00'";19;43;12;12;1;good
DEBB021;"'2025-11-10 15:00'";13;50;15;8;1;good
DEBB021;"'2025-11-10 16:00'";14;48;16;8;1;good
DEBB021;"'2025-11-10 17:00'";13;35;25;8;1;good
DEBB021;"'2025-11-10 18:00'";14;42;19;9;1;good
DEBB021;"'2025-11-10 19:00'";10;46;11;7;1;good
DEBB021;"'2025-11-10 20:00'";10;31;21;7;1;good
DEBB021;"'2025-11-10 21:00'";13;23;22;9;1;good
DEBB021;"'2025-11-10 22:00'";13;28;16;9;1;good
DEBB021;"'2025-11-10 23:00'";13;13;27;10;1;good
DEBB021;"'2025-11-10 24:00'";9;17;19;7;1;good
DEBB021;"'2025-11-11 01:00'";8;20;13;6;1;good
DEBB021;"'2025-11-11 02:00'";7;18;11;5;1;good
DEBB021;"'2025-11-11 03:00'";7;16;10;6;1;good
DEBB021;"'2025-11-11 04:00'";8;15;10;7;1;good
DEBB021;"'2025-11-11 05:00'";10;12;11;8;1;good
DEBB021;"'2025-11-11 06:00'";11;10;13;10;1;good
DEBB021;"'2025-11-11 07:00'";13;5;17;10;1;good
DEBB021;"'2025-11-11 08:00'";16;2;23;12;1;good
DEBB021;"'2025-11-11 09:00'";23;8;20;14;1;good
DEBB021;"'2025-11-11 10:00'";16;13;18;13;1;good
DEBB021;"'2025-11-11 11:00'";16;17;17;12;1;good
DEBB021;"'2025-11-11 12:00'";14;17;19;11;1;good
DEBB021;"'2025-11-11 13:00'";13;20;15;9;1;good
DEBB021;"'2025-11-11 14:00'";14;27;16;9;1;good
DEBB021;"'2025-11-11 15:00'";13;32;16;8;1;good
DEBB021;"'2025-11-11 16:00'";12;35;17;7;1;good
DEBB021;"'2025-11-11 17:00'";11;33;19;7;1;good
DEBB021;"'2025-11-11 18:00'";12;26;23;8;1;good
DEBB021;"'2025-11-11 19:00'";10;27;19;7;1;good
DEBB021;"'2025-11-11 20:00'";11;23;19;8;1;good
DEBB021;"'2025-11-11 21:00'";12;19;20;9;1;good
DEBB021;"'2025-11-11 22:00'";10;24;14;7;1;good
DEBB021;"'2025-11-11 23:00'";10;22;15;7;1;good
DEBB021;"'2025-11-11 24:00'";10;23;13;7;1;good
DEBB021;"'2025-11-12 01:00'";9;20;13;7;1;good
DEBB021;"'2025-11-12 02:00'";11;15;15;8;1;good
DEBB021;"'2025-11-12 03:00'";10;12;13;7;1;good
DEBB021;"'2025-11-12 04:00'";10;10;16;8;1;good
DEBB021;"'2025-11-12 05:00'";10;16;12;7;1;good
DEBB021;"'2025-11-12 06:00'";10;14;13;8;1;good
DEBB021;"'2025-11-12 07:00'";11;10;17;9;1;good
DEBB021;"'2025-11-12 08:00'";13;6;21;10;1;good
DEBB021;"'2025-11-12 09:00'";14;11;18;10;1;good
DEBB021;"'2025-11-12 10:00'";13;17;15;9;1;good
DEBB021;"'2025-11-12 11:00'";12;22;13;8;1;good
DEBB021;"'2025-11-12 12:00'";12;28;11;8;1;good
DEBB021;"'2025-11-12 13:00'";13;29;12;8;1;good
DEBB021;"'2025-11-12 14:00'";13;27;13;8;1;good
DEBB021;"'2025-11-12 15:00'";11;27;14;7;1;good
DEBB021;"'2025-11-12 16:00'";11;25;17;6;1;good
DEBB021;"'2025-11-12 17:00'";10;24;18;6;1;good
DEBB021;"'2025-11-12 18:00'";10;21;20;7;1;good
DEBB021;"'2025-11-12 19:00'";13;16;24;9;1;good
DEBB021;"'2025-11-12 20:00'";12;15;24;9;1;good
DEBB021;"'2025-11-12 21:00'";12;15;23;8;1;good
DEBB021;"'2025-11-12 22:00'";10;20;20;6;1;good
DEBB021;"'2025-11-12 23:00'";9;29;14;6;1;good
DEBB021;"'2025-11-12 24:00'";10;31;12;6;1;good
DEBB021;"'2025-11-13 01:00'";9;26;14;6;1;good
DEBB021;"'2025-11-13 02:00'";9;18;16;6;1;good
DEBB021;"'2025-11-13 03:00'";9;21;13;6;1;good
DEBB021;"'2025-11-13 04:00'";8;29;11;6;1;good
DEBB021;"'2025-11-13 05:00'";8;29;11;5;1;good
DEBB021;"'2025-11-13 06:00'";8;29;14;5;1;good
DEBB021;"'2025-11-13 07:00'";8;22;21;5;1;good
DEBB021;"'2025-11-13 08:00'";11;29;17;6;1;good
DEBB021;"'2025-11-13 09:00'";11;29;17;5;1;good
DEBB021;"'2025-11-13 10:00'";9;32;16;5;1;good
DEBB021;"'2025-11-13 11:00'";10;32;18;5;1;good
DEBB021;"'2025-11-13 12:00'";11;35;21;6;1;good
DEBB021;"'2025-11-13 13:00'";13;43;14;6;1;good
DEBB021;"'2025-11-13 14:00'";13;44;12;5;1;good
DEBB021;"'2025-11-13 15:00'";14;41;14;6;1;good
DEBB021;"'2025-11-13 16:00'";13;38;17;5;1;good
DEBB021;"'2025-11-13 17:00'";11;40;15;5;1;good
DEBB021;"'2025-11-13 18:00'";12;38;16;6;1;good
DEBB021;"'2025-11-13 19:00'";12;40;14;6;1;good
DEBB021;"'2025-11-13 20:00'";11;44;11;6;1;good
DEBB021;"'2025-11-13 21:00'";11;44;11;6;1;good
DEBB021;"'2025-11-13 22:00'";10;43;10;6;1;good
DEBB021;"'2025-11-13 23:00'";11;42;10;6;1;good
DEBB021;"'2025-11-13 24:00'";10;40;10;5;1;good
DEBB021;"'2025-11-14 01:00'";10;38;10;5;1;good
DEBB021;"'2025-11-14 02:00'";10;30;13;5;1;good
DEBB021;"'2025-11-14 03:00'";10;28;13;6;1;good
DEBB021;"'2025-11-14 04:00'";10;30;11;6;1;good
DEBB021;"'2025-11-14 05:00'";9;15;18;6;1;good
DEBB021;"'2025-11-14 06:00'";10;15;18;7;1;good
DEBB021;"'2025-11-14 07:00'";12;5;26;7;1;good
DEBB021;"'2025-11-14 08:00'";16;2;29;9;1;good
DEBB021;"'2025-11-14 09:00'";15;4;29;9;1;good
DEBB021;"'2025-11-14 10:00'";13;8;26;8;1;good
DEBB021;"'2025-11-14 11:00'";15;10;25;9;1;good
DEBB021;"'2025-11-14 12:00'";15;12;26;9;1;good
DEBB021;"'2025-11-14 13:00'";17;15;21;10;1;good
DEBB021;"'2025-11-14 14:00'";17;12;25;10;1;good
DEBB021;"'2025-11-14 15:00'";17;9;26;9;1;good
DEBB021;"'2025-11-14 16:00'";17;5;30;10;1;good
DEBB021;"'2025-11-14 17:00'";18;2;32;11;1;moderate
DEBB021;"'2025-11-14 18:00'";17;2;29;11;1;good
DEBB021;"'2025-11-14 19:00'";22;20;19;17;1;moderate
DEBB021;"'2025-11-14 20:00'";22;28;17;17;1;moderate
DEBB021;"'2025-11-14 21:00'";15;44;11;12;1;good
DEBB021;"'2025-11-14 22:00'";15;48;10;10;1;good
DEBB021;"'2025-11-14 23:00'";11;46;9;8;1;good
DEBB021;"'2025-11-14 24:00'";6;50;8;4;1;good
DEBB021;"'2025-11-15 01:00'";5;55;7;3;1;good
DEBB021;"'2025-11-15 02:00'";5;52;8;3;2;good
DEBB021;"'2025-11-15 03:00'";4;61;5;2;1;good
DEBB021;"'2025-11-15 04:00'";3;69;5;2;1;good
DEBB021;"'2025-11-15 05:00'";4;68;5;2;1;good
DEBB021;"'2025-11-15 06:00'";4;64;5;2;1;good
DEBB021;"'2025-11-15 07:00'";4;62;6;2;1;good
DEBB021;"'2025-11-15 08:00'";5;60;7;2;1;good
DEBB021;"'2025-11-15 09:00'";6;59;6;3;1;good
DEBB021;"'2025-11-15 10:00'";4;62;7;2;1;good
DEBB021;"'2025-11-15 11:00'";4;62;7;2;1;good
DEBB021;"'2025-11-15 12:00'";5;60;8;2;1;good
DEBB021;"'2025-11-15 13:00'";4;62;7;2;1;good
DEBB021;"'2025-11-15 14:00'";5;60;8;3;1;good
DEBB021;"'2025-11-15 15:00'";5;58;8;3;1;good
DEBB021;"'2025-11-15 16:00'";6;53;10;4;1;good
DEBB021;"'2025-11-15 17:00'";7;52;10;5;1;good
DEBB021;"'2025-11-15 18:00'";7;53;9;5;1;good
DEBB021;"'2025-11-15 19:00'";7;53;8;6;1;good
DEBB021;"'2025-11-15 20:00'";7;52;8;6;1;good
DEBB021;"'2025-11-15 21:00'";7;50;7;6;1;good
DEBB021;"'2025-11-15 22:00'";8;46;8;6;1;good
DEBB021;"'2025-11-15 23:00'";8;43;8;6;1;good
DEBB021;"'2025-11-15 24:00'";8;41;8;6;1;good
DEBB021;"'2025-11-16 01:00'";7;40;7;5;1;good
DEBB021;"'2025-11-16 02:00'";8;38;7;6;1;good
DEBB021;"'2025-11-16 03:00'";9;34;7;7;1;good
DEBB021;"'2025-11-16 04:00'";11;28;7;8;1;good
DEBB021;"'2025-11-16 05:00'";13;23;8;10;1;good
DEBB021;"'2025-11-16 06:00'";15;19;8;11;1;good
DEBB021;"'2025-11-16 07:00'";16;15;10;12;1;good
DEBB021;"'2025-11-16 08:00'";23;12;10;15;1;good
DEBB021;"'2025-11-16 09:00'";26;10;11;17;1;moderate
DEBB021;"'2025-11-16 10:00'";21;11;9;16;1;moderate
DEBB021;"'2025-11-16 11:00'";20;12;10;16;1;moderate
DEBB021;"'2025-11-16 12:00'";22;13;12;16;1;moderate
DEBB021;"'2025-11-16 13:00'";25;15;12;18;1;moderate
DEBB021;"'2025-11-16 14:00'";25;13;13;18;1;moderate
DEBB021;"'2025-11-16 15:00'";23;9;14;18;1;moderate
DEBB021;"'2025-11-16 16:00'";10;14;10;8;1;good
DEBB021;"'2025-11-16 17:00'";6;23;8;5;1;"very good"
DEBB021;"'2025-11-16 18:00'";4;28;7;3;1;good
DEBB021;"'2025-11-16 19:00'";4;27;8;3;1;good
DEBB021;"'2025-11-16 20:00'";5;27;7;3;1;good
DEBB021;"'2025-11-16 21:00'";5;29;7;4;1;good
DEBB021;"'2025-11-16 22:00'";6;34;6;4;1;good
DEBB021;"'2025-11-16 23:00'";8;34;7;5;1;good
DEBB021;"'2025-11-16 24:00'";10;39;6;8;1;good
DEBB021;"'2025-11-17 01:00'";11;44;5;8;1;good
DEBB021;"'2025-11-17 02:00'";10;42;6;7;1;good
DEBB021;"'2025-11-17 03:00'";10;38;7;7;1;good
DEBB021;"'2025-11-17 04:00'";10;36;9;7;1;good
DEBB021;"'2025-11-17 05:00'";9;35;15;7;1;good
DEBB021;"'2025-11-17 06:00'";10;39;9;7;1;good
DEBB021;"'2025-11-17 07:00'";9;38;14;7;1;good
DEBB021;"'2025-11-17 08:00'";12;43;12;8;1;good
DEBB021;"'2025-11-17 09:00'";13;42;13;8;1;good
DEBB021;"'2025-11-17 10:00'";13;41;10;8;1;good
DEBB021;"'2025-11-17 11:00'";11;44;9;8;1;good
DEBB021;"'2025-11-17 12:00'";11;48;9;8;1;good
DEBB021;"'2025-11-17 13:00'";12;54;9;7;1;good
DEBB021;"'2025-11-17 14:00'";11;60;7;6;1;good
DEBB021;"'2025-11-17 15:00'";14;56;8;8;1;good
DEBB021;"'2025-11-17 16:00'";17;51;10;9;1;good
DEBB021;"'2025-11-17 17:00'";8;63;11;5;1;good
DEBB021;"'2025-11-17 18:00'";6;57;12;4;1;good
DEBB021;"'2025-11-17 19:00'";6;52;12;4;1;good
DEBB021;"'2025-11-17 20:00'";9;48;10;6;1;good
DEBB021;"'2025-11-17 21:00'";7;47;9;5;1;good
DEBB021;"'2025-11-17 22:00'";8;47;7;5;1;good
DEBB021;"'2025-11-17 23:00'";7;47;7;4;1;good
DEBB021;"'2025-11-17 24:00'";6;46;7;3;1;good
DEBB021;"'2025-11-18 01:00'";6;42;8;3;1;good
DEBB021;"'2025-11-18 02:00'";6;43;7;3;1;good
DEBB021;"'2025-11-18 03:00'";6;45;7;3;1;good
DEBB021;"'2025-11-18 04:00'";6;46;8;3;1;good
DEBB021;"'2025-11-18 05:00'";7;46;8;4;1;good
DEBB021;"'2025-11-18 06:00'";7;47;9;4;1;good
DEBB021;"'2025-11-18 07:00'";8;43;12;5;1;good
DEBB021;"'2025-11-18 08:00'";10;41;14;6;1;good
DEBB021;"'2025-11-18 09:00'";12;41;14;6;1;good
DEBB021;"'2025-11-18 10:00'";11;45;12;6;1;good
DEBB021;"'2025-11-18 11:00'";14;52;10;7;1;good
DEBB021;"'2025-11-18 12:00'";15;52;11;7;1;good
DEBB021;"'2025-11-18 13:00'";14;52;13;7;1;good
DEBB021;"'2025-11-18 14:00'";14;53;12;7;1;good
DEBB021;"'2025-11-18 15:00'";13;50;14;7;1;good
DEBB021;"'2025-11-18 16:00'";10;52;13;6;1;good
DEBB021;"'2025-11-18 17:00'";9;48;15;5;1;good
DEBB021;"'2025-11-18 18:00'";7;48;10;5;1;good
DEBB021;"'2025-11-18 19:00'";9;43;11;6;1;good
DEBB021;"'2025-11-18 20:00'";10;40;10;8;1;good
DEBB021;"'2025-11-18 21:00'";11;41;10;8;1;good
DEBB021;"'2025-11-18 22:00'";11;43;9;8;1;good
DEBB021;"'2025-11-18 23:00'";10;45;8;6;1;good
DEBB021;"'2025-11-18 24:00'";9;47;7;6;1;good
DEBB021;"'2025-11-19 01:00'";8;46;7;5;1;good
DEBB021;"'2025-11-19 02:00'";7;48;6;5;1;good
DEBB021;"'2025-11-19 03:00'";8;48;6;6;1;good
DEBB021;"'2025-11-19 04:00'";8;47;6;7;1;good
DEBB021;"'2025-11-19 05:00'";9;45;6;7;1;good
DEBB021;"'2025-11-19 06:00'";9;41;7;7;1;good
DEBB021;"'2025-11-19 07:00'";9;41;8;7;1;good
DEBB021;"'2025-11-19 08:00'";10;35;12;7;1;good
DEBB021;"'2025-11-19 09:00'";11;29;18;8;1;good
DEBB021;"'2025-11-19 10:00'";11;37;12;8;1;good
DEBB021;"'2025-11-19 11:00'";12;38;12;9;2;good
DEBB021;"'2025-11-19 12:00'";11;40;10;8;1;good
DEBB021;"'2025-11-19 13:00'";12;44;11;8;1;good
DEBB021;"'2025-11-19 14:00'";10;45;11;8;1;good
DEBB021;"'2025-11-19 15:00'";11;37;20;8;2;good
DEBB021;"'2025-11-19 16:00'";9;44;13;7;1;good
DEBB021;"'2025-11-19 17:00'";8;45;14;6;1;good
DEBB021;"'2025-11-19 18:00'";9;41;15;7;1;good
DEBB021;"'2025-11-19 19:00'";8;42;14;6;1;good
DEBB021;"'2025-11-19 20:00'";9;41;12;7;1;good
DEBB021;"'2025-11-19 21:00'";9;39;11;7;1;good
DEBB021;"'2025-11-19 22:00'";10;37;10;7;1;good
DEBB021;"'2025-11-19 23:00'";12;31;11;9;1;good
DEBB021;"'2025-11-19 24:00'";11;37;10;8;1;good
DEBB021;"'2025-11-20 01:00'";10;40;8;8;1;good
DEBB021;"'2025-11-20 02:00'";9;42;8;7;1;good
DEBB021;"'2025-11-20 03:00'";9;40;9;8;1;good
DEBB021;"'2025-11-20 04:00'";10;39;9;8;1;good
DEBB021;"'2025-11-20 05:00'";10;39;7;8;1;good
DEBB021;"'2025-11-20 06:00'";12;37;8;10;1;good
DEBB021;"'2025-11-20 07:00'";13;33;10;11;1;good
DEBB021;"'2025-11-20 08:00'";14;28;13;12;1;good
DEBB021;"'2025-11-20 09:00'";14;26;14;12;1;good
DEBB021;"'2025-11-20 10:00'";13;29;14;10;1;good
DEBB021;"'2025-11-20 11:00'";10;28;16;8;1;good
DEBB021;"'2025-11-20 12:00'";6;28;13;4;1;good
DEBB021;"'2025-11-20 13:00'";6;29;11;4;1;good
DEBB021;"'2025-11-20 14:00'";6;29;12;4;1;good
DEBB021;"'2025-11-20 15:00'";7;47;10;5;1;good
DEBB021;"'2025-11-20 16:00'";5;60;8;3;1;good
DEBB021;"'2025-11-20 17:00'";4;54;8;3;1;good
DEBB021;"'2025-11-20 18:00'";5;51;9;3;1;good
DEBB021;"'2025-11-20 19:00'";7;45;11;5;1;good
DEBB021;"'2025-11-20 20:00'";8;40;14;6;1;good
DEBB021;"'2025-11-20 21:00'";8;43;11;6;1;good
DEBB021;"'2025-11-20 22:00'";7;42;9;5;1;good
DEBB021;"'2025-11-20 23:00'";7;37;12;5;1;good
DEBB021;"'2025-11-20 24:00'";9;34;12;6;1;good
DEBB021;"'2025-11-21 01:00'";10;31;12;7;1;good
DEBB021;"'2025-11-21 02:00'";10;30;12;8;1;good
DEBB021;"'2025-11-21 03:00'";11;29;13;9;1;good
DEBB021;"'2025-11-21 04:00'";11;26;13;9;1;good
DEBB021;"'2025-11-21 05:00'";12;25;14;10;1;good
DEBB021;"'2025-11-21 06:00'";13;22;17;10;1;good
DEBB021;"'2025-11-21 07:00'";13;17;22;10;1;good
DEBB021;"'2025-11-21 08:00'";16;16;24;12;1;good
DEBB021;"'2025-11-21 09:00'";22;14;29;17;1;moderate
DEBB021;"'2025-11-21 10:00'";18;24;22;14;1;good
DEBB021;"'2025-11-21 11:00'";14;33;15;10;1;good
DEBB021;"'2025-11-21 12:00'";13;39;12;9;1;good
DEBB021;"'2025-11-21 13:00'";13;43;11;9;1;good
DEBB021;"'2025-11-21 14:00'";13;45;10;9;1;good
DEBB021;"'2025-11-21 15:00'";10;47;10;7;1;good
DEBB021;"'2025-11-21 16:00'";10;46;13;6;1;good
DEBB021;"'2025-11-21 17:00'";12;34;21;8;1;good
DEBB021;"'2025-11-21 18:00'";11;25;29;7;1;good
DEBB021;"'2025-11-21 19:00'";13;18;33;10;1;moderate
DEBB021;"'2025-11-21 20:00'";14;18;33;11;1;moderate
DEBB021;"'2025-11-21 21:00'";14;20;33;11;1;moderate
DEBB021;"'2025-11-21 22:00'";13;21;30;10;1;good
DEBB021;"'2025-11-21 23:00'";11;25;25;8;1;good
DEBB021;"'2025-11-21 24:00'";12;23;22;9;1;good
DEBB021;"'2025-11-22 01:00'";11;17;26;9;1;good
DEBB021;"'2025-11-22 02:00'";11;18;22;9;1;good
DEBB021;"'2025-11-22 03:00'";12;13;27;10;1;good
DEBB021;"'2025-11-22 04:00'";14;14;27;11;1;good
DEBB021;"'2025-11-22 05:00'";13;16;24;11;1;good
DEBB021;"'2025-11-22 06:00'";15;19;17;12;1;good
DEBB021;"'2025-11-22 07:00'";16;21;19;13;1;good
DEBB021;"'2025-11-22 08:00'";17;16;22;14;1;good
DEBB021;"'2025-11-22 09:00'";16;13;23;13;1;good
DEBB021;"'2025-11-22 10:00'";17;21;19;14;1;good
DEBB021;"'2025-11-22 11:00'";16;27;16;13;1;good
DEBB021;"'2025-11-22 12:00'";15;35;15;12;1;good
DEBB021;"'2025-11-22 13:00'";15;45;14;12;1;good
DEBB021;"'2025-11-22 14:00'";17;49;14;13;2;good
DEBB021;"'2025-11-22 15:00'";15;48;18;11;2;good
DEBB021;"'2025-11-22 16:00'";14;46;18;10;1;good
DEBB021;"'2025-11-22 17:00'";13;36;23;10;1;good
DEBB021;"'2025-11-22 18:00'";15;37;20;12;1;good
DEBB021;"'2025-11-22 19:00'";15;33;22;13;1;good
DEBB021;"'2025-11-22 20:00'";16;34;20;13;1;good
DEBB021;"'2025-11-22 21:00'";16;37;15;13;1;good
DEBB021;"'2025-11-22 22:00'";15;36;16;13;1;good
DEBB021;"'2025-11-22 23:00'";15;30;19;13;1;good
DEBB021;"'2025-11-22 24:00'";14;33;17;12;1;good
DEBB021;"'2025-11-23 01:00'";17;24;21;14;1;good
DEBB021;"'2025-11-23 02:00'";16;22;20;14;1;good
DEBB021;"'2025-11-23 03:00'";15;22;17;13;1;good
DEBB021;"'2025-11-23 04:00'";15;23;16;12;1;good
DEBB021;"'2025-11-23 05:00'";14;25;15;12;1;good
DEBB021;"'2025-11-23 06:00'";14;28;12;12;1;good
DEBB021;"'2025-11-23 07:00'";15;27;13;12;1;good
DEBB021;"'2025-11-23 08:00'";16;26;15;13;1;good
DEBB021;"'2025-11-23 09:00'";16;28;13;14;1;good
DEBB021;"'2025-11-23 10:00'";16;29;14;14;1;good
DEBB021;"'2025-11-23 11:00'";15;35;12;13;1;good
DEBB021;"'2025-11-23 12:00'";14;40;11;11;1;good
DEBB021;"'2025-11-23 13:00'";13;43;13;10;1;good
DEBB021;"'2025-11-23 14:00'";11;51;11;8;1;good
DEBB021;"'2025-11-23 15:00'";9;55;9;6;1;good
DEBB021;"'2025-11-23 16:00'";10;52;12;6;1;good
DEBB021;"'2025-11-23 17:00'";10;47;17;6;1;good
DEBB021;"'2025-11-23 18:00'";11;46;17;8;1;good
DEBB021;"'2025-11-23 19:00'";12;41;20;9;1;good
DEBB021;"'2025-11-23 20:00'";11;43;18;8;1;good
DEBB021;"'2025-11-23 21:00'";13;38;20;10;1;good
DEBB021;"'2025-11-23 22:00'";13;36;20;11;1;good
DEBB021;"'2025-11-23 23:00'";14;35;18;11;1;good
DEBB021;"'2025-11-23 24:00'";15;36;13;13;1;good
DEBB021;"'2025-11-24 01:00'";17;37;12;15;1;good
DEBB021;"'2025-11-24 02:00'";18;37;12;15;1;good
DEBB021;"'2025-11-24 03:00'";15;41;10;13;1;good
DEBB021;"'2025-11-24 04:00'";14;42;10;12;1;good
DEBB021;"'2025-11-24 05:00'";14;41;10;12;1;good
DEBB021;"'2025-11-24 06:00'";13;41;11;11;1;good
DEBB021;"'2025-11-24 07:00'";13;38;13;11;1;good
DEBB021;"'2025-11-24 08:00'";14;32;18;11;1;good
DEBB021;"'2025-11-24 09:00'";14;30;17;12;1;good
DEBB021;"'2025-11-24 10:00'";14;29;18;12;1;good
DEBB021;"'2025-11-24 11:00'";18;31;16;13;1;good
DEBB021;"'2025-11-24 12:00'";16;33;15;12;1;good
DEBB021;"'2025-11-24 13:00'";15;32;15;12;1;good
DEBB021;"'2025-11-24 14:00'";14;33;16;12;1;good
DEBB021;"'2025-11-24 15:00'";14;34;17;11;1;good
DEBB021;"'2025-11-24 16:00'";13;35;18;10;1;good
DEBB021;"'2025-11-24 17:00'";12;25;26;10;1;good
DEBB021;"'2025-11-24 18:00'";13;17;32;11;1;moderate
DEBB021;"'2025-11-24 19:00'";13;13;36;10;1;moderate
DEBB021;"'2025-11-24 20:00'";12;14;32;10;1;moderate
DEBB021;"'2025-11-24 21:00'";13;20;19;10;1;good
DEBB021;"'2025-11-24 22:00'";14;19;19;12;1;good
DEBB021;"'2025-11-24 23:00'";16;18;19;13;1;good
DEBB021;"'2025-11-24 24:00'";16;18;18;14;1;good
DEBB021;"'2025-11-25 01:00'";16;17;18;14;1;good
DEBB021;"'2025-11-25 02:00'";18;13;21;15;1;good
DEBB021;"'2025-11-25 03:00'";19;10;23;17;1;moderate
DEBB021;"'2025-11-25 04:00'";18;13;20;16;1;moderate
DEBB021;"'2025-11-25 05:00'";18;9;23;16;1;moderate
DEBB021;"'2025-11-25 06:00'";19;6;23;17;1;moderate
DEBB021;"'2025-11-25 07:00'";20;5;25;18;1;moderate
DEBB021;"'2025-11-25 08:00'";21;3;28;18;2;moderate
DEBB021;"'2025-11-25 09:00'";22;4;27;19;2;moderate
DEBB021;"'2025-11-25 10:00'";22;9;25;19;2;moderate
DEBB021;"'2025-11-25 11:00'";21;13;22;19;2;moderate
DEBB021;"'2025-11-25 12:00'";22;16;24;19;2;moderate
DEBB021;"'2025-11-25 13:00'";21;17;21;18;1;moderate
DEBB021;"'2025-11-25 14:00'";20;14;28;17;2;moderate
DEBB021;"'2025-11-25 15:00'";22;9;33;18;2;moderate
DEBB021;"'2025-11-25 16:00'";26;4;35;21;3;moderate
DEBB021;"'2025-11-25 17:00'";25;2;35;21;2;moderate
DEBB021;"'2025-11-25 18:00'";22;5;35;19;2;moderate
DEBB021;"'2025-11-25 19:00'";22;5;35;19;1;moderate
DEBB021;"'2025-11-25 20:00'";26;7;34;23;1;moderate
DEBB021;"'2025-11-25 21:00'";28;10;28;26;2;moderate
DEBB021;"'2025-11-25 22:00'";30;12;27;27;2;moderate
DEBB021;"'2025-11-25 23:00'";32;15;21;29;2;moderate
DEBB021;"'2025-11-25 24:00'";34;12;22;31;2;poor
DEBB021;"'2025-11-26 01:00'";31;24;18;28;2;moderate
DEBB021;"'2025-11-26 02:00'";21;39;11;19;2;moderate
DEBB021;"'2025-11-26 03:00'";25;29;12;23;1;moderate
DEBB021;"'2025-11-26 04:00'";27;29;11;25;1;moderate
DEBB021;"'2025-11-26 05:00'";28;24;12;26;1;moderate
DEBB021;"'2025-11-26 06:00'";27;24;13;25;1;moderate
DEBB021;"'2025-11-26 07:00'";24;29;12;22;1;moderate
DEBB021;"'2025-11-26 08:00'";24;22;18;22;1;moderate
DEBB021;"'2025-11-26 09:00'";23;18;21;21;1;moderate
DEBB021;"'2025-11-26 10:00'";22;21;20;19;1;moderate
DEBB021;"'2025-11-26 11:00'";20;26;18;16;1;moderate
DEBB021;"'2025-11-26 12:00'";17;34;15;14;1;good
DEBB021;"'2025-11-26 13:00'";14;35;14;12;1;good
DEBB021;"'2025-11-26 14:00'";15;37;13;12;1;good
DEBB021;"'2025-11-26 15:00'";13;36;14;11;1;good
DEBB021;"'2025-11-26 16:00'";14;37;14;11;1;good
DEBB021;"'2025-11-26 17:00'";13;36;17;10;1;good
DEBB021;"'2025-11-26 18:00'";16;35;19;13;1;good
DEBB021;"'2025-11-26 19:00'";16;36;17;14;1;good
DEBB021;"'2025-11-26 20:00'";16;38;13;14;1;good
DEBB021;"'2025-11-26 21:00'";15;37;11;13;1;good
DEBB021;"'2025-11-26 22:00'";16;36;11;14;1;good
DEBB021;"'2025-11-26 23:00'";14;36;9;12;1;good
DEBB021;"'2025-11-26 24:00'";14;32;12;12;1;good
DEBB021;"'2025-11-27 01:00'";15;26;16;13;1;good
DEBB021;"'2025-11-27 02:00'";15;29;12;12;1;good
DEBB021;"'2025-11-27 03:00'";14;34;10;12;1;good
DEBB021;"'2025-11-27 04:00'";17;32;10;15;1;good
DEBB021;"'2025-11-27 05:00'";20;31;11;18;1;moderate
DEBB021;"'2025-11-27 06:00'";20;28;14;18;1;moderate
DEBB021;"'2025-11-27 07:00'";17;30;16;14;1;good
DEBB021;"'2025-11-27 08:00'";16;28;19;13;1;good
DEBB021;"'2025-11-27 09:00'";15;25;22;12;1;good
DEBB021;"'2025-11-27 10:00'";14;32;17;11;1;good
DEBB021;"'2025-11-27 11:00'";13;38;14;10;1;good
DEBB021;"'2025-11-27 12:00'";15;42;14;11;1;good
DEBB021;"'2025-11-27 13:00'";17;47;12;10;1;good
DEBB021;"'2025-11-27 14:00'";17;45;13;11;1;good
DEBB021;"'2025-11-27 15:00'";15;45;13;9;1;good
DEBB021;"'2025-11-27 16:00'";13;40;15;9;1;good
DEBB021;"'2025-11-27 17:00'";13;36;18;9;1;good
DEBB021;"'2025-11-27 18:00'";12;42;13;8;1;good
DEBB021;"'2025-11-27 19:00'";11;42;12;8;1;good
DEBB021;"'2025-11-27 20:00'";13;40;13;9;1;good
DEBB021;"'2025-11-27 21:00'";12;38;13;10;1;good
DEBB021;"'2025-11-27 22:00'";12;36;14;10;1;good
DEBB021;"'2025-11-27 23:00'";12;36;12;9;1;good
DEBB021;"'2025-11-27 24:00'";11;37;11;9;1;good
DEBB021;"'2025-11-28 01:00'";11;37;10;9;1;good
DEBB021;"'2025-11-28 02:00'";11;37;9;9;1;good
DEBB021;"'2025-11-28 03:00'";11;38;9;9;1;good
DEBB021;"'2025-11-28 04:00'";12;36;9;10;1;good
DEBB021;"'2025-11-28 05:00'";13;35;9;11;1;good
DEBB021;"'2025-11-28 06:00'";11;35;9;10;1;good
DEBB021;"'2025-11-28 07:00'";10;33;11;8;1;good
DEBB021;"'2025-11-28 08:00'";10;30;13;8;1;good
DEBB021;"'2025-11-28 09:00'";9;30;14;7;1;good
DEBB021;"'2025-11-28 10:00'";9;32;13;7;1;good
DEBB021;"'2025-11-28 11:00'";9;32;14;7;1;good
DEBB021;"'2025-11-28 12:00'";9;30;17;7;1;good
DEBB021;"'2025-11-28 13:00'";9;30;16;6;1;good
DEBB021;"'2025-11-28 14:00'";8;32;15;5;1;good
DEBB021;"'2025-11-28 15:00'";7;33;15;5;1;good
DEBB021;"'2025-11-28 16:00'";8;30;16;5;1;good
DEBB021;"'2025-11-28 17:00'";8;26;19;5;1;good
DEBB021;"'2025-11-28 18:00'";10;21;22;7;1;good
DEBB021;"'2025-11-28 19:00'";9;23;20;6;1;good
DEBB021;"'2025-11-28 20:00'";9;28;16;6;1;good
DEBB021;"'2025-11-28 21:00'";9;27;15;7;1;good
DEBB021;"'2025-11-28 22:00'";9;22;17;7;1;good
DEBB021;"'2025-11-28 23:00'";9;22;17;6;1;good
DEBB021;"'2025-11-28 24:00'";8;22;14;6;1;good
DEBB021;"'2025-11-29 01:00'";8;21;14;6;1;good
DEBB021;"'2025-11-29 02:00'";8;23;12;6;1;good
DEBB021;"'2025-11-29 03:00'";8;23;11;6;1;good
DEBB021;"'2025-11-29 04:00'";9;23;10;7;1;good
DEBB021;"'2025-11-29 05:00'";9;21;10;7;1;good
DEBB021;"'2025-11-29 06:00'";9;19;11;7;1;good
DEBB021;"'2025-11-29 07:00'";8;17;12;7;1;good
DEBB021;"'2025-11-29 08:00'";9;9;18;7;1;good
DEBB021;"'2025-11-29 09:00'";10;6;21;8;1;good
DEBB021;"'2025-11-29 10:00'";11;4;23;8;1;good
DEBB021;"'2025-11-29 11:00'";12;7;24;10;1;good
DEBB021;"'2025-11-29 12:00'";12;13;17;9;1;good
DEBB021;"'2025-11-29 13:00'";13;14;17;10;1;good
DEBB021;"'2025-11-29 14:00'";14;14;16;11;1;good
DEBB021;"'2025-11-29 15:00'";16;15;14;13;1;good
DEBB021;"'2025-11-29 16:00'";14;12;17;11;1;good
DEBB021;"'2025-11-29 17:00'";15;9;21;12;1;good
DEBB021;"'2025-11-29 18:00'";14;12;17;11;1;good
DEBB021;"'2025-11-29 19:00'";14;12;16;11;1;good
DEBB021;"'2025-11-29 20:00'";14;13;15;12;1;good
DEBB021;"'2025-11-29 21:00'";15;12;14;12;1;good
DEBB021;"'2025-11-29 22:00'";14;13;13;11;1;good
DEBB021;"'2025-11-29 23:00'";12;14;13;10;1;good
DEBB021;"'2025-11-29 24:00'";12;15;12;10;1;good
DEBB021;"'2025-11-30 01:00'";13;14;11;10;1;good
DEBB021;"'2025-11-30 02:00'";13;13;12;10;1;good
DEBB021;"'2025-11-30 03:00'";14;12;12;11;1;good
DEBB021;"'2025-11-30 04:00'";14;12;13;11;1;good
DEBB021;"'2025-11-30 05:00'";13;14;14;11;1;good
DEBB021;"'2025-11-30 06:00'";12;16;14;9;1;good
DEBB021;"'2025-11-30 07:00'";10;22;11;8;1;good
DEBB021;"'2025-11-30 08:00'";9;26;10;7;1;good
DEBB021;"'2025-11-30 09:00'";8;26;10;6;1;good
DEBB021;"'2025-11-30 10:00'";9;26;10;6;1;good
DEBB021;"'2025-11-30 11:00'";8;28;12;6;1;good
DEBB021;"'2025-11-30 12:00'";9;32;11;6;1;good
DEBB021;"'2025-11-30 13:00'";9;35;10;6;1;good
DEBB021;"'2025-11-30 14:00'";9;31;11;6;1;good
DEBB021;"'2025-11-30 15:00'";9;26;15;6;1;good
DEBB021;"'2025-11-30 16:00'";9;23;15;6;1;good
DEBB021;"'2025-11-30 17:00'";10;16;19;7;1;good
DEBB021;"'2025-11-30 18:00'";10;18;18;8;1;good
DEBB021;"'2025-11-30 19:00'";10;26;17;7;1;good
DEBB021;"'2025-11-30 20:00'";10;25;16;8;1;good
DEBB021;"'2025-11-30 21:00'";9;27;20;6;1;good
DEBB021;"'2025-11-30 22:00'";9;29;16;6;1;good
DEBB021;"'2025-11-30 23:00'";-;-;-;-;-;-;
DEBB021;"'2025-11-30 24:00'";-;-;-;-;-;-;
DEBB021;"'2025-12-01 01:00'";-;-;-;-;-;-;
DEBB021;"'2025-12-01 02:00'";-;-;-;-;-;-;
DEBB021;"'2025-12-01 03:00'";-;-;-;-;-;-;
DEBB021;"'2025-12-01 04:00'";-;-;-;-;-;-;
DEBB021;"'2025-12-01 05:00'";-;-;-;-;-;-;
DEBB021;"'2025-12-01 06:00'";-;-;-;-;-;-;
DEBB021;"'2025-12-01 07:00'";-;-;-;-;-;-;
DEBB021;"'2025-12-01 08:00'";-;-;-;-;-;-;
DEBB021;"'2025-12-01 09:00'";-;-;-;-;-;-;
DEBB021;"'2025-12-01 10:00'";-;-;-;-;-;-;
DEBB021;"'2025-12-01 11:00'";-;-;-;-;-;-;
DEBB021;"'2025-12-01 12:00'";-;-;-;-;-;-;
DEBB021;"'2025-12-01 13:00'";-;-;-;-;-;-;
DEBB021;"'2025-12-01 14:00'";-;-;-;-;-;-;
DEBB021;"'2025-12-01 15:00'";-;-;-;-;-;-;
DEBB021;"'2025-12-01 16:00'";-;-;-;-;-;-;
DEBB021;"'2025-12-01 17:00'";-;-;-;-;-;-;
DEBB021;"'2025-12-01 18:00'";-;-;-;-;-;-;
DEBB021;"'2025-12-01 19:00'";-;-;-;-;-;-;
DEBB021;"'2025-12-01 20:00'";-;-;-;-;-;-;
DEBB021;"'2025-12-01 21:00'";-;-;-;-;-;-;
DEBB021;"'2025-12-01 22:00'";-;-;-;-;-;-;
DEBB021;"'2025-12-01 23:00'";-;-;-;-;-;-;
DEBB021;"'2025-12-01 24:00'";-;-;-;-;-;-;
DEBB021;"'2025-12-02 01:00'";-;-;-;-;-;-;
DEBB021;"'2025-12-02 02:00'";-;-;-;-;-;-;
DEBB021;"'2025-12-02 03:00'";-;-;-;-;-;-;
DEBB021;"'2025-12-02 04:00'";-;-;-;-;-;-;
DEBB021;"'2025-12-02 05:00'";-;-;-;-;-;-;
DEBB021;"'2025-12-02 06:00'";-;-;-;-;-;-;
DEBB021;"'2025-12-02 07:00'";-;-;-;-;-;-;
DEBB021;"'2025-12-02 08:00'";-;-;-;-;-;-;
DEBB021;"'2025-12-02 09:00'";-;-;-;-;-;-;
DEBB021;"'2025-12-02 10:00'";-;-;-;-;-;-;
DEBB021;"'2025-12-02 11:00'";-;-;-;-;-;-;
DEBB021;"'2025-12-02 12:00'";-;-;-;-;-;-;
DEBB021;"'2025-12-02 13:00'";-;-;-;-;-;-;
DEBB021;"'2025-12-02 14:00'";-;-;-;-;-;-;
DEBB021;"'2025-12-02 15:00'";-;-;-;-;-;-;
DEBB021;"'2025-12-02 16:00'";-;-;-;-;-;-;
DEBB021;"'2025-12-02 17:00'";-;-;-;-;-;-;
DEBB021;"'2025-12-02 18:00'";-;-;-;-;-;-;
DEBB021;"'2025-12-02 19:00'";-;-;-;-;-;-;
DEBB021;"'2025-12-02 20:00'";-;-;-;-;-;-;
DEBB021;"'2025-12-02 21:00'";-;-;-;-;-;-;
DEBB021;"'2025-12-02 22:00'";-;-;-;-;-;-;
DEBB021;"'2025-12-02 23:00'";-;-;-;-;-;-;
DEBB021;"'2025-12-02 24:00'";-;-;-;-;-;-;
DEBB021;"'2025-12-03 01:00'";-;-;-;-;-;-;
DEBB021;"'2025-12-03 02:00'";-;-;-;-;-;-;
DEBB021;"'2025-12-03 03:00'";-;-;-;-;-;-;
DEBB021;"'2025-12-03 04:00'";-;-;-;-;-;-;
DEBB021;"'2025-12-03 05:00'";-;-;-;-;-;-;
DEBB021;"'2025-12-03 06:00'";-;-;-;-;-;-;
DEBB021;"'2025-12-03 07:00'";-;-;-;-;-;-;
DEBB021;"'2025-12-03 08:00'";-;-;-;-;-;-;
DEBB021;"'2025-12-03 09:00'";-;-;-;-;-;-;
DEBB021;"'2025-12-03 10:00'";-;-;-;-;-;-;
DEBB021;"'2025-12-03 11:00'";-;-;-;-;-;-;
DEBB021;"'2025-12-03 12:00'";-;-;-;-;-;-;
DEBB021;"'2025-12-03 13:00'";-;-;-;-;-;-;
DEBB021;"'2025-12-03 14:00'";-;-;-;-;-;-;
DEBB021;"'2025-12-03 15:00'";-;-;-;-;-;-;
DEBB021;"'2025-12-03 16:00'";-;-;-;-;-;-;
DEBB021;"'2025-12-03 17:00'";-;-;-;-;-;-;
DEBB021;"'2025-12-03 18:00'";-;-;-;-;-;-;
DEBB021;"'2025-12-03 19:00'";-;-;-;-;-;-;
DEBB021;"'2025-12-03 20:00'";-;-;-;-;-;-;
DEBB021;"'2025-12-03 21:00'";-;-;-;-;-;-;
DEBB021;"'2025-12-03 22:00'";-;-;-;-;-;-;
DEBB021;"'2025-12-03 23:00'";-;-;-;-;-;-;
DEBB021;"'2025-12-03 24:00'";-;-;-;-;-;-;
DEBB021;"'2025-12-04 01:00'";-;-;-;-;-;-;
DEBB021;"'2025-12-04 02:00'";-;-;-;-;-;-;
DEBB021;"'2025-12-04 03:00'";-;-;-;-;-;-;
DEBB021;"'2025-12-04 04:00'";-;-;-;-;-;-;
DEBB021;"'2025-12-04 05:00'";-;-;-;-;-;-;
DEBB021;"'2025-12-04 06:00'";-;-;-;-;-;-;
DEBB021;"'2025-12-04 07:00'";-;-;-;-;-;-;
DEBB021;"'2025-12-04 08:00'";-;-;-;-;-;-;
DEBB021;"'2025-12-04 09:00'";-;-;-;-;-;-;
DEBB021;"'2025-12-04 10:00'";-;-;-;-;-;-;
DEBB021;"'2025-12-04 11:00'";-;-;-;-;-;-;
DEBB021;"'2025-12-04 12:00'";-;-;-;-;-;-;
DEBB021;"'2025-12-04 13:00'";-;-;-;-;-;-;
DEBB021;"'2025-12-04 14:00'";-;-;-;-;-;-;
DEBB021;"'2025-12-04 15:00'";-;-;-;-;-;-;
DEBB021;"'2025-12-04 16:00'";-;-;-;-;-;-;
DEBB021;"'2025-12-04 17:00'";-;-;-;-;-;-;
DEBB021;"'2025-12-04 18:00'";-;-;-;-;-;-;
DEBB021;"'2025-12-04 19:00'";-;-;-;-;-;-;
DEBB021;"'2025-12-04 20:00'";-;-;-;-;-;-;
DEBB021;"'2025-12-04 21:00'";-;-;-;-;-;-;
DEBB021;"'2025-12-04 22:00'";-;-;-;-;-;-;
DEBB021;"'2025-12-04 23:00'";-;-;-;-;-;-;
DEBB021;"'2025-12-04 24:00'";-;-;-;-;-;-;
DEBB021;"'2025-12-05 01:00'";-;-;-;-;-;-;
DEBB021;"'2025-12-05 02:00'";-;-;-;-;-;-;
DEBB021;"'2025-12-05 03:00'";-;-;-;-;-;-;
DEBB021;"'2025-12-05 04:00'";-;-;-;-;-;-;
DEBB021;"'2025-12-05 05:00'";-;-;-;-;-;-;
DEBB021;"'2025-12-05 06:00'";-;-;-;-;-;-;
DEBB021;"'2025-12-05 07:00'";-;-;-;-;-;-;
DEBB021;"'2025-12-05 08:00'";-;-;-;-;-;-;
DEBB021;"'2025-12-05 09:00'";-;-;-;-;-;-;
DEBB021;"'2025-12-05 10:00'";-;-;-;-;-;-;
DEBB021;"'2025-12-05 11:00'";-;-;-;-;-;-;
DEBB021;"'2025-12-05 12:00'";-;-;-;-;-;-;
DEBB021;"'2025-12-05 13:00'";-;-;-;-;-;-;
DEBB021;"'2025-12-05 14:00'";-;-;-;-;-;-;
DEBB021;"'2025-12-05 15:00'";-;-;-;-;-;-;
DEBB021;"'2025-12-05 16:00'";-;-;-;-;-;-;
DEBB021;"'2025-12-05 17:00'";-;-;-;-;-;-;
DEBB021;"'2025-12-05 18:00'";-;-;-;-;-;-;
DEBB021;"'2025-12-05 19:00'";-;-;-;-;-;-;
DEBB021;"'2025-12-05 20:00'";-;-;-;-;-;-;
DEBB021;"'2025-12-05 21:00'";-;-;-;-;-;-;
DEBB021;"'2025-12-05 22:00'";-;-;-;-;-;-;
DEBB021;"'2025-12-05 23:00'";-;-;-;-;-;-;
DEBB021;"'2025-12-05 24:00'";-;-;-;-;-;-;
DEBB021;"'2025-12-06 01:00'";-;-;-;-;-;-;
DEBB021;"'2025-12-06 02:00'";-;-;-;-;-;-;
DEBB021;"'2025-12-06 03:00'";-;-;-;-;-;-;
DEBB021;"'2025-12-06 04:00'";-;-;-;-;-;-;
DEBB021;"'2025-12-06 05:00'";-;-;-;-;-;-;
DEBB021;"'2025-12-06 06:00'";-;-;-;-;-;-;
DEBB021;"'2025-12-06 07:00'";-;-;-;-;-;-;
DEBB021;"'2025-12-06 08:00'";-;-;-;-;-;-;
DEBB021;"'2025-12-06 09:00'";-;-;-;-;-;-;
DEBB021;"'2025-12-06 10:00'";-;-;-;-;-;-;
DEBB021;"'2025-12-06 11:00'";-;-;-;-;-;-;
DEBB021;"'2025-12-06 12:00'";-;-;-;-;-;-;
DEBB021;"'2025-12-06 13:00'";-;-;-;-;-;-;
DEBB021;"'2025-12-06 14:00'";-;-;-;-;-;-;
DEBB021;"'2025-12-06 15:00'";-;-;-;-;-;-;
DEBB021;"'2025-12-06 16:00'";-;-;-;-;-;-;
DEBB021;"'2025-12-06 17:00'";-;-;-;-;-;-;
DEBB021;"'2025-12-06 18:00'";-;-;-;-;-;-;
DEBB021;"'2025-12-06 19:00'";-;-;-;-;-;-;
DEBB021;"'2025-12-06 20:00'";-;-;-;-;-;-;
DEBB021;"'2025-12-06 21:00'";-;-;-;-;-;-;
DEBB021;"'2025-12-06 22:00'";-;-;-;-;-;-;
DEBB021;"'2025-12-06 23:00'";-;-;-;-;-;-;
DEBB021;"'2025-12-06 24:00'";-;-;-;-;-;-;
DEBB021;"'2025-12-07 01:00'";-;-;-;-;-;-;
DEBB021;"'2025-12-07 02:00'";-;-;-;-;-;-;
DEBB021;"'2025-12-07 03:00'";-;-;-;-;-;-;
DEBB021;"'2025-12-07 04:00'";-;-;-;-;-;-;
DEBB021;"'2025-12-07 05:00'";-;-;-;-;-;-;
DEBB021;"'2025-12-07 06:00'";-;-;-;-;-;-;
DEBB021;"'2025-12-07 07:00'";-;-;-;-;-;-;
DEBB021;"'2025-12-07 08:00'";-;-;-;-;-;-;
DEBB021;"'2025-12-07 09:00'";-;-;-;-;-;-;
DEBB021;"'2025-12-07 10:00'";-;-;-;-;-;-;
DEBB021;"'2025-12-07 11:00'";-;-;-;-;-;-;
DEBB021;"'2025-12-07 12:00'";-;-;-;-;-;-;
DEBB021;"'2025-12-07 13:00'";-;-;-;-;-;-;
DEBB021;"'2025-12-07 14:00'";-;-;-;-;-;-;
DEBB021;"'2025-12-07 15:00'";-;-;-;-;-;-;
DEBB021;"'2025-12-07 16:00'";-;-;-;-;-;-;
DEBB021;"'2025-12-07 17:00'";-;-;-;-;-;-;
DEBB021;"'2025-12-07 18:00'";-;-;-;-;-;-;
DEBB021;"'2025-12-07 19:00'";-;-;-;-;-;-;
DEBB021;"'2025-12-07 20:00'";-;-;-;-;-;-;
DEBB021;"'2025-12-07 21:00'";-;-;-;-;-;-;
DEBB021;"'2025-12-07 22:00'";-;-;-;-;-;-;
DEBB021;"'2025-12-07 23:00'";-;-;-;-;-;-;
DEBB021;"'2025-12-07 24:00'";-;-;-;-;-;-;
DEBB021;"'2025-12-08 01:00'";-;-;-;-;-;-;
DEBB021;"'2025-12-08 02:00'";-;-;-;-;-;-;
DEBB021;"'2025-12-08 03:00'";-;-;-;-;-;-;
DEBB021;"'2025-12-08 04:00'";-;-;-;-;-;-;
DEBB021;"'2025-12-08 05:00'";-;-;-;-;-;-;
DEBB021;"'2025-12-08 06:00'";-;-;-;-;-;-;
DEBB021;"'2025-12-08 07:00'";-;-;-;-;-;-;
DEBB021;"'2025-12-08 08:00'";-;-;-;-;-;-;
DEBB021;"'2025-12-08 09:00'";-;-;-;-;-;-;
DEBB021;"'2025-12-08 10:00'";-;-;-;-;-;-;
DEBB021;"'2025-12-08 11:00'";-;-;-;-;-;-;
DEBB021;"'2025-12-08 12:00'";-;-;-;-;-;-;
DEBB021;"'2025-12-08 13:00'";-;-;-;-;-;-;
DEBB021;"'2025-12-08 14:00'";-;-;-;-;-;-;
DEBB021;"'2025-12-08 15:00'";-;-;-;-;-;-;
DEBB021;"'2025-12-08 16:00'";-;-;-;-;-;-;
DEBB021;"'2025-12-08 17:00'";-;-;-;-;-;-;
DEBB021;"'2025-12-08 18:00'";-;-;-;-;-;-;
DEBB021;"'2025-12-08 19:00'";-;-;-;-;-;-;
DEBB021;"'2025-12-08 20:00'";-;-;-;-;-;-;
DEBB021;"'2025-12-08 21:00'";-;-;-;-;-;-;
DEBB021;"'2025-12-08 22:00'";-;-;-;-;-;-;
DEBB021;"'2025-12-08 23:00'";-;-;-;-;-;-;
DEBB021;"'2025-12-08 24:00'";-;-;-;-;-;-;
DEBB021;"'2025-12-09 01:00'";-;-;-;-;-;-;
DEBB021;"'2025-12-09 02:00'";-;-;-;-;-;-;
DEBB021;"'2025-12-09 03:00'";-;-;-;-;-;-;
DEBB021;"'2025-12-09 04:00'";-;-;-;-;-;-;
DEBB021;"'2025-12-09 05:00'";-;-;-;-;-;-;
DEBB021;"'2025-12-09 06:00'";-;-;-;-;-;-;
DEBB021;"'2025-12-09 07:00'";-;-;-;-;-;-;
DEBB021;"'2025-12-09 08:00'";-;-;-;-;-;-;
DEBB021;"'2025-12-09 09:00'";-;-;-;-;-;-;
DEBB021;"'2025-12-09 10:00'";-;-;-;-;-;-;
DEBB021;"'2025-12-09 11:00'";-;-;-;-;-;-;
DEBB021;"'2025-12-09 12:00'";-;-;-;-;-;-;
DEBB021;"'2025-12-09 13:00'";-;-;-;-;-;-;
DEBB021;"'2025-12-09 14:00'";-;-;-;-;-;-;
DEBB021;"'2025-12-09 15:00'";-;-;-;-;-;-;
DEBB021;"'2025-12-09 16:00'";-;-;-;-;-;-;
DEBB021;"'2025-12-09 17:00'";-;-;-;-;-;-;
DEBB021;"'2025-12-09 18:00'";-;-;-;-;-;-;
DEBB021;"'2025-12-09 19:00'";-;-;-;-;-;-;
DEBB021;"'2025-12-09 20:00'";-;-;-;-;-;-;
DEBB021;"'2025-12-09 21:00'";-;-;-;-;-;-;
DEBB021;"'2025-12-09 22:00'";-;-;-;-;-;-;
DEBB021;"'2025-12-09 23:00'";-;-;-;-;-;-;
DEBB021;"'2025-12-09 24:00'";-;-;-;-;-;-;
DEBB021;"'2025-12-10 01:00'";-;-;-;-;-;-;
DEBB021;"'2025-12-10 02:00'";-;-;-;-;-;-;
DEBB021;"'2025-12-10 03:00'";-;-;-;-;-;-;
DEBB021;"'2025-12-10 04:00'";-;-;-;-;-;-;
DEBB021;"'2025-12-10 05:00'";-;-;-;-;-;-;
DEBB021;"'2025-12-10 06:00'";-;-;-;-;-;-;
DEBB021;"'2025-12-10 07:00'";-;-;-;-;-;-;
DEBB021;"'2025-12-10 08:00'";-;-;-;-;-;-;
DEBB021;"'2025-12-10 09:00'";-;-;-;-;-;-;
DEBB021;"'2025-12-10 10:00'";-;-;-;-;-;-;
DEBB021;"'2025-12-10 11:00'";-;-;-;-;-;-;
DEBB021;"'2025-12-10 12:00'";-;-;-;-;-;-;
DEBB021;"'2025-12-10 13:00'";-;-;-;-;-;-;
DEBB021;"'2025-12-10 14:00'";-;-;-;-;-;-;
DEBB021;"'2025-12-10 15:00'";-;-;-;-;-;-;
DEBB021;"'2025-12-10 16:00'";-;-;-;-;-;-;
DEBB021;"'2025-12-10 17:00'";-;-;-;-;-;-;
DEBB021;"'2025-12-10 18:00'";-;-;-;-;-;-;
DEBB021;"'2025-12-10 19:00'";-;-;-;-;-;-;
DEBB021;"'2025-12-10 20:00'";-;-;-;-;-;-;
DEBB021;"'2025-12-10 21:00'";-;-;-;-;-;-;
DEBB021;"'2025-12-10 22:00'";-;-;-;-;-;-;
DEBB021;"'2025-12-10 23:00'";-;-;-;-;-;-;
DEBB021;"'2025-12-10 24:00'";-;-;-;-;-;-;
DEBB021;"'2025-12-11 01:00'";-;-;-;-;-;-;
DEBB021;"'2025-12-11 02:00'";-;-;-;-;-;-;
DEBB021;"'2025-12-11 03:00'";-;-;-;-;-;-;
DEBB021;"'2025-12-11 04:00'";-;-;-;-;-;-;
DEBB021;"'2025-12-11 05:00'";-;-;-;-;-;-;
DEBB021;"'2025-12-11 06:00'";-;-;-;-;-;-;
DEBB021;"'2025-12-11 07:00'";-;-;-;-;-;-;
DEBB021;"'2025-12-11 08:00'";-;-;-;-;-;-;
DEBB021;"'2025-12-11 09:00'";-;-;-;-;-;-;
DEBB021;"'2025-12-11 10:00'";-;-;-;-;-;-;
DEBB021;"'2025-12-11 11:00'";-;-;-;-;-;-;
DEBB021;"'2025-12-11 12:00'";-;-;-;-;-;-;
DEBB021;"'2025-12-11 13:00'";-;-;-;-;-;-;
DEBB021;"'2025-12-11 14:00'";-;-;-;-;-;-;
DEBB021;"'2025-12-11 15:00'";-;-;-;-;-;-;
DEBB021;"'2025-12-11 16:00'";-;-;-;-;-;-;
DEBB021;"'2025-12-11 17:00'";-;-;-;-;-;-;
DEBB021;"'2025-12-11 18:00'";-;-;-;-;-;-;
DEBB021;"'2025-12-11 19:00'";-;-;-;-;-;-;
DEBB021;"'2025-12-11 20:00'";-;-;-;-;-;-;
DEBB021;"'2025-12-11 21:00'";-;-;-;-;-;-;
DEBB021;"'2025-12-11 22:00'";-;-;-;-;-;-;
DEBB021;"'2025-12-11 23:00'";-;-;-;-;-;-;
DEBB021;"'2025-12-11 24:00'";-;-;-;-;-;-;
DEBB021;"'2025-12-12 01:00'";-;-;-;-;-;-;
DEBB021;"'2025-12-12 02:00'";-;-;-;-;-;-;
DEBB021;"'2025-12-12 03:00'";-;-;-;-;-;-;
DEBB021;"'2025-12-12 04:00'";-;-;-;-;-;-;
DEBB021;"'2025-12-12 05:00'";-;-;-;-;-;-;
DEBB021;"'2025-12-12 06:00'";-;-;-;-;-;-;
DEBB021;"'2025-12-12 07:00'";-;-;-;-;-;-;
DEBB021;"'2025-12-12 08:00'";-;-;-;-;-;-;
DEBB021;"'2025-12-12 09:00'";-;-;-;-;-;-;
DEBB021;"'2025-12-12 10:00'";-;-;-;-;-;-;
DEBB021;"'2025-12-12 11:00'";-;-;-;-;-;-;
DEBB021;"'2025-12-12 12:00'";-;-;-;-;-;-;
DEBB021;"'2025-12-12 13:00'";-;-;-;-;-;-;
DEBB021;"'2025-12-12 14:00'";-;-;-;-;-;-;
DEBB021;"'2025-12-12 15:00'";-;-;-;-;-;-;
DEBB021;"'2025-12-12 16:00'";-;-;-;-;-;-;
DEBB021;"'2025-12-12 17:00'";-;-;-;-;-;-;
DEBB021;"'2025-12-12 18:00'";-;-;-;-;-;-;
DEBB021;"'2025-12-12 19:00'";-;-;-;-;-;-;
DEBB021;"'2025-12-12 20:00'";-;-;-;-;-;-;
DEBB021;"'2025-12-12 21:00'";-;-;-;-;-;-;
DEBB021;"'2025-12-12 22:00'";-;-;-;-;-;-;
DEBB021;"'2025-12-12 23:00'";-;-;-;-;-;-;
DEBB021;"'2025-12-12 24:00'";-;-;-;-;-;-;
DEBB021;"'2025-12-13 01:00'";-;-;-;-;-;-;
DEBB021;"'2025-12-13 02:00'";-;-;-;-;-;-;
DEBB021;"'2025-12-13 03:00'";-;-;-;-;-;-;
DEBB021;"'2025-12-13 04:00'";-;-;-;-;-;-;
DEBB021;"'2025-12-13 05:00'";-;-;-;-;-;-;
DEBB021;"'2025-12-13 06:00'";-;-;-;-;-;-;
DEBB021;"'2025-12-13 07:00'";-;-;-;-;-;-;
DEBB021;"'2025-12-13 08:00'";-;-;-;-;-;-;
DEBB021;"'2025-12-13 09:00'";-;-;-;-;-;-;
DEBB021;"'2025-12-13 10:00'";-;-;-;-;-;-;
DEBB021;"'2025-12-13 11:00'";-;-;-;-;-;-;
DEBB021;"'2025-12-13 12:00'";-;-;-;-;-;-;
DEBB021;"'2025-12-13 13:00'";-;-;-;-;-;-;
DEBB021;"'2025-12-13 14:00'";-;-;-;-;-;-;
DEBB021;"'2025-12-13 15:00'";-;-;-;-;-;-;
DEBB021;"'2025-12-13 16:00'";-;-;-;-;-;-;
DEBB021;"'2025-12-13 17:00'";-;-;-;-;-;-;
DEBB021;"'2025-12-13 18:00'";-;-;-;-;-;-;
DEBB021;"'2025-12-13 19:00'";-;-;-;-;-;-;
DEBB021;"'2025-12-13 20:00'";-;-;-;-;-;-;
DEBB021;"'2025-12-13 21:00'";-;-;-;-;-;-;
DEBB021;"'2025-12-13 22:00'";-;-;-;-;-;-;
DEBB021;"'2025-12-13 23:00'";-;-;-;-;-;-;
DEBB021;"'2025-12-13 24:00'";-;-;-;-;-;-;
DEBB021;"'2025-12-14 01:00'";-;-;-;-;-;-;
DEBB021;"'2025-12-14 02:00'";-;-;-;-;-;-;
DEBB021;"'2025-12-14 03:00'";-;-;-;-;-;-;
DEBB021;"'2025-12-14 04:00'";-;-;-;-;-;-;
DEBB021;"'2025-12-14 05:00'";-;-;-;-;-;-;
DEBB021;"'2025-12-14 06:00'";-;-;-;-;-;-;
DEBB021;"'2025-12-14 07:00'";-;-;-;-;-;-;
DEBB021;"'2025-12-14 08:00'";-;-;-;-;-;-;
DEBB021;"'2025-12-14 09:00'";-;-;-;-;-;-;
DEBB021;"'2025-12-14 10:00'";-;-;-;-;-;-;
DEBB021;"'2025-12-14 11:00'";-;-;-;-;-;-;
DEBB021;"'2025-12-14 12:00'";-;-;-;-;-;-;
DEBB021;"'2025-12-14 13:00'";-;-;-;-;-;-;
DEBB021;"'2025-12-14 14:00'";-;-;-;-;-;-;
DEBB021;"'2025-12-14 15:00'";-;-;-;-;-;-;
DEBB021;"'2025-12-14 16:00'";-;-;-;-;-;-;
DEBB021;"'2025-12-14 17:00'";-;-;-;-;-;-;
DEBB021;"'2025-12-14 18:00'";-;-;-;-;-;-;
DEBB021;"'2025-12-14 19:00'";-;-;-;-;-;-;
DEBB021;"'2025-12-14 20:00'";-;-;-;-;-;-;
DEBB021;"'2025-12-14 21:00'";-;-;-;-;-;-;
DEBB021;"'2025-12-14 22:00'";-;-;-;-;-;-;
DEBB021;"'2025-12-14 23:00'";-;-;-;-;-;-;
DEBB021;"'2025-12-14 24:00'";-;-;-;-;-;-;
DEBB021;"'2025-12-15 01:00'";-;-;-;-;-;-;
DEBB021;"'2025-12-15 02:00'";-;-;-;-;-;-;
DEBB021;"'2025-12-15 03:00'";-;-;-;-;-;-;
DEBB021;"'2025-12-15 04:00'";-;-;-;-;-;-;
DEBB021;"'2025-12-15 05:00'";-;-;-;-;-;-;
DEBB021;"'2025-12-15 06:00'";-;-;-;-;-;-;
DEBB021;"'2025-12-15 07:00'";-;-;-;-;-;-;
DEBB021;"'2025-12-15 08:00'";-;-;-;-;-;-;
DEBB021;"'2025-12-15 09:00'";-;-;-;-;-;-;
DEBB021;"'2025-12-15 10:00'";-;-;-;-;-;-;
DEBB021;"'2025-12-15 11:00'";-;-;-;-;-;-;
DEBB021;"'2025-12-15 12:00'";-;-;-;-;-;-;
DEBB021;"'2025-12-15 13:00'";-;-;-;-;-;-;
DEBB021;"'2025-12-15 14:00'";-;-;-;-;-;-;
DEBB021;"'2025-12-15 15:00'";-;-;-;-;-;-;
DEBB021;"'2025-12-15 16:00'";-;-;-;-;-;-;
DEBB021;"'2025-12-15 17:00'";-;-;-;-;-;-;
DEBB021;"'2025-12-15 18:00'";-;-;-;-;-;-;
DEBB021;"'2025-12-15 19:00'";-;-;-;-;-;-;
DEBB021;"'2025-12-15 20:00'";-;-;-;-;-;-;
DEBB021;"'2025-12-15 21:00'";-;-;-;-;-;-;
DEBB021;"'2025-12-15 22:00'";-;-;-;-;-;-;
DEBB021;"'2025-12-15 23:00'";-;-;-;-;-;-;
DEBB021;"'2025-12-15 24:00'";-;-;-;-;-;-;
DEBB021;"'2025-12-16 01:00'";-;-;-;-;-;-;
DEBB021;"'2025-12-16 02:00'";-;-;-;-;-;-;
DEBB021;"'2025-12-16 03:00'";-;-;-;-;-;-;
DEBB021;"'2025-12-16 04:00'";-;-;-;-;-;-;
DEBB021;"'2025-12-16 05:00'";-;-;-;-;-;-;
DEBB021;"'2025-12-16 06:00'";-;-;-;-;-;-;
DEBB021;"'2025-12-16 07:00'";-;-;-;-;-;-;
DEBB021;"'2025-12-16 08:00'";-;-;-;-;-;-;
DEBB021;"'2025-12-16 09:00'";-;-;-;-;-;-;
DEBB021;"'2025-12-16 10:00'";-;-;-;-;-;-;
DEBB021;"'2025-12-16 11:00'";-;-;-;-;-;-;
DEBB021;"'2025-12-16 12:00'";-;-;-;-;-;-;
DEBB021;"'2025-12-16 13:00'";-;-;-;-;-;-;
DEBB021;"'2025-12-16 14:00'";-;-;-;-;-;-;
DEBB021;"'2025-12-16 15:00'";-;-;-;-;-;-;
DEBB021;"'2025-12-16 16:00'";-;-;-;-;-;-;
DEBB021;"'2025-12-16 17:00'";-;-;-;-;-;-;
DEBB021;"'2025-12-16 18:00'";-;-;-;-;-;-;
DEBB021;"'2025-12-16 19:00'";-;-;-;-;-;-;
DEBB021;"'2025-12-16 20:00'";-;-;-;-;-;-;
DEBB021;"'2025-12-16 21:00'";-;-;-;-;-;-;
DEBB021;"'2025-12-16 22:00'";-;-;-;-;-;-;
DEBB021;"'2025-12-16 23:00'";-;-;-;-;-;-;
DEBB021;"'2025-12-16 24:00'";-;-;-;-;-;-;
DEBB021;"'2025-12-17 01:00'";-;-;-;-;-;-;
DEBB021;"'2025-12-17 02:00'";-;-;-;-;-;-;
DEBB021;"'2025-12-17 03:00'";-;-;-;-;-;-;
DEBB021;"'2025-12-17 04:00'";-;-;-;-;-;-;
DEBB021;"'2025-12-17 05:00'";-;-;-;-;-;-;
DEBB021;"'2025-12-17 06:00'";-;-;-;-;-;-;
DEBB021;"'2025-12-17 07:00'";-;-;-;-;-;-;
DEBB021;"'2025-12-17 08:00'";-;-;-;-;-;-;
DEBB021;"'2025-12-17 09:00'";-;-;-;-;-;-;
DEBB021;"'2025-12-17 10:00'";-;-;-;-;-;-;
DEBB021;"'2025-12-17 11:00'";-;-;-;-;-;-;
DEBB021;"'2025-12-17 12:00'";-;-;-;-;-;-;
DEBB021;"'2025-12-17 13:00'";-;-;-;-;-;-;
DEBB021;"'2025-12-17 14:00'";-;-;-;-;-;-;
DEBB021;"'2025-12-17 15:00'";-;-;-;-;-;-;
DEBB021;"'2025-12-17 16:00'";-;-;-;-;-;-;
DEBB021;"'2025-12-17 17:00'";-;-;-;-;-;-;
DEBB021;"'2025-12-17 18:00'";-;-;-;-;-;-;
DEBB021;"'2025-12-17 19:00'";-;-;-;-;-;-;
DEBB021;"'2025-12-17 20:00'";-;-;-;-;-;-;
DEBB021;"'2025-12-17 21:00'";-;-;-;-;-;-;
DEBB021;"'2025-12-17 22:00'";-;-;-;-;-;-;
DEBB021;"'2025-12-17 23:00'";-;-;-;-;-;-;
DEBB021;"'2025-12-17 24:00'";-;-;-;-;-;-;
DEBB021;"'2025-12-18 01:00'";-;-;-;-;-;-;
DEBB021;"'2025-12-18 02:00'";-;-;-;-;-;-;
DEBB021;"'2025-12-18 03:00'";-;-;-;-;-;-;
DEBB021;"'2025-12-18 04:00'";-;-;-;-;-;-;
DEBB021;"'2025-12-18 05:00'";-;-;-;-;-;-;
DEBB021;"'2025-12-18 06:00'";-;-;-;-;-;-;
DEBB021;"'2025-12-18 07:00'";-;-;-;-;-;-;
DEBB021;"'2025-12-18 08:00'";-;-;-;-;-;-;
DEBB021;"'2025-12-18 09:00'";-;-;-;-;-;-;
DEBB021;"'2025-12-18 10:00'";-;-;-;-;-;-;
DEBB021;"'2025-12-18 11:00'";-;-;-;-;-;-;
DEBB021;"'2025-12-18 12:00'";-;-;-;-;-;-;
DEBB021;"'2025-12-18 13:00'";-;-;-;-;-;-;
DEBB021;"'2025-12-18 14:00'";-;-;-;-;-;-;
DEBB021;"'2025-12-18 15:00'";-;-;-;-;-;-;
DEBB021;"'2025-12-18 16:00'";-;-;-;-;-;-;
DEBB021;"'2025-12-18 17:00'";-;-;-;-;-;-;
DEBB021;"'2025-12-18 18:00'";-;-;-;-;-;-;
DEBB021;"'2025-12-18 19:00'";-;-;-;-;-;-;
DEBB021;"'2025-12-18 20:00'";-;-;-;-;-;-;
DEBB021;"'2025-12-18 21:00'";-;-;-;-;-;-;
DEBB021;"'2025-12-18 22:00'";-;-;-;-;-;-;
DEBB021;"'2025-12-18 23:00'";-;-;-;-;-;-;
DEBB021;"'2025-12-18 24:00'";-;-;-;-;-;-;
DEBB021;"'2025-12-19 01:00'";-;-;-;-;-;-;
DEBB021;"'2025-12-19 02:00'";-;-;-;-;-;-;
DEBB021;"'2025-12-19 03:00'";-;-;-;-;-;-;
DEBB021;"'2025-12-19 04:00'";-;-;-;-;-;-;
DEBB021;"'2025-12-19 05:00'";-;-;-;-;-;-;
DEBB021;"'2025-12-19 06:00'";-;-;-;-;-;-;
DEBB021;"'2025-12-19 07:00'";-;-;-;-;-;-;
DEBB021;"'2025-12-19 08:00'";-;-;-;-;-;-;
DEBB021;"'2025-12-19 09:00'";-;-;-;-;-;-;
DEBB021;"'2025-12-19 10:00'";-;-;-;-;-;-;
DEBB021;"'2025-12-19 11:00'";-;-;-;-;-;-;
DEBB021;"'2025-12-19 12:00'";-;-;-;-;-;-;
DEBB021;"'2025-12-19 13:00'";-;-;-;-;-;-;
DEBB021;"'2025-12-19 14:00'";-;-;-;-;-;-;
DEBB021;"'2025-12-19 15:00'";-;-;-;-;-;-;
DEBB021;"'2025-12-19 16:00'";-;-;-;-;-;-;
DEBB021;"'2025-12-19 17:00'";-;-;-;-;-;-;
DEBB021;"'2025-12-19 18:00'";-;-;-;-;-;-;
DEBB021;"'2025-12-19 19:00'";-;-;-;-;-;-;
DEBB021;"'2025-12-19 20:00'";-;-;-;-;-;-;
DEBB021;"'2025-12-19 21:00'";-;-;-;-;-;-;
DEBB021;"'2025-12-19 22:00'";-;-;-;-;-;-;
DEBB021;"'2025-12-19 23:00'";-;-;-;-;-;-;
DEBB021;"'2025-12-19 24:00'";-;-;-;-;-;-;
DEBB021;"'2025-12-20 01:00'";-;-;-;-;-;-;
DEBB021;"'2025-12-20 02:00'";-;-;-;-;-;-;
DEBB021;"'2025-12-20 03:00'";-;-;-;-;-;-;
DEBB021;"'2025-12-20 04:00'";-;-;-;-;-;-;
DEBB021;"'2025-12-20 05:00'";-;-;-;-;-;-;
DEBB021;"'2025-12-20 06:00'";-;-;-;-;-;-;
DEBB021;"'2025-12-20 07:00'";-;-;-;-;-;-;
DEBB021;"'2025-12-20 08:00'";-;-;-;-;-;-;
DEBB021;"'2025-12-20 09:00'";-;-;-;-;-;-;
DEBB021;"'2025-12-20 10:00'";-;-;-;-;-;-;
DEBB021;"'2025-12-20 11:00'";-;-;-;-;-;-;
DEBB021;"'2025-12-20 12:00'";-;-;-;-;-;-;
DEBB021;"'2025-12-20 13:00'";-;-;-;-;-;-;
DEBB021;"'2025-12-20 14:00'";-;-;-;-;-;-;
DEBB021;"'2025-12-20 15:00'";-;-;-;-;-;-;
DEBB021;"'2025-12-20 16:00'";-;-;-;-;-;-;
DEBB021;"'2025-12-20 17:00'";-;-;-;-;-;-;
DEBB021;"'2025-12-20 18:00'";-;-;-;-;-;-;
DEBB021;"'2025-12-20 19:00'";-;-;-;-;-;-;
DEBB021;"'2025-12-20 20:00'";-;-;-;-;-;-;
DEBB021;"'2025-12-20 21:00'";-;-;-;-;-;-;
DEBB021;"'2025-12-20 22:00'";-;-;-;-;-;-;
DEBB021;"'2025-12-20 23:00'";-;-;-;-;-;-;
DEBB021;"'2025-12-20 24:00'";-;-;-;-;-;-;
DEBB021;"'2025-12-21 01:00'";-;-;-;-;-;-;
DEBB021;"'2025-12-21 02:00'";-;-;-;-;-;-;
DEBB021;"'2025-12-21 03:00'";-;-;-;-;-;-;
DEBB021;"'2025-12-21 04:00'";-;-;-;-;-;-;
DEBB021;"'2025-12-21 05:00'";-;-;-;-;-;-;
DEBB021;"'2025-12-21 06:00'";-;-;-;-;-;-;
DEBB021;"'2025-12-21 07:00'";-;-;-;-;-;-;
DEBB021;"'2025-12-21 08:00'";-;-;-;-;-;-;
DEBB021;"'2025-12-21 09:00'";-;-;-;-;-;-;
DEBB021;"'2025-12-21 10:00'";-;-;-;-;-;-;
DEBB021;"'2025-12-21 11:00'";-;-;-;-;-;-;
DEBB021;"'2025-12-21 12:00'";-;-;-;-;-;-;
DEBB021;"'2025-12-21 13:00'";-;-;-;-;-;-;
DEBB021;"'2025-12-21 14:00'";-;-;-;-;-;-;
DEBB021;"'2025-12-21 15:00'";-;-;-;-;-;-;
DEBB021;"'2025-12-21 16:00'";-;-;-;-;-;-;
DEBB021;"'2025-12-21 17:00'";-;-;-;-;-;-;
DEBB021;"'2025-12-21 18:00'";-;-;-;-;-;-;
DEBB021;"'2025-12-21 19:00'";-;-;-;-;-;-;
DEBB021;"'2025-12-21 20:00'";-;-;-;-;-;-;
DEBB021;"'2025-12-21 21:00'";-;-;-;-;-;-;
DEBB021;"'2025-12-21 22:00'";-;-;-;-;-;-;
DEBB021;"'2025-12-21 23:00'";-;-;-;-;-;-;
DEBB021;"'2025-12-21 24:00'";-;-;-;-;-;-;
DEBB021;"'2025-12-22 01:00'";-;-;-;-;-;-;
DEBB021;"'2025-12-22 02:00'";-;-;-;-;-;-;
DEBB021;"'2025-12-22 03:00'";-;-;-;-;-;-;
DEBB021;"'2025-12-22 04:00'";-;-;-;-;-;-;
DEBB021;"'2025-12-22 05:00'";-;-;-;-;-;-;
DEBB021;"'2025-12-22 06:00'";-;-;-;-;-;-;
DEBB021;"'2025-12-22 07:00'";-;-;-;-;-;-;
DEBB021;"'2025-12-22 08:00'";-;-;-;-;-;-;
DEBB021;"'2025-12-22 09:00'";-;-;-;-;-;-;
DEBB021;"'2025-12-22 10:00'";-;-;-;-;-;-;
DEBB021;"'2025-12-22 11:00'";-;-;-;-;-;-;
DEBB021;"'2025-12-22 12:00'";-;-;-;-;-;-;
DEBB021;"'2025-12-22 13:00'";-;-;-;-;-;-;
DEBB021;"'2025-12-22 14:00'";-;-;-;-;-;-;
DEBB021;"'2025-12-22 15:00'";-;-;-;-;-;-;
DEBB021;"'2025-12-22 16:00'";-;-;-;-;-;-;
DEBB021;"'2025-12-22 17:00'";-;-;-;-;-;-;
DEBB021;"'2025-12-22 18:00'";-;-;-;-;-;-;
DEBB021;"'2025-12-22 19:00'";-;-;-;-;-;-;
DEBB021;"'2025-12-22 20:00'";-;-;-;-;-;-;
DEBB021;"'2025-12-22 21:00'";-;-;-;-;-;-;
DEBB021;"'2025-12-22 22:00'";-;-;-;-;-;-;
DEBB021;"'2025-12-22 23:00'";-;-;-;-;-;-;
DEBB021;"'2025-12-22 24:00'";-;-;-;-;-;-;
DEBB021;"'2025-12-23 01:00'";-;-;-;-;-;-;
DEBB021;"'2025-12-23 02:00'";-;-;-;-;-;-;
DEBB021;"'2025-12-23 03:00'";-;-;-;-;-;-;
DEBB021;"'2025-12-23 04:00'";-;-;-;-;-;-;
DEBB021;"'2025-12-23 05:00'";-;-;-;-;-;-;
DEBB021;"'2025-12-23 06:00'";-;-;-;-;-;-;
DEBB021;"'2025-12-23 07:00'";-;-;-;-;-;-;
DEBB021;"'2025-12-23 08:00'";-;-;-;-;-;-;
DEBB021;"'2025-12-23 09:00'";-;-;-;-;-;-;
DEBB021;"'2025-12-23 10:00'";-;-;-;-;-;-;
DEBB021;"'2025-12-23 11:00'";-;-;-;-;-;-;
DEBB021;"'2025-12-23 12:00'";-;-;-;-;-;-;
DEBB021;"'2025-12-23 13:00'";-;-;-;-;-;-;
DEBB021;"'2025-12-23 14:00'";-;-;-;-;-;-;
DEBB021;"'2025-12-23 15:00'";-;-;-;-;-;-;
DEBB021;"'2025-12-23 16:00'";-;-;-;-;-;-;
DEBB021;"'2025-12-23 17:00'";-;-;-;-;-;-;
DEBB021;"'2025-12-23 18:00'";-;-;-;-;-;-;
DEBB021;"'2025-12-23 19:00'";-;-;-;-;-;-;
DEBB021;"'2025-12-23 20:00'";-;-;-;-;-;-;
DEBB021;"'2025-12-23 21:00'";-;-;-;-;-;-;
DEBB021;"'2025-12-23 22:00'";-;-;-;-;-;-;
DEBB021;"'2025-12-23 23:00'";-;-;-;-;-;-;
DEBB021;"'2025-12-23 24:00'";-;-;-;-;-;-;
DEBB021;"'2025-12-24 01:00'";-;-;-;-;-;-;
DEBB021;"'2025-12-24 02:00'";-;-;-;-;-;-;
DEBB021;"'2025-12-24 03:00'";-;-;-;-;-;-;
DEBB021;"'2025-12-24 04:00'";-;-;-;-;-;-;
DEBB021;"'2025-12-24 05:00'";-;-;-;-;-;-;
DEBB021;"'2025-12-24 06:00'";-;-;-;-;-;-;
DEBB021;"'2025-12-24 07:00'";-;-;-;-;-;-;
DEBB021;"'2025-12-24 08:00'";-;-;-;-;-;-;
DEBB021;"'2025-12-24 09:00'";-;-;-;-;-;-;
DEBB021;"'2025-12-24 10:00'";-;-;-;-;-;-;
DEBB021;"'2025-12-24 11:00'";-;-;-;-;-;-;
DEBB021;"'2025-12-24 12:00'";-;-;-;-;-;-;
DEBB021;"'2025-12-24 13:00'";-;-;-;-;-;-;
DEBB021;"'2025-12-24 14:00'";-;-;-;-;-;-;
DEBB021;"'2025-12-24 15:00'";-;-;-;-;-;-;
DEBB021;"'2025-12-24 16:00'";-;-;-;-;-;-;
DEBB021;"'2025-12-24 17:00'";-;-;-;-;-;-;
DEBB021;"'2025-12-24 18:00'";-;-;-;-;-;-;
DEBB021;"'2025-12-24 19:00'";-;-;-;-;-;-;
DEBB021;"'2025-12-24 20:00'";-;-;-;-;-;-;
DEBB021;"'2025-12-24 21:00'";-;-;-;-;-;-;
DEBB021;"'2025-12-24 22:00'";-;-;-;-;-;-;
DEBB021;"'2025-12-24 23:00'";-;-;-;-;-;-;
DEBB021;"'2025-12-24 24:00'";-;-;-;-;-;-;
DEBB021;"'2025-12-25 01:00'";-;-;-;-;-;-;
DEBB021;"'2025-12-25 02:00'";-;-;-;-;-;-;
DEBB021;"'2025-12-25 03:00'";-;-;-;-;-;-;
DEBB021;"'2025-12-25 04:00'";-;-;-;-;-;-;
DEBB021;"'2025-12-25 05:00'";-;-;-;-;-;-;
DEBB021;"'2025-12-25 06:00'";-;-;-;-;-;-;
DEBB021;"'2025-12-25 07:00'";-;-;-;-;-;-;
DEBB021;"'2025-12-25 08:00'";-;-;-;-;-;-;
DEBB021;"'2025-12-25 09:00'";-;-;-;-;-;-;
DEBB021;"'2025-12-25 10:00'";-;-;-;-;-;-;
DEBB021;"'2025-12-25 11:00'";-;-;-;-;-;-;
DEBB021;"'2025-12-25 12:00'";-;-;-;-;-;-;
DEBB021;"'2025-12-25 13:00'";-;-;-;-;-;-;
DEBB021;"'2025-12-25 14:00'";-;-;-;-;-;-;
DEBB021;"'2025-12-25 15:00'";-;-;-;-;-;-;
DEBB021;"'2025-12-25 16:00'";-;-;-;-;-;-;
DEBB021;"'2025-12-25 17:00'";-;-;-;-;-;-;
DEBB021;"'2025-12-25 18:00'";-;-;-;-;-;-;
DEBB021;"'2025-12-25 19:00'";-;-;-;-;-;-;
DEBB021;"'2025-12-25 20:00'";-;-;-;-;-;-;
DEBB021;"'2025-12-25 21:00'";-;-;-;-;-;-;
DEBB021;"'2025-12-25 22:00'";-;-;-;-;-;-;
DEBB021;"'2025-12-25 23:00'";-;-;-;-;-;-;
DEBB021;"'2025-12-25 24:00'";-;-;-;-;-;-;
DEBB021;"'2025-12-26 01:00'";-;-;-;-;-;-;
DEBB021;"'2025-12-26 02:00'";-;-;-;-;-;-;
DEBB021;"'2025-12-26 03:00'";-;-;-;-;-;-;
DEBB021;"'2025-12-26 04:00'";-;-;-;-;-;-;
DEBB021;"'2025-12-26 05:00'";-;-;-;-;-;-;
DEBB021;"'2025-12-26 06:00'";-;-;-;-;-;-;
DEBB021;"'2025-12-26 07:00'";-;-;-;-;-;-;
DEBB021;"'2025-12-26 08:00'";-;-;-;-;-;-;
DEBB021;"'2025-12-26 09:00'";-;-;-;-;-;-;
DEBB021;"'2025-12-26 10:00'";-;-;-;-;-;-;
DEBB021;"'2025-12-26 11:00'";-;-;-;-;-;-;
DEBB021;"'2025-12-26 12:00'";-;-;-;-;-;-;
DEBB021;"'2025-12-26 13:00'";-;-;-;-;-;-;
DEBB021;"'2025-12-26 14:00'";-;-;-;-;-;-;
DEBB021;"'2025-12-26 15:00'";-;-;-;-;-;-;
DEBB021;"'2025-12-26 16:00'";-;-;-;-;-;-;
DEBB021;"'2025-12-26 17:00'";-;-;-;-;-;-;
DEBB021;"'2025-12-26 18:00'";-;-;-;-;-;-;
DEBB021;"'2025-12-26 19:00'";-;-;-;-;-;-;
DEBB021;"'2025-12-26 20:00'";-;-;-;-;-;-;
DEBB021;"'2025-12-26 21:00'";-;-;-;-;-;-;
DEBB021;"'2025-12-26 22:00'";-;-;-;-;-;-;
DEBB021;"'2025-12-26 23:00'";-;-;-;-;-;-;
DEBB021;"'2025-12-26 24:00'";-;-;-;-;-;-;
DEBB021;"'2025-12-27 01:00'";-;-;-;-;-;-;
DEBB021;"'2025-12-27 02:00'";-;-;-;-;-;-;
DEBB021;"'2025-12-27 03:00'";-;-;-;-;-;-;
DEBB021;"'2025-12-27 04:00'";-;-;-;-;-;-;
DEBB021;"'2025-12-27 05:00'";-;-;-;-;-;-;
DEBB021;"'2025-12-27 06:00'";-;-;-;-;-;-;
DEBB021;"'2025-12-27 07:00'";-;-;-;-;-;-;
DEBB021;"'2025-12-27 08:00'";-;-;-;-;-;-;
DEBB021;"'2025-12-27 09:00'";-;-;-;-;-;-;
DEBB021;"'2025-12-27 10:00'";-;-;-;-;-;-;
DEBB021;"'2025-12-27 11:00'";-;-;-;-;-;-;
DEBB021;"'2025-12-27 12:00'";-;-;-;-;-;-;
DEBB021;"'2025-12-27 13:00'";-;-;-;-;-;-;
DEBB021;"'2025-12-27 14:00'";-;-;-;-;-;-;
DEBB021;"'2025-12-27 15:00'";-;-;-;-;-;-;
DEBB021;"'2025-12-27 16:00'";-;-;-;-;-;-;
DEBB021;"'2025-12-27 17:00'";-;-;-;-;-;-;
DEBB021;"'2025-12-27 18:00'";-;-;-;-;-;-;
DEBB021;"'2025-12-27 19:00'";-;-;-;-;-;-;
DEBB021;"'2025-12-27 20:00'";-;-;-;-;-;-;
DEBB021;"'2025-12-27 21:00'";-;-;-;-;-;-;
DEBB021;"'2025-12-27 22:00'";-;-;-;-;-;-;
DEBB021;"'2025-12-27 23:00'";-;-;-;-;-;-;
DEBB021;"'2025-12-27 24:00'";-;-;-;-;-;-;
DEBB021;"'2025-12-28 01:00'";-;-;-;-;-;-;
DEBB021;"'2025-12-28 02:00'";-;-;-;-;-;-;
DEBB021;"'2025-12-28 03:00'";-;-;-;-;-;-;
DEBB021;"'2025-12-28 04:00'";-;-;-;-;-;-;
DEBB021;"'2025-12-28 05:00'";-;-;-;-;-;-;
DEBB021;"'2025-12-28 06:00'";-;-;-;-;-;-;
DEBB021;"'2025-12-28 07:00'";-;-;-;-;-;-;
DEBB021;"'2025-12-28 08:00'";-;-;-;-;-;-;
DEBB021;"'2025-12-28 09:00'";-;-;-;-;-;-;
DEBB021;"'2025-12-28 10:00'";-;-;-;-;-;-;
DEBB021;"'2025-12-28 11:00'";-;-;-;-;-;-;
DEBB021;"'2025-12-28 12:00'";-;-;-;-;-;-;
DEBB021;"'2025-12-28 13:00'";-;-;-;-;-;-;
DEBB021;"'2025-12-28 14:00'";-;-;-;-;-;-;
DEBB021;"'2025-12-28 15:00'";-;-;-;-;-;-;
DEBB021;"'2025-12-28 16:00'";-;-;-;-;-;-;
DEBB021;"'2025-12-28 17:00'";-;-;-;-;-;-;
DEBB021;"'2025-12-28 18:00'";-;-;-;-;-;-;
DEBB021;"'2025-12-28 19:00'";-;-;-;-;-;-;
DEBB021;"'2025-12-28 20:00'";-;-;-;-;-;-;
DEBB021;"'2025-12-28 21:00'";-;-;-;-;-;-;
DEBB021;"'2025-12-28 22:00'";-;-;-;-;-;-;
DEBB021;"'2025-12-28 23:00'";-;-;-;-;-;-;
DEBB021;"'2025-12-28 24:00'";-;-;-;-;-;-;
DEBB021;"'2025-12-29 01:00'";-;-;-;-;-;-;
DEBB021;"'2025-12-29 02:00'";-;-;-;-;-;-;
DEBB021;"'2025-12-29 03:00'";-;-;-;-;-;-;
DEBB021;"'2025-12-29 04:00'";-;-;-;-;-;-;
DEBB021;"'2025-12-29 05:00'";-;-;-;-;-;-;
DEBB021;"'2025-12-29 06:00'";-;-;-;-;-;-;
DEBB021;"'2025-12-29 07:00'";-;-;-;-;-;-;
DEBB021;"'2025-12-29 08:00'";-;-;-;-;-;-;
DEBB021;"'2025-12-29 09:00'";-;-;-;-;-;-;
DEBB021;"'2025-12-29 10:00'";-;-;-;-;-;-;
DEBB021;"'2025-12-29 11:00'";-;-;-;-;-;-;
DEBB021;"'2025-12-29 12:00'";-;-;-;-;-;-;
DEBB021;"'2025-12-29 13:00'";-;-;-;-;-;-;
DEBB021;"'2025-12-29 14:00'";-;-;-;-;-;-;
DEBB021;"'2025-12-29 15:00'";-;-;-;-;-;-;
DEBB021;"'2025-12-29 16:00'";-;-;-;-;-;-;
DEBB021;"'2025-12-29 17:00'";-;-;-;-;-;-;
DEBB021;"'2025-12-29 18:00'";-;-;-;-;-;-;
DEBB021;"'2025-12-29 19:00'";-;-;-;-;-;-;
DEBB021;"'2025-12-29 20:00'";-;-;-;-;-;-;
DEBB021;"'2025-12-29 21:00'";-;-;-;-;-;-;
DEBB021;"'2025-12-29 22:00'";-;-;-;-;-;-;
DEBB021;"'2025-12-29 23:00'";-;-;-;-;-;-;
DEBB021;"'2025-12-29 24:00'";-;-;-;-;-;-;
DEBB021;"'2025-12-30 01:00'";-;-;-;-;-;-;
DEBB021;"'2025-12-30 02:00'";-;-;-;-;-;-;
DEBB021;"'2025-12-30 03:00'";-;-;-;-;-;-;
DEBB021;"'2025-12-30 04:00'";-;-;-;-;-;-;
DEBB021;"'2025-12-30 05:00'";-;-;-;-;-;-;
DEBB021;"'2025-12-30 06:00'";-;-;-;-;-;-;
DEBB021;"'2025-12-30 07:00'";-;-;-;-;-;-;
DEBB021;"'2025-12-30 08:00'";-;-;-;-;-;-;
DEBB021;"'2025-12-30 09:00'";-;-;-;-;-;-;
DEBB021;"'2025-12-30 10:00'";-;-;-;-;-;-;
DEBB021;"'2025-12-30 11:00'";-;-;-;-;-;-;
DEBB021;"'2025-12-30 12:00'";-;-;-;-;-;-;
DEBB021;"'2025-12-30 13:00'";-;-;-;-;-;-;
DEBB021;"'2025-12-30 14:00'";-;-;-;-;-;-;
DEBB021;"'2025-12-30 15:00'";-;-;-;-;-;-;
DEBB021;"'2025-12-30 16:00'";-;-;-;-;-;-;
DEBB021;"'2025-12-30 17:00'";-;-;-;-;-;-;
DEBB021;"'2025-12-30 18:00'";-;-;-;-;-;-;
DEBB021;"'2025-12-30 19:00'";-;-;-;-;-;-;
DEBB021;"'2025-12-30 20:00'";-;-;-;-;-;-;
DEBB021;"'2025-12-30 21:00'";-;-;-;-;-;-;
DEBB021;"'2025-12-30 22:00'";-;-;-;-;-;-;
DEBB021;"'2025-12-30 23:00'";-;-;-;-;-;-;
DEBB021;"'2025-12-30 24:00'";-;-;-;-;-;-;
DEBB021;"'2025-12-31 01:00'";9;56;8;6;1;good
DEBB021;"'2025-12-31 02:00'";13;52;10;9;2;good
DEBB021;"'2025-12-31 03:00'";8;51;9;4;1;good
DEBB021;"'2025-12-31 04:00'";8;52;10;4;1;good
DEBB021;"'2025-12-31 05:00'";7;54;8;4;1;good
DEBB021;"'2025-12-31 06:00'";6;54;9;3;1;good
DEBB021;"'2025-12-31 07:00'";7;50;15;4;1;good
DEBB021;"'2025-12-31 08:00'";8;56;10;4;1;good
DEBB021;"'2025-12-31 09:00'";8;54;10;5;1;good
DEBB021;"'2025-12-31 10:00'";7;49;14;5;1;good
DEBB021;"'2025-12-31 11:00'";7;51;11;5;1;good
DEBB021;"'2025-12-31 12:00'";7;56;8;5;1;good
DEBB021;"'2025-12-31 13:00'";5;60;7;3;1;good
DEBB021;"'2025-12-31 14:00'";6;60;7;4;1;good
DEBB021;"'2025-12-31 15:00'";5;58;8;3;1;good
DEBB021;"'2025-12-31 16:00'";7;58;8;5;1;good
DEBB021;"'2025-12-31 17:00'";8;56;9;5;1;good
DEBB021;"'2025-12-31 18:00'";8;57;8;6;1;good
DEBB021;"'2025-12-31 19:00'";11;59;9;8;1;good
DEBB021;"'2025-12-31 20:00'";14;55;10;12;1;good
DEBB021;"'2025-12-31 21:00'";21;55;10;17;1;moderate
DEBB021;"'2025-12-31 22:00'";19;60;9;16;1;moderate
DEBB021;"'2025-12-31 23:00'";44;52;11;37;3;poor
DEBB021;"'2025-12-31 24:00'";36;52;10;31;2;poor

"Source: German Environment Agency, https://www.umweltbundesamt.de/en/data/air/air-data/air-quality (Status: 21.07.2026). All times are given in the time valid at the time of measurement (CET or CEST)."
