"Station code";Date;"Particulate matter (PM₁₀) One hour average in µg/m³";"Ozone (O₃) One hour average in µg/m³";"Nitrogen dioxide (NO₂) One hour average in µg/m³";"Particulate matter (PM₂,₅) One hour average in µg/m³";"Sulphur dioxide (SO₂) One hour average in µg/m³";"Air quality index"
DEBB021;"'2021-01-01 01:00'";30;33;15;28;3;moderate
DEBB021;"'2021-01-01 02:00'";36;30;15;34;3;poor
DEBB021;"'2021-01-01 03:00'";25;28;14;24;3;moderate
DEBB021;"'2021-01-01 04:00'";25;25;14;25;3;moderate
DEBB021;"'2021-01-01 05:00'";24;21;15;24;3;moderate
DEBB021;"'2021-01-01 06:00'";23;17;16;23;3;moderate
DEBB021;"'2021-01-01 07:00'";23;14;18;23;3;moderate
DEBB021;"'2021-01-01 08:00'";23;16;16;23;3;moderate
DEBB021;"'2021-01-01 09:00'";23;17;15;23;3;moderate
DEBB021;"'2021-01-01 10:00'";22;17;14;22;3;moderate
DEBB021;"'2021-01-01 11:00'";23;18;13;23;3;moderate
DEBB021;"'2021-01-01 12:00'";23;18;14;23;3;moderate
DEBB021;"'2021-01-01 13:00'";21;24;12;21;3;moderate
DEBB021;"'2021-01-01 14:00'";19;25;13;18;3;moderate
DEBB021;"'2021-01-01 15:00'";16;31;12;16;3;moderate
DEBB021;"'2021-01-01 16:00'";16;28;16;16;3;moderate
DEBB021;"'2021-01-01 17:00'";17;26;15;16;2;moderate
DEBB021;"'2021-01-01 18:00'";16;27;13;15;2;good
DEBB021;"'2021-01-01 19:00'";14;29;12;14;2;good
DEBB021;"'2021-01-01 20:00'";11;33;11;11;2;good
DEBB021;"'2021-01-01 21:00'";8;35;10;8;2;good
DEBB021;"'2021-01-01 22:00'";9;36;10;9;2;good
DEBB021;"'2021-01-01 23:00'";11;35;9;11;2;good
DEBB021;"'2021-01-01 24:00'";10;39;7;10;2;good
DEBB021;"'2021-01-02 01:00'";8;48;5;7;2;good
DEBB021;"'2021-01-02 02:00'";5;52;5;5;2;good
DEBB021;"'2021-01-02 03:00'";6;46;5;6;2;good
DEBB021;"'2021-01-02 04:00'";9;38;7;9;2;good
DEBB021;"'2021-01-02 05:00'";13;25;9;13;2;good
DEBB021;"'2021-01-02 06:00'";13;20;12;13;2;good
DEBB021;"'2021-01-02 07:00'";12;24;11;12;2;good
DEBB021;"'2021-01-02 08:00'";13;16;16;13;2;good
DEBB021;"'2021-01-02 09:00'";15;8;18;15;2;good
DEBB021;"'2021-01-02 10:00'";15;10;15;14;2;good
DEBB021;"'2021-01-02 11:00'";15;11;16;15;2;good
DEBB021;"'2021-01-02 12:00'";15;11;15;15;2;good
DEBB021;"'2021-01-02 13:00'";16;11;16;15;2;good
DEBB021;"'2021-01-02 14:00'";16;10;19;15;2;good
DEBB021;"'2021-01-02 15:00'";16;9;21;16;2;moderate
DEBB021;"'2021-01-02 16:00'";16;9;22;15;2;good
DEBB021;"'2021-01-02 17:00'";16;6;24;16;2;moderate
DEBB021;"'2021-01-02 18:00'";23;3;30;22;2;moderate
DEBB021;"'2021-01-02 19:00'";22;3;31;21;2;moderate
DEBB021;"'2021-01-02 20:00'";20;5;29;20;2;moderate
DEBB021;"'2021-01-02 21:00'";19;6;31;19;2;moderate
DEBB021;"'2021-01-02 22:00'";20;3;33;20;3;moderate
DEBB021;"'2021-01-02 23:00'";19;4;30;19;3;moderate
DEBB021;"'2021-01-02 24:00'";17;6;31;17;3;moderate
DEBB021;"'2021-01-03 01:00'";16;9;28;16;4;moderate
DEBB021;"'2021-01-03 02:00'";15;9;29;15;3;good
DEBB021;"'2021-01-03 03:00'";14;21;18;14;3;good
DEBB021;"'2021-01-03 04:00'";11;29;13;11;3;good
DEBB021;"'2021-01-03 05:00'";8;35;10;8;3;good
DEBB021;"'2021-01-03 06:00'";8;35;9;8;3;good
DEBB021;"'2021-01-03 07:00'";9;34;9;9;3;good
DEBB021;"'2021-01-03 08:00'";9;36;8;9;3;good
DEBB021;"'2021-01-03 09:00'";8;38;8;8;2;good
DEBB021;"'2021-01-03 10:00'";9;37;9;9;3;good
DEBB021;"'2021-01-03 11:00'";9;33;10;9;3;good
DEBB021;"'2021-01-03 12:00'";8;30;11;8;3;good
DEBB021;"'2021-01-03 13:00'";7;27;14;7;3;good
DEBB021;"'2021-01-03 14:00'";7;25;15;7;3;good
DEBB021;"'2021-01-03 15:00'";6;24;16;6;3;good
DEBB021;"'2021-01-03 16:00'";6;23;15;6;3;good
DEBB021;"'2021-01-03 17:00'";6;22;16;6;3;good
DEBB021;"'2021-01-03 18:00'";6;23;15;6;3;good
DEBB021;"'2021-01-03 19:00'";5;23;14;5;3;good
DEBB021;"'2021-01-03 20:00'";5;24;15;5;2;good
DEBB021;"'2021-01-03 21:00'";6;27;13;6;2;good
DEBB021;"'2021-01-03 22:00'";8;27;14;8;3;good
DEBB021;"'2021-01-03 23:00'";8;28;12;8;3;good
DEBB021;"'2021-01-03 24:00'";9;28;11;9;3;good
DEBB021;"'2021-01-04 01:00'";9;29;10;9;3;good
DEBB021;"'2021-01-04 02:00'";8;30;8;8;2;good
DEBB021;"'2021-01-04 03:00'";7;30;9;7;3;good
DEBB021;"'2021-01-04 04:00'";7;29;9;7;3;good
DEBB021;"'2021-01-04 05:00'";7;27;10;7;3;good
DEBB021;"'2021-01-04 06:00'";7;25;12;7;3;good
DEBB021;"'2021-01-04 07:00'";6;21;15;6;3;good
DEBB021;"'2021-01-04 08:00'";6;19;18;6;3;good
DEBB021;"'2021-01-04 09:00'";6;13;24;6;3;good
DEBB021;"'2021-01-04 10:00'";7;14;22;7;3;good
DEBB021;"'2021-01-04 11:00'";9;13;21;9;3;good
DEBB021;"'2021-01-04 12:00'";11;11;21;11;3;good
DEBB021;"'2021-01-04 13:00'";12;12;19;12;3;good
DEBB021;"'2021-01-04 14:00'";13;-;-;12;-;good
DEBB021;"'2021-01-04 15:00'";12;8;20;12;3;good
DEBB021;"'2021-01-04 16:00'";13;7;22;12;3;good
DEBB021;"'2021-01-04 17:00'";12;6;22;12;3;good
DEBB021;"'2021-01-04 18:00'";11;5;24;11;2;good
DEBB021;"'2021-01-04 19:00'";11;7;21;11;2;good
DEBB021;"'2021-01-04 20:00'";12;8;20;11;2;good
DEBB021;"'2021-01-04 21:00'";12;9;17;12;2;good
DEBB021;"'2021-01-04 22:00'";14;10;16;14;2;good
DEBB021;"'2021-01-04 23:00'";14;10;15;14;3;good
DEBB021;"'2021-01-04 24:00'";15;10;14;15;3;good
DEBB021;"'2021-01-05 01:00'";16;10;14;15;2;good
DEBB021;"'2021-01-05 02:00'";16;9;15;16;3;moderate
DEBB021;"'2021-01-05 03:00'";17;10;14;16;3;moderate
DEBB021;"'2021-01-05 04:00'";15;11;13;15;3;good
DEBB021;"'2021-01-05 05:00'";15;13;11;15;2;good
DEBB021;"'2021-01-05 06:00'";14;14;11;14;3;good
DEBB021;"'2021-01-05 07:00'";13;13;12;13;2;good
DEBB021;"'2021-01-05 08:00'";12;13;15;12;2;good
DEBB021;"'2021-01-05 09:00'";13;12;19;13;2;good
DEBB021;"'2021-01-05 10:00'";15;14;16;14;2;good
DEBB021;"'2021-01-05 11:00'";14;15;15;14;2;good
DEBB021;"'2021-01-05 12:00'";16;13;19;15;3;good
DEBB021;"'2021-01-05 13:00'";15;14;18;13;3;good
DEBB021;"'2021-01-05 14:00'";14;13;19;13;3;good
DEBB021;"'2021-01-05 15:00'";14;13;18;13;3;good
DEBB021;"'2021-01-05 16:00'";13;15;15;12;3;good
DEBB021;"'2021-01-05 17:00'";13;17;14;13;2;good
DEBB021;"'2021-01-05 18:00'";14;21;12;13;2;good
DEBB021;"'2021-01-05 19:00'";12;27;12;12;2;good
DEBB021;"'2021-01-05 20:00'";10;37;9;9;2;good
DEBB021;"'2021-01-05 21:00'";9;41;9;9;2;good
DEBB021;"'2021-01-05 22:00'";8;42;7;7;2;good
DEBB021;"'2021-01-05 23:00'";7;42;6;7;2;good
DEBB021;"'2021-01-05 24:00'";6;40;5;6;2;good
DEBB021;"'2021-01-06 01:00'";5;40;5;5;2;good
DEBB021;"'2021-01-06 02:00'";4;42;3;4;2;good
DEBB021;"'2021-01-06 03:00'";4;41;3;4;2;good
DEBB021;"'2021-01-06 04:00'";3;40;4;3;2;good
DEBB021;"'2021-01-06 05:00'";2;41;4;2;2;good
DEBB021;"'2021-01-06 06:00'";0.8;42;4;0.8;2;good
DEBB021;"'2021-01-06 07:00'";0.8;44;6;0.8;2;good
DEBB021;"'2021-01-06 08:00'";0.8;43;8;0.8;2;good
DEBB021;"'2021-01-06 09:00'";0.8;42;8;0.8;2;good
DEBB021;"'2021-01-06 10:00'";0.8;41;8;0.8;2;good
DEBB021;"'2021-01-06 11:00'";2;38;9;2;2;good
DEBB021;"'2021-01-06 12:00'";2;37;10;2;2;good
DEBB021;"'2021-01-06 13:00'";2;35;10;2;2;good
DEBB021;"'2021-01-06 14:00'";3;32;11;2;2;good
DEBB021;"'2021-01-06 15:00'";2;31;11;1;2;good
DEBB021;"'2021-01-06 16:00'";2;30;10;2;2;good
DEBB021;"'2021-01-06 17:00'";2;26;12;2;2;good
DEBB021;"'2021-01-06 18:00'";3;25;11;3;2;good
DEBB021;"'2021-01-06 19:00'";4;25;11;4;2;good
DEBB021;"'2021-01-06 20:00'";4;25;10;4;2;good
DEBB021;"'2021-01-06 21:00'";6;24;11;5;2;good
DEBB021;"'2021-01-06 22:00'";7;22;12;7;2;good
DEBB021;"'2021-01-06 23:00'";7;21;11;7;2;good
DEBB021;"'2021-01-06 24:00'";7;21;10;6;2;good
DEBB021;"'2021-01-07 01:00'";7;21;10;6;2;good
DEBB021;"'2021-01-07 02:00'";6;22;9;6;2;good
DEBB021;"'2021-01-07 03:00'";5;26;8;5;2;good
DEBB021;"'2021-01-07 04:00'";6;26;8;6;2;good
DEBB021;"'2021-01-07 05:00'";7;23;10;7;2;good
DEBB021;"'2021-01-07 06:00'";7;21;11;7;2;good
DEBB021;"'2021-01-07 07:00'";7;16;16;7;2;good
DEBB021;"'2021-01-07 08:00'";8;15;17;8;2;good
DEBB021;"'2021-01-07 09:00'";8;16;15;8;2;good
DEBB021;"'2021-01-07 10:00'";7;17;15;6;2;good
DEBB021;"'2021-01-07 11:00'";6;19;14;6;2;good
DEBB021;"'2021-01-07 12:00'";7;20;15;6;2;good
DEBB021;"'2021-01-07 13:00'";7;21;15;6;2;good
DEBB021;"'2021-01-07 14:00'";6;25;13;6;2;good
DEBB021;"'2021-01-07 15:00'";8;20;17;8;2;good
DEBB021;"'2021-01-07 16:00'";10;16;21;9;2;good
DEBB021;"'2021-01-07 17:00'";10;17;21;9;2;good
DEBB021;"'2021-01-07 18:00'";8;18;21;7;2;good
DEBB021;"'2021-01-07 19:00'";6;22;15;6;2;good
DEBB021;"'2021-01-07 20:00'";7;22;14;6;2;good
DEBB021;"'2021-01-07 21:00'";9;21;15;8;2;good
DEBB021;"'2021-01-07 22:00'";9;18;18;9;2;good
DEBB021;"'2021-01-07 23:00'";9;18;15;9;2;good
DEBB021;"'2021-01-07 24:00'";11;17;15;11;2;good
DEBB021;"'2021-01-08 01:00'";13;16;15;12;2;good
DEBB021;"'2021-01-08 02:00'";14;16;13;14;2;good
DEBB021;"'2021-01-08 03:00'";14;17;13;14;2;good
DEBB021;"'2021-01-08 04:00'";14;16;13;14;2;good
DEBB021;"'2021-01-08 05:00'";14;14;14;14;2;good
DEBB021;"'2021-01-08 06:00'";15;12;16;15;2;good
DEBB021;"'2021-01-08 07:00'";15;10;18;15;2;good
DEBB021;"'2021-01-08 08:00'";16;6;21;15;2;good
DEBB021;"'2021-01-08 09:00'";17;6;21;16;2;moderate
DEBB021;"'2021-01-08 10:00'";17;7;20;16;2;moderate
DEBB021;"'2021-01-08 11:00'";16;7;20;16;2;moderate
DEBB021;"'2021-01-08 12:00'";16;8;20;15;2;good
DEBB021;"'2021-01-08 13:00'";14;10;18;14;2;good
DEBB021;"'2021-01-08 14:00'";13;9;18;13;2;good
DEBB021;"'2021-01-08 15:00'";12;5;21;12;2;good
DEBB021;"'2021-01-08 16:00'";9;9;19;9;2;good
DEBB021;"'2021-01-08 17:00'";7;19;16;6;2;good
DEBB021;"'2021-01-08 18:00'";7;23;14;7;2;good
DEBB021;"'2021-01-08 19:00'";7;26;12;7;2;good
DEBB021;"'2021-01-08 20:00'";8;23;14;7;2;good
DEBB021;"'2021-01-08 21:00'";9;19;16;8;2;good
DEBB021;"'2021-01-08 22:00'";8;17;15;8;2;good
DEBB021;"'2021-01-08 23:00'";9;12;18;9;2;good
DEBB021;"'2021-01-08 24:00'";9;10;18;9;2;good
DEBB021;"'2021-01-09 01:00'";9;12;16;9;2;good
DEBB021;"'2021-01-09 02:00'";8;13;13;8;2;good
DEBB021;"'2021-01-09 03:00'";8;14;12;8;2;good
DEBB021;"'2021-01-09 04:00'";8;13;12;8;2;good
DEBB021;"'2021-01-09 05:00'";7;13;10;7;2;good
DEBB021;"'2021-01-09 06:00'";6;13;11;6;2;good
DEBB021;"'2021-01-09 07:00'";7;13;10;7;2;good
DEBB021;"'2021-01-09 08:00'";6;13;11;6;2;good
DEBB021;"'2021-01-09 09:00'";7;12;13;7;2;good
DEBB021;"'2021-01-09 10:00'";7;11;12;7;2;good
DEBB021;"'2021-01-09 11:00'";9;9;12;8;2;good
DEBB021;"'2021-01-09 12:00'";11;9;12;9;2;good
DEBB021;"'2021-01-09 13:00'";12;12;13;11;2;good
DEBB021;"'2021-01-09 14:00'";12;14;12;11;2;good
DEBB021;"'2021-01-09 15:00'";12;15;12;12;2;good
DEBB021;"'2021-01-09 16:00'";12;15;12;12;2;good
DEBB021;"'2021-01-09 17:00'";13;14;13;12;2;good
DEBB021;"'2021-01-09 18:00'";13;15;11;13;2;good
DEBB021;"'2021-01-09 19:00'";15;13;12;14;2;good
DEBB021;"'2021-01-09 20:00'";16;12;12;15;2;good
DEBB021;"'2021-01-09 21:00'";15;12;12;15;2;good
DEBB021;"'2021-01-09 22:00'";15;13;11;14;2;good
DEBB021;"'2021-01-09 23:00'";14;15;9;14;2;good
DEBB021;"'2021-01-09 24:00'";13;15;10;13;2;good
DEBB021;"'2021-01-10 01:00'";13;15;9;13;2;good
DEBB021;"'2021-01-10 02:00'";13;14;9;13;2;good
DEBB021;"'2021-01-10 03:00'";14;13;11;13;2;good
DEBB021;"'2021-01-10 04:00'";14;13;12;13;2;good
DEBB021;"'2021-01-10 05:00'";10;18;10;10;2;good
DEBB021;"'2021-01-10 06:00'";9;19;10;9;2;good
DEBB021;"'2021-01-10 07:00'";9;21;9;9;2;good
DEBB021;"'2021-01-10 08:00'";11;19;10;11;2;good
DEBB021;"'2021-01-10 09:00'";8;26;8;8;2;good
DEBB021;"'2021-01-10 10:00'";10;27;8;10;2;good
DEBB021;"'2021-01-10 11:00'";9;29;7;9;2;good
DEBB021;"'2021-01-10 12:00'";8;33;6;8;2;good
DEBB021;"'2021-01-10 13:00'";9;34;6;8;2;good
DEBB021;"'2021-01-10 14:00'";10;35;7;9;2;good
DEBB021;"'2021-01-10 15:00'";11;35;8;10;2;good
DEBB021;"'2021-01-10 16:00'";13;30;11;12;2;good
DEBB021;"'2021-01-10 17:00'";14;25;14;13;2;good
DEBB021;"'2021-01-10 18:00'";16;20;16;16;2;moderate
DEBB021;"'2021-01-10 19:00'";18;16;17;18;2;moderate
DEBB021;"'2021-01-10 20:00'";18;15;17;18;2;moderate
DEBB021;"'2021-01-10 21:00'";19;14;17;19;2;moderate
DEBB021;"'2021-01-10 22:00'";20;16;17;20;2;moderate
DEBB021;"'2021-01-10 23:00'";18;21;16;18;2;moderate
DEBB021;"'2021-01-10 24:00'";16;23;17;16;2;moderate
DEBB021;"'2021-01-11 01:00'";14;28;16;13;2;good
DEBB021;"'2021-01-11 02:00'";12;34;14;12;2;good
DEBB021;"'2021-01-11 03:00'";11;39;12;11;2;good
DEBB021;"'2021-01-11 04:00'";10;42;11;10;2;good
DEBB021;"'2021-01-11 05:00'";11;43;10;11;2;good
DEBB021;"'2021-01-11 06:00'";12;43;11;11;2;good
DEBB021;"'2021-01-11 07:00'";12;38;15;11;2;good
DEBB021;"'2021-01-11 08:00'";12;32;19;12;2;good
DEBB021;"'2021-01-11 09:00'";12;30;21;11;2;good
DEBB021;"'2021-01-11 10:00'";11;30;21;11;2;good
DEBB021;"'2021-01-11 11:00'";10;33;20;10;2;good
DEBB021;"'2021-01-11 12:00'";9;38;18;8;2;good
DEBB021;"'2021-01-11 13:00'";8;39;19;8;2;good
DEBB021;"'2021-01-11 14:00'";8;43;16;7;2;good
DEBB021;"'2021-01-11 15:00'";9;43;17;8;3;good
DEBB021;"'2021-01-11 16:00'";8;40;18;8;3;good
DEBB021;"'2021-01-11 17:00'";8;39;18;8;3;good
DEBB021;"'2021-01-11 18:00'";8;39;16;8;3;good
DEBB021;"'2021-01-11 19:00'";8;39;15;8;3;good
DEBB021;"'2021-01-11 20:00'";9;41;14;9;3;good
DEBB021;"'2021-01-11 21:00'";10;40;14;9;3;good
DEBB021;"'2021-01-11 22:00'";10;41;12;10;3;good
DEBB021;"'2021-01-11 23:00'";10;41;12;10;3;good
DEBB021;"'2021-01-11 24:00'";10;39;12;10;3;good
DEBB021;"'2021-01-12 01:00'";10;38;12;10;3;good
DEBB021;"'2021-01-12 02:00'";11;37;12;11;3;good
DEBB021;"'2021-01-12 03:00'";12;38;12;12;3;good
DEBB021;"'2021-01-12 04:00'";12;37;12;12;2;good
DEBB021;"'2021-01-12 05:00'";11;37;12;11;2;good
DEBB021;"'2021-01-12 06:00'";12;36;12;12;2;good
DEBB021;"'2021-01-12 07:00'";12;35;14;12;2;good
DEBB021;"'2021-01-12 08:00'";12;35;14;12;2;good
DEBB021;"'2021-01-12 09:00'";10;35;14;9;2;good
DEBB021;"'2021-01-12 10:00'";7;36;13;7;2;good
DEBB021;"'2021-01-12 11:00'";6;36;13;5;2;good
DEBB021;"'2021-01-12 12:00'";6;36;13;5;2;good
DEBB021;"'2021-01-12 13:00'";6;35;13;6;2;good
DEBB021;"'2021-01-12 14:00'";6;29;20;5;2;good
DEBB021;"'2021-01-12 15:00'";5;33;17;5;2;good
DEBB021;"'2021-01-12 16:00'";2;58;11;2;2;good
DEBB021;"'2021-01-12 17:00'";0.8;67;10;0.8;2;good
DEBB021;"'2021-01-12 18:00'";3;59;14;3;2;good
DEBB021;"'2021-01-12 19:00'";5;51;19;5;3;good
DEBB021;"'2021-01-12 20:00'";5;52;16;5;2;good
DEBB021;"'2021-01-12 21:00'";5;60;11;4;2;good
DEBB021;"'2021-01-12 22:00'";2;71;6;2;2;good
DEBB021;"'2021-01-12 23:00'";2;70;6;1;2;good
DEBB021;"'2021-01-12 24:00'";2;67;6;2;2;good
DEBB021;"'2021-01-13 01:00'";3;63;7;2;2;good
DEBB021;"'2021-01-13 02:00'";3;62;7;2;2;good
DEBB021;"'2021-01-13 03:00'";3;62;6;3;2;good
DEBB021;"'2021-01-13 04:00'";4;63;6;4;2;good
DEBB021;"'2021-01-13 05:00'";4;62;6;4;2;good
DEBB021;"'2021-01-13 06:00'";4;62;7;4;2;good
DEBB021;"'2021-01-13 07:00'";4;62;8;4;2;good
DEBB021;"'2021-01-13 08:00'";5;60;10;5;2;good
DEBB021;"'2021-01-13 09:00'";6;60;11;5;2;good
DEBB021;"'2021-01-13 10:00'";5;62;9;4;2;good
DEBB021;"'2021-01-13 11:00'";5;63;9;4;2;good
DEBB021;"'2021-01-13 12:00'";4;64;9;4;2;good
DEBB021;"'2021-01-13 13:00'";4;64;9;4;2;good
DEBB021;"'2021-01-13 14:00'";5;64;9;4;2;good
DEBB021;"'2021-01-13 15:00'";4;63;11;4;2;good
DEBB021;"'2021-01-13 16:00'";4;58;14;3;2;good
DEBB021;"'2021-01-13 17:00'";4;60;13;4;2;good
DEBB021;"'2021-01-13 18:00'";4;62;10;3;2;good
DEBB021;"'2021-01-13 19:00'";0.8;63;6;0.8;2;good
DEBB021;"'2021-01-13 20:00'";2;62;6;2;2;good
DEBB021;"'2021-01-13 21:00'";3;57;7;3;2;good
DEBB021;"'2021-01-13 22:00'";3;53;7;3;2;good
DEBB021;"'2021-01-13 23:00'";4;51;6;4;2;good
DEBB021;"'2021-01-13 24:00'";3;55;5;3;2;good
DEBB021;"'2021-01-14 01:00'";3;56;5;3;2;good
DEBB021;"'2021-01-14 02:00'";4;55;5;3;2;good
DEBB021;"'2021-01-14 03:00'";2;55;7;1;2;good
DEBB021;"'2021-01-14 04:00'";0.8;53;4;0.8;2;good
DEBB021;"'2021-01-14 05:00'";0.8;50;6;0.8;2;good
DEBB021;"'2021-01-14 06:00'";3;48;7;3;2;good
DEBB021;"'2021-01-14 07:00'";5;47;9;5;2;good
DEBB021;"'2021-01-14 08:00'";6;43;12;6;2;good
DEBB021;"'2021-01-14 09:00'";6;44;13;6;2;good
DEBB021;"'2021-01-14 10:00'";4;49;12;4;2;good
DEBB021;"'2021-01-14 11:00'";4;51;11;4;2;good
DEBB021;"'2021-01-14 12:00'";7;41;11;7;2;good
DEBB021;"'2021-01-14 13:00'";9;40;10;8;2;good
DEBB021;"'2021-01-14 14:00'";8;43;8;8;2;good
DEBB021;"'2021-01-14 15:00'";10;40;9;9;2;good
DEBB021;"'2021-01-14 16:00'";12;33;12;11;2;good
DEBB021;"'2021-01-14 17:00'";11;28;12;11;2;good
DEBB021;"'2021-01-14 18:00'";10;24;12;10;2;good
DEBB021;"'2021-01-14 19:00'";10;22;12;9;2;good
DEBB021;"'2021-01-14 20:00'";10;20;12;10;2;good
DEBB021;"'2021-01-14 21:00'";10;22;12;10;2;good
DEBB021;"'2021-01-14 22:00'";8;33;8;7;2;good
DEBB021;"'2021-01-14 23:00'";7;33;8;7;2;good
DEBB021;"'2021-01-14 24:00'";7;29;8;7;2;good
DEBB021;"'2021-01-15 01:00'";7;26;8;7;2;good
DEBB021;"'2021-01-15 02:00'";7;28;7;6;2;good
DEBB021;"'2021-01-15 03:00'";6;31;6;6;2;good
DEBB021;"'2021-01-15 04:00'";7;31;6;6;2;good
DEBB021;"'2021-01-15 05:00'";7;30;7;7;2;good
DEBB021;"'2021-01-15 06:00'";8;29;9;8;2;good
DEBB021;"'2021-01-15 07:00'";8;27;12;7;2;good
DEBB021;"'2021-01-15 08:00'";8;26;12;8;2;good
DEBB021;"'2021-01-15 09:00'";9;28;12;9;2;good
DEBB021;"'2021-01-15 10:00'";9;30;13;9;2;good
DEBB021;"'2021-01-15 11:00'";9;38;11;9;2;good
DEBB021;"'2021-01-15 12:00'";9;39;12;9;2;good
DEBB021;"'2021-01-15 13:00'";8;47;9;7;2;good
DEBB021;"'2021-01-15 14:00'";7;49;9;7;2;good
DEBB021;"'2021-01-15 15:00'";7;48;10;7;2;good
DEBB021;"'2021-01-15 16:00'";7;45;12;7;2;good
DEBB021;"'2021-01-15 17:00'";7;46;9;7;2;good
DEBB021;"'2021-01-15 18:00'";7;48;8;6;2;good
DEBB021;"'2021-01-15 19:00'";6;57;7;5;2;good
DEBB021;"'2021-01-15 20:00'";6;59;7;5;2;good
DEBB021;"'2021-01-15 21:00'";6;55;8;6;2;good
DEBB021;"'2021-01-15 22:00'";6;58;6;6;2;good
DEBB021;"'2021-01-15 23:00'";5;64;5;4;2;good
DEBB021;"'2021-01-15 24:00'";4;64;4;4;2;good
DEBB021;"'2021-01-16 01:00'";4;66;4;4;2;good
DEBB021;"'2021-01-16 02:00'";5;67;5;4;2;good
DEBB021;"'2021-01-16 03:00'";6;61;8;5;2;good
DEBB021;"'2021-01-16 04:00'";6;62;7;5;2;good
DEBB021;"'2021-01-16 05:00'";6;61;6;5;2;good
DEBB021;"'2021-01-16 06:00'";6;56;7;6;2;good
DEBB021;"'2021-01-16 07:00'";6;52;10;6;2;good
DEBB021;"'2021-01-16 08:00'";7;53;9;7;2;good
DEBB021;"'2021-01-16 09:00'";9;50;10;9;2;good
DEBB021;"'2021-01-16 10:00'";10;49;9;9;2;good
DEBB021;"'2021-01-16 11:00'";10;48;10;9;2;good
DEBB021;"'2021-01-16 12:00'";10;49;9;9;2;good
DEBB021;"'2021-01-16 13:00'";10;50;9;9;2;good
DEBB021;"'2021-01-16 14:00'";10;52;8;9;2;good
DEBB021;"'2021-01-16 15:00'";10;52;9;9;2;good
DEBB021;"'2021-01-16 16:00'";10;52;10;9;2;good
DEBB021;"'2021-01-16 17:00'";11;51;11;10;2;good
DEBB021;"'2021-01-16 18:00'";10;51;11;10;2;good
DEBB021;"'2021-01-16 19:00'";10;52;10;9;2;good
DEBB021;"'2021-01-16 20:00'";10;54;8;9;2;good
DEBB021;"'2021-01-16 21:00'";9;56;7;9;2;good
DEBB021;"'2021-01-16 22:00'";10;53;11;10;2;good
DEBB021;"'2021-01-16 23:00'";10;47;14;10;2;good
DEBB021;"'2021-01-16 24:00'";11;45;15;11;2;good
DEBB021;"'2021-01-17 01:00'";11;45;14;11;2;good
DEBB021;"'2021-01-17 02:00'";11;43;14;11;2;good
DEBB021;"'2021-01-17 03:00'";12;39;18;11;3;good
DEBB021;"'2021-01-17 04:00'";11;30;25;11;3;good
DEBB021;"'2021-01-17 05:00'";11;31;17;11;3;good
DEBB021;"'2021-01-17 06:00'";11;25;25;11;2;good
DEBB021;"'2021-01-17 07:00'";11;23;25;11;2;good
DEBB021;"'2021-01-17 08:00'";11;27;18;10;2;good
DEBB021;"'2021-01-17 09:00'";11;21;27;11;2;good
DEBB021;"'2021-01-17 10:00'";14;17;28;13;3;good
DEBB021;"'2021-01-17 11:00'";13;28;19;12;3;good
DEBB021;"'2021-01-17 12:00'";14;39;17;11;2;good
DEBB021;"'2021-01-17 13:00'";13;42;14;11;3;good
DEBB021;"'2021-01-17 14:00'";15;42;16;12;3;good
DEBB021;"'2021-01-17 15:00'";15;38;20;12;3;good
DEBB021;"'2021-01-17 16:00'";15;37;22;12;3;good
DEBB021;"'2021-01-17 17:00'";16;34;20;13;3;good
DEBB021;"'2021-01-17 18:00'";17;26;25;15;3;good
DEBB021;"'2021-01-17 19:00'";19;22;29;18;3;moderate
DEBB021;"'2021-01-17 20:00'";23;25;26;23;3;moderate
DEBB021;"'2021-01-17 21:00'";22;20;30;21;2;moderate
DEBB021;"'2021-01-17 22:00'";17;25;26;17;2;moderate
DEBB021;"'2021-01-17 23:00'";16;27;23;15;2;good
DEBB021;"'2021-01-17 24:00'";17;25;24;16;2;moderate
DEBB021;"'2021-01-18 01:00'";18;23;23;17;2;moderate
DEBB021;"'2021-01-18 02:00'";17;22;23;16;2;moderate
DEBB021;"'2021-01-18 03:00'";15;24;20;15;2;good
DEBB021;"'2021-01-18 04:00'";15;26;16;14;2;good
DEBB021;"'2021-01-18 05:00'";18;23;16;18;2;moderate
DEBB021;"'2021-01-18 06:00'";22;19;18;21;2;moderate
DEBB021;"'2021-01-18 07:00'";21;15;24;21;2;moderate
DEBB021;"'2021-01-18 08:00'";20;16;24;20;2;moderate
DEBB021;"'2021-01-18 09:00'";24;11;28;23;2;moderate
DEBB021;"'2021-01-18 10:00'";26;9;29;24;2;moderate
DEBB021;"'2021-01-18 11:00'";27;11;27;26;-;moderate
DEBB021;"'2021-01-18 12:00'";28;13;25;27;1;moderate
DEBB021;"'2021-01-18 13:00'";28;12;25;27;2;moderate
DEBB021;"'2021-01-18 14:00'";29;11;29;27;2;moderate
DEBB021;"'2021-01-18 15:00'";27;22;28;22;2;moderate
DEBB021;"'2021-01-18 16:00'";20;27;30;16;1;moderate
DEBB021;"'2021-01-18 17:00'";11;42;22;9;1;good
DEBB021;"'2021-01-18 18:00'";9;48;15;8;1;good
DEBB021;"'2021-01-18 19:00'";10;46;15;9;0.8;good
DEBB021;"'2021-01-18 20:00'";10;45;14;10;1;good
DEBB021;"'2021-01-18 21:00'";9;46;14;9;0.8;good
DEBB021;"'2021-01-18 22:00'";9;43;18;9;0.5;good
DEBB021;"'2021-01-18 23:00'";12;44;16;12;0.5;good
DEBB021;"'2021-01-18 24:00'";13;42;18;13;0.5;good
DEBB021;"'2021-01-19 01:00'";14;40;18;14;0.5;good
DEBB021;"'2021-01-19 02:00'";14;39;17;14;0.5;good
DEBB021;"'2021-01-19 03:00'";14;41;15;14;0.5;good
DEBB021;"'2021-01-19 04:00'";13;45;15;12;0.5;good
DEBB021;"'2021-01-19 05:00'";11;46;9;11;0.5;good
DEBB021;"'2021-01-19 06:00'";11;45;10;10;0.8;good
DEBB021;"'2021-01-19 07:00'";8;42;13;8;0.5;good
DEBB021;"'2021-01-19 08:00'";9;41;15;8;0.5;good
DEBB021;"'2021-01-19 09:00'";10;38;16;9;0.5;good
DEBB021;"'2021-01-19 10:00'";10;41;15;9;0.5;good
DEBB021;"'2021-01-19 11:00'";9;47;14;8;1;good
DEBB021;"'2021-01-19 12:00'";7;49;14;7;0.8;good
DEBB021;"'2021-01-19 13:00'";6;48;15;6;0.9;good
DEBB021;"'2021-01-19 14:00'";4;53;12;4;0.5;good
DEBB021;"'2021-01-19 15:00'";5;52;14;5;0.5;good
DEBB021;"'2021-01-19 16:00'";5;52;16;5;0.5;good
DEBB021;"'2021-01-19 17:00'";4;53;15;3;0.5;good
DEBB021;"'2021-01-19 18:00'";3;54;12;2;0.5;good
DEBB021;"'2021-01-19 19:00'";3;52;12;2;0.5;good
DEBB021;"'2021-01-19 20:00'";4;49;12;4;0.5;good
DEBB021;"'2021-01-19 21:00'";5;48;10;5;0.5;good
DEBB021;"'2021-01-19 22:00'";5;47;10;5;0.5;good
DEBB021;"'2021-01-19 23:00'";5;47;9;5;0.5;good
DEBB021;"'2021-01-19 24:00'";5;46;9;5;0.5;good
DEBB021;"'2021-01-20 01:00'";5;45;8;5;0.5;good
DEBB021;"'2021-01-20 02:00'";6;46;7;6;0.5;good
DEBB021;"'2021-01-20 03:00'";7;48;6;6;0.5;good
DEBB021;"'2021-01-20 04:00'";9;48;6;9;0.5;good
DEBB021;"'2021-01-20 05:00'";8;49;6;8;0.5;good
DEBB021;"'2021-01-20 06:00'";7;51;7;6;0.5;good
DEBB021;"'2021-01-20 07:00'";6;49;11;5;0.5;good
DEBB021;"'2021-01-20 08:00'";5;46;14;5;0.5;good
DEBB021;"'2021-01-20 09:00'";5;47;16;5;0.5;good
DEBB021;"'2021-01-20 10:00'";5;49;15;5;0.5;good
DEBB021;"'2021-01-20 11:00'";5;51;14;4;0.5;good
DEBB021;"'2021-01-20 12:00'";5;55;15;4;0.5;good
DEBB021;"'2021-01-20 13:00'";10;59;14;9;1;good
DEBB021;"'2021-01-20 14:00'";4;59;13;3;2;good
DEBB021;"'2021-01-20 15:00'";4;60;13;3;2;good
DEBB021;"'2021-01-20 16:00'";4;57;15;3;2;good
DEBB021;"'2021-01-20 17:00'";5;57;15;4;2;good
DEBB021;"'2021-01-20 18:00'";4;56;15;4;2;good
DEBB021;"'2021-01-20 19:00'";4;54;15;4;3;good
DEBB021;"'2021-01-20 20:00'";5;55;14;4;3;good
DEBB021;"'2021-01-20 21:00'";5;55;13;4;2;good
DEBB021;"'2021-01-20 22:00'";5;55;13;4;2;good
DEBB021;"'2021-01-20 23:00'";5;55;13;4;2;good
DEBB021;"'2021-01-20 24:00'";5;53;11;4;2;good
DEBB021;"'2021-01-21 01:00'";4;53;11;4;3;good
DEBB021;"'2021-01-21 02:00'";4;51;12;4;2;good
DEBB021;"'2021-01-21 03:00'";4;52;12;4;2;good
DEBB021;"'2021-01-21 04:00'";3;56;11;3;2;good
DEBB021;"'2021-01-21 05:00'";3;56;11;3;2;good
DEBB021;"'2021-01-21 06:00'";3;55;12;3;2;good
DEBB021;"'2021-01-21 07:00'";4;55;13;3;2;good
DEBB021;"'2021-01-21 08:00'";5;58;13;3;1;good
DEBB021;"'2021-01-21 09:00'";5;60;12;3;1;good
DEBB021;"'2021-01-21 10:00'";4;61;13;3;2;good
DEBB021;"'2021-01-21 11:00'";4;65;11;3;2;good
DEBB021;"'2021-01-21 12:00'";5;69;10;3;2;good
DEBB021;"'2021-01-21 13:00'";5;71;10;3;1;good
DEBB021;"'2021-01-21 14:00'";5;68;12;3;1;good
DEBB021;"'2021-01-21 15:00'";3;69;10;2;0.8;good
DEBB021;"'2021-01-21 16:00'";2;65;14;0.8;0.5;good
DEBB021;"'2021-01-21 17:00'";2;69;9;0.8;0.5;good
DEBB021;"'2021-01-21 18:00'";0.8;71;8;0.8;0.5;good
DEBB021;"'2021-01-21 19:00'";0.8;70;7;0.8;0.5;good
DEBB021;"'2021-01-21 20:00'";0.8;69;6;0.8;0.5;good
DEBB021;"'2021-01-21 21:00'";0.8;66;7;0.8;0.5;good
DEBB021;"'2021-01-21 22:00'";2;58;9;2;0.5;good
DEBB021;"'2021-01-21 23:00'";2;61;7;2;0.5;good
DEBB021;"'2021-01-21 24:00'";2;61;6;2;0.5;good
DEBB021;"'2021-01-22 01:00'";2;59;6;2;1;good
DEBB021;"'2021-01-22 02:00'";3;58;6;2;0.5;good
DEBB021;"'2021-01-22 03:00'";2;70;4;1;0.5;good
DEBB021;"'2021-01-22 04:00'";2;76;3;0.8;0.5;moderate
DEBB021;"'2021-01-22 05:00'";2;75;4;0.8;1;moderate
DEBB021;"'2021-01-22 06:00'";1;74;5;0.8;0.8;moderate
DEBB021;"'2021-01-22 07:00'";2;72;6;0.8;0.5;good
DEBB021;"'2021-01-22 08:00'";2;69;9;0.8;0.5;good
DEBB021;"'2021-01-22 09:00'";2;65;11;1;1;good
DEBB021;"'2021-01-22 10:00'";2;64;11;1;0.8;good
DEBB021;"'2021-01-22 11:00'";0.8;59;14;0.8;0.5;good
DEBB021;"'2021-01-22 12:00'";1;63;11;1;0.5;good
DEBB021;"'2021-01-22 13:00'";1;60;15;1;0.5;good
DEBB021;"'2021-01-22 14:00'";3;59;17;2;0.5;good
DEBB021;"'2021-01-22 15:00'";3;56;19;2;0.5;good
DEBB021;"'2021-01-22 16:00'";3;59;14;2;0.5;good
DEBB021;"'2021-01-22 17:00'";2;65;16;0.8;0.5;good
DEBB021;"'2021-01-22 18:00'";3;60;19;2;0.5;good
DEBB021;"'2021-01-22 19:00'";5;49;24;4;0.5;good
DEBB021;"'2021-01-22 20:00'";7;44;25;6;0.5;good
DEBB021;"'2021-01-22 21:00'";5;49;17;5;0.5;good
DEBB021;"'2021-01-22 22:00'";6;45;19;6;0.5;good
DEBB021;"'2021-01-22 23:00'";6;44;20;6;0.5;good
DEBB021;"'2021-01-22 24:00'";6;46;14;5;0.5;good
DEBB021;"'2021-01-23 01:00'";8;27;27;8;0.5;good
DEBB021;"'2021-01-23 02:00'";11;17;33;10;0.5;moderate
DEBB021;"'2021-01-23 03:00'";11;14;36;10;0.5;moderate
DEBB021;"'2021-01-23 04:00'";10;9;38;9;0.5;moderate
DEBB021;"'2021-01-23 05:00'";9;15;31;8;0.5;moderate
DEBB021;"'2021-01-23 06:00'";9;22;22;8;0.5;good
DEBB021;"'2021-01-23 07:00'";9;10;33;8;0.5;moderate
DEBB021;"'2021-01-23 08:00'";9;10;34;9;0.5;moderate
DEBB021;"'2021-01-23 09:00'";10;8;33;9;0.5;moderate
DEBB021;"'2021-01-23 10:00'";12;17;26;12;0.5;good
DEBB021;"'2021-01-23 11:00'";16;24;21;15;0.5;good
DEBB021;"'2021-01-23 12:00'";17;31;17;16;0.5;moderate
DEBB021;"'2021-01-23 13:00'";17;32;17;16;0.5;moderate
DEBB021;"'2021-01-23 14:00'";20;26;18;19;0.5;moderate
DEBB021;"'2021-01-23 15:00'";19;29;19;18;0.5;moderate
DEBB021;"'2021-01-23 16:00'";20;24;24;18;0.5;moderate
DEBB021;"'2021-01-23 17:00'";23;23;22;21;0.5;moderate
DEBB021;"'2021-01-23 18:00'";25;19;23;23;0.5;moderate
DEBB021;"'2021-01-23 19:00'";21;19;25;20;0.5;moderate
DEBB021;"'2021-01-23 20:00'";16;29;19;15;0.5;good
DEBB021;"'2021-01-23 21:00'";14;36;15;14;0.5;good
DEBB021;"'2021-01-23 22:00'";14;35;15;14;0.5;good
DEBB021;"'2021-01-23 23:00'";16;30;17;16;0.5;moderate
DEBB021;"'2021-01-23 24:00'";16;25;17;16;0.5;moderate
DEBB021;"'2021-01-24 01:00'";16;27;15;16;0.5;moderate
DEBB021;"'2021-01-24 02:00'";16;26;15;16;0.5;moderate
DEBB021;"'2021-01-24 03:00'";16;27;15;16;0.5;moderate
DEBB021;"'2021-01-24 04:00'";15;26;15;15;0.5;good
DEBB021;"'2021-01-24 05:00'";15;28;17;14;0.5;good
DEBB021;"'2021-01-24 06:00'";15;25;15;15;0.5;good
DEBB021;"'2021-01-24 07:00'";12;36;14;12;0.5;good
DEBB021;"'2021-01-24 08:00'";9;44;11;9;0.5;good
DEBB021;"'2021-01-24 09:00'";6;49;10;6;0.5;good
DEBB021;"'2021-01-24 10:00'";5;52;10;5;0.5;good
DEBB021;"'2021-01-24 11:00'";5;52;11;5;0.5;good
DEBB021;"'2021-01-24 12:00'";5;54;10;5;0.5;good
DEBB021;"'2021-01-24 13:00'";6;54;9;5;0.5;good
DEBB021;"'2021-01-24 14:00'";6;53;11;5;0.5;good
DEBB021;"'2021-01-24 15:00'";6;46;18;6;0.5;good
DEBB021;"'2021-01-24 16:00'";8;39;25;8;0.5;good
DEBB021;"'2021-01-24 17:00'";10;38;24;10;0.5;good
DEBB021;"'2021-01-24 18:00'";14;33;25;14;0.5;good
DEBB021;"'2021-01-24 19:00'";14;40;18;13;0.9;good
DEBB021;"'2021-01-24 20:00'";14;38;14;13;0.5;good
DEBB021;"'2021-01-24 21:00'";11;40;11;11;0.5;good
DEBB021;"'2021-01-24 22:00'";12;37;12;11;0.5;good
DEBB021;"'2021-01-24 23:00'";12;35;11;12;0.5;good
DEBB021;"'2021-01-24 24:00'";11;37;11;10;0.5;good
DEBB021;"'2021-01-25 01:00'";11;35;11;11;0.5;good
DEBB021;"'2021-01-25 02:00'";10;39;10;10;0.5;good
DEBB021;"'2021-01-25 03:00'";12;46;9;12;0.5;good
DEBB021;"'2021-01-25 04:00'";12;47;8;12;0.5;good
DEBB021;"'2021-01-25 05:00'";15;40;10;14;0.5;good
DEBB021;"'2021-01-25 06:00'";17;28;20;17;0.5;moderate
DEBB021;"'2021-01-25 07:00'";17;24;25;17;0.5;moderate
DEBB021;"'2021-01-25 08:00'";17;27;23;17;0.5;moderate
DEBB021;"'2021-01-25 09:00'";18;30;23;17;0.8;moderate
DEBB021;"'2021-01-25 10:00'";20;33;20;18;0.8;moderate
DEBB021;"'2021-01-25 11:00'";20;39;16;19;1;moderate
DEBB021;"'2021-01-25 12:00'";18;45;16;17;2;moderate
DEBB021;"'2021-01-25 13:00'";19;50;15;17;1;moderate
DEBB021;"'2021-01-25 14:00'";19;50;14;17;2;moderate
DEBB021;"'2021-01-25 15:00'";18;50;15;16;2;moderate
DEBB021;"'2021-01-25 16:00'";19;45;15;17;1;moderate
DEBB021;"'2021-01-25 17:00'";20;39;18;19;1;moderate
DEBB021;"'2021-01-25 18:00'";23;36;19;22;0.8;moderate
DEBB021;"'2021-01-25 19:00'";26;30;23;25;0.5;moderate
DEBB021;"'2021-01-25 20:00'";25;29;22;24;0.9;moderate
DEBB021;"'2021-01-25 21:00'";26;27;25;25;0.5;moderate
DEBB021;"'2021-01-25 22:00'";24;27;24;23;2;moderate
DEBB021;"'2021-01-25 23:00'";23;28;22;22;2;moderate
DEBB021;"'2021-01-25 24:00'";22;28;21;21;1;moderate
DEBB021;"'2021-01-26 01:00'";21;33;18;20;1;moderate
DEBB021;"'2021-01-26 02:00'";21;38;17;20;2;moderate
DEBB021;"'2021-01-26 03:00'";21;34;18;20;1;moderate
DEBB021;"'2021-01-26 04:00'";20;27;24;19;1;moderate
DEBB021;"'2021-01-26 05:00'";20;26;23;19;1;moderate
DEBB021;"'2021-01-26 06:00'";19;31;18;18;1;moderate
DEBB021;"'2021-01-26 07:00'";18;28;21;17;1;moderate
DEBB021;"'2021-01-26 08:00'";20;28;23;18;1;moderate
DEBB021;"'2021-01-26 09:00'";23;27;23;20;1;moderate
DEBB021;"'2021-01-26 10:00'";24;26;26;21;1;moderate
DEBB021;"'2021-01-26 11:00'";23;33;21;21;2;moderate
DEBB021;"'2021-01-26 12:00'";21;40;18;20;2;moderate
DEBB021;"'2021-01-26 13:00'";22;44;17;21;2;moderate
DEBB021;"'2021-01-26 14:00'";22;47;14;21;2;moderate
DEBB021;"'2021-01-26 15:00'";20;50;15;19;2;moderate
DEBB021;"'2021-01-26 16:00'";19;45;19;18;2;moderate
DEBB021;"'2021-01-26 17:00'";17;47;19;16;2;moderate
DEBB021;"'2021-01-26 18:00'";19;44;19;18;1;moderate
DEBB021;"'2021-01-26 19:00'";19;44;18;18;2;moderate
DEBB021;"'2021-01-26 20:00'";16;48;14;16;1;moderate
DEBB021;"'2021-01-26 21:00'";15;48;15;15;1;good
DEBB021;"'2021-01-26 22:00'";14;47;15;14;1;good
DEBB021;"'2021-01-26 23:00'";14;47;14;13;1;good
DEBB021;"'2021-01-26 24:00'";14;47;13;13;1;good
DEBB021;"'2021-01-27 01:00'";15;44;12;14;1;good
DEBB021;"'2021-01-27 02:00'";13;45;11;13;0.8;good
DEBB021;"'2021-01-27 03:00'";13;45;12;13;0.8;good
DEBB021;"'2021-01-27 04:00'";16;38;15;15;1;good
DEBB021;"'2021-01-27 05:00'";18;32;18;17;0.8;moderate
DEBB021;"'2021-01-27 06:00'";20;26;21;20;0.8;moderate
DEBB021;"'2021-01-27 07:00'";20;18;29;19;1;moderate
DEBB021;"'2021-01-27 08:00'";19;24;25;18;1;moderate
DEBB021;"'2021-01-27 09:00'";20;25;24;17;0.8;moderate
DEBB021;"'2021-01-27 10:00'";20;26;23;18;1;moderate
DEBB021;"'2021-01-27 11:00'";18;33;18;17;1;moderate
DEBB021;"'2021-01-27 12:00'";18;41;16;16;1;moderate
DEBB021;"'2021-01-27 13:00'";17;46;16;15;1;good
DEBB021;"'2021-01-27 14:00'";17;48;14;15;2;good
DEBB021;"'2021-01-27 15:00'";16;50;15;14;2;good
DEBB021;"'2021-01-27 16:00'";15;50;16;13;1;good
DEBB021;"'2021-01-27 17:00'";12;50;17;11;1;good
DEBB021;"'2021-01-27 18:00'";8;55;18;7;1;good
DEBB021;"'2021-01-27 19:00'";9;53;17;8;1;good
DEBB021;"'2021-01-27 20:00'";10;50;16;9;2;good
DEBB021;"'2021-01-27 21:00'";10;52;14;9;2;good
DEBB021;"'2021-01-27 22:00'";10;52;12;9;1;good
DEBB021;"'2021-01-27 23:00'";11;50;12;10;1;good
DEBB021;"'2021-01-27 24:00'";11;48;12;11;1;good
DEBB021;"'2021-01-28 01:00'";11;46;11;11;0.5;good
DEBB021;"'2021-01-28 02:00'";12;43;10;12;0.5;good
DEBB021;"'2021-01-28 03:00'";12;40;10;12;0.5;good
DEBB021;"'2021-01-28 04:00'";12;36;10;12;0.5;good
DEBB021;"'2021-01-28 05:00'";11;31;12;11;0.5;good
DEBB021;"'2021-01-28 06:00'";11;23;19;11;0.5;good
DEBB021;"'2021-01-28 07:00'";12;20;23;12;0.5;good
DEBB021;"'2021-01-28 08:00'";12;23;21;12;0.5;good
DEBB021;"'2021-01-28 09:00'";8;29;16;8;0.5;good
DEBB021;"'2021-01-28 10:00'";7;34;14;6;0.5;good
DEBB021;"'2021-01-28 11:00'";8;37;12;8;0.5;good
DEBB021;"'2021-01-28 12:00'";10;36;14;10;0.5;good
DEBB021;"'2021-01-28 13:00'";10;43;13;9;0.5;good
DEBB021;"'2021-01-28 14:00'";9;48;11;9;0.5;good
DEBB021;"'2021-01-28 15:00'";9;48;12;9;0.5;good
DEBB021;"'2021-01-28 16:00'";8;53;11;7;0.5;good
DEBB021;"'2021-01-28 17:00'";6;50;16;5;0.5;good
DEBB021;"'2021-01-28 18:00'";6;48;15;6;0.5;good
DEBB021;"'2021-01-28 19:00'";6;53;11;6;0.5;good
DEBB021;"'2021-01-28 20:00'";6;52;12;5;0.5;good
DEBB021;"'2021-01-28 21:00'";6;53;11;6;0.5;good
DEBB021;"'2021-01-28 22:00'";6;50;12;6;0.5;good
DEBB021;"'2021-01-28 23:00'";6;46;15;6;0.5;good
DEBB021;"'2021-01-28 24:00'";6;36;20;5;0.5;good
DEBB021;"'2021-01-29 01:00'";5;44;17;5;0.8;good
DEBB021;"'2021-01-29 02:00'";6;40;16;5;0.5;good
DEBB021;"'2021-01-29 03:00'";6;43;13;5;0.5;good
DEBB021;"'2021-01-29 04:00'";6;41;14;5;0.5;good
DEBB021;"'2021-01-29 05:00'";6;39;16;5;0.5;good
DEBB021;"'2021-01-29 06:00'";5;41;12;5;0.5;good
DEBB021;"'2021-01-29 07:00'";6;22;31;5;0.5;moderate
DEBB021;"'2021-01-29 08:00'";7;11;42;6;0.5;moderate
DEBB021;"'2021-01-29 09:00'";9;15;41;8;1;moderate
DEBB021;"'2021-01-29 10:00'";8;27;31;7;0.5;moderate
DEBB021;"'2021-01-29 11:00'";9;30;30;7;0.5;good
DEBB021;"'2021-01-29 12:00'";8;31;29;7;0.5;good
DEBB021;"'2021-01-29 13:00'";8;37;25;7;0.5;good
DEBB021;"'2021-01-29 14:00'";8;42;21;6;0.9;good
DEBB021;"'2021-01-29 15:00'";7;45;20;6;1;good
DEBB021;"'2021-01-29 16:00'";9;39;25;7;1;good
DEBB021;"'2021-01-29 17:00'";6;40;24;5;2;good
DEBB021;"'2021-01-29 18:00'";7;37;24;6;2;good
DEBB021;"'2021-01-29 19:00'";9;37;20;8;1;good
DEBB021;"'2021-01-29 20:00'";9;34;21;9;1;good
DEBB021;"'2021-01-29 21:00'";9;39;19;9;1;good
DEBB021;"'2021-01-29 22:00'";8;48;12;8;1;good
DEBB021;"'2021-01-29 23:00'";10;44;12;9;1;good
DEBB021;"'2021-01-29 24:00'";11;39;15;11;1;good
DEBB021;"'2021-01-30 01:00'";12;36;17;12;2;good
DEBB021;"'2021-01-30 02:00'";12;37;17;12;1;good
DEBB021;"'2021-01-30 03:00'";13;38;14;13;1;good
DEBB021;"'2021-01-30 04:00'";10;45;11;9;2;good
DEBB021;"'2021-01-30 05:00'";10;44;9;10;1;good
DEBB021;"'2021-01-30 06:00'";10;40;13;10;2;good
DEBB021;"'2021-01-30 07:00'";12;35;12;12;1;good
DEBB021;"'2021-01-30 08:00'";13;33;14;13;1;good
DEBB021;"'2021-01-30 09:00'";11;41;10;11;0.5;good
DEBB021;"'2021-01-30 10:00'";9;47;9;9;0.5;good
DEBB021;"'2021-01-30 11:00'";11;43;12;11;0.5;good
DEBB021;"'2021-01-30 12:00'";10;45;9;10;0.5;good
DEBB021;"'2021-01-30 13:00'";7;46;8;7;0.8;good
DEBB021;"'2021-01-30 14:00'";4;49;7;4;0.8;good
DEBB021;"'2021-01-30 15:00'";4;51;8;4;0.5;good
DEBB021;"'2021-01-30 16:00'";5;50;10;5;0.5;good
DEBB021;"'2021-01-30 17:00'";7;43;16;6;0.5;good
DEBB021;"'2021-01-30 18:00'";10;39;21;9;0.9;good
DEBB021;"'2021-01-30 19:00'";13;34;25;12;0.8;good
DEBB021;"'2021-01-30 20:00'";14;34;22;14;0.8;good
DEBB021;"'2021-01-30 21:00'";13;30;26;13;1;good
DEBB021;"'2021-01-30 22:00'";13;30;24;13;1;good
DEBB021;"'2021-01-30 23:00'";16;29;21;16;1;moderate
DEBB021;"'2021-01-30 24:00'";16;21;28;16;0.5;moderate
DEBB021;"'2021-01-31 01:00'";16;15;30;16;0.5;moderate
DEBB021;"'2021-01-31 02:00'";16;14;27;16;0.5;moderate
DEBB021;"'2021-01-31 03:00'";22;14;23;18;0.5;moderate
DEBB021;"'2021-01-31 04:00'";19;18;21;16;0.5;moderate
DEBB021;"'2021-01-31 05:00'";18;15;20;14;0.5;good
DEBB021;"'2021-01-31 06:00'";18;10;22;15;0.5;good
DEBB021;"'2021-01-31 07:00'";13;16;20;11;0.5;good
DEBB021;"'2021-01-31 08:00'";13;11;25;12;0.9;good
DEBB021;"'2021-01-31 09:00'";13;8;25;13;0.5;good
DEBB021;"'2021-01-31 10:00'";12;16;23;12;0.8;good
DEBB021;"'2021-01-31 11:00'";12;36;13;12;0.5;good
DEBB021;"'2021-01-31 12:00'";13;45;11;13;0.5;good
DEBB021;"'2021-01-31 13:00'";11;53;7;11;2;good
DEBB021;"'2021-01-31 14:00'";10;53;8;10;2;good
DEBB021;"'2021-01-31 15:00'";10;54;9;10;3;good
DEBB021;"'2021-01-31 16:00'";11;55;10;11;3;good
DEBB021;"'2021-01-31 17:00'";11;48;15;11;2;good
DEBB021;"'2021-01-31 18:00'";13;37;24;13;2;good
DEBB021;"'2021-01-31 19:00'";16;35;25;15;2;good
DEBB021;"'2021-01-31 20:00'";20;21;37;20;1;moderate
DEBB021;"'2021-01-31 21:00'";21;25;33;21;1;moderate
DEBB021;"'2021-01-31 22:00'";21;23;33;21;1;moderate
DEBB021;"'2021-01-31 23:00'";22;15;39;22;1;moderate
DEBB021;"'2021-01-31 24:00'";21;11;43;21;1;moderate
DEBB021;"'2021-02-01 01:00'";21;7;44;21;0.9;moderate
DEBB021;"'2021-02-01 02:00'";20;10;42;20;1;moderate
DEBB021;"'2021-02-01 03:00'";19;20;30;19;2;moderate
DEBB021;"'2021-02-01 04:00'";18;26;26;18;2;moderate
DEBB021;"'2021-02-01 05:00'";17;28;23;17;1;moderate
DEBB021;"'2021-02-01 06:00'";17;24;29;17;1;moderate
DEBB021;"'2021-02-01 07:00'";17;20;35;17;1;moderate
DEBB021;"'2021-02-01 08:00'";18;17;40;17;2;moderate
DEBB021;"'2021-02-01 09:00'";22;24;36;21;2;moderate
DEBB021;"'2021-02-01 10:00'";23;33;30;22;4;moderate
DEBB021;"'2021-02-01 11:00'";23;41;23;22;4;moderate
DEBB021;"'2021-02-01 12:00'";23;46;23;21;4;moderate
DEBB021;"'2021-02-01 13:00'";25;48;22;22;4;moderate
DEBB021;"'2021-02-01 14:00'";23;51;22;21;5;moderate
DEBB021;"'2021-02-01 15:00'";22;55;21;19;6;moderate
DEBB021;"'2021-02-01 16:00'";20;52;27;19;7;moderate
DEBB021;"'2021-02-01 17:00'";22;41;37;21;7;moderate
DEBB021;"'2021-02-01 18:00'";25;41;38;24;8;moderate
DEBB021;"'2021-02-01 19:00'";29;48;30;28;6;moderate
DEBB021;"'2021-02-01 20:00'";31;49;27;30;5;moderate
DEBB021;"'2021-02-01 21:00'";32;50;24;31;4;poor
DEBB021;"'2021-02-01 22:00'";33;48;24;32;4;poor
DEBB021;"'2021-02-01 23:00'";34;46;25;33;4;poor
DEBB021;"'2021-02-01 24:00'";35;44;25;33;4;poor
DEBB021;"'2021-02-02 01:00'";34;42;24;33;4;poor
DEBB021;"'2021-02-02 02:00'";34;40;22;33;3;poor
DEBB021;"'2021-02-02 03:00'";31;36;21;29;3;moderate
DEBB021;"'2021-02-02 04:00'";31;26;26;29;2;moderate
DEBB021;"'2021-02-02 05:00'";29;18;25;28;2;moderate
DEBB021;"'2021-02-02 06:00'";28;13;28;28;2;moderate
DEBB021;"'2021-02-02 07:00'";25;11;29;25;2;moderate
DEBB021;"'2021-02-02 08:00'";23;9;30;23;2;moderate
DEBB021;"'2021-02-02 09:00'";22;11;29;22;2;moderate
DEBB021;"'2021-02-02 10:00'";19;14;25;18;2;moderate
DEBB021;"'2021-02-02 11:00'";19;17;21;19;2;moderate
DEBB021;"'2021-02-02 12:00'";19;18;20;19;2;moderate
DEBB021;"'2021-02-02 13:00'";20;18;21;19;2;moderate
DEBB021;"'2021-02-02 14:00'";17;16;23;17;2;moderate
DEBB021;"'2021-02-02 15:00'";16;11;29;15;2;good
DEBB021;"'2021-02-02 16:00'";16;8;29;16;2;moderate
DEBB021;"'2021-02-02 17:00'";16;3;35;16;2;moderate
DEBB021;"'2021-02-02 18:00'";18;2;37;17;2;moderate
DEBB021;"'2021-02-02 19:00'";17;1;36;17;2;moderate
DEBB021;"'2021-02-02 20:00'";16;1;35;16;2;moderate
DEBB021;"'2021-02-02 21:00'";14;2;34;14;2;moderate
DEBB021;"'2021-02-02 22:00'";14;2;33;14;1;moderate
DEBB021;"'2021-02-02 23:00'";13;1;32;13;1;moderate
DEBB021;"'2021-02-02 24:00'";12;1;31;12;1;moderate
DEBB021;"'2021-02-03 01:00'";13;1;31;13;1;moderate
DEBB021;"'2021-02-03 02:00'";14;0.8;30;14;1;good
DEBB021;"'2021-02-03 03:00'";14;1;29;14;1;good
DEBB021;"'2021-02-03 04:00'";17;0.8;29;14;1;good
DEBB021;"'2021-02-03 05:00'";15;0.5;28;13;1;good
DEBB021;"'2021-02-03 06:00'";13;0.8;28;13;1;good
DEBB021;"'2021-02-03 07:00'";14;0.8;28;14;1;good
DEBB021;"'2021-02-03 08:00'";15;0.5;29;15;1;good
DEBB021;"'2021-02-03 09:00'";15;1;30;14;2;good
DEBB021;"'2021-02-03 10:00'";19;2;32;16;2;moderate
DEBB021;"'2021-02-03 11:00'";18;3;35;17;2;moderate
DEBB021;"'2021-02-03 12:00'";19;3;35;16;2;moderate
DEBB021;"'2021-02-03 13:00'";18;7;39;15;2;moderate
DEBB021;"'2021-02-03 14:00'";13;16;34;10;2;moderate
DEBB021;"'2021-02-03 15:00'";7;33;23;6;2;good
DEBB021;"'2021-02-03 16:00'";8;33;24;6;2;good
DEBB021;"'2021-02-03 17:00'";9;29;25;7;1;good
DEBB021;"'2021-02-03 18:00'";9;14;42;8;1;moderate
DEBB021;"'2021-02-03 19:00'";8;19;34;8;1;moderate
DEBB021;"'2021-02-03 20:00'";8;20;32;8;1;moderate
DEBB021;"'2021-02-03 21:00'";6;37;14;6;1;good
DEBB021;"'2021-02-03 22:00'";5;39;13;5;1;good
DEBB021;"'2021-02-03 23:00'";3;55;10;3;1;good
DEBB021;"'2021-02-03 24:00'";6;54;10;6;1;good
DEBB021;"'2021-02-04 01:00'";6;11;21;6;1;good
DEBB021;"'2021-02-04 02:00'";5;12;19;5;1;good
DEBB021;"'2021-02-04 03:00'";6;16;17;6;1;good
DEBB021;"'2021-02-04 04:00'";9;26;12;9;0.5;good
DEBB021;"'2021-02-04 05:00'";10;34;10;10;0.8;good
DEBB021;"'2021-02-04 06:00'";11;38;10;11;1;good
DEBB021;"'2021-02-04 07:00'";11;35;14;11;1;good
DEBB021;"'2021-02-04 08:00'";13;30;20;12;0.8;good
DEBB021;"'2021-02-04 09:00'";13;28;24;12;1;good
DEBB021;"'2021-02-04 10:00'";11;38;17;11;1;good
DEBB021;"'2021-02-04 11:00'";12;40;19;11;1;good
DEBB021;"'2021-02-04 12:00'";13;38;21;13;1;good
DEBB021;"'2021-02-04 13:00'";15;33;28;15;1;good
DEBB021;"'2021-02-04 14:00'";14;34;28;14;1;good
DEBB021;"'2021-02-04 15:00'";14;35;28;13;1;good
DEBB021;"'2021-02-04 16:00'";12;35;30;12;2;good
DEBB021;"'2021-02-04 17:00'";12;38;26;12;2;good
DEBB021;"'2021-02-04 18:00'";14;36;28;14;1;good
DEBB021;"'2021-02-04 19:00'";12;47;19;12;1;good
DEBB021;"'2021-02-04 20:00'";13;43;18;13;1;good
DEBB021;"'2021-02-04 21:00'";14;41;17;13;1;good
DEBB021;"'2021-02-04 22:00'";14;43;14;14;1;good
DEBB021;"'2021-02-04 23:00'";14;42;13;14;1;good
DEBB021;"'2021-02-04 24:00'";15;45;11;15;1;good
DEBB021;"'2021-02-05 01:00'";16;45;10;16;1;moderate
DEBB021;"'2021-02-05 02:00'";19;45;9;18;1;moderate
DEBB021;"'2021-02-05 03:00'";21;44;9;21;0.8;moderate
DEBB021;"'2021-02-05 04:00'";21;42;9;21;1;moderate
DEBB021;"'2021-02-05 05:00'";21;40;10;21;1;moderate
DEBB021;"'2021-02-05 06:00'";22;39;11;22;1;moderate
DEBB021;"'2021-02-05 07:00'";21;37;15;21;1;moderate
DEBB021;"'2021-02-05 08:00'";19;37;18;19;1;moderate
DEBB021;"'2021-02-05 09:00'";18;38;18;18;2;moderate
DEBB021;"'2021-02-05 10:00'";18;38;17;18;2;moderate
DEBB021;"'2021-02-05 11:00'";20;38;16;20;2;moderate
DEBB021;"'2021-02-05 12:00'";20;37;16;19;2;moderate
DEBB021;"'2021-02-05 13:00'";19;36;17;18;2;moderate
DEBB021;"'2021-02-05 14:00'";18;37;18;17;2;moderate
DEBB021;"'2021-02-05 15:00'";16;38;17;15;2;good
DEBB021;"'2021-02-05 16:00'";14;39;20;14;2;good
DEBB021;"'2021-02-05 17:00'";13;39;20;12;2;good
DEBB021;"'2021-02-05 18:00'";12;39;21;11;2;good
DEBB021;"'2021-02-05 19:00'";13;42;17;12;2;good
DEBB021;"'2021-02-05 20:00'";13;43;16;13;3;good
DEBB021;"'2021-02-05 21:00'";14;42;15;13;2;good
DEBB021;"'2021-02-05 22:00'";14;41;15;14;2;good
DEBB021;"'2021-02-05 23:00'";15;38;17;15;3;good
DEBB021;"'2021-02-05 24:00'";16;38;16;16;3;moderate
DEBB021;"'2021-02-06 01:00'";22;35;17;22;3;moderate
DEBB021;"'2021-02-06 02:00'";27;35;17;27;4;moderate
DEBB021;"'2021-02-06 03:00'";31;34;17;31;4;poor
DEBB021;"'2021-02-06 04:00'";30;38;16;29;4;moderate
DEBB021;"'2021-02-06 05:00'";25;41;14;25;3;moderate
DEBB021;"'2021-02-06 06:00'";20;42;15;20;4;moderate
DEBB021;"'2021-02-06 07:00'";18;46;13;17;3;moderate
DEBB021;"'2021-02-06 08:00'";15;49;13;14;4;good
DEBB021;"'2021-02-06 09:00'";14;49;14;14;4;good
DEBB021;"'2021-02-06 10:00'";14;52;13;14;4;good
DEBB021;"'2021-02-06 11:00'";14;52;14;13;5;good
DEBB021;"'2021-02-06 12:00'";13;54;13;12;6;good
DEBB021;"'2021-02-06 13:00'";11;55;13;11;7;good
DEBB021;"'2021-02-06 14:00'";10;58;11;10;4;good
DEBB021;"'2021-02-06 15:00'";10;57;11;10;4;good
DEBB021;"'2021-02-06 16:00'";11;55;12;11;3;good
DEBB021;"'2021-02-06 17:00'";13;54;12;12;3;good
DEBB021;"'2021-02-06 18:00'";18;50;12;17;3;moderate
DEBB021;"'2021-02-06 19:00'";20;49;12;19;3;moderate
DEBB021;"'2021-02-06 20:00'";21;49;12;20;3;moderate
DEBB021;"'2021-02-06 21:00'";20;51;12;20;3;moderate
DEBB021;"'2021-02-06 22:00'";18;54;10;17;3;moderate
DEBB021;"'2021-02-06 23:00'";16;58;10;16;3;moderate
DEBB021;"'2021-02-06 24:00'";12;63;9;12;3;good
DEBB021;"'2021-02-07 01:00'";10;65;8;10;3;good
DEBB021;"'2021-02-07 02:00'";10;65;8;10;3;good
DEBB021;"'2021-02-07 03:00'";10;65;7;9;3;good
DEBB021;"'2021-02-07 04:00'";10;65;6;10;3;good
DEBB021;"'2021-02-07 05:00'";9;67;6;9;3;good
DEBB021;"'2021-02-07 06:00'";9;66;6;8;2;good
DEBB021;"'2021-02-07 07:00'";12;66;7;9;3;good
DEBB021;"'2021-02-07 08:00'";19;65;7;10;3;good
DEBB021;"'2021-02-07 09:00'";28;63;7;14;3;moderate
DEBB021;"'2021-02-07 10:00'";18;60;8;13;2;good
DEBB021;"'2021-02-07 11:00'";17;57;9;13;2;good
DEBB021;"'2021-02-07 12:00'";16;59;8;11;3;good
DEBB021;"'2021-02-07 13:00'";16;61;8;11;3;good
DEBB021;"'2021-02-07 14:00'";16;64;9;11;3;good
DEBB021;"'2021-02-07 15:00'";16;65;9;12;2;good
DEBB021;"'2021-02-07 16:00'";16;67;9;12;3;good
DEBB021;"'2021-02-07 17:00'";19;67;9;12;3;good
DEBB021;"'2021-02-07 18:00'";23;68;9;12;3;good
DEBB021;"'2021-02-07 19:00'";20;69;9;12;2;good
DEBB021;"'2021-02-07 20:00'";18;69;9;12;2;good
DEBB021;"'2021-02-07 21:00'";20;71;8;12;2;good
DEBB021;"'2021-02-07 22:00'";19;72;8;11;2;good
DEBB021;"'2021-02-07 23:00'";19;72;8;10;2;good
DEBB021;"'2021-02-07 24:00'";16;72;7;9;3;good
DEBB021;"'2021-02-08 01:00'";14;71;7;9;3;good
DEBB021;"'2021-02-08 02:00'";13;70;7;10;3;good
DEBB021;"'2021-02-08 03:00'";14;70;6;11;2;good
DEBB021;"'2021-02-08 04:00'";15;68;6;12;2;good
DEBB021;"'2021-02-08 05:00'";16;66;7;13;2;good
DEBB021;"'2021-02-08 06:00'";16;64;8;13;2;good
DEBB021;"'2021-02-08 07:00'";16;59;13;14;2;good
DEBB021;"'2021-02-08 08:00'";16;58;14;13;2;good
DEBB021;"'2021-02-08 09:00'";15;57;15;12;2;good
DEBB021;"'2021-02-08 10:00'";14;56;17;12;2;good
DEBB021;"'2021-02-08 11:00'";13;56;17;11;2;good
DEBB021;"'2021-02-08 12:00'";13;57;17;10;2;good
DEBB021;"'2021-02-08 13:00'";12;60;15;10;2;good
DEBB021;"'2021-02-08 14:00'";12;60;14;10;2;good
DEBB021;"'2021-02-08 15:00'";12;59;15;11;3;good
DEBB021;"'2021-02-08 16:00'";13;55;20;11;2;good
DEBB021;"'2021-02-08 17:00'";13;57;17;12;3;good
DEBB021;"'2021-02-08 18:00'";14;51;22;13;3;good
DEBB021;"'2021-02-08 19:00'";15;52;20;14;3;good
DEBB021;"'2021-02-08 20:00'";15;52;20;15;2;good
DEBB021;"'2021-02-08 21:00'";16;53;18;15;3;good
DEBB021;"'2021-02-08 22:00'";16;49;17;15;3;good
DEBB021;"'2021-02-08 23:00'";17;49;20;16;3;moderate
DEBB021;"'2021-02-08 24:00'";17;49;20;16;3;moderate
DEBB021;"'2021-02-09 01:00'";16;49;18;15;2;good
DEBB021;"'2021-02-09 02:00'";15;49;18;14;2;good
DEBB021;"'2021-02-09 03:00'";15;48;19;14;2;good
DEBB021;"'2021-02-09 04:00'";16;43;22;15;2;good
DEBB021;"'2021-02-09 05:00'";15;43;21;14;2;good
DEBB021;"'2021-02-09 06:00'";15;43;22;14;2;good
DEBB021;"'2021-02-09 07:00'";14;42;24;13;2;good
DEBB021;"'2021-02-09 08:00'";13;42;26;12;2;good
DEBB021;"'2021-02-09 09:00'";14;39;29;13;2;good
DEBB021;"'2021-02-09 10:00'";15;43;26;13;2;good
DEBB021;"'2021-02-09 11:00'";15;44;27;14;3;good
DEBB021;"'2021-02-09 12:00'";15;47;24;14;3;good
DEBB021;"'2021-02-09 13:00'";16;52;21;15;2;good
DEBB021;"'2021-02-09 14:00'";16;57;17;14;3;good
DEBB021;"'2021-02-09 15:00'";15;60;15;14;3;good
DEBB021;"'2021-02-09 16:00'";15;61;16;14;3;good
DEBB021;"'2021-02-09 17:00'";16;61;17;15;2;good
DEBB021;"'2021-02-09 18:00'";18;58;20;18;2;moderate
DEBB021;"'2021-02-09 19:00'";18;56;23;18;3;moderate
DEBB021;"'2021-02-09 20:00'";19;56;21;19;3;moderate
DEBB021;"'2021-02-09 21:00'";21;55;20;20;3;moderate
DEBB021;"'2021-02-09 22:00'";20;58;17;19;2;moderate
DEBB021;"'2021-02-09 23:00'";20;51;21;20;2;moderate
DEBB021;"'2021-02-09 24:00'";22;46;24;21;2;moderate
DEBB021;"'2021-02-10 01:00'";22;51;18;21;2;moderate
DEBB021;"'2021-02-10 02:00'";23;45;21;22;2;moderate
DEBB021;"'2021-02-10 03:00'";22;44;24;22;2;moderate
DEBB021;"'2021-02-10 04:00'";21;43;25;21;2;moderate
DEBB021;"'2021-02-10 05:00'";22;39;25;21;2;moderate
DEBB021;"'2021-02-10 06:00'";24;23;39;23;2;moderate
DEBB021;"'2021-02-10 07:00'";25;8;53;24;2;moderate
DEBB021;"'2021-02-10 08:00'";26;8;49;24;2;moderate
DEBB021;"'2021-02-10 09:00'";26;17;43;25;2;moderate
DEBB021;"'2021-02-10 10:00'";27;26;39;26;2;moderate
DEBB021;"'2021-02-10 11:00'";26;34;32;25;2;moderate
DEBB021;"'2021-02-10 12:00'";24;43;23;23;2;moderate
DEBB021;"'2021-02-10 13:00'";23;47;20;22;2;moderate
DEBB021;"'2021-02-10 14:00'";16;60;15;16;2;moderate
DEBB021;"'2021-02-10 15:00'";16;63;14;15;2;good
DEBB021;"'2021-02-10 16:00'";16;64;14;15;2;good
DEBB021;"'2021-02-10 17:00'";18;61;19;18;2;moderate
DEBB021;"'2021-02-10 18:00'";21;58;24;19;2;moderate
DEBB021;"'2021-02-10 19:00'";20;51;29;18;2;moderate
DEBB021;"'2021-02-10 20:00'";23;29;48;22;2;moderate
DEBB021;"'2021-02-10 21:00'";28;22;50;27;2;moderate
DEBB021;"'2021-02-10 22:00'";27;31;39;26;1;moderate
DEBB021;"'2021-02-10 23:00'";28;26;42;28;2;moderate
DEBB021;"'2021-02-10 24:00'";26;28;40;26;2;moderate
DEBB021;"'2021-02-11 01:00'";17;45;24;16;2;moderate
DEBB021;"'2021-02-11 02:00'";17;42;24;16;2;moderate
DEBB021;"'2021-02-11 03:00'";13;42;24;12;2;good
DEBB021;"'2021-02-11 04:00'";6;59;10;6;1;good
DEBB021;"'2021-02-11 05:00'";3;66;9;3;1;good
DEBB021;"'2021-02-11 06:00'";3;65;11;3;1;good
DEBB021;"'2021-02-11 07:00'";4;62;14;4;2;good
DEBB021;"'2021-02-11 08:00'";4;53;24;4;2;good
DEBB021;"'2021-02-11 09:00'";5;57;19;5;2;good
DEBB021;"'2021-02-11 10:00'";5;63;14;5;2;good
DEBB021;"'2021-02-11 11:00'";5;63;14;5;1;good
DEBB021;"'2021-02-11 12:00'";6;65;11;6;2;good
DEBB021;"'2021-02-11 13:00'";7;65;11;7;2;good
DEBB021;"'2021-02-11 14:00'";7;66;10;7;2;good
DEBB021;"'2021-02-11 15:00'";8;66;11;7;2;good
DEBB021;"'2021-02-11 16:00'";8;64;14;7;2;good
DEBB021;"'2021-02-11 17:00'";5;65;14;5;2;good
DEBB021;"'2021-02-11 18:00'";6;64;15;5;2;good
DEBB021;"'2021-02-11 19:00'";9;53;24;8;2;good
DEBB021;"'2021-02-11 20:00'";11;50;26;11;2;good
DEBB021;"'2021-02-11 21:00'";10;56;19;10;2;good
DEBB021;"'2021-02-11 22:00'";12;50;24;12;2;good
DEBB021;"'2021-02-11 23:00'";11;49;24;11;2;good
DEBB021;"'2021-02-11 24:00'";11;54;16;10;1;good
DEBB021;"'2021-02-12 01:00'";10;52;17;10;1;good
DEBB021;"'2021-02-12 02:00'";9;58;12;8;1;good
DEBB021;"'2021-02-12 03:00'";8;62;12;7;2;good
DEBB021;"'2021-02-12 04:00'";8;59;15;7;2;good
DEBB021;"'2021-02-12 05:00'";6;61;13;6;2;good
DEBB021;"'2021-02-12 06:00'";5;66;9;5;1;good
DEBB021;"'2021-02-12 07:00'";4;67;10;4;1;good
DEBB021;"'2021-02-12 08:00'";6;64;12;6;1;good
DEBB021;"'2021-02-12 09:00'";8;61;13;8;1;good
DEBB021;"'2021-02-12 10:00'";7;60;13;7;1;good
DEBB021;"'2021-02-12 11:00'";6;61;14;6;2;good
DEBB021;"'2021-02-12 12:00'";5;62;15;5;2;good
DEBB021;"'2021-02-12 13:00'";4;68;13;4;1;good
DEBB021;"'2021-02-12 14:00'";5;72;11;4;1;good
DEBB021;"'2021-02-12 15:00'";3;74;11;3;2;moderate
DEBB021;"'2021-02-12 16:00'";3;75;11;2;2;moderate
DEBB021;"'2021-02-12 17:00'";2;76;11;2;2;moderate
DEBB021;"'2021-02-12 18:00'";2;75;12;2;2;moderate
DEBB021;"'2021-02-12 19:00'";4;74;13;4;2;moderate
DEBB021;"'2021-02-12 20:00'";6;65;19;6;1;good
DEBB021;"'2021-02-12 21:00'";9;59;24;8;2;good
DEBB021;"'2021-02-12 22:00'";10;54;27;10;2;good
DEBB021;"'2021-02-12 23:00'";10;55;23;9;1;good
DEBB021;"'2021-02-12 24:00'";8;54;23;7;1;good
DEBB021;"'2021-02-13 01:00'";13;42;27;12;2;good
DEBB021;"'2021-02-13 02:00'";13;37;28;13;2;good
DEBB021;"'2021-02-13 03:00'";11;38;26;11;1;good
DEBB021;"'2021-02-13 04:00'";10;35;26;10;1;good
DEBB021;"'2021-02-13 05:00'";11;30;32;11;1;moderate
DEBB021;"'2021-02-13 06:00'";12;29;33;11;1;moderate
DEBB021;"'2021-02-13 07:00'";13;24;39;12;1;moderate
DEBB021;"'2021-02-13 08:00'";14;22;40;13;2;moderate
DEBB021;"'2021-02-13 09:00'";15;32;30;14;2;good
DEBB021;"'2021-02-13 10:00'";16;36;27;15;2;good
DEBB021;"'2021-02-13 11:00'";17;44;23;16;2;moderate
DEBB021;"'2021-02-13 12:00'";14;59;13;14;2;good
DEBB021;"'2021-02-13 13:00'";15;62;13;14;2;good
DEBB021;"'2021-02-13 14:00'";16;64;13;15;2;good
DEBB021;"'2021-02-13 15:00'";11;71;10;10;1;good
DEBB021;"'2021-02-13 16:00'";4;75;10;4;2;moderate
DEBB021;"'2021-02-13 17:00'";6;74;12;6;2;moderate
DEBB021;"'2021-02-13 18:00'";11;64;20;11;2;good
DEBB021;"'2021-02-13 19:00'";15;60;21;14;3;good
DEBB021;"'2021-02-13 20:00'";17;57;22;16;2;moderate
DEBB021;"'2021-02-13 21:00'";18;56;21;17;2;moderate
DEBB021;"'2021-02-13 22:00'";19;55;21;18;2;moderate
DEBB021;"'2021-02-13 23:00'";19;56;21;18;2;moderate
DEBB021;"'2021-02-13 24:00'";19;59;18;18;2;moderate
DEBB021;"'2021-02-14 01:00'";17;57;20;16;2;moderate
DEBB021;"'2021-02-14 02:00'";16;58;18;16;3;moderate
DEBB021;"'2021-02-14 03:00'";17;56;19;16;2;moderate
DEBB021;"'2021-02-14 04:00'";17;54;19;16;2;moderate
DEBB021;"'2021-02-14 05:00'";16;56;16;16;2;moderate
DEBB021;"'2021-02-14 06:00'";18;56;15;17;2;moderate
DEBB021;"'2021-02-14 07:00'";19;54;16;18;2;moderate
DEBB021;"'2021-02-14 08:00'";21;51;18;19;2;moderate
DEBB021;"'2021-02-14 09:00'";20;55;22;18;3;moderate
DEBB021;"'2021-02-14 10:00'";16;61;15;16;3;moderate
DEBB021;"'2021-02-14 11:00'";14;67;12;14;3;good
DEBB021;"'2021-02-14 12:00'";15;71;12;15;3;good
DEBB021;"'2021-02-14 13:00'";18;72;12;18;2;moderate
DEBB021;"'2021-02-14 14:00'";19;77;12;18;2;moderate
DEBB021;"'2021-02-14 15:00'";16;79;12;15;2;moderate
DEBB021;"'2021-02-14 16:00'";19;76;14;18;2;moderate
DEBB021;"'2021-02-14 17:00'";19;75;15;18;2;moderate
DEBB021;"'2021-02-14 18:00'";20;71;19;19;2;moderate
DEBB021;"'2021-02-14 19:00'";22;49;38;21;2;moderate
DEBB021;"'2021-02-14 20:00'";25;28;51;24;2;moderate
DEBB021;"'2021-02-14 21:00'";25;40;35;24;2;moderate
DEBB021;"'2021-02-14 22:00'";24;46;28;24;3;moderate
DEBB021;"'2021-02-14 23:00'";31;21;48;31;2;poor
DEBB021;"'2021-02-14 24:00'";30;23;45;30;2;moderate
DEBB021;"'2021-02-15 01:00'";29;28;39;28;3;moderate
DEBB021;"'2021-02-15 02:00'";28;32;35;27;2;moderate
DEBB021;"'2021-02-15 03:00'";27;35;31;27;2;moderate
DEBB021;"'2021-02-15 04:00'";27;33;33;27;2;moderate
DEBB021;"'2021-02-15 05:00'";27;32;34;27;2;moderate
DEBB021;"'2021-02-15 06:00'";27;22;45;27;2;moderate
DEBB021;"'2021-02-15 07:00'";27;15;53;27;2;moderate
DEBB021;"'2021-02-15 08:00'";27;6;65;27;2;poor
DEBB021;"'2021-02-15 09:00'";26;18;52;25;2;moderate
DEBB021;"'2021-02-15 10:00'";21;30;42;21;3;moderate
DEBB021;"'2021-02-15 11:00'";19;38;35;17;3;moderate
DEBB021;"'2021-02-15 12:00'";17;45;30;14;3;good
DEBB021;"'2021-02-15 13:00'";15;51;25;12;3;good
DEBB021;"'2021-02-15 14:00'";11;59;23;8;3;good
DEBB021;"'2021-02-15 15:00'";8;65;20;6;3;good
DEBB021;"'2021-02-15 16:00'";10;62;23;6;4;good
DEBB021;"'2021-02-15 17:00'";10;56;28;7;6;good
DEBB021;"'2021-02-15 18:00'";11;47;35;9;8;moderate
DEBB021;"'2021-02-15 19:00'";10;55;27;9;7;good
DEBB021;"'2021-02-15 20:00'";7;71;15;7;4;good
DEBB021;"'2021-02-15 21:00'";9;69;15;8;3;good
DEBB021;"'2021-02-15 22:00'";9;67;15;9;3;good
DEBB021;"'2021-02-15 23:00'";11;63;15;11;3;good
DEBB021;"'2021-02-15 24:00'";12;59;17;12;3;good
DEBB021;"'2021-02-16 01:00'";12;55;17;12;3;good
DEBB021;"'2021-02-16 02:00'";13;50;18;13;2;good
DEBB021;"'2021-02-16 03:00'";14;48;14;14;2;good
DEBB021;"'2021-02-16 04:00'";16;42;17;16;2;moderate
DEBB021;"'2021-02-16 05:00'";18;39;17;18;2;moderate
DEBB021;"'2021-02-16 06:00'";20;36;17;19;2;moderate
DEBB021;"'2021-02-16 07:00'";22;26;26;20;2;moderate
DEBB021;"'2021-02-16 08:00'";26;19;29;21;2;moderate
DEBB021;"'2021-02-16 09:00'";27;20;27;21;2;moderate
DEBB021;"'2021-02-16 10:00'";26;21;26;20;2;moderate
DEBB021;"'2021-02-16 11:00'";23;18;28;19;2;moderate
DEBB021;"'2021-02-16 12:00'";26;22;25;22;2;moderate
DEBB021;"'2021-02-16 13:00'";24;26;25;23;2;moderate
DEBB021;"'2021-02-16 14:00'";24;28;24;21;2;moderate
DEBB021;"'2021-02-16 15:00'";21;24;29;20;2;moderate
DEBB021;"'2021-02-16 16:00'";27;26;31;25;2;moderate
DEBB021;"'2021-02-16 17:00'";29;21;36;27;2;moderate
DEBB021;"'2021-02-16 18:00'";28;18;38;26;2;moderate
DEBB021;"'2021-02-16 19:00'";25;14;42;24;2;moderate
DEBB021;"'2021-02-16 20:00'";22;18;37;22;2;moderate
DEBB021;"'2021-02-16 21:00'";20;22;32;20;2;moderate
DEBB021;"'2021-02-16 22:00'";20;21;30;19;2;moderate
DEBB021;"'2021-02-16 23:00'";19;22;27;19;2;moderate
DEBB021;"'2021-02-16 24:00'";18;24;23;18;2;moderate
DEBB021;"'2021-02-17 01:00'";17;24;21;17;2;moderate
DEBB021;"'2021-02-17 02:00'";17;24;21;17;2;moderate
DEBB021;"'2021-02-17 03:00'";18;23;20;18;2;moderate
DEBB021;"'2021-02-17 04:00'";16;26;20;16;2;moderate
DEBB021;"'2021-02-17 05:00'";15;34;20;14;2;good
DEBB021;"'2021-02-17 06:00'";14;39;18;14;2;good
DEBB021;"'2021-02-17 07:00'";14;43;17;13;2;good
DEBB021;"'2021-02-17 08:00'";16;44;19;15;2;good
DEBB021;"'2021-02-17 09:00'";16;44;21;15;2;good
DEBB021;"'2021-02-17 10:00'";17;50;17;16;2;moderate
DEBB021;"'2021-02-17 11:00'";15;52;16;14;2;good
DEBB021;"'2021-02-17 12:00'";13;59;13;13;2;good
DEBB021;"'2021-02-17 13:00'";13;61;13;12;2;good
DEBB021;"'2021-02-17 14:00'";12;60;14;12;2;good
DEBB021;"'2021-02-17 15:00'";12;59;15;11;2;good
DEBB021;"'2021-02-17 16:00'";13;59;15;13;2;good
DEBB021;"'2021-02-17 17:00'";14;56;18;13;2;good
DEBB021;"'2021-02-17 18:00'";14;49;24;13;2;good
DEBB021;"'2021-02-17 19:00'";15;49;23;14;2;good
DEBB021;"'2021-02-17 20:00'";16;41;30;14;2;good
DEBB021;"'2021-02-17 21:00'";16;43;23;14;2;good
DEBB021;"'2021-02-17 22:00'";16;48;18;15;2;good
DEBB021;"'2021-02-17 23:00'";18;46;18;16;2;moderate
DEBB021;"'2021-02-17 24:00'";18;39;19;17;2;moderate
DEBB021;"'2021-02-18 01:00'";17;33;22;15;2;good
DEBB021;"'2021-02-18 02:00'";16;28;23;14;2;good
DEBB021;"'2021-02-18 03:00'";14;28;19;13;2;good
DEBB021;"'2021-02-18 04:00'";15;16;31;13;2;moderate
DEBB021;"'2021-02-18 05:00'";12;18;28;11;2;good
DEBB021;"'2021-02-18 06:00'";11;13;30;10;2;good
DEBB021;"'2021-02-18 07:00'";11;8;42;10;2;moderate
DEBB021;"'2021-02-18 08:00'";11;2;50;10;2;moderate
DEBB021;"'2021-02-18 09:00'";19;2;55;13;3;moderate
DEBB021;"'2021-02-18 10:00'";17;11;42;14;2;moderate
DEBB021;"'2021-02-18 11:00'";14;31;24;12;2;good
DEBB021;"'2021-02-18 12:00'";10;43;18;9;2;good
DEBB021;"'2021-02-18 13:00'";9;46;16;7;2;good
DEBB021;"'2021-02-18 14:00'";9;48;15;7;3;good
DEBB021;"'2021-02-18 15:00'";8;53;15;7;3;good
DEBB021;"'2021-02-18 16:00'";8;60;14;6;4;good
DEBB021;"'2021-02-18 17:00'";7;59;14;5;4;good
DEBB021;"'2021-02-18 18:00'";8;50;22;6;2;good
DEBB021;"'2021-02-18 19:00'";8;38;34;6;2;moderate
DEBB021;"'2021-02-18 20:00'";8;45;25;7;2;good
DEBB021;"'2021-02-18 21:00'";8;58;14;7;3;good
DEBB021;"'2021-02-18 22:00'";8;59;13;8;3;good
DEBB021;"'2021-02-18 23:00'";9;62;12;8;3;good
DEBB021;"'2021-02-18 24:00'";9;61;10;9;3;good
DEBB021;"'2021-02-19 01:00'";10;58;10;9;2;good
DEBB021;"'2021-02-19 02:00'";10;52;12;10;2;good
DEBB021;"'2021-02-19 03:00'";10;51;10;10;2;good
DEBB021;"'2021-02-19 04:00'";10;52;10;9;2;good
DEBB021;"'2021-02-19 05:00'";7;48;13;7;2;good
DEBB021;"'2021-02-19 06:00'";7;54;11;6;2;good
DEBB021;"'2021-02-19 07:00'";5;57;13;5;2;good
DEBB021;"'2021-02-19 08:00'";5;49;25;4;2;good
DEBB021;"'2021-02-19 09:00'";8;47;25;7;2;good
DEBB021;"'2021-02-19 10:00'";11;56;16;10;2;good
DEBB021;"'2021-02-19 11:00'";14;63;10;12;2;good
DEBB021;"'2021-02-19 12:00'";14;66;10;12;2;good
DEBB021;"'2021-02-19 13:00'";13;70;10;11;2;good
DEBB021;"'2021-02-19 14:00'";10;75;9;8;2;moderate
DEBB021;"'2021-02-19 15:00'";9;77;9;7;2;moderate
DEBB021;"'2021-02-19 16:00'";8;77;9;6;2;moderate
DEBB021;"'2021-02-19 17:00'";10;72;12;7;2;good
DEBB021;"'2021-02-19 18:00'";16;57;24;8;2;good
DEBB021;"'2021-02-19 19:00'";15;40;38;10;2;moderate
DEBB021;"'2021-02-19 20:00'";10;51;23;8;2;good
DEBB021;"'2021-02-19 21:00'";12;45;25;10;2;good
DEBB021;"'2021-02-19 22:00'";18;25;42;15;1;moderate
DEBB021;"'2021-02-19 23:00'";21;11;55;18;2;moderate
DEBB021;"'2021-02-19 24:00'";17;19;41;15;1;moderate
DEBB021;"'2021-02-20 01:00'";16;16;42;14;1;moderate
DEBB021;"'2021-02-20 02:00'";14;28;27;12;1;good
DEBB021;"'2021-02-20 03:00'";10;35;21;10;1;good
DEBB021;"'2021-02-20 04:00'";9;31;22;9;1;good
DEBB021;"'2021-02-20 05:00'";9;30;19;8;1;good
DEBB021;"'2021-02-20 06:00'";10;28;19;9;2;good
DEBB021;"'2021-02-20 07:00'";11;24;21;10;2;good
DEBB021;"'2021-02-20 08:00'";11;24;22;10;2;good
DEBB021;"'2021-02-20 09:00'";10;27;20;9;2;good
DEBB021;"'2021-02-20 10:00'";10;32;18;9;2;good
DEBB021;"'2021-02-20 11:00'";10;34;17;9;3;good
DEBB021;"'2021-02-20 12:00'";10;41;14;8;3;good
DEBB021;"'2021-02-20 13:00'";10;49;12;8;3;good
DEBB021;"'2021-02-20 14:00'";11;52;12;9;3;good
DEBB021;"'2021-02-20 15:00'";12;54;11;9;3;good
DEBB021;"'2021-02-20 16:00'";12;55;12;9;3;good
DEBB021;"'2021-02-20 17:00'";13;52;14;10;3;good
DEBB021;"'2021-02-20 18:00'";16;47;19;12;3;good
DEBB021;"'2021-02-20 19:00'";24;28;37;19;2;moderate
DEBB021;"'2021-02-20 20:00'";28;19;47;23;2;moderate
DEBB021;"'2021-02-20 21:00'";25;27;39;21;2;moderate
DEBB021;"'2021-02-20 22:00'";20;41;24;18;2;moderate
DEBB021;"'2021-02-20 23:00'";18;48;17;16;3;moderate
DEBB021;"'2021-02-20 24:00'";18;47;15;16;3;moderate
DEBB021;"'2021-02-21 01:00'";20;44;15;18;3;moderate
DEBB021;"'2021-02-21 02:00'";21;44;14;19;3;moderate
DEBB021;"'2021-02-21 03:00'";22;48;12;21;3;moderate
DEBB021;"'2021-02-21 04:00'";22;49;11;21;3;moderate
DEBB021;"'2021-02-21 05:00'";22;49;10;21;3;moderate
DEBB021;"'2021-02-21 06:00'";21;50;10;20;3;moderate
DEBB021;"'2021-02-21 07:00'";21;46;12;20;3;moderate
DEBB021;"'2021-02-21 08:00'";22;44;11;20;3;moderate
DEBB021;"'2021-02-21 09:00'";22;45;11;20;3;moderate
DEBB021;"'2021-02-21 10:00'";21;49;10;18;3;moderate
DEBB021;"'2021-02-21 11:00'";19;50;10;16;4;moderate
DEBB021;"'2021-02-21 12:00'";18;54;10;14;3;good
DEBB021;"'2021-02-21 13:00'";19;56;9;14;3;good
DEBB021;"'2021-02-21 14:00'";18;60;10;13;3;good
DEBB021;"'2021-02-21 15:00'";16;66;9;12;3;good
DEBB021;"'2021-02-21 16:00'";17;66;10;12;3;good
DEBB021;"'2021-02-21 17:00'";17;65;11;12;3;good
DEBB021;"'2021-02-21 18:00'";20;55;17;14;3;good
DEBB021;"'2021-02-21 19:00'";25;42;29;18;2;moderate
DEBB021;"'2021-02-21 20:00'";20;49;15;17;2;moderate
DEBB021;"'2021-02-21 21:00'";20;44;13;17;2;moderate
DEBB021;"'2021-02-21 22:00'";21;38;13;19;2;moderate
DEBB021;"'2021-02-21 23:00'";22;33;14;20;2;moderate
DEBB021;"'2021-02-21 24:00'";22;32;14;20;2;moderate
DEBB021;"'2021-02-22 01:00'";22;30;13;21;2;moderate
DEBB021;"'2021-02-22 02:00'";22;30;13;21;2;moderate
DEBB021;"'2021-02-22 03:00'";22;29;13;21;3;moderate
DEBB021;"'2021-02-22 04:00'";23;27;13;22;2;moderate
DEBB021;"'2021-02-22 05:00'";22;26;13;22;2;moderate
DEBB021;"'2021-02-22 06:00'";22;25;15;21;2;moderate
DEBB021;"'2021-02-22 07:00'";22;15;25;21;2;moderate
DEBB021;"'2021-02-22 08:00'";23;8;35;21;2;moderate
DEBB021;"'2021-02-22 09:00'";23;15;29;21;2;moderate
DEBB021;"'2021-02-22 10:00'";21;27;18;19;2;moderate
DEBB021;"'2021-02-22 11:00'";21;31;15;18;3;moderate
DEBB021;"'2021-02-22 12:00'";20;37;14;17;3;moderate
DEBB021;"'2021-02-22 13:00'";21;43;13;16;3;moderate
DEBB021;"'2021-02-22 14:00'";20;46;14;15;3;good
DEBB021;"'2021-02-22 15:00'";18;52;14;14;3;good
DEBB021;"'2021-02-22 16:00'";20;51;17;14;3;good
DEBB021;"'2021-02-22 17:00'";21;49;18;15;3;good
DEBB021;"'2021-02-22 18:00'";21;41;23;15;3;good
DEBB021;"'2021-02-22 19:00'";28;23;38;19;3;moderate
DEBB021;"'2021-02-22 20:00'";27;20;37;22;3;moderate
DEBB021;"'2021-02-22 21:00'";27;13;40;22;3;moderate
DEBB021;"'2021-02-22 22:00'";27;2;52;22;3;moderate
DEBB021;"'2021-02-22 23:00'";26;2;51;22;3;moderate
DEBB021;"'2021-02-22 24:00'";24;3;45;21;3;moderate
DEBB021;"'2021-02-23 01:00'";23;4;38;20;2;moderate
DEBB021;"'2021-02-23 02:00'";22;7;32;19;2;moderate
DEBB021;"'2021-02-23 03:00'";22;7;30;19;2;moderate
DEBB021;"'2021-02-23 04:00'";21;4;29;18;2;moderate
DEBB021;"'2021-02-23 05:00'";21;2;32;18;2;moderate
DEBB021;"'2021-02-23 06:00'";21;0.9;33;18;2;moderate
DEBB021;"'2021-02-23 07:00'";22;0.5;35;17;2;moderate
DEBB021;"'2021-02-23 08:00'";24;1;41;18;3;moderate
DEBB021;"'2021-02-23 09:00'";30;2;44;20;3;moderate
DEBB021;"'2021-02-23 10:00'";39;4;45;21;3;moderate
DEBB021;"'2021-02-23 11:00'";41;8;39;21;3;moderate
DEBB021;"'2021-02-23 12:00'";31;19;27;19;3;moderate
DEBB021;"'2021-02-23 13:00'";35;28;23;18;2;moderate
DEBB021;"'2021-02-23 14:00'";38;40;19;19;3;moderate
DEBB021;"'2021-02-23 15:00'";40;46;18;20;3;moderate
DEBB021;"'2021-02-23 16:00'";41;54;17;20;3;moderate
DEBB021;"'2021-02-23 17:00'";41;53;17;22;2;moderate
DEBB021;"'2021-02-23 18:00'";49;31;37;24;2;moderate
DEBB021;"'2021-02-23 19:00'";47;24;41;25;2;moderate
DEBB021;"'2021-02-23 20:00'";40;32;28;26;2;moderate
DEBB021;"'2021-02-23 21:00'";33;39;19;22;2;moderate
DEBB021;"'2021-02-23 22:00'";30;39;19;21;2;moderate
DEBB021;"'2021-02-23 23:00'";31;12;42;22;2;moderate
DEBB021;"'2021-02-23 24:00'";31;30;26;22;3;moderate
DEBB021;"'2021-02-24 01:00'";34;32;18;24;3;moderate
DEBB021;"'2021-02-24 02:00'";33;30;18;23;2;moderate
DEBB021;"'2021-02-24 03:00'";33;34;16;23;2;moderate
DEBB021;"'2021-02-24 04:00'";33;34;16;22;2;moderate
DEBB021;"'2021-02-24 05:00'";32;33;15;22;2;moderate
DEBB021;"'2021-02-24 06:00'";31;3;40;22;2;moderate
DEBB021;"'2021-02-24 07:00'";31;5;42;22;2;moderate
DEBB021;"'2021-02-24 08:00'";32;17;30;22;2;moderate
DEBB021;"'2021-02-24 09:00'";32;23;26;21;2;moderate
DEBB021;"'2021-02-24 10:00'";33;28;22;20;2;moderate
DEBB021;"'2021-02-24 11:00'";33;35;18;20;3;moderate
DEBB021;"'2021-02-24 12:00'";32;41;15;20;3;moderate
DEBB021;"'2021-02-24 13:00'";34;52;12;19;3;moderate
DEBB021;"'2021-02-24 14:00'";33;60;11;19;2;moderate
DEBB021;"'2021-02-24 15:00'";37;58;12;20;2;moderate
DEBB021;"'2021-02-24 16:00'";39;54;15;21;2;moderate
DEBB021;"'2021-02-24 17:00'";41;50;17;22;2;moderate
DEBB021;"'2021-02-24 18:00'";42;40;23;23;3;moderate
DEBB021;"'2021-02-24 19:00'";42;41;22;24;2;moderate
DEBB021;"'2021-02-24 20:00'";41;37;26;26;2;moderate
DEBB021;"'2021-02-24 21:00'";41;33;28;27;2;moderate
DEBB021;"'2021-02-24 22:00'";43;23;34;29;2;moderate
DEBB021;"'2021-02-24 23:00'";43;4;49;29;2;moderate
DEBB021;"'2021-02-24 24:00'";45;2;48;32;2;poor
DEBB021;"'2021-02-25 01:00'";38;6;40;27;2;moderate
DEBB021;"'2021-02-25 02:00'";37;7;34;26;2;moderate
DEBB021;"'2021-02-25 03:00'";36;6;31;26;2;moderate
DEBB021;"'2021-02-25 04:00'";34;5;28;24;2;moderate
DEBB021;"'2021-02-25 05:00'";34;2;29;24;2;moderate
DEBB021;"'2021-02-25 06:00'";34;0.5;32;24;2;moderate
DEBB021;"'2021-02-25 07:00'";35;0.5;34;24;2;moderate
DEBB021;"'2021-02-25 08:00'";34;0.8;40;24;3;moderate
DEBB021;"'2021-02-25 09:00'";38;2;42;26;4;moderate
DEBB021;"'2021-02-25 10:00'";43;16;28;28;3;moderate
DEBB021;"'2021-02-25 11:00'";51;29;20;27;5;moderate
DEBB021;"'2021-02-25 12:00'";55;35;19;27;5;poor
DEBB021;"'2021-02-25 13:00'";59;44;16;28;3;poor
DEBB021;"'2021-02-25 14:00'";66;57;12;29;3;poor
DEBB021;"'2021-02-25 15:00'";64;58;14;28;3;poor
DEBB021;"'2021-02-25 16:00'";64;60;14;29;3;poor
DEBB021;"'2021-02-25 17:00'";64;58;17;28;2;poor
DEBB021;"'2021-02-25 18:00'";57;60;16;27;2;poor
DEBB021;"'2021-02-25 19:00'";54;56;18;28;3;moderate
DEBB021;"'2021-02-25 20:00'";57;42;29;29;3;poor
DEBB021;"'2021-02-25 21:00'";59;28;37;33;2;poor
DEBB021;"'2021-02-25 22:00'";53;17;44;36;2;poor
DEBB021;"'2021-02-25 23:00'";55;9;44;37;2;poor
DEBB021;"'2021-02-25 24:00'";48;19;32;32;2;poor
DEBB021;"'2021-02-26 01:00'";46;19;32;31;2;poor
DEBB021;"'2021-02-26 02:00'";45;13;33;31;2;poor
DEBB021;"'2021-02-26 03:00'";43;17;32;29;2;moderate
DEBB021;"'2021-02-26 04:00'";39;29;20;27;2;moderate
DEBB021;"'2021-02-26 05:00'";33;35;13;24;2;moderate
DEBB021;"'2021-02-26 06:00'";17;50;9;14;2;good
DEBB021;"'2021-02-26 07:00'";6;64;9;6;2;good
DEBB021;"'2021-02-26 08:00'";5;56;16;5;2;good
DEBB021;"'2021-02-26 09:00'";8;49;22;6;2;good
DEBB021;"'2021-02-26 10:00'";9;48;13;9;2;good
DEBB021;"'2021-02-26 11:00'";12;51;10;11;2;good
DEBB021;"'2021-02-26 12:00'";12;52;11;11;2;good
DEBB021;"'2021-02-26 13:00'";10;59;11;9;2;good
DEBB021;"'2021-02-26 14:00'";9;60;10;8;2;good
DEBB021;"'2021-02-26 15:00'";9;61;10;7;2;good
DEBB021;"'2021-02-26 16:00'";10;61;9;8;2;good
DEBB021;"'2021-02-26 17:00'";9;62;10;8;2;good
DEBB021;"'2021-02-26 18:00'";10;60;11;8;2;good
DEBB021;"'2021-02-26 19:00'";9;60;11;8;2;good
DEBB021;"'2021-02-26 20:00'";12;54;16;10;2;good
DEBB021;"'2021-02-26 21:00'";10;58;11;9;2;good
DEBB021;"'2021-02-26 22:00'";8;61;9;7;2;good
DEBB021;"'2021-02-26 23:00'";9;62;7;7;2;good
DEBB021;"'2021-02-26 24:00'";8;63;7;7;2;good
DEBB021;"'2021-02-27 01:00'";8;62;7;7;2;good
DEBB021;"'2021-02-27 02:00'";9;62;5;8;2;good
DEBB021;"'2021-02-27 03:00'";10;64;5;9;2;good
DEBB021;"'2021-02-27 04:00'";10;65;4;10;2;good
DEBB021;"'2021-02-27 05:00'";9;66;3;9;2;good
DEBB021;"'2021-02-27 06:00'";7;68;4;7;2;good
DEBB021;"'2021-02-27 07:00'";6;68;5;5;2;good
DEBB021;"'2021-02-27 08:00'";6;68;5;5;2;good
DEBB021;"'2021-02-27 09:00'";5;67;5;5;2;good
DEBB021;"'2021-02-27 10:00'";5;67;5;5;2;good
DEBB021;"'2021-02-27 11:00'";6;67;5;5;2;good
DEBB021;"'2021-02-27 12:00'";6;68;5;5;2;good
DEBB021;"'2021-02-27 13:00'";6;65;5;5;2;good
DEBB021;"'2021-02-27 14:00'";6;65;6;5;2;good
DEBB021;"'2021-02-27 15:00'";5;66;5;5;2;good
DEBB021;"'2021-02-27 16:00'";6;65;5;5;2;good
DEBB021;"'2021-02-27 17:00'";6;66;6;6;2;good
DEBB021;"'2021-02-27 18:00'";6;64;9;6;2;good
DEBB021;"'2021-02-27 19:00'";10;61;11;10;2;good
DEBB021;"'2021-02-27 20:00'";10;60;13;9;2;good
DEBB021;"'2021-02-27 21:00'";8;62;9;7;2;good
DEBB021;"'2021-02-27 22:00'";9;58;13;9;2;good
DEBB021;"'2021-02-27 23:00'";10;56;12;9;2;good
DEBB021;"'2021-02-27 24:00'";10;54;13;10;2;good
DEBB021;"'2021-02-28 01:00'";10;50;17;10;2;good
DEBB021;"'2021-02-28 02:00'";10;53;7;9;2;good
DEBB021;"'2021-02-28 03:00'";9;51;10;9;2;good
DEBB021;"'2021-02-28 04:00'";9;48;11;8;2;good
DEBB021;"'2021-02-28 05:00'";9;47;10;9;2;good
DEBB021;"'2021-02-28 06:00'";9;40;15;9;2;good
DEBB021;"'2021-02-28 07:00'";10;37;17;10;2;good
DEBB021;"'2021-02-28 08:00'";14;35;13;13;2;good
DEBB021;"'2021-02-28 09:00'";14;33;13;13;2;good
DEBB021;"'2021-02-28 10:00'";11;39;8;9;2;good
DEBB021;"'2021-02-28 11:00'";11;37;8;9;2;good
DEBB021;"'2021-02-28 12:00'";11;37;9;10;2;good
DEBB021;"'2021-02-28 13:00'";10;39;9;10;2;good
DEBB021;"'2021-02-28 14:00'";10;37;11;10;2;good
DEBB021;"'2021-02-28 15:00'";9;39;11;9;2;good
DEBB021;"'2021-02-28 16:00'";8;44;9;8;2;good
DEBB021;"'2021-02-28 17:00'";8;46;9;8;2;good
DEBB021;"'2021-02-28 18:00'";9;47;11;9;2;good
DEBB021;"'2021-02-28 19:00'";9;48;10;9;2;good
DEBB021;"'2021-02-28 20:00'";9;43;15;9;2;good
DEBB021;"'2021-02-28 21:00'";9;42;15;9;2;good
DEBB021;"'2021-02-28 22:00'";10;40;16;10;2;good
DEBB021;"'2021-02-28 23:00'";11;37;17;10;2;good
DEBB021;"'2021-02-28 24:00'";10;36;16;10;2;good
DEBB021;"'2021-03-01 01:00'";10;38;12;10;1;good
DEBB021;"'2021-03-01 02:00'";11;32;15;11;1;good
DEBB021;"'2021-03-01 03:00'";11;34;9;10;1;good
DEBB021;"'2021-03-01 04:00'";11;34;14;10;1;good
DEBB021;"'2021-03-01 05:00'";11;32;15;11;1;good
DEBB021;"'2021-03-01 06:00'";11;33;11;11;1;good
DEBB021;"'2021-03-01 07:00'";11;29;16;11;1;good
DEBB021;"'2021-03-01 08:00'";12;21;22;11;1;good
DEBB021;"'2021-03-01 09:00'";12;18;21;10;1;good
DEBB021;"'2021-03-01 10:00'";15;17;22;12;1;good
DEBB021;"'2021-03-01 11:00'";12;53;9;12;1;good
DEBB021;"'2021-03-01 12:00'";11;55;-;11;-;good
DEBB021;"'2021-03-01 13:00'";11;54;7;10;1;good
DEBB021;"'2021-03-01 14:00'";11;53;7;10;1;good
DEBB021;"'2021-03-01 15:00'";12;53;10;10;1;good
DEBB021;"'2021-03-01 16:00'";12;55;12;10;1;good
DEBB021;"'2021-03-01 17:00'";13;58;11;10;1;good
DEBB021;"'2021-03-01 18:00'";13;51;13;11;1;good
DEBB021;"'2021-03-01 19:00'";14;41;19;12;1;good
DEBB021;"'2021-03-01 20:00'";14;29;27;13;1;good
DEBB021;"'2021-03-01 21:00'";17;22;31;16;1;moderate
DEBB021;"'2021-03-01 22:00'";16;18;31;15;1;moderate
DEBB021;"'2021-03-01 23:00'";17;12;30;16;1;moderate
DEBB021;"'2021-03-01 24:00'";16;8;28;15;2;good
DEBB021;"'2021-03-02 01:00'";16;4;33;15;2;moderate
DEBB021;"'2021-03-02 02:00'";19;12;24;16;1;moderate
DEBB021;"'2021-03-02 03:00'";15;3;35;12;1;moderate
DEBB021;"'2021-03-02 04:00'";14;7;27;11;1;good
DEBB021;"'2021-03-02 05:00'";13;4;29;10;1;good
DEBB021;"'2021-03-02 06:00'";13;4;29;10;1;good
DEBB021;"'2021-03-02 07:00'";12;2;28;10;1;good
DEBB021;"'2021-03-02 08:00'";14;5;26;11;1;good
DEBB021;"'2021-03-02 09:00'";14;10;17;12;0.8;good
DEBB021;"'2021-03-02 10:00'";17;12;13;13;1;good
DEBB021;"'2021-03-02 11:00'";19;12;18;16;1;moderate
DEBB021;"'2021-03-02 12:00'";22;14;19;18;2;moderate
DEBB021;"'2021-03-02 13:00'";21;16;17;18;2;moderate
DEBB021;"'2021-03-02 14:00'";21;16;18;18;2;moderate
DEBB021;"'2021-03-02 15:00'";19;23;25;16;2;moderate
DEBB021;"'2021-03-02 16:00'";14;38;24;12;2;good
DEBB021;"'2021-03-02 17:00'";16;27;32;12;2;moderate
DEBB021;"'2021-03-02 18:00'";23;11;47;15;2;moderate
DEBB021;"'2021-03-02 19:00'";26;3;55;18;2;moderate
DEBB021;"'2021-03-02 20:00'";25;3;51;19;3;moderate
DEBB021;"'2021-03-02 21:00'";27;3;43;22;2;moderate
DEBB021;"'2021-03-02 22:00'";27;3;41;21;3;moderate
DEBB021;"'2021-03-02 23:00'";21;2;35;17;2;moderate
DEBB021;"'2021-03-02 24:00'";18;2;32;14;2;moderate
DEBB021;"'2021-03-03 01:00'";19;2;29;16;2;moderate
DEBB021;"'2021-03-03 02:00'";18;2;24;15;2;good
DEBB021;"'2021-03-03 03:00'";21;2;24;18;2;moderate
DEBB021;"'2021-03-03 04:00'";21;2;24;19;2;moderate
DEBB021;"'2021-03-03 05:00'";27;2;35;23;3;moderate
DEBB021;"'2021-03-03 06:00'";24;2;38;22;3;moderate
DEBB021;"'2021-03-03 07:00'";23;2;35;18;2;moderate
DEBB021;"'2021-03-03 08:00'";23;2;36;19;3;moderate
DEBB021;"'2021-03-03 09:00'";27;3;37;22;3;moderate
DEBB021;"'2021-03-03 10:00'";34;5;35;25;3;moderate
DEBB021;"'2021-03-03 11:00'";32;13;27;26;3;moderate
DEBB021;"'2021-03-03 12:00'";31;17;23;27;3;moderate
DEBB021;"'2021-03-03 13:00'";32;20;24;25;3;moderate
DEBB021;"'2021-03-03 14:00'";23;40;21;18;3;moderate
DEBB021;"'2021-03-03 15:00'";19;64;15;14;2;good
DEBB021;"'2021-03-03 16:00'";24;66;19;16;2;moderate
DEBB021;"'2021-03-03 17:00'";21;61;19;14;2;good
DEBB021;"'2021-03-03 18:00'";22;54;21;16;2;moderate
DEBB021;"'2021-03-03 19:00'";25;32;38;18;2;moderate
DEBB021;"'2021-03-03 20:00'";22;37;29;17;2;moderate
DEBB021;"'2021-03-03 21:00'";23;42;25;17;2;moderate
DEBB021;"'2021-03-03 22:00'";24;42;21;19;2;moderate
DEBB021;"'2021-03-03 23:00'";28;41;20;22;2;moderate
DEBB021;"'2021-03-03 24:00'";36;41;19;31;3;poor
DEBB021;"'2021-03-04 01:00'";41;39;17;36;2;poor
DEBB021;"'2021-03-04 02:00'";49;36;18;44;2;poor
DEBB021;"'2021-03-04 03:00'";55;33;18;51;2;"very poor"
DEBB021;"'2021-03-04 04:00'";53;28;19;49;2;poor
DEBB021;"'2021-03-04 05:00'";53;29;18;51;2;"very poor"
DEBB021;"'2021-03-04 06:00'";36;41;13;35;1;poor
DEBB021;"'2021-03-04 07:00'";30;41;14;30;1;moderate
DEBB021;"'2021-03-04 08:00'";28;41;15;27;1;moderate
DEBB021;"'2021-03-04 09:00'";25;44;14;25;1;moderate
DEBB021;"'2021-03-04 10:00'";22;47;14;21;1;moderate
DEBB021;"'2021-03-04 11:00'";20;47;13;19;1;moderate
DEBB021;"'2021-03-04 12:00'";19;48;12;19;1;moderate
DEBB021;"'2021-03-04 13:00'";18;50;11;17;1;moderate
DEBB021;"'2021-03-04 14:00'";14;55;11;13;1;good
DEBB021;"'2021-03-04 15:00'";12;61;11;12;1;good
DEBB021;"'2021-03-04 16:00'";11;63;13;11;1;good
DEBB021;"'2021-03-04 17:00'";11;63;14;10;1;good
DEBB021;"'2021-03-04 18:00'";12;59;16;12;1;good
DEBB021;"'2021-03-04 19:00'";14;53;19;13;1;good
DEBB021;"'2021-03-04 20:00'";12;53;17;11;1;good
DEBB021;"'2021-03-04 21:00'";11;55;13;10;1;good
DEBB021;"'2021-03-04 22:00'";12;52;10;11;1;good
DEBB021;"'2021-03-04 23:00'";10;53;9;10;1;good
DEBB021;"'2021-03-04 24:00'";8;62;6;8;1;good
DEBB021;"'2021-03-05 01:00'";10;57;7;10;1;good
DEBB021;"'2021-03-05 02:00'";9;51;8;8;1;good
DEBB021;"'2021-03-05 03:00'";10;53;8;10;1;good
DEBB021;"'2021-03-05 04:00'";10;57;8;9;1;good
DEBB021;"'2021-03-05 05:00'";9;56;9;8;1;good
DEBB021;"'2021-03-05 06:00'";7;53;11;7;1;good
DEBB021;"'2021-03-05 07:00'";7;53;11;7;1;good
DEBB021;"'2021-03-05 08:00'";8;43;17;8;1;good
DEBB021;"'2021-03-05 09:00'";8;43;18;7;1;good
DEBB021;"'2021-03-05 10:00'";9;48;14;9;1;good
DEBB021;"'2021-03-05 11:00'";10;53;10;9;1;good
DEBB021;"'2021-03-05 12:00'";8;59;10;6;1;good
DEBB021;"'2021-03-05 13:00'";5;70;8;3;1;good
DEBB021;"'2021-03-05 14:00'";4;71;7;3;1;good
DEBB021;"'2021-03-05 15:00'";3;74;7;2;1;moderate
DEBB021;"'2021-03-05 16:00'";3;76;6;2;1;moderate
DEBB021;"'2021-03-05 17:00'";3;75;6;1;1;moderate
DEBB021;"'2021-03-05 18:00'";4;72;9;3;0.9;good
DEBB021;"'2021-03-05 19:00'";8;62;16;6;1;good
DEBB021;"'2021-03-05 20:00'";10;53;23;8;1;good
DEBB021;"'2021-03-05 21:00'";15;44;28;12;2;good
DEBB021;"'2021-03-05 22:00'";16;29;34;12;1;moderate
DEBB021;"'2021-03-05 23:00'";17;23;39;15;1;moderate
DEBB021;"'2021-03-05 24:00'";15;33;26;14;1;good
DEBB021;"'2021-03-06 01:00'";13;30;30;12;2;good
DEBB021;"'2021-03-06 02:00'";10;33;28;9;2;good
DEBB021;"'2021-03-06 03:00'";8;40;23;7;2;good
DEBB021;"'2021-03-06 04:00'";8;39;22;7;2;good
DEBB021;"'2021-03-06 05:00'";8;38;22;6;2;good
DEBB021;"'2021-03-06 06:00'";8;36;24;6;2;good
DEBB021;"'2021-03-06 07:00'";9;35;27;7;2;good
DEBB021;"'2021-03-06 08:00'";8;42;22;6;2;good
DEBB021;"'2021-03-06 09:00'";9;50;17;7;2;good
DEBB021;"'2021-03-06 10:00'";8;60;12;6;2;good
DEBB021;"'2021-03-06 11:00'";8;65;12;6;2;good
DEBB021;"'2021-03-06 12:00'";8;72;9;6;2;good
DEBB021;"'2021-03-06 13:00'";8;69;9;7;2;good
DEBB021;"'2021-03-06 14:00'";8;69;10;7;2;good
DEBB021;"'2021-03-06 15:00'";8;72;8;8;2;good
DEBB021;"'2021-03-06 16:00'";8;72;9;7;2;good
DEBB021;"'2021-03-06 17:00'";8;69;9;7;2;good
DEBB021;"'2021-03-06 18:00'";10;62;12;9;2;good
DEBB021;"'2021-03-06 19:00'";11;58;14;10;1;good
DEBB021;"'2021-03-06 20:00'";10;57;14;10;1;good
DEBB021;"'2021-03-06 21:00'";9;58;13;8;1;good
DEBB021;"'2021-03-06 22:00'";8;62;9;8;1;good
DEBB021;"'2021-03-06 23:00'";8;63;9;8;2;good
DEBB021;"'2021-03-06 24:00'";8;63;8;8;2;good
DEBB021;"'2021-03-07 01:00'";9;62;7;9;2;good
DEBB021;"'2021-03-07 02:00'";11;59;8;11;2;good
DEBB021;"'2021-03-07 03:00'";10;60;8;9;2;good
DEBB021;"'2021-03-07 04:00'";6;67;6;6;1;good
DEBB021;"'2021-03-07 05:00'";5;69;6;5;1;good
DEBB021;"'2021-03-07 06:00'";5;74;6;4;1;moderate
DEBB021;"'2021-03-07 07:00'";5;75;5;4;1;moderate
DEBB021;"'2021-03-07 08:00'";4;77;5;4;1;moderate
DEBB021;"'2021-03-07 09:00'";4;78;5;4;1;moderate
DEBB021;"'2021-03-07 10:00'";5;81;4;4;2;moderate
DEBB021;"'2021-03-07 11:00'";6;80;5;6;2;moderate
DEBB021;"'2021-03-07 12:00'";8;79;5;7;2;moderate
DEBB021;"'2021-03-07 13:00'";9;80;5;7;1;moderate
DEBB021;"'2021-03-07 14:00'";9;79;6;8;1;moderate
DEBB021;"'2021-03-07 15:00'";8;77;6;7;1;moderate
DEBB021;"'2021-03-07 16:00'";9;78;5;8;1;moderate
DEBB021;"'2021-03-07 17:00'";10;77;6;8;1;moderate
DEBB021;"'2021-03-07 18:00'";11;73;8;10;1;moderate
DEBB021;"'2021-03-07 19:00'";11;73;8;10;1;moderate
DEBB021;"'2021-03-07 20:00'";13;69;9;12;2;good
DEBB021;"'2021-03-07 21:00'";14;67;8;12;2;good
DEBB021;"'2021-03-07 22:00'";14;66;7;13;1;good
DEBB021;"'2021-03-07 23:00'";15;62;8;14;1;good
DEBB021;"'2021-03-07 24:00'";15;58;7;15;1;good
DEBB021;"'2021-03-08 01:00'";16;50;9;15;1;good
DEBB021;"'2021-03-08 02:00'";14;52;6;13;1;good
DEBB021;"'2021-03-08 03:00'";12;50;7;12;1;good
DEBB021;"'2021-03-08 04:00'";10;49;8;10;1;good
DEBB021;"'2021-03-08 05:00'";7;54;7;7;1;good
DEBB021;"'2021-03-08 06:00'";6;50;11;5;1;good
DEBB021;"'2021-03-08 07:00'";5;43;17;5;1;good
DEBB021;"'2021-03-08 08:00'";5;37;24;5;1;good
DEBB021;"'2021-03-08 09:00'";5;48;17;4;3;good
DEBB021;"'2021-03-08 10:00'";4;48;23;3;6;good
DEBB021;"'2021-03-08 11:00'";5;64;13;3;3;good
DEBB021;"'2021-03-08 12:00'";3;74;10;1;2;moderate
DEBB021;"'2021-03-08 13:00'";2;76;10;1;3;moderate
DEBB021;"'2021-03-08 14:00'";4;79;8;1;2;moderate
DEBB021;"'2021-03-08 15:00'";3;80;8;2;1;moderate
DEBB021;"'2021-03-08 16:00'";3;81;7;2;1;moderate
DEBB021;"'2021-03-08 17:00'";3;81;7;1;1;moderate
DEBB021;"'2021-03-08 18:00'";4;76;12;2;1;moderate
DEBB021;"'2021-03-08 19:00'";7;62;23;5;2;good
DEBB021;"'2021-03-08 20:00'";11;50;32;9;3;moderate
DEBB021;"'2021-03-08 21:00'";17;25;45;14;2;moderate
DEBB021;"'2021-03-08 22:00'";16;25;45;12;2;moderate
DEBB021;"'2021-03-08 23:00'";15;17;55;12;2;moderate
DEBB021;"'2021-03-08 24:00'";12;32;39;9;2;moderate
DEBB021;"'2021-03-09 01:00'";9;42;28;8;2;good
DEBB021;"'2021-03-09 02:00'";8;43;26;7;2;good
DEBB021;"'2021-03-09 03:00'";8;38;28;6;2;good
DEBB021;"'2021-03-09 04:00'";8;37;27;7;2;good
DEBB021;"'2021-03-09 05:00'";7;39;25;6;2;good
DEBB021;"'2021-03-09 06:00'";8;32;31;7;2;moderate
DEBB021;"'2021-03-09 07:00'";10;23;41;8;2;moderate
DEBB021;"'2021-03-09 08:00'";16;17;49;10;2;moderate
DEBB021;"'2021-03-09 09:00'";19;21;49;11;3;moderate
DEBB021;"'2021-03-09 10:00'";18;31;41;11;4;moderate
DEBB021;"'2021-03-09 11:00'";18;41;34;11;4;moderate
DEBB021;"'2021-03-09 12:00'";14;57;20;9;3;good
DEBB021;"'2021-03-09 13:00'";8;74;10;6;3;moderate
DEBB021;"'2021-03-09 14:00'";7;75;9;5;3;moderate
DEBB021;"'2021-03-09 15:00'";7;78;8;5;3;moderate
DEBB021;"'2021-03-09 16:00'";9;77;9;5;2;moderate
DEBB021;"'2021-03-09 17:00'";9;73;13;6;3;moderate
DEBB021;"'2021-03-09 18:00'";12;64;19;7;3;good
DEBB021;"'2021-03-09 19:00'";15;38;42;9;3;moderate
DEBB021;"'2021-03-09 20:00'";18;12;63;12;2;poor
DEBB021;"'2021-03-09 21:00'";19;18;50;16;2;moderate
DEBB021;"'2021-03-09 22:00'";19;11;53;16;2;moderate
DEBB021;"'2021-03-09 23:00'";14;24;37;12;2;moderate
DEBB021;"'2021-03-09 24:00'";19;12;51;16;2;moderate
DEBB021;"'2021-03-10 01:00'";19;11;61;17;2;poor
DEBB021;"'2021-03-10 02:00'";15;28;42;13;2;moderate
DEBB021;"'2021-03-10 03:00'";14;28;42;12;2;moderate
DEBB021;"'2021-03-10 04:00'";13;23;48;12;2;moderate
DEBB021;"'2021-03-10 05:00'";15;20;48;13;2;moderate
DEBB021;"'2021-03-10 06:00'";16;18;50;14;2;moderate
DEBB021;"'2021-03-10 07:00'";18;17;51;15;2;moderate
DEBB021;"'2021-03-10 08:00'";22;11;58;16;2;moderate
DEBB021;"'2021-03-10 09:00'";27;21;53;17;3;moderate
DEBB021;"'2021-03-10 10:00'";25;30;45;17;3;moderate
DEBB021;"'2021-03-10 11:00'";22;47;32;15;4;moderate
DEBB021;"'2021-03-10 12:00'";18;67;16;12;7;good
DEBB021;"'2021-03-10 13:00'";17;72;15;13;7;good
DEBB021;"'2021-03-10 14:00'";18;78;11;15;5;moderate
DEBB021;"'2021-03-10 15:00'";19;84;9;15;3;moderate
DEBB021;"'2021-03-10 16:00'";23;80;12;19;2;moderate
DEBB021;"'2021-03-10 17:00'";26;73;13;21;2;moderate
DEBB021;"'2021-03-10 18:00'";26;71;15;22;2;moderate
DEBB021;"'2021-03-10 19:00'";27;65;21;23;2;moderate
DEBB021;"'2021-03-10 20:00'";28;62;20;26;2;moderate
DEBB021;"'2021-03-10 21:00'";30;56;23;28;2;moderate
DEBB021;"'2021-03-10 22:00'";30;53;23;28;2;moderate
DEBB021;"'2021-03-10 23:00'";27;57;16;26;2;moderate
DEBB021;"'2021-03-10 24:00'";24;55;14;24;2;moderate
DEBB021;"'2021-03-11 01:00'";22;50;12;21;2;moderate
DEBB021;"'2021-03-11 02:00'";22;41;14;21;2;moderate
DEBB021;"'2021-03-11 03:00'";22;37;14;21;2;moderate
DEBB021;"'2021-03-11 04:00'";22;39;13;21;2;moderate
DEBB021;"'2021-03-11 05:00'";20;40;11;20;2;moderate
DEBB021;"'2021-03-11 06:00'";19;41;12;19;1;moderate
DEBB021;"'2021-03-11 07:00'";19;43;13;19;1;moderate
DEBB021;"'2021-03-11 08:00'";20;43;15;19;1;moderate
DEBB021;"'2021-03-11 09:00'";18;48;14;17;1;moderate
DEBB021;"'2021-03-11 10:00'";16;51;14;15;1;good
DEBB021;"'2021-03-11 11:00'";15;46;17;14;1;good
DEBB021;"'2021-03-11 12:00'";13;-;15;12;2;good
DEBB021;"'2021-03-11 13:00'";13;-;11;11;2;good
DEBB021;"'2021-03-11 14:00'";9;57;10;8;2;good
DEBB021;"'2021-03-11 15:00'";7;52;12;6;2;good
DEBB021;"'2021-03-11 16:00'";5;59;10;4;2;good
DEBB021;"'2021-03-11 17:00'";4;67;8;3;1;good
DEBB021;"'2021-03-11 18:00'";3;73;7;2;1;moderate
DEBB021;"'2021-03-11 19:00'";4;66;11;3;1;good
DEBB021;"'2021-03-11 20:00'";4;70;7;3;1;good
DEBB021;"'2021-03-11 21:00'";2;73;6;2;1;moderate
DEBB021;"'2021-03-11 22:00'";2;70;8;2;0.8;good
DEBB021;"'2021-03-11 23:00'";2;67;9;2;1;good
DEBB021;"'2021-03-11 24:00'";3;68;9;2;1;good
DEBB021;"'2021-03-12 01:00'";3;70;6;3;1;good
DEBB021;"'2021-03-12 02:00'";4;70;5;3;1;good
DEBB021;"'2021-03-12 03:00'";4;67;6;3;0.9;good
DEBB021;"'2021-03-12 04:00'";2;72;5;2;0.5;good
DEBB021;"'2021-03-12 05:00'";2;72;5;2;0.5;good
DEBB021;"'2021-03-12 06:00'";2;70;7;2;0.5;good
DEBB021;"'2021-03-12 07:00'";3;66;10;3;0.5;good
DEBB021;"'2021-03-12 08:00'";5;62;13;4;1;good
DEBB021;"'2021-03-12 09:00'";6;61;14;5;1;good
DEBB021;"'2021-03-12 10:00'";7;65;10;6;1;good
DEBB021;"'2021-03-12 11:00'";7;68;9;6;1;good
DEBB021;"'2021-03-12 12:00'";8;70;8;7;1;good
DEBB021;"'2021-03-12 13:00'";10;72;8;8;1;good
DEBB021;"'2021-03-12 14:00'";8;75;8;6;1;moderate
DEBB021;"'2021-03-12 15:00'";5;76;8;4;0.5;moderate
DEBB021;"'2021-03-12 16:00'";5;74;9;4;0.8;moderate
DEBB021;"'2021-03-12 17:00'";5;75;7;3;0.5;moderate
DEBB021;"'2021-03-12 18:00'";4;75;7;2;0.5;moderate
DEBB021;"'2021-03-12 19:00'";3;68;10;2;0.8;good
DEBB021;"'2021-03-12 20:00'";3;67;9;2;0.5;good
DEBB021;"'2021-03-12 21:00'";4;68;7;3;0.8;good
DEBB021;"'2021-03-12 22:00'";4;69;7;3;0.8;good
DEBB021;"'2021-03-12 23:00'";3;75;6;3;1;moderate
DEBB021;"'2021-03-12 24:00'";0.8;85;5;0.8;0.5;moderate
DEBB021;"'2021-03-13 01:00'";0.8;78;4;0.8;0.5;moderate
DEBB021;"'2021-03-13 02:00'";1;73;4;1;0.8;moderate
DEBB021;"'2021-03-13 03:00'";2;72;4;2;0.8;good
DEBB021;"'2021-03-13 04:00'";3;71;4;3;1;good
DEBB021;"'2021-03-13 05:00'";3;71;4;2;0.8;good
DEBB021;"'2021-03-13 06:00'";3;67;5;2;0.8;good
DEBB021;"'2021-03-13 07:00'";3;65;7;3;0.8;good
DEBB021;"'2021-03-13 08:00'";3;65;8;3;1;good
DEBB021;"'2021-03-13 09:00'";4;65;8;3;1;good
DEBB021;"'2021-03-13 10:00'";3;63;8;3;1;good
DEBB021;"'2021-03-13 11:00'";3;59;10;3;1;good
DEBB021;"'2021-03-13 12:00'";1;61;7;1;1;good
DEBB021;"'2021-03-13 13:00'";0.8;62;7;0.8;1;good
DEBB021;"'2021-03-13 14:00'";0.8;68;6;0.8;1;good
DEBB021;"'2021-03-13 15:00'";1;82;5;0.8;0.8;moderate
DEBB021;"'2021-03-13 16:00'";0.8;89;5;0.8;1;moderate
DEBB021;"'2021-03-13 17:00'";0.8;86;4;0.8;1;moderate
DEBB021;"'2021-03-13 18:00'";2;76;10;2;0.5;moderate
DEBB021;"'2021-03-13 19:00'";2;76;10;2;1;moderate
DEBB021;"'2021-03-13 20:00'";0.8;76;8;0.8;1;moderate
DEBB021;"'2021-03-13 21:00'";1;71;7;1;0.8;good
DEBB021;"'2021-03-13 22:00'";2;74;5;1;0.8;moderate
DEBB021;"'2021-03-13 23:00'";2;73;5;2;0.5;moderate
DEBB021;"'2021-03-13 24:00'";2;76;4;2;0.8;moderate
DEBB021;"'2021-03-14 01:00'";2;74;4;2;0.8;moderate
DEBB021;"'2021-03-14 02:00'";3;73;4;2;0.9;moderate
DEBB021;"'2021-03-14 03:00'";3;73;4;3;0.5;moderate
DEBB021;"'2021-03-14 04:00'";4;72;4;4;0.5;good
DEBB021;"'2021-03-14 05:00'";3;73;4;3;0.5;moderate
DEBB021;"'2021-03-14 06:00'";0.8;77;3;0.8;0.5;moderate
DEBB021;"'2021-03-14 07:00'";0.8;76;3;0.8;0.5;moderate
DEBB021;"'2021-03-14 08:00'";0.8;73;3;0.8;0.5;moderate
DEBB021;"'2021-03-14 09:00'";0.8;74;3;0.8;0.5;moderate
DEBB021;"'2021-03-14 10:00'";2;74;3;2;0.8;moderate
DEBB021;"'2021-03-14 11:00'";3;72;4;2;1;good
DEBB021;"'2021-03-14 12:00'";4;70;5;4;0.8;good
DEBB021;"'2021-03-14 13:00'";4;72;5;4;1;good
DEBB021;"'2021-03-14 14:00'";3;75;5;3;1;moderate
DEBB021;"'2021-03-14 15:00'";3;74;5;3;1;moderate
DEBB021;"'2021-03-14 16:00'";3;73;7;3;1;moderate
DEBB021;"'2021-03-14 17:00'";3;73;8;3;1;moderate
DEBB021;"'2021-03-14 18:00'";2;75;6;2;1;moderate
DEBB021;"'2021-03-14 19:00'";4;67;9;4;1;good
DEBB021;"'2021-03-14 20:00'";4;63;10;4;1;good
DEBB021;"'2021-03-14 21:00'";5;57;15;5;1;good
DEBB021;"'2021-03-14 22:00'";3;69;11;3;1;good
DEBB021;"'2021-03-14 23:00'";3;70;8;3;1;good
DEBB021;"'2021-03-14 24:00'";6;63;8;6;1;good
DEBB021;"'2021-03-15 01:00'";6;61;8;6;1;good
DEBB021;"'2021-03-15 02:00'";5;63;9;4;1;good
DEBB021;"'2021-03-15 03:00'";5;58;13;4;1;good
DEBB021;"'2021-03-15 04:00'";5;59;6;5;1;good
DEBB021;"'2021-03-15 05:00'";6;54;7;6;0.8;good
DEBB021;"'2021-03-15 06:00'";7;52;8;7;0.5;good
DEBB021;"'2021-03-15 07:00'";8;44;17;8;0.8;good
DEBB021;"'2021-03-15 08:00'";9;39;21;8;0.8;good
DEBB021;"'2021-03-15 09:00'";11;41;19;8;1;good
DEBB021;"'2021-03-15 10:00'";8;48;14;7;1;good
DEBB021;"'2021-03-15 11:00'";6;53;11;6;1;good
DEBB021;"'2021-03-15 12:00'";4;63;10;4;0.9;good
DEBB021;"'2021-03-15 13:00'";6;66;9;5;1;good
DEBB021;"'2021-03-15 14:00'";7;68;10;6;1;good
DEBB021;"'2021-03-15 15:00'";7;66;13;5;1;good
DEBB021;"'2021-03-15 16:00'";6;65;13;5;1;good
DEBB021;"'2021-03-15 17:00'";5;62;18;5;1;good
DEBB021;"'2021-03-15 18:00'";4;62;15;4;1;good
DEBB021;"'2021-03-15 19:00'";3;66;9;2;1;good
DEBB021;"'2021-03-15 20:00'";3;63;10;3;1;good
DEBB021;"'2021-03-15 21:00'";3;64;7;3;1;good
DEBB021;"'2021-03-15 22:00'";5;60;8;5;1;good
DEBB021;"'2021-03-15 23:00'";4;64;6;4;1;good
DEBB021;"'2021-03-15 24:00'";4;65;5;4;1;good
DEBB021;"'2021-03-16 01:00'";3;66;4;3;1;good
DEBB021;"'2021-03-16 02:00'";3;67;4;3;1;good
DEBB021;"'2021-03-16 03:00'";4;69;4;4;1;good
DEBB021;"'2021-03-16 04:00'";4;69;3;3;1;good
DEBB021;"'2021-03-16 05:00'";4;68;4;3;1;good
DEBB021;"'2021-03-16 06:00'";4;65;5;4;1;good
DEBB021;"'2021-03-16 07:00'";5;62;8;4;1;good
DEBB021;"'2021-03-16 08:00'";6;58;11;5;1;good
DEBB021;"'2021-03-16 09:00'";6;54;12;5;1;good
DEBB021;"'2021-03-16 10:00'";5;56;9;5;1;good
DEBB021;"'2021-03-16 11:00'";4;61;8;4;1;good
DEBB021;"'2021-03-16 12:00'";6;61;9;4;1;good
DEBB021;"'2021-03-16 13:00'";7;64;8;6;1;good
DEBB021;"'2021-03-16 14:00'";6;69;8;6;1;good
DEBB021;"'2021-03-16 15:00'";6;69;9;5;1;good
DEBB021;"'2021-03-16 16:00'";4;73;8;3;1;moderate
DEBB021;"'2021-03-16 17:00'";5;71;10;4;2;good
DEBB021;"'2021-03-16 18:00'";5;67;11;4;1;good
DEBB021;"'2021-03-16 19:00'";7;54;22;6;1;good
DEBB021;"'2021-03-16 20:00'";6;62;13;5;1;good
DEBB021;"'2021-03-16 21:00'";7;57;16;6;1;good
DEBB021;"'2021-03-16 22:00'";7;59;13;7;1;good
DEBB021;"'2021-03-16 23:00'";9;49;20;8;1;good
DEBB021;"'2021-03-16 24:00'";7;45;17;7;1;good
DEBB021;"'2021-03-17 01:00'";8;44;14;7;1;good
DEBB021;"'2021-03-17 02:00'";8;40;14;8;1;good
DEBB021;"'2021-03-17 03:00'";8;35;17;7;1;good
DEBB021;"'2021-03-17 04:00'";6;40;16;6;1;good
DEBB021;"'2021-03-17 05:00'";5;52;8;4;1;good
DEBB021;"'2021-03-17 06:00'";5;51;9;4;1;good
DEBB021;"'2021-03-17 07:00'";6;46;13;5;1;good
DEBB021;"'2021-03-17 08:00'";10;38;22;8;2;good
DEBB021;"'2021-03-17 09:00'";10;47;15;9;1;good
DEBB021;"'2021-03-17 10:00'";10;51;11;9;1;good
DEBB021;"'2021-03-17 11:00'";11;51;12;10;1;good
DEBB021;"'2021-03-17 12:00'";9;53;10;8;1;good
DEBB021;"'2021-03-17 13:00'";7;60;8;6;1;good
DEBB021;"'2021-03-17 14:00'";5;59;7;5;1;good
DEBB021;"'2021-03-17 15:00'";3;65;6;3;1;good
DEBB021;"'2021-03-17 16:00'";0.8;70;10;0.8;1;good
DEBB021;"'2021-03-17 17:00'";2;63;19;1;2;good
DEBB021;"'2021-03-17 18:00'";2;65;15;2;1;good
DEBB021;"'2021-03-17 19:00'";4;49;28;3;1;good
DEBB021;"'2021-03-17 20:00'";7;50;25;7;1;good
DEBB021;"'2021-03-17 21:00'";8;35;30;8;1;good
DEBB021;"'2021-03-17 22:00'";11;20;35;10;1;moderate
DEBB021;"'2021-03-17 23:00'";12;25;29;11;1;good
DEBB021;"'2021-03-17 24:00'";8;36;18;7;1;good
DEBB021;"'2021-03-18 01:00'";7;26;24;7;0.8;good
DEBB021;"'2021-03-18 02:00'";9;18;26;8;0.8;good
DEBB021;"'2021-03-18 03:00'";9;19;20;9;1;good
DEBB021;"'2021-03-18 04:00'";9;20;24;8;1;good
DEBB021;"'2021-03-18 05:00'";9;26;20;9;1;good
DEBB021;"'2021-03-18 06:00'";10;23;23;10;1;good
DEBB021;"'2021-03-18 07:00'";13;17;31;12;2;moderate
DEBB021;"'2021-03-18 08:00'";12;16;33;11;2;moderate
DEBB021;"'2021-03-18 09:00'";15;24;26;13;2;good
DEBB021;"'2021-03-18 10:00'";14;33;21;13;2;good
DEBB021;"'2021-03-18 11:00'";16;42;16;15;2;good
DEBB021;"'2021-03-18 12:00'";14;50;12;13;2;good
DEBB021;"'2021-03-18 13:00'";10;63;10;10;2;good
DEBB021;"'2021-03-18 14:00'";8;70;10;7;2;good
DEBB021;"'2021-03-18 15:00'";6;74;8;6;1;moderate
DEBB021;"'2021-03-18 16:00'";5;77;9;4;1;moderate
DEBB021;"'2021-03-18 17:00'";5;68;17;4;1;good
DEBB021;"'2021-03-18 18:00'";4;71;13;4;1;good
DEBB021;"'2021-03-18 19:00'";5;63;20;5;1;good
DEBB021;"'2021-03-18 20:00'";7;61;17;7;1;good
DEBB021;"'2021-03-18 21:00'";6;67;10;6;1;good
DEBB021;"'2021-03-18 22:00'";6;66;11;6;1;good
DEBB021;"'2021-03-18 23:00'";6;57;17;6;1;good
DEBB021;"'2021-03-18 24:00'";7;58;13;6;1;good
DEBB021;"'2021-03-19 01:00'";5;68;6;5;0.8;good
DEBB021;"'2021-03-19 02:00'";4;78;5;4;0.8;moderate
DEBB021;"'2021-03-19 03:00'";4;70;9;4;1;good
DEBB021;"'2021-03-19 04:00'";8;64;7;8;1;good
DEBB021;"'2021-03-19 05:00'";12;52;9;12;1;good
DEBB021;"'2021-03-19 06:00'";19;42;15;19;2;moderate
DEBB021;"'2021-03-19 07:00'";18;44;14;18;2;moderate
DEBB021;"'2021-03-19 08:00'";17;41;18;17;2;moderate
DEBB021;"'2021-03-19 09:00'";16;44;17;16;2;moderate
DEBB021;"'2021-03-19 10:00'";15;51;14;14;2;good
DEBB021;"'2021-03-19 11:00'";11;59;11;10;1;good
DEBB021;"'2021-03-19 12:00'";5;64;10;5;1;good
DEBB021;"'2021-03-19 13:00'";4;67;10;3;1;good
DEBB021;"'2021-03-19 14:00'";3;75;8;2;1;moderate
DEBB021;"'2021-03-19 15:00'";3;78;6;3;1;moderate
DEBB021;"'2021-03-19 16:00'";4;75;7;3;1;moderate
DEBB021;"'2021-03-19 17:00'";3;69;6;2;1;good
DEBB021;"'2021-03-19 18:00'";3;69;6;2;1;good
DEBB021;"'2021-03-19 19:00'";3;68;7;2;1;good
DEBB021;"'2021-03-19 20:00'";3;66;6;2;1;good
DEBB021;"'2021-03-19 21:00'";3;67;5;2;1;good
DEBB021;"'2021-03-19 22:00'";3;65;5;3;1;good
DEBB021;"'2021-03-19 23:00'";4;62;7;3;1;good
DEBB021;"'2021-03-19 24:00'";4;59;9;3;1;good
DEBB021;"'2021-03-20 01:00'";4;59;8;4;1;good
DEBB021;"'2021-03-20 02:00'";4;58;6;3;1;good
DEBB021;"'2021-03-20 03:00'";3;57;5;3;0.9;good
DEBB021;"'2021-03-20 04:00'";3;57;5;3;0.5;good
DEBB021;"'2021-03-20 05:00'";3;55;5;3;0.5;good
DEBB021;"'2021-03-20 06:00'";4;49;9;3;0.8;good
DEBB021;"'2021-03-20 07:00'";3;45;11;3;1;good
DEBB021;"'2021-03-20 08:00'";4;46;10;3;1;good
DEBB021;"'2021-03-20 09:00'";6;51;8;5;1;good
DEBB021;"'2021-03-20 10:00'";5;64;5;4;1;good
DEBB021;"'2021-03-20 11:00'";3;69;4;2;1;good
DEBB021;"'2021-03-20 12:00'";3;69;4;3;1;good
DEBB021;"'2021-03-20 13:00'";3;70;4;3;1;good
DEBB021;"'2021-03-20 14:00'";4;70;5;3;2;good
DEBB021;"'2021-03-20 15:00'";5;69;5;4;2;good
DEBB021;"'2021-03-20 16:00'";5;69;6;4;2;good
DEBB021;"'2021-03-20 17:00'";5;66;8;4;1;good
DEBB021;"'2021-03-20 18:00'";6;62;11;5;2;good
DEBB021;"'2021-03-20 19:00'";7;59;14;6;2;good
DEBB021;"'2021-03-20 20:00'";7;56;16;6;2;good
DEBB021;"'2021-03-20 21:00'";6;61;11;6;2;good
DEBB021;"'2021-03-20 22:00'";6;61;8;5;1;good
DEBB021;"'2021-03-20 23:00'";6;60;10;5;2;good
DEBB021;"'2021-03-20 24:00'";7;61;10;6;2;good
DEBB021;"'2021-03-21 01:00'";7;59;9;6;2;good
DEBB021;"'2021-03-21 02:00'";9;60;8;8;2;good
DEBB021;"'2021-03-21 03:00'";11;59;8;10;1;good
DEBB021;"'2021-03-21 04:00'";12;58;7;11;1;good
DEBB021;"'2021-03-21 05:00'";9;61;6;9;1;good
DEBB021;"'2021-03-21 06:00'";6;61;5;6;1;good
DEBB021;"'2021-03-21 07:00'";4;60;4;4;1;good
DEBB021;"'2021-03-21 08:00'";3;57;4;3;1;good
DEBB021;"'2021-03-21 09:00'";2;56;6;2;1;good
DEBB021;"'2021-03-21 10:00'";2;66;5;2;1;good
DEBB021;"'2021-03-21 11:00'";4;78;4;4;1;moderate
DEBB021;"'2021-03-21 12:00'";6;79;4;5;1;moderate
DEBB021;"'2021-03-21 13:00'";7;76;4;6;1;moderate
DEBB021;"'2021-03-21 14:00'";8;77;3;7;1;moderate
DEBB021;"'2021-03-21 15:00'";6;79;3;5;1;moderate
DEBB021;"'2021-03-21 16:00'";3;84;3;3;1;moderate
DEBB021;"'2021-03-21 17:00'";1;88;3;0.8;1;moderate
DEBB021;"'2021-03-21 18:00'";0.8;86;4;0.8;1;moderate
DEBB021;"'2021-03-21 19:00'";1;81;5;1;1;moderate
DEBB021;"'2021-03-21 20:00'";3;78;6;2;1;moderate
DEBB021;"'2021-03-21 21:00'";3;80;5;3;1;moderate
DEBB021;"'2021-03-21 22:00'";4;79;5;3;1;moderate
DEBB021;"'2021-03-21 23:00'";3;78;5;2;1;moderate
DEBB021;"'2021-03-21 24:00'";3;77;6;2;1;moderate
DEBB021;"'2021-03-22 01:00'";3;75;7;2;1;moderate
DEBB021;"'2021-03-22 02:00'";3;68;12;3;1;good
DEBB021;"'2021-03-22 03:00'";4;65;9;3;1;good
DEBB021;"'2021-03-22 04:00'";5;61;10;4;1;good
DEBB021;"'2021-03-22 05:00'";7;53;12;6;1;good
DEBB021;"'2021-03-22 06:00'";9;47;13;8;1;good
DEBB021;"'2021-03-22 07:00'";10;44;16;8;1;good
DEBB021;"'2021-03-22 08:00'";11;42;18;9;1;good
DEBB021;"'2021-03-22 09:00'";11;48;16;9;2;good
DEBB021;"'2021-03-22 10:00'";10;55;10;8;2;good
DEBB021;"'2021-03-22 11:00'";9;62;9;7;2;good
DEBB021;"'2021-03-22 12:00'";8;71;7;6;2;good
DEBB021;"'2021-03-22 13:00'";7;78;6;5;1;moderate
DEBB021;"'2021-03-22 14:00'";6;84;5;4;0.8;moderate
DEBB021;"'2021-03-22 15:00'";7;85;8;4;1;moderate
DEBB021;"'2021-03-22 16:00'";5;88;7;4;1;moderate
DEBB021;"'2021-03-22 17:00'";6;84;9;4;1;moderate
DEBB021;"'2021-03-22 18:00'";6;83;9;4;1;moderate
DEBB021;"'2021-03-22 19:00'";10;67;21;7;1;good
DEBB021;"'2021-03-22 20:00'";10;58;27;8;1;good
DEBB021;"'2021-03-22 21:00'";14;53;27;10;2;good
DEBB021;"'2021-03-22 22:00'";12;50;24;9;2;good
DEBB021;"'2021-03-22 23:00'";8;63;12;7;1;good
DEBB021;"'2021-03-22 24:00'";7;69;8;6;1;good
DEBB021;"'2021-03-23 01:00'";6;70;8;5;1;good
DEBB021;"'2021-03-23 02:00'";6;74;6;5;1;moderate
DEBB021;"'2021-03-23 03:00'";6;73;6;5;1;moderate
DEBB021;"'2021-03-23 04:00'";5;71;5;4;1;good
DEBB021;"'2021-03-23 05:00'";3;72;4;3;1;good
DEBB021;"'2021-03-23 06:00'";4;63;8;4;1;good
DEBB021;"'2021-03-23 07:00'";4;57;13;4;1;good
DEBB021;"'2021-03-23 08:00'";4;58;14;3;1;good
DEBB021;"'2021-03-23 09:00'";5;60;12;5;1;good
DEBB021;"'2021-03-23 10:00'";4;61;12;4;1;good
DEBB021;"'2021-03-23 11:00'";4;63;14;4;1;good
DEBB021;"'2021-03-23 12:00'";4;73;8;3;1;moderate
DEBB021;"'2021-03-23 13:00'";6;74;8;5;1;moderate
DEBB021;"'2021-03-23 14:00'";6;75;9;5;1;moderate
DEBB021;"'2021-03-23 15:00'";8;76;11;7;1;moderate
DEBB021;"'2021-03-23 16:00'";11;71;11;9;1;good
DEBB021;"'2021-03-23 17:00'";12;69;11;9;1;good
DEBB021;"'2021-03-23 18:00'";13;65;13;11;1;good
DEBB021;"'2021-03-23 19:00'";13;61;14;11;1;good
DEBB021;"'2021-03-23 20:00'";16;50;23;13;1;good
DEBB021;"'2021-03-23 21:00'";16;49;18;13;1;good
DEBB021;"'2021-03-23 22:00'";16;51;15;14;1;good
DEBB021;"'2021-03-23 23:00'";16;48;20;14;1;good
DEBB021;"'2021-03-23 24:00'";14;54;11;13;1;good
DEBB021;"'2021-03-24 01:00'";14;56;8;12;1;good
DEBB021;"'2021-03-24 02:00'";13;55;8;12;1;good
DEBB021;"'2021-03-24 03:00'";14;53;8;12;1;good
DEBB021;"'2021-03-24 04:00'";15;50;9;13;1;good
DEBB021;"'2021-03-24 05:00'";17;46;9;15;1;good
DEBB021;"'2021-03-24 06:00'";20;39;15;18;1;moderate
DEBB021;"'2021-03-24 07:00'";28;33;24;25;1;moderate
DEBB021;"'2021-03-24 08:00'";34;34;23;32;1;poor
DEBB021;"'2021-03-24 09:00'";37;35;22;33;1;poor
DEBB021;"'2021-03-24 10:00'";38;45;16;35;1;poor
DEBB021;"'2021-03-24 11:00'";37;53;14;34;1;poor
DEBB021;"'2021-03-24 12:00'";35;65;12;31;2;poor
DEBB021;"'2021-03-24 13:00'";31;79;9;28;1;moderate
DEBB021;"'2021-03-24 14:00'";32;80;11;29;1;moderate
DEBB021;"'2021-03-24 15:00'";34;85;9;30;1;moderate
DEBB021;"'2021-03-24 16:00'";37;83;14;33;1;poor
DEBB021;"'2021-03-24 17:00'";41;84;13;36;2;poor
DEBB021;"'2021-03-24 18:00'";42;82;16;37;2;poor
DEBB021;"'2021-03-24 19:00'";47;61;32;38;2;poor
DEBB021;"'2021-03-24 20:00'";57;14;75;41;2;poor
DEBB021;"'2021-03-24 21:00'";50;19;62;42;2;poor
DEBB021;"'2021-03-24 22:00'";49;18;56;42;1;poor
DEBB021;"'2021-03-24 23:00'";55;3;68;47;2;poor
DEBB021;"'2021-03-24 24:00'";50;4;64;44;2;poor
DEBB021;"'2021-03-25 01:00'";46;2;62;42;1;poor
DEBB021;"'2021-03-25 02:00'";43;5;54;38;1;poor
DEBB021;"'2021-03-25 03:00'";40;9;44;37;1;poor
DEBB021;"'2021-03-25 04:00'";39;6;44;35;1;poor
DEBB021;"'2021-03-25 05:00'";39;2;44;36;1;poor
DEBB021;"'2021-03-25 06:00'";36;0.5;43;33;1;poor
DEBB021;"'2021-03-25 07:00'";39;2;41;34;2;poor
DEBB021;"'2021-03-25 08:00'";44;2;45;34;3;poor
DEBB021;"'2021-03-25 09:00'";36;28;35;29;2;moderate
DEBB021;"'2021-03-25 10:00'";39;41;28;32;3;poor
DEBB021;"'2021-03-25 11:00'";47;49;26;35;3;poor
DEBB021;"'2021-03-25 12:00'";42;66;17;36;3;poor
DEBB021;"'2021-03-25 13:00'";42;81;14;35;2;poor
DEBB021;"'2021-03-25 14:00'";40;89;13;33;2;poor
DEBB021;"'2021-03-25 15:00'";38;95;12;32;2;poor
DEBB021;"'2021-03-25 16:00'";40;95;14;34;2;poor
DEBB021;"'2021-03-25 17:00'";43;93;13;35;2;poor
DEBB021;"'2021-03-25 18:00'";39;88;14;34;2;poor
DEBB021;"'2021-03-25 19:00'";43;78;20;35;2;poor
DEBB021;"'2021-03-25 20:00'";46;64;28;37;2;poor
DEBB021;"'2021-03-25 21:00'";49;-;62;39;2;poor
DEBB021;"'2021-03-25 22:00'";48;-;78;39;2;poor
DEBB021;"'2021-03-25 23:00'";47;-;55;40;2;poor
DEBB021;"'2021-03-25 24:00'";45;-;46;39;2;poor
DEBB021;"'2021-03-26 01:00'";47;-;61;40;2;poor
DEBB021;"'2021-03-26 02:00'";47;-;56;40;1;poor
DEBB021;"'2021-03-26 03:00'";44;-;45;38;1;poor
DEBB021;"'2021-03-26 04:00'";41;-;40;36;1;poor
DEBB021;"'2021-03-26 05:00'";40;-;36;35;1;poor
DEBB021;"'2021-03-26 06:00'";41;-;38;36;1;poor
DEBB021;"'2021-03-26 07:00'";41;-;40;37;1;poor
DEBB021;"'2021-03-26 08:00'";42;-;45;39;2;poor
DEBB021;"'2021-03-26 09:00'";47;-;51;41;2;poor
DEBB021;"'2021-03-26 10:00'";46;-;41;40;2;poor
DEBB021;"'2021-03-26 11:00'";43;-;16;38;2;poor
DEBB021;"'2021-03-26 12:00'";43;-;27;38;2;poor
DEBB021;"'2021-03-26 13:00'";42;-;22;36;3;poor
DEBB021;"'2021-03-26 14:00'";42;79;16;37;3;poor
DEBB021;"'2021-03-26 15:00'";42;86;12;38;2;poor
DEBB021;"'2021-03-26 16:00'";42;87;11;37;2;poor
DEBB021;"'2021-03-26 17:00'";42;85;14;36;2;poor
DEBB021;"'2021-03-26 18:00'";44;79;19;37;2;poor
DEBB021;"'2021-03-26 19:00'";45;66;28;38;2;poor
DEBB021;"'2021-03-26 20:00'";46;70;23;41;2;poor
DEBB021;"'2021-03-26 21:00'";50;62;24;45;2;poor
DEBB021;"'2021-03-26 22:00'";52;55;26;47;1;poor
DEBB021;"'2021-03-26 23:00'";55;48;27;50;1;poor
DEBB021;"'2021-03-26 24:00'";53;46;27;49;1;poor
DEBB021;"'2021-03-27 01:00'";50;46;21;46;1;poor
DEBB021;"'2021-03-27 02:00'";45;53;17;42;1;poor
DEBB021;"'2021-03-27 03:00'";44;45;18;40;1;poor
DEBB021;"'2021-03-27 04:00'";39;50;13;37;1;poor
DEBB021;"'2021-03-27 05:00'";36;50;15;34;1;poor
DEBB021;"'2021-03-27 06:00'";31;53;16;28;2;moderate
DEBB021;"'2021-03-27 07:00'";33;44;21;27;2;moderate
DEBB021;"'2021-03-27 08:00'";25;51;19;22;2;moderate
DEBB021;"'2021-03-27 09:00'";18;58;15;16;2;moderate
DEBB021;"'2021-03-27 10:00'";0.8;81;6;0.8;1;moderate
DEBB021;"'2021-03-27 11:00'";3;73;7;3;1;moderate
DEBB021;"'2021-03-27 12:00'";5;75;6;5;1;moderate
DEBB021;"'2021-03-27 13:00'";6;79;5;6;1;moderate
DEBB021;"'2021-03-27 14:00'";5;78;7;4;1;moderate
DEBB021;"'2021-03-27 15:00'";2;77;7;2;1;moderate
DEBB021;"'2021-03-27 16:00'";3;76;6;3;1;moderate
DEBB021;"'2021-03-27 17:00'";5;79;6;4;1;moderate
DEBB021;"'2021-03-27 18:00'";4;80;8;3;1;moderate
DEBB021;"'2021-03-27 19:00'";3;82;7;3;1;moderate
DEBB021;"'2021-03-27 20:00'";4;72;12;3;1;good
DEBB021;"'2021-03-27 21:00'";4;74;9;4;1;moderate
DEBB021;"'2021-03-27 22:00'";3;74;7;3;1;moderate
DEBB021;"'2021-03-27 23:00'";4;69;7;4;1;good
DEBB021;"'2021-03-27 24:00'";4;69;10;4;1;good
DEBB021;"'2021-03-28 01:00'";5;65;11;5;0.5;good
DEBB021;"'2021-03-28 02:00'";5;64;16;5;1;good
DEBB021;"'2021-03-28 04:00'";6;62;9;6;1;good
DEBB021;"'2021-03-28 05:00'";7;54;15;6;1;good
DEBB021;"'2021-03-28 06:00'";7;50;12;6;1;good
DEBB021;"'2021-03-28 07:00'";8;56;10;7;1;good
DEBB021;"'2021-03-28 08:00'";8;53;13;7;1;good
DEBB021;"'2021-03-28 09:00'";9;52;12;7;1;good
DEBB021;"'2021-03-28 10:00'";8;58;11;7;2;good
DEBB021;"'2021-03-28 11:00'";8;65;10;6;2;good
DEBB021;"'2021-03-28 12:00'";8;74;10;7;2;moderate
DEBB021;"'2021-03-28 13:00'";9;77;8;7;2;moderate
DEBB021;"'2021-03-28 14:00'";8;81;8;6;1;moderate
DEBB021;"'2021-03-28 15:00'";6;79;7;4;1;moderate
DEBB021;"'2021-03-28 16:00'";7;76;7;5;1;moderate
DEBB021;"'2021-03-28 17:00'";7;77;7;6;1;moderate
DEBB021;"'2021-03-28 18:00'";7;76;8;6;1;moderate
DEBB021;"'2021-03-28 19:00'";7;76;8;6;1;moderate
DEBB021;"'2021-03-28 20:00'";7;73;10;6;1;moderate
DEBB021;"'2021-03-28 21:00'";6;73;8;5;1;moderate
DEBB021;"'2021-03-28 22:00'";7;72;12;5;1;good
DEBB021;"'2021-03-28 23:00'";8;69;14;6;1;good
DEBB021;"'2021-03-28 24:00'";7;71;10;5;1;good
DEBB021;"'2021-03-29 01:00'";6;69;10;5;1;good
DEBB021;"'2021-03-29 02:00'";6;71;7;5;1;good
DEBB021;"'2021-03-29 03:00'";6;67;7;5;1;good
DEBB021;"'2021-03-29 04:00'";7;65;7;5;1;good
DEBB021;"'2021-03-29 05:00'";7;64;8;6;1;good
DEBB021;"'2021-03-29 06:00'";8;60;10;6;1;good
DEBB021;"'2021-03-29 07:00'";9;49;20;6;1;good
DEBB021;"'2021-03-29 08:00'";11;47;22;7;1;good
DEBB021;"'2021-03-29 09:00'";13;51;21;7;1;good
DEBB021;"'2021-03-29 10:00'";11;63;15;7;1;good
DEBB021;"'2021-03-29 11:00'";10;65;13;7;1;good
DEBB021;"'2021-03-29 12:00'";11;71;11;6;1;good
DEBB021;"'2021-03-29 13:00'";11;-;-;6;1;good
DEBB021;"'2021-03-29 14:00'";9;82;9;6;1;moderate
DEBB021;"'2021-03-29 15:00'";11;82;9;7;1;moderate
DEBB021;"'2021-03-29 16:00'";12;85;9;7;1;moderate
DEBB021;"'2021-03-29 17:00'";12;87;11;7;2;moderate
DEBB021;"'2021-03-29 18:00'";11;90;8;6;2;moderate
DEBB021;"'2021-03-29 19:00'";12;90;9;6;2;moderate
DEBB021;"'2021-03-29 20:00'";12;82;15;6;2;moderate
DEBB021;"'2021-03-29 21:00'";16;71;20;9;2;good
DEBB021;"'2021-03-29 22:00'";14;62;29;8;2;good
DEBB021;"'2021-03-29 23:00'";12;66;20;8;2;good
DEBB021;"'2021-03-29 24:00'";12;67;16;8;2;good
DEBB021;"'2021-03-30 01:00'";13;61;16;7;2;good
DEBB021;"'2021-03-30 02:00'";13;57;17;7;2;good
DEBB021;"'2021-03-30 03:00'";13;56;16;8;2;good
DEBB021;"'2021-03-30 04:00'";14;59;14;8;2;good
DEBB021;"'2021-03-30 05:00'";14;52;20;9;2;good
DEBB021;"'2021-03-30 06:00'";17;38;28;10;2;good
DEBB021;"'2021-03-30 07:00'";19;31;38;11;2;moderate
DEBB021;"'2021-03-30 08:00'";22;39;32;11;2;moderate
DEBB021;"'2021-03-30 09:00'";26;41;35;13;3;moderate
DEBB021;"'2021-03-30 10:00'";21;46;34;14;4;moderate
DEBB021;"'2021-03-30 11:00'";22;78;17;15;4;moderate
DEBB021;"'2021-03-30 12:00'";20;86;13;14;3;moderate
DEBB021;"'2021-03-30 13:00'";19;89;13;13;3;moderate
DEBB021;"'2021-03-30 14:00'";17;91;12;12;3;moderate
DEBB021;"'2021-03-30 15:00'";15;96;10;11;3;moderate
DEBB021;"'2021-03-30 16:00'";15;99;10;10;3;moderate
DEBB021;"'2021-03-30 17:00'";16;100;9;10;3;moderate
DEBB021;"'2021-03-30 18:00'";16;102;9;10;3;moderate
DEBB021;"'2021-03-30 19:00'";16;101;10;10;2;moderate
DEBB021;"'2021-03-30 20:00'";23;84;21;14;2;moderate
DEBB021;"'2021-03-30 21:00'";30;47;48;16;2;moderate
DEBB021;"'2021-03-30 22:00'";26;33;53;16;2;moderate
DEBB021;"'2021-03-30 23:00'";27;11;66;19;2;poor
DEBB021;"'2021-03-30 24:00'";26;38;32;19;2;moderate
DEBB021;"'2021-03-31 01:00'";21;45;20;16;1;moderate
DEBB021;"'2021-03-31 02:00'";22;31;26;16;1;moderate
DEBB021;"'2021-03-31 03:00'";20;24;25;15;1;good
DEBB021;"'2021-03-31 04:00'";22;11;33;18;1;moderate
DEBB021;"'2021-03-31 05:00'";19;13;29;15;1;good
DEBB021;"'2021-03-31 06:00'";22;6;36;17;2;moderate
DEBB021;"'2021-03-31 07:00'";24;3;42;18;2;moderate
DEBB021;"'2021-03-31 08:00'";26;4;49;18;2;moderate
DEBB021;"'2021-03-31 09:00'";25;7;-;17;2;moderate
DEBB021;"'2021-03-31 10:00'";36;11;-;19;3;moderate
DEBB021;"'2021-03-31 11:00'";38;21;45;18;3;moderate
DEBB021;"'2021-03-31 12:00'";26;61;28;13;7;good
DEBB021;"'2021-03-31 13:00'";18;92;13;10;5;moderate
DEBB021;"'2021-03-31 14:00'";16;104;10;9;4;moderate
DEBB021;"'2021-03-31 15:00'";15;113;9;9;3;moderate
DEBB021;"'2021-03-31 16:00'";15;118;8;9;3;moderate
DEBB021;"'2021-03-31 17:00'";13;121;9;7;3;moderate
DEBB021;"'2021-03-31 18:00'";13;123;9;7;3;moderate
DEBB021;"'2021-03-31 19:00'";14;119;12;7;3;moderate
DEBB021;"'2021-03-31 20:00'";23;95;33;10;2;moderate
DEBB021;"'2021-03-31 21:00'";31;62;52;14;2;moderate
DEBB021;"'2021-03-31 22:00'";35;27;77;18;2;poor
DEBB021;"'2021-03-31 23:00'";36;31;60;23;2;moderate
DEBB021;"'2021-03-31 24:00'";54;21;65;31;2;poor
DEBB021;"'2021-04-01 01:00'";47;8;75;29;2;poor
DEBB021;"'2021-04-01 02:00'";40;10;65;28;2;poor
DEBB021;"'2021-04-01 03:00'";33;21;47;24;1;moderate
DEBB021;"'2021-04-01 04:00'";26;44;26;19;1;moderate
DEBB021;"'2021-04-01 05:00'";26;54;25;18;2;moderate
DEBB021;"'2021-04-01 06:00'";26;38;38;19;2;moderate
DEBB021;"'2021-04-01 07:00'";33;21;62;20;3;poor
DEBB021;"'2021-04-01 08:00'";33;20;65;20;2;poor
DEBB021;"'2021-04-01 09:00'";30;44;43;20;2;moderate
DEBB021;"'2021-04-01 10:00'";32;48;37;21;3;moderate
DEBB021;"'2021-04-01 11:00'";34;58;30;21;2;moderate
DEBB021;"'2021-04-01 12:00'";32;73;24;23;2;moderate
DEBB021;"'2021-04-01 13:00'";31;88;15;24;2;moderate
DEBB021;"'2021-04-01 14:00'";32;94;17;25;2;moderate
DEBB021;"'2021-04-01 15:00'";30;100;17;25;3;moderate
DEBB021;"'2021-04-01 16:00'";34;106;11;29;3;moderate
DEBB021;"'2021-04-01 17:00'";39;96;11;34;2;poor
DEBB021;"'2021-04-01 18:00'";17;62;7;15;1;good
DEBB021;"'2021-04-01 19:00'";9;53;7;9;0.8;good
DEBB021;"'2021-04-01 20:00'";8;57;6;7;0.8;good
DEBB021;"'2021-04-01 21:00'";7;59;6;7;0.8;good
DEBB021;"'2021-04-01 22:00'";8;53;6;7;1;good
DEBB021;"'2021-04-01 23:00'";9;56;6;9;0.8;good
DEBB021;"'2021-04-01 24:00'";5;69;4;5;0.8;good
DEBB021;"'2021-04-02 01:00'";2;78;3;2;0.8;moderate
DEBB021;"'2021-04-02 02:00'";2;82;3;2;0.8;moderate
DEBB021;"'2021-04-02 03:00'";2;85;3;2;1;moderate
DEBB021;"'2021-04-02 04:00'";3;79;4;3;0.8;moderate
DEBB021;"'2021-04-02 05:00'";4;75;4;4;0.8;moderate
DEBB021;"'2021-04-02 06:00'";6;70;5;6;0.5;good
DEBB021;"'2021-04-02 07:00'";7;66;6;6;0.5;good
DEBB021;"'2021-04-02 08:00'";7;66;6;7;0.5;good
DEBB021;"'2021-04-02 09:00'";7;65;5;7;0.5;good
DEBB021;"'2021-04-02 10:00'";7;64;5;7;0.5;good
DEBB021;"'2021-04-02 11:00'";7;62;6;7;0.5;good
DEBB021;"'2021-04-02 12:00'";7;67;5;6;0.5;good
DEBB021;"'2021-04-02 13:00'";6;78;4;5;1;moderate
DEBB021;"'2021-04-02 14:00'";5;81;4;4;0.5;moderate
DEBB021;"'2021-04-02 15:00'";3;86;4;3;0.8;moderate
DEBB021;"'2021-04-02 16:00'";4;88;4;3;0.5;moderate
DEBB021;"'2021-04-02 17:00'";9;76;4;7;0.8;moderate
DEBB021;"'2021-04-02 18:00'";10;78;5;8;0.5;moderate
DEBB021;"'2021-04-02 19:00'";11;80;6;9;0.5;moderate
DEBB021;"'2021-04-02 20:00'";11;79;6;9;0.8;moderate
DEBB021;"'2021-04-02 21:00'";9;77;7;7;0.5;moderate
DEBB021;"'2021-04-02 22:00'";8;73;7;7;0.5;moderate
DEBB021;"'2021-04-02 23:00'";7;71;6;6;0.5;good
DEBB021;"'2021-04-02 24:00'";6;68;6;6;0.8;good
DEBB021;"'2021-04-03 01:00'";7;66;5;7;0.5;good
DEBB021;"'2021-04-03 02:00'";7;63;5;6;0.5;good
DEBB021;"'2021-04-03 03:00'";8;61;4;7;0.8;good
DEBB021;"'2021-04-03 04:00'";9;58;5;8;0.8;good
DEBB021;"'2021-04-03 05:00'";9;54;6;8;0.8;good
DEBB021;"'2021-04-03 06:00'";9;51;7;8;0.8;good
DEBB021;"'2021-04-03 07:00'";9;45;12;8;0.5;good
DEBB021;"'2021-04-03 08:00'";9;40;13;8;0.5;good
DEBB021;"'2021-04-03 09:00'";7;50;8;6;0.8;good
DEBB021;"'2021-04-03 10:00'";5;60;7;4;0.9;good
DEBB021;"'2021-04-03 11:00'";4;72;6;3;1;good
DEBB021;"'2021-04-03 12:00'";3;80;5;2;0.8;moderate
DEBB021;"'2021-04-03 13:00'";3;81;5;2;0.8;moderate
DEBB021;"'2021-04-03 14:00'";3;84;4;1;0.5;moderate
DEBB021;"'2021-04-03 15:00'";3;88;3;0.8;0.5;moderate
DEBB021;"'2021-04-03 16:00'";2;88;4;0.8;0.5;moderate
DEBB021;"'2021-04-03 17:00'";2;89;4;0.8;0.5;moderate
DEBB021;"'2021-04-03 18:00'";2;87;4;0.8;0.5;moderate
DEBB021;"'2021-04-03 19:00'";2;86;4;0.8;0.5;moderate
DEBB021;"'2021-04-03 20:00'";3;83;5;2;0.8;moderate
DEBB021;"'2021-04-03 21:00'";6;79;7;6;0.5;moderate
DEBB021;"'2021-04-03 22:00'";11;69;13;9;1;good
DEBB021;"'2021-04-03 23:00'";12;64;16;10;1;good
DEBB021;"'2021-04-03 24:00'";14;58;20;13;2;good
DEBB021;"'2021-04-04 01:00'";14;48;19;13;1;good
DEBB021;"'2021-04-04 02:00'";21;48;15;18;1;moderate
DEBB021;"'2021-04-04 03:00'";23;41;16;20;0.5;moderate
DEBB021;"'2021-04-04 04:00'";13;46;12;12;0.5;good
DEBB021;"'2021-04-04 05:00'";9;46;13;9;0.5;good
DEBB021;"'2021-04-04 06:00'";7;50;10;7;0.5;good
DEBB021;"'2021-04-04 07:00'";8;50;11;7;0.5;good
DEBB021;"'2021-04-04 08:00'";8;52;11;7;0.5;good
DEBB021;"'2021-04-04 09:00'";8;61;9;7;0.8;good
DEBB021;"'2021-04-04 10:00'";8;68;8;7;1;good
DEBB021;"'2021-04-04 11:00'";12;79;6;11;1;moderate
DEBB021;"'2021-04-04 12:00'";13;83;5;11;1;moderate
DEBB021;"'2021-04-04 13:00'";12;87;4;10;0.8;moderate
DEBB021;"'2021-04-04 14:00'";12;90;5;10;1;moderate
DEBB021;"'2021-04-04 15:00'";11;92;5;9;1;moderate
DEBB021;"'2021-04-04 16:00'";12;92;5;9;1;moderate
DEBB021;"'2021-04-04 17:00'";13;90;4;11;0.5;moderate
DEBB021;"'2021-04-04 18:00'";13;90;4;10;0.5;moderate
DEBB021;"'2021-04-04 19:00'";10;87;5;8;0.8;moderate
DEBB021;"'2021-04-04 20:00'";6;78;6;5;0.8;moderate
DEBB021;"'2021-04-04 21:00'";6;76;5;6;0.5;moderate
DEBB021;"'2021-04-04 22:00'";8;74;6;7;0.9;moderate
DEBB021;"'2021-04-04 23:00'";10;74;5;9;0.8;moderate
DEBB021;"'2021-04-04 24:00'";11;72;5;10;0.5;good
DEBB021;"'2021-04-05 01:00'";12;68;6;11;1;good
DEBB021;"'2021-04-05 02:00'";11;62;6;10;0.5;good
DEBB021;"'2021-04-05 03:00'";10;61;6;10;0.8;good
DEBB021;"'2021-04-05 04:00'";11;61;6;11;0.5;good
DEBB021;"'2021-04-05 05:00'";12;61;6;11;0.8;good
DEBB021;"'2021-04-05 06:00'";14;60;7;13;1;good
DEBB021;"'2021-04-05 07:00'";19;57;7;17;2;moderate
DEBB021;"'2021-04-05 08:00'";19;59;7;17;2;moderate
DEBB021;"'2021-04-05 09:00'";20;64;7;17;1;moderate
DEBB021;"'2021-04-05 10:00'";20;63;8;17;1;moderate
DEBB021;"'2021-04-05 11:00'";19;60;8;18;0.8;moderate
DEBB021;"'2021-04-05 12:00'";10;74;7;9;1;moderate
DEBB021;"'2021-04-05 13:00'";1;85;5;1;0.9;moderate
DEBB021;"'2021-04-05 14:00'";2;82;5;2;0.5;moderate
DEBB021;"'2021-04-05 15:00'";0.8;83;3;0.8;0.5;moderate
DEBB021;"'2021-04-05 16:00'";0.8;80;4;0.8;0.8;moderate
DEBB021;"'2021-04-05 17:00'";3;85;4;2;0.5;moderate
DEBB021;"'2021-04-05 18:00'";4;85;4;3;0.8;moderate
DEBB021;"'2021-04-05 19:00'";5;74;4;3;0.5;moderate
DEBB021;"'2021-04-05 20:00'";5;73;4;3;0.5;moderate
DEBB021;"'2021-04-05 21:00'";4;72;4;3;0.5;good
DEBB021;"'2021-04-05 22:00'";3;71;4;2;0.5;good
DEBB021;"'2021-04-05 23:00'";3;72;4;3;0.5;good
DEBB021;"'2021-04-05 24:00'";3;72;5;3;0.5;good
DEBB021;"'2021-04-06 01:00'";3;72;4;3;0.5;good
DEBB021;"'2021-04-06 02:00'";3;73;4;3;0.5;moderate
DEBB021;"'2021-04-06 03:00'";3;75;4;3;1;moderate
DEBB021;"'2021-04-06 04:00'";3;72;5;3;1;good
DEBB021;"'2021-04-06 05:00'";4;68;7;4;1;good
DEBB021;"'2021-04-06 06:00'";5;63;10;4;1;good
DEBB021;"'2021-04-06 07:00'";5;57;16;5;1;good
DEBB021;"'2021-04-06 08:00'";6;56;16;5;1;good
DEBB021;"'2021-04-06 09:00'";6;59;14;5;1;good
DEBB021;"'2021-04-06 10:00'";7;62;10;6;1;good
DEBB021;"'2021-04-06 11:00'";8;63;9;7;1;good
DEBB021;"'2021-04-06 12:00'";8;70;7;6;1;good
DEBB021;"'2021-04-06 13:00'";7;74;8;6;1;moderate
DEBB021;"'2021-04-06 14:00'";5;80;9;4;1;moderate
DEBB021;"'2021-04-06 15:00'";5;83;9;3;1;moderate
DEBB021;"'2021-04-06 16:00'";5;86;8;3;1;moderate
DEBB021;"'2021-04-06 17:00'";5;89;7;3;1;moderate
DEBB021;"'2021-04-06 18:00'";3;89;6;3;0.9;moderate
DEBB021;"'2021-04-06 19:00'";3;87;6;3;1;moderate
DEBB021;"'2021-04-06 20:00'";2;84;7;2;1;moderate
DEBB021;"'2021-04-06 21:00'";3;77;10;3;1;moderate
DEBB021;"'2021-04-06 22:00'";3;78;8;3;1;moderate
DEBB021;"'2021-04-06 23:00'";3;77;6;2;1;moderate
DEBB021;"'2021-04-06 24:00'";2;76;5;2;1;moderate
DEBB021;"'2021-04-07 01:00'";2;77;5;2;1;moderate
DEBB021;"'2021-04-07 02:00'";3;76;5;2;1;moderate
DEBB021;"'2021-04-07 03:00'";4;74;5;4;1;moderate
DEBB021;"'2021-04-07 04:00'";4;74;5;4;0.8;moderate
DEBB021;"'2021-04-07 05:00'";4;73;6;4;0.5;moderate
DEBB021;"'2021-04-07 06:00'";5;73;6;4;1;moderate
DEBB021;"'2021-04-07 07:00'";5;73;8;5;1;moderate
DEBB021;"'2021-04-07 08:00'";6;72;10;5;1;good
DEBB021;"'2021-04-07 09:00'";6;72;10;5;1;good
DEBB021;"'2021-04-07 10:00'";7;75;8;5;1;moderate
DEBB021;"'2021-04-07 11:00'";7;77;8;6;1;moderate
DEBB021;"'2021-04-07 12:00'";7;80;8;5;1;moderate
DEBB021;"'2021-04-07 13:00'";6;82;7;4;1;moderate
DEBB021;"'2021-04-07 14:00'";5;79;8;4;1;moderate
DEBB021;"'2021-04-07 15:00'";5;77;9;4;1;moderate
DEBB021;"'2021-04-07 16:00'";6;76;10;5;1;moderate
DEBB021;"'2021-04-07 17:00'";7;75;9;6;1;moderate
DEBB021;"'2021-04-07 18:00'";6;74;9;6;1;moderate
DEBB021;"'2021-04-07 19:00'";7;69;11;6;1;good
DEBB021;"'2021-04-07 20:00'";7;62;13;7;1;good
DEBB021;"'2021-04-07 21:00'";7;58;13;7;1;good
DEBB021;"'2021-04-07 22:00'";6;62;11;6;1;good
DEBB021;"'2021-04-07 23:00'";0.8;76;4;0.8;1;moderate
DEBB021;"'2021-04-07 24:00'";2;69;5;2;1;good
DEBB021;"'2021-04-08 01:00'";3;71;5;3;1;good
DEBB021;"'2021-04-08 02:00'";4;71;4;3;1;good
DEBB021;"'2021-04-08 03:00'";5;74;4;4;1;moderate
DEBB021;"'2021-04-08 04:00'";4;74;4;4;1;moderate
DEBB021;"'2021-04-08 05:00'";4;72;5;4;1;good
DEBB021;"'2021-04-08 06:00'";4;72;6;4;1;good
DEBB021;"'2021-04-08 07:00'";6;73;6;5;1;moderate
DEBB021;"'2021-04-08 08:00'";6;71;8;5;1;good
DEBB021;"'2021-04-08 09:00'";5;73;8;5;1;moderate
DEBB021;"'2021-04-08 10:00'";6;74;8;5;1;moderate
DEBB021;"'2021-04-08 11:00'";6;77;-;5;1;moderate
DEBB021;"'2021-04-08 12:00'";6;80;6;4;1;moderate
DEBB021;"'2021-04-08 13:00'";5;83;6;4;1;moderate
DEBB021;"'2021-04-08 14:00'";6;85;6;4;1;moderate
DEBB021;"'2021-04-08 15:00'";7;84;6;4;2;moderate
DEBB021;"'2021-04-08 16:00'";5;84;6;3;1;moderate
DEBB021;"'2021-04-08 17:00'";5;80;8;4;1;moderate
DEBB021;"'2021-04-08 18:00'";5;81;8;3;1;moderate
DEBB021;"'2021-04-08 19:00'";6;78;10;4;1;moderate
DEBB021;"'2021-04-08 20:00'";6;74;14;5;1;moderate
DEBB021;"'2021-04-08 21:00'";6;70;16;4;1;good
DEBB021;"'2021-04-08 22:00'";6;74;10;5;1;moderate
DEBB021;"'2021-04-08 23:00'";6;74;8;5;1;moderate
DEBB021;"'2021-04-08 24:00'";6;70;9;5;1;good
DEBB021;"'2021-04-09 01:00'";7;69;9;6;1;good
DEBB021;"'2021-04-09 02:00'";9;70;8;8;1;good
DEBB021;"'2021-04-09 03:00'";10;66;9;9;1;good
DEBB021;"'2021-04-09 04:00'";9;63;10;9;2;good
DEBB021;"'2021-04-09 05:00'";9;59;10;8;2;good
DEBB021;"'2021-04-09 06:00'";9;58;12;8;2;good
DEBB021;"'2021-04-09 07:00'";11;54;17;9;2;good
DEBB021;"'2021-04-09 08:00'";15;54;19;12;3;good
DEBB021;"'2021-04-09 09:00'";19;59;19;13;3;good
DEBB021;"'2021-04-09 10:00'";17;67;17;12;2;good
DEBB021;"'2021-04-09 11:00'";16;75;13;11;2;moderate
DEBB021;"'2021-04-09 12:00'";17;85;11;12;2;moderate
DEBB021;"'2021-04-09 13:00'";18;89;8;13;1;moderate
DEBB021;"'2021-04-09 14:00'";19;89;8;13;1;moderate
DEBB021;"'2021-04-09 15:00'";19;92;9;13;1;moderate
DEBB021;"'2021-04-09 16:00'";19;93;8;13;1;moderate
DEBB021;"'2021-04-09 17:00'";18;94;9;13;0.9;moderate
DEBB021;"'2021-04-09 18:00'";18;94;10;13;1;moderate
DEBB021;"'2021-04-09 19:00'";18;93;11;13;1;moderate
DEBB021;"'2021-04-09 20:00'";20;85;15;13;1;moderate
DEBB021;"'2021-04-09 21:00'";21;79;18;15;1;moderate
DEBB021;"'2021-04-09 22:00'";20;80;14;16;1;moderate
DEBB021;"'2021-04-09 23:00'";19;77;13;15;1;moderate
DEBB021;"'2021-04-09 24:00'";17;73;13;14;1;moderate
DEBB021;"'2021-04-10 01:00'";16;69;15;13;1;good
DEBB021;"'2021-04-10 02:00'";17;68;12;14;1;good
DEBB021;"'2021-04-10 03:00'";17;63;15;15;2;good
DEBB021;"'2021-04-10 04:00'";16;60;11;14;1;good
DEBB021;"'2021-04-10 05:00'";15;56;13;13;1;good
DEBB021;"'2021-04-10 06:00'";15;49;17;13;1;good
DEBB021;"'2021-04-10 07:00'";15;36;25;14;1;good
DEBB021;"'2021-04-10 08:00'";15;38;20;14;1;good
DEBB021;"'2021-04-10 09:00'";14;41;15;13;0.8;good
DEBB021;"'2021-04-10 10:00'";11;43;15;10;1;good
DEBB021;"'2021-04-10 11:00'";11;42;18;11;2;good
DEBB021;"'2021-04-10 12:00'";11;51;18;11;3;good
DEBB021;"'2021-04-10 13:00'";12;66;13;11;3;good
DEBB021;"'2021-04-10 14:00'";14;70;13;13;2;good
DEBB021;"'2021-04-10 15:00'";12;74;10;11;2;moderate
DEBB021;"'2021-04-10 16:00'";12;74;9;10;2;moderate
DEBB021;"'2021-04-10 17:00'";11;70;11;9;2;good
DEBB021;"'2021-04-10 18:00'";14;63;16;13;2;good
DEBB021;"'2021-04-10 19:00'";13;67;14;11;1;good
DEBB021;"'2021-04-10 20:00'";17;67;10;16;1;moderate
DEBB021;"'2021-04-10 21:00'";19;60;12;18;1;moderate
DEBB021;"'2021-04-10 22:00'";22;59;10;21;1;moderate
DEBB021;"'2021-04-10 23:00'";25;57;11;24;1;moderate
DEBB021;"'2021-04-10 24:00'";24;55;9;23;1;moderate
DEBB021;"'2021-04-11 01:00'";25;55;9;24;2;moderate
DEBB021;"'2021-04-11 02:00'";26;52;10;25;1;moderate
DEBB021;"'2021-04-11 03:00'";28;53;9;27;1;moderate
DEBB021;"'2021-04-11 04:00'";30;50;8;29;1;moderate
DEBB021;"'2021-04-11 05:00'";33;45;11;32;1;poor
DEBB021;"'2021-04-11 06:00'";36;41;12;35;2;poor
DEBB021;"'2021-04-11 07:00'";38;38;12;37;2;poor
DEBB021;"'2021-04-11 08:00'";38;36;13;37;2;poor
DEBB021;"'2021-04-11 09:00'";39;36;12;37;2;poor
DEBB021;"'2021-04-11 10:00'";38;38;13;36;2;poor
DEBB021;"'2021-04-11 11:00'";35;43;14;32;2;poor
DEBB021;"'2021-04-11 12:00'";30;55;9;27;3;moderate
DEBB021;"'2021-04-11 13:00'";21;77;7;18;3;moderate
DEBB021;"'2021-04-11 14:00'";17;89;6;14;3;moderate
DEBB021;"'2021-04-11 15:00'";11;100;6;8;2;moderate
DEBB021;"'2021-04-11 16:00'";12;100;7;9;2;moderate
DEBB021;"'2021-04-11 17:00'";11;102;7;9;2;moderate
DEBB021;"'2021-04-11 18:00'";10;99;8;7;2;moderate
DEBB021;"'2021-04-11 19:00'";8;90;7;7;2;moderate
DEBB021;"'2021-04-11 20:00'";13;71;7;12;2;good
DEBB021;"'2021-04-11 21:00'";11;50;7;11;1;good
DEBB021;"'2021-04-11 22:00'";7;54;6;7;1;good
DEBB021;"'2021-04-11 23:00'";3;60;5;3;1;good
DEBB021;"'2021-04-11 24:00'";5;65;4;5;1;good
DEBB021;"'2021-04-12 01:00'";6;70;5;6;1;good
DEBB021;"'2021-04-12 02:00'";5;69;4;5;1;good
DEBB021;"'2021-04-12 03:00'";6;65;5;6;1;good
DEBB021;"'2021-04-12 04:00'";6;66;6;6;0.5;good
DEBB021;"'2021-04-12 05:00'";7;63;7;6;1;good
DEBB021;"'2021-04-12 06:00'";6;64;6;6;0.8;good
DEBB021;"'2021-04-12 07:00'";6;65;7;5;0.8;good
DEBB021;"'2021-04-12 08:00'";6;62;10;5;0.8;good
DEBB021;"'2021-04-12 09:00'";5;63;12;5;0.8;good
DEBB021;"'2021-04-12 10:00'";6;70;8;5;1;good
DEBB021;"'2021-04-12 11:00'";5;74;6;4;1;moderate
DEBB021;"'2021-04-12 12:00'";5;76;6;4;1;moderate
DEBB021;"'2021-04-12 13:00'";4;76;6;4;1;moderate
DEBB021;"'2021-04-12 14:00'";4;80;5;3;1;moderate
DEBB021;"'2021-04-12 15:00'";4;82;5;3;1;moderate
DEBB021;"'2021-04-12 16:00'";4;83;5;3;0.5;moderate
DEBB021;"'2021-04-12 17:00'";4;83;6;3;0.5;moderate
DEBB021;"'2021-04-12 18:00'";4;83;6;3;0.5;moderate
DEBB021;"'2021-04-12 19:00'";5;83;6;4;0.8;moderate
DEBB021;"'2021-04-12 20:00'";5;76;11;4;0.8;moderate
DEBB021;"'2021-04-12 21:00'";4;78;10;3;0.5;moderate
DEBB021;"'2021-04-12 22:00'";4;70;13;3;0.5;good
DEBB021;"'2021-04-12 23:00'";4;60;16;4;1;good
DEBB021;"'2021-04-12 24:00'";5;58;12;4;1;good
DEBB021;"'2021-04-13 01:00'";5;62;11;4;1;good
DEBB021;"'2021-04-13 02:00'";5;59;12;5;1;good
DEBB021;"'2021-04-13 03:00'";6;57;12;5;1;good
DEBB021;"'2021-04-13 04:00'";7;55;15;7;1;good
DEBB021;"'2021-04-13 05:00'";10;53;13;9;1;good
DEBB021;"'2021-04-13 06:00'";11;49;17;10;1;good
DEBB021;"'2021-04-13 07:00'";14;42;25;13;1;good
DEBB021;"'2021-04-13 08:00'";14;44;23;13;1;good
DEBB021;"'2021-04-13 09:00'";11;56;14;10;2;good
DEBB021;"'2021-04-13 10:00'";10;65;10;9;2;good
DEBB021;"'2021-04-13 11:00'";8;71;9;7;1;good
DEBB021;"'2021-04-13 12:00'";7;77;6;6;1;moderate
DEBB021;"'2021-04-13 13:00'";7;77;6;5;1;moderate
DEBB021;"'2021-04-13 14:00'";6;78;6;5;1;moderate
DEBB021;"'2021-04-13 15:00'";5;79;6;4;0.9;moderate
DEBB021;"'2021-04-13 16:00'";5;82;5;4;0.5;moderate
DEBB021;"'2021-04-13 17:00'";5;82;5;4;0.8;moderate
DEBB021;"'2021-04-13 18:00'";5;81;6;4;0.8;moderate
DEBB021;"'2021-04-13 19:00'";5;80;6;3;0.5;moderate
DEBB021;"'2021-04-13 20:00'";5;76;9;4;0.5;moderate
DEBB021;"'2021-04-13 21:00'";5;73;9;4;1;moderate
DEBB021;"'2021-04-13 22:00'";5;64;14;4;1;good
DEBB021;"'2021-04-13 23:00'";5;67;10;4;1;good
DEBB021;"'2021-04-13 24:00'";4;62;14;3;1;good
DEBB021;"'2021-04-14 01:00'";4;64;10;3;1;good
DEBB021;"'2021-04-14 02:00'";4;67;7;3;1;good
DEBB021;"'2021-04-14 03:00'";4;62;11;4;1;good
DEBB021;"'2021-04-14 04:00'";5;67;8;4;0.8;good
DEBB021;"'2021-04-14 05:00'";6;65;11;4;0.8;good
DEBB021;"'2021-04-14 06:00'";6;58;15;5;1;good
DEBB021;"'2021-04-14 07:00'";7;51;20;6;1;good
DEBB021;"'2021-04-14 08:00'";8;57;16;6;1;good
DEBB021;"'2021-04-14 09:00'";9;64;11;7;1;good
DEBB021;"'2021-04-14 10:00'";11;72;8;9;1;good
DEBB021;"'2021-04-14 11:00'";10;81;7;7;1;moderate
DEBB021;"'2021-04-14 12:00'";8;86;6;5;1;moderate
DEBB021;"'2021-04-14 13:00'";6;90;4;4;1;moderate
DEBB021;"'2021-04-14 14:00'";5;92;4;4;1;moderate
DEBB021;"'2021-04-14 15:00'";5;91;6;4;1;moderate
DEBB021;"'2021-04-14 16:00'";5;92;5;3;0.9;moderate
DEBB021;"'2021-04-14 17:00'";6;90;6;3;0.9;moderate
DEBB021;"'2021-04-14 18:00'";6;88;6;4;0.5;moderate
DEBB021;"'2021-04-14 19:00'";5;87;6;3;0.8;moderate
DEBB021;"'2021-04-14 20:00'";5;85;6;4;1;moderate
DEBB021;"'2021-04-14 21:00'";5;81;7;4;1;moderate
DEBB021;"'2021-04-14 22:00'";6;77;9;4;1;moderate
DEBB021;"'2021-04-14 23:00'";6;73;10;5;1;moderate
DEBB021;"'2021-04-14 24:00'";5;71;10;4;1;good
DEBB021;"'2021-04-15 01:00'";5;68;11;4;1;good
DEBB021;"'2021-04-15 02:00'";5;67;13;4;0.9;good
DEBB021;"'2021-04-15 03:00'";4;66;13;3;1;good
DEBB021;"'2021-04-15 04:00'";4;60;13;4;1;good
DEBB021;"'2021-04-15 05:00'";4;57;14;4;0.5;good
DEBB021;"'2021-04-15 06:00'";5;57;12;4;0.5;good
DEBB021;"'2021-04-15 07:00'";5;50;20;4;0.5;good
DEBB021;"'2021-04-15 08:00'";6;45;24;5;0.9;good
DEBB021;"'2021-04-15 09:00'";8;39;32;6;1;moderate
DEBB021;"'2021-04-15 10:00'";6;65;13;4;0.8;good
DEBB021;"'2021-04-15 11:00'";4;76;9;3;1;moderate
DEBB021;"'2021-04-15 12:00'";3;83;7;2;1;moderate
DEBB021;"'2021-04-15 13:00'";4;87;5;2;1;moderate
DEBB021;"'2021-04-15 14:00'";6;89;5;2;0.8;moderate
DEBB021;"'2021-04-15 15:00'";5;89;5;2;0.8;moderate
DEBB021;"'2021-04-15 16:00'";4;89;6;2;0.8;moderate
DEBB021;"'2021-04-15 17:00'";3;87;8;2;0.8;moderate
DEBB021;"'2021-04-15 18:00'";3;88;6;0.8;0.8;moderate
DEBB021;"'2021-04-15 19:00'";3;87;6;2;1;moderate
DEBB021;"'2021-04-15 20:00'";4;90;4;2;1;moderate
DEBB021;"'2021-04-15 21:00'";3;90;4;2;0.8;moderate
DEBB021;"'2021-04-15 22:00'";2;87;4;2;0.5;moderate
DEBB021;"'2021-04-15 23:00'";3;84;4;2;0.8;moderate
DEBB021;"'2021-04-15 24:00'";3;82;4;3;0.8;moderate
DEBB021;"'2021-04-16 01:00'";3;78;4;3;1;moderate
DEBB021;"'2021-04-16 02:00'";3;74;5;3;0.5;moderate
DEBB021;"'2021-04-16 03:00'";3;72;6;3;0.8;good
DEBB021;"'2021-04-16 04:00'";3;74;5;3;1;moderate
DEBB021;"'2021-04-16 05:00'";3;80;4;3;1;moderate
DEBB021;"'2021-04-16 06:00'";4;79;6;3;0.5;moderate
DEBB021;"'2021-04-16 07:00'";4;75;8;3;1;moderate
DEBB021;"'2021-04-16 08:00'";5;73;10;3;1;moderate
DEBB021;"'2021-04-16 09:00'";5;76;9;3;1;moderate
DEBB021;"'2021-04-16 10:00'";5;76;9;3;1;moderate
DEBB021;"'2021-04-16 11:00'";5;77;9;3;1;moderate
DEBB021;"'2021-04-16 12:00'";5;78;8;3;1;moderate
DEBB021;"'2021-04-16 13:00'";5;79;7;3;1;moderate
DEBB021;"'2021-04-16 14:00'";5;82;6;3;1;moderate
DEBB021;"'2021-04-16 15:00'";6;87;5;3;1;moderate
DEBB021;"'2021-04-16 16:00'";6;89;5;3;1;moderate
DEBB021;"'2021-04-16 17:00'";5;90;4;3;1;moderate
DEBB021;"'2021-04-16 18:00'";5;91;5;3;1;moderate
DEBB021;"'2021-04-16 19:00'";5;88;5;3;1;moderate
DEBB021;"'2021-04-16 20:00'";6;89;5;3;2;moderate
DEBB021;"'2021-04-16 21:00'";6;91;5;4;1;moderate
DEBB021;"'2021-04-16 22:00'";5;89;5;4;1;moderate
DEBB021;"'2021-04-16 23:00'";5;84;5;4;1;moderate
DEBB021;"'2021-04-16 24:00'";5;81;5;3;1;moderate
DEBB021;"'2021-04-17 01:00'";5;80;5;3;2;moderate
DEBB021;"'2021-04-17 02:00'";4;82;4;3;2;moderate
DEBB021;"'2021-04-17 03:00'";3;79;6;2;2;moderate
DEBB021;"'2021-04-17 04:00'";4;76;8;3;1;moderate
DEBB021;"'2021-04-17 05:00'";4;76;6;3;1;moderate
DEBB021;"'2021-04-17 06:00'";5;72;8;3;1;good
DEBB021;"'2021-04-17 07:00'";5;68;9;4;1;good
DEBB021;"'2021-04-17 08:00'";6;63;10;4;1;good
DEBB021;"'2021-04-17 09:00'";6;62;11;4;1;good
DEBB021;"'2021-04-17 10:00'";6;66;11;4;1;good
DEBB021;"'2021-04-17 11:00'";6;72;9;4;2;good
DEBB021;"'2021-04-17 12:00'";9;74;7;5;2;moderate
DEBB021;"'2021-04-17 13:00'";10;73;6;6;2;moderate
DEBB021;"'2021-04-17 14:00'";12;74;6;7;2;moderate
DEBB021;"'2021-04-17 15:00'";14;77;7;9;2;moderate
DEBB021;"'2021-04-17 16:00'";13;79;5;9;1;moderate
DEBB021;"'2021-04-17 17:00'";14;79;6;9;1;moderate
DEBB021;"'2021-04-17 18:00'";14;79;6;10;1;moderate
DEBB021;"'2021-04-17 19:00'";16;79;7;11;2;moderate
DEBB021;"'2021-04-17 20:00'";17;81;7;11;1;moderate
DEBB021;"'2021-04-17 21:00'";17;79;8;11;2;moderate
DEBB021;"'2021-04-17 22:00'";16;80;7;10;2;moderate
DEBB021;"'2021-04-17 23:00'";15;74;9;11;2;moderate
DEBB021;"'2021-04-17 24:00'";14;69;10;12;1;good
DEBB021;"'2021-04-18 01:00'";14;65;9;12;2;good
DEBB021;"'2021-04-18 02:00'";15;59;9;12;2;good
DEBB021;"'2021-04-18 03:00'";15;57;8;13;2;good
DEBB021;"'2021-04-18 04:00'";16;54;8;14;2;good
DEBB021;"'2021-04-18 05:00'";17;51;8;15;2;good
DEBB021;"'2021-04-18 06:00'";18;45;11;16;2;moderate
DEBB021;"'2021-04-18 07:00'";25;42;12;21;2;moderate
DEBB021;"'2021-04-18 08:00'";27;36;10;22;1;moderate
DEBB021;"'2021-04-18 09:00'";25;37;11;20;1;moderate
DEBB021;"'2021-04-18 10:00'";18;38;12;17;1;moderate
DEBB021;"'2021-04-18 11:00'";12;41;8;12;1;good
DEBB021;"'2021-04-18 12:00'";9;42;7;9;1;good
DEBB021;"'2021-04-18 13:00'";11;44;6;11;1;good
DEBB021;"'2021-04-18 14:00'";12;51;6;12;1;good
DEBB021;"'2021-04-18 15:00'";14;55;7;14;1;good
DEBB021;"'2021-04-18 16:00'";14;62;5;14;1;good
DEBB021;"'2021-04-18 17:00'";15;66;6;14;1;good
DEBB021;"'2021-04-18 18:00'";15;65;5;14;1;good
DEBB021;"'2021-04-18 19:00'";14;70;6;13;1;good
DEBB021;"'2021-04-18 20:00'";7;75;10;6;1;moderate
DEBB021;"'2021-04-18 21:00'";11;53;24;10;1;good
DEBB021;"'2021-04-18 22:00'";9;59;11;8;1;good
DEBB021;"'2021-04-18 23:00'";11;54;12;10;1;good
DEBB021;"'2021-04-18 24:00'";12;41;14;12;1;good
DEBB021;"'2021-04-19 01:00'";14;39;12;13;1;good
DEBB021;"'2021-04-19 02:00'";15;22;25;14;1;good
DEBB021;"'2021-04-19 03:00'";17;27;16;14;1;good
DEBB021;"'2021-04-19 04:00'";14;31;16;11;1;good
DEBB021;"'2021-04-19 05:00'";15;29;16;12;1;good
DEBB021;"'2021-04-19 06:00'";14;27;19;11;1;good
DEBB021;"'2021-04-19 07:00'";12;25;20;10;1;good
DEBB021;"'2021-04-19 08:00'";11;23;21;10;1;good
DEBB021;"'2021-04-19 09:00'";14;24;19;12;1;good
DEBB021;"'2021-04-19 10:00'";18;22;23;17;2;moderate
DEBB021;"'2021-04-19 11:00'";16;28;18;16;1;moderate
DEBB021;"'2021-04-19 12:00'";21;29;17;20;1;moderate
DEBB021;"'2021-04-19 13:00'";23;32;15;23;2;moderate
DEBB021;"'2021-04-19 14:00'";21;35;13;20;1;moderate
DEBB021;"'2021-04-19 15:00'";20;44;8;19;1;moderate
DEBB021;"'2021-04-19 16:00'";21;55;7;20;1;moderate
DEBB021;"'2021-04-19 17:00'";21;63;8;19;1;moderate
DEBB021;"'2021-04-19 18:00'";21;67;7;20;1;moderate
DEBB021;"'2021-04-19 19:00'";20;64;8;19;1;moderate
DEBB021;"'2021-04-19 20:00'";21;61;8;19;1;moderate
DEBB021;"'2021-04-19 21:00'";22;48;18;20;1;moderate
DEBB021;"'2021-04-19 22:00'";24;35;24;21;0.9;moderate
DEBB021;"'2021-04-19 23:00'";23;40;23;17;1;moderate
DEBB021;"'2021-04-19 24:00'";16;57;15;10;1;good
DEBB021;"'2021-04-20 01:00'";17;63;9;8;1;good
DEBB021;"'2021-04-20 02:00'";13;60;9;8;1;good
DEBB021;"'2021-04-20 03:00'";12;56;11;8;1;good
DEBB021;"'2021-04-20 04:00'";12;53;13;9;1;good
DEBB021;"'2021-04-20 05:00'";13;44;15;9;1;good
DEBB021;"'2021-04-20 06:00'";13;30;27;10;0.8;good
DEBB021;"'2021-04-20 07:00'";15;31;26;11;0.9;good
DEBB021;"'2021-04-20 08:00'";16;37;21;12;1;good
DEBB021;"'2021-04-20 09:00'";17;40;20;13;2;good
DEBB021;"'2021-04-20 10:00'";17;55;14;13;2;good
DEBB021;"'2021-04-20 11:00'";19;59;14;13;3;good
DEBB021;"'2021-04-20 12:00'";19;73;10;13;2;moderate
DEBB021;"'2021-04-20 13:00'";21;76;10;14;2;moderate
DEBB021;"'2021-04-20 14:00'";23;87;7;15;2;moderate
DEBB021;"'2021-04-20 15:00'";23;90;7;16;3;moderate
DEBB021;"'2021-04-20 16:00'";23;100;7;16;3;moderate
DEBB021;"'2021-04-20 17:00'";20;107;6;13;2;moderate
DEBB021;"'2021-04-20 18:00'";16;110;5;10;2;moderate
DEBB021;"'2021-04-20 19:00'";15;106;6;9;1;moderate
DEBB021;"'2021-04-20 20:00'";16;101;7;9;1;moderate
DEBB021;"'2021-04-20 21:00'";18;88;15;10;2;moderate
DEBB021;"'2021-04-20 22:00'";20;68;25;11;1;good
DEBB021;"'2021-04-20 23:00'";18;72;19;10;1;good
DEBB021;"'2021-04-20 24:00'";16;68;15;9;1;good
DEBB021;"'2021-04-21 01:00'";15;40;39;9;1;moderate
DEBB021;"'2021-04-21 02:00'";16;45;25;10;1;good
DEBB021;"'2021-04-21 03:00'";16;34;22;12;0.8;good
DEBB021;"'2021-04-21 04:00'";15;34;26;11;0.8;good
DEBB021;"'2021-04-21 05:00'";15;34;26;11;1;good
DEBB021;"'2021-04-21 06:00'";15;33;31;11;1;moderate
DEBB021;"'2021-04-21 07:00'";17;23;41;12;1;moderate
DEBB021;"'2021-04-21 08:00'";16;43;27;11;1;good
DEBB021;"'2021-04-21 09:00'";17;55;22;12;2;good
DEBB021;"'2021-04-21 10:00'";16;79;12;11;2;moderate
DEBB021;"'2021-04-21 11:00'";16;89;9;11;2;moderate
DEBB021;"'2021-04-21 12:00'";15;98;6;10;2;moderate
DEBB021;"'2021-04-21 13:00'";15;105;5;9;2;moderate
DEBB021;"'2021-04-21 14:00'";14;111;5;8;2;moderate
DEBB021;"'2021-04-21 15:00'";13;111;5;8;1;moderate
DEBB021;"'2021-04-21 16:00'";13;112;5;8;1;moderate
DEBB021;"'2021-04-21 17:00'";13;111;6;8;1;moderate
DEBB021;"'2021-04-21 18:00'";15;111;6;10;2;moderate
DEBB021;"'2021-04-21 19:00'";19;105;6;14;1;moderate
DEBB021;"'2021-04-21 20:00'";18;100;5;14;1;moderate
DEBB021;"'2021-04-21 21:00'";11;95;5;6;1;moderate
DEBB021;"'2021-04-21 22:00'";13;89;5;6;1;moderate
DEBB021;"'2021-04-21 23:00'";8;87;5;4;1;moderate
DEBB021;"'2021-04-21 24:00'";7;84;4;4;0.9;moderate
DEBB021;"'2021-04-22 01:00'";8;83;3;5;1;moderate
DEBB021;"'2021-04-22 02:00'";9;84;3;7;1;moderate
DEBB021;"'2021-04-22 03:00'";10;80;4;7;1;moderate
DEBB021;"'2021-04-22 04:00'";11;76;5;8;1;moderate
DEBB021;"'2021-04-22 05:00'";11;77;5;8;1;moderate
DEBB021;"'2021-04-22 06:00'";11;76;5;8;1;moderate
DEBB021;"'2021-04-22 07:00'";11;72;7;8;1;good
DEBB021;"'2021-04-22 08:00'";10;72;7;7;1;good
DEBB021;"'2021-04-22 09:00'";10;71;7;7;1;good
DEBB021;"'2021-04-22 10:00'";10;72;7;7;1;good
DEBB021;"'2021-04-22 11:00'";10;74;6;6;1;moderate
DEBB021;"'2021-04-22 12:00'";9;77;6;6;1;moderate
DEBB021;"'2021-04-22 13:00'";9;82;5;5;1;moderate
DEBB021;"'2021-04-22 14:00'";10;83;6;6;0.5;moderate
DEBB021;"'2021-04-22 15:00'";11;81;6;6;0.5;moderate
DEBB021;"'2021-04-22 16:00'";12;83;5;7;0.8;moderate
DEBB021;"'2021-04-22 17:00'";13;84;6;7;0.5;moderate
DEBB021;"'2021-04-22 18:00'";12;85;5;7;1;moderate
DEBB021;"'2021-04-22 19:00'";12;80;5;7;0.9;moderate
DEBB021;"'2021-04-22 20:00'";13;77;6;7;1;moderate
DEBB021;"'2021-04-22 21:00'";14;79;5;7;0.8;moderate
DEBB021;"'2021-04-22 22:00'";12;79;5;6;0.5;moderate
DEBB021;"'2021-04-22 23:00'";10;76;6;6;0.5;moderate
DEBB021;"'2021-04-22 24:00'";9;73;6;6;1;moderate
DEBB021;"'2021-04-23 01:00'";8;70;7;6;1;good
DEBB021;"'2021-04-23 02:00'";8;73;5;6;1;moderate
DEBB021;"'2021-04-23 03:00'";8;72;5;7;1;good
DEBB021;"'2021-04-23 04:00'";9;72;5;7;1;good
DEBB021;"'2021-04-23 05:00'";9;73;5;8;1;moderate
DEBB021;"'2021-04-23 06:00'";9;71;6;8;0.9;good
DEBB021;"'2021-04-23 07:00'";10;69;8;8;1;good
DEBB021;"'2021-04-23 08:00'";10;67;9;8;1;good
DEBB021;"'2021-04-23 09:00'";9;68;9;8;1;good
DEBB021;"'2021-04-23 10:00'";9;79;6;7;1;moderate
DEBB021;"'2021-04-23 11:00'";9;81;6;7;1;moderate
DEBB021;"'2021-04-23 12:00'";9;83;5;7;0.8;moderate
DEBB021;"'2021-04-23 13:00'";9;86;4;6;1;moderate
DEBB021;"'2021-04-23 14:00'";8;86;5;6;0.8;moderate
DEBB021;"'2021-04-23 15:00'";8;88;4;5;1;moderate
DEBB021;"'2021-04-23 16:00'";8;89;4;4;0.9;moderate
DEBB021;"'2021-04-23 17:00'";8;90;4;4;0.5;moderate
DEBB021;"'2021-04-23 18:00'";8;91;4;4;1;moderate
DEBB021;"'2021-04-23 19:00'";8;91;4;4;1;moderate
DEBB021;"'2021-04-23 20:00'";8;89;5;4;0.9;moderate
DEBB021;"'2021-04-23 21:00'";6;86;6;3;0.8;moderate
DEBB021;"'2021-04-23 22:00'";9;78;11;5;1;moderate
DEBB021;"'2021-04-23 23:00'";9;70;14;6;1;good
DEBB021;"'2021-04-23 24:00'";10;43;31;7;1;moderate
DEBB021;"'2021-04-24 01:00'";10;53;20;6;1;good
DEBB021;"'2021-04-24 02:00'";10;51;24;7;1;good
DEBB021;"'2021-04-24 03:00'";9;61;16;6;2;good
DEBB021;"'2021-04-24 04:00'";9;63;12;7;2;good
DEBB021;"'2021-04-24 05:00'";8;61;13;7;2;good
DEBB021;"'2021-04-24 06:00'";8;60;10;7;2;good
DEBB021;"'2021-04-24 07:00'";10;59;9;8;2;good
DEBB021;"'2021-04-24 08:00'";10;61;9;9;2;good
DEBB021;"'2021-04-24 09:00'";10;67;6;9;1;good
DEBB021;"'2021-04-24 10:00'";10;71;5;9;1;good
DEBB021;"'2021-04-24 11:00'";8;81;4;7;1;moderate
DEBB021;"'2021-04-24 12:00'";7;84;4;6;0.9;moderate
DEBB021;"'2021-04-24 13:00'";8;83;4;6;0.8;moderate
DEBB021;"'2021-04-24 14:00'";8;85;4;6;0.8;moderate
DEBB021;"'2021-04-24 15:00'";9;87;4;6;0.5;moderate
DEBB021;"'2021-04-24 16:00'";7;89;3;5;0.8;moderate
DEBB021;"'2021-04-24 17:00'";8;90;4;5;0.8;moderate
DEBB021;"'2021-04-24 18:00'";8;89;4;5;0.8;moderate
DEBB021;"'2021-04-24 19:00'";8;87;5;5;0.8;moderate
DEBB021;"'2021-04-24 20:00'";9;85;6;6;1;moderate
DEBB021;"'2021-04-24 21:00'";12;75;14;9;1;moderate
DEBB021;"'2021-04-24 22:00'";15;67;19;12;1;good
DEBB021;"'2021-04-24 23:00'";10;77;7;7;1;moderate
DEBB021;"'2021-04-24 24:00'";8;79;6;6;1;moderate
DEBB021;"'2021-04-25 01:00'";9;73;7;6;1;moderate
DEBB021;"'2021-04-25 02:00'";7;72;7;5;1;good
DEBB021;"'2021-04-25 03:00'";6;66;8;4;2;good
DEBB021;"'2021-04-25 04:00'";6;58;14;5;2;good
DEBB021;"'2021-04-25 05:00'";7;61;11;5;3;good
DEBB021;"'2021-04-25 06:00'";8;52;15;6;2;good
DEBB021;"'2021-04-25 07:00'";8;43;29;6;2;good
DEBB021;"'2021-04-25 08:00'";9;51;11;7;2;good
DEBB021;"'2021-04-25 09:00'";8;58;9;6;2;good
DEBB021;"'2021-04-25 10:00'";7;65;8;6;2;good
DEBB021;"'2021-04-25 11:00'";7;70;6;5;2;good
DEBB021;"'2021-04-25 12:00'";6;78;5;4;1;moderate
DEBB021;"'2021-04-25 13:00'";6;83;4;4;1;moderate
DEBB021;"'2021-04-25 14:00'";5;86;3;3;1;moderate
DEBB021;"'2021-04-25 15:00'";4;85;3;3;1;moderate
DEBB021;"'2021-04-25 16:00'";4;88;3;1;1;moderate
DEBB021;"'2021-04-25 17:00'";3;88;3;0.8;0.5;moderate
DEBB021;"'2021-04-25 18:00'";3;87;3;0.8;0.5;moderate
DEBB021;"'2021-04-25 19:00'";3;86;3;0.8;0.5;moderate
DEBB021;"'2021-04-25 20:00'";3;83;4;2;0.5;moderate
DEBB021;"'2021-04-25 21:00'";4;79;6;2;0.8;moderate
DEBB021;"'2021-04-25 22:00'";4;73;6;3;1;moderate
DEBB021;"'2021-04-25 23:00'";3;69;6;2;0.8;good
DEBB021;"'2021-04-25 24:00'";4;64;7;2;0.5;good
DEBB021;"'2021-04-26 01:00'";4;57;10;2;0.8;good
DEBB021;"'2021-04-26 02:00'";3;51;12;2;0.5;good
DEBB021;"'2021-04-26 03:00'";4;27;31;3;0.8;moderate
DEBB021;"'2021-04-26 04:00'";4;20;40;3;0.9;moderate
DEBB021;"'2021-04-26 05:00'";4;37;21;3;1;good
DEBB021;"'2021-04-26 06:00'";5;42;21;3;1;good
DEBB021;"'2021-04-26 07:00'";6;37;26;4;1;good
DEBB021;"'2021-04-26 08:00'";7;51;19;4;2;good
DEBB021;"'2021-04-26 09:00'";8;66;13;3;1;good
DEBB021;"'2021-04-26 10:00'";6;79;7;2;1;moderate
DEBB021;"'2021-04-26 11:00'";6;83;5;3;1;moderate
DEBB021;"'2021-04-26 12:00'";6;82;5;3;0.5;moderate
DEBB021;"'2021-04-26 13:00'";7;79;-;3;0.5;moderate
DEBB021;"'2021-04-26 14:00'";7;85;5;3;1;moderate
DEBB021;"'2021-04-26 15:00'";7;86;5;3;1;moderate
DEBB021;"'2021-04-26 16:00'";8;87;5;3;0.8;moderate
DEBB021;"'2021-04-26 17:00'";7;87;5;3;0.8;moderate
DEBB021;"'2021-04-26 18:00'";6;91;4;3;1;moderate
DEBB021;"'2021-04-26 19:00'";5;91;6;3;1;moderate
DEBB021;"'2021-04-26 20:00'";6;88;7;3;2;moderate
DEBB021;"'2021-04-26 21:00'";6;81;9;3;0.8;moderate
DEBB021;"'2021-04-26 22:00'";8;76;9;3;0.8;moderate
DEBB021;"'2021-04-26 23:00'";7;71;12;3;0.9;good
DEBB021;"'2021-04-26 24:00'";6;68;11;3;0.8;good
DEBB021;"'2021-04-27 01:00'";7;62;15;4;1;good
DEBB021;"'2021-04-27 02:00'";6;58;17;4;1;good
DEBB021;"'2021-04-27 03:00'";5;53;20;4;1;good
DEBB021;"'2021-04-27 04:00'";5;43;26;4;1;good
DEBB021;"'2021-04-27 05:00'";6;33;32;5;1;moderate
DEBB021;"'2021-04-27 06:00'";7;28;41;6;2;moderate
DEBB021;"'2021-04-27 07:00'";19;27;42;7;3;moderate
DEBB021;"'2021-04-27 08:00'";11;42;33;6;3;moderate
DEBB021;"'2021-04-27 09:00'";11;53;22;5;2;good
DEBB021;"'2021-04-27 10:00'";17;65;13;5;3;good
DEBB021;"'2021-04-27 11:00'";10;74;10;4;2;moderate
DEBB021;"'2021-04-27 12:00'";12;82;7;4;1;moderate
DEBB021;"'2021-04-27 13:00'";9;84;6;3;1;moderate
DEBB021;"'2021-04-27 14:00'";10;87;6;3;1;moderate
DEBB021;"'2021-04-27 15:00'";12;92;5;4;1;moderate
DEBB021;"'2021-04-27 16:00'";15;94;6;4;1;moderate
DEBB021;"'2021-04-27 17:00'";9;96;6;3;1;moderate
DEBB021;"'2021-04-27 18:00'";11;97;5;4;1;moderate
DEBB021;"'2021-04-27 19:00'";10;98;5;5;1;moderate
DEBB021;"'2021-04-27 20:00'";10;97;5;5;1;moderate
DEBB021;"'2021-04-27 21:00'";12;91;8;7;2;moderate
DEBB021;"'2021-04-27 22:00'";12;85;12;7;2;moderate
DEBB021;"'2021-04-27 23:00'";11;81;12;7;1;moderate
DEBB021;"'2021-04-27 24:00'";11;81;9;8;1;moderate
DEBB021;"'2021-04-28 01:00'";12;78;10;9;2;moderate
DEBB021;"'2021-04-28 02:00'";13;77;9;10;2;moderate
DEBB021;"'2021-04-28 03:00'";13;76;9;10;2;moderate
DEBB021;"'2021-04-28 04:00'";14;73;9;11;3;moderate
DEBB021;"'2021-04-28 05:00'";15;70;12;12;3;good
DEBB021;"'2021-04-28 06:00'";17;64;15;13;3;good
DEBB021;"'2021-04-28 07:00'";21;58;20;14;3;good
DEBB021;"'2021-04-28 08:00'";22;56;21;16;3;moderate
DEBB021;"'2021-04-28 09:00'";26;53;25;17;5;moderate
DEBB021;"'2021-04-28 10:00'";29;57;22;18;7;moderate
DEBB021;"'2021-04-28 11:00'";33;65;21;18;8;moderate
DEBB021;"'2021-04-28 12:00'";32;79;18;18;8;moderate
DEBB021;"'2021-04-28 13:00'";32;91;14;19;6;moderate
DEBB021;"'2021-04-28 14:00'";32;102;11;18;7;moderate
DEBB021;"'2021-04-28 15:00'";25;115;8;16;4;moderate
DEBB021;"'2021-04-28 16:00'";28;115;9;16;4;moderate
DEBB021;"'2021-04-28 17:00'";25;116;8;13;4;moderate
DEBB021;"'2021-04-28 18:00'";21;120;7;12;3;moderate
DEBB021;"'2021-04-28 19:00'";25;121;7;14;3;moderate
DEBB021;"'2021-04-28 20:00'";22;118;9;14;3;moderate
DEBB021;"'2021-04-28 21:00'";24;111;13;15;3;moderate
DEBB021;"'2021-04-28 22:00'";26;100;17;16;3;moderate
DEBB021;"'2021-04-28 23:00'";22;96;16;16;3;moderate
DEBB021;"'2021-04-28 24:00'";23;96;12;17;2;moderate
DEBB021;"'2021-04-29 01:00'";23;93;13;18;2;moderate
DEBB021;"'2021-04-29 02:00'";23;89;13;18;2;moderate
DEBB021;"'2021-04-29 03:00'";24;85;16;18;2;moderate
DEBB021;"'2021-04-29 04:00'";24;87;12;18;3;moderate
DEBB021;"'2021-04-29 05:00'";25;81;15;18;2;moderate
DEBB021;"'2021-04-29 06:00'";26;76;17;19;2;moderate
DEBB021;"'2021-04-29 07:00'";26;67;23;20;2;moderate
DEBB021;"'2021-04-29 08:00'";28;53;33;22;2;moderate
DEBB021;"'2021-04-29 09:00'";28;33;52;23;1;moderate
DEBB021;"'2021-04-29 10:00'";25;37;40;22;1;moderate
DEBB021;"'2021-04-29 11:00'";26;41;32;23;1;moderate
DEBB021;"'2021-04-29 12:00'";27;53;19;25;1;moderate
DEBB021;"'2021-04-29 13:00'";29;72;13;27;2;moderate
DEBB021;"'2021-04-29 14:00'";30;90;11;27;1;moderate
DEBB021;"'2021-04-29 15:00'";26;98;10;22;1;moderate
DEBB021;"'2021-04-29 16:00'";17;110;8;16;1;moderate
DEBB021;"'2021-04-29 17:00'";18;107;10;16;1;moderate
DEBB021;"'2021-04-29 18:00'";10;100;8;9;0.9;moderate
DEBB021;"'2021-04-29 19:00'";9;100;8;8;1;moderate
DEBB021;"'2021-04-29 20:00'";10;97;11;9;1;moderate
DEBB021;"'2021-04-29 21:00'";11;89;13;10;1;moderate
DEBB021;"'2021-04-29 22:00'";9;85;11;8;1;moderate
DEBB021;"'2021-04-29 23:00'";9;88;8;7;1;moderate
DEBB021;"'2021-04-29 24:00'";11;87;11;10;1;moderate
DEBB021;"'2021-04-30 01:00'";22;78;10;20;1;moderate
DEBB021;"'2021-04-30 02:00'";20;76;9;18;1;moderate
DEBB021;"'2021-04-30 03:00'";18;76;9;17;1;moderate
DEBB021;"'2021-04-30 04:00'";17;78;8;17;1;moderate
DEBB021;"'2021-04-30 05:00'";14;83;6;14;1;moderate
DEBB021;"'2021-04-30 06:00'";15;79;7;14;1;moderate
DEBB021;"'2021-04-30 07:00'";14;75;10;13;0.8;moderate
DEBB021;"'2021-04-30 08:00'";15;69;15;14;1;good
DEBB021;"'2021-04-30 09:00'";15;71;14;14;1;good
DEBB021;"'2021-04-30 10:00'";8;87;11;8;0.9;moderate
DEBB021;"'2021-04-30 11:00'";6;102;8;5;1;moderate
DEBB021;"'2021-04-30 12:00'";9;98;8;8;1;moderate
DEBB021;"'2021-04-30 13:00'";10;96;8;9;1;moderate
DEBB021;"'2021-04-30 14:00'";10;96;8;9;1;moderate
DEBB021;"'2021-04-30 15:00'";11;94;8;10;1;moderate
DEBB021;"'2021-04-30 16:00'";14;88;9;13;1;moderate
DEBB021;"'2021-04-30 17:00'";14;88;9;13;1;moderate
DEBB021;"'2021-04-30 18:00'";15;87;9;13;0.8;moderate
DEBB021;"'2021-04-30 19:00'";13;87;8;12;1;moderate
DEBB021;"'2021-04-30 20:00'";12;82;8;11;1;moderate
DEBB021;"'2021-04-30 21:00'";11;76;10;10;1;moderate
DEBB021;"'2021-04-30 22:00'";9;70;12;9;2;good
DEBB021;"'2021-04-30 23:00'";9;71;10;9;1;good
DEBB021;"'2021-04-30 24:00'";10;73;9;9;1;moderate
DEBB021;"'2021-05-01 01:00'";11;68;12;10;1;good
DEBB021;"'2021-05-01 02:00'";11;73;8;10;1;moderate
DEBB021;"'2021-05-01 03:00'";12;72;9;12;1;good
DEBB021;"'2021-05-01 04:00'";12;65;10;12;1;good
DEBB021;"'2021-05-01 05:00'";14;63;11;13;2;good
DEBB021;"'2021-05-01 06:00'";15;57;13;14;2;good
DEBB021;"'2021-05-01 07:00'";17;50;18;16;3;moderate
DEBB021;"'2021-05-01 08:00'";18;55;18;17;3;moderate
DEBB021;"'2021-05-01 09:00'";18;64;12;16;2;moderate
DEBB021;"'2021-05-01 10:00'";18;63;12;17;3;moderate
DEBB021;"'2021-05-01 11:00'";17;70;9;16;3;moderate
DEBB021;"'2021-05-01 12:00'";15;83;7;14;2;moderate
DEBB021;"'2021-05-01 13:00'";13;92;5;13;2;moderate
DEBB021;"'2021-05-01 14:00'";14;90;6;13;2;moderate
DEBB021;"'2021-05-01 15:00'";14;93;5;13;1;moderate
DEBB021;"'2021-05-01 16:00'";13;97;5;12;1;moderate
DEBB021;"'2021-05-01 17:00'";13;98;5;12;1;moderate
DEBB021;"'2021-05-01 18:00'";12;102;5;11;1;moderate
DEBB021;"'2021-05-01 19:00'";15;94;10;14;2;moderate
DEBB021;"'2021-05-01 20:00'";16;91;11;14;2;moderate
DEBB021;"'2021-05-01 21:00'";16;84;13;15;2;moderate
DEBB021;"'2021-05-01 22:00'";15;77;9;15;2;moderate
DEBB021;"'2021-05-01 23:00'";16;71;11;15;1;good
DEBB021;"'2021-05-01 24:00'";17;66;14;17;2;moderate
DEBB021;"'2021-05-02 01:00'";19;61;14;19;2;moderate
DEBB021;"'2021-05-02 02:00'";23;52;16;22;2;moderate
DEBB021;"'2021-05-02 03:00'";23;47;16;22;2;moderate
DEBB021;"'2021-05-02 04:00'";23;41;17;22;2;moderate
DEBB021;"'2021-05-02 05:00'";24;36;16;23;1;moderate
DEBB021;"'2021-05-02 06:00'";24;35;14;23;1;moderate
DEBB021;"'2021-05-02 07:00'";24;35;12;23;1;moderate
DEBB021;"'2021-05-02 08:00'";24;37;9;23;2;moderate
DEBB021;"'2021-05-02 09:00'";22;37;10;22;2;moderate
DEBB021;"'2021-05-02 10:00'";22;44;8;21;2;moderate
DEBB021;"'2021-05-02 11:00'";21;51;7;20;2;moderate
DEBB021;"'2021-05-02 12:00'";20;62;6;19;2;moderate
DEBB021;"'2021-05-02 13:00'";20;64;7;19;1;moderate
DEBB021;"'2021-05-02 14:00'";19;68;6;18;1;moderate
DEBB021;"'2021-05-02 15:00'";17;76;7;16;1;moderate
DEBB021;"'2021-05-02 16:00'";17;100;5;16;1;moderate
DEBB021;"'2021-05-02 17:00'";18;96;6;18;1;moderate
DEBB021;"'2021-05-02 18:00'";17;88;7;16;1;moderate
DEBB021;"'2021-05-02 19:00'";15;87;8;14;1;moderate
DEBB021;"'2021-05-02 20:00'";10;90;8;9;0.5;moderate
DEBB021;"'2021-05-02 21:00'";8;90;8;8;1;moderate
DEBB021;"'2021-05-02 22:00'";6;91;5;5;1;moderate
DEBB021;"'2021-05-02 23:00'";5;87;6;5;1;moderate
DEBB021;"'2021-05-02 24:00'";5;90;5;5;1;moderate
DEBB021;"'2021-05-03 01:00'";5;81;5;5;1;moderate
DEBB021;"'2021-05-03 02:00'";5;78;5;5;1;moderate
DEBB021;"'2021-05-03 03:00'";5;77;5;5;1;moderate
DEBB021;"'2021-05-03 04:00'";6;76;5;5;1;moderate
DEBB021;"'2021-05-03 05:00'";5;75;5;5;1;moderate
DEBB021;"'2021-05-03 06:00'";5;71;6;5;1;good
DEBB021;"'2021-05-03 07:00'";6;68;9;5;1;good
DEBB021;"'2021-05-03 08:00'";6;67;10;5;2;good
DEBB021;"'2021-05-03 09:00'";6;71;9;5;2;good
DEBB021;"'2021-05-03 10:00'";5;76;8;4;2;moderate
DEBB021;"'2021-05-03 11:00'";4;83;5;3;1;moderate
DEBB021;"'2021-05-03 12:00'";4;83;6;3;1;moderate
DEBB021;"'2021-05-03 13:00'";5;86;5;4;2;moderate
DEBB021;"'2021-05-03 14:00'";4;87;5;3;1;moderate
DEBB021;"'2021-05-03 15:00'";5;85;6;4;1;moderate
DEBB021;"'2021-05-03 16:00'";7;87;7;6;1;moderate
DEBB021;"'2021-05-03 17:00'";9;93;6;7;1;moderate
DEBB021;"'2021-05-03 18:00'";9;88;8;8;1;moderate
DEBB021;"'2021-05-03 19:00'";9;85;9;8;1;moderate
DEBB021;"'2021-05-03 20:00'";8;77;10;8;1;moderate
DEBB021;"'2021-05-03 21:00'";11;60;17;10;1;good
DEBB021;"'2021-05-03 22:00'";11;51;18;10;1;good
DEBB021;"'2021-05-03 23:00'";11;48;19;11;1;good
DEBB021;"'2021-05-03 24:00'";14;38;24;13;1;good
DEBB021;"'2021-05-04 01:00'";14;34;23;14;1;good
DEBB021;"'2021-05-04 02:00'";11;45;17;11;1;good
DEBB021;"'2021-05-04 03:00'";9;64;11;8;2;good
DEBB021;"'2021-05-04 04:00'";8;72;8;7;3;good
DEBB021;"'2021-05-04 05:00'";9;63;9;8;2;good
DEBB021;"'2021-05-04 06:00'";11;64;11;9;2;good
DEBB021;"'2021-05-04 07:00'";11;72;14;10;2;good
DEBB021;"'2021-05-04 08:00'";12;75;16;9;2;moderate
DEBB021;"'2021-05-04 09:00'";12;79;14;9;2;moderate
DEBB021;"'2021-05-04 10:00'";11;86;11;8;2;moderate
DEBB021;"'2021-05-04 11:00'";9;90;12;7;2;moderate
DEBB021;"'2021-05-04 12:00'";12;92;10;6;2;moderate
DEBB021;"'2021-05-04 13:00'";18;95;10;6;2;moderate
DEBB021;"'2021-05-04 14:00'";21;93;7;5;1;moderate
DEBB021;"'2021-05-04 15:00'";13;91;8;5;1;moderate
DEBB021;"'2021-05-04 16:00'";26;90;7;5;1;moderate
DEBB021;"'2021-05-04 17:00'";37;90;6;7;1;moderate
DEBB021;"'2021-05-04 18:00'";35;90;5;7;1;moderate
DEBB021;"'2021-05-04 19:00'";5;85;7;3;1;moderate
DEBB021;"'2021-05-04 20:00'";4;82;9;3;1;moderate
DEBB021;"'2021-05-04 21:00'";4;72;9;3;1;good
DEBB021;"'2021-05-04 22:00'";6;78;6;3;1;moderate
DEBB021;"'2021-05-04 23:00'";5;80;5;3;1;moderate
DEBB021;"'2021-05-04 24:00'";6;79;5;3;1;moderate
DEBB021;"'2021-05-05 01:00'";5;79;5;3;1;moderate
DEBB021;"'2021-05-05 02:00'";4;77;5;3;1;moderate
DEBB021;"'2021-05-05 03:00'";4;76;5;3;1;moderate
DEBB021;"'2021-05-05 04:00'";5;74;5;3;1;moderate
DEBB021;"'2021-05-05 05:00'";4;70;6;3;1;good
DEBB021;"'2021-05-05 06:00'";5;70;6;4;1;good
DEBB021;"'2021-05-05 07:00'";5;74;7;4;1;moderate
DEBB021;"'2021-05-05 08:00'";6;76;8;4;1;moderate
DEBB021;"'2021-05-05 09:00'";6;76;9;4;1;moderate
DEBB021;"'2021-05-05 10:00'";7;78;8;5;1;moderate
DEBB021;"'2021-05-05 11:00'";7;78;9;4;1;moderate
DEBB021;"'2021-05-05 12:00'";6;82;7;4;1;moderate
DEBB021;"'2021-05-05 13:00'";8;81;7;4;1;moderate
DEBB021;"'2021-05-05 14:00'";14;88;5;3;1;moderate
DEBB021;"'2021-05-05 15:00'";10;86;6;4;1;moderate
DEBB021;"'2021-05-05 16:00'";11;85;6;4;1;moderate
DEBB021;"'2021-05-05 17:00'";14;84;7;5;1;moderate
DEBB021;"'2021-05-05 18:00'";15;84;6;4;1;moderate
DEBB021;"'2021-05-05 19:00'";5;89;5;2;1;moderate
DEBB021;"'2021-05-05 20:00'";2;88;6;1;1;moderate
DEBB021;"'2021-05-05 21:00'";2;81;6;2;1;moderate
DEBB021;"'2021-05-05 22:00'";3;79;6;2;1;moderate
DEBB021;"'2021-05-05 23:00'";5;72;10;3;1;good
DEBB021;"'2021-05-05 24:00'";6;71;7;4;1;good
DEBB021;"'2021-05-06 01:00'";11;71;8;5;1;good
DEBB021;"'2021-05-06 02:00'";7;71;6;5;2;good
DEBB021;"'2021-05-06 03:00'";6;73;6;4;2;moderate
DEBB021;"'2021-05-06 04:00'";6;73;7;4;2;moderate
DEBB021;"'2021-05-06 05:00'";6;68;7;4;2;good
DEBB021;"'2021-05-06 06:00'";6;63;12;4;1;good
DEBB021;"'2021-05-06 07:00'";7;62;13;5;1;good
DEBB021;"'2021-05-06 08:00'";8;61;15;6;2;good
DEBB021;"'2021-05-06 09:00'";8;68;10;6;2;good
DEBB021;"'2021-05-06 10:00'";6;79;6;5;2;moderate
DEBB021;"'2021-05-06 11:00'";7;77;8;6;2;moderate
DEBB021;"'2021-05-06 12:00'";11;79;7;9;2;moderate
DEBB021;"'2021-05-06 13:00'";13;70;9;12;1;good
DEBB021;"'2021-05-06 14:00'";12;67;8;12;1;good
DEBB021;"'2021-05-06 15:00'";11;69;8;10;1;good
DEBB021;"'2021-05-06 16:00'";8;82;7;7;1;moderate
DEBB021;"'2021-05-06 17:00'";6;88;6;6;1;moderate
DEBB021;"'2021-05-06 18:00'";6;91;6;6;1;moderate
DEBB021;"'2021-05-06 19:00'";6;92;7;5;1;moderate
DEBB021;"'2021-05-06 20:00'";5;89;8;5;1;moderate
DEBB021;"'2021-05-06 21:00'";6;79;11;5;1;moderate
DEBB021;"'2021-05-06 22:00'";6;66;14;6;1;good
DEBB021;"'2021-05-06 23:00'";7;59;15;7;1;good
DEBB021;"'2021-05-06 24:00'";7;58;16;7;1;good
DEBB021;"'2021-05-07 01:00'";10;50;14;9;1;good
DEBB021;"'2021-05-07 02:00'";14;42;16;13;1;good
DEBB021;"'2021-05-07 03:00'";13;39;15;12;1;good
DEBB021;"'2021-05-07 04:00'";11;36;16;10;1;good
DEBB021;"'2021-05-07 05:00'";10;32;16;10;1;good
DEBB021;"'2021-05-07 06:00'";10;30;23;10;1;good
DEBB021;"'2021-05-07 07:00'";11;30;25;9;1;good
DEBB021;"'2021-05-07 08:00'";7;49;18;6;1;good
DEBB021;"'2021-05-07 09:00'";7;53;16;6;1;good
DEBB021;"'2021-05-07 10:00'";5;62;13;5;1;good
DEBB021;"'2021-05-07 11:00'";3;64;14;3;1;good
DEBB021;"'2021-05-07 12:00'";3;52;20;3;1;good
DEBB021;"'2021-05-07 13:00'";3;70;8;3;1;good
DEBB021;"'2021-05-07 14:00'";5;76;7;5;1;moderate
DEBB021;"'2021-05-07 15:00'";5;71;7;5;1;good
DEBB021;"'2021-05-07 16:00'";6;74;6;6;1;moderate
DEBB021;"'2021-05-07 17:00'";3;83;5;3;1;moderate
DEBB021;"'2021-05-07 18:00'";2;85;5;2;1;moderate
DEBB021;"'2021-05-07 19:00'";4;80;6;3;1;moderate
DEBB021;"'2021-05-07 20:00'";3;82;6;3;1;moderate
DEBB021;"'2021-05-07 21:00'";3;76;9;3;1;moderate
DEBB021;"'2021-05-07 22:00'";3;68;14;3;1;good
DEBB021;"'2021-05-07 23:00'";3;66;13;3;1;good
DEBB021;"'2021-05-07 24:00'";4;65;11;4;1;good
DEBB021;"'2021-05-08 01:00'";5;65;8;4;1;good
DEBB021;"'2021-05-08 02:00'";6;58;10;5;1;good
DEBB021;"'2021-05-08 03:00'";7;52;12;6;1;good
DEBB021;"'2021-05-08 04:00'";7;51;13;6;1;good
DEBB021;"'2021-05-08 05:00'";7;48;18;6;2;good
DEBB021;"'2021-05-08 06:00'";7;48;17;6;2;good
DEBB021;"'2021-05-08 07:00'";7;45;25;6;2;good
DEBB021;"'2021-05-08 08:00'";8;48;20;6;2;good
DEBB021;"'2021-05-08 09:00'";7;64;10;6;2;good
DEBB021;"'2021-05-08 10:00'";7;72;7;6;2;good
DEBB021;"'2021-05-08 11:00'";9;81;6;8;2;moderate
DEBB021;"'2021-05-08 12:00'";11;84;6;10;2;moderate
DEBB021;"'2021-05-08 13:00'";10;89;5;8;2;moderate
DEBB021;"'2021-05-08 14:00'";10;91;6;8;1;moderate
DEBB021;"'2021-05-08 15:00'";8;95;5;7;1;moderate
DEBB021;"'2021-05-08 16:00'";7;100;5;6;1;moderate
DEBB021;"'2021-05-08 17:00'";8;105;5;7;1;moderate
DEBB021;"'2021-05-08 18:00'";10;101;6;8;1;moderate
DEBB021;"'2021-05-08 19:00'";9;100;6;7;1;moderate
DEBB021;"'2021-05-08 20:00'";8;97;8;6;1;moderate
DEBB021;"'2021-05-08 21:00'";11;88;12;9;1;moderate
DEBB021;"'2021-05-08 22:00'";10;86;10;9;2;moderate
DEBB021;"'2021-05-08 23:00'";10;86;9;8;2;moderate
DEBB021;"'2021-05-08 24:00'";9;82;10;8;1;moderate
DEBB021;"'2021-05-09 01:00'";10;80;9;9;2;moderate
DEBB021;"'2021-05-09 02:00'";10;77;10;10;2;moderate
DEBB021;"'2021-05-09 03:00'";10;76;8;9;2;moderate
DEBB021;"'2021-05-09 04:00'";9;75;7;8;2;moderate
DEBB021;"'2021-05-09 05:00'";9;70;7;8;2;good
DEBB021;"'2021-05-09 06:00'";9;67;9;8;2;good
DEBB021;"'2021-05-09 07:00'";8;68;9;7;2;good
DEBB021;"'2021-05-09 08:00'";7;76;8;6;2;moderate
DEBB021;"'2021-05-09 09:00'";7;76;8;6;3;moderate
DEBB021;"'2021-05-09 10:00'";6;78;7;5;2;moderate
DEBB021;"'2021-05-09 11:00'";5;84;6;4;2;moderate
DEBB021;"'2021-05-09 12:00'";5;91;5;3;2;moderate
DEBB021;"'2021-05-09 13:00'";4;94;4;2;2;moderate
DEBB021;"'2021-05-09 14:00'";3;100;5;2;2;moderate
DEBB021;"'2021-05-09 15:00'";4;103;5;2;2;moderate
DEBB021;"'2021-05-09 16:00'";4;103;5;2;2;moderate
DEBB021;"'2021-05-09 17:00'";4;105;4;2;2;moderate
DEBB021;"'2021-05-09 18:00'";5;105;5;3;2;moderate
DEBB021;"'2021-05-09 19:00'";7;100;5;3;2;moderate
DEBB021;"'2021-05-09 20:00'";6;99;6;3;2;moderate
DEBB021;"'2021-05-09 21:00'";8;102;6;4;2;moderate
DEBB021;"'2021-05-09 22:00'";9;102;8;6;3;moderate
DEBB021;"'2021-05-09 23:00'";11;95;11;7;2;moderate
DEBB021;"'2021-05-09 24:00'";9;93;8;7;2;moderate
DEBB021;"'2021-05-10 01:00'";9;93;6;6;2;moderate
DEBB021;"'2021-05-10 02:00'";9;89;6;6;2;moderate
DEBB021;"'2021-05-10 03:00'";9;83;7;6;2;moderate
DEBB021;"'2021-05-10 04:00'";9;78;8;5;2;moderate
DEBB021;"'2021-05-10 05:00'";10;71;11;6;2;good
DEBB021;"'2021-05-10 06:00'";10;68;12;6;2;good
DEBB021;"'2021-05-10 07:00'";12;60;25;6;2;good
DEBB021;"'2021-05-10 08:00'";13;70;22;6;2;good
DEBB021;"'2021-05-10 09:00'";13;81;13;6;3;moderate
DEBB021;"'2021-05-10 10:00'";11;86;10;5;3;moderate
DEBB021;"'2021-05-10 11:00'";13;90;13;5;3;moderate
DEBB021;"'2021-05-10 12:00'";11;98;11;4;-;moderate
DEBB021;"'2021-05-10 13:00'";12;108;8;4;4;moderate
DEBB021;"'2021-05-10 14:00'";12;113;8;4;3;moderate
DEBB021;"'2021-05-10 15:00'";12;118;8;4;3;moderate
DEBB021;"'2021-05-10 16:00'";16;124;12;4;3;moderate
DEBB021;"'2021-05-10 17:00'";13;127;11;4;3;moderate
DEBB021;"'2021-05-10 18:00'";9;124;5;4;2;moderate
DEBB021;"'2021-05-10 19:00'";10;118;5;4;2;moderate
DEBB021;"'2021-05-10 20:00'";11;109;6;4;2;moderate
DEBB021;"'2021-05-10 21:00'";10;99;8;4;2;moderate
DEBB021;"'2021-05-10 22:00'";15;75;18;6;2;moderate
DEBB021;"'2021-05-10 23:00'";11;74;15;6;2;moderate
DEBB021;"'2021-05-10 24:00'";12;76;10;6;2;moderate
DEBB021;"'2021-05-11 01:00'";14;83;6;7;2;moderate
DEBB021;"'2021-05-11 02:00'";12;87;5;7;2;moderate
DEBB021;"'2021-05-11 03:00'";10;87;5;6;2;moderate
DEBB021;"'2021-05-11 04:00'";9;84;6;5;2;moderate
DEBB021;"'2021-05-11 05:00'";9;83;7;6;2;moderate
DEBB021;"'2021-05-11 06:00'";9;78;12;6;3;moderate
DEBB021;"'2021-05-11 07:00'";11;79;11;7;2;moderate
DEBB021;"'2021-05-11 08:00'";15;68;19;9;3;good
DEBB021;"'2021-05-11 09:00'";20;61;26;11;4;good
DEBB021;"'2021-05-11 10:00'";20;65;24;11;4;good
DEBB021;"'2021-05-11 11:00'";23;70;21;10;4;good
DEBB021;"'2021-05-11 12:00'";22;84;16;10;4;moderate
DEBB021;"'2021-05-11 13:00'";22;101;12;11;4;moderate
DEBB021;"'2021-05-11 14:00'";22;116;11;10;3;moderate
DEBB021;"'2021-05-11 15:00'";21;126;10;10;3;moderate
DEBB021;"'2021-05-11 16:00'";24;124;11;10;3;moderate
DEBB021;"'2021-05-11 17:00'";28;135;9;12;3;moderate
DEBB021;"'2021-05-11 18:00'";22;136;8;12;3;moderate
DEBB021;"'2021-05-11 19:00'";17;116;7;10;2;moderate
DEBB021;"'2021-05-11 20:00'";14;88;6;9;2;moderate
DEBB021;"'2021-05-11 21:00'";13;78;6;10;2;moderate
DEBB021;"'2021-05-11 22:00'";14;77;6;11;2;moderate
DEBB021;"'2021-05-11 23:00'";13;72;6;11;2;good
DEBB021;"'2021-05-11 24:00'";9;82;4;9;2;moderate
DEBB021;"'2021-05-12 01:00'";11;70;5;10;1;good
DEBB021;"'2021-05-12 02:00'";9;67;5;8;1;good
DEBB021;"'2021-05-12 03:00'";9;65;5;8;1;good
DEBB021;"'2021-05-12 04:00'";8;63;4;7;1;good
DEBB021;"'2021-05-12 05:00'";7;60;6;6;1;good
DEBB021;"'2021-05-12 06:00'";7;55;6;6;1;good
DEBB021;"'2021-05-12 07:00'";8;51;9;7;1;good
DEBB021;"'2021-05-12 08:00'";10;52;10;8;1;good
DEBB021;"'2021-05-12 09:00'";11;53;10;9;1;good
DEBB021;"'2021-05-12 10:00'";12;52;9;11;1;good
DEBB021;"'2021-05-12 11:00'";13;52;9;12;1;good
DEBB021;"'2021-05-12 12:00'";14;53;8;12;1;good
DEBB021;"'2021-05-12 13:00'";13;56;6;12;1;good
DEBB021;"'2021-05-12 14:00'";12;59;6;11;1;good
DEBB021;"'2021-05-12 15:00'";13;59;6;12;1;good
DEBB021;"'2021-05-12 16:00'";14;58;8;13;1;good
DEBB021;"'2021-05-12 17:00'";15;54;11;13;1;good
DEBB021;"'2021-05-12 18:00'";13;53;10;12;1;good
DEBB021;"'2021-05-12 19:00'";14;53;10;13;1;good
DEBB021;"'2021-05-12 20:00'";15;51;9;14;1;good
DEBB021;"'2021-05-12 21:00'";16;52;9;15;1;good
DEBB021;"'2021-05-12 22:00'";14;56;7;14;1;good
DEBB021;"'2021-05-12 23:00'";14;61;6;13;1;good
DEBB021;"'2021-05-12 24:00'";12;66;4;11;1;good
DEBB021;"'2021-05-13 01:00'";12;62;4;10;1;good
DEBB021;"'2021-05-13 02:00'";11;63;4;10;1;good
DEBB021;"'2021-05-13 03:00'";12;62;4;10;1;good
DEBB021;"'2021-05-13 04:00'";12;61;3;10;1;good
DEBB021;"'2021-05-13 05:00'";11;61;3;10;1;good
DEBB021;"'2021-05-13 06:00'";10;62;3;9;1;good
DEBB021;"'2021-05-13 07:00'";10;62;3;9;1;good
DEBB021;"'2021-05-13 08:00'";10;61;4;9;1;good
DEBB021;"'2021-05-13 09:00'";9;58;4;9;1;good
DEBB021;"'2021-05-13 10:00'";9;58;4;8;1;good
DEBB021;"'2021-05-13 11:00'";8;54;4;7;1;good
DEBB021;"'2021-05-13 12:00'";5;51;4;5;1;good
DEBB021;"'2021-05-13 13:00'";4;49;5;4;1;good
DEBB021;"'2021-05-13 14:00'";5;45;6;5;1;good
DEBB021;"'2021-05-13 15:00'";4;47;5;4;1;good
DEBB021;"'2021-05-13 16:00'";3;50;4;3;1;good
DEBB021;"'2021-05-13 17:00'";2;49;4;2;1;good
DEBB021;"'2021-05-13 18:00'";3;48;5;2;1;good
DEBB021;"'2021-05-13 19:00'";4;47;5;3;1;good
DEBB021;"'2021-05-13 20:00'";4;48;5;3;1;good
DEBB021;"'2021-05-13 21:00'";4;48;5;3;0.8;good
DEBB021;"'2021-05-13 22:00'";3;50;4;3;1;good
DEBB021;"'2021-05-13 23:00'";4;50;4;3;1;good
DEBB021;"'2021-05-13 24:00'";3;50;5;3;1;good
DEBB021;"'2021-05-14 01:00'";3;48;6;3;1;good
DEBB021;"'2021-05-14 02:00'";3;48;7;3;1;good
DEBB021;"'2021-05-14 03:00'";3;52;6;3;1;good
DEBB021;"'2021-05-14 04:00'";3;54;6;3;1;good
DEBB021;"'2021-05-14 05:00'";3;56;5;3;1;good
DEBB021;"'2021-05-14 06:00'";4;62;6;4;1;good
DEBB021;"'2021-05-14 07:00'";7;60;8;7;1;good
DEBB021;"'2021-05-14 08:00'";6;62;8;6;1;good
DEBB021;"'2021-05-14 09:00'";3;67;7;3;1;good
DEBB021;"'2021-05-14 10:00'";3;72;8;3;1;good
DEBB021;"'2021-05-14 11:00'";5;70;7;4;1;good
DEBB021;"'2021-05-14 12:00'";5;73;8;5;1;moderate
DEBB021;"'2021-05-14 13:00'";4;78;6;3;1;moderate
DEBB021;"'2021-05-14 14:00'";3;84;5;3;1;moderate
DEBB021;"'2021-05-14 15:00'";3;83;5;3;1;moderate
DEBB021;"'2021-05-14 16:00'";3;83;4;3;0.8;moderate
DEBB021;"'2021-05-14 17:00'";3;84;4;2;1;moderate
DEBB021;"'2021-05-14 18:00'";3;85;4;3;1;moderate
DEBB021;"'2021-05-14 19:00'";3;86;3;3;1;moderate
DEBB021;"'2021-05-14 20:00'";3;83;4;3;1;moderate
DEBB021;"'2021-05-14 21:00'";3;77;4;3;1;moderate
DEBB021;"'2021-05-14 22:00'";6;65;8;6;1;good
DEBB021;"'2021-05-14 23:00'";7;55;10;6;1;good
DEBB021;"'2021-05-14 24:00'";7;47;11;6;1;good
DEBB021;"'2021-05-15 01:00'";6;47;13;6;1;good
DEBB021;"'2021-05-15 02:00'";6;47;7;5;1;good
DEBB021;"'2021-05-15 03:00'";6;41;7;5;1;good
DEBB021;"'2021-05-15 04:00'";7;28;9;6;1;good
DEBB021;"'2021-05-15 05:00'";8;33;8;7;1;good
DEBB021;"'2021-05-15 06:00'";7;32;13;6;1;good
DEBB021;"'2021-05-15 07:00'";7;35;12;6;1;good
DEBB021;"'2021-05-15 08:00'";8;30;15;7;1;good
DEBB021;"'2021-05-15 09:00'";9;48;8;8;1;good
DEBB021;"'2021-05-15 10:00'";13;60;7;11;2;good
DEBB021;"'2021-05-15 11:00'";15;68;7;12;2;good
DEBB021;"'2021-05-15 12:00'";12;75;8;10;2;moderate
DEBB021;"'2021-05-15 13:00'";7;81;7;4;1;moderate
DEBB021;"'2021-05-15 14:00'";4;78;9;2;1;moderate
DEBB021;"'2021-05-15 15:00'";5;83;5;2;1;moderate
DEBB021;"'2021-05-15 16:00'";5;86;7;2;1;moderate
DEBB021;"'2021-05-15 17:00'";3;93;5;2;1;moderate
DEBB021;"'2021-05-15 18:00'";4;95;4;2;1;moderate
DEBB021;"'2021-05-15 19:00'";3;95;5;1;1;moderate
DEBB021;"'2021-05-15 20:00'";3;94;5;1;1;moderate
DEBB021;"'2021-05-15 21:00'";4;83;7;3;1;moderate
DEBB021;"'2021-05-15 22:00'";4;78;8;3;1;moderate
DEBB021;"'2021-05-15 23:00'";4;74;6;3;1;moderate
DEBB021;"'2021-05-15 24:00'";5;71;6;4;1;good
DEBB021;"'2021-05-16 01:00'";4;70;7;3;1;good
DEBB021;"'2021-05-16 02:00'";5;65;8;4;1;good
DEBB021;"'2021-05-16 03:00'";6;53;8;5;1;good
DEBB021;"'2021-05-16 04:00'";5;52;8;4;1;good
DEBB021;"'2021-05-16 05:00'";5;44;9;4;1;good
DEBB021;"'2021-05-16 06:00'";5;49;8;4;1;good
DEBB021;"'2021-05-16 07:00'";4;53;7;4;2;good
DEBB021;"'2021-05-16 08:00'";4;52;7;4;2;good
DEBB021;"'2021-05-16 09:00'";4;52;6;3;2;good
DEBB021;"'2021-05-16 10:00'";3;60;5;3;1;good
DEBB021;"'2021-05-16 11:00'";4;61;4;3;1;good
DEBB021;"'2021-05-16 12:00'";6;69;4;4;1;good
DEBB021;"'2021-05-16 13:00'";6;74;3;4;1;moderate
DEBB021;"'2021-05-16 14:00'";3;80;3;3;1;moderate
DEBB021;"'2021-05-16 15:00'";4;81;3;3;1;moderate
DEBB021;"'2021-05-16 16:00'";4;83;3;3;1;moderate
DEBB021;"'2021-05-16 17:00'";5;82;3;4;1;moderate
DEBB021;"'2021-05-16 18:00'";5;83;5;4;1;moderate
DEBB021;"'2021-05-16 19:00'";5;81;5;3;1;moderate
DEBB021;"'2021-05-16 20:00'";5;75;6;3;1;moderate
DEBB021;"'2021-05-16 21:00'";3;76;5;2;1;moderate
DEBB021;"'2021-05-16 22:00'";3;68;6;2;1;good
DEBB021;"'2021-05-16 23:00'";3;63;8;3;1;good
DEBB021;"'2021-05-16 24:00'";3;57;7;3;1;good
DEBB021;"'2021-05-17 01:00'";3;53;7;2;1;good
DEBB021;"'2021-05-17 02:00'";3;46;7;3;1;good
DEBB021;"'2021-05-17 03:00'";4;38;9;3;1;good
DEBB021;"'2021-05-17 04:00'";4;38;8;3;1;good
DEBB021;"'2021-05-17 05:00'";5;37;9;4;1;good
DEBB021;"'2021-05-17 06:00'";5;35;11;4;1;good
DEBB021;"'2021-05-17 07:00'";3;42;14;3;1;good
DEBB021;"'2021-05-17 08:00'";3;47;14;3;1;good
DEBB021;"'2021-05-17 09:00'";3;58;9;2;1;good
DEBB021;"'2021-05-17 10:00'";3;67;7;2;1;good
DEBB021;"'2021-05-17 11:00'";3;74;5;2;1;moderate
DEBB021;"'2021-05-17 12:00'";3;77;5;2;1;moderate
DEBB021;"'2021-05-17 13:00'";3;81;5;2;1;moderate
DEBB021;"'2021-05-17 14:00'";3;85;5;2;1;moderate
DEBB021;"'2021-05-17 15:00'";4;89;5;2;1;moderate
DEBB021;"'2021-05-17 16:00'";4;92;5;3;1;moderate
DEBB021;"'2021-05-17 17:00'";5;91;6;3;1;moderate
DEBB021;"'2021-05-17 18:00'";5;91;5;3;1;moderate
DEBB021;"'2021-05-17 19:00'";6;83;6;4;1;moderate
DEBB021;"'2021-05-17 20:00'";4;80;7;3;1;moderate
DEBB021;"'2021-05-17 21:00'";4;74;9;3;1;moderate
DEBB021;"'2021-05-17 22:00'";4;64;10;3;1;good
DEBB021;"'2021-05-17 23:00'";4;56;9;3;1;good
DEBB021;"'2021-05-17 24:00'";4;51;8;3;1;good
DEBB021;"'2021-05-18 01:00'";4;43;9;3;1;good
DEBB021;"'2021-05-18 02:00'";5;40;10;4;1;good
DEBB021;"'2021-05-18 03:00'";4;45;13;3;1;good
DEBB021;"'2021-05-18 04:00'";3;56;8;2;1;good
DEBB021;"'2021-05-18 05:00'";3;58;10;3;1;good
DEBB021;"'2021-05-18 06:00'";4;42;15;3;2;good
DEBB021;"'2021-05-18 07:00'";5;39;16;4;1;good
DEBB021;"'2021-05-18 08:00'";8;41;14;7;1;good
DEBB021;"'2021-05-18 09:00'";10;48;13;9;1;good
DEBB021;"'2021-05-18 10:00'";2;61;10;2;1;good
DEBB021;"'2021-05-18 11:00'";3;68;9;3;1;good
DEBB021;"'2021-05-18 12:00'";6;75;6;5;1;moderate
DEBB021;"'2021-05-18 13:00'";7;83;5;6;1;moderate
DEBB021;"'2021-05-18 14:00'";7;82;6;6;1;moderate
DEBB021;"'2021-05-18 15:00'";6;83;5;5;1;moderate
DEBB021;"'2021-05-18 16:00'";6;88;4;5;1;moderate
DEBB021;"'2021-05-18 17:00'";6;89;4;5;1;moderate
DEBB021;"'2021-05-18 18:00'";5;90;4;4;1;moderate
DEBB021;"'2021-05-18 19:00'";5;87;4;4;1;moderate
DEBB021;"'2021-05-18 20:00'";6;84;4;5;1;moderate
DEBB021;"'2021-05-18 21:00'";7;75;7;5;1;moderate
DEBB021;"'2021-05-18 22:00'";7;54;17;6;1;good
DEBB021;"'2021-05-18 23:00'";10;35;26;8;1;good
DEBB021;"'2021-05-18 24:00'";11;14;34;10;1;moderate
DEBB021;"'2021-05-19 01:00'";10;22;16;9;1;good
DEBB021;"'2021-05-19 02:00'";11;11;24;9;1;good
DEBB021;"'2021-05-19 03:00'";11;11;21;9;1;good
DEBB021;"'2021-05-19 04:00'";10;27;19;9;1;good
DEBB021;"'2021-05-19 05:00'";10;33;18;9;1;good
DEBB021;"'2021-05-19 06:00'";10;38;17;9;1;good
DEBB021;"'2021-05-19 07:00'";10;43;15;9;1;good
DEBB021;"'2021-05-19 08:00'";9;62;9;9;1;good
DEBB021;"'2021-05-19 09:00'";8;70;7;8;1;good
DEBB021;"'2021-05-19 10:00'";7;80;6;6;1;moderate
DEBB021;"'2021-05-19 11:00'";8;85;5;7;1;moderate
DEBB021;"'2021-05-19 12:00'";7;88;5;6;1;moderate
DEBB021;"'2021-05-19 13:00'";6;91;4;5;1;moderate
DEBB021;"'2021-05-19 14:00'";6;92;4;5;1;moderate
DEBB021;"'2021-05-19 15:00'";6;95;3;4;1;moderate
DEBB021;"'2021-05-19 16:00'";5;96;4;4;1;moderate
DEBB021;"'2021-05-19 17:00'";5;96;4;4;1;moderate
DEBB021;"'2021-05-19 18:00'";4;97;3;4;1;moderate
DEBB021;"'2021-05-19 19:00'";5;96;4;4;1;moderate
DEBB021;"'2021-05-19 20:00'";5;96;4;4;1;moderate
DEBB021;"'2021-05-19 21:00'";6;87;10;5;1;moderate
DEBB021;"'2021-05-19 22:00'";8;70;19;6;1;good
DEBB021;"'2021-05-19 23:00'";8;72;13;7;1;good
DEBB021;"'2021-05-19 24:00'";5;78;5;4;1;moderate
DEBB021;"'2021-05-20 01:00'";5;75;6;4;1;moderate
DEBB021;"'2021-05-20 02:00'";5;71;7;4;1;good
DEBB021;"'2021-05-20 03:00'";5;70;6;4;1;good
DEBB021;"'2021-05-20 04:00'";4;71;7;4;1;good
DEBB021;"'2021-05-20 05:00'";5;67;6;4;1;good
DEBB021;"'2021-05-20 06:00'";7;57;10;6;1;good
DEBB021;"'2021-05-20 07:00'";8;53;13;7;1;good
DEBB021;"'2021-05-20 08:00'";10;51;12;9;1;good
DEBB021;"'2021-05-20 09:00'";10;57;9;9;1;good
DEBB021;"'2021-05-20 10:00'";8;70;5;7;1;good
DEBB021;"'2021-05-20 11:00'";7;78;5;5;1;moderate
DEBB021;"'2021-05-20 12:00'";6;82;5;5;1;moderate
DEBB021;"'2021-05-20 13:00'";6;87;4;4;1;moderate
DEBB021;"'2021-05-20 14:00'";5;88;4;4;1;moderate
DEBB021;"'2021-05-20 15:00'";5;91;4;3;1;moderate
DEBB021;"'2021-05-20 16:00'";4;91;4;3;1;moderate
DEBB021;"'2021-05-20 17:00'";4;93;4;3;1;moderate
DEBB021;"'2021-05-20 18:00'";6;96;4;3;1;moderate
DEBB021;"'2021-05-20 19:00'";5;96;5;3;2;moderate
DEBB021;"'2021-05-20 20:00'";5;94;6;4;2;moderate
DEBB021;"'2021-05-20 21:00'";7;85;10;5;1;moderate
DEBB021;"'2021-05-20 22:00'";9;71;15;6;1;good
DEBB021;"'2021-05-20 23:00'";8;62;15;6;1;good
DEBB021;"'2021-05-20 24:00'";8;58;13;6;1;good
DEBB021;"'2021-05-21 01:00'";9;61;13;7;2;good
DEBB021;"'2021-05-21 02:00'";8;70;8;6;2;good
DEBB021;"'2021-05-21 03:00'";8;65;9;6;2;good
DEBB021;"'2021-05-21 04:00'";8;63;8;6;1;good
DEBB021;"'2021-05-21 05:00'";7;60;8;6;2;good
DEBB021;"'2021-05-21 06:00'";7;58;9;6;2;good
DEBB021;"'2021-05-21 07:00'";8;54;15;6;2;good
DEBB021;"'2021-05-21 08:00'";10;59;13;6;2;good
DEBB021;"'2021-05-21 09:00'";15;63;11;5;2;good
DEBB021;"'2021-05-21 10:00'";15;68;12;5;2;good
DEBB021;"'2021-05-21 11:00'";24;74;9;5;2;moderate
DEBB021;"'2021-05-21 12:00'";23;80;8;4;2;moderate
DEBB021;"'2021-05-21 13:00'";14;86;6;3;1;moderate
DEBB021;"'2021-05-21 14:00'";13;88;6;3;1;moderate
DEBB021;"'2021-05-21 15:00'";14;89;6;3;1;moderate
DEBB021;"'2021-05-21 16:00'";15;89;7;4;1;moderate
DEBB021;"'2021-05-21 17:00'";13;86;9;3;1;moderate
DEBB021;"'2021-05-21 18:00'";11;94;6;3;1;moderate
DEBB021;"'2021-05-21 19:00'";10;97;6;3;1;moderate
DEBB021;"'2021-05-21 20:00'";9;94;6;4;1;moderate
DEBB021;"'2021-05-21 21:00'";8;88;6;4;1;moderate
DEBB021;"'2021-05-21 22:00'";10;75;10;5;1;moderate
DEBB021;"'2021-05-21 23:00'";12;68;11;7;1;good
DEBB021;"'2021-05-21 24:00'";11;73;10;6;1;moderate
DEBB021;"'2021-05-22 01:00'";10;63;12;7;1;good
DEBB021;"'2021-05-22 02:00'";9;62;10;7;1;good
DEBB021;"'2021-05-22 03:00'";8;60;8;6;1;good
DEBB021;"'2021-05-22 04:00'";9;61;9;6;1;good
DEBB021;"'2021-05-22 05:00'";8;62;8;5;1;good
DEBB021;"'2021-05-22 06:00'";6;61;8;5;1;good
DEBB021;"'2021-05-22 07:00'";7;54;15;5;2;good
DEBB021;"'2021-05-22 08:00'";6;61;10;4;1;good
DEBB021;"'2021-05-22 09:00'";5;56;9;4;1;good
DEBB021;"'2021-05-22 10:00'";5;68;6;3;1;good
DEBB021;"'2021-05-22 11:00'";7;74;5;3;1;moderate
DEBB021;"'2021-05-22 12:00'";8;77;5;3;1;moderate
DEBB021;"'2021-05-22 13:00'";7;78;4;3;1;moderate
DEBB021;"'2021-05-22 14:00'";11;76;5;3;1;moderate
DEBB021;"'2021-05-22 15:00'";11;77;4;3;1;moderate
DEBB021;"'2021-05-22 16:00'";9;79;3;3;1;moderate
DEBB021;"'2021-05-22 17:00'";4;79;4;1;1;moderate
DEBB021;"'2021-05-22 18:00'";4;76;3;0.8;1;moderate
DEBB021;"'2021-05-22 19:00'";3;72;5;2;1;good
DEBB021;"'2021-05-22 20:00'";3;70;5;2;1;good
DEBB021;"'2021-05-22 21:00'";3;66;7;2;1;good
DEBB021;"'2021-05-22 22:00'";3;65;4;2;1;good
DEBB021;"'2021-05-22 23:00'";3;65;6;3;1;good
DEBB021;"'2021-05-22 24:00'";3;62;6;2;1;good
DEBB021;"'2021-05-23 01:00'";2;66;5;2;1;good
DEBB021;"'2021-05-23 02:00'";3;66;5;3;1;good
DEBB021;"'2021-05-23 03:00'";4;64;9;3;1;good
DEBB021;"'2021-05-23 04:00'";4;61;10;4;1;good
DEBB021;"'2021-05-23 05:00'";4;57;8;4;1;good
DEBB021;"'2021-05-23 06:00'";4;52;7;3;1;good
DEBB021;"'2021-05-23 07:00'";3;53;5;3;1;good
DEBB021;"'2021-05-23 08:00'";3;57;4;2;1;good
DEBB021;"'2021-05-23 09:00'";3;58;5;2;1;good
DEBB021;"'2021-05-23 10:00'";3;63;4;2;1;good
DEBB021;"'2021-05-23 11:00'";4;66;4;3;1;good
DEBB021;"'2021-05-23 12:00'";3;69;3;2;1;good
DEBB021;"'2021-05-23 13:00'";4;76;3;3;1;moderate
DEBB021;"'2021-05-23 14:00'";3;78;3;2;1;moderate
DEBB021;"'2021-05-23 15:00'";3;81;3;2;1;moderate
DEBB021;"'2021-05-23 16:00'";4;82;4;3;1;moderate
DEBB021;"'2021-05-23 17:00'";3;81;4;2;1;moderate
DEBB021;"'2021-05-23 18:00'";4;84;5;3;1;moderate
DEBB021;"'2021-05-23 19:00'";4;82;4;4;1;moderate
DEBB021;"'2021-05-23 20:00'";4;87;4;3;1;moderate
DEBB021;"'2021-05-23 21:00'";6;80;7;4;1;moderate
DEBB021;"'2021-05-23 22:00'";7;75;7;5;1;moderate
DEBB021;"'2021-05-23 23:00'";8;68;9;7;1;good
DEBB021;"'2021-05-23 24:00'";12;58;12;10;1;good
DEBB021;"'2021-05-24 01:00'";12;51;12;11;1;good
DEBB021;"'2021-05-24 02:00'";15;36;19;14;1;good
DEBB021;"'2021-05-24 03:00'";9;45;10;8;1;good
DEBB021;"'2021-05-24 04:00'";8;43;9;7;1;good
DEBB021;"'2021-05-24 05:00'";8;39;8;7;1;good
DEBB021;"'2021-05-24 06:00'";8;35;8;7;1;good
DEBB021;"'2021-05-24 07:00'";8;36;8;7;1;good
DEBB021;"'2021-05-24 08:00'";6;44;7;5;2;good
DEBB021;"'2021-05-24 09:00'";5;62;5;3;2;good
DEBB021;"'2021-05-24 10:00'";6;70;5;3;2;good
DEBB021;"'2021-05-24 11:00'";6;81;4;2;2;moderate
DEBB021;"'2021-05-24 12:00'";6;86;3;2;1;moderate
DEBB021;"'2021-05-24 13:00'";6;88;3;2;1;moderate
DEBB021;"'2021-05-24 14:00'";7;90;3;2;1;moderate
DEBB021;"'2021-05-24 15:00'";7;91;3;2;1;moderate
DEBB021;"'2021-05-24 16:00'";7;94;3;2;1;moderate
DEBB021;"'2021-05-24 17:00'";9;93;4;2;1;moderate
DEBB021;"'2021-05-24 18:00'";7;95;4;2;1;moderate
DEBB021;"'2021-05-24 19:00'";7;94;4;2;1;moderate
DEBB021;"'2021-05-24 20:00'";7;93;5;2;1;moderate
DEBB021;"'2021-05-24 21:00'";6;89;6;3;1;moderate
DEBB021;"'2021-05-24 22:00'";11;77;12;5;2;moderate
DEBB021;"'2021-05-24 23:00'";9;68;17;5;2;good
DEBB021;"'2021-05-24 24:00'";8;71;11;4;2;good
DEBB021;"'2021-05-25 01:00'";8;74;6;4;1;moderate
DEBB021;"'2021-05-25 02:00'";12;76;5;3;2;moderate
DEBB021;"'2021-05-25 03:00'";4;77;4;3;1;moderate
DEBB021;"'2021-05-25 04:00'";4;63;9;3;1;good
DEBB021;"'2021-05-25 05:00'";4;58;5;3;1;good
DEBB021;"'2021-05-25 06:00'";5;51;8;4;1;good
DEBB021;"'2021-05-25 07:00'";5;48;12;4;1;good
DEBB021;"'2021-05-25 08:00'";4;61;11;2;1;good
DEBB021;"'2021-05-25 09:00'";4;68;8;2;1;good
DEBB021;"'2021-05-25 10:00'";4;70;8;2;1;good
DEBB021;"'2021-05-25 11:00'";6;71;7;2;1;good
DEBB021;"'2021-05-25 12:00'";6;75;8;2;1;moderate
DEBB021;"'2021-05-25 13:00'";5;69;-;2;-;good
DEBB021;"'2021-05-25 14:00'";5;76;6;2;1;moderate
DEBB021;"'2021-05-25 15:00'";5;80;4;1;1;moderate
DEBB021;"'2021-05-25 16:00'";4;78;6;0.8;1;moderate
DEBB021;"'2021-05-25 17:00'";3;78;6;1;1;moderate
DEBB021;"'2021-05-25 18:00'";3;73;6;0.8;1;moderate
DEBB021;"'2021-05-25 19:00'";0.8;77;8;0.8;1;moderate
DEBB021;"'2021-05-25 20:00'";1;80;6;0.8;1;moderate
DEBB021;"'2021-05-25 21:00'";3;80;7;2;1;moderate
DEBB021;"'2021-05-25 22:00'";3;76;10;2;1;moderate
DEBB021;"'2021-05-25 23:00'";3;76;6;2;1;moderate
DEBB021;"'2021-05-25 24:00'";3;71;7;2;1;good
DEBB021;"'2021-05-26 01:00'";2;73;4;2;1;moderate
DEBB021;"'2021-05-26 02:00'";2;69;4;2;1;good
DEBB021;"'2021-05-26 03:00'";2;65;4;2;1;good
DEBB021;"'2021-05-26 04:00'";2;64;3;2;1;good
DEBB021;"'2021-05-26 05:00'";3;63;4;2;1;good
DEBB021;"'2021-05-26 06:00'";3;62;5;2;1;good
DEBB021;"'2021-05-26 07:00'";4;56;12;3;1;good
DEBB021;"'2021-05-26 08:00'";5;57;9;4;1;good
DEBB021;"'2021-05-26 09:00'";6;70;7;4;1;good
DEBB021;"'2021-05-26 10:00'";7;74;10;4;1;moderate
DEBB021;"'2021-05-26 11:00'";7;79;6;4;1;moderate
DEBB021;"'2021-05-26 12:00'";8;78;8;4;1;moderate
DEBB021;"'2021-05-26 13:00'";9;77;8;4;1;moderate
DEBB021;"'2021-05-26 14:00'";9;84;5;3;1;moderate
DEBB021;"'2021-05-26 15:00'";6;82;6;1;1;moderate
DEBB021;"'2021-05-26 16:00'";6;78;5;1;1;moderate
DEBB021;"'2021-05-26 17:00'";5;77;7;2;1;moderate
DEBB021;"'2021-05-26 18:00'";5;76;6;0.8;1;moderate
DEBB021;"'2021-05-26 19:00'";3;76;6;0.8;1;moderate
DEBB021;"'2021-05-26 20:00'";3;74;6;0.8;1;moderate
DEBB021;"'2021-05-26 21:00'";2;73;5;0.8;1;moderate
DEBB021;"'2021-05-26 22:00'";3;67;7;0.8;1;good
DEBB021;"'2021-05-26 23:00'";1;65;6;0.8;1;good
DEBB021;"'2021-05-26 24:00'";2;65;6;1;1;good
DEBB021;"'2021-05-27 01:00'";2;76;5;2;1;moderate
DEBB021;"'2021-05-27 02:00'";4;74;8;4;1;moderate
DEBB021;"'2021-05-27 03:00'";6;73;7;5;1;moderate
DEBB021;"'2021-05-27 04:00'";7;69;5;7;1;good
DEBB021;"'2021-05-27 05:00'";8;64;6;8;1;good
DEBB021;"'2021-05-27 06:00'";8;60;7;7;1;good
DEBB021;"'2021-05-27 07:00'";8;58;9;7;1;good
DEBB021;"'2021-05-27 08:00'";9;59;8;7;1;good
DEBB021;"'2021-05-27 09:00'";8;60;8;7;1;good
DEBB021;"'2021-05-27 10:00'";9;61;8;6;1;good
DEBB021;"'2021-05-27 11:00'";6;71;9;3;1;good
DEBB021;"'2021-05-27 12:00'";4;80;8;2;1;moderate
DEBB021;"'2021-05-27 13:00'";6;81;6;2;1;moderate
DEBB021;"'2021-05-27 14:00'";3;80;6;2;1;moderate
DEBB021;"'2021-05-27 15:00'";3;83;5;0.8;1;moderate
DEBB021;"'2021-05-27 16:00'";2;81;6;0.8;1;moderate
DEBB021;"'2021-05-27 17:00'";3;75;7;0.8;1;moderate
DEBB021;"'2021-05-27 18:00'";3;83;7;2;1;moderate
DEBB021;"'2021-05-27 19:00'";3;78;7;2;1;moderate
DEBB021;"'2021-05-27 20:00'";3;78;5;3;1;moderate
DEBB021;"'2021-05-27 21:00'";3;74;5;3;1;moderate
DEBB021;"'2021-05-27 22:00'";4;66;6;4;1;good
DEBB021;"'2021-05-27 23:00'";5;62;6;4;1;good
DEBB021;"'2021-05-27 24:00'";5;61;7;5;1;good
DEBB021;"'2021-05-28 01:00'";5;64;5;4;1;good
DEBB021;"'2021-05-28 02:00'";7;53;6;6;1;good
DEBB021;"'2021-05-28 03:00'";8;52;7;7;1;good
DEBB021;"'2021-05-28 04:00'";8;51;8;7;1;good
DEBB021;"'2021-05-28 05:00'";5;53;5;4;1;good
DEBB021;"'2021-05-28 06:00'";6;50;6;5;1;good
DEBB021;"'2021-05-28 07:00'";6;45;8;5;1;good
DEBB021;"'2021-05-28 08:00'";6;45;7;5;1;good
DEBB021;"'2021-05-28 09:00'";7;47;6;5;1;good
DEBB021;"'2021-05-28 10:00'";6;49;6;5;1;good
DEBB021;"'2021-05-28 11:00'";6;51;6;4;1;good
DEBB021;"'2021-05-28 12:00'";5;57;5;4;1;good
DEBB021;"'2021-05-28 13:00'";5;69;5;3;1;good
DEBB021;"'2021-05-28 14:00'";5;76;4;3;1;moderate
DEBB021;"'2021-05-28 15:00'";6;77;4;4;1;moderate
DEBB021;"'2021-05-28 16:00'";5;79;6;3;1;moderate
DEBB021;"'2021-05-28 17:00'";4;81;5;3;1;moderate
DEBB021;"'2021-05-28 18:00'";6;78;6;4;1;moderate
DEBB021;"'2021-05-28 19:00'";5;77;6;4;1;moderate
DEBB021;"'2021-05-28 20:00'";6;77;5;5;1;moderate
DEBB021;"'2021-05-28 21:00'";7;70;9;6;1;good
DEBB021;"'2021-05-28 22:00'";13;50;21;11;1;good
DEBB021;"'2021-05-28 23:00'";10;51;19;8;1;good
DEBB021;"'2021-05-28 24:00'";6;70;5;6;1;good
DEBB021;"'2021-05-29 01:00'";7;64;9;6;1;good
DEBB021;"'2021-05-29 02:00'";6;57;8;6;1;good
DEBB021;"'2021-05-29 03:00'";6;59;8;5;1;good
DEBB021;"'2021-05-29 04:00'";6;57;7;5;1;good
DEBB021;"'2021-05-29 05:00'";6;46;13;5;1;good
DEBB021;"'2021-05-29 06:00'";7;50;8;6;1;good
DEBB021;"'2021-05-29 07:00'";12;54;6;10;1;good
DEBB021;"'2021-05-29 08:00'";14;49;7;12;1;good
DEBB021;"'2021-05-29 09:00'";12;54;5;11;1;good
DEBB021;"'2021-05-29 10:00'";14;59;5;12;1;good
DEBB021;"'2021-05-29 11:00'";14;59;6;12;1;good
DEBB021;"'2021-05-29 12:00'";13;61;5;11;1;good
DEBB021;"'2021-05-29 13:00'";13;64;4;11;1;good
DEBB021;"'2021-05-29 14:00'";12;68;4;10;1;good
DEBB021;"'2021-05-29 15:00'";11;72;4;9;1;good
DEBB021;"'2021-05-29 16:00'";11;75;3;9;1;moderate
DEBB021;"'2021-05-29 17:00'";11;75;3;9;1;moderate
DEBB021;"'2021-05-29 18:00'";12;75;3;9;1;moderate
DEBB021;"'2021-05-29 19:00'";13;74;4;10;1;moderate
DEBB021;"'2021-05-29 20:00'";12;73;4;10;1;moderate
DEBB021;"'2021-05-29 21:00'";12;70;5;9;1;good
DEBB021;"'2021-05-29 22:00'";11;70;5;8;1;good
DEBB021;"'2021-05-29 23:00'";10;75;4;8;2;moderate
DEBB021;"'2021-05-29 24:00'";11;71;5;9;1;good
DEBB021;"'2021-05-30 01:00'";11;69;5;9;1;good
DEBB021;"'2021-05-30 02:00'";8;73;4;7;2;moderate
DEBB021;"'2021-05-30 03:00'";11;61;5;10;1;good
DEBB021;"'2021-05-30 04:00'";12;56;6;10;1;good
DEBB021;"'2021-05-30 05:00'";13;53;6;11;1;good
DEBB021;"'2021-05-30 06:00'";13;48;7;12;1;good
DEBB021;"'2021-05-30 07:00'";10;57;4;9;1;good
DEBB021;"'2021-05-30 08:00'";9;63;4;8;2;good
DEBB021;"'2021-05-30 09:00'";7;74;3;6;1;moderate
DEBB021;"'2021-05-30 10:00'";7;80;2;5;1;moderate
DEBB021;"'2021-05-30 11:00'";8;82;3;5;2;moderate
DEBB021;"'2021-05-30 12:00'";7;84;3;5;2;moderate
DEBB021;"'2021-05-30 13:00'";8;84;3;5;2;moderate
DEBB021;"'2021-05-30 14:00'";8;85;3;5;2;moderate
DEBB021;"'2021-05-30 15:00'";8;86;3;5;1;moderate
DEBB021;"'2021-05-30 16:00'";9;89;3;5;1;moderate
DEBB021;"'2021-05-30 17:00'";9;91;3;5;1;moderate
DEBB021;"'2021-05-30 18:00'";8;90;4;5;1;moderate
DEBB021;"'2021-05-30 19:00'";8;92;3;5;-;moderate
DEBB021;"'2021-05-30 20:00'";10;93;3;5;-;moderate
DEBB021;"'2021-05-30 21:00'";8;88;4;5;1;moderate
DEBB021;"'2021-05-30 22:00'";9;81;6;6;-;moderate
DEBB021;"'2021-05-30 23:00'";9;77;6;6;-;moderate
DEBB021;"'2021-05-30 24:00'";8;73;8;6;-;moderate
DEBB021;"'2021-05-31 01:00'";8;66;10;6;2;good
DEBB021;"'2021-05-31 02:00'";8;64;9;6;-;good
DEBB021;"'2021-05-31 03:00'";7;64;8;6;1;good
DEBB021;"'2021-05-31 04:00'";7;60;9;6;-;good
DEBB021;"'2021-05-31 05:00'";8;56;10;6;-;good
DEBB021;"'2021-05-31 06:00'";8;52;12;7;2;good
DEBB021;"'2021-05-31 07:00'";9;48;13;7;2;good
DEBB021;"'2021-05-31 08:00'";12;48;14;8;2;good
DEBB021;"'2021-05-31 09:00'";11;48;17;7;4;good
DEBB021;"'2021-05-31 10:00'";10;59;15;7;5;good
DEBB021;"'2021-05-31 11:00'";11;70;12;6;-;good
DEBB021;"'2021-05-31 12:00'";11;77;15;6;4;moderate
DEBB021;"'2021-05-31 13:00'";12;86;12;6;4;moderate
DEBB021;"'2021-05-31 14:00'";13;97;8;6;2;moderate
DEBB021;"'2021-05-31 15:00'";11;108;6;5;2;moderate
DEBB021;"'2021-05-31 16:00'";12;110;6;4;1;moderate
DEBB021;"'2021-05-31 17:00'";11;108;6;4;1;moderate
DEBB021;"'2021-05-31 18:00'";9;107;5;4;2;moderate
DEBB021;"'2021-05-31 19:00'";9;101;4;3;1;moderate
DEBB021;"'2021-05-31 20:00'";7;94;5;4;0.5;moderate
DEBB021;"'2021-05-31 21:00'";9;87;6;4;0.5;moderate
DEBB021;"'2021-05-31 22:00'";14;74;10;6;0.5;moderate
DEBB021;"'2021-05-31 23:00'";14;57;16;7;0.5;good
DEBB021;"'2021-05-31 24:00'";12;41;23;8;0.5;good
DEBB021;"'2021-06-01 01:00'";12;31;30;9;0.5;good
DEBB021;"'2021-06-01 02:00'";11;34;22;8;0.5;good
DEBB021;"'2021-06-01 03:00'";11;18;32;9;0.5;moderate
DEBB021;"'2021-06-01 04:00'";10;25;24;8;0.5;good
DEBB021;"'2021-06-01 05:00'";11;24;25;8;0.5;good
DEBB021;"'2021-06-01 06:00'";11;15;33;8;0.5;moderate
DEBB021;"'2021-06-01 07:00'";13;22;32;10;0.5;moderate
DEBB021;"'2021-06-01 08:00'";15;33;28;11;0.5;good
DEBB021;"'2021-06-01 09:00'";17;46;24;11;2;good
DEBB021;"'2021-06-01 10:00'";17;75;11;11;1;moderate
DEBB021;"'2021-06-01 11:00'";14;87;6;9;0.5;moderate
DEBB021;"'2021-06-01 12:00'";11;89;4;7;0.5;moderate
DEBB021;"'2021-06-01 13:00'";10;85;4;6;0.5;moderate
DEBB021;"'2021-06-01 14:00'";11;87;4;6;0.5;moderate
DEBB021;"'2021-06-01 15:00'";10;90;4;5;0.5;moderate
DEBB021;"'2021-06-01 16:00'";11;95;5;5;0.5;moderate
DEBB021;"'2021-06-01 17:00'";11;93;7;4;0.5;moderate
DEBB021;"'2021-06-01 18:00'";8;95;5;3;0.5;moderate
DEBB021;"'2021-06-01 19:00'";8;99;5;3;0.5;moderate
DEBB021;"'2021-06-01 20:00'";11;99;5;5;0.5;moderate
DEBB021;"'2021-06-01 21:00'";13;95;6;6;0.5;moderate
DEBB021;"'2021-06-01 22:00'";11;89;6;7;0.5;moderate
DEBB021;"'2021-06-01 23:00'";8;82;5;5;0.5;moderate
DEBB021;"'2021-06-01 24:00'";6;79;5;3;2;moderate
DEBB021;"'2021-06-02 01:00'";8;74;6;3;2;moderate
DEBB021;"'2021-06-02 02:00'";6;72;6;3;1;good
DEBB021;"'2021-06-02 03:00'";5;67;7;3;2;good
DEBB021;"'2021-06-02 04:00'";5;67;6;3;2;good
DEBB021;"'2021-06-02 05:00'";6;64;7;4;1;good
DEBB021;"'2021-06-02 06:00'";6;62;9;4;2;good
DEBB021;"'2021-06-02 07:00'";7;58;12;6;2;good
DEBB021;"'2021-06-02 08:00'";11;55;15;7;1;good
DEBB021;"'2021-06-02 09:00'";14;53;17;7;1;good
DEBB021;"'2021-06-02 10:00'";16;55;21;8;2;good
DEBB021;"'2021-06-02 11:00'";17;71;10;7;2;good
DEBB021;"'2021-06-02 12:00'";20;83;9;7;2;moderate
DEBB021;"'2021-06-02 13:00'";20;95;7;7;1;moderate
DEBB021;"'2021-06-02 14:00'";22;95;7;7;0.5;moderate
DEBB021;"'2021-06-02 15:00'";22;93;7;6;0.5;moderate
DEBB021;"'2021-06-02 16:00'";13;93;5;5;0.5;moderate
DEBB021;"'2021-06-02 17:00'";12;95;5;4;0.5;moderate
DEBB021;"'2021-06-02 18:00'";15;101;5;5;0.5;moderate
DEBB021;"'2021-06-02 19:00'";18;101;5;6;0.5;moderate
DEBB021;"'2021-06-02 20:00'";16;95;9;7;0.5;moderate
DEBB021;"'2021-06-02 21:00'";13;102;7;7;0.5;moderate
DEBB021;"'2021-06-02 22:00'";15;88;12;9;0.5;moderate
DEBB021;"'2021-06-02 23:00'";15;76;14;10;0.5;moderate
DEBB021;"'2021-06-02 24:00'";14;71;15;9;0.5;good
DEBB021;"'2021-06-03 01:00'";13;63;17;10;0.5;good
DEBB021;"'2021-06-03 02:00'";17;64;19;12;0.5;good
DEBB021;"'2021-06-03 03:00'";17;73;15;13;0.5;moderate
DEBB021;"'2021-06-03 04:00'";17;70;14;13;0.5;good
DEBB021;"'2021-06-03 05:00'";18;73;11;13;0.5;moderate
DEBB021;"'2021-06-03 06:00'";18;66;18;14;0.5;good
DEBB021;"'2021-06-03 07:00'";20;67;19;14;0.5;good
DEBB021;"'2021-06-03 08:00'";23;65;24;14;1;good
DEBB021;"'2021-06-03 09:00'";29;69;25;13;2;moderate
DEBB021;"'2021-06-03 10:00'";62;84;21;16;3;poor
DEBB021;"'2021-06-03 11:00'";23;96;17;8;2;moderate
DEBB021;"'2021-06-03 12:00'";27;112;12;7;2;moderate
DEBB021;"'2021-06-03 13:00'";21;119;7;7;1;moderate
DEBB021;"'2021-06-03 14:00'";20;120;7;6;1;moderate
DEBB021;"'2021-06-03 15:00'";20;120;6;6;0.5;moderate
DEBB021;"'2021-06-03 16:00'";20;122;7;6;1;moderate
DEBB021;"'2021-06-03 17:00'";26;122;8;7;0.9;moderate
DEBB021;"'2021-06-03 18:00'";21;122;7;7;0.5;moderate
DEBB021;"'2021-06-03 19:00'";18;122;7;7;0.5;moderate
DEBB021;"'2021-06-03 20:00'";16;120;6;7;0.5;moderate
DEBB021;"'2021-06-03 21:00'";20;110;10;8;0.5;moderate
DEBB021;"'2021-06-03 22:00'";27;97;14;10;0.5;moderate
DEBB021;"'2021-06-03 23:00'";17;95;11;10;0.5;moderate
DEBB021;"'2021-06-03 24:00'";16;93;10;11;0.5;moderate
DEBB021;"'2021-06-04 01:00'";17;93;9;11;0.8;moderate
DEBB021;"'2021-06-04 02:00'";16;97;7;12;0.5;moderate
DEBB021;"'2021-06-04 03:00'";16;98;9;12;0.8;moderate
DEBB021;"'2021-06-04 04:00'";16;95;9;12;0.9;moderate
DEBB021;"'2021-06-04 05:00'";16;87;10;13;0.5;moderate
DEBB021;"'2021-06-04 06:00'";20;82;13;13;2;moderate
DEBB021;"'2021-06-04 07:00'";23;72;21;14;2;good
DEBB021;"'2021-06-04 08:00'";20;61;24;15;0.9;good
DEBB021;"'2021-06-04 09:00'";24;55;30;15;1;good
DEBB021;"'2021-06-04 10:00'";30;56;31;16;2;moderate
DEBB021;"'2021-06-04 11:00'";24;56;28;16;1;moderate
DEBB021;"'2021-06-04 12:00'";25;61;23;16;1;moderate
DEBB021;"'2021-06-04 13:00'";26;64;22;15;1;good
DEBB021;"'2021-06-04 14:00'";30;76;19;15;2;moderate
DEBB021;"'2021-06-04 15:00'";24;98;12;12;2;moderate
DEBB021;"'2021-06-04 16:00'";21;110;10;10;2;moderate
DEBB021;"'2021-06-04 17:00'";27;112;13;12;3;moderate
DEBB021;"'2021-06-04 18:00'";31;113;11;15;2;moderate
DEBB021;"'2021-06-04 19:00'";22;111;11;14;2;moderate
DEBB021;"'2021-06-04 20:00'";24;107;11;15;2;moderate
DEBB021;"'2021-06-04 21:00'";25;103;10;16;2;moderate
DEBB021;"'2021-06-04 22:00'";27;90;14;18;2;moderate
DEBB021;"'2021-06-04 23:00'";25;83;14;18;1;moderate
DEBB021;"'2021-06-04 24:00'";25;78;13;19;1;moderate
DEBB021;"'2021-06-05 01:00'";23;77;12;18;0.5;moderate
DEBB021;"'2021-06-05 02:00'";25;74;12;19;0.5;moderate
DEBB021;"'2021-06-05 03:00'";22;70;12;18;0.5;moderate
DEBB021;"'2021-06-05 04:00'";21;68;11;18;0.5;moderate
DEBB021;"'2021-06-05 05:00'";19;67;10;16;0.5;moderate
DEBB021;"'2021-06-05 06:00'";18;67;10;15;0.5;good
DEBB021;"'2021-06-05 07:00'";17;63;13;15;0.5;good
DEBB021;"'2021-06-05 08:00'";18;68;11;14;0.9;good
DEBB021;"'2021-06-05 09:00'";17;82;8;10;2;moderate
DEBB021;"'2021-06-05 10:00'";15;101;7;8;0.9;moderate
DEBB021;"'2021-06-05 11:00'";19;114;6;8;0.5;moderate
DEBB021;"'2021-06-05 12:00'";16;121;5;8;0.5;moderate
DEBB021;"'2021-06-05 13:00'";17;125;6;7;0.5;moderate
DEBB021;"'2021-06-05 14:00'";14;128;6;7;0.5;moderate
DEBB021;"'2021-06-05 15:00'";15;131;6;7;0.5;moderate
DEBB021;"'2021-06-05 16:00'";14;135;6;7;0.5;moderate
DEBB021;"'2021-06-05 17:00'";15;133;6;7;0.5;moderate
DEBB021;"'2021-06-05 18:00'";12;131;7;6;0.5;moderate
DEBB021;"'2021-06-05 19:00'";12;124;8;6;0.5;moderate
DEBB021;"'2021-06-05 20:00'";13;116;9;7;0.5;moderate
DEBB021;"'2021-06-05 21:00'";15;106;12;8;0.5;moderate
DEBB021;"'2021-06-05 22:00'";21;97;16;11;0.5;moderate
DEBB021;"'2021-06-05 23:00'";26;94;17;14;0.5;moderate
DEBB021;"'2021-06-05 24:00'";26;83;16;16;0.5;moderate
DEBB021;"'2021-06-06 01:00'";28;79;12;21;0.5;moderate
DEBB021;"'2021-06-06 02:00'";29;70;14;23;0.5;moderate
DEBB021;"'2021-06-06 03:00'";27;70;13;22;0.5;moderate
DEBB021;"'2021-06-06 04:00'";28;62;15;23;0.5;moderate
DEBB021;"'2021-06-06 05:00'";32;61;14;26;0.5;moderate
DEBB021;"'2021-06-06 06:00'";31;60;13;26;0.5;moderate
DEBB021;"'2021-06-06 07:00'";34;59;14;29;0.5;moderate
DEBB021;"'2021-06-06 08:00'";34;62;11;30;0.5;moderate
DEBB021;"'2021-06-06 09:00'";29;75;8;24;0.5;moderate
DEBB021;"'2021-06-06 10:00'";22;92;7;18;0.5;moderate
DEBB021;"'2021-06-06 11:00'";21;110;5;14;0.5;moderate
DEBB021;"'2021-06-06 12:00'";16;116;6;11;0.5;moderate
DEBB021;"'2021-06-06 13:00'";21;114;5;10;0.5;moderate
DEBB021;"'2021-06-06 14:00'";14;122;4;9;0.5;moderate
DEBB021;"'2021-06-06 15:00'";15;126;5;8;0.5;moderate
DEBB021;"'2021-06-06 16:00'";15;129;5;9;0.5;moderate
DEBB021;"'2021-06-06 17:00'";15;130;4;10;0.5;moderate
DEBB021;"'2021-06-06 18:00'";22;120;6;12;0.5;moderate
DEBB021;"'2021-06-06 19:00'";18;118;5;13;0.5;moderate
DEBB021;"'2021-06-06 20:00'";16;113;5;13;0.5;moderate
DEBB021;"'2021-06-06 21:00'";17;109;6;14;0.5;moderate
DEBB021;"'2021-06-06 22:00'";18;101;6;16;0.5;moderate
DEBB021;"'2021-06-06 23:00'";23;84;6;20;0.5;moderate
DEBB021;"'2021-06-06 24:00'";26;67;6;24;0.5;moderate
DEBB021;"'2021-06-07 01:00'";27;60;6;25;0.5;moderate
DEBB021;"'2021-06-07 02:00'";22;60;7;19;0.5;moderate
DEBB021;"'2021-06-07 03:00'";13;75;5;10;0.5;moderate
DEBB021;"'2021-06-07 04:00'";12;78;4;9;0.5;moderate
DEBB021;"'2021-06-07 05:00'";16;73;5;9;0.5;moderate
DEBB021;"'2021-06-07 06:00'";14;66;8;10;0.5;good
DEBB021;"'2021-06-07 07:00'";15;66;11;10;0.5;good
DEBB021;"'2021-06-07 08:00'";16;70;11;10;0.5;good
DEBB021;"'2021-06-07 09:00'";22;73;12;9;2;moderate
DEBB021;"'2021-06-07 10:00'";17;83;7;8;0.5;moderate
DEBB021;"'2021-06-07 11:00'";19;93;5;8;0.5;moderate
DEBB021;"'2021-06-07 12:00'";16;-;4;7;-;good
DEBB021;"'2021-06-07 13:00'";14;-;4;6;0.5;good
DEBB021;"'2021-06-07 14:00'";13;-;4;6;0.5;good
DEBB021;"'2021-06-07 15:00'";11;-;4;5;0.5;good
DEBB021;"'2021-06-07 16:00'";12;-;4;6;0.5;good
DEBB021;"'2021-06-07 17:00'";13;-;4;6;0.5;good
DEBB021;"'2021-06-07 18:00'";11;-;4;6;0.5;good
DEBB021;"'2021-06-07 19:00'";12;-;3;6;0.5;good
DEBB021;"'2021-06-07 20:00'";11;-;4;7;0.5;good
DEBB021;"'2021-06-07 21:00'";12;-;5;7;0.5;good
DEBB021;"'2021-06-07 22:00'";14;-;9;8;0.5;good
DEBB021;"'2021-06-07 23:00'";15;-;7;10;0.5;good
DEBB021;"'2021-06-07 24:00'";19;-;5;16;0.5;moderate
DEBB021;"'2021-06-08 01:00'";19;-;5;17;0.5;moderate
DEBB021;"'2021-06-08 02:00'";19;-;6;17;0.5;moderate
DEBB021;"'2021-06-08 03:00'";19;-;9;17;0.5;moderate
DEBB021;"'2021-06-08 04:00'";19;-;7;17;0.5;moderate
DEBB021;"'2021-06-08 05:00'";19;-;10;17;0.5;moderate
DEBB021;"'2021-06-08 06:00'";20;-;11;18;0.5;moderate
DEBB021;"'2021-06-08 07:00'";22;-;18;19;0.5;moderate
DEBB021;"'2021-06-08 08:00'";25;-;12;20;0.5;moderate
DEBB021;"'2021-06-08 09:00'";23;-;11;15;0.5;good
DEBB021;"'2021-06-08 10:00'";23;-;8;13;0.5;good
DEBB021;"'2021-06-08 11:00'";20;-;7;10;0.5;good
DEBB021;"'2021-06-08 12:00'";17;106;6;9;0.5;moderate
DEBB021;"'2021-06-08 13:00'";15;111;5;8;0.5;moderate
DEBB021;"'2021-06-08 14:00'";17;115;4;8;0.5;moderate
DEBB021;"'2021-06-08 15:00'";16;113;5;9;0.5;moderate
DEBB021;"'2021-06-08 16:00'";17;112;4;9;0.5;moderate
DEBB021;"'2021-06-08 17:00'";16;114;4;9;0.5;moderate
DEBB021;"'2021-06-08 18:00'";17;111;5;9;0.5;moderate
DEBB021;"'2021-06-08 19:00'";15;111;4;9;0.5;moderate
DEBB021;"'2021-06-08 20:00'";14;110;4;9;0.5;moderate
DEBB021;"'2021-06-08 21:00'";13;108;4;9;0.5;moderate
DEBB021;"'2021-06-08 22:00'";14;99;5;9;0.5;moderate
DEBB021;"'2021-06-08 23:00'";11;92;4;7;0.5;moderate
DEBB021;"'2021-06-08 24:00'";8;84;3;5;0.5;moderate
DEBB021;"'2021-06-09 01:00'";6;79;3;4;0.5;moderate
DEBB021;"'2021-06-09 02:00'";5;75;4;3;0.5;moderate
DEBB021;"'2021-06-09 03:00'";5;68;6;4;0.5;good
DEBB021;"'2021-06-09 04:00'";6;61;8;4;0.5;good
DEBB021;"'2021-06-09 05:00'";6;56;8;4;0.5;good
DEBB021;"'2021-06-09 06:00'";8;50;14;5;0.5;good
DEBB021;"'2021-06-09 07:00'";9;48;14;5;0.5;good
DEBB021;"'2021-06-09 08:00'";18;61;14;6;0.5;good
DEBB021;"'2021-06-09 09:00'";14;78;7;5;0.5;moderate
DEBB021;"'2021-06-09 10:00'";19;85;7;5;0.5;moderate
DEBB021;"'2021-06-09 11:00'";19;88;7;4;0.9;moderate
DEBB021;"'2021-06-09 12:00'";11;96;7;4;3;moderate
DEBB021;"'2021-06-09 13:00'";14;103;5;4;0.8;moderate
DEBB021;"'2021-06-09 14:00'";12;103;4;3;0.5;moderate
DEBB021;"'2021-06-09 15:00'";12;104;4;3;0.5;moderate
DEBB021;"'2021-06-09 16:00'";11;105;3;3;0.5;moderate
DEBB021;"'2021-06-09 17:00'";9;102;4;3;0.5;moderate
DEBB021;"'2021-06-09 18:00'";5;100;3;2;0.5;moderate
DEBB021;"'2021-06-09 19:00'";5;98;3;2;0.5;moderate
DEBB021;"'2021-06-09 20:00'";4;95;3;2;0.5;moderate
DEBB021;"'2021-06-09 21:00'";5;90;4;2;0.5;moderate
DEBB021;"'2021-06-09 22:00'";17;71;10;4;0.5;good
DEBB021;"'2021-06-09 23:00'";29;51;18;7;0.5;moderate
DEBB021;"'2021-06-09 24:00'";37;47;17;8;0.5;moderate
DEBB021;"'2021-06-10 01:00'";16;43;18;7;0.5;good
DEBB021;"'2021-06-10 02:00'";11;52;10;7;0.5;good
DEBB021;"'2021-06-10 03:00'";12;51;10;8;0.5;good
DEBB021;"'2021-06-10 04:00'";14;52;15;11;0.5;good
DEBB021;"'2021-06-10 05:00'";16;53;13;12;0.5;good
DEBB021;"'2021-06-10 06:00'";18;53;15;14;0.5;good
DEBB021;"'2021-06-10 07:00'";15;52;12;11;0.5;good
DEBB021;"'2021-06-10 08:00'";22;54;13;11;0.5;good
DEBB021;"'2021-06-10 09:00'";24;63;13;11;0.5;good
DEBB021;"'2021-06-10 10:00'";19;88;9;9;0.5;moderate
DEBB021;"'2021-06-10 11:00'";20;115;6;11;0.5;moderate
DEBB021;"'2021-06-10 12:00'";23;125;6;12;0.5;moderate
DEBB021;"'2021-06-10 13:00'";20;127;5;12;0.5;moderate
DEBB021;"'2021-06-10 14:00'";20;131;6;12;0.5;moderate
DEBB021;"'2021-06-10 15:00'";18;134;5;10;0.5;moderate
DEBB021;"'2021-06-10 16:00'";21;135;5;10;0.5;moderate
DEBB021;"'2021-06-10 17:00'";15;132;5;8;0.5;moderate
DEBB021;"'2021-06-10 18:00'";13;127;5;7;0.5;moderate
DEBB021;"'2021-06-10 19:00'";13;128;5;7;0.5;moderate
DEBB021;"'2021-06-10 20:00'";14;126;5;8;0.5;moderate
DEBB021;"'2021-06-10 21:00'";14;120;7;8;0.5;moderate
DEBB021;"'2021-06-10 22:00'";16;111;5;7;0.5;moderate
DEBB021;"'2021-06-10 23:00'";13;100;8;7;0.5;moderate
DEBB021;"'2021-06-10 24:00'";15;93;7;8;0.5;moderate
DEBB021;"'2021-06-11 01:00'";15;87;7;8;0.5;moderate
DEBB021;"'2021-06-11 02:00'";13;84;8;8;0.5;moderate
DEBB021;"'2021-06-11 03:00'";12;80;10;8;0.5;moderate
DEBB021;"'2021-06-11 04:00'";12;74;11;9;1;moderate
DEBB021;"'2021-06-11 05:00'";17;72;10;10;2;good
DEBB021;"'2021-06-11 06:00'";24;46;24;10;0.8;good
DEBB021;"'2021-06-11 07:00'";23;39;35;12;0.8;moderate
DEBB021;"'2021-06-11 08:00'";21;71;21;11;1;good
DEBB021;"'2021-06-11 09:00'";25;93;15;9;0.9;moderate
DEBB021;"'2021-06-11 10:00'";24;113;9;8;0.5;moderate
DEBB021;"'2021-06-11 11:00'";17;124;6;8;0.5;moderate
DEBB021;"'2021-06-11 12:00'";17;119;6;7;0.5;moderate
DEBB021;"'2021-06-11 13:00'";16;121;6;7;0.5;moderate
DEBB021;"'2021-06-11 14:00'";17;121;5;6;0.5;moderate
DEBB021;"'2021-06-11 15:00'";14;118;5;6;0.5;moderate
DEBB021;"'2021-06-11 16:00'";14;115;5;6;0.5;moderate
DEBB021;"'2021-06-11 17:00'";13;114;5;6;0.5;moderate
DEBB021;"'2021-06-11 18:00'";13;114;4;6;0.5;moderate
DEBB021;"'2021-06-11 19:00'";12;120;4;6;0.5;moderate
DEBB021;"'2021-06-11 20:00'";10;116;4;5;0.5;moderate
DEBB021;"'2021-06-11 21:00'";16;108;7;6;0.5;moderate
DEBB021;"'2021-06-11 22:00'";21;95;9;8;0.5;moderate
DEBB021;"'2021-06-11 23:00'";32;71;21;11;0.5;moderate
DEBB021;"'2021-06-11 24:00'";34;64;21;12;0.5;moderate
DEBB021;"'2021-06-12 01:00'";29;63;21;16;0.5;moderate
DEBB021;"'2021-06-12 02:00'";22;37;33;15;0.5;moderate
DEBB021;"'2021-06-12 03:00'";22;49;21;18;0.5;moderate
DEBB021;"'2021-06-12 04:00'";25;62;16;20;0.5;moderate
DEBB021;"'2021-06-12 05:00'";23;64;12;19;0.5;moderate
DEBB021;"'2021-06-12 06:00'";20;61;14;17;0.5;moderate
DEBB021;"'2021-06-12 07:00'";18;59;11;15;0.5;good
DEBB021;"'2021-06-12 08:00'";14;54;6;10;0.5;good
DEBB021;"'2021-06-12 09:00'";13;52;7;10;0.5;good
DEBB021;"'2021-06-12 10:00'";17;55;7;13;0.5;good
DEBB021;"'2021-06-12 11:00'";20;59;7;14;0.5;good
DEBB021;"'2021-06-12 12:00'";18;57;8;13;0.5;good
DEBB021;"'2021-06-12 13:00'";13;64;6;9;0.5;good
DEBB021;"'2021-06-12 14:00'";12;76;5;7;0.5;moderate
DEBB021;"'2021-06-12 15:00'";12;76;5;7;0.5;moderate
DEBB021;"'2021-06-12 16:00'";11;67;6;9;0.5;good
DEBB021;"'2021-06-12 17:00'";15;73;5;9;0.5;moderate
DEBB021;"'2021-06-12 18:00'";18;83;3;6;0.5;moderate
DEBB021;"'2021-06-12 19:00'";13;81;3;5;0.5;moderate
DEBB021;"'2021-06-12 20:00'";14;79;3;5;0.5;moderate
DEBB021;"'2021-06-12 21:00'";15;77;3;5;0.5;moderate
DEBB021;"'2021-06-12 22:00'";14;76;3;6;0.5;moderate
DEBB021;"'2021-06-12 23:00'";12;74;3;7;0.5;moderate
DEBB021;"'2021-06-12 24:00'";11;71;4;7;0.5;good
DEBB021;"'2021-06-13 01:00'";10;69;3;7;0.5;good
DEBB021;"'2021-06-13 02:00'";9;68;3;7;0.5;good
DEBB021;"'2021-06-13 03:00'";8;67;3;6;0.5;good
DEBB021;"'2021-06-13 04:00'";7;67;2;5;0.5;good
DEBB021;"'2021-06-13 05:00'";7;64;3;5;0.5;good
DEBB021;"'2021-06-13 06:00'";7;62;4;6;0.5;good
DEBB021;"'2021-06-13 07:00'";7;60;4;5;0.5;good
DEBB021;"'2021-06-13 08:00'";8;61;3;6;0.5;good
DEBB021;"'2021-06-13 09:00'";8;62;3;6;0.5;good
DEBB021;"'2021-06-13 10:00'";7;63;3;5;0.5;good
DEBB021;"'2021-06-13 11:00'";8;64;3;5;0.5;good
DEBB021;"'2021-06-13 12:00'";8;65;3;6;0.5;good
DEBB021;"'2021-06-13 13:00'";11;64;3;7;0.5;good
DEBB021;"'2021-06-13 14:00'";10;66;3;7;0.5;good
DEBB021;"'2021-06-13 15:00'";8;69;1;5;0.5;good
DEBB021;"'2021-06-13 16:00'";9;71;2;6;0.5;good
DEBB021;"'2021-06-13 17:00'";10;74;1;6;0.5;moderate
DEBB021;"'2021-06-13 18:00'";10;77;2;7;0.5;moderate
DEBB021;"'2021-06-13 19:00'";10;78;2;6;0.5;moderate
DEBB021;"'2021-06-13 20:00'";11;78;3;7;0.5;moderate
DEBB021;"'2021-06-13 21:00'";12;75;4;8;0.5;moderate
DEBB021;"'2021-06-13 22:00'";14;69;7;9;0.5;good
DEBB021;"'2021-06-13 23:00'";13;64;11;9;0.5;good
DEBB021;"'2021-06-13 24:00'";11;68;5;8;0.5;good
DEBB021;"'2021-06-14 01:00'";11;67;4;7;0.5;good
DEBB021;"'2021-06-14 02:00'";10;63;5;7;0.5;good
DEBB021;"'2021-06-14 03:00'";9;54;7;7;0.5;good
DEBB021;"'2021-06-14 04:00'";10;47;10;7;0.5;good
DEBB021;"'2021-06-14 05:00'";10;23;24;8;0.5;good
DEBB021;"'2021-06-14 06:00'";11;27;18;9;0.5;good
DEBB021;"'2021-06-14 07:00'";11;44;14;9;0.5;good
DEBB021;"'2021-06-14 08:00'";12;53;10;8;0.5;good
DEBB021;"'2021-06-14 09:00'";15;60;10;8;0.5;good
DEBB021;"'2021-06-14 10:00'";13;72;5;7;0.5;good
DEBB021;"'2021-06-14 11:00'";15;77;6;6;0.5;moderate
DEBB021;"'2021-06-14 12:00'";13;81;5;5;0.5;moderate
DEBB021;"'2021-06-14 13:00'";13;86;5;5;0.5;moderate
DEBB021;"'2021-06-14 14:00'";11;80;7;4;0.5;moderate
DEBB021;"'2021-06-14 15:00'";12;82;4;4;0.5;moderate
DEBB021;"'2021-06-14 16:00'";12;83;3;4;0.5;moderate
DEBB021;"'2021-06-14 17:00'";10;86;4;4;0.5;moderate
DEBB021;"'2021-06-14 18:00'";14;93;4;5;0.5;moderate
DEBB021;"'2021-06-14 19:00'";12;95;4;5;0.5;moderate
DEBB021;"'2021-06-14 20:00'";15;96;4;5;0.5;moderate
DEBB021;"'2021-06-14 21:00'";25;87;8;6;0.5;moderate
DEBB021;"'2021-06-14 22:00'";18;75;13;7;0.5;moderate
DEBB021;"'2021-06-14 23:00'";21;81;12;8;0.5;moderate
DEBB021;"'2021-06-14 24:00'";13;77;13;8;0.5;moderate
DEBB021;"'2021-06-15 01:00'";13;70;15;9;0.5;good
DEBB021;"'2021-06-15 02:00'";15;67;15;10;0.5;good
DEBB021;"'2021-06-15 03:00'";15;59;21;10;0.5;good
DEBB021;"'2021-06-15 04:00'";13;68;15;10;2;good
DEBB021;"'2021-06-15 05:00'";14;61;21;10;2;good
DEBB021;"'2021-06-15 06:00'";14;48;21;11;1;good
DEBB021;"'2021-06-15 07:00'";17;49;23;11;1;good
DEBB021;"'2021-06-15 08:00'";18;62;17;12;2;good
DEBB021;"'2021-06-15 09:00'";23;66;14;12;1;good
DEBB021;"'2021-06-15 10:00'";28;81;12;12;1;moderate
DEBB021;"'2021-06-15 11:00'";23;68;11;11;0.8;good
DEBB021;"'2021-06-15 12:00'";21;71;7;11;0.5;good
DEBB021;"'2021-06-15 13:00'";18;76;7;11;0.5;moderate
DEBB021;"'2021-06-15 14:00'";18;76;6;11;0.5;moderate
DEBB021;"'2021-06-15 15:00'";18;86;5;10;0.5;moderate
DEBB021;"'2021-06-15 16:00'";17;80;5;10;0.5;moderate
DEBB021;"'2021-06-15 17:00'";19;75;5;10;0.5;moderate
DEBB021;"'2021-06-15 18:00'";15;72;4;9;0.5;good
DEBB021;"'2021-06-15 19:00'";14;71;5;7;0.5;good
DEBB021;"'2021-06-15 20:00'";9;78;4;5;0.5;moderate
DEBB021;"'2021-06-15 21:00'";8;82;5;5;0.5;moderate
DEBB021;"'2021-06-15 22:00'";12;78;9;6;0.5;moderate
DEBB021;"'2021-06-15 23:00'";9;75;6;6;0.5;moderate
DEBB021;"'2021-06-15 24:00'";10;74;7;6;0.5;moderate
DEBB021;"'2021-06-16 01:00'";10;68;8;6;2;good
DEBB021;"'2021-06-16 02:00'";9;67;8;6;2;good
DEBB021;"'2021-06-16 03:00'";8;62;8;5;2;good
DEBB021;"'2021-06-16 04:00'";7;56;9;5;0.8;good
DEBB021;"'2021-06-16 05:00'";6;51;9;5;0.5;good
DEBB021;"'2021-06-16 06:00'";6;49;12;4;0.5;good
DEBB021;"'2021-06-16 07:00'";9;46;13;5;0.5;good
DEBB021;"'2021-06-16 08:00'";21;49;15;6;0.5;good
DEBB021;"'2021-06-16 09:00'";20;60;11;5;0.5;good
DEBB021;"'2021-06-16 10:00'";21;67;11;5;0.5;good
DEBB021;"'2021-06-16 11:00'";22;79;7;6;0.5;moderate
DEBB021;"'2021-06-16 12:00'";21;92;6;5;0.5;moderate
DEBB021;"'2021-06-16 13:00'";20;103;5;5;0.5;moderate
DEBB021;"'2021-06-16 14:00'";15;108;5;5;0.5;moderate
DEBB021;"'2021-06-16 15:00'";16;109;5;5;0.5;moderate
DEBB021;"'2021-06-16 16:00'";16;107;4;5;0.5;moderate
DEBB021;"'2021-06-16 17:00'";17;108;5;6;0.5;moderate
DEBB021;"'2021-06-16 18:00'";28;110;4;7;0.5;moderate
DEBB021;"'2021-06-16 19:00'";18;110;6;6;0.5;moderate
DEBB021;"'2021-06-16 20:00'";20;110;5;6;0.5;moderate
DEBB021;"'2021-06-16 21:00'";16;105;7;6;0.5;moderate
DEBB021;"'2021-06-16 22:00'";14;100;8;6;0.5;moderate
DEBB021;"'2021-06-16 23:00'";18;93;9;6;0.5;moderate
DEBB021;"'2021-06-16 24:00'";12;89;8;6;0.5;moderate
DEBB021;"'2021-06-17 01:00'";11;87;7;6;0.5;moderate
DEBB021;"'2021-06-17 02:00'";11;80;10;7;0.5;moderate
DEBB021;"'2021-06-17 03:00'";13;75;11;9;0.5;moderate
DEBB021;"'2021-06-17 04:00'";16;71;12;12;0.5;good
DEBB021;"'2021-06-17 05:00'";21;69;14;16;0.5;moderate
DEBB021;"'2021-06-17 06:00'";24;67;16;20;0.5;moderate
DEBB021;"'2021-06-17 07:00'";29;71;18;23;0.5;moderate
DEBB021;"'2021-06-17 08:00'";32;77;19;23;2;moderate
DEBB021;"'2021-06-17 09:00'";33;89;15;20;2;moderate
DEBB021;"'2021-06-17 10:00'";37;103;11;17;1;moderate
DEBB021;"'2021-06-17 11:00'";30;116;9;14;1;moderate
DEBB021;"'2021-06-17 12:00'";25;129;7;10;1;moderate
DEBB021;"'2021-06-17 13:00'";32;130;7;9;0.5;moderate
DEBB021;"'2021-06-17 14:00'";22;126;6;7;0.5;moderate
DEBB021;"'2021-06-17 15:00'";24;128;6;8;0.5;moderate
DEBB021;"'2021-06-17 16:00'";25;131;6;8;0.5;moderate
DEBB021;"'2021-06-17 17:00'";21;131;6;7;0.5;moderate
DEBB021;"'2021-06-17 18:00'";21;130;7;7;0.5;moderate
DEBB021;"'2021-06-17 19:00'";19;133;5;7;0.5;moderate
DEBB021;"'2021-06-17 20:00'";18;135;7;7;0.5;moderate
DEBB021;"'2021-06-17 21:00'";22;127;8;8;0.5;moderate
DEBB021;"'2021-06-17 22:00'";35;111;12;11;0.5;moderate
DEBB021;"'2021-06-17 23:00'";23;101;15;12;0.5;moderate
DEBB021;"'2021-06-17 24:00'";20;107;12;13;1;moderate
DEBB021;"'2021-06-18 01:00'";22;102;11;14;2;moderate
DEBB021;"'2021-06-18 02:00'";22;98;10;16;0.8;moderate
DEBB021;"'2021-06-18 03:00'";23;94;11;16;1;moderate
DEBB021;"'2021-06-18 04:00'";23;90;11;17;1;moderate
DEBB021;"'2021-06-18 05:00'";25;82;14;19;1;moderate
DEBB021;"'2021-06-18 06:00'";29;75;18;21;1;moderate
DEBB021;"'2021-06-18 07:00'";29;67;29;20;2;moderate
DEBB021;"'2021-06-18 08:00'";40;76;28;19;1;moderate
DEBB021;"'2021-06-18 09:00'";37;98;15;14;0.9;moderate
DEBB021;"'2021-06-18 10:00'";31;109;9;10;0.5;moderate
DEBB021;"'2021-06-18 11:00'";28;112;8;7;0.5;moderate
DEBB021;"'2021-06-18 12:00'";24;115;7;7;0.5;moderate
DEBB021;"'2021-06-18 13:00'";29;119;5;7;0.5;moderate
DEBB021;"'2021-06-18 14:00'";29;120;7;7;0.5;moderate
DEBB021;"'2021-06-18 15:00'";22;119;5;6;0.5;moderate
DEBB021;"'2021-06-18 16:00'";22;120;5;6;0.5;moderate
DEBB021;"'2021-06-18 17:00'";26;120;5;6;0.5;moderate
DEBB021;"'2021-06-18 18:00'";20;121;5;6;0.5;moderate
DEBB021;"'2021-06-18 19:00'";17;121;5;6;0.5;moderate
DEBB021;"'2021-06-18 20:00'";19;122;5;6;0.5;moderate
DEBB021;"'2021-06-18 21:00'";24;116;7;7;0.5;moderate
DEBB021;"'2021-06-18 22:00'";36;102;10;10;0.5;moderate
DEBB021;"'2021-06-18 23:00'";31;92;14;12;0.5;moderate
DEBB021;"'2021-06-18 24:00'";23;97;13;13;0.5;moderate
DEBB021;"'2021-06-19 01:00'";27;102;9;14;0.5;moderate
DEBB021;"'2021-06-19 02:00'";33;83;15;17;0.5;moderate
DEBB021;"'2021-06-19 03:00'";31;78;14;20;0.5;moderate
DEBB021;"'2021-06-19 04:00'";33;73;15;21;0.5;moderate
DEBB021;"'2021-06-19 05:00'";34;63;17;23;0.5;moderate
DEBB021;"'2021-06-19 06:00'";31;60;18;24;0.5;moderate
DEBB021;"'2021-06-19 07:00'";33;66;18;24;0.5;moderate
DEBB021;"'2021-06-19 08:00'";52;79;12;26;0.5;moderate
DEBB021;"'2021-06-19 09:00'";35;90;11;19;0.5;moderate
DEBB021;"'2021-06-19 10:00'";42;109;13;17;0.9;moderate
DEBB021;"'2021-06-19 11:00'";35;135;10;14;1;moderate
DEBB021;"'2021-06-19 12:00'";28;146;8;12;1;poor
DEBB021;"'2021-06-19 13:00'";22;153;8;11;2;poor
DEBB021;"'2021-06-19 14:00'";25;157;8;11;2;poor
DEBB021;"'2021-06-19 15:00'";21;166;6;11;1;poor
DEBB021;"'2021-06-19 16:00'";22;155;5;12;0.5;poor
DEBB021;"'2021-06-19 17:00'";24;153;5;13;0.5;poor
DEBB021;"'2021-06-19 18:00'";26;153;5;13;0.5;poor
DEBB021;"'2021-06-19 19:00'";24;153;4;13;0.5;poor
DEBB021;"'2021-06-19 20:00'";37;120;6;16;0.5;moderate
DEBB021;"'2021-06-19 21:00'";32;81;13;18;0.5;moderate
DEBB021;"'2021-06-19 22:00'";31;78;17;19;0.5;moderate
DEBB021;"'2021-06-19 23:00'";34;68;14;22;0.5;moderate
DEBB021;"'2021-06-19 24:00'";33;73;12;22;0.5;moderate
DEBB021;"'2021-06-20 01:00'";30;71;13;21;0.5;moderate
DEBB021;"'2021-06-20 02:00'";29;79;12;22;0.5;moderate
DEBB021;"'2021-06-20 03:00'";24;100;10;18;0.5;moderate
DEBB021;"'2021-06-20 04:00'";25;101;6;18;0.5;moderate
DEBB021;"'2021-06-20 05:00'";26;87;9;21;0.5;moderate
DEBB021;"'2021-06-20 06:00'";28;72;12;22;0.5;moderate
DEBB021;"'2021-06-20 07:00'";27;76;10;22;1;moderate
DEBB021;"'2021-06-20 08:00'";29;77;9;23;1;moderate
DEBB021;"'2021-06-20 09:00'";31;82;9;23;0.5;moderate
DEBB021;"'2021-06-20 10:00'";30;92;8;21;0.5;moderate
DEBB021;"'2021-06-20 11:00'";27;102;9;18;0.5;moderate
DEBB021;"'2021-06-20 12:00'";29;117;9;16;1;moderate
DEBB021;"'2021-06-20 13:00'";32;120;6;17;0.8;moderate
DEBB021;"'2021-06-20 14:00'";30;114;6;14;0.5;moderate
DEBB021;"'2021-06-20 15:00'";20;118;4;11;0.5;moderate
DEBB021;"'2021-06-20 16:00'";19;113;4;9;0.5;moderate
DEBB021;"'2021-06-20 17:00'";15;107;4;7;0.5;moderate
DEBB021;"'2021-06-20 18:00'";11;105;5;4;0.5;moderate
DEBB021;"'2021-06-20 19:00'";12;106;6;5;0.5;moderate
DEBB021;"'2021-06-20 20:00'";13;103;6;5;0.5;moderate
DEBB021;"'2021-06-20 21:00'";14;96;9;6;0.5;moderate
DEBB021;"'2021-06-20 22:00'";13;92;10;7;0.5;moderate
DEBB021;"'2021-06-20 23:00'";13;94;6;7;0.5;moderate
DEBB021;"'2021-06-20 24:00'";13;94;5;7;0.5;moderate
DEBB021;"'2021-06-21 01:00'";12;93;4;8;0.5;moderate
DEBB021;"'2021-06-21 02:00'";13;85;6;9;0.5;moderate
DEBB021;"'2021-06-21 03:00'";17;87;7;12;0.5;moderate
DEBB021;"'2021-06-21 04:00'";21;101;5;16;0.5;moderate
DEBB021;"'2021-06-21 05:00'";17;91;5;12;0.5;moderate
DEBB021;"'2021-06-21 06:00'";12;74;7;9;0.5;moderate
DEBB021;"'2021-06-21 07:00'";11;77;7;9;0.5;moderate
DEBB021;"'2021-06-21 08:00'";13;71;11;10;0.5;good
DEBB021;"'2021-06-21 09:00'";14;69;12;10;0.5;good
DEBB021;"'2021-06-21 10:00'";15;71;14;10;0.5;good
DEBB021;"'2021-06-21 11:00'";14;82;9;9;0.5;moderate
DEBB021;"'2021-06-21 12:00'";17;84;10;9;0.5;moderate
DEBB021;"'2021-06-21 13:00'";18;88;6;9;0.5;moderate
DEBB021;"'2021-06-21 14:00'";15;94;7;8;0.5;moderate
DEBB021;"'2021-06-21 15:00'";16;100;6;7;0.5;moderate
DEBB021;"'2021-06-21 16:00'";16;103;6;7;0.5;moderate
DEBB021;"'2021-06-21 17:00'";18;108;5;6;0.5;moderate
DEBB021;"'2021-06-21 18:00'";14;109;5;5;0.5;moderate
DEBB021;"'2021-06-21 19:00'";11;105;4;5;0.5;moderate
DEBB021;"'2021-06-21 20:00'";10;99;4;4;0.5;moderate
DEBB021;"'2021-06-21 21:00'";9;100;4;4;0.5;moderate
DEBB021;"'2021-06-21 22:00'";14;92;8;6;0.5;moderate
DEBB021;"'2021-06-21 23:00'";19;78;11;7;0.5;moderate
DEBB021;"'2021-06-21 24:00'";24;74;10;7;0.5;moderate
DEBB021;"'2021-06-22 01:00'";11;67;7;8;0.5;good
DEBB021;"'2021-06-22 02:00'";10;72;5;9;0.5;good
DEBB021;"'2021-06-22 03:00'";12;68;6;10;0.5;good
DEBB021;"'2021-06-22 04:00'";15;57;5;13;0.5;good
DEBB021;"'2021-06-22 05:00'";19;49;6;16;0.5;moderate
DEBB021;"'2021-06-22 06:00'";20;52;5;16;0.5;moderate
DEBB021;"'2021-06-22 07:00'";13;56;6;11;0.5;good
DEBB021;"'2021-06-22 08:00'";5;55;6;5;0.5;good
DEBB021;"'2021-06-22 09:00'";7;52;6;6;0.5;good
DEBB021;"'2021-06-22 10:00'";12;51;6;10;0.5;good
DEBB021;"'2021-06-22 11:00'";13;47;6;10;0.5;good
DEBB021;"'2021-06-22 12:00'";12;44;6;9;0.5;good
DEBB021;"'2021-06-22 13:00'";11;48;6;9;0.5;good
DEBB021;"'2021-06-22 14:00'";12;59;4;9;0.5;good
DEBB021;"'2021-06-22 15:00'";11;71;4;7;0.5;good
DEBB021;"'2021-06-22 16:00'";12;77;4;7;0.5;moderate
DEBB021;"'2021-06-22 17:00'";11;83;4;6;0.5;moderate
DEBB021;"'2021-06-22 18:00'";11;86;3;5;0.5;moderate
DEBB021;"'2021-06-22 19:00'";10;88;4;6;0.5;moderate
DEBB021;"'2021-06-22 20:00'";9;89;4;6;0.5;moderate
DEBB021;"'2021-06-22 21:00'";10;87;4;6;0.5;moderate
DEBB021;"'2021-06-22 22:00'";10;83;4;6;0.5;moderate
DEBB021;"'2021-06-22 23:00'";10;75;6;6;0.5;moderate
DEBB021;"'2021-06-22 24:00'";13;73;5;7;0.5;moderate
DEBB021;"'2021-06-23 01:00'";56;65;6;17;0.5;poor
DEBB021;"'2021-06-23 02:00'";11;54;9;8;0.5;good
DEBB021;"'2021-06-23 03:00'";10;42;24;8;0.5;good
DEBB021;"'2021-06-23 04:00'";11;44;22;9;0.5;good
DEBB021;"'2021-06-23 05:00'";13;47;14;10;0.5;good
DEBB021;"'2021-06-23 06:00'";14;44;13;11;0.5;good
DEBB021;"'2021-06-23 07:00'";15;43;10;12;2;good
DEBB021;"'2021-06-23 08:00'";16;39;13;12;0.5;good
DEBB021;"'2021-06-23 09:00'";19;50;11;11;0.5;good
DEBB021;"'2021-06-23 10:00'";24;61;8;11;0.5;good
DEBB021;"'2021-06-23 11:00'";26;60;8;11;0.5;good
DEBB021;"'2021-06-23 12:00'";22;71;6;11;1;good
DEBB021;"'2021-06-23 13:00'";22;73;7;12;1;moderate
DEBB021;"'2021-06-23 14:00'";21;70;7;13;0.5;good
DEBB021;"'2021-06-23 15:00'";18;71;7;11;0.5;good
DEBB021;"'2021-06-23 16:00'";20;75;6;13;0.5;moderate
DEBB021;"'2021-06-23 17:00'";22;75;6;14;0.5;moderate
DEBB021;"'2021-06-23 18:00'";18;76;5;14;0.5;moderate
DEBB021;"'2021-06-23 19:00'";21;75;5;14;0.5;moderate
DEBB021;"'2021-06-23 20:00'";18;76;5;12;0.5;moderate
DEBB021;"'2021-06-23 21:00'";13;76;4;9;0.5;moderate
DEBB021;"'2021-06-23 22:00'";10;74;4;7;0.5;moderate
DEBB021;"'2021-06-23 23:00'";15;68;6;9;0.5;good
DEBB021;"'2021-06-23 24:00'";14;63;7;9;0.5;good
DEBB021;"'2021-06-24 01:00'";13;59;7;10;0.5;good
DEBB021;"'2021-06-24 02:00'";12;54;7;9;0.5;good
DEBB021;"'2021-06-24 03:00'";12;56;6;10;0.5;good
DEBB021;"'2021-06-24 04:00'";13;56;7;11;0.5;good
DEBB021;"'2021-06-24 05:00'";13;51;8;11;0.5;good
DEBB021;"'2021-06-24 06:00'";13;43;9;11;0.5;good
DEBB021;"'2021-06-24 07:00'";15;41;10;12;0.5;good
DEBB021;"'2021-06-24 08:00'";17;41;11;13;0.5;good
DEBB021;"'2021-06-24 09:00'";18;39;14;14;0.5;good
DEBB021;"'2021-06-24 10:00'";21;39;15;15;0.5;good
DEBB021;"'2021-06-24 11:00'";18;49;14;15;2;good
DEBB021;"'2021-06-24 12:00'";17;52;12;15;2;good
DEBB021;"'2021-06-24 13:00'";18;61;10;15;3;good
DEBB021;"'2021-06-24 14:00'";18;64;8;16;0.9;moderate
DEBB021;"'2021-06-24 15:00'";13;76;6;11;0.5;moderate
DEBB021;"'2021-06-24 16:00'";12;73;7;11;0.5;moderate
DEBB021;"'2021-06-24 17:00'";17;65;11;15;1;good
DEBB021;"'2021-06-24 18:00'";16;67;9;14;0.5;good
DEBB021;"'2021-06-24 19:00'";16;70;7;13;0.5;good
DEBB021;"'2021-06-24 20:00'";17;69;7;14;0.5;good
DEBB021;"'2021-06-24 21:00'";13;67;8;10;0.5;good
DEBB021;"'2021-06-24 22:00'";9;66;9;7;0.5;good
DEBB021;"'2021-06-24 23:00'";10;53;10;8;0.5;good
DEBB021;"'2021-06-24 24:00'";11;45;11;10;0.5;good
DEBB021;"'2021-06-25 01:00'";13;40;16;11;0.5;good
DEBB021;"'2021-06-25 02:00'";13;39;15;11;0.5;good
DEBB021;"'2021-06-25 03:00'";13;35;14;12;0.5;good
DEBB021;"'2021-06-25 04:00'";12;35;18;11;0.5;good
DEBB021;"'2021-06-25 05:00'";14;16;29;12;0.5;good
DEBB021;"'2021-06-25 06:00'";15;24;23;13;0.5;good
DEBB021;"'2021-06-25 07:00'";17;31;20;14;0.5;good
DEBB021;"'2021-06-25 08:00'";18;39;17;14;0.5;good
DEBB021;"'2021-06-25 09:00'";18;51;11;15;0.5;good
DEBB021;"'2021-06-25 10:00'";16;66;9;12;0.5;good
DEBB021;"'2021-06-25 11:00'";15;82;7;11;0.5;moderate
DEBB021;"'2021-06-25 12:00'";15;86;8;11;0.5;moderate
DEBB021;"'2021-06-25 13:00'";16;89;7;11;0.5;moderate
DEBB021;"'2021-06-25 14:00'";12;94;5;8;0.5;moderate
DEBB021;"'2021-06-25 15:00'";10;95;4;7;0.5;moderate
DEBB021;"'2021-06-25 16:00'";10;95;5;7;0.5;moderate
DEBB021;"'2021-06-25 17:00'";17;96;4;7;0.5;moderate
DEBB021;"'2021-06-25 18:00'";11;94;4;6;0.5;moderate
DEBB021;"'2021-06-25 19:00'";10;92;5;7;0.5;moderate
DEBB021;"'2021-06-25 20:00'";12;91;5;8;0.5;moderate
DEBB021;"'2021-06-25 21:00'";13;87;8;10;0.5;moderate
DEBB021;"'2021-06-25 22:00'";14;70;20;10;0.5;good
DEBB021;"'2021-06-25 23:00'";12;76;13;9;0.5;moderate
DEBB021;"'2021-06-25 24:00'";13;74;8;9;0.5;moderate
DEBB021;"'2021-06-26 01:00'";14;63;10;10;0.5;good
DEBB021;"'2021-06-26 02:00'";13;60;9;10;0.5;good
DEBB021;"'2021-06-26 03:00'";14;44;17;11;0.5;good
DEBB021;"'2021-06-26 04:00'";14;42;13;12;0.5;good
DEBB021;"'2021-06-26 05:00'";14;41;12;12;0.5;good
DEBB021;"'2021-06-26 06:00'";15;29;25;12;0.5;good
DEBB021;"'2021-06-26 07:00'";15;53;13;12;0.5;good
DEBB021;"'2021-06-26 08:00'";18;54;12;13;0.5;good
DEBB021;"'2021-06-26 09:00'";13;67;9;10;0.5;good
DEBB021;"'2021-06-26 10:00'";11;87;4;7;0.5;moderate
DEBB021;"'2021-06-26 11:00'";14;100;3;7;0.5;moderate
DEBB021;"'2021-06-26 12:00'";12;105;3;7;0.5;moderate
DEBB021;"'2021-06-26 13:00'";11;104;4;6;0.5;moderate
DEBB021;"'2021-06-26 14:00'";10;106;4;5;0.5;moderate
DEBB021;"'2021-06-26 15:00'";7;106;3;4;0.5;moderate
DEBB021;"'2021-06-26 16:00'";7;106;3;4;0.5;moderate
DEBB021;"'2021-06-26 17:00'";9;107;3;5;0.5;moderate
DEBB021;"'2021-06-26 18:00'";10;108;3;5;0.5;moderate
DEBB021;"'2021-06-26 19:00'";10;106;3;5;0.5;moderate
DEBB021;"'2021-06-26 20:00'";7;101;4;5;0.5;moderate
DEBB021;"'2021-06-26 21:00'";7;94;5;4;0.5;moderate
DEBB021;"'2021-06-26 22:00'";8;82;8;5;0.5;moderate
DEBB021;"'2021-06-26 23:00'";10;72;6;5;0.5;good
DEBB021;"'2021-06-26 24:00'";8;66;7;5;0.5;good
DEBB021;"'2021-06-27 01:00'";8;62;8;6;0.5;good
DEBB021;"'2021-06-27 02:00'";12;57;8;7;0.5;good
DEBB021;"'2021-06-27 03:00'";16;50;8;8;0.5;good
DEBB021;"'2021-06-27 04:00'";10;46;11;8;0.5;good
DEBB021;"'2021-06-27 05:00'";11;40;12;9;0.5;good
DEBB021;"'2021-06-27 06:00'";10;42;11;8;0.5;good
DEBB021;"'2021-06-27 07:00'";10;47;8;9;0.5;good
DEBB021;"'2021-06-27 08:00'";11;55;8;9;0.5;good
DEBB021;"'2021-06-27 09:00'";10;67;7;7;0.5;good
DEBB021;"'2021-06-27 10:00'";9;87;4;5;0.8;moderate
DEBB021;"'2021-06-27 11:00'";6;86;3;4;0.5;moderate
DEBB021;"'2021-06-27 12:00'";6;85;3;4;0.5;moderate
DEBB021;"'2021-06-27 13:00'";5;83;2;3;0.5;moderate
DEBB021;"'2021-06-27 14:00'";6;89;2;4;0.5;moderate
DEBB021;"'2021-06-27 15:00'";6;87;2;3;0.5;moderate
DEBB021;"'2021-06-27 16:00'";6;88;3;3;0.5;moderate
DEBB021;"'2021-06-27 17:00'";8;91;2;4;0.5;moderate
DEBB021;"'2021-06-27 18:00'";8;87;3;4;0.5;moderate
DEBB021;"'2021-06-27 19:00'";7;81;3;4;0.5;moderate
DEBB021;"'2021-06-27 20:00'";7;80;2;4;0.5;moderate
DEBB021;"'2021-06-27 21:00'";8;72;4;4;0.5;good
DEBB021;"'2021-06-27 22:00'";8;60;8;5;0.5;good
DEBB021;"'2021-06-27 23:00'";9;53;6;5;0.5;good
DEBB021;"'2021-06-27 24:00'";13;46;6;6;0.5;good
DEBB021;"'2021-06-28 01:00'";10;39;7;7;0.5;good
DEBB021;"'2021-06-28 02:00'";11;35;12;9;0.5;good
DEBB021;"'2021-06-28 03:00'";12;41;15;10;0.5;good
DEBB021;"'2021-06-28 04:00'";12;40;15;11;0.5;good
DEBB021;"'2021-06-28 05:00'";13;45;13;11;0.5;good
DEBB021;"'2021-06-28 06:00'";14;40;20;12;0.5;good
DEBB021;"'2021-06-28 07:00'";17;40;24;12;0.5;good
DEBB021;"'2021-06-28 08:00'";21;51;29;11;2;good
DEBB021;"'2021-06-28 09:00'";42;64;24;15;3;moderate
DEBB021;"'2021-06-28 10:00'";22;86;16;10;2;moderate
DEBB021;"'2021-06-28 11:00'";16;98;6;6;0.5;moderate
DEBB021;"'2021-06-28 12:00'";15;99;5;5;0.5;moderate
DEBB021;"'2021-06-28 13:00'";13;99;5;5;0.5;moderate
DEBB021;"'2021-06-28 14:00'";18;101;4;5;0.5;moderate
DEBB021;"'2021-06-28 15:00'";16;105;6;5;0.5;moderate
DEBB021;"'2021-06-28 16:00'";15;109;5;5;0.5;moderate
DEBB021;"'2021-06-28 17:00'";13;115;4;5;0.5;moderate
DEBB021;"'2021-06-28 18:00'";13;112;3;5;0.5;moderate
DEBB021;"'2021-06-28 19:00'";16;112;6;6;0.5;moderate
DEBB021;"'2021-06-28 20:00'";15;109;6;6;0.5;moderate
DEBB021;"'2021-06-28 21:00'";18;98;9;7;0.5;moderate
DEBB021;"'2021-06-28 22:00'";28;85;14;9;0.5;moderate
DEBB021;"'2021-06-28 23:00'";27;73;20;11;0.5;moderate
DEBB021;"'2021-06-28 24:00'";21;74;19;10;1;moderate
DEBB021;"'2021-06-29 01:00'";19;67;18;11;1;good
DEBB021;"'2021-06-29 02:00'";20;61;19;12;1;good
DEBB021;"'2021-06-29 03:00'";18;60;20;13;1;good
DEBB021;"'2021-06-29 04:00'";19;59;17;15;1;good
DEBB021;"'2021-06-29 05:00'";25;69;13;16;1;moderate
DEBB021;"'2021-06-29 06:00'";25;62;16;19;0.5;moderate
DEBB021;"'2021-06-29 07:00'";34;58;19;22;0.9;moderate
DEBB021;"'2021-06-29 08:00'";37;70;16;19;2;moderate
DEBB021;"'2021-06-29 09:00'";23;91;11;15;2;moderate
DEBB021;"'2021-06-29 10:00'";32;101;11;16;2;moderate
DEBB021;"'2021-06-29 11:00'";27;119;9;14;1;moderate
DEBB021;"'2021-06-29 12:00'";26;132;11;15;1;moderate
DEBB021;"'2021-06-29 13:00'";32;127;10;16;1;moderate
DEBB021;"'2021-06-29 14:00'";21;108;8;12;0.8;moderate
DEBB021;"'2021-06-29 15:00'";16;101;7;9;0.5;moderate
DEBB021;"'2021-06-29 16:00'";15;100;6;9;0.5;moderate
DEBB021;"'2021-06-29 17:00'";16;101;6;10;0.5;moderate
DEBB021;"'2021-06-29 18:00'";16;106;6;10;0.5;moderate
DEBB021;"'2021-06-29 19:00'";15;107;5;11;0.5;moderate
DEBB021;"'2021-06-29 20:00'";15;112;5;12;0.5;moderate
DEBB021;"'2021-06-29 21:00'";12;105;6;8;0.5;moderate
DEBB021;"'2021-06-29 22:00'";11;93;6;10;0.5;moderate
DEBB021;"'2021-06-29 23:00'";14;77;7;12;0.5;moderate
DEBB021;"'2021-06-29 24:00'";15;74;9;13;0.5;moderate
DEBB021;"'2021-06-30 01:00'";16;64;9;13;0.5;good
DEBB021;"'2021-06-30 02:00'";16;62;8;14;0.5;good
DEBB021;"'2021-06-30 03:00'";18;55;9;16;2;moderate
DEBB021;"'2021-06-30 04:00'";19;45;11;16;0.5;moderate
DEBB021;"'2021-06-30 05:00'";22;45;10;19;0.5;moderate
DEBB021;"'2021-06-30 06:00'";24;46;10;21;0.5;moderate
DEBB021;"'2021-06-30 07:00'";19;42;13;17;0.5;moderate
DEBB021;"'2021-06-30 08:00'";16;43;11;16;0.5;moderate
DEBB021;"'2021-06-30 09:00'";18;45;13;17;0.5;moderate
DEBB021;"'2021-06-30 10:00'";15;47;10;15;0.5;good
DEBB021;"'2021-06-30 11:00'";19;55;11;18;0.5;moderate
DEBB021;"'2021-06-30 12:00'";17;63;10;16;0.5;moderate
DEBB021;"'2021-06-30 13:00'";15;71;8;14;0.5;good
DEBB021;"'2021-06-30 14:00'";11;64;12;10;0.5;good
DEBB021;"'2021-06-30 15:00'";7;56;10;6;0.5;good
DEBB021;"'2021-06-30 16:00'";7;47;9;7;0.5;good
DEBB021;"'2021-06-30 17:00'";9;51;8;9;0.5;good
DEBB021;"'2021-06-30 18:00'";10;61;7;9;0.5;good
DEBB021;"'2021-06-30 19:00'";9;59;7;8;0.5;good
DEBB021;"'2021-06-30 20:00'";10;56;8;8;0.5;good
DEBB021;"'2021-06-30 21:00'";10;56;8;8;0.5;good
DEBB021;"'2021-06-30 22:00'";10;53;7;8;0.5;good
DEBB021;"'2021-06-30 23:00'";13;48;7;10;0.5;good
DEBB021;"'2021-06-30 24:00'";17;47;6;13;0.5;good
DEBB021;"'2021-07-01 01:00'";17;46;6;13;0.5;good
DEBB021;"'2021-07-01 02:00'";19;41;6;15;0.5;good
DEBB021;"'2021-07-01 03:00'";21;37;7;16;0.5;moderate
DEBB021;"'2021-07-01 04:00'";19;40;6;15;0.5;good
DEBB021;"'2021-07-01 05:00'";16;41;6;12;0.5;good
DEBB021;"'2021-07-01 06:00'";8;43;5;6;0.5;good
DEBB021;"'2021-07-01 07:00'";3;53;5;2;0.5;good
DEBB021;"'2021-07-01 08:00'";2;51;7;0.8;0.5;good
DEBB021;"'2021-07-01 09:00'";2;48;7;1;0.5;good
DEBB021;"'2021-07-01 10:00'";1;48;7;1;0.5;good
DEBB021;"'2021-07-01 11:00'";3;49;7;2;0.5;good
DEBB021;"'2021-07-01 12:00'";4;47;8;3;0.5;good
DEBB021;"'2021-07-01 13:00'";6;44;10;6;0.5;good
DEBB021;"'2021-07-01 14:00'";7;44;11;7;0.5;good
DEBB021;"'2021-07-01 15:00'";10;41;11;9;0.5;good
DEBB021;"'2021-07-01 16:00'";8;41;10;7;0.5;good
DEBB021;"'2021-07-01 17:00'";6;42;11;5;0.5;good
DEBB021;"'2021-07-01 18:00'";7;46;9;6;0.5;good
DEBB021;"'2021-07-01 19:00'";8;40;11;7;0.5;good
DEBB021;"'2021-07-01 20:00'";10;37;13;8;0.5;good
DEBB021;"'2021-07-01 21:00'";9;37;11;7;0.5;good
DEBB021;"'2021-07-01 22:00'";9;35;12;7;0.5;good
DEBB021;"'2021-07-01 23:00'";9;34;10;7;0.5;good
DEBB021;"'2021-07-01 24:00'";6;31;8;5;0.5;good
DEBB021;"'2021-07-02 01:00'";6;26;10;5;0.5;good
DEBB021;"'2021-07-02 02:00'";17;24;9;13;0.5;good
DEBB021;"'2021-07-02 03:00'";22;23;9;15;0.5;good
DEBB021;"'2021-07-02 04:00'";20;28;8;15;0.5;good
DEBB021;"'2021-07-02 05:00'";18;40;5;14;0.5;good
DEBB021;"'2021-07-02 06:00'";20;41;7;15;0.5;good
DEBB021;"'2021-07-02 07:00'";24;34;9;18;0.5;moderate
DEBB021;"'2021-07-02 08:00'";25;26;13;19;0.5;moderate
DEBB021;"'2021-07-02 09:00'";22;41;6;17;0.5;moderate
DEBB021;"'2021-07-02 10:00'";20;50;6;14;0.5;good
DEBB021;"'2021-07-02 11:00'";20;59;4;11;0.5;good
DEBB021;"'2021-07-02 12:00'";16;70;3;8;0.5;good
DEBB021;"'2021-07-02 13:00'";17;71;3;8;0.5;good
DEBB021;"'2021-07-02 14:00'";13;76;3;7;0.5;moderate
DEBB021;"'2021-07-02 15:00'";12;78;3;7;0.5;moderate
DEBB021;"'2021-07-02 16:00'";17;80;3;8;0.5;moderate
DEBB021;"'2021-07-02 17:00'";20;80;4;9;0.5;moderate
DEBB021;"'2021-07-02 18:00'";16;85;3;8;0.5;moderate
DEBB021;"'2021-07-02 19:00'";12;87;3;7;0.5;moderate
DEBB021;"'2021-07-02 20:00'";12;87;4;7;0.5;moderate
DEBB021;"'2021-07-02 21:00'";13;81;6;8;0.5;moderate
DEBB021;"'2021-07-02 22:00'";14;78;6;9;0.5;moderate
DEBB021;"'2021-07-02 23:00'";14;72;6;10;0.5;good
DEBB021;"'2021-07-02 24:00'";14;63;7;11;0.5;good
DEBB021;"'2021-07-03 01:00'";15;59;8;12;0.5;good
DEBB021;"'2021-07-03 02:00'";18;51;10;15;0.5;good
DEBB021;"'2021-07-03 03:00'";19;47;9;16;0.5;moderate
DEBB021;"'2021-07-03 04:00'";20;42;9;17;0.5;moderate
DEBB021;"'2021-07-03 05:00'";20;39;11;17;0.5;moderate
DEBB021;"'2021-07-03 06:00'";21;34;13;18;0.5;moderate
DEBB021;"'2021-07-03 07:00'";22;34;12;19;0.5;moderate
DEBB021;"'2021-07-03 08:00'";23;41;10;20;0.5;moderate
DEBB021;"'2021-07-03 09:00'";24;52;8;20;0.5;moderate
DEBB021;"'2021-07-03 10:00'";23;65;7;18;0.5;moderate
DEBB021;"'2021-07-03 11:00'";20;80;5;15;0.5;moderate
DEBB021;"'2021-07-03 12:00'";14;88;5;11;0.5;moderate
DEBB021;"'2021-07-03 13:00'";13;92;4;9;0.5;moderate
DEBB021;"'2021-07-03 14:00'";11;95;5;8;0.5;moderate
DEBB021;"'2021-07-03 15:00'";11;98;4;7;0.5;moderate
DEBB021;"'2021-07-03 16:00'";12;98;4;7;0.5;moderate
DEBB021;"'2021-07-03 17:00'";12;99;3;7;0.5;moderate
DEBB021;"'2021-07-03 18:00'";12;99;3;6;0.5;moderate
DEBB021;"'2021-07-03 19:00'";12;96;4;6;0.5;moderate
DEBB021;"'2021-07-03 20:00'";12;94;3;6;0.5;moderate
DEBB021;"'2021-07-03 21:00'";10;85;5;6;0.5;moderate
DEBB021;"'2021-07-03 22:00'";11;77;7;6;0.5;moderate
DEBB021;"'2021-07-03 23:00'";11;70;9;7;0.5;good
DEBB021;"'2021-07-03 24:00'";13;58;12;9;0.5;good
DEBB021;"'2021-07-04 01:00'";14;31;23;11;0.5;good
DEBB021;"'2021-07-04 02:00'";14;26;20;11;0.5;good
DEBB021;"'2021-07-04 03:00'";14;19;19;11;0.5;good
DEBB021;"'2021-07-04 04:00'";15;14;23;12;0.5;good
DEBB021;"'2021-07-04 05:00'";20;6;28;17;0.5;moderate
DEBB021;"'2021-07-04 06:00'";21;9;19;18;0.5;moderate
DEBB021;"'2021-07-04 07:00'";19;13;16;17;0.5;moderate
DEBB021;"'2021-07-04 08:00'";19;34;14;15;0.5;good
DEBB021;"'2021-07-04 09:00'";12;68;9;8;0.9;good
DEBB021;"'2021-07-04 10:00'";9;86;5;6;0.5;moderate
DEBB021;"'2021-07-04 11:00'";9;100;4;6;0.5;moderate
DEBB021;"'2021-07-04 12:00'";9;105;4;6;0.5;moderate
DEBB021;"'2021-07-04 13:00'";10;108;4;7;0.5;moderate
DEBB021;"'2021-07-04 14:00'";9;111;4;7;0.5;moderate
DEBB021;"'2021-07-04 15:00'";9;114;4;7;0.5;moderate
DEBB021;"'2021-07-04 16:00'";9;119;4;7;0.5;moderate
DEBB021;"'2021-07-04 17:00'";10;124;5;7;0.5;moderate
DEBB021;"'2021-07-04 18:00'";11;125;5;8;0.5;moderate
DEBB021;"'2021-07-04 19:00'";12;118;5;8;0.5;moderate
DEBB021;"'2021-07-04 20:00'";12;114;6;9;0.5;moderate
DEBB021;"'2021-07-04 21:00'";14;108;7;10;0.9;moderate
DEBB021;"'2021-07-04 22:00'";16;99;11;11;1;moderate
DEBB021;"'2021-07-04 23:00'";16;90;11;12;1;moderate
DEBB021;"'2021-07-04 24:00'";16;81;11;13;0.5;moderate
DEBB021;"'2021-07-05 01:00'";18;73;11;15;0.5;moderate
DEBB021;"'2021-07-05 02:00'";18;72;11;15;0.5;good
DEBB021;"'2021-07-05 03:00'";21;64;14;18;0.5;moderate
DEBB021;"'2021-07-05 04:00'";22;59;15;20;0.5;moderate
DEBB021;"'2021-07-05 05:00'";22;56;13;19;0.5;moderate
DEBB021;"'2021-07-05 06:00'";23;55;13;19;0.5;moderate
DEBB021;"'2021-07-05 07:00'";20;59;13;17;0.5;moderate
DEBB021;"'2021-07-05 08:00'";16;67;10;14;0.5;good
DEBB021;"'2021-07-05 09:00'";12;67;11;10;0.5;good
DEBB021;"'2021-07-05 10:00'";12;56;14;10;0.5;good
DEBB021;"'2021-07-05 11:00'";11;57;16;9;0.5;good
DEBB021;"'2021-07-05 12:00'";9;60;12;8;0.5;good
DEBB021;"'2021-07-05 13:00'";8;69;9;7;0.5;good
DEBB021;"'2021-07-05 14:00'";8;74;7;7;0.5;moderate
DEBB021;"'2021-07-05 15:00'";8;81;6;6;0.5;moderate
DEBB021;"'2021-07-05 16:00'";8;81;7;5;0.5;moderate
DEBB021;"'2021-07-05 17:00'";7;77;6;3;0.5;moderate
DEBB021;"'2021-07-05 18:00'";7;67;5;2;0.5;good
DEBB021;"'2021-07-05 19:00'";4;66;5;1;0.5;good
DEBB021;"'2021-07-05 20:00'";5;69;3;3;0.5;good
DEBB021;"'2021-07-05 21:00'";6;69;4;3;0.5;good
DEBB021;"'2021-07-05 22:00'";6;62;9;3;0.5;good
DEBB021;"'2021-07-05 23:00'";5;51;9;4;0.5;good
DEBB021;"'2021-07-05 24:00'";5;40;13;4;0.5;good
DEBB021;"'2021-07-06 01:00'";5;33;15;4;0.5;good
DEBB021;"'2021-07-06 02:00'";5;34;11;4;0.5;good
DEBB021;"'2021-07-06 03:00'";5;32;12;4;0.5;good
DEBB021;"'2021-07-06 04:00'";5;26;16;4;0.5;good
DEBB021;"'2021-07-06 05:00'";5;22;17;4;0.5;good
DEBB021;"'2021-07-06 06:00'";6;18;21;5;0.5;good
DEBB021;"'2021-07-06 07:00'";7;22;18;6;0.5;good
DEBB021;"'2021-07-06 08:00'";8;29;13;6;0.5;good
DEBB021;"'2021-07-06 09:00'";10;41;10;5;0.5;good
DEBB021;"'2021-07-06 10:00'";8;54;8;4;0.8;good
DEBB021;"'2021-07-06 11:00'";9;61;9;3;0.5;good
DEBB021;"'2021-07-06 12:00'";8;68;7;3;0.9;good
DEBB021;"'2021-07-06 13:00'";9;72;5;3;0.5;good
DEBB021;"'2021-07-06 14:00'";9;73;7;2;0.5;moderate
DEBB021;"'2021-07-06 15:00'";9;74;9;2;0.5;moderate
DEBB021;"'2021-07-06 16:00'";8;74;8;2;0.5;moderate
DEBB021;"'2021-07-06 17:00'";9;74;8;2;0.5;moderate
DEBB021;"'2021-07-06 18:00'";14;69;10;4;0.5;good
DEBB021;"'2021-07-06 19:00'";7;67;9;3;0.5;good
DEBB021;"'2021-07-06 20:00'";7;64;10;4;0.5;good
DEBB021;"'2021-07-06 21:00'";6;59;9;4;0.5;good
DEBB021;"'2021-07-06 22:00'";4;61;9;3;0.5;good
DEBB021;"'2021-07-06 23:00'";5;60;6;3;0.5;good
DEBB021;"'2021-07-06 24:00'";4;54;7;3;0.5;good
DEBB021;"'2021-07-07 01:00'";5;53;9;3;0.5;good
DEBB021;"'2021-07-07 02:00'";5;58;7;3;0.5;good
DEBB021;"'2021-07-07 03:00'";5;51;10;4;0.5;good
DEBB021;"'2021-07-07 04:00'";5;42;10;4;0.5;good
DEBB021;"'2021-07-07 05:00'";6;44;6;4;0.5;good
DEBB021;"'2021-07-07 06:00'";7;32;10;5;0.5;good
DEBB021;"'2021-07-07 07:00'";8;23;14;6;0.5;good
DEBB021;"'2021-07-07 08:00'";9;28;14;7;0.5;good
DEBB021;"'2021-07-07 09:00'";9;25;22;7;0.5;good
DEBB021;"'2021-07-07 10:00'";9;34;19;7;0.5;good
DEBB021;"'2021-07-07 11:00'";7;41;14;6;0.5;good
DEBB021;"'2021-07-07 12:00'";7;45;13;6;0.5;good
DEBB021;"'2021-07-07 13:00'";8;49;11;6;0.5;good
DEBB021;"'2021-07-07 14:00'";7;59;6;6;0.5;good
DEBB021;"'2021-07-07 15:00'";5;64;7;4;0.5;good
DEBB021;"'2021-07-07 16:00'";5;64;6;4;0.5;good
DEBB021;"'2021-07-07 17:00'";6;69;5;4;0.5;good
DEBB021;"'2021-07-07 18:00'";6;73;4;4;0.5;moderate
DEBB021;"'2021-07-07 19:00'";7;75;4;5;0.5;moderate
DEBB021;"'2021-07-07 20:00'";5;73;3;4;0.5;moderate
DEBB021;"'2021-07-07 21:00'";5;71;4;4;0.5;good
DEBB021;"'2021-07-07 22:00'";5;58;7;4;0.5;good
DEBB021;"'2021-07-07 23:00'";8;44;9;6;0.5;good
DEBB021;"'2021-07-07 24:00'";9;31;13;7;0.5;good
DEBB021;"'2021-07-08 01:00'";11;28;15;9;0.5;good
DEBB021;"'2021-07-08 02:00'";11;30;12;9;0.5;good
DEBB021;"'2021-07-08 03:00'";12;30;13;9;0.5;good
DEBB021;"'2021-07-08 04:00'";11;29;11;9;0.5;good
DEBB021;"'2021-07-08 05:00'";12;26;12;9;0.5;good
DEBB021;"'2021-07-08 06:00'";14;23;14;10;0.5;good
DEBB021;"'2021-07-08 07:00'";14;25;19;11;0.5;good
DEBB021;"'2021-07-08 08:00'";15;27;27;11;0.5;good
DEBB021;"'2021-07-08 09:00'";16;25;29;12;0.5;good
DEBB021;"'2021-07-08 10:00'";15;30;23;11;0.5;good
DEBB021;"'2021-07-08 11:00'";11;49;16;8;0.5;good
DEBB021;"'2021-07-08 12:00'";10;52;16;8;0.5;good
DEBB021;"'2021-07-08 13:00'";12;53;17;8;0.5;good
DEBB021;"'2021-07-08 14:00'";12;58;17;8;0.5;good
DEBB021;"'2021-07-08 15:00'";13;66;13;9;0.5;good
DEBB021;"'2021-07-08 16:00'";13;56;16;10;0.5;good
DEBB021;"'2021-07-08 17:00'";13;55;19;10;0.5;good
DEBB021;"'2021-07-08 18:00'";14;54;17;10;0.5;good
DEBB021;"'2021-07-08 19:00'";14;55;12;10;0.5;good
DEBB021;"'2021-07-08 20:00'";14;53;12;10;0.5;good
DEBB021;"'2021-07-08 21:00'";13;54;12;10;0.5;good
DEBB021;"'2021-07-08 22:00'";14;51;8;10;0.5;good
DEBB021;"'2021-07-08 23:00'";14;48;8;10;0.5;good
DEBB021;"'2021-07-08 24:00'";15;43;7;11;0.5;good
DEBB021;"'2021-07-09 01:00'";15;40;6;11;0.5;good
DEBB021;"'2021-07-09 02:00'";14;40;6;10;0.5;good
DEBB021;"'2021-07-09 03:00'";12;45;5;9;0.5;good
DEBB021;"'2021-07-09 04:00'";12;44;5;9;0.5;good
DEBB021;"'2021-07-09 05:00'";11;43;6;8;0.5;good
DEBB021;"'2021-07-09 06:00'";12;36;7;9;0.5;good
DEBB021;"'2021-07-09 07:00'";14;30;10;10;0.5;good
DEBB021;"'2021-07-09 08:00'";13;35;9;10;0.5;good
DEBB021;"'2021-07-09 09:00'";11;39;11;9;0.5;good
DEBB021;"'2021-07-09 10:00'";9;41;11;8;0.5;good
DEBB021;"'2021-07-09 11:00'";8;46;12;8;0.5;good
DEBB021;"'2021-07-09 12:00'";10;48;10;9;0.5;good
DEBB021;"'2021-07-09 13:00'";11;54;9;9;0.5;good
DEBB021;"'2021-07-09 14:00'";10;49;13;8;0.5;good
DEBB021;"'2021-07-09 15:00'";10;45;14;8;0.5;good
DEBB021;"'2021-07-09 16:00'";7;51;8;6;0.5;good
DEBB021;"'2021-07-09 17:00'";3;61;6;3;0.5;good
DEBB021;"'2021-07-09 18:00'";3;70;4;2;0.5;good
DEBB021;"'2021-07-09 19:00'";3;77;3;2;0.5;moderate
DEBB021;"'2021-07-09 20:00'";5;66;4;4;0.5;good
DEBB021;"'2021-07-09 21:00'";6;63;3;5;0.5;good
DEBB021;"'2021-07-09 22:00'";6;61;4;5;0.5;good
DEBB021;"'2021-07-09 23:00'";5;63;4;4;0.5;good
DEBB021;"'2021-07-09 24:00'";6;60;4;5;0.5;good
DEBB021;"'2021-07-10 01:00'";5;55;3;4;0.5;good
DEBB021;"'2021-07-10 02:00'";6;56;3;5;0.5;good
DEBB021;"'2021-07-10 03:00'";7;57;3;6;0.5;good
DEBB021;"'2021-07-10 04:00'";8;56;4;7;0.5;good
DEBB021;"'2021-07-10 05:00'";11;52;4;9;0.5;good
DEBB021;"'2021-07-10 06:00'";11;53;4;10;0.5;good
DEBB021;"'2021-07-10 07:00'";12;49;6;10;0.5;good
DEBB021;"'2021-07-10 08:00'";13;48;7;11;0.5;good
DEBB021;"'2021-07-10 09:00'";13;51;6;11;0.5;good
DEBB021;"'2021-07-10 10:00'";13;60;3;10;0.5;good
DEBB021;"'2021-07-10 11:00'";16;72;3;10;0.5;good
DEBB021;"'2021-07-10 12:00'";15;82;3;10;0.5;moderate
DEBB021;"'2021-07-10 13:00'";13;84;3;8;0.5;moderate
DEBB021;"'2021-07-10 14:00'";12;86;4;7;0.5;moderate
DEBB021;"'2021-07-10 15:00'";11;89;4;7;0.5;moderate
DEBB021;"'2021-07-10 16:00'";9;91;4;6;0.5;moderate
DEBB021;"'2021-07-10 17:00'";9;93;3;5;0.5;moderate
DEBB021;"'2021-07-10 18:00'";9;95;4;6;0.5;moderate
DEBB021;"'2021-07-10 19:00'";9;95;3;6;0.5;moderate
DEBB021;"'2021-07-10 20:00'";10;88;5;7;0.5;moderate
DEBB021;"'2021-07-10 21:00'";13;80;7;9;0.5;moderate
DEBB021;"'2021-07-10 22:00'";15;53;15;11;0.5;good
DEBB021;"'2021-07-10 23:00'";19;38;20;15;0.5;good
DEBB021;"'2021-07-10 24:00'";21;31;23;18;0.5;moderate
DEBB021;"'2021-07-11 01:00'";23;32;19;19;0.5;moderate
DEBB021;"'2021-07-11 02:00'";23;29;18;20;0.5;moderate
DEBB021;"'2021-07-11 03:00'";22;35;15;19;0.5;moderate
DEBB021;"'2021-07-11 04:00'";22;32;13;18;0.5;moderate
DEBB021;"'2021-07-11 05:00'";22;33;12;18;0.5;moderate
DEBB021;"'2021-07-11 06:00'";22;33;11;18;0.5;moderate
DEBB021;"'2021-07-11 07:00'";21;36;9;18;0.5;moderate
DEBB021;"'2021-07-11 08:00'";20;43;8;17;0.9;moderate
DEBB021;"'2021-07-11 09:00'";17;53;7;12;2;good
DEBB021;"'2021-07-11 10:00'";16;70;5;8;1;good
DEBB021;"'2021-07-11 11:00'";12;88;4;6;2;moderate
DEBB021;"'2021-07-11 12:00'";11;95;5;6;2;moderate
DEBB021;"'2021-07-11 13:00'";10;97;3;5;0.5;moderate
DEBB021;"'2021-07-11 14:00'";8;98;4;4;0.5;moderate
DEBB021;"'2021-07-11 15:00'";7;99;3;4;0.5;moderate
DEBB021;"'2021-07-11 16:00'";8;102;4;4;0.5;moderate
DEBB021;"'2021-07-11 17:00'";8;103;4;5;0.5;moderate
DEBB021;"'2021-07-11 18:00'";8;99;4;5;0.5;moderate
DEBB021;"'2021-07-11 19:00'";8;97;4;6;0.5;moderate
DEBB021;"'2021-07-11 20:00'";10;92;6;6;0.5;moderate
DEBB021;"'2021-07-11 21:00'";11;89;7;6;0.5;moderate
DEBB021;"'2021-07-11 22:00'";12;83;9;7;0.8;moderate
DEBB021;"'2021-07-11 23:00'";14;74;10;8;0.5;moderate
DEBB021;"'2021-07-11 24:00'";16;71;6;9;0.5;good
DEBB021;"'2021-07-12 01:00'";14;62;7;11;0.5;good
DEBB021;"'2021-07-12 02:00'";16;55;7;13;0.5;good
DEBB021;"'2021-07-12 03:00'";15;51;7;13;0.5;good
DEBB021;"'2021-07-12 04:00'";15;50;7;13;0.5;good
DEBB021;"'2021-07-12 05:00'";14;53;8;12;0.5;good
DEBB021;"'2021-07-12 06:00'";15;53;11;13;0.5;good
DEBB021;"'2021-07-12 07:00'";17;49;15;15;0.5;good
DEBB021;"'2021-07-12 08:00'";16;50;16;14;0.5;good
DEBB021;"'2021-07-12 09:00'";12;59;18;10;0.8;good
DEBB021;"'2021-07-12 10:00'";10;68;13;9;1;good
DEBB021;"'2021-07-12 11:00'";12;80;10;10;1;moderate
DEBB021;"'2021-07-12 12:00'";13;93;9;11;1;moderate
DEBB021;"'2021-07-12 13:00'";12;97;9;10;0.9;moderate
DEBB021;"'2021-07-12 14:00'";12;99;7;9;0.5;moderate
DEBB021;"'2021-07-12 15:00'";13;94;7;11;0.8;moderate
DEBB021;"'2021-07-12 16:00'";15;104;7;12;1;moderate
DEBB021;"'2021-07-12 17:00'";16;104;7;12;1;moderate
DEBB021;"'2021-07-12 18:00'";14;101;8;11;0.9;moderate
DEBB021;"'2021-07-12 19:00'";13;102;7;11;1;moderate
DEBB021;"'2021-07-12 20:00'";14;92;10;11;0.8;moderate
DEBB021;"'2021-07-12 21:00'";13;86;11;11;1;moderate
DEBB021;"'2021-07-12 22:00'";14;81;11;12;1;moderate
DEBB021;"'2021-07-12 23:00'";16;65;13;14;0.5;good
DEBB021;"'2021-07-12 24:00'";17;54;15;15;0.5;good
DEBB021;"'2021-07-13 01:00'";19;43;17;16;0.5;moderate
DEBB021;"'2021-07-13 02:00'";19;34;20;17;0.5;moderate
DEBB021;"'2021-07-13 03:00'";19;32;17;17;0.5;moderate
DEBB021;"'2021-07-13 04:00'";19;32;15;17;0.5;moderate
DEBB021;"'2021-07-13 05:00'";19;29;16;17;0.5;moderate
DEBB021;"'2021-07-13 06:00'";20;23;21;18;0.5;moderate
DEBB021;"'2021-07-13 07:00'";21;31;21;19;0.5;moderate
DEBB021;"'2021-07-13 08:00'";20;39;19;18;0.5;moderate
DEBB021;"'2021-07-13 09:00'";15;51;19;12;0.5;good
DEBB021;"'2021-07-13 10:00'";13;71;17;8;1;good
DEBB021;"'2021-07-13 11:00'";13;87;15;5;3;moderate
DEBB021;"'2021-07-13 12:00'";10;103;9;5;3;moderate
DEBB021;"'2021-07-13 13:00'";10;105;6;5;2;moderate
DEBB021;"'2021-07-13 14:00'";10;104;5;5;2;moderate
DEBB021;"'2021-07-13 15:00'";9;101;5;5;0.9;moderate
DEBB021;"'2021-07-13 16:00'";12;109;6;6;0.5;moderate
DEBB021;"'2021-07-13 17:00'";13;116;8;7;0.8;moderate
DEBB021;"'2021-07-13 18:00'";12;115;8;7;1;moderate
DEBB021;"'2021-07-13 19:00'";10;115;7;6;1;moderate
DEBB021;"'2021-07-13 20:00'";12;112;8;7;1;moderate
DEBB021;"'2021-07-13 21:00'";17;98;12;9;0.9;moderate
DEBB021;"'2021-07-13 22:00'";17;84;15;10;0.5;moderate
DEBB021;"'2021-07-13 23:00'";19;76;15;12;0.5;moderate
DEBB021;"'2021-07-13 24:00'";19;75;12;12;0.5;moderate
DEBB021;"'2021-07-14 01:00'";21;89;10;12;0.9;moderate
DEBB021;"'2021-07-14 02:00'";11;96;5;8;0.5;moderate
DEBB021;"'2021-07-14 03:00'";10;87;5;7;0.5;moderate
DEBB021;"'2021-07-14 04:00'";11;73;6;8;0.5;moderate
DEBB021;"'2021-07-14 05:00'";13;60;7;9;0.5;good
DEBB021;"'2021-07-14 06:00'";15;54;8;11;0.5;good
DEBB021;"'2021-07-14 07:00'";21;47;11;15;0.5;good
DEBB021;"'2021-07-14 08:00'";24;38;16;17;0.5;moderate
DEBB021;"'2021-07-14 09:00'";22;37;12;17;0.5;moderate
DEBB021;"'2021-07-14 10:00'";22;36;9;16;0.5;moderate
DEBB021;"'2021-07-14 11:00'";22;39;11;16;0.5;moderate
DEBB021;"'2021-07-14 12:00'";22;48;9;16;0.5;moderate
DEBB021;"'2021-07-14 13:00'";19;51;10;14;0.8;good
DEBB021;"'2021-07-14 14:00'";17;61;7;12;0.5;good
DEBB021;"'2021-07-14 15:00'";17;63;7;11;0.5;good
DEBB021;"'2021-07-14 16:00'";15;68;8;9;0.5;good
DEBB021;"'2021-07-14 17:00'";12;80;6;8;0.5;moderate
DEBB021;"'2021-07-14 18:00'";13;79;5;9;0.5;moderate
DEBB021;"'2021-07-14 19:00'";13;78;6;8;0.5;moderate
DEBB021;"'2021-07-14 20:00'";11;80;6;7;0.5;moderate
DEBB021;"'2021-07-14 21:00'";13;81;5;10;2;moderate
DEBB021;"'2021-07-14 22:00'";16;70;8;13;4;good
DEBB021;"'2021-07-14 23:00'";16;58;9;13;3;good
DEBB021;"'2021-07-14 24:00'";15;47;12;12;1;good
DEBB021;"'2021-07-15 01:00'";14;38;12;11;0.5;good
DEBB021;"'2021-07-15 02:00'";12;38;12;10;0.5;good
DEBB021;"'2021-07-15 03:00'";12;30;14;10;0.5;good
DEBB021;"'2021-07-15 04:00'";12;25;19;9;0.5;good
DEBB021;"'2021-07-15 05:00'";9;32;19;7;0.5;good
DEBB021;"'2021-07-15 06:00'";9;32;15;7;0.5;good
DEBB021;"'2021-07-15 07:00'";9;34;14;7;0.5;good
DEBB021;"'2021-07-15 08:00'";9;40;13;7;0.5;good
DEBB021;"'2021-07-15 09:00'";8;46;13;5;1;good
DEBB021;"'2021-07-15 10:00'";8;54;8;4;1;good
DEBB021;"'2021-07-15 11:00'";6;71;5;3;0.5;good
DEBB021;"'2021-07-15 12:00'";13;80;5;4;0.8;moderate
DEBB021;"'2021-07-15 13:00'";11;93;4;4;1;moderate
DEBB021;"'2021-07-15 14:00'";9;97;4;4;0.5;moderate
DEBB021;"'2021-07-15 15:00'";10;100;4;4;0.5;moderate
DEBB021;"'2021-07-15 16:00'";11;102;5;5;0.5;moderate
DEBB021;"'2021-07-15 17:00'";11;103;5;5;0.5;moderate
DEBB021;"'2021-07-15 18:00'";10;106;4;4;0.5;moderate
DEBB021;"'2021-07-15 19:00'";8;101;5;4;0.5;moderate
DEBB021;"'2021-07-15 20:00'";11;96;7;5;0.5;moderate
DEBB021;"'2021-07-15 21:00'";14;76;15;7;0.5;moderate
DEBB021;"'2021-07-15 22:00'";15;66;18;9;0.5;good
DEBB021;"'2021-07-15 23:00'";12;56;18;8;0.5;good
DEBB021;"'2021-07-15 24:00'";12;42;18;8;0.5;good
DEBB021;"'2021-07-16 01:00'";14;29;20;10;0.5;good
DEBB021;"'2021-07-16 02:00'";15;28;21;11;0.5;good
DEBB021;"'2021-07-16 03:00'";14;26;16;11;0.5;good
DEBB021;"'2021-07-16 04:00'";14;24;19;11;0.5;good
DEBB021;"'2021-07-16 05:00'";13;24;20;11;0.5;good
DEBB021;"'2021-07-16 06:00'";15;33;18;12;0.5;good
DEBB021;"'2021-07-16 07:00'";15;38;15;12;0.5;good
DEBB021;"'2021-07-16 08:00'";16;46;11;13;0.5;good
DEBB021;"'2021-07-16 09:00'";17;57;7;13;0.5;good
DEBB021;"'2021-07-16 10:00'";16;70;7;11;0.5;good
DEBB021;"'2021-07-16 11:00'";16;89;5;10;0.5;moderate
DEBB021;"'2021-07-16 12:00'";17;99;4;10;0.5;moderate
DEBB021;"'2021-07-16 13:00'";17;111;4;9;0.5;moderate
DEBB021;"'2021-07-16 14:00'";17;109;4;10;0.5;moderate
DEBB021;"'2021-07-16 15:00'";17;108;3;10;0.5;moderate
DEBB021;"'2021-07-16 16:00'";23;91;5;14;0.5;moderate
DEBB021;"'2021-07-16 17:00'";21;94;4;13;0.5;moderate
DEBB021;"'2021-07-16 18:00'";20;92;4;13;0.5;moderate
DEBB021;"'2021-07-16 19:00'";20;87;6;14;0.5;moderate
DEBB021;"'2021-07-16 20:00'";20;88;5;14;0.5;moderate
DEBB021;"'2021-07-16 21:00'";21;88;5;15;0.5;moderate
DEBB021;"'2021-07-16 22:00'";14;91;6;10;0.5;moderate
DEBB021;"'2021-07-16 23:00'";15;72;8;12;0.5;good
DEBB021;"'2021-07-16 24:00'";18;53;10;14;0.5;good
DEBB021;"'2021-07-17 01:00'";24;45;7;19;0.5;moderate
DEBB021;"'2021-07-17 02:00'";25;45;6;19;0.5;moderate
DEBB021;"'2021-07-17 03:00'";24;45;5;18;0.5;moderate
DEBB021;"'2021-07-17 04:00'";22;45;5;16;0.5;moderate
DEBB021;"'2021-07-17 05:00'";23;40;5;16;0.5;moderate
DEBB021;"'2021-07-17 06:00'";24;32;6;18;0.5;moderate
DEBB021;"'2021-07-17 07:00'";24;31;7;17;0.5;moderate
DEBB021;"'2021-07-17 08:00'";24;31;7;18;0.5;moderate
DEBB021;"'2021-07-17 09:00'";24;36;6;18;0.5;moderate
DEBB021;"'2021-07-17 10:00'";22;45;5;17;0.5;moderate
DEBB021;"'2021-07-17 11:00'";18;55;4;15;0.5;good
DEBB021;"'2021-07-17 12:00'";18;60;4;14;0.5;good
DEBB021;"'2021-07-17 13:00'";16;70;3;12;0.5;good
DEBB021;"'2021-07-17 14:00'";15;76;3;11;0.5;moderate
DEBB021;"'2021-07-17 15:00'";12;79;2;10;0.5;moderate
DEBB021;"'2021-07-17 16:00'";12;78;3;9;0.5;moderate
DEBB021;"'2021-07-17 17:00'";11;80;3;9;0.5;moderate
DEBB021;"'2021-07-17 18:00'";12;86;3;8;0.5;moderate
DEBB021;"'2021-07-17 19:00'";10;85;3;6;0.5;moderate
DEBB021;"'2021-07-17 20:00'";9;80;2;4;0.5;moderate
DEBB021;"'2021-07-17 21:00'";14;73;3;6;0.5;moderate
DEBB021;"'2021-07-17 22:00'";13;64;3;5;0.5;good
DEBB021;"'2021-07-17 23:00'";12;58;4;5;0.5;good
DEBB021;"'2021-07-17 24:00'";13;56;5;6;0.5;good
DEBB021;"'2021-07-18 01:00'";12;59;4;6;0.5;good
DEBB021;"'2021-07-18 02:00'";11;57;4;6;0.5;good
DEBB021;"'2021-07-18 03:00'";10;48;9;7;0.5;good
DEBB021;"'2021-07-18 04:00'";8;46;8;6;0.5;good
DEBB021;"'2021-07-18 05:00'";8;46;4;5;0.5;good
DEBB021;"'2021-07-18 06:00'";8;42;4;5;0.5;good
DEBB021;"'2021-07-18 07:00'";7;42;4;5;0.5;good
DEBB021;"'2021-07-18 08:00'";7;42;3;5;0.5;good
DEBB021;"'2021-07-18 09:00'";7;42;3;5;0.5;good
DEBB021;"'2021-07-18 10:00'";6;41;2;4;0.5;good
DEBB021;"'2021-07-18 11:00'";6;43;1;3;0.5;good
DEBB021;"'2021-07-18 12:00'";6;44;2;3;0.5;good
DEBB021;"'2021-07-18 13:00'";6;48;1;3;0.5;good
DEBB021;"'2021-07-18 14:00'";6;53;1;3;0.5;good
DEBB021;"'2021-07-18 15:00'";7;54;2;3;0.5;good
DEBB021;"'2021-07-18 16:00'";7;55;1;3;0.5;good
DEBB021;"'2021-07-18 17:00'";7;58;1;3;0.5;good
DEBB021;"'2021-07-18 18:00'";9;59;2;4;0.5;good
DEBB021;"'2021-07-18 19:00'";9;59;2;4;0.5;good
DEBB021;"'2021-07-18 20:00'";10;56;2;4;0.5;good
DEBB021;"'2021-07-18 21:00'";12;53;4;5;0.5;good
DEBB021;"'2021-07-18 22:00'";16;49;7;7;0.5;good
DEBB021;"'2021-07-18 23:00'";21;48;6;7;0.5;good
DEBB021;"'2021-07-18 24:00'";15;47;5;6;0.5;good
DEBB021;"'2021-07-19 01:00'";12;44;4;5;0.5;good
DEBB021;"'2021-07-19 02:00'";9;45;3;7;0.5;good
DEBB021;"'2021-07-19 03:00'";10;45;2;7;0.5;good
DEBB021;"'2021-07-19 04:00'";11;54;2;8;0.5;good
DEBB021;"'2021-07-19 05:00'";11;53;3;9;0.5;good
DEBB021;"'2021-07-19 06:00'";12;53;3;9;0.5;good
DEBB021;"'2021-07-19 07:00'";11;53;4;8;0.5;good
DEBB021;"'2021-07-19 08:00'";10;51;4;8;0.5;good
DEBB021;"'2021-07-19 09:00'";10;53;4;8;0.5;good
DEBB021;"'2021-07-19 10:00'";11;54;3;8;0.5;good
DEBB021;"'2021-07-19 11:00'";10;56;3;8;0.5;good
DEBB021;"'2021-07-19 12:00'";9;59;3;7;0.5;good
DEBB021;"'2021-07-19 13:00'";10;58;3;7;0.5;good
DEBB021;"'2021-07-19 14:00'";10;57;3;7;0.5;good
DEBB021;"'2021-07-19 15:00'";10;58;3;7;0.5;good
DEBB021;"'2021-07-19 16:00'";11;59;4;7;0.5;good
DEBB021;"'2021-07-19 17:00'";11;62;3;6;0.5;good
DEBB021;"'2021-07-19 18:00'";13;63;3;6;0.5;good
DEBB021;"'2021-07-19 19:00'";12;61;3;7;0.5;good
DEBB021;"'2021-07-19 20:00'";10;61;3;7;0.5;good
DEBB021;"'2021-07-19 21:00'";14;59;4;7;0.5;good
DEBB021;"'2021-07-19 22:00'";15;49;12;8;0.5;good
DEBB021;"'2021-07-19 23:00'";14;44;15;8;0.5;good
DEBB021;"'2021-07-19 24:00'";14;39;18;7;0.5;good
DEBB021;"'2021-07-20 01:00'";12;39;14;6;0.5;good
DEBB021;"'2021-07-20 02:00'";10;41;7;6;0.5;good
DEBB021;"'2021-07-20 03:00'";10;45;5;6;0.5;good
DEBB021;"'2021-07-20 04:00'";10;42;10;6;0.5;good
DEBB021;"'2021-07-20 05:00'";10;38;11;7;0.5;good
DEBB021;"'2021-07-20 06:00'";9;37;9;7;0.5;good
DEBB021;"'2021-07-20 07:00'";10;38;10;7;0.5;good
DEBB021;"'2021-07-20 08:00'";10;39;9;7;0.8;good
DEBB021;"'2021-07-20 09:00'";11;48;5;7;1;good
DEBB021;"'2021-07-20 10:00'";9;58;4;6;0.5;good
DEBB021;"'2021-07-20 11:00'";7;64;4;5;0.5;good
DEBB021;"'2021-07-20 12:00'";9;63;5;6;-;good
DEBB021;"'2021-07-20 13:00'";10;64;3;6;2;good
DEBB021;"'2021-07-20 14:00'";12;60;5;8;2;good
DEBB021;"'2021-07-20 15:00'";10;60;4;7;2;good
DEBB021;"'2021-07-20 16:00'";12;61;3;8;2;good
DEBB021;"'2021-07-20 17:00'";11;62;4;7;2;good
DEBB021;"'2021-07-20 18:00'";16;60;6;8;2;good
DEBB021;"'2021-07-20 19:00'";14;61;5;7;2;good
DEBB021;"'2021-07-20 20:00'";11;65;5;7;2;good
DEBB021;"'2021-07-20 21:00'";14;62;5;8;2;good
DEBB021;"'2021-07-20 22:00'";16;55;10;10;2;good
DEBB021;"'2021-07-20 23:00'";18;47;13;12;2;good
DEBB021;"'2021-07-20 24:00'";15;48;11;11;2;good
DEBB021;"'2021-07-21 01:00'";15;41;11;12;2;good
DEBB021;"'2021-07-21 02:00'";15;39;12;11;2;good
DEBB021;"'2021-07-21 03:00'";15;36;13;11;2;good
DEBB021;"'2021-07-21 04:00'";14;36;11;11;2;good
DEBB021;"'2021-07-21 05:00'";13;34;14;10;2;good
DEBB021;"'2021-07-21 06:00'";13;32;14;10;2;good
DEBB021;"'2021-07-21 07:00'";12;32;15;10;2;good
DEBB021;"'2021-07-21 08:00'";12;34;13;10;2;good
DEBB021;"'2021-07-21 09:00'";11;45;6;9;2;good
DEBB021;"'2021-07-21 10:00'";11;49;6;9;2;good
DEBB021;"'2021-07-21 11:00'";10;54;4;8;2;good
DEBB021;"'2021-07-21 12:00'";7;66;3;5;2;good
DEBB021;"'2021-07-21 13:00'";5;71;3;4;2;good
DEBB021;"'2021-07-21 14:00'";6;73;4;3;2;moderate
DEBB021;"'2021-07-21 15:00'";8;69;6;6;2;good
DEBB021;"'2021-07-21 16:00'";9;73;4;5;2;moderate
DEBB021;"'2021-07-21 17:00'";11;68;6;6;2;good
DEBB021;"'2021-07-21 18:00'";10;68;5;6;2;good
DEBB021;"'2021-07-21 19:00'";13;68;5;7;2;good
DEBB021;"'2021-07-21 20:00'";14;67;5;9;2;good
DEBB021;"'2021-07-21 21:00'";13;66;6;9;2;good
DEBB021;"'2021-07-21 22:00'";13;59;6;10;2;good
DEBB021;"'2021-07-21 23:00'";13;51;9;10;2;good
DEBB021;"'2021-07-21 24:00'";13;50;7;10;2;good
DEBB021;"'2021-07-22 01:00'";14;42;15;11;2;good
DEBB021;"'2021-07-22 02:00'";13;48;7;10;2;good
DEBB021;"'2021-07-22 03:00'";13;34;20;11;2;good
DEBB021;"'2021-07-22 04:00'";13;38;13;11;2;good
DEBB021;"'2021-07-22 05:00'";14;31;13;11;2;good
DEBB021;"'2021-07-22 06:00'";15;32;14;12;2;good
DEBB021;"'2021-07-22 07:00'";16;29;18;13;2;good
DEBB021;"'2021-07-22 08:00'";16;40;11;13;3;good
DEBB021;"'2021-07-22 09:00'";16;54;8;10;2;good
DEBB021;"'2021-07-22 10:00'";15;59;10;9;2;good
DEBB021;"'2021-07-22 11:00'";13;70;9;8;2;good
DEBB021;"'2021-07-22 12:00'";13;80;5;8;2;moderate
DEBB021;"'2021-07-22 13:00'";16;78;6;10;2;moderate
DEBB021;"'2021-07-22 14:00'";16;70;13;10;2;good
DEBB021;"'2021-07-22 15:00'";21;73;9;11;2;moderate
DEBB021;"'2021-07-22 16:00'";19;75;10;10;2;moderate
DEBB021;"'2021-07-22 17:00'";-;80;8;36;2;poor
DEBB021;"'2021-07-22 18:00'";19;84;6;10;2;moderate
DEBB021;"'2021-07-22 19:00'";20;82;5;10;2;moderate
DEBB021;"'2021-07-22 20:00'";18;80;5;9;2;moderate
DEBB021;"'2021-07-22 21:00'";18;76;8;10;2;moderate
DEBB021;"'2021-07-22 22:00'";21;65;12;11;2;good
DEBB021;"'2021-07-22 23:00'";19;60;12;11;2;good
DEBB021;"'2021-07-22 24:00'";20;42;20;14;2;good
DEBB021;"'2021-07-23 01:00'";18;31;21;14;2;good
DEBB021;"'2021-07-23 02:00'";18;13;31;15;2;moderate
DEBB021;"'2021-07-23 03:00'";17;17;20;14;1;good
DEBB021;"'2021-07-23 04:00'";17;14;15;14;1;good
DEBB021;"'2021-07-23 05:00'";17;18;14;14;2;good
DEBB021;"'2021-07-23 06:00'";19;21;17;16;2;moderate
DEBB021;"'2021-07-23 07:00'";20;25;24;16;2;moderate
DEBB021;"'2021-07-23 08:00'";20;36;13;16;2;moderate
DEBB021;"'2021-07-23 09:00'";20;37;13;15;3;good
DEBB021;"'2021-07-23 10:00'";22;45;12;13;3;good
DEBB021;"'2021-07-23 11:00'";18;65;7;10;2;good
DEBB021;"'2021-07-23 12:00'";18;82;4;9;2;moderate
DEBB021;"'2021-07-23 13:00'";18;88;4;10;2;moderate
DEBB021;"'2021-07-23 14:00'";17;94;4;9;2;moderate
DEBB021;"'2021-07-23 15:00'";19;96;4;10;2;moderate
DEBB021;"'2021-07-23 16:00'";17;99;4;10;2;moderate
DEBB021;"'2021-07-23 17:00'";17;101;4;10;2;moderate
DEBB021;"'2021-07-23 18:00'";17;104;3;10;2;moderate
DEBB021;"'2021-07-23 19:00'";16;104;4;9;2;moderate
DEBB021;"'2021-07-23 20:00'";18;104;4;9;2;moderate
DEBB021;"'2021-07-23 21:00'";22;95;6;10;2;moderate
DEBB021;"'2021-07-23 22:00'";17;77;10;8;2;moderate
DEBB021;"'2021-07-23 23:00'";16;67;11;9;2;good
DEBB021;"'2021-07-23 24:00'";18;62;9;10;2;good
DEBB021;"'2021-07-24 01:00'";15;51;13;11;2;good
DEBB021;"'2021-07-24 02:00'";16;46;13;11;2;good
DEBB021;"'2021-07-24 03:00'";14;44;12;10;2;good
DEBB021;"'2021-07-24 04:00'";15;41;11;11;2;good
DEBB021;"'2021-07-24 05:00'";16;29;13;13;1;good
DEBB021;"'2021-07-24 06:00'";18;28;13;15;2;good
DEBB021;"'2021-07-24 07:00'";23;42;15;19;2;moderate
DEBB021;"'2021-07-24 08:00'";27;52;13;21;2;moderate
DEBB021;"'2021-07-24 09:00'";26;66;11;18;3;moderate
DEBB021;"'2021-07-24 10:00'";22;85;9;13;2;moderate
DEBB021;"'2021-07-24 11:00'";21;102;6;11;2;moderate
DEBB021;"'2021-07-24 12:00'";18;114;5;10;3;moderate
DEBB021;"'2021-07-24 13:00'";18;117;5;9;3;moderate
DEBB021;"'2021-07-24 14:00'";18;120;4;9;2;moderate
DEBB021;"'2021-07-24 15:00'";18;123;6;9;2;moderate
DEBB021;"'2021-07-24 16:00'";18;131;6;9;3;moderate
DEBB021;"'2021-07-24 17:00'";19;131;6;9;2;moderate
DEBB021;"'2021-07-24 18:00'";19;129;6;9;2;moderate
DEBB021;"'2021-07-24 19:00'";26;124;7;10;2;moderate
DEBB021;"'2021-07-24 20:00'";23;116;11;10;2;moderate
DEBB021;"'2021-07-24 21:00'";23;106;14;12;2;moderate
DEBB021;"'2021-07-24 22:00'";26;105;10;13;2;moderate
DEBB021;"'2021-07-24 23:00'";25;106;9;12;2;moderate
DEBB021;"'2021-07-24 24:00'";21;103;8;12;2;moderate
DEBB021;"'2021-07-25 01:00'";20;107;6;13;2;moderate
DEBB021;"'2021-07-25 02:00'";21;108;6;13;2;moderate
DEBB021;"'2021-07-25 03:00'";21;104;6;14;3;moderate
DEBB021;"'2021-07-25 04:00'";22;100;8;15;4;moderate
DEBB021;"'2021-07-25 05:00'";22;94;11;16;6;moderate
DEBB021;"'2021-07-25 06:00'";21;95;8;16;3;moderate
DEBB021;"'2021-07-25 07:00'";23;90;7;17;2;moderate
DEBB021;"'2021-07-25 08:00'";25;85;7;19;2;moderate
DEBB021;"'2021-07-25 09:00'";25;85;8;18;4;moderate
DEBB021;"'2021-07-25 10:00'";26;88;8;17;3;moderate
DEBB021;"'2021-07-25 11:00'";25;101;7;15;3;moderate
DEBB021;"'2021-07-25 12:00'";28;112;6;15;3;moderate
DEBB021;"'2021-07-25 13:00'";24;123;5;14;3;moderate
DEBB021;"'2021-07-25 14:00'";27;132;5;13;3;moderate
DEBB021;"'2021-07-25 15:00'";24;132;6;14;2;moderate
DEBB021;"'2021-07-25 16:00'";23;134;5;12;3;moderate
DEBB021;"'2021-07-25 17:00'";21;134;6;12;3;moderate
DEBB021;"'2021-07-25 18:00'";21;131;5;11;2;moderate
DEBB021;"'2021-07-25 19:00'";28;123;6;14;2;moderate
DEBB021;"'2021-07-25 20:00'";17;118;5;12;2;moderate
DEBB021;"'2021-07-25 21:00'";12;112;6;11;2;moderate
DEBB021;"'2021-07-25 22:00'";14;103;9;12;2;moderate
DEBB021;"'2021-07-25 23:00'";18;85;9;15;2;moderate
DEBB021;"'2021-07-25 24:00'";19;77;8;16;2;moderate
DEBB021;"'2021-07-26 01:00'";21;64;11;18;2;moderate
DEBB021;"'2021-07-26 02:00'";22;51;11;19;2;moderate
DEBB021;"'2021-07-26 03:00'";21;51;10;19;2;moderate
DEBB021;"'2021-07-26 04:00'";22;48;11;20;2;moderate
DEBB021;"'2021-07-26 05:00'";22;50;11;19;2;moderate
DEBB021;"'2021-07-26 06:00'";24;45;14;21;2;moderate
DEBB021;"'2021-07-26 07:00'";24;41;16;21;2;moderate
DEBB021;"'2021-07-26 08:00'";28;38;22;22;2;moderate
DEBB021;"'2021-07-26 09:00'";27;60;17;17;2;moderate
DEBB021;"'2021-07-26 10:00'";21;73;12;13;2;moderate
DEBB021;"'2021-07-26 11:00'";21;81;12;11;2;moderate
DEBB021;"'2021-07-26 12:00'";19;93;8;9;2;moderate
DEBB021;"'2021-07-26 13:00'";16;104;5;9;2;moderate
DEBB021;"'2021-07-26 14:00'";11;107;6;7;2;moderate
DEBB021;"'2021-07-26 15:00'";10;102;6;6;2;moderate
DEBB021;"'2021-07-26 16:00'";17;109;5;7;2;moderate
DEBB021;"'2021-07-26 17:00'";11;108;5;5;2;moderate
DEBB021;"'2021-07-26 18:00'";14;102;7;5;2;moderate
DEBB021;"'2021-07-26 19:00'";16;94;6;5;2;moderate
DEBB021;"'2021-07-26 20:00'";16;85;7;4;2;moderate
DEBB021;"'2021-07-26 21:00'";16;81;8;5;2;moderate
DEBB021;"'2021-07-26 22:00'";10;88;6;4;2;moderate
DEBB021;"'2021-07-26 23:00'";12;84;6;5;2;moderate
DEBB021;"'2021-07-26 24:00'";14;76;8;7;2;moderate
DEBB021;"'2021-07-27 01:00'";14;68;8;8;2;good
DEBB021;"'2021-07-27 02:00'";11;62;8;8;2;good
DEBB021;"'2021-07-27 03:00'";10;58;8;8;2;good
DEBB021;"'2021-07-27 04:00'";10;57;7;8;2;good
DEBB021;"'2021-07-27 05:00'";10;51;8;8;2;good
DEBB021;"'2021-07-27 06:00'";12;39;12;10;2;good
DEBB021;"'2021-07-27 07:00'";12;40;16;9;2;good
DEBB021;"'2021-07-27 08:00'";11;52;12;8;2;good
DEBB021;"'2021-07-27 09:00'";12;62;11;7;3;good
DEBB021;"'2021-07-27 10:00'";10;79;9;6;3;moderate
DEBB021;"'2021-07-27 11:00'";11;90;7;5;2;moderate
DEBB021;"'2021-07-27 12:00'";16;89;9;5;2;moderate
DEBB021;"'2021-07-27 13:00'";10;94;6;4;2;moderate
DEBB021;"'2021-07-27 14:00'";13;95;7;4;2;moderate
DEBB021;"'2021-07-27 15:00'";15;98;6;4;1;moderate
DEBB021;"'2021-07-27 16:00'";17;99;6;4;2;moderate
DEBB021;"'2021-07-27 17:00'";15;100;6;3;2;moderate
DEBB021;"'2021-07-27 18:00'";13;103;5;3;2;moderate
DEBB021;"'2021-07-27 19:00'";14;102;6;4;2;moderate
DEBB021;"'2021-07-27 20:00'";17;98;6;4;2;moderate
DEBB021;"'2021-07-27 21:00'";15;91;6;4;2;moderate
DEBB021;"'2021-07-27 22:00'";24;85;8;5;2;moderate
DEBB021;"'2021-07-27 23:00'";15;84;7;6;2;moderate
DEBB021;"'2021-07-27 24:00'";19;80;9;7;2;moderate
DEBB021;"'2021-07-28 01:00'";18;80;8;7;2;moderate
DEBB021;"'2021-07-28 02:00'";15;85;6;8;2;moderate
DEBB021;"'2021-07-28 03:00'";11;84;8;7;2;moderate
DEBB021;"'2021-07-28 04:00'";10;82;9;7;2;moderate
DEBB021;"'2021-07-28 05:00'";10;78;9;7;2;moderate
DEBB021;"'2021-07-28 06:00'";10;75;10;7;2;moderate
DEBB021;"'2021-07-28 07:00'";16;66;13;10;2;good
DEBB021;"'2021-07-28 08:00'";87;60;15;20;2;poor
DEBB021;"'2021-07-28 09:00'";21;62;18;10;2;good
DEBB021;"'2021-07-28 10:00'";11;79;8;8;2;moderate
DEBB021;"'2021-07-28 11:00'";11;89;7;6;2;moderate
DEBB021;"'2021-07-28 12:00'";12;94;6;5;2;moderate
DEBB021;"'2021-07-28 13:00'";8;95;4;5;2;moderate
DEBB021;"'2021-07-28 14:00'";9;95;4;4;2;moderate
DEBB021;"'2021-07-28 15:00'";17;94;6;5;2;moderate
DEBB021;"'2021-07-28 16:00'";13;92;6;5;2;moderate
DEBB021;"'2021-07-28 17:00'";17;90;7;5;2;moderate
DEBB021;"'2021-07-28 18:00'";17;90;6;5;2;moderate
DEBB021;"'2021-07-28 19:00'";15;90;5;5;2;moderate
DEBB021;"'2021-07-28 20:00'";14;89;6;5;2;moderate
DEBB021;"'2021-07-28 21:00'";18;84;6;6;2;moderate
DEBB021;"'2021-07-28 22:00'";14;84;5;5;2;moderate
DEBB021;"'2021-07-28 23:00'";16;73;7;6;2;moderate
DEBB021;"'2021-07-28 24:00'";17;71;5;7;2;good
DEBB021;"'2021-07-29 01:00'";11;70;5;6;2;good
DEBB021;"'2021-07-29 02:00'";10;68;5;6;2;good
DEBB021;"'2021-07-29 03:00'";9;62;6;6;2;good
DEBB021;"'2021-07-29 04:00'";7;59;5;6;2;good
DEBB021;"'2021-07-29 05:00'";7;58;4;6;2;good
DEBB021;"'2021-07-29 06:00'";7;52;6;6;2;good
DEBB021;"'2021-07-29 07:00'";8;48;9;6;2;good
DEBB021;"'2021-07-29 08:00'";17;51;6;12;2;good
DEBB021;"'2021-07-29 09:00'";11;58;5;5;2;good
DEBB021;"'2021-07-29 10:00'";14;64;6;5;2;good
DEBB021;"'2021-07-29 11:00'";14;68;5;5;2;good
DEBB021;"'2021-07-29 12:00'";16;72;5;5;2;good
DEBB021;"'2021-07-29 13:00'";19;74;5;5;2;moderate
DEBB021;"'2021-07-29 14:00'";17;77;4;4;2;moderate
DEBB021;"'2021-07-29 15:00'";13;77;5;4;2;moderate
DEBB021;"'2021-07-29 16:00'";20;82;4;5;2;moderate
DEBB021;"'2021-07-29 17:00'";13;83;3;4;2;moderate
DEBB021;"'2021-07-29 18:00'";13;82;4;4;2;moderate
DEBB021;"'2021-07-29 19:00'";14;84;4;4;2;moderate
DEBB021;"'2021-07-29 20:00'";13;84;4;4;2;moderate
DEBB021;"'2021-07-29 21:00'";13;83;4;5;2;moderate
DEBB021;"'2021-07-29 22:00'";13;78;6;6;2;moderate
DEBB021;"'2021-07-29 23:00'";14;72;8;7;2;good
DEBB021;"'2021-07-29 24:00'";15;67;9;7;2;good
DEBB021;"'2021-07-30 01:00'";15;65;7;6;2;good
DEBB021;"'2021-07-30 02:00'";12;63;6;6;2;good
DEBB021;"'2021-07-30 03:00'";13;61;8;6;2;good
DEBB021;"'2021-07-30 04:00'";13;55;9;7;2;good
DEBB021;"'2021-07-30 05:00'";12;53;8;7;2;good
DEBB021;"'2021-07-30 06:00'";15;52;10;7;2;good
DEBB021;"'2021-07-30 07:00'";23;47;14;9;2;good
DEBB021;"'2021-07-30 08:00'";15;50;10;8;2;good
DEBB021;"'2021-07-30 09:00'";16;55;9;8;3;good
DEBB021;"'2021-07-30 10:00'";16;62;7;8;3;good
DEBB021;"'2021-07-30 11:00'";15;70;5;7;2;good
DEBB021;"'2021-07-30 12:00'";16;74;5;7;2;moderate
DEBB021;"'2021-07-30 13:00'";14;78;4;6;2;moderate
DEBB021;"'2021-07-30 14:00'";16;80;4;7;2;moderate
DEBB021;"'2021-07-30 15:00'";20;78;5;6;2;moderate
DEBB021;"'2021-07-30 16:00'";16;79;4;6;2;moderate
DEBB021;"'2021-07-30 17:00'";21;82;6;6;2;moderate
DEBB021;"'2021-07-30 18:00'";19;86;7;5;2;moderate
DEBB021;"'2021-07-30 19:00'";18;91;7;5;2;moderate
DEBB021;"'2021-07-30 20:00'";23;89;9;5;2;moderate
DEBB021;"'2021-07-30 21:00'";35;81;9;6;2;moderate
DEBB021;"'2021-07-30 22:00'";34;70;15;7;2;moderate
DEBB021;"'2021-07-30 23:00'";29;64;15;7;2;moderate
DEBB021;"'2021-07-30 24:00'";19;61;14;7;2;good
DEBB021;"'2021-07-31 01:00'";29;57;13;11;2;moderate
DEBB021;"'2021-07-31 02:00'";24;45;17;11;2;good
DEBB021;"'2021-07-31 03:00'";17;43;14;11;2;good
DEBB021;"'2021-07-31 04:00'";22;50;13;10;2;good
DEBB021;"'2021-07-31 05:00'";13;66;8;7;2;good
DEBB021;"'2021-07-31 06:00'";9;64;6;5;2;good
DEBB021;"'2021-07-31 07:00'";10;59;8;5;2;good
DEBB021;"'2021-07-31 08:00'";9;61;5;4;2;good
DEBB021;"'2021-07-31 09:00'";12;64;5;4;2;good
DEBB021;"'2021-07-31 10:00'";17;68;4;4;2;good
DEBB021;"'2021-07-31 11:00'";14;71;4;4;2;good
DEBB021;"'2021-07-31 12:00'";20;72;4;4;2;good
DEBB021;"'2021-07-31 13:00'";15;74;5;4;2;moderate
DEBB021;"'2021-07-31 14:00'";17;78;4;4;2;moderate
DEBB021;"'2021-07-31 15:00'";15;82;4;3;2;moderate
DEBB021;"'2021-07-31 16:00'";16;83;4;3;2;moderate
DEBB021;"'2021-07-31 17:00'";13;85;5;3;2;moderate
DEBB021;"'2021-07-31 18:00'";14;84;5;3;2;moderate
DEBB021;"'2021-07-31 19:00'";13;84;5;3;2;moderate
DEBB021;"'2021-07-31 20:00'";13;82;5;4;2;moderate
DEBB021;"'2021-07-31 21:00'";12;80;4;4;2;moderate
DEBB021;"'2021-07-31 22:00'";11;79;5;4;2;moderate
DEBB021;"'2021-07-31 23:00'";10;81;5;4;2;moderate
DEBB021;"'2021-07-31 24:00'";10;77;6;5;2;moderate
DEBB021;"'2021-08-01 01:00'";13;74;6;5;2;moderate
DEBB021;"'2021-08-01 02:00'";10;71;7;6;2;good
DEBB021;"'2021-08-01 03:00'";9;72;6;6;2;good
DEBB021;"'2021-08-01 04:00'";7;72;6;6;2;good
DEBB021;"'2021-08-01 05:00'";8;70;6;6;2;good
DEBB021;"'2021-08-01 06:00'";8;67;6;7;2;good
DEBB021;"'2021-08-01 07:00'";8;65;6;7;2;good
DEBB021;"'2021-08-01 08:00'";8;64;6;7;3;good
DEBB021;"'2021-08-01 09:00'";8;66;5;7;2;good
DEBB021;"'2021-08-01 10:00'";9;72;5;7;2;good
DEBB021;"'2021-08-01 11:00'";9;79;4;7;2;moderate
DEBB021;"'2021-08-01 12:00'";8;83;4;6;2;moderate
DEBB021;"'2021-08-01 13:00'";8;84;3;5;2;moderate
DEBB021;"'2021-08-01 14:00'";7;83;4;5;2;moderate
DEBB021;"'2021-08-01 15:00'";7;86;3;4;2;moderate
DEBB021;"'2021-08-01 16:00'";9;85;4;5;2;moderate
DEBB021;"'2021-08-01 17:00'";11;78;5;5;2;moderate
DEBB021;"'2021-08-01 18:00'";11;89;4;5;2;moderate
DEBB021;"'2021-08-01 19:00'";10;79;6;6;2;moderate
DEBB021;"'2021-08-01 20:00'";5;65;8;4;2;good
DEBB021;"'2021-08-01 21:00'";7;51;11;6;2;good
DEBB021;"'2021-08-01 22:00'";6;73;5;5;2;moderate
DEBB021;"'2021-08-01 23:00'";6;62;8;5;2;good
DEBB021;"'2021-08-01 24:00'";7;52;7;6;2;good
DEBB021;"'2021-08-02 01:00'";6;50;6;5;2;good
DEBB021;"'2021-08-02 02:00'";7;49;8;6;2;good
DEBB021;"'2021-08-02 03:00'";7;48;8;6;2;good
DEBB021;"'2021-08-02 04:00'";7;47;7;6;2;good
DEBB021;"'2021-08-02 05:00'";8;45;7;6;2;good
DEBB021;"'2021-08-02 06:00'";7;44;7;6;2;good
DEBB021;"'2021-08-02 07:00'";7;40;11;5;2;good
DEBB021;"'2021-08-02 08:00'";7;43;10;6;2;good
DEBB021;"'2021-08-02 09:00'";6;50;6;5;2;good
DEBB021;"'2021-08-02 10:00'";7;58;4;4;2;good
DEBB021;"'2021-08-02 11:00'";5;64;4;3;2;good
DEBB021;"'2021-08-02 12:00'";5;67;4;3;2;good
DEBB021;"'2021-08-02 13:00'";5;69;5;3;2;good
DEBB021;"'2021-08-02 14:00'";6;76;4;3;2;moderate
DEBB021;"'2021-08-02 15:00'";4;83;3;3;2;moderate
DEBB021;"'2021-08-02 16:00'";5;83;4;3;2;moderate
DEBB021;"'2021-08-02 17:00'";5;83;5;3;2;moderate
DEBB021;"'2021-08-02 18:00'";5;84;4;3;2;moderate
DEBB021;"'2021-08-02 19:00'";6;86;3;3;2;moderate
DEBB021;"'2021-08-02 20:00'";7;81;5;3;2;moderate
DEBB021;"'2021-08-02 21:00'";7;72;5;3;2;good
DEBB021;"'2021-08-02 22:00'";10;66;7;6;2;good
DEBB021;"'2021-08-02 23:00'";10;48;19;6;2;good
DEBB021;"'2021-08-02 24:00'";8;49;12;6;2;good
DEBB021;"'2021-08-03 01:00'";5;52;8;4;2;good
DEBB021;"'2021-08-03 02:00'";5;44;10;4;2;good
DEBB021;"'2021-08-03 03:00'";5;40;9;4;2;good
DEBB021;"'2021-08-03 04:00'";5;28;20;4;2;good
DEBB021;"'2021-08-03 05:00'";5;35;13;4;2;good
DEBB021;"'2021-08-03 06:00'";5;39;13;4;2;good
DEBB021;"'2021-08-03 07:00'";5;34;19;4;2;good
DEBB021;"'2021-08-03 08:00'";8;39;22;5;2;good
DEBB021;"'2021-08-03 09:00'";8;47;12;4;2;good
DEBB021;"'2021-08-03 10:00'";6;58;7;4;2;good
DEBB021;"'2021-08-03 11:00'";6;61;7;4;2;good
DEBB021;"'2021-08-03 12:00'";5;70;5;3;2;good
DEBB021;"'2021-08-03 13:00'";6;79;4;3;2;moderate
DEBB021;"'2021-08-03 14:00'";6;80;6;4;2;moderate
DEBB021;"'2021-08-03 15:00'";6;88;5;4;2;moderate
DEBB021;"'2021-08-03 16:00'";6;91;5;4;2;moderate
DEBB021;"'2021-08-03 17:00'";7;92;5;4;2;moderate
DEBB021;"'2021-08-03 18:00'";7;91;5;5;2;moderate
DEBB021;"'2021-08-03 19:00'";8;93;6;5;2;moderate
DEBB021;"'2021-08-03 20:00'";8;86;7;5;2;moderate
DEBB021;"'2021-08-03 21:00'";10;74;10;6;2;moderate
DEBB021;"'2021-08-03 22:00'";12;70;10;6;2;good
DEBB021;"'2021-08-03 23:00'";14;63;11;7;2;good
DEBB021;"'2021-08-03 24:00'";10;62;11;7;2;good
DEBB021;"'2021-08-04 01:00'";9;69;6;7;2;good
DEBB021;"'2021-08-04 02:00'";8;67;5;7;2;good
DEBB021;"'2021-08-04 03:00'";8;60;6;8;2;good
DEBB021;"'2021-08-04 04:00'";9;61;5;8;2;good
DEBB021;"'2021-08-04 05:00'";8;60;7;7;2;good
DEBB021;"'2021-08-04 06:00'";9;56;9;8;2;good
DEBB021;"'2021-08-04 07:00'";8;59;10;7;2;good
DEBB021;"'2021-08-04 08:00'";9;47;15;8;2;good
DEBB021;"'2021-08-04 09:00'";11;40;20;10;2;good
DEBB021;"'2021-08-04 10:00'";14;42;19;13;2;good
DEBB021;"'2021-08-04 11:00'";17;51;21;15;2;good
DEBB021;"'2021-08-04 12:00'";12;72;15;10;3;good
DEBB021;"'2021-08-04 13:00'";12;85;9;8;2;moderate
DEBB021;"'2021-08-04 14:00'";10;84;9;6;2;moderate
DEBB021;"'2021-08-04 15:00'";12;80;12;8;2;moderate
DEBB021;"'2021-08-04 16:00'";10;87;8;6;2;moderate
DEBB021;"'2021-08-04 17:00'";12;86;10;7;2;moderate
DEBB021;"'2021-08-04 18:00'";12;88;8;7;2;moderate
DEBB021;"'2021-08-04 19:00'";11;93;7;7;2;moderate
DEBB021;"'2021-08-04 20:00'";7;93;6;6;2;moderate
DEBB021;"'2021-08-04 21:00'";11;86;8;8;2;moderate
DEBB021;"'2021-08-04 22:00'";12;68;14;10;2;good
DEBB021;"'2021-08-04 23:00'";13;56;14;10;2;good
DEBB021;"'2021-08-04 24:00'";11;58;16;9;2;good
DEBB021;"'2021-08-05 01:00'";12;49;17;9;2;good
DEBB021;"'2021-08-05 02:00'";12;48;14;9;2;good
DEBB021;"'2021-08-05 03:00'";12;45;13;9;2;good
DEBB021;"'2021-08-05 04:00'";12;41;12;9;2;good
DEBB021;"'2021-08-05 05:00'";10;43;11;7;2;good
DEBB021;"'2021-08-05 06:00'";9;40;12;7;2;good
DEBB021;"'2021-08-05 07:00'";9;43;14;7;2;good
DEBB021;"'2021-08-05 08:00'";10;46;15;7;3;good
DEBB021;"'2021-08-05 09:00'";17;55;18;9;3;good
DEBB021;"'2021-08-05 10:00'";18;66;16;10;3;good
DEBB021;"'2021-08-05 11:00'";17;76;12;9;2;moderate
DEBB021;"'2021-08-05 12:00'";13;91;9;7;2;moderate
DEBB021;"'2021-08-05 13:00'";11;99;8;6;2;moderate
DEBB021;"'2021-08-05 14:00'";15;103;9;7;2;moderate
DEBB021;"'2021-08-05 15:00'";14;107;8;7;3;moderate
DEBB021;"'2021-08-05 16:00'";12;108;9;7;2;moderate
DEBB021;"'2021-08-05 17:00'";14;103;11;7;2;moderate
DEBB021;"'2021-08-05 18:00'";12;96;8;9;2;moderate
DEBB021;"'2021-08-05 19:00'";12;89;10;10;2;moderate
DEBB021;"'2021-08-05 20:00'";12;71;11;10;2;good
DEBB021;"'2021-08-05 21:00'";12;61;9;10;2;good
DEBB021;"'2021-08-05 22:00'";12;52;12;10;2;good
DEBB021;"'2021-08-05 23:00'";16;42;14;14;2;good
DEBB021;"'2021-08-05 24:00'";17;45;10;14;2;good
DEBB021;"'2021-08-06 01:00'";19;39;11;14;2;good
DEBB021;"'2021-08-06 02:00'";20;34;9;15;2;good
DEBB021;"'2021-08-06 03:00'";21;30;10;15;2;good
DEBB021;"'2021-08-06 04:00'";23;20;13;17;2;moderate
DEBB021;"'2021-08-06 05:00'";25;24;13;20;2;moderate
DEBB021;"'2021-08-06 06:00'";24;19;19;21;2;moderate
DEBB021;"'2021-08-06 07:00'";23;11;28;19;2;moderate
DEBB021;"'2021-08-06 08:00'";23;16;32;19;2;moderate
DEBB021;"'2021-08-06 09:00'";21;36;24;17;2;moderate
DEBB021;"'2021-08-06 10:00'";19;56;22;15;2;good
DEBB021;"'2021-08-06 11:00'";17;67;16;12;3;good
DEBB021;"'2021-08-06 12:00'";15;87;10;9;3;moderate
DEBB021;"'2021-08-06 13:00'";12;95;6;7;2;moderate
DEBB021;"'2021-08-06 14:00'";8;96;6;5;2;moderate
DEBB021;"'2021-08-06 15:00'";7;96;8;4;2;moderate
DEBB021;"'2021-08-06 16:00'";6;98;7;3;2;moderate
DEBB021;"'2021-08-06 17:00'";7;94;12;4;2;moderate
DEBB021;"'2021-08-06 18:00'";8;88;13;5;2;moderate
DEBB021;"'2021-08-06 19:00'";15;90;7;9;2;moderate
DEBB021;"'2021-08-06 20:00'";8;65;19;7;2;good
DEBB021;"'2021-08-06 21:00'";8;47;23;7;2;good
DEBB021;"'2021-08-06 22:00'";11;51;14;10;2;good
DEBB021;"'2021-08-06 23:00'";6;60;8;5;2;good
DEBB021;"'2021-08-06 24:00'";5;53;5;4;2;good
DEBB021;"'2021-08-07 01:00'";7;44;8;5;2;good
DEBB021;"'2021-08-07 02:00'";8;37;7;6;2;good
DEBB021;"'2021-08-07 03:00'";9;30;5;6;2;good
DEBB021;"'2021-08-07 04:00'";9;25;7;6;2;good
DEBB021;"'2021-08-07 05:00'";8;23;6;6;2;good
DEBB021;"'2021-08-07 06:00'";8;20;8;5;2;"very good"
DEBB021;"'2021-08-07 07:00'";8;21;11;6;2;good
DEBB021;"'2021-08-07 08:00'";8;28;9;6;2;good
DEBB021;"'2021-08-07 09:00'";8;33;6;6;2;good
DEBB021;"'2021-08-07 10:00'";8;40;5;5;2;good
DEBB021;"'2021-08-07 11:00'";8;52;4;4;2;good
DEBB021;"'2021-08-07 12:00'";7;60;4;4;2;good
DEBB021;"'2021-08-07 13:00'";6;64;6;3;2;good
DEBB021;"'2021-08-07 14:00'";5;69;6;3;2;good
DEBB021;"'2021-08-07 15:00'";5;68;7;2;2;good
DEBB021;"'2021-08-07 16:00'";5;71;5;2;2;good
DEBB021;"'2021-08-07 17:00'";6;71;4;3;2;good
DEBB021;"'2021-08-07 18:00'";7;63;10;3;2;good
DEBB021;"'2021-08-07 19:00'";8;63;11;4;4;good
DEBB021;"'2021-08-07 20:00'";9;57;11;5;3;good
DEBB021;"'2021-08-07 21:00'";9;59;10;5;3;good
DEBB021;"'2021-08-07 22:00'";8;59;7;5;2;good
DEBB021;"'2021-08-07 23:00'";8;56;6;6;2;good
DEBB021;"'2021-08-07 24:00'";7;49;6;6;2;good
DEBB021;"'2021-08-08 01:00'";7;45;5;6;2;good
DEBB021;"'2021-08-08 02:00'";7;43;6;6;2;good
DEBB021;"'2021-08-08 03:00'";9;43;6;7;2;good
DEBB021;"'2021-08-08 04:00'";8;43;6;6;2;good
DEBB021;"'2021-08-08 05:00'";8;39;5;6;2;good
DEBB021;"'2021-08-08 06:00'";8;41;4;6;2;good
DEBB021;"'2021-08-08 07:00'";6;44;4;4;2;good
DEBB021;"'2021-08-08 08:00'";4;51;3;3;2;good
DEBB021;"'2021-08-08 09:00'";4;53;3;3;2;good
DEBB021;"'2021-08-08 10:00'";5;61;2;2;2;good
DEBB021;"'2021-08-08 11:00'";5;64;3;2;2;good
DEBB021;"'2021-08-08 12:00'";5;65;3;2;2;good
DEBB021;"'2021-08-08 13:00'";6;66;3;3;2;good
DEBB021;"'2021-08-08 14:00'";7;66;3;3;2;good
DEBB021;"'2021-08-08 15:00'";7;67;3;3;2;good
DEBB021;"'2021-08-08 16:00'";6;67;3;3;2;good
DEBB021;"'2021-08-08 17:00'";6;67;5;3;2;good
DEBB021;"'2021-08-08 18:00'";7;67;5;3;2;good
DEBB021;"'2021-08-08 19:00'";8;71;5;4;2;good
DEBB021;"'2021-08-08 20:00'";10;67;7;6;2;good
DEBB021;"'2021-08-08 21:00'";9;55;9;5;2;good
DEBB021;"'2021-08-08 22:00'";9;47;13;6;2;good
DEBB021;"'2021-08-08 23:00'";5;52;3;4;2;good
DEBB021;"'2021-08-08 24:00'";5;43;4;4;2;good
DEBB021;"'2021-08-09 01:00'";5;38;5;4;2;good
DEBB021;"'2021-08-09 02:00'";6;40;6;4;2;good
DEBB021;"'2021-08-09 03:00'";5;44;4;3;2;good
DEBB021;"'2021-08-09 04:00'";4;40;5;3;2;good
DEBB021;"'2021-08-09 05:00'";5;38;6;4;2;good
DEBB021;"'2021-08-09 06:00'";5;35;8;4;2;good
DEBB021;"'2021-08-09 07:00'";6;31;11;4;2;good
DEBB021;"'2021-08-09 08:00'";6;31;13;4;2;good
DEBB021;"'2021-08-09 09:00'";7;33;12;5;2;good
DEBB021;"'2021-08-09 10:00'";10;34;12;5;2;good
DEBB021;"'2021-08-09 11:00'";9;32;13;5;3;good
DEBB021;"'2021-08-09 12:00'";10;39;11;5;3;good
DEBB021;"'2021-08-09 13:00'";9;59;6;5;2;good
DEBB021;"'2021-08-09 14:00'";8;69;6;4;2;good
DEBB021;"'2021-08-09 15:00'";8;72;7;4;2;good
DEBB021;"'2021-08-09 16:00'";9;76;7;4;2;moderate
DEBB021;"'2021-08-09 17:00'";10;74;8;4;2;moderate
DEBB021;"'2021-08-09 18:00'";9;72;8;4;2;good
DEBB021;"'2021-08-09 19:00'";8;70;8;3;2;good
DEBB021;"'2021-08-09 20:00'";8;66;9;4;2;good
DEBB021;"'2021-08-09 21:00'";6;65;7;5;2;good
DEBB021;"'2021-08-09 22:00'";5;56;5;4;2;good
DEBB021;"'2021-08-09 23:00'";5;47;7;4;2;good
DEBB021;"'2021-08-09 24:00'";5;39;8;4;2;good
DEBB021;"'2021-08-10 01:00'";5;28;7;4;2;good
DEBB021;"'2021-08-10 02:00'";6;24;6;5;2;"very good"
DEBB021;"'2021-08-10 03:00'";7;23;7;5;2;"very good"
DEBB021;"'2021-08-10 04:00'";8;27;7;6;2;good
DEBB021;"'2021-08-10 05:00'";8;32;7;6;2;good
DEBB021;"'2021-08-10 06:00'";9;26;9;6;2;good
DEBB021;"'2021-08-10 07:00'";9;29;12;6;2;good
DEBB021;"'2021-08-10 08:00'";9;31;13;7;2;good
DEBB021;"'2021-08-10 09:00'";10;40;13;7;2;good
DEBB021;"'2021-08-10 10:00'";10;40;13;7;3;good
DEBB021;"'2021-08-10 11:00'";13;38;16;7;5;good
DEBB021;"'2021-08-10 12:00'";15;43;12;7;4;good
DEBB021;"'2021-08-10 13:00'";14;50;11;7;3;good
DEBB021;"'2021-08-10 14:00'";12;60;9;6;3;good
DEBB021;"'2021-08-10 15:00'";10;65;8;5;2;good
DEBB021;"'2021-08-10 16:00'";9;71;7;5;2;good
DEBB021;"'2021-08-10 17:00'";8;75;7;4;2;moderate
DEBB021;"'2021-08-10 18:00'";8;80;7;4;2;moderate
DEBB021;"'2021-08-10 19:00'";9;80;7;5;2;moderate
DEBB021;"'2021-08-10 20:00'";9;78;7;5;2;moderate
DEBB021;"'2021-08-10 21:00'";8;76;6;5;2;moderate
DEBB021;"'2021-08-10 22:00'";7;68;6;5;2;good
DEBB021;"'2021-08-10 23:00'";7;68;6;6;2;good
DEBB021;"'2021-08-10 24:00'";6;62;5;4;2;good
DEBB021;"'2021-08-11 01:00'";6;49;6;4;2;good
DEBB021;"'2021-08-11 02:00'";6;47;6;5;2;good
DEBB021;"'2021-08-11 03:00'";9;45;5;7;2;good
DEBB021;"'2021-08-11 04:00'";12;40;7;10;2;good
DEBB021;"'2021-08-11 05:00'";14;37;8;11;2;good
DEBB021;"'2021-08-11 06:00'";16;31;11;12;2;good
DEBB021;"'2021-08-11 07:00'";17;27;13;13;2;good
DEBB021;"'2021-08-11 08:00'";19;31;13;15;2;good
DEBB021;"'2021-08-11 09:00'";17;40;11;14;2;good
DEBB021;"'2021-08-11 10:00'";16;51;7;14;2;good
DEBB021;"'2021-08-11 11:00'";15;60;6;13;2;good
DEBB021;"'2021-08-11 12:00'";12;68;5;9;2;good
DEBB021;"'2021-08-11 13:00'";9;75;4;6;2;moderate
DEBB021;"'2021-08-11 14:00'";9;75;3;6;2;moderate
DEBB021;"'2021-08-11 15:00'";9;77;4;6;2;moderate
DEBB021;"'2021-08-11 16:00'";8;81;4;5;2;moderate
DEBB021;"'2021-08-11 17:00'";7;82;4;5;2;moderate
DEBB021;"'2021-08-11 18:00'";9;86;4;6;2;moderate
DEBB021;"'2021-08-11 19:00'";10;87;5;7;2;moderate
DEBB021;"'2021-08-11 20:00'";12;88;5;9;2;moderate
DEBB021;"'2021-08-11 21:00'";14;69;13;11;2;good
DEBB021;"'2021-08-11 22:00'";15;49;20;11;2;good
DEBB021;"'2021-08-11 23:00'";16;38;18;13;2;good
DEBB021;"'2021-08-11 24:00'";18;25;21;14;2;good
DEBB021;"'2021-08-12 01:00'";19;22;15;14;2;good
DEBB021;"'2021-08-12 02:00'";19;18;13;15;2;good
DEBB021;"'2021-08-12 03:00'";19;20;14;15;2;good
DEBB021;"'2021-08-12 04:00'";18;24;13;15;2;good
DEBB021;"'2021-08-12 05:00'";18;12;14;15;2;good
DEBB021;"'2021-08-12 06:00'";17;9;18;14;2;good
DEBB021;"'2021-08-12 07:00'";17;6;23;13;2;good
DEBB021;"'2021-08-12 08:00'";19;6;26;14;2;good
DEBB021;"'2021-08-12 09:00'";19;14;41;13;3;moderate
DEBB021;"'2021-08-12 10:00'";17;36;31;9;10;moderate
DEBB021;"'2021-08-12 11:00'";11;66;16;7;3;good
DEBB021;"'2021-08-12 12:00'";10;86;7;6;2;moderate
DEBB021;"'2021-08-12 13:00'";9;96;5;6;2;moderate
DEBB021;"'2021-08-12 14:00'";10;100;7;6;2;moderate
DEBB021;"'2021-08-12 15:00'";10;104;6;6;2;moderate
DEBB021;"'2021-08-12 16:00'";11;104;8;6;2;moderate
DEBB021;"'2021-08-12 17:00'";11;106;6;6;2;moderate
DEBB021;"'2021-08-12 18:00'";10;109;7;6;2;moderate
DEBB021;"'2021-08-12 19:00'";11;108;6;6;2;moderate
DEBB021;"'2021-08-12 20:00'";14;93;13;8;2;moderate
DEBB021;"'2021-08-12 21:00'";17;73;20;10;2;moderate
DEBB021;"'2021-08-12 22:00'";20;39;42;13;2;moderate
DEBB021;"'2021-08-12 23:00'";20;36;36;14;2;moderate
DEBB021;"'2021-08-12 24:00'";19;54;24;13;2;good
DEBB021;"'2021-08-13 01:00'";18;52;21;14;2;good
DEBB021;"'2021-08-13 02:00'";18;48;19;14;2;good
DEBB021;"'2021-08-13 03:00'";19;58;16;14;2;good
DEBB021;"'2021-08-13 04:00'";19;61;13;14;2;good
DEBB021;"'2021-08-13 05:00'";21;49;14;17;2;moderate
DEBB021;"'2021-08-13 06:00'";26;39;20;21;2;moderate
DEBB021;"'2021-08-13 07:00'";28;33;27;22;2;moderate
DEBB021;"'2021-08-13 08:00'";35;20;40;24;2;moderate
DEBB021;"'2021-08-13 09:00'";35;36;34;21;2;moderate
DEBB021;"'2021-08-13 10:00'";29;75;17;13;4;moderate
DEBB021;"'2021-08-13 11:00'";31;79;22;12;4;moderate
DEBB021;"'2021-08-13 12:00'";22;106;11;9;3;moderate
DEBB021;"'2021-08-13 13:00'";19;115;8;8;2;moderate
DEBB021;"'2021-08-13 14:00'";17;117;7;8;2;moderate
DEBB021;"'2021-08-13 15:00'";18;120;6;8;2;moderate
DEBB021;"'2021-08-13 16:00'";15;116;6;7;2;moderate
DEBB021;"'2021-08-13 17:00'";15;124;7;7;3;moderate
DEBB021;"'2021-08-13 18:00'";15;120;6;7;2;moderate
DEBB021;"'2021-08-13 19:00'";15;114;7;7;2;moderate
DEBB021;"'2021-08-13 20:00'";17;92;16;8;2;moderate
DEBB021;"'2021-08-13 21:00'";19;84;20;10;2;moderate
DEBB021;"'2021-08-13 22:00'";25;77;23;12;2;moderate
DEBB021;"'2021-08-13 23:00'";21;96;13;11;2;moderate
DEBB021;"'2021-08-13 24:00'";22;106;6;12;2;moderate
DEBB021;"'2021-08-14 01:00'";21;91;5;12;2;moderate
DEBB021;"'2021-08-14 02:00'";16;74;6;9;2;moderate
DEBB021;"'2021-08-14 03:00'";13;72;6;7;3;good
DEBB021;"'2021-08-14 04:00'";13;69;7;7;2;good
DEBB021;"'2021-08-14 05:00'";14;57;15;8;2;good
DEBB021;"'2021-08-14 06:00'";14;59;8;8;2;good
DEBB021;"'2021-08-14 07:00'";13;52;11;9;2;good
DEBB021;"'2021-08-14 08:00'";14;52;11;9;2;good
DEBB021;"'2021-08-14 09:00'";17;62;7;9;3;good
DEBB021;"'2021-08-14 10:00'";15;69;5;8;3;good
DEBB021;"'2021-08-14 11:00'";17;76;6;8;3;moderate
DEBB021;"'2021-08-14 12:00'";16;80;6;7;2;moderate
DEBB021;"'2021-08-14 13:00'";13;83;5;6;2;moderate
DEBB021;"'2021-08-14 14:00'";12;89;7;5;2;moderate
DEBB021;"'2021-08-14 15:00'";13;101;6;6;2;moderate
DEBB021;"'2021-08-14 16:00'";15;109;5;6;2;moderate
DEBB021;"'2021-08-14 17:00'";15;109;6;6;2;moderate
DEBB021;"'2021-08-14 18:00'";16;113;5;6;2;moderate
DEBB021;"'2021-08-14 19:00'";17;111;6;6;2;moderate
DEBB021;"'2021-08-14 20:00'";18;111;8;7;3;moderate
DEBB021;"'2021-08-14 21:00'";30;104;11;10;3;moderate
DEBB021;"'2021-08-14 22:00'";24;88;15;11;2;moderate
DEBB021;"'2021-08-14 23:00'";26;72;20;13;2;good
DEBB021;"'2021-08-14 24:00'";29;72;15;16;2;moderate
DEBB021;"'2021-08-15 01:00'";23;57;17;15;2;good
DEBB021;"'2021-08-15 02:00'";20;48;27;14;2;good
DEBB021;"'2021-08-15 03:00'";17;68;7;10;2;good
DEBB021;"'2021-08-15 04:00'";15;59;6;10;2;good
DEBB021;"'2021-08-15 05:00'";15;45;9;10;2;good
DEBB021;"'2021-08-15 06:00'";15;29;16;11;2;good
DEBB021;"'2021-08-15 07:00'";16;27;10;11;2;good
DEBB021;"'2021-08-15 08:00'";17;40;6;12;2;good
DEBB021;"'2021-08-15 09:00'";17;55;4;11;2;good
DEBB021;"'2021-08-15 10:00'";20;66;5;11;2;good
DEBB021;"'2021-08-15 11:00'";16;75;4;9;2;moderate
DEBB021;"'2021-08-15 12:00'";15;82;4;9;2;moderate
DEBB021;"'2021-08-15 13:00'";16;86;4;10;2;moderate
DEBB021;"'2021-08-15 14:00'";15;92;4;9;2;moderate
DEBB021;"'2021-08-15 15:00'";14;92;5;8;2;moderate
DEBB021;"'2021-08-15 16:00'";12;91;5;7;2;moderate
DEBB021;"'2021-08-15 17:00'";12;96;3;6;2;moderate
DEBB021;"'2021-08-15 18:00'";12;99;3;7;2;moderate
DEBB021;"'2021-08-15 19:00'";12;97;5;6;2;moderate
DEBB021;"'2021-08-15 20:00'";15;85;7;7;2;moderate
DEBB021;"'2021-08-15 21:00'";15;72;14;9;2;good
DEBB021;"'2021-08-15 22:00'";17;58;20;11;2;good
DEBB021;"'2021-08-15 23:00'";17;49;23;12;2;good
DEBB021;"'2021-08-15 24:00'";15;57;14;11;2;good
DEBB021;"'2021-08-16 01:00'";13;63;10;9;2;good
DEBB021;"'2021-08-16 02:00'";13;60;9;8;2;good
DEBB021;"'2021-08-16 03:00'";12;59;8;8;2;good
DEBB021;"'2021-08-16 04:00'";12;57;11;7;3;good
DEBB021;"'2021-08-16 05:00'";12;55;12;7;3;good
DEBB021;"'2021-08-16 06:00'";14;63;10;7;3;good
DEBB021;"'2021-08-16 07:00'";15;59;14;7;3;good
DEBB021;"'2021-08-16 08:00'";17;60;13;6;2;good
DEBB021;"'2021-08-16 09:00'";17;63;11;6;3;good
DEBB021;"'2021-08-16 10:00'";15;67;8;7;3;good
DEBB021;"'2021-08-16 11:00'";15;76;5;7;2;moderate
DEBB021;"'2021-08-16 12:00'";16;83;5;8;2;moderate
DEBB021;"'2021-08-16 13:00'";17;88;5;7;2;moderate
DEBB021;"'2021-08-16 14:00'";16;92;5;6;2;moderate
DEBB021;"'2021-08-16 15:00'";20;90;4;6;2;moderate
DEBB021;"'2021-08-16 16:00'";19;90;5;6;2;moderate
DEBB021;"'2021-08-16 17:00'";21;86;5;7;2;moderate
DEBB021;"'2021-08-16 18:00'";13;73;4;5;2;moderate
DEBB021;"'2021-08-16 19:00'";4;69;4;4;2;good
DEBB021;"'2021-08-16 20:00'";6;60;6;5;2;good
DEBB021;"'2021-08-16 21:00'";5;59;5;5;2;good
DEBB021;"'2021-08-16 22:00'";4;65;4;4;2;good
DEBB021;"'2021-08-16 23:00'";6;57;5;5;2;good
DEBB021;"'2021-08-16 24:00'";7;55;4;5;2;good
DEBB021;"'2021-08-17 01:00'";8;54;4;6;2;good
DEBB021;"'2021-08-17 02:00'";8;54;4;6;2;good
DEBB021;"'2021-08-17 03:00'";8;53;3;6;2;good
DEBB021;"'2021-08-17 04:00'";8;58;3;6;2;good
DEBB021;"'2021-08-17 05:00'";8;60;3;6;2;good
DEBB021;"'2021-08-17 06:00'";8;62;3;6;2;good
DEBB021;"'2021-08-17 07:00'";7;60;5;6;2;good
DEBB021;"'2021-08-17 08:00'";8;57;7;6;2;good
DEBB021;"'2021-08-17 09:00'";10;55;7;7;2;good
DEBB021;"'2021-08-17 10:00'";9;57;6;7;2;good
DEBB021;"'2021-08-17 11:00'";8;59;5;6;2;good
DEBB021;"'2021-08-17 12:00'";12;59;6;8;2;good
DEBB021;"'2021-08-17 13:00'";12;65;5;7;2;good
DEBB021;"'2021-08-17 14:00'";13;67;5;8;2;good
DEBB021;"'2021-08-17 15:00'";13;71;5;7;2;good
DEBB021;"'2021-08-17 16:00'";14;74;5;7;2;moderate
DEBB021;"'2021-08-17 17:00'";13;77;4;7;2;moderate
DEBB021;"'2021-08-17 18:00'";13;76;4;8;2;moderate
DEBB021;"'2021-08-17 19:00'";13;76;5;9;2;moderate
DEBB021;"'2021-08-17 20:00'";15;75;7;10;2;moderate
DEBB021;"'2021-08-17 21:00'";14;77;6;11;2;moderate
DEBB021;"'2021-08-17 22:00'";11;79;5;9;2;moderate
DEBB021;"'2021-08-17 23:00'";15;72;6;12;2;good
DEBB021;"'2021-08-17 24:00'";14;70;6;12;2;good
DEBB021;"'2021-08-18 01:00'";14;67;7;12;2;good
DEBB021;"'2021-08-18 02:00'";13;65;6;12;3;good
DEBB021;"'2021-08-18 03:00'";14;64;6;13;2;good
DEBB021;"'2021-08-18 04:00'";13;63;6;12;2;good
DEBB021;"'2021-08-18 05:00'";11;60;6;10;2;good
DEBB021;"'2021-08-18 06:00'";10;56;8;9;2;good
DEBB021;"'2021-08-18 07:00'";9;51;11;8;2;good
DEBB021;"'2021-08-18 08:00'";9;45;15;7;2;good
DEBB021;"'2021-08-18 09:00'";8;55;8;6;2;good
DEBB021;"'2021-08-18 10:00'";6;65;5;5;2;good
DEBB021;"'2021-08-18 11:00'";7;62;6;5;2;good
DEBB021;"'2021-08-18 12:00'";8;54;9;5;2;good
DEBB021;"'2021-08-18 13:00'";7;67;6;5;2;good
DEBB021;"'2021-08-18 14:00'";8;77;5;5;2;moderate
DEBB021;"'2021-08-18 15:00'";7;71;5;4;2;good
DEBB021;"'2021-08-18 16:00'";7;69;4;4;2;good
DEBB021;"'2021-08-18 17:00'";6;67;4;3;2;good
DEBB021;"'2021-08-18 18:00'";8;66;5;4;2;good
DEBB021;"'2021-08-18 19:00'";10;63;6;5;2;good
DEBB021;"'2021-08-18 20:00'";8;63;6;4;2;good
DEBB021;"'2021-08-18 21:00'";7;61;6;4;2;good
DEBB021;"'2021-08-18 22:00'";7;59;5;5;2;good
DEBB021;"'2021-08-18 23:00'";6;59;5;4;2;good
DEBB021;"'2021-08-18 24:00'";7;59;5;4;2;good
DEBB021;"'2021-08-19 01:00'";8;59;4;6;2;good
DEBB021;"'2021-08-19 02:00'";10;60;5;8;2;good
DEBB021;"'2021-08-19 03:00'";12;61;5;11;2;good
DEBB021;"'2021-08-19 04:00'";14;58;5;12;2;good
DEBB021;"'2021-08-19 05:00'";13;55;5;11;2;good
DEBB021;"'2021-08-19 06:00'";13;52;6;11;2;good
DEBB021;"'2021-08-19 07:00'";14;45;10;12;2;good
DEBB021;"'2021-08-19 08:00'";13;46;10;11;2;good
DEBB021;"'2021-08-19 09:00'";12;49;10;9;2;good
DEBB021;"'2021-08-19 10:00'";13;48;10;10;2;good
DEBB021;"'2021-08-19 11:00'";15;53;8;11;2;good
DEBB021;"'2021-08-19 12:00'";15;57;8;11;2;good
DEBB021;"'2021-08-19 13:00'";15;65;6;11;2;good
DEBB021;"'2021-08-19 14:00'";14;66;6;9;2;good
DEBB021;"'2021-08-19 15:00'";12;71;6;7;2;good
DEBB021;"'2021-08-19 16:00'";14;72;6;8;2;good
DEBB021;"'2021-08-19 17:00'";12;73;8;7;2;moderate
DEBB021;"'2021-08-19 18:00'";12;74;6;6;2;moderate
DEBB021;"'2021-08-19 19:00'";17;69;8;9;2;good
DEBB021;"'2021-08-19 20:00'";14;68;7;9;2;good
DEBB021;"'2021-08-19 21:00'";12;65;6;9;2;good
DEBB021;"'2021-08-19 22:00'";13;60;7;11;2;good
DEBB021;"'2021-08-19 23:00'";14;55;7;11;2;good
DEBB021;"'2021-08-19 24:00'";12;53;7;10;2;good
DEBB021;"'2021-08-20 01:00'";13;45;10;11;2;good
DEBB021;"'2021-08-20 02:00'";12;42;8;10;2;good
DEBB021;"'2021-08-20 03:00'";8;47;7;7;2;good
DEBB021;"'2021-08-20 04:00'";9;43;6;8;2;good
DEBB021;"'2021-08-20 05:00'";11;42;7;9;2;good
DEBB021;"'2021-08-20 06:00'";13;37;10;11;2;good
DEBB021;"'2021-08-20 07:00'";14;39;11;11;2;good
DEBB021;"'2021-08-20 08:00'";15;29;16;11;2;good
DEBB021;"'2021-08-20 09:00'";20;33;18;16;3;moderate
DEBB021;"'2021-08-20 10:00'";18;48;11;14;2;good
DEBB021;"'2021-08-20 11:00'";17;54;9;13;2;good
DEBB021;"'2021-08-20 12:00'";18;54;9;14;2;good
DEBB021;"'2021-08-20 13:00'";20;67;6;14;2;good
DEBB021;"'2021-08-20 14:00'";20;76;7;13;2;moderate
DEBB021;"'2021-08-20 15:00'";21;74;7;15;2;moderate
DEBB021;"'2021-08-20 16:00'";10;81;4;6;2;moderate
DEBB021;"'2021-08-20 17:00'";13;80;5;9;2;moderate
DEBB021;"'2021-08-20 18:00'";15;81;6;10;2;moderate
DEBB021;"'2021-08-20 19:00'";14;78;5;9;2;moderate
DEBB021;"'2021-08-20 20:00'";16;76;6;10;2;moderate
DEBB021;"'2021-08-20 21:00'";16;68;8;10;2;good
DEBB021;"'2021-08-20 22:00'";11;65;7;10;2;good
DEBB021;"'2021-08-20 23:00'";11;45;9;11;2;good
DEBB021;"'2021-08-20 24:00'";14;32;9;13;2;good
DEBB021;"'2021-08-21 01:00'";14;25;9;13;2;good
DEBB021;"'2021-08-21 02:00'";14;17;13;13;2;good
DEBB021;"'2021-08-21 03:00'";14;17;12;12;2;good
DEBB021;"'2021-08-21 04:00'";16;13;13;13;2;good
DEBB021;"'2021-08-21 05:00'";16;13;13;13;2;good
DEBB021;"'2021-08-21 06:00'";16;6;17;13;2;good
DEBB021;"'2021-08-21 07:00'";17;5;15;13;2;good
DEBB021;"'2021-08-21 08:00'";16;13;16;13;2;good
DEBB021;"'2021-08-21 09:00'";16;41;9;14;2;good
DEBB021;"'2021-08-21 10:00'";14;59;6;11;2;good
DEBB021;"'2021-08-21 11:00'";12;66;5;9;2;good
DEBB021;"'2021-08-21 12:00'";9;77;4;7;2;moderate
DEBB021;"'2021-08-21 13:00'";10;81;4;7;2;moderate
DEBB021;"'2021-08-21 14:00'";10;85;4;7;2;moderate
DEBB021;"'2021-08-21 15:00'";9;88;5;6;2;moderate
DEBB021;"'2021-08-21 16:00'";9;88;5;5;2;moderate
DEBB021;"'2021-08-21 17:00'";8;90;5;5;2;moderate
DEBB021;"'2021-08-21 18:00'";8;89;4;5;2;moderate
DEBB021;"'2021-08-21 19:00'";10;85;6;5;2;moderate
DEBB021;"'2021-08-21 20:00'";10;77;8;6;2;moderate
DEBB021;"'2021-08-21 21:00'";11;66;12;7;2;good
DEBB021;"'2021-08-21 22:00'";10;60;13;7;2;good
DEBB021;"'2021-08-21 23:00'";11;54;15;7;2;good
DEBB021;"'2021-08-21 24:00'";14;52;14;11;2;good
DEBB021;"'2021-08-22 01:00'";10;55;13;8;4;good
DEBB021;"'2021-08-22 02:00'";10;57;10;7;4;good
DEBB021;"'2021-08-22 03:00'";9;57;10;6;4;good
DEBB021;"'2021-08-22 04:00'";8;58;9;7;3;good
DEBB021;"'2021-08-22 05:00'";8;59;8;6;3;good
DEBB021;"'2021-08-22 06:00'";8;58;7;6;3;good
DEBB021;"'2021-08-22 07:00'";8;57;7;6;3;good
DEBB021;"'2021-08-22 08:00'";8;61;5;6;2;good
DEBB021;"'2021-08-22 09:00'";10;62;6;6;2;good
DEBB021;"'2021-08-22 10:00'";9;65;6;6;2;good
DEBB021;"'2021-08-22 11:00'";9;67;6;6;2;good
DEBB021;"'2021-08-22 12:00'";11;69;6;7;3;good
DEBB021;"'2021-08-22 13:00'";14;59;15;9;2;good
DEBB021;"'2021-08-22 14:00'";14;44;20;11;2;good
DEBB021;"'2021-08-22 15:00'";15;48;23;12;2;good
DEBB021;"'2021-08-22 16:00'";15;59;25;13;3;good
DEBB021;"'2021-08-22 17:00'";15;59;30;13;3;good
DEBB021;"'2021-08-22 18:00'";14;62;15;12;2;good
DEBB021;"'2021-08-22 19:00'";12;55;16;10;2;good
DEBB021;"'2021-08-22 20:00'";12;51;8;9;2;good
DEBB021;"'2021-08-22 21:00'";12;46;10;9;2;good
DEBB021;"'2021-08-22 22:00'";12;42;9;9;2;good
DEBB021;"'2021-08-22 23:00'";13;39;8;10;2;good
DEBB021;"'2021-08-22 24:00'";13;40;7;10;2;good
DEBB021;"'2021-08-23 01:00'";14;46;7;11;2;good
DEBB021;"'2021-08-23 02:00'";15;47;7;12;2;good
DEBB021;"'2021-08-23 03:00'";14;53;5;12;2;good
DEBB021;"'2021-08-23 04:00'";17;53;5;15;2;good
DEBB021;"'2021-08-23 05:00'";14;53;5;13;2;good
DEBB021;"'2021-08-23 06:00'";8;46;6;7;2;good
DEBB021;"'2021-08-23 07:00'";8;42;9;7;2;good
DEBB021;"'2021-08-23 08:00'";9;47;8;7;2;good
DEBB021;"'2021-08-23 09:00'";9;46;11;6;2;good
DEBB021;"'2021-08-23 10:00'";9;45;9;6;2;good
DEBB021;"'2021-08-23 11:00'";8;49;7;6;2;good
DEBB021;"'2021-08-23 12:00'";7;52;9;5;2;good
DEBB021;"'2021-08-23 13:00'";9;58;9;5;3;good
DEBB021;"'2021-08-23 14:00'";10;59;10;4;2;good
DEBB021;"'2021-08-23 15:00'";10;57;11;4;2;good
DEBB021;"'2021-08-23 16:00'";11;60;11;4;2;good
DEBB021;"'2021-08-23 17:00'";11;61;10;4;2;good
DEBB021;"'2021-08-23 18:00'";10;75;3;3;2;moderate
DEBB021;"'2021-08-23 19:00'";9;75;3;3;2;moderate
DEBB021;"'2021-08-23 20:00'";8;76;3;3;2;moderate
DEBB021;"'2021-08-23 21:00'";7;79;3;3;2;moderate
DEBB021;"'2021-08-23 22:00'";6;80;4;3;2;moderate
DEBB021;"'2021-08-23 23:00'";5;76;3;3;2;moderate
DEBB021;"'2021-08-23 24:00'";4;73;3;3;2;moderate
DEBB021;"'2021-08-24 01:00'";4;69;2;3;2;good
DEBB021;"'2021-08-24 02:00'";4;64;2;3;2;good
DEBB021;"'2021-08-24 03:00'";4;63;3;3;2;good
DEBB021;"'2021-08-24 04:00'";4;62;3;3;2;good
DEBB021;"'2021-08-24 05:00'";4;59;3;3;2;good
DEBB021;"'2021-08-24 06:00'";4;54;3;3;2;good
DEBB021;"'2021-08-24 07:00'";4;49;5;3;2;good
DEBB021;"'2021-08-24 08:00'";4;46;7;3;2;good
DEBB021;"'2021-08-24 09:00'";4;50;7;3;2;good
DEBB021;"'2021-08-24 10:00'";5;55;6;3;2;good
DEBB021;"'2021-08-24 11:00'";6;63;6;3;2;good
DEBB021;"'2021-08-24 12:00'";5;71;5;2;2;good
DEBB021;"'2021-08-24 13:00'";5;77;4;3;2;moderate
DEBB021;"'2021-08-24 14:00'";5;81;4;3;2;moderate
DEBB021;"'2021-08-24 15:00'";5;87;5;3;2;moderate
DEBB021;"'2021-08-24 16:00'";6;89;5;4;2;moderate
DEBB021;"'2021-08-24 17:00'";6;89;5;3;2;moderate
DEBB021;"'2021-08-24 18:00'";6;87;5;4;2;moderate
DEBB021;"'2021-08-24 19:00'";7;82;5;4;2;moderate
DEBB021;"'2021-08-24 20:00'";7;79;5;4;2;moderate
DEBB021;"'2021-08-24 21:00'";8;72;7;4;2;good
DEBB021;"'2021-08-24 22:00'";7;70;6;4;2;good
DEBB021;"'2021-08-24 23:00'";7;65;6;4;2;good
DEBB021;"'2021-08-24 24:00'";7;60;7;4;2;good
DEBB021;"'2021-08-25 01:00'";6;55;8;4;2;good
DEBB021;"'2021-08-25 02:00'";6;49;10;4;2;good
DEBB021;"'2021-08-25 03:00'";6;50;6;5;2;good
DEBB021;"'2021-08-25 04:00'";7;42;7;5;2;good
DEBB021;"'2021-08-25 05:00'";7;39;9;5;2;good
DEBB021;"'2021-08-25 06:00'";7;26;16;5;2;good
DEBB021;"'2021-08-25 07:00'";7;21;25;6;2;good
DEBB021;"'2021-08-25 08:00'";7;36;18;6;2;good
DEBB021;"'2021-08-25 09:00'";9;41;16;6;3;good
DEBB021;"'2021-08-25 10:00'";9;47;13;5;4;good
DEBB021;"'2021-08-25 11:00'";8;53;10;5;5;good
DEBB021;"'2021-08-25 12:00'";10;61;8;5;4;good
DEBB021;"'2021-08-25 13:00'";10;67;7;5;3;good
DEBB021;"'2021-08-25 14:00'";11;71;8;5;3;good
DEBB021;"'2021-08-25 15:00'";12;85;7;5;3;moderate
DEBB021;"'2021-08-25 16:00'";12;98;5;5;2;moderate
DEBB021;"'2021-08-25 17:00'";11;100;7;4;2;moderate
DEBB021;"'2021-08-25 18:00'";13;102;6;5;2;moderate
DEBB021;"'2021-08-25 19:00'";13;93;6;7;2;moderate
DEBB021;"'2021-08-25 20:00'";12;87;6;6;2;moderate
DEBB021;"'2021-08-25 21:00'";11;80;7;6;2;moderate
DEBB021;"'2021-08-25 22:00'";7;73;5;5;2;moderate
DEBB021;"'2021-08-25 23:00'";5;66;4;4;2;good
DEBB021;"'2021-08-25 24:00'";3;58;3;3;2;good
DEBB021;"'2021-08-26 01:00'";3;57;3;2;2;good
DEBB021;"'2021-08-26 02:00'";3;50;5;3;2;good
DEBB021;"'2021-08-26 03:00'";6;51;4;4;2;good
DEBB021;"'2021-08-26 04:00'";8;51;3;6;2;good
DEBB021;"'2021-08-26 05:00'";10;52;3;7;2;good
DEBB021;"'2021-08-26 06:00'";13;51;3;9;2;good
DEBB021;"'2021-08-26 07:00'";14;48;6;10;2;good
DEBB021;"'2021-08-26 08:00'";14;43;10;10;2;good
DEBB021;"'2021-08-26 09:00'";17;43;7;12;2;good
DEBB021;"'2021-08-26 10:00'";18;46;5;12;2;good
DEBB021;"'2021-08-26 11:00'";15;50;4;9;2;good
DEBB021;"'2021-08-26 12:00'";6;55;5;4;2;good
DEBB021;"'2021-08-26 13:00'";7;50;7;5;2;good
DEBB021;"'2021-08-26 14:00'";4;46;9;3;2;good
DEBB021;"'2021-08-26 15:00'";3;54;6;2;2;good
DEBB021;"'2021-08-26 16:00'";2;55;6;1;2;good
DEBB021;"'2021-08-26 17:00'";2;49;10;2;2;good
DEBB021;"'2021-08-26 18:00'";4;45;9;3;2;good
DEBB021;"'2021-08-26 19:00'";3;46;7;2;2;good
DEBB021;"'2021-08-26 20:00'";4;48;6;3;2;good
DEBB021;"'2021-08-26 21:00'";4;47;7;3;2;good
DEBB021;"'2021-08-26 22:00'";4;44;5;3;2;good
DEBB021;"'2021-08-26 23:00'";4;41;5;3;2;good
DEBB021;"'2021-08-26 24:00'";3;40;4;3;2;good
DEBB021;"'2021-08-27 01:00'";3;37;4;2;2;good
DEBB021;"'2021-08-27 02:00'";4;35;4;3;2;good
DEBB021;"'2021-08-27 03:00'";4;33;5;3;2;good
DEBB021;"'2021-08-27 04:00'";4;32;6;3;2;good
DEBB021;"'2021-08-27 05:00'";4;32;4;3;2;good
DEBB021;"'2021-08-27 06:00'";3;32;6;2;2;good
DEBB021;"'2021-08-27 07:00'";2;31;8;1;2;good
DEBB021;"'2021-08-27 08:00'";2;29;8;1;2;good
DEBB021;"'2021-08-27 09:00'";2;29;11;0.8;2;good
DEBB021;"'2021-08-27 10:00'";1;35;5;0.8;2;good
DEBB021;"'2021-08-27 11:00'";1;44;4;0.8;2;good
DEBB021;"'2021-08-27 12:00'";2;46;4;1;2;good
DEBB021;"'2021-08-27 13:00'";3;46;6;1;2;good
DEBB021;"'2021-08-27 14:00'";2;48;4;0.8;2;good
DEBB021;"'2021-08-27 15:00'";2;48;5;0.8;2;good
DEBB021;"'2021-08-27 16:00'";3;49;5;2;2;good
DEBB021;"'2021-08-27 17:00'";2;49;6;0.8;2;good
DEBB021;"'2021-08-27 18:00'";2;48;6;0.8;2;good
DEBB021;"'2021-08-27 19:00'";3;47;6;2;2;good
DEBB021;"'2021-08-27 20:00'";3;42;6;2;2;good
DEBB021;"'2021-08-27 21:00'";5;36;9;4;2;good
DEBB021;"'2021-08-27 22:00'";7;30;11;6;2;good
DEBB021;"'2021-08-27 23:00'";7;30;8;6;2;good
DEBB021;"'2021-08-27 24:00'";7;33;6;5;2;good
DEBB021;"'2021-08-28 01:00'";5;37;5;4;2;good
DEBB021;"'2021-08-28 02:00'";4;39;4;3;2;good
DEBB021;"'2021-08-28 03:00'";4;35;5;3;2;good
DEBB021;"'2021-08-28 04:00'";5;30;7;4;2;good
DEBB021;"'2021-08-28 05:00'";6;29;6;5;2;good
DEBB021;"'2021-08-28 06:00'";8;29;6;6;2;good
DEBB021;"'2021-08-28 07:00'";10;31;7;8;2;good
DEBB021;"'2021-08-28 08:00'";10;32;5;8;2;good
DEBB021;"'2021-08-28 09:00'";6;36;4;5;2;good
DEBB021;"'2021-08-28 10:00'";5;44;5;5;2;good
DEBB021;"'2021-08-28 11:00'";6;52;4;5;2;good
DEBB021;"'2021-08-28 12:00'";6;57;4;5;2;good
DEBB021;"'2021-08-28 13:00'";5;62;3;4;2;good
DEBB021;"'2021-08-28 14:00'";4;67;4;3;2;good
DEBB021;"'2021-08-28 15:00'";5;70;5;3;2;good
DEBB021;"'2021-08-28 16:00'";4;73;3;4;2;moderate
DEBB021;"'2021-08-28 17:00'";5;72;4;4;2;good
DEBB021;"'2021-08-28 18:00'";5;72;5;4;2;good
DEBB021;"'2021-08-28 19:00'";5;71;6;4;2;good
DEBB021;"'2021-08-28 20:00'";7;70;5;6;2;good
DEBB021;"'2021-08-28 21:00'";8;63;8;7;2;good
DEBB021;"'2021-08-28 22:00'";9;55;8;8;2;good
DEBB021;"'2021-08-28 23:00'";8;49;8;7;2;good
DEBB021;"'2021-08-28 24:00'";8;45;6;7;2;good
DEBB021;"'2021-08-29 01:00'";8;44;5;7;2;good
DEBB021;"'2021-08-29 02:00'";9;39;4;8;2;good
DEBB021;"'2021-08-29 03:00'";10;33;5;9;2;good
DEBB021;"'2021-08-29 04:00'";11;27;5;9;2;good
DEBB021;"'2021-08-29 05:00'";11;20;7;8;2;good
DEBB021;"'2021-08-29 06:00'";9;21;6;7;2;good
DEBB021;"'2021-08-29 07:00'";7;18;8;5;2;"very good"
DEBB021;"'2021-08-29 08:00'";6;20;9;4;2;"very good"
DEBB021;"'2021-08-29 09:00'";6;25;6;5;2;good
DEBB021;"'2021-08-29 10:00'";6;25;6;5;2;good
DEBB021;"'2021-08-29 11:00'";6;23;7;5;2;"very good"
DEBB021;"'2021-08-29 12:00'";5;28;7;5;2;good
DEBB021;"'2021-08-29 13:00'";4;39;3;3;2;good
DEBB021;"'2021-08-29 14:00'";2;39;4;2;2;good
DEBB021;"'2021-08-29 15:00'";0.8;56;4;0.8;2;good
DEBB021;"'2021-08-29 16:00'";2;51;4;0.8;2;good
DEBB021;"'2021-08-29 17:00'";2;43;5;1;2;good
DEBB021;"'2021-08-29 18:00'";3;42;6;2;2;good
DEBB021;"'2021-08-29 19:00'";4;46;5;4;2;good
DEBB021;"'2021-08-29 20:00'";6;44;9;5;2;good
DEBB021;"'2021-08-29 21:00'";6;39;8;5;2;good
DEBB021;"'2021-08-29 22:00'";5;41;5;4;2;good
DEBB021;"'2021-08-29 23:00'";5;39;6;4;2;good
DEBB021;"'2021-08-29 24:00'";4;60;5;3;2;good
DEBB021;"'2021-08-30 01:00'";3;64;4;2;2;good
DEBB021;"'2021-08-30 02:00'";5;58;5;4;2;good
DEBB021;"'2021-08-30 03:00'";6;53;5;4;2;good
DEBB021;"'2021-08-30 04:00'";6;50;5;4;2;good
DEBB021;"'2021-08-30 05:00'";5;57;5;4;2;good
DEBB021;"'2021-08-30 06:00'";6;53;6;4;2;good
DEBB021;"'2021-08-30 07:00'";7;44;14;5;2;good
DEBB021;"'2021-08-30 08:00'";7;47;13;6;2;good
DEBB021;"'2021-08-30 09:00'";11;45;12;8;2;good
DEBB021;"'2021-08-30 10:00'";14;50;9;10;2;good
DEBB021;"'2021-08-30 11:00'";12;54;7;9;2;good
DEBB021;"'2021-08-30 12:00'";9;61;7;7;2;good
DEBB021;"'2021-08-30 13:00'";7;61;6;6;2;good
DEBB021;"'2021-08-30 14:00'";6;64;5;5;2;good
DEBB021;"'2021-08-30 15:00'";5;65;5;5;2;good
DEBB021;"'2021-08-30 16:00'";6;65;7;5;2;good
DEBB021;"'2021-08-30 17:00'";7;64;7;6;2;good
DEBB021;"'2021-08-30 18:00'";9;61;7;8;2;good
DEBB021;"'2021-08-30 19:00'";10;59;5;8;2;good
DEBB021;"'2021-08-30 20:00'";11;62;4;9;2;good
DEBB021;"'2021-08-30 21:00'";13;65;3;9;2;good
DEBB021;"'2021-08-30 22:00'";12;67;3;9;2;good
DEBB021;"'2021-08-30 23:00'";12;67;3;9;2;good
DEBB021;"'2021-08-30 24:00'";13;64;3;9;2;good
DEBB021;"'2021-08-31 01:00'";13;64;3;10;2;good
DEBB021;"'2021-08-31 02:00'";13;65;2;10;2;good
DEBB021;"'2021-08-31 03:00'";13;62;2;9;2;good
DEBB021;"'2021-08-31 04:00'";13;59;3;9;2;good
DEBB021;"'2021-08-31 05:00'";13;54;3;10;2;good
DEBB021;"'2021-08-31 06:00'";13;50;4;10;2;good
DEBB021;"'2021-08-31 07:00'";13;49;6;9;2;good
DEBB021;"'2021-08-31 08:00'";12;46;8;9;2;good
DEBB021;"'2021-08-31 09:00'";13;46;8;10;2;good
DEBB021;"'2021-08-31 10:00'";12;51;7;9;2;good
DEBB021;"'2021-08-31 11:00'";12;56;5;9;2;good
DEBB021;"'2021-08-31 12:00'";13;62;4;9;2;good
DEBB021;"'2021-08-31 13:00'";13;67;4;9;2;good
DEBB021;"'2021-08-31 14:00'";13;72;4;9;2;good
DEBB021;"'2021-08-31 15:00'";10;78;3;7;2;moderate
DEBB021;"'2021-08-31 16:00'";8;81;4;5;2;moderate
DEBB021;"'2021-08-31 17:00'";8;77;4;5;2;moderate
DEBB021;"'2021-08-31 18:00'";9;75;4;6;2;moderate
DEBB021;"'2021-08-31 19:00'";9;77;4;6;2;moderate
DEBB021;"'2021-08-31 20:00'";9;72;6;6;2;good
DEBB021;"'2021-08-31 21:00'";11;66;6;7;2;good
DEBB021;"'2021-08-31 22:00'";11;59;9;8;2;good
DEBB021;"'2021-08-31 23:00'";12;54;11;9;2;good
DEBB021;"'2021-08-31 24:00'";12;45;12;9;2;good
DEBB021;"'2021-09-01 01:00'";12;35;12;9;2;good
DEBB021;"'2021-09-01 02:00'";13;29;14;9;2;good
DEBB021;"'2021-09-01 03:00'";14;31;10;10;2;good
DEBB021;"'2021-09-01 04:00'";14;31;10;10;2;good
DEBB021;"'2021-09-01 05:00'";15;35;9;11;2;good
DEBB021;"'2021-09-01 06:00'";16;34;10;12;2;good
DEBB021;"'2021-09-01 07:00'";16;29;13;12;2;good
DEBB021;"'2021-09-01 08:00'";17;25;16;12;2;good
DEBB021;"'2021-09-01 09:00'";15;32;9;11;2;good
DEBB021;"'2021-09-01 10:00'";13;38;6;11;2;good
DEBB021;"'2021-09-01 11:00'";15;43;6;13;2;good
DEBB021;"'2021-09-01 12:00'";15;49;5;12;2;good
DEBB021;"'2021-09-01 13:00'";13;50;5;11;2;good
DEBB021;"'2021-09-01 14:00'";14;52;4;12;2;good
DEBB021;"'2021-09-01 15:00'";14;55;4;12;2;good
DEBB021;"'2021-09-01 16:00'";13;59;5;10;2;good
DEBB021;"'2021-09-01 17:00'";12;67;4;9;2;good
DEBB021;"'2021-09-01 18:00'";12;69;5;9;2;good
DEBB021;"'2021-09-01 19:00'";14;70;5;10;2;good
DEBB021;"'2021-09-01 20:00'";18;55;17;13;2;good
DEBB021;"'2021-09-01 21:00'";16;50;13;13;2;good
DEBB021;"'2021-09-01 22:00'";16;46;12;12;2;good
DEBB021;"'2021-09-01 23:00'";18;34;16;14;2;good
DEBB021;"'2021-09-01 24:00'";15;39;14;12;2;good
DEBB021;"'2021-09-02 01:00'";16;29;13;12;2;good
DEBB021;"'2021-09-02 02:00'";16;20;12;13;2;good
DEBB021;"'2021-09-02 03:00'";16;16;14;13;2;good
DEBB021;"'2021-09-02 04:00'";16;22;10;12;2;good
DEBB021;"'2021-09-02 05:00'";16;18;10;12;2;good
DEBB021;"'2021-09-02 06:00'";17;20;16;14;2;good
DEBB021;"'2021-09-02 07:00'";19;14;21;15;2;good
DEBB021;"'2021-09-02 08:00'";21;15;20;16;2;moderate
DEBB021;"'2021-09-02 09:00'";20;23;13;15;2;good
DEBB021;"'2021-09-02 10:00'";17;35;9;14;2;good
DEBB021;"'2021-09-02 11:00'";15;42;7;13;2;good
DEBB021;"'2021-09-02 12:00'";15;49;6;13;2;good
DEBB021;"'2021-09-02 13:00'";16;55;5;13;2;good
DEBB021;"'2021-09-02 14:00'";16;65;4;14;2;good
DEBB021;"'2021-09-02 15:00'";17;73;4;13;2;moderate
DEBB021;"'2021-09-02 16:00'";17;78;4;13;2;moderate
DEBB021;"'2021-09-02 17:00'";17;78;4;12;2;moderate
DEBB021;"'2021-09-02 18:00'";17;78;4;12;2;moderate
DEBB021;"'2021-09-02 19:00'";17;73;5;12;2;moderate
DEBB021;"'2021-09-02 20:00'";17;62;8;12;2;good
DEBB021;"'2021-09-02 21:00'";17;50;14;12;2;good
DEBB021;"'2021-09-02 22:00'";18;31;20;14;2;good
DEBB021;"'2021-09-02 23:00'";19;9;32;15;2;moderate
DEBB021;"'2021-09-02 24:00'";20;5;28;17;2;moderate
DEBB021;"'2021-09-03 01:00'";24;5;19;20;2;moderate
DEBB021;"'2021-09-03 02:00'";20;5;14;16;2;moderate
DEBB021;"'2021-09-03 03:00'";18;5;10;14;2;good
DEBB021;"'2021-09-03 04:00'";16;5;9;12;2;good
DEBB021;"'2021-09-03 05:00'";17;5;9;13;2;good
DEBB021;"'2021-09-03 06:00'";17;5;13;13;2;good
DEBB021;"'2021-09-03 07:00'";19;14;23;15;2;good
DEBB021;"'2021-09-03 08:00'";20;16;24;16;2;moderate
DEBB021;"'2021-09-03 09:00'";21;26;18;17;2;moderate
DEBB021;"'2021-09-03 10:00'";22;49;10;17;2;moderate
DEBB021;"'2021-09-03 11:00'";23;66;9;17;3;moderate
DEBB021;"'2021-09-03 12:00'";22;78;7;16;2;moderate
DEBB021;"'2021-09-03 13:00'";20;83;6;14;3;moderate
DEBB021;"'2021-09-03 14:00'";18;87;5;12;3;moderate
DEBB021;"'2021-09-03 15:00'";15;88;5;10;3;moderate
DEBB021;"'2021-09-03 16:00'";14;89;5;9;2;moderate
DEBB021;"'2021-09-03 17:00'";13;87;4;8;2;moderate
DEBB021;"'2021-09-03 18:00'";14;89;5;9;2;moderate
DEBB021;"'2021-09-03 19:00'";15;83;8;10;2;moderate
DEBB021;"'2021-09-03 20:00'";16;72;11;10;2;good
DEBB021;"'2021-09-03 21:00'";22;50;22;15;2;good
DEBB021;"'2021-09-03 22:00'";27;14;47;21;2;moderate
DEBB021;"'2021-09-03 23:00'";29;6;47;23;2;moderate
DEBB021;"'2021-09-03 24:00'";28;9;29;23;2;moderate
DEBB021;"'2021-09-04 01:00'";27;8;24;21;2;moderate
DEBB021;"'2021-09-04 02:00'";26;10;22;21;2;moderate
DEBB021;"'2021-09-04 03:00'";25;27;15;20;2;moderate
DEBB021;"'2021-09-04 04:00'";24;31;14;19;2;moderate
DEBB021;"'2021-09-04 05:00'";23;29;13;18;2;moderate
DEBB021;"'2021-09-04 06:00'";21;33;10;16;2;moderate
DEBB021;"'2021-09-04 07:00'";13;38;7;11;2;good
DEBB021;"'2021-09-04 08:00'";12;39;7;10;2;good
DEBB021;"'2021-09-04 09:00'";14;38;7;11;2;good
DEBB021;"'2021-09-04 10:00'";15;39;5;12;2;good
DEBB021;"'2021-09-04 11:00'";23;38;6;16;2;moderate
DEBB021;"'2021-09-04 12:00'";22;41;6;16;2;moderate
DEBB021;"'2021-09-04 13:00'";22;50;5;15;2;good
DEBB021;"'2021-09-04 14:00'";19;58;5;14;2;good
DEBB021;"'2021-09-04 15:00'";19;65;4;13;2;good
DEBB021;"'2021-09-04 16:00'";17;67;4;12;2;good
DEBB021;"'2021-09-04 17:00'";13;72;2;9;2;good
DEBB021;"'2021-09-04 18:00'";13;73;3;8;2;moderate
DEBB021;"'2021-09-04 19:00'";14;73;4;9;2;moderate
DEBB021;"'2021-09-04 20:00'";15;70;5;10;2;good
DEBB021;"'2021-09-04 21:00'";19;63;11;14;2;good
DEBB021;"'2021-09-04 22:00'";19;60;15;15;2;good
DEBB021;"'2021-09-04 23:00'";21;55;13;16;2;moderate
DEBB021;"'2021-09-04 24:00'";22;53;15;17;2;moderate
DEBB021;"'2021-09-05 01:00'";18;52;12;14;2;good
DEBB021;"'2021-09-05 02:00'";17;42;12;14;2;good
DEBB021;"'2021-09-05 03:00'";17;39;9;13;2;good
DEBB021;"'2021-09-05 04:00'";21;33;8;15;2;good
DEBB021;"'2021-09-05 05:00'";21;30;6;16;2;moderate
DEBB021;"'2021-09-05 06:00'";20;25;10;16;2;moderate
DEBB021;"'2021-09-05 07:00'";18;21;11;15;2;good
DEBB021;"'2021-09-05 08:00'";17;24;11;15;2;good
DEBB021;"'2021-09-05 09:00'";20;31;11;16;2;moderate
DEBB021;"'2021-09-05 10:00'";23;36;9;18;2;moderate
DEBB021;"'2021-09-05 11:00'";23;42;8;18;2;moderate
DEBB021;"'2021-09-05 12:00'";21;53;7;16;2;moderate
DEBB021;"'2021-09-05 13:00'";20;59;7;15;2;good
DEBB021;"'2021-09-05 14:00'";20;59;11;14;2;good
DEBB021;"'2021-09-05 15:00'";20;73;8;15;3;moderate
DEBB021;"'2021-09-05 16:00'";19;87;6;13;3;moderate
DEBB021;"'2021-09-05 17:00'";19;89;8;14;4;moderate
DEBB021;"'2021-09-05 18:00'";18;92;8;13;4;moderate
DEBB021;"'2021-09-05 19:00'";20;85;8;14;3;moderate
DEBB021;"'2021-09-05 20:00'";21;78;10;15;3;moderate
DEBB021;"'2021-09-05 21:00'";20;68;13;16;2;moderate
DEBB021;"'2021-09-05 22:00'";21;52;19;16;2;moderate
DEBB021;"'2021-09-05 23:00'";19;45;15;15;2;good
DEBB021;"'2021-09-05 24:00'";14;43;20;11;2;good
DEBB021;"'2021-09-06 01:00'";11;45;17;8;2;good
DEBB021;"'2021-09-06 02:00'";10;49;13;7;2;good
DEBB021;"'2021-09-06 03:00'";9;49;10;7;2;good
DEBB021;"'2021-09-06 04:00'";8;49;10;6;2;good
DEBB021;"'2021-09-06 05:00'";9;44;14;6;2;good
DEBB021;"'2021-09-06 06:00'";9;32;18;7;2;good
DEBB021;"'2021-09-06 07:00'";10;22;33;7;2;moderate
DEBB021;"'2021-09-06 08:00'";11;23;32;8;2;moderate
DEBB021;"'2021-09-06 09:00'";12;26;33;8;3;moderate
DEBB021;"'2021-09-06 10:00'";18;36;25;9;3;good
DEBB021;"'2021-09-06 11:00'";16;53;16;8;4;good
DEBB021;"'2021-09-06 12:00'";16;59;17;7;4;good
DEBB021;"'2021-09-06 13:00'";15;79;11;8;4;moderate
DEBB021;"'2021-09-06 14:00'";17;102;5;11;3;moderate
DEBB021;"'2021-09-06 15:00'";16;103;5;10;3;moderate
DEBB021;"'2021-09-06 16:00'";17;105;5;11;3;moderate
DEBB021;"'2021-09-06 17:00'";18;105;5;11;3;moderate
DEBB021;"'2021-09-06 18:00'";19;108;5;12;3;moderate
DEBB021;"'2021-09-06 19:00'";18;100;7;12;3;moderate
DEBB021;"'2021-09-06 20:00'";22;74;15;13;2;moderate
DEBB021;"'2021-09-06 21:00'";20;46;23;15;2;good
DEBB021;"'2021-09-06 22:00'";20;29;35;15;2;moderate
DEBB021;"'2021-09-06 23:00'";21;49;25;15;2;good
DEBB021;"'2021-09-06 24:00'";19;56;15;14;2;good
DEBB021;"'2021-09-07 01:00'";19;56;16;15;2;good
DEBB021;"'2021-09-07 02:00'";19;57;10;14;2;good
DEBB021;"'2021-09-07 03:00'";19;54;9;15;2;good
DEBB021;"'2021-09-07 04:00'";20;48;13;15;2;good
DEBB021;"'2021-09-07 05:00'";20;39;19;16;2;moderate
DEBB021;"'2021-09-07 06:00'";21;35;14;17;2;moderate
DEBB021;"'2021-09-07 07:00'";24;33;18;18;2;moderate
DEBB021;"'2021-09-07 08:00'";27;26;28;20;2;moderate
DEBB021;"'2021-09-07 09:00'";29;34;23;21;3;moderate
DEBB021;"'2021-09-07 10:00'";26;58;12;19;3;moderate
DEBB021;"'2021-09-07 11:00'";27;70;8;17;3;moderate
DEBB021;"'2021-09-07 12:00'";24;81;6;17;3;moderate
DEBB021;"'2021-09-07 13:00'";23;90;4;15;3;moderate
DEBB021;"'2021-09-07 14:00'";22;92;6;14;3;moderate
DEBB021;"'2021-09-07 15:00'";19;94;4;12;2;moderate
DEBB021;"'2021-09-07 16:00'";19;93;5;11;2;moderate
DEBB021;"'2021-09-07 17:00'";18;95;5;10;2;moderate
DEBB021;"'2021-09-07 18:00'";17;96;6;10;2;moderate
DEBB021;"'2021-09-07 19:00'";18;94;5;10;2;moderate
DEBB021;"'2021-09-07 20:00'";17;82;9;11;2;moderate
DEBB021;"'2021-09-07 21:00'";19;44;29;14;2;good
DEBB021;"'2021-09-07 22:00'";20;26;29;15;2;good
DEBB021;"'2021-09-07 23:00'";20;14;31;16;2;moderate
DEBB021;"'2021-09-07 24:00'";22;6;36;18;2;moderate
DEBB021;"'2021-09-08 01:00'";20;6;31;16;2;moderate
DEBB021;"'2021-09-08 02:00'";19;8;23;16;2;moderate
DEBB021;"'2021-09-08 03:00'";20;6;22;16;2;moderate
DEBB021;"'2021-09-08 04:00'";20;6;22;16;2;moderate
DEBB021;"'2021-09-08 05:00'";20;5;19;16;2;moderate
DEBB021;"'2021-09-08 06:00'";19;5;18;16;2;moderate
DEBB021;"'2021-09-08 07:00'";22;5;26;18;2;moderate
DEBB021;"'2021-09-08 08:00'";26;7;35;22;2;moderate
DEBB021;"'2021-09-08 09:00'";31;9;42;23;2;moderate
DEBB021;"'2021-09-08 10:00'";31;18;50;20;2;moderate
DEBB021;"'2021-09-08 11:00'";24;59;25;15;2;good
DEBB021;"'2021-09-08 12:00'";22;82;14;12;3;moderate
DEBB021;"'2021-09-08 13:00'";20;99;7;12;5;moderate
DEBB021;"'2021-09-08 14:00'";20;107;7;11;5;moderate
DEBB021;"'2021-09-08 15:00'";19;111;9;10;8;moderate
DEBB021;"'2021-09-08 16:00'";19;113;11;11;7;moderate
DEBB021;"'2021-09-08 17:00'";21;115;11;13;6;moderate
DEBB021;"'2021-09-08 18:00'";23;118;10;14;5;moderate
DEBB021;"'2021-09-08 19:00'";25;114;14;15;4;moderate
DEBB021;"'2021-09-08 20:00'";26;95;22;17;4;moderate
DEBB021;"'2021-09-08 21:00'";29;61;30;21;3;moderate
DEBB021;"'2021-09-08 22:00'";30;63;23;23;3;moderate
DEBB021;"'2021-09-08 23:00'";30;59;24;23;2;moderate
DEBB021;"'2021-09-08 24:00'";30;54;26;23;3;moderate
DEBB021;"'2021-09-09 01:00'";32;46;33;25;3;moderate
DEBB021;"'2021-09-09 02:00'";29;55;21;22;3;moderate
DEBB021;"'2021-09-09 03:00'";29;51;19;22;3;moderate
DEBB021;"'2021-09-09 04:00'";28;38;24;22;3;moderate
DEBB021;"'2021-09-09 05:00'";28;35;23;22;2;moderate
DEBB021;"'2021-09-09 06:00'";27;24;31;22;2;moderate
DEBB021;"'2021-09-09 07:00'";29;18;40;22;2;moderate
DEBB021;"'2021-09-09 08:00'";33;13;48;22;3;moderate
DEBB021;"'2021-09-09 09:00'";32;22;46;22;3;moderate
DEBB021;"'2021-09-09 10:00'";32;49;26;19;4;moderate
DEBB021;"'2021-09-09 11:00'";30;68;15;16;3;moderate
DEBB021;"'2021-09-09 12:00'";29;82;14;14;4;moderate
DEBB021;"'2021-09-09 13:00'";28;95;10;13;3;moderate
DEBB021;"'2021-09-09 14:00'";24;102;9;11;3;moderate
DEBB021;"'2021-09-09 15:00'";24;110;8;10;3;moderate
DEBB021;"'2021-09-09 16:00'";22;114;9;9;3;moderate
DEBB021;"'2021-09-09 17:00'";23;115;10;9;3;moderate
DEBB021;"'2021-09-09 18:00'";23;116;10;8;3;moderate
DEBB021;"'2021-09-09 19:00'";24;106;13;9;3;moderate
DEBB021;"'2021-09-09 20:00'";33;80;23;14;3;moderate
DEBB021;"'2021-09-09 21:00'";27;40;54;16;3;moderate
DEBB021;"'2021-09-09 22:00'";28;37;48;18;2;moderate
DEBB021;"'2021-09-09 23:00'";31;42;41;19;2;moderate
DEBB021;"'2021-09-09 24:00'";29;53;30;19;2;moderate
DEBB021;"'2021-09-10 01:00'";29;50;28;21;2;moderate
DEBB021;"'2021-09-10 02:00'";28;59;17;20;3;moderate
DEBB021;"'2021-09-10 03:00'";27;48;19;20;2;moderate
DEBB021;"'2021-09-10 04:00'";27;40;18;20;2;moderate
DEBB021;"'2021-09-10 05:00'";27;38;17;20;2;moderate
DEBB021;"'2021-09-10 06:00'";28;32;23;21;2;moderate
DEBB021;"'2021-09-10 07:00'";30;34;23;22;2;moderate
DEBB021;"'2021-09-10 08:00'";34;33;25;24;2;moderate
DEBB021;"'2021-09-10 09:00'";35;41;24;24;2;moderate
DEBB021;"'2021-09-10 10:00'";30;54;22;20;3;moderate
DEBB021;"'2021-09-10 11:00'";25;71;18;15;3;good
DEBB021;"'2021-09-10 12:00'";22;93;14;12;3;moderate
DEBB021;"'2021-09-10 13:00'";19;103;13;11;3;moderate
DEBB021;"'2021-09-10 14:00'";19;105;10;11;3;moderate
DEBB021;"'2021-09-10 15:00'";22;95;10;11;2;moderate
DEBB021;"'2021-09-10 16:00'";15;82;10;10;2;moderate
DEBB021;"'2021-09-10 17:00'";10;81;9;8;2;moderate
DEBB021;"'2021-09-10 18:00'";8;74;13;7;2;moderate
DEBB021;"'2021-09-10 19:00'";11;71;11;9;2;good
DEBB021;"'2021-09-10 20:00'";15;52;19;11;2;good
DEBB021;"'2021-09-10 21:00'";19;35;24;15;2;good
DEBB021;"'2021-09-10 22:00'";20;30;22;16;2;moderate
DEBB021;"'2021-09-10 23:00'";22;26;22;17;2;moderate
DEBB021;"'2021-09-10 24:00'";24;18;17;18;2;moderate
DEBB021;"'2021-09-11 01:00'";25;13;18;19;2;moderate
DEBB021;"'2021-09-11 02:00'";26;21;11;20;2;moderate
DEBB021;"'2021-09-11 03:00'";28;21;12;22;2;moderate
DEBB021;"'2021-09-11 04:00'";29;21;12;22;2;moderate
DEBB021;"'2021-09-11 05:00'";29;19;13;22;2;moderate
DEBB021;"'2021-09-11 06:00'";26;21;15;21;2;moderate
DEBB021;"'2021-09-11 07:00'";24;26;14;20;2;moderate
DEBB021;"'2021-09-11 08:00'";22;27;16;18;2;moderate
DEBB021;"'2021-09-11 09:00'";22;29;13;18;2;moderate
DEBB021;"'2021-09-11 10:00'";20;33;11;17;2;moderate
DEBB021;"'2021-09-11 11:00'";17;42;11;14;2;good
DEBB021;"'2021-09-11 12:00'";16;56;7;14;3;good
DEBB021;"'2021-09-11 13:00'";15;64;7;12;3;good
DEBB021;"'2021-09-11 14:00'";11;74;5;9;3;moderate
DEBB021;"'2021-09-11 15:00'";11;74;7;9;2;moderate
DEBB021;"'2021-09-11 16:00'";13;73;8;11;2;moderate
DEBB021;"'2021-09-11 17:00'";13;62;9;11;2;good
DEBB021;"'2021-09-11 18:00'";14;56;9;12;2;good
DEBB021;"'2021-09-11 19:00'";13;66;10;10;2;good
DEBB021;"'2021-09-11 20:00'";12;56;20;10;2;good
DEBB021;"'2021-09-11 21:00'";14;52;15;12;2;good
DEBB021;"'2021-09-11 22:00'";15;51;12;13;2;good
DEBB021;"'2021-09-11 23:00'";15;45;12;13;2;good
DEBB021;"'2021-09-11 24:00'";16;43;8;14;2;good
DEBB021;"'2021-09-12 01:00'";18;27;11;15;2;good
DEBB021;"'2021-09-12 02:00'";20;31;13;16;2;moderate
DEBB021;"'2021-09-12 03:00'";19;27;16;15;2;good
DEBB021;"'2021-09-12 04:00'";19;29;7;15;2;good
DEBB021;"'2021-09-12 05:00'";20;35;6;16;2;moderate
DEBB021;"'2021-09-12 06:00'";20;39;16;16;2;moderate
DEBB021;"'2021-09-12 07:00'";19;39;17;15;2;good
DEBB021;"'2021-09-12 08:00'";19;38;10;15;2;good
DEBB021;"'2021-09-12 09:00'";17;41;11;14;2;good
DEBB021;"'2021-09-12 10:00'";17;44;8;13;3;good
DEBB021;"'2021-09-12 11:00'";18;43;9;14;3;good
DEBB021;"'2021-09-12 12:00'";17;54;6;15;3;good
DEBB021;"'2021-09-12 13:00'";16;60;6;13;3;good
DEBB021;"'2021-09-12 14:00'";15;65;5;12;2;good
DEBB021;"'2021-09-12 15:00'";15;67;6;12;2;good
DEBB021;"'2021-09-12 16:00'";11;74;5;9;2;moderate
DEBB021;"'2021-09-12 17:00'";12;67;7;10;2;good
DEBB021;"'2021-09-12 18:00'";12;56;9;10;2;good
DEBB021;"'2021-09-12 19:00'";13;50;11;11;2;good
DEBB021;"'2021-09-12 20:00'";14;39;13;11;2;good
DEBB021;"'2021-09-12 21:00'";12;39;10;10;2;good
DEBB021;"'2021-09-12 22:00'";13;34;8;10;2;good
DEBB021;"'2021-09-12 23:00'";13;30;12;9;2;good
DEBB021;"'2021-09-12 24:00'";12;32;12;10;2;good
DEBB021;"'2021-09-13 01:00'";13;39;11;10;2;good
DEBB021;"'2021-09-13 02:00'";13;38;10;10;2;good
DEBB021;"'2021-09-13 03:00'";14;29;11;11;2;good
DEBB021;"'2021-09-13 04:00'";16;32;13;12;2;good
DEBB021;"'2021-09-13 05:00'";17;30;18;13;2;good
DEBB021;"'2021-09-13 06:00'";18;28;23;14;2;good
DEBB021;"'2021-09-13 07:00'";19;24;21;15;2;good
DEBB021;"'2021-09-13 08:00'";20;21;28;15;2;good
DEBB021;"'2021-09-13 09:00'";18;36;17;14;3;good
DEBB021;"'2021-09-13 10:00'";14;51;10;11;3;good
DEBB021;"'2021-09-13 11:00'";12;62;7;9;3;good
DEBB021;"'2021-09-13 12:00'";11;70;8;7;2;good
DEBB021;"'2021-09-13 13:00'";9;76;5;6;2;moderate
DEBB021;"'2021-09-13 14:00'";10;-;-;7;-;good
DEBB021;"'2021-09-13 15:00'";10;70;4;7;2;good
DEBB021;"'2021-09-13 16:00'";9;72;5;6;2;good
DEBB021;"'2021-09-13 17:00'";8;75;5;5;2;moderate
DEBB021;"'2021-09-13 18:00'";9;72;5;5;2;good
DEBB021;"'2021-09-13 19:00'";9;65;7;6;2;good
DEBB021;"'2021-09-13 20:00'";10;51;13;7;2;good
DEBB021;"'2021-09-13 21:00'";10;42;14;7;2;good
DEBB021;"'2021-09-13 22:00'";11;39;13;8;2;good
DEBB021;"'2021-09-13 23:00'";11;22;21;8;2;good
DEBB021;"'2021-09-13 24:00'";11;19;15;8;2;good
DEBB021;"'2021-09-14 01:00'";11;15;15;8;2;good
DEBB021;"'2021-09-14 02:00'";11;12;22;8;2;good
DEBB021;"'2021-09-14 03:00'";11;10;28;8;2;good
DEBB021;"'2021-09-14 04:00'";12;18;20;9;2;good
DEBB021;"'2021-09-14 05:00'";12;15;22;9;2;good
DEBB021;"'2021-09-14 06:00'";12;8;28;9;2;good
DEBB021;"'2021-09-14 07:00'";12;6;30;9;2;good
DEBB021;"'2021-09-14 08:00'";11;10;30;8;2;good
DEBB021;"'2021-09-14 09:00'";11;24;27;8;2;good
DEBB021;"'2021-09-14 10:00'";11;28;27;8;3;good
DEBB021;"'2021-09-14 11:00'";13;46;21;7;3;good
DEBB021;"'2021-09-14 12:00'";12;63;12;7;4;good
DEBB021;"'2021-09-14 13:00'";12;76;8;7;3;moderate
DEBB021;"'2021-09-14 14:00'";12;80;7;7;3;moderate
DEBB021;"'2021-09-14 15:00'";14;88;7;7;3;moderate
DEBB021;"'2021-09-14 16:00'";14;91;7;8;3;moderate
DEBB021;"'2021-09-14 17:00'";15;93;6;9;3;moderate
DEBB021;"'2021-09-14 18:00'";14;92;8;8;3;moderate
DEBB021;"'2021-09-14 19:00'";15;88;10;9;3;moderate
DEBB021;"'2021-09-14 20:00'";18;75;16;11;3;moderate
DEBB021;"'2021-09-14 21:00'";16;66;17;11;2;good
DEBB021;"'2021-09-14 22:00'";15;64;15;11;2;good
DEBB021;"'2021-09-14 23:00'";15;61;14;11;2;good
DEBB021;"'2021-09-14 24:00'";13;63;9;10;2;good
DEBB021;"'2021-09-15 01:00'";14;56;10;11;2;good
DEBB021;"'2021-09-15 02:00'";15;51;12;12;2;good
DEBB021;"'2021-09-15 03:00'";17;50;11;13;2;good
DEBB021;"'2021-09-15 04:00'";17;45;12;14;2;good
DEBB021;"'2021-09-15 05:00'";19;39;17;15;2;good
DEBB021;"'2021-09-15 06:00'";21;37;17;17;2;moderate
DEBB021;"'2021-09-15 07:00'";23;29;23;18;2;moderate
DEBB021;"'2021-09-15 08:00'";25;22;28;19;2;moderate
DEBB021;"'2021-09-15 09:00'";26;24;25;20;2;moderate
DEBB021;"'2021-09-15 10:00'";26;32;20;19;3;moderate
DEBB021;"'2021-09-15 11:00'";27;40;18;17;3;moderate
DEBB021;"'2021-09-15 12:00'";25;51;17;15;3;good
DEBB021;"'2021-09-15 13:00'";24;63;15;13;3;good
DEBB021;"'2021-09-15 14:00'";23;71;16;11;3;good
DEBB021;"'2021-09-15 15:00'";23;66;21;13;3;good
DEBB021;"'2021-09-15 16:00'";19;53;19;15;2;good
DEBB021;"'2021-09-15 17:00'";19;47;18;15;2;good
DEBB021;"'2021-09-15 18:00'";19;44;16;15;2;good
DEBB021;"'2021-09-15 19:00'";19;51;11;15;2;good
DEBB021;"'2021-09-15 20:00'";17;52;9;13;2;good
DEBB021;"'2021-09-15 21:00'";16;52;8;13;2;good
DEBB021;"'2021-09-15 22:00'";19;48;8;14;2;good
DEBB021;"'2021-09-15 23:00'";19;45;8;14;2;good
DEBB021;"'2021-09-15 24:00'";22;41;8;16;2;moderate
DEBB021;"'2021-09-16 01:00'";21;36;8;16;2;moderate
DEBB021;"'2021-09-16 02:00'";18;36;10;14;2;good
DEBB021;"'2021-09-16 03:00'";17;41;8;13;2;good
DEBB021;"'2021-09-16 04:00'";15;49;6;12;2;good
DEBB021;"'2021-09-16 05:00'";19;51;6;16;2;moderate
DEBB021;"'2021-09-16 06:00'";22;42;8;18;2;moderate
DEBB021;"'2021-09-16 07:00'";19;52;7;15;2;good
DEBB021;"'2021-09-16 08:00'";15;54;11;12;2;good
DEBB021;"'2021-09-16 09:00'";14;55;9;11;2;good
DEBB021;"'2021-09-16 10:00'";10;66;7;7;2;good
DEBB021;"'2021-09-16 11:00'";8;70;6;5;2;good
DEBB021;"'2021-09-16 12:00'";6;79;5;3;2;moderate
DEBB021;"'2021-09-16 13:00'";6;78;5;3;2;moderate
DEBB021;"'2021-09-16 14:00'";7;78;5;3;2;moderate
DEBB021;"'2021-09-16 15:00'";5;83;4;2;2;moderate
DEBB021;"'2021-09-16 16:00'";6;81;6;3;2;moderate
DEBB021;"'2021-09-16 17:00'";7;75;7;4;2;moderate
DEBB021;"'2021-09-16 18:00'";6;76;6;4;2;moderate
DEBB021;"'2021-09-16 19:00'";8;74;6;6;2;moderate
DEBB021;"'2021-09-16 20:00'";8;69;9;6;2;good
DEBB021;"'2021-09-16 21:00'";7;60;17;6;2;good
DEBB021;"'2021-09-16 22:00'";9;56;15;7;2;good
DEBB021;"'2021-09-16 23:00'";8;62;8;6;2;good
DEBB021;"'2021-09-16 24:00'";6;66;5;4;2;good
DEBB021;"'2021-09-17 01:00'";6;66;5;5;2;good
DEBB021;"'2021-09-17 02:00'";7;62;5;5;2;good
DEBB021;"'2021-09-17 03:00'";6;61;5;5;2;good
DEBB021;"'2021-09-17 04:00'";6;65;3;4;2;good
DEBB021;"'2021-09-17 05:00'";5;64;4;4;2;good
DEBB021;"'2021-09-17 06:00'";3;66;4;2;2;good
DEBB021;"'2021-09-17 07:00'";4;56;8;3;2;good
DEBB021;"'2021-09-17 08:00'";4;49;11;3;2;good
DEBB021;"'2021-09-17 09:00'";4;49;10;3;2;good
DEBB021;"'2021-09-17 10:00'";3;53;7;2;2;good
DEBB021;"'2021-09-17 11:00'";4;54;7;2;2;good
DEBB021;"'2021-09-17 12:00'";3;57;7;1;2;good
DEBB021;"'2021-09-17 13:00'";4;60;6;1;2;good
DEBB021;"'2021-09-17 14:00'";3;59;6;2;2;good
DEBB021;"'2021-09-17 15:00'";3;59;6;0.8;2;good
DEBB021;"'2021-09-17 16:00'";4;59;6;0.8;2;good
DEBB021;"'2021-09-17 17:00'";3;64;6;0.8;2;good
DEBB021;"'2021-09-17 18:00'";3;63;6;1;2;good
DEBB021;"'2021-09-17 19:00'";4;61;7;3;2;good
DEBB021;"'2021-09-17 20:00'";5;54;10;4;2;good
DEBB021;"'2021-09-17 21:00'";4;54;7;3;2;good
DEBB021;"'2021-09-17 22:00'";5;48;10;4;2;good
DEBB021;"'2021-09-17 23:00'";5;44;11;4;2;good
DEBB021;"'2021-09-17 24:00'";3;46;6;2;2;good
DEBB021;"'2021-09-18 01:00'";3;42;9;3;2;good
DEBB021;"'2021-09-18 02:00'";3;44;7;2;2;good
DEBB021;"'2021-09-18 03:00'";3;46;5;2;2;good
DEBB021;"'2021-09-18 04:00'";3;43;7;2;2;good
DEBB021;"'2021-09-18 05:00'";3;41;7;2;2;good
DEBB021;"'2021-09-18 06:00'";4;38;8;3;2;good
DEBB021;"'2021-09-18 07:00'";5;36;8;4;2;good
DEBB021;"'2021-09-18 08:00'";7;32;9;5;2;good
DEBB021;"'2021-09-18 09:00'";5;28;8;5;2;good
DEBB021;"'2021-09-18 10:00'";7;25;6;6;2;good
DEBB021;"'2021-09-18 11:00'";7;26;5;6;2;good
DEBB021;"'2021-09-18 12:00'";3;36;5;2;2;good
DEBB021;"'2021-09-18 13:00'";2;39;5;0.8;2;good
DEBB021;"'2021-09-18 14:00'";0.8;44;5;0.8;2;good
DEBB021;"'2021-09-18 15:00'";2;51;5;1;2;good
DEBB021;"'2021-09-18 16:00'";6;55;5;4;2;good
DEBB021;"'2021-09-18 17:00'";7;53;5;5;2;good
DEBB021;"'2021-09-18 18:00'";7;50;6;5;2;good
DEBB021;"'2021-09-18 19:00'";7;54;5;6;2;good
DEBB021;"'2021-09-18 20:00'";9;50;7;7;2;good
DEBB021;"'2021-09-18 21:00'";10;45;6;8;2;good
DEBB021;"'2021-09-18 22:00'";10;48;6;7;2;good
DEBB021;"'2021-09-18 23:00'";9;53;4;7;2;good
DEBB021;"'2021-09-18 24:00'";9;58;4;6;2;good
DEBB021;"'2021-09-19 01:00'";8;61;3;6;2;good
DEBB021;"'2021-09-19 02:00'";8;62;4;6;2;good
DEBB021;"'2021-09-19 03:00'";8;55;4;6;2;good
DEBB021;"'2021-09-19 04:00'";8;53;4;6;2;good
DEBB021;"'2021-09-19 05:00'";8;53;6;6;3;good
DEBB021;"'2021-09-19 06:00'";8;49;5;6;2;good
DEBB021;"'2021-09-19 07:00'";8;43;6;6;2;good
DEBB021;"'2021-09-19 08:00'";9;43;4;6;2;good
DEBB021;"'2021-09-19 09:00'";9;42;6;6;2;good
DEBB021;"'2021-09-19 10:00'";9;45;6;6;2;good
DEBB021;"'2021-09-19 11:00'";9;53;5;6;2;good
DEBB021;"'2021-09-19 12:00'";8;62;6;6;3;good
DEBB021;"'2021-09-19 13:00'";8;70;6;6;2;good
DEBB021;"'2021-09-19 14:00'";9;75;5;5;4;moderate
DEBB021;"'2021-09-19 15:00'";8;78;6;5;5;moderate
DEBB021;"'2021-09-19 16:00'";9;70;7;6;7;good
DEBB021;"'2021-09-19 17:00'";9;69;7;6;3;good
DEBB021;"'2021-09-19 18:00'";11;61;8;7;3;good
DEBB021;"'2021-09-19 19:00'";11;55;11;7;4;good
DEBB021;"'2021-09-19 20:00'";9;58;8;6;3;good
DEBB021;"'2021-09-19 21:00'";10;51;9;7;2;good
DEBB021;"'2021-09-19 22:00'";8;54;6;5;3;good
DEBB021;"'2021-09-19 23:00'";7;54;6;5;3;good
DEBB021;"'2021-09-19 24:00'";7;53;6;5;4;good
DEBB021;"'2021-09-20 01:00'";6;51;6;5;4;good
DEBB021;"'2021-09-20 02:00'";6;51;6;5;3;good
DEBB021;"'2021-09-20 03:00'";6;50;6;5;4;good
DEBB021;"'2021-09-20 04:00'";6;47;4;5;4;good
DEBB021;"'2021-09-20 05:00'";7;44;5;5;4;good
DEBB021;"'2021-09-20 06:00'";7;40;7;5;3;good
DEBB021;"'2021-09-20 07:00'";7;38;11;5;3;good
DEBB021;"'2021-09-20 08:00'";7;34;10;5;2;good
DEBB021;"'2021-09-20 09:00'";7;35;13;5;2;good
DEBB021;"'2021-09-20 10:00'";8;46;9;5;2;good
DEBB021;"'2021-09-20 11:00'";11;53;8;5;3;good
DEBB021;"'2021-09-20 12:00'";10;66;5;5;2;good
DEBB021;"'2021-09-20 13:00'";8;75;4;5;2;moderate
DEBB021;"'2021-09-20 14:00'";9;73;6;5;2;moderate
DEBB021;"'2021-09-20 15:00'";11;67;8;5;2;good
DEBB021;"'2021-09-20 16:00'";11;67;10;5;2;good
DEBB021;"'2021-09-20 17:00'";13;54;18;6;2;good
DEBB021;"'2021-09-20 18:00'";14;51;21;6;2;good
DEBB021;"'2021-09-20 19:00'";14;45;25;8;2;good
DEBB021;"'2021-09-20 20:00'";17;38;29;11;2;good
DEBB021;"'2021-09-20 21:00'";16;27;35;11;2;moderate
DEBB021;"'2021-09-20 22:00'";14;32;23;10;2;good
DEBB021;"'2021-09-20 23:00'";12;34;18;9;2;good
DEBB021;"'2021-09-20 24:00'";10;40;13;7;2;good
DEBB021;"'2021-09-21 01:00'";10;43;9;7;2;good
DEBB021;"'2021-09-21 02:00'";10;38;9;7;2;good
DEBB021;"'2021-09-21 03:00'";10;32;12;8;2;good
DEBB021;"'2021-09-21 04:00'";9;32;13;7;2;good
DEBB021;"'2021-09-21 05:00'";9;38;7;7;2;good
DEBB021;"'2021-09-21 06:00'";9;34;10;7;2;good
DEBB021;"'2021-09-21 07:00'";10;29;13;7;2;good
DEBB021;"'2021-09-21 08:00'";11;24;16;8;2;good
DEBB021;"'2021-09-21 09:00'";12;23;18;9;4;good
DEBB021;"'2021-09-21 10:00'";11;35;14;8;4;good
DEBB021;"'2021-09-21 11:00'";10;53;8;7;2;good
DEBB021;"'2021-09-21 12:00'";11;67;5;8;2;good
DEBB021;"'2021-09-21 13:00'";9;73;5;6;2;moderate
DEBB021;"'2021-09-21 14:00'";9;72;5;6;2;good
DEBB021;"'2021-09-21 15:00'";10;71;6;7;2;good
DEBB021;"'2021-09-21 16:00'";11;70;7;7;3;good
DEBB021;"'2021-09-21 17:00'";12;65;12;7;3;good
DEBB021;"'2021-09-21 18:00'";12;65;10;7;2;good
DEBB021;"'2021-09-21 19:00'";11;64;9;8;2;good
DEBB021;"'2021-09-21 20:00'";10;56;17;8;2;good
DEBB021;"'2021-09-21 21:00'";11;48;17;8;2;good
DEBB021;"'2021-09-21 22:00'";11;51;12;7;3;good
DEBB021;"'2021-09-21 23:00'";10;57;9;8;2;good
DEBB021;"'2021-09-21 24:00'";11;55;8;9;2;good
DEBB021;"'2021-09-22 01:00'";12;54;7;10;2;good
DEBB021;"'2021-09-22 02:00'";13;52;6;11;2;good
DEBB021;"'2021-09-22 03:00'";14;49;5;11;2;good
DEBB021;"'2021-09-22 04:00'";14;46;5;11;2;good
DEBB021;"'2021-09-22 05:00'";13;47;4;10;2;good
DEBB021;"'2021-09-22 06:00'";13;45;5;10;2;good
DEBB021;"'2021-09-22 07:00'";14;42;8;10;2;good
DEBB021;"'2021-09-22 08:00'";14;39;10;10;2;good
DEBB021;"'2021-09-22 09:00'";14;39;9;10;2;good
DEBB021;"'2021-09-22 10:00'";14;40;8;10;2;good
DEBB021;"'2021-09-22 11:00'";15;45;6;10;2;good
DEBB021;"'2021-09-22 12:00'";17;51;5;12;2;good
DEBB021;"'2021-09-22 13:00'";19;57;5;13;2;good
DEBB021;"'2021-09-22 14:00'";17;66;3;11;2;good
DEBB021;"'2021-09-22 15:00'";15;69;4;9;2;good
DEBB021;"'2021-09-22 16:00'";14;71;4;8;2;good
DEBB021;"'2021-09-22 17:00'";15;73;5;8;2;moderate
DEBB021;"'2021-09-22 18:00'";17;72;7;10;2;good
DEBB021;"'2021-09-22 19:00'";23;60;15;14;2;good
DEBB021;"'2021-09-22 20:00'";25;39;26;16;2;moderate
DEBB021;"'2021-09-22 21:00'";18;30;27;13;2;good
DEBB021;"'2021-09-22 22:00'";17;27;22;12;2;good
DEBB021;"'2021-09-22 23:00'";16;20;24;12;2;good
DEBB021;"'2021-09-22 24:00'";15;28;25;11;2;good
DEBB021;"'2021-09-23 01:00'";15;41;14;11;2;good
DEBB021;"'2021-09-23 02:00'";17;44;11;14;2;good
DEBB021;"'2021-09-23 03:00'";20;43;10;17;2;moderate
DEBB021;"'2021-09-23 04:00'";23;44;10;19;2;moderate
DEBB021;"'2021-09-23 05:00'";24;43;9;21;3;moderate
DEBB021;"'2021-09-23 06:00'";24;39;10;21;3;moderate
DEBB021;"'2021-09-23 07:00'";25;35;14;22;3;moderate
DEBB021;"'2021-09-23 08:00'";28;38;16;23;3;moderate
DEBB021;"'2021-09-23 09:00'";30;40;15;25;4;moderate
DEBB021;"'2021-09-23 10:00'";30;43;13;24;5;moderate
DEBB021;"'2021-09-23 11:00'";26;53;12;20;6;moderate
DEBB021;"'2021-09-23 12:00'";25;66;11;17;6;moderate
DEBB021;"'2021-09-23 13:00'";21;76;10;14;5;moderate
DEBB021;"'2021-09-23 14:00'";17;81;9;8;4;moderate
DEBB021;"'2021-09-23 15:00'";17;88;7;6;3;moderate
DEBB021;"'2021-09-23 16:00'";19;86;8;6;3;moderate
DEBB021;"'2021-09-23 17:00'";18;87;8;6;3;moderate
DEBB021;"'2021-09-23 18:00'";19;88;9;7;3;moderate
DEBB021;"'2021-09-23 19:00'";20;87;10;8;3;moderate
DEBB021;"'2021-09-23 20:00'";21;78;8;9;2;moderate
DEBB021;"'2021-09-23 21:00'";23;69;7;8;2;good
DEBB021;"'2021-09-23 22:00'";12;63;6;7;2;good
DEBB021;"'2021-09-23 23:00'";5;61;4;4;2;good
DEBB021;"'2021-09-23 24:00'";6;63;3;4;2;good
DEBB021;"'2021-09-24 01:00'";9;69;3;6;2;good
DEBB021;"'2021-09-24 02:00'";13;76;2;8;2;moderate
DEBB021;"'2021-09-24 03:00'";16;80;3;9;2;moderate
DEBB021;"'2021-09-24 04:00'";16;78;3;9;2;moderate
DEBB021;"'2021-09-24 05:00'";15;76;3;10;2;moderate
DEBB021;"'2021-09-24 06:00'";14;74;4;10;2;moderate
DEBB021;"'2021-09-24 07:00'";14;69;7;10;2;good
DEBB021;"'2021-09-24 08:00'";14;64;7;9;2;good
DEBB021;"'2021-09-24 09:00'";14;60;8;10;2;good
DEBB021;"'2021-09-24 10:00'";15;64;8;10;2;good
DEBB021;"'2021-09-24 11:00'";17;71;6;10;2;good
DEBB021;"'2021-09-24 12:00'";17;70;6;9;2;good
DEBB021;"'2021-09-24 13:00'";14;62;7;8;2;good
DEBB021;"'2021-09-24 14:00'";11;56;7;7;2;good
DEBB021;"'2021-09-24 15:00'";9;57;6;5;2;good
DEBB021;"'2021-09-24 16:00'";9;57;7;5;2;good
DEBB021;"'2021-09-24 17:00'";10;55;9;6;2;good
DEBB021;"'2021-09-24 18:00'";10;58;9;6;2;good
DEBB021;"'2021-09-24 19:00'";12;45;22;7;2;good
DEBB021;"'2021-09-24 20:00'";14;41;26;10;2;good
DEBB021;"'2021-09-24 21:00'";15;46;13;11;2;good
DEBB021;"'2021-09-24 22:00'";16;43;13;12;2;good
DEBB021;"'2021-09-24 23:00'";18;42;17;15;2;good
DEBB021;"'2021-09-24 24:00'";18;43;14;15;2;good
DEBB021;"'2021-09-25 01:00'";16;47;12;14;2;good
DEBB021;"'2021-09-25 02:00'";16;50;9;14;2;good
DEBB021;"'2021-09-25 03:00'";16;52;8;14;2;good
DEBB021;"'2021-09-25 04:00'";16;52;8;14;3;good
DEBB021;"'2021-09-25 05:00'";16;53;7;13;3;good
DEBB021;"'2021-09-25 06:00'";15;52;8;12;3;good
DEBB021;"'2021-09-25 07:00'";16;48;10;12;3;good
DEBB021;"'2021-09-25 08:00'";16;44;11;13;3;good
DEBB021;"'2021-09-25 09:00'";17;42;9;14;3;good
DEBB021;"'2021-09-25 10:00'";19;42;10;16;3;moderate
DEBB021;"'2021-09-25 11:00'";21;44;9;17;3;moderate
DEBB021;"'2021-09-25 12:00'";19;47;8;16;3;moderate
DEBB021;"'2021-09-25 13:00'";19;47;8;16;2;moderate
DEBB021;"'2021-09-25 14:00'";17;53;7;14;3;good
DEBB021;"'2021-09-25 15:00'";15;58;8;12;2;good
DEBB021;"'2021-09-25 16:00'";15;59;6;11;2;good
DEBB021;"'2021-09-25 17:00'";17;59;9;11;2;good
DEBB021;"'2021-09-25 18:00'";19;50;12;11;2;good
DEBB021;"'2021-09-25 19:00'";15;49;12;10;2;good
DEBB021;"'2021-09-25 20:00'";16;36;20;12;2;good
DEBB021;"'2021-09-25 21:00'";18;28;18;14;2;good
DEBB021;"'2021-09-25 22:00'";25;11;31;22;2;moderate
DEBB021;"'2021-09-25 23:00'";38;6;31;33;2;poor
DEBB021;"'2021-09-25 24:00'";42;6;26;37;2;poor
DEBB021;"'2021-09-26 01:00'";39;6;24;34;2;poor
DEBB021;"'2021-09-26 02:00'";28;5;23;25;2;moderate
DEBB021;"'2021-09-26 03:00'";23;5;20;20;2;moderate
DEBB021;"'2021-09-26 04:00'";20;7;17;18;2;moderate
DEBB021;"'2021-09-26 05:00'";20;10;15;18;2;moderate
DEBB021;"'2021-09-26 06:00'";19;9;15;17;2;moderate
DEBB021;"'2021-09-26 07:00'";19;9;15;17;2;moderate
DEBB021;"'2021-09-26 08:00'";19;12;15;17;2;moderate
DEBB021;"'2021-09-26 09:00'";19;21;10;17;3;moderate
DEBB021;"'2021-09-26 10:00'";18;36;8;15;3;good
DEBB021;"'2021-09-26 11:00'";16;50;7;12;3;good
DEBB021;"'2021-09-26 12:00'";15;64;6;10;3;good
DEBB021;"'2021-09-26 13:00'";14;72;6;9;3;good
DEBB021;"'2021-09-26 14:00'";13;80;5;8;3;moderate
DEBB021;"'2021-09-26 15:00'";14;87;6;8;3;moderate
DEBB021;"'2021-09-26 16:00'";13;88;6;7;3;moderate
DEBB021;"'2021-09-26 17:00'";14;88;8;7;3;moderate
DEBB021;"'2021-09-26 18:00'";13;87;11;7;3;moderate
DEBB021;"'2021-09-26 19:00'";14;84;12;8;2;moderate
DEBB021;"'2021-09-26 20:00'";19;54;28;12;2;good
DEBB021;"'2021-09-26 21:00'";17;43;32;13;2;moderate
DEBB021;"'2021-09-26 22:00'";15;46;28;12;2;good
DEBB021;"'2021-09-26 23:00'";16;46;23;13;3;good
DEBB021;"'2021-09-26 24:00'";15;46;18;12;3;good
DEBB021;"'2021-09-27 01:00'";13;44;14;11;2;good
DEBB021;"'2021-09-27 02:00'";13;39;11;11;2;good
DEBB021;"'2021-09-27 03:00'";14;37;12;11;2;good
DEBB021;"'2021-09-27 04:00'";14;34;12;12;2;good
DEBB021;"'2021-09-27 05:00'";16;33;13;14;3;good
DEBB021;"'2021-09-27 06:00'";17;28;16;14;3;good
DEBB021;"'2021-09-27 07:00'";18;20;24;15;3;good
DEBB021;"'2021-09-27 08:00'";21;11;29;16;2;moderate
DEBB021;"'2021-09-27 09:00'";21;9;29;17;2;moderate
DEBB021;"'2021-09-27 10:00'";21;12;28;17;2;moderate
DEBB021;"'2021-09-27 11:00'";18;23;22;15;3;good
DEBB021;"'2021-09-27 12:00'";18;26;22;15;2;good
DEBB021;"'2021-09-27 13:00'";15;44;13;13;3;good
DEBB021;"'2021-09-27 14:00'";12;64;9;10;3;good
DEBB021;"'2021-09-27 15:00'";13;66;10;11;3;good
DEBB021;"'2021-09-27 16:00'";16;66;13;13;3;good
DEBB021;"'2021-09-27 17:00'";15;66;12;13;3;good
DEBB021;"'2021-09-27 18:00'";14;68;11;12;3;good
DEBB021;"'2021-09-27 19:00'";15;58;14;13;3;good
DEBB021;"'2021-09-27 20:00'";16;43;21;14;3;good
DEBB021;"'2021-09-27 21:00'";16;39;21;14;3;good
DEBB021;"'2021-09-27 22:00'";16;38;18;14;3;good
DEBB021;"'2021-09-27 23:00'";16;38;16;14;3;good
DEBB021;"'2021-09-27 24:00'";16;29;14;14;2;good
DEBB021;"'2021-09-28 01:00'";17;23;13;15;2;good
DEBB021;"'2021-09-28 02:00'";16;24;11;14;2;good
DEBB021;"'2021-09-28 03:00'";17;29;10;14;2;good
DEBB021;"'2021-09-28 04:00'";17;26;9;14;2;good
DEBB021;"'2021-09-28 05:00'";16;34;10;13;2;good
DEBB021;"'2021-09-28 06:00'";9;49;8;7;2;good
DEBB021;"'2021-09-28 07:00'";5;59;9;4;2;good
DEBB021;"'2021-09-28 08:00'";4;53;12;3;2;good
DEBB021;"'2021-09-28 09:00'";5;48;13;4;2;good
DEBB021;"'2021-09-28 10:00'";6;51;9;5;2;good
DEBB021;"'2021-09-28 11:00'";8;53;8;6;2;good
DEBB021;"'2021-09-28 12:00'";11;55;8;8;2;good
DEBB021;"'2021-09-28 13:00'";12;62;6;9;2;good
DEBB021;"'2021-09-28 14:00'";13;72;4;7;2;good
DEBB021;"'2021-09-28 15:00'";11;80;4;6;2;moderate
DEBB021;"'2021-09-28 16:00'";11;82;5;5;3;moderate
DEBB021;"'2021-09-28 17:00'";10;82;6;5;2;moderate
DEBB021;"'2021-09-28 18:00'";11;77;8;5;2;moderate
DEBB021;"'2021-09-28 19:00'";12;56;18;6;2;good
DEBB021;"'2021-09-28 20:00'";9;28;32;6;2;moderate
DEBB021;"'2021-09-28 21:00'";13;12;41;10;2;moderate
DEBB021;"'2021-09-28 22:00'";14;8;42;10;2;moderate
DEBB021;"'2021-09-28 23:00'";14;8;37;10;2;moderate
DEBB021;"'2021-09-28 24:00'";14;13;24;11;2;good
DEBB021;"'2021-09-29 01:00'";14;12;22;11;2;good
DEBB021;"'2021-09-29 02:00'";13;5;26;11;2;good
DEBB021;"'2021-09-29 03:00'";13;5;24;11;2;good
DEBB021;"'2021-09-29 04:00'";12;6;21;10;2;good
DEBB021;"'2021-09-29 05:00'";11;6;24;9;2;good
DEBB021;"'2021-09-29 06:00'";9;12;19;8;2;good
DEBB021;"'2021-09-29 07:00'";14;27;16;12;2;good
DEBB021;"'2021-09-29 08:00'";19;19;22;16;2;moderate
DEBB021;"'2021-09-29 09:00'";19;18;22;16;2;moderate
DEBB021;"'2021-09-29 10:00'";22;17;22;18;2;moderate
DEBB021;"'2021-09-29 11:00'";15;15;21;13;2;good
DEBB021;"'2021-09-29 12:00'";10;14;20;8;2;good
DEBB021;"'2021-09-29 13:00'";9;17;15;8;2;good
DEBB021;"'2021-09-29 14:00'";10;18;13;9;2;good
DEBB021;"'2021-09-29 15:00'";15;22;13;14;2;good
DEBB021;"'2021-09-29 16:00'";17;24;14;15;2;good
DEBB021;"'2021-09-29 17:00'";17;32;13;13;2;good
DEBB021;"'2021-09-29 18:00'";17;30;14;13;2;good
DEBB021;"'2021-09-29 19:00'";18;21;18;14;2;good
DEBB021;"'2021-09-29 20:00'";11;44;11;8;2;good
DEBB021;"'2021-09-29 21:00'";3;62;7;3;2;good
DEBB021;"'2021-09-29 22:00'";3;57;6;2;2;good
DEBB021;"'2021-09-29 23:00'";3;63;6;2;2;good
DEBB021;"'2021-09-29 24:00'";3;62;5;2;2;good
DEBB021;"'2021-09-30 01:00'";3;58;5;2;2;good
DEBB021;"'2021-09-30 02:00'";3;61;5;2;2;good
DEBB021;"'2021-09-30 03:00'";3;61;5;2;2;good
DEBB021;"'2021-09-30 04:00'";3;56;6;2;2;good
DEBB021;"'2021-09-30 05:00'";4;53;5;3;2;good
DEBB021;"'2021-09-30 06:00'";4;51;6;3;2;good
DEBB021;"'2021-09-30 07:00'";4;48;8;3;2;good
DEBB021;"'2021-09-30 08:00'";5;47;8;3;2;good
DEBB021;"'2021-09-30 09:00'";5;45;9;3;2;good
DEBB021;"'2021-09-30 10:00'";5;44;10;4;2;good
DEBB021;"'2021-09-30 11:00'";7;45;8;4;2;good
DEBB021;"'2021-09-30 12:00'";7;49;7;4;2;good
DEBB021;"'2021-09-30 13:00'";8;55;7;4;2;good
DEBB021;"'2021-09-30 14:00'";9;57;7;4;2;good
DEBB021;"'2021-09-30 15:00'";8;61;7;4;2;good
DEBB021;"'2021-09-30 16:00'";8;65;6;4;2;good
DEBB021;"'2021-09-30 17:00'";8;64;7;4;2;good
DEBB021;"'2021-09-30 18:00'";8;61;9;4;2;good
DEBB021;"'2021-09-30 19:00'";8;50;15;4;2;good
DEBB021;"'2021-09-30 20:00'";8;43;16;4;2;good
DEBB021;"'2021-09-30 21:00'";8;42;16;5;2;good
DEBB021;"'2021-09-30 22:00'";7;42;15;5;2;good
DEBB021;"'2021-09-30 23:00'";7;42;14;5;2;good
DEBB021;"'2021-09-30 24:00'";7;47;9;5;2;good
DEBB021;"'2021-10-01 01:00'";7;38;13;5;2;good
DEBB021;"'2021-10-01 02:00'";6;31;13;5;2;good
DEBB021;"'2021-10-01 03:00'";6;41;10;5;3;good
DEBB021;"'2021-10-01 04:00'";6;33;11;5;2;good
DEBB021;"'2021-10-01 05:00'";6;32;10;5;2;good
DEBB021;"'2021-10-01 06:00'";7;28;13;5;2;good
DEBB021;"'2021-10-01 07:00'";7;23;18;6;2;good
DEBB021;"'2021-10-01 08:00'";7;20;22;5;2;good
DEBB021;"'2021-10-01 09:00'";7;21;23;5;2;good
DEBB021;"'2021-10-01 10:00'";8;28;20;5;3;good
DEBB021;"'2021-10-01 11:00'";7;40;13;4;3;good
DEBB021;"'2021-10-01 12:00'";8;49;12;4;3;good
DEBB021;"'2021-10-01 13:00'";8;56;11;3;3;good
DEBB021;"'2021-10-01 14:00'";7;62;10;3;3;good
DEBB021;"'2021-10-01 15:00'";9;69;10;3;2;good
DEBB021;"'2021-10-01 16:00'";8;73;10;3;2;moderate
DEBB021;"'2021-10-01 17:00'";7;75;10;3;3;moderate
DEBB021;"'2021-10-01 18:00'";7;68;15;3;2;good
DEBB021;"'2021-10-01 19:00'";9;56;22;4;2;good
DEBB021;"'2021-10-01 20:00'";11;54;22;7;2;good
DEBB021;"'2021-10-01 21:00'";11;49;25;7;2;good
DEBB021;"'2021-10-01 22:00'";13;49;21;9;3;good
DEBB021;"'2021-10-01 23:00'";15;42;21;11;2;good
DEBB021;"'2021-10-01 24:00'";13;43;16;10;2;good
DEBB021;"'2021-10-02 01:00'";15;37;17;12;2;good
DEBB021;"'2021-10-02 02:00'";14;36;16;11;2;good
DEBB021;"'2021-10-02 03:00'";11;41;11;9;2;good
DEBB021;"'2021-10-02 04:00'";11;37;12;8;2;good
DEBB021;"'2021-10-02 05:00'";10;36;13;8;2;good
DEBB021;"'2021-10-02 06:00'";11;31;15;8;2;good
DEBB021;"'2021-10-02 07:00'";11;31;19;8;3;good
DEBB021;"'2021-10-02 08:00'";12;25;19;9;2;good
DEBB021;"'2021-10-02 09:00'";12;21;22;9;3;good
DEBB021;"'2021-10-02 10:00'";11;27;18;9;3;good
DEBB021;"'2021-10-02 11:00'";12;33;15;8;3;good
DEBB021;"'2021-10-02 12:00'";11;44;14;7;3;good
DEBB021;"'2021-10-02 13:00'";9;59;10;5;3;good
DEBB021;"'2021-10-02 14:00'";8;66;10;4;3;good
DEBB021;"'2021-10-02 15:00'";8;74;9;4;3;moderate
DEBB021;"'2021-10-02 16:00'";7;75;9;4;2;moderate
DEBB021;"'2021-10-02 17:00'";6;77;9;3;2;moderate
DEBB021;"'2021-10-02 18:00'";7;72;12;4;2;good
DEBB021;"'2021-10-02 19:00'";9;54;24;6;3;good
DEBB021;"'2021-10-02 20:00'";12;48;25;10;3;good
DEBB021;"'2021-10-02 21:00'";15;49;20;13;3;good
DEBB021;"'2021-10-02 22:00'";15;52;15;12;3;good
DEBB021;"'2021-10-02 23:00'";16;55;11;13;3;good
DEBB021;"'2021-10-02 24:00'";17;54;10;14;3;good
DEBB021;"'2021-10-03 01:00'";17;52;10;14;3;good
DEBB021;"'2021-10-03 02:00'";16;52;8;13;3;good
DEBB021;"'2021-10-03 03:00'";19;56;6;14;3;good
DEBB021;"'2021-10-03 04:00'";23;61;5;16;3;moderate
DEBB021;"'2021-10-03 05:00'";23;63;5;16;3;moderate
DEBB021;"'2021-10-03 06:00'";22;63;5;15;3;good
DEBB021;"'2021-10-03 07:00'";21;63;6;15;3;good
DEBB021;"'2021-10-03 08:00'";22;62;5;15;3;good
DEBB021;"'2021-10-03 09:00'";22;59;6;16;3;moderate
DEBB021;"'2021-10-03 10:00'";21;56;7;16;3;moderate
DEBB021;"'2021-10-03 11:00'";21;56;8;15;3;good
DEBB021;"'2021-10-03 12:00'";21;54;8;15;3;good
DEBB021;"'2021-10-03 13:00'";19;58;8;13;3;good
DEBB021;"'2021-10-03 14:00'";17;68;7;11;3;good
DEBB021;"'2021-10-03 15:00'";18;71;7;11;3;good
DEBB021;"'2021-10-03 16:00'";17;79;6;10;3;moderate
DEBB021;"'2021-10-03 17:00'";16;77;9;10;3;moderate
DEBB021;"'2021-10-03 18:00'";17;69;13;11;3;good
DEBB021;"'2021-10-03 19:00'";17;71;8;11;3;good
DEBB021;"'2021-10-03 20:00'";17;68;9;12;3;good
DEBB021;"'2021-10-03 21:00'";19;66;9;13;3;good
DEBB021;"'2021-10-03 22:00'";21;65;7;15;3;good
DEBB021;"'2021-10-03 23:00'";22;65;7;16;3;moderate
DEBB021;"'2021-10-03 24:00'";23;61;8;17;3;moderate
DEBB021;"'2021-10-04 01:00'";23;53;8;18;3;moderate
DEBB021;"'2021-10-04 02:00'";23;47;10;18;3;moderate
DEBB021;"'2021-10-04 03:00'";16;45;9;13;2;good
DEBB021;"'2021-10-04 04:00'";6;53;8;5;2;good
DEBB021;"'2021-10-04 05:00'";2;58;7;2;2;good
DEBB021;"'2021-10-04 06:00'";0.8;60;7;0.8;2;good
DEBB021;"'2021-10-04 07:00'";0.8;54;10;0.8;2;good
DEBB021;"'2021-10-04 08:00'";0.8;47;19;0.8;2;good
DEBB021;"'2021-10-04 09:00'";2;41;24;2;2;good
DEBB021;"'2021-10-04 10:00'";3;44;20;2;2;good
DEBB021;"'2021-10-04 11:00'";4;46;20;2;2;good
DEBB021;"'2021-10-04 12:00'";6;47;18;3;3;good
DEBB021;"'2021-10-04 13:00'";8;48;19;4;3;good
DEBB021;"'2021-10-04 14:00'";6;43;21;4;3;good
DEBB021;"'2021-10-04 15:00'";7;40;20;5;3;good
DEBB021;"'2021-10-04 16:00'";10;43;21;6;3;good
DEBB021;"'2021-10-04 17:00'";9;36;21;7;3;good
DEBB021;"'2021-10-04 18:00'";10;28;24;8;3;good
DEBB021;"'2021-10-04 19:00'";10;29;21;7;2;good
DEBB021;"'2021-10-04 20:00'";9;30;20;6;2;good
DEBB021;"'2021-10-04 21:00'";10;32;15;8;2;good
DEBB021;"'2021-10-04 22:00'";10;28;18;7;2;good
DEBB021;"'2021-10-04 23:00'";10;22;20;8;2;good
DEBB021;"'2021-10-04 24:00'";11;17;24;8;2;good
DEBB021;"'2021-10-05 01:00'";10;22;19;8;2;good
DEBB021;"'2021-10-05 02:00'";10;22;17;8;2;good
DEBB021;"'2021-10-05 03:00'";10;22;18;8;2;good
DEBB021;"'2021-10-05 04:00'";10;22;20;8;2;good
DEBB021;"'2021-10-05 05:00'";10;17;24;8;2;good
DEBB021;"'2021-10-05 06:00'";10;25;24;7;2;good
DEBB021;"'2021-10-05 07:00'";8;38;21;6;4;good
DEBB021;"'2021-10-05 08:00'";6;41;18;5;3;good
DEBB021;"'2021-10-05 09:00'";7;26;27;6;2;good
DEBB021;"'2021-10-05 10:00'";10;20;30;8;2;good
DEBB021;"'2021-10-05 11:00'";13;15;34;11;2;moderate
DEBB021;"'2021-10-05 12:00'";11;15;31;10;2;moderate
DEBB021;"'2021-10-05 13:00'";10;14;23;10;2;good
DEBB021;"'2021-10-05 14:00'";11;10;29;10;2;good
DEBB021;"'2021-10-05 15:00'";7;11;25;6;2;good
DEBB021;"'2021-10-05 16:00'";3;13;22;3;2;good
DEBB021;"'2021-10-05 17:00'";2;21;16;2;2;good
DEBB021;"'2021-10-05 18:00'";3;27;17;3;2;good
DEBB021;"'2021-10-05 19:00'";4;37;16;3;2;good
DEBB021;"'2021-10-05 20:00'";8;43;11;7;2;good
DEBB021;"'2021-10-05 21:00'";12;36;12;9;2;good
DEBB021;"'2021-10-05 22:00'";14;31;12;11;2;good
DEBB021;"'2021-10-05 23:00'";14;29;10;12;2;good
DEBB021;"'2021-10-05 24:00'";15;21;11;11;2;good
DEBB021;"'2021-10-06 01:00'";14;19;12;10;2;good
DEBB021;"'2021-10-06 02:00'";11;30;9;8;2;good
DEBB021;"'2021-10-06 03:00'";11;27;8;8;2;good
DEBB021;"'2021-10-06 04:00'";11;31;7;8;2;good
DEBB021;"'2021-10-06 05:00'";11;34;7;8;2;good
DEBB021;"'2021-10-06 06:00'";10;34;9;8;2;good
DEBB021;"'2021-10-06 07:00'";9;32;13;7;2;good
DEBB021;"'2021-10-06 08:00'";9;28;17;7;2;good
DEBB021;"'2021-10-06 09:00'";7;38;12;5;2;good
DEBB021;"'2021-10-06 10:00'";5;47;10;3;2;good
DEBB021;"'2021-10-06 11:00'";5;50;-;3;2;good
DEBB021;"'2021-10-06 12:00'";7;55;-;3;2;good
DEBB021;"'2021-10-06 13:00'";6;61;-;3;2;good
DEBB021;"'2021-10-06 14:00'";6;62;-;3;2;good
DEBB021;"'2021-10-06 15:00'";7;59;-;3;2;good
DEBB021;"'2021-10-06 16:00'";7;54;-;3;2;good
DEBB021;"'2021-10-06 17:00'";7;60;-;3;2;good
DEBB021;"'2021-10-06 18:00'";9;59;-;3;2;good
DEBB021;"'2021-10-06 19:00'";7;48;-;4;2;good
DEBB021;"'2021-10-06 20:00'";7;37;20;5;2;good
DEBB021;"'2021-10-06 21:00'";9;33;17;6;2;good
DEBB021;"'2021-10-06 22:00'";12;19;26;9;2;good
DEBB021;"'2021-10-06 23:00'";14;9;32;10;2;moderate
DEBB021;"'2021-10-06 24:00'";13;7;30;10;2;good
DEBB021;"'2021-10-07 01:00'";12;8;24;9;2;good
DEBB021;"'2021-10-07 02:00'";11;5;24;9;2;good
DEBB021;"'2021-10-07 03:00'";11;5;20;8;2;good
DEBB021;"'2021-10-07 04:00'";9;5;20;7;2;good
DEBB021;"'2021-10-07 05:00'";8;5;17;6;2;good
DEBB021;"'2021-10-07 06:00'";7;5;16;5;2;good
DEBB021;"'2021-10-07 07:00'";7;5;16;6;2;good
DEBB021;"'2021-10-07 08:00'";11;5;20;8;3;good
DEBB021;"'2021-10-07 09:00'";16;6;23;11;3;good
DEBB021;"'2021-10-07 10:00'";13;11;29;10;3;good
DEBB021;"'2021-10-07 11:00'";11;27;24;8;2;good
DEBB021;"'2021-10-07 12:00'";9;44;16;5;3;good
DEBB021;"'2021-10-07 13:00'";8;49;13;5;3;good
DEBB021;"'2021-10-07 14:00'";9;56;13;5;3;good
DEBB021;"'2021-10-07 15:00'";7;62;12;4;3;good
DEBB021;"'2021-10-07 16:00'";7;66;15;4;3;good
DEBB021;"'2021-10-07 17:00'";8;62;18;5;4;good
DEBB021;"'2021-10-07 18:00'";8;60;18;5;3;good
DEBB021;"'2021-10-07 19:00'";10;49;22;6;3;good
DEBB021;"'2021-10-07 20:00'";12;20;40;9;3;moderate
DEBB021;"'2021-10-07 21:00'";14;9;45;11;2;moderate
DEBB021;"'2021-10-07 22:00'";16;10;34;13;2;moderate
DEBB021;"'2021-10-07 23:00'";16;9;32;14;2;moderate
DEBB021;"'2021-10-07 24:00'";13;19;25;11;2;good
DEBB021;"'2021-10-08 01:00'";16;24;17;13;2;good
DEBB021;"'2021-10-08 02:00'";17;22;18;14;2;good
DEBB021;"'2021-10-08 03:00'";17;19;19;14;2;good
DEBB021;"'2021-10-08 04:00'";17;10;23;15;2;good
DEBB021;"'2021-10-08 05:00'";18;8;20;15;2;good
DEBB021;"'2021-10-08 06:00'";18;8;19;15;2;good
DEBB021;"'2021-10-08 07:00'";22;6;23;18;2;moderate
DEBB021;"'2021-10-08 08:00'";28;9;22;23;2;moderate
DEBB021;"'2021-10-08 09:00'";31;14;20;25;2;moderate
DEBB021;"'2021-10-08 10:00'";34;17;18;28;3;moderate
DEBB021;"'2021-10-08 11:00'";38;20;22;28;4;moderate
DEBB021;"'2021-10-08 12:00'";38;33;19;25;5;moderate
DEBB021;"'2021-10-08 13:00'";38;54;14;21;5;moderate
DEBB021;"'2021-10-08 14:00'";40;69;12;19;5;moderate
DEBB021;"'2021-10-08 15:00'";37;75;11;19;4;moderate
DEBB021;"'2021-10-08 16:00'";37;78;12;19;4;moderate
DEBB021;"'2021-10-08 17:00'";40;77;13;19;4;moderate
DEBB021;"'2021-10-08 18:00'";40;73;14;19;3;moderate
DEBB021;"'2021-10-08 19:00'";41;62;16;21;3;moderate
DEBB021;"'2021-10-08 20:00'";43;59;17;22;3;moderate
DEBB021;"'2021-10-08 21:00'";39;51;21;22;3;moderate
DEBB021;"'2021-10-08 22:00'";35;50;18;21;3;moderate
DEBB021;"'2021-10-08 23:00'";31;49;18;20;3;moderate
DEBB021;"'2021-10-08 24:00'";29;45;21;20;3;moderate
DEBB021;"'2021-10-09 01:00'";28;46;16;19;3;moderate
DEBB021;"'2021-10-09 02:00'";28;46;14;19;3;moderate
DEBB021;"'2021-10-09 03:00'";29;42;14;19;3;moderate
DEBB021;"'2021-10-09 04:00'";29;41;14;20;3;moderate
DEBB021;"'2021-10-09 05:00'";30;39;14;21;3;moderate
DEBB021;"'2021-10-09 06:00'";30;35;15;21;3;moderate
DEBB021;"'2021-10-09 07:00'";30;30;19;21;3;moderate
DEBB021;"'2021-10-09 08:00'";31;28;19;22;3;moderate
DEBB021;"'2021-10-09 09:00'";28;30;18;20;4;moderate
DEBB021;"'2021-10-09 10:00'";29;39;13;18;4;moderate
DEBB021;"'2021-10-09 11:00'";28;46;13;15;5;moderate
DEBB021;"'2021-10-09 12:00'";26;55;11;13;4;good
DEBB021;"'2021-10-09 13:00'";23;64;9;13;4;good
DEBB021;"'2021-10-09 14:00'";20;72;8;11;3;good
DEBB021;"'2021-10-09 15:00'";18;78;7;9;3;moderate
DEBB021;"'2021-10-09 16:00'";16;81;7;9;3;moderate
DEBB021;"'2021-10-09 17:00'";17;80;8;9;4;moderate
DEBB021;"'2021-10-09 18:00'";17;77;10;9;4;moderate
DEBB021;"'2021-10-09 19:00'";18;68;15;11;4;good
DEBB021;"'2021-10-09 20:00'";21;57;21;15;4;good
DEBB021;"'2021-10-09 21:00'";22;51;21;17;3;moderate
DEBB021;"'2021-10-09 22:00'";25;44;24;20;3;moderate
DEBB021;"'2021-10-09 23:00'";25;46;21;20;3;moderate
DEBB021;"'2021-10-09 24:00'";25;49;17;20;3;moderate
DEBB021;"'2021-10-10 01:00'";25;48;16;20;3;moderate
DEBB021;"'2021-10-10 02:00'";26;45;17;21;3;moderate
DEBB021;"'2021-10-10 03:00'";24;40;15;19;3;moderate
DEBB021;"'2021-10-10 04:00'";23;37;15;19;3;moderate
DEBB021;"'2021-10-10 05:00'";23;36;14;19;3;moderate
DEBB021;"'2021-10-10 06:00'";23;34;14;19;3;moderate
DEBB021;"'2021-10-10 07:00'";23;26;18;20;3;moderate
DEBB021;"'2021-10-10 08:00'";23;22;20;20;2;moderate
DEBB021;"'2021-10-10 09:00'";25;26;19;21;3;moderate
DEBB021;"'2021-10-10 10:00'";27;33;16;23;3;moderate
DEBB021;"'2021-10-10 11:00'";28;44;12;23;4;moderate
DEBB021;"'2021-10-10 12:00'";26;56;11;19;4;moderate
DEBB021;"'2021-10-10 13:00'";24;69;8;15;4;good
DEBB021;"'2021-10-10 14:00'";23;76;7;14;4;moderate
DEBB021;"'2021-10-10 15:00'";22;81;7;14;4;moderate
DEBB021;"'2021-10-10 16:00'";25;79;10;14;4;moderate
DEBB021;"'2021-10-10 17:00'";23;83;9;14;4;moderate
DEBB021;"'2021-10-10 18:00'";25;73;18;16;5;moderate
DEBB021;"'2021-10-10 19:00'";24;63;20;16;4;moderate
DEBB021;"'2021-10-10 20:00'";25;51;24;18;4;moderate
DEBB021;"'2021-10-10 21:00'";27;44;27;20;3;moderate
DEBB021;"'2021-10-10 22:00'";29;32;35;23;3;moderate
DEBB021;"'2021-10-10 23:00'";31;23;38;24;3;moderate
DEBB021;"'2021-10-10 24:00'";29;14;39;24;3;moderate
DEBB021;"'2021-10-11 01:00'";27;18;31;23;2;moderate
DEBB021;"'2021-10-11 02:00'";27;9;33;24;2;moderate
DEBB021;"'2021-10-11 03:00'";25;9;31;21;2;moderate
DEBB021;"'2021-10-11 04:00'";23;7;33;20;2;moderate
DEBB021;"'2021-10-11 05:00'";22;22;26;18;2;moderate
DEBB021;"'2021-10-11 06:00'";21;27;19;18;2;moderate
DEBB021;"'2021-10-11 07:00'";22;23;33;17;3;moderate
DEBB021;"'2021-10-11 08:00'";24;16;41;18;3;moderate
DEBB021;"'2021-10-11 09:00'";29;20;37;22;4;moderate
DEBB021;"'2021-10-11 10:00'";29;26;26;23;4;moderate
DEBB021;"'2021-10-11 11:00'";30;29;21;24;4;moderate
DEBB021;"'2021-10-11 12:00'";27;38;13;23;3;moderate
DEBB021;"'2021-10-11 13:00'";23;-;10;20;-;moderate
DEBB021;"'2021-10-11 14:00'";18;52;10;15;3;good
DEBB021;"'2021-10-11 15:00'";13;60;7;10;3;good
DEBB021;"'2021-10-11 16:00'";13;61;7;10;2;good
DEBB021;"'2021-10-11 17:00'";12;61;7;9;2;good
DEBB021;"'2021-10-11 18:00'";12;54;12;8;3;good
DEBB021;"'2021-10-11 19:00'";11;37;29;8;2;good
DEBB021;"'2021-10-11 20:00'";7;52;12;6;2;good
DEBB021;"'2021-10-11 21:00'";4;56;8;4;2;good
DEBB021;"'2021-10-11 22:00'";5;49;10;4;2;good
DEBB021;"'2021-10-11 23:00'";5;47;7;4;2;good
DEBB021;"'2021-10-11 24:00'";5;49;6;4;2;good
DEBB021;"'2021-10-12 01:00'";4;49;6;4;2;good
DEBB021;"'2021-10-12 02:00'";5;46;7;4;2;good
DEBB021;"'2021-10-12 03:00'";5;45;7;4;2;good
DEBB021;"'2021-10-12 04:00'";5;43;7;4;2;good
DEBB021;"'2021-10-12 05:00'";5;42;7;4;2;good
DEBB021;"'2021-10-12 06:00'";6;40;9;5;2;good
DEBB021;"'2021-10-12 07:00'";6;41;11;5;2;good
DEBB021;"'2021-10-12 08:00'";5;35;18;5;2;good
DEBB021;"'2021-10-12 09:00'";5;39;13;4;2;good
DEBB021;"'2021-10-12 10:00'";4;45;10;3;2;good
DEBB021;"'2021-10-12 11:00'";3;50;8;3;2;good
DEBB021;"'2021-10-12 12:00'";3;57;6;3;2;good
DEBB021;"'2021-10-12 13:00'";4;66;4;2;2;good
DEBB021;"'2021-10-12 14:00'";4;70;4;2;2;good
DEBB021;"'2021-10-12 15:00'";3;73;4;2;2;moderate
DEBB021;"'2021-10-12 16:00'";3;74;4;2;2;moderate
DEBB021;"'2021-10-12 17:00'";3;71;6;2;2;good
DEBB021;"'2021-10-12 18:00'";3;68;6;1;2;good
DEBB021;"'2021-10-12 19:00'";5;59;12;3;2;good
DEBB021;"'2021-10-12 20:00'";6;56;13;4;2;good
DEBB021;"'2021-10-12 21:00'";4;58;10;3;2;good
DEBB021;"'2021-10-12 22:00'";4;57;9;3;2;good
DEBB021;"'2021-10-12 23:00'";4;49;13;3;2;good
DEBB021;"'2021-10-12 24:00'";5;41;18;4;2;good
DEBB021;"'2021-10-13 01:00'";3;47;11;2;2;good
DEBB021;"'2021-10-13 02:00'";4;48;7;3;2;good
DEBB021;"'2021-10-13 03:00'";3;40;12;2;2;good
DEBB021;"'2021-10-13 04:00'";3;40;8;2;2;good
DEBB021;"'2021-10-13 05:00'";3;37;8;3;2;good
DEBB021;"'2021-10-13 06:00'";4;31;11;3;2;good
DEBB021;"'2021-10-13 07:00'";5;22;16;5;2;good
DEBB021;"'2021-10-13 08:00'";8;14;28;6;2;good
DEBB021;"'2021-10-13 09:00'";9;20;20;7;2;good
DEBB021;"'2021-10-13 10:00'";9;29;13;7;2;good
DEBB021;"'2021-10-13 11:00'";7;39;11;6;3;good
DEBB021;"'2021-10-13 12:00'";8;41;9;6;3;good
DEBB021;"'2021-10-13 13:00'";8;43;9;7;2;good
DEBB021;"'2021-10-13 14:00'";7;52;8;6;2;good
DEBB021;"'2021-10-13 15:00'";7;60;6;5;2;good
DEBB021;"'2021-10-13 16:00'";6;64;6;4;2;good
DEBB021;"'2021-10-13 17:00'";4;66;6;3;2;good
DEBB021;"'2021-10-13 18:00'";5;61;8;4;2;good
DEBB021;"'2021-10-13 19:00'";8;45;20;6;2;good
DEBB021;"'2021-10-13 20:00'";7;36;23;6;2;good
DEBB021;"'2021-10-13 21:00'";7;37;18;6;2;good
DEBB021;"'2021-10-13 22:00'";6;42;14;5;2;good
DEBB021;"'2021-10-13 23:00'";7;41;12;5;2;good
DEBB021;"'2021-10-13 24:00'";7;39;12;6;2;good
DEBB021;"'2021-10-14 01:00'";8;37;11;6;2;good
DEBB021;"'2021-10-14 02:00'";9;33;11;7;2;good
DEBB021;"'2021-10-14 03:00'";9;33;10;7;2;good
DEBB021;"'2021-10-14 04:00'";9;34;10;8;2;good
DEBB021;"'2021-10-14 05:00'";7;49;8;6;2;good
DEBB021;"'2021-10-14 06:00'";4;52;6;4;2;good
DEBB021;"'2021-10-14 07:00'";2;47;9;2;2;good
DEBB021;"'2021-10-14 08:00'";2;45;11;2;2;good
DEBB021;"'2021-10-14 09:00'";4;41;14;4;2;good
DEBB021;"'2021-10-14 10:00'";8;39;12;7;2;good
DEBB021;"'2021-10-14 11:00'";8;36;11;7;2;good
DEBB021;"'2021-10-14 12:00'";6;32;13;6;2;good
DEBB021;"'2021-10-14 13:00'";3;30;16;3;2;good
DEBB021;"'2021-10-14 14:00'";10;40;11;8;2;good
DEBB021;"'2021-10-14 15:00'";10;45;9;9;2;good
DEBB021;"'2021-10-14 16:00'";12;40;10;10;2;good
DEBB021;"'2021-10-14 17:00'";11;42;10;9;2;good
DEBB021;"'2021-10-14 18:00'";10;39;12;9;2;good
DEBB021;"'2021-10-14 19:00'";10;33;17;9;2;good
DEBB021;"'2021-10-14 20:00'";11;32;16;9;2;good
DEBB021;"'2021-10-14 21:00'";11;30;17;10;2;good
DEBB021;"'2021-10-14 22:00'";14;30;16;12;2;good
DEBB021;"'2021-10-14 23:00'";15;32;14;13;2;good
DEBB021;"'2021-10-14 24:00'";18;27;18;16;2;moderate
DEBB021;"'2021-10-15 01:00'";20;28;17;17;3;moderate
DEBB021;"'2021-10-15 02:00'";20;28;13;18;3;moderate
DEBB021;"'2021-10-15 03:00'";15;28;10;13;2;good
DEBB021;"'2021-10-15 04:00'";14;32;9;12;2;good
DEBB021;"'2021-10-15 05:00'";13;38;7;11;2;good
DEBB021;"'2021-10-15 06:00'";12;42;7;10;2;good
DEBB021;"'2021-10-15 07:00'";11;36;11;9;2;good
DEBB021;"'2021-10-15 08:00'";11;33;13;9;2;good
DEBB021;"'2021-10-15 09:00'";9;36;14;7;2;good
DEBB021;"'2021-10-15 10:00'";8;38;14;6;2;good
DEBB021;"'2021-10-15 11:00'";8;40;12;5;2;good
DEBB021;"'2021-10-15 12:00'";9;45;11;5;2;good
DEBB021;"'2021-10-15 13:00'";9;50;11;6;2;good
DEBB021;"'2021-10-15 14:00'";9;55;11;6;2;good
DEBB021;"'2021-10-15 15:00'";4;72;10;3;2;good
DEBB021;"'2021-10-15 16:00'";3;68;9;3;2;good
DEBB021;"'2021-10-15 17:00'";3;66;7;2;2;good
DEBB021;"'2021-10-15 18:00'";5;60;10;4;2;good
DEBB021;"'2021-10-15 19:00'";7;48;16;5;2;good
DEBB021;"'2021-10-15 20:00'";7;45;16;6;2;good
DEBB021;"'2021-10-15 21:00'";7;55;8;5;2;good
DEBB021;"'2021-10-15 22:00'";6;53;8;5;2;good
DEBB021;"'2021-10-15 23:00'";6;52;7;5;2;good
DEBB021;"'2021-10-15 24:00'";7;49;8;5;2;good
DEBB021;"'2021-10-16 01:00'";7;46;9;5;2;good
DEBB021;"'2021-10-16 02:00'";7;41;11;5;2;good
DEBB021;"'2021-10-16 03:00'";7;38;11;5;2;good
DEBB021;"'2021-10-16 04:00'";7;38;10;5;2;good
DEBB021;"'2021-10-16 05:00'";7;32;14;5;2;good
DEBB021;"'2021-10-16 06:00'";7;23;14;5;2;good
DEBB021;"'2021-10-16 07:00'";8;21;22;6;2;good
DEBB021;"'2021-10-16 08:00'";9;21;21;6;2;good
DEBB021;"'2021-10-16 09:00'";9;23;20;7;2;good
DEBB021;"'2021-10-16 10:00'";9;30;15;7;3;good
DEBB021;"'2021-10-16 11:00'";9;39;11;6;3;good
DEBB021;"'2021-10-16 12:00'";8;47;10;6;2;good
DEBB021;"'2021-10-16 13:00'";7;61;9;5;2;good
DEBB021;"'2021-10-16 14:00'";7;66;7;4;2;good
DEBB021;"'2021-10-16 15:00'";7;65;8;5;2;good
DEBB021;"'2021-10-16 16:00'";7;62;10;5;2;good
DEBB021;"'2021-10-16 17:00'";7;62;9;5;3;good
DEBB021;"'2021-10-16 18:00'";8;56;11;6;3;good
DEBB021;"'2021-10-16 19:00'";10;45;19;8;2;good
DEBB021;"'2021-10-16 20:00'";12;37;25;9;2;good
DEBB021;"'2021-10-16 21:00'";14;39;20;11;2;good
DEBB021;"'2021-10-16 22:00'";11;37;19;9;2;good
DEBB021;"'2021-10-16 23:00'";10;38;14;8;2;good
DEBB021;"'2021-10-16 24:00'";10;37;16;8;2;good
DEBB021;"'2021-10-17 01:00'";10;36;12;7;2;good
DEBB021;"'2021-10-17 02:00'";9;39;9;7;2;good
DEBB021;"'2021-10-17 03:00'";9;43;9;7;2;good
DEBB021;"'2021-10-17 04:00'";8;43;8;6;3;good
DEBB021;"'2021-10-17 05:00'";8;38;11;6;2;good
DEBB021;"'2021-10-17 06:00'";8;36;13;6;2;good
DEBB021;"'2021-10-17 07:00'";8;37;10;6;2;good
DEBB021;"'2021-10-17 08:00'";8;43;7;6;2;good
DEBB021;"'2021-10-17 09:00'";8;45;7;6;3;good
DEBB021;"'2021-10-17 10:00'";9;42;11;7;3;good
DEBB021;"'2021-10-17 11:00'";11;46;10;7;3;good
DEBB021;"'2021-10-17 12:00'";12;55;10;8;4;good
DEBB021;"'2021-10-17 13:00'";11;63;8;8;4;good
DEBB021;"'2021-10-17 14:00'";13;60;9;9;4;good
DEBB021;"'2021-10-17 15:00'";14;57;10;10;4;good
DEBB021;"'2021-10-17 16:00'";15;55;13;10;4;good
DEBB021;"'2021-10-17 17:00'";14;49;19;10;4;good
DEBB021;"'2021-10-17 18:00'";14;46;20;10;4;good
DEBB021;"'2021-10-17 19:00'";15;49;16;11;4;good
DEBB021;"'2021-10-17 20:00'";15;43;20;12;3;good
DEBB021;"'2021-10-17 21:00'";14;44;16;11;3;good
DEBB021;"'2021-10-17 22:00'";14;41;17;11;3;good
DEBB021;"'2021-10-17 23:00'";13;41;16;11;3;good
DEBB021;"'2021-10-17 24:00'";13;42;15;11;3;good
DEBB021;"'2021-10-18 01:00'";12;41;13;10;3;good
DEBB021;"'2021-10-18 02:00'";12;43;10;10;3;good
DEBB021;"'2021-10-18 03:00'";11;41;10;9;3;good
DEBB021;"'2021-10-18 04:00'";11;41;10;9;3;good
DEBB021;"'2021-10-18 05:00'";10;42;9;8;3;good
DEBB021;"'2021-10-18 06:00'";8;49;9;6;3;good
DEBB021;"'2021-10-18 07:00'";8;48;14;6;3;good
DEBB021;"'2021-10-18 08:00'";9;38;22;7;3;good
DEBB021;"'2021-10-18 09:00'";11;29;28;9;3;good
DEBB021;"'2021-10-18 10:00'";11;37;20;8;3;good
DEBB021;"'2021-10-18 11:00'";12;41;16;8;3;good
DEBB021;"'2021-10-18 12:00'";10;49;15;7;3;good
DEBB021;"'2021-10-18 13:00'";8;63;11;6;4;good
DEBB021;"'2021-10-18 14:00'";7;69;8;5;3;good
DEBB021;"'2021-10-18 15:00'";7;73;9;4;3;moderate
DEBB021;"'2021-10-18 16:00'";7;72;9;4;2;good
DEBB021;"'2021-10-18 17:00'";7;67;14;4;2;good
DEBB021;"'2021-10-18 18:00'";10;57;16;5;2;good
DEBB021;"'2021-10-18 19:00'";12;44;24;8;3;good
DEBB021;"'2021-10-18 20:00'";12;44;21;9;3;good
DEBB021;"'2021-10-18 21:00'";14;40;23;11;3;good
DEBB021;"'2021-10-18 22:00'";17;15;38;14;3;moderate
DEBB021;"'2021-10-18 23:00'";17;7;45;13;3;moderate
DEBB021;"'2021-10-18 24:00'";16;12;37;12;3;moderate
DEBB021;"'2021-10-19 01:00'";15;20;27;12;3;good
DEBB021;"'2021-10-19 02:00'";16;28;19;14;3;good
DEBB021;"'2021-10-19 03:00'";18;36;13;16;4;moderate
DEBB021;"'2021-10-19 04:00'";18;29;13;16;3;moderate
DEBB021;"'2021-10-19 05:00'";19;24;14;17;3;moderate
DEBB021;"'2021-10-19 06:00'";19;19;17;17;3;moderate
DEBB021;"'2021-10-19 07:00'";20;12;24;18;3;moderate
DEBB021;"'2021-10-19 08:00'";21;14;25;19;3;moderate
DEBB021;"'2021-10-19 09:00'";23;17;24;19;3;moderate
DEBB021;"'2021-10-19 10:00'";23;20;20;19;3;moderate
DEBB021;"'2021-10-19 11:00'";23;26;16;18;3;moderate
DEBB021;"'2021-10-19 12:00'";30;29;18;17;3;moderate
DEBB021;"'2021-10-19 13:00'";21;35;17;14;3;good
DEBB021;"'2021-10-19 14:00'";15;44;14;11;3;good
DEBB021;"'2021-10-19 15:00'";15;41;18;10;3;good
DEBB021;"'2021-10-19 16:00'";13;50;14;8;3;good
DEBB021;"'2021-10-19 17:00'";12;44;16;9;3;good
DEBB021;"'2021-10-19 18:00'";13;38;20;9;3;good
DEBB021;"'2021-10-19 19:00'";9;41;15;7;3;good
DEBB021;"'2021-10-19 20:00'";6;42;10;5;3;good
DEBB021;"'2021-10-19 21:00'";6;38;10;5;2;good
DEBB021;"'2021-10-19 22:00'";6;35;10;5;2;good
DEBB021;"'2021-10-19 23:00'";5;32;10;4;2;good
DEBB021;"'2021-10-19 24:00'";5;29;10;4;2;good
DEBB021;"'2021-10-20 01:00'";5;27;10;4;2;good
DEBB021;"'2021-10-20 02:00'";6;28;8;5;2;good
DEBB021;"'2021-10-20 03:00'";8;31;8;7;2;good
DEBB021;"'2021-10-20 04:00'";11;34;7;10;2;good
DEBB021;"'2021-10-20 05:00'";12;36;8;10;2;good
DEBB021;"'2021-10-20 06:00'";11;37;10;10;3;good
DEBB021;"'2021-10-20 07:00'";11;38;12;9;3;good
DEBB021;"'2021-10-20 08:00'";11;38;13;9;3;good
DEBB021;"'2021-10-20 09:00'";11;38;13;8;3;good
DEBB021;"'2021-10-20 10:00'";11;40;13;7;3;good
DEBB021;"'2021-10-20 11:00'";11;44;13;6;3;good
DEBB021;"'2021-10-20 12:00'";11;45;14;6;3;good
DEBB021;"'2021-10-20 13:00'";9;41;15;7;3;good
DEBB021;"'2021-10-20 14:00'";11;42;16;8;3;good
DEBB021;"'2021-10-20 15:00'";13;52;13;7;4;good
DEBB021;"'2021-10-20 16:00'";13;61;11;7;3;good
DEBB021;"'2021-10-20 17:00'";13;64;11;7;3;good
DEBB021;"'2021-10-20 18:00'";15;67;8;8;3;good
DEBB021;"'2021-10-20 19:00'";14;63;8;8;3;good
DEBB021;"'2021-10-20 20:00'";13;59;8;8;3;good
DEBB021;"'2021-10-20 21:00'";13;57;8;9;3;good
DEBB021;"'2021-10-20 22:00'";11;58;7;8;3;good
DEBB021;"'2021-10-20 23:00'";11;58;6;9;2;good
DEBB021;"'2021-10-20 24:00'";11;57;6;8;3;good
DEBB021;"'2021-10-21 01:00'";9;57;5;7;3;good
DEBB021;"'2021-10-21 02:00'";9;57;5;7;3;good
DEBB021;"'2021-10-21 03:00'";9;56;5;7;3;good
DEBB021;"'2021-10-21 04:00'";9;55;6;7;3;good
DEBB021;"'2021-10-21 05:00'";6;62;5;5;3;good
DEBB021;"'2021-10-21 06:00'";5;62;6;4;3;good
DEBB021;"'2021-10-21 07:00'";4;75;5;2;3;moderate
DEBB021;"'2021-10-21 08:00'";7;74;5;2;3;moderate
DEBB021;"'2021-10-21 09:00'";12;76;5;3;3;moderate
DEBB021;"'2021-10-21 10:00'";24;82;4;3;2;moderate
DEBB021;"'2021-10-21 11:00'";34;79;4;4;2;moderate
DEBB021;"'2021-10-21 12:00'";52;74;5;6;2;moderate
DEBB021;"'2021-10-21 13:00'";21;71;5;3;2;good
DEBB021;"'2021-10-21 14:00'";4;77;4;1;2;moderate
DEBB021;"'2021-10-21 15:00'";7;75;5;2;2;moderate
DEBB021;"'2021-10-21 16:00'";9;70;6;3;2;good
DEBB021;"'2021-10-21 17:00'";11;69;7;4;2;good
DEBB021;"'2021-10-21 18:00'";6;64;8;3;2;good
DEBB021;"'2021-10-21 19:00'";5;66;7;2;2;good
DEBB021;"'2021-10-21 20:00'";2;65;7;2;2;good
DEBB021;"'2021-10-21 21:00'";2;67;5;2;2;good
DEBB021;"'2021-10-21 22:00'";3;67;5;3;2;good
DEBB021;"'2021-10-21 23:00'";4;68;4;3;2;good
DEBB021;"'2021-10-21 24:00'";4;69;4;3;2;good
DEBB021;"'2021-10-22 01:00'";5;66;4;4;2;good
DEBB021;"'2021-10-22 02:00'";5;64;5;4;2;good
DEBB021;"'2021-10-22 03:00'";6;64;5;4;2;good
DEBB021;"'2021-10-22 04:00'";6;63;5;4;3;good
DEBB021;"'2021-10-22 05:00'";6;62;6;5;3;good
DEBB021;"'2021-10-22 06:00'";6;62;6;4;3;good
DEBB021;"'2021-10-22 07:00'";6;60;8;4;3;good
DEBB021;"'2021-10-22 08:00'";6;58;9;4;2;good
DEBB021;"'2021-10-22 09:00'";7;57;10;4;2;good
DEBB021;"'2021-10-22 10:00'";8;55;10;4;2;good
DEBB021;"'2021-10-22 11:00'";8;54;9;5;2;good
DEBB021;"'2021-10-22 12:00'";10;54;8;6;2;good
DEBB021;"'2021-10-22 13:00'";9;54;10;5;2;good
DEBB021;"'2021-10-22 14:00'";8;61;9;4;2;good
DEBB021;"'2021-10-22 15:00'";9;63;10;5;2;good
DEBB021;"'2021-10-22 16:00'";6;66;11;4;2;good
DEBB021;"'2021-10-22 17:00'";4;63;11;4;2;good
DEBB021;"'2021-10-22 18:00'";4;59;11;4;2;good
DEBB021;"'2021-10-22 19:00'";3;73;7;3;2;moderate
DEBB021;"'2021-10-22 20:00'";2;73;7;2;2;moderate
DEBB021;"'2021-10-22 21:00'";2;75;5;2;2;moderate
DEBB021;"'2021-10-22 22:00'";4;66;6;3;2;good
DEBB021;"'2021-10-22 23:00'";4;64;6;3;2;good
DEBB021;"'2021-10-22 24:00'";4;68;5;3;2;good
DEBB021;"'2021-10-23 01:00'";4;65;5;3;2;good
DEBB021;"'2021-10-23 02:00'";5;66;5;3;2;good
DEBB021;"'2021-10-23 03:00'";5;65;5;4;2;good
DEBB021;"'2021-10-23 04:00'";5;62;5;4;2;good
DEBB021;"'2021-10-23 05:00'";5;61;5;4;2;good
DEBB021;"'2021-10-23 06:00'";5;61;5;4;2;good
DEBB021;"'2021-10-23 07:00'";6;60;6;4;2;good
DEBB021;"'2021-10-23 08:00'";6;59;6;4;2;good
DEBB021;"'2021-10-23 09:00'";6;58;7;4;3;good
DEBB021;"'2021-10-23 10:00'";6;58;7;4;3;good
DEBB021;"'2021-10-23 11:00'";6;61;6;4;2;good
DEBB021;"'2021-10-23 12:00'";7;64;5;4;2;good
DEBB021;"'2021-10-23 13:00'";7;67;6;4;2;good
DEBB021;"'2021-10-23 14:00'";8;69;6;5;2;good
DEBB021;"'2021-10-23 15:00'";8;68;7;5;2;good
DEBB021;"'2021-10-23 16:00'";8;71;6;5;2;good
DEBB021;"'2021-10-23 17:00'";7;67;7;5;2;good
DEBB021;"'2021-10-23 18:00'";9;62;8;7;2;good
DEBB021;"'2021-10-23 19:00'";10;52;16;8;2;good
DEBB021;"'2021-10-23 20:00'";14;41;22;11;2;good
DEBB021;"'2021-10-23 21:00'";19;33;23;16;2;moderate
DEBB021;"'2021-10-23 22:00'";17;31;19;15;2;good
DEBB021;"'2021-10-23 23:00'";12;32;14;10;2;good
DEBB021;"'2021-10-23 24:00'";13;31;13;10;2;good
DEBB021;"'2021-10-24 01:00'";12;30;11;10;2;good
DEBB021;"'2021-10-24 02:00'";11;27;12;9;2;good
DEBB021;"'2021-10-24 03:00'";12;26;13;10;2;good
DEBB021;"'2021-10-24 04:00'";12;20;18;10;2;good
DEBB021;"'2021-10-24 05:00'";16;13;18;14;2;good
DEBB021;"'2021-10-24 06:00'";14;10;15;12;2;good
DEBB021;"'2021-10-24 07:00'";12;8;15;10;2;good
DEBB021;"'2021-10-24 08:00'";12;8;15;10;2;good
DEBB021;"'2021-10-24 09:00'";12;11;13;11;2;good
DEBB021;"'2021-10-24 10:00'";12;14;11;11;2;good
DEBB021;"'2021-10-24 11:00'";13;21;12;12;3;good
DEBB021;"'2021-10-24 12:00'";11;38;12;9;3;good
DEBB021;"'2021-10-24 13:00'";8;58;8;6;3;good
DEBB021;"'2021-10-24 14:00'";6;72;6;4;3;good
DEBB021;"'2021-10-24 15:00'";8;72;6;4;3;good
DEBB021;"'2021-10-24 16:00'";5;75;5;3;3;moderate
DEBB021;"'2021-10-24 17:00'";5;72;7;4;3;good
DEBB021;"'2021-10-24 18:00'";6;65;11;5;3;good
DEBB021;"'2021-10-24 19:00'";8;53;18;6;2;good
DEBB021;"'2021-10-24 20:00'";10;39;26;8;2;good
DEBB021;"'2021-10-24 21:00'";11;44;20;10;2;good
DEBB021;"'2021-10-24 22:00'";10;48;15;9;2;good
DEBB021;"'2021-10-24 23:00'";12;42;15;10;2;good
DEBB021;"'2021-10-24 24:00'";12;41;15;11;2;good
DEBB021;"'2021-10-25 01:00'";12;38;14;11;2;good
DEBB021;"'2021-10-25 02:00'";12;39;12;11;2;good
DEBB021;"'2021-10-25 03:00'";12;38;11;11;2;good
DEBB021;"'2021-10-25 04:00'";12;34;13;11;2;good
DEBB021;"'2021-10-25 05:00'";12;31;15;11;2;good
DEBB021;"'2021-10-25 06:00'";13;21;21;12;2;good
DEBB021;"'2021-10-25 07:00'";13;10;34;11;2;moderate
DEBB021;"'2021-10-25 08:00'";14;7;43;12;2;moderate
DEBB021;"'2021-10-25 09:00'";15;9;46;12;3;moderate
DEBB021;"'2021-10-25 10:00'";14;27;26;11;3;good
DEBB021;"'2021-10-25 11:00'";13;37;16;10;3;good
DEBB021;"'2021-10-25 12:00'";14;40;16;10;4;good
DEBB021;"'2021-10-25 13:00'";15;42;15;11;4;good
DEBB021;"'2021-10-25 14:00'";16;39;16;12;4;good
DEBB021;"'2021-10-25 15:00'";17;40;16;13;3;good
DEBB021;"'2021-10-25 16:00'";18;36;19;13;4;good
DEBB021;"'2021-10-25 17:00'";18;29;26;13;4;good
DEBB021;"'2021-10-25 18:00'";16;24;28;13;3;good
DEBB021;"'2021-10-25 19:00'";17;19;30;14;3;good
DEBB021;"'2021-10-25 20:00'";20;11;36;16;3;moderate
DEBB021;"'2021-10-25 21:00'";20;7;38;16;3;moderate
DEBB021;"'2021-10-25 22:00'";24;5;37;21;3;moderate
DEBB021;"'2021-10-25 23:00'";24;5;34;21;3;moderate
DEBB021;"'2021-10-25 24:00'";21;10;27;18;2;moderate
DEBB021;"'2021-10-26 01:00'";19;19;18;17;2;moderate
DEBB021;"'2021-10-26 02:00'";20;9;25;17;2;moderate
DEBB021;"'2021-10-26 03:00'";19;7;26;17;2;moderate
DEBB021;"'2021-10-26 04:00'";18;15;23;16;2;moderate
DEBB021;"'2021-10-26 05:00'";17;12;24;15;2;good
DEBB021;"'2021-10-26 06:00'";16;8;29;14;2;good
DEBB021;"'2021-10-26 07:00'";16;15;25;14;2;good
DEBB021;"'2021-10-26 08:00'";16;14;27;13;3;good
DEBB021;"'2021-10-26 09:00'";18;14;28;14;3;good
DEBB021;"'2021-10-26 10:00'";19;19;25;15;3;good
DEBB021;"'2021-10-26 11:00'";18;20;27;15;3;good
DEBB021;"'2021-10-26 12:00'";17;29;19;14;3;good
DEBB021;"'2021-10-26 13:00'";16;34;15;13;3;good
DEBB021;"'2021-10-26 14:00'";14;46;12;12;3;good
DEBB021;"'2021-10-26 15:00'";15;52;11;12;3;good
DEBB021;"'2021-10-26 16:00'";13;48;15;11;3;good
DEBB021;"'2021-10-26 17:00'";13;46;18;11;3;good
DEBB021;"'2021-10-26 18:00'";15;35;28;12;3;good
DEBB021;"'2021-10-26 19:00'";16;19;44;12;3;moderate
DEBB021;"'2021-10-26 20:00'";14;32;30;11;3;good
DEBB021;"'2021-10-26 21:00'";12;45;15;10;2;good
DEBB021;"'2021-10-26 22:00'";11;48;13;10;2;good
DEBB021;"'2021-10-26 23:00'";11;47;11;9;3;good
DEBB021;"'2021-10-26 24:00'";10;46;10;8;2;good
DEBB021;"'2021-10-27 01:00'";8;48;9;7;2;good
DEBB021;"'2021-10-27 02:00'";8;46;8;7;2;good
DEBB021;"'2021-10-27 03:00'";9;43;8;7;2;good
DEBB021;"'2021-10-27 04:00'";9;42;9;8;2;good
DEBB021;"'2021-10-27 05:00'";9;42;9;7;2;good
DEBB021;"'2021-10-27 06:00'";9;40;11;7;2;good
DEBB021;"'2021-10-27 07:00'";10;36;14;8;2;good
DEBB021;"'2021-10-27 08:00'";10;34;17;8;2;good
DEBB021;"'2021-10-27 09:00'";9;40;14;7;2;good
DEBB021;"'2021-10-27 10:00'";9;42;12;7;2;good
DEBB021;"'2021-10-27 11:00'";10;45;11;7;2;good
DEBB021;"'2021-10-27 12:00'";9;45;13;7;3;good
DEBB021;"'2021-10-27 13:00'";10;44;13;7;2;good
DEBB021;"'2021-10-27 14:00'";10;44;14;7;2;good
DEBB021;"'2021-10-27 15:00'";9;43;15;6;3;good
DEBB021;"'2021-10-27 16:00'";8;45;15;6;2;good
DEBB021;"'2021-10-27 17:00'";9;40;20;6;2;good
DEBB021;"'2021-10-27 18:00'";9;37;20;7;2;good
DEBB021;"'2021-10-27 19:00'";10;39;18;8;2;good
DEBB021;"'2021-10-27 20:00'";10;41;16;8;2;good
DEBB021;"'2021-10-27 21:00'";9;43;14;7;2;good
DEBB021;"'2021-10-27 22:00'";9;47;11;7;2;good
DEBB021;"'2021-10-27 23:00'";9;50;9;7;2;good
DEBB021;"'2021-10-27 24:00'";7;51;9;6;2;good
DEBB021;"'2021-10-28 01:00'";8;47;10;7;3;good
DEBB021;"'2021-10-28 02:00'";8;39;11;7;3;good
DEBB021;"'2021-10-28 03:00'";9;38;10;8;3;good
DEBB021;"'2021-10-28 04:00'";10;35;10;9;3;good
DEBB021;"'2021-10-28 05:00'";11;23;17;10;2;good
DEBB021;"'2021-10-28 06:00'";12;16;20;11;2;good
DEBB021;"'2021-10-28 07:00'";13;9;28;12;2;good
DEBB021;"'2021-10-28 08:00'";14;8;31;12;2;moderate
DEBB021;"'2021-10-28 09:00'";15;9;31;13;2;moderate
DEBB021;"'2021-10-28 10:00'";15;15;24;13;2;good
DEBB021;"'2021-10-28 11:00'";15;22;16;13;3;good
DEBB021;"'2021-10-28 12:00'";14;28;15;13;3;good
DEBB021;"'2021-10-28 13:00'";14;39;11;12;3;good
DEBB021;"'2021-10-28 14:00'";15;44;15;11;6;good
DEBB021;"'2021-10-28 15:00'";14;55;13;9;7;good
DEBB021;"'2021-10-28 16:00'";10;62;13;8;5;good
DEBB021;"'2021-10-28 17:00'";12;59;17;9;3;good
DEBB021;"'2021-10-28 18:00'";19;40;32;14;3;moderate
DEBB021;"'2021-10-28 19:00'";21;30;37;17;3;moderate
DEBB021;"'2021-10-28 20:00'";21;32;33;17;3;moderate
DEBB021;"'2021-10-28 21:00'";18;50;18;15;3;good
DEBB021;"'2021-10-28 22:00'";18;49;17;16;3;moderate
DEBB021;"'2021-10-28 23:00'";19;46;18;17;3;moderate
DEBB021;"'2021-10-28 24:00'";21;42;16;19;3;moderate
DEBB021;"'2021-10-29 01:00'";24;42;14;22;3;moderate
DEBB021;"'2021-10-29 02:00'";25;37;14;23;3;moderate
DEBB021;"'2021-10-29 03:00'";24;33;14;23;3;moderate
DEBB021;"'2021-10-29 04:00'";21;30;13;20;3;moderate
DEBB021;"'2021-10-29 05:00'";21;25;14;19;3;moderate
DEBB021;"'2021-10-29 06:00'";21;20;18;20;3;moderate
DEBB021;"'2021-10-29 07:00'";22;13;24;20;3;moderate
DEBB021;"'2021-10-29 08:00'";23;8;28;21;3;moderate
DEBB021;"'2021-10-29 09:00'";24;11;24;21;3;moderate
DEBB021;"'2021-10-29 10:00'";22;14;20;20;3;moderate
DEBB021;"'2021-10-29 11:00'";22;23;15;19;3;moderate
DEBB021;"'2021-10-29 12:00'";19;30;14;16;5;moderate
DEBB021;"'2021-10-29 13:00'";18;35;13;15;4;good
DEBB021;"'2021-10-29 14:00'";18;41;13;15;3;good
DEBB021;"'2021-10-29 15:00'";22;45;17;17;4;moderate
DEBB021;"'2021-10-29 16:00'";24;50;17;18;6;moderate
DEBB021;"'2021-10-29 17:00'";29;56;18;24;5;moderate
DEBB021;"'2021-10-29 18:00'";33;54;24;29;4;moderate
DEBB021;"'2021-10-29 19:00'";38;40;35;32;4;poor
DEBB021;"'2021-10-29 20:00'";42;32;37;36;3;poor
DEBB021;"'2021-10-29 21:00'";38;41;29;33;3;poor
DEBB021;"'2021-10-29 22:00'";40;36;31;35;3;poor
DEBB021;"'2021-10-29 23:00'";37;41;25;33;3;poor
DEBB021;"'2021-10-29 24:00'";34;42;19;31;3;poor
DEBB021;"'2021-10-30 01:00'";34;37;19;31;3;poor
DEBB021;"'2021-10-30 02:00'";33;38;16;30;4;moderate
DEBB021;"'2021-10-30 03:00'";33;40;15;31;4;poor
DEBB021;"'2021-10-30 04:00'";34;42;16;31;4;poor
DEBB021;"'2021-10-30 05:00'";36;44;15;32;4;poor
DEBB021;"'2021-10-30 06:00'";37;42;16;33;4;poor
DEBB021;"'2021-10-30 07:00'";37;40;19;33;4;poor
DEBB021;"'2021-10-30 08:00'";35;41;18;31;4;poor
DEBB021;"'2021-10-30 09:00'";34;35;24;30;4;moderate
DEBB021;"'2021-10-30 10:00'";33;36;25;29;4;moderate
DEBB021;"'2021-10-30 11:00'";32;48;18;28;5;moderate
DEBB021;"'2021-10-30 12:00'";31;57;15;27;5;moderate
DEBB021;"'2021-10-30 13:00'";32;64;13;27;5;moderate
DEBB021;"'2021-10-30 14:00'";31;73;12;25;5;moderate
DEBB021;"'2021-10-30 15:00'";30;75;13;25;5;moderate
DEBB021;"'2021-10-30 16:00'";32;77;14;25;5;moderate
DEBB021;"'2021-10-30 17:00'";31;80;16;25;5;moderate
DEBB021;"'2021-10-30 18:00'";33;75;15;26;5;moderate
DEBB021;"'2021-10-30 19:00'";37;57;28;29;4;moderate
DEBB021;"'2021-10-30 20:00'";38;49;34;33;4;poor
DEBB021;"'2021-10-30 21:00'";40;58;22;35;5;poor
DEBB021;"'2021-10-30 22:00'";35;62;13;31;6;poor
DEBB021;"'2021-10-30 23:00'";33;54;14;29;5;moderate
DEBB021;"'2021-10-30 24:00'";31;49;13;29;5;moderate
DEBB021;"'2021-10-31 01:00'";28;51;11;26;4;moderate
DEBB021;"'2021-10-31 02:00'";28;53;10;26;4;moderate
DEBB021;"'2021-10-31 03:00'";25;50;9;23;4;moderate
DEBB021;"'2021-10-31 03:00'";22;48;9;20;4;moderate
DEBB021;"'2021-10-31 04:00'";22;43;10;20;3;moderate
DEBB021;"'2021-10-31 05:00'";19;41;9;18;3;moderate
DEBB021;"'2021-10-31 06:00'";16;43;9;15;3;good
DEBB021;"'2021-10-31 07:00'";15;42;10;14;3;good
DEBB021;"'2021-10-31 08:00'";16;41;10;15;3;good
DEBB021;"'2021-10-31 09:00'";17;41;10;15;3;good
DEBB021;"'2021-10-31 10:00'";17;43;10;15;4;good
DEBB021;"'2021-10-31 11:00'";18;49;9;15;4;good
DEBB021;"'2021-10-31 12:00'";20;53;9;16;4;moderate
DEBB021;"'2021-10-31 13:00'";14;60;8;11;4;good
DEBB021;"'2021-10-31 14:00'";11;64;8;10;4;good
DEBB021;"'2021-10-31 15:00'";14;65;10;12;4;good
DEBB021;"'2021-10-31 16:00'";17;67;12;15;4;good
DEBB021;"'2021-10-31 17:00'";26;64;14;24;4;moderate
DEBB021;"'2021-10-31 18:00'";28;60;17;26;4;moderate
DEBB021;"'2021-10-31 19:00'";25;64;15;23;4;moderate
DEBB021;"'2021-10-31 20:00'";26;66;12;23;4;moderate
DEBB021;"'2021-10-31 21:00'";26;67;10;23;4;moderate
DEBB021;"'2021-10-31 22:00'";25;68;8;22;4;moderate
DEBB021;"'2021-10-31 23:00'";25;68;8;23;4;moderate
DEBB021;"'2021-10-31 24:00'";25;69;8;23;4;moderate
DEBB021;"'2021-11-01 01:00'";26;66;8;23;4;moderate
DEBB021;"'2021-11-01 02:00'";26;65;7;23;4;moderate
DEBB021;"'2021-11-01 03:00'";25;62;8;23;4;moderate
DEBB021;"'2021-11-01 04:00'";26;61;7;24;4;moderate
DEBB021;"'2021-11-01 05:00'";26;56;9;24;4;moderate
DEBB021;"'2021-11-01 06:00'";27;49;11;25;3;moderate
DEBB021;"'2021-11-01 07:00'";28;34;25;26;4;moderate
DEBB021;"'2021-11-01 08:00'";34;31;25;27;4;moderate
DEBB021;"'2021-11-01 09:00'";31;29;26;26;4;moderate
DEBB021;"'2021-11-01 10:00'";36;29;24;26;4;moderate
DEBB021;"'2021-11-01 11:00'";31;31;23;23;4;moderate
DEBB021;"'2021-11-01 12:00'";26;29;29;20;3;moderate
DEBB021;"'2021-11-01 13:00'";20;36;22;17;3;moderate
DEBB021;"'2021-11-01 14:00'";16;35;21;14;3;good
DEBB021;"'2021-11-01 15:00'";11;45;17;9;3;good
DEBB021;"'2021-11-01 16:00'";5;52;18;4;3;good
DEBB021;"'2021-11-01 17:00'";6;47;18;5;3;good
DEBB021;"'2021-11-01 18:00'";8;38;20;7;3;good
DEBB021;"'2021-11-01 19:00'";8;38;17;7;3;good
DEBB021;"'2021-11-01 20:00'";7;44;13;6;3;good
DEBB021;"'2021-11-01 21:00'";7;45;12;6;3;good
DEBB021;"'2021-11-01 22:00'";7;39;13;6;3;good
DEBB021;"'2021-11-01 23:00'";7;39;11;6;2;good
DEBB021;"'2021-11-01 24:00'";8;36;9;7;2;good
DEBB021;"'2021-11-02 01:00'";8;35;10;7;2;good
DEBB021;"'2021-11-02 02:00'";8;35;9;7;2;good
DEBB021;"'2021-11-02 03:00'";8;36;9;7;2;good
DEBB021;"'2021-11-02 04:00'";8;35;9;7;2;good
DEBB021;"'2021-11-02 05:00'";8;32;10;7;2;good
DEBB021;"'2021-11-02 06:00'";9;27;12;7;2;good
DEBB021;"'2021-11-02 07:00'";10;19;20;8;2;good
DEBB021;"'2021-11-02 08:00'";12;11;30;10;2;good
DEBB021;"'2021-11-02 09:00'";13;15;25;11;2;good
DEBB021;"'2021-11-02 10:00'";16;20;17;13;3;good
DEBB021;"'2021-11-02 11:00'";15;20;19;11;3;good
DEBB021;"'2021-11-02 12:00'";15;27;16;12;3;good
DEBB021;"'2021-11-02 13:00'";18;40;12;15;3;good
DEBB021;"'2021-11-02 14:00'";17;42;14;14;4;good
DEBB021;"'2021-11-02 15:00'";14;49;13;11;4;good
DEBB021;"'2021-11-02 16:00'";15;44;19;11;4;good
DEBB021;"'2021-11-02 17:00'";14;33;27;10;4;good
DEBB021;"'2021-11-02 18:00'";17;9;52;12;3;moderate
DEBB021;"'2021-11-02 19:00'";16;7;50;12;3;moderate
DEBB021;"'2021-11-02 20:00'";18;10;40;15;3;moderate
DEBB021;"'2021-11-02 21:00'";22;33;22;20;3;moderate
DEBB021;"'2021-11-02 22:00'";8;41;15;7;3;good
DEBB021;"'2021-11-02 23:00'";8;41;12;7;2;good
DEBB021;"'2021-11-02 24:00'";9;37;12;8;2;good
DEBB021;"'2021-11-03 01:00'";10;31;14;9;2;good
DEBB021;"'2021-11-03 02:00'";11;20;19;10;2;good
DEBB021;"'2021-11-03 03:00'";12;17;17;11;2;good
DEBB021;"'2021-11-03 04:00'";11;10;21;10;2;good
DEBB021;"'2021-11-03 05:00'";10;7;21;9;2;good
DEBB021;"'2021-11-03 06:00'";11;6;21;11;2;good
DEBB021;"'2021-11-03 07:00'";13;5;24;11;2;good
DEBB021;"'2021-11-03 08:00'";14;5;26;12;3;good
DEBB021;"'2021-11-03 09:00'";17;6;29;13;3;good
DEBB021;"'2021-11-03 10:00'";18;11;24;14;3;good
DEBB021;"'2021-11-03 11:00'";16;11;26;12;4;good
DEBB021;"'2021-11-03 12:00'";12;15;20;11;3;good
DEBB021;"'2021-11-03 13:00'";11;26;16;9;3;good
DEBB021;"'2021-11-03 14:00'";7;42;16;5;3;good
DEBB021;"'2021-11-03 15:00'";6;49;17;4;3;good
DEBB021;"'2021-11-03 16:00'";9;31;27;6;3;good
DEBB021;"'2021-11-03 17:00'";9;24;32;7;3;moderate
DEBB021;"'2021-11-03 18:00'";8;20;36;6;3;moderate
DEBB021;"'2021-11-03 19:00'";9;13;44;7;3;moderate
DEBB021;"'2021-11-03 20:00'";11;12;45;9;3;moderate
DEBB021;"'2021-11-03 21:00'";11;20;35;9;3;moderate
DEBB021;"'2021-11-03 22:00'";11;21;31;10;3;moderate
DEBB021;"'2021-11-03 23:00'";12;23;27;11;3;good
DEBB021;"'2021-11-03 24:00'";12;24;25;11;3;good
DEBB021;"'2021-11-04 01:00'";13;20;25;12;3;good
DEBB021;"'2021-11-04 02:00'";15;21;23;13;3;good
DEBB021;"'2021-11-04 03:00'";16;19;22;14;3;good
DEBB021;"'2021-11-04 04:00'";18;20;19;17;3;moderate
DEBB021;"'2021-11-04 05:00'";20;17;21;18;4;moderate
DEBB021;"'2021-11-04 06:00'";22;15;20;20;3;moderate
DEBB021;"'2021-11-04 07:00'";28;11;21;27;3;moderate
DEBB021;"'2021-11-04 08:00'";30;8;23;27;3;moderate
DEBB021;"'2021-11-04 09:00'";30;11;19;28;3;moderate
DEBB021;"'2021-11-04 10:00'";31;11;18;29;3;moderate
DEBB021;"'2021-11-04 11:00'";25;13;16;23;3;moderate
DEBB021;"'2021-11-04 12:00'";16;13;16;15;3;good
DEBB021;"'2021-11-04 13:00'";13;14;15;12;3;good
DEBB021;"'2021-11-04 14:00'";12;16;14;11;3;good
DEBB021;"'2021-11-04 15:00'";13;16;17;13;2;good
DEBB021;"'2021-11-04 16:00'";16;21;18;16;3;moderate
DEBB021;"'2021-11-04 17:00'";7;35;11;7;3;good
DEBB021;"'2021-11-04 18:00'";3;44;9;3;3;good
DEBB021;"'2021-11-04 19:00'";3;52;8;3;2;good
DEBB021;"'2021-11-04 20:00'";4;58;7;4;2;good
DEBB021;"'2021-11-04 21:00'";5;57;6;5;2;good
DEBB021;"'2021-11-04 22:00'";4;59;6;4;2;good
DEBB021;"'2021-11-04 23:00'";5;59;6;4;2;good
DEBB021;"'2021-11-04 24:00'";3;63;5;3;2;good
DEBB021;"'2021-11-05 01:00'";3;60;6;3;2;good
DEBB021;"'2021-11-05 02:00'";3;62;6;3;2;good
DEBB021;"'2021-11-05 03:00'";2;67;6;2;2;good
DEBB021;"'2021-11-05 04:00'";3;65;5;2;2;good
DEBB021;"'2021-11-05 05:00'";4;60;5;4;2;good
DEBB021;"'2021-11-05 06:00'";6;57;6;5;2;good
DEBB021;"'2021-11-05 07:00'";8;50;9;8;2;good
DEBB021;"'2021-11-05 08:00'";10;45;12;10;2;good
DEBB021;"'2021-11-05 09:00'";11;47;10;10;2;good
DEBB021;"'2021-11-05 10:00'";12;46;12;10;2;good
DEBB021;"'2021-11-05 11:00'";12;47;13;11;2;good
DEBB021;"'2021-11-05 12:00'";12;49;13;10;2;good
DEBB021;"'2021-11-05 13:00'";11;50;11;10;2;good
DEBB021;"'2021-11-05 14:00'";12;51;10;10;2;good
DEBB021;"'2021-11-05 15:00'";12;47;11;11;2;good
DEBB021;"'2021-11-05 16:00'";13;42;15;11;2;good
DEBB021;"'2021-11-05 17:00'";13;40;17;11;2;good
DEBB021;"'2021-11-05 18:00'";11;41;17;9;2;good
DEBB021;"'2021-11-05 19:00'";11;41;16;9;2;good
DEBB021;"'2021-11-05 20:00'";10;43;15;9;2;good
DEBB021;"'2021-11-05 21:00'";8;45;15;7;2;good
DEBB021;"'2021-11-05 22:00'";7;45;14;6;3;good
DEBB021;"'2021-11-05 23:00'";8;43;13;6;3;good
DEBB021;"'2021-11-05 24:00'";8;42;13;7;3;good
DEBB021;"'2021-11-06 01:00'";8;42;11;7;3;good
DEBB021;"'2021-11-06 02:00'";8;43;9;7;3;good
DEBB021;"'2021-11-06 03:00'";9;44;8;7;3;good
DEBB021;"'2021-11-06 04:00'";10;44;8;8;3;good
DEBB021;"'2021-11-06 05:00'";9;47;8;8;3;good
DEBB021;"'2021-11-06 06:00'";8;50;8;6;3;good
DEBB021;"'2021-11-06 07:00'";8;48;9;6;3;good
DEBB021;"'2021-11-06 08:00'";8;46;10;6;3;good
DEBB021;"'2021-11-06 09:00'";10;47;9;8;3;good
DEBB021;"'2021-11-06 10:00'";10;48;9;8;3;good
DEBB021;"'2021-11-06 11:00'";11;48;9;9;3;good
DEBB021;"'2021-11-06 12:00'";9;53;9;7;3;good
DEBB021;"'2021-11-06 13:00'";8;53;10;6;3;good
DEBB021;"'2021-11-06 14:00'";8;52;11;6;3;good
DEBB021;"'2021-11-06 15:00'";9;50;14;6;3;good
DEBB021;"'2021-11-06 16:00'";8;51;12;6;3;good
DEBB021;"'2021-11-06 17:00'";7;52;11;5;3;good
DEBB021;"'2021-11-06 18:00'";9;46;14;7;3;good
DEBB021;"'2021-11-06 19:00'";12;41;14;9;3;good
DEBB021;"'2021-11-06 20:00'";11;47;12;9;3;good
DEBB021;"'2021-11-06 21:00'";10;49;10;9;3;good
DEBB021;"'2021-11-06 22:00'";11;50;9;9;2;good
DEBB021;"'2021-11-06 23:00'";11;51;8;9;2;good
DEBB021;"'2021-11-06 24:00'";12;48;8;10;2;good
DEBB021;"'2021-11-07 01:00'";11;49;7;10;2;good
DEBB021;"'2021-11-07 02:00'";10;49;7;9;2;good
DEBB021;"'2021-11-07 03:00'";9;49;6;8;3;good
DEBB021;"'2021-11-07 04:00'";9;50;6;8;2;good
DEBB021;"'2021-11-07 05:00'";8;52;6;7;2;good
DEBB021;"'2021-11-07 06:00'";7;54;5;6;3;good
DEBB021;"'2021-11-07 07:00'";7;55;5;6;2;good
DEBB021;"'2021-11-07 08:00'";7;53;6;6;2;good
DEBB021;"'2021-11-07 09:00'";7;52;6;6;2;good
DEBB021;"'2021-11-07 10:00'";5;52;6;5;2;good
DEBB021;"'2021-11-07 11:00'";4;56;6;4;2;good
DEBB021;"'2021-11-07 12:00'";5;54;6;4;2;good
DEBB021;"'2021-11-07 13:00'";5;52;7;4;2;good
DEBB021;"'2021-11-07 14:00'";4;62;6;3;2;good
DEBB021;"'2021-11-07 15:00'";5;66;6;4;2;good
DEBB021;"'2021-11-07 16:00'";5;64;7;4;2;good
DEBB021;"'2021-11-07 17:00'";5;62;9;4;2;good
DEBB021;"'2021-11-07 18:00'";6;55;11;5;2;good
DEBB021;"'2021-11-07 19:00'";7;56;9;5;2;good
DEBB021;"'2021-11-07 20:00'";6;56;12;5;2;good
DEBB021;"'2021-11-07 21:00'";6;56;10;5;3;good
DEBB021;"'2021-11-07 22:00'";6;57;9;5;3;good
DEBB021;"'2021-11-07 23:00'";6;56;9;5;3;good
DEBB021;"'2021-11-07 24:00'";6;56;7;5;3;good
DEBB021;"'2021-11-08 01:00'";6;58;6;5;2;good
DEBB021;"'2021-11-08 02:00'";5;57;5;4;2;good
DEBB021;"'2021-11-08 03:00'";5;55;6;4;2;good
DEBB021;"'2021-11-08 04:00'";5;55;5;4;2;good
DEBB021;"'2021-11-08 05:00'";5;54;5;4;2;good
DEBB021;"'2021-11-08 06:00'";5;54;6;4;2;good
DEBB021;"'2021-11-08 07:00'";5;52;7;4;2;good
DEBB021;"'2021-11-08 08:00'";5;50;10;4;2;good
DEBB021;"'2021-11-08 09:00'";5;51;10;4;2;good
DEBB021;"'2021-11-08 10:00'";6;52;9;5;2;good
DEBB021;"'2021-11-08 11:00'";6;54;8;5;2;good
DEBB021;"'2021-11-08 12:00'";7;-;-;5;-;"very good"
DEBB021;"'2021-11-08 13:00'";-;53;8;-;3;good
DEBB021;"'2021-11-08 14:00'";7;55;8;4;2;good
DEBB021;"'2021-11-08 15:00'";7;55;9;5;2;good
DEBB021;"'2021-11-08 16:00'";8;54;11;5;3;good
DEBB021;"'2021-11-08 17:00'";8;50;14;5;2;good
DEBB021;"'2021-11-08 18:00'";6;51;12;5;2;good
DEBB021;"'2021-11-08 19:00'";8;47;14;6;2;good
DEBB021;"'2021-11-08 20:00'";8;49;11;6;2;good
DEBB021;"'2021-11-08 21:00'";10;45;14;7;3;good
DEBB021;"'2021-11-08 22:00'";10;42;14;8;2;good
DEBB021;"'2021-11-08 23:00'";10;38;15;8;2;good
DEBB021;"'2021-11-08 24:00'";10;37;13;8;2;good
DEBB021;"'2021-11-09 01:00'";10;37;11;8;2;good
DEBB021;"'2021-11-09 02:00'";9;37;10;8;2;good
DEBB021;"'2021-11-09 03:00'";11;35;10;9;2;good
DEBB021;"'2021-11-09 04:00'";13;37;11;10;2;good
DEBB021;"'2021-11-09 05:00'";14;35;13;11;2;good
DEBB021;"'2021-11-09 06:00'";14;31;14;11;2;good
DEBB021;"'2021-11-09 07:00'";15;20;26;12;2;good
DEBB021;"'2021-11-09 08:00'";15;20;22;13;2;good
DEBB021;"'2021-11-09 09:00'";16;18;22;13;3;good
DEBB021;"'2021-11-09 10:00'";17;15;24;13;3;good
DEBB021;"'2021-11-09 11:00'";19;22;20;14;3;good
DEBB021;"'2021-11-09 12:00'";16;36;14;12;3;good
DEBB021;"'2021-11-09 13:00'";13;48;13;8;3;good
DEBB021;"'2021-11-09 14:00'";10;53;10;6;3;good
DEBB021;"'2021-11-09 15:00'";8;55;12;5;3;good
DEBB021;"'2021-11-09 16:00'";10;49;18;6;3;good
DEBB021;"'2021-11-09 17:00'";10;32;34;6;3;moderate
DEBB021;"'2021-11-09 18:00'";10;34;25;7;3;good
DEBB021;"'2021-11-09 19:00'";11;27;26;9;3;good
DEBB021;"'2021-11-09 20:00'";13;23;27;10;3;good
DEBB021;"'2021-11-09 21:00'";13;22;25;11;3;good
DEBB021;"'2021-11-09 22:00'";14;14;32;12;3;moderate
DEBB021;"'2021-11-09 23:00'";14;16;27;12;3;good
DEBB021;"'2021-11-09 24:00'";14;21;18;12;3;good
DEBB021;"'2021-11-10 01:00'";15;18;18;13;2;good
DEBB021;"'2021-11-10 02:00'";14;15;19;13;3;good
DEBB021;"'2021-11-10 03:00'";15;12;20;14;3;good
DEBB021;"'2021-11-10 04:00'";16;12;21;15;3;good
DEBB021;"'2021-11-10 05:00'";16;8;23;15;3;good
DEBB021;"'2021-11-10 06:00'";18;8;22;16;3;moderate
DEBB021;"'2021-11-10 07:00'";16;6;26;15;3;good
DEBB021;"'2021-11-10 08:00'";17;6;30;16;3;moderate
DEBB021;"'2021-11-10 09:00'";20;6;29;17;3;moderate
DEBB021;"'2021-11-10 10:00'";22;8;30;18;4;moderate
DEBB021;"'2021-11-10 11:00'";23;9;33;18;4;moderate
DEBB021;"'2021-11-10 12:00'";22;14;28;18;4;moderate
DEBB021;"'2021-11-10 13:00'";18;30;20;14;6;good
DEBB021;"'2021-11-10 14:00'";16;36;16;14;5;good
DEBB021;"'2021-11-10 15:00'";17;36;16;13;5;good
DEBB021;"'2021-11-10 16:00'";16;28;22;13;5;good
DEBB021;"'2021-11-10 17:00'";19;15;33;15;4;moderate
DEBB021;"'2021-11-10 18:00'";20;13;33;16;4;moderate
DEBB021;"'2021-11-10 19:00'";21;9;35;18;3;moderate
DEBB021;"'2021-11-10 20:00'";21;8;33;18;3;moderate
DEBB021;"'2021-11-10 21:00'";23;7;34;20;3;moderate
DEBB021;"'2021-11-10 22:00'";22;5;31;19;3;moderate
DEBB021;"'2021-11-10 23:00'";22;5;30;19;3;moderate
DEBB021;"'2021-11-10 24:00'";22;5;28;19;3;moderate
DEBB021;"'2021-11-11 01:00'";24;5;26;21;3;moderate
DEBB021;"'2021-11-11 02:00'";26;5;22;22;3;moderate
DEBB021;"'2021-11-11 03:00'";23;5;18;21;3;moderate
DEBB021;"'2021-11-11 04:00'";21;5;17;20;3;moderate
DEBB021;"'2021-11-11 05:00'";20;5;17;18;3;moderate
DEBB021;"'2021-11-11 06:00'";19;5;16;18;3;moderate
DEBB021;"'2021-11-11 07:00'";19;5;18;17;3;moderate
DEBB021;"'2021-11-11 08:00'";24;5;23;19;3;moderate
DEBB021;"'2021-11-11 09:00'";24;6;24;19;3;moderate
DEBB021;"'2021-11-11 10:00'";21;13;27;17;3;moderate
DEBB021;"'2021-11-11 11:00'";24;16;25;18;3;moderate
DEBB021;"'2021-11-11 12:00'";24;18;22;21;3;moderate
DEBB021;"'2021-11-11 13:00'";24;25;21;20;4;moderate
DEBB021;"'2021-11-11 14:00'";21;30;22;18;4;moderate
DEBB021;"'2021-11-11 15:00'";20;28;25;17;4;moderate
DEBB021;"'2021-11-11 16:00'";20;25;25;17;3;moderate
DEBB021;"'2021-11-11 17:00'";15;24;33;13;3;moderate
DEBB021;"'2021-11-11 18:00'";15;24;31;14;3;moderate
DEBB021;"'2021-11-11 19:00'";15;23;24;14;3;good
DEBB021;"'2021-11-11 20:00'";16;24;21;15;3;good
DEBB021;"'2021-11-11 21:00'";15;23;23;14;3;good
DEBB021;"'2021-11-11 22:00'";14;28;18;13;3;good
DEBB021;"'2021-11-11 23:00'";15;30;17;14;2;good
DEBB021;"'2021-11-11 24:00'";16;31;18;15;3;good
DEBB021;"'2021-11-12 01:00'";16;32;14;15;2;good
DEBB021;"'2021-11-12 02:00'";14;31;10;14;3;good
DEBB021;"'2021-11-12 03:00'";14;29;12;14;2;good
DEBB021;"'2021-11-12 04:00'";14;29;10;14;3;good
DEBB021;"'2021-11-12 05:00'";14;30;8;14;2;good
DEBB021;"'2021-11-12 06:00'";14;28;10;14;2;good
DEBB021;"'2021-11-12 07:00'";16;19;15;15;3;good
DEBB021;"'2021-11-12 08:00'";16;13;20;15;2;good
DEBB021;"'2021-11-12 09:00'";17;9;23;16;3;moderate
DEBB021;"'2021-11-12 10:00'";21;11;21;20;3;moderate
DEBB021;"'2021-11-12 11:00'";18;23;19;16;3;moderate
DEBB021;"'2021-11-12 12:00'";13;35;16;13;3;good
DEBB021;"'2021-11-12 13:00'";13;35;19;12;3;good
DEBB021;"'2021-11-12 14:00'";14;36;19;13;3;good
DEBB021;"'2021-11-12 15:00'";11;37;21;10;3;good
DEBB021;"'2021-11-12 16:00'";10;35;21;9;3;good
DEBB021;"'2021-11-12 17:00'";12;25;27;11;3;good
DEBB021;"'2021-11-12 18:00'";16;14;38;14;3;moderate
DEBB021;"'2021-11-12 19:00'";22;8;32;20;4;moderate
DEBB021;"'2021-11-12 20:00'";27;6;29;25;3;moderate
DEBB021;"'2021-11-12 21:00'";26;6;29;25;3;moderate
DEBB021;"'2021-11-12 22:00'";25;7;29;23;3;moderate
DEBB021;"'2021-11-12 23:00'";27;7;25;25;3;moderate
DEBB021;"'2021-11-12 24:00'";28;6;24;26;3;moderate
DEBB021;"'2021-11-13 01:00'";28;7;23;27;3;moderate
DEBB021;"'2021-11-13 02:00'";28;6;22;26;3;moderate
DEBB021;"'2021-11-13 03:00'";28;6;22;27;3;moderate
DEBB021;"'2021-11-13 04:00'";28;5;23;27;3;moderate
DEBB021;"'2021-11-13 05:00'";27;5;22;26;3;moderate
DEBB021;"'2021-11-13 06:00'";25;5;22;24;3;moderate
DEBB021;"'2021-11-13 07:00'";23;5;21;22;3;moderate
DEBB021;"'2021-11-13 08:00'";22;6;21;21;3;moderate
DEBB021;"'2021-11-13 09:00'";20;8;17;19;3;moderate
DEBB021;"'2021-11-13 10:00'";18;10;15;17;3;moderate
DEBB021;"'2021-11-13 11:00'";16;12;14;15;3;good
DEBB021;"'2021-11-13 12:00'";15;15;13;14;3;good
DEBB021;"'2021-11-13 13:00'";15;15;13;14;3;good
DEBB021;"'2021-11-13 14:00'";14;17;13;13;3;good
DEBB021;"'2021-11-13 15:00'";14;16;16;13;3;good
DEBB021;"'2021-11-13 16:00'";14;13;21;13;3;good
DEBB021;"'2021-11-13 17:00'";15;8;25;13;3;good
DEBB021;"'2021-11-13 18:00'";22;6;30;20;3;moderate
DEBB021;"'2021-11-13 19:00'";23;6;35;21;3;moderate
DEBB021;"'2021-11-13 20:00'";24;6;29;21;3;moderate
DEBB021;"'2021-11-13 21:00'";27;6;26;25;3;moderate
DEBB021;"'2021-11-13 22:00'";36;7;26;34;3;poor
DEBB021;"'2021-11-13 23:00'";33;7;26;30;3;moderate
DEBB021;"'2021-11-13 24:00'";32;7;24;30;3;moderate
DEBB021;"'2021-11-14 01:00'";26;6;22;24;3;moderate
DEBB021;"'2021-11-14 02:00'";24;6;20;23;3;moderate
DEBB021;"'2021-11-14 03:00'";22;6;20;21;3;moderate
DEBB021;"'2021-11-14 04:00'";21;6;20;20;3;moderate
DEBB021;"'2021-11-14 05:00'";21;5;20;20;3;moderate
DEBB021;"'2021-11-14 06:00'";21;5;22;20;3;moderate
DEBB021;"'2021-11-14 07:00'";22;5;22;21;3;moderate
DEBB021;"'2021-11-14 08:00'";23;6;23;21;3;moderate
DEBB021;"'2021-11-14 09:00'";22;7;18;20;3;moderate
DEBB021;"'2021-11-14 10:00'";26;10;16;24;4;moderate
DEBB021;"'2021-11-14 11:00'";30;15;15;28;6;moderate
DEBB021;"'2021-11-14 12:00'";33;16;16;31;6;poor
DEBB021;"'2021-11-14 13:00'";34;16;17;32;6;poor
DEBB021;"'2021-11-14 14:00'";36;15;20;34;6;poor
DEBB021;"'2021-11-14 15:00'";36;15;18;34;6;poor
DEBB021;"'2021-11-14 16:00'";36;16;19;34;5;poor
DEBB021;"'2021-11-14 17:00'";29;24;17;28;5;moderate
DEBB021;"'2021-11-14 18:00'";27;26;14;26;4;moderate
DEBB021;"'2021-11-14 19:00'";33;25;14;31;3;poor
DEBB021;"'2021-11-14 20:00'";31;33;11;30;3;moderate
DEBB021;"'2021-11-14 21:00'";30;49;10;29;4;moderate
DEBB021;"'2021-11-14 22:00'";28;54;8;27;3;moderate
DEBB021;"'2021-11-14 23:00'";31;50;8;30;3;moderate
DEBB021;"'2021-11-14 24:00'";34;42;9;32;3;poor
DEBB021;"'2021-11-15 01:00'";32;43;8;31;3;poor
DEBB021;"'2021-11-15 02:00'";31;47;7;30;3;moderate
DEBB021;"'2021-11-15 03:00'";30;46;7;29;3;moderate
DEBB021;"'2021-11-15 04:00'";31;41;14;29;4;moderate
DEBB021;"'2021-11-15 05:00'";31;39;13;29;5;moderate
DEBB021;"'2021-11-15 06:00'";30;35;13;29;4;moderate
DEBB021;"'2021-11-15 07:00'";33;28;15;31;4;poor
DEBB021;"'2021-11-15 08:00'";35;22;18;33;3;poor
DEBB021;"'2021-11-15 09:00'";35;20;19;33;3;poor
DEBB021;"'2021-11-15 10:00'";32;25;18;29;3;moderate
DEBB021;"'2021-11-15 11:00'";27;29;17;24;3;moderate
DEBB021;"'2021-11-15 12:00'";26;30;17;23;3;moderate
DEBB021;"'2021-11-15 13:00'";28;27;19;25;3;moderate
DEBB021;"'2021-11-15 14:00'";26;23;19;23;3;moderate
DEBB021;"'2021-11-15 15:00'";24;21;19;22;3;moderate
DEBB021;"'2021-11-15 16:00'";21;21;19;20;3;moderate
DEBB021;"'2021-11-15 17:00'";21;21;21;19;3;moderate
DEBB021;"'2021-11-15 18:00'";22;25;18;21;3;moderate
DEBB021;"'2021-11-15 19:00'";25;25;19;24;3;moderate
DEBB021;"'2021-11-15 20:00'";27;27;18;25;3;moderate
DEBB021;"'2021-11-15 21:00'";28;27;16;26;3;moderate
DEBB021;"'2021-11-15 22:00'";28;26;15;26;4;moderate
DEBB021;"'2021-11-15 23:00'";28;27;16;27;4;moderate
DEBB021;"'2021-11-15 24:00'";29;25;15;28;4;moderate
DEBB021;"'2021-11-16 01:00'";30;24;15;29;4;moderate
DEBB021;"'2021-11-16 02:00'";31;25;14;30;4;moderate
DEBB021;"'2021-11-16 03:00'";32;27;13;30;4;moderate
DEBB021;"'2021-11-16 04:00'";33;27;12;31;3;poor
DEBB021;"'2021-11-16 05:00'";33;27;13;31;3;poor
DEBB021;"'2021-11-16 06:00'";33;25;17;31;4;poor
DEBB021;"'2021-11-16 07:00'";32;24;19;30;4;moderate
DEBB021;"'2021-11-16 08:00'";30;22;22;28;5;moderate
DEBB021;"'2021-11-16 09:00'";29;24;22;27;5;moderate
DEBB021;"'2021-11-16 10:00'";31;23;22;28;5;moderate
DEBB021;"'2021-11-16 11:00'";32;21;25;29;5;moderate
DEBB021;"'2021-11-16 12:00'";-;22;25;-;5;good
DEBB021;"'2021-11-16 13:00'";30;27;22;27;5;moderate
DEBB021;"'2021-11-16 14:00'";31;26;24;27;4;moderate
DEBB021;"'2021-11-16 15:00'";31;22;28;27;4;moderate
DEBB021;"'2021-11-16 16:00'";30;19;33;26;4;moderate
DEBB021;"'2021-11-16 17:00'";30;16;36;26;4;moderate
DEBB021;"'2021-11-16 18:00'";30;17;33;26;4;moderate
DEBB021;"'2021-11-16 19:00'";29;21;26;26;4;moderate
DEBB021;"'2021-11-16 20:00'";29;24;21;27;4;moderate
DEBB021;"'2021-11-16 21:00'";30;23;17;28;4;moderate
DEBB021;"'2021-11-16 22:00'";24;29;15;23;4;moderate
DEBB021;"'2021-11-16 23:00'";21;29;15;20;5;moderate
DEBB021;"'2021-11-16 24:00'";19;28;16;18;4;moderate
DEBB021;"'2021-11-17 01:00'";21;29;12;18;3;moderate
DEBB021;"'2021-11-17 02:00'";23;24;15;19;3;moderate
DEBB021;"'2021-11-17 03:00'";17;25;14;14;3;good
DEBB021;"'2021-11-17 04:00'";15;24;13;13;3;good
DEBB021;"'2021-11-17 05:00'";12;22;15;11;3;good
DEBB021;"'2021-11-17 06:00'";9;19;19;9;3;good
DEBB021;"'2021-11-17 07:00'";9;15;24;9;3;good
DEBB021;"'2021-11-17 08:00'";9;17;20;8;3;good
DEBB021;"'2021-11-17 09:00'";10;17;17;9;3;good
DEBB021;"'2021-11-17 10:00'";11;18;15;9;3;good
DEBB021;"'2021-11-17 11:00'";11;19;16;9;3;good
DEBB021;"'2021-11-17 12:00'";11;18;18;9;3;good
DEBB021;"'2021-11-17 13:00'";11;16;21;9;3;good
DEBB021;"'2021-11-17 14:00'";11;19;22;9;3;good
DEBB021;"'2021-11-17 15:00'";10;18;25;8;3;good
DEBB021;"'2021-11-17 16:00'";10;18;26;8;3;good
DEBB021;"'2021-11-17 17:00'";8;22;24;6;3;good
DEBB021;"'2021-11-17 18:00'";8;22;23;7;3;good
DEBB021;"'2021-11-17 19:00'";9;26;21;8;3;good
DEBB021;"'2021-11-17 20:00'";12;27;20;11;3;good
DEBB021;"'2021-11-17 21:00'";13;26;20;12;3;good
DEBB021;"'2021-11-17 22:00'";14;24;21;13;3;good
DEBB021;"'2021-11-17 23:00'";16;25;21;14;3;good
DEBB021;"'2021-11-17 24:00'";16;30;19;14;3;good
DEBB021;"'2021-11-18 01:00'";17;32;17;15;3;good
DEBB021;"'2021-11-18 02:00'";16;34;15;14;3;good
DEBB021;"'2021-11-18 03:00'";16;35;15;14;3;good
DEBB021;"'2021-11-18 04:00'";16;36;14;14;3;good
DEBB021;"'2021-11-18 05:00'";15;39;13;13;3;good
DEBB021;"'2021-11-18 06:00'";15;40;14;13;3;good
DEBB021;"'2021-11-18 07:00'";15;36;20;12;3;good
DEBB021;"'2021-11-18 08:00'";14;30;29;11;3;good
DEBB021;"'2021-11-18 09:00'";15;32;26;11;3;good
DEBB021;"'2021-11-18 10:00'";14;43;15;11;3;good
DEBB021;"'2021-11-18 11:00'";16;41;16;13;3;good
DEBB021;"'2021-11-18 12:00'";18;44;14;15;3;good
DEBB021;"'2021-11-18 13:00'";20;44;15;16;3;moderate
DEBB021;"'2021-11-18 14:00'";20;46;15;15;3;good
DEBB021;"'2021-11-18 15:00'";20;48;15;15;3;good
DEBB021;"'2021-11-18 16:00'";19;49;17;14;3;good
DEBB021;"'2021-11-18 17:00'";17;49;19;12;3;good
DEBB021;"'2021-11-18 18:00'";14;48;17;11;3;good
DEBB021;"'2021-11-18 19:00'";14;47;16;11;3;good
DEBB021;"'2021-11-18 20:00'";13;48;13;10;3;good
DEBB021;"'2021-11-18 21:00'";12;45;15;10;3;good
DEBB021;"'2021-11-18 22:00'";13;44;15;11;3;good
DEBB021;"'2021-11-18 23:00'";13;46;13;11;3;good
DEBB021;"'2021-11-18 24:00'";13;46;12;12;3;good
DEBB021;"'2021-11-19 01:00'";14;44;12;12;3;good
DEBB021;"'2021-11-19 02:00'";16;42;12;14;3;good
DEBB021;"'2021-11-19 03:00'";14;42;11;13;3;good
DEBB021;"'2021-11-19 04:00'";13;41;10;12;3;good
DEBB021;"'2021-11-19 05:00'";14;39;10;13;3;good
DEBB021;"'2021-11-19 06:00'";15;37;11;14;3;good
DEBB021;"'2021-11-19 07:00'";12;36;11;11;3;good
DEBB021;"'2021-11-19 08:00'";10;35;11;9;3;good
DEBB021;"'2021-11-19 09:00'";9;33;14;8;3;good
DEBB021;"'2021-11-19 10:00'";10;37;12;9;3;good
DEBB021;"'2021-11-19 11:00'";13;40;11;12;3;good
DEBB021;"'2021-11-19 12:00'";14;41;11;12;3;good
DEBB021;"'2021-11-19 13:00'";14;43;11;12;3;good
DEBB021;"'2021-11-19 14:00'";12;48;10;11;3;good
DEBB021;"'2021-11-19 15:00'";9;54;9;8;3;good
DEBB021;"'2021-11-19 16:00'";10;53;10;8;3;good
DEBB021;"'2021-11-19 17:00'";11;48;11;10;3;good
DEBB021;"'2021-11-19 18:00'";12;48;11;11;3;good
DEBB021;"'2021-11-19 19:00'";12;51;11;10;3;good
DEBB021;"'2021-11-19 20:00'";13;48;11;11;3;good
DEBB021;"'2021-11-19 21:00'";12;50;11;10;3;good
DEBB021;"'2021-11-19 22:00'";12;52;9;11;3;good
DEBB021;"'2021-11-19 23:00'";13;50;10;12;3;good
DEBB021;"'2021-11-19 24:00'";12;52;9;10;3;good
DEBB021;"'2021-11-20 01:00'";11;55;7;10;3;good
DEBB021;"'2021-11-20 02:00'";9;59;6;8;3;good
DEBB021;"'2021-11-20 03:00'";7;61;5;6;3;good
DEBB021;"'2021-11-20 04:00'";5;62;5;5;2;good
DEBB021;"'2021-11-20 05:00'";5;61;5;4;2;good
DEBB021;"'2021-11-20 06:00'";5;59;6;4;3;good
DEBB021;"'2021-11-20 07:00'";5;59;5;5;3;good
DEBB021;"'2021-11-20 08:00'";6;58;5;5;3;good
DEBB021;"'2021-11-20 09:00'";8;56;6;6;3;good
DEBB021;"'2021-11-20 10:00'";10;55;7;8;3;good
DEBB021;"'2021-11-20 11:00'";10;56;8;8;3;good
DEBB021;"'2021-11-20 12:00'";13;52;10;10;3;good
DEBB021;"'2021-11-20 13:00'";14;50;12;12;3;good
DEBB021;"'2021-11-20 14:00'";13;53;9;12;3;good
DEBB021;"'2021-11-20 15:00'";12;54;10;11;3;good
DEBB021;"'2021-11-20 16:00'";14;51;11;13;3;good
DEBB021;"'2021-11-20 17:00'";15;47;14;14;3;good
DEBB021;"'2021-11-20 18:00'";14;50;14;12;3;good
DEBB021;"'2021-11-20 19:00'";10;64;9;10;3;good
DEBB021;"'2021-11-20 20:00'";17;54;11;16;3;moderate
DEBB021;"'2021-11-20 21:00'";22;46;13;20;3;moderate
DEBB021;"'2021-11-20 22:00'";19;47;12;17;3;moderate
DEBB021;"'2021-11-20 23:00'";14;49;11;13;3;good
DEBB021;"'2021-11-20 24:00'";12;50;10;12;3;good
DEBB021;"'2021-11-21 01:00'";17;46;13;16;3;moderate
DEBB021;"'2021-11-21 02:00'";16;46;13;15;3;good
DEBB021;"'2021-11-21 03:00'";15;47;10;14;3;good
DEBB021;"'2021-11-21 04:00'";16;44;12;15;3;good
DEBB021;"'2021-11-21 05:00'";16;41;12;15;3;good
DEBB021;"'2021-11-21 06:00'";15;41;10;14;3;good
DEBB021;"'2021-11-21 07:00'";13;43;10;12;3;good
DEBB021;"'2021-11-21 08:00'";13;42;10;12;3;good
DEBB021;"'2021-11-21 09:00'";12;42;10;11;3;good
DEBB021;"'2021-11-21 10:00'";11;43;9;10;3;good
DEBB021;"'2021-11-21 11:00'";11;41;11;10;3;good
DEBB021;"'2021-11-21 12:00'";10;40;11;10;3;good
DEBB021;"'2021-11-21 13:00'";12;40;10;11;3;good
DEBB021;"'2021-11-21 14:00'";12;39;11;11;3;good
DEBB021;"'2021-11-21 15:00'";11;40;10;10;3;good
DEBB021;"'2021-11-21 16:00'";10;38;12;10;3;good
DEBB021;"'2021-11-21 17:00'";9;39;13;8;3;good
DEBB021;"'2021-11-21 18:00'";9;44;15;9;3;good
DEBB021;"'2021-11-21 19:00'";13;31;20;12;3;good
DEBB021;"'2021-11-21 20:00'";13;24;24;11;3;good
DEBB021;"'2021-11-21 21:00'";13;21;24;11;3;good
DEBB021;"'2021-11-21 22:00'";14;22;21;12;3;good
DEBB021;"'2021-11-21 23:00'";13;25;17;11;3;good
DEBB021;"'2021-11-21 24:00'";10;23;18;9;3;good
DEBB021;"'2021-11-22 01:00'";8;37;8;7;3;good
DEBB021;"'2021-11-22 02:00'";7;35;9;6;3;good
DEBB021;"'2021-11-22 03:00'";7;34;9;6;3;good
DEBB021;"'2021-11-22 04:00'";5;37;8;4;3;good
DEBB021;"'2021-11-22 05:00'";3;44;7;2;3;good
DEBB021;"'2021-11-22 06:00'";2;45;7;1;3;good
DEBB021;"'2021-11-22 07:00'";1;48;8;0.8;3;good
DEBB021;"'2021-11-22 08:00'";2;39;17;0.8;3;good
DEBB021;"'2021-11-22 09:00'";2;33;19;2;3;good
DEBB021;"'2021-11-22 10:00'";2;39;13;1;3;good
DEBB021;"'2021-11-22 11:00'";1;44;12;0.8;3;good
DEBB021;"'2021-11-22 12:00'";1;52;9;0.8;3;good
DEBB021;"'2021-11-22 13:00'";2;52;8;1;3;good
DEBB021;"'2021-11-22 14:00'";2;57;7;0.8;3;good
DEBB021;"'2021-11-22 15:00'";1;58;8;0.8;3;good
DEBB021;"'2021-11-22 16:00'";2;56;10;0.8;3;good
DEBB021;"'2021-11-22 17:00'";4;48;18;2;3;good
DEBB021;"'2021-11-22 18:00'";7;36;28;6;3;good
DEBB021;"'2021-11-22 19:00'";10;32;32;9;3;moderate
DEBB021;"'2021-11-22 20:00'";8;29;32;6;3;moderate
DEBB021;"'2021-11-22 21:00'";7;21;39;6;3;moderate
DEBB021;"'2021-11-22 22:00'";8;25;29;7;3;good
DEBB021;"'2021-11-22 23:00'";6;26;26;5;3;good
DEBB021;"'2021-11-22 24:00'";5;29;25;4;3;good
DEBB021;"'2021-11-23 01:00'";7;32;18;6;3;good
DEBB021;"'2021-11-23 02:00'";10;27;18;9;3;good
DEBB021;"'2021-11-23 03:00'";12;25;21;10;3;good
DEBB021;"'2021-11-23 04:00'";13;22;26;11;3;good
DEBB021;"'2021-11-23 05:00'";12;26;24;11;3;good
DEBB021;"'2021-11-23 06:00'";11;28;22;10;3;good
DEBB021;"'2021-11-23 07:00'";9;37;16;8;3;good
DEBB021;"'2021-11-23 08:00'";11;35;16;10;3;good
DEBB021;"'2021-11-23 09:00'";14;31;19;12;3;good
DEBB021;"'2021-11-23 10:00'";14;32;18;12;3;good
DEBB021;"'2021-11-23 11:00'";12;35;16;11;3;good
DEBB021;"'2021-11-23 12:00'";12;40;14;11;3;good
DEBB021;"'2021-11-23 13:00'";10;46;14;10;3;good
DEBB021;"'2021-11-23 14:00'";9;50;12;8;3;good
DEBB021;"'2021-11-23 15:00'";10;44;15;9;3;good
DEBB021;"'2021-11-23 16:00'";9;45;16;9;3;good
DEBB021;"'2021-11-23 17:00'";10;39;20;9;3;good
DEBB021;"'2021-11-23 18:00'";11;38;21;10;2;good
DEBB021;"'2021-11-23 19:00'";11;42;17;11;3;good
DEBB021;"'2021-11-23 20:00'";13;41;15;12;3;good
DEBB021;"'2021-11-23 21:00'";13;40;14;13;3;good
DEBB021;"'2021-11-23 22:00'";14;38;14;13;3;good
DEBB021;"'2021-11-23 23:00'";15;36;14;14;3;good
DEBB021;"'2021-11-23 24:00'";15;36;13;15;2;good
DEBB021;"'2021-11-24 01:00'";14;39;11;13;3;good
DEBB021;"'2021-11-24 02:00'";13;41;11;12;2;good
DEBB021;"'2021-11-24 03:00'";12;46;11;11;2;good
DEBB021;"'2021-11-24 04:00'";10;48;9;10;2;good
DEBB021;"'2021-11-24 05:00'";11;44;10;10;2;good
DEBB021;"'2021-11-24 06:00'";10;45;10;10;2;good
DEBB021;"'2021-11-24 07:00'";10;43;13;9;2;good
DEBB021;"'2021-11-24 08:00'";10;38;17;10;2;good
DEBB021;"'2021-11-24 09:00'";12;37;19;11;2;good
DEBB021;"'2021-11-24 10:00'";12;43;15;11;2;good
DEBB021;"'2021-11-24 11:00'";10;48;13;9;2;good
DEBB021;"'2021-11-24 12:00'";9;51;12;9;2;good
DEBB021;"'2021-11-24 13:00'";7;59;11;7;2;good
DEBB021;"'2021-11-24 14:00'";7;54;17;6;2;good
DEBB021;"'2021-11-24 15:00'";9;46;21;8;2;good
DEBB021;"'2021-11-24 16:00'";13;40;21;10;3;good
DEBB021;"'2021-11-24 17:00'";12;36;23;10;3;good
DEBB021;"'2021-11-24 18:00'";11;32;24;10;2;good
DEBB021;"'2021-11-24 19:00'";13;22;32;11;3;moderate
DEBB021;"'2021-11-24 20:00'";14;25;23;13;3;good
DEBB021;"'2021-11-24 21:00'";15;28;18;14;3;good
DEBB021;"'2021-11-24 22:00'";16;31;16;15;3;good
DEBB021;"'2021-11-24 23:00'";14;38;13;14;3;good
DEBB021;"'2021-11-24 24:00'";11;55;8;11;2;good
DEBB021;"'2021-11-25 01:00'";11;51;10;11;3;good
DEBB021;"'2021-11-25 02:00'";10;55;8;9;3;good
DEBB021;"'2021-11-25 03:00'";9;60;7;8;2;good
DEBB021;"'2021-11-25 04:00'";12;55;7;12;3;good
DEBB021;"'2021-11-25 05:00'";18;53;8;17;3;moderate
DEBB021;"'2021-11-25 06:00'";22;51;9;20;3;moderate
DEBB021;"'2021-11-25 07:00'";23;45;13;21;3;moderate
DEBB021;"'2021-11-25 08:00'";24;35;21;22;3;moderate
DEBB021;"'2021-11-25 09:00'";25;33;22;21;4;moderate
DEBB021;"'2021-11-25 10:00'";24;32;21;22;4;moderate
DEBB021;"'2021-11-25 11:00'";24;31;22;21;4;moderate
DEBB021;"'2021-11-25 12:00'";26;32;18;22;4;moderate
DEBB021;"'2021-11-25 13:00'";27;29;18;22;4;moderate
DEBB021;"'2021-11-25 14:00'";26;28;24;22;4;moderate
DEBB021;"'2021-11-25 15:00'";23;35;18;20;4;moderate
DEBB021;"'2021-11-25 16:00'";21;35;19;19;4;moderate
DEBB021;"'2021-11-25 17:00'";22;29;24;19;3;moderate
DEBB021;"'2021-11-25 18:00'";21;29;23;18;3;moderate
DEBB021;"'2021-11-25 19:00'";20;33;19;18;3;moderate
DEBB021;"'2021-11-25 20:00'";18;41;13;16;3;moderate
DEBB021;"'2021-11-25 21:00'";18;39;18;17;3;moderate
DEBB021;"'2021-11-25 22:00'";20;34;19;19;3;moderate
DEBB021;"'2021-11-25 23:00'";20;38;17;18;3;moderate
DEBB021;"'2021-11-25 24:00'";17;44;13;16;3;moderate
DEBB021;"'2021-11-26 01:00'";17;44;13;16;3;moderate
DEBB021;"'2021-11-26 02:00'";17;45;13;15;3;good
DEBB021;"'2021-11-26 03:00'";18;44;14;15;3;good
DEBB021;"'2021-11-26 04:00'";18;44;13;15;3;good
DEBB021;"'2021-11-26 05:00'";19;43;13;16;3;moderate
DEBB021;"'2021-11-26 06:00'";18;42;13;15;3;good
DEBB021;"'2021-11-26 07:00'";17;39;17;14;3;good
DEBB021;"'2021-11-26 08:00'";16;42;19;13;3;good
DEBB021;"'2021-11-26 09:00'";16;40;18;12;3;good
DEBB021;"'2021-11-26 10:00'";18;33;18;14;3;good
DEBB021;"'2021-11-26 11:00'";20;36;17;15;3;good
DEBB021;"'2021-11-26 12:00'";19;36;17;14;3;good
DEBB021;"'2021-11-26 13:00'";18;37;15;14;3;good
DEBB021;"'2021-11-26 14:00'";15;48;14;11;3;good
DEBB021;"'2021-11-26 15:00'";15;45;15;12;3;good
DEBB021;"'2021-11-26 16:00'";14;39;18;11;3;good
DEBB021;"'2021-11-26 17:00'";13;36;21;10;4;good
DEBB021;"'2021-11-26 18:00'";11;41;18;9;3;good
DEBB021;"'2021-11-26 19:00'";9;43;17;7;3;good
DEBB021;"'2021-11-26 20:00'";9;43;14;8;3;good
DEBB021;"'2021-11-26 21:00'";10;39;14;8;3;good
DEBB021;"'2021-11-26 22:00'";10;35;15;9;3;good
DEBB021;"'2021-11-26 23:00'";11;36;13;10;3;good
DEBB021;"'2021-11-26 24:00'";12;35;12;11;3;good
DEBB021;"'2021-11-27 01:00'";12;34;12;12;3;good
DEBB021;"'2021-11-27 02:00'";13;33;13;12;3;good
DEBB021;"'2021-11-27 03:00'";12;32;13;11;3;good
DEBB021;"'2021-11-27 04:00'";13;30;14;12;3;good
DEBB021;"'2021-11-27 05:00'";14;26;18;13;3;good
DEBB021;"'2021-11-27 06:00'";13;26;18;13;3;good
DEBB021;"'2021-11-27 07:00'";13;25;21;12;3;good
DEBB021;"'2021-11-27 08:00'";13;24;21;13;3;good
DEBB021;"'2021-11-27 09:00'";14;22;22;13;3;good
DEBB021;"'2021-11-27 10:00'";15;26;17;14;3;good
DEBB021;"'2021-11-27 11:00'";16;29;19;15;4;good
DEBB021;"'2021-11-27 12:00'";17;28;20;16;4;moderate
DEBB021;"'2021-11-27 13:00'";18;26;21;17;4;moderate
DEBB021;"'2021-11-27 14:00'";17;29;16;16;3;moderate
DEBB021;"'2021-11-27 15:00'";18;27;16;17;3;moderate
DEBB021;"'2021-11-27 16:00'";17;25;19;16;3;moderate
DEBB021;"'2021-11-27 17:00'";16;27;17;15;3;good
DEBB021;"'2021-11-27 18:00'";15;25;18;15;3;good
DEBB021;"'2021-11-27 19:00'";16;21;20;16;3;moderate
DEBB021;"'2021-11-27 20:00'";18;16;24;18;3;moderate
DEBB021;"'2021-11-27 21:00'";19;12;26;19;3;moderate
DEBB021;"'2021-11-27 22:00'";20;10;27;20;3;moderate
DEBB021;"'2021-11-27 23:00'";17;16;19;16;3;moderate
DEBB021;"'2021-11-27 24:00'";16;16;19;15;3;good
DEBB021;"'2021-11-28 01:00'";14;19;16;14;3;good
DEBB021;"'2021-11-28 02:00'";13;21;15;13;3;good
DEBB021;"'2021-11-28 03:00'";13;17;18;13;3;good
DEBB021;"'2021-11-28 04:00'";12;26;13;12;3;good
DEBB021;"'2021-11-28 05:00'";11;31;11;11;3;good
DEBB021;"'2021-11-28 06:00'";11;28;11;11;3;good
DEBB021;"'2021-11-28 07:00'";12;24;11;12;3;good
DEBB021;"'2021-11-28 08:00'";12;24;12;12;3;good
DEBB021;"'2021-11-28 09:00'";13;23;12;12;2;good
DEBB021;"'2021-11-28 10:00'";13;28;11;12;2;good
DEBB021;"'2021-11-28 11:00'";14;32;11;13;3;good
DEBB021;"'2021-11-28 12:00'";14;38;12;13;3;good
DEBB021;"'2021-11-28 13:00'";14;44;11;12;3;good
DEBB021;"'2021-11-28 14:00'";14;44;11;12;3;good
DEBB021;"'2021-11-28 15:00'";14;45;12;12;3;good
DEBB021;"'2021-11-28 16:00'";14;35;19;12;3;good
DEBB021;"'2021-11-28 17:00'";16;22;25;15;3;good
DEBB021;"'2021-11-28 18:00'";19;22;18;17;3;moderate
DEBB021;"'2021-11-28 19:00'";19;19;20;18;3;moderate
DEBB021;"'2021-11-28 20:00'";17;21;22;16;3;moderate
DEBB021;"'2021-11-28 21:00'";16;29;19;15;3;good
DEBB021;"'2021-11-28 22:00'";19;20;23;18;3;moderate
DEBB021;"'2021-11-28 23:00'";19;20;22;18;3;moderate
DEBB021;"'2021-11-28 24:00'";16;21;16;15;3;good
DEBB021;"'2021-11-29 01:00'";15;23;14;15;3;good
DEBB021;"'2021-11-29 02:00'";17;23;14;17;2;moderate
DEBB021;"'2021-11-29 03:00'";18;25;12;17;2;moderate
DEBB021;"'2021-11-29 04:00'";18;26;13;18;2;moderate
DEBB021;"'2021-11-29 05:00'";19;24;14;19;2;moderate
DEBB021;"'2021-11-29 06:00'";20;18;16;19;3;moderate
DEBB021;"'2021-11-29 07:00'";21;16;18;20;2;moderate
DEBB021;"'2021-11-29 08:00'";20;15;20;19;2;moderate
DEBB021;"'2021-11-29 09:00'";21;17;18;20;2;moderate
DEBB021;"'2021-11-29 10:00'";19;22;16;18;2;moderate
DEBB021;"'2021-11-29 11:00'";19;25;15;17;2;moderate
DEBB021;"'2021-11-29 12:00'";16;27;13;15;2;good
DEBB021;"'2021-11-29 13:00'";14;28;11;14;2;good
DEBB021;"'2021-11-29 14:00'";10;32;10;10;2;good
DEBB021;"'2021-11-29 15:00'";9;35;10;9;2;good
DEBB021;"'2021-11-29 16:00'";9;31;13;9;2;good
DEBB021;"'2021-11-29 17:00'";11;29;14;10;2;good
DEBB021;"'2021-11-29 18:00'";12;27;14;11;2;good
DEBB021;"'2021-11-29 19:00'";12;25;14;11;2;good
DEBB021;"'2021-11-29 20:00'";14;24;14;13;2;good
DEBB021;"'2021-11-29 21:00'";10;27;12;10;2;good
DEBB021;"'2021-11-29 22:00'";12;30;11;12;2;good
DEBB021;"'2021-11-29 23:00'";9;33;10;9;2;good
DEBB021;"'2021-11-29 24:00'";7;38;8;7;2;good
DEBB021;"'2021-11-30 01:00'";9;33;10;9;2;good
DEBB021;"'2021-11-30 02:00'";10;29;10;10;3;good
DEBB021;"'2021-11-30 03:00'";11;27;10;11;2;good
DEBB021;"'2021-11-30 04:00'";14;26;10;13;3;good
DEBB021;"'2021-11-30 05:00'";14;30;10;14;3;good
DEBB021;"'2021-11-30 06:00'";11;37;10;11;3;good
DEBB021;"'2021-11-30 07:00'";9;38;11;8;3;good
DEBB021;"'2021-11-30 08:00'";8;38;14;8;3;good
DEBB021;"'2021-11-30 09:00'";7;43;12;6;3;good
DEBB021;"'2021-11-30 10:00'";6;46;14;6;3;good
DEBB021;"'2021-11-30 11:00'";4;47;14;4;3;good
DEBB021;"'2021-11-30 12:00'";3;45;15;2;3;good
DEBB021;"'2021-11-30 13:00'";2;45;14;2;3;good
DEBB021;"'2021-11-30 14:00'";3;62;11;3;3;good
DEBB021;"'2021-11-30 15:00'";5;71;10;4;3;good
DEBB021;"'2021-11-30 16:00'";6;76;9;5;3;moderate
DEBB021;"'2021-11-30 17:00'";7;77;9;5;3;moderate
DEBB021;"'2021-11-30 18:00'";7;76;8;5;3;moderate
DEBB021;"'2021-11-30 19:00'";8;75;7;6;3;moderate
DEBB021;"'2021-11-30 20:00'";7;73;7;5;3;moderate
DEBB021;"'2021-11-30 21:00'";6;71;7;4;3;good
DEBB021;"'2021-11-30 22:00'";6;69;6;4;3;good
DEBB021;"'2021-11-30 23:00'";5;67;5;4;3;good
DEBB021;"'2021-11-30 24:00'";6;62;7;4;3;good
DEBB021;"'2021-12-01 01:00'";8;56;11;5;3;good
DEBB021;"'2021-12-01 02:00'";8;54;11;5;3;good
DEBB021;"'2021-12-01 03:00'";8;52;10;5;3;good
DEBB021;"'2021-12-01 04:00'";7;48;10;5;3;good
DEBB021;"'2021-12-01 05:00'";7;44;13;5;3;good
DEBB021;"'2021-12-01 06:00'";5;49;10;4;3;good
DEBB021;"'2021-12-01 07:00'";4;45;14;3;3;good
DEBB021;"'2021-12-01 08:00'";3;46;15;3;3;good
DEBB021;"'2021-12-01 09:00'";4;35;16;3;3;good
DEBB021;"'2021-12-01 10:00'";2;40;12;2;3;good
DEBB021;"'2021-12-01 11:00'";2;47;10;2;3;good
DEBB021;"'2021-12-01 12:00'";3;49;11;2;3;good
DEBB021;"'2021-12-01 13:00'";2;49;11;2;2;good
DEBB021;"'2021-12-01 14:00'";2;53;11;2;2;good
DEBB021;"'2021-12-01 15:00'";2;54;12;2;2;good
DEBB021;"'2021-12-01 16:00'";1;54;12;1;2;good
DEBB021;"'2021-12-01 17:00'";0.8;55;10;0.8;2;good
DEBB021;"'2021-12-01 18:00'";0.8;56;9;0.8;2;good
DEBB021;"'2021-12-01 19:00'";1;56;7;0.8;2;good
DEBB021;"'2021-12-01 20:00'";1;56;7;0.8;2;good
DEBB021;"'2021-12-01 21:00'";2;58;7;2;2;good
DEBB021;"'2021-12-01 22:00'";2;63;7;2;2;good
DEBB021;"'2021-12-01 23:00'";3;68;5;2;3;good
DEBB021;"'2021-12-01 24:00'";3;67;4;2;2;good
DEBB021;"'2021-12-02 01:00'";3;67;4;1;2;good
DEBB021;"'2021-12-02 02:00'";2;67;4;0.8;2;good
DEBB021;"'2021-12-02 03:00'";0.8;68;4;0.8;2;good
DEBB021;"'2021-12-02 04:00'";0.8;68;4;0.8;2;good
DEBB021;"'2021-12-02 05:00'";0.8;68;4;0.8;2;good
DEBB021;"'2021-12-02 06:00'";0.8;68;4;0.8;2;good
DEBB021;"'2021-12-02 07:00'";1;68;5;0.8;2;good
DEBB021;"'2021-12-02 08:00'";2;62;8;1;3;good
DEBB021;"'2021-12-02 09:00'";2;63;7;2;2;good
DEBB021;"'2021-12-02 10:00'";2;65;7;1;3;good
DEBB021;"'2021-12-02 11:00'";2;67;7;1;2;good
DEBB021;"'2021-12-02 12:00'";3;67;7;2;2;good
DEBB021;"'2021-12-02 13:00'";4;70;7;4;2;good
DEBB021;"'2021-12-02 14:00'";4;70;7;3;2;good
DEBB021;"'2021-12-02 15:00'";3;69;9;2;2;good
DEBB021;"'2021-12-02 16:00'";6;62;13;5;2;good
DEBB021;"'2021-12-02 17:00'";7;54;17;5;2;good
DEBB021;"'2021-12-02 18:00'";8;47;20;7;3;good
DEBB021;"'2021-12-02 19:00'";10;47;16;9;2;good
DEBB021;"'2021-12-02 20:00'";9;44;17;8;2;good
DEBB021;"'2021-12-02 21:00'";7;45;15;6;2;good
DEBB021;"'2021-12-02 22:00'";8;43;14;7;2;good
DEBB021;"'2021-12-02 23:00'";7;40;16;6;2;good
DEBB021;"'2021-12-02 24:00'";7;37;17;6;3;good
DEBB021;"'2021-12-03 01:00'";6;38;16;5;3;good
DEBB021;"'2021-12-03 02:00'";6;39;15;5;3;good
DEBB021;"'2021-12-03 03:00'";7;36;20;6;3;good
DEBB021;"'2021-12-03 04:00'";6;46;11;5;3;good
DEBB021;"'2021-12-03 05:00'";5;47;14;4;3;good
DEBB021;"'2021-12-03 06:00'";5;50;14;4;3;good
DEBB021;"'2021-12-03 07:00'";5;48;17;4;3;good
DEBB021;"'2021-12-03 08:00'";6;50;15;5;3;good
DEBB021;"'2021-12-03 09:00'";7;46;21;6;3;good
DEBB021;"'2021-12-03 10:00'";6;51;16;5;3;good
DEBB021;"'2021-12-03 11:00'";6;57;13;5;3;good
DEBB021;"'2021-12-03 12:00'";6;58;14;5;3;good
DEBB021;"'2021-12-03 13:00'";6;59;13;5;3;good
DEBB021;"'2021-12-03 14:00'";7;55;14;6;3;good
DEBB021;"'2021-12-03 15:00'";9;54;13;8;3;good
DEBB021;"'2021-12-03 16:00'";11;48;15;9;3;good
DEBB021;"'2021-12-03 17:00'";10;47;17;9;3;good
DEBB021;"'2021-12-03 18:00'";9;49;14;8;2;good
DEBB021;"'2021-12-03 19:00'";9;50;13;8;2;good
DEBB021;"'2021-12-03 20:00'";9;51;12;8;3;good
DEBB021;"'2021-12-03 21:00'";11;49;12;9;3;good
DEBB021;"'2021-12-03 22:00'";10;50;10;9;3;good
DEBB021;"'2021-12-03 23:00'";9;53;9;9;3;good
DEBB021;"'2021-12-03 24:00'";9;55;7;8;2;good
DEBB021;"'2021-12-04 01:00'";8;54;7;8;2;good
DEBB021;"'2021-12-04 02:00'";9;52;7;8;2;good
DEBB021;"'2021-12-04 03:00'";9;50;7;8;2;good
DEBB021;"'2021-12-04 04:00'";8;48;7;8;3;good
DEBB021;"'2021-12-04 05:00'";8;46;8;8;3;good
DEBB021;"'2021-12-04 06:00'";9;44;9;8;3;good
DEBB021;"'2021-12-04 07:00'";11;39;11;11;3;good
DEBB021;"'2021-12-04 08:00'";13;40;11;13;3;good
DEBB021;"'2021-12-04 09:00'";10;41;11;9;3;good
DEBB021;"'2021-12-04 10:00'";10;38;13;9;3;good
DEBB021;"'2021-12-04 11:00'";12;35;15;12;3;good
DEBB021;"'2021-12-04 12:00'";13;34;17;12;3;good
DEBB021;"'2021-12-04 13:00'";12;36;14;12;3;good
DEBB021;"'2021-12-04 14:00'";13;38;13;13;3;good
DEBB021;"'2021-12-04 15:00'";14;35;14;14;3;good
DEBB021;"'2021-12-04 16:00'";13;33;17;13;3;good
DEBB021;"'2021-12-04 17:00'";15;29;19;15;3;good
DEBB021;"'2021-12-04 18:00'";17;28;20;17;3;moderate
DEBB021;"'2021-12-04 19:00'";14;32;18;14;3;good
DEBB021;"'2021-12-04 20:00'";13;36;16;13;3;good
DEBB021;"'2021-12-04 21:00'";14;39;14;13;3;good
DEBB021;"'2021-12-04 22:00'";14;40;12;14;3;good
DEBB021;"'2021-12-04 23:00'";13;41;11;13;3;good
DEBB021;"'2021-12-04 24:00'";14;38;14;14;3;good
DEBB021;"'2021-12-05 01:00'";16;35;13;16;3;moderate
DEBB021;"'2021-12-05 02:00'";18;32;16;17;3;moderate
DEBB021;"'2021-12-05 03:00'";18;29;16;18;3;moderate
DEBB021;"'2021-12-05 04:00'";17;27;16;17;3;moderate
DEBB021;"'2021-12-05 05:00'";18;28;13;18;3;moderate
DEBB021;"'2021-12-05 06:00'";18;25;14;18;3;moderate
DEBB021;"'2021-12-05 07:00'";18;22;17;18;3;moderate
DEBB021;"'2021-12-05 08:00'";19;22;15;19;3;moderate
DEBB021;"'2021-12-05 09:00'";19;21;17;19;3;moderate
DEBB021;"'2021-12-05 10:00'";18;23;15;18;3;moderate
DEBB021;"'2021-12-05 11:00'";18;20;19;18;3;moderate
DEBB021;"'2021-12-05 12:00'";29;14;24;23;3;moderate
DEBB021;"'2021-12-05 13:00'";23;14;23;22;3;moderate
DEBB021;"'2021-12-05 14:00'";26;13;23;24;3;moderate
DEBB021;"'2021-12-05 15:00'";22;13;24;22;3;moderate
DEBB021;"'2021-12-05 16:00'";25;12;25;25;3;moderate
DEBB021;"'2021-12-05 17:00'";30;14;24;30;3;moderate
DEBB021;"'2021-12-05 18:00'";29;15;22;29;3;moderate
DEBB021;"'2021-12-05 19:00'";30;14;23;30;3;moderate
DEBB021;"'2021-12-05 20:00'";30;15;21;30;3;moderate
DEBB021;"'2021-12-05 21:00'";31;17;19;31;3;poor
DEBB021;"'2021-12-05 22:00'";33;15;20;32;3;poor
DEBB021;"'2021-12-05 23:00'";34;16;18;33;3;poor
DEBB021;"'2021-12-05 24:00'";30;17;17;30;3;moderate
DEBB021;"'2021-12-06 01:00'";29;17;18;29;3;moderate
DEBB021;"'2021-12-06 02:00'";26;28;13;26;3;moderate
DEBB021;"'2021-12-06 03:00'";24;34;11;24;3;moderate
DEBB021;"'2021-12-06 04:00'";22;38;11;22;3;moderate
DEBB021;"'2021-12-06 05:00'";21;39;12;21;3;moderate
DEBB021;"'2021-12-06 06:00'";26;29;17;26;3;moderate
DEBB021;"'2021-12-06 07:00'";29;20;21;28;3;moderate
DEBB021;"'2021-12-06 08:00'";30;14;25;29;4;moderate
DEBB021;"'2021-12-06 09:00'";31;12;25;29;4;moderate
DEBB021;"'2021-12-06 10:00'";31;12;26;30;4;moderate
DEBB021;"'2021-12-06 11:00'";31;14;23;29;4;moderate
DEBB021;"'2021-12-06 12:00'";28;-;-;27;-;moderate
DEBB021;"'2021-12-06 13:00'";25;16;21;24;4;moderate
DEBB021;"'2021-12-06 14:00'";25;15;25;24;4;moderate
DEBB021;"'2021-12-06 15:00'";24;14;27;23;4;moderate
DEBB021;"'2021-12-06 16:00'";23;12;29;22;4;moderate
DEBB021;"'2021-12-06 17:00'";22;9;30;21;4;moderate
DEBB021;"'2021-12-06 18:00'";23;10;29;22;4;moderate
DEBB021;"'2021-12-06 19:00'";24;10;28;23;3;moderate
DEBB021;"'2021-12-06 20:00'";24;7;31;23;3;moderate
DEBB021;"'2021-12-06 21:00'";24;6;34;23;3;moderate
DEBB021;"'2021-12-06 22:00'";24;7;29;23;3;moderate
DEBB021;"'2021-12-06 23:00'";25;8;25;24;3;moderate
DEBB021;"'2021-12-06 24:00'";23;18;17;23;3;moderate
DEBB021;"'2021-12-07 01:00'";24;21;15;22;3;moderate
DEBB021;"'2021-12-07 02:00'";20;17;16;19;3;moderate
DEBB021;"'2021-12-07 03:00'";20;18;14;20;3;moderate
DEBB021;"'2021-12-07 04:00'";19;18;15;18;3;moderate
DEBB021;"'2021-12-07 05:00'";19;19;14;19;3;moderate
DEBB021;"'2021-12-07 06:00'";20;19;14;20;3;moderate
DEBB021;"'2021-12-07 07:00'";21;22;15;21;3;moderate
DEBB021;"'2021-12-07 08:00'";22;15;23;22;3;moderate
DEBB021;"'2021-12-07 09:00'";24;12;27;23;3;moderate
DEBB021;"'2021-12-07 10:00'";24;15;24;23;3;moderate
DEBB021;"'2021-12-07 11:00'";26;16;25;24;3;moderate
DEBB021;"'2021-12-07 12:00'";26;19;22;25;4;moderate
DEBB021;"'2021-12-07 13:00'";25;24;18;24;4;moderate
DEBB021;"'2021-12-07 14:00'";24;26;17;23;4;moderate
DEBB021;"'2021-12-07 15:00'";24;26;19;22;4;moderate
DEBB021;"'2021-12-07 16:00'";22;25;21;22;4;moderate
DEBB021;"'2021-12-07 17:00'";23;23;22;23;4;moderate
DEBB021;"'2021-12-07 18:00'";24;21;23;24;4;moderate
DEBB021;"'2021-12-07 19:00'";25;18;26;25;4;moderate
DEBB021;"'2021-12-07 20:00'";25;19;23;25;4;moderate
DEBB021;"'2021-12-07 21:00'";26;21;19;25;4;moderate
DEBB021;"'2021-12-07 22:00'";27;21;18;26;4;moderate
DEBB021;"'2021-12-07 23:00'";27;20;18;26;4;moderate
DEBB021;"'2021-12-07 24:00'";26;22;16;26;4;moderate
DEBB021;"'2021-12-08 01:00'";26;23;16;25;4;moderate
DEBB021;"'2021-12-08 02:00'";27;21;17;26;5;moderate
DEBB021;"'2021-12-08 03:00'";27;21;17;26;5;moderate
DEBB021;"'2021-12-08 04:00'";25;23;16;25;5;moderate
DEBB021;"'2021-12-08 05:00'";24;24;16;24;5;moderate
DEBB021;"'2021-12-08 06:00'";23;24;16;23;5;moderate
DEBB021;"'2021-12-08 07:00'";23;23;19;22;4;moderate
DEBB021;"'2021-12-08 08:00'";23;19;24;22;5;moderate
DEBB021;"'2021-12-08 09:00'";24;18;24;22;5;moderate
DEBB021;"'2021-12-08 10:00'";25;19;23;24;5;moderate
DEBB021;"'2021-12-08 11:00'";25;20;23;24;6;moderate
DEBB021;"'2021-12-08 12:00'";25;20;23;23;7;moderate
DEBB021;"'2021-12-08 13:00'";25;20;26;23;8;moderate
DEBB021;"'2021-12-08 14:00'";25;19;29;23;9;moderate
DEBB021;"'2021-12-08 15:00'";24;17;32;22;8;moderate
DEBB021;"'2021-12-08 16:00'";24;17;31;23;7;moderate
DEBB021;"'2021-12-08 17:00'";23;18;29;22;6;moderate
DEBB021;"'2021-12-08 18:00'";24;20;24;24;5;moderate
DEBB021;"'2021-12-08 19:00'";25;21;24;24;4;moderate
DEBB021;"'2021-12-08 20:00'";24;20;25;24;4;moderate
DEBB021;"'2021-12-08 21:00'";25;20;24;25;4;moderate
DEBB021;"'2021-12-08 22:00'";27;17;25;27;4;moderate
DEBB021;"'2021-12-08 23:00'";28;19;23;27;5;moderate
DEBB021;"'2021-12-08 24:00'";28;19;23;28;5;moderate
DEBB021;"'2021-12-09 01:00'";28;19;22;28;5;moderate
DEBB021;"'2021-12-09 02:00'";27;22;19;27;4;moderate
DEBB021;"'2021-12-09 03:00'";28;27;15;27;4;moderate
DEBB021;"'2021-12-09 04:00'";29;28;14;29;4;moderate
DEBB021;"'2021-12-09 05:00'";29;27;15;29;4;moderate
DEBB021;"'2021-12-09 06:00'";30;25;15;30;4;moderate
DEBB021;"'2021-12-09 07:00'";31;22;19;31;4;poor
DEBB021;"'2021-12-09 08:00'";31;18;22;30;4;moderate
DEBB021;"'2021-12-09 09:00'";31;15;27;30;4;moderate
DEBB021;"'2021-12-09 10:00'";31;13;29;30;4;moderate
DEBB021;"'2021-12-09 11:00'";32;15;27;31;4;poor
DEBB021;"'2021-12-09 12:00'";33;16;26;31;4;poor
DEBB021;"'2021-12-09 13:00'";33;17;25;32;4;poor
DEBB021;"'2021-12-09 14:00'";33;17;25;31;4;poor
DEBB021;"'2021-12-09 15:00'";32;17;24;31;4;poor
DEBB021;"'2021-12-09 16:00'";32;13;27;31;4;poor
DEBB021;"'2021-12-09 17:00'";35;6;34;32;4;poor
DEBB021;"'2021-12-09 18:00'";33;5;35;32;4;poor
DEBB021;"'2021-12-09 19:00'";33;5;33;31;4;poor
DEBB021;"'2021-12-09 20:00'";33;6;32;32;4;poor
DEBB021;"'2021-12-09 21:00'";34;6;29;33;3;poor
DEBB021;"'2021-12-09 22:00'";34;6;27;33;3;poor
DEBB021;"'2021-12-09 23:00'";36;6;27;34;3;poor
DEBB021;"'2021-12-09 24:00'";35;5;28;34;3;poor
DEBB021;"'2021-12-10 01:00'";35;5;27;34;3;poor
DEBB021;"'2021-12-10 02:00'";35;5;25;35;3;poor
DEBB021;"'2021-12-10 03:00'";36;5;24;35;3;poor
DEBB021;"'2021-12-10 04:00'";36;6;23;36;3;poor
DEBB021;"'2021-12-10 05:00'";37;5;23;37;3;poor
DEBB021;"'2021-12-10 06:00'";38;5;23;38;3;poor
DEBB021;"'2021-12-10 07:00'";39;5;25;38;3;poor
DEBB021;"'2021-12-10 08:00'";40;5;26;38;3;poor
DEBB021;"'2021-12-10 09:00'";43;5;25;40;3;poor
DEBB021;"'2021-12-10 10:00'";45;6;26;41;5;poor
DEBB021;"'2021-12-10 11:00'";40;7;27;38;4;poor
DEBB021;"'2021-12-10 12:00'";39;8;28;37;4;poor
DEBB021;"'2021-12-10 13:00'";37;8;29;35;3;poor
DEBB021;"'2021-12-10 14:00'";35;9;29;33;3;poor
DEBB021;"'2021-12-10 15:00'";31;10;31;30;3;moderate
DEBB021;"'2021-12-10 16:00'";31;7;35;30;3;moderate
DEBB021;"'2021-12-10 17:00'";31;5;36;30;3;moderate
DEBB021;"'2021-12-10 18:00'";29;5;35;29;3;moderate
DEBB021;"'2021-12-10 19:00'";29;5;36;28;3;moderate
DEBB021;"'2021-12-10 20:00'";28;5;36;28;3;moderate
DEBB021;"'2021-12-10 21:00'";32;5;35;26;3;moderate
DEBB021;"'2021-12-10 22:00'";29;6;35;23;3;moderate
DEBB021;"'2021-12-10 23:00'";26;7;34;20;3;moderate
DEBB021;"'2021-12-10 24:00'";27;12;27;21;3;moderate
DEBB021;"'2021-12-11 01:00'";25;15;26;20;3;moderate
DEBB021;"'2021-12-11 02:00'";22;20;22;18;3;moderate
DEBB021;"'2021-12-11 03:00'";24;18;23;19;3;moderate
DEBB021;"'2021-12-11 04:00'";22;18;23;20;3;moderate
DEBB021;"'2021-12-11 05:00'";24;17;25;20;3;moderate
DEBB021;"'2021-12-11 06:00'";22;19;22;17;3;moderate
DEBB021;"'2021-12-11 07:00'";20;18;24;16;3;moderate
DEBB021;"'2021-12-11 08:00'";20;16;26;16;3;moderate
DEBB021;"'2021-12-11 09:00'";19;16;26;15;3;good
DEBB021;"'2021-12-11 10:00'";17;19;23;14;3;good
DEBB021;"'2021-12-11 11:00'";16;17;23;13;3;good
DEBB021;"'2021-12-11 12:00'";15;20;18;13;3;good
DEBB021;"'2021-12-11 13:00'";14;21;17;14;3;good
DEBB021;"'2021-12-11 14:00'";14;16;21;14;3;good
DEBB021;"'2021-12-11 15:00'";14;15;19;14;3;good
DEBB021;"'2021-12-11 16:00'";15;12;20;15;3;good
DEBB021;"'2021-12-11 17:00'";16;13;21;16;3;moderate
DEBB021;"'2021-12-11 18:00'";17;13;22;17;3;moderate
DEBB021;"'2021-12-11 19:00'";17;13;23;17;3;moderate
DEBB021;"'2021-12-11 20:00'";16;15;23;16;3;moderate
DEBB021;"'2021-12-11 21:00'";18;18;23;18;3;moderate
DEBB021;"'2021-12-11 22:00'";20;18;23;20;3;moderate
DEBB021;"'2021-12-11 23:00'";22;15;25;22;3;moderate
DEBB021;"'2021-12-11 24:00'";23;16;22;23;3;moderate
DEBB021;"'2021-12-12 01:00'";24;15;23;24;3;moderate
DEBB021;"'2021-12-12 02:00'";25;12;24;24;3;moderate
DEBB021;"'2021-12-12 03:00'";24;14;23;24;3;moderate
DEBB021;"'2021-12-12 04:00'";24;15;22;23;3;moderate
DEBB021;"'2021-12-12 05:00'";23;19;20;23;3;moderate
DEBB021;"'2021-12-12 06:00'";23;20;19;22;3;moderate
DEBB021;"'2021-12-12 07:00'";23;18;18;23;3;moderate
DEBB021;"'2021-12-12 08:00'";23;16;20;22;3;moderate
DEBB021;"'2021-12-12 09:00'";21;21;17;21;3;moderate
DEBB021;"'2021-12-12 10:00'";20;26;15;20;3;moderate
DEBB021;"'2021-12-12 11:00'";20;26;15;20;3;moderate
DEBB021;"'2021-12-12 12:00'";20;26;16;20;3;moderate
DEBB021;"'2021-12-12 13:00'";19;26;16;19;3;moderate
DEBB021;"'2021-12-12 14:00'";18;25;17;17;3;moderate
DEBB021;"'2021-12-12 15:00'";15;26;19;14;3;good
DEBB021;"'2021-12-12 16:00'";14;26;18;14;3;good
DEBB021;"'2021-12-12 17:00'";13;30;18;12;3;good
DEBB021;"'2021-12-12 18:00'";13;34;16;12;3;good
DEBB021;"'2021-12-12 19:00'";11;34;16;10;3;good
DEBB021;"'2021-12-12 20:00'";9;34;15;9;3;good
DEBB021;"'2021-12-12 21:00'";8;34;13;8;3;good
DEBB021;"'2021-12-12 22:00'";8;34;11;8;3;good
DEBB021;"'2021-12-12 23:00'";8;30;14;8;3;good
DEBB021;"'2021-12-12 24:00'";10;26;16;10;3;good
DEBB021;"'2021-12-13 01:00'";10;24;15;10;3;good
DEBB021;"'2021-12-13 02:00'";10;22;16;10;3;good
DEBB021;"'2021-12-13 03:00'";10;22;15;10;3;good
DEBB021;"'2021-12-13 04:00'";12;24;10;11;3;good
DEBB021;"'2021-12-13 05:00'";12;23;11;10;3;good
DEBB021;"'2021-12-13 06:00'";12;19;15;10;3;good
DEBB021;"'2021-12-13 07:00'";12;14;20;10;3;good
DEBB021;"'2021-12-13 08:00'";12;10;22;11;3;good
DEBB021;"'2021-12-13 09:00'";13;7;26;11;3;good
DEBB021;"'2021-12-13 10:00'";11;7;25;8;3;good
DEBB021;"'2021-12-13 11:00'";10;8;23;8;3;good
DEBB021;"'2021-12-13 12:00'";11;8;24;9;3;good
DEBB021;"'2021-12-13 13:00'";7;9;22;6;3;good
DEBB021;"'2021-12-13 14:00'";6;7;26;6;3;good
DEBB021;"'2021-12-13 15:00'";10;6;30;8;3;good
DEBB021;"'2021-12-13 16:00'";11;18;22;10;3;good
DEBB021;"'2021-12-13 17:00'";10;21;22;9;3;good
DEBB021;"'2021-12-13 18:00'";14;20;26;13;3;good
DEBB021;"'2021-12-13 19:00'";15;10;39;13;3;moderate
DEBB021;"'2021-12-13 20:00'";14;18;30;13;3;good
DEBB021;"'2021-12-13 21:00'";14;29;16;12;3;good
DEBB021;"'2021-12-13 22:00'";14;30;16;12;3;good
DEBB021;"'2021-12-13 23:00'";15;27;17;13;3;good
DEBB021;"'2021-12-13 24:00'";14;27;15;12;3;good
DEBB021;"'2021-12-14 01:00'";14;29;13;12;3;good
DEBB021;"'2021-12-14 02:00'";14;32;11;13;3;good
DEBB021;"'2021-12-14 03:00'";13;36;10;11;3;good
DEBB021;"'2021-12-14 04:00'";11;39;9;10;3;good
DEBB021;"'2021-12-14 05:00'";10;40;9;9;3;good
DEBB021;"'2021-12-14 06:00'";11;36;11;10;3;good
DEBB021;"'2021-12-14 07:00'";11;32;16;10;3;good
DEBB021;"'2021-12-14 08:00'";11;28;18;10;3;good
DEBB021;"'2021-12-14 09:00'";12;25;19;10;3;good
DEBB021;"'2021-12-14 10:00'";12;19;27;11;3;good
DEBB021;"'2021-12-14 11:00'";12;21;24;11;3;good
DEBB021;"'2021-12-14 12:00'";12;23;22;10;3;good
DEBB021;"'2021-12-14 13:00'";11;27;19;9;3;good
DEBB021;"'2021-12-14 14:00'";12;25;23;10;3;good
DEBB021;"'2021-12-14 15:00'";12;32;20;10;3;good
DEBB021;"'2021-12-14 16:00'";14;28;24;12;3;good
DEBB021;"'2021-12-14 17:00'";16;22;27;13;3;good
DEBB021;"'2021-12-14 18:00'";16;20;27;14;3;good
DEBB021;"'2021-12-14 19:00'";17;21;24;15;3;good
DEBB021;"'2021-12-14 20:00'";19;20;23;17;3;moderate
DEBB021;"'2021-12-14 21:00'";21;20;21;19;3;moderate
DEBB021;"'2021-12-14 22:00'";24;21;19;21;3;moderate
DEBB021;"'2021-12-14 23:00'";26;20;19;24;3;moderate
DEBB021;"'2021-12-14 24:00'";23;21;19;21;3;moderate
DEBB021;"'2021-12-15 01:00'";20;19;20;19;3;moderate
DEBB021;"'2021-12-15 02:00'";19;21;17;17;3;moderate
DEBB021;"'2021-12-15 03:00'";18;24;16;17;3;moderate
DEBB021;"'2021-12-15 04:00'";16;24;13;15;3;good
DEBB021;"'2021-12-15 05:00'";14;23;13;13;3;good
DEBB021;"'2021-12-15 06:00'";13;23;14;12;3;good
DEBB021;"'2021-12-15 07:00'";13;20;17;12;3;good
DEBB021;"'2021-12-15 08:00'";13;19;17;11;3;good
DEBB021;"'2021-12-15 09:00'";11;19;18;10;3;good
DEBB021;"'2021-12-15 10:00'";11;-;19;10;3;good
DEBB021;"'2021-12-15 11:00'";10;-;20;9;3;good
DEBB021;"'2021-12-15 12:00'";11;-;21;9;3;good
DEBB021;"'2021-12-15 13:00'";9;29;18;8;3;good
DEBB021;"'2021-12-15 14:00'";9;28;21;8;3;good
DEBB021;"'2021-12-15 15:00'";10;29;21;9;3;good
DEBB021;"'2021-12-15 16:00'";11;30;20;9;3;good
DEBB021;"'2021-12-15 17:00'";9;29;20;8;3;good
DEBB021;"'2021-12-15 18:00'";11;25;24;9;3;good
DEBB021;"'2021-12-15 19:00'";11;24;25;10;3;good
DEBB021;"'2021-12-15 20:00'";11;28;22;10;3;good
DEBB021;"'2021-12-15 21:00'";11;30;21;10;3;good
DEBB021;"'2021-12-15 22:00'";12;31;18;11;3;good
DEBB021;"'2021-12-15 23:00'";13;30;18;12;4;good
DEBB021;"'2021-12-15 24:00'";15;29;17;14;4;good
DEBB021;"'2021-12-16 01:00'";16;32;14;15;3;good
DEBB021;"'2021-12-16 02:00'";17;34;13;16;3;moderate
DEBB021;"'2021-12-16 03:00'";16;42;11;15;3;good
DEBB021;"'2021-12-16 04:00'";14;50;8;13;3;good
DEBB021;"'2021-12-16 05:00'";11;55;9;10;3;good
DEBB021;"'2021-12-16 06:00'";10;56;9;9;3;good
DEBB021;"'2021-12-16 07:00'";11;52;11;10;3;good
DEBB021;"'2021-12-16 08:00'";12;45;15;11;3;good
DEBB021;"'2021-12-16 09:00'";13;42;15;12;3;good
DEBB021;"'2021-12-16 10:00'";16;40;14;13;3;good
DEBB021;"'2021-12-16 11:00'";14;41;13;13;3;good
DEBB021;"'2021-12-16 12:00'";11;42;13;10;3;good
DEBB021;"'2021-12-16 13:00'";9;47;10;9;3;good
DEBB021;"'2021-12-16 14:00'";7;51;9;6;3;good
DEBB021;"'2021-12-16 15:00'";7;51;10;7;3;good
DEBB021;"'2021-12-16 16:00'";8;46;15;7;3;good
DEBB021;"'2021-12-16 17:00'";9;36;23;8;3;good
DEBB021;"'2021-12-16 18:00'";11;35;24;10;3;good
DEBB021;"'2021-12-16 19:00'";12;30;26;11;3;good
DEBB021;"'2021-12-16 20:00'";12;31;23;11;3;good
DEBB021;"'2021-12-16 21:00'";15;34;19;14;3;good
DEBB021;"'2021-12-16 22:00'";16;35;17;15;3;good
DEBB021;"'2021-12-16 23:00'";14;37;15;13;3;good
DEBB021;"'2021-12-16 24:00'";14;42;12;13;3;good
DEBB021;"'2021-12-17 01:00'";12;46;8;11;3;good
DEBB021;"'2021-12-17 02:00'";12;48;8;11;3;good
DEBB021;"'2021-12-17 03:00'";12;52;6;11;3;good
DEBB021;"'2021-12-17 04:00'";12;55;5;11;3;good
DEBB021;"'2021-12-17 05:00'";13;55;5;12;3;good
DEBB021;"'2021-12-17 06:00'";14;54;7;12;3;good
DEBB021;"'2021-12-17 07:00'";15;49;11;13;3;good
DEBB021;"'2021-12-17 08:00'";14;49;11;12;3;good
DEBB021;"'2021-12-17 09:00'";11;52;10;10;3;good
DEBB021;"'2021-12-17 10:00'";11;52;11;9;3;good
DEBB021;"'2021-12-17 11:00'";9;57;8;7;3;good
DEBB021;"'2021-12-17 12:00'";8;58;10;7;3;good
DEBB021;"'2021-12-17 13:00'";9;57;10;7;3;good
DEBB021;"'2021-12-17 14:00'";9;56;12;7;3;good
DEBB021;"'2021-12-17 15:00'";10;55;12;8;3;good
DEBB021;"'2021-12-17 16:00'";9;52;12;7;3;good
DEBB021;"'2021-12-17 17:00'";8;50;13;7;3;good
DEBB021;"'2021-12-17 18:00'";9;47;14;8;3;good
DEBB021;"'2021-12-17 19:00'";9;49;10;8;3;good
DEBB021;"'2021-12-17 20:00'";10;45;10;8;3;good
DEBB021;"'2021-12-17 21:00'";11;49;9;9;3;good
DEBB021;"'2021-12-17 22:00'";10;48;8;9;3;good
DEBB021;"'2021-12-17 23:00'";11;51;7;10;3;good
DEBB021;"'2021-12-17 24:00'";9;45;8;8;3;good
DEBB021;"'2021-12-18 01:00'";5;48;6;5;3;good
DEBB021;"'2021-12-18 02:00'";7;44;8;7;3;good
DEBB021;"'2021-12-18 03:00'";5;40;9;4;3;good
DEBB021;"'2021-12-18 04:00'";4;38;8;4;3;good
DEBB021;"'2021-12-18 05:00'";4;34;11;4;3;good
DEBB021;"'2021-12-18 06:00'";4;31;13;4;3;good
DEBB021;"'2021-12-18 07:00'";5;35;11;5;3;good
DEBB021;"'2021-12-18 08:00'";5;37;9;5;3;good
DEBB021;"'2021-12-18 09:00'";4;35;10;4;3;good
DEBB021;"'2021-12-18 10:00'";3;35;9;3;3;good
DEBB021;"'2021-12-18 11:00'";4;39;10;4;3;good
DEBB021;"'2021-12-18 12:00'";4;39;11;4;3;good
DEBB021;"'2021-12-18 13:00'";3;45;10;2;3;good
DEBB021;"'2021-12-18 14:00'";3;46;9;3;3;good
DEBB021;"'2021-12-18 15:00'";4;44;11;4;3;good
DEBB021;"'2021-12-18 16:00'";4;46;12;4;3;good
DEBB021;"'2021-12-18 17:00'";3;52;12;3;3;good
DEBB021;"'2021-12-18 18:00'";5;54;10;5;3;good
DEBB021;"'2021-12-18 19:00'";8;56;11;8;3;good
DEBB021;"'2021-12-18 20:00'";10;57;9;9;3;good
DEBB021;"'2021-12-18 21:00'";10;56;9;9;3;good
DEBB021;"'2021-12-18 22:00'";10;57;8;9;3;good
DEBB021;"'2021-12-18 23:00'";9;64;5;8;3;good
DEBB021;"'2021-12-18 24:00'";9;65;5;8;3;good
DEBB021;"'2021-12-19 01:00'";8;69;4;7;3;good
DEBB021;"'2021-12-19 02:00'";8;67;5;8;3;good
DEBB021;"'2021-12-19 03:00'";6;68;5;6;3;good
DEBB021;"'2021-12-19 04:00'";5;67;5;5;3;good
DEBB021;"'2021-12-19 05:00'";5;64;5;4;3;good
DEBB021;"'2021-12-19 06:00'";4;64;4;4;3;good
DEBB021;"'2021-12-19 07:00'";7;63;4;6;3;good
DEBB021;"'2021-12-19 08:00'";7;62;4;6;3;good
DEBB021;"'2021-12-19 09:00'";5;63;4;4;3;good
DEBB021;"'2021-12-19 10:00'";2;65;4;1;3;good
DEBB021;"'2021-12-19 11:00'";1;64;4;1;3;good
DEBB021;"'2021-12-19 12:00'";3;63;5;3;3;good
DEBB021;"'2021-12-19 13:00'";4;65;5;4;3;good
DEBB021;"'2021-12-19 14:00'";4;62;6;4;3;good
DEBB021;"'2021-12-19 15:00'";4;61;7;4;3;good
DEBB021;"'2021-12-19 16:00'";5;62;6;4;3;good
DEBB021;"'2021-12-19 17:00'";5;61;6;5;3;good
DEBB021;"'2021-12-19 18:00'";5;61;6;5;3;good
DEBB021;"'2021-12-19 19:00'";6;59;6;5;3;good
DEBB021;"'2021-12-19 20:00'";6;58;6;5;3;good
DEBB021;"'2021-12-19 21:00'";6;58;6;5;3;good
DEBB021;"'2021-12-19 22:00'";5;59;6;4;3;good
DEBB021;"'2021-12-19 23:00'";4;59;6;3;3;good
DEBB021;"'2021-12-19 24:00'";2;61;6;2;3;good
DEBB021;"'2021-12-20 01:00'";4;56;7;3;3;good
DEBB021;"'2021-12-20 02:00'";3;57;6;2;3;good
DEBB021;"'2021-12-20 03:00'";3;59;5;2;3;good
DEBB021;"'2021-12-20 04:00'";3;59;6;2;3;good
DEBB021;"'2021-12-20 05:00'";3;57;7;3;3;good
DEBB021;"'2021-12-20 06:00'";4;54;10;3;3;good
DEBB021;"'2021-12-20 07:00'";4;52;11;3;3;good
DEBB021;"'2021-12-20 08:00'";4;47;14;3;3;good
DEBB021;"'2021-12-20 09:00'";4;39;21;3;3;good
DEBB021;"'2021-12-20 10:00'";4;43;15;4;3;good
DEBB021;"'2021-12-20 11:00'";5;45;13;4;3;good
DEBB021;"'2021-12-20 12:00'";7;48;11;6;3;good
DEBB021;"'2021-12-20 13:00'";6;50;12;5;3;good
DEBB021;"'2021-12-20 14:00'";8;50;13;6;3;good
DEBB021;"'2021-12-20 15:00'";7;49;13;6;3;good
DEBB021;"'2021-12-20 16:00'";8;45;17;7;3;good
DEBB021;"'2021-12-20 17:00'";9;42;18;7;3;good
DEBB021;"'2021-12-20 18:00'";9;39;18;8;3;good
DEBB021;"'2021-12-20 19:00'";13;33;21;12;3;good
DEBB021;"'2021-12-20 20:00'";15;29;23;13;3;good
DEBB021;"'2021-12-20 21:00'";15;27;23;14;3;good
DEBB021;"'2021-12-20 22:00'";11;19;28;10;3;good
DEBB021;"'2021-12-20 23:00'";11;21;22;10;3;good
DEBB021;"'2021-12-20 24:00'";9;29;13;9;3;good
DEBB021;"'2021-12-21 01:00'";11;26;15;9;3;good
DEBB021;"'2021-12-21 02:00'";11;24;19;9;3;good
DEBB021;"'2021-12-21 03:00'";11;24;17;9;3;good
DEBB021;"'2021-12-21 04:00'";11;23;18;10;3;good
DEBB021;"'2021-12-21 05:00'";12;19;19;11;3;good
DEBB021;"'2021-12-21 06:00'";15;17;21;14;3;good
DEBB021;"'2021-12-21 07:00'";17;14;24;15;3;good
DEBB021;"'2021-12-21 08:00'";17;13;26;16;3;moderate
DEBB021;"'2021-12-21 09:00'";20;16;22;18;3;moderate
DEBB021;"'2021-12-21 10:00'";21;19;19;19;3;moderate
DEBB021;"'2021-12-21 11:00'";22;20;19;19;3;moderate
DEBB021;"'2021-12-21 12:00'";16;27;16;15;3;good
DEBB021;"'2021-12-21 13:00'";16;30;16;15;3;good
DEBB021;"'2021-12-21 14:00'";17;30;16;16;3;moderate
DEBB021;"'2021-12-21 15:00'";18;32;16;17;3;moderate
DEBB021;"'2021-12-21 16:00'";17;34;15;16;3;moderate
DEBB021;"'2021-12-21 17:00'";16;35;16;15;3;good
DEBB021;"'2021-12-21 18:00'";15;39;14;14;3;good
DEBB021;"'2021-12-21 19:00'";16;39;14;15;3;good
DEBB021;"'2021-12-21 20:00'";15;38;14;14;3;good
DEBB021;"'2021-12-21 21:00'";12;41;12;12;3;good
DEBB021;"'2021-12-21 22:00'";12;38;12;12;3;good
DEBB021;"'2021-12-21 23:00'";12;41;10;11;3;good
DEBB021;"'2021-12-21 24:00'";13;47;9;12;3;good
DEBB021;"'2021-12-22 01:00'";15;49;9;13;2;good
DEBB021;"'2021-12-22 02:00'";14;49;9;13;3;good
DEBB021;"'2021-12-22 03:00'";12;50;9;11;3;good
DEBB021;"'2021-12-22 04:00'";9;57;8;8;3;good
DEBB021;"'2021-12-22 05:00'";10;52;11;9;3;good
DEBB021;"'2021-12-22 06:00'";13;49;11;12;3;good
DEBB021;"'2021-12-22 07:00'";14;36;23;12;3;good
DEBB021;"'2021-12-22 08:00'";14;29;24;13;3;good
DEBB021;"'2021-12-22 09:00'";15;28;23;13;3;good
DEBB021;"'2021-12-22 10:00'";17;29;22;15;3;good
DEBB021;"'2021-12-22 11:00'";22;30;22;19;4;moderate
DEBB021;"'2021-12-22 12:00'";22;33;19;20;5;moderate
DEBB021;"'2021-12-22 13:00'";22;35;21;20;5;moderate
DEBB021;"'2021-12-22 14:00'";18;38;17;17;5;moderate
DEBB021;"'2021-12-22 15:00'";19;34;20;17;5;moderate
DEBB021;"'2021-12-22 16:00'";19;32;22;17;6;moderate
DEBB021;"'2021-12-22 17:00'";19;23;30;18;7;moderate
DEBB021;"'2021-12-22 18:00'";21;15;37;19;5;moderate
DEBB021;"'2021-12-22 19:00'";22;14;36;21;4;moderate
DEBB021;"'2021-12-22 20:00'";24;15;33;22;4;moderate
DEBB021;"'2021-12-22 21:00'";24;11;34;23;3;moderate
DEBB021;"'2021-12-22 22:00'";27;6;39;25;3;moderate
DEBB021;"'2021-12-22 23:00'";26;6;37;25;3;moderate
DEBB021;"'2021-12-22 24:00'";25;6;35;23;3;moderate
DEBB021;"'2021-12-23 01:00'";23;8;33;22;3;moderate
DEBB021;"'2021-12-23 02:00'";22;7;32;21;3;moderate
DEBB021;"'2021-12-23 03:00'";21;10;27;20;3;moderate
DEBB021;"'2021-12-23 04:00'";20;12;26;19;3;moderate
DEBB021;"'2021-12-23 05:00'";21;13;26;20;3;moderate
DEBB021;"'2021-12-23 06:00'";22;15;23;22;3;moderate
DEBB021;"'2021-12-23 07:00'";24;12;27;23;3;moderate
DEBB021;"'2021-12-23 08:00'";24;11;29;23;3;moderate
DEBB021;"'2021-12-23 09:00'";25;11;29;24;3;moderate
DEBB021;"'2021-12-23 10:00'";24;12;29;23;3;moderate
DEBB021;"'2021-12-23 11:00'";22;16;29;21;4;moderate
DEBB021;"'2021-12-23 12:00'";20;22;23;19;4;moderate
DEBB021;"'2021-12-23 13:00'";20;24;21;18;4;moderate
DEBB021;"'2021-12-23 14:00'";21;23;23;17;5;moderate
DEBB021;"'2021-12-23 15:00'";22;17;28;18;5;moderate
DEBB021;"'2021-12-23 16:00'";22;15;30;19;4;moderate
DEBB021;"'2021-12-23 17:00'";21;18;29;19;4;moderate
DEBB021;"'2021-12-23 18:00'";23;21;24;22;3;moderate
DEBB021;"'2021-12-23 19:00'";23;21;23;23;3;moderate
DEBB021;"'2021-12-23 20:00'";23;18;25;23;3;moderate
DEBB021;"'2021-12-23 21:00'";25;20;23;25;3;moderate
DEBB021;"'2021-12-23 22:00'";25;21;21;25;3;moderate
DEBB021;"'2021-12-23 23:00'";26;22;20;25;3;moderate
DEBB021;"'2021-12-23 24:00'";25;22;19;24;3;moderate
DEBB021;"'2021-12-24 01:00'";25;21;19;25;3;moderate
DEBB021;"'2021-12-24 02:00'";24;19;21;24;3;moderate
DEBB021;"'2021-12-24 03:00'";21;19;22;20;3;moderate
DEBB021;"'2021-12-24 04:00'";17;22;20;16;3;moderate
DEBB021;"'2021-12-24 05:00'";13;22;19;13;3;good
DEBB021;"'2021-12-24 06:00'";9;20;19;9;3;good
DEBB021;"'2021-12-24 07:00'";5;18;21;5;3;good
DEBB021;"'2021-12-24 08:00'";4;16;21;4;3;good
DEBB021;"'2021-12-24 09:00'";3;18;19;3;3;good
DEBB021;"'2021-12-24 10:00'";4;19;18;3;3;good
DEBB021;"'2021-12-24 11:00'";3;19;17;3;3;good
DEBB021;"'2021-12-24 12:00'";2;20;18;2;3;good
DEBB021;"'2021-12-24 13:00'";2;19;17;2;3;good
DEBB021;"'2021-12-24 14:00'";0.8;14;21;0.8;3;good
DEBB021;"'2021-12-24 15:00'";3;18;24;3;3;good
DEBB021;"'2021-12-24 16:00'";7;16;26;7;3;good
DEBB021;"'2021-12-24 17:00'";5;17;26;5;3;good
DEBB021;"'2021-12-24 18:00'";5;15;27;5;3;good
DEBB021;"'2021-12-24 19:00'";9;17;27;9;3;good
DEBB021;"'2021-12-24 20:00'";6;44;12;6;3;good
DEBB021;"'2021-12-24 21:00'";2;62;6;2;3;good
DEBB021;"'2021-12-24 22:00'";2;68;6;2;3;good
DEBB021;"'2021-12-24 23:00'";2;71;5;2;3;good
DEBB021;"'2021-12-24 24:00'";2;71;5;2;3;good
DEBB021;"'2021-12-25 01:00'";2;69;5;2;2;good
DEBB021;"'2021-12-25 02:00'";2;66;7;2;3;good
DEBB021;"'2021-12-25 03:00'";2;65;6;2;2;good
DEBB021;"'2021-12-25 04:00'";1;62;7;0.8;3;good
DEBB021;"'2021-12-25 05:00'";2;56;9;2;2;good
DEBB021;"'2021-12-25 06:00'";2;44;18;2;2;good
DEBB021;"'2021-12-25 07:00'";2;40;23;1;2;good
DEBB021;"'2021-12-25 08:00'";2;36;26;2;2;good
DEBB021;"'2021-12-25 09:00'";18;43;21;18;3;moderate
DEBB021;"'2021-12-25 10:00'";7;48;17;7;3;good
DEBB021;"'2021-12-25 11:00'";3;54;13;3;3;good
DEBB021;"'2021-12-25 12:00'";5;50;14;4;3;good
DEBB021;"'2021-12-25 13:00'";4;61;11;3;3;good
DEBB021;"'2021-12-25 14:00'";4;63;12;3;3;good
DEBB021;"'2021-12-25 15:00'";4;63;12;3;3;good
DEBB021;"'2021-12-25 16:00'";3;58;14;3;3;good
DEBB021;"'2021-12-25 17:00'";4;47;21;4;3;good
DEBB021;"'2021-12-25 18:00'";6;40;27;6;3;good
DEBB021;"'2021-12-25 19:00'";8;30;33;8;3;moderate
DEBB021;"'2021-12-25 20:00'";15;8;52;14;3;moderate
DEBB021;"'2021-12-25 21:00'";20;8;48;19;3;moderate
DEBB021;"'2021-12-25 22:00'";16;10;43;15;3;moderate
DEBB021;"'2021-12-25 23:00'";13;14;34;12;3;moderate
DEBB021;"'2021-12-25 24:00'";25;7;47;24;3;moderate
DEBB021;"'2021-12-26 01:00'";20;6;46;19;3;moderate
DEBB021;"'2021-12-26 02:00'";18;6;44;18;3;moderate
DEBB021;"'2021-12-26 03:00'";17;6;40;17;3;moderate
DEBB021;"'2021-12-26 04:00'";15;6;42;15;3;moderate
DEBB021;"'2021-12-26 05:00'";16;6;42;16;3;moderate
DEBB021;"'2021-12-26 06:00'";20;7;40;20;3;moderate
DEBB021;"'2021-12-26 07:00'";18;8;40;18;3;moderate
DEBB021;"'2021-12-26 08:00'";16;12;39;15;3;moderate
DEBB021;"'2021-12-26 09:00'";15;15;38;15;3;moderate
DEBB021;"'2021-12-26 10:00'";15;29;26;14;3;good
DEBB021;"'2021-12-26 11:00'";14;34;25;14;3;good
DEBB021;"'2021-12-26 12:00'";14;39;21;13;3;good
DEBB021;"'2021-12-26 13:00'";13;42;21;12;3;good
DEBB021;"'2021-12-26 14:00'";13;48;19;10;3;good
DEBB021;"'2021-12-26 15:00'";12;51;17;9;3;good
DEBB021;"'2021-12-26 16:00'";14;46;21;10;5;good
DEBB021;"'2021-12-26 17:00'";14;43;23;12;4;good
DEBB021;"'2021-12-26 18:00'";17;41;23;16;3;moderate
DEBB021;"'2021-12-26 19:00'";20;39;23;20;3;moderate
DEBB021;"'2021-12-26 20:00'";24;39;22;23;4;moderate
DEBB021;"'2021-12-26 21:00'";28;37;22;27;4;moderate
DEBB021;"'2021-12-26 22:00'";29;37;22;28;5;moderate
DEBB021;"'2021-12-26 23:00'";29;36;23;28;5;moderate
DEBB021;"'2021-12-26 24:00'";30;33;23;30;5;moderate
DEBB021;"'2021-12-27 01:00'";30;33;23;29;6;moderate
DEBB021;"'2021-12-27 02:00'";29;34;22;29;6;moderate
DEBB021;"'2021-12-27 03:00'";31;34;21;30;6;moderate
DEBB021;"'2021-12-27 04:00'";33;33;21;32;6;poor
DEBB021;"'2021-12-27 05:00'";35;32;21;34;6;poor
DEBB021;"'2021-12-27 06:00'";38;29;24;37;6;poor
DEBB021;"'2021-12-27 07:00'";38;29;24;37;7;poor
DEBB021;"'2021-12-27 08:00'";39;27;25;38;7;poor
DEBB021;"'2021-12-27 09:00'";37;26;25;36;6;poor
DEBB021;"'2021-12-27 10:00'";34;29;23;34;7;poor
DEBB021;"'2021-12-27 11:00'";35;32;21;34;7;poor
DEBB021;"'2021-12-27 12:00'";35;33;22;34;6;poor
DEBB021;"'2021-12-27 13:00'";34;33;20;33;6;poor
DEBB021;"'2021-12-27 14:00'";33;32;21;32;6;poor
DEBB021;"'2021-12-27 15:00'";32;31;23;31;6;poor
DEBB021;"'2021-12-27 16:00'";32;28;25;31;6;poor
DEBB021;"'2021-12-27 17:00'";33;30;24;32;7;poor
DEBB021;"'2021-12-27 18:00'";35;28;25;34;7;poor
DEBB021;"'2021-12-27 19:00'";37;26;26;36;7;poor
DEBB021;"'2021-12-27 20:00'";40;25;26;39;7;poor
DEBB021;"'2021-12-27 21:00'";44;25;26;43;7;poor
DEBB021;"'2021-12-27 22:00'";46;23;28;45;8;poor
DEBB021;"'2021-12-27 23:00'";47;22;28;45;9;poor
DEBB021;"'2021-12-27 24:00'";46;22;28;45;8;poor
DEBB021;"'2021-12-28 01:00'";49;21;28;48;8;poor
DEBB021;"'2021-12-28 02:00'";52;18;31;50;7;poor
DEBB021;"'2021-12-28 03:00'";54;17;31;52;7;"very poor"
DEBB021;"'2021-12-28 04:00'";54;17;31;53;7;"very poor"
DEBB021;"'2021-12-28 05:00'";52;17;32;51;7;"very poor"
DEBB021;"'2021-12-28 06:00'";53;16;32;52;6;"very poor"
DEBB021;"'2021-12-28 07:00'";52;15;34;51;6;"very poor"
DEBB021;"'2021-12-28 08:00'";51;15;34;50;6;poor
DEBB021;"'2021-12-28 09:00'";49;15;32;49;6;poor
DEBB021;"'2021-12-28 10:00'";48;17;29;47;5;poor
DEBB021;"'2021-12-28 11:00'";45;17;28;44;5;poor
DEBB021;"'2021-12-28 12:00'";42;20;25;41;5;poor
DEBB021;"'2021-12-28 13:00'";37;19;26;36;4;poor
DEBB021;"'2021-12-28 14:00'";32;19;25;31;4;poor
DEBB021;"'2021-12-28 15:00'";29;18;27;28;4;moderate
DEBB021;"'2021-12-28 16:00'";25;18;27;25;4;moderate
DEBB021;"'2021-12-28 17:00'";23;19;26;22;4;moderate
DEBB021;"'2021-12-28 18:00'";20;21;25;19;4;moderate
DEBB021;"'2021-12-28 19:00'";17;21;24;17;4;moderate
DEBB021;"'2021-12-28 20:00'";16;24;21;15;4;good
DEBB021;"'2021-12-28 21:00'";17;23;21;17;4;moderate
DEBB021;"'2021-12-28 22:00'";18;22;20;17;3;moderate
DEBB021;"'2021-12-28 23:00'";19;20;20;18;3;moderate
DEBB021;"'2021-12-28 24:00'";18;20;17;18;3;moderate
DEBB021;"'2021-12-29 01:00'";19;17;19;19;3;moderate
DEBB021;"'2021-12-29 02:00'";17;16;19;17;3;moderate
DEBB021;"'2021-12-29 03:00'";17;13;20;17;3;moderate
DEBB021;"'2021-12-29 04:00'";18;12;20;16;3;moderate
DEBB021;"'2021-12-29 05:00'";15;16;19;14;3;good
DEBB021;"'2021-12-29 06:00'";12;21;20;11;3;good
DEBB021;"'2021-12-29 07:00'";10;25;22;10;3;good
DEBB021;"'2021-12-29 08:00'";10;30;18;10;3;good
DEBB021;"'2021-12-29 09:00'";12;28;20;10;3;good
DEBB021;"'2021-12-29 10:00'";14;26;21;13;3;good
DEBB021;"'2021-12-29 11:00'";15;25;24;15;3;good
DEBB021;"'2021-12-29 12:00'";13;27;27;12;4;good
DEBB021;"'2021-12-29 13:00'";13;25;30;12;4;good
DEBB021;"'2021-12-29 14:00'";12;36;21;12;4;good
DEBB021;"'2021-12-29 15:00'";12;34;22;12;3;good
DEBB021;"'2021-12-29 16:00'";14;33;20;14;4;good
DEBB021;"'2021-12-29 17:00'";15;26;25;14;3;good
DEBB021;"'2021-12-29 18:00'";15;27;23;15;3;good
DEBB021;"'2021-12-29 19:00'";16;19;31;14;3;moderate
DEBB021;"'2021-12-29 20:00'";18;21;26;14;3;good
DEBB021;"'2021-12-29 21:00'";18;10;34;14;3;moderate
DEBB021;"'2021-12-29 22:00'";24;12;25;20;3;moderate
DEBB021;"'2021-12-29 23:00'";32;6;31;26;3;moderate
DEBB021;"'2021-12-29 24:00'";13;10;26;12;3;good
DEBB021;"'2021-12-30 01:00'";11;11;22;10;3;good
DEBB021;"'2021-12-30 02:00'";11;24;14;11;3;good
DEBB021;"'2021-12-30 03:00'";12;26;13;11;3;good
DEBB021;"'2021-12-30 04:00'";11;29;13;11;3;good
DEBB021;"'2021-12-30 05:00'";7;32;12;7;3;good
DEBB021;"'2021-12-30 06:00'";12;33;11;11;3;good
DEBB021;"'2021-12-30 07:00'";14;33;13;13;3;good
DEBB021;"'2021-12-30 08:00'";15;32;16;12;3;good
DEBB021;"'2021-12-30 09:00'";15;29;19;13;3;good
DEBB021;"'2021-12-30 10:00'";14;29;17;12;3;good
DEBB021;"'2021-12-30 11:00'";14;30;18;12;3;good
DEBB021;"'2021-12-30 12:00'";13;26;23;11;3;good
DEBB021;"'2021-12-30 13:00'";14;28;21;11;3;good
DEBB021;"'2021-12-30 14:00'";11;33;18;9;3;good
DEBB021;"'2021-12-30 15:00'";8;37;16;7;3;good
DEBB021;"'2021-12-30 16:00'";5;36;16;5;3;good
DEBB021;"'2021-12-30 17:00'";3;38;13;3;3;good
DEBB021;"'2021-12-30 18:00'";6;41;12;6;3;good
DEBB021;"'2021-12-30 19:00'";9;43;10;9;3;good
DEBB021;"'2021-12-30 20:00'";10;44;10;9;3;good
DEBB021;"'2021-12-30 21:00'";10;45;8;9;3;good
DEBB021;"'2021-12-30 22:00'";8;43;8;8;3;good
DEBB021;"'2021-12-30 23:00'";6;42;8;6;3;good
DEBB021;"'2021-12-30 24:00'";6;43;7;6;3;good
DEBB021;"'2021-12-31 01:00'";5;43;7;5;3;good
DEBB021;"'2021-12-31 02:00'";7;44;6;6;3;good
DEBB021;"'2021-12-31 03:00'";6;43;6;5;3;good
DEBB021;"'2021-12-31 04:00'";7;43;5;7;3;good
DEBB021;"'2021-12-31 05:00'";7;41;7;6;3;good
DEBB021;"'2021-12-31 06:00'";6;42;7;5;3;good
DEBB021;"'2021-12-31 07:00'";4;48;6;3;3;good
DEBB021;"'2021-12-31 08:00'";5;48;6;4;3;good
DEBB021;"'2021-12-31 09:00'";4;47;6;4;3;good
DEBB021;"'2021-12-31 10:00'";4;50;6;3;3;good
DEBB021;"'2021-12-31 11:00'";4;47;7;3;3;good
DEBB021;"'2021-12-31 12:00'";4;45;7;3;3;good
DEBB021;"'2021-12-31 13:00'";3;44;7;3;3;good
DEBB021;"'2021-12-31 14:00'";3;45;8;3;3;good
DEBB021;"'2021-12-31 15:00'";3;48;7;3;3;good
DEBB021;"'2021-12-31 16:00'";4;50;7;3;3;good
DEBB021;"'2021-12-31 17:00'";3;50;7;3;3;good
DEBB021;"'2021-12-31 18:00'";5;50;7;4;3;good
DEBB021;"'2021-12-31 19:00'";5;48;8;5;3;good
DEBB021;"'2021-12-31 20:00'";5;49;6;4;3;good
DEBB021;"'2021-12-31 21:00'";5;47;6;5;3;good
DEBB021;"'2021-12-31 22:00'";8;48;7;7;3;good
DEBB021;"'2021-12-31 23:00'";10;47;7;10;3;good
DEBB021;"'2021-12-31 24:00'";13;45;7;12;3;good

"Source: German Environment Agency, https://www.umweltbundesamt.de/en/data/air/air-data/air-quality (Status: 21.07.2026). All times are given in the time valid at the time of measurement (CET or CEST)."
